term,日付,終値,始値,高値,安値,変化率 %
8Y,2026-02-18,1.8125,1.8036,1.8272,1.7654,-0.41%
8Y,2026-02-17,1.82,1.8559,1.8745,1.8133,-2.88%
8Y,2026-02-16,1.874,1.8629,1.9057,1.8675,-0.58%
8Y,2026-02-13,1.885,1.8669,1.9248,1.873,0.00%
8Y,2026-02-12,1.885,1.8799,1.9407,1.873,-1.70%
8Y,2026-02-11,1.9176,1.8689,1.9186,1.884,0.08%
8Y,2026-02-10,1.916,1.9219,1.951,1.89,-1.08%
8Y,2026-02-09,1.937,1.8994,1.9793,1.9059,1.04%
8Y,2026-02-06,1.917,1.8749,1.9355,1.8351,1.97%
8Y,2026-02-05,1.88,1.8769,1.9277,1.88,-1.42%
8Y,2026-02-04,1.907,1.8989,1.9403,1.8938,0.00%
8Y,2026-02-03,1.907,1.8769,1.9455,1.883,0.05%
8Y,2026-02-02,1.906,1.8907,1.9338,1.873,0.85%
8Y,2026-01-30,1.89,1.8949,1.9247,1.8783,-0.71%
8Y,2026-01-29,1.9035,1.9029,1.9385,1.8945,-0.76%
8Y,2026-01-28,1.918,1.9259,1.967,1.8923,-1.08%
8Y,2026-01-27,1.939,1.8889,1.9698,1.9021,1.86%
8Y,2026-01-26,1.9035,1.9107,1.9408,1.8749,-0.60%
8Y,2026-01-23,1.915,1.8729,1.943,1.8776,1.59%
8Y,2026-01-22,1.885,1.9249,1.9408,1.8808,-2.53%
8Y,2026-01-21,1.934,1.9589,1.985,1.9155,-2.08%
8Y,2026-01-20,1.975,1.9079,2.0231,1.9164,2.60%
8Y,2026-01-19,1.925,1.8602,1.9528,1.8654,2.67%
8Y,2026-01-16,1.875,1.8449,1.892,1.8499,0.97%
8Y,2026-01-15,1.857,1.8419,1.8845,1.8263,1.09%
8Y,2026-01-14,1.837,1.8415,1.893,1.834,-1.40%
8Y,2026-01-13,1.863,1.8289,1.8923,1.8192,1.42%
8Y,2026-01-12,1.837,1.8397,1.8698,1.837,0.60%
8Y,2026-01-09,1.826,1.76,1.8693,1.7758,2.07%
8Y,2026-01-08,1.789,1.7909,1.8139,1.7728,-1.38%
8Y,2026-01-07,1.814,1.8119,1.8528,1.808,-0.98%
8Y,2026-01-06,1.832,1.802,1.861,1.8083,0.55%
8Y,2026-01-05,1.822,1.7694,1.8595,1.7799,1.19%
8Y,2026-01-02,1.8005,1.8005,1.8005,1.8005,0.00%
8Y,2026-01-01,1.8005,1.8005,1.8005,1.8005,0.00%
8Y,2025-12-31,1.8005,1.8005,1.8005,1.8005,0.00%
8Y,2025-12-30,1.8005,1.7349,1.8093,1.7473,2.71%
8Y,2025-12-29,1.753,1.7182,1.7808,1.7407,0.40%
8Y,2025-12-26,1.746,1.7379,1.7606,1.7435,-0.57%
8Y,2025-12-25,1.756,1.7049,1.7605,1.7152,1.71%
8Y,2025-12-24,1.7265,1.7179,1.7745,1.7172,-0.35%
8Y,2025-12-23,1.7325,1.7519,1.7898,1.718,-1.81%
8Y,2025-12-22,1.7645,1.7232,1.8119,1.727,1.94%
8Y,2025-12-19,1.731,1.6739,1.7593,1.6786,2.91%
8Y,2025-12-18,1.682,1.6645,1.7095,1.6732,-0.53%
8Y,2025-12-17,1.691,1.6559,1.7203,1.6683,0.77%
8Y,2025-12-16,1.678,1.6569,1.7007,1.6628,-2.19%
8Y,2025-12-15,1.7155,1.6529,1.7155,1.6504,3.28%
8Y,2025-12-12,1.661,1.6359,1.687,1.6359,0.91%
8Y,2025-12-11,1.646,1.6364,1.673,1.6296,-0.36%
8Y,2025-12-10,1.652,1.6549,1.6843,1.6485,-0.66%
8Y,2025-12-09,1.663,1.6689,1.6973,1.648,-0.78%
8Y,2025-12-08,1.676,1.6519,1.7133,1.6595,0.78%
8Y,2025-12-05,1.663,1.6304,1.6895,1.6378,1.03%
8Y,2025-12-04,1.646,1.5919,1.6768,1.6064,2.43%
8Y,2025-12-03,1.607,1.5779,1.642,1.591,0.69%
8Y,2025-12-02,1.596,1.5759,1.6243,1.5776,0.22%
8Y,2025-12-01,1.5925,1.5289,1.6208,1.5338,3.27%
8Y,2025-11-28,1.542,1.4965,1.5585,1.5139,1.05%
8Y,2025-11-27,1.526,1.5049,1.5425,1.511,0.07%
8Y,2025-11-26,1.525,1.4954,1.55,1.5136,-0.07%
8Y,2025-11-25,1.526,1.4714,1.5398,1.4878,2.28%
8Y,2025-11-24,1.492,1.4639,1.494,1.492,-0.40%
8Y,2025-11-21,1.498,1.5009,1.526,1.4845,-1.64%
8Y,2025-11-20,1.523,1.4809,1.5575,1.48,1.87%
8Y,2025-11-19,1.495,1.4348,1.5078,1.4549,1.49%
8Y,2025-11-18,1.473,1.4419,1.4878,1.4508,1.20%
8Y,2025-11-17,1.4555,1.4292,1.4855,1.4414,0.87%
8Y,2025-11-14,1.443,1.4269,1.468,1.4236,0.07%
8Y,2025-11-13,1.442,1.4175,1.4623,1.4251,0.63%
8Y,2025-11-12,1.433,1.4249,1.4593,1.4272,0.00%
8Y,2025-11-11,1.433,1.4419,1.467,1.432,-0.97%
8Y,2025-11-10,1.447,1.4147,1.4805,1.4287,1.33%
8Y,2025-11-07,1.428,1.4085,1.4535,1.4145,0.88%
8Y,2025-11-06,1.4155,1.4089,1.4543,1.4101,-0.81%
8Y,2025-11-05,1.427,1.4059,1.4417,1.3999,0.63%
8Y,2025-11-04,1.418,1.4009,1.4453,1.412,0.00%
8Y,2025-11-03,1.418,1.3982,1.4337,1.4152,0.14%
8Y,2025-10-31,1.416,1.3859,1.434,1.3957,0.85%
8Y,2025-10-30,1.404,1.3999,1.4337,1.391,-1.68%
8Y,2025-10-29,1.428,1.3719,1.4344,1.3847,3.03%
8Y,2025-10-28,1.386,1.3999,1.4259,1.3803,-1.56%
8Y,2025-10-27,1.408,1.3909,1.4418,1.4035,0.07%
8Y,2025-10-24,1.407,1.3949,1.4252,1.394,0.07%
8Y,2025-10-23,1.406,1.3719,1.4318,1.3768,1.52%
8Y,2025-10-22,1.385,1.3899,1.4162,1.3771,-1.14%
8Y,2025-10-21,1.401,1.3949,1.428,1.387,-0.57%
8Y,2025-10-20,1.409,1.3614,1.4292,1.3657,2.10%
8Y,2025-10-17,1.38,1.3589,1.3919,1.3436,1.17%
8Y,2025-10-16,1.364,1.3413,1.4068,1.3602,-0.37%
8Y,2025-10-15,1.369,1.3349,1.3868,1.3485,1.11%
8Y,2025-10-14,1.354,1.3694,1.393,1.3455,-1.24%
8Y,2025-10-13,1.371,1.3619,1.396,1.371,0.26%
8Y,2025-10-10,1.3675,1.4079,1.4297,1.365,-3.97%
8Y,2025-10-09,1.424,1.4109,1.4457,1.4105,0.00%
8Y,2025-10-08,1.424,1.4099,1.4509,1.4167,0.07%
8Y,2025-10-07,1.423,1.4008,1.448,1.4133,-0.77%
8Y,2025-10-06,1.434,1.4132,1.45,1.3902,0.07%
8Y,2025-10-03,1.433,1.4259,1.4514,1.4179,-0.42%
8Y,2025-10-02,1.439,1.4107,1.4618,1.4151,0.28%
8Y,2025-10-01,1.435,1.4039,1.458,1.4143,0.99%
8Y,2025-09-30,1.421,1.3999,1.4448,1.396,0.71%
8Y,2025-09-29,1.411,1.3867,1.4343,1.3922,0.79%
8Y,2025-09-26,1.4,1.386,1.4324,1.3909,-0.78%
8Y,2025-09-25,1.411,1.3819,1.4358,1.393,0.75%
8Y,2025-09-24,1.4005,1.3819,1.418,1.3818,0.25%
8Y,2025-09-23,1.397,1.3819,1.397,1.3965,0.32%
8Y,2025-09-22,1.3925,1.3597,1.4167,1.3689,1.72%
8Y,2025-09-19,1.369,1.3169,1.3993,1.3345,1.11%
8Y,2025-09-18,1.354,1.3127,1.3707,1.3239,1.50%
8Y,2025-09-17,1.334,1.3134,1.3538,1.32,0.00%
8Y,2025-09-16,1.334,1.3169,1.3569,1.314,0.15%
8Y,2025-09-15,1.332,1.3117,1.3484,1.3274,0.08%
8Y,2025-09-12,1.331,1.2877,1.3464,1.3044,2.15%
8Y,2025-09-11,1.303,1.2767,1.3298,1.2864,1.02%
8Y,2025-09-10,1.2898,1.2949,1.3185,1.2855,-1.39%
8Y,2025-09-09,1.308,1.2669,1.3305,1.267,1.95%
8Y,2025-09-08,1.283,1.2669,1.3139,1.2761,-1.00%
8Y,2025-09-05,1.296,1.2969,1.3235,1.2882,-1.14%
8Y,2025-09-04,1.311,1.3419,1.357,1.3066,-3.42%
8Y,2025-09-03,1.3574,1.3409,1.3808,1.3415,0.36%
8Y,2025-09-02,1.3525,1.3409,1.3755,1.3264,-0.29%
8Y,2025-09-01,1.3565,1.3102,1.3768,1.3222,1.13%
8Y,2025-08-29,1.3413,1.3213,1.3513,1.3375,-0.83%
8Y,2025-08-28,1.3525,1.3288,1.3613,1.3513,-0.55%
8Y,2025-08-27,1.36,1.34,1.37,1.36,-0.64%
8Y,2025-08-26,1.3688,1.3163,1.375,1.3463,1.86%
8Y,2025-08-25,1.3438,1.315,1.345,1.3438,-0.09%
8Y,2025-08-22,1.345,1.31,1.3463,1.335,0.94%
8Y,2025-08-21,1.3325,1.29,1.335,1.32,1.04%
8Y,2025-08-20,1.3188,1.2913,1.335,1.3188,-0.09%
8Y,2025-08-19,1.32,1.2713,1.3275,1.3013,1.34%
8Y,2025-08-18,1.3025,1.27,1.3025,1.2925,0.19%
8Y,2025-08-15,1.3,1.2588,1.3,1.2888,0.97%
8Y,2025-08-14,1.2875,1.1988,1.2875,1.2288,4.89%
8Y,2025-08-13,1.2275,1.2088,1.2425,1.2275,-0.81%
8Y,2025-08-12,1.2375,1.1938,1.24,1.22,1.23%
8Y,2025-08-11,1.2225,1.1925,1.2225,1.2225,0.00%
8Y,2025-08-08,1.2225,1.175,1.2225,1.205,1.55%
8Y,2025-08-07,1.2038,1.19,1.22,1.2013,-1.43%
8Y,2025-08-06,1.2213,1.17,1.2238,1.2,1.88%
8Y,2025-08-05,1.1988,1.1763,1.2063,1.1863,-0.72%
8Y,2025-08-04,1.2075,1.1825,1.2188,1.1975,-0.41%
8Y,2025-08-01,1.2125,1.2475,1.2775,1.2113,-5.00%
8Y,2025-07-31,1.2763,1.2563,1.2863,1.265,-0.87%
8Y,2025-07-30,1.2875,1.245,1.2875,1.275,0.88%
8Y,2025-07-29,1.2763,1.2513,1.2888,1.2763,2.10%
8Y,2025-07-28,1.25,1.28,1.25,1.2438,3.41%
8Y,2025-07-11,1.2088,1.1825,1.21,1.2088,2.01%
8Y,2025-07-10,1.185,1.185,1.185,1.18,-0.11%
8Y,2025-07-09,1.1863,1.17,1.1875,1.1675,1.29%
8Y,2025-07-08,1.1712,1.1525,1.1712,1.1525,2.40%
8Y,2025-07-07,1.1438,1.1225,1.1463,1.1225,1.90%
8Y,2025-07-04,1.1225,1.145,1.145,1.12,-2.18%
8Y,2025-07-03,1.1475,1.13,1.1475,1.1288,1.66%
8Y,2025-07-02,1.1288,1.1125,1.1288,1.1125,1.57%
8Y,2025-07-01,1.1113,1.115,1.115,1.1025,-0.45%
8Y,2025-06-30,1.1163,1.1213,1.1263,1.1163,-0.45%
8Y,2025-06-27,1.1213,1.105,1.1213,1.105,1.36%
8Y,2025-06-26,1.1063,1.0925,1.1063,1.0925,1.37%
8Y,2025-06-25,1.0913,1.1025,1.1025,1.0763,-1.13%
8Y,2025-06-24,1.1038,1.1013,1.1063,1.095,0.12%
8Y,2025-06-23,1.1025,1.0963,1.1063,1.0963,0.57%
8Y,2025-06-20,1.0963,1.0888,1.0975,1.0825,0.81%
8Y,2025-06-19,1.0875,1.1025,1.1025,1.0875,-1.48%
8Y,2025-06-18,1.1038,1.1313,1.1388,1.1038,-2.32%
8Y,2025-06-17,1.13,1.1325,1.1588,1.1225,0.00%
8Y,2025-06-16,1.13,1.1275,1.1538,1.1275,0.22%
8Y,2025-06-13,1.1275,1.1188,1.1275,1.0925,0.11%
8Y,2025-06-12,1.1263,1.1463,1.15,1.1263,-1.63%
8Y,2025-06-11,1.145,1.1563,1.1563,1.1438,-1.08%
8Y,2025-06-10,1.1575,1.1538,1.1638,1.1538,0.43%
8Y,2025-06-09,1.1525,1.145,1.1612,1.145,0.66%
8Y,2025-06-06,1.145,1.145,1.145,1.13,-0.11%
8Y,2025-06-05,1.1463,1.1675,1.1663,1.135,-1.93%
8Y,2025-06-04,1.1688,1.1525,1.1763,1.1538,1.52%
8Y,2025-06-03,1.1513,1.16,1.16,1.1438,-0.85%
8Y,2025-06-02,1.1612,1.1463,1.1638,1.1463,1.30%
8Y,2025-05-30,1.1463,1.1388,1.1475,1.1363,0.77%
8Y,2025-05-29,1.1375,1.1588,1.1663,1.1375,-1.94%
8Y,2025-05-28,1.16,1.1225,1.1663,1.1225,3.45%
8Y,2025-05-27,1.1213,1.14,1.14,1.1025,-1.75%
8Y,2025-05-26,1.1413,1.1425,1.1413,1.1413,-0.11%
8Y,2025-05-23,1.1425,1.1925,3.495,1.1413,-4.30%
8Y,2025-05-22,1.1938,1.1725,1.2013,1.1738,1.93%
8Y,2025-05-21,1.1712,1.1675,1.1712,1.1513,0.21%
8Y,2025-05-20,1.1688,1.1463,1.1688,1.1463,2.08%
8Y,2025-05-19,1.145,1.1338,1.1538,1.1325,0.99%
8Y,2025-05-16,1.1338,1.1288,1.1338,1.1113,0.34%
8Y,2025-05-15,1.13,1.145,1.1475,1.13,-1.42%
8Y,2025-05-14,1.1463,1.1188,1.1463,1.1138,2.58%
8Y,2025-05-13,1.1175,1.0925,1.1225,1.0925,2.40%
8Y,2025-05-12,1.0913,1.0175,1.105,1.0175,7.25%
8Y,2025-05-09,1.0175,0.9925,1.0238,0.9938,2.64%
8Y,2025-05-08,0.9913,0.975,1.0013,0.9775,1.80%
8Y,2025-05-07,0.9738,0.9513,0.9788,0.9513,2.51%
8Y,2025-05-05,0.95,0.95,0.95,0.95,0.00%
8Y,2025-05-02,0.95,0.9313,0.95,0.9313,1.88%
8Y,2025-05-01,0.9325,0.955,0.955,0.9213,-2.49%
8Y,2025-04-30,0.9563,0.9863,0.9863,0.9563,-3.16%
8Y,2025-04-28,0.9875,1.015,1.015,0.9763,-2.71%
8Y,2025-04-25,1.015,0.975,1.0163,0.975,4.37%
8Y,2025-04-24,0.9725,1.0038,1.0038,0.9625,-3.23%
8Y,2025-04-23,1.005,0.95,1.0075,0.95,5.64%
8Y,2025-04-22,0.9513,0.9525,0.955,0.9488,0.00%
8Y,2025-04-21,0.9513,0.9513,0.9513,0.9513,-0.13%
8Y,2025-04-17,0.9525,0.915,0.9588,0.9163,3.95%
8Y,2025-04-16,0.9163,1.0125,1.0113,0.8988,-9.50%
8Y,2025-04-15,1.0125,0.9525,1.0175,0.9525,6.02%
8Y,2025-04-14,0.955,0.9213,0.9625,0.9213,4.09%
8Y,2025-04-11,0.9175,0.9688,0.9688,0.885,-5.41%
8Y,2025-04-10,0.97,0.87,0.9975,0.87,11.65%
8Y,2025-04-09,0.8688,0.9663,0.9663,0.0288,-10.32%
8Y,2025-04-08,0.9688,0.8525,0.9988,0.8538,13.98%
8Y,2025-04-07,0.85,0.8913,0.8925,0.805,-4.37%
8Y,2025-04-04,0.8888,1.075,0.955,0.8463,-17.23%
8Y,2025-04-03,1.0738,1.2138,1.2138,1.0663,-11.62%
8Y,2025-04-02,1.215,1.23,1.2337,1.2075,-1.32%
8Y,2025-04-01,1.2313,1.23,1.2413,1.225,0.00%
8Y,2025-03-31,1.2313,1.2788,1.2788,1.2213,-3.71%
8Y,2025-03-28,1.2788,1.3088,1.3088,1.275,-2.48%
8Y,2025-03-27,1.3113,1.325,1.3238,1.3038,-1.13%
8Y,2025-03-26,1.3263,1.3175,1.3275,1.3163,0.86%
8Y,2025-03-25,1.315,1.2988,1.3213,1.3,1.35%
8Y,2025-03-24,1.2975,1.26,1.2975,1.2613,2.98%
8Y,2025-03-21,1.26,1.2813,1.2825,1.26,-1.56%
8Y,2025-03-19,1.28,1.2575,1.2813,1.2525,1.68%
8Y,2025-03-18,1.2588,1.245,1.26,1.245,1.21%
8Y,2025-03-17,1.2438,1.2463,1.2463,1.24,-0.20%
8Y,2025-03-14,1.2463,1.27,1.27,1.2388,-1.97%
8Y,2025-03-13,1.2713,1.245,1.2825,1.245,2.42%
8Y,2025-03-12,1.2413,1.2513,1.2513,1.2313,-1.19%
8Y,2025-03-11,1.2563,1.275,1.275,1.2375,-1.66%
8Y,2025-03-10,1.2775,1.2375,1.2913,1.2375,3.23%
8Y,2025-03-07,1.2375,1.2575,1.2575,1.2375,-1.79%
8Y,2025-03-06,1.26,1.25,1.28,1.2513,0.90%
8Y,2025-03-05,1.2488,1.1975,1.2488,1.1975,4.39%
8Y,2025-03-04,1.1963,1.2175,1.2163,1.1963,-1.85%
8Y,2025-03-03,1.2188,1.1775,1.2325,1.1775,3.51%
8Y,2025-02-28,1.1775,1.2025,1.2025,1.1688,-2.18%
8Y,2025-02-27,1.2038,1.165,1.2138,1.165,3.44%
8Y,2025-02-26,1.1638,1.1488,1.1738,1.1488,1.42%
8Y,2025-02-25,1.1475,1.1938,1.1938,1.1475,-3.97%
8Y,2025-02-24,1.195,1.195,1.195,1.195,0.00%
8Y,2025-02-21,1.195,1.25,1.25,1.195,-4.50%
8Y,2025-02-20,1.2513,1.2575,1.2563,1.2337,-0.60%
8Y,2025-02-19,1.2588,1.25,1.2675,1.245,0.60%
8Y,2025-02-18,1.2513,1.2313,1.255,1.2313,1.73%
8Y,2025-02-17,1.23,1.2038,1.23,1.2038,2.18%
8Y,2025-02-14,1.2038,1.1813,1.205,1.1813,2.02%
8Y,2025-02-13,1.18,1.2063,1.2063,1.18,-2.28%
8Y,2025-02-12,1.2075,1.1513,1.2075,1.1563,5.11%
8Y,2025-02-11,1.1488,1.1488,1.1488,1.1488,0.00%
8Y,2025-02-10,1.1488,1.1612,1.1612,1.1488,-1.07%
8Y,2025-02-07,1.1612,1.135,1.1612,1.135,2.42%
8Y,2025-02-06,1.1338,1.1225,1.1338,1.1175,0.89%
8Y,2025-02-05,1.1238,1.1213,1.1288,1.1175,0.34%
8Y,2025-02-04,1.12,1.0863,1.13,1.09,3.34%
8Y,2025-02-03,1.0838,1.095,1.095,1.0788,-1.02%
8Y,2025-01-31,1.095,1.0713,1.0963,1.09,2.58%
8Y,2025-01-30,1.0675,1.0525,1.075,1.0525,1.30%
8Y,2025-01-29,1.0538,1.0613,1.0613,1.05,-0.94%
8Y,2025-01-28,1.0638,1.0588,1.0675,1.0563,0.36%
8Y,2025-01-27,1.06,1.09,1.09,1.0462,-2.75%
8Y,2025-01-24,1.09,1.07,1.0963,1.0725,1.98%
8Y,2025-01-23,1.0688,1.0525,1.0688,1.0525,1.66%
8Y,2025-01-22,1.0513,1.045,1.0613,1.045,0.72%
8Y,2025-01-21,1.0438,1.0425,1.0488,1.0425,0.24%
8Y,2025-01-20,1.0413,1.0488,1.05,1.0413,-0.72%
8Y,2025-01-17,1.0488,1.0563,1.0563,1.045,-0.82%
8Y,2025-01-16,1.0575,1.065,1.065,1.0462,-0.83%
8Y,2025-01-15,1.0663,1.0775,1.095,1.0663,-0.93%
8Y,2025-01-14,1.0763,1.075,1.0825,1.0713,0.23%
8Y,2025-01-13,1.0738,1.0738,1.0738,1.0738,0.00%
8Y,2025-01-10,1.0738,1.0338,1.0738,1.0338,4.12%
8Y,2025-01-09,1.0313,1.0488,1.0488,1.0313,-1.90%
8Y,2025-01-08,1.0513,1.0288,1.06,1.03,2.32%
8Y,2025-01-07,1.0275,1.0213,1.0275,1.0213,0.74%
8Y,2025-01-06,1.02,0.9788,1.0288,0.98,4.21%
8Y,2025-01-03,0.9788,0.9788,0.9788,0.9788,0.00%
8Y,2025-01-02,0.9788,0.9788,0.9788,0.9788,0.00%
8Y,2025-01-01,0.9788,0.9788,0.9788,0.9788,0.00%
4Y,2026-02-18,1.517,1.504,1.519,1.48,-0.86%
4Y,2026-02-17,1.53,1.549,1.566,1.516,-2.11%
4Y,2026-02-16,1.563,1.561,1.596,1.557,-0.89%
4Y,2026-02-13,1.577,1.556,1.612,1.571,0.00%
4Y,2026-02-12,1.577,1.562,1.627,1.57,-1.31%
4Y,2026-02-11,1.598,1.552,1.601,1.561,-0.19%
4Y,2026-02-10,1.601,1.594,1.623,1.574,-0.25%
4Y,2026-02-09,1.605,1.579,1.648,1.586,0.63%
4Y,2026-02-06,1.595,1.555,1.615,1.531,1.66%
4Y,2026-02-05,1.569,1.559,1.602,1.565,-0.44%
4Y,2026-02-04,1.576,1.571,1.607,1.567,-0.44%
4Y,2026-02-03,1.583,1.547,1.611,1.552,0.83%
4Y,2026-02-02,1.57,1.544,1.595,1.547,1.23%
4Y,2026-01-30,1.551,1.557,1.584,1.543,-1.40%
4Y,2026-01-29,1.573,1.568,1.596,1.562,-0.57%
4Y,2026-01-28,1.582,1.585,1.617,1.56,-1.31%
4Y,2026-01-27,1.603,1.566,1.629,1.578,1.39%
4Y,2026-01-26,1.581,1.556,1.605,1.542,0.89%
4Y,2026-01-23,1.567,1.519,1.591,1.521,2.49%
4Y,2026-01-22,1.529,1.55,1.569,1.521,-2.55%
4Y,2026-01-21,1.569,1.56,1.584,1.546,0.45%
4Y,2026-01-20,1.562,1.547,1.603,1.551,0.00%
4Y,2026-01-19,1.562,1.515,1.583,1.525,1.69%
4Y,2026-01-16,1.536,1.505,1.547,1.512,1.12%
4Y,2026-01-15,1.519,1.483,1.538,1.491,1.54%
4Y,2026-01-14,1.496,1.488,1.542,1.489,-1.25%
4Y,2026-01-13,1.515,1.479,1.536,1.484,0.66%
4Y,2026-01-12,1.505,1.512,1.542,1.488,-0.07%
4Y,2026-01-09,1.506,1.433,1.542,1.45,3.01%
4Y,2026-01-08,1.462,1.465,1.491,1.443,-1.81%
4Y,2026-01-07,1.489,1.493,1.521,1.48,-1.46%
4Y,2026-01-06,1.511,1.494,1.533,1.495,-0.07%
4Y,2026-01-05,1.512,1.462,1.534,1.478,1.41%
4Y,2026-01-02,1.491,1.491,1.491,1.491,0.00%
4Y,2026-01-01,1.491,1.491,1.491,1.491,0.00%
4Y,2025-12-31,1.491,1.491,1.491,1.491,0.00%
4Y,2025-12-30,1.491,1.434,1.501,1.445,3.33%
4Y,2025-12-29,1.443,1.39,1.469,1.42,0.49%
4Y,2025-12-26,1.436,1.419,1.448,1.431,-0.14%
4Y,2025-12-25,1.438,1.404,1.445,1.399,2.64%
4Y,2025-12-24,1.401,1.399,1.448,1.395,-0.78%
4Y,2025-12-23,1.412,1.425,1.458,1.398,-2.15%
4Y,2025-12-22,1.443,1.395,1.482,1.404,2.20%
4Y,2025-12-19,1.412,1.353,1.431,1.354,3.44%
4Y,2025-12-18,1.365,1.343,1.385,1.354,-0.36%
4Y,2025-12-17,1.37,1.343,1.393,1.352,0.51%
4Y,2025-12-16,1.363,1.335,1.382,1.344,-0.51%
4Y,2025-12-15,1.37,1.338,1.381,1.342,1.33%
4Y,2025-12-12,1.352,1.327,1.371,1.33,0.60%
4Y,2025-12-11,1.344,1.333,1.361,1.33,-0.52%
4Y,2025-12-10,1.351,1.347,1.382,1.346,-0.15%
4Y,2025-12-09,1.353,1.352,1.382,1.346,-0.59%
4Y,2025-12-08,1.361,1.335,1.386,1.344,0.59%
4Y,2025-12-05,1.353,1.303,1.367,1.314,2.04%
4Y,2025-12-04,1.326,1.283,1.344,1.295,2.24%
4Y,2025-12-03,1.297,1.275,1.321,1.286,0.31%
4Y,2025-12-02,1.293,1.276,1.315,1.279,-0.23%
4Y,2025-12-01,1.296,1.231,1.314,1.244,3.93%
4Y,2025-11-28,1.247,1.225,1.267,1.235,0.40%
4Y,2025-11-27,1.242,1.223,1.255,1.231,0.24%
4Y,2025-11-26,1.239,1.213,1.268,1.232,-0.64%
4Y,2025-11-25,1.247,1.205,1.259,1.211,2.63%
4Y,2025-11-24,1.215,1.175,1.218,1.203,0.16%
4Y,2025-11-21,1.213,1.213,1.237,1.196,-1.14%
4Y,2025-11-20,1.227,1.183,1.252,1.186,1.57%
4Y,2025-11-19,1.208,1.148,1.214,1.166,2.46%
4Y,2025-11-18,1.179,1.163,1.196,1.16,0.08%
4Y,2025-11-17,1.178,1.159,1.198,1.17,0.17%
4Y,2025-11-14,1.176,1.161,1.196,1.155,-0.17%
4Y,2025-11-13,1.178,1.156,1.193,1.162,0.34%
4Y,2025-11-12,1.174,1.159,1.194,1.165,0.26%
4Y,2025-11-11,1.171,1.175,1.201,1.167,-1.60%
4Y,2025-11-10,1.19,1.158,1.211,1.176,1.10%
4Y,2025-11-07,1.177,1.156,1.198,1.167,0.77%
4Y,2025-11-06,1.168,1.155,1.199,1.161,-0.76%
4Y,2025-11-05,1.177,1.152,1.191,1.154,0.43%
4Y,2025-11-04,1.172,1.15,1.194,1.163,0.09%
4Y,2025-11-03,1.171,1.144,1.183,1.165,0.17%
4Y,2025-10-31,1.169,1.14,1.183,1.152,0.86%
4Y,2025-10-30,1.159,1.164,1.19,1.15,-2.19%
4Y,2025-10-29,1.185,1.132,1.194,1.145,2.95%
4Y,2025-10-28,1.151,1.153,1.176,1.141,-1.03%
4Y,2025-10-27,1.163,1.139,1.19,1.157,0.00%
4Y,2025-10-24,1.163,1.14,1.18,1.15,-0.34%
4Y,2025-10-23,1.167,1.129,1.183,1.135,2.73%
4Y,2025-10-22,1.136,1.142,1.175,1.132,-1.56%
4Y,2025-10-21,1.154,1.155,1.181,1.145,-1.20%
4Y,2025-10-20,1.168,1.122,1.186,1.126,2.64%
4Y,2025-10-17,1.138,1.117,1.153,1.104,1.52%
4Y,2025-10-16,1.121,1.087,1.158,1.107,0.81%
4Y,2025-10-15,1.112,1.077,1.13,1.09,1.83%
4Y,2025-10-14,1.092,1.11,1.134,1.084,-1.44%
4Y,2025-10-13,1.108,1.1,1.13,1.108,-0.36%
4Y,2025-10-10,1.112,1.148,1.167,1.103,-4.96%
4Y,2025-10-09,1.17,1.15,1.187,1.153,0.52%
4Y,2025-10-08,1.164,1.14,1.186,1.152,0.52%
4Y,2025-10-07,1.158,1.139,1.174,1.143,0.09%
4Y,2025-10-06,1.157,1.157,1.193,1.112,-1.87%
4Y,2025-10-03,1.179,1.174,1.193,1.166,-0.25%
4Y,2025-10-02,1.182,1.17,1.204,1.169,-0.42%
4Y,2025-10-01,1.187,1.171,1.209,1.177,-0.25%
4Y,2025-09-30,1.19,1.164,1.21,1.171,0.85%
4Y,2025-09-29,1.18,1.151,1.198,1.159,1.11%
4Y,2025-09-26,1.167,1.173,1.201,1.158,-1.77%
4Y,2025-09-25,1.188,1.154,1.207,1.165,0.85%
4Y,2025-09-24,1.178,1.156,1.188,1.153,1.20%
4Y,2025-09-23,1.164,1.151,1.168,1.164,0.52%
4Y,2025-09-22,1.158,1.124,1.183,1.138,1.31%
4Y,2025-09-19,1.143,1.104,1.163,1.1,1.78%
4Y,2025-09-18,1.123,1.077,1.131,1.086,2.00%
4Y,2025-09-17,1.101,1.076,1.112,1.083,0.82%
4Y,2025-09-16,1.092,1.073,1.112,1.07,-0.27%
4Y,2025-09-15,1.095,1.068,1.105,1.089,0.64%
4Y,2025-09-12,1.088,1.052,1.105,1.064,2.16%
4Y,2025-09-11,1.065,1.037,1.085,1.047,1.24%
4Y,2025-09-10,1.052,1.046,1.076,1.045,-0.85%
4Y,2025-09-09,1.061,1.009,1.078,1.018,2.91%
4Y,2025-09-08,1.031,1.009,1.055,1.025,-1.25%
4Y,2025-09-05,1.044,1.044,1.069,1.034,-1.04%
4Y,2025-09-04,1.055,1.067,1.084,1.048,-2.68%
4Y,2025-09-03,1.084,1.077,1.105,1.073,-0.28%
4Y,2025-09-02,1.087,1.075,1.11,1.071,-1.09%
4Y,2025-09-01,1.099,1.059,1.116,1.077,0.83%
4Y,2025-08-29,1.09,1.066,1.096,1.086,-0.82%
4Y,2025-08-28,1.099,1.073,1.105,1.098,-0.45%
4Y,2025-08-27,1.104,1.084,1.115,1.104,-0.81%
4Y,2025-08-26,1.113,1.065,1.118,1.095,1.74%
4Y,2025-08-25,1.094,1.065,1.095,1.094,-0.09%
4Y,2025-08-22,1.095,1.059,1.096,1.088,1.11%
4Y,2025-08-21,1.083,1.041,1.083,1.071,1.21%
4Y,2025-08-20,1.07,1.039,1.081,1.069,0.19%
4Y,2025-08-19,1.068,1.026,1.075,1.056,1.23%
4Y,2025-08-18,1.055,1.024,1.055,1.047,0.09%
4Y,2025-08-15,1.054,1.018,1.054,1.047,0.76%
4Y,2025-08-14,1.046,0.96,1.046,0.99,5.76%
4Y,2025-08-13,0.989,0.968,1.001,0.989,-0.70%
4Y,2025-08-12,0.996,0.956,0.996,0.981,0.81%
4Y,2025-08-11,0.988,0.958,0.988,0.988,0.00%
4Y,2025-08-08,0.988,0.939,0.988,0.969,2.07%
4Y,2025-08-07,0.968,0.955,0.985,0.966,-1.83%
4Y,2025-08-06,0.986,0.929,0.989,0.959,2.92%
4Y,2025-08-05,0.958,0.928,0.958,0.949,-0.10%
4Y,2025-08-04,0.959,0.939,0.97,0.95,-1.03%
4Y,2025-08-01,0.969,0.999,1.029,0.959,-5.74%
4Y,2025-07-31,1.028,1.003,1.033,1.016,-0.58%
4Y,2025-07-30,1.034,1.003,1.034,1.026,0.00%
4Y,2025-07-29,1.034,1.009,1.041,1.034,2.38%
4Y,2025-07-28,1.01,1.036,1.01,1.005,5.21%
4Y,2025-07-11,0.96,0.936,0.961,0.96,2.67%
4Y,2025-07-10,0.935,0.934,0.935,0.931,0.00%
4Y,2025-07-09,0.935,0.915,0.936,0.915,2.32%
4Y,2025-07-08,0.914,0.897,0.914,0.896,1.95%
4Y,2025-07-07,0.896,0.887,0.897,0.886,0.99%
4Y,2025-07-04,0.887,0.91,0.909,0.885,-2.34%
4Y,2025-07-03,0.909,0.901,0.909,0.895,0.70%
4Y,2025-07-02,0.902,0.894,0.902,0.894,1.12%
4Y,2025-07-01,0.892,0.892,0.892,0.886,-0.15%
4Y,2025-06-30,0.894,0.894,0.901,0.894,0.00%
4Y,2025-06-27,0.894,0.882,0.895,0.881,1.13%
4Y,2025-06-26,0.884,0.871,0.884,0.871,1.73%
4Y,2025-06-25,0.869,0.874,0.873,0.856,-0.71%
4Y,2025-06-24,0.875,0.873,0.877,0.869,0.14%
4Y,2025-06-23,0.874,0.87,0.877,0.868,0.44%
4Y,2025-06-20,0.87,0.859,0.87,0.853,1.46%
4Y,2025-06-19,0.858,0.871,0.871,0.858,-1.72%
4Y,2025-06-18,0.873,0.895,0.897,0.873,-2.38%
4Y,2025-06-17,0.894,0.909,0.926,0.886,-1.51%
4Y,2025-06-16,0.908,0.901,0.928,0.901,0.69%
4Y,2025-06-13,0.901,0.891,0.901,0.871,0.99%
4Y,2025-06-12,0.892,0.908,0.91,0.892,-1.52%
4Y,2025-06-11,0.906,0.918,0.918,0.905,-1.36%
4Y,2025-06-10,0.919,0.924,0.926,0.919,-0.40%
4Y,2025-06-09,0.923,0.919,0.931,0.919,0.40%
4Y,2025-06-06,0.919,0.919,0.92,0.906,0.14%
4Y,2025-06-05,0.918,0.925,0.925,0.902,-0.95%
4Y,2025-06-04,0.926,0.919,0.929,0.919,0.96%
4Y,2025-06-03,0.918,0.92,0.92,0.911,-0.41%
4Y,2025-06-02,0.921,0.91,0.923,0.91,1.24%
4Y,2025-05-30,0.91,0.897,0.91,0.899,1.53%
4Y,2025-05-29,0.896,0.921,0.925,0.896,-2.84%
4Y,2025-05-28,0.923,0.895,0.929,0.895,3.21%
4Y,2025-05-27,0.894,0.884,0.894,0.881,1.28%
4Y,2025-05-26,0.882,0.882,0.882,0.882,0.00%
4Y,2025-05-23,0.882,0.911,4.762,0.882,-3.29%
4Y,2025-05-22,0.913,0.906,0.918,0.899,0.83%
4Y,2025-05-21,0.905,0.906,0.906,0.889,-0.28%
4Y,2025-05-20,0.908,0.895,0.908,0.89,1.53%
4Y,2025-05-19,0.894,0.892,0.9,0.885,0.15%
4Y,2025-05-16,0.892,0.885,0.892,0.87,0.98%
4Y,2025-05-15,0.884,0.896,0.896,0.884,-1.67%
4Y,2025-05-14,0.899,0.88,0.899,0.868,1.99%
4Y,2025-05-13,0.881,0.86,0.885,0.86,2.62%
4Y,2025-05-12,0.859,0.786,0.861,0.786,9.22%
4Y,2025-05-09,0.786,0.771,0.79,0.772,1.79%
4Y,2025-05-08,0.772,0.757,0.779,0.76,2.14%
4Y,2025-05-07,0.756,0.743,0.761,0.743,2.02%
4Y,2025-05-05,0.741,0.741,0.741,0.741,0.00%
4Y,2025-05-02,0.741,0.736,0.746,0.73,0.52%
4Y,2025-05-01,0.738,0.764,0.764,0.728,-3.59%
4Y,2025-04-30,0.765,0.79,0.79,0.762,-3.32%
4Y,2025-04-28,0.791,0.804,0.803,0.784,-1.56%
4Y,2025-04-25,0.804,0.769,0.804,0.769,4.73%
4Y,2025-04-24,0.767,0.803,0.803,0.759,-4.52%
4Y,2025-04-23,0.804,0.746,0.806,0.746,7.89%
4Y,2025-04-22,0.745,0.745,0.749,0.745,0.16%
4Y,2025-04-21,0.744,0.744,0.744,0.744,-0.16%
4Y,2025-04-17,0.745,0.711,0.751,0.712,4.56%
4Y,2025-04-16,0.712,0.779,0.777,0.696,-8.22%
4Y,2025-04-15,0.776,0.702,0.78,0.702,10.30%
4Y,2025-04-14,0.704,0.675,0.715,0.675,4.27%
4Y,2025-04-11,0.675,0.755,0.755,0.65,-10.75%
4Y,2025-04-10,0.756,0.646,0.771,0.649,17.26%
4Y,2025-04-09,0.645,0.79,0.789,0.644,-18.49%
4Y,2025-04-08,0.791,0.695,0.799,0.696,14.27%
4Y,2025-04-07,0.692,0.736,0.736,0.659,-5.95%
4Y,2025-04-04,0.736,0.901,0.901,0.69,-18.08%
4Y,2025-04-03,0.899,1.011,1.011,0.895,-11.23%
4Y,2025-04-02,1.013,1.028,1.028,1.008,-1.58%
4Y,2025-04-01,1.029,1.031,1.035,1.024,-0.12%
4Y,2025-03-31,1.03,1.072,1.072,1.023,-3.96%
4Y,2025-03-28,1.072,1.1,1.1,1.07,-2.38%
4Y,2025-03-27,1.099,1.111,1.111,1.094,-1.24%
4Y,2025-03-26,1.112,1.101,1.114,1.101,1.14%
4Y,2025-03-25,1.1,1.08,1.106,1.081,1.97%
4Y,2025-03-24,1.079,1.049,1.08,1.049,2.86%
4Y,2025-03-21,1.049,1.055,1.06,1.049,-0.47%
4Y,2025-03-19,1.054,1.025,1.061,1.023,2.68%
4Y,2025-03-18,1.026,1.008,1.028,1.008,1.73%
4Y,2025-03-17,1.009,1.018,1.018,1.005,-0.86%
4Y,2025-03-14,1.018,1.048,1.048,1.011,-3.10%
4Y,2025-03-13,1.05,1.019,1.059,1.019,2.94%
4Y,2025-03-12,1.02,1.031,1.028,1.013,-1.21%
4Y,2025-03-11,1.033,1.059,1.059,1.018,-2.59%
4Y,2025-03-10,1.06,1.025,1.071,1.025,3.41%
4Y,2025-03-07,1.025,1.038,1.038,1.025,-1.33%
4Y,2025-03-06,1.039,1.036,1.055,1.036,0.61%
4Y,2025-03-05,1.033,0.994,1.033,0.994,3.77%
4Y,2025-03-04,0.995,1.015,1.015,0.995,-2.10%
4Y,2025-03-03,1.016,0.983,1.028,0.984,3.44%
4Y,2025-02-28,0.983,1.008,1.006,0.976,-2.37%
4Y,2025-02-27,1.006,0.966,1.015,0.969,4.01%
4Y,2025-02-26,0.967,0.96,0.979,0.96,0.91%
4Y,2025-02-25,0.959,0.988,0.988,0.959,-3.03%
4Y,2025-02-24,0.989,0.989,0.989,0.989,0.00%
4Y,2025-02-21,0.989,1.04,1.04,0.989,-5.04%
4Y,2025-02-20,1.041,1.045,1.045,1.025,-0.47%
4Y,2025-02-19,1.046,1.04,1.053,1.034,0.47%
4Y,2025-02-18,1.041,1.029,1.045,1.03,1.34%
4Y,2025-02-17,1.028,1.001,1.029,1.001,2.62%
4Y,2025-02-14,1.001,0.974,1.001,0.976,2.96%
4Y,2025-02-13,0.973,1.005,1.006,0.973,-3.36%
4Y,2025-02-12,1.006,0.976,1.006,0.971,3.21%
4Y,2025-02-11,0.975,0.975,0.975,0.975,0.00%
4Y,2025-02-10,0.975,0.995,0.995,0.975,-2.01%
4Y,2025-02-07,0.995,0.962,0.995,0.962,3.51%
4Y,2025-02-06,0.961,0.939,0.961,0.946,2.54%
4Y,2025-02-05,0.938,0.933,0.945,0.933,0.40%
4Y,2025-02-04,0.934,0.906,0.942,0.906,3.32%
4Y,2025-02-03,0.904,0.911,0.911,0.9,-0.82%
4Y,2025-01-31,0.911,0.89,0.915,0.911,2.53%
4Y,2025-01-30,0.889,0.871,0.896,0.871,2.16%
4Y,2025-01-29,0.87,0.87,0.871,0.866,-0.29%
4Y,2025-01-28,0.873,0.871,0.876,0.866,0.00%
4Y,2025-01-27,0.873,0.905,0.905,0.863,-3.59%
4Y,2025-01-24,0.905,0.882,0.91,0.882,2.69%
4Y,2025-01-23,0.881,0.869,0.882,0.869,1.73%
4Y,2025-01-22,0.866,0.856,0.875,0.856,1.32%
4Y,2025-01-21,0.855,0.851,0.861,0.851,0.59%
4Y,2025-01-20,0.85,0.859,0.86,0.848,-1.02%
4Y,2025-01-17,0.859,0.861,0.861,0.855,-0.43%
4Y,2025-01-16,0.863,0.854,0.863,0.854,0.88%
4Y,2025-01-15,0.855,0.863,0.882,0.855,-0.73%
4Y,2025-01-14,0.861,0.865,0.865,0.856,-0.29%
4Y,2025-01-13,0.864,0.864,0.864,0.864,0.00%
4Y,2025-01-10,0.864,0.83,0.864,0.83,4.39%
4Y,2025-01-09,0.827,0.851,0.85,0.827,-2.93%
4Y,2025-01-08,0.853,0.832,0.859,0.835,2.24%
4Y,2025-01-07,0.834,0.826,0.834,0.826,1.07%
4Y,2025-01-06,0.825,0.791,0.834,0.793,4.26%
4Y,2025-01-03,0.791,0.791,0.791,0.791,0.00%
4Y,2025-01-02,0.791,0.791,0.791,0.791,0.00%
4Y,2025-01-01,0.791,0.791,0.791,0.791,0.00%
15Y,2026-02-18,2.303,2.299,2.32,2.257,-0.63%
15Y,2026-02-17,2.318,2.36,2.377,2.308,-2.69%
15Y,2026-02-16,2.382,2.352,2.411,2.356,0.72%
15Y,2026-02-13,2.365,2.349,2.415,2.356,-0.08%
15Y,2026-02-12,2.367,2.379,2.424,2.36,-1.99%
15Y,2026-02-11,2.415,2.372,2.417,2.385,-0.08%
15Y,2026-02-10,2.417,2.433,2.456,2.389,-1.15%
15Y,2026-02-09,2.445,2.422,2.497,2.424,0.58%
15Y,2026-02-06,2.431,2.385,2.456,2.345,1.38%
15Y,2026-02-05,2.398,2.419,2.451,2.398,-1.36%
15Y,2026-02-04,2.431,2.431,2.479,2.425,-0.57%
15Y,2026-02-03,2.445,2.426,2.481,2.424,0.20%
15Y,2026-02-02,2.44,2.427,2.477,2.413,0.33%
15Y,2026-01-30,2.432,2.433,2.466,2.418,-0.73%
15Y,2026-01-29,2.45,2.45,2.482,2.433,-0.41%
15Y,2026-01-28,2.46,2.461,2.504,2.435,-0.57%
15Y,2026-01-27,2.474,2.428,2.512,2.44,1.56%
15Y,2026-01-26,2.436,2.458,2.49,2.411,-1.02%
15Y,2026-01-23,2.461,2.438,2.494,2.436,0.29%
15Y,2026-01-22,2.454,2.496,2.512,2.446,-2.15%
15Y,2026-01-21,2.508,2.547,2.573,2.487,-2.11%
15Y,2026-01-20,2.562,2.448,2.615,2.455,4.23%
15Y,2026-01-19,2.458,2.384,2.495,2.385,2.85%
15Y,2026-01-16,2.39,2.368,2.417,2.368,0.63%
15Y,2026-01-15,2.375,2.359,2.411,2.356,0.21%
15Y,2026-01-14,2.37,2.374,2.423,2.364,-0.88%
15Y,2026-01-13,2.391,2.339,2.426,2.334,1.66%
15Y,2026-01-12,2.352,2.363,2.396,2.336,0.30%
15Y,2026-01-09,2.345,2.308,2.396,2.303,1.08%
15Y,2026-01-08,2.32,2.314,2.346,2.302,-0.60%
15Y,2026-01-07,2.334,2.33,2.376,2.33,-0.60%
15Y,2026-01-06,2.348,2.323,2.383,2.324,0.69%
15Y,2026-01-05,2.332,2.288,2.372,2.294,0.60%
15Y,2026-01-02,2.318,2.318,2.318,2.318,0.00%
15Y,2026-01-01,2.318,2.318,2.318,2.318,0.00%
15Y,2025-12-31,2.318,2.318,2.318,2.318,0.00%
15Y,2025-12-30,2.318,2.259,2.321,2.273,1.80%
15Y,2025-12-29,2.277,2.257,2.307,2.268,0.35%
15Y,2025-12-26,2.269,2.255,2.288,2.266,-0.44%
15Y,2025-12-25,2.279,2.234,2.286,2.241,0.93%
15Y,2025-12-24,2.258,2.249,2.309,2.249,-0.18%
15Y,2025-12-23,2.262,2.273,2.318,2.251,-1.31%
15Y,2025-12-22,2.292,2.262,2.343,2.263,1.33%
15Y,2025-12-19,2.262,2.214,2.289,2.218,1.85%
15Y,2025-12-18,2.221,2.193,2.256,2.212,-0.05%
15Y,2025-12-17,2.222,2.189,2.253,2.196,0.45%
15Y,2025-12-16,2.212,2.189,2.235,2.192,-1.65%
15Y,2025-12-15,2.249,2.188,2.249,2.18,2.69%
15Y,2025-12-12,2.19,2.174,2.218,2.167,0.32%
15Y,2025-12-11,2.183,2.165,2.212,2.161,-0.27%
15Y,2025-12-10,2.189,2.187,2.223,2.183,-0.23%
15Y,2025-12-09,2.194,2.202,2.226,2.185,-0.90%
15Y,2025-12-08,2.214,2.182,2.251,2.183,1.05%
15Y,2025-12-05,2.191,2.162,2.212,2.164,0.60%
15Y,2025-12-04,2.178,2.133,2.208,2.144,1.63%
15Y,2025-12-03,2.143,2.11,2.175,2.122,0.56%
15Y,2025-12-02,2.131,2.111,2.159,2.106,0.33%
15Y,2025-12-01,2.124,2.07,2.155,2.069,2.46%
15Y,2025-11-28,2.073,2.037,2.096,2.048,0.97%
15Y,2025-11-27,2.053,2.028,2.078,2.036,0.24%
15Y,2025-11-26,2.048,2.042,2.08,2.038,-0.34%
15Y,2025-11-25,2.055,2.015,2.069,2.021,1.43%
15Y,2025-11-24,2.026,1.996,2.035,2.018,-0.25%
15Y,2025-11-21,2.031,2.04,2.062,2.014,-1.50%
15Y,2025-11-20,2.062,2.038,2.107,2.037,0.34%
15Y,2025-11-19,2.055,1.995,2.067,2.008,1.18%
15Y,2025-11-18,2.031,1.98,2.051,1.995,1.91%
15Y,2025-11-17,1.993,1.948,2.023,1.967,1.22%
15Y,2025-11-14,1.969,1.943,1.995,1.947,0.41%
15Y,2025-11-13,1.961,1.925,1.984,1.936,1.03%
15Y,2025-11-12,1.941,1.929,1.971,1.931,0.05%
15Y,2025-11-11,1.94,1.921,1.969,1.934,-0.36%
15Y,2025-11-10,1.947,1.908,1.979,1.922,1.46%
15Y,2025-11-07,1.919,1.904,1.947,1.903,0.42%
15Y,2025-11-06,1.911,1.907,1.947,1.901,-0.42%
15Y,2025-11-05,1.919,1.899,1.936,1.892,0.00%
15Y,2025-11-04,1.919,1.903,1.944,1.91,0.58%
15Y,2025-11-03,1.908,1.896,1.926,1.903,-0.16%
15Y,2025-10-31,1.911,1.88,1.932,1.886,0.79%
15Y,2025-10-30,1.896,1.903,1.929,1.887,-1.30%
15Y,2025-10-29,1.921,1.872,1.928,1.884,1.75%
15Y,2025-10-28,1.888,1.893,1.922,1.88,-1.05%
15Y,2025-10-27,1.908,1.894,1.946,1.905,-0.26%
15Y,2025-10-24,1.913,1.907,1.937,1.897,-0.05%
15Y,2025-10-23,1.914,1.876,1.939,1.887,1.06%
15Y,2025-10-22,1.894,1.884,1.926,1.883,-0.47%
15Y,2025-10-21,1.903,1.884,1.93,1.88,-0.21%
15Y,2025-10-20,1.907,1.874,1.931,1.869,1.17%
15Y,2025-10-17,1.885,1.861,1.899,1.851,0.86%
15Y,2025-10-16,1.869,1.867,1.911,1.868,-0.85%
15Y,2025-10-15,1.885,1.873,1.913,1.876,0.16%
15Y,2025-10-14,1.882,1.897,1.928,1.877,0.48%
15Y,2025-10-13,1.873,1.897,1.928,1.873,-1.11%
15Y,2025-10-10,1.894,1.943,1.973,1.892,-2.77%
15Y,2025-10-09,1.948,1.921,1.977,1.926,0.41%
15Y,2025-10-08,1.94,1.938,1.973,1.935,-0.56%
15Y,2025-10-07,1.951,1.959,1.984,1.935,-1.22%
15Y,2025-10-06,1.975,1.905,1.993,1.886,3.03%
15Y,2025-10-03,1.917,1.906,1.939,1.906,-0.05%
15Y,2025-10-02,1.918,1.894,1.948,1.897,0.00%
15Y,2025-10-01,1.918,1.882,1.943,1.89,0.84%
15Y,2025-09-30,1.902,1.879,1.924,1.866,1.01%
15Y,2025-09-29,1.883,1.87,1.908,1.871,0.21%
15Y,2025-09-26,1.879,1.868,1.915,1.866,0.21%
15Y,2025-09-25,1.875,1.871,1.905,1.86,-0.64%
15Y,2025-09-24,1.887,1.878,1.903,1.868,-0.21%
15Y,2025-09-23,1.891,1.876,1.891,1.891,0.16%
15Y,2025-09-22,1.888,1.865,1.913,1.877,0.75%
15Y,2025-09-19,1.874,1.842,1.906,1.859,-0.11%
15Y,2025-09-18,1.876,1.854,1.902,1.846,0.32%
15Y,2025-09-17,1.87,1.863,1.892,1.855,-0.27%
15Y,2025-09-16,1.875,1.894,1.914,1.848,0.21%
15Y,2025-09-15,1.871,1.849,1.883,1.867,0.43%
15Y,2025-09-12,1.863,1.831,1.887,1.846,0.98%
15Y,2025-09-11,1.845,1.819,1.872,1.827,0.71%
15Y,2025-09-10,1.832,1.85,1.868,1.827,-1.56%
15Y,2025-09-09,1.861,1.825,1.882,1.823,0.81%
15Y,2025-09-08,1.846,1.813,1.873,1.827,0.00%
15Y,2025-09-05,1.846,1.842,1.872,1.836,-0.59%
15Y,2025-09-04,1.857,1.898,1.913,1.854,-2.77%
15Y,2025-09-03,1.91,1.885,1.933,1.895,0.53%
15Y,2025-09-02,1.9,1.872,1.925,1.872,0.32%
15Y,2025-09-01,1.894,1.849,1.913,1.863,0.85%
15Y,2025-08-29,1.878,1.863,1.893,1.875,-0.84%
15Y,2025-08-28,1.894,1.878,1.908,1.893,-0.79%
15Y,2025-08-27,1.909,1.884,1.918,1.909,-0.31%
15Y,2025-08-26,1.915,1.861,1.922,1.891,1.38%
15Y,2025-08-25,1.889,1.859,1.889,1.889,0.00%
15Y,2025-08-22,1.889,1.855,1.89,1.879,0.48%
15Y,2025-08-21,1.88,1.84,1.881,1.87,0.59%
15Y,2025-08-20,1.869,1.831,1.883,1.861,0.48%
15Y,2025-08-19,1.86,1.816,1.868,1.846,0.81%
15Y,2025-08-18,1.845,1.808,1.845,1.831,0.38%
15Y,2025-08-15,1.838,1.795,1.838,1.825,0.66%
15Y,2025-08-14,1.826,1.744,1.826,1.774,2.99%
15Y,2025-08-13,1.773,1.756,1.788,1.773,-0.84%
15Y,2025-08-12,1.788,1.741,1.79,1.77,1.02%
15Y,2025-08-11,1.77,1.74,1.77,1.77,0.00%
15Y,2025-08-08,1.77,1.72,1.77,1.75,1.09%
15Y,2025-08-07,1.751,1.729,1.761,1.745,-0.51%
15Y,2025-08-06,1.76,1.716,1.763,1.746,0.86%
15Y,2025-08-05,1.745,1.731,1.761,1.733,-1.02%
15Y,2025-08-04,1.763,1.724,1.778,1.753,0.51%
15Y,2025-08-01,1.754,1.78,1.816,1.751,-3.15%
15Y,2025-07-31,1.811,1.794,1.824,1.801,-0.77%
15Y,2025-07-30,1.825,1.778,1.825,1.808,1.05%
15Y,2025-07-29,1.806,1.775,1.82,1.805,1.82%
15Y,2025-07-28,1.774,1.804,1.774,1.769,1.43%
15Y,2025-07-11,1.749,1.73,1.75,1.749,0.94%
15Y,2025-07-10,1.732,1.735,1.735,1.727,-0.22%
15Y,2025-07-09,1.736,1.724,1.737,1.715,0.66%
15Y,2025-07-08,1.725,1.709,1.725,1.709,2.75%
15Y,2025-07-07,1.679,1.648,1.681,1.648,1.90%
15Y,2025-07-04,1.648,1.668,1.668,1.646,-1.35%
15Y,2025-07-03,1.67,1.643,1.67,1.641,1.75%
15Y,2025-07-02,1.641,1.626,1.641,1.626,1.00%
15Y,2025-07-01,1.625,1.628,1.628,1.616,-0.23%
15Y,2025-06-30,1.629,1.631,1.639,1.629,-0.15%
15Y,2025-06-27,1.631,1.614,1.631,1.612,1.01%
15Y,2025-06-26,1.615,1.6,1.615,1.601,1.02%
15Y,2025-06-25,1.599,1.615,1.615,1.585,-1.09%
15Y,2025-06-24,1.616,1.611,1.62,1.607,0.24%
15Y,2025-06-23,1.612,1.601,1.617,1.601,0.70%
15Y,2025-06-20,1.601,1.609,1.621,1.586,-0.39%
15Y,2025-06-19,1.607,1.617,1.625,1.607,-0.70%
15Y,2025-06-18,1.619,1.641,1.654,1.619,-1.29%
15Y,2025-06-17,1.64,1.636,1.666,1.633,0.38%
15Y,2025-06-16,1.634,1.638,1.659,1.634,-0.23%
15Y,2025-06-13,1.638,1.635,1.638,1.604,-0.30%
15Y,2025-06-12,1.643,1.656,1.67,1.643,-0.76%
15Y,2025-06-11,1.655,1.669,1.669,1.655,-0.90%
15Y,2025-06-10,1.67,1.641,1.675,1.641,1.83%
15Y,2025-06-09,1.64,1.635,1.66,1.635,0.31%
15Y,2025-06-06,1.635,1.641,1.641,1.619,-0.46%
15Y,2025-06-05,1.643,1.675,1.675,1.634,-2.02%
15Y,2025-06-04,1.676,1.651,1.685,1.651,1.59%
15Y,2025-06-03,1.65,1.651,1.651,1.641,-0.15%
15Y,2025-06-02,1.653,1.644,1.655,1.644,0.53%
15Y,2025-05-30,1.644,1.633,1.644,1.63,0.77%
15Y,2025-05-29,1.631,1.639,1.664,1.631,-0.53%
15Y,2025-05-28,1.64,1.599,1.654,1.599,2.66%
15Y,2025-05-27,1.597,1.669,1.669,1.571,-4.34%
15Y,2025-05-26,1.67,1.67,1.67,1.67,0.00%
15Y,2025-05-23,1.67,1.737,2.993,1.669,-3.96%
15Y,2025-05-22,1.739,1.702,1.747,1.702,2.20%
15Y,2025-05-21,1.701,1.674,1.701,1.674,1.57%
15Y,2025-05-20,1.675,1.626,1.68,1.628,3.08%
15Y,2025-05-19,1.625,1.615,1.635,1.612,0.62%
15Y,2025-05-16,1.615,1.624,1.624,1.59,-0.62%
15Y,2025-05-15,1.625,1.635,1.638,1.625,-0.69%
15Y,2025-05-14,1.636,1.597,1.636,1.597,2.51%
15Y,2025-05-13,1.596,1.585,1.6,1.582,0.79%
15Y,2025-05-12,1.584,1.52,1.61,1.52,4.20%
15Y,2025-05-09,1.52,1.481,1.526,1.481,2.70%
15Y,2025-05-08,1.48,1.46,1.49,1.46,1.45%
15Y,2025-05-07,1.459,1.421,1.464,1.421,2.73%
15Y,2025-05-05,1.42,1.42,1.42,1.42,0.00%
15Y,2025-05-02,1.42,1.398,1.42,1.398,1.52%
15Y,2025-05-01,1.399,1.415,1.419,1.388,-1.06%
15Y,2025-04-30,1.414,1.446,1.445,1.414,-2.33%
15Y,2025-04-28,1.447,1.482,1.482,1.439,-2.36%
15Y,2025-04-25,1.482,1.447,1.484,1.449,2.60%
15Y,2025-04-24,1.445,1.466,1.464,1.433,-1.53%
15Y,2025-04-23,1.467,1.426,1.47,1.426,2.80%
15Y,2025-04-22,1.428,1.423,1.434,1.424,0.44%
15Y,2025-04-21,1.421,1.421,1.421,1.421,0.00%
15Y,2025-04-17,1.421,1.399,1.428,1.4,1.51%
15Y,2025-04-16,1.4,1.514,1.511,1.381,-7.67%
15Y,2025-04-15,1.516,1.514,1.52,1.486,0.00%
15Y,2025-04-14,1.516,1.464,1.524,1.464,3.86%
15Y,2025-04-11,1.46,1.433,1.506,1.423,2.01%
15Y,2025-04-10,1.431,1.352,1.476,1.352,5.92%
15Y,2025-04-09,1.351,1.352,1.389,1.345,-0.27%
15Y,2025-04-08,1.355,1.231,1.386,1.231,10.27%
15Y,2025-04-07,1.229,1.275,1.275,1.181,-3.43%
15Y,2025-04-04,1.273,1.254,1.337,1.229,-12.09%
15Y,2025-04-03,1.447,1.586,1.586,1.44,-8.82%
15Y,2025-04-02,1.587,1.611,1.614,1.579,-1.55%
15Y,2025-04-01,1.612,1.615,1.626,1.605,0.00%
15Y,2025-03-31,1.612,1.653,1.653,1.604,-2.42%
15Y,2025-03-28,1.653,1.684,1.684,1.65,-2.00%
15Y,2025-03-27,1.686,1.704,1.702,1.678,-1.10%
15Y,2025-03-26,1.705,1.701,1.706,1.692,0.36%
15Y,2025-03-25,1.699,1.69,1.707,1.69,0.59%
15Y,2025-03-24,1.689,1.654,1.689,1.654,2.12%
15Y,2025-03-21,1.654,1.688,1.688,1.654,-1.93%
15Y,2025-03-19,1.686,1.661,1.688,1.658,1.35%
15Y,2025-03-18,1.664,1.646,1.665,1.646,0.99%
15Y,2025-03-17,1.648,1.643,1.648,1.643,0.30%
15Y,2025-03-14,1.643,1.658,1.658,1.634,-0.98%
15Y,2025-03-13,1.659,1.64,1.674,1.64,1.38%
15Y,2025-03-12,1.636,1.643,1.643,1.625,-0.68%
15Y,2025-03-11,1.648,1.658,1.651,1.629,-0.75%
15Y,2025-03-10,1.66,1.619,1.675,1.619,2.55%
15Y,2025-03-07,1.619,1.64,1.639,1.619,-1.44%
15Y,2025-03-06,1.643,1.624,1.663,1.624,1.23%
15Y,2025-03-05,1.622,1.559,1.622,1.564,4.17%
15Y,2025-03-04,1.558,1.58,1.58,1.558,-1.51%
15Y,2025-03-03,1.581,1.543,1.595,1.543,2.52%
15Y,2025-02-28,1.543,1.561,1.56,1.533,-1.28%
15Y,2025-02-27,1.563,1.529,1.574,1.53,2.12%
15Y,2025-02-26,1.53,1.509,1.539,1.51,1.49%
15Y,2025-02-25,1.508,1.556,1.555,1.508,-3.05%
15Y,2025-02-24,1.555,1.555,1.555,1.555,0.00%
15Y,2025-02-21,1.555,1.602,1.601,1.555,-3.04%
15Y,2025-02-20,1.604,1.614,1.614,1.584,-0.69%
15Y,2025-02-19,1.615,1.609,1.625,1.601,0.31%
15Y,2025-02-18,1.61,1.585,1.615,1.585,1.65%
15Y,2025-02-17,1.584,1.564,1.584,1.565,1.28%
15Y,2025-02-14,1.564,1.533,1.564,1.533,2.12%
15Y,2025-02-13,1.531,1.55,1.55,1.531,-1.29%
15Y,2025-02-12,1.551,1.492,1.551,1.497,4.11%
15Y,2025-02-11,1.49,1.49,1.49,1.49,0.00%
15Y,2025-02-10,1.49,1.505,1.505,1.49,-1.00%
15Y,2025-02-07,1.505,1.484,1.505,1.482,1.52%
15Y,2025-02-06,1.482,1.486,1.484,1.47,-0.34%
15Y,2025-02-05,1.487,1.485,1.491,1.48,0.26%
15Y,2025-02-04,1.484,1.447,1.495,1.447,2.68%
15Y,2025-02-03,1.445,1.449,1.449,1.439,-0.26%
15Y,2025-01-31,1.449,1.428,1.45,1.444,1.67%
15Y,2025-01-30,1.425,1.418,1.433,1.418,0.61%
15Y,2025-01-29,1.416,1.424,1.424,1.408,-0.70%
15Y,2025-01-28,1.426,1.419,1.431,1.418,0.62%
15Y,2025-01-27,1.418,1.449,1.449,1.399,-2.16%
15Y,2025-01-24,1.449,1.439,1.456,1.439,0.79%
15Y,2025-01-23,1.438,1.423,1.438,1.423,1.15%
15Y,2025-01-22,1.421,1.429,1.431,1.418,-0.44%
15Y,2025-01-21,1.428,1.426,1.434,1.426,0.18%
15Y,2025-01-20,1.425,1.439,1.439,1.425,-0.96%
15Y,2025-01-17,1.439,1.455,1.454,1.438,-1.20%
15Y,2025-01-16,1.456,1.472,1.472,1.447,-1.18%
15Y,2025-01-15,1.474,1.485,1.503,1.471,-0.67%
15Y,2025-01-14,1.484,1.485,1.487,1.479,0.00%
15Y,2025-01-13,1.484,1.484,1.484,1.484,0.00%
15Y,2025-01-10,1.484,1.442,1.484,1.444,3.03%
15Y,2025-01-09,1.44,1.461,1.461,1.44,-1.63%
15Y,2025-01-08,1.464,1.438,1.469,1.438,1.91%
15Y,2025-01-07,1.436,1.429,1.436,1.429,0.62%
15Y,2025-01-06,1.428,1.386,1.436,1.388,2.97%
15Y,2025-01-03,1.386,1.386,1.386,1.386,0.00%
15Y,2025-01-02,1.386,1.386,1.386,1.386,0.00%
15Y,2025-01-01,1.386,1.386,1.386,1.386,0.00%
5Y,2026-02-18,1.601,1.588,1.603,1.556,-0.35%
5Y,2026-02-17,1.607,1.626,1.645,1.596,-2.31%
5Y,2026-02-16,1.645,1.645,1.677,1.64,-1.08%
5Y,2026-02-13,1.663,1.641,1.698,1.654,0.36%
5Y,2026-02-12,1.657,1.645,1.713,1.653,-1.72%
5Y,2026-02-11,1.686,1.634,1.688,1.647,0.18%
5Y,2026-02-10,1.683,1.687,1.713,1.66,-0.82%
5Y,2026-02-09,1.697,1.662,1.736,1.673,1.07%
5Y,2026-02-06,1.679,1.637,1.702,1.612,1.70%
5Y,2026-02-05,1.651,1.648,1.692,1.649,-0.78%
5Y,2026-02-04,1.664,1.659,1.697,1.654,-0.24%
5Y,2026-02-03,1.668,1.644,1.698,1.642,0.48%
5Y,2026-02-02,1.66,1.635,1.681,1.633,0.91%
5Y,2026-01-30,1.645,1.652,1.676,1.633,-1.02%
5Y,2026-01-29,1.662,1.662,1.689,1.651,-0.60%
5Y,2026-01-28,1.672,1.675,1.717,1.649,-1.12%
5Y,2026-01-27,1.691,1.651,1.72,1.664,1.56%
5Y,2026-01-26,1.665,1.655,1.69,1.633,0.30%
5Y,2026-01-23,1.66,1.608,1.684,1.617,2.47%
5Y,2026-01-22,1.62,1.649,1.669,1.619,-2.76%
5Y,2026-01-21,1.666,1.655,1.693,1.646,-0.77%
5Y,2026-01-20,1.679,1.648,1.718,1.659,0.72%
5Y,2026-01-19,1.667,1.612,1.685,1.622,2.46%
5Y,2026-01-16,1.627,1.601,1.643,1.606,0.62%
5Y,2026-01-15,1.617,1.584,1.63,1.584,1.44%
5Y,2026-01-14,1.594,1.602,1.637,1.587,-1.30%
5Y,2026-01-13,1.615,1.593,1.638,1.582,3.06%
5Y,2026-01-12,1.567,1.602,1.632,1.561,-1.51%
5Y,2026-01-09,1.591,1.521,1.629,1.54,2.65%
5Y,2026-01-08,1.55,1.557,1.577,1.535,-1.52%
5Y,2026-01-07,1.574,1.579,1.611,1.57,-1.81%
5Y,2026-01-06,1.603,1.58,1.625,1.58,0.25%
5Y,2026-01-05,1.599,1.551,1.624,1.56,1.14%
5Y,2026-01-02,1.581,1.581,1.581,1.581,0.00%
5Y,2026-01-01,1.581,1.581,1.581,1.581,0.00%
5Y,2025-12-31,1.581,1.581,1.581,1.581,0.00%
5Y,2025-12-30,1.581,1.508,1.586,1.522,3.20%
5Y,2025-12-29,1.532,1.477,1.554,1.507,0.52%
5Y,2025-12-26,1.524,1.509,1.534,1.512,-0.07%
5Y,2025-12-25,1.525,1.479,1.53,1.484,2.28%
5Y,2025-12-24,1.491,1.482,1.532,1.481,-0.67%
5Y,2025-12-23,1.501,1.511,1.546,1.484,-1.70%
5Y,2025-12-22,1.527,1.486,1.571,1.489,1.87%
5Y,2025-12-19,1.499,1.431,1.517,1.442,3.74%
5Y,2025-12-18,1.445,1.431,1.474,1.438,-0.62%
5Y,2025-12-17,1.454,1.426,1.477,1.436,0.35%
5Y,2025-12-16,1.449,1.422,1.466,1.428,-2.23%
5Y,2025-12-15,1.482,1.42,1.482,1.421,3.56%
5Y,2025-12-12,1.431,1.405,1.456,1.407,0.92%
5Y,2025-12-11,1.418,1.408,1.443,1.406,-1.12%
5Y,2025-12-10,1.434,1.423,1.46,1.426,-0.07%
5Y,2025-12-09,1.435,1.434,1.465,1.426,-0.83%
5Y,2025-12-08,1.447,1.419,1.478,1.433,0.84%
5Y,2025-12-05,1.435,1.393,1.456,1.399,1.77%
5Y,2025-12-04,1.41,1.371,1.435,1.382,1.95%
5Y,2025-12-03,1.383,1.357,1.408,1.369,0.36%
5Y,2025-12-02,1.378,1.36,1.401,1.361,0.07%
5Y,2025-12-01,1.377,1.313,1.397,1.322,3.77%
5Y,2025-11-28,1.327,1.289,1.346,1.309,0.68%
5Y,2025-11-27,1.318,1.303,1.336,1.307,0.00%
5Y,2025-11-26,1.318,1.302,1.343,1.309,-0.15%
5Y,2025-11-25,1.32,1.281,1.333,1.285,2.48%
5Y,2025-11-24,1.288,1.254,1.296,1.279,-0.54%
5Y,2025-11-21,1.295,1.29,1.314,1.277,-1.07%
5Y,2025-11-20,1.309,1.265,1.336,1.264,2.35%
5Y,2025-11-19,1.279,1.22,1.289,1.241,1.59%
5Y,2025-11-18,1.259,1.239,1.272,1.234,0.72%
5Y,2025-11-17,1.25,1.227,1.275,1.241,0.40%
5Y,2025-11-14,1.245,1.234,1.269,1.225,-0.24%
5Y,2025-11-13,1.248,1.225,1.264,1.231,0.16%
5Y,2025-11-12,1.246,1.228,1.264,1.235,0.48%
5Y,2025-11-11,1.24,1.24,1.268,1.236,-1.51%
5Y,2025-11-10,1.259,1.222,1.284,1.243,1.04%
5Y,2025-11-07,1.246,1.22,1.266,1.229,1.14%
5Y,2025-11-06,1.232,1.223,1.264,1.225,-0.81%
5Y,2025-11-05,1.242,1.227,1.257,1.217,0.24%
5Y,2025-11-04,1.239,1.226,1.26,1.231,0.24%
5Y,2025-11-03,1.236,1.209,1.246,1.23,0.57%
5Y,2025-10-31,1.229,1.204,1.248,1.213,0.82%
5Y,2025-10-30,1.219,1.207,1.253,1.211,-2.40%
5Y,2025-10-29,1.249,1.197,1.254,1.207,3.48%
5Y,2025-10-28,1.207,1.207,1.239,1.201,-1.39%
5Y,2025-10-27,1.224,1.206,1.255,1.221,0.00%
5Y,2025-10-24,1.224,1.216,1.245,1.212,-0.41%
5Y,2025-10-23,1.229,1.181,1.247,1.198,2.42%
5Y,2025-10-22,1.2,1.209,1.231,1.192,-1.64%
5Y,2025-10-21,1.22,1.207,1.243,1.207,-0.89%
5Y,2025-10-20,1.231,1.184,1.249,1.19,2.50%
5Y,2025-10-17,1.201,1.181,1.214,1.163,1.44%
5Y,2025-10-16,1.184,1.164,1.223,1.17,0.77%
5Y,2025-10-15,1.175,1.139,1.196,1.152,1.91%
5Y,2025-10-14,1.153,1.178,1.198,1.148,-3.43%
5Y,2025-10-13,1.194,1.168,1.201,1.147,1.88%
5Y,2025-10-10,1.172,1.219,1.236,1.167,-4.79%
5Y,2025-10-09,1.231,1.218,1.251,1.217,-0.24%
5Y,2025-10-08,1.234,1.204,1.253,1.218,1.23%
5Y,2025-10-07,1.219,1.206,1.243,1.21,-0.57%
5Y,2025-10-06,1.226,1.226,1.256,1.182,-1.53%
5Y,2025-10-03,1.245,1.236,1.261,1.231,-0.08%
5Y,2025-10-02,1.246,1.228,1.272,1.232,-0.40%
5Y,2025-10-01,1.251,1.229,1.272,1.235,0.32%
5Y,2025-09-30,1.247,1.229,1.268,1.225,0.56%
5Y,2025-09-29,1.24,1.214,1.259,1.216,1.39%
5Y,2025-09-26,1.223,1.215,1.258,1.217,-1.45%
5Y,2025-09-25,1.241,1.219,1.266,1.226,0.24%
5Y,2025-09-24,1.238,1.2,1.249,1.211,0.90%
5Y,2025-09-23,1.227,1.212,1.227,1.227,0.90%
5Y,2025-09-22,1.216,1.18,1.245,1.193,1.67%
5Y,2025-09-19,1.196,1.138,1.219,1.157,1.87%
5Y,2025-09-18,1.174,1.14,1.19,1.143,1.73%
5Y,2025-09-17,1.154,1.134,1.171,1.141,0.00%
5Y,2025-09-16,1.154,1.13,1.186,1.13,-0.35%
5Y,2025-09-15,1.158,1.126,1.166,1.15,1.31%
5Y,2025-09-12,1.143,1.106,1.163,1.119,2.33%
5Y,2025-09-11,1.117,1.095,1.143,1.103,1.36%
5Y,2025-09-10,1.102,1.104,1.137,1.1,-1.25%
5Y,2025-09-09,1.116,1.075,1.14,1.076,2.76%
5Y,2025-09-08,1.086,1.064,1.116,1.082,-1.45%
5Y,2025-09-05,1.102,1.103,1.128,1.093,-1.25%
5Y,2025-09-04,1.116,1.122,1.159,1.11,-3.54%
5Y,2025-09-03,1.157,1.137,1.171,1.139,0.26%
5Y,2025-09-02,1.154,1.136,1.172,1.136,-0.94%
5Y,2025-09-01,1.165,1.122,1.18,1.133,1.30%
5Y,2025-08-29,1.15,1.129,1.159,1.146,-0.86%
5Y,2025-08-28,1.16,1.135,1.168,1.159,-0.51%
5Y,2025-08-27,1.166,1.146,1.176,1.166,-1.02%
5Y,2025-08-26,1.178,1.128,1.181,1.158,1.99%
5Y,2025-08-25,1.155,1.125,1.155,1.155,0.00%
5Y,2025-08-22,1.155,1.119,1.156,1.148,0.96%
5Y,2025-08-21,1.144,1.101,1.145,1.131,1.24%
5Y,2025-08-20,1.13,1.1,1.143,1.13,0.09%
5Y,2025-08-19,1.129,1.086,1.136,1.116,1.26%
5Y,2025-08-18,1.115,1.084,1.115,1.106,0.09%
5Y,2025-08-15,1.114,1.074,1.114,1.104,0.81%
5Y,2025-08-14,1.105,1.018,1.105,1.047,5.64%
5Y,2025-08-13,1.046,1.025,1.06,1.046,-0.76%
5Y,2025-08-12,1.054,1.013,1.056,1.036,0.96%
5Y,2025-08-11,1.044,1.014,1.044,1.044,0.00%
5Y,2025-08-08,1.044,0.991,1.044,1.021,2.05%
5Y,2025-08-07,1.023,1.01,1.04,1.02,-1.73%
5Y,2025-08-06,1.041,0.985,1.043,1.015,2.66%
5Y,2025-08-05,1.014,0.985,1.015,1.004,-0.20%
5Y,2025-08-04,1.016,0.991,1.026,1.006,-0.49%
5Y,2025-08-01,1.021,1.058,1.088,1.02,-6.24%
5Y,2025-07-31,1.089,1.065,1.095,1.078,-0.64%
5Y,2025-07-30,1.096,1.059,1.096,1.086,0.55%
5Y,2025-07-29,1.09,1.07,1.103,1.09,1.87%
5Y,2025-07-28,1.07,1.07,1.07,1.063,5.16%
5Y,2025-07-11,1.018,0.993,1.019,1.018,2.26%
5Y,2025-07-10,0.995,0.994,0.995,0.99,0.00%
5Y,2025-07-09,0.995,0.974,0.996,0.976,2.31%
5Y,2025-07-08,0.973,0.954,0.973,0.955,1.83%
5Y,2025-07-07,0.955,0.942,0.956,0.942,1.33%
5Y,2025-07-04,0.942,0.965,0.965,0.94,-2.58%
5Y,2025-07-03,0.967,0.955,0.967,0.947,1.44%
5Y,2025-07-02,0.954,0.944,0.954,0.944,1.20%
5Y,2025-07-01,0.942,0.941,0.942,0.934,0.00%
5Y,2025-06-30,0.942,0.945,0.95,0.942,-0.26%
5Y,2025-06-27,0.945,0.933,0.945,0.931,1.47%
5Y,2025-06-26,0.931,0.918,0.933,0.918,1.64%
5Y,2025-06-25,0.916,0.925,0.925,0.904,-1.08%
5Y,2025-06-24,0.926,0.924,0.929,0.919,0.14%
5Y,2025-06-23,0.925,0.923,0.929,0.919,0.27%
5Y,2025-06-20,0.923,0.909,0.923,0.904,1.65%
5Y,2025-06-19,0.908,0.919,0.92,0.908,-1.36%
5Y,2025-06-18,0.92,0.947,0.952,0.92,-3.04%
5Y,2025-06-17,0.949,0.96,0.978,0.94,-0.91%
5Y,2025-06-16,0.957,0.954,0.978,0.954,0.39%
5Y,2025-06-13,0.954,0.946,0.954,0.921,0.93%
5Y,2025-06-12,0.945,0.959,0.964,0.945,-1.56%
5Y,2025-06-11,0.96,0.974,0.974,0.96,-1.54%
5Y,2025-06-10,0.975,0.98,0.98,0.974,-0.39%
5Y,2025-06-09,0.979,0.971,0.984,0.971,0.77%
5Y,2025-06-06,0.971,0.969,0.971,0.957,0.13%
5Y,2025-06-05,0.97,0.98,0.98,0.955,-1.15%
5Y,2025-06-04,0.981,0.974,0.988,0.975,0.90%
5Y,2025-06-03,0.973,0.978,0.978,0.966,-0.64%
5Y,2025-06-02,0.979,0.966,0.98,0.966,1.29%
5Y,2025-05-30,0.966,0.952,0.966,0.952,1.58%
5Y,2025-05-29,0.951,0.979,0.98,0.951,-2.93%
5Y,2025-05-28,0.98,0.95,0.985,0.951,3.29%
5Y,2025-05-27,0.949,0.942,0.949,0.933,0.53%
5Y,2025-05-26,0.944,0.944,0.944,0.944,0.00%
5Y,2025-05-23,0.944,0.978,4.306,0.942,-3.58%
5Y,2025-05-22,0.979,0.97,0.986,0.964,1.03%
5Y,2025-05-21,0.969,0.97,0.969,0.951,-0.26%
5Y,2025-05-20,0.971,0.952,0.971,0.95,1.83%
5Y,2025-05-19,0.954,0.949,0.962,0.945,0.53%
5Y,2025-05-16,0.949,0.939,0.949,0.928,0.94%
5Y,2025-05-15,0.94,0.957,0.957,0.94,-1.96%
5Y,2025-05-14,0.959,0.934,0.959,0.926,2.55%
5Y,2025-05-13,0.935,0.911,0.94,0.911,2.75%
5Y,2025-05-12,0.91,0.836,0.916,0.836,8.81%
5Y,2025-05-09,0.836,0.82,0.842,0.82,2.14%
5Y,2025-05-08,0.819,0.804,0.827,0.804,2.03%
5Y,2025-05-07,0.803,0.791,0.808,0.791,1.58%
5Y,2025-05-05,0.79,0.79,0.79,0.79,0.00%
5Y,2025-05-02,0.79,0.78,0.79,0.772,1.11%
5Y,2025-05-01,0.781,0.808,0.806,0.77,-3.10%
5Y,2025-04-30,0.806,0.835,0.835,0.806,-3.59%
5Y,2025-04-28,0.836,0.851,0.851,0.826,-1.76%
5Y,2025-04-25,0.851,0.816,0.853,0.816,4.61%
5Y,2025-04-24,0.814,0.849,0.849,0.805,-4.26%
5Y,2025-04-23,0.85,0.791,0.853,0.791,7.26%
5Y,2025-04-22,0.793,0.793,0.796,0.79,0.15%
5Y,2025-04-21,0.791,0.791,0.791,0.791,0.00%
5Y,2025-04-17,0.791,0.756,0.798,0.756,4.81%
5Y,2025-04-16,0.755,0.83,0.827,0.739,-9.04%
5Y,2025-04-15,0.83,0.754,0.835,0.754,9.74%
5Y,2025-04-14,0.756,0.734,0.764,0.734,3.60%
5Y,2025-04-11,0.73,0.799,0.799,0.699,-8.75%
5Y,2025-04-10,0.8,0.702,0.821,0.702,14.07%
5Y,2025-04-09,0.701,0.829,0.829,0.7,-15.64%
5Y,2025-04-08,0.831,0.734,0.869,0.735,13.67%
5Y,2025-04-07,0.731,0.767,0.767,0.689,-4.41%
5Y,2025-04-04,0.765,0.94,0.942,0.715,-18.51%
5Y,2025-04-03,0.939,1.059,1.059,0.928,-11.43%
5Y,2025-04-02,1.06,1.075,1.075,1.053,-1.51%
5Y,2025-04-01,1.076,1.081,1.084,1.071,-0.23%
5Y,2025-03-31,1.079,1.126,1.126,1.07,-4.22%
5Y,2025-03-28,1.126,1.154,1.154,1.122,-2.59%
5Y,2025-03-27,1.156,1.166,1.165,1.149,-0.96%
5Y,2025-03-26,1.168,1.159,1.169,1.159,0.97%
5Y,2025-03-25,1.156,1.136,1.164,1.136,1.88%
5Y,2025-03-24,1.135,1.1,1.135,1.101,3.18%
5Y,2025-03-21,1.1,1.11,1.112,1.1,-0.78%
5Y,2025-03-19,1.109,1.081,1.11,1.077,2.42%
5Y,2025-03-18,1.082,1.065,1.084,1.065,1.76%
5Y,2025-03-17,1.064,1.07,1.07,1.06,-0.58%
5Y,2025-03-14,1.07,1.102,1.102,1.065,-2.84%
5Y,2025-03-13,1.101,1.075,1.111,1.075,2.80%
5Y,2025-03-12,1.071,1.079,1.079,1.063,-1.15%
5Y,2025-03-11,1.084,1.111,1.111,1.067,-2.58%
5Y,2025-03-10,1.112,1.074,1.125,1.074,3.60%
5Y,2025-03-07,1.074,1.09,1.09,1.074,-1.71%
5Y,2025-03-06,1.092,1.09,1.111,1.091,0.34%
5Y,2025-03-05,1.089,1.044,1.089,1.044,4.44%
5Y,2025-03-04,1.043,1.061,1.063,1.043,-1.88%
5Y,2025-03-03,1.063,1.03,1.079,1.03,3.16%
5Y,2025-02-28,1.03,1.053,1.053,1.021,-2.26%
5Y,2025-02-27,1.054,1.018,1.064,1.018,3.69%
5Y,2025-02-26,1.016,1.004,1.025,1.005,1.38%
5Y,2025-02-25,1.003,1.038,1.038,1.003,-3.49%
5Y,2025-02-24,1.039,1.039,1.039,1.039,0.00%
5Y,2025-02-21,1.039,1.092,1.092,1.039,-5.03%
5Y,2025-02-20,1.094,1.1,1.1,1.079,-0.68%
5Y,2025-02-19,1.101,1.096,1.11,1.087,0.35%
5Y,2025-02-18,1.097,1.081,1.101,1.082,1.62%
5Y,2025-02-17,1.08,1.051,1.08,1.051,2.73%
5Y,2025-02-14,1.051,1.026,1.051,1.026,2.57%
5Y,2025-02-13,1.025,1.056,1.056,1.025,-3.07%
5Y,2025-02-12,1.058,1.02,1.058,1.025,3.93%
5Y,2025-02-11,1.018,1.018,1.018,1.018,0.00%
5Y,2025-02-10,1.018,1.036,1.036,1.018,-1.80%
5Y,2025-02-07,1.036,1.004,1.036,1.004,3.36%
5Y,2025-02-06,1.003,0.98,1.003,0.986,2.16%
5Y,2025-02-05,0.981,0.974,0.986,0.975,0.90%
5Y,2025-02-04,0.973,0.947,0.985,0.947,2.91%
5Y,2025-02-03,0.945,0.955,0.955,0.94,-1.05%
5Y,2025-01-31,0.955,0.93,0.956,0.952,2.82%
5Y,2025-01-30,0.929,0.91,0.935,0.91,1.92%
5Y,2025-01-29,0.911,0.914,0.914,0.908,-0.55%
5Y,2025-01-28,0.916,0.916,0.92,0.909,-0.13%
5Y,2025-01-27,0.918,0.949,0.949,0.904,-3.30%
5Y,2025-01-24,0.949,0.926,0.954,0.926,2.57%
5Y,2025-01-23,0.925,0.91,0.925,0.91,1.78%
5Y,2025-01-22,0.909,0.9,0.918,0.9,1.11%
5Y,2025-01-21,0.899,0.895,0.904,0.896,0.56%
5Y,2025-01-20,0.894,0.904,0.904,0.894,-1.11%
5Y,2025-01-17,0.904,0.905,0.905,0.9,-0.28%
5Y,2025-01-16,0.906,0.902,0.906,0.899,0.28%
5Y,2025-01-15,0.904,0.913,0.931,0.904,-0.82%
5Y,2025-01-14,0.911,0.913,0.915,0.906,-0.27%
5Y,2025-01-13,0.914,0.914,0.914,0.914,0.00%
5Y,2025-01-10,0.914,0.875,0.914,0.875,4.73%
5Y,2025-01-09,0.873,0.894,0.894,0.873,-2.66%
5Y,2025-01-08,0.896,0.88,0.905,0.88,1.99%
5Y,2025-01-07,0.879,0.87,0.879,0.87,1.15%
5Y,2025-01-06,0.869,0.832,0.877,0.834,4.36%
5Y,2025-01-03,0.832,0.832,0.832,0.832,0.00%
5Y,2025-01-02,0.832,0.832,0.832,0.832,0.00%
5Y,2025-01-01,0.832,0.832,0.832,0.832,0.00%
9Y,2026-02-18,1.888,1.879,1.904,1.839,-0.63%
9Y,2026-02-17,1.9,1.932,1.95,1.887,-2.91%
9Y,2026-02-16,1.957,1.939,1.984,1.943,0.10%
9Y,2026-02-13,1.955,1.938,2.001,1.948,-0.05%
9Y,2026-02-12,1.956,1.958,2.014,1.948,-2.00%
9Y,2026-02-11,1.996,1.945,1.996,1.96,0.30%
9Y,2026-02-10,1.99,2.004,2.029,1.968,-1.49%
9Y,2026-02-09,2.02,1.983,2.061,1.986,1.61%
9Y,2026-02-06,1.988,1.949,2.015,1.912,1.48%
9Y,2026-02-05,1.959,1.961,2.005,1.956,-1.26%
9Y,2026-02-04,1.984,1.978,2.022,1.975,-0.40%
9Y,2026-02-03,1.992,1.961,2.027,1.964,0.35%
9Y,2026-02-02,1.985,1.968,2.014,1.954,0.71%
9Y,2026-01-30,1.971,1.975,2.005,1.96,-0.76%
9Y,2026-01-29,1.986,1.982,2.026,1.979,-0.50%
9Y,2026-01-28,1.996,2.006,2.045,1.973,-1.19%
9Y,2026-01-27,2.02,1.968,2.053,1.981,1.92%
9Y,2026-01-26,1.982,1.991,2.022,1.954,-0.65%
9Y,2026-01-23,1.995,1.961,2.025,1.963,1.22%
9Y,2026-01-22,1.971,2.011,2.029,1.965,-2.43%
9Y,2026-01-21,2.02,2.051,2.077,2.005,-2.18%
9Y,2026-01-20,2.065,1.994,2.117,2.003,2.84%
9Y,2026-01-19,2.008,1.942,2.042,1.943,3.08%
9Y,2026-01-16,1.948,1.923,1.972,1.929,0.62%
9Y,2026-01-15,1.936,1.907,1.96,1.906,1.04%
9Y,2026-01-14,1.916,1.929,1.972,1.914,-1.44%
9Y,2026-01-13,1.944,1.857,1.975,1.876,1.36%
9Y,2026-01-12,1.918,1.915,1.947,1.89,0.79%
9Y,2026-01-09,1.903,1.835,1.947,1.855,1.98%
9Y,2026-01-08,1.866,1.867,1.894,1.85,-1.27%
9Y,2026-01-07,1.89,1.891,1.932,1.884,-0.89%
9Y,2026-01-06,1.907,1.878,1.942,1.881,0.63%
9Y,2026-01-05,1.895,1.847,1.936,1.854,0.96%
9Y,2026-01-02,1.877,1.877,1.877,1.877,0.00%
9Y,2026-01-01,1.877,1.877,1.877,1.877,0.00%
9Y,2025-12-31,1.877,1.877,1.877,1.877,0.00%
9Y,2025-12-30,1.877,1.809,1.882,1.823,2.68%
9Y,2025-12-29,1.828,1.798,1.858,1.818,0.11%
9Y,2025-12-26,1.826,1.812,1.838,1.821,-0.27%
9Y,2025-12-25,1.831,1.786,1.837,1.792,1.78%
9Y,2025-12-24,1.799,1.793,1.854,1.793,-0.39%
9Y,2025-12-23,1.806,1.828,1.868,1.796,-2.06%
9Y,2025-12-22,1.844,1.804,1.892,1.805,1.88%
9Y,2025-12-19,1.81,1.752,1.834,1.756,2.49%
9Y,2025-12-18,1.766,1.746,1.792,1.752,-0.11%
9Y,2025-12-17,1.768,1.738,1.8,1.747,0.63%
9Y,2025-12-16,1.757,1.736,1.782,1.74,-1.40%
9Y,2025-12-15,1.782,1.736,1.791,1.726,2.30%
9Y,2025-12-12,1.742,1.699,1.766,1.711,1.16%
9Y,2025-12-11,1.722,1.712,1.75,1.703,-0.35%
9Y,2025-12-10,1.728,1.73,1.761,1.723,-0.35%
9Y,2025-12-09,1.734,1.741,1.772,1.725,-1.20%
9Y,2025-12-08,1.755,1.735,1.791,1.735,0.57%
9Y,2025-12-05,1.745,1.707,1.768,1.714,1.28%
9Y,2025-12-04,1.723,1.668,1.756,1.681,2.19%
9Y,2025-12-03,1.686,1.658,1.716,1.666,1.08%
9Y,2025-12-02,1.668,1.64,1.695,1.651,0.42%
9Y,2025-12-01,1.661,1.603,1.692,1.604,3.10%
9Y,2025-11-28,1.611,1.575,1.631,1.586,1.19%
9Y,2025-11-27,1.592,1.571,1.614,1.58,0.00%
9Y,2025-11-26,1.592,1.568,1.621,1.582,0.06%
9Y,2025-11-25,1.591,1.547,1.61,1.555,1.73%
9Y,2025-11-24,1.564,1.537,1.567,1.563,-0.19%
9Y,2025-11-21,1.567,1.578,1.599,1.557,-1.69%
9Y,2025-11-20,1.594,1.555,1.629,1.554,1.72%
9Y,2025-11-19,1.567,1.513,1.582,1.53,1.16%
9Y,2025-11-18,1.549,1.518,1.562,1.525,1.18%
9Y,2025-11-17,1.531,1.492,1.554,1.512,1.12%
9Y,2025-11-14,1.514,1.499,1.541,1.494,0.33%
9Y,2025-11-13,1.509,1.483,1.533,1.492,0.27%
9Y,2025-11-12,1.505,1.486,1.527,1.493,0.40%
9Y,2025-11-11,1.499,1.506,1.533,1.499,-1.32%
9Y,2025-11-10,1.519,1.483,1.547,1.498,1.47%
9Y,2025-11-07,1.497,1.476,1.52,1.481,1.08%
9Y,2025-11-06,1.481,1.476,1.521,1.477,-0.80%
9Y,2025-11-05,1.493,1.473,1.506,1.465,0.40%
9Y,2025-11-04,1.487,1.459,1.514,1.474,0.20%
9Y,2025-11-03,1.484,1.46,1.496,1.479,0.13%
9Y,2025-10-31,1.482,1.452,1.497,1.457,1.09%
9Y,2025-10-30,1.466,1.458,1.498,1.458,-1.48%
9Y,2025-10-29,1.488,1.437,1.498,1.45,2.20%
9Y,2025-10-28,1.456,1.465,1.492,1.444,-1.29%
9Y,2025-10-27,1.475,1.458,1.508,1.47,0.27%
9Y,2025-10-24,1.471,1.463,1.497,1.461,-0.07%
9Y,2025-10-23,1.472,1.433,1.496,1.445,1.66%
9Y,2025-10-22,1.448,1.454,1.485,1.442,-1.36%
9Y,2025-10-21,1.468,1.46,1.491,1.451,-0.61%
9Y,2025-10-20,1.477,1.426,1.497,1.432,2.07%
9Y,2025-10-17,1.447,1.427,1.46,1.41,0.84%
9Y,2025-10-16,1.435,1.416,1.471,1.431,-0.14%
9Y,2025-10-15,1.437,1.413,1.456,1.422,1.34%
9Y,2025-10-14,1.418,1.447,1.467,1.417,-1.39%
9Y,2025-10-13,1.438,1.438,1.47,1.438,-0.14%
9Y,2025-10-10,1.44,1.489,1.519,1.436,-3.61%
9Y,2025-10-09,1.494,1.482,1.522,1.48,-0.27%
9Y,2025-10-08,1.498,1.488,1.523,1.488,-0.07%
9Y,2025-10-07,1.499,1.494,1.523,1.485,-0.79%
9Y,2025-10-06,1.511,1.484,1.53,1.461,0.80%
9Y,2025-10-03,1.499,1.487,1.517,1.487,-0.07%
9Y,2025-10-02,1.5,1.483,1.528,1.477,0.13%
9Y,2025-10-01,1.498,1.469,1.526,1.476,0.74%
9Y,2025-09-30,1.487,1.458,1.51,1.457,0.95%
9Y,2025-09-29,1.473,1.454,1.498,1.452,1.10%
9Y,2025-09-26,1.457,1.455,1.495,1.454,-0.95%
9Y,2025-09-25,1.471,1.45,1.496,1.454,0.34%
9Y,2025-09-24,1.466,1.443,1.478,1.443,0.69%
9Y,2025-09-23,1.456,1.443,1.458,1.456,-0.07%
9Y,2025-09-22,1.457,1.422,1.479,1.433,1.53%
9Y,2025-09-19,1.435,1.38,1.466,1.4,1.20%
9Y,2025-09-18,1.418,1.388,1.439,1.391,1.29%
9Y,2025-09-17,1.4,1.39,1.422,1.389,-0.14%
9Y,2025-09-16,1.402,1.385,1.431,1.382,0.21%
9Y,2025-09-15,1.399,1.384,1.415,1.399,0.29%
9Y,2025-09-12,1.395,1.358,1.415,1.373,1.53%
9Y,2025-09-11,1.374,1.343,1.399,1.356,1.03%
9Y,2025-09-10,1.36,1.358,1.388,1.353,-1.38%
9Y,2025-09-09,1.379,1.335,1.401,1.339,1.40%
9Y,2025-09-08,1.36,1.338,1.387,1.348,-0.58%
9Y,2025-09-05,1.368,1.372,1.396,1.359,-1.16%
9Y,2025-09-04,1.384,1.409,1.425,1.376,-3.08%
9Y,2025-09-03,1.428,1.406,1.451,1.413,0.28%
9Y,2025-09-02,1.424,1.399,1.446,1.396,0.14%
9Y,2025-09-01,1.422,1.383,1.448,1.392,0.57%
9Y,2025-08-29,1.414,1.393,1.422,1.41,-0.70%
9Y,2025-08-28,1.424,1.4,1.433,1.422,-0.49%
9Y,2025-08-27,1.431,1.408,1.44,1.431,-0.56%
9Y,2025-08-26,1.439,1.384,1.446,1.414,1.84%
9Y,2025-08-25,1.413,1.384,1.414,1.413,-0.07%
9Y,2025-08-22,1.414,1.379,1.415,1.404,0.71%
9Y,2025-08-21,1.404,1.36,1.406,1.39,1.08%
9Y,2025-08-20,1.389,1.36,1.405,1.389,0.00%
9Y,2025-08-19,1.389,1.343,1.396,1.373,1.31%
9Y,2025-08-18,1.371,1.339,1.371,1.361,0.15%
9Y,2025-08-15,1.369,1.326,1.369,1.356,1.03%
9Y,2025-08-14,1.355,1.268,1.355,1.297,4.55%
9Y,2025-08-13,1.296,1.278,1.313,1.296,-0.77%
9Y,2025-08-12,1.306,1.263,1.309,1.289,1.16%
9Y,2025-08-11,1.291,1.261,1.291,1.291,0.00%
9Y,2025-08-08,1.291,1.244,1.291,1.274,1.41%
9Y,2025-08-07,1.273,1.259,1.289,1.27,-1.32%
9Y,2025-08-06,1.29,1.238,1.293,1.268,1.90%
9Y,2025-08-05,1.266,1.248,1.278,1.254,-1.02%
9Y,2025-08-04,1.279,1.254,1.29,1.268,-0.39%
9Y,2025-08-01,1.284,1.314,1.344,1.281,-4.54%
9Y,2025-07-31,1.345,1.326,1.356,1.335,-0.96%
9Y,2025-07-30,1.358,1.315,1.358,1.345,1.04%
9Y,2025-07-29,1.344,1.318,1.356,1.344,2.10%
9Y,2025-07-28,1.316,1.346,1.316,1.31,2.73%
9Y,2025-07-11,1.281,1.254,1.283,1.281,1.99%
9Y,2025-07-10,1.256,1.256,1.256,1.25,-0.10%
9Y,2025-07-09,1.258,1.242,1.259,1.237,1.10%
9Y,2025-07-08,1.244,1.225,1.244,1.225,2.47%
9Y,2025-07-07,1.214,1.19,1.216,1.19,2.00%
9Y,2025-07-04,1.19,1.212,1.212,1.188,-2.06%
9Y,2025-07-03,1.215,1.197,1.215,1.196,1.56%
9Y,2025-07-02,1.196,1.179,1.196,1.179,1.60%
9Y,2025-07-01,1.178,1.183,1.181,1.169,-0.32%
9Y,2025-06-30,1.181,1.186,1.192,1.181,-0.42%
9Y,2025-06-27,1.186,1.17,1.186,1.17,1.29%
9Y,2025-06-26,1.171,1.158,1.171,1.158,1.29%
9Y,2025-06-25,1.156,1.169,1.169,1.143,-1.17%
9Y,2025-06-24,1.17,1.166,1.173,1.161,0.21%
9Y,2025-06-23,1.168,1.161,1.171,1.161,0.54%
9Y,2025-06-20,1.161,1.158,1.165,1.148,0.42%
9Y,2025-06-19,1.156,1.171,1.171,1.156,-1.38%
9Y,2025-06-18,1.173,1.2,1.207,1.173,-2.19%
9Y,2025-06-17,1.199,1.2,1.226,1.191,0.11%
9Y,2025-06-16,1.197,1.194,1.221,1.194,0.31%
9Y,2025-06-13,1.194,1.188,1.194,1.159,-0.10%
9Y,2025-06-12,1.195,1.214,1.217,1.195,-1.44%
9Y,2025-06-11,1.212,1.222,1.222,1.211,-0.92%
9Y,2025-06-10,1.224,1.217,1.23,1.217,0.61%
9Y,2025-06-09,1.216,1.209,1.226,1.209,0.62%
9Y,2025-06-06,1.209,1.209,1.209,1.194,-0.10%
9Y,2025-06-05,1.21,1.235,1.234,1.2,-2.13%
9Y,2025-06-04,1.236,1.219,1.244,1.22,1.54%
9Y,2025-06-03,1.217,1.227,1.227,1.21,-0.92%
9Y,2025-06-02,1.229,1.214,1.231,1.214,1.24%
9Y,2025-05-30,1.214,1.206,1.214,1.204,0.73%
9Y,2025-05-29,1.205,1.224,1.234,1.205,-1.63%
9Y,2025-05-28,1.225,1.185,1.232,1.186,3.48%
9Y,2025-05-27,1.184,1.214,1.214,1.165,-2.57%
9Y,2025-05-26,1.215,1.215,1.215,1.215,0.00%
9Y,2025-05-23,1.215,1.27,3.346,1.214,-4.43%
9Y,2025-05-22,1.271,1.246,1.28,1.247,2.11%
9Y,2025-05-21,1.245,1.24,1.245,1.225,0.30%
9Y,2025-05-20,1.241,1.216,1.241,1.217,2.16%
9Y,2025-05-19,1.215,1.204,1.224,1.202,0.93%
9Y,2025-05-16,1.204,1.197,1.204,1.18,0.42%
9Y,2025-05-15,1.199,1.212,1.216,1.199,-1.24%
9Y,2025-05-14,1.214,1.185,1.214,1.181,2.53%
9Y,2025-05-13,1.184,1.16,1.189,1.16,2.16%
9Y,2025-05-12,1.159,1.087,1.175,1.087,6.56%
9Y,2025-05-09,1.087,1.059,1.094,1.059,2.84%
9Y,2025-05-08,1.058,1.039,1.069,1.039,1.93%
9Y,2025-05-07,1.038,1.014,1.043,1.015,2.47%
9Y,2025-05-05,1.013,1.013,1.013,1.013,0.00%
9Y,2025-05-02,1.013,0.994,1.013,0.994,1.76%
9Y,2025-05-01,0.995,1.015,1.015,0.984,-2.10%
9Y,2025-04-30,1.016,1.046,1.046,1.016,-2.98%
9Y,2025-04-28,1.048,1.079,1.077,1.036,-2.90%
9Y,2025-04-25,1.079,1.038,1.08,1.038,4.23%
9Y,2025-04-24,1.035,1.066,1.066,1.025,-2.82%
9Y,2025-04-23,1.065,1.015,1.067,1.015,4.79%
9Y,2025-04-22,1.016,1.015,1.02,1.014,0.25%
9Y,2025-04-21,1.014,1.014,1.014,1.014,-0.12%
9Y,2025-04-17,1.015,0.981,1.021,0.981,3.57%
9Y,2025-04-16,0.98,1.085,1.082,0.964,-9.68%
9Y,2025-04-15,1.085,1.033,1.09,1.034,4.83%
9Y,2025-04-14,1.035,0.996,1.043,0.996,4.28%
9Y,2025-04-11,0.993,1.036,1.036,0.955,-4.11%
9Y,2025-04-10,1.035,0.936,1.064,0.938,10.70%
9Y,2025-04-09,0.935,1.023,1.023,0.934,-8.78%
9Y,2025-04-08,1.025,0.905,1.072,0.905,12.95%
9Y,2025-04-07,0.908,0.946,0.946,0.856,-3.85%
9Y,2025-04-04,0.944,1.13,1.13,0.901,-16.29%
9Y,2025-04-03,1.128,1.27,1.27,1.12,-11.31%
9Y,2025-04-02,1.271,1.288,1.293,1.264,-1.36%
9Y,2025-04-01,1.289,1.289,1.299,1.281,0.20%
9Y,2025-03-31,1.286,1.334,1.334,1.278,-3.57%
9Y,2025-03-28,1.334,1.364,1.364,1.33,-2.38%
9Y,2025-03-27,1.366,1.38,1.38,1.359,-1.09%
9Y,2025-03-26,1.381,1.372,1.383,1.371,0.82%
9Y,2025-03-25,1.37,1.356,1.376,1.357,1.11%
9Y,2025-03-24,1.355,1.319,1.355,1.319,2.74%
9Y,2025-03-21,1.319,1.342,1.342,1.319,-1.68%
9Y,2025-03-19,1.341,1.32,1.342,1.314,1.51%
9Y,2025-03-18,1.321,1.305,1.322,1.305,1.15%
9Y,2025-03-17,1.306,1.309,1.309,1.303,-0.19%
9Y,2025-03-14,1.309,1.329,1.329,1.301,-1.59%
9Y,2025-03-13,1.33,1.304,1.341,1.304,2.31%
9Y,2025-03-12,1.3,1.31,1.31,1.29,-1.14%
9Y,2025-03-11,1.315,1.33,1.33,1.296,-1.31%
9Y,2025-03-10,1.332,1.293,1.347,1.293,3.09%
9Y,2025-03-07,1.293,1.314,1.314,1.293,-1.81%
9Y,2025-03-06,1.316,1.305,1.336,1.305,0.96%
9Y,2025-03-05,1.304,1.251,1.304,1.251,4.30%
9Y,2025-03-04,1.25,1.27,1.27,1.25,-1.68%
9Y,2025-03-03,1.271,1.229,1.285,1.23,3.46%
9Y,2025-02-28,1.229,1.256,1.256,1.22,-2.09%
9Y,2025-02-27,1.255,1.215,1.268,1.217,3.18%
9Y,2025-02-26,1.216,1.201,1.226,1.202,1.36%
9Y,2025-02-25,1.2,1.246,1.246,1.2,-3.81%
9Y,2025-02-24,1.247,1.247,1.247,1.247,0.00%
9Y,2025-02-21,1.247,1.303,1.303,1.247,-4.32%
9Y,2025-02-20,1.304,1.31,1.31,1.286,-0.57%
9Y,2025-02-19,1.311,1.303,1.32,1.298,0.58%
9Y,2025-02-18,1.304,1.283,1.308,1.283,1.76%
9Y,2025-02-17,1.281,1.258,1.281,1.258,1.89%
9Y,2025-02-14,1.258,1.235,1.259,1.236,1.93%
9Y,2025-02-13,1.234,1.259,1.259,1.234,-2.09%
9Y,2025-02-12,1.26,1.201,1.26,1.206,5.11%
9Y,2025-02-11,1.199,1.199,1.199,1.199,0.00%
9Y,2025-02-10,1.199,1.21,1.21,1.199,-0.93%
9Y,2025-02-07,1.21,1.185,1.21,1.185,2.21%
9Y,2025-02-06,1.184,1.174,1.184,1.168,0.75%
9Y,2025-02-05,1.175,1.174,1.18,1.169,0.21%
9Y,2025-02-04,1.173,1.138,1.183,1.138,3.30%
9Y,2025-02-03,1.135,1.144,1.144,1.13,-0.77%
9Y,2025-01-31,1.144,1.12,1.145,1.139,2.35%
9Y,2025-01-30,1.117,1.105,1.125,1.105,1.24%
9Y,2025-01-29,1.104,1.112,1.111,1.1,-1.00%
9Y,2025-01-28,1.115,1.109,1.119,1.106,0.45%
9Y,2025-01-27,1.11,1.14,1.14,1.092,-2.63%
9Y,2025-01-24,1.14,1.125,1.146,1.125,1.44%
9Y,2025-01-23,1.124,1.104,1.124,1.104,1.93%
9Y,2025-01-22,1.102,1.097,1.112,1.097,0.57%
9Y,2025-01-21,1.096,1.095,1.101,1.095,0.23%
9Y,2025-01-20,1.094,1.101,1.102,1.094,-0.68%
9Y,2025-01-17,1.101,1.11,1.11,1.097,-0.90%
9Y,2025-01-16,1.111,1.122,1.121,1.1,-1.11%
9Y,2025-01-15,1.124,1.135,1.151,1.124,-0.88%
9Y,2025-01-14,1.134,1.133,1.139,1.129,0.22%
9Y,2025-01-13,1.131,1.131,1.131,1.131,0.00%
9Y,2025-01-10,1.131,1.09,1.131,1.09,4.03%
9Y,2025-01-09,1.087,1.107,1.105,1.087,-1.91%
9Y,2025-01-08,1.109,1.082,1.117,1.082,2.30%
9Y,2025-01-07,1.084,1.077,1.084,1.077,0.70%
9Y,2025-01-06,1.076,1.035,1.085,1.035,3.99%
9Y,2025-01-03,1.035,1.035,1.035,1.035,0.00%
9Y,2025-01-02,1.035,1.035,1.035,1.035,0.00%
9Y,2025-01-01,1.035,1.035,1.035,1.035,0.00%
2Y,2026-02-18,1.278,1.276,1.283,1.254,-1.09%
2Y,2026-02-17,1.292,1.302,1.321,1.28,-1.67%
2Y,2026-02-16,1.314,1.318,1.351,1.31,-1.50%
2Y,2026-02-13,1.334,1.33,1.367,1.326,-1.77%
2Y,2026-02-12,1.358,1.328,1.37,1.337,0.59%
2Y,2026-02-11,1.35,1.325,1.356,1.34,-0.44%
2Y,2026-02-10,1.356,1.336,1.368,1.337,-0.37%
2Y,2026-02-09,1.361,1.322,1.378,1.33,1.64%
2Y,2026-02-06,1.339,1.303,1.351,1.297,0.53%
2Y,2026-02-05,1.332,1.304,1.345,1.316,1.06%
2Y,2026-02-04,1.318,1.312,1.343,1.311,-0.08%
2Y,2026-02-03,1.319,1.275,1.345,1.296,1.85%
2Y,2026-02-02,1.295,1.271,1.324,1.285,0.31%
2Y,2026-01-30,1.291,1.291,1.313,1.278,-0.77%
2Y,2026-01-29,1.301,1.279,1.322,1.295,-0.15%
2Y,2026-01-28,1.303,1.312,1.342,1.294,-2.54%
2Y,2026-01-27,1.337,1.296,1.351,1.316,1.44%
2Y,2026-01-26,1.318,1.281,1.339,1.281,2.01%
2Y,2026-01-23,1.292,1.249,1.315,1.254,2.05%
2Y,2026-01-22,1.266,1.262,1.294,1.259,-0.47%
2Y,2026-01-21,1.272,1.256,1.297,1.258,-0.39%
2Y,2026-01-20,1.277,1.243,1.294,1.25,1.35%
2Y,2026-01-19,1.26,1.224,1.278,1.242,1.29%
2Y,2026-01-16,1.244,1.213,1.26,1.233,1.14%
2Y,2026-01-15,1.23,1.214,1.251,1.213,-0.24%
2Y,2026-01-14,1.233,1.2,1.246,1.21,1.15%
2Y,2026-01-13,1.219,1.199,1.234,1.199,2.18%
2Y,2026-01-12,1.193,1.194,1.231,1.193,-0.25%
2Y,2026-01-09,1.196,1.164,1.231,1.174,1.44%
2Y,2026-01-08,1.179,1.186,1.205,1.166,-2.00%
2Y,2026-01-07,1.203,1.211,1.23,1.195,-1.72%
2Y,2026-01-06,1.224,1.213,1.242,1.208,-0.24%
2Y,2026-01-05,1.227,1.188,1.245,1.205,0.41%
2Y,2026-01-02,1.222,1.222,1.222,1.222,0.00%
2Y,2026-01-01,1.222,1.222,1.222,1.222,0.00%
2Y,2025-12-31,1.222,1.222,1.222,1.222,0.00%
2Y,2025-12-30,1.222,1.165,1.225,1.18,2.95%
2Y,2025-12-29,1.187,1.135,1.201,1.162,0.85%
2Y,2025-12-26,1.177,1.158,1.182,1.165,-0.08%
2Y,2025-12-25,1.178,1.131,1.18,1.139,1.55%
2Y,2025-12-24,1.16,1.125,1.173,1.13,1.58%
2Y,2025-12-23,1.142,1.143,1.177,1.136,-1.72%
2Y,2025-12-22,1.162,1.129,1.197,1.142,1.40%
2Y,2025-12-19,1.146,1.1,1.164,1.111,2.78%
2Y,2025-12-18,1.115,1.101,1.131,1.108,-0.18%
2Y,2025-12-17,1.117,1.091,1.133,1.102,1.27%
2Y,2025-12-16,1.103,1.08,1.122,1.097,-0.09%
2Y,2025-12-15,1.104,1.082,1.121,1.095,-0.27%
2Y,2025-12-12,1.107,1.077,1.123,1.089,1.00%
2Y,2025-12-11,1.096,1.089,1.116,1.089,-1.44%
2Y,2025-12-10,1.112,1.09,1.135,1.103,-0.80%
2Y,2025-12-09,1.121,1.1,1.133,1.097,0.72%
2Y,2025-12-08,1.113,1.078,1.128,1.092,1.00%
2Y,2025-12-05,1.102,1.05,1.113,1.058,2.99%
2Y,2025-12-04,1.07,1.038,1.084,1.047,2.29%
2Y,2025-12-03,1.046,1.037,1.066,1.042,-0.29%
2Y,2025-12-02,1.049,1.043,1.069,1.039,-1.13%
2Y,2025-12-01,1.061,1.002,1.07,1.016,4.02%
2Y,2025-11-28,1.02,1.004,1.039,1.01,0.59%
2Y,2025-11-27,1.014,1.007,1.035,1.011,-0.78%
2Y,2025-11-26,1.022,0.993,1.042,1.012,0.00%
2Y,2025-11-25,1.022,0.977,1.033,0.92,2.92%
2Y,2025-11-24,0.993,0.943,0.993,0.968,0.00%
2Y,2025-11-21,0.993,0.987,1.013,0.97,-1.49%
2Y,2025-11-20,1.008,0.951,1.021,0.964,4.13%
2Y,2025-11-19,0.968,0.938,0.987,0.949,1.26%
2Y,2025-11-18,0.956,0.956,0.981,0.946,-1.24%
2Y,2025-11-17,0.968,0.948,0.987,0.96,-0.21%
2Y,2025-11-14,0.97,0.957,0.988,0.962,0.00%
2Y,2025-11-13,0.97,0.954,0.984,0.961,-0.10%
2Y,2025-11-12,0.971,0.956,0.989,0.963,-0.10%
2Y,2025-11-11,0.972,0.961,0.992,0.966,-1.72%
2Y,2025-11-10,0.989,0.961,1.005,0.975,0.61%
2Y,2025-11-07,0.983,0.965,1.0,0.974,-0.30%
2Y,2025-11-06,0.986,0.957,1.001,0.97,1.13%
2Y,2025-11-05,0.975,0.974,0.999,0.967,-0.71%
2Y,2025-11-04,0.982,0.952,1.001,0.972,0.51%
2Y,2025-11-03,0.977,0.955,0.986,0.972,0.10%
2Y,2025-10-31,0.976,0.957,0.993,0.968,0.31%
2Y,2025-10-30,0.973,0.963,1.005,0.969,-1.22%
2Y,2025-10-29,0.985,0.95,1.006,0.969,1.23%
2Y,2025-10-28,0.973,0.96,0.993,0.962,-1.22%
2Y,2025-10-27,0.985,0.957,1.001,0.974,0.31%
2Y,2025-10-24,0.982,0.963,0.997,0.97,0.20%
2Y,2025-10-23,0.98,0.948,0.996,0.962,1.34%
2Y,2025-10-22,0.967,0.957,0.992,0.961,-1.23%
2Y,2025-10-21,0.979,0.973,0.997,0.963,-1.31%
2Y,2025-10-20,0.992,0.938,1.002,0.947,4.53%
2Y,2025-10-17,0.949,0.944,0.974,0.931,-1.35%
2Y,2025-10-16,0.962,0.918,0.978,0.929,3.66%
2Y,2025-10-15,0.928,0.894,0.948,0.911,1.31%
2Y,2025-10-14,0.916,0.93,0.961,0.909,-3.68%
2Y,2025-10-13,0.951,0.925,0.962,0.947,-0.21%
2Y,2025-10-10,0.953,0.957,0.987,0.941,-2.26%
2Y,2025-10-09,0.975,0.962,0.996,0.968,-0.20%
2Y,2025-10-08,0.977,0.949,0.998,0.964,1.03%
2Y,2025-10-07,0.967,0.935,0.983,0.953,1.15%
2Y,2025-10-06,0.956,0.97,1.002,0.918,-3.53%
2Y,2025-10-03,0.991,0.985,1.008,0.982,-1.00%
2Y,2025-10-02,1.001,0.989,1.02,0.987,-0.89%
2Y,2025-10-01,1.01,0.994,1.028,1.002,-0.49%
2Y,2025-09-30,1.015,0.987,1.032,1.0,1.00%
2Y,2025-09-29,1.005,0.97,1.022,0.986,0.00%
2Y,2025-09-26,1.005,0.983,1.018,0.989,-0.10%
2Y,2025-09-25,1.006,0.973,1.019,0.985,2.13%
2Y,2025-09-24,0.985,0.976,1.004,0.977,-0.71%
2Y,2025-09-23,0.992,0.977,0.992,0.992,0.61%
2Y,2025-09-22,0.986,0.946,1.006,0.966,1.54%
2Y,2025-09-19,0.971,0.911,0.99,0.931,3.52%
2Y,2025-09-18,0.938,0.908,0.951,0.923,1.08%
2Y,2025-09-17,0.928,0.908,0.945,0.92,-0.32%
2Y,2025-09-16,0.931,0.9,0.945,0.912,1.31%
2Y,2025-09-15,0.919,0.899,0.933,0.917,-1.50%
2Y,2025-09-12,0.933,0.894,0.938,0.908,2.30%
2Y,2025-09-11,0.912,0.884,0.926,0.898,1.11%
2Y,2025-09-10,0.902,0.885,0.924,0.894,-0.99%
2Y,2025-09-09,0.911,0.855,0.925,0.862,4.23%
2Y,2025-09-08,0.874,0.852,0.891,0.858,-0.79%
2Y,2025-09-05,0.881,0.87,0.903,0.872,-0.90%
2Y,2025-09-04,0.889,0.882,0.922,0.883,-3.05%
2Y,2025-09-03,0.917,0.894,0.926,0.9,0.22%
2Y,2025-09-02,0.915,0.911,0.943,0.903,-1.93%
2Y,2025-09-01,0.933,0.897,0.944,0.911,0.76%
2Y,2025-08-29,0.926,0.899,0.929,0.924,-0.43%
2Y,2025-08-28,0.93,0.899,0.934,0.929,-0.11%
2Y,2025-08-27,0.931,0.913,0.943,0.931,-1.06%
2Y,2025-08-26,0.941,0.903,0.946,0.933,1.07%
2Y,2025-08-25,0.931,0.901,0.931,0.931,0.00%
2Y,2025-08-22,0.931,0.894,0.931,0.924,1.31%
2Y,2025-08-21,0.919,0.878,0.919,0.908,1.43%
2Y,2025-08-20,0.906,0.879,0.916,0.906,-0.22%
2Y,2025-08-19,0.908,0.864,0.913,0.894,1.68%
2Y,2025-08-18,0.893,0.866,0.898,0.889,-0.33%
2Y,2025-08-15,0.896,0.856,0.896,0.886,1.24%
2Y,2025-08-14,0.885,0.818,0.885,0.847,4.61%
2Y,2025-08-13,0.846,0.819,0.85,0.846,-0.12%
2Y,2025-08-12,0.847,0.81,0.847,0.839,0.95%
2Y,2025-08-11,0.839,0.809,0.839,0.839,0.00%
2Y,2025-08-08,0.839,0.798,0.839,0.828,1.57%
2Y,2025-08-07,0.826,0.813,0.843,0.825,-2.13%
2Y,2025-08-06,0.844,0.788,0.847,0.818,3.43%
2Y,2025-08-05,0.816,0.789,0.819,0.811,-0.49%
2Y,2025-08-04,0.82,0.788,0.823,0.815,0.24%
2Y,2025-08-01,0.818,0.844,0.874,0.818,-6.51%
2Y,2025-07-31,0.875,0.849,0.879,0.867,-0.57%
2Y,2025-07-30,0.88,0.848,0.88,0.874,0.11%
2Y,2025-07-29,0.879,0.855,0.885,0.879,2.65%
2Y,2025-07-28,0.856,0.878,0.856,0.853,5.87%
2Y,2025-07-11,0.809,0.786,0.81,0.809,3.03%
2Y,2025-07-10,0.785,0.78,0.785,0.78,0.80%
2Y,2025-07-09,0.779,0.757,0.781,0.757,2.98%
2Y,2025-07-08,0.756,0.748,0.756,0.745,1.00%
2Y,2025-07-07,0.749,0.751,0.751,0.749,-0.33%
2Y,2025-07-04,0.751,0.77,0.77,0.75,-2.59%
2Y,2025-07-03,0.771,0.77,0.771,0.759,0.33%
2Y,2025-07-02,0.769,0.764,0.769,0.759,0.50%
2Y,2025-07-01,0.765,0.765,0.765,0.761,0.16%
2Y,2025-06-30,0.764,0.764,0.767,0.764,0.00%
2Y,2025-06-27,0.764,0.755,0.765,0.754,1.33%
2Y,2025-06-26,0.754,0.749,0.754,0.749,1.00%
2Y,2025-06-25,0.746,0.744,0.746,0.735,0.17%
2Y,2025-06-24,0.745,0.744,0.748,0.741,0.00%
2Y,2025-06-23,0.745,0.74,0.749,0.739,0.68%
2Y,2025-06-20,0.74,0.73,0.74,0.729,1.54%
2Y,2025-06-19,0.729,0.736,0.736,0.728,-1.18%
2Y,2025-06-18,0.738,0.748,0.752,0.738,-1.51%
2Y,2025-06-17,0.749,0.771,0.78,0.746,-2.75%
2Y,2025-06-16,0.77,0.761,0.783,0.761,1.14%
2Y,2025-06-13,0.761,0.752,0.761,0.741,1.33%
2Y,2025-06-12,0.751,0.761,0.764,0.751,-1.47%
2Y,2025-06-11,0.762,0.777,0.776,0.762,-2.09%
2Y,2025-06-10,0.779,0.786,0.786,0.779,-1.10%
2Y,2025-06-09,0.788,0.788,0.791,0.785,0.00%
2Y,2025-06-06,0.788,0.776,0.788,0.776,1.61%
2Y,2025-06-05,0.775,0.785,0.784,0.772,-1.44%
2Y,2025-06-04,0.786,0.78,0.786,0.783,0.64%
2Y,2025-06-03,0.781,0.781,0.781,0.777,-0.15%
2Y,2025-06-02,0.783,0.774,0.783,0.774,1.12%
2Y,2025-05-30,0.774,0.761,0.775,0.762,1.82%
2Y,2025-05-29,0.76,0.777,0.783,0.76,-2.41%
2Y,2025-05-28,0.779,0.76,0.784,0.76,2.64%
2Y,2025-05-27,0.759,0.739,0.759,0.74,2.54%
2Y,2025-05-26,0.74,0.74,0.74,0.74,0.00%
2Y,2025-05-23,0.74,0.757,0.756,0.74,-2.48%
2Y,2025-05-22,0.759,0.755,0.761,0.75,0.66%
2Y,2025-05-21,0.754,0.756,0.755,0.746,-0.49%
2Y,2025-05-20,0.757,0.751,0.757,0.746,0.66%
2Y,2025-05-19,0.752,0.749,0.756,0.745,0.49%
2Y,2025-05-16,0.749,0.75,0.75,0.735,0.00%
2Y,2025-05-15,0.749,0.759,0.756,0.746,-1.15%
2Y,2025-05-14,0.757,0.751,0.757,0.733,0.66%
2Y,2025-05-13,0.752,0.736,0.752,0.738,2.03%
2Y,2025-05-12,0.738,0.675,0.739,0.675,9.26%
2Y,2025-05-09,0.675,0.668,0.679,0.668,1.31%
2Y,2025-05-08,0.666,0.66,0.668,0.658,1.15%
2Y,2025-05-07,0.659,0.651,0.661,0.652,0.95%
2Y,2025-05-05,0.652,0.652,0.652,0.652,0.00%
2Y,2025-05-02,0.652,0.651,0.652,0.64,0.00%
2Y,2025-05-01,0.652,0.686,0.686,0.645,-5.09%
2Y,2025-04-30,0.688,0.705,0.705,0.688,-2.66%
2Y,2025-04-28,0.706,0.709,0.709,0.697,-0.35%
2Y,2025-04-25,0.709,0.681,0.709,0.683,4.24%
2Y,2025-04-24,0.68,0.697,0.697,0.671,-2.69%
2Y,2025-04-23,0.699,0.661,0.699,0.663,5.48%
2Y,2025-04-22,0.663,0.655,0.665,0.655,1.33%
2Y,2025-04-21,0.654,0.654,0.654,0.654,0.00%
2Y,2025-04-17,0.654,0.634,0.659,0.634,3.37%
2Y,2025-04-16,0.632,0.69,0.689,0.618,-8.17%
2Y,2025-04-15,0.689,0.626,0.689,0.627,9.33%
2Y,2025-04-14,0.63,0.596,0.631,0.596,5.67%
2Y,2025-04-11,0.596,0.659,0.659,0.574,-9.67%
2Y,2025-04-10,0.66,0.576,0.67,0.577,14.78%
2Y,2025-04-09,0.575,0.692,0.691,0.571,-17.12%
2Y,2025-04-08,0.694,0.624,0.697,0.625,11.22%
2Y,2025-04-07,0.624,0.651,0.651,0.586,-4.22%
2Y,2025-04-04,0.651,0.786,0.69,0.615,-17.03%
2Y,2025-04-03,0.785,0.869,0.869,0.78,-9.77%
2Y,2025-04-02,0.87,0.879,0.879,0.866,-1.14%
2Y,2025-04-01,0.88,0.88,0.884,0.877,-0.15%
2Y,2025-03-31,0.881,0.906,0.908,0.874,-2.76%
2Y,2025-03-28,0.906,0.928,0.928,0.905,-2.16%
2Y,2025-03-27,0.926,0.934,0.934,0.923,-0.93%
2Y,2025-03-26,0.935,0.923,0.935,0.923,1.49%
2Y,2025-03-25,0.921,0.906,0.926,0.906,1.52%
2Y,2025-03-24,0.908,0.89,0.908,0.891,1.97%
2Y,2025-03-21,0.89,0.892,0.895,0.89,-0.15%
2Y,2025-03-19,0.891,0.866,0.892,0.866,3.04%
2Y,2025-03-18,0.865,0.846,0.865,0.846,2.06%
2Y,2025-03-17,0.848,0.859,0.859,0.848,-1.32%
2Y,2025-03-14,0.859,0.887,0.887,0.855,-3.51%
2Y,2025-03-13,0.89,0.871,0.895,0.871,2.30%
2Y,2025-03-12,0.87,0.875,0.875,0.859,-0.72%
2Y,2025-03-11,0.876,0.894,0.892,0.861,-2.09%
2Y,2025-03-10,0.895,0.874,0.904,0.874,2.43%
2Y,2025-03-07,0.874,0.874,0.876,0.871,-0.14%
2Y,2025-03-06,0.875,0.871,0.885,0.871,1.00%
2Y,2025-03-05,0.866,0.856,0.866,0.856,1.46%
2Y,2025-03-04,0.854,0.868,0.868,0.854,-1.73%
2Y,2025-03-03,0.869,0.848,0.876,0.848,2.51%
2Y,2025-02-28,0.848,0.865,0.864,0.841,-1.89%
2Y,2025-02-27,0.864,0.831,0.873,0.834,3.76%
2Y,2025-02-26,0.832,0.827,0.841,0.827,0.75%
2Y,2025-02-25,0.826,0.849,0.848,0.826,-2.50%
2Y,2025-02-24,0.848,0.848,0.848,0.848,0.00%
2Y,2025-02-21,0.848,0.884,0.882,0.848,-3.97%
2Y,2025-02-20,0.882,0.884,0.884,0.871,-0.28%
2Y,2025-02-19,0.885,0.882,0.89,0.876,0.14%
2Y,2025-02-18,0.884,0.875,0.885,0.876,1.14%
2Y,2025-02-17,0.874,0.855,0.874,0.855,2.20%
2Y,2025-02-14,0.855,0.831,0.855,0.834,3.01%
2Y,2025-02-13,0.83,0.854,0.854,0.83,-2.92%
2Y,2025-02-12,0.855,0.84,0.855,0.83,1.63%
2Y,2025-02-11,0.841,0.841,0.841,0.841,0.00%
2Y,2025-02-10,0.841,0.851,0.853,0.839,-1.17%
2Y,2025-02-07,0.851,0.834,0.851,0.834,2.26%
2Y,2025-02-06,0.832,0.813,0.832,0.82,2.30%
2Y,2025-02-05,0.814,0.808,0.817,0.808,0.93%
2Y,2025-02-04,0.806,0.79,0.814,0.79,2.39%
2Y,2025-02-03,0.788,0.793,0.794,0.785,-0.63%
2Y,2025-01-31,0.793,0.775,0.795,0.793,2.42%
2Y,2025-01-30,0.774,0.751,0.777,0.751,2.83%
2Y,2025-01-29,0.752,0.75,0.752,0.75,0.16%
2Y,2025-01-28,0.751,0.748,0.754,0.745,0.33%
2Y,2025-01-27,0.749,0.774,0.775,0.745,-3.23%
2Y,2025-01-24,0.774,0.75,0.777,0.75,3.34%
2Y,2025-01-23,0.749,0.744,0.749,0.744,1.01%
2Y,2025-01-22,0.741,0.731,0.746,0.733,1.55%
2Y,2025-01-21,0.73,0.726,0.731,0.726,0.69%
2Y,2025-01-20,0.725,0.733,0.734,0.725,-1.02%
2Y,2025-01-17,0.733,0.731,0.733,0.728,0.00%
2Y,2025-01-16,0.733,0.721,0.733,0.723,1.20%
2Y,2025-01-15,0.724,0.719,0.741,0.719,0.88%
2Y,2025-01-14,0.717,0.725,0.724,0.716,-0.87%
2Y,2025-01-13,0.724,0.724,0.724,0.724,0.00%
2Y,2025-01-10,0.724,0.697,0.724,0.694,3.95%
2Y,2025-01-09,0.696,0.717,0.716,0.695,-3.13%
2Y,2025-01-08,0.719,0.709,0.72,0.709,1.60%
2Y,2025-01-07,0.707,0.704,0.707,0.704,0.71%
2Y,2025-01-06,0.702,0.675,0.706,0.678,4.07%
2Y,2025-01-03,0.675,0.675,0.675,0.675,0.00%
2Y,2025-01-02,0.675,0.675,0.675,0.675,0.00%
2Y,2025-01-01,0.675,0.675,0.675,0.675,0.00%
12Y,2026-02-18,2.109,2.1,2.128,2.059,-0.59%
12Y,2026-02-17,2.122,2.162,2.178,2.109,-2.62%
12Y,2026-02-16,2.179,2.165,2.217,2.164,0.32%
12Y,2026-02-13,2.172,2.154,2.225,2.164,-0.28%
12Y,2026-02-12,2.178,2.184,2.232,2.165,-1.58%
12Y,2026-02-11,2.213,2.17,2.213,2.183,-0.05%
12Y,2026-02-10,2.214,2.225,2.255,2.191,-1.47%
12Y,2026-02-09,2.247,2.219,2.29,2.215,1.35%
12Y,2026-02-06,2.217,2.169,2.249,2.138,1.09%
12Y,2026-02-05,2.193,2.203,2.242,2.188,-1.04%
12Y,2026-02-04,2.216,2.212,2.261,2.209,-0.58%
12Y,2026-02-03,2.229,2.203,2.264,2.205,0.27%
12Y,2026-02-02,2.223,2.214,2.255,2.192,0.63%
12Y,2026-01-30,2.209,2.216,2.249,2.199,-0.76%
12Y,2026-01-29,2.226,2.225,2.267,2.218,-0.71%
12Y,2026-01-28,2.242,2.243,2.289,2.214,-0.97%
12Y,2026-01-27,2.264,2.208,2.295,2.222,1.98%
12Y,2026-01-26,2.22,2.24,2.273,2.193,-0.85%
12Y,2026-01-23,2.239,2.212,2.276,2.215,0.77%
12Y,2026-01-22,2.222,2.268,2.286,2.219,-2.59%
12Y,2026-01-21,2.281,2.317,2.342,2.261,-2.27%
12Y,2026-01-20,2.334,2.231,2.385,2.238,3.60%
12Y,2026-01-19,2.253,2.177,2.272,2.17,3.21%
12Y,2026-01-16,2.183,2.157,2.205,2.159,0.69%
12Y,2026-01-15,2.168,2.143,2.182,2.142,0.56%
12Y,2026-01-14,2.156,2.165,2.209,2.149,-1.06%
12Y,2026-01-13,2.179,2.083,2.212,2.1,1.59%
12Y,2026-01-12,2.145,2.148,2.18,2.104,0.70%
12Y,2026-01-09,2.13,2.071,2.182,2.088,1.33%
12Y,2026-01-08,2.102,2.1,2.129,2.086,-0.66%
12Y,2026-01-07,2.116,2.121,2.164,2.114,-0.75%
12Y,2026-01-06,2.132,2.111,2.168,2.109,0.61%
12Y,2026-01-05,2.119,2.076,2.162,2.08,0.52%
12Y,2026-01-02,2.108,2.108,2.108,2.108,0.00%
12Y,2026-01-01,2.108,2.108,2.108,2.108,0.00%
12Y,2025-12-31,2.108,2.108,2.108,2.108,0.00%
12Y,2025-12-30,2.108,2.041,2.11,2.054,2.33%
12Y,2025-12-29,2.06,2.034,2.091,2.051,0.15%
12Y,2025-12-26,2.057,2.044,2.071,2.049,0.00%
12Y,2025-12-25,2.057,2.039,2.069,2.024,0.88%
12Y,2025-12-24,2.039,2.03,2.089,2.028,-0.39%
12Y,2025-12-23,2.047,2.063,2.107,2.032,-1.30%
12Y,2025-12-22,2.074,2.041,2.125,2.04,1.37%
12Y,2025-12-19,2.046,1.987,2.075,1.993,2.30%
12Y,2025-12-18,2.0,1.98,2.033,1.989,-0.15%
12Y,2025-12-17,2.003,1.973,2.042,1.979,0.60%
12Y,2025-12-16,1.991,1.971,2.019,1.973,-1.78%
12Y,2025-12-15,2.027,1.967,2.027,1.96,2.95%
12Y,2025-12-12,1.969,1.948,2.001,1.945,0.46%
12Y,2025-12-11,1.96,1.942,1.988,1.938,-0.10%
12Y,2025-12-10,1.962,1.962,1.997,1.957,-0.36%
12Y,2025-12-09,1.969,1.977,2.002,1.959,-0.91%
12Y,2025-12-08,1.987,1.958,2.031,1.966,0.71%
12Y,2025-12-05,1.973,1.933,1.995,1.944,0.71%
12Y,2025-12-04,1.959,1.902,1.988,1.914,2.57%
12Y,2025-12-03,1.91,1.882,1.949,1.893,0.74%
12Y,2025-12-02,1.896,1.875,1.928,1.876,0.16%
12Y,2025-12-01,1.893,1.83,1.917,1.832,2.99%
12Y,2025-11-28,1.838,1.803,1.861,1.813,1.21%
12Y,2025-11-27,1.816,1.8,1.84,1.805,-0.06%
12Y,2025-11-26,1.817,1.806,1.847,1.807,0.00%
12Y,2025-11-25,1.817,1.776,1.837,1.787,1.40%
12Y,2025-11-24,1.792,1.761,1.797,1.791,0.17%
12Y,2025-11-21,1.789,1.813,1.831,1.782,-1.87%
12Y,2025-11-20,1.823,1.795,1.865,1.794,0.83%
12Y,2025-11-19,1.808,1.754,1.822,1.77,1.12%
12Y,2025-11-18,1.788,1.747,1.807,1.76,1.88%
12Y,2025-11-17,1.755,1.723,1.789,1.739,0.98%
12Y,2025-11-14,1.738,1.723,1.765,1.718,0.12%
12Y,2025-11-13,1.736,1.7,1.761,1.713,1.05%
12Y,2025-11-12,1.718,1.709,1.749,1.71,0.12%
12Y,2025-11-11,1.716,1.711,1.747,1.714,-0.69%
12Y,2025-11-10,1.728,1.692,1.763,1.708,1.53%
12Y,2025-11-07,1.702,1.687,1.733,1.691,0.65%
12Y,2025-11-06,1.691,1.66,1.733,1.68,-0.59%
12Y,2025-11-05,1.701,1.687,1.721,1.679,0.18%
12Y,2025-11-04,1.698,1.667,1.726,1.687,0.35%
12Y,2025-11-03,1.692,1.68,1.712,1.687,0.12%
12Y,2025-10-31,1.69,1.661,1.714,1.671,0.78%
12Y,2025-10-30,1.677,1.661,1.71,1.668,-1.58%
12Y,2025-10-29,1.704,1.658,1.712,1.665,2.28%
12Y,2025-10-28,1.666,1.672,1.703,1.662,-1.36%
12Y,2025-10-27,1.689,1.673,1.724,1.684,0.12%
12Y,2025-10-24,1.687,1.681,1.713,1.677,-0.18%
12Y,2025-10-23,1.69,1.651,1.716,1.663,1.32%
12Y,2025-10-22,1.668,1.667,1.701,1.66,-0.71%
12Y,2025-10-21,1.68,1.67,1.712,1.665,-0.24%
12Y,2025-10-20,1.684,1.648,1.714,1.648,1.26%
12Y,2025-10-17,1.663,1.64,1.678,1.628,0.54%
12Y,2025-10-16,1.654,1.639,1.693,1.65,-0.54%
12Y,2025-10-15,1.663,1.639,1.683,1.649,0.48%
12Y,2025-10-14,1.655,1.663,1.699,1.648,-2.42%
12Y,2025-10-13,1.696,1.663,1.701,1.639,1.68%
12Y,2025-10-10,1.668,1.714,1.745,1.663,-3.14%
12Y,2025-10-09,1.722,1.714,1.747,1.701,0.17%
12Y,2025-10-08,1.719,1.708,1.75,1.713,-0.46%
12Y,2025-10-07,1.727,1.727,1.757,1.711,-1.14%
12Y,2025-10-06,1.747,1.693,1.765,1.675,2.40%
12Y,2025-10-03,1.706,1.699,1.728,1.694,-0.29%
12Y,2025-10-02,1.711,1.694,1.735,1.683,0.47%
12Y,2025-10-01,1.703,1.68,1.736,1.68,0.95%
12Y,2025-09-30,1.687,1.657,1.713,1.659,1.14%
12Y,2025-09-29,1.668,1.658,1.698,1.657,0.12%
12Y,2025-09-26,1.666,1.643,1.701,1.656,-0.18%
12Y,2025-09-25,1.669,1.653,1.697,1.653,-0.12%
12Y,2025-09-24,1.671,1.655,1.685,1.647,-0.12%
12Y,2025-09-23,1.673,1.66,1.675,1.673,0.48%
12Y,2025-09-22,1.665,1.636,1.694,1.646,0.91%
12Y,2025-09-19,1.65,1.603,1.679,1.623,0.36%
12Y,2025-09-18,1.644,1.613,1.665,1.614,0.74%
12Y,2025-09-17,1.632,1.617,1.65,1.617,-0.12%
12Y,2025-09-16,1.634,1.647,1.67,1.608,1.11%
12Y,2025-09-15,1.616,1.613,1.647,1.615,-0.43%
12Y,2025-09-12,1.623,1.59,1.646,1.604,1.06%
12Y,2025-09-11,1.606,1.573,1.63,1.584,1.07%
12Y,2025-09-10,1.589,1.599,1.624,1.582,-1.37%
12Y,2025-09-09,1.611,1.578,1.641,1.575,1.00%
12Y,2025-09-08,1.595,1.575,1.626,1.579,-0.44%
12Y,2025-09-05,1.602,1.603,1.63,1.592,-0.56%
12Y,2025-09-04,1.611,1.649,1.665,1.608,-3.36%
12Y,2025-09-03,1.667,1.643,1.696,1.649,0.85%
12Y,2025-09-02,1.653,1.639,1.683,1.626,-0.12%
12Y,2025-09-01,1.655,1.612,1.678,1.618,0.67%
12Y,2025-08-29,1.644,1.625,1.655,1.64,-0.72%
12Y,2025-08-28,1.656,1.635,1.665,1.655,-0.60%
12Y,2025-08-27,1.666,1.643,1.675,1.666,-0.48%
12Y,2025-08-26,1.674,1.618,1.681,1.648,1.70%
12Y,2025-08-25,1.646,1.618,1.648,1.646,-0.12%
12Y,2025-08-22,1.648,1.614,1.649,1.638,0.55%
12Y,2025-08-21,1.639,1.595,1.64,1.625,0.92%
12Y,2025-08-20,1.624,1.59,1.639,1.62,0.31%
12Y,2025-08-19,1.619,1.576,1.626,1.606,0.87%
12Y,2025-08-18,1.605,1.569,1.605,1.593,0.38%
12Y,2025-08-15,1.599,1.556,1.599,1.585,0.88%
12Y,2025-08-14,1.585,1.501,1.585,1.531,3.59%
12Y,2025-08-13,1.53,1.514,1.545,1.53,-0.84%
12Y,2025-08-12,1.543,1.496,1.545,1.525,1.18%
12Y,2025-08-11,1.525,1.495,1.525,1.525,0.00%
12Y,2025-08-08,1.525,1.478,1.525,1.508,1.26%
12Y,2025-08-07,1.506,1.489,1.519,1.503,-0.92%
12Y,2025-08-06,1.52,1.473,1.523,1.503,1.27%
12Y,2025-08-05,1.501,1.486,1.516,1.489,-1.12%
12Y,2025-08-04,1.518,1.486,1.531,1.508,0.13%
12Y,2025-08-01,1.516,1.545,1.579,1.514,-3.81%
12Y,2025-07-31,1.576,1.56,1.59,1.566,-0.94%
12Y,2025-07-30,1.591,1.545,1.591,1.575,1.08%
12Y,2025-07-29,1.574,1.544,1.586,1.574,2.04%
12Y,2025-07-28,1.543,1.574,1.543,1.538,1.73%
12Y,2025-07-11,1.516,1.491,1.518,1.516,1.51%
12Y,2025-07-10,1.494,1.497,1.497,1.489,-0.33%
12Y,2025-07-09,1.499,1.484,1.5,1.477,0.93%
12Y,2025-07-08,1.485,1.444,1.485,1.466,2.77%
12Y,2025-07-07,1.445,1.418,1.447,1.418,1.94%
12Y,2025-07-04,1.418,1.442,1.439,1.415,-1.65%
12Y,2025-07-03,1.441,1.418,1.441,1.418,1.77%
12Y,2025-07-02,1.416,1.4,1.416,1.4,1.25%
12Y,2025-07-01,1.399,1.404,1.404,1.39,-0.44%
12Y,2025-06-30,1.405,1.409,1.415,1.405,-0.27%
12Y,2025-06-27,1.409,1.394,1.409,1.39,1.17%
12Y,2025-06-26,1.393,1.378,1.393,1.378,1.18%
12Y,2025-06-25,1.376,1.394,1.394,1.362,-1.34%
12Y,2025-06-24,1.395,1.391,1.398,1.386,0.18%
12Y,2025-06-23,1.393,1.384,1.396,1.384,0.63%
12Y,2025-06-20,1.384,1.385,1.394,1.369,0.00%
12Y,2025-06-19,1.384,1.395,1.398,1.384,-0.90%
12Y,2025-06-18,1.396,1.419,1.431,1.396,-1.50%
12Y,2025-06-17,1.418,1.415,1.446,1.41,0.26%
12Y,2025-06-16,1.414,1.415,1.44,1.414,-0.08%
12Y,2025-06-13,1.415,1.41,1.415,1.38,-0.18%
12Y,2025-06-12,1.418,1.436,1.444,1.418,-1.22%
12Y,2025-06-11,1.435,1.447,1.447,1.435,-0.95%
12Y,2025-06-10,1.449,1.43,1.454,1.43,1.40%
12Y,2025-06-09,1.429,1.423,1.444,1.424,0.44%
12Y,2025-06-06,1.423,1.428,1.423,1.406,-0.27%
12Y,2025-06-05,1.426,1.459,1.457,1.418,-2.31%
12Y,2025-06-04,1.46,1.436,1.467,1.439,1.57%
12Y,2025-06-03,1.438,1.442,1.442,1.426,-0.44%
12Y,2025-06-02,1.444,1.43,1.446,1.43,0.97%
12Y,2025-05-30,1.43,1.42,1.43,1.418,0.79%
12Y,2025-05-29,1.419,1.434,1.449,1.419,-1.13%
12Y,2025-05-28,1.435,1.393,1.442,1.393,3.14%
12Y,2025-05-27,1.391,1.446,1.446,1.369,-3.88%
12Y,2025-05-26,1.447,1.447,1.447,1.447,0.00%
12Y,2025-05-23,1.447,1.509,3.089,1.446,-4.14%
12Y,2025-05-22,1.51,1.48,1.519,1.48,2.11%
12Y,2025-05-21,1.479,1.462,1.479,1.459,1.02%
12Y,2025-05-20,1.464,1.425,1.466,1.426,2.63%
12Y,2025-05-19,1.426,1.415,1.436,1.414,0.80%
12Y,2025-05-16,1.415,1.416,1.415,1.39,-0.18%
12Y,2025-05-15,1.418,1.431,1.434,1.418,-1.05%
12Y,2025-05-14,1.433,1.399,1.433,1.396,2.50%
12Y,2025-05-13,1.398,1.379,1.403,1.379,1.45%
12Y,2025-05-12,1.378,1.308,1.398,1.308,5.35%
12Y,2025-05-09,1.308,1.274,1.314,1.274,2.75%
12Y,2025-05-08,1.273,1.254,1.283,1.254,1.60%
12Y,2025-05-07,1.253,1.22,1.258,1.221,2.77%
12Y,2025-05-05,1.219,1.219,1.219,1.219,0.00%
12Y,2025-05-02,1.219,1.199,1.219,1.199,1.57%
12Y,2025-05-01,1.2,1.216,1.219,1.189,-1.44%
12Y,2025-04-30,1.217,1.247,1.246,1.217,-2.51%
12Y,2025-04-28,1.249,1.285,1.284,1.24,-2.82%
12Y,2025-04-25,1.285,1.246,1.286,1.247,3.31%
12Y,2025-04-24,1.244,1.27,1.268,1.232,-2.16%
12Y,2025-04-23,1.271,1.224,1.274,1.224,3.78%
12Y,2025-04-22,1.225,1.222,1.23,1.222,0.30%
12Y,2025-04-21,1.221,1.222,1.221,1.221,-0.10%
12Y,2025-04-17,1.222,1.194,1.229,1.194,2.52%
12Y,2025-04-16,1.192,1.306,1.304,1.175,-8.71%
12Y,2025-04-15,1.306,1.28,1.311,1.276,1.86%
12Y,2025-04-14,1.283,1.242,1.29,1.242,3.53%
12Y,2025-04-11,1.239,1.237,1.278,1.204,0.20%
12Y,2025-04-10,1.236,1.15,1.275,1.15,7.62%
12Y,2025-04-09,1.149,1.191,1.191,1.148,-3.77%
12Y,2025-04-08,1.194,1.074,1.225,1.075,10.92%
12Y,2025-04-07,1.076,1.117,1.117,1.024,-3.47%
12Y,2025-04-04,1.115,1.097,1.18,1.072,-13.73%
12Y,2025-04-03,1.293,1.436,1.436,1.285,-10.09%
12Y,2025-04-02,1.438,1.456,1.461,1.429,-1.37%
12Y,2025-04-01,1.457,1.456,1.47,1.45,0.25%
12Y,2025-03-31,1.454,1.499,1.499,1.444,-3.00%
12Y,2025-03-28,1.499,1.529,1.529,1.495,-2.12%
12Y,2025-03-27,1.531,1.548,1.546,1.524,-1.13%
12Y,2025-03-26,1.549,1.543,1.55,1.538,0.57%
12Y,2025-03-25,1.54,1.53,1.548,1.53,0.73%
12Y,2025-03-24,1.529,1.492,1.529,1.492,2.43%
12Y,2025-03-21,1.492,1.524,1.524,1.492,-1.97%
12Y,2025-03-19,1.523,1.497,1.524,1.494,1.58%
12Y,2025-03-18,1.499,1.487,1.5,1.487,0.84%
12Y,2025-03-17,1.486,1.482,1.486,1.482,0.26%
12Y,2025-03-14,1.482,1.499,1.499,1.476,-1.17%
12Y,2025-03-13,1.5,1.481,1.515,1.481,1.52%
12Y,2025-03-12,1.477,1.484,1.484,1.466,-0.76%
12Y,2025-03-11,1.489,1.5,1.5,1.47,-0.91%
12Y,2025-03-10,1.503,1.462,1.518,1.462,2.74%
12Y,2025-03-07,1.462,1.484,1.484,1.462,-1.60%
12Y,2025-03-06,1.486,1.471,1.506,1.471,1.11%
12Y,2025-03-05,1.47,1.411,1.47,1.416,4.26%
12Y,2025-03-04,1.41,1.433,1.433,1.41,-1.66%
12Y,2025-03-03,1.434,1.391,1.447,1.393,3.05%
12Y,2025-02-28,1.391,1.415,1.415,1.381,-1.59%
12Y,2025-02-27,1.414,1.379,1.426,1.38,2.45%
12Y,2025-02-26,1.38,1.359,1.389,1.361,1.66%
12Y,2025-02-25,1.357,1.408,1.406,1.357,-3.47%
12Y,2025-02-24,1.406,1.406,1.406,1.406,0.00%
12Y,2025-02-21,1.406,1.46,1.46,1.406,-3.76%
12Y,2025-02-20,1.461,1.469,1.469,1.442,-0.59%
12Y,2025-02-19,1.47,1.461,1.48,1.456,0.51%
12Y,2025-02-18,1.462,1.44,1.467,1.44,1.65%
12Y,2025-02-17,1.439,1.419,1.439,1.419,1.41%
12Y,2025-02-14,1.419,1.386,1.419,1.389,2.44%
12Y,2025-02-13,1.385,1.409,1.409,1.385,-1.77%
12Y,2025-02-12,1.41,1.347,1.41,1.347,4.83%
12Y,2025-02-11,1.345,1.345,1.345,1.345,0.00%
12Y,2025-02-10,1.345,1.356,1.357,1.345,-0.83%
12Y,2025-02-07,1.356,1.334,1.356,1.334,1.79%
12Y,2025-02-06,1.332,1.331,1.334,1.319,0.00%
12Y,2025-02-05,1.332,1.33,1.336,1.325,0.28%
12Y,2025-02-04,1.329,1.293,1.34,1.296,3.01%
12Y,2025-02-03,1.29,1.296,1.296,1.285,-0.48%
12Y,2025-01-31,1.296,1.274,1.298,1.291,1.96%
12Y,2025-01-30,1.271,1.264,1.279,1.266,0.70%
12Y,2025-01-29,1.263,1.269,1.269,1.254,-0.69%
12Y,2025-01-28,1.271,1.264,1.276,1.263,0.70%
12Y,2025-01-27,1.263,1.294,1.294,1.244,-2.42%
12Y,2025-01-24,1.294,1.28,1.301,1.28,1.17%
12Y,2025-01-23,1.279,1.263,1.279,1.263,1.39%
12Y,2025-01-22,1.261,1.26,1.27,1.258,0.20%
12Y,2025-01-21,1.259,1.256,1.265,1.258,0.30%
12Y,2025-01-20,1.255,1.269,1.269,1.255,-1.09%
12Y,2025-01-17,1.269,1.28,1.279,1.265,-0.98%
12Y,2025-01-16,1.281,1.298,1.298,1.271,-1.35%
12Y,2025-01-15,1.299,1.306,1.326,1.296,-0.48%
12Y,2025-01-14,1.305,1.305,1.309,1.299,0.09%
12Y,2025-01-13,1.304,1.304,1.304,1.304,0.00%
12Y,2025-01-10,1.304,1.263,1.304,1.264,3.48%
12Y,2025-01-09,1.26,1.28,1.28,1.26,-1.75%
12Y,2025-01-08,1.283,1.256,1.289,1.256,2.19%
12Y,2025-01-07,1.255,1.247,1.255,1.247,0.70%
12Y,2025-01-06,1.246,1.205,1.255,1.205,3.43%
12Y,2025-01-03,1.205,1.205,1.205,1.205,0.00%
12Y,2025-01-02,1.205,1.205,1.205,1.205,0.00%
12Y,2025-01-01,1.205,1.205,1.205,1.205,0.00%
25Y,2026-02-18,2.737,2.726,2.747,2.691,-0.48%
25Y,2026-02-17,2.75,2.798,2.814,2.736,-2.34%
25Y,2026-02-16,2.816,2.767,2.843,2.767,1.22%
25Y,2026-02-13,2.782,2.755,2.828,2.761,0.29%
25Y,2026-02-12,2.774,2.818,2.842,2.767,-2.50%
25Y,2026-02-11,2.845,2.801,2.845,2.813,0.04%
25Y,2026-02-10,2.844,2.869,2.891,2.82,-1.25%
25Y,2026-02-09,2.88,2.882,2.926,2.874,-0.17%
25Y,2026-02-06,2.885,2.84,2.913,2.8,0.94%
25Y,2026-02-05,2.858,2.892,2.915,2.856,-1.72%
25Y,2026-02-04,2.908,2.903,2.951,2.897,-0.45%
25Y,2026-02-03,2.921,2.904,2.954,2.903,-0.03%
25Y,2026-02-02,2.922,2.902,2.953,2.887,0.48%
25Y,2026-01-30,2.908,2.913,2.943,2.891,-0.58%
25Y,2026-01-29,2.925,2.925,2.958,2.908,-0.41%
25Y,2026-01-28,2.937,2.933,2.979,2.912,-0.54%
25Y,2026-01-27,2.953,2.91,2.987,2.918,1.27%
25Y,2026-01-26,2.916,2.934,2.968,2.886,-0.82%
25Y,2026-01-23,2.94,2.922,2.975,2.923,-0.07%
25Y,2026-01-22,2.942,2.975,2.997,2.925,-1.64%
25Y,2026-01-21,2.991,3.051,3.073,2.966,-2.57%
25Y,2026-01-20,3.07,2.907,3.113,2.916,5.10%
25Y,2026-01-19,2.921,2.85,2.95,2.852,2.31%
25Y,2026-01-16,2.855,2.833,2.877,2.826,0.21%
25Y,2026-01-15,2.849,2.838,2.889,2.829,0.14%
25Y,2026-01-14,2.845,2.853,2.903,2.843,-0.84%
25Y,2026-01-13,2.869,2.821,2.903,2.813,1.09%
25Y,2026-01-12,2.838,2.842,2.873,2.831,0.50%
25Y,2026-01-09,2.824,2.774,2.869,2.784,0.28%
25Y,2026-01-08,2.816,2.801,2.833,2.793,-0.32%
25Y,2026-01-07,2.825,2.823,2.868,2.82,-0.42%
25Y,2026-01-06,2.837,2.8,2.862,2.801,0.89%
25Y,2026-01-05,2.812,2.767,2.848,2.781,0.64%
25Y,2026-01-02,2.794,2.794,2.794,2.794,0.00%
25Y,2026-01-01,2.794,2.794,2.794,2.794,0.00%
25Y,2025-12-31,2.794,2.794,2.794,2.794,0.00%
25Y,2025-12-30,2.794,2.755,2.804,2.767,0.79%
25Y,2025-12-29,2.772,2.752,2.802,2.757,0.58%
25Y,2025-12-26,2.756,2.749,2.779,2.754,-0.29%
25Y,2025-12-25,2.764,2.735,2.773,2.732,0.25%
25Y,2025-12-24,2.757,2.75,2.81,2.748,-0.43%
25Y,2025-12-23,2.769,2.761,2.807,2.752,-0.43%
25Y,2025-12-22,2.781,2.758,2.828,2.761,0.43%
25Y,2025-12-19,2.769,2.717,2.791,2.723,1.24%
25Y,2025-12-18,2.735,2.707,2.758,2.71,0.40%
25Y,2025-12-17,2.724,2.694,2.752,2.692,0.37%
25Y,2025-12-16,2.714,2.696,2.738,2.693,-1.60%
25Y,2025-12-15,2.758,2.689,2.758,2.682,2.26%
25Y,2025-12-12,2.697,2.689,2.722,2.682,-0.22%
25Y,2025-12-11,2.703,2.677,2.725,2.67,-0.15%
25Y,2025-12-10,2.707,2.693,2.735,2.697,0.07%
25Y,2025-12-09,2.705,2.714,2.742,2.696,-0.77%
25Y,2025-12-08,2.726,2.674,2.762,2.683,1.56%
25Y,2025-12-05,2.684,2.686,2.714,2.662,-0.45%
25Y,2025-12-04,2.696,2.665,2.727,2.668,0.52%
25Y,2025-12-03,2.682,2.653,2.716,2.653,0.71%
25Y,2025-12-02,2.663,2.645,2.691,2.643,-0.15%
25Y,2025-12-01,2.667,2.619,2.698,2.616,1.60%
25Y,2025-11-28,2.625,2.588,2.644,2.595,0.92%
25Y,2025-11-27,2.601,2.566,2.624,2.567,0.66%
25Y,2025-11-26,2.584,2.563,2.618,2.576,-0.54%
25Y,2025-11-25,2.598,2.559,2.613,2.557,1.13%
25Y,2025-11-24,2.569,2.545,2.582,2.564,0.04%
25Y,2025-11-21,2.568,2.602,2.617,2.559,-1.80%
25Y,2025-11-20,2.615,2.603,2.659,2.599,-0.04%
25Y,2025-11-19,2.616,2.555,2.633,2.562,0.85%
25Y,2025-11-18,2.594,2.531,2.612,2.542,1.97%
25Y,2025-11-17,2.544,2.477,2.573,2.497,1.68%
25Y,2025-11-14,2.502,2.476,2.531,2.474,0.64%
25Y,2025-11-13,2.486,2.445,2.514,2.459,0.65%
25Y,2025-11-12,2.47,2.439,2.496,2.449,0.45%
25Y,2025-11-11,2.459,2.434,2.488,2.446,0.00%
25Y,2025-11-10,2.459,2.409,2.488,2.427,1.49%
25Y,2025-11-07,2.423,2.405,2.454,2.409,0.33%
25Y,2025-11-06,2.415,2.415,2.451,2.405,-0.45%
25Y,2025-11-05,2.426,2.407,2.445,2.403,0.08%
25Y,2025-11-04,2.424,2.385,2.45,2.406,0.21%
25Y,2025-11-03,2.419,2.395,2.432,2.415,0.25%
25Y,2025-10-31,2.413,2.39,2.434,2.39,0.33%
25Y,2025-10-30,2.405,2.407,2.433,2.386,-0.70%
25Y,2025-10-29,2.422,2.379,2.431,2.388,1.13%
25Y,2025-10-28,2.395,2.399,2.433,2.387,-1.03%
25Y,2025-10-27,2.42,2.404,2.45,2.412,-0.04%
25Y,2025-10-24,2.421,2.409,2.441,2.404,-0.37%
25Y,2025-10-23,2.43,2.39,2.453,2.403,0.79%
25Y,2025-10-22,2.411,2.4,2.447,2.394,0.04%
25Y,2025-10-21,2.41,2.395,2.437,2.387,-0.17%
25Y,2025-10-20,2.414,2.39,2.434,2.392,0.29%
25Y,2025-10-17,2.407,2.371,2.418,2.36,1.13%
25Y,2025-10-16,2.38,2.399,2.427,2.374,-1.37%
25Y,2025-10-15,2.413,2.401,2.441,2.398,-0.29%
25Y,2025-10-14,2.42,2.389,2.46,2.404,1.00%
25Y,2025-10-13,2.396,2.419,2.455,2.396,-1.07%
25Y,2025-10-10,2.422,2.467,2.489,2.413,-2.38%
25Y,2025-10-09,2.481,2.447,2.503,2.445,0.73%
25Y,2025-10-08,2.463,2.469,2.496,2.45,-0.85%
25Y,2025-10-07,2.484,2.499,2.524,2.452,-1.23%
25Y,2025-10-06,2.515,2.402,2.535,2.38,4.01%
25Y,2025-10-03,2.418,2.403,2.436,2.4,0.04%
25Y,2025-10-02,2.417,2.395,2.443,2.393,0.21%
25Y,2025-10-01,2.412,2.386,2.444,2.388,0.33%
25Y,2025-09-30,2.404,2.362,2.423,2.356,1.18%
25Y,2025-09-29,2.376,2.376,2.41,2.365,-0.13%
25Y,2025-09-26,2.379,2.356,2.416,2.355,0.51%
25Y,2025-09-25,2.367,2.373,2.401,2.343,-0.88%
25Y,2025-09-24,2.388,2.389,2.42,2.368,-0.58%
25Y,2025-09-23,2.402,2.387,2.402,2.402,0.42%
25Y,2025-09-22,2.392,2.387,2.431,2.388,-0.21%
25Y,2025-09-19,2.397,2.38,2.43,2.388,-0.91%
25Y,2025-09-18,2.419,2.402,2.446,2.391,0.04%
25Y,2025-09-17,2.418,2.418,2.448,2.405,-0.49%
25Y,2025-09-16,2.43,2.437,2.465,2.396,0.45%
25Y,2025-09-15,2.419,2.393,2.429,2.412,0.21%
25Y,2025-09-12,2.414,2.395,2.43,2.399,0.04%
25Y,2025-09-11,2.413,2.384,2.43,2.391,0.71%
25Y,2025-09-10,2.396,2.425,2.44,2.393,-1.72%
25Y,2025-09-09,2.438,2.406,2.451,2.396,0.49%
25Y,2025-09-08,2.426,2.37,2.455,2.391,0.41%
25Y,2025-09-05,2.416,2.406,2.437,2.396,-0.33%
25Y,2025-09-04,2.424,2.464,2.48,2.417,-2.53%
25Y,2025-09-03,2.487,2.454,2.5,2.457,0.89%
25Y,2025-09-02,2.465,2.431,2.483,2.428,0.74%
25Y,2025-09-01,2.447,2.389,2.464,2.411,0.99%
25Y,2025-08-29,2.423,2.413,2.443,2.42,-0.86%
25Y,2025-08-28,2.444,2.438,2.468,2.443,-1.01%
25Y,2025-08-27,2.469,2.445,2.478,2.469,-0.20%
25Y,2025-08-26,2.474,2.414,2.483,2.444,1.35%
25Y,2025-08-25,2.441,2.413,2.443,2.441,-0.08%
25Y,2025-08-22,2.443,2.413,2.444,2.433,0.33%
25Y,2025-08-21,2.435,2.403,2.436,2.43,0.16%
25Y,2025-08-20,2.431,2.381,2.446,2.411,0.87%
25Y,2025-08-19,2.41,2.365,2.418,2.395,0.67%
25Y,2025-08-18,2.394,2.354,2.394,2.38,0.42%
25Y,2025-08-15,2.384,2.346,2.384,2.371,0.25%
25Y,2025-08-14,2.378,2.299,2.378,2.329,2.19%
25Y,2025-08-13,2.327,2.313,2.343,2.327,-0.73%
25Y,2025-08-12,2.344,2.293,2.346,2.323,0.99%
25Y,2025-08-11,2.321,2.291,2.321,2.321,0.00%
25Y,2025-08-08,2.321,2.281,2.321,2.31,0.48%
25Y,2025-08-07,2.31,2.281,2.32,2.306,0.04%
25Y,2025-08-06,2.309,2.269,2.315,2.299,0.48%
25Y,2025-08-05,2.298,2.285,2.315,2.285,-0.78%
25Y,2025-08-04,2.316,2.268,2.335,2.298,0.78%
25Y,2025-08-01,2.298,2.308,2.354,2.289,-1.75%
25Y,2025-07-31,2.339,2.318,2.348,2.329,-0.43%
25Y,2025-07-30,2.349,2.295,2.349,2.325,1.08%
25Y,2025-07-29,2.324,2.291,2.339,2.321,1.48%
25Y,2025-07-28,2.29,2.316,2.29,2.285,0.93%
25Y,2025-07-11,2.269,2.264,2.27,2.269,0.11%
25Y,2025-07-10,2.266,2.27,2.27,2.261,-0.22%
25Y,2025-07-09,2.271,2.264,2.273,2.249,0.28%
25Y,2025-07-08,2.265,2.254,2.265,2.254,2.95%
25Y,2025-07-07,2.2,2.154,2.201,2.154,2.15%
25Y,2025-07-04,2.154,2.17,2.17,2.152,-0.86%
25Y,2025-07-03,2.172,2.139,2.174,2.142,1.64%
25Y,2025-07-02,2.138,2.128,2.138,2.126,0.53%
25Y,2025-07-01,2.126,2.126,2.126,2.116,-0.06%
25Y,2025-06-30,2.128,2.126,2.138,2.126,0.06%
25Y,2025-06-27,2.126,2.11,2.126,2.108,0.71%
25Y,2025-06-26,2.111,2.094,2.111,2.094,0.90%
25Y,2025-06-25,2.092,2.105,2.105,2.079,-0.66%
25Y,2025-06-24,2.106,2.101,2.109,2.098,0.18%
25Y,2025-06-23,2.102,2.081,2.109,2.081,1.02%
25Y,2025-06-20,2.081,2.102,2.121,2.068,-0.95%
25Y,2025-06-19,2.101,2.101,2.118,2.101,-0.06%
25Y,2025-06-18,2.102,2.114,2.135,2.102,-0.47%
25Y,2025-06-17,2.112,2.102,2.135,2.102,0.60%
25Y,2025-06-16,2.1,2.116,2.125,2.1,-0.77%
25Y,2025-06-13,2.116,2.116,2.116,2.084,-0.35%
25Y,2025-06-12,2.124,2.138,2.155,2.124,-0.59%
25Y,2025-06-11,2.136,2.145,2.151,2.136,-0.47%
25Y,2025-06-10,2.146,2.092,2.151,2.092,2.63%
25Y,2025-06-09,2.091,2.088,2.128,2.088,0.18%
25Y,2025-06-06,2.088,2.101,2.101,2.071,-0.71%
25Y,2025-06-05,2.102,2.144,2.142,2.094,-1.98%
25Y,2025-06-04,2.145,2.114,2.152,2.114,1.54%
25Y,2025-06-03,2.112,2.108,2.112,2.105,0.29%
25Y,2025-06-02,2.106,2.104,2.109,2.099,0.12%
25Y,2025-05-30,2.104,2.09,2.108,2.09,0.71%
25Y,2025-05-29,2.089,2.079,2.12,2.082,0.42%
25Y,2025-05-28,2.08,2.046,2.1,2.047,1.71%
25Y,2025-05-27,2.045,2.144,2.144,2.009,-4.66%
25Y,2025-05-26,2.145,2.145,2.145,2.145,0.00%
25Y,2025-05-23,2.145,2.24,2.967,2.144,-4.30%
25Y,2025-05-22,2.241,2.191,2.25,2.191,2.34%
25Y,2025-05-21,2.19,2.149,2.19,2.149,1.86%
25Y,2025-05-20,2.15,2.074,2.16,2.075,3.74%
25Y,2025-05-19,2.072,2.061,2.082,2.06,0.55%
25Y,2025-05-16,2.061,2.086,2.086,2.036,-1.26%
25Y,2025-05-15,2.088,2.094,2.1,2.085,-0.36%
25Y,2025-05-14,2.095,2.046,2.095,2.046,2.44%
25Y,2025-05-13,2.045,2.053,2.053,2.031,-0.31%
25Y,2025-05-12,2.051,2.0,2.086,2.0,2.57%
25Y,2025-05-09,2.0,1.949,2.006,1.949,2.70%
25Y,2025-05-08,1.947,1.926,1.957,1.926,1.17%
25Y,2025-05-07,1.925,1.871,1.93,1.871,2.94%
25Y,2025-05-05,1.87,1.87,1.87,1.87,0.00%
25Y,2025-05-02,1.87,1.841,1.87,1.841,1.49%
25Y,2025-05-01,1.842,1.849,1.864,1.831,-0.27%
25Y,2025-04-30,1.847,1.881,1.881,1.847,-1.86%
25Y,2025-04-28,1.883,1.91,1.91,1.874,-1.44%
25Y,2025-04-25,1.91,1.879,1.911,1.88,1.80%
25Y,2025-04-24,1.876,1.884,1.881,1.861,-0.46%
25Y,2025-04-23,1.885,1.86,1.888,1.844,1.27%
25Y,2025-04-22,1.861,1.836,1.872,1.836,1.43%
25Y,2025-04-21,1.835,1.835,1.835,1.835,0.00%
25Y,2025-04-17,1.835,1.827,1.841,1.817,0.34%
25Y,2025-04-16,1.829,1.941,1.94,1.81,-5.80%
25Y,2025-04-15,1.941,2.001,2.007,1.919,-3.12%
25Y,2025-04-14,2.004,1.939,2.011,1.939,3.56%
25Y,2025-04-11,1.935,1.844,1.985,1.844,5.02%
25Y,2025-04-10,1.842,1.788,1.908,1.788,3.15%
25Y,2025-04-09,1.786,1.692,1.826,1.692,5.39%
25Y,2025-04-08,1.695,1.569,1.727,1.569,7.87%
25Y,2025-04-07,1.571,1.607,1.607,1.52,-2.10%
25Y,2025-04-04,1.605,1.61,1.671,1.563,-9.58%
25Y,2025-04-03,1.775,1.904,1.904,1.768,-6.82%
25Y,2025-04-02,1.905,1.939,1.939,1.895,-1.80%
25Y,2025-04-01,1.94,1.945,1.954,1.933,-0.13%
25Y,2025-03-31,1.942,1.972,1.972,1.933,-1.52%
25Y,2025-03-28,1.972,2.007,2.007,1.967,-1.87%
25Y,2025-03-27,2.01,2.035,2.034,1.999,-1.29%
25Y,2025-03-26,2.036,2.033,2.037,2.024,0.12%
25Y,2025-03-25,2.034,2.027,2.043,2.027,0.37%
25Y,2025-03-24,2.026,1.99,2.026,1.99,1.82%
25Y,2025-03-21,1.99,2.03,2.031,1.99,-1.91%
25Y,2025-03-19,2.029,2.006,2.03,2.003,1.06%
25Y,2025-03-18,2.007,1.986,2.009,1.986,1.13%
25Y,2025-03-17,1.985,1.971,1.985,1.971,0.69%
25Y,2025-03-14,1.971,1.985,1.985,1.961,-0.76%
25Y,2025-03-13,1.986,1.975,2.003,1.975,0.76%
25Y,2025-03-12,1.971,1.984,1.984,1.959,-0.88%
25Y,2025-03-11,1.989,1.992,1.992,1.97,-0.25%
25Y,2025-03-10,1.994,1.956,2.011,1.956,1.92%
25Y,2025-03-07,1.956,1.975,1.975,1.955,-1.07%
25Y,2025-03-06,1.977,1.952,1.999,1.952,1.34%
25Y,2025-03-05,1.951,1.881,1.951,1.881,3.79%
25Y,2025-03-04,1.88,1.906,1.906,1.88,-1.44%
25Y,2025-03-03,1.908,1.878,1.921,1.878,1.60%
25Y,2025-02-28,1.878,1.89,1.89,1.867,-0.73%
25Y,2025-02-27,1.891,1.861,1.903,1.861,1.68%
25Y,2025-02-26,1.86,1.841,1.869,1.841,1.09%
25Y,2025-02-25,1.84,1.876,1.876,1.84,-2.00%
25Y,2025-02-24,1.878,1.878,1.878,1.878,0.00%
25Y,2025-02-21,1.878,1.914,1.914,1.878,-1.96%
25Y,2025-02-20,1.915,1.935,1.935,1.896,-1.10%
25Y,2025-02-19,1.936,1.935,1.946,1.923,0.00%
25Y,2025-02-18,1.936,1.91,1.941,1.91,1.44%
25Y,2025-02-17,1.909,1.894,1.909,1.894,0.79%
25Y,2025-02-14,1.894,1.865,1.894,1.865,1.61%
25Y,2025-02-13,1.864,1.878,1.878,1.864,-0.80%
25Y,2025-02-12,1.879,1.827,1.879,1.832,2.95%
25Y,2025-02-11,1.825,1.825,1.825,1.825,0.00%
25Y,2025-02-10,1.825,1.841,1.841,1.825,-0.89%
25Y,2025-02-07,1.841,1.822,1.841,1.819,1.10%
25Y,2025-02-06,1.821,1.837,1.822,1.809,-0.95%
25Y,2025-02-05,1.839,1.837,1.841,1.831,0.14%
25Y,2025-02-04,1.836,1.801,1.847,1.805,2.08%
25Y,2025-02-03,1.799,1.799,1.803,1.793,0.00%
25Y,2025-01-31,1.799,1.783,1.8,1.793,1.06%
25Y,2025-01-30,1.78,1.771,1.789,1.771,0.56%
25Y,2025-01-29,1.77,1.785,1.785,1.761,-0.98%
25Y,2025-01-28,1.788,1.78,1.793,1.779,0.49%
25Y,2025-01-27,1.779,1.81,1.81,1.76,-1.72%
25Y,2025-01-24,1.81,1.805,1.82,1.801,0.20%
25Y,2025-01-23,1.806,1.788,1.806,1.788,1.12%
25Y,2025-01-22,1.786,1.805,1.805,1.783,-0.97%
25Y,2025-01-21,1.804,1.804,1.81,1.803,-0.07%
25Y,2025-01-20,1.805,1.826,1.826,1.805,-1.17%
25Y,2025-01-17,1.826,1.852,1.851,1.825,-1.48%
25Y,2025-01-16,1.854,1.87,1.87,1.845,-0.94%
25Y,2025-01-15,1.871,1.888,1.9,1.869,-0.80%
25Y,2025-01-14,1.886,1.889,1.889,1.879,-0.06%
25Y,2025-01-13,1.888,1.888,1.888,1.888,0.00%
25Y,2025-01-10,1.888,1.845,1.888,1.846,2.44%
25Y,2025-01-09,1.842,1.869,1.869,1.842,-1.54%
25Y,2025-01-08,1.871,1.844,1.876,1.845,1.56%
25Y,2025-01-07,1.842,1.835,1.842,1.834,0.34%
25Y,2025-01-06,1.836,1.796,1.845,1.798,2.23%
25Y,2025-01-03,1.796,1.796,1.796,1.796,0.00%
25Y,2025-01-02,1.796,1.796,1.796,1.796,0.00%
25Y,2025-01-01,1.796,1.796,1.796,1.796,0.00%
3Y,2026-02-18,1.413,1.415,1.42,1.384,-1.04%
3Y,2026-02-17,1.428,1.447,1.464,1.418,-2.39%
3Y,2026-02-16,1.463,1.463,1.494,1.453,-0.88%
3Y,2026-02-13,1.476,1.454,1.511,1.469,0.00%
3Y,2026-02-12,1.476,1.459,1.523,1.469,-1.40%
3Y,2026-02-11,1.497,1.449,1.498,1.458,0.07%
3Y,2026-02-10,1.496,1.483,1.518,1.471,-0.27%
3Y,2026-02-09,1.5,1.469,1.535,1.482,0.27%
3Y,2026-02-06,1.496,1.452,1.508,1.43,2.19%
3Y,2026-02-05,1.464,1.456,1.496,1.46,-0.27%
3Y,2026-02-04,1.468,1.462,1.497,1.46,-0.27%
3Y,2026-02-03,1.472,1.446,1.501,1.446,0.27%
3Y,2026-02-02,1.468,1.434,1.481,1.438,1.66%
3Y,2026-01-30,1.444,1.446,1.471,1.433,-1.23%
3Y,2026-01-29,1.462,1.437,1.483,1.45,-1.08%
3Y,2026-01-28,1.478,1.478,1.507,1.451,-0.81%
3Y,2026-01-27,1.49,1.463,1.512,1.473,0.95%
3Y,2026-01-26,1.476,1.443,1.497,1.435,1.37%
3Y,2026-01-23,1.456,1.4,1.477,1.406,3.48%
3Y,2026-01-22,1.407,1.436,1.452,1.407,-2.97%
3Y,2026-01-21,1.45,1.414,1.461,1.423,1.54%
3Y,2026-01-20,1.428,1.421,1.468,1.421,-0.42%
3Y,2026-01-19,1.434,1.389,1.456,1.408,1.20%
3Y,2026-01-16,1.417,1.389,1.428,1.395,0.78%
3Y,2026-01-15,1.406,1.366,1.418,1.375,2.55%
3Y,2026-01-14,1.371,1.381,1.414,1.369,-1.44%
3Y,2026-01-13,1.391,1.377,1.41,1.365,-0.29%
3Y,2026-01-12,1.395,1.391,1.421,1.357,0.36%
3Y,2026-01-09,1.39,1.331,1.423,1.337,3.35%
3Y,2026-01-08,1.345,1.347,1.37,1.327,-1.47%
3Y,2026-01-07,1.365,1.374,1.4,1.36,-2.08%
3Y,2026-01-06,1.394,1.385,1.419,1.38,-0.14%
3Y,2026-01-05,1.396,1.355,1.42,1.372,0.79%
3Y,2026-01-02,1.385,1.385,1.385,1.385,0.00%
3Y,2026-01-01,1.385,1.385,1.385,1.385,0.00%
3Y,2025-12-31,1.385,1.385,1.385,1.385,0.00%
3Y,2025-12-30,1.385,1.32,1.39,1.333,3.28%
3Y,2025-12-29,1.341,1.278,1.36,1.308,0.98%
3Y,2025-12-26,1.328,1.315,1.339,1.323,-0.30%
3Y,2025-12-25,1.332,1.281,1.336,1.291,2.94%
3Y,2025-12-24,1.294,1.275,1.334,1.285,-0.46%
3Y,2025-12-23,1.3,1.312,1.342,1.289,-2.18%
3Y,2025-12-22,1.329,1.289,1.366,1.297,2.07%
3Y,2025-12-19,1.302,1.25,1.321,1.252,3.42%
3Y,2025-12-18,1.259,1.243,1.281,1.25,-0.47%
3Y,2025-12-17,1.265,1.238,1.288,1.25,0.40%
3Y,2025-12-16,1.26,1.239,1.278,1.244,-2.93%
3Y,2025-12-15,1.298,1.237,1.298,1.24,3.51%
3Y,2025-12-12,1.254,1.226,1.27,1.232,0.80%
3Y,2025-12-11,1.244,1.23,1.259,1.231,-0.56%
3Y,2025-12-10,1.251,1.243,1.279,1.245,-0.32%
3Y,2025-12-09,1.255,1.241,1.283,1.243,-0.16%
3Y,2025-12-08,1.257,1.224,1.283,1.24,0.80%
3Y,2025-12-05,1.247,1.196,1.261,1.204,2.47%
3Y,2025-12-04,1.217,1.179,1.233,1.191,2.01%
3Y,2025-12-03,1.193,1.173,1.212,1.181,0.42%
3Y,2025-12-02,1.188,1.173,1.211,1.177,-0.50%
3Y,2025-12-01,1.194,1.132,1.213,1.15,3.20%
3Y,2025-11-28,1.157,1.121,1.17,1.14,0.87%
3Y,2025-11-27,1.147,1.133,1.163,1.137,0.00%
3Y,2025-11-26,1.147,1.135,1.173,1.139,-0.35%
3Y,2025-11-25,1.151,1.114,1.163,1.118,3.60%
3Y,2025-11-24,1.111,1.078,1.111,1.107,-1.33%
3Y,2025-11-21,1.126,1.114,1.14,1.1,-0.53%
3Y,2025-11-20,1.132,1.098,1.155,1.098,1.80%
3Y,2025-11-19,1.112,1.057,1.12,1.076,2.11%
3Y,2025-11-18,1.089,1.081,1.106,1.069,-0.46%
3Y,2025-11-17,1.094,1.07,1.109,1.083,0.27%
3Y,2025-11-14,1.091,1.062,1.111,1.074,-0.37%
3Y,2025-11-13,1.095,1.077,1.108,1.078,0.55%
3Y,2025-11-12,1.089,1.07,1.107,1.079,0.55%
3Y,2025-11-11,1.083,1.083,1.111,1.083,-1.55%
3Y,2025-11-10,1.1,1.077,1.122,1.091,0.46%
3Y,2025-11-07,1.095,1.08,1.116,1.087,1.01%
3Y,2025-11-06,1.084,1.085,1.116,1.08,-1.63%
3Y,2025-11-05,1.102,1.083,1.114,1.076,0.64%
3Y,2025-11-04,1.095,1.084,1.115,1.087,0.18%
3Y,2025-11-03,1.093,1.064,1.103,1.086,0.46%
3Y,2025-10-31,1.088,1.063,1.104,1.073,0.09%
3Y,2025-10-30,1.087,1.068,1.112,1.073,-2.07%
3Y,2025-10-29,1.11,1.06,1.118,1.072,2.87%
3Y,2025-10-28,1.079,1.071,1.099,1.067,-0.64%
3Y,2025-10-27,1.086,1.067,1.112,1.076,0.09%
3Y,2025-10-24,1.085,1.075,1.104,1.073,0.09%
3Y,2025-10-23,1.084,1.043,1.105,1.062,2.17%
3Y,2025-10-22,1.061,1.065,1.097,1.058,-2.21%
3Y,2025-10-21,1.085,1.069,1.103,1.07,-0.55%
3Y,2025-10-20,1.091,1.041,1.111,1.058,1.96%
3Y,2025-10-17,1.07,1.045,1.079,1.03,1.81%
3Y,2025-10-16,1.051,1.013,1.084,1.033,1.15%
3Y,2025-10-15,1.039,1.0,1.053,1.018,2.06%
3Y,2025-10-14,1.018,1.032,1.062,1.01,1.29%
3Y,2025-10-13,1.005,1.032,1.062,1.005,-2.80%
3Y,2025-10-10,1.034,1.079,1.095,1.027,-5.22%
3Y,2025-10-09,1.091,1.073,1.109,1.077,-0.37%
3Y,2025-10-08,1.095,1.062,1.109,1.074,1.30%
3Y,2025-10-07,1.081,1.061,1.097,1.063,0.65%
3Y,2025-10-06,1.074,1.077,1.114,1.029,-2.63%
3Y,2025-10-03,1.103,1.093,1.125,1.089,-0.09%
3Y,2025-10-02,1.104,1.102,1.129,1.091,-0.72%
3Y,2025-10-01,1.112,1.102,1.135,1.104,-0.89%
3Y,2025-09-30,1.122,1.099,1.136,1.103,1.54%
3Y,2025-09-29,1.105,1.079,1.132,1.083,1.01%
3Y,2025-09-26,1.094,1.098,1.129,1.084,-1.97%
3Y,2025-09-25,1.116,1.088,1.131,1.093,1.18%
3Y,2025-09-24,1.103,1.075,1.114,1.083,1.01%
3Y,2025-09-23,1.092,1.085,1.1,1.092,0.55%
3Y,2025-09-22,1.086,1.053,1.11,1.068,1.02%
3Y,2025-09-19,1.075,1.035,1.095,1.03,1.90%
3Y,2025-09-18,1.055,1.007,1.059,1.02,1.83%
3Y,2025-09-17,1.036,1.001,1.045,1.014,1.27%
3Y,2025-09-16,1.023,1.047,1.062,1.006,-0.87%
3Y,2025-09-15,1.032,0.998,1.038,1.022,0.78%
3Y,2025-09-12,1.024,0.988,1.038,1.001,2.40%
3Y,2025-09-11,1.0,0.974,1.022,0.987,1.52%
3Y,2025-09-10,0.985,0.98,1.017,0.982,-1.10%
3Y,2025-09-09,0.996,0.95,1.013,0.953,3.21%
3Y,2025-09-08,0.965,0.943,0.988,0.955,-1.23%
3Y,2025-09-05,0.977,0.97,0.995,0.967,-0.91%
3Y,2025-09-04,0.986,0.997,1.018,0.979,-2.28%
3Y,2025-09-03,1.009,0.992,1.031,1.001,-0.69%
3Y,2025-09-02,1.016,1.013,1.043,1.001,-1.65%
3Y,2025-09-01,1.033,0.993,1.044,1.01,0.88%
3Y,2025-08-29,1.024,0.998,1.028,1.02,-0.49%
3Y,2025-08-28,1.029,1.0,1.034,1.028,-0.19%
3Y,2025-08-27,1.031,1.013,1.043,1.031,-0.96%
3Y,2025-08-26,1.041,0.998,1.045,1.028,1.46%
3Y,2025-08-25,1.026,0.996,1.026,1.026,0.00%
3Y,2025-08-22,1.026,0.99,1.028,1.019,1.28%
3Y,2025-08-21,1.013,0.973,1.014,1.003,1.20%
3Y,2025-08-20,1.001,0.973,1.011,1.001,0.00%
3Y,2025-08-19,1.001,0.958,1.006,0.988,1.52%
3Y,2025-08-18,0.986,0.956,0.986,0.98,0.00%
3Y,2025-08-15,0.986,0.95,0.986,0.98,0.72%
3Y,2025-08-14,0.979,0.899,0.979,0.929,5.50%
3Y,2025-08-13,0.928,0.905,0.938,0.928,-0.64%
3Y,2025-08-12,0.934,0.896,0.934,0.92,0.97%
3Y,2025-08-11,0.925,0.895,0.925,0.925,0.00%
3Y,2025-08-08,0.925,0.88,0.925,0.91,1.76%
3Y,2025-08-07,0.909,0.895,0.925,0.908,-1.84%
3Y,2025-08-06,0.926,0.869,0.929,0.899,3.12%
3Y,2025-08-05,0.898,0.866,0.898,0.89,0.00%
3Y,2025-08-04,0.898,0.874,0.905,0.891,-0.66%
3Y,2025-08-01,0.904,0.93,0.96,0.904,-5.93%
3Y,2025-07-31,0.961,0.935,0.965,0.951,-0.52%
3Y,2025-07-30,0.966,0.935,0.966,0.96,0.00%
3Y,2025-07-29,0.966,0.943,0.972,0.966,2.35%
3Y,2025-07-28,0.944,0.968,0.944,0.939,5.45%
3Y,2025-07-11,0.895,0.873,0.896,0.895,2.72%
3Y,2025-07-10,0.871,0.869,0.871,0.869,0.44%
3Y,2025-07-09,0.868,0.844,0.869,0.844,2.97%
3Y,2025-07-08,0.842,0.829,0.842,0.829,1.35%
3Y,2025-07-07,0.831,0.83,0.832,0.827,0.16%
3Y,2025-07-04,0.83,0.849,0.849,0.827,-2.35%
3Y,2025-07-03,0.85,0.846,0.85,0.837,0.59%
3Y,2025-07-02,0.845,0.836,0.845,0.835,0.90%
3Y,2025-07-01,0.837,0.837,0.837,0.832,-0.15%
3Y,2025-06-30,0.839,0.839,0.846,0.839,0.00%
3Y,2025-06-27,0.839,0.829,0.84,0.827,1.37%
3Y,2025-06-26,0.827,0.819,0.827,0.819,1.37%
3Y,2025-06-25,0.816,0.817,0.817,0.804,-0.31%
3Y,2025-06-24,0.819,0.817,0.821,0.814,0.00%
3Y,2025-06-23,0.819,0.814,0.821,0.813,0.61%
3Y,2025-06-20,0.814,0.804,0.814,0.799,1.41%
3Y,2025-06-19,0.803,0.819,0.819,0.803,-2.13%
3Y,2025-06-18,0.82,0.83,0.836,0.82,-1.36%
3Y,2025-06-17,0.831,0.854,0.866,0.827,-2.49%
3Y,2025-06-16,0.853,0.842,0.868,0.842,1.19%
3Y,2025-06-13,0.842,0.839,0.842,0.819,0.60%
3Y,2025-06-12,0.837,0.848,0.851,0.837,-1.04%
3Y,2025-06-11,0.846,0.859,0.858,0.845,-1.59%
3Y,2025-06-10,0.86,0.869,0.869,0.86,-0.86%
3Y,2025-06-09,0.868,0.864,0.873,0.864,0.43%
3Y,2025-06-06,0.864,0.851,0.864,0.853,1.62%
3Y,2025-06-05,0.85,0.866,0.863,0.848,-1.73%
3Y,2025-06-04,0.865,0.856,0.865,0.859,0.87%
3Y,2025-06-03,0.858,0.86,0.86,0.854,-0.44%
3Y,2025-06-02,0.861,0.853,0.861,0.853,1.03%
3Y,2025-05-30,0.853,0.839,0.853,0.84,1.79%
3Y,2025-05-29,0.837,0.859,0.866,0.837,-2.62%
3Y,2025-05-28,0.86,0.834,0.865,0.834,3.30%
3Y,2025-05-27,0.832,0.814,0.832,0.814,2.46%
3Y,2025-05-26,0.813,0.813,0.813,0.813,0.00%
3Y,2025-05-23,0.813,0.842,54.153,0.813,-3.71%
3Y,2025-05-22,0.844,0.84,0.848,0.831,0.75%
3Y,2025-05-21,0.837,0.837,0.837,0.824,-0.15%
3Y,2025-05-20,0.839,0.827,0.839,0.825,1.21%
3Y,2025-05-19,0.829,0.827,0.835,0.82,0.16%
3Y,2025-05-16,0.827,0.819,0.827,0.806,0.91%
3Y,2025-05-15,0.82,0.835,0.832,0.82,-1.66%
3Y,2025-05-14,0.834,0.821,0.834,0.806,1.37%
3Y,2025-05-13,0.822,0.805,0.825,0.806,2.01%
3Y,2025-05-12,0.806,0.735,0.808,0.735,9.70%
3Y,2025-05-09,0.735,0.724,0.739,0.724,1.73%
3Y,2025-05-08,0.723,0.712,0.728,0.712,1.57%
3Y,2025-05-07,0.711,0.701,0.716,0.701,1.61%
3Y,2025-05-05,0.7,0.7,0.7,0.7,0.00%
3Y,2025-05-02,0.7,0.697,0.705,0.689,0.17%
3Y,2025-05-01,0.699,0.725,0.725,0.689,-3.77%
3Y,2025-04-30,0.726,0.75,0.75,0.724,-3.34%
3Y,2025-04-28,0.751,0.756,0.756,0.744,-0.66%
3Y,2025-04-25,0.756,0.725,0.756,0.726,4.49%
3Y,2025-04-24,0.724,0.757,0.757,0.715,-4.61%
3Y,2025-04-23,0.759,0.704,0.761,0.704,8.01%
3Y,2025-04-22,0.702,0.7,0.706,0.7,0.53%
3Y,2025-04-21,0.699,0.699,0.699,0.699,-0.17%
3Y,2025-04-17,0.7,0.67,0.705,0.671,4.28%
3Y,2025-04-16,0.671,0.73,0.729,0.656,-7.89%
3Y,2025-04-15,0.729,0.66,0.733,0.66,10.21%
3Y,2025-04-14,0.661,0.629,0.671,0.63,5.17%
3Y,2025-04-11,0.629,0.709,0.709,0.605,-11.44%
3Y,2025-04-10,0.71,0.629,0.721,0.631,13.15%
3Y,2025-04-09,0.627,0.744,0.744,0.618,-15.77%
3Y,2025-04-08,0.745,0.664,0.751,0.664,12.88%
3Y,2025-04-07,0.66,0.699,0.699,0.625,-5.55%
3Y,2025-04-04,0.699,0.848,0.849,0.66,-17.43%
3Y,2025-04-03,0.846,0.954,0.952,0.846,-11.38%
3Y,2025-04-02,0.955,0.969,0.969,0.951,-1.55%
3Y,2025-04-01,0.97,0.973,0.975,0.965,-0.13%
3Y,2025-03-31,0.971,1.01,1.01,0.964,-3.83%
3Y,2025-03-28,1.01,1.033,1.033,1.009,-2.07%
3Y,2025-03-27,1.031,1.043,1.043,1.026,-1.20%
3Y,2025-03-26,1.044,1.03,1.044,1.03,1.46%
3Y,2025-03-25,1.029,1.01,1.035,1.01,1.73%
3Y,2025-03-24,1.011,0.984,1.011,0.984,2.80%
3Y,2025-03-21,0.984,0.991,0.995,0.984,-0.63%
3Y,2025-03-19,0.99,0.959,0.996,0.959,3.13%
3Y,2025-03-18,0.96,0.941,0.961,0.941,1.86%
3Y,2025-03-17,0.942,0.954,0.954,0.941,-1.18%
3Y,2025-03-14,0.954,0.985,0.985,0.949,-3.41%
3Y,2025-03-13,0.988,0.962,0.995,0.962,2.73%
3Y,2025-03-12,0.961,0.97,0.966,0.952,-1.03%
3Y,2025-03-11,0.971,0.998,0.998,0.956,-2.75%
3Y,2025-03-10,0.999,0.966,1.009,0.966,3.36%
3Y,2025-03-07,0.966,0.974,0.974,0.966,-0.89%
3Y,2025-03-06,0.975,0.973,0.991,0.973,0.78%
3Y,2025-03-05,0.967,0.94,0.967,0.94,3.20%
3Y,2025-03-04,0.938,0.959,0.959,0.936,-2.34%
3Y,2025-03-03,0.96,0.931,0.973,0.931,3.08%
3Y,2025-02-28,0.931,0.952,0.952,0.925,-2.36%
3Y,2025-02-27,0.954,0.914,0.962,0.915,4.24%
3Y,2025-02-26,0.915,0.909,0.925,0.909,0.83%
3Y,2025-02-25,0.908,0.933,0.933,0.908,-2.82%
3Y,2025-02-24,0.934,0.934,0.934,0.934,0.00%
3Y,2025-02-21,0.934,0.978,0.978,0.934,-4.60%
3Y,2025-02-20,0.979,0.98,0.98,0.964,-0.25%
3Y,2025-02-19,0.981,0.978,0.988,0.971,0.26%
3Y,2025-02-18,0.979,0.969,0.981,0.97,1.17%
3Y,2025-02-17,0.967,0.942,0.967,0.942,2.65%
3Y,2025-02-14,0.942,0.918,0.942,0.918,3.01%
3Y,2025-02-13,0.915,0.941,0.941,0.915,-2.92%
3Y,2025-02-12,0.942,0.925,0.942,0.916,1.75%
3Y,2025-02-11,0.926,0.926,0.926,0.926,0.00%
3Y,2025-02-10,0.926,0.94,0.94,0.924,-1.46%
3Y,2025-02-07,0.94,0.916,0.94,0.916,2.73%
3Y,2025-02-06,0.915,0.889,0.915,0.899,2.81%
3Y,2025-02-05,0.89,0.882,0.895,0.882,0.70%
3Y,2025-02-04,0.884,0.861,0.891,0.861,2.91%
3Y,2025-02-03,0.859,0.869,0.869,0.855,-1.15%
3Y,2025-01-31,0.869,0.845,0.871,0.868,2.96%
3Y,2025-01-30,0.844,0.822,0.849,0.822,2.43%
3Y,2025-01-29,0.824,0.821,0.825,0.82,0.00%
3Y,2025-01-28,0.824,0.822,0.826,0.817,0.00%
3Y,2025-01-27,0.824,0.854,0.854,0.817,-3.51%
3Y,2025-01-24,0.854,0.829,0.86,0.829,3.18%
3Y,2025-01-23,0.827,0.819,0.827,0.819,1.37%
3Y,2025-01-22,0.816,0.806,0.824,0.808,1.40%
3Y,2025-01-21,0.805,0.8,0.809,0.801,0.78%
3Y,2025-01-20,0.799,0.809,0.81,0.799,-1.24%
3Y,2025-01-17,0.809,0.809,0.809,0.804,-0.15%
3Y,2025-01-16,0.81,0.799,0.81,0.8,1.25%
3Y,2025-01-15,0.8,0.804,0.825,0.8,-0.31%
3Y,2025-01-14,0.803,0.809,0.808,0.799,-0.62%
3Y,2025-01-13,0.808,0.808,0.808,0.808,0.00%
3Y,2025-01-10,0.808,0.776,0.808,0.775,4.36%
3Y,2025-01-09,0.774,0.799,0.798,0.774,-3.27%
3Y,2025-01-08,0.8,0.788,0.804,0.788,1.74%
3Y,2025-01-07,0.786,0.78,0.786,0.78,0.96%
3Y,2025-01-06,0.779,0.748,0.784,0.749,4.19%
3Y,2025-01-03,0.748,0.748,0.748,0.748,0.00%
3Y,2025-01-02,0.748,0.748,0.748,0.748,0.00%
3Y,2025-01-01,0.748,0.748,0.748,0.748,0.00%
10Y,2026-02-18,1.965,1.954,1.982,1.912,-0.31%
10Y,2026-02-17,1.971,2.012,2.029,1.963,-3.19%
10Y,2026-02-16,2.036,2.018,2.061,2.022,0.30%
10Y,2026-02-13,2.03,2.017,2.079,2.025,-0.10%
10Y,2026-02-12,2.032,2.04,2.091,2.023,-1.84%
10Y,2026-02-11,2.07,2.025,2.072,2.035,0.24%
10Y,2026-02-10,2.065,2.078,2.106,2.043,-1.57%
10Y,2026-02-09,2.098,2.064,2.138,2.064,1.55%
10Y,2026-02-06,2.066,2.032,2.098,1.989,1.42%
10Y,2026-02-05,2.037,2.037,2.088,2.036,-1.36%
10Y,2026-02-04,2.065,2.056,2.104,2.054,-0.15%
10Y,2026-02-03,2.068,2.045,2.107,2.047,0.05%
10Y,2026-02-02,2.067,2.049,2.096,2.035,0.68%
10Y,2026-01-30,2.053,2.059,2.089,2.041,-0.73%
10Y,2026-01-29,2.068,2.064,2.108,2.06,-0.48%
10Y,2026-01-28,2.078,2.084,2.129,2.056,-1.05%
10Y,2026-01-27,2.1,2.053,2.132,2.064,1.69%
10Y,2026-01-26,2.065,2.078,2.109,2.034,-0.82%
10Y,2026-01-23,2.082,2.039,2.112,2.048,1.36%
10Y,2026-01-22,2.054,2.097,2.114,2.051,-2.61%
10Y,2026-01-21,2.109,2.138,2.169,2.091,-2.23%
10Y,2026-01-20,2.157,2.073,2.21,2.084,3.21%
10Y,2026-01-19,2.09,2.022,2.121,2.024,3.16%
10Y,2026-01-16,2.026,2.002,2.05,2.007,0.65%
10Y,2026-01-15,2.013,1.997,2.047,1.987,0.85%
10Y,2026-01-14,1.996,2.013,2.053,1.994,-1.38%
10Y,2026-01-13,2.024,1.974,2.059,1.971,1.61%
10Y,2026-01-12,1.992,2.001,2.031,1.992,0.45%
10Y,2026-01-09,1.983,1.914,2.03,1.934,1.85%
10Y,2026-01-08,1.947,1.945,1.971,1.93,-0.76%
10Y,2026-01-07,1.962,1.96,2.009,1.961,-1.11%
10Y,2026-01-06,1.984,1.955,2.013,1.959,0.61%
10Y,2026-01-05,1.972,1.925,2.011,1.929,0.92%
10Y,2026-01-02,1.954,1.954,1.954,1.954,0.00%
10Y,2026-01-01,1.954,1.954,1.954,1.954,0.00%
10Y,2025-12-31,1.954,1.954,1.954,1.954,0.00%
10Y,2025-12-30,1.954,1.891,1.959,1.902,2.41%
10Y,2025-12-29,1.908,1.882,1.935,1.898,0.16%
10Y,2025-12-26,1.905,1.891,1.916,1.898,-0.21%
10Y,2025-12-25,1.909,1.866,1.914,1.871,1.27%
10Y,2025-12-24,1.885,1.86,1.933,1.873,-0.37%
10Y,2025-12-23,1.892,1.903,1.95,1.876,-1.82%
10Y,2025-12-22,1.927,1.882,1.97,1.883,1.74%
10Y,2025-12-19,1.894,1.83,1.916,1.837,2.71%
10Y,2025-12-18,1.844,1.837,1.871,1.832,-0.27%
10Y,2025-12-17,1.849,1.815,1.884,1.825,0.54%
10Y,2025-12-16,1.839,1.815,1.859,1.82,-1.87%
10Y,2025-12-15,1.874,1.813,1.874,1.805,2.85%
10Y,2025-12-12,1.822,1.78,1.847,1.792,1.00%
10Y,2025-12-11,1.804,1.786,1.828,1.783,-0.17%
10Y,2025-12-10,1.807,1.806,1.839,1.801,-0.28%
10Y,2025-12-09,1.812,1.819,1.845,1.801,-1.25%
10Y,2025-12-08,1.835,1.808,1.872,1.814,0.99%
10Y,2025-12-05,1.817,1.78,1.844,1.791,0.61%
10Y,2025-12-04,1.806,1.744,1.836,1.757,2.61%
10Y,2025-12-03,1.76,1.724,1.795,1.737,0.74%
10Y,2025-12-02,1.747,1.72,1.777,1.723,0.58%
10Y,2025-12-01,1.737,1.678,1.767,1.678,3.21%
10Y,2025-11-28,1.683,1.642,1.706,1.657,1.14%
10Y,2025-11-27,1.664,1.645,1.687,1.653,-0.06%
10Y,2025-11-26,1.665,1.639,1.697,1.655,-0.18%
10Y,2025-11-25,1.668,1.623,1.68,1.633,1.96%
10Y,2025-11-24,1.636,1.611,1.641,1.636,-0.18%
10Y,2025-11-21,1.639,1.645,1.668,1.627,-1.50%
10Y,2025-11-20,1.664,1.629,1.707,1.63,0.91%
10Y,2025-11-19,1.649,1.589,1.659,1.608,1.79%
10Y,2025-11-18,1.62,1.588,1.641,1.601,1.12%
10Y,2025-11-17,1.602,1.568,1.634,1.585,1.14%
10Y,2025-11-14,1.584,1.571,1.615,1.564,0.25%
10Y,2025-11-13,1.58,1.56,1.606,1.563,0.45%
10Y,2025-11-12,1.573,1.561,1.599,1.563,0.06%
10Y,2025-11-11,1.572,1.564,1.605,1.568,-0.82%
10Y,2025-11-10,1.585,1.55,1.619,1.564,1.54%
10Y,2025-11-07,1.561,1.548,1.591,1.549,0.71%
10Y,2025-11-06,1.55,1.544,1.592,1.546,-0.64%
10Y,2025-11-05,1.56,1.539,1.577,1.535,0.26%
10Y,2025-11-04,1.556,1.542,1.582,1.55,-0.06%
10Y,2025-11-03,1.557,1.532,1.568,1.552,0.71%
10Y,2025-10-31,1.546,1.516,1.568,1.527,0.78%
10Y,2025-10-30,1.534,1.545,1.566,1.523,-1.67%
10Y,2025-10-29,1.56,1.51,1.568,1.522,2.43%
10Y,2025-10-28,1.523,1.53,1.559,1.514,-1.55%
10Y,2025-10-27,1.547,1.528,1.578,1.539,0.39%
10Y,2025-10-24,1.541,1.522,1.567,1.531,-0.39%
10Y,2025-10-23,1.547,1.502,1.567,1.514,1.91%
10Y,2025-10-22,1.518,1.525,1.552,1.513,-1.36%
10Y,2025-10-21,1.539,1.524,1.567,1.52,-0.32%
10Y,2025-10-20,1.544,1.502,1.567,1.506,1.98%
10Y,2025-10-17,1.514,1.498,1.53,1.48,0.46%
10Y,2025-10-16,1.507,1.484,1.545,1.5,-0.07%
10Y,2025-10-15,1.508,1.482,1.532,1.494,0.47%
10Y,2025-10-14,1.501,1.521,1.542,1.493,0.60%
10Y,2025-10-13,1.492,1.51,1.544,1.486,-1.58%
10Y,2025-10-10,1.516,1.556,1.577,1.513,-3.62%
10Y,2025-10-09,1.573,1.553,1.594,1.551,0.13%
10Y,2025-10-08,1.571,1.552,1.597,1.562,0.06%
10Y,2025-10-07,1.57,1.571,1.606,1.558,-1.13%
10Y,2025-10-06,1.588,1.558,1.605,1.533,1.28%
10Y,2025-10-03,1.568,1.56,1.587,1.554,-0.06%
10Y,2025-10-02,1.569,1.543,1.598,1.544,0.32%
10Y,2025-10-01,1.564,1.538,1.591,1.542,0.64%
10Y,2025-09-30,1.554,1.522,1.574,1.521,1.50%
10Y,2025-09-29,1.531,1.52,1.562,1.516,0.33%
10Y,2025-09-26,1.526,1.518,1.561,1.519,-0.59%
10Y,2025-09-25,1.535,1.509,1.563,1.517,0.20%
10Y,2025-09-24,1.532,1.505,1.545,1.509,0.33%
10Y,2025-09-23,1.527,1.515,1.531,1.524,0.53%
10Y,2025-09-22,1.519,1.495,1.549,1.501,1.00%
10Y,2025-09-19,1.504,1.455,1.533,1.47,1.08%
10Y,2025-09-18,1.488,1.457,1.512,1.462,0.95%
10Y,2025-09-17,1.474,1.462,1.494,1.458,-0.07%
10Y,2025-09-16,1.475,1.46,1.514,1.454,-0.20%
10Y,2025-09-15,1.478,1.453,1.49,1.472,0.48%
10Y,2025-09-12,1.471,1.43,1.491,1.445,1.87%
10Y,2025-09-11,1.444,1.418,1.471,1.428,1.12%
10Y,2025-09-10,1.428,1.443,1.464,1.426,-1.99%
10Y,2025-09-09,1.457,1.416,1.479,1.415,1.67%
10Y,2025-09-08,1.433,1.414,1.464,1.422,-0.97%
10Y,2025-09-05,1.447,1.443,1.47,1.434,-0.62%
10Y,2025-09-04,1.456,1.486,1.504,1.452,-3.32%
10Y,2025-09-03,1.506,1.485,1.529,1.489,0.94%
10Y,2025-09-02,1.492,1.476,1.522,1.47,-0.27%
10Y,2025-09-01,1.496,1.454,1.521,1.462,0.67%
10Y,2025-08-29,1.486,1.466,1.496,1.483,-0.80%
10Y,2025-08-28,1.498,1.474,1.506,1.496,-0.47%
10Y,2025-08-27,1.505,1.481,1.514,1.505,-0.53%
10Y,2025-08-26,1.513,1.46,1.52,1.49,1.68%
10Y,2025-08-25,1.488,1.458,1.488,1.488,0.00%
10Y,2025-08-22,1.488,1.454,1.489,1.478,0.61%
10Y,2025-08-21,1.479,1.434,1.48,1.464,1.09%
10Y,2025-08-20,1.463,1.433,1.479,1.463,0.14%
10Y,2025-08-19,1.461,1.419,1.469,1.449,0.90%
10Y,2025-08-18,1.448,1.413,1.448,1.435,0.35%
10Y,2025-08-15,1.443,1.4,1.443,1.43,0.98%
10Y,2025-08-14,1.429,1.343,1.429,1.373,4.23%
10Y,2025-08-13,1.371,1.353,1.386,1.371,-0.72%
10Y,2025-08-12,1.381,1.339,1.384,1.364,0.95%
10Y,2025-08-11,1.368,1.338,1.368,1.368,0.00%
10Y,2025-08-08,1.368,1.319,1.368,1.349,1.48%
10Y,2025-08-07,1.348,1.331,1.361,1.344,-1.10%
10Y,2025-08-06,1.363,1.313,1.365,1.343,1.64%
10Y,2025-08-05,1.341,1.324,1.354,1.329,-1.03%
10Y,2025-08-04,1.355,1.325,1.368,1.345,0.00%
10Y,2025-08-01,1.355,1.389,1.419,1.354,-4.58%
10Y,2025-07-31,1.42,1.403,1.433,1.41,-0.98%
10Y,2025-07-30,1.434,1.39,1.434,1.42,1.06%
10Y,2025-07-29,1.419,1.393,1.433,1.419,1.99%
10Y,2025-07-28,1.391,1.42,1.391,1.384,2.30%
10Y,2025-07-11,1.36,1.332,1.361,1.36,1.87%
10Y,2025-07-10,1.335,1.335,1.335,1.329,-0.10%
10Y,2025-07-09,1.336,1.321,1.337,1.315,1.04%
10Y,2025-07-08,1.322,1.289,1.322,1.304,2.52%
10Y,2025-07-07,1.29,1.265,1.293,1.265,1.98%
10Y,2025-07-04,1.265,1.288,1.286,1.263,-1.94%
10Y,2025-07-03,1.29,1.269,1.29,1.268,1.78%
10Y,2025-07-02,1.268,1.25,1.268,1.25,1.50%
10Y,2025-07-01,1.249,1.253,1.251,1.24,-0.40%
10Y,2025-06-30,1.254,1.259,1.264,1.254,-0.40%
10Y,2025-06-27,1.259,1.242,1.259,1.241,1.21%
10Y,2025-06-26,1.244,1.227,1.244,1.227,1.43%
10Y,2025-06-25,1.226,1.242,1.242,1.212,-1.41%
10Y,2025-06-24,1.244,1.241,1.246,1.235,0.10%
10Y,2025-06-23,1.242,1.236,1.246,1.235,0.50%
10Y,2025-06-20,1.236,1.231,1.241,1.221,0.51%
10Y,2025-06-19,1.23,1.244,1.244,1.23,-1.20%
10Y,2025-06-18,1.245,1.273,1.281,1.245,-2.07%
10Y,2025-06-17,1.271,1.271,1.299,1.264,0.20%
10Y,2025-06-16,1.269,1.266,1.294,1.266,0.20%
10Y,2025-06-13,1.266,1.261,1.266,1.23,-0.20%
10Y,2025-06-12,1.269,1.286,1.293,1.269,-1.26%
10Y,2025-06-11,1.285,1.298,1.298,1.285,-1.06%
10Y,2025-06-10,1.299,1.288,1.305,1.288,0.98%
10Y,2025-06-09,1.286,1.28,1.298,1.28,0.48%
10Y,2025-06-06,1.28,1.281,1.281,1.264,-0.19%
10Y,2025-06-05,1.283,1.311,1.311,1.273,-2.29%
10Y,2025-06-04,1.313,1.293,1.319,1.294,1.64%
10Y,2025-06-03,1.291,1.3,1.3,1.281,-0.77%
10Y,2025-06-02,1.301,1.288,1.304,1.288,1.07%
10Y,2025-05-30,1.288,1.278,1.288,1.275,0.88%
10Y,2025-05-29,1.276,1.293,1.306,1.276,-1.35%
10Y,2025-05-28,1.294,1.253,1.301,1.254,3.40%
10Y,2025-05-27,1.251,1.289,1.289,1.232,-3.00%
10Y,2025-05-26,1.29,1.29,1.29,1.29,0.00%
10Y,2025-05-23,1.29,1.35,1.35,1.289,-4.54%
10Y,2025-05-22,1.351,1.325,1.359,1.326,2.08%
10Y,2025-05-21,1.324,1.315,1.324,1.305,0.57%
10Y,2025-05-20,1.316,1.288,1.316,1.288,2.34%
10Y,2025-05-19,1.286,1.276,1.296,1.275,0.78%
10Y,2025-05-16,1.276,1.27,1.276,1.253,0.39%
10Y,2025-05-15,1.271,1.286,1.29,1.271,-1.26%
10Y,2025-05-14,1.288,1.259,1.288,1.254,2.39%
10Y,2025-05-13,1.258,1.232,1.263,1.232,2.13%
10Y,2025-05-12,1.231,1.159,1.25,1.159,6.26%
10Y,2025-05-09,1.159,1.13,1.165,1.13,2.66%
10Y,2025-05-08,1.129,1.109,1.139,1.111,1.92%
10Y,2025-05-07,1.107,1.08,1.112,1.081,2.42%
10Y,2025-05-05,1.081,1.081,1.081,1.081,0.00%
10Y,2025-05-02,1.081,1.06,1.081,1.06,1.88%
10Y,2025-05-01,1.061,1.08,1.08,1.05,-1.85%
10Y,2025-04-30,1.081,1.111,1.111,1.081,-2.80%
10Y,2025-04-28,1.112,1.146,1.146,1.102,-2.95%
10Y,2025-04-25,1.146,1.106,1.148,1.106,3.85%
10Y,2025-04-24,1.104,1.133,1.133,1.094,-2.65%
10Y,2025-04-23,1.134,1.085,1.136,1.085,4.37%
10Y,2025-04-22,1.086,1.086,1.09,1.084,0.12%
10Y,2025-04-21,1.085,1.085,1.085,1.085,0.00%
10Y,2025-04-17,1.085,1.051,1.091,1.053,3.09%
10Y,2025-04-16,1.053,1.163,1.16,1.035,-9.36%
10Y,2025-04-15,1.161,1.115,1.168,1.116,4.26%
10Y,2025-04-14,1.114,1.077,1.125,1.077,3.73%
10Y,2025-04-11,1.074,1.104,1.11,1.038,-2.60%
10Y,2025-04-10,1.102,1.008,1.134,1.009,9.56%
10Y,2025-04-09,1.006,1.081,1.08,1.005,-7.04%
10Y,2025-04-08,1.082,0.961,1.13,0.962,12.90%
10Y,2025-04-07,0.959,1.005,1.006,0.913,-4.36%
10Y,2025-04-04,1.003,1.186,1.186,0.96,-15.32%
10Y,2025-04-03,1.184,1.329,1.329,1.176,-10.99%
10Y,2025-04-02,1.33,1.346,1.352,1.321,-1.30%
10Y,2025-04-01,1.347,1.346,1.359,1.34,0.28%
10Y,2025-03-31,1.344,1.391,1.391,1.335,-3.41%
10Y,2025-03-28,1.391,1.421,1.42,1.388,-2.28%
10Y,2025-03-27,1.424,1.439,1.439,1.416,-1.13%
10Y,2025-03-26,1.44,1.431,1.441,1.429,0.78%
10Y,2025-03-25,1.429,1.414,1.436,1.414,0.98%
10Y,2025-03-24,1.415,1.378,1.415,1.378,2.72%
10Y,2025-03-21,1.378,1.406,1.406,1.378,-1.96%
10Y,2025-03-19,1.405,1.38,1.406,1.376,1.72%
10Y,2025-03-18,1.381,1.369,1.383,1.37,1.01%
10Y,2025-03-17,1.367,1.367,1.367,1.364,0.00%
10Y,2025-03-14,1.367,1.386,1.386,1.361,-1.44%
10Y,2025-03-13,1.388,1.364,1.4,1.364,2.02%
10Y,2025-03-12,1.36,1.367,1.367,1.349,-0.91%
10Y,2025-03-11,1.372,1.388,1.388,1.354,-1.26%
10Y,2025-03-10,1.39,1.35,1.406,1.35,2.96%
10Y,2025-03-07,1.35,1.371,1.37,1.35,-1.73%
10Y,2025-03-06,1.374,1.362,1.394,1.362,0.92%
10Y,2025-03-05,1.361,1.305,1.361,1.31,4.41%
10Y,2025-03-04,1.304,1.326,1.326,1.304,-1.79%
10Y,2025-03-03,1.327,1.285,1.341,1.285,3.31%
10Y,2025-02-28,1.285,1.308,1.308,1.275,-1.82%
10Y,2025-02-27,1.309,1.275,1.32,1.275,2.75%
10Y,2025-02-26,1.274,1.254,1.281,1.254,1.70%
10Y,2025-02-25,1.253,1.301,1.301,1.253,-3.84%
10Y,2025-02-24,1.303,1.303,1.303,1.303,0.00%
10Y,2025-02-21,1.303,1.357,1.356,1.303,-4.14%
10Y,2025-02-20,1.359,1.365,1.365,1.34,-0.56%
10Y,2025-02-19,1.366,1.356,1.378,1.352,0.65%
10Y,2025-02-18,1.357,1.336,1.362,1.337,1.69%
10Y,2025-02-17,1.335,1.313,1.335,1.313,1.71%
10Y,2025-02-14,1.313,1.291,1.314,1.293,1.74%
10Y,2025-02-13,1.29,1.315,1.315,1.29,-2.00%
10Y,2025-02-12,1.316,1.253,1.316,1.255,5.19%
10Y,2025-02-11,1.251,1.251,1.251,1.251,0.00%
10Y,2025-02-10,1.251,1.263,1.265,1.251,-0.89%
10Y,2025-02-07,1.263,1.237,1.263,1.237,2.12%
10Y,2025-02-06,1.236,1.232,1.237,1.222,0.21%
10Y,2025-02-05,1.234,1.231,1.237,1.226,0.30%
10Y,2025-02-04,1.23,1.194,1.241,1.197,3.25%
10Y,2025-02-03,1.191,1.199,1.199,1.186,-0.63%
10Y,2025-01-31,1.199,1.175,1.2,1.194,2.24%
10Y,2025-01-30,1.173,1.164,1.18,1.164,0.86%
10Y,2025-01-29,1.163,1.169,1.169,1.155,-0.74%
10Y,2025-01-28,1.171,1.165,1.176,1.163,0.64%
10Y,2025-01-27,1.164,1.194,1.194,1.146,-2.51%
10Y,2025-01-24,1.194,1.18,1.201,1.18,1.27%
10Y,2025-01-23,1.179,1.16,1.179,1.16,1.73%
10Y,2025-01-22,1.159,1.154,1.168,1.154,0.55%
10Y,2025-01-21,1.153,1.15,1.159,1.15,0.32%
10Y,2025-01-20,1.149,1.161,1.161,1.149,-1.07%
10Y,2025-01-17,1.161,1.17,1.17,1.156,-0.85%
10Y,2025-01-16,1.171,1.184,1.184,1.16,-1.16%
10Y,2025-01-15,1.185,1.196,1.212,1.183,-0.84%
10Y,2025-01-14,1.195,1.194,1.199,1.189,0.21%
10Y,2025-01-13,1.192,1.192,1.192,1.192,0.00%
10Y,2025-01-10,1.192,1.153,1.192,1.154,3.70%
10Y,2025-01-09,1.15,1.17,1.17,1.15,-1.92%
10Y,2025-01-08,1.173,1.146,1.179,1.146,2.40%
10Y,2025-01-07,1.145,1.138,1.145,1.138,0.77%
10Y,2025-01-06,1.136,1.095,1.145,1.096,3.77%
10Y,2025-01-03,1.095,1.095,1.095,1.095,0.00%
10Y,2025-01-02,1.095,1.095,1.095,1.095,0.00%
10Y,2025-01-01,1.095,1.095,1.095,1.095,0.00%
30Y,2026-02-18,2.799,2.81,2.831,2.774,-1.19%
30Y,2026-02-17,2.833,2.884,2.899,2.816,-2.44%
30Y,2026-02-16,2.904,2.842,2.933,2.845,1.75%
30Y,2026-02-13,2.854,2.827,2.905,2.835,0.21%
30Y,2026-02-12,2.848,2.9,2.924,2.846,-2.90%
30Y,2026-02-11,2.933,2.887,2.933,2.902,0.14%
30Y,2026-02-10,2.929,2.95,2.977,2.906,-1.28%
30Y,2026-02-09,2.967,2.976,3.016,2.958,-0.47%
30Y,2026-02-06,2.981,2.936,3.008,2.892,1.02%
30Y,2026-02-05,2.951,2.986,3.019,2.949,-1.83%
30Y,2026-02-04,3.006,3.003,3.05,2.992,-0.40%
30Y,2026-02-03,3.018,3.009,3.055,3.004,-0.07%
30Y,2026-02-02,3.02,3.001,3.055,2.984,0.37%
30Y,2026-01-30,3.009,3.011,3.041,2.991,-0.23%
30Y,2026-01-29,3.016,3.024,3.056,3.005,-0.76%
30Y,2026-01-28,3.039,3.035,3.079,3.015,-0.30%
30Y,2026-01-27,3.048,3.004,3.086,3.016,1.13%
30Y,2026-01-26,3.014,3.037,3.067,2.982,-0.89%
30Y,2026-01-23,3.041,3.027,3.081,3.024,0.16%
30Y,2026-01-22,3.036,3.076,3.096,3.023,-1.62%
30Y,2026-01-21,3.086,3.151,3.178,3.061,-2.93%
30Y,2026-01-20,3.179,2.995,3.219,3.013,5.26%
30Y,2026-01-19,3.02,2.949,3.048,2.945,2.30%
30Y,2026-01-16,2.952,2.935,2.978,2.918,0.27%
30Y,2026-01-15,2.944,2.936,2.969,2.924,-0.17%
30Y,2026-01-14,2.949,2.955,3.001,2.94,-0.54%
30Y,2026-01-13,2.965,2.922,3.006,2.912,0.82%
30Y,2026-01-12,2.941,2.943,2.976,2.939,0.62%
30Y,2026-01-09,2.923,2.883,2.976,2.883,0.24%
30Y,2026-01-08,2.916,2.91,2.938,2.897,-0.24%
30Y,2026-01-07,2.923,2.919,2.97,2.921,-0.44%
30Y,2026-01-06,2.936,2.888,2.963,2.904,0.58%
30Y,2026-01-05,2.919,2.874,2.952,2.886,0.52%
30Y,2026-01-02,2.904,2.904,2.904,2.904,0.00%
30Y,2026-01-01,2.904,2.904,2.904,2.904,0.00%
30Y,2025-12-31,2.904,2.904,2.904,2.904,0.00%
30Y,2025-12-30,2.904,2.863,2.912,2.875,0.94%
30Y,2025-12-29,2.877,2.861,2.906,2.857,0.45%
30Y,2025-12-26,2.864,2.854,2.886,2.858,-0.14%
30Y,2025-12-25,2.868,2.837,2.88,2.837,0.17%
30Y,2025-12-24,2.863,2.865,2.918,2.857,-0.59%
30Y,2025-12-23,2.88,2.872,2.914,2.863,-0.21%
30Y,2025-12-22,2.886,2.873,2.934,2.873,0.14%
30Y,2025-12-19,2.882,2.83,2.906,2.839,1.23%
30Y,2025-12-18,2.847,2.822,2.875,2.823,0.49%
30Y,2025-12-17,2.833,2.806,2.86,2.802,0.18%
30Y,2025-12-16,2.828,2.813,2.855,2.805,-1.36%
30Y,2025-12-15,2.867,2.809,2.869,2.794,2.17%
30Y,2025-12-12,2.806,2.804,2.84,2.794,-0.50%
30Y,2025-12-11,2.82,2.793,2.841,2.786,-0.04%
30Y,2025-12-10,2.821,2.808,2.854,2.811,0.07%
30Y,2025-12-09,2.819,2.829,2.857,2.807,-0.63%
30Y,2025-12-08,2.837,2.788,2.877,2.79,1.50%
30Y,2025-12-05,2.795,2.792,2.825,2.771,-0.57%
30Y,2025-12-04,2.811,2.79,2.843,2.784,0.21%
30Y,2025-12-03,2.805,2.769,2.839,2.775,0.79%
30Y,2025-12-02,2.783,2.768,2.817,2.765,-0.22%
30Y,2025-12-01,2.789,2.738,2.817,2.74,1.60%
30Y,2025-11-28,2.745,2.709,2.771,2.717,0.66%
30Y,2025-11-27,2.727,2.693,2.747,2.688,0.85%
30Y,2025-11-26,2.704,2.702,2.74,2.7,-0.55%
30Y,2025-11-25,2.719,2.685,2.738,2.677,0.70%
30Y,2025-11-24,2.7,2.674,2.706,2.7,0.19%
30Y,2025-11-21,2.695,2.728,2.744,2.683,-1.61%
30Y,2025-11-20,2.739,2.731,2.78,2.729,-0.36%
30Y,2025-11-19,2.749,2.716,2.764,2.689,0.66%
30Y,2025-11-18,2.731,2.652,2.743,2.666,2.36%
30Y,2025-11-17,2.668,2.603,2.7,2.621,1.68%
30Y,2025-11-14,2.624,2.594,2.657,2.596,0.46%
30Y,2025-11-13,2.612,2.573,2.637,2.581,0.85%
30Y,2025-11-12,2.59,2.568,2.619,2.571,0.19%
30Y,2025-11-11,2.585,2.558,2.614,2.568,0.23%
30Y,2025-11-10,2.579,2.528,2.607,2.546,1.26%
30Y,2025-11-07,2.547,2.519,2.574,2.524,0.51%
30Y,2025-11-06,2.534,2.53,2.567,2.526,-0.47%
30Y,2025-11-05,2.546,2.524,2.565,2.521,0.16%
30Y,2025-11-04,2.542,2.515,2.567,2.526,0.47%
30Y,2025-11-03,2.53,2.513,2.548,2.529,0.04%
30Y,2025-10-31,2.529,2.492,2.546,2.504,0.28%
30Y,2025-10-30,2.522,2.516,2.551,2.5,-0.47%
30Y,2025-10-29,2.534,2.5,2.545,2.503,0.88%
30Y,2025-10-28,2.512,2.519,2.551,2.502,-0.87%
30Y,2025-10-27,2.534,2.523,2.566,2.526,-0.16%
30Y,2025-10-24,2.538,2.523,2.558,2.522,-0.35%
30Y,2025-10-23,2.547,2.515,2.569,2.52,0.51%
30Y,2025-10-22,2.534,2.517,2.564,2.515,0.24%
30Y,2025-10-21,2.528,2.512,2.558,2.5,-0.04%
30Y,2025-10-20,2.529,2.504,2.554,2.499,0.08%
30Y,2025-10-17,2.527,2.49,2.537,2.478,1.20%
30Y,2025-10-16,2.497,2.517,2.547,2.492,-1.15%
30Y,2025-10-15,2.526,2.524,2.561,2.517,-0.55%
30Y,2025-10-14,2.54,2.546,2.584,2.534,1.07%
30Y,2025-10-13,2.513,2.546,2.578,2.513,-1.06%
30Y,2025-10-10,2.54,2.586,2.61,2.536,-2.31%
30Y,2025-10-09,2.6,2.561,2.624,2.561,0.78%
30Y,2025-10-08,2.58,2.592,2.617,2.568,-1.07%
30Y,2025-10-07,2.608,2.634,2.664,2.574,-1.32%
30Y,2025-10-06,2.643,2.519,2.663,2.491,4.63%
30Y,2025-10-03,2.526,2.517,2.55,2.513,-0.36%
30Y,2025-10-02,2.535,2.508,2.563,2.508,0.16%
30Y,2025-10-01,2.531,2.495,2.556,2.498,0.60%
30Y,2025-09-30,2.516,2.488,2.537,2.466,1.17%
30Y,2025-09-29,2.487,2.498,2.53,2.477,-0.36%
30Y,2025-09-26,2.496,2.476,2.531,2.466,0.65%
30Y,2025-09-25,2.48,2.486,2.514,2.455,-1.04%
30Y,2025-09-24,2.506,2.509,2.53,2.483,-0.59%
30Y,2025-09-23,2.521,2.503,2.521,2.518,0.28%
30Y,2025-09-22,2.514,2.505,2.548,2.507,-0.08%
30Y,2025-09-19,2.516,2.494,2.549,2.503,-0.98%
30Y,2025-09-18,2.541,2.533,2.568,2.511,-0.12%
30Y,2025-09-17,2.544,2.541,2.576,2.533,-0.66%
30Y,2025-09-16,2.561,2.56,2.594,2.52,0.47%
30Y,2025-09-15,2.549,2.516,2.558,2.539,0.35%
30Y,2025-09-12,2.54,2.526,2.557,2.525,-0.20%
30Y,2025-09-11,2.545,2.518,2.557,2.524,0.63%
30Y,2025-09-10,2.529,2.56,2.578,2.524,-1.60%
30Y,2025-09-09,2.57,2.546,2.589,2.534,0.19%
30Y,2025-09-08,2.565,2.5,2.591,2.523,0.87%
30Y,2025-09-05,2.543,2.536,2.567,2.528,-0.43%
30Y,2025-09-04,2.554,2.584,2.622,2.548,-2.30%
30Y,2025-09-03,2.614,2.573,2.634,2.587,0.69%
30Y,2025-09-02,2.596,2.559,2.612,2.556,0.78%
30Y,2025-09-01,2.576,2.517,2.589,2.537,1.18%
30Y,2025-08-29,2.546,2.538,2.568,2.544,-0.90%
30Y,2025-08-28,2.569,2.565,2.595,2.568,-1.04%
30Y,2025-08-27,2.596,2.569,2.605,2.596,-0.15%
30Y,2025-08-26,2.6,2.541,2.614,2.571,1.21%
30Y,2025-08-25,2.569,2.539,2.569,2.569,0.00%
30Y,2025-08-22,2.569,2.538,2.57,2.559,0.23%
30Y,2025-08-21,2.563,2.529,2.564,2.558,0.20%
30Y,2025-08-20,2.558,2.506,2.574,2.536,0.91%
30Y,2025-08-19,2.535,2.489,2.543,2.519,0.60%
30Y,2025-08-18,2.52,2.48,2.52,2.506,0.40%
30Y,2025-08-15,2.51,2.474,2.51,2.497,0.20%
30Y,2025-08-14,2.505,2.426,2.505,2.456,2.04%
30Y,2025-08-13,2.455,2.44,2.47,2.455,-0.65%
30Y,2025-08-12,2.471,2.419,2.474,2.449,0.94%
30Y,2025-08-11,2.448,2.418,2.448,2.448,0.00%
30Y,2025-08-08,2.448,2.408,2.448,2.436,0.49%
30Y,2025-08-07,2.436,2.408,2.448,2.434,0.04%
30Y,2025-08-06,2.435,2.398,2.441,2.428,0.37%
30Y,2025-08-05,2.426,2.415,2.445,2.414,-0.82%
30Y,2025-08-04,2.446,2.394,2.466,2.424,0.91%
30Y,2025-08-01,2.424,2.429,2.478,2.414,-1.46%
30Y,2025-07-31,2.46,2.438,2.469,2.45,-0.36%
30Y,2025-07-30,2.469,2.413,2.469,2.443,1.02%
30Y,2025-07-29,2.444,2.41,2.459,2.44,1.41%
30Y,2025-07-28,2.41,2.41,2.41,2.404,0.89%
30Y,2025-07-11,2.389,2.39,2.39,2.389,-0.15%
30Y,2025-07-10,2.392,2.394,2.394,2.386,-0.10%
30Y,2025-07-09,2.395,2.39,2.398,2.374,0.15%
30Y,2025-07-08,2.391,2.385,2.392,2.382,2.96%
30Y,2025-07-07,2.322,2.27,2.324,2.27,2.31%
30Y,2025-07-04,2.27,2.284,2.283,2.269,-0.71%
30Y,2025-07-03,2.286,2.251,2.289,2.251,1.61%
30Y,2025-07-02,2.25,2.24,2.25,2.239,0.50%
30Y,2025-07-01,2.239,2.239,2.239,2.23,-0.05%
30Y,2025-06-30,2.24,2.239,2.25,2.239,0.05%
30Y,2025-06-27,2.239,2.224,2.239,2.22,0.73%
30Y,2025-06-26,2.223,2.204,2.223,2.204,0.91%
30Y,2025-06-25,2.203,2.214,2.214,2.189,-0.56%
30Y,2025-06-24,2.215,2.214,2.217,2.206,0.00%
30Y,2025-06-23,2.215,2.19,2.223,2.19,1.14%
30Y,2025-06-20,2.19,2.213,2.234,2.176,-0.96%
30Y,2025-06-19,2.211,2.209,2.229,2.209,0.06%
30Y,2025-06-18,2.21,2.219,2.243,2.21,-0.34%
30Y,2025-06-17,2.217,2.204,2.239,2.205,0.74%
30Y,2025-06-16,2.201,2.22,2.226,2.201,-0.84%
30Y,2025-06-13,2.22,2.22,2.22,2.185,-0.34%
30Y,2025-06-12,2.227,2.243,2.259,2.227,-0.62%
30Y,2025-06-11,2.241,2.249,2.259,2.241,-0.39%
30Y,2025-06-10,2.25,2.188,2.256,2.188,2.92%
30Y,2025-06-09,2.186,2.18,2.227,2.18,0.28%
30Y,2025-06-06,2.18,2.199,2.2,2.164,-0.91%
30Y,2025-06-05,2.2,2.245,2.245,2.191,-2.06%
30Y,2025-06-04,2.246,2.215,2.254,2.215,1.47%
30Y,2025-06-03,2.214,2.206,2.216,2.206,0.40%
30Y,2025-06-02,2.205,2.206,2.207,2.197,-0.06%
30Y,2025-05-30,2.206,2.191,2.21,2.191,0.74%
30Y,2025-05-29,2.19,2.176,2.221,2.178,0.75%
30Y,2025-05-28,2.174,2.145,2.197,2.145,1.40%
30Y,2025-05-27,2.144,2.254,2.254,2.101,-4.93%
30Y,2025-05-26,2.255,2.255,2.255,2.255,0.00%
30Y,2025-05-23,2.255,2.361,2.967,2.255,-4.55%
30Y,2025-05-22,2.362,2.309,2.371,2.309,2.38%
30Y,2025-05-21,2.307,2.263,2.307,2.263,1.93%
30Y,2025-05-20,2.264,2.172,2.274,2.172,4.26%
30Y,2025-05-19,2.171,2.16,2.181,2.16,0.52%
30Y,2025-05-16,2.16,2.188,2.188,2.135,-1.32%
30Y,2025-05-15,2.189,2.193,2.201,2.184,-0.23%
30Y,2025-05-14,2.194,2.14,2.194,2.14,2.57%
30Y,2025-05-13,2.139,2.156,2.156,2.124,-0.75%
30Y,2025-05-12,2.155,2.11,2.191,2.11,2.13%
30Y,2025-05-09,2.11,2.055,2.116,2.056,2.74%
30Y,2025-05-08,2.054,2.031,2.064,2.034,1.17%
30Y,2025-05-07,2.03,1.971,2.035,1.971,3.05%
30Y,2025-05-05,1.97,1.97,1.97,1.97,0.00%
30Y,2025-05-02,1.97,1.936,1.97,1.936,1.68%
30Y,2025-05-01,1.938,1.94,1.96,1.926,-0.07%
30Y,2025-04-30,1.939,1.972,1.972,1.939,-1.77%
30Y,2025-04-28,1.974,2.003,2.001,1.966,-1.43%
30Y,2025-04-25,2.003,1.965,2.004,1.965,2.04%
30Y,2025-04-24,1.962,1.967,1.967,1.949,-0.19%
30Y,2025-04-23,1.966,1.951,1.969,1.925,0.71%
30Y,2025-04-22,1.952,1.919,1.965,1.919,1.83%
30Y,2025-04-21,1.918,1.918,1.918,1.918,-0.07%
30Y,2025-04-17,1.919,1.911,1.925,1.898,0.46%
30Y,2025-04-16,1.91,2.019,2.017,1.891,-5.51%
30Y,2025-04-15,2.021,2.094,2.1,1.999,-3.58%
30Y,2025-04-14,2.096,2.046,2.104,2.046,2.44%
30Y,2025-04-11,2.046,1.923,2.079,1.923,6.51%
30Y,2025-04-10,1.921,1.875,1.995,1.876,2.53%
30Y,2025-04-09,1.874,1.759,1.914,1.759,6.39%
30Y,2025-04-08,1.761,1.634,1.793,1.635,7.97%
30Y,2025-04-07,1.631,1.669,1.669,1.584,-2.10%
30Y,2025-04-04,1.666,1.674,1.734,1.625,-9.19%
30Y,2025-04-03,1.835,1.96,1.96,1.827,-6.44%
30Y,2025-04-02,1.961,2.0,2.0,1.951,-2.00%
30Y,2025-04-01,2.001,2.006,2.015,1.994,-0.12%
30Y,2025-03-31,2.004,2.03,2.03,1.994,-1.29%
30Y,2025-03-28,2.03,2.066,2.066,2.025,-1.88%
30Y,2025-03-27,2.069,2.099,2.099,2.057,-1.49%
30Y,2025-03-26,2.1,2.095,2.101,2.088,0.18%
30Y,2025-03-25,2.096,2.091,2.105,2.091,0.30%
30Y,2025-03-24,2.09,2.055,2.09,2.055,1.70%
30Y,2025-03-21,2.055,2.098,2.098,2.055,-1.97%
30Y,2025-03-19,2.096,2.074,2.098,2.07,1.03%
30Y,2025-03-18,2.075,2.053,2.076,2.053,1.16%
30Y,2025-03-17,2.051,2.035,2.051,2.035,0.80%
30Y,2025-03-14,2.035,2.047,2.047,2.024,-0.67%
30Y,2025-03-13,2.049,2.039,2.065,2.039,0.68%
30Y,2025-03-12,2.035,2.051,2.051,2.023,-1.04%
30Y,2025-03-11,2.056,2.059,2.059,2.037,-0.24%
30Y,2025-03-10,2.061,2.027,2.078,2.027,1.66%
30Y,2025-03-07,2.027,2.045,2.044,2.026,-0.98%
30Y,2025-03-06,2.047,2.021,2.068,2.021,1.36%
30Y,2025-03-05,2.02,1.947,2.02,1.952,3.79%
30Y,2025-03-04,1.946,1.977,1.977,1.946,-1.64%
30Y,2025-03-03,1.979,1.949,1.992,1.95,1.54%
30Y,2025-02-28,1.949,1.959,1.957,1.938,-0.57%
30Y,2025-02-27,1.96,1.93,1.971,1.931,1.49%
30Y,2025-02-26,1.931,1.91,1.94,1.91,1.18%
30Y,2025-02-25,1.909,1.945,1.946,1.909,-1.80%
30Y,2025-02-24,1.944,1.944,1.944,1.944,0.00%
30Y,2025-02-21,1.944,1.981,1.98,1.944,-1.83%
30Y,2025-02-20,1.98,2.001,2.001,1.961,-1.12%
30Y,2025-02-19,2.003,2.004,2.013,1.989,-0.12%
30Y,2025-02-18,2.005,1.979,2.01,1.979,1.39%
30Y,2025-02-17,1.977,1.962,1.977,1.964,0.76%
30Y,2025-02-14,1.962,1.935,1.962,1.935,1.48%
30Y,2025-02-13,1.934,1.947,1.947,1.934,-0.64%
30Y,2025-02-12,1.946,1.896,1.946,1.896,2.77%
30Y,2025-02-11,1.894,1.894,1.894,1.894,0.00%
30Y,2025-02-10,1.894,1.911,1.911,1.894,-0.92%
30Y,2025-02-07,1.911,1.893,1.911,1.889,1.06%
30Y,2025-02-06,1.891,1.91,1.893,1.88,-1.05%
30Y,2025-02-05,1.911,1.911,1.914,1.904,0.07%
30Y,2025-02-04,1.91,1.878,1.921,1.878,1.87%
30Y,2025-02-03,1.875,1.874,1.879,1.869,0.06%
30Y,2025-01-31,1.874,1.861,1.875,1.867,0.81%
30Y,2025-01-30,1.859,1.847,1.867,1.847,0.68%
30Y,2025-01-29,1.846,1.864,1.864,1.837,-1.07%
30Y,2025-01-28,1.866,1.861,1.871,1.857,0.34%
30Y,2025-01-27,1.86,1.89,1.89,1.841,-1.59%
30Y,2025-01-24,1.89,1.885,1.898,1.883,0.20%
30Y,2025-01-23,1.886,1.867,1.888,1.867,1.07%
30Y,2025-01-22,1.866,1.888,1.888,1.862,-1.06%
30Y,2025-01-21,1.886,1.888,1.893,1.885,-0.13%
30Y,2025-01-20,1.889,1.909,1.909,1.889,-1.05%
30Y,2025-01-17,1.909,1.94,1.94,1.909,-1.67%
30Y,2025-01-16,1.941,1.955,1.955,1.931,-0.77%
30Y,2025-01-15,1.956,1.972,1.985,1.954,-0.76%
30Y,2025-01-14,1.971,1.975,1.975,1.964,-0.13%
30Y,2025-01-13,1.974,1.974,1.974,1.974,0.00%
30Y,2025-01-10,1.974,1.931,1.974,1.931,2.33%
30Y,2025-01-09,1.929,1.957,1.954,1.929,-1.59%
30Y,2025-01-08,1.96,1.933,1.965,1.933,1.49%
30Y,2025-01-07,1.931,1.924,1.931,1.923,0.33%
30Y,2025-01-06,1.925,1.889,1.934,1.889,1.92%
30Y,2025-01-03,1.889,1.889,1.889,1.889,0.00%
30Y,2025-01-02,1.889,1.889,1.889,1.889,0.00%
30Y,2025-01-01,1.889,1.889,1.889,1.889,0.00%
1Y,2026-02-18,1.055,1.058,1.071,1.049,-1.48%
1Y,2026-02-17,1.071,1.054,1.095,1.065,-0.65%
1Y,2026-02-16,1.078,1.072,1.114,1.078,-2.36%
1Y,2026-02-13,1.104,1.099,1.124,1.098,-1.16%
1Y,2026-02-12,1.117,1.098,1.132,1.101,0.81%
1Y,2026-02-11,1.108,1.096,1.119,1.107,-0.89%
1Y,2026-02-10,1.118,1.089,1.128,1.101,0.27%
1Y,2026-02-09,1.115,1.075,1.129,1.095,1.18%
1Y,2026-02-06,1.102,1.067,1.113,1.072,1.19%
1Y,2026-02-05,1.089,1.074,1.107,1.081,0.55%
1Y,2026-02-04,1.083,1.073,1.103,1.073,-0.09%
1Y,2026-02-03,1.084,1.047,1.103,1.063,0.37%
1Y,2026-02-02,1.08,1.028,1.085,1.048,1.69%
1Y,2026-01-30,1.062,1.051,1.073,1.044,0.28%
1Y,2026-01-29,1.059,1.034,1.074,1.049,0.19%
1Y,2026-01-28,1.057,1.069,1.092,1.047,-2.58%
1Y,2026-01-27,1.085,1.066,1.096,1.07,0.37%
1Y,2026-01-26,1.081,1.032,1.099,1.048,1.98%
1Y,2026-01-23,1.06,1.02,1.081,1.031,2.02%
1Y,2026-01-22,1.039,1.033,1.057,1.028,-1.33%
1Y,2026-01-21,1.053,1.013,1.061,1.021,2.23%
1Y,2026-01-20,1.03,1.01,1.044,1.006,0.68%
1Y,2026-01-19,1.023,0.988,1.035,1.005,0.89%
1Y,2026-01-16,1.014,0.988,1.027,0.998,1.30%
1Y,2026-01-15,1.001,0.971,1.014,0.977,1.73%
1Y,2026-01-14,0.984,0.959,1.0,0.971,0.72%
1Y,2026-01-13,0.977,0.963,0.989,0.958,2.09%
1Y,2026-01-12,0.957,0.948,0.982,0.957,-0.62%
1Y,2026-01-09,0.963,0.932,0.976,0.946,1.80%
1Y,2026-01-08,0.946,0.95,0.97,0.94,-1.25%
1Y,2026-01-07,0.958,0.95,0.981,0.951,-1.64%
1Y,2026-01-06,0.974,0.947,0.983,0.959,-0.10%
1Y,2026-01-05,0.975,0.942,0.989,0.96,0.41%
1Y,2026-01-02,0.971,0.971,0.971,0.971,0.00%
1Y,2026-01-01,0.971,0.971,0.971,0.971,0.00%
1Y,2025-12-31,0.971,0.971,0.971,0.971,0.00%
1Y,2025-12-30,0.971,0.932,0.979,0.949,2.00%
1Y,2025-12-29,0.952,0.906,0.968,0.935,-0.21%
1Y,2025-12-26,0.954,0.925,0.955,0.94,0.74%
1Y,2025-12-25,0.947,0.914,0.953,0.924,1.72%
1Y,2025-12-24,0.931,0.91,0.949,0.914,1.09%
1Y,2025-12-23,0.921,0.912,0.941,0.915,-1.07%
1Y,2025-12-22,0.931,0.908,0.959,0.927,-0.75%
1Y,2025-12-19,0.938,0.893,0.948,0.91,1.85%
1Y,2025-12-18,0.921,0.888,0.929,0.907,1.10%
1Y,2025-12-17,0.911,0.88,0.926,0.897,0.44%
1Y,2025-12-16,0.907,0.888,0.915,0.894,1.00%
1Y,2025-12-15,0.898,0.874,0.912,0.89,0.00%
1Y,2025-12-12,0.898,0.863,0.911,0.882,0.79%
1Y,2025-12-11,0.891,0.876,0.903,0.88,-0.67%
1Y,2025-12-10,0.897,0.87,0.915,0.884,-0.11%
1Y,2025-12-09,0.898,0.869,0.911,0.881,0.22%
1Y,2025-12-08,0.896,0.865,0.908,0.883,0.67%
1Y,2025-12-05,0.89,0.846,0.904,0.865,1.37%
1Y,2025-12-04,0.878,0.847,0.886,0.851,2.81%
1Y,2025-12-03,0.854,0.838,0.871,0.849,-0.47%
1Y,2025-12-02,0.858,0.848,0.871,0.845,-1.04%
1Y,2025-12-01,0.867,0.809,0.876,0.831,3.34%
1Y,2025-11-28,0.839,0.818,0.849,0.827,0.72%
1Y,2025-11-27,0.833,0.826,0.849,0.827,-0.36%
1Y,2025-11-26,0.836,0.819,0.856,0.821,0.97%
1Y,2025-11-25,0.828,0.797,0.843,0.795,1.60%
1Y,2025-11-24,0.815,0.75,0.815,0.778,0.37%
1Y,2025-11-21,0.812,0.806,0.829,0.78,-1.46%
1Y,2025-11-20,0.824,0.772,0.835,0.79,3.91%
1Y,2025-11-19,0.793,0.768,0.807,0.776,1.54%
1Y,2025-11-18,0.781,0.782,0.805,0.772,-0.89%
1Y,2025-11-17,0.788,0.772,0.811,0.786,-1.62%
1Y,2025-11-14,0.801,0.775,0.813,0.789,0.00%
1Y,2025-11-13,0.801,0.789,0.811,0.79,-0.12%
1Y,2025-11-12,0.802,0.785,0.816,0.793,-0.12%
1Y,2025-11-11,0.803,0.795,0.823,0.797,-0.99%
1Y,2025-11-10,0.811,0.786,0.831,0.805,-0.37%
1Y,2025-11-07,0.814,0.796,0.827,0.805,-0.37%
1Y,2025-11-06,0.817,0.788,0.828,0.807,0.49%
1Y,2025-11-05,0.813,0.803,0.825,0.801,-0.37%
1Y,2025-11-04,0.816,0.786,0.829,0.806,1.12%
1Y,2025-11-03,0.807,0.782,0.819,0.802,-0.37%
1Y,2025-10-31,0.81,0.779,0.822,0.793,0.50%
1Y,2025-10-30,0.806,0.794,0.834,0.8,-1.59%
1Y,2025-10-29,0.819,0.79,0.837,0.808,1.74%
1Y,2025-10-28,0.805,0.799,0.825,0.801,-0.86%
1Y,2025-10-27,0.812,0.785,0.827,0.804,0.12%
1Y,2025-10-24,0.811,0.798,0.824,0.802,-0.61%
1Y,2025-10-23,0.816,0.777,0.823,0.798,2.13%
1Y,2025-10-22,0.799,0.799,0.823,0.797,-0.87%
1Y,2025-10-21,0.806,0.806,0.828,0.798,-1.83%
1Y,2025-10-20,0.821,0.76,0.83,0.782,4.32%
1Y,2025-10-17,0.787,0.769,0.806,0.767,-1.75%
1Y,2025-10-16,0.801,0.75,0.811,0.769,3.35%
1Y,2025-10-15,0.775,0.743,0.789,0.755,1.71%
1Y,2025-10-14,0.762,0.755,0.788,0.748,-2.56%
1Y,2025-10-13,0.782,0.752,0.791,0.775,-0.64%
1Y,2025-10-10,0.787,0.787,0.81,0.773,-1.75%
1Y,2025-10-09,0.801,0.784,0.823,0.793,-0.74%
1Y,2025-10-08,0.807,0.776,0.821,0.796,1.25%
1Y,2025-10-07,0.797,0.771,0.814,0.789,0.25%
1Y,2025-10-06,0.795,0.795,0.829,0.749,-3.64%
1Y,2025-10-03,0.825,0.819,0.842,0.813,-0.60%
1Y,2025-10-02,0.83,0.805,0.843,0.818,0.00%
1Y,2025-10-01,0.83,0.813,0.853,0.826,-1.89%
1Y,2025-09-30,0.846,0.817,0.855,0.828,1.68%
1Y,2025-09-29,0.832,0.793,0.843,0.811,1.46%
1Y,2025-09-26,0.82,0.8,0.839,0.812,-0.61%
1Y,2025-09-25,0.825,0.787,0.838,0.81,1.23%
1Y,2025-09-24,0.815,0.799,0.831,0.809,-0.61%
1Y,2025-09-23,0.82,0.813,0.828,0.815,-0.36%
1Y,2025-09-22,0.823,0.779,0.835,0.802,1.60%
1Y,2025-09-19,0.81,0.755,0.827,0.776,2.66%
1Y,2025-09-18,0.789,0.75,0.797,0.77,1.94%
1Y,2025-09-17,0.774,0.746,0.789,0.766,0.65%
1Y,2025-09-16,0.769,0.75,0.786,0.76,0.26%
1Y,2025-09-15,0.767,0.742,0.785,0.765,-1.03%
1Y,2025-09-12,0.775,0.748,0.785,0.757,1.71%
1Y,2025-09-11,0.762,0.735,0.777,0.752,0.26%
1Y,2025-09-10,0.76,0.737,0.777,0.751,-0.39%
1Y,2025-09-09,0.763,0.717,0.778,0.72,4.95%
1Y,2025-09-08,0.727,0.7,0.742,0.712,-1.89%
1Y,2025-09-05,0.741,0.715,0.752,0.728,0.27%
1Y,2025-09-04,0.739,0.724,0.762,0.733,-2.12%
1Y,2025-09-03,0.755,0.734,0.767,0.741,0.40%
1Y,2025-09-02,0.752,0.749,0.786,0.747,-2.59%
1Y,2025-09-01,0.772,0.742,0.785,0.761,0.26%
1Y,2025-08-29,0.77,0.739,0.773,0.769,0.26%
1Y,2025-08-28,0.768,0.74,0.771,0.768,-0.39%
1Y,2025-08-27,0.771,0.751,0.783,0.77,-1.53%
1Y,2025-08-26,0.783,0.749,0.785,0.779,0.38%
1Y,2025-08-25,0.78,0.751,0.781,0.78,-0.13%
1Y,2025-08-22,0.781,0.739,0.781,0.769,1.96%
1Y,2025-08-21,0.766,0.728,0.766,0.758,1.32%
1Y,2025-08-20,0.756,0.729,0.763,0.756,-0.26%
1Y,2025-08-19,0.758,0.716,0.76,0.746,1.20%
1Y,2025-08-18,0.749,0.724,0.756,0.745,-0.66%
1Y,2025-08-15,0.754,0.714,0.754,0.744,1.21%
1Y,2025-08-14,0.745,0.686,0.745,0.716,4.20%
1Y,2025-08-13,0.715,0.688,0.718,0.715,-0.14%
1Y,2025-08-12,0.716,0.68,0.716,0.71,0.99%
1Y,2025-08-11,0.709,0.679,0.709,0.709,0.00%
1Y,2025-08-08,0.709,0.674,0.71,0.704,0.85%
1Y,2025-08-07,0.703,0.683,0.713,0.703,-1.54%
1Y,2025-08-06,0.714,0.663,0.719,0.693,3.33%
1Y,2025-08-05,0.691,0.659,0.691,0.689,0.14%
1Y,2025-08-04,0.69,0.663,0.695,0.689,-0.43%
1Y,2025-08-01,0.693,0.701,0.731,0.693,-5.33%
1Y,2025-07-31,0.732,0.708,0.738,0.73,-0.54%
1Y,2025-07-30,0.736,0.704,0.736,0.732,0.14%
1Y,2025-07-29,0.735,0.709,0.74,0.735,3.52%
1Y,2025-07-28,0.71,0.729,0.711,0.71,5.76%
1Y,2025-07-11,0.671,0.651,0.671,0.671,3.28%
1Y,2025-07-10,0.65,0.644,0.65,0.644,1.17%
1Y,2025-07-09,0.642,0.626,0.645,0.626,2.80%
1Y,2025-07-08,0.625,0.623,0.625,0.616,0.19%
1Y,2025-07-07,0.624,0.63,0.631,0.624,-0.98%
1Y,2025-07-04,0.63,0.646,0.645,0.63,-2.70%
1Y,2025-07-03,0.647,0.646,0.647,0.636,0.39%
1Y,2025-07-02,0.645,0.644,0.645,0.64,0.00%
1Y,2025-07-01,0.645,0.644,0.646,0.644,0.39%
1Y,2025-06-30,0.642,0.645,0.645,0.642,-0.39%
1Y,2025-06-27,0.645,0.64,0.646,0.639,0.58%
1Y,2025-06-26,0.641,0.637,0.641,0.637,0.39%
1Y,2025-06-25,0.639,0.632,0.68,0.629,0.79%
1Y,2025-06-24,0.634,0.63,0.634,0.629,0.40%
1Y,2025-06-23,0.631,0.63,0.634,0.63,0.21%
1Y,2025-06-20,0.63,0.62,0.63,0.623,1.81%
1Y,2025-06-19,0.619,0.621,0.624,0.616,-0.59%
1Y,2025-06-18,0.623,0.629,0.631,0.623,-1.19%
1Y,2025-06-17,0.63,0.651,0.655,0.629,-3.45%
1Y,2025-06-16,0.652,0.64,0.658,0.64,1.95%
1Y,2025-06-13,0.64,0.632,0.64,0.624,1.38%
1Y,2025-06-12,0.631,0.634,0.636,0.631,-0.58%
1Y,2025-06-11,0.635,0.646,0.645,0.634,-1.93%
1Y,2025-06-10,0.647,0.656,0.656,0.647,-1.70%
1Y,2025-06-09,0.659,0.659,0.661,0.658,0.00%
1Y,2025-06-06,0.659,0.651,0.659,0.652,1.53%
1Y,2025-06-05,0.649,0.658,0.655,0.649,-1.50%
1Y,2025-06-04,0.659,0.654,0.659,0.656,0.56%
1Y,2025-06-03,0.655,0.654,0.655,0.651,0.00%
1Y,2025-06-02,0.655,0.646,0.655,0.647,1.35%
1Y,2025-05-30,0.646,0.649,0.649,0.645,-0.19%
1Y,2025-05-29,0.647,0.647,0.651,0.647,-0.38%
1Y,2025-05-28,0.65,0.64,0.655,0.64,1.75%
1Y,2025-05-27,0.639,0.621,0.639,0.621,3.03%
1Y,2025-05-26,0.62,0.62,0.62,0.62,0.00%
1Y,2025-05-23,0.62,0.632,0.632,0.619,-2.18%
1Y,2025-05-22,0.634,0.631,0.636,0.629,0.80%
1Y,2025-05-21,0.629,0.632,0.632,0.627,-0.79%
1Y,2025-05-20,0.634,0.64,0.639,0.631,-1.17%
1Y,2025-05-19,0.641,0.629,0.641,0.63,1.99%
1Y,2025-05-16,0.629,0.636,0.637,0.627,-1.36%
1Y,2025-05-15,0.637,0.639,0.64,0.637,0.00%
1Y,2025-05-14,0.637,0.64,0.64,0.631,-0.59%
1Y,2025-05-13,0.641,0.636,0.646,0.637,0.60%
1Y,2025-05-12,0.637,0.592,0.637,0.592,7.59%
1Y,2025-05-09,0.592,0.586,0.594,0.586,1.28%
1Y,2025-05-08,0.585,0.584,0.585,0.58,0.43%
1Y,2025-05-07,0.582,0.58,0.584,0.576,0.21%
1Y,2025-05-05,0.581,0.581,0.581,0.581,0.00%
1Y,2025-05-02,0.581,0.582,0.581,0.57,-0.43%
1Y,2025-05-01,0.584,0.623,0.621,0.58,-6.04%
1Y,2025-04-30,0.621,0.632,0.632,0.621,-1.97%
1Y,2025-04-28,0.634,0.637,0.637,0.627,-0.58%
1Y,2025-04-25,0.637,0.624,0.639,0.625,2.41%
1Y,2025-04-24,0.623,0.635,0.634,0.616,-1.97%
1Y,2025-04-23,0.635,0.614,0.635,0.615,3.25%
1Y,2025-04-22,0.615,0.606,0.616,0.606,1.65%
1Y,2025-04-21,0.605,0.605,0.605,0.605,-0.21%
1Y,2025-04-17,0.606,0.586,0.611,0.586,3.64%
1Y,2025-04-16,0.585,0.626,0.625,0.576,-6.02%
1Y,2025-04-15,0.623,0.599,0.623,0.599,4.18%
1Y,2025-04-14,0.598,0.565,0.6,0.566,5.75%
1Y,2025-04-11,0.565,0.605,0.605,0.556,-6.81%
1Y,2025-04-10,0.606,0.525,0.609,0.526,15.75%
1Y,2025-04-09,0.524,0.618,0.616,0.524,-15.52%
1Y,2025-04-08,0.62,0.576,0.621,0.575,8.30%
1Y,2025-04-07,0.572,0.584,0.584,0.545,-1.94%
1Y,2025-04-04,0.584,0.664,0.664,0.553,-12.21%
1Y,2025-04-03,0.665,0.724,0.721,0.664,-8.28%
1Y,2025-04-02,0.725,0.729,0.728,0.723,-0.86%
1Y,2025-04-01,0.731,0.731,0.734,0.73,0.18%
1Y,2025-03-31,0.73,0.74,0.74,0.724,-1.35%
1Y,2025-03-28,0.74,0.751,0.751,0.739,-1.66%
1Y,2025-03-27,0.752,0.755,0.755,0.751,-0.50%
1Y,2025-03-26,0.756,0.746,0.759,0.746,1.52%
1Y,2025-03-25,0.745,0.735,0.748,0.735,1.18%
1Y,2025-03-24,0.736,0.728,0.738,0.729,1.21%
1Y,2025-03-21,0.728,0.73,0.73,0.728,0.00%
1Y,2025-03-19,0.728,0.707,0.728,0.707,2.64%
1Y,2025-03-18,0.709,0.691,0.709,0.691,2.16%
1Y,2025-03-17,0.694,0.701,0.702,0.694,-1.07%
1Y,2025-03-14,0.701,0.721,0.721,0.699,-3.11%
1Y,2025-03-13,0.724,0.71,0.726,0.71,2.12%
1Y,2025-03-12,0.709,0.709,0.709,0.701,-0.17%
1Y,2025-03-11,0.71,0.723,0.723,0.697,-2.07%
1Y,2025-03-10,0.725,0.719,0.731,0.72,0.86%
1Y,2025-03-07,0.719,0.706,0.719,0.709,1.60%
1Y,2025-03-06,0.707,0.705,0.714,0.702,0.71%
1Y,2025-03-05,0.702,0.695,0.702,0.694,0.89%
1Y,2025-03-04,0.696,0.712,0.711,0.696,-2.45%
1Y,2025-03-03,0.714,0.697,0.714,0.7,2.34%
1Y,2025-02-28,0.697,0.706,0.706,0.69,-1.41%
1Y,2025-02-27,0.707,0.688,0.712,0.689,2.54%
1Y,2025-02-26,0.69,0.689,0.695,0.688,0.36%
1Y,2025-02-25,0.688,0.705,0.704,0.688,-2.14%
1Y,2025-02-24,0.702,0.702,0.702,0.702,0.00%
1Y,2025-02-21,0.702,0.719,0.719,0.702,-2.43%
1Y,2025-02-20,0.72,0.719,0.721,0.714,0.00%
1Y,2025-02-19,0.72,0.717,0.724,0.715,0.17%
1Y,2025-02-18,0.719,0.716,0.721,0.717,0.53%
1Y,2025-02-17,0.715,0.702,0.715,0.704,1.78%
1Y,2025-02-14,0.702,0.686,0.702,0.686,2.73%
1Y,2025-02-13,0.684,0.7,0.688,0.684,-2.50%
1Y,2025-02-12,0.701,0.686,0.701,0.68,2.01%
1Y,2025-02-11,0.688,0.688,0.688,0.688,0.00%
1Y,2025-02-10,0.688,0.699,0.7,0.685,-1.62%
1Y,2025-02-07,0.699,0.684,0.7,0.684,2.39%
1Y,2025-02-06,0.683,0.67,0.683,0.675,1.67%
1Y,2025-02-05,0.671,0.668,0.673,0.668,0.75%
1Y,2025-02-04,0.666,0.655,0.67,0.658,1.91%
1Y,2025-02-03,0.654,0.659,0.66,0.652,-0.74%
1Y,2025-01-31,0.659,0.644,0.66,0.659,2.52%
1Y,2025-01-30,0.642,0.627,0.645,0.627,1.98%
1Y,2025-01-29,0.63,0.625,0.63,0.625,0.99%
1Y,2025-01-28,0.624,0.624,0.625,0.619,0.21%
1Y,2025-01-27,0.623,0.634,0.635,0.616,-1.78%
1Y,2025-01-24,0.634,0.623,0.636,0.623,2.01%
1Y,2025-01-23,0.621,0.611,0.621,0.613,1.44%
1Y,2025-01-22,0.613,0.606,0.616,0.608,1.24%
1Y,2025-01-21,0.605,0.604,0.606,0.604,0.41%
1Y,2025-01-20,0.603,0.603,0.605,0.601,0.00%
1Y,2025-01-17,0.603,0.6,0.603,0.6,0.22%
1Y,2025-01-16,0.601,0.585,0.601,0.586,2.11%
1Y,2025-01-15,0.589,0.579,0.604,0.579,1.96%
1Y,2025-01-14,0.577,0.582,0.581,0.576,-0.43%
1Y,2025-01-13,0.58,0.58,0.58,0.58,0.00%
1Y,2025-01-10,0.58,0.558,0.581,0.555,3.79%
1Y,2025-01-09,0.559,0.575,0.574,0.559,-3.24%
1Y,2025-01-08,0.577,0.57,0.577,0.57,1.53%
1Y,2025-01-07,0.569,0.569,0.569,0.569,0.23%
1Y,2025-01-06,0.567,0.544,0.569,0.549,4.36%
1Y,2025-01-03,0.544,0.544,0.544,0.544,0.00%
1Y,2025-01-02,0.544,0.544,0.544,0.544,0.00%
1Y,2025-01-01,0.544,0.544,0.544,0.544,0.00%
20Y,2026-02-18,2.564,2.567,2.583,2.527,-1.03%
20Y,2026-02-17,2.591,2.636,2.652,2.574,-2.52%
20Y,2026-02-16,2.658,2.61,2.686,2.62,1.10%
20Y,2026-02-13,2.629,2.606,2.673,2.614,0.38%
20Y,2026-02-12,2.619,2.655,2.684,2.617,-2.60%
20Y,2026-02-11,2.689,2.637,2.689,2.652,0.30%
20Y,2026-02-10,2.681,2.701,2.725,2.658,-1.58%
20Y,2026-02-09,2.724,2.709,2.764,2.707,0.55%
20Y,2026-02-06,2.709,2.671,2.739,2.627,0.97%
20Y,2026-02-05,2.683,2.709,2.735,2.681,-1.54%
20Y,2026-02-04,2.725,2.727,2.771,2.719,-0.44%
20Y,2026-02-03,2.737,2.728,2.772,2.722,-0.11%
20Y,2026-02-02,2.74,2.727,2.772,2.707,0.55%
20Y,2026-01-30,2.725,2.733,2.762,2.711,-0.73%
20Y,2026-01-29,2.745,2.744,2.775,2.729,-0.36%
20Y,2026-01-28,2.755,2.756,2.796,2.732,-0.58%
20Y,2026-01-27,2.771,2.722,2.804,2.735,1.21%
20Y,2026-01-26,2.738,2.755,2.785,2.707,-0.65%
20Y,2026-01-23,2.756,2.743,2.793,2.742,0.15%
20Y,2026-01-22,2.752,2.795,2.813,2.749,-2.03%
20Y,2026-01-21,2.809,2.858,2.886,2.787,-2.43%
20Y,2026-01-20,2.879,2.733,2.927,2.74,4.84%
20Y,2026-01-19,2.746,2.676,2.772,2.673,2.27%
20Y,2026-01-16,2.685,2.658,2.706,2.653,0.67%
20Y,2026-01-15,2.667,2.66,2.705,2.651,0.11%
20Y,2026-01-14,2.664,2.672,2.72,2.661,-0.78%
20Y,2026-01-13,2.685,2.642,2.72,2.631,1.17%
20Y,2026-01-12,2.654,2.662,2.692,2.654,0.49%
20Y,2026-01-09,2.641,2.612,2.687,2.602,0.72%
20Y,2026-01-08,2.622,2.622,2.648,2.608,-0.61%
20Y,2026-01-07,2.638,2.637,2.681,2.637,-0.38%
20Y,2026-01-06,2.648,2.619,2.681,2.62,0.68%
20Y,2026-01-05,2.63,2.584,2.665,2.595,0.77%
20Y,2026-01-02,2.61,2.61,2.61,2.61,0.00%
20Y,2026-01-01,2.61,2.61,2.61,2.61,0.00%
20Y,2025-12-31,2.61,2.61,2.61,2.61,0.00%
20Y,2025-12-30,2.61,2.568,2.618,2.581,1.01%
20Y,2025-12-29,2.584,2.558,2.613,2.569,0.43%
20Y,2025-12-26,2.573,2.57,2.593,2.568,-0.12%
20Y,2025-12-25,2.576,2.541,2.587,2.543,0.55%
20Y,2025-12-24,2.562,2.562,2.604,2.558,-0.43%
20Y,2025-12-23,2.573,2.579,2.618,2.561,-0.89%
20Y,2025-12-22,2.596,2.566,2.641,2.569,0.54%
20Y,2025-12-19,2.582,2.521,2.6,2.528,1.89%
20Y,2025-12-18,2.534,2.518,2.563,2.52,0.32%
20Y,2025-12-17,2.526,2.499,2.556,2.501,0.20%
20Y,2025-12-16,2.521,2.495,2.541,2.499,-1.52%
20Y,2025-12-15,2.56,2.489,2.56,2.484,2.56%
20Y,2025-12-12,2.496,2.471,2.526,2.483,-0.20%
20Y,2025-12-11,2.501,2.479,2.526,2.474,-0.32%
20Y,2025-12-10,2.509,2.502,2.54,2.5,-0.20%
20Y,2025-12-09,2.514,2.515,2.545,2.502,-0.75%
20Y,2025-12-08,2.533,2.482,2.565,2.492,1.36%
20Y,2025-12-05,2.499,2.478,2.518,2.473,0.20%
20Y,2025-12-04,2.494,2.457,2.525,2.468,1.01%
20Y,2025-12-03,2.469,2.444,2.504,2.446,0.53%
20Y,2025-12-02,2.456,2.443,2.483,2.435,0.04%
20Y,2025-12-01,2.455,2.407,2.491,2.406,1.78%
20Y,2025-11-28,2.412,2.359,2.434,2.379,0.79%
20Y,2025-11-27,2.393,2.358,2.411,2.362,0.59%
20Y,2025-11-26,2.379,2.352,2.41,2.37,-0.17%
20Y,2025-11-25,2.383,2.345,2.402,2.351,1.02%
20Y,2025-11-24,2.359,2.335,2.37,2.354,-0.08%
20Y,2025-11-21,2.361,2.388,2.404,2.35,-1.75%
20Y,2025-11-20,2.403,2.384,2.441,2.382,0.21%
20Y,2025-11-19,2.398,2.343,2.412,2.348,0.88%
20Y,2025-11-18,2.377,2.317,2.393,2.331,2.10%
20Y,2025-11-17,2.328,2.278,2.361,2.295,1.53%
20Y,2025-11-14,2.293,2.272,2.325,2.273,0.35%
20Y,2025-11-13,2.285,2.248,2.308,2.256,1.06%
20Y,2025-11-12,2.261,2.243,2.287,2.247,0.18%
20Y,2025-11-11,2.257,2.236,2.284,2.247,0.04%
20Y,2025-11-10,2.256,2.21,2.286,2.229,1.26%
20Y,2025-11-07,2.228,2.203,2.253,2.208,0.59%
20Y,2025-11-06,2.215,2.184,2.25,2.204,-0.45%
20Y,2025-11-05,2.225,2.212,2.244,2.203,0.18%
20Y,2025-11-04,2.221,2.195,2.249,2.211,-0.05%
20Y,2025-11-03,2.222,2.2,2.236,2.218,0.14%
20Y,2025-10-31,2.219,2.195,2.238,2.195,0.45%
20Y,2025-10-30,2.209,2.179,2.236,2.194,-0.67%
20Y,2025-10-29,2.224,2.184,2.234,2.192,1.32%
20Y,2025-10-28,2.195,2.205,2.233,2.189,-1.17%
20Y,2025-10-27,2.221,2.207,2.253,2.215,-0.40%
20Y,2025-10-24,2.23,2.22,2.252,2.209,-0.18%
20Y,2025-10-23,2.234,2.202,2.254,2.206,1.04%
20Y,2025-10-22,2.211,2.196,2.245,2.195,0.09%
20Y,2025-10-21,2.209,2.192,2.238,2.187,-0.05%
20Y,2025-10-20,2.21,2.184,2.239,2.183,0.27%
20Y,2025-10-17,2.204,2.198,2.228,2.164,0.82%
20Y,2025-10-16,2.186,2.198,2.23,2.179,-0.95%
20Y,2025-10-15,2.207,2.201,2.237,2.198,-0.32%
20Y,2025-10-14,2.214,2.218,2.257,2.207,1.10%
20Y,2025-10-13,2.19,2.22,2.251,2.19,-1.22%
20Y,2025-10-10,2.217,2.27,2.301,2.214,-2.42%
20Y,2025-10-09,2.272,2.252,2.296,2.243,0.49%
20Y,2025-10-08,2.261,2.259,2.292,2.248,-0.62%
20Y,2025-10-07,2.275,2.29,2.311,2.249,-1.43%
20Y,2025-10-06,2.308,2.212,2.324,2.186,4.01%
20Y,2025-10-03,2.219,2.205,2.239,2.208,-0.22%
20Y,2025-10-02,2.224,2.202,2.251,2.197,0.32%
20Y,2025-10-01,2.217,2.188,2.251,2.194,0.64%
20Y,2025-09-30,2.203,2.182,2.227,2.163,0.87%
20Y,2025-09-29,2.184,2.182,2.214,2.173,0.09%
20Y,2025-09-26,2.182,2.147,2.222,2.165,0.28%
20Y,2025-09-25,2.176,2.179,2.208,2.155,-0.68%
20Y,2025-09-24,2.191,2.191,2.221,2.174,-0.54%
20Y,2025-09-23,2.203,2.188,2.203,2.203,0.23%
20Y,2025-09-22,2.198,2.186,2.232,2.19,0.05%
20Y,2025-09-19,2.197,2.172,2.227,2.189,-0.72%
20Y,2025-09-18,2.213,2.194,2.235,2.183,0.27%
20Y,2025-09-17,2.207,2.201,2.239,2.193,-0.45%
20Y,2025-09-16,2.217,2.226,2.253,2.186,0.14%
20Y,2025-09-15,2.214,2.183,2.222,2.204,0.41%
20Y,2025-09-12,2.205,2.181,2.218,2.188,0.46%
20Y,2025-09-11,2.195,2.162,2.212,2.175,0.64%
20Y,2025-09-10,2.181,2.204,2.219,2.174,-1.36%
20Y,2025-09-09,2.211,2.186,2.232,2.177,0.36%
20Y,2025-09-08,2.203,2.153,2.23,2.173,0.32%
20Y,2025-09-05,2.196,2.184,2.221,2.183,-0.54%
20Y,2025-09-04,2.208,2.247,2.262,2.203,-2.47%
20Y,2025-09-03,2.264,2.238,2.285,2.244,0.58%
20Y,2025-09-02,2.251,2.218,2.268,2.216,0.54%
20Y,2025-09-01,2.239,2.178,2.253,2.199,1.27%
20Y,2025-08-29,2.211,2.2,2.23,2.209,-0.90%
20Y,2025-08-28,2.231,2.22,2.25,2.23,-0.89%
20Y,2025-08-27,2.251,2.226,2.26,2.251,-0.31%
20Y,2025-08-26,2.258,2.201,2.266,2.231,1.30%
20Y,2025-08-25,2.229,2.199,2.229,2.229,0.00%
20Y,2025-08-22,2.229,2.195,2.23,2.219,0.41%
20Y,2025-08-21,2.22,2.184,2.221,2.214,0.32%
20Y,2025-08-20,2.213,2.17,2.229,2.2,0.64%
20Y,2025-08-19,2.199,2.153,2.206,2.183,0.69%
20Y,2025-08-18,2.184,2.144,2.184,2.17,0.46%
20Y,2025-08-15,2.174,2.135,2.174,2.161,0.37%
20Y,2025-08-14,2.166,2.085,2.166,2.115,2.46%
20Y,2025-08-13,2.114,2.099,2.129,2.114,-0.75%
20Y,2025-08-12,2.13,2.083,2.133,2.113,0.90%
20Y,2025-08-11,2.111,2.081,2.111,2.111,0.00%
20Y,2025-08-08,2.111,2.068,2.111,2.098,0.72%
20Y,2025-08-07,2.096,2.071,2.106,2.093,-0.14%
20Y,2025-08-06,2.099,2.058,2.105,2.088,0.62%
20Y,2025-08-05,2.086,2.074,2.104,2.074,-0.90%
20Y,2025-08-04,2.105,2.064,2.122,2.094,0.53%
20Y,2025-08-01,2.094,2.108,2.15,2.085,-2.10%
20Y,2025-07-31,2.139,2.12,2.15,2.129,-0.56%
20Y,2025-07-30,2.151,2.098,2.151,2.128,1.03%
20Y,2025-07-29,2.129,2.095,2.144,2.125,1.62%
20Y,2025-07-28,2.095,2.095,2.095,2.089,1.14%
20Y,2025-07-11,2.071,2.061,2.072,2.071,0.36%
20Y,2025-07-10,2.064,2.069,2.069,2.059,-0.30%
20Y,2025-07-09,2.07,2.057,2.071,2.047,0.54%
20Y,2025-07-08,2.059,2.047,2.059,2.047,2.68%
20Y,2025-07-07,2.005,1.966,2.006,1.966,1.97%
20Y,2025-07-04,1.966,1.982,1.981,1.965,-0.94%
20Y,2025-07-03,1.985,1.954,1.986,1.954,1.66%
20Y,2025-07-02,1.952,1.94,1.952,1.94,0.71%
20Y,2025-07-01,1.939,1.941,1.94,1.93,-0.06%
20Y,2025-06-30,1.94,1.941,1.95,1.94,-0.07%
20Y,2025-06-27,1.941,1.923,1.941,1.923,0.91%
20Y,2025-06-26,1.924,1.91,1.924,1.91,0.79%
20Y,2025-06-25,1.909,1.923,1.923,1.895,-0.78%
20Y,2025-06-24,1.924,1.915,1.926,1.914,0.39%
20Y,2025-06-23,1.916,1.898,1.923,1.898,0.99%
20Y,2025-06-20,1.898,1.918,1.933,1.884,-0.98%
20Y,2025-06-19,1.916,1.92,1.931,1.916,-0.26%
20Y,2025-06-18,1.921,1.939,1.954,1.921,-0.84%
20Y,2025-06-17,1.938,1.929,1.961,1.929,0.58%
20Y,2025-06-16,1.926,1.939,1.951,1.926,-0.64%
20Y,2025-06-13,1.939,1.936,1.939,1.908,-0.26%
20Y,2025-06-12,1.944,1.957,1.974,1.944,-0.64%
20Y,2025-06-11,1.956,1.967,1.97,1.956,-0.63%
20Y,2025-06-10,1.969,1.926,1.974,1.926,2.28%
20Y,2025-06-09,1.925,1.923,1.954,1.923,0.13%
20Y,2025-06-06,1.923,1.933,1.933,1.906,-0.58%
20Y,2025-06-05,1.934,1.971,1.971,1.925,-1.96%
20Y,2025-06-04,1.972,1.944,1.981,1.944,1.54%
20Y,2025-06-03,1.942,1.938,1.942,1.935,0.19%
20Y,2025-06-02,1.939,1.935,1.941,1.931,0.20%
20Y,2025-05-30,1.935,1.925,1.939,1.923,0.58%
20Y,2025-05-29,1.924,1.923,1.954,1.923,0.20%
20Y,2025-05-28,1.92,1.88,1.938,1.88,2.19%
20Y,2025-05-27,1.879,1.965,1.965,1.847,-4.45%
20Y,2025-05-26,1.966,1.966,1.966,1.966,0.00%
20Y,2025-05-23,1.966,2.055,2.967,1.965,-4.38%
20Y,2025-05-22,2.056,2.007,2.064,2.009,2.49%
20Y,2025-05-21,2.006,1.97,2.006,1.97,1.78%
20Y,2025-05-20,1.971,1.905,1.981,1.906,3.55%
20Y,2025-05-19,1.904,1.894,1.914,1.891,0.53%
20Y,2025-05-16,1.894,1.914,1.913,1.87,-1.11%
20Y,2025-05-15,1.915,1.925,1.928,1.915,-0.59%
20Y,2025-05-14,1.926,1.881,1.926,1.881,2.46%
20Y,2025-05-13,1.88,1.879,1.88,1.866,0.13%
20Y,2025-05-12,1.878,1.822,1.911,1.822,3.02%
20Y,2025-05-09,1.822,1.776,1.829,1.778,2.68%
20Y,2025-05-08,1.775,1.755,1.786,1.755,1.21%
20Y,2025-05-07,1.754,1.705,1.759,1.705,2.93%
20Y,2025-05-05,1.704,1.704,1.704,1.704,0.00%
20Y,2025-05-02,1.704,1.679,1.704,1.679,1.42%
20Y,2025-05-01,1.68,1.69,1.701,1.669,-0.52%
20Y,2025-04-30,1.689,1.724,1.724,1.689,-2.10%
20Y,2025-04-28,1.725,1.756,1.756,1.716,-1.78%
20Y,2025-04-25,1.756,1.726,1.758,1.727,1.89%
20Y,2025-04-24,1.724,1.736,1.736,1.707,-0.79%
20Y,2025-04-23,1.737,1.704,1.74,1.697,1.91%
20Y,2025-04-22,1.705,1.685,1.714,1.685,1.26%
20Y,2025-04-21,1.684,1.684,1.684,1.684,-0.07%
20Y,2025-04-17,1.685,1.674,1.691,1.669,0.75%
20Y,2025-04-16,1.673,1.785,1.783,1.654,-6.24%
20Y,2025-04-15,1.784,1.83,1.836,1.76,-2.66%
20Y,2025-04-14,1.832,1.773,1.84,1.773,3.60%
20Y,2025-04-11,1.769,1.697,1.817,1.697,4.27%
20Y,2025-04-10,1.696,1.641,1.761,1.641,3.43%
20Y,2025-04-09,1.64,1.577,1.68,1.576,3.88%
20Y,2025-04-08,1.579,1.45,1.614,1.451,9.07%
20Y,2025-04-07,1.447,1.491,1.491,1.401,-2.77%
20Y,2025-04-04,1.489,1.467,1.555,1.446,-10.25%
20Y,2025-04-03,1.659,1.794,1.794,1.651,-7.59%
20Y,2025-04-02,1.795,1.824,1.824,1.784,-1.64%
20Y,2025-04-01,1.825,1.83,1.839,1.817,-0.14%
20Y,2025-03-31,1.827,1.861,1.861,1.819,-1.82%
20Y,2025-03-28,1.861,1.894,1.894,1.856,-1.85%
20Y,2025-03-27,1.896,1.916,1.915,1.885,-1.11%
20Y,2025-03-26,1.918,1.913,1.919,1.905,0.19%
20Y,2025-03-25,1.914,1.908,1.923,1.908,0.39%
20Y,2025-03-24,1.906,1.871,1.906,1.871,1.87%
20Y,2025-03-21,1.871,1.909,1.909,1.871,-1.90%
20Y,2025-03-19,1.908,1.884,1.909,1.88,1.19%
20Y,2025-03-18,1.885,1.866,1.886,1.866,1.07%
20Y,2025-03-17,1.865,1.854,1.865,1.854,0.60%
20Y,2025-03-14,1.854,1.869,1.869,1.844,-0.87%
20Y,2025-03-13,1.87,1.857,1.885,1.857,0.87%
20Y,2025-03-12,1.854,1.862,1.862,1.841,-0.73%
20Y,2025-03-11,1.867,1.871,1.871,1.849,-0.34%
20Y,2025-03-10,1.874,1.834,1.891,1.834,2.18%
20Y,2025-03-07,1.834,1.854,1.852,1.834,-1.21%
20Y,2025-03-06,1.856,1.834,1.876,1.834,1.30%
20Y,2025-03-05,1.832,1.761,1.832,1.769,3.97%
20Y,2025-03-04,1.763,1.786,1.786,1.763,-1.40%
20Y,2025-03-03,1.788,1.754,1.801,1.755,1.92%
20Y,2025-02-28,1.754,1.77,1.77,1.744,-0.99%
20Y,2025-02-27,1.771,1.739,1.783,1.74,1.80%
20Y,2025-02-26,1.74,1.721,1.747,1.722,1.16%
20Y,2025-02-25,1.72,1.761,1.76,1.72,-2.27%
20Y,2025-02-24,1.76,1.76,1.76,1.76,0.00%
20Y,2025-02-21,1.76,1.803,1.803,1.76,-2.43%
20Y,2025-02-20,1.804,1.819,1.819,1.784,-0.89%
20Y,2025-02-19,1.82,1.816,1.83,1.806,0.14%
20Y,2025-02-18,1.817,1.79,1.822,1.79,1.60%
20Y,2025-02-17,1.789,1.774,1.789,1.774,0.85%
20Y,2025-02-14,1.774,1.742,1.774,1.742,1.87%
20Y,2025-02-13,1.741,1.758,1.756,1.741,-0.85%
20Y,2025-02-12,1.756,1.702,1.756,1.702,3.31%
20Y,2025-02-11,1.7,1.7,1.7,1.7,0.00%
20Y,2025-02-10,1.7,1.717,1.717,1.7,-1.02%
20Y,2025-02-07,1.717,1.697,1.717,1.695,1.25%
20Y,2025-02-06,1.696,1.71,1.697,1.685,-0.88%
20Y,2025-02-05,1.711,1.707,1.714,1.704,0.29%
20Y,2025-02-04,1.706,1.67,1.717,1.674,2.33%
20Y,2025-02-03,1.668,1.668,1.671,1.661,0.00%
20Y,2025-01-31,1.668,1.65,1.669,1.663,1.21%
20Y,2025-01-30,1.648,1.639,1.655,1.639,0.61%
20Y,2025-01-29,1.638,1.65,1.65,1.629,-0.91%
20Y,2025-01-28,1.653,1.644,1.658,1.644,0.61%
20Y,2025-01-27,1.643,1.674,1.674,1.624,-1.87%
20Y,2025-01-24,1.674,1.666,1.684,1.665,0.38%
20Y,2025-01-23,1.668,1.649,1.668,1.649,1.21%
20Y,2025-01-22,1.648,1.663,1.663,1.644,-0.83%
20Y,2025-01-21,1.661,1.663,1.668,1.66,0.00%
20Y,2025-01-20,1.661,1.68,1.68,1.661,-1.11%
20Y,2025-01-17,1.68,1.701,1.7,1.679,-1.32%
20Y,2025-01-16,1.702,1.721,1.721,1.694,-1.16%
20Y,2025-01-15,1.722,1.74,1.751,1.72,-0.94%
20Y,2025-01-14,1.739,1.739,1.741,1.731,0.07%
20Y,2025-01-13,1.737,1.737,1.737,1.737,0.00%
20Y,2025-01-10,1.737,1.696,1.737,1.697,2.58%
20Y,2025-01-09,1.694,1.717,1.714,1.694,-1.52%
20Y,2025-01-08,1.72,1.692,1.725,1.694,1.70%
20Y,2025-01-07,1.691,1.683,1.691,1.683,0.45%
20Y,2025-01-06,1.684,1.644,1.692,1.644,2.43%
20Y,2025-01-03,1.644,1.644,1.644,1.644,0.00%
20Y,2025-01-02,1.644,1.644,1.644,1.644,0.00%
20Y,2025-01-01,1.644,1.644,1.644,1.644,0.00%
6Y,2026-02-18,1.679,1.66,1.679,1.627,0.00%
6Y,2026-02-17,1.679,1.704,1.722,1.669,-2.55%
6Y,2026-02-16,1.723,1.716,1.754,1.715,-0.58%
6Y,2026-02-13,1.733,1.712,1.772,1.726,0.12%
6Y,2026-02-12,1.731,1.725,1.788,1.725,-1.59%
6Y,2026-02-11,1.759,1.71,1.765,1.724,-0.23%
6Y,2026-02-10,1.763,1.766,1.793,1.739,-1.01%
6Y,2026-02-09,1.781,1.743,1.817,1.751,1.31%
6Y,2026-02-06,1.758,1.717,1.78,1.687,1.50%
6Y,2026-02-05,1.732,1.727,1.771,1.728,-0.63%
6Y,2026-02-04,1.743,1.734,1.782,1.736,-0.51%
6Y,2026-02-03,1.752,1.716,1.782,1.724,0.52%
6Y,2026-02-02,1.743,1.723,1.769,1.714,0.87%
6Y,2026-01-30,1.728,1.733,1.759,1.715,-0.92%
6Y,2026-01-29,1.744,1.743,1.777,1.732,-0.68%
6Y,2026-01-28,1.756,1.763,1.802,1.731,-1.07%
6Y,2026-01-27,1.775,1.733,1.807,1.745,1.95%
6Y,2026-01-26,1.741,1.741,1.775,1.713,-0.51%
6Y,2026-01-23,1.75,1.7,1.774,1.706,2.22%
6Y,2026-01-22,1.712,1.743,1.763,1.708,-2.67%
6Y,2026-01-21,1.759,1.769,1.793,1.74,-1.24%
6Y,2026-01-20,1.781,1.736,1.827,1.748,1.37%
6Y,2026-01-19,1.757,1.698,1.777,1.706,2.51%
6Y,2026-01-16,1.714,1.682,1.729,1.69,1.18%
6Y,2026-01-15,1.694,1.666,1.722,1.666,1.01%
6Y,2026-01-14,1.677,1.68,1.727,1.672,-1.41%
6Y,2026-01-13,1.701,1.672,1.727,1.664,1.43%
6Y,2026-01-12,1.677,1.679,1.709,1.641,0.12%
6Y,2026-01-09,1.675,1.599,1.714,1.618,2.63%
6Y,2026-01-08,1.632,1.635,1.659,1.615,-1.51%
6Y,2026-01-07,1.657,1.664,1.698,1.654,-1.13%
6Y,2026-01-06,1.676,1.652,1.708,1.659,0.12%
6Y,2026-01-05,1.674,1.625,1.705,1.633,1.33%
6Y,2026-01-02,1.652,1.652,1.652,1.652,0.00%
6Y,2026-01-01,1.652,1.652,1.652,1.652,0.00%
6Y,2025-12-31,1.652,1.652,1.652,1.652,0.00%
6Y,2025-12-30,1.652,1.583,1.659,1.603,3.19%
6Y,2025-12-29,1.601,1.558,1.629,1.586,-0.06%
6Y,2025-12-26,1.602,1.591,1.611,1.593,0.12%
6Y,2025-12-25,1.6,1.553,1.607,1.562,2.17%
6Y,2025-12-24,1.566,1.562,1.617,1.561,-0.76%
6Y,2025-12-23,1.578,1.595,1.63,1.564,-2.05%
6Y,2025-12-22,1.611,1.563,1.655,1.572,2.09%
6Y,2025-12-19,1.578,1.516,1.598,1.516,3.14%
6Y,2025-12-18,1.53,1.506,1.558,1.519,-0.52%
6Y,2025-12-17,1.538,1.501,1.563,1.514,0.59%
6Y,2025-12-16,1.529,1.502,1.545,1.506,-0.65%
6Y,2025-12-15,1.539,1.502,1.545,1.498,1.65%
6Y,2025-12-12,1.514,1.484,1.532,1.482,1.00%
6Y,2025-12-11,1.499,1.493,1.522,1.479,-0.53%
6Y,2025-12-10,1.507,1.502,1.536,1.5,-0.07%
6Y,2025-12-09,1.508,1.51,1.541,1.498,-1.24%
6Y,2025-12-08,1.527,1.501,1.558,1.509,0.79%
6Y,2025-12-05,1.515,1.47,1.531,1.48,1.41%
6Y,2025-12-04,1.494,1.447,1.517,1.458,2.61%
6Y,2025-12-03,1.456,1.434,1.486,1.445,0.34%
6Y,2025-12-02,1.451,1.435,1.474,1.434,0.00%
6Y,2025-12-01,1.451,1.384,1.469,1.393,3.79%
6Y,2025-11-28,1.398,1.368,1.418,1.38,0.87%
6Y,2025-11-27,1.386,1.368,1.404,1.376,0.22%
6Y,2025-11-26,1.383,1.362,1.411,1.375,-0.50%
6Y,2025-11-25,1.39,1.349,1.402,1.354,2.58%
6Y,2025-11-24,1.355,1.328,1.362,1.352,-0.07%
6Y,2025-11-21,1.356,1.358,1.384,1.346,-1.38%
6Y,2025-11-20,1.375,1.331,1.409,1.335,1.93%
6Y,2025-11-19,1.349,1.296,1.362,1.312,1.81%
6Y,2025-11-18,1.325,1.305,1.343,1.308,0.53%
6Y,2025-11-17,1.318,1.293,1.343,1.306,0.30%
6Y,2025-11-14,1.314,1.298,1.335,1.289,0.31%
6Y,2025-11-13,1.31,1.29,1.328,1.295,0.54%
6Y,2025-11-12,1.303,1.292,1.33,1.298,0.00%
6Y,2025-11-11,1.303,1.311,1.335,1.3,-1.06%
6Y,2025-11-10,1.317,1.288,1.347,1.304,1.15%
6Y,2025-11-07,1.302,1.284,1.327,1.291,1.17%
6Y,2025-11-06,1.287,1.283,1.327,1.285,-1.45%
6Y,2025-11-05,1.306,1.285,1.317,1.275,0.85%
6Y,2025-11-04,1.295,1.276,1.32,1.288,0.78%
6Y,2025-11-03,1.285,1.272,1.307,1.285,-0.23%
6Y,2025-10-31,1.288,1.26,1.309,1.27,0.55%
6Y,2025-10-30,1.281,1.278,1.311,1.267,-1.84%
6Y,2025-10-29,1.305,1.251,1.312,1.263,2.84%
6Y,2025-10-28,1.269,1.275,1.299,1.259,-1.09%
6Y,2025-10-27,1.283,1.262,1.313,1.276,-0.16%
6Y,2025-10-24,1.285,1.272,1.302,1.27,0.08%
6Y,2025-10-23,1.284,1.245,1.306,1.255,2.15%
6Y,2025-10-22,1.257,1.257,1.29,1.251,-1.41%
6Y,2025-10-21,1.275,1.268,1.301,1.263,-0.93%
6Y,2025-10-20,1.287,1.24,1.307,1.243,2.22%
6Y,2025-10-17,1.259,1.233,1.27,1.221,1.53%
6Y,2025-10-16,1.24,1.227,1.281,1.235,0.40%
6Y,2025-10-15,1.235,1.206,1.254,1.216,1.65%
6Y,2025-10-14,1.215,1.235,1.259,1.21,-1.30%
6Y,2025-10-13,1.231,1.232,1.262,1.231,-0.24%
6Y,2025-10-10,1.234,1.28,1.3,1.229,-4.86%
6Y,2025-10-09,1.297,1.279,1.313,1.278,0.31%
6Y,2025-10-08,1.293,1.271,1.316,1.284,0.62%
6Y,2025-10-07,1.285,1.273,1.306,1.274,-0.31%
6Y,2025-10-06,1.289,1.284,1.318,1.248,-0.92%
6Y,2025-10-03,1.301,1.297,1.318,1.29,-0.54%
6Y,2025-10-02,1.308,1.29,1.332,1.29,0.08%
6Y,2025-10-01,1.307,1.286,1.33,1.292,0.31%
6Y,2025-09-30,1.303,1.278,1.323,1.282,1.09%
6Y,2025-09-29,1.289,1.264,1.314,1.271,0.70%
6Y,2025-09-26,1.28,1.267,1.312,1.273,-1.39%
6Y,2025-09-25,1.298,1.269,1.319,1.278,1.09%
6Y,2025-09-24,1.284,1.265,1.301,1.265,0.63%
6Y,2025-09-23,1.276,1.267,1.283,1.272,0.39%
6Y,2025-09-22,1.271,1.238,1.296,1.247,1.68%
6Y,2025-09-19,1.25,1.216,1.277,1.21,1.54%
6Y,2025-09-18,1.231,1.188,1.245,1.199,1.48%
6Y,2025-09-17,1.213,1.191,1.227,1.196,0.00%
6Y,2025-09-16,1.213,1.184,1.232,1.184,1.17%
6Y,2025-09-15,1.199,1.187,1.217,1.197,-0.42%
6Y,2025-09-12,1.204,1.159,1.218,1.174,2.64%
6Y,2025-09-11,1.173,1.147,1.199,1.159,0.95%
6Y,2025-09-10,1.162,1.165,1.19,1.157,-1.02%
6Y,2025-09-09,1.174,1.131,1.196,1.133,2.00%
6Y,2025-09-08,1.151,1.127,1.176,1.144,-1.03%
6Y,2025-09-05,1.163,1.165,1.191,1.154,-1.19%
6Y,2025-09-04,1.177,1.196,1.217,1.172,-3.05%
6Y,2025-09-03,1.214,1.2,1.236,1.202,-0.16%
6Y,2025-09-02,1.216,1.204,1.235,1.195,-0.73%
6Y,2025-09-01,1.225,1.177,1.239,1.193,1.32%
6Y,2025-08-29,1.209,1.189,1.219,1.205,-0.90%
6Y,2025-08-28,1.22,1.195,1.229,1.219,-0.49%
6Y,2025-08-27,1.226,1.209,1.239,1.226,-0.97%
6Y,2025-08-26,1.238,1.186,1.241,1.216,1.98%
6Y,2025-08-25,1.214,1.185,1.215,1.214,-0.08%
6Y,2025-08-22,1.215,1.18,1.216,1.206,1.00%
6Y,2025-08-21,1.203,1.16,1.204,1.19,1.18%
6Y,2025-08-20,1.189,1.16,1.203,1.189,0.00%
6Y,2025-08-19,1.189,1.144,1.196,1.174,1.45%
6Y,2025-08-18,1.172,1.141,1.172,1.164,0.09%
6Y,2025-08-15,1.171,1.13,1.171,1.16,0.86%
6Y,2025-08-14,1.161,1.073,1.161,1.103,5.45%
6Y,2025-08-13,1.101,1.08,1.116,1.101,-0.72%
6Y,2025-08-12,1.109,1.065,1.111,1.091,1.19%
6Y,2025-08-11,1.096,1.066,1.096,1.096,0.00%
6Y,2025-08-08,1.096,1.048,1.096,1.078,1.86%
6Y,2025-08-07,1.076,1.064,1.094,1.074,-1.74%
6Y,2025-08-06,1.095,1.04,1.096,1.07,2.43%
6Y,2025-08-05,1.069,1.043,1.073,1.059,-0.47%
6Y,2025-08-04,1.074,1.05,1.085,1.064,-0.56%
6Y,2025-08-01,1.08,1.118,1.148,1.079,-5.76%
6Y,2025-07-31,1.146,1.125,1.155,1.135,-0.87%
6Y,2025-07-30,1.156,1.119,1.156,1.146,0.70%
6Y,2025-07-29,1.148,1.124,1.16,1.148,2.04%
6Y,2025-07-28,1.125,1.153,1.125,1.119,4.52%
6Y,2025-07-11,1.076,1.051,1.077,1.076,2.14%
6Y,2025-07-10,1.054,1.051,1.054,1.049,0.12%
6Y,2025-07-09,1.053,1.034,1.054,1.034,1.94%
6Y,2025-07-08,1.033,1.015,1.033,1.015,2.10%
6Y,2025-07-07,1.011,0.996,1.013,0.996,1.51%
6Y,2025-07-04,0.996,1.019,1.019,0.994,-2.45%
6Y,2025-07-03,1.021,1.009,1.021,1.003,1.37%
6Y,2025-07-02,1.008,0.994,1.008,0.994,1.26%
6Y,2025-07-01,0.995,0.996,0.995,0.986,0.00%
6Y,2025-06-30,0.995,0.999,1.004,0.995,-0.38%
6Y,2025-06-27,0.999,0.985,0.999,0.984,1.27%
6Y,2025-06-26,0.986,0.971,0.986,0.971,1.68%
6Y,2025-06-25,0.97,0.981,0.981,0.957,-1.27%
6Y,2025-06-24,0.983,0.978,0.985,0.974,0.38%
6Y,2025-06-23,0.979,0.975,0.983,0.973,0.39%
6Y,2025-06-20,0.975,0.965,0.975,0.959,1.16%
6Y,2025-06-19,0.964,0.975,0.976,0.964,-1.28%
6Y,2025-06-18,0.976,1.006,1.011,0.976,-2.86%
6Y,2025-06-17,1.005,1.014,1.034,0.998,-0.62%
6Y,2025-06-16,1.011,1.008,1.033,1.008,0.38%
6Y,2025-06-13,1.008,0.995,1.008,0.974,0.50%
6Y,2025-06-12,1.003,1.019,1.023,1.003,-1.47%
6Y,2025-06-11,1.018,1.031,1.031,1.016,-1.45%
6Y,2025-06-10,1.033,1.033,1.038,1.031,0.12%
6Y,2025-06-09,1.031,1.024,1.039,1.024,0.73%
6Y,2025-06-06,1.024,1.023,1.024,1.01,0.00%
6Y,2025-06-05,1.024,1.039,1.039,1.013,-1.56%
6Y,2025-06-04,1.04,1.029,1.046,1.029,1.22%
6Y,2025-06-03,1.028,1.034,1.034,1.021,-0.72%
6Y,2025-06-02,1.035,1.023,1.036,1.023,1.22%
6Y,2025-05-30,1.023,1.011,1.023,1.011,1.24%
6Y,2025-05-29,1.01,1.035,1.039,1.01,-2.53%
6Y,2025-05-28,1.036,1.004,1.043,1.004,3.36%
6Y,2025-05-27,1.003,1.005,1.004,0.985,-0.38%
6Y,2025-05-26,1.006,1.006,1.006,1.006,0.00%
6Y,2025-05-23,1.006,1.046,3.957,1.005,-3.93%
6Y,2025-05-22,1.048,1.034,1.054,1.03,1.45%
6Y,2025-05-21,1.033,1.031,1.033,1.014,0.00%
6Y,2025-05-20,1.033,1.015,1.033,1.013,1.84%
6Y,2025-05-19,1.014,1.006,1.023,1.004,0.75%
6Y,2025-05-16,1.006,0.998,1.006,0.985,0.75%
6Y,2025-05-15,0.999,1.015,1.015,0.999,-1.72%
6Y,2025-05-14,1.016,0.994,1.016,0.985,2.40%
6Y,2025-05-13,0.993,0.969,0.998,0.969,2.58%
6Y,2025-05-12,0.967,0.891,0.975,0.891,8.55%
6Y,2025-05-09,0.891,0.873,0.897,0.873,2.30%
6Y,2025-05-08,0.871,0.856,0.88,0.856,1.91%
6Y,2025-05-07,0.855,0.839,0.86,0.839,2.09%
6Y,2025-05-05,0.837,0.837,0.837,0.837,0.00%
6Y,2025-05-02,0.837,0.826,0.837,0.821,1.21%
6Y,2025-05-01,0.827,0.85,0.85,0.816,-2.80%
6Y,2025-04-30,0.851,0.88,0.88,0.851,-3.40%
6Y,2025-04-28,0.881,0.901,0.901,0.868,-2.22%
6Y,2025-04-25,0.901,0.864,0.902,0.865,4.64%
6Y,2025-04-24,0.861,0.894,0.891,0.853,-3.77%
6Y,2025-04-23,0.895,0.837,0.897,0.837,6.70%
6Y,2025-04-22,0.839,0.84,0.842,0.836,0.00%
6Y,2025-04-21,0.839,0.839,0.839,0.839,0.00%
6Y,2025-04-17,0.839,0.8,0.846,0.801,4.68%
6Y,2025-04-16,0.801,0.884,0.881,0.784,-9.33%
6Y,2025-04-15,0.884,0.811,0.889,0.811,8.60%
6Y,2025-04-14,0.814,0.788,0.821,0.788,3.84%
6Y,2025-04-11,0.784,0.85,0.85,0.752,-7.94%
6Y,2025-04-10,0.851,0.75,0.875,0.751,13.31%
6Y,2025-04-09,0.751,0.864,0.864,0.75,-13.27%
6Y,2025-04-08,0.866,0.766,0.896,0.767,13.42%
6Y,2025-04-07,0.764,0.803,0.803,0.72,-4.52%
6Y,2025-04-04,0.8,0.979,0.979,0.752,-18.06%
6Y,2025-04-03,0.976,1.107,1.106,0.969,-11.94%
6Y,2025-04-02,1.109,1.125,1.125,1.101,-1.56%
6Y,2025-04-01,1.126,1.129,1.134,1.12,0.00%
6Y,2025-03-31,1.126,1.175,1.175,1.117,-4.14%
6Y,2025-03-28,1.175,1.204,1.204,1.171,-2.59%
6Y,2025-03-27,1.206,1.217,1.216,1.199,-1.03%
6Y,2025-03-26,1.219,1.21,1.22,1.209,0.94%
6Y,2025-03-25,1.207,1.188,1.215,1.188,1.79%
6Y,2025-03-24,1.186,1.151,1.186,1.151,3.04%
6Y,2025-03-21,1.151,1.164,1.165,1.151,-0.96%
6Y,2025-03-19,1.163,1.138,1.164,1.134,2.08%
6Y,2025-03-18,1.139,1.121,1.14,1.121,1.45%
6Y,2025-03-17,1.122,1.126,1.126,1.119,-0.34%
6Y,2025-03-14,1.126,1.155,1.155,1.12,-2.59%
6Y,2025-03-13,1.156,1.13,1.166,1.13,2.66%
6Y,2025-03-12,1.126,1.135,1.135,1.116,-1.20%
6Y,2025-03-11,1.14,1.163,1.163,1.122,-2.15%
6Y,2025-03-10,1.165,1.126,1.179,1.126,3.44%
6Y,2025-03-07,1.126,1.145,1.145,1.126,-1.85%
6Y,2025-03-06,1.148,1.143,1.165,1.143,0.54%
6Y,2025-03-05,1.141,1.091,1.141,1.092,4.47%
6Y,2025-03-04,1.092,1.112,1.112,1.092,-1.91%
6Y,2025-03-03,1.114,1.076,1.128,1.077,3.48%
6Y,2025-02-28,1.076,1.1,1.099,1.067,-2.27%
6Y,2025-02-27,1.101,1.064,1.112,1.065,3.41%
6Y,2025-02-26,1.065,1.051,1.074,1.051,1.43%
6Y,2025-02-25,1.05,1.091,1.09,1.05,-3.67%
6Y,2025-02-24,1.09,1.09,1.09,1.09,0.00%
6Y,2025-02-21,1.09,1.146,1.145,1.09,-5.01%
6Y,2025-02-20,1.148,1.153,1.153,1.131,-0.55%
6Y,2025-02-19,1.154,1.148,1.163,1.14,0.44%
6Y,2025-02-18,1.149,1.129,1.153,1.13,1.89%
6Y,2025-02-17,1.128,1.101,1.128,1.101,2.38%
6Y,2025-02-14,1.101,1.076,1.101,1.076,2.45%
6Y,2025-02-13,1.075,1.104,1.105,1.075,-2.71%
6Y,2025-02-12,1.105,1.061,1.105,1.066,4.36%
6Y,2025-02-11,1.059,1.059,1.059,1.059,0.00%
6Y,2025-02-10,1.059,1.072,1.072,1.059,-1.28%
6Y,2025-02-07,1.072,1.041,1.072,1.041,3.13%
6Y,2025-02-06,1.04,1.023,1.04,1.025,1.58%
6Y,2025-02-05,1.024,1.02,1.03,1.019,0.49%
6Y,2025-02-04,1.019,0.99,1.029,0.99,3.17%
6Y,2025-02-03,0.988,0.998,0.998,0.983,-1.00%
6Y,2025-01-31,0.998,0.975,0.999,0.994,2.57%
6Y,2025-01-30,0.973,0.956,0.979,0.956,1.83%
6Y,2025-01-29,0.955,0.959,0.957,0.951,-0.66%
6Y,2025-01-28,0.961,0.96,0.965,0.954,0.00%
6Y,2025-01-27,0.961,0.993,0.993,0.947,-3.14%
6Y,2025-01-24,0.993,0.971,0.999,0.973,2.32%
6Y,2025-01-23,0.97,0.952,0.97,0.954,1.70%
6Y,2025-01-22,0.954,0.942,0.962,0.942,1.06%
6Y,2025-01-21,0.944,0.939,0.949,0.939,0.40%
6Y,2025-01-20,0.94,0.947,0.949,0.94,-0.79%
6Y,2025-01-17,0.947,0.951,0.951,0.944,-0.52%
6Y,2025-01-16,0.952,0.955,0.952,0.944,-0.40%
6Y,2025-01-15,0.956,0.966,0.984,0.956,-0.90%
6Y,2025-01-14,0.965,0.965,0.969,0.96,0.12%
6Y,2025-01-13,0.964,0.964,0.964,0.964,0.00%
6Y,2025-01-10,0.964,0.924,0.964,0.924,4.61%
6Y,2025-01-09,0.921,0.942,0.942,0.921,-2.51%
6Y,2025-01-08,0.945,0.925,0.955,0.925,2.29%
6Y,2025-01-07,0.924,0.915,0.924,0.915,1.09%
6Y,2025-01-06,0.914,0.876,0.923,0.877,4.28%
6Y,2025-01-03,0.876,0.876,0.876,0.876,0.00%
6Y,2025-01-02,0.876,0.876,0.876,0.876,0.00%
6Y,2025-01-01,0.876,0.876,0.876,0.876,0.00%
7Y,2026-02-18,1.739,1.731,1.755,1.694,-0.40%
7Y,2026-02-17,1.746,1.781,1.799,1.74,-3.11%
7Y,2026-02-16,1.802,1.792,1.828,1.79,-0.39%
7Y,2026-02-13,1.809,1.792,1.851,1.798,-0.11%
7Y,2026-02-12,1.811,1.801,1.864,1.802,-1.47%
7Y,2026-02-11,1.838,1.788,1.841,1.803,-0.11%
7Y,2026-02-10,1.84,1.845,1.873,1.812,-1.29%
7Y,2026-02-09,1.864,1.823,1.899,1.831,1.64%
7Y,2026-02-06,1.834,1.791,1.859,1.762,1.61%
7Y,2026-02-05,1.805,1.808,1.851,1.803,-1.26%
7Y,2026-02-04,1.828,1.813,1.864,1.816,-0.16%
7Y,2026-02-03,1.831,1.805,1.862,1.805,0.55%
7Y,2026-02-02,1.821,1.807,1.852,1.794,0.50%
7Y,2026-01-30,1.812,1.816,1.843,1.799,-0.88%
7Y,2026-01-29,1.828,1.825,1.858,1.814,-0.27%
7Y,2026-01-28,1.833,1.844,1.882,1.811,-1.29%
7Y,2026-01-27,1.857,1.811,1.891,1.824,1.98%
7Y,2026-01-26,1.821,1.828,1.858,1.797,-0.49%
7Y,2026-01-23,1.83,1.785,1.861,1.795,1.84%
7Y,2026-01-22,1.797,1.838,1.855,1.794,-2.71%
7Y,2026-01-21,1.847,1.862,1.89,1.831,-1.55%
7Y,2026-01-20,1.876,1.819,1.923,1.835,1.74%
7Y,2026-01-19,1.844,1.783,1.872,1.787,2.67%
7Y,2026-01-16,1.796,1.764,1.816,1.771,1.13%
7Y,2026-01-15,1.776,1.759,1.802,1.747,1.02%
7Y,2026-01-14,1.758,1.771,1.809,1.757,-1.29%
7Y,2026-01-13,1.781,1.751,1.812,1.743,1.14%
7Y,2026-01-12,1.761,1.758,1.794,1.719,0.80%
7Y,2026-01-09,1.747,1.683,1.794,1.7,2.04%
7Y,2026-01-08,1.712,1.719,1.738,1.693,-1.44%
7Y,2026-01-07,1.737,1.736,1.776,1.729,-1.36%
7Y,2026-01-06,1.761,1.736,1.79,1.733,0.57%
7Y,2026-01-05,1.751,1.696,1.783,1.708,1.10%
7Y,2026-01-02,1.732,1.732,1.732,1.732,0.00%
7Y,2026-01-01,1.732,1.732,1.732,1.732,0.00%
7Y,2025-12-31,1.732,1.732,1.732,1.732,0.00%
7Y,2025-12-30,1.732,1.66,1.732,1.673,3.03%
7Y,2025-12-29,1.681,1.64,1.707,1.664,0.48%
7Y,2025-12-26,1.673,1.666,1.686,1.668,-0.42%
7Y,2025-12-25,1.68,1.646,1.685,1.637,1.88%
7Y,2025-12-24,1.649,1.642,1.698,1.64,-0.24%
7Y,2025-12-23,1.653,1.674,1.709,1.642,-2.02%
7Y,2025-12-22,1.687,1.644,1.735,1.65,1.93%
7Y,2025-12-19,1.655,1.592,1.676,1.602,3.05%
7Y,2025-12-18,1.606,1.587,1.636,1.597,-0.68%
7Y,2025-12-17,1.617,1.581,1.645,1.594,0.87%
7Y,2025-12-16,1.603,1.581,1.626,1.585,-2.20%
7Y,2025-12-15,1.639,1.576,1.639,1.577,3.28%
7Y,2025-12-12,1.587,1.562,1.613,1.561,1.02%
7Y,2025-12-11,1.571,1.554,1.597,1.557,-0.82%
7Y,2025-12-10,1.584,1.58,1.611,1.575,-0.19%
7Y,2025-12-09,1.587,1.592,1.621,1.575,-1.00%
7Y,2025-12-08,1.603,1.581,1.639,1.585,0.75%
7Y,2025-12-05,1.591,1.552,1.611,1.56,1.21%
7Y,2025-12-04,1.572,1.522,1.597,1.534,2.68%
7Y,2025-12-03,1.531,1.514,1.566,1.521,0.39%
7Y,2025-12-02,1.525,1.504,1.555,1.507,0.20%
7Y,2025-12-01,1.522,1.463,1.549,1.464,3.75%
7Y,2025-11-28,1.467,1.428,1.492,1.448,0.76%
7Y,2025-11-27,1.456,1.442,1.473,1.446,0.14%
7Y,2025-11-26,1.454,1.432,1.486,1.447,-0.27%
7Y,2025-11-25,1.458,1.417,1.475,1.425,2.17%
7Y,2025-11-24,1.427,1.399,1.429,1.423,-0.07%
7Y,2025-11-21,1.428,1.429,1.454,1.42,-1.65%
7Y,2025-11-20,1.452,1.406,1.487,1.408,1.82%
7Y,2025-11-19,1.426,1.365,1.435,1.385,2.00%
7Y,2025-11-18,1.398,1.379,1.416,1.379,0.43%
7Y,2025-11-17,1.392,1.36,1.415,1.375,1.24%
7Y,2025-11-14,1.375,1.36,1.401,1.356,-0.22%
7Y,2025-11-13,1.378,1.353,1.397,1.361,0.44%
7Y,2025-11-12,1.372,1.355,1.391,1.362,0.29%
7Y,2025-11-11,1.368,1.361,1.4,1.367,-1.37%
7Y,2025-11-10,1.387,1.348,1.413,1.367,1.46%
7Y,2025-11-07,1.367,1.346,1.392,1.354,0.81%
7Y,2025-11-06,1.356,1.346,1.391,1.348,-0.37%
7Y,2025-11-05,1.361,1.347,1.379,1.338,0.07%
7Y,2025-11-04,1.36,1.332,1.383,1.349,0.74%
7Y,2025-11-03,1.35,1.335,1.371,1.35,-0.37%
7Y,2025-10-31,1.355,1.319,1.371,1.332,0.97%
7Y,2025-10-30,1.342,1.32,1.37,1.328,-1.47%
7Y,2025-10-29,1.362,1.317,1.371,1.325,2.56%
7Y,2025-10-28,1.328,1.33,1.359,1.319,-1.56%
7Y,2025-10-27,1.349,1.326,1.377,1.342,0.22%
7Y,2025-10-24,1.346,1.329,1.366,1.331,-0.22%
7Y,2025-10-23,1.349,1.307,1.367,1.313,2.27%
7Y,2025-10-22,1.319,1.33,1.354,1.313,-1.42%
7Y,2025-10-21,1.338,1.328,1.364,1.326,-0.52%
7Y,2025-10-20,1.345,1.303,1.368,1.308,2.28%
7Y,2025-10-17,1.315,1.311,1.341,1.279,1.00%
7Y,2025-10-16,1.302,1.284,1.341,1.295,0.00%
7Y,2025-10-15,1.302,1.269,1.322,1.281,1.80%
7Y,2025-10-14,1.279,1.295,1.331,1.277,0.39%
7Y,2025-10-13,1.274,1.292,1.323,1.27,-2.08%
7Y,2025-10-10,1.301,1.352,1.382,1.298,-4.41%
7Y,2025-10-09,1.361,1.348,1.379,1.345,0.00%
7Y,2025-10-08,1.361,1.338,1.383,1.35,0.52%
7Y,2025-10-07,1.354,1.351,1.38,1.343,-0.81%
7Y,2025-10-06,1.365,1.35,1.383,1.32,-0.07%
7Y,2025-10-03,1.366,1.356,1.386,1.355,-0.73%
7Y,2025-10-02,1.376,1.349,1.397,1.353,0.22%
7Y,2025-10-01,1.373,1.35,1.396,1.353,0.51%
7Y,2025-09-30,1.366,1.339,1.386,1.338,1.41%
7Y,2025-09-29,1.347,1.332,1.374,1.331,0.52%
7Y,2025-09-26,1.34,1.339,1.373,1.332,-0.89%
7Y,2025-09-25,1.352,1.33,1.378,1.335,0.37%
7Y,2025-09-24,1.347,1.328,1.36,1.324,0.75%
7Y,2025-09-23,1.337,1.322,1.337,1.337,0.22%
7Y,2025-09-22,1.334,1.297,1.359,1.308,1.91%
7Y,2025-09-19,1.309,1.254,1.336,1.275,1.55%
7Y,2025-09-18,1.289,1.258,1.307,1.26,1.02%
7Y,2025-09-17,1.276,1.258,1.289,1.257,0.31%
7Y,2025-09-16,1.272,1.284,1.304,1.247,0.87%
7Y,2025-09-15,1.261,1.245,1.281,1.256,-0.39%
7Y,2025-09-12,1.266,1.225,1.281,1.24,2.01%
7Y,2025-09-11,1.241,1.213,1.264,1.222,1.39%
7Y,2025-09-10,1.224,1.228,1.251,1.219,-1.69%
7Y,2025-09-09,1.245,1.201,1.262,1.2,2.13%
7Y,2025-09-08,1.219,1.199,1.245,1.21,-0.81%
7Y,2025-09-05,1.229,1.231,1.256,1.221,-1.13%
7Y,2025-09-04,1.243,1.259,1.296,1.239,-3.49%
7Y,2025-09-03,1.288,1.266,1.31,1.273,0.70%
7Y,2025-09-02,1.279,1.273,1.307,1.26,-0.70%
7Y,2025-09-01,1.288,1.249,1.306,1.258,0.94%
7Y,2025-08-29,1.276,1.254,1.284,1.273,-0.70%
7Y,2025-08-28,1.285,1.263,1.294,1.284,-0.70%
7Y,2025-08-27,1.294,1.273,1.303,1.294,-0.77%
7Y,2025-08-26,1.304,1.251,1.309,1.281,1.95%
7Y,2025-08-25,1.279,1.249,1.279,1.279,0.00%
7Y,2025-08-22,1.279,1.243,1.28,1.27,0.87%
7Y,2025-08-21,1.268,1.224,1.27,1.254,1.20%
7Y,2025-08-20,1.253,1.224,1.266,1.253,0.00%
7Y,2025-08-19,1.253,1.208,1.26,1.238,1.38%
7Y,2025-08-18,1.236,1.204,1.236,1.226,0.16%
7Y,2025-08-15,1.234,1.191,1.234,1.221,0.90%
7Y,2025-08-14,1.223,1.135,1.223,1.165,5.07%
7Y,2025-08-13,1.164,1.144,1.179,1.164,-0.68%
7Y,2025-08-12,1.172,1.129,1.175,1.155,1.21%
7Y,2025-08-11,1.158,1.128,1.158,1.158,0.00%
7Y,2025-08-08,1.158,1.109,1.158,1.139,1.76%
7Y,2025-08-07,1.138,1.128,1.158,1.135,-1.81%
7Y,2025-08-06,1.159,1.106,1.16,1.136,2.11%
7Y,2025-08-05,1.135,1.11,1.14,1.123,-0.53%
7Y,2025-08-04,1.141,1.116,1.153,1.131,-0.44%
7Y,2025-08-01,1.146,1.181,1.211,1.145,-5.52%
7Y,2025-07-31,1.213,1.191,1.221,1.201,-0.82%
7Y,2025-07-30,1.223,1.184,1.223,1.211,0.82%
7Y,2025-07-29,1.213,1.189,1.224,1.213,2.15%
7Y,2025-07-28,1.188,1.216,1.188,1.181,3.94%
7Y,2025-07-11,1.143,1.119,1.144,1.143,2.24%
7Y,2025-07-10,1.117,1.117,1.117,1.112,-0.12%
7Y,2025-07-09,1.119,1.1,1.12,1.1,1.59%
7Y,2025-07-08,1.101,1.076,1.101,1.082,2.21%
7Y,2025-07-07,1.077,1.058,1.079,1.058,1.89%
7Y,2025-07-04,1.058,1.084,1.08,1.055,-2.31%
7Y,2025-07-03,1.082,1.067,1.082,1.064,1.52%
7Y,2025-07-02,1.066,1.054,1.066,1.054,1.31%
7Y,2025-07-01,1.053,1.053,1.053,1.044,-0.12%
7Y,2025-06-30,1.054,1.059,1.064,1.054,-0.47%
7Y,2025-06-27,1.059,1.045,1.059,1.043,1.44%
7Y,2025-06-26,1.044,1.029,1.044,1.029,1.59%
7Y,2025-06-25,1.028,1.04,1.04,1.014,-1.33%
7Y,2025-06-24,1.041,1.038,1.044,1.033,0.24%
7Y,2025-06-23,1.039,1.034,1.043,1.033,0.48%
7Y,2025-06-20,1.034,1.026,1.034,1.019,0.86%
7Y,2025-06-19,1.025,1.038,1.038,1.025,-1.33%
7Y,2025-06-18,1.039,1.067,1.074,1.039,-2.58%
7Y,2025-06-17,1.066,1.071,1.096,1.059,-0.23%
7Y,2025-06-16,1.069,1.065,1.092,1.066,0.36%
7Y,2025-06-13,1.065,1.055,1.065,1.03,0.24%
7Y,2025-06-12,1.063,1.081,1.085,1.063,-1.62%
7Y,2025-06-11,1.08,1.094,1.095,1.079,-1.37%
7Y,2025-06-10,1.095,1.094,1.101,1.094,0.23%
7Y,2025-06-09,1.092,1.085,1.1,1.085,0.69%
7Y,2025-06-06,1.085,1.085,1.085,1.069,0.11%
7Y,2025-06-05,1.084,1.104,1.102,1.072,-1.92%
7Y,2025-06-04,1.105,1.087,1.111,1.089,1.49%
7Y,2025-06-03,1.089,1.096,1.096,1.082,-0.79%
7Y,2025-06-02,1.097,1.082,1.1,1.084,1.39%
7Y,2025-05-30,1.082,1.074,1.082,1.072,0.93%
7Y,2025-05-29,1.072,1.096,1.101,1.072,-2.28%
7Y,2025-05-28,1.097,1.061,1.104,1.063,3.54%
7Y,2025-05-27,1.06,1.072,1.071,1.043,-1.29%
7Y,2025-05-26,1.074,1.074,1.074,1.074,0.00%
7Y,2025-05-23,1.074,1.119,3.696,1.072,-4.13%
7Y,2025-05-22,1.12,1.102,1.128,1.104,1.70%
7Y,2025-05-21,1.101,1.099,1.101,1.082,0.12%
7Y,2025-05-20,1.1,1.079,1.1,1.079,1.85%
7Y,2025-05-19,1.08,1.069,1.089,1.067,1.05%
7Y,2025-05-16,1.069,1.061,1.069,1.046,0.59%
7Y,2025-05-15,1.063,1.081,1.081,1.063,-1.62%
7Y,2025-05-14,1.08,1.055,1.08,1.048,2.49%
7Y,2025-05-13,1.054,1.028,1.059,1.028,2.68%
7Y,2025-05-12,1.026,0.954,1.039,0.954,7.60%
7Y,2025-05-09,0.954,0.933,0.96,0.933,2.42%
7Y,2025-05-08,0.931,0.915,0.941,0.916,1.92%
7Y,2025-05-07,0.914,0.892,0.919,0.892,2.52%
7Y,2025-05-05,0.891,0.891,0.891,0.891,0.00%
7Y,2025-05-02,0.891,0.876,0.891,0.876,1.57%
7Y,2025-05-01,0.877,0.9,0.9,0.866,-2.64%
7Y,2025-04-30,0.901,0.931,0.931,0.901,-3.35%
7Y,2025-04-28,0.933,0.957,0.956,0.921,-2.61%
7Y,2025-04-25,0.957,0.915,0.959,0.914,4.78%
7Y,2025-04-24,0.914,0.947,0.947,0.905,-3.69%
7Y,2025-04-23,0.949,0.891,0.951,0.891,6.31%
7Y,2025-04-22,0.892,0.892,0.896,0.89,0.13%
7Y,2025-04-21,0.891,0.892,0.891,0.891,-0.13%
7Y,2025-04-17,0.892,0.856,0.899,0.856,4.39%
7Y,2025-04-16,0.855,0.946,0.944,0.839,-9.65%
7Y,2025-04-15,0.946,0.877,0.951,0.879,7.53%
7Y,2025-04-14,0.88,0.851,0.887,0.851,3.83%
7Y,2025-04-11,0.848,0.908,0.908,0.815,-6.75%
7Y,2025-04-10,0.909,0.811,0.935,0.813,12.20%
7Y,2025-04-09,0.81,0.916,0.915,0.809,-11.84%
7Y,2025-04-08,0.919,0.808,0.949,0.809,13.43%
7Y,2025-04-07,0.81,0.848,0.848,0.76,-4.14%
7Y,2025-04-04,0.845,1.025,1.025,0.798,-17.46%
7Y,2025-04-03,1.024,1.16,1.16,1.016,-11.83%
7Y,2025-04-02,1.161,1.176,1.178,1.154,-1.38%
7Y,2025-04-01,1.178,1.18,1.186,1.171,0.00%
7Y,2025-03-31,1.178,1.225,1.225,1.169,-3.88%
7Y,2025-03-28,1.225,1.259,1.259,1.221,-2.58%
7Y,2025-03-27,1.258,1.271,1.271,1.25,-1.18%
7Y,2025-03-26,1.273,1.264,1.274,1.263,0.89%
7Y,2025-03-25,1.261,1.242,1.268,1.244,1.61%
7Y,2025-03-24,1.241,1.205,1.241,1.206,3.01%
7Y,2025-03-21,1.205,1.222,1.222,1.205,-1.33%
7Y,2025-03-19,1.221,1.197,1.222,1.192,1.88%
7Y,2025-03-18,1.199,1.184,1.2,1.185,1.38%
7Y,2025-03-17,1.183,1.186,1.186,1.179,-0.32%
7Y,2025-03-14,1.186,1.211,1.211,1.179,-2.16%
7Y,2025-03-13,1.212,1.188,1.224,1.188,2.42%
7Y,2025-03-12,1.184,1.194,1.194,1.174,-1.25%
7Y,2025-03-11,1.199,1.217,1.217,1.18,-1.74%
7Y,2025-03-10,1.22,1.181,1.235,1.181,3.28%
7Y,2025-03-07,1.181,1.2,1.199,1.181,-1.76%
7Y,2025-03-06,1.202,1.196,1.221,1.196,0.63%
7Y,2025-03-05,1.195,1.144,1.195,1.149,4.60%
7Y,2025-03-04,1.143,1.164,1.164,1.143,-1.93%
7Y,2025-03-03,1.165,1.128,1.179,1.128,3.33%
7Y,2025-02-28,1.128,1.153,1.151,1.119,-2.28%
7Y,2025-02-27,1.154,1.112,1.164,1.114,3.59%
7Y,2025-02-26,1.114,1.099,1.124,1.099,1.49%
7Y,2025-02-25,1.097,1.143,1.143,1.097,-4.05%
7Y,2025-02-24,1.144,1.144,1.144,1.144,0.00%
7Y,2025-02-21,1.144,1.199,1.199,1.144,-4.68%
7Y,2025-02-20,1.2,1.205,1.205,1.184,-0.52%
7Y,2025-02-19,1.206,1.197,1.215,1.192,0.63%
7Y,2025-02-18,1.199,1.18,1.202,1.18,1.70%
7Y,2025-02-17,1.179,1.153,1.179,1.153,2.28%
7Y,2025-02-14,1.153,1.129,1.153,1.129,2.22%
7Y,2025-02-13,1.128,1.156,1.156,1.128,-2.59%
7Y,2025-02-12,1.158,1.105,1.158,1.105,4.99%
7Y,2025-02-11,1.102,1.102,1.102,1.102,0.00%
7Y,2025-02-10,1.102,1.115,1.116,1.102,-1.12%
7Y,2025-02-07,1.115,1.086,1.115,1.086,2.76%
7Y,2025-02-06,1.085,1.074,1.085,1.07,0.93%
7Y,2025-02-05,1.075,1.07,1.08,1.069,0.58%
7Y,2025-02-04,1.069,1.036,1.079,1.036,3.39%
7Y,2025-02-03,1.034,1.045,1.045,1.029,-1.07%
7Y,2025-01-31,1.045,1.021,1.046,1.041,2.57%
7Y,2025-01-30,1.019,1.005,1.026,1.005,1.49%
7Y,2025-01-29,1.004,1.009,1.009,1.0,-0.74%
7Y,2025-01-28,1.011,1.008,1.015,1.004,0.25%
7Y,2025-01-27,1.009,1.04,1.04,0.995,-3.00%
7Y,2025-01-24,1.04,1.02,1.046,1.02,2.08%
7Y,2025-01-23,1.019,1.003,1.019,1.003,1.75%
7Y,2025-01-22,1.001,0.995,1.011,0.995,0.75%
7Y,2025-01-21,0.994,0.991,0.999,0.993,0.38%
7Y,2025-01-20,0.99,0.999,0.999,0.99,-0.88%
7Y,2025-01-17,0.999,1.004,1.004,0.995,-0.62%
7Y,2025-01-16,1.005,1.01,1.009,0.994,-0.62%
7Y,2025-01-15,1.011,1.023,1.039,1.011,-0.98%
7Y,2025-01-14,1.021,1.02,1.025,1.016,0.25%
7Y,2025-01-13,1.019,1.019,1.019,1.019,0.00%
7Y,2025-01-10,1.019,0.978,1.019,0.979,4.49%
7Y,2025-01-09,0.975,0.996,0.996,0.975,-2.38%
7Y,2025-01-08,0.999,0.978,1.008,0.979,2.30%
7Y,2025-01-07,0.976,0.969,0.976,0.969,0.91%
7Y,2025-01-06,0.967,0.928,0.976,0.929,4.31%
7Y,2025-01-03,0.928,0.928,0.928,0.928,0.00%
7Y,2025-01-02,0.928,0.928,0.928,0.928,0.00%
7Y,2025-01-01,0.928,0.928,0.928,0.928,0.00%
