date,tenor,term,value
2018-06-05,1Y,1,0.9997050548904334
2018-06-05,2Y,2,0.9991028874392038
2018-06-05,3Y,3,0.9981115438893681
2018-06-05,4Y,4,0.9967118645371777
2018-06-05,5Y,5,0.9947903160119027
2018-06-05,7Y,7,0.9888670363072379
2018-06-05,10Y,10,0.9740448455490144
2018-06-05,15Y,15,0.9327484391303171
2018-06-05,20Y,20,0.8822732271391265
2018-06-05,25Y,25,0.8321437186712562
2018-06-05,30Y,30,0.7854491840962557
2018-06-06,1Y,1,0.9996850622602973
2018-06-06,2Y,2,0.9990329474249159
2018-06-06,3Y,3,0.997961797181913
2018-06-06,4Y,4,0.996467556300451
2018-06-06,5Y,5,0.9944368412134597
2018-06-06,7Y,7,0.9883220830820798
2018-06-06,10Y,10,0.9733142689239164
2018-06-06,15Y,15,0.9314465076596804
2018-06-06,20Y,20,0.8806554401359755
2018-06-06,25Y,25,0.8301428299911034
2018-06-06,30Y,30,0.7829876868697426
2018-06-07,1Y,1,0.9997000564212589
2018-06-07,2Y,2,0.9990928990681881
2018-06-07,3Y,3,0.9980965705051817
2018-06-07,4Y,4,0.9966544774307978
2018-06-07,5Y,5,0.9946457829277343
2018-06-07,7Y,7,0.9885952135812569
2018-06-07,10Y,10,0.9737185452920624
2018-06-07,15Y,15,0.9324452334515295
2018-06-07,20Y,20,0.8822372857430761
2018-06-07,25Y,25,0.8321712010209498
2018-06-07,30Y,30,0.7854788020079658
2018-06-08,1Y,1,0.9997200494168261
2018-06-08,2Y,2,0.999117863008266
2018-06-08,3Y,3,0.9980965371962558
2018-06-08,4Y,4,0.9966719335914125
2018-06-08,5Y,5,0.9947255074248773
2018-06-08,7Y,7,0.988837505535191
2018-06-08,10Y,10,0.9742099030556486
2018-06-08,15Y,15,0.9331855223427167
2018-06-08,20Y,20,0.8833463580179659
2018-06-08,25Y,25,0.8337250517861332
2018-06-08,30Y,30,0.787484495169295
2018-06-11,1Y,1,0.9997300446303956
2018-06-11,2Y,2,0.9991303501494141
2018-06-11,3Y,3,0.9981015088589535
2018-06-11,4Y,4,0.9966219786162891
2018-06-11,5Y,5,0.9945958850237058
2018-06-11,7Y,7,0.9885197128175163
2018-06-11,10Y,10,0.9735350939076409
2018-06-11,15Y,15,0.9322582057607306
2018-06-11,20Y,20,0.8821387122420483
2018-06-11,25Y,25,0.8321870620325248
2018-06-11,30Y,30,0.7854963360238378
2018-06-12,1Y,1,0.9997150508695685
2018-06-12,2Y,2,0.9991153710580892
2018-06-12,3Y,3,0.9980965366065149
2018-06-12,4Y,4,0.9966220075082736
2018-06-12,5Y,5,0.9945959231273257
2018-06-12,7Y,7,0.9884003859424204
2018-06-12,10Y,10,0.9733254359245546
2018-06-12,15Y,15,0.9318755453132888
2018-06-12,20Y,20,0.8815125144297825
2018-06-12,25Y,25,0.8312406916102824
2018-06-12,30Y,30,0.7842340725165463
2018-06-13,1Y,1,0.9997200494168261
2018-06-13,2Y,2,0.9991328562820131
2018-06-13,3Y,3,0.9981464680920322
2018-06-13,4Y,4,0.9967392363916378
2018-06-13,5Y,5,0.9947702144404776
2018-06-13,7Y,7,0.988717808467907
2018-06-13,10Y,10,0.9738154686656866
2018-06-13,15Y,15,0.9325573638479457
2018-06-13,20Y,20,0.882212961305134
2018-06-13,25Y,25,0.8318339282414331
2018-06-13,30Y,30,0.784670655070673
2018-06-14,1Y,1,0.9997400419435692
2018-06-14,2Y,2,0.9991653216757138
2018-06-14,3Y,3,0.9981913820831535
2018-06-14,4Y,4,0.9967990382236049
2018-06-14,5Y,5,0.994844850771279
2018-06-14,7Y,7,0.9888665154548428
2018-06-14,10Y,10,0.9740439881246798
2018-06-14,15Y,15,0.9327750280406929
2018-06-14,20Y,20,0.8822919660336211
2018-06-14,25Y,25,0.8317863319540859
2018-06-14,30Y,30,0.7843789266692703
2018-06-15,1Y,1,0.999750038431836
2018-06-15,2Y,2,0.9992002974018956
2018-06-15,3Y,3,0.9982912488290174
2018-06-15,4Y,4,0.9969960802861352
2018-06-15,5Y,5,0.9951487239781237
2018-06-15,7Y,7,0.9893624239246556
2018-06-15,10Y,10,0.9748089537617955
2018-06-15,15Y,15,0.9339082234954186
2018-06-15,20Y,20,0.8837404377015039
2018-06-15,25Y,25,0.8335736421750247
2018-06-15,30Y,30,0.7865980166641644
2018-06-18,1Y,1,0.999750038431836
2018-06-18,2Y,2,0.9992002974018956
2018-06-18,3Y,3,0.9982512773757509
2018-06-18,4Y,4,0.996878814892383
2018-06-18,5Y,5,0.9949743360849663
2018-06-18,7Y,7,0.9890906384949125
2018-06-18,10Y,10,0.9744167838488937
2018-06-18,15Y,15,0.9333679233608669
2018-06-18,20Y,20,0.8832199564772515
2018-06-18,25Y,25,0.8331230460431756
2018-06-18,30Y,30,0.7861367449386248
2018-06-19,1Y,1,0.9997750307209226
2018-06-19,2Y,2,0.9992427558051326
2018-06-19,3Y,3,0.9983311601828067
2018-06-19,4Y,4,0.9970609062196296
2018-06-19,5Y,5,0.9952782484891111
2018-06-19,7Y,7,0.9896214514228603
2018-06-19,10Y,10,0.9753002065173152
2018-06-19,15Y,15,0.9349001273694599
2018-06-19,20Y,20,0.8853920812279561
2018-06-19,25Y,25,0.8357937720714669
2018-06-19,30Y,30,0.7893611488390236
2018-06-20,1Y,1,0.9997600350700364
2018-06-20,2Y,2,0.9992202799100052
2018-06-20,3Y,3,0.9983112041103129
2018-06-20,4Y,4,0.9970160125230484
2018-06-20,5Y,5,0.9951885654153123
2018-06-20,7Y,7,0.9895313342426403
2018-06-20,10Y,10,0.9751233973442177
2018-06-20,15Y,15,0.9345073417866532
2018-06-20,20Y,20,0.8848883681477387
2018-06-20,25Y,25,0.8353264503003128
2018-06-20,30Y,30,0.7888814536168847
2018-06-21,1Y,1,0.9997750307209226
2018-06-21,2Y,2,0.9992427558051326
2018-06-21,3Y,3,0.9983211670529132
2018-06-21,4Y,4,0.9970159786617715
2018-06-21,5Y,5,0.9951885200465763
2018-06-21,7Y,7,0.9895312629666485
2018-06-21,10Y,10,0.9751232784680657
2018-06-21,15Y,15,0.9345071373251578
2018-06-21,20Y,20,0.8848273680367499
2018-06-21,25Y,25,0.8351424733120523
2018-06-21,30Y,30,0.788620413677489
2018-06-22,1Y,1,0.9997750307209226
2018-06-22,2Y,2,0.9992577504520981
2018-06-22,3Y,3,0.9983611136757921
2018-06-22,4Y,4,0.9970758373802064
2018-06-22,5Y,5,0.9952781955054971
2018-06-22,7Y,7,0.9896213641385696
2018-06-22,10Y,10,0.9753000607258566
2018-06-22,15Y,15,0.9347601092872787
2018-06-22,20Y,20,0.8851104056479878
2018-06-22,25Y,25,0.8355323548964262
2018-06-22,30Y,30,0.7891161669147264
2018-06-25,1Y,1,0.9998200173542902
2018-06-25,2Y,2,0.9993476858501251
2018-06-25,3Y,3,0.9985058881130632
2018-06-25,4Y,4,0.9972503389282136
2018-06-25,5Y,5,0.9954623139816764
2018-06-25,7Y,7,0.9898799476813402
2018-06-25,10Y,10,0.975612622713991
2018-06-25,15Y,15,0.9352163261600203
2018-06-25,20Y,20,0.8857910953328522
2018-06-25,25Y,25,0.8363986627861855
2018-06-25,30Y,30,0.7901021684034188
2018-06-26,1Y,1,0.9997900258842721
2018-06-26,2Y,2,0.9992802304314737
2018-06-26,3Y,3,0.9983610789255084
2018-06-26,4Y,4,0.9970558566776999
2018-06-26,5Y,5,0.9952981603083112
2018-06-26,7Y,7,0.9896948806165655
2018-06-26,10Y,10,0.9753982152825269
2018-06-26,15Y,15,0.9349305004220947
2018-06-26,20Y,20,0.8853123641444629
2018-06-26,25Y,25,0.8356046871967547
2018-06-26,30Y,30,0.7890946882382056
2018-06-27,1Y,1,0.9998000231222387
2018-06-27,2Y,2,0.9992927173391454
2018-06-27,3Y,3,0.9983960410550062
2018-06-27,4Y,4,0.9971157011069444
2018-06-27,5Y,5,0.9953279453303364
2018-06-27,7Y,7,0.9896946659778387
2018-06-27,10Y,10,0.9753978552063972
2018-06-27,15Y,15,0.9350696554601756
2018-06-27,20Y,20,0.8857752162213877
2018-06-27,25Y,25,0.836416210689742
2018-06-27,30Y,30,0.7901211127611477
2018-06-28,1Y,1,0.9998300157358443
2018-06-28,2Y,2,0.9993601714539847
2018-06-28,3Y,3,0.9984808903946426
2018-06-28,4Y,4,0.9971779538919889
2018-06-28,5Y,5,0.9953776026290437
2018-06-28,7Y,7,0.989769810808595
2018-06-28,10Y,10,0.975528256818256
2018-06-28,15Y,15,0.935480350516973
2018-06-28,20Y,20,0.8862728673742969
2018-06-28,25Y,25,0.8370272576277006
2018-06-28,30Y,30,0.7911397602732146
2018-06-29,1Y,1,0.9998350143141174
2018-06-29,2Y,2,0.9993626680115771
2018-06-29,3Y,3,0.9985108711644364
2018-06-29,4Y,4,0.9972627973828171
2018-06-29,5Y,5,0.9954722352923568
2018-06-29,7Y,7,0.9897843240726184
2018-06-29,10Y,10,0.97559348273855
2018-06-29,15Y,15,0.9354649437198121
2018-06-29,20Y,20,0.8862755890551931
2018-06-29,25Y,25,0.8368817824062587
2018-06-29,30Y,30,0.7905990777998694
2018-07-02,1Y,1,0.9998500115613664
2018-07-02,2Y,2,0.9994076431607979
2018-07-02,3Y,3,0.9986057584416396
2018-07-02,4Y,4,0.9974149663370465
2018-07-02,5Y,5,0.9957014757516425
2018-07-02,7Y,7,0.9903007717045781
2018-07-02,10Y,10,0.976373078568396
2018-07-02,15Y,15,0.9366718739427884
2018-07-02,20Y,20,0.8878534441859485
2018-07-02,25Y,25,0.8389032032309325
2018-07-02,30Y,30,0.7930886960565195
2018-07-03,1Y,1,0.9998550103208415
2018-07-03,2Y,2,0.999410139983259
2018-07-03,3Y,3,0.9985857647907463
2018-07-03,4Y,4,0.9973625525492645
2018-07-03,5Y,5,0.9956266939987389
2018-07-03,7Y,7,0.9901169383918522
2018-07-03,10Y,10,0.9761306994794007
2018-07-03,15Y,15,0.9361591021480585
2018-07-03,20Y,20,0.8871890967358055
2018-07-03,25Y,25,0.8381004664143237
2018-07-03,30Y,30,0.7923624532111879
2018-07-04,1Y,1,0.9998550103208415
2018-07-04,2Y,2,0.9994026417469947
2018-07-04,3Y,3,0.9985907745399512
2018-07-04,4Y,4,0.9974074917994995
2018-07-04,5Y,5,0.9956865097882647
2018-07-04,7Y,7,0.9901903972120973
2018-07-04,10Y,10,0.9762749859019648
2018-07-04,15Y,15,0.9365014904417549
2018-07-04,20Y,20,0.8877120775419475
2018-07-04,25Y,25,0.8391569923891207
2018-07-04,30Y,30,0.7939098023368577
2018-07-05,1Y,1,0.9998850073182352
2018-07-05,2Y,2,0.999552580531291
2018-07-05,3Y,3,0.9988004805711225
2018-07-05,4Y,4,0.9975345265122202
2018-07-05,5Y,5,0.9957908883167294
2018-07-05,7Y,7,0.9903884387253146
2018-07-05,10Y,10,0.9764832322425214
2018-07-05,15Y,15,0.9372460287554542
2018-07-05,20Y,20,0.8891418713114468
2018-07-05,25Y,25,0.8412494667038668
2018-07-05,30Y,30,0.7967219614733957
2018-07-06,1Y,1,0.9998600096990718
2018-07-06,2Y,2,0.9994276307905076
2018-07-06,3Y,3,0.9986357175788402
2018-07-06,4Y,4,0.997479850957266
2018-07-06,5Y,5,0.9958311057558196
2018-07-06,7Y,7,0.9905840157499725
2018-07-06,10Y,10,0.9768781779164872
2018-07-06,15Y,15,0.9378200222663617
2018-07-06,20Y,20,0.8899349792439238
2018-07-06,25Y,25,0.8423049671629158
2018-07-06,30Y,30,0.7979778650491374
2018-07-09,1Y,1,0.9999250017748003
2018-07-09,2Y,2,0.999602553871548
2018-07-09,3Y,3,0.99893038797517
2018-07-09,4Y,4,0.997854042784583
2018-07-09,5Y,5,0.9961595838850621
2018-07-09,7Y,7,0.9909786127641125
2018-07-09,10Y,10,0.9776443471292589
2018-07-09,15Y,15,0.939069342996781
2018-07-09,20Y,20,0.8917154073960334
2018-07-09,25Y,25,0.8446295083241053
2018-07-09,30Y,30,0.8007352481896205
2018-07-10,1Y,1,0.9998600096990718
2018-07-10,2Y,2,0.9994201324668068
2018-07-10,3Y,3,0.9986107414973238
2018-07-10,4Y,4,0.9974149492498549
2018-07-10,5Y,5,0.9956864686764312
2018-07-10,7Y,7,0.9901903280965415
2018-07-10,10Y,10,0.9762881748968956
2018-07-10,15Y,15,0.9371031882554716
2018-07-10,20Y,20,0.8892459303588555
2018-07-10,25Y,25,0.8417779106025761
2018-07-10,30Y,30,0.7978044011866086
2018-07-11,1Y,1,0.999820018729237
2018-07-11,2Y,2,0.9993701741046018
2018-07-11,3Y,3,0.998550835036142
2018-07-11,4Y,4,0.9973101960146019
2018-07-11,5Y,5,0.9955520149425011
2018-07-11,7Y,7,0.9900416961723911
2018-07-11,10Y,10,0.9759803774769756
2018-07-11,15Y,15,0.9364935725718205
2018-07-11,20Y,20,0.8883167408156671
2018-07-11,25Y,25,0.8403577857461946
2018-07-11,30Y,30,0.7957563022130569
2018-07-12,1Y,1,0.9998300157358443
2018-07-12,2Y,2,0.9993676694003174
2018-07-12,3Y,3,0.9985458433126528
2018-07-12,4Y,4,0.9973476549594635
2018-07-12,5Y,5,0.9956417803176932
2018-07-12,7Y,7,0.990190703613453
2018-07-12,10Y,10,0.9762755110999473
2018-07-12,15Y,15,0.9368940178881784
2018-07-12,20Y,20,0.8887815265321323
2018-07-12,25Y,25,0.8409666244671269
2018-07-12,30Y,30,0.7965030654467867
2018-07-13,1Y,1,0.9998300157358443
2018-07-13,2Y,2,0.9993751673170654
2018-07-13,3Y,3,0.9985508281114134
2018-07-13,4Y,4,0.9973226755896225
2018-07-13,5Y,5,0.9955769255070477
2018-07-13,7Y,7,0.990041606638773
2018-07-13,10Y,10,0.9759009818373133
2018-07-13,15Y,15,0.9363534163747971
2018-07-13,20Y,20,0.8881312826121162
2018-07-13,25Y,25,0.8401393290761486
2018-07-13,30Y,30,0.7955073206532545
2018-07-16,1Y,1,0.9998950050277196
2018-07-16,2Y,2,0.9994675915556768
2018-07-16,3Y,3,0.9985707068464912
2018-07-16,4Y,4,0.9972576512121352
2018-07-16,5Y,5,0.995462074893805
2018-07-16,7Y,7,0.9898795606915273
2018-07-16,10Y,10,0.9756385758195064
2018-07-16,15Y,15,0.935970731659369
2018-07-16,20Y,20,0.88756324722851
2018-07-16,25Y,25,0.8394877162400134
2018-07-16,30Y,30,0.7947645680410571
2018-07-17,1Y,1,0.9998300157358443
2018-07-17,2Y,2,0.9993676694003174
2018-07-17,3Y,3,0.998525853905381
2018-07-17,4Y,4,0.997282759966763
2018-07-17,5Y,5,0.995497139440536
2018-07-17,7Y,7,0.9901031624434359
2018-07-17,10Y,10,0.9757819826844115
2018-07-17,15Y,15,0.9362329472416782
2018-07-17,20Y,20,0.8880907255596002
2018-07-17,25Y,25,0.8401449392164827
2018-07-17,30Y,30,0.7955135853367984
2018-07-18,1Y,1,0.9998050221630527
2018-07-18,2Y,2,0.9993326989144155
2018-07-18,3Y,3,0.9984909202972996
2018-07-18,4Y,4,0.9972428873771149
2018-07-18,5Y,5,0.9954623605093559
2018-07-18,7Y,7,0.9897844852977016
2018-07-18,10Y,10,0.9754094551457977
2018-07-18,15Y,15,0.9356400276803591
2018-07-18,20Y,20,0.8871610288476972
2018-07-18,25Y,25,0.8388737557430304
2018-07-18,30Y,30,0.7940124264629913
2018-07-19,1Y,1,0.9998250178668895
2018-07-19,2Y,2,0.9993801660154138
2018-07-19,3Y,3,0.9985858052640803
2018-07-19,4Y,4,0.9974325088789225
2018-07-19,5Y,5,0.9957364121231155
2018-07-19,7Y,7,0.9901903474621334
2018-07-19,10Y,10,0.9761823328035203
2018-07-19,15Y,15,0.9366269445964532
2018-07-19,20Y,20,0.8884349758670512
2018-07-19,25Y,25,0.8403130146350367
2018-07-19,30Y,30,0.7954656011626757
2018-07-20,1Y,1,0.9998250178668895
2018-07-20,2Y,2,0.9992676935523817
2018-07-20,3Y,3,0.9980813029833248
2018-07-20,4Y,4,0.9963248232812978
2018-07-20,5Y,5,0.9940325816008936
2018-07-20,7Y,7,0.9879273734477984
2018-07-20,10Y,10,0.9715144163986558
2018-07-20,15Y,15,0.9299078208411534
2018-07-20,20Y,20,0.8793432289837319
2018-07-20,25Y,25,0.8290842334438422
2018-07-20,30Y,30,0.7823929619525121
2018-07-23,1Y,1,0.999755036285379
2018-07-23,2Y,2,0.9991578105611288
2018-07-23,3Y,3,0.9980814853729411
2018-07-23,4Y,4,0.9965246227888347
2018-07-23,5Y,5,0.9943266055970227
2018-07-23,7Y,7,0.9873584167144647
2018-07-23,10Y,10,0.9710081105933274
2018-07-23,15Y,15,0.9271347557757571
2018-07-23,20Y,20,0.8728184556410538
2018-07-23,25Y,25,0.8202492745736858
2018-07-23,30Y,30,0.7708251209563662
2018-07-24,1Y,1,0.9998000238659274
2018-07-24,2Y,2,0.9993152073374856
2018-07-24,3Y,3,0.9984209901031451
2018-07-24,4Y,4,0.9970232476847187
2018-07-24,5Y,5,0.9949337920258684
2018-07-24,7Y,7,0.9881846442557545
2018-07-24,10Y,10,0.9714483329446261
2018-07-24,15Y,15,0.9263016203601648
2018-07-24,20Y,20,0.8706289981870762
2018-07-24,25Y,25,0.8156890810928573
2018-07-24,30Y,30,0.7641563961158173
2018-07-25,1Y,1,0.9998100219225432
2018-07-25,2Y,2,0.9993501854107301
2018-07-25,3Y,3,0.998480904876721
2018-07-25,4Y,4,0.9971280178330227
2018-07-25,5Y,5,0.99511315273987
2018-07-25,7Y,7,0.9884821284979067
2018-07-25,10Y,10,0.9719434376541468
2018-07-25,15Y,15,0.9276108728323182
2018-07-25,20Y,20,0.8741231959321806
2018-07-25,25Y,25,0.8208703656390772
2018-07-25,30Y,30,0.771190358253921
2018-07-26,1Y,1,0.9997800296024102
2018-07-26,2Y,2,0.9992677408822488
2018-07-26,3Y,3,0.9983461102024728
2018-07-26,4Y,4,0.9969235232986439
2018-07-26,5Y,5,0.9947794110376434
2018-07-26,7Y,7,0.987767831849116
2018-07-26,10Y,10,0.9707739238276598
2018-07-26,15Y,15,0.9252453803966352
2018-07-26,20Y,20,0.8699243413775506
2018-07-26,25Y,25,0.8159673315687386
2018-07-26,30Y,30,0.7655957235565768
2018-07-27,1Y,1,0.9997600350700364
2018-07-27,2Y,2,0.9992202799100052
2018-07-27,3Y,3,0.99823125672405
2018-07-27,4Y,4,0.9966690970501306
2018-07-27,5Y,5,0.9943909587289377
2018-07-27,7Y,7,0.9871385909946088
2018-07-27,10Y,10,0.970201129225638
2018-07-27,15Y,15,0.9222270749036046
2018-07-27,20Y,20,0.8670011536568177
2018-07-27,25Y,25,0.8119297708979974
2018-07-27,30Y,30,0.7607469714814094
2018-07-30,1Y,1,0.9997500375194595
2018-07-30,2Y,2,0.9991553186286846
2018-07-30,3Y,3,0.9980614980547785
2018-07-30,4Y,4,0.9963973474657897
2018-07-30,5Y,5,0.9940725472454894
2018-07-30,7Y,7,0.986519355279443
2018-07-30,10Y,10,0.9696754695414878
2018-07-30,15Y,15,0.9213917331478113
2018-07-30,20Y,20,0.8642942925043748
2018-07-30,25Y,25,0.8073018205824588
2018-07-30,30Y,30,0.755578748593389
2018-07-31,1Y,1,0.9997850269215539
2018-07-31,2Y,2,0.9992402501712269
2018-07-31,3Y,3,0.998256215955379
2018-07-31,4Y,4,0.9967713838212778
2018-07-31,5Y,5,0.9946101962035677
2018-07-31,7Y,7,0.987788851721618
2018-07-31,10Y,10,0.9709666234731231
2018-07-31,15Y,15,0.926395746981216
2018-07-31,20Y,20,0.8730782079180075
2018-07-31,25Y,25,0.8202863623781022
2018-07-31,30Y,30,0.7713695569489782
2018-08-01,1Y,1,0.9997000520219311
2018-08-01,2Y,2,0.9989579799020392
2018-08-01,3Y,3,0.9975773035987391
2018-08-01,4Y,4,0.9954726067509168
2018-08-01,5Y,5,0.9925846852394264
2018-08-01,7Y,7,0.9841162408559442
2018-08-01,10Y,10,0.9646705051098898
2018-08-01,15Y,15,0.9198014198521557
2018-08-01,20Y,20,0.8644098960737837
2018-08-01,25Y,25,0.8073381606896486
2018-08-01,30Y,30,0.7559094804633077
2018-08-02,1Y,1,0.9997100491540237
2018-08-02,2Y,2,0.9989779532061132
2018-08-02,3Y,3,0.9976771808770588
2018-08-02,4Y,4,0.9957767801925347
2018-08-02,5Y,5,0.9930872051495613
2018-08-02,7Y,7,0.9849072158110068
2018-08-02,10Y,10,0.9661792330523435
2018-08-02,15Y,15,0.9200079130145355
2018-08-02,20Y,20,0.8638519657691441
2018-08-02,25Y,25,0.807953243284991
2018-08-02,30Y,30,0.7571351709633121
2018-08-03,1Y,1,0.9997350413341259
2018-08-03,2Y,2,0.9990953649573723
2018-08-03,3Y,3,0.9979466991375335
2018-08-03,4Y,4,0.9961754328476776
2018-08-03,5Y,5,0.9936293312329681
2018-08-03,7Y,7,0.9860007140507259
2018-08-03,10Y,10,0.9679942126293534
2018-08-03,15Y,15,0.9209573084826436
2018-08-03,20Y,20,0.8655214343587941
2018-08-03,25Y,25,0.8111089327249703
2018-08-03,30Y,30,0.7607533395648161
2018-08-06,1Y,1,0.9997350413341259
2018-08-06,2Y,2,0.9990878681509158
2018-08-06,3Y,3,0.9979617047878453
2018-08-06,4Y,4,0.9962777421124931
2018-08-06,5Y,5,0.9938185829680151
2018-08-06,7Y,7,0.9862719314706261
2018-08-06,10Y,10,0.9683906010924455
2018-08-06,15Y,15,0.9214813266303361
2018-08-06,20Y,20,0.8661894264849317
2018-08-06,25Y,25,0.8116973434819195
2018-08-06,30Y,30,0.7611839200042443
2018-08-07,1Y,1,0.9997400390751835
2018-08-07,2Y,2,0.9990903632131942
2018-08-07,3Y,3,0.9978417879037743
2018-08-07,4Y,4,0.9959136145911469
2018-08-07,5Y,5,0.993256061862943
2018-08-07,7Y,7,0.9853573893525723
2018-08-07,10Y,10,0.9667423902339727
2018-08-07,15Y,15,0.9185978693789771
2018-08-07,20Y,20,0.8623115689657709
2018-08-07,25Y,25,0.8071257562598098
2018-08-07,30Y,30,0.7559402249112129
2018-08-08,1Y,1,0.9997400390751835
2018-08-08,2Y,2,0.9990828663387841
2018-08-08,3Y,3,0.9978767833462201
2018-08-08,4Y,4,0.9960433056141359
2018-08-08,5Y,5,0.9934252298574067
2018-08-08,7Y,7,0.9854943869471929
2018-08-08,10Y,10,0.9669499487487263
2018-08-08,15Y,15,0.9189737980343018
2018-08-08,20Y,20,0.862380429036065
2018-08-08,25Y,25,0.8068441660489851
2018-08-08,30Y,30,0.7556559242397383
2018-08-09,1Y,1,0.9997350403435992
2018-08-09,2Y,2,0.9990578846418557
2018-08-09,3Y,3,0.9978318727707367
2018-08-09,4Y,4,0.9960084807740326
2018-08-09,5Y,5,0.9934154187946587
2018-08-09,7Y,7,0.9855205331778302
2018-08-09,10Y,10,0.9670749065356431
2018-08-09,15Y,15,0.9195320301721436
2018-08-09,20Y,20,0.8635351191593568
2018-08-09,25Y,25,0.80853986195686
2018-08-09,30Y,30,0.7576177296896579
2018-08-10,1Y,1,0.9997550353823588
2018-08-10,2Y,2,0.9991278255639212
2018-08-10,3Y,3,0.998011596776835
2018-08-10,4Y,4,0.9963874539036518
2018-08-10,5Y,5,0.9940376629352164
2018-08-10,7Y,7,0.9866183852731233
2018-08-10,10Y,10,0.9689838259788819
2018-08-10,15Y,15,0.9225718411306711
2018-08-10,20Y,20,0.8673336830645095
2018-08-10,25Y,25,0.8128739923438447
2018-08-10,30Y,30,0.7623302667854421
2018-08-13,1Y,1,0.9997400400438333
2018-08-13,2Y,2,0.9990978563923926
2018-08-13,3Y,3,0.9979766768324764
2018-08-13,4Y,4,0.9963351238746957
2018-08-13,5Y,5,0.9939181362754902
2018-08-13,7Y,7,0.986466260707283
2018-08-13,10Y,10,0.9689007707871294
2018-08-13,15Y,15,0.9227249057501216
2018-08-13,20Y,20,0.8676740543118564
2018-08-13,25Y,25,0.8134579763336406
2018-08-13,30Y,30,0.7633573751169929
2018-08-14,1Y,1,0.9997300436430365
2018-08-14,2Y,2,0.9990628826253798
2018-08-14,3Y,3,0.9978368618676488
2018-08-14,4Y,4,0.9960209619164576
2018-08-14,5Y,5,0.9934852213498889
2018-08-14,7Y,7,0.9857773390547302
2018-08-14,10Y,10,0.9678009548941627
2018-08-14,15Y,15,0.9207343076922705
2018-08-14,20Y,20,0.8649653603538315
2018-08-14,25Y,25,0.8098973470824606
2018-08-14,30Y,30,0.75873255903819
2018-08-15,1Y,1,0.9997100533783436
2018-08-15,2Y,2,0.9990828897346651
2018-08-15,3Y,3,0.9979767004272738
2018-08-15,4Y,4,0.9963226916927791
2018-08-15,5Y,5,0.9939232325138055
2018-08-15,7Y,7,0.9865159136720589
2018-08-15,10Y,10,0.9688607453208818
2018-08-15,15Y,15,0.9219606547008887
2018-08-15,20Y,20,0.8661433057248429
2018-08-15,25Y,25,0.8108991383154548
2018-08-15,30Y,30,0.7595813080269216
2018-08-16,1Y,1,0.9997050559370829
2018-08-16,2Y,2,0.9990803947462077
2018-08-16,3Y,3,0.9978967651985917
2018-08-16,4Y,4,0.9960632963657645
2018-08-16,5Y,5,0.9935399612335714
2018-08-16,7Y,7,0.9860104318943819
2018-08-16,10Y,10,0.9681323542328697
2018-08-16,15Y,15,0.9208850644454134
2018-08-16,20Y,20,0.8647588898470756
2018-08-16,25Y,25,0.809402952958962
2018-08-16,30Y,30,0.7579424545191882
2018-08-17,1Y,1,0.9997150518849902
2018-08-17,2Y,2,0.9991153678299186
2018-08-17,3Y,3,0.9980365876579246
2018-08-17,4Y,4,0.9963774725285893
2018-08-17,5Y,5,0.9939878729056458
2018-08-17,7Y,7,0.9866037638284458
2018-08-17,10Y,10,0.9688654427731059
2018-08-17,15Y,15,0.9216422274269801
2018-08-17,20Y,20,0.8655425869238481
2018-08-17,25Y,25,0.8101363728315141
2018-08-17,30Y,30,0.7585886523372587
2018-08-20,1Y,1,0.9997400419435692
2018-08-20,2Y,2,0.9991503278397694
2018-08-20,3Y,3,0.9980814934168848
2018-08-20,4Y,4,0.9964497350501651
2018-08-20,5Y,5,0.9941173047918643
2018-08-20,7Y,7,0.9869010449038939
2018-08-20,10Y,10,0.9693541865962021
2018-08-20,15Y,15,0.9223184814301514
2018-08-20,20Y,20,0.8662317259055723
2018-08-20,25Y,25,0.8108541055333883
2018-08-20,30Y,30,0.7595329105928204
2018-08-21,1Y,1,0.9997450406282622
2018-08-21,2Y,2,0.9991678138657331
2018-08-21,3Y,3,0.9980115035390453
2018-08-21,4Y,4,0.9961902840639738
2018-08-21,5Y,5,0.9937339062903295
2018-08-21,7Y,7,0.9864519494220927
2018-08-21,10Y,10,0.968986911151594
2018-08-21,15Y,15,0.9224659102778487
2018-08-21,20Y,20,0.8670224082975019
2018-08-21,25Y,25,0.8123036214225641
2018-08-21,30Y,30,0.7615845211439166
2018-08-22,1Y,1,0.9997300465675517
2018-08-22,2Y,2,0.9991453371256489
2018-08-22,3Y,3,0.9980215431473349
2018-08-22,4Y,4,0.9962551732345836
2018-08-22,5Y,5,0.9938036023632325
2018-08-22,7Y,7,0.9864665382817203
2018-08-22,10Y,10,0.9687167126768589
2018-08-22,15Y,15,0.9218095776221438
2018-08-22,20Y,20,0.8658787802687182
2018-08-22,25Y,25,0.8106511741204311
2018-08-22,30Y,30,0.7593521157283071
2018-08-23,1Y,1,0.9997350451710202
2018-08-23,2Y,2,0.9991628229625916
2018-08-23,3Y,3,0.998101456483129
2018-08-23,4Y,4,0.99645718982361
2018-08-23,5Y,5,0.9941172669094787
2018-08-23,7Y,7,0.9869009819135519
2018-08-23,10Y,10,0.9694463804153526
2018-08-23,15Y,15,0.9228045489988549
2018-08-23,20Y,20,0.8672103713199923
2018-08-23,25Y,25,0.8121568542041511
2018-08-23,30Y,30,0.7610020336843576
2018-08-24,1Y,1,0.9997250489544933
2018-08-24,2Y,2,0.9991503386143631
2018-08-24,3Y,3,0.9980964797464489
2018-08-24,4Y,4,0.9964572132209841
2018-08-24,5Y,5,0.9941172991463216
2018-08-24,7Y,7,0.9869010338053019
2018-08-24,10Y,10,0.9693807409904115
2018-08-24,15Y,15,0.9228469124956051
2018-08-24,20Y,20,0.8674076988606384
2018-08-24,25Y,25,0.8126309219027377
2018-08-24,30Y,30,0.7617716813344476
2018-08-27,1Y,1,0.9997300475173505
2018-08-27,2Y,2,0.9991678244442029
2018-08-27,3Y,3,0.998106440333643
2018-08-27,4Y,4,0.9965695662151034
2018-08-27,5Y,5,0.9944911249369114
2018-08-27,7Y,7,0.9876408659676319
2018-08-27,10Y,10,0.970581545153726
2018-08-27,15Y,15,0.924985511576603
2018-08-27,20Y,20,0.8703058879988477
2018-08-27,25Y,25,0.8162770449233806
2018-08-27,30Y,30,0.7661277024405077
2018-08-28,1Y,1,0.9997250489544933
2018-08-28,2Y,2,0.9991428417966363
2018-08-28,3Y,3,0.998051528032095
2018-08-28,4Y,4,0.9963649524243909
2018-08-28,5Y,5,0.9939928495287724
2018-08-28,7Y,7,0.9867030635165908
2018-08-28,10Y,10,0.9691995980909628
2018-08-28,15Y,15,0.922719612265785
2018-08-28,20Y,20,0.8672916133404351
2018-08-28,25Y,25,0.8126083062079957
2018-08-28,30Y,30,0.7617961845994545
2018-08-29,1Y,1,0.9997150518849902
2018-08-29,2Y,2,0.9991153678299186
2018-08-29,3Y,3,0.998026594905788
2018-08-29,4Y,4,0.996345043897876
2018-08-29,5Y,5,0.9939231064935705
2018-08-29,7Y,7,0.9865396227291992
2018-08-29,10Y,10,0.9688928688210583
2018-08-29,15Y,15,0.9221158931323802
2018-08-29,20Y,20,0.8663175878169186
2018-08-29,25Y,25,0.8111110025228535
2018-08-29,30Y,30,0.7598204448644922
2018-08-30,1Y,1,0.9997000574897831
2018-08-30,2Y,2,0.999055413863643
2018-08-30,3Y,3,0.9979217999768708
2018-08-30,4Y,4,0.9962429521502647
2018-08-30,5Y,5,0.9938387371594714
2018-08-30,7Y,7,0.9864409874805126
2018-08-30,10Y,10,0.9686191608111429
2018-08-30,15Y,15,0.9216690513829072
2018-08-30,20Y,20,0.8657011561425617
2018-08-30,25Y,25,0.8104418651998916
2018-08-30,30Y,30,0.7591157213594114
2018-08-31,1Y,1,0.9996950590612191
2018-08-31,2Y,2,0.9990454262507469
2018-08-31,3Y,3,0.9978968368810339
2018-08-31,4Y,4,0.9961531507376853
2018-08-31,5Y,5,0.9936744378936847
2018-08-31,7Y,7,0.9861239100649128
2018-08-31,10Y,10,0.9681308459685425
2018-08-31,15Y,15,0.9209105761939257
2018-08-31,20Y,20,0.8648963220550004
2018-08-31,25Y,25,0.8096195717528154
2018-08-31,30Y,30,0.7581867904686761
2018-09-03,1Y,1,0.9996850622602973
2018-09-03,2Y,2,0.9990104589221376
2018-09-03,3Y,3,0.9978069814271162
2018-09-03,4Y,4,0.9959636851061281
2018-09-03,5Y,5,0.9933558842961911
2018-09-03,7Y,7,0.9855796723656941
2018-09-03,10Y,10,0.9674430368907689
2018-09-03,15Y,15,0.920078089153382
2018-09-03,20Y,20,0.8638355040515673
2018-09-03,25Y,25,0.8084422663154912
2018-09-03,30Y,30,0.7570406456438158
2018-09-04,1Y,1,0.9996950590612191
2018-09-04,2Y,2,0.9990304334179836
2018-09-04,3Y,3,0.997786961828278
2018-09-04,4Y,4,0.9958788704406867
2018-09-04,5Y,5,0.9932314170692599
2018-09-04,7Y,7,0.9854164904597068
2018-09-04,10Y,10,0.9671696482190048
2018-09-04,15Y,15,0.9197987634814063
2018-09-04,20Y,20,0.8636377930091371
2018-09-04,25Y,25,0.8082490176967622
2018-09-04,30Y,30,0.756821522129802
2018-09-05,1Y,1,0.9997100533783436
2018-09-05,2Y,2,0.9990678964756278
2018-09-05,3Y,3,0.9978768137619979
2018-09-05,4Y,4,0.9960683211616255
2018-09-05,5Y,5,0.9935349632179268
2018-09-05,7Y,7,0.9859370442499542
2018-09-05,10Y,10,0.968041792363703
2018-09-05,15Y,15,0.9213235797824225
2018-09-05,20Y,20,0.865672868363004
2018-09-05,25Y,25,0.8108121610153445
2018-09-05,30Y,30,0.7599491587779851
2018-09-06,1Y,1,0.9997150518849902
2018-09-06,2Y,2,0.9991003745144809
2018-09-06,3Y,3,0.9980066442762742
2018-09-06,4Y,4,0.9963625586808886
2018-09-06,5Y,5,0.9939879402844471
2018-09-06,7Y,7,0.9866884462172731
2018-09-06,10Y,10,0.9692133364887026
2018-09-06,15Y,15,0.9232901005212611
2018-09-06,20Y,20,0.8684845891870944
2018-09-06,25Y,25,0.8141331204771342
2018-09-06,30Y,30,0.7635164959544751
2018-09-07,1Y,1,0.9997150518849902
2018-09-07,2Y,2,0.9990853810806468
2018-09-07,3Y,3,0.9979367328044719
2018-09-07,4Y,4,0.9961804828984046
2018-09-07,5Y,5,0.9936842319095032
2018-09-07,7Y,7,0.986149546548133
2018-09-07,10Y,10,0.9684262566331562
2018-09-07,15Y,15,0.9222303954418792
2018-09-07,20Y,20,0.8671833908171861
2018-09-07,25Y,25,0.8126722373371946
2018-09-07,30Y,30,0.7618647575224431
2018-09-10,1Y,1,0.9997100533783436
2018-09-10,2Y,2,0.9990753931199472
2018-09-10,3Y,3,0.997901776016355
2018-09-10,4Y,4,0.9961206832804466
2018-09-10,5Y,5,0.9936545147343585
2018-09-10,7Y,7,0.9862084623023402
2018-09-10,10Y,10,0.9684456438414526
2018-09-10,15Y,15,0.9222338695618801
2018-09-10,20Y,20,0.8671812381833015
2018-09-10,25Y,25,0.812671715499853
2018-09-10,30Y,30,0.761864210476268
2018-09-11,1Y,1,0.9997200494168261
2018-09-11,2Y,2,0.9990878761056057
2018-09-11,3Y,3,0.9979267354889282
2018-09-11,4Y,4,0.996160536302994
2018-09-11,5Y,5,0.9936743081691389
2018-09-11,7Y,7,0.9862082525411793
2018-09-11,10Y,10,0.9685109954865487
2018-09-11,15Y,15,0.9224968683533192
2018-09-11,20Y,20,0.8679205529429924
2018-09-11,25Y,25,0.813793079377079
2018-09-11,30Y,30,0.7633647295717515
2018-09-12,1Y,1,0.9997100533783436
2018-09-12,2Y,2,0.9990828897346651
2018-09-12,3Y,3,0.9979467236933568
2018-09-12,4Y,4,0.9962254126202944
2018-09-12,5Y,5,0.9937888497692157
2018-09-12,7Y,7,0.9863914721133775
2018-09-12,10Y,10,0.9687251042718142
2018-09-12,15Y,15,0.9227530527244054
2018-09-12,20Y,20,0.86807255756219
2018-09-12,25Y,25,0.8138098214572284
2018-09-12,30Y,30,0.7633337309676551
2018-09-13,1Y,1,0.9997100533783436
2018-09-13,2Y,2,0.9990828897346651
2018-09-13,3Y,3,0.9979467236933568
2018-09-13,4Y,4,0.9962129271588849
2018-09-13,5Y,5,0.9937489818642243
2018-09-13,7Y,7,0.9862834029853895
2018-09-13,10Y,10,0.9686215431670796
2018-09-13,15Y,15,0.9226508227523378
2018-09-13,20Y,20,0.8678171468346095
2018-09-13,25Y,25,0.8133475442830909
2018-09-13,30Y,30,0.7625765429008432
2018-09-14,1Y,1,0.9997050548904334
2018-09-14,2Y,2,0.9990429155758039
2018-09-14,3Y,3,0.9978319038687288
2018-09-14,4Y,4,0.9960210110946021
2018-09-14,5Y,5,0.993485287379827
2018-09-14,7Y,7,0.9856840893884307
2018-09-14,10Y,10,0.9675721633759595
2018-09-14,15Y,15,0.9208170937024573
2018-09-14,20Y,20,0.8653983164847103
2018-09-14,25Y,25,0.8105673098997526
2018-09-14,30Y,30,0.759486990482244
2018-09-17,1Y,1,0.9997050548904334
2018-09-17,2Y,2,0.9990354189596701
2018-09-17,3Y,3,0.997776966526807
2018-09-17,4Y,4,0.9958713922311787
2018-09-17,5Y,5,0.9932314178924991
2018-09-17,7Y,7,0.9853578746467319
2018-09-17,10Y,10,0.9670851070416159
2018-09-17,15Y,15,0.9201156713281946
2018-09-17,20Y,20,0.864511579456502
2018-09-17,25Y,25,0.80952214534108
2018-09-17,30Y,30,0.758306428025694
2018-09-18,1Y,1,0.9996950590612191
2018-09-18,2Y,2,0.9990004473971873
2018-09-18,3Y,3,0.9976971147460963
2018-09-18,4Y,4,0.9957393308647448
2018-09-18,5Y,5,0.9930574031037339
2018-09-18,7Y,7,0.9851019309053827
2018-09-18,10Y,10,0.9665973411534322
2018-09-18,15Y,15,0.9193853457192551
2018-09-18,20Y,20,0.8634834632941256
2018-09-18,25Y,25,0.8082563598520408
2018-09-18,30Y,30,0.756877793713686
2018-09-19,1Y,1,0.9996850622602973
2018-09-19,2Y,2,0.9989804738373175
2018-09-19,3Y,3,0.9976671766316381
2018-09-19,4Y,4,0.995662055499954
2018-09-19,5Y,5,0.9929031267956632
2018-09-19,7Y,7,0.9848289462424802
2018-09-19,10Y,10,0.9661944671236021
2018-09-19,15Y,15,0.9187001422268931
2018-09-19,20Y,20,0.8627381949300353
2018-09-19,25Y,25,0.8074285333567581
2018-09-19,30Y,30,0.755943082701355
2018-09-20,1Y,1,0.9996950590612191
2018-09-20,2Y,2,0.9990154404668017
2018-09-20,3Y,3,0.9977570257295753
2018-09-20,4Y,4,0.9958639685855647
2018-09-20,5Y,5,0.9932165211631183
2018-09-20,7Y,7,0.9853432288282283
2018-09-20,10Y,10,0.9670722223505259
2018-09-20,15Y,15,0.9198800961675547
2018-09-20,20Y,20,0.863913923254963
2018-09-20,25Y,25,0.8086501143539981
2018-09-20,30Y,30,0.7573235289461627
2018-09-21,1Y,1,0.999670068386676
2018-09-21,2Y,2,0.9989580063005744
2018-09-21,3Y,3,0.9976572281564268
2018-09-21,4Y,4,0.9956621045478649
2018-09-21,5Y,5,0.9929031936897463
2018-09-21,7Y,7,0.9847445561820465
2018-09-21,10Y,10,0.9658085377285534
2018-09-21,15Y,15,0.9173769389778819
2018-09-21,20Y,20,0.8599805673133858
2018-09-21,25Y,25,0.8032052076152896
2018-09-21,30Y,30,0.7502545567859623
2018-09-24,1Y,1,0.9997200473921694
2018-09-24,2Y,2,0.9990204129223332
2018-09-24,3Y,3,0.9977120621230706
2018-09-24,4Y,4,0.9957592118093986
2018-09-24,5Y,5,0.9930522683767863
2018-09-24,7Y,7,0.9849071637524391
2018-09-24,10Y,10,0.9660870153317311
2018-09-24,15Y,15,0.9177270314432792
2018-09-24,20Y,20,0.8603891890553556
2018-09-24,25Y,25,0.8036803619054101
2018-09-24,30Y,30,0.7509729477844849
2018-09-25,1Y,1,0.999670068386676
2018-09-25,2Y,2,0.9989355179930745
2018-09-25,3Y,3,0.9975723648383027
2018-09-25,4Y,4,0.9955225893935323
2018-09-25,5Y,5,0.9927142259421435
2018-09-25,7Y,7,0.9843985826116168
2018-09-25,10Y,10,0.9653744456019274
2018-09-25,15Y,15,0.9165391473389923
2018-09-25,20Y,20,0.859005673902631
2018-09-25,25Y,25,0.8019232904885113
2018-09-25,30Y,30,0.7485781187414516
2018-09-26,1Y,1,0.999670068386676
2018-09-26,2Y,2,0.998943014125185
2018-09-26,3Y,3,0.9976272959482024
2018-09-26,4Y,4,0.9956472078986301
2018-09-26,5Y,5,0.9929032733110655
2018-09-26,7Y,7,0.9847446845195795
2018-09-26,10Y,10,0.9659531994843186
2018-09-26,15Y,15,0.9176394722740109
2018-09-26,20Y,20,0.860381236144151
2018-09-26,25Y,25,0.8034166699135699
2018-09-26,30Y,30,0.7502089603907202
2018-09-27,1Y,1,0.9997050538312621
2018-09-27,2Y,2,0.9990354228822125
2018-09-27,3Y,3,0.9977869512717787
2018-09-27,4Y,4,0.9958788546897067
2018-09-27,5Y,5,0.9932164240720114
2018-09-27,7Y,7,0.9852477502153032
2018-09-27,10Y,10,0.9667777527628587
2018-09-27,15Y,15,0.9194008679169
2018-09-27,20Y,20,0.8632814071160712
2018-09-27,25Y,25,0.8075622009780893
2018-09-27,30Y,30,0.7555780664671652
2018-09-28,1Y,1,0.9996850611261486
2018-09-28,2Y,2,0.9989504927007344
2018-09-28,3Y,3,0.9976372771998007
2018-09-28,4Y,4,0.9957045514670273
2018-09-28,5Y,5,0.9929878005829063
2018-09-28,7Y,7,0.9848176527784214
2018-09-28,10Y,10,0.9660501071812881
2018-09-28,15Y,15,0.9179722158702824
2018-09-28,20Y,20,0.8608692695410144
2018-09-28,25Y,25,0.8040120370646673
2018-09-28,30Y,30,0.7509291867665168
2018-10-01,1Y,1,0.9996750655343155
2018-10-01,2Y,2,0.9989305160040857
2018-10-01,3Y,3,0.9975573938817006
2018-10-01,4Y,4,0.9955151340008309
2018-10-01,5Y,5,0.9927142555066788
2018-10-01,7Y,7,0.9843380490776863
2018-10-01,10Y,10,0.9652245482563184
2018-10-01,15Y,15,0.9166757663440628
2018-10-01,20Y,20,0.8590168146952878
2018-10-01,25Y,25,0.8014630113851086
2018-10-01,30Y,30,0.7475445306129359
2018-10-02,1Y,1,0.9996800638879392
2018-10-02,2Y,2,0.998977983386969
2018-10-02,3Y,3,0.9977171330969983
2018-10-02,4Y,4,0.995799190906057
2018-10-02,5Y,5,0.9931021407286558
2018-10-02,7Y,7,0.9849825128675601
2018-10-02,10Y,10,0.9661977823246791
2018-10-02,15Y,15,0.918103251998485
2018-10-02,20Y,20,0.8610430945327475
2018-10-02,25Y,25,0.8042578803710873
2018-10-02,30Y,30,0.7511562342368899
2018-10-03,1Y,1,0.9996900595391169
2018-10-03,2Y,2,0.9990054572674683
2018-10-03,3Y,3,0.99773205584272
2018-10-03,4Y,4,0.9957492270479136
2018-10-03,5Y,5,0.9929875370611394
2018-10-03,7Y,7,0.9848431196228075
2018-10-03,10Y,10,0.9661800752059132
2018-10-03,15Y,15,0.9179907321040948
2018-10-03,20Y,20,0.8604878104998502
2018-10-03,25Y,25,0.8033856149405442
2018-10-03,30Y,30,0.7501752683160083
2018-10-04,1Y,1,0.999665068883271
2018-10-04,2Y,2,0.9988730638039983
2018-10-04,3Y,3,0.9974126761734532
2018-10-04,4Y,4,0.9952585307398834
2018-10-04,5Y,5,0.9923214459174624
2018-10-04,7Y,7,0.9836958954053495
2018-10-04,10Y,10,0.9641274404522753
2018-10-04,15Y,15,0.9143623834223547
2018-10-04,20Y,20,0.8554393385722473
2018-10-04,25Y,25,0.7971032701675571
2018-10-04,30Y,30,0.7428275719487852
2018-10-05,1Y,1,0.999720046361058
2018-10-05,2Y,2,0.9990354105662195
2018-10-05,3Y,3,0.9976220703677683
2018-10-05,4Y,4,0.9953476806551831
2018-10-05,5Y,5,0.9923356554458026
2018-10-05,7Y,7,0.9838544663290352
2018-10-05,10Y,10,0.9644972183210427
2018-10-05,15Y,15,0.9149177879794089
2018-10-05,20Y,20,0.8561453781352059
2018-10-05,25Y,25,0.7979298761703274
2018-10-05,30Y,30,0.7437568873485739
2018-10-08,1Y,1,0.999720046361058
2018-10-08,2Y,2,0.9989529454338677
2018-10-08,3Y,3,0.997457457853397
2018-10-08,4Y,4,0.9952657957598675
2018-10-08,5Y,5,0.9923361285382746
2018-10-08,7Y,7,0.9838552138598373
2018-10-08,10Y,10,0.9644983707573624
2018-10-08,15Y,15,0.9149195912289767
2018-10-08,20Y,20,0.8561476493833576
2018-10-08,25Y,25,0.7979324113140427
2018-10-08,30Y,30,0.7437595509729691
2018-10-09,1Y,1,0.999670065999651
2018-10-09,2Y,2,0.9988905499668145
2018-10-09,3Y,3,0.9974825605393446
2018-10-09,4Y,4,0.9954030441297537
2018-10-09,5Y,5,0.9925352577337992
2018-10-09,7Y,7,0.9840416157394528
2018-10-09,10Y,10,0.9646132343500582
2018-10-09,15Y,15,0.9152810917303236
2018-10-09,20Y,20,0.8568292899941173
2018-10-09,25Y,25,0.7989890717606295
2018-10-09,30Y,30,0.7452287207190348
2018-10-10,1Y,1,0.9996900561271511
2018-10-10,2Y,2,0.9989380028874042
2018-10-10,3Y,3,0.9975473764476718
2018-10-10,4Y,4,0.9954327788574128
2018-10-10,5Y,5,0.9925350260893625
2018-10-10,7Y,7,0.9840412481876891
2018-10-10,10Y,10,0.9645994030969579
2018-10-10,15Y,15,0.9149351409104831
2018-10-10,20Y,20,0.8564609173655114
2018-10-10,25Y,25,0.7987487283369019
2018-10-10,30Y,30,0.7450090913117908
2018-10-11,1Y,1,0.9997100491540237
2018-10-11,2Y,2,0.9989704566099197
2018-10-11,3Y,3,0.9976222489154836
2018-10-11,4Y,4,0.9956396684270938
2018-10-11,5Y,5,0.9929031911917131
2018-10-11,7Y,7,0.9847445594194962
2018-10-11,10Y,10,0.965795278463152
2018-10-11,15Y,15,0.917086234351906
2018-10-11,20Y,20,0.8594679505450865
2018-10-11,25Y,25,0.8026306929244142
2018-10-11,30Y,30,0.7497913025584356
2018-10-12,1Y,1,0.9997150466826611
2018-10-12,2Y,2,0.9989954408601887
2018-10-12,3Y,3,0.9976671432379004
2018-10-12,4Y,4,0.9956620057531609
2018-10-12,5Y,5,0.992903060746426
2018-10-12,7Y,7,0.9848029524101692
2018-10-12,10Y,10,0.9657678646789308
2018-10-12,15Y,15,0.9168074317309193
2018-10-12,20Y,20,0.8588287445540874
2018-10-12,25Y,25,0.8015822785960209
2018-10-12,30Y,30,0.7485622702499216
2018-10-15,1Y,1,0.9997450358943923
2018-10-15,2Y,2,0.9990628744800855
2018-10-15,3Y,3,0.9977918926969369
2018-10-15,4Y,4,0.995866295687891
2018-10-15,5Y,5,0.9931764670304833
2018-10-15,7Y,7,0.9851504070689254
2018-10-15,10Y,10,0.966450087981492
2018-10-15,15Y,15,0.9174832140747696
2018-10-15,20Y,20,0.8590729884281829
2018-10-15,25Y,25,0.8012728111488988
2018-10-15,30Y,30,0.7477016685466126
2018-10-16,1Y,1,0.9997000531405495
2018-10-16,2Y,2,0.9989354861703452
2018-10-16,3Y,3,0.9975324158078257
2018-10-16,4Y,4,0.9955001845784706
2018-10-16,5Y,5,0.9927292318328149
2018-10-16,7Y,7,0.984471989381929
2018-10-16,10Y,10,0.9653472552356172
2018-10-16,15Y,15,0.9157348005135248
2018-10-16,20Y,20,0.8570444170828454
2018-10-16,25Y,25,0.7990090748331347
2018-10-16,30Y,30,0.7451541176155017
2018-10-17,1Y,1,0.9997000531405495
2018-10-17,2Y,2,0.9989579756705765
2018-10-17,3Y,3,0.9976072866673279
2018-10-17,4Y,4,0.9956197658290327
2018-10-17,5Y,5,0.9928933261388835
2018-10-17,7Y,7,0.9848033069561861
2018-10-17,10Y,10,0.9657684250652123
2018-10-17,15Y,15,0.9164764314889544
2018-10-17,20Y,20,0.8580620195155726
2018-10-17,25Y,25,0.8002645300137101
2018-10-17,30Y,30,0.7465659761425539
2018-10-18,1Y,1,0.9997000520219311
2018-10-18,2Y,2,0.9989579799020392
2018-10-18,3Y,3,0.9976172704677819
2018-10-18,4Y,4,0.9956147434230963
2018-10-18,5Y,5,0.992853455491822
2018-10-18,7Y,7,0.9846108254487723
2018-10-18,10Y,10,0.9654562174361817
2018-10-18,15Y,15,0.9158028826125931
2018-10-18,20Y,20,0.8571224681804818
2018-10-18,25Y,25,0.7994964549150794
2018-10-18,30Y,30,0.7461674505287614
2018-10-19,1Y,1,0.9997150466826611
2018-10-19,2Y,2,0.9990029374058876
2018-10-19,3Y,3,0.9977020942448815
2018-10-19,4Y,4,0.9957467715554491
2018-10-19,5Y,5,0.9930423839159814
2018-10-19,7Y,7,0.9849072801441832
2018-10-19,10Y,10,0.9659429554215594
2018-10-19,15Y,15,0.9164184684671104
2018-10-19,20Y,20,0.8575837881977685
2018-10-19,25Y,25,0.7998060947134183
2018-10-19,30Y,30,0.7463353163768454
2018-10-22,1Y,1,0.9997050505786099
2018-10-22,2Y,2,0.9989604700312318
2018-10-22,3Y,3,0.9976472455432048
2018-10-22,4Y,4,0.9957369339557648
2018-10-22,5Y,5,0.9930225423272443
2018-10-22,7Y,7,0.9847934944237076
2018-10-22,10Y,10,0.9656559198832385
2018-10-22,15Y,15,0.9159032610715723
2018-10-22,20Y,20,0.8567903142962585
2018-10-22,25Y,25,0.79867752005981
2018-10-22,30Y,30,0.7448843847986334
2018-10-23,1Y,1,0.9997050505786099
2018-10-23,2Y,2,0.9989904557703093
2018-10-23,3Y,3,0.9977570714885025
2018-10-23,4Y,4,0.9959413092792119
2018-10-23,5Y,5,0.9933559707188442
2018-10-23,7Y,7,0.9854952896439005
2018-10-23,10Y,10,0.9667414483009605
2018-10-23,15Y,15,0.9177084355683383
2018-10-23,20Y,20,0.8594693283011955
2018-10-23,25Y,25,0.8021146686089687
2018-10-23,30Y,30,0.7489326052381079
2018-10-24,1Y,1,0.9997300426431553
2018-10-24,2Y,2,0.9990778799967702
2018-10-24,3Y,3,0.9979167564073823
2018-10-24,4Y,4,0.9961979987494267
2018-10-24,5Y,5,0.9937939192735917
2018-10-24,7Y,7,0.9863824333945544
2018-10-24,10Y,10,0.9683636616452396
2018-10-24,15Y,15,0.9203973048744518
2018-10-24,20Y,20,0.8632430771677708
2018-10-24,25Y,25,0.8067079320477579
2018-10-24,30Y,30,0.7544212158900135
2018-10-25,1Y,1,0.9997400400438333
2018-10-25,2Y,2,0.999112850209711
2018-10-25,3Y,3,0.9979666499957638
2018-10-25,4Y,4,0.9962452996180807
2018-10-25,5Y,5,0.9938435860024636
2018-10-25,7Y,7,0.9865161526754048
2018-10-25,10Y,10,0.9686180173808456
2018-10-25,15Y,15,0.9213063318919688
2018-10-25,20Y,20,0.8647262004433725
2018-10-25,25Y,25,0.8087803223333847
2018-10-25,30Y,30,0.7568571902592335
2018-10-26,1Y,1,0.9997650330141639
2018-10-26,2Y,2,0.9992227756749391
2018-10-26,3Y,3,0.9982112644739471
2018-10-26,4Y,4,0.9966291955120014
2018-10-26,5Y,5,0.9944160363025007
2018-10-26,7Y,7,0.9876497226808876
2018-10-26,10Y,10,0.9705872220608603
2018-10-26,15Y,15,0.9242785684777819
2018-10-26,20Y,20,0.8684681117362311
2018-10-26,25Y,25,0.813122778335886
2018-10-26,30Y,30,0.7615751042504473
2018-10-29,1Y,1,0.9997800296024102
2018-10-29,2Y,2,0.9992227558841821
2018-10-29,3Y,3,0.9981962945792309
2018-10-29,4Y,4,0.9966966119848771
2018-10-29,5Y,5,0.9945205863279625
2018-10-29,7Y,7,0.9875647576707305
2018-10-29,10Y,10,0.9701666039445763
2018-10-29,15Y,15,0.9233758792154887
2018-10-29,20Y,20,0.8672517420499519
2018-10-29,25Y,25,0.8115555950228116
2018-10-29,30Y,30,0.7596228166969222
2018-10-30,1Y,1,0.9997750307209226
2018-10-30,2Y,2,0.9992352584372635
2018-10-30,3Y,3,0.99821624920346
2018-10-30,4Y,4,0.9966291637022955
2018-10-30,5Y,5,0.9943561094068186
2018-10-30,7Y,7,0.9872233190413785
2018-10-30,10Y,10,0.969565804117984
2018-10-30,15Y,15,0.9222921299427254
2018-10-30,20Y,20,0.8655811054351313
2018-10-30,25Y,25,0.8095602236795435
2018-10-30,30Y,30,0.7577401716726446
2018-10-31,1Y,1,0.9997850292744038
2018-10-31,2Y,2,0.9992252440825694
2018-10-31,3Y,3,0.9980963653693044
2018-10-31,4Y,4,0.9963847421168579
2018-10-31,5Y,5,0.9940025565541742
2018-10-31,7Y,7,0.9865941533959895
2018-10-31,10Y,10,0.9684833175297882
2018-10-31,15Y,15,0.9199138720799036
2018-10-31,20Y,20,0.8619395175695441
2018-10-31,25Y,25,0.8046724767450218
2018-10-31,30Y,30,0.7513994226804968
2018-11-01,1Y,1,0.9997800296024102
2018-11-01,2Y,2,0.9992452485163891
2018-11-01,3Y,3,0.9982212316757582
2018-11-01,4Y,4,0.9966291478888232
2018-11-01,5Y,5,0.9943560872322564
2018-11-01,7Y,7,0.9872472094326036
2018-11-01,10Y,10,0.9696506817577231
2018-11-01,15Y,15,0.9220868211957824
2018-11-01,20Y,20,0.8653893503573459
2018-11-01,25Y,25,0.8095982617024718
2018-11-01,30Y,30,0.7580179988133208
2018-11-02,1Y,1,0.9998050221630527
2018-11-02,2Y,2,0.9993102059451602
2018-11-02,3Y,3,0.9982960648210352
2018-11-02,4Y,4,0.99662146998687
2018-11-02,5Y,5,0.9942362102718347
2018-11-02,7Y,7,0.9869491997125909
2018-11-02,10Y,10,0.9690684006584277
2018-11-02,15Y,15,0.9206167818945747
2018-11-02,20Y,20,0.8627249007755594
2018-11-02,25Y,25,0.8058784776821775
2018-11-02,30Y,30,0.7533590734173617
2018-11-05,1Y,1,0.9998400141923629
2018-11-05,2Y,2,0.9993576604010271
2018-11-05,3Y,3,0.9983859552767679
2018-11-05,4Y,4,0.9968484658063582
2018-11-05,5Y,5,0.9945847741860642
2018-11-05,7Y,7,0.9874790632103717
2018-11-05,10Y,10,0.9698229565000552
2018-11-05,15Y,15,0.9213247681325547
2018-11-05,20Y,20,0.8634716867411577
2018-11-05,25Y,25,0.8064754131949469
2018-11-05,30Y,30,0.7537493335969603
2018-11-06,1Y,1,0.9998100205101541
2018-11-06,2Y,2,0.9992977066817113
2018-11-06,3Y,3,0.9982861005188516
2018-11-06,4Y,4,0.9966714191400246
2018-11-06,5Y,5,0.9943358779976541
2018-11-06,7Y,7,0.9871326572663935
2018-11-06,10Y,10,0.9691516094533812
2018-11-06,15Y,15,0.9201308109880026
2018-11-06,20Y,20,0.8616748896718824
2018-11-06,25Y,25,0.8042928956612907
2018-11-06,30Y,30,0.7511088682371992
2018-11-07,1Y,1,0.9998300157358443
2018-11-07,2Y,2,0.9993376774374592
2018-11-07,3Y,3,0.9983759871544914
2018-11-07,4Y,4,0.9968360051242143
2018-11-07,5Y,5,0.9945299442820201
2018-11-07,7Y,7,0.9872954907613524
2018-11-07,10Y,10,0.9694174074693983
2018-11-07,15Y,15,0.9202169837786921
2018-11-07,20Y,20,0.8612844529442408
2018-11-07,25Y,25,0.8034273896379779
2018-11-07,30Y,30,0.7500865810987081
2018-11-08,1Y,1,0.9998400135736247
2018-11-08,2Y,2,0.9993801579586205
2018-11-08,3Y,3,0.9984308809060172
2018-11-08,4Y,4,0.996845882121439
2018-11-08,5Y,5,0.994534848409129
2018-11-08,7Y,7,0.9872861635257032
2018-11-08,10Y,10,0.9691473038592396
2018-11-08,15Y,15,0.9195064088432431
2018-11-08,20Y,20,0.860168862773241
2018-11-08,25Y,25,0.8019699135363403
2018-11-08,30Y,30,0.7483976085456636
2018-11-09,1Y,1,0.9998750079462182
2018-11-09,2Y,2,0.9994576091165766
2018-11-09,3Y,3,0.9985907023193676
2018-11-09,4Y,4,0.9971602010711831
2018-11-09,5Y,5,0.99498306576052
2018-11-09,7Y,7,0.9878453406433432
2018-11-09,10Y,10,0.9699212677356517
2018-11-09,15Y,15,0.9206942382393711
2018-11-09,20Y,20,0.8617058062321139
2018-11-09,25Y,25,0.8038487846817141
2018-11-09,30Y,30,0.7505127707220349
2018-11-12,1Y,1,0.9998600102553291
2018-11-12,2Y,2,0.9994351265052679
2018-11-12,3Y,3,0.998580733494557
2018-11-12,4Y,4,0.997172725113435
2018-11-12,5Y,5,0.9950379994294772
2018-11-12,7Y,7,0.9880530897854113
2018-11-12,10Y,10,0.9703137150390467
2018-11-12,15Y,15,0.9212313061834121
2018-11-12,20Y,20,0.8623381925312742
2018-11-12,25Y,25,0.8045766797830821
2018-11-12,30Y,30,0.7511996882406995
2018-11-13,1Y,1,0.9998600102553291
2018-11-13,2Y,2,0.99942012967095
2018-11-13,3Y,3,0.9985207866012543
2018-11-13,4Y,4,0.997072944405644
2018-11-13,5Y,5,0.994928460220307
2018-11-13,7Y,7,0.9879891661755626
2018-11-13,10Y,10,0.9704402713155049
2018-11-13,15Y,15,0.922015827525719
2018-11-13,20Y,20,0.8639528582345309
2018-11-13,25Y,25,0.807027746354315
2018-11-13,30Y,30,0.7544247239921172
2018-11-14,1Y,1,0.9998550114645971
2018-11-14,2Y,2,0.9994101343699984
2018-11-14,3Y,3,0.9985158066783559
2018-11-14,4Y,4,0.9971104214601818
2018-11-14,5Y,5,0.9950481936268726
2018-11-14,7Y,7,0.9883477951460392
2018-11-14,10Y,10,0.9711866293196268
2018-11-14,15Y,15,0.9236414577928815
2018-11-14,20Y,20,0.8663357004607044
2018-11-14,25Y,25,0.8095791396128986
2018-11-14,30Y,30,0.757013777902594
2018-11-15,1Y,1,0.9998750084368428
2018-11-15,2Y,2,0.9994801023430684
2018-11-15,3Y,3,0.9987056227515401
2018-11-15,4Y,4,0.9974847041604835
2018-11-15,5Y,5,0.9956013173296924
2018-11-15,7Y,7,0.9892842216603575
2018-11-15,10Y,10,0.9726030597868799
2018-11-15,15Y,15,0.9259268204384078
2018-11-15,20Y,20,0.8691865131964153
2018-11-15,25Y,25,0.813017294304125
2018-11-15,30Y,30,0.7610770637367258
2018-11-16,1Y,1,0.9998750084368428
2018-11-16,2Y,2,0.999502598248388
2018-11-16,3Y,3,0.9987405729179241
2018-11-16,4Y,4,0.997474661099502
2018-11-16,5Y,5,0.995551391224279
2018-11-16,7Y,7,0.9892106469977923
2018-11-16,10Y,10,0.9724062734924849
2018-11-16,15Y,15,0.9255594220998213
2018-11-16,20Y,20,0.868710143268939
2018-11-16,25Y,25,0.8123471574340528
2018-11-16,30Y,30,0.7600859117345917
2018-11-19,1Y,1,0.9998900063620533
2018-11-19,2Y,2,0.9995400805818723
2018-11-19,3Y,3,0.9988604842846596
2018-11-19,4Y,4,0.9977617190910919
2018-11-19,5Y,5,0.9960050836940978
2018-11-19,7Y,7,0.9899900604737903
2018-11-19,10Y,10,0.9738529468787194
2018-11-19,15Y,15,0.9281101215932409
2018-11-19,20Y,20,0.8723208456872419
2018-11-19,25Y,25,0.8168598684825826
2018-11-19,30Y,30,0.7654151922004098
2018-11-20,1Y,1,0.9998750084368428
2018-11-20,2Y,2,0.9994950996428618
2018-11-20,3Y,3,0.9987255908506246
2018-11-20,4Y,4,0.9974796839714904
2018-11-20,5Y,5,0.9956063149983243
2018-11-20,7Y,7,0.9894792558650748
2018-11-20,10Y,10,0.9730888273158171
2018-11-20,15Y,15,0.9267869820721469
2018-11-20,20Y,20,0.8701443724686828
2018-11-20,25Y,25,0.8138569388682532
2018-11-20,30Y,30,0.7617385894165075
2018-11-21,1Y,1,0.9998950050277196
2018-11-21,2Y,2,0.9995350816268807
2018-11-21,3Y,3,0.9988155041889599
2018-11-21,4Y,4,0.997631891308327
2018-11-21,5Y,5,0.9958056324824995
2018-11-21,7Y,7,0.9897161323669891
2018-11-21,10Y,10,0.9734938370173272
2018-11-21,15Y,15,0.9277294255454679
2018-11-21,20Y,20,0.8719836272448682
2018-11-21,25Y,25,0.816634159925476
2018-11-21,30Y,30,0.7652102849378308
2018-11-22,1Y,1,0.9998950050277196
2018-11-22,2Y,2,0.9995425803757733
2018-11-22,3Y,3,0.9987904989938216
2018-11-22,4Y,4,0.9975095379820982
2018-11-22,5Y,5,0.9956061791979458
2018-11-22,7Y,7,0.9894790141553969
2018-11-22,10Y,10,0.9731017050098948
2018-11-22,15Y,15,0.927135231500553
2018-11-22,20Y,20,0.8711258256255734
2018-11-22,25Y,25,0.815638278148417
2018-11-22,30Y,30,0.764270143570916
2018-11-23,1Y,1,0.9998950050277196
2018-11-23,2Y,2,0.9995425803757733
2018-11-23,3Y,3,0.9987904989938216
2018-11-23,4Y,4,0.9975095379820982
2018-11-23,5Y,5,0.9956061791979458
2018-11-23,7Y,7,0.9894790141553969
2018-11-23,10Y,10,0.9731017050098948
2018-11-23,15Y,15,0.927135231500553
2018-11-23,20Y,20,0.8711258256255734
2018-11-23,25Y,25,0.815638278148417
2018-11-23,30Y,30,0.764270143570916
2018-11-26,1Y,1,0.9999000045996513
2018-11-26,2Y,2,0.9995300778628549
2018-11-26,3Y,3,0.9987805293004093
2018-11-26,4Y,4,0.9975969739271159
2018-11-26,5Y,5,0.9958107079169478
2018-11-26,7Y,7,0.9899113524331922
2018-11-26,10Y,10,0.9739996898479826
2018-11-26,15Y,15,0.9287064468000107
2018-11-26,20Y,20,0.8732624693976053
2018-11-26,25Y,25,0.8182714837420997
2018-11-26,30Y,30,0.7674302561357537
2018-11-27,1Y,1,0.9999100037997484
2018-11-27,2Y,2,0.9996025592629012
2018-11-27,3Y,3,0.9989353827744134
2018-11-27,4Y,4,0.9977790916498341
2018-11-27,5Y,5,0.9960099729036368
2018-11-27,7Y,7,0.9901501563389732
2018-11-27,10Y,10,0.97435849364379
2018-11-27,15Y,15,0.9294495053913756
2018-11-27,20Y,20,0.8744577685843645
2018-11-27,25Y,25,0.8197356775445306
2018-11-27,30Y,30,0.7691363859005653
2018-11-28,1Y,1,0.9999000045996513
2018-11-28,2Y,2,0.9995450756834289
2018-11-28,3Y,3,0.9987905016874952
2018-11-28,4Y,4,0.9975345117045868
2018-11-28,5Y,5,0.9956710283314724
2018-11-28,7Y,7,0.9895673130649696
2018-11-28,10Y,10,0.973344535681832
2018-11-28,15Y,15,0.927512617646656
2018-11-28,20Y,20,0.871628495031323
2018-11-28,25Y,25,0.816024493941749
2018-11-28,30Y,30,0.7644705114920063
2018-11-29,1Y,1,0.9999999997749671
2018-11-29,2Y,2,0.9997825029300561
2018-11-29,3Y,3,0.9992451516943537
2018-11-29,4Y,4,0.9983432988886002
2018-11-29,5Y,5,0.9969277266213351
2018-11-29,7Y,7,0.9919034064081114
2018-11-29,10Y,10,0.9772026630628817
2018-11-29,15Y,15,0.9337228438516625
2018-11-29,20Y,20,0.8797454753809458
2018-11-29,25Y,25,0.8256912629190963
2018-11-29,30Y,30,0.775589961962252
2018-11-30,1Y,1,0.9999899996624619
2018-11-30,2Y,2,0.9997625069590553
2018-11-30,3Y,3,0.9992051736637596
2018-11-30,4Y,4,0.9982333964021973
2018-11-30,5Y,5,0.9966781531870502
2018-11-30,7Y,7,0.9913104138723514
2018-11-30,10Y,10,0.9762048554017442
2018-11-30,15Y,15,0.9318920225752662
2018-11-30,20Y,20,0.8771565819741716
2018-11-30,25Y,25,0.8223535547186199
2018-11-30,30Y,30,0.7713894737967331
2018-12-03,1Y,1,1.000015000237491
2018-12-03,2Y,2,0.9998199972618238
2018-12-03,3Y,3,0.9993451115299854
2018-12-03,4Y,4,0.9985280920896558
2018-12-03,5Y,5,0.9971172158752415
2018-12-03,7Y,7,0.9918128750922756
2018-12-03,10Y,10,0.9768060764852139
2018-12-03,15Y,15,0.9325318885972529
2018-12-03,20Y,20,0.8774907730697603
2018-12-03,25Y,25,0.8223441171557472
2018-12-03,30Y,30,0.7710411712373131
2018-12-04,1Y,1,1.0000750053191207
2018-12-04,2Y,2,0.9999549911989624
2018-12-04,3Y,3,0.9996050172940943
2018-12-04,4Y,4,0.998995210579521
2018-12-04,5Y,5,0.9978260044909828
2018-12-04,7Y,7,0.9929767997430613
2018-12-04,10Y,10,0.9785510528081454
2018-12-04,15Y,15,0.9359927094430534
2018-12-04,20Y,20,0.8825487459126422
2018-12-04,25Y,25,0.8291874765233671
2018-12-04,30Y,30,0.7797394940125798
2018-12-05,1Y,1,1.0001000089070065
2018-12-05,2Y,2,1.0000575025433673
2018-12-05,3Y,3,0.9997249646497838
2018-12-05,4Y,4,0.9989401177417178
2018-12-05,5Y,5,0.9976111255623273
2018-12-05,7Y,7,0.9927626769569838
2018-12-05,10Y,10,0.9784928055144084
2018-12-05,15Y,15,0.9355845298879013
2018-12-05,20Y,20,0.8818671906563368
2018-12-05,25Y,25,0.8280546158569725
2018-12-05,30Y,30,0.7782174504075144
2018-12-06,1Y,1,1.0001600206461685
2018-12-06,2Y,2,1.0001850269108479
2018-12-06,3Y,3,0.999899955774874
2018-12-06,4Y,4,0.9992099772636558
2018-12-06,5Y,5,0.9980605457342682
2018-12-06,7Y,7,0.9936877669474982
2018-12-06,10Y,10,0.9796875477248518
2018-12-06,15Y,15,0.93716956801509
2018-12-06,20Y,20,0.8834740420905095
2018-12-06,25Y,25,0.8295571870133195
2018-12-06,30Y,30,0.7793095259563707
2018-12-07,1Y,1,1.000165022149584
2018-12-07,2Y,2,1.0001500163792825
2018-12-07,3Y,3,0.9998749739658085
2018-12-07,4Y,4,0.9993224892651518
2018-12-07,5Y,5,0.9982553720080121
2018-12-07,7Y,7,0.9937582374387784
2018-12-07,10Y,10,0.9798776991318161
2018-12-07,15Y,15,0.9368410958087847
2018-12-07,20Y,20,0.8824621341202767
2018-12-07,25Y,25,0.8277430176431337
2018-12-07,30Y,30,0.7767280350953711
2018-12-10,1Y,1,1.0001950294227226
2018-12-10,2Y,2,1.000277556522903
2018-12-10,3Y,3,1.0001400171512955
2018-12-10,4Y,4,0.9997149217455438
2018-12-10,5Y,5,0.9988449500279748
2018-12-10,7Y,7,0.9949832178601773
2018-12-10,10Y,10,0.9818264058800247
2018-12-10,15Y,15,0.9403023067997985
2018-12-10,20Y,20,0.8876420295368055
2018-12-10,25Y,25,0.8343080435406213
2018-12-10,30Y,30,0.7841329119294844
2018-12-11,1Y,1,1.0001550191927744
2018-12-11,2Y,2,1.000167521369462
2018-12-11,3Y,3,0.9999399796760392
2018-12-11,4Y,4,0.9993849518415294
2018-12-11,5Y,5,0.9982903047918867
2018-12-11,7Y,7,0.9938927930229109
2018-12-11,10Y,10,0.9802606104707089
2018-12-11,15Y,15,0.938194482903731
2018-12-11,20Y,20,0.8851155064714705
2018-12-11,25Y,25,0.83156094734876
2018-12-11,30Y,30,0.7812570076273367
2018-12-12,1Y,1,1.000120011869826
2018-12-12,2Y,2,1.0000750011216646
2018-12-12,3Y,3,0.9997499748765798
2018-12-12,4Y,4,0.9990800808356395
2018-12-12,5Y,5,0.9978608101850835
2018-12-12,7Y,7,0.9931350091143516
2018-12-12,10Y,10,0.9790705918653771
2018-12-12,15Y,15,0.9362866637049254
2018-12-12,20Y,20,0.8827130867502756
2018-12-12,25Y,25,0.8287253991248235
2018-12-12,30Y,30,0.7783659546040169
2018-12-13,1Y,1,1.0001150107790464
2018-12-13,2Y,2,1.0000875041477573
2018-12-13,3Y,3,0.9997799706548283
2018-12-13,4Y,4,0.9991075633557853
2018-12-13,5Y,5,0.9979007606738749
2018-12-13,7Y,7,0.993245559050818
2018-12-13,10Y,10,0.979069760932962
2018-12-13,15Y,15,0.9362849885704075
2018-12-13,20Y,20,0.8827107558930808
2018-12-13,25Y,25,0.8287226668086906
2018-12-13,30Y,30,0.7783630087737711
2018-12-14,1Y,1,1.0001250126574155
2018-12-14,2Y,2,1.0001300131625588
2018-12-14,3Y,3,0.9999949958666486
2018-12-14,4Y,4,0.9996624603575002
2018-12-14,5Y,5,0.9988000175440391
2018-12-14,7Y,7,0.994699076073824
2018-12-14,10Y,10,0.9813324935417056
2018-12-14,15Y,15,0.9397826375434096
2018-12-14,20Y,20,0.8872992198182712
2018-12-14,25Y,25,0.8341553272449366
2018-12-14,30Y,30,0.784470042932031
2018-12-17,1Y,1,1.0001250122917122
2018-12-17,2Y,2,1.0001525176051562
2018-12-17,3Y,3,0.9999699842530576
2018-12-17,4Y,4,0.9994824605897683
2018-12-17,5Y,5,0.9984851920572075
2018-12-17,7Y,7,0.9941417799054316
2018-12-17,10Y,10,0.9801658258371374
2018-12-17,15Y,15,0.9376146298554873
2018-12-17,20Y,20,0.8839354160819157
2018-12-17,25Y,25,0.8300748403453772
2018-12-17,30Y,30,0.7800324898933555
2018-12-18,1Y,1,1.0001450159953225
2018-12-18,2Y,2,1.0002150332012543
2018-12-18,3Y,3,1.0001550225679354
2018-12-18,4Y,4,0.9998824537109543
2018-12-18,5Y,5,0.9991198669504378
2018-12-18,7Y,7,0.9952472999585746
2018-12-18,10Y,10,0.9818441060262311
2018-12-18,15Y,15,0.9402459095187862
2018-12-18,20Y,20,0.8877804559969376
2018-12-18,25Y,25,0.835000868906081
2018-12-18,30Y,30,0.785722183506908
2018-12-19,1Y,1,1.0001450159953225
2018-12-19,2Y,2,1.0002300372752149
2018-12-19,3Y,3,1.0002150379621104
2018-12-19,4Y,4,1.000007473934132
2018-12-19,5Y,5,0.9993248293037198
2018-12-19,7Y,7,0.9955963859751477
2018-12-19,10Y,10,0.9823577332449934
2018-12-19,15Y,15,0.9411354283423855
2018-12-19,20Y,20,0.8892999833318443
2018-12-19,25Y,25,0.8371944641291149
2018-12-19,30Y,30,0.7885040275725715
2018-12-20,1Y,1,1.0001800243029164
2018-12-20,2Y,2,1.0002775543021898
2018-12-20,3Y,3,1.0002050379851994
2018-12-20,4Y,4,0.9999599768893268
2018-12-20,5Y,5,0.9993498583007399
2018-12-20,7Y,7,0.9959530049447398
2018-12-20,10Y,10,0.9833765390430559
2018-12-20,15Y,15,0.944866842711468
2018-12-20,20Y,20,0.8966898810495308
2018-12-20,25Y,25,0.8483072093741257
2018-12-20,30Y,30,0.8031812621796403
2018-12-21,1Y,1,1.0000650032688971
2018-12-21,2Y,2,1.000047500277607
2018-12-21,3Y,3,0.9998699918915338
2018-12-21,4Y,4,0.9994700162866514
2018-12-21,5Y,5,0.9986102562131988
2018-12-21,7Y,7,0.9946697449501806
2018-12-21,10Y,10,0.9812944947429992
2018-12-21,15Y,15,0.9411500013531845
2018-12-21,20Y,20,0.8910296684536628
2018-12-21,25Y,25,0.840714172818678
2018-12-21,30Y,30,0.7938063846371051
2018-12-24,1Y,1,1.000060002700108
2018-12-24,2Y,2,1.0000449999716685
2018-12-24,3Y,3,0.9998999946744772
2018-12-24,4Y,4,0.9995675014238836
2018-12-24,5Y,5,0.9987451465033238
2018-12-24,7Y,7,0.9948192117985192
2018-12-24,10Y,10,0.9815246777252425
2018-12-24,15Y,15,0.94159477117702
2018-12-24,20Y,20,0.8915128236729916
2018-12-24,25Y,25,0.841253854856598
2018-12-24,30Y,30,0.79455709405977
2018-12-25,1Y,1,1.0001100090756656
2018-12-25,2Y,2,1.0002200302533277
2018-12-25,3Y,3,1.0002800501146851
2018-12-25,4Y,4,1.0002150369929503
2018-12-25,5Y,5,0.999739825240927
2018-12-25,7Y,7,0.9962910520005475
2018-12-25,10Y,10,0.983664971235886
2018-12-25,15Y,15,0.9445940973567661
2018-12-25,20Y,20,0.8954202311942551
2018-12-25,25Y,25,0.8459316348683934
2018-12-25,30Y,30,0.7997490608401291
2018-12-26,1Y,1,1.0000700036751715
2018-12-26,2Y,2,1.000132511355
2018-12-26,3Y,3,1.0000850011571822
2018-12-26,4Y,4,0.9997399500259185
2018-12-26,5Y,5,0.99890999568173
2018-12-26,7Y,7,0.9950941469632373
2018-12-26,10Y,10,0.9818994315761473
2018-12-26,15Y,15,0.9420512801976924
2018-12-26,20Y,20,0.8921042289653098
2018-12-26,25Y,25,0.8420123315099642
2018-12-26,30Y,30,0.7952845599238458
2018-12-27,1Y,1,1.000060002700108
2018-12-27,2Y,2,1.0000675029904886
2018-12-27,3Y,3,0.9999749967943101
2018-12-27,4Y,4,0.999712484097269
2018-12-27,5Y,5,0.999020034915009
2018-12-27,7Y,7,0.995358721405169
2018-12-27,10Y,10,0.982659356299572
2018-12-27,15Y,15,0.9434970455141163
2018-12-27,20Y,20,0.8947583976164435
2018-12-27,25Y,25,0.8457433326269553
2018-12-27,30Y,30,0.7998787020353604
2018-12-28,1Y,1,1.0000650030657532
2018-12-28,2Y,2,1.0001375114666158
2018-12-28,3Y,3,1.0001800201709834
2018-12-28,4Y,4,1.0000449867138756
2018-12-28,5Y,5,0.9994748746002211
2018-12-28,7Y,7,0.9961157686052379
2018-12-28,10Y,10,0.9837732951936782
2018-12-28,15Y,15,0.945163145716313
2018-12-28,20Y,20,0.8967980434686268
2018-12-28,25Y,25,0.848398540738782
2018-12-28,30Y,30,0.803149236654164
2018-12-31,1Y,1,1.000120010419552
2018-12-31,2Y,2,1.0001875241116882
2018-12-31,3Y,3,1.0001050092809345
2018-12-31,4Y,4,0.9998149615612135
2018-12-31,5Y,5,0.9991499505246244
2018-12-31,7Y,7,0.9956578543668972
2018-12-31,10Y,10,0.9831668757102155
2018-12-31,15Y,15,0.9442581265699287
2018-12-31,20Y,20,0.8957169090550989
2018-12-31,25Y,25,0.8470182537694305
2018-12-31,30Y,30,0.8013849729586149
2019-01-01,1Y,1,1.000120010419552
2019-01-01,2Y,2,1.0001875241116882
2019-01-01,3Y,3,1.0001050092809345
2019-01-01,4Y,4,0.9998149615612135
2019-01-01,5Y,5,0.9991499505246244
2019-01-01,7Y,7,0.9956578543668972
2019-01-01,10Y,10,0.9831668757102155
2019-01-01,15Y,15,0.9442581265699287
2019-01-01,20Y,20,0.8957169090550989
2019-01-01,25Y,25,0.8470182537694305
2019-01-01,30Y,30,0.8013849729586149
2019-01-02,1Y,1,1.000120010419552
2019-01-02,2Y,2,1.0002550393449547
2019-01-02,3Y,3,1.0003400713928305
2019-01-02,4Y,4,1.0002075241496533
2019-01-02,5Y,5,0.9996198200304954
2019-01-02,7Y,7,0.9962412033640718
2019-01-02,10Y,10,0.9838710552192007
2019-01-02,15Y,15,0.9455580095210191
2019-01-02,20Y,20,0.8974648251663353
2019-01-02,25Y,25,0.8491015406884362
2019-01-02,30Y,30,0.8038981836803779
2019-01-03,1Y,1,1.000120010419552
2019-01-03,2Y,2,1.0001725204016108
2019-01-03,3Y,3,1.000175020832481
2019-01-03,4Y,4,1.000125001475925
2019-01-03,5Y,5,0.9996198409062658
2019-01-03,7Y,7,0.9962413732181489
2019-01-03,10Y,10,0.9838715769737901
2019-01-03,15Y,15,0.9455591623218585
2019-01-03,20Y,20,0.8974664581173839
2019-01-03,25Y,25,0.8491034665315341
2019-01-03,30Y,30,0.8039002744819611
2019-01-04,1Y,1,1.0001200100257455
2019-01-04,2Y,2,1.0001725193966358
2019-01-04,3Y,3,1.0000750048024394
2019-01-04,4Y,4,0.999824969040428
2019-01-04,5Y,5,0.9991849381321921
2019-01-04,7Y,7,0.9957428027764511
2019-01-04,10Y,10,0.9839025311167731
2019-01-04,15Y,15,0.9470693615612674
2019-01-04,20Y,20,0.9009496200698835
2019-01-04,25Y,25,0.8547672504757854
2019-01-04,30Y,30,0.8117703301073844
2019-01-07,1Y,1,1.0001200100257455
2019-01-07,2Y,2,1.0002175308217547
2019-01-07,3Y,3,1.00018502669735
2019-01-07,4Y,4,0.9999474724926825
2019-01-07,5Y,5,0.9993098754605154
2019-01-07,7Y,7,0.9959032452503496
2019-01-07,10Y,10,0.9838082070942143
2019-01-07,15Y,15,0.946403331189025
2019-01-07,20Y,20,0.8993897458179191
2019-01-07,25Y,25,0.8523988387965563
2019-01-07,30Y,30,0.8086311683214239
2019-01-08,1Y,1,1.0001050081036795
2019-01-08,2Y,2,1.000150015702981
2019-01-08,3Y,3,1.0000650035688086
2019-01-08,4Y,4,0.9997749600336332
2019-01-08,5Y,5,0.9989949433753669
2019-01-08,7Y,7,0.9951589740285314
2019-01-08,10Y,10,0.9824287859361596
2019-01-08,15Y,15,0.9444028386137823
2019-01-08,20Y,20,0.8971153984686654
2019-01-08,25Y,25,0.8496383006303853
2019-01-08,30Y,30,0.8050972002176648
2019-01-09,1Y,1,1.0000900060753644
2019-01-09,2Y,2,1.0001275115982555
2019-01-09,3Y,3,1.0000049923840457
2019-01-09,4Y,4,0.9995874564882302
2019-01-09,5Y,5,0.9986951235910042
2019-01-09,7Y,7,0.9947841784626823
2019-01-09,10Y,10,0.9818095595107398
2019-01-09,15Y,15,0.9432588114811882
2019-01-09,20Y,20,0.8954218081772624
2019-01-09,25Y,25,0.8474253415062216
2019-01-09,30Y,30,0.8025717485542194
2019-01-10,1Y,1,1.000115009366302
2019-01-10,2Y,2,1.000192524802269
2019-01-10,3Y,3,1.0001500190882877
2019-01-10,4Y,4,0.9999199697696535
2019-01-10,5Y,5,0.9992548780861195
2019-01-10,7Y,7,0.9956316675050261
2019-01-10,10Y,10,0.9830410868911564
2019-01-10,15Y,15,0.9452686162992887
2019-01-10,20Y,20,0.898153462267602
2019-01-10,25Y,25,0.8506926113662459
2019-01-10,30Y,30,0.806058842725718
2019-01-11,1Y,1,1.0001150089818789
2019-01-11,2Y,2,1.0002750428599152
2019-01-11,3Y,3,1.0003450708989425
2019-01-11,4Y,4,1.0001249958668033
2019-01-11,5Y,5,0.9994397972424879
2019-01-11,7Y,7,0.9959178737822544
2019-01-11,10Y,10,0.983661430216372
2019-01-11,15Y,15,0.9466740323664043
2019-01-11,20Y,20,0.9003397585686624
2019-01-11,25Y,25,0.8533860731267746
2019-01-11,30Y,30,0.8093771389496124
2019-01-14,1Y,1,1.0001150089818789
2019-01-14,2Y,2,1.000237534786035
2019-01-14,3Y,3,1.000270049356847
2019-01-14,4Y,4,1.000087492909435
2019-01-14,5Y,5,0.9994398117536866
2019-01-14,7Y,7,0.9959179579622004
2019-01-14,10Y,10,0.9836616706108842
2019-01-14,15Y,15,0.9466745461085971
2019-01-14,20Y,20,0.9003404798428362
2019-01-14,25Y,25,0.8533869237315435
2019-01-14,30Y,30,0.8093780630718754
2019-01-15,1Y,1,1.0001200100257455
2019-01-15,2Y,2,1.000247537847753
2019-01-15,3Y,3,1.0002950576142668
2019-01-15,4Y,4,1.000127502454169
2019-01-15,5Y,5,0.9995048149163411
2019-01-15,7Y,7,0.9960067084159119
2019-01-15,10Y,10,0.9837800985988138
2019-01-15,15Y,15,0.946399629831354
2019-01-15,20Y,20,0.8998559047290241
2019-01-15,25Y,25,0.8528652728518703
2019-01-15,30Y,30,0.8085927851651741
2019-01-16,1Y,1,1.0001550167703643
2019-01-16,2Y,2,1.000355073102758
2019-01-16,3Y,3,1.000505149965922
2019-01-16,4Y,4,1.0003901005659348
2019-01-16,5Y,5,0.9997597821435243
2019-01-16,7Y,7,0.9963408058489558
2019-01-16,10Y,10,0.9841810596546631
2019-01-16,15Y,15,0.9465398362332578
2019-01-16,20Y,20,0.8995888268667891
2019-01-16,25Y,25,0.8521674573959138
2019-01-16,30Y,30,0.8075014640287623
2019-01-17,1Y,1,1.0001950263125399
2019-01-17,2Y,2,1.0004276091687307
2019-01-17,3Y,3,1.0005802058022315
2019-01-17,4Y,4,1.0005076857926356
2019-01-17,5Y,5,1.000009886657515
2019-01-17,7Y,7,0.9966940004206554
2019-01-17,10Y,10,0.984483229373697
2019-01-17,15Y,15,0.9467614101474495
2019-01-17,20Y,20,0.8996038314520237
2019-01-17,25Y,25,0.8519562405131369
2019-01-17,30Y,30,0.8072083609728768
2019-01-18,1Y,1,1.0002350395496518
2019-01-18,2Y,2,1.0005001514384786
2019-01-18,3Y,3,1.0006652741536777
2019-01-18,4Y,4,1.0005327115284128
2019-01-18,5Y,5,0.9998947980390887
2019-01-18,7Y,7,0.9962003304514458
2019-01-18,10Y,10,0.9832658022688803
2019-01-18,15Y,15,0.9446592196447129
2019-01-18,20Y,20,0.8967947459803207
2019-01-18,25Y,25,0.8486009287510909
2019-01-18,30Y,30,0.8034322149602351
2019-01-21,1Y,1,1.000300062667902
2019-01-21,2Y,2,1.0006452512661306
2019-01-21,3Y,3,1.0008704669931776
2019-01-21,4Y,4,1.0008054648448097
2019-01-21,5Y,5,1.000229963493289
2019-01-21,7Y,7,0.9965993447438661
2019-01-21,10Y,10,0.9837458092724041
2019-01-21,15Y,15,0.9449387904687298
2019-01-21,20Y,20,0.8967125958231107
2019-01-21,25Y,25,0.8479790338335649
2019-01-21,30Y,30,0.802050354839317
2019-01-22,1Y,1,1.0002300374679174
2019-01-22,2Y,2,1.000527660685793
2019-01-22,3Y,3,1.000755332948379
2019-01-22,4Y,4,1.000672814439786
2019-01-22,5Y,5,1.000114919727809
2019-01-22,7Y,7,0.9966846467905804
2019-01-22,10Y,10,0.9841573529881102
2019-01-22,15Y,15,0.9461261593585074
2019-01-22,20Y,20,0.8988198452226688
2019-01-22,25Y,25,0.8508106521820257
2019-01-22,30Y,30,0.8056580947197451
2019-01-23,1Y,1,1.0002300382181288
2019-01-23,2Y,2,1.0004601328860385
2019-01-23,3Y,3,1.0006302462104442
2019-01-23,4Y,4,1.0006127569606122
2019-01-23,5Y,5,1.0001299283635312
2019-01-23,7Y,7,0.9968786852326651
2019-01-23,10Y,10,0.984647656039208
2019-01-23,15Y,15,0.947030338487476
2019-01-23,20Y,20,0.9002588652838289
2019-01-23,25Y,25,0.8529958455804574
2019-01-23,30Y,30,0.8085009860985415
2019-01-24,1Y,1,1.0002650505679285
2019-01-24,2Y,2,1.0005526871219659
2019-01-24,3Y,3,1.0007903739912238
2019-01-24,4Y,4,1.0008204419975333
2019-01-24,5Y,5,1.0003650686322199
2019-01-24,7Y,7,0.9972131617645231
2019-01-24,10Y,10,0.985142380907609
2019-01-24,15Y,15,0.9478913676519936
2019-01-24,20Y,20,0.9015874880122721
2019-01-24,25Y,25,0.8547327469083895
2019-01-24,30Y,30,0.8105380977279928
2019-01-25,1Y,1,1.0002900603111202
2019-01-25,2Y,2,1.0006477459055203
2019-01-25,3Y,3,1.000925503890191
2019-01-25,4Y,4,1.0009055589571203
2019-01-25,5Y,5,1.0004601808947025
2019-01-25,7Y,7,0.9973778951632946
2019-01-25,10Y,10,0.9856454694443636
2019-01-25,15Y,15,0.9488375684068302
2019-01-25,20Y,20,0.9028228697002734
2019-01-25,25Y,25,0.856431946925086
2019-01-25,30Y,30,0.8128619049866702
2019-01-28,1Y,1,1.0002900603111202
2019-01-28,2Y,2,1.0006027231127246
2019-01-28,3Y,3,1.000865447307325
2019-01-28,4Y,4,1.0009580861029141
2019-01-28,5Y,5,1.0006102826800611
2019-01-28,7Y,7,0.9976628108011795
2019-01-28,10Y,10,0.9858495423621495
2019-01-28,15Y,15,0.9490577888386913
2019-01-28,20Y,20,0.9031869059477107
2019-01-28,25Y,25,0.8570163859582817
2019-01-28,30Y,30,0.8136365537160045
2019-01-29,1Y,1,1.0002500452947736
2019-01-29,2Y,2,1.0005826921980472
2019-01-29,3Y,3,1.000855416842408
2019-01-29,4Y,4,1.0007879235886792
2019-01-29,5Y,5,1.0002700303669325
2019-01-29,7Y,7,0.9971982307147967
2019-01-29,10Y,10,0.985268789582853
2019-01-29,15Y,15,0.948348220315526
2019-01-29,20Y,20,0.9022634234010011
2019-01-29,25Y,25,0.855919109011805
2019-01-29,30Y,30,0.81238115519124
2019-01-30,1Y,1,1.0002500452947736
2019-01-30,2Y,2,1.0005451766330138
2019-01-30,3Y,3,1.0007303241464154
2019-01-30,4Y,4,1.000600272245659
2019-01-30,5Y,5,1.0000599138337536
2019-01-30,7Y,7,0.9968897177344037
2019-01-30,10Y,10,0.9847602224505203
2019-01-30,15Y,15,0.9474714000758936
2019-01-30,20Y,20,0.9010348258989276
2019-01-30,25Y,25,0.8542221244814757
2019-01-30,30Y,30,0.8103352095684591
2019-01-31,1Y,1,1.0002750536436609
2019-01-31,2Y,2,1.00062522694193
2019-01-31,3Y,3,1.0009555162941535
2019-01-31,4Y,4,1.0010606947407863
2019-01-31,5Y,5,1.0007254070639913
2019-01-31,7Y,7,0.9979236685253977
2019-01-31,10Y,10,0.9865052770233016
2019-01-31,15Y,15,0.9503471475062163
2019-01-31,20Y,20,0.9051851162278669
2019-01-31,25Y,25,0.8595491459321809
2019-01-31,30Y,30,0.8167249700940022
2019-02-01,1Y,1,1.0003150698762682
2019-02-01,2Y,2,1.0006677711383045
2019-02-01,3Y,3,1.0009605484779147
2019-02-01,4Y,4,1.0010782354511687
2019-02-01,5Y,5,1.0007604449817395
2019-02-01,7Y,7,0.9979236256177335
2019-02-01,10Y,10,0.9866313961979998
2019-02-01,15Y,15,0.950945382971276
2019-02-01,20Y,20,0.9067678651142436
2019-02-01,25Y,25,0.8624482124807363
2019-02-01,30Y,30,0.8206936924605686
2019-02-04,1Y,1,1.0002950610049641
2019-02-04,2Y,2,1.0006277391706837
2019-02-04,3Y,3,1.0008904754791779
2019-02-04,4Y,4,1.000965604739861
2019-02-04,5Y,5,1.0006403309708285
2019-02-04,7Y,7,0.9977777755649496
2019-02-04,10Y,10,0.9863803190928988
2019-02-04,15Y,15,0.9508267236180089
2019-02-04,20Y,20,0.9066387120432199
2019-02-04,25Y,25,0.8625632632320481
2019-02-04,30Y,30,0.8212619342316445
2019-02-05,1Y,1,1.0002650497020245
2019-02-05,2Y,2,1.0005977086667794
2019-02-05,3Y,3,1.0008904561239835
2019-02-05,4Y,4,1.0009480737833454
2019-02-05,5Y,5,1.0005752633581553
2019-02-05,7Y,7,0.9977478915868415
2019-02-05,10Y,10,0.9865465594210362
2019-02-05,15Y,15,0.9513260167281486
2019-02-05,20Y,20,0.9076478005249453
2019-02-05,25Y,25,0.8639541271322273
2019-02-05,30Y,30,0.8231011084710067
2019-02-06,1Y,1,1.0002700512086304
2019-02-06,2Y,2,1.000622723451489
2019-02-06,3Y,3,1.0009254909793104
2019-02-06,4Y,4,1.0009756120730258
2019-02-06,5Y,5,1.0006453476849746
2019-02-06,7Y,7,0.9978887474057159
2019-02-06,10Y,10,0.9866319901999794
2019-02-06,15Y,15,0.9513139515519901
2019-02-06,20Y,20,0.9076480258288089
2019-02-06,25Y,25,0.8639496191812631
2019-02-06,30Y,30,0.8230961927696346
2019-02-07,1Y,1,1.0002650497020245
2019-02-07,2Y,2,1.0005601910504278
2019-02-07,3Y,3,1.0008153922871004
2019-02-07,4Y,4,1.0008854976398545
2019-02-07,5Y,5,1.0004801598212782
2019-02-07,7Y,7,0.9974980020453267
2019-02-07,10Y,10,0.985764575662462
2019-02-07,15Y,15,0.9495791455837072
2019-02-07,20Y,20,0.9049698242175517
2019-02-07,25Y,25,0.8603675110463626
2019-02-07,30Y,30,0.8186920820714987
2019-02-08,1Y,1,1.0003150698762682
2019-02-08,2Y,2,1.0007278046381696
2019-02-08,3Y,3,1.0011207050062898
2019-02-08,4Y,4,1.0012684807055474
2019-02-08,5Y,5,1.0009757221885778
2019-02-08,7Y,7,0.9983585367097787
2019-02-08,10Y,10,0.9872327732913484
2019-02-08,15Y,15,0.9521129360937819
2019-02-08,20Y,20,0.908570507591353
2019-02-08,25Y,25,0.8648622593908232
2019-02-08,30Y,30,0.8240903975345734
2019-02-11,1Y,1,1.0003150698762682
2019-02-11,2Y,2,1.0006902839221068
2019-02-11,3Y,3,1.0010456249801263
2019-02-11,4Y,4,1.0012309101264742
2019-02-11,5Y,5,1.0009756931328821
2019-02-11,7Y,7,0.9983585689207527
2019-02-11,10Y,10,0.9872329604585682
2019-02-11,15Y,15,0.9521133972295123
2019-02-11,20Y,20,0.9085711707704662
2019-02-11,25Y,25,0.864863046427057
2019-02-11,30Y,30,0.82409125457216
2019-02-12,1Y,1,1.0002800552096696
2019-02-12,2Y,2,1.0005827086664847
2019-02-12,3Y,3,1.0008053969305093
2019-02-12,4Y,4,1.0008204542875874
2019-02-12,5Y,5,1.000380093205416
2019-02-12,7Y,7,0.997313138368873
2019-02-12,10Y,10,0.9856462374532999
2019-02-12,15Y,15,0.9494603767823276
2019-02-12,20Y,20,0.904994039470502
2019-02-12,25Y,25,0.8605649394396138
2019-02-12,30Y,30,0.8189710879774602
2019-02-13,1Y,1,1.0002450414531303
2019-02-13,2Y,2,1.0005201645707602
2019-02-13,3Y,3,1.0007153129812345
2019-02-13,4Y,4,1.000687824305556
2019-02-13,5Y,5,1.0001599248765778
2019-02-13,7Y,7,0.9968896476766439
2019-02-13,10Y,10,0.9847599721913183
2019-02-13,15Y,15,0.9477811147432139
2019-02-13,20Y,20,0.9022395638641842
2019-02-13,25Y,25,0.8567625367544255
2019-02-13,30Y,30,0.8143200042049898
2019-02-14,1Y,1,1.0002750499301054
2019-02-14,2Y,2,1.0006252293933375
2019-02-14,3Y,3,1.0008954726691508
2019-02-14,4Y,4,1.000953087041423
2019-02-14,5Y,5,1.0005702524183202
2019-02-14,7Y,7,0.9976738944865704
2019-02-14,10Y,10,0.9859821627588379
2019-02-14,15Y,15,0.9499272666701712
2019-02-14,20Y,20,0.9051900687417772
2019-02-14,25Y,25,0.8602438986157188
2019-02-14,30Y,30,0.8181148525738345
2019-02-15,1Y,1,1.0002900574226745
2019-02-15,2Y,2,1.0007002756171524
2019-02-15,3Y,3,1.0010606328122826
2019-02-15,4Y,4,1.0011308073097942
2019-02-15,5Y,5,1.0007604684194567
2019-02-15,7Y,7,0.9977424874154219
2019-02-15,10Y,10,0.9859810338487035
2019-02-15,15Y,15,0.9498683167441676
2019-02-15,20Y,20,0.9053943368320473
2019-02-15,25Y,25,0.8611346579531565
2019-02-15,30Y,30,0.8200079450216621
2019-02-18,1Y,1,1.0003500851059284
2019-02-18,2Y,2,1.0007903659598356
2019-02-18,3Y,3,1.0011207434820992
2019-02-18,4Y,4,1.001133364925502
2019-02-18,5Y,5,1.000690417029287
2019-02-18,7Y,7,0.997577493034954
2019-02-18,10Y,10,0.9857493045845845
2019-02-18,15Y,15,0.949419021168585
2019-02-18,20Y,20,0.9049026639003221
2019-02-18,25Y,25,0.8605817289815842
2019-02-18,30Y,30,0.819235909187168
2019-02-19,1Y,1,1.0003150666970866
2019-02-19,2Y,2,1.0007878416280998
2019-02-19,3Y,3,1.0012508515777654
2019-02-19,4Y,4,1.0014237079359798
2019-02-19,5Y,5,1.001120933400057
2019-02-19,7Y,7,0.9983382711588059
2019-02-19,10Y,10,0.9870132748361192
2019-02-19,15Y,15,0.9515904682596161
2019-02-19,20Y,20,0.9078506159990076
2019-02-19,25Y,25,0.8642917490335155
2019-02-19,30Y,30,0.8238739884408156
2019-02-20,1Y,1,1.0003300730395648
2019-02-20,2Y,2,1.000795357445483
2019-02-20,3Y,3,1.0012508616511937
2019-02-20,4Y,4,1.0014612593116374
2019-02-20,5Y,5,1.0011659846926984
2019-02-20,7Y,7,0.9983032470598231
2019-02-20,10Y,10,0.9870266038859172
2019-02-20,15Y,15,0.9519158862982745
2019-02-20,20Y,20,0.9086502963073108
2019-02-20,25Y,25,0.8656504852693166
2019-02-20,30Y,30,0.8257317171511948
2019-02-21,1Y,1,1.0003100639369251
2019-02-21,2Y,2,1.0007478162978558
2019-02-21,3Y,3,1.0011557439687624
2019-02-21,4Y,4,1.001333564961404
2019-02-21,5Y,5,1.0010457988580717
2019-02-21,7Y,7,0.9981183145819675
2019-02-21,10Y,10,0.9870347770752255
2019-02-21,15Y,15,0.9524248287621015
2019-02-21,20Y,20,0.909846868690924
2019-02-21,25Y,25,0.8677314759015278
2019-02-21,30Y,30,0.8286657832424827
2019-02-22,1Y,1,1.0003100639369251
2019-02-22,2Y,2,1.0007928413697693
2019-02-22,3Y,3,1.0012958948976547
2019-02-22,4Y,4,1.0015413643420532
2019-02-22,5Y,5,1.0012961684436956
2019-02-22,7Y,7,0.9985533318292926
2019-02-22,10Y,10,0.9877161849157392
2019-02-22,15Y,15,0.9531983525998354
2019-02-22,20Y,20,0.9108435625992924
2019-02-22,25Y,25,0.8688097651318243
2019-02-22,30Y,30,0.8296595297444646
2019-02-25,1Y,1,1.000305062280217
2019-02-25,2Y,2,1.0007753273312137
2019-02-25,3Y,3,1.0012057975742943
2019-02-25,4Y,4,1.0012810205458147
2019-02-25,5Y,5,1.0008806351742676
2019-02-25,7Y,7,0.9978923346152275
2019-02-25,10Y,10,0.9866509753029125
2019-02-25,15Y,15,0.9518030412040197
2019-02-25,20Y,20,0.9090233815538685
2019-02-25,25Y,25,0.8668418949186876
2019-02-25,30Y,30,0.827643598369115
2019-02-26,1Y,1,1.000340076646902
2019-02-26,2Y,2,1.000830387071793
2019-02-26,3Y,3,1.0012909230340323
2019-02-26,4Y,4,1.0014637893869132
2019-02-26,5Y,5,1.0011109283572883
2019-02-26,7Y,7,0.998057151850948
2019-02-26,10Y,10,0.9866291278853012
2019-02-26,15Y,15,0.9512224131340995
2019-02-26,20Y,20,0.9077018302828619
2019-02-26,25Y,25,0.8646045836064624
2019-02-26,30Y,30,0.8247232542421569
2019-02-27,1Y,1,1.0003400754653051
2019-02-27,2Y,2,1.0008303881343898
2019-02-27,3Y,3,1.0012809133443785
2019-02-27,4Y,4,1.0014312422437217
2019-02-27,5Y,5,1.000985737266709
2019-02-27,7Y,7,0.9975630765690802
2019-02-27,10Y,10,0.9855758777828431
2019-02-27,15Y,15,0.9495218328944622
2019-02-27,20Y,20,0.9054488447645463
2019-02-27,25Y,25,0.8618585035284863
2019-02-27,30Y,30,0.8213803247315924
2019-02-28,1Y,1,1.0003200673066341
2019-02-28,2Y,2,1.0007678352571945
2019-02-28,3Y,3,1.0011457480153545
2019-02-28,4Y,4,1.0011683728730838
2019-02-28,5Y,5,1.0005201538869621
2019-02-28,7Y,7,0.9966287215236448
2019-02-28,10Y,10,0.983877029976614
2019-02-28,15Y,15,0.9468813014398854
2019-02-28,20Y,20,0.9019133681116753
2019-02-28,25Y,25,0.85738514702373
2019-02-28,30Y,30,0.8160075984517396
2019-03-01,1Y,1,1.0002950559566706
2019-03-01,2Y,2,1.0007327997299613
2019-03-01,3Y,3,1.0010706564355485
2019-03-01,4Y,4,1.0010357130064347
2019-03-01,5Y,5,1.0003900445861078
2019-03-01,7Y,7,0.9963830308609778
2019-03-01,10Y,10,0.9837462386459477
2019-03-01,15Y,15,0.9464681409427661
2019-03-01,20Y,20,0.9012877533284974
2019-03-01,25Y,25,0.8564633170756131
2019-03-01,30Y,30,0.8147079667431355
2019-03-04,1Y,1,1.000265045185232
2019-03-04,2Y,2,1.0007027635747456
2019-03-04,3Y,3,1.001130684619629
2019-03-04,4Y,4,1.0012509345429375
2019-03-04,5Y,5,1.0007904474726481
2019-03-04,7Y,7,0.9969429064396643
2019-03-04,10Y,10,0.9836365480229243
2019-03-04,15Y,15,0.9458399496714107
2019-03-04,20Y,20,0.900050413221069
2019-03-04,25Y,25,0.854399901010193
2019-03-04,30Y,30,0.811808059674749
2019-03-05,1Y,1,1.0002400368052327
2019-03-05,2Y,2,1.0006002004117605
2019-03-05,3Y,3,1.0008804425431264
2019-03-05,4Y,4,1.0008079339546614
2019-03-05,5Y,5,1.0001298558410676
2019-03-05,7Y,7,0.9961796916985931
2019-03-05,10Y,10,0.9831454099821525
2019-03-05,15Y,15,0.9450996630428831
2019-03-05,20Y,20,0.8989969443804733
2019-03-05,25Y,25,0.8530859520240602
2019-03-05,30Y,30,0.8103041911926393
2019-03-06,1Y,1,1.0002750489705092
2019-03-06,2Y,2,1.000700268917557
2019-03-06,3Y,3,1.0011256832299882
2019-03-06,4Y,4,1.00125092635307
2019-03-06,5Y,5,1.0007754448708628
2019-03-06,7Y,7,0.9973133222275626
2019-03-06,10Y,10,0.9850206903841281
2019-03-06,15Y,15,0.9481883927502771
2019-03-06,20Y,20,0.9035671082775194
2019-03-06,25Y,25,0.8592234555906967
2019-03-06,30Y,30,0.8177324777900634
2019-03-07,1Y,1,1.0002900544218842
2019-03-07,2Y,2,1.0007678145232946
2019-03-07,3Y,3,1.001305881476736
2019-03-07,4Y,4,1.0015813901422923
2019-03-07,5Y,5,1.0012560816254672
2019-03-07,7Y,7,0.9980979875503994
2019-03-07,10Y,10,0.9863696465015246
2019-03-07,15Y,15,0.9509620281501419
2019-03-07,20Y,20,0.9075674394641303
2019-03-07,25Y,25,0.8643589256003601
2019-03-07,30Y,30,0.8241953950468397
2019-03-08,1Y,1,1.000335073674131
2019-03-08,2Y,2,1.0008353870760764
2019-03-08,3Y,3,1.0013359679301133
2019-03-08,4Y,4,1.0015689334343203
2019-03-08,5Y,5,1.0012461108881736
2019-03-08,7Y,7,0.9982771148457982
2019-03-08,10Y,10,0.9868870808946879
2019-03-08,15Y,15,0.9523783499513613
2019-03-08,20Y,20,0.9100201466692972
2019-03-08,25Y,25,0.8679339395295286
2019-03-08,30Y,30,0.8286521844147209
2019-03-11,1Y,1,1.0003200673066341
2019-03-11,2Y,2,1.0008428787954995
2019-03-11,3Y,3,1.0013659947417086
2019-03-11,4Y,4,1.0015338940529754
2019-03-11,5Y,5,1.0011610156608666
2019-03-11,7Y,7,0.9981070693005774
2019-03-11,10Y,10,0.9866688803237859
2019-03-11,15Y,15,0.9520849243212186
2019-03-11,20Y,20,0.9096503701643895
2019-03-11,25Y,25,0.8674887275470812
2019-03-11,30Y,30,0.8281404722962339
2019-03-12,1Y,1,1.0003150656123974
2019-03-12,2Y,2,1.0007878430346746
2019-03-12,3Y,3,1.0012908887003695
2019-03-12,4Y,4,1.0015538721623305
2019-03-12,5Y,5,1.0012460777237637
2019-03-12,7Y,7,0.9982771437683908
2019-03-12,10Y,10,0.9870264620942806
2019-03-12,15Y,15,0.9520004193182605
2019-03-12,20Y,20,0.909144837852873
2019-03-12,25Y,25,0.8666004154938004
2019-03-12,30Y,30,0.8270677356468751
2019-03-13,1Y,1,1.00035508219865
2019-03-13,2Y,2,1.0009354674740325
2019-03-13,3Y,3,1.0015162260590473
2019-03-13,4Y,4,1.0017593051745408
2019-03-13,5Y,5,1.0015066105922648
2019-03-13,7Y,7,0.998718110760614
2019-03-13,10Y,10,0.9876150167607691
2019-03-13,15Y,15,0.9531900650397336
2019-03-13,20Y,20,0.911061003397622
2019-03-13,25Y,25,0.8693687533566435
2019-03-13,30Y,30,0.8307410903488089
2019-03-14,1Y,1,1.00035508219865
2019-03-14,2Y,2,1.000912953178011
2019-03-14,3Y,3,1.0015011954516453
2019-03-14,4Y,4,1.0018093570395212
2019-03-14,5Y,5,1.001561672510827
2019-03-14,7Y,7,0.9987180974399194
2019-03-14,10Y,10,0.9876149192306954
2019-03-14,15Y,15,0.953189822853475
2019-03-14,20Y,20,0.9111836065904034
2019-03-14,25Y,25,0.8696720089731902
2019-03-14,30Y,30,0.8310043500508653
2019-03-15,1Y,1,1.000330070751402
2019-03-15,2Y,2,1.000855395991901
2019-03-15,3Y,3,1.0014510918203163
2019-03-15,4Y,4,1.0018443484518187
2019-03-15,5Y,5,1.0016918323594577
2019-03-15,7Y,7,0.9990383402544856
2019-03-15,10Y,10,0.9881120153535675
2019-03-15,15Y,15,0.9537748375427031
2019-03-15,20Y,20,0.9116447044766449
2019-03-15,25Y,25,0.8698844128346981
2019-03-15,30Y,30,0.8309490919935144
2019-03-18,1Y,1,1.0003500803293013
2019-03-18,2Y,2,1.0008804274883536
2019-03-18,3Y,3,1.0014310974502796
2019-03-18,4Y,4,1.001746729008694
2019-03-18,5Y,5,1.0015566315592435
2019-03-18,7Y,7,0.9987921733163522
2019-03-18,10Y,10,0.9877145108977045
2019-03-18,15Y,15,0.9531941511426233
2019-03-18,20Y,20,0.9108375179458967
2019-03-18,25Y,25,0.8687304761496288
2019-03-18,30Y,30,0.8293762285031341
2019-03-19,1Y,1,1.0003400754653051
2019-03-19,2Y,2,1.0009129388526303
2019-03-19,3Y,3,1.0015162043450383
2019-03-19,4Y,4,1.0017918342057555
2019-03-19,5Y,5,1.0015867359513828
2019-03-19,7Y,7,0.9989772698738351
2019-03-19,10Y,10,0.9880662112979329
2019-03-19,15Y,15,0.9545656983059062
2019-03-19,20Y,20,0.9129788115798897
2019-03-19,25Y,25,0.8716708718668837
2019-03-19,30Y,30,0.8333342118714473
2019-03-20,1Y,1,1.000325070148079
2019-03-20,2Y,2,1.000807861870985
2019-03-20,3Y,3,1.001320932496866
2019-03-20,4Y,4,1.0016064617099205
2019-03-20,5Y,5,1.001381304824813
2019-03-20,7Y,7,0.998712317756193
2019-03-20,10Y,10,0.9877422332201193
2019-03-20,15Y,15,0.9537632702442905
2019-03-20,20Y,20,0.911824749735232
2019-03-20,25Y,25,0.870132151164145
2019-03-20,30Y,30,0.8312325789403179
2019-03-21,1Y,1,1.000325070148079
2019-03-21,2Y,2,1.000837879203839
2019-03-21,3Y,3,1.001431058141446
2019-03-21,4Y,4,1.0018243043763215
2019-03-21,5Y,5,1.0017268902271779
2019-03-21,7Y,7,0.9993236154311133
2019-03-21,10Y,10,0.988622873010461
2019-03-21,15Y,15,0.9550263664197158
2019-03-21,20Y,20,0.9135224358270914
2019-03-21,25Y,25,0.872145842618875
2019-03-21,30Y,30,0.8335487904192793
2019-03-22,1Y,1,1.0003600840867652
2019-03-22,2Y,2,1.000967993774358
2019-03-22,3Y,3,1.0017364964597077
2019-03-22,4Y,4,1.0023728697247383
2019-03-22,5Y,5,1.0025236381234588
2019-03-22,7Y,7,1.0005491384610543
2019-03-22,10Y,10,0.9910253789227185
2019-03-22,15Y,15,0.9596789170019323
2019-03-22,20Y,20,0.9205833294927561
2019-03-22,25Y,25,0.8817007187149718
2019-03-22,30Y,30,0.8456873316937489
2019-03-25,1Y,1,1.0003700879192965
2019-03-25,2Y,2,1.0009880185767577
2019-03-25,3Y,3,1.0017265088422187
2019-03-25,4Y,4,1.002307775502217
2019-03-25,5Y,5,1.0024534997017855
2019-03-25,7Y,7,1.000669370449488
2019-03-25,10Y,10,0.9916445309654459
2019-03-25,15Y,15,0.9617059117739558
2019-03-25,20Y,20,0.9241370326908984
2019-03-25,25Y,25,0.8866689011918636
2019-03-25,30Y,30,0.8518353408354655
2019-03-26,1Y,1,1.0003600840867652
2019-03-26,2Y,2,1.0009229647451536
2019-03-26,3Y,3,1.0015362413381397
2019-03-26,4Y,4,1.0019445763261507
2019-03-26,5Y,5,1.0018922676311914
2019-03-26,7Y,7,0.9995277668682355
2019-03-26,10Y,10,0.9893666834752067
2019-03-26,15Y,15,0.9571922348200034
2019-03-26,20Y,20,0.9170198006432594
2019-03-26,25Y,25,0.877065637263652
2019-03-26,30Y,30,0.8398995643453788
2019-03-27,1Y,1,1.0003700879192965
2019-03-27,2Y,2,1.0009730085499375
2019-03-27,3Y,3,1.0016664277898977
2019-03-27,4Y,4,1.0021700119611832
2019-03-27,5Y,5,1.0022079553182963
2019-03-27,7Y,7,1.000124478075592
2019-03-27,10Y,10,0.9902753604712724
2019-03-27,15Y,15,0.9591411066962828
2019-03-27,20Y,20,0.9201057809308575
2019-03-27,25Y,25,0.8813722309169956
2019-03-27,30Y,30,0.8454699857552598
2019-03-28,1Y,1,1.0004551349709874
2019-03-28,2Y,2,1.0011282095705
2019-03-28,3Y,3,1.0018017623069164
2019-03-28,4Y,4,1.0022528563040904
2019-03-28,5Y,5,1.0022832940882966
2019-03-28,7Y,7,1.0002246844109008
2019-03-28,10Y,10,0.9907536233557734
2019-03-28,15Y,15,0.9600375587113971
2019-03-28,20Y,20,0.9214220353346941
2019-03-28,25Y,25,0.8827494034902815
2019-03-28,30Y,30,0.846755889556329
2019-03-29,1Y,1,1.0004551333735308
2019-03-29,2Y,2,1.0012408043208203
2019-03-29,3Y,3,1.0020772448325133
2019-03-29,4Y,4,1.0025035270470863
2019-03-29,5Y,5,1.0023787283700538
2019-03-29,7Y,7,0.9999692437921117
2019-03-29,10Y,10,0.9902680429530866
2019-03-29,15Y,15,0.9593197598561797
2019-03-29,20Y,20,0.9208115436428949
2019-03-29,25Y,25,0.8826040883091922
2019-03-29,30Y,30,0.8470859874115859
2019-04-01,1Y,1,1.0004451286403326
2019-04-01,2Y,2,1.0011156893043038
2019-04-01,3Y,3,1.0018367902596959
2019-04-01,4Y,4,1.0023455175690534
2019-04-01,5Y,5,1.002333408438083
2019-04-01,7Y,7,0.9999692349906465
2019-04-01,10Y,10,0.9900621065260725
2019-04-01,15Y,15,0.9583788776177218
2019-04-01,20Y,20,0.918947000749084
2019-04-01,25Y,25,0.8797096683132977
2019-04-01,30Y,30,0.843055721515735
2019-04-02,1Y,1,1.0004201142097762
2019-04-02,2Y,2,1.0011181641836677
2019-04-02,3Y,3,1.001876835765418
2019-04-02,4Y,4,1.0023054579061514
2019-04-02,5Y,5,1.0021780965984155
2019-04-02,7Y,7,0.9997539965538732
2019-04-02,10Y,10,0.9898569273639175
2019-04-02,15Y,15,0.9585527267766829
2019-04-02,20Y,20,0.9196071472133678
2019-04-02,25Y,25,0.8807894645599837
2019-04-02,30Y,30,0.8446885421621096
2019-04-03,1Y,1,1.0004001055190357
2019-04-03,2Y,2,1.000988044423916
2019-04-03,3Y,3,1.0015863622921912
2019-04-03,4Y,4,1.001947154538065
2019-04-03,5Y,5,1.0018071694092239
2019-04-03,7Y,7,0.9992885462552691
2019-04-03,10Y,10,0.9892016487604208
2019-04-03,15Y,15,0.9581467331225973
2019-04-03,20Y,20,0.9196358176873173
2019-04-03,25Y,25,0.8819005596227297
2019-04-03,30Y,30,0.8469325834368431
2019-04-04,1Y,1,1.0003600853433936
2019-04-04,2Y,2,1.0008554185142489
2019-04-04,3Y,3,1.0013009541383704
2019-04-04,4Y,4,1.0014888404726856
2019-04-04,5Y,5,1.001191059265219
2019-04-04,7Y,7,0.998462335492616
2019-04-04,10Y,10,0.9881825824488318
2019-04-04,15Y,15,0.9563262367095132
2019-04-04,20Y,20,0.9174813738074636
2019-04-04,25Y,25,0.8795031199073493
2019-04-04,30Y,30,0.8443573633565444
2019-04-05,1Y,1,1.0003100639369251
2019-04-05,2Y,2,1.0007553205502646
2019-04-05,3Y,3,1.001170760879709
2019-04-05,4Y,4,1.0013160486456654
2019-04-05,5Y,5,1.0009657084775345
2019-04-05,7Y,7,0.9981124434078706
2019-04-05,10Y,10,0.9876731381931309
2019-04-05,15Y,15,0.955246815040099
2019-04-05,20Y,20,0.9156616540481717
2019-04-05,25Y,25,0.876894984693519
2019-04-05,30Y,30,0.840906571696736
2019-04-08,1Y,1,1.000335073674131
2019-04-08,2Y,2,1.0008654052276547
2019-04-08,3Y,3,1.0013660138502767
2019-04-08,4Y,4,1.0015013674189868
2019-04-08,5Y,5,1.001141013284742
2019-04-08,7Y,7,0.9984473592319723
2019-04-08,10Y,10,0.9882490724718681
2019-04-08,15Y,15,0.9566800377190111
2019-04-08,20Y,20,0.918307938710957
2019-04-08,25Y,25,0.8806101993308049
2019-04-08,30Y,30,0.8456888521399437
2019-04-09,1Y,1,1.0003450784787187
2019-04-09,2Y,2,1.0008704164478057
2019-04-09,3Y,3,1.0014160737197837
2019-04-09,4Y,4,1.0016891361597131
2019-04-09,5Y,5,1.001456478965395
2019-04-09,7Y,7,0.9989124685102624
2019-04-09,10Y,10,0.9888779926408956
2019-04-09,15Y,15,0.9575986042864442
2019-04-09,20Y,20,0.9193476253451012
2019-04-09,25Y,25,0.8816994865800076
2019-04-09,30Y,30,0.8466990831846131
2019-04-10,1Y,1,1.0003550834334014
2019-04-10,2Y,2,1.0009204561088392
2019-04-10,3Y,3,1.0015062055578847
2019-04-10,4Y,4,1.0017718114011003
2019-04-10,5Y,5,1.0015316455687038
2019-04-10,7Y,7,0.9990234948624508
2019-04-10,10Y,10,0.9890102139011093
2019-04-10,15Y,15,0.9579318159101416
2019-04-10,20Y,20,0.9198626894907597
2019-04-10,25Y,25,0.8823121675447928
2019-04-10,30Y,30,0.8472121767552252
2019-04-11,1Y,1,1.0003550834334014
2019-04-11,2Y,2,1.0008679226830275
2019-04-11,3Y,3,1.001340999708289
2019-04-11,4Y,4,1.0015113836372258
2019-04-11,5Y,5,1.0011910753059463
2019-04-11,7Y,7,0.9985474269360592
2019-04-11,10Y,10,0.9885545091934295
2019-04-11,15Y,15,0.9574545881971426
2019-04-11,20Y,20,0.9193896796936556
2019-04-11,25Y,25,0.881977958679291
2019-04-11,30Y,30,0.8472683015714194
2019-04-12,1Y,1,1.0003300730395648
2019-04-12,2Y,2,1.0007353205843983
2019-04-12,3Y,3,1.0009805922100277
2019-04-12,4Y,4,1.0008755594970864
2019-04-12,5Y,5,1.0002800244126766
2019-04-12,7Y,7,0.9970042187875846
2019-04-12,10Y,10,0.9861793366865724
2019-04-12,15Y,15,0.9535924006668238
2019-04-12,20Y,20,0.91430662702681
2019-04-12,25Y,25,0.8758938089180225
2019-04-12,30Y,30,0.8402435348825165
2019-04-15,1Y,1,1.0003000616613287
2019-04-15,2Y,2,1.0006602599398118
2019-04-15,3Y,3,1.0008904862792305
2019-04-15,4Y,4,1.000762921340194
2019-04-15,5Y,5,1.0000698452138106
2019-04-15,7Y,7,0.9965787760420872
2019-04-15,10Y,10,0.9854057215103794
2019-04-15,15Y,15,0.9523800946580052
2019-04-15,20Y,20,0.9124621957564069
2019-04-15,25Y,25,0.8733055467366372
2019-04-15,30Y,30,0.8368189430150805
2019-04-16,1Y,1,1.0002700512086304
2019-04-16,2Y,2,1.0005626944467123
2019-04-16,3Y,3,1.000725334806299
2019-04-16,4Y,4,1.000542719223946
2019-04-16,5Y,5,0.999794725494545
2019-04-16,7Y,7,0.9963145553428061
2019-04-16,10Y,10,0.9853021312484113
2019-04-16,15Y,15,0.9527017283815146
2019-04-16,20Y,20,0.9133096914074927
2019-04-16,25Y,25,0.8744633700437295
2019-04-16,30Y,30,0.838151485177271
2019-04-17,1Y,1,1.0002300367052182
2019-04-17,2Y,2,1.0004751393169515
2019-04-17,3Y,3,1.0006302496499
2019-04-17,4Y,4,1.0005051751183585
2019-04-17,5Y,5,0.9997797149358204
2019-04-17,7Y,7,0.9961557791761014
2019-04-17,10Y,10,0.9847130879534142
2019-04-17,15Y,15,0.9510586541900775
2019-04-17,20Y,20,0.9101376571200847
2019-04-17,25Y,25,0.8698910062072231
2019-04-17,30Y,30,0.8323402195826153
2019-04-18,1Y,1,1.0002900574226745
2019-04-18,2Y,2,1.000647748095911
2019-04-18,3Y,3,1.0009154994478084
2019-04-18,4Y,4,1.0008855307870128
2019-04-18,5Y,5,1.00031502253094
2019-04-18,7Y,7,0.9970042750824812
2019-04-18,10Y,10,0.986033445941229
2019-04-18,15Y,15,0.9534086928310772
2019-04-18,20Y,20,0.913639634868755
2019-04-18,25Y,25,0.8743546033593527
2019-04-18,30Y,30,0.8375343596908503
2019-04-19,1Y,1,1.0002600456071902
2019-04-19,2Y,2,1.000632724451057
2019-04-19,3Y,3,1.0008954643837988
2019-04-19,4Y,4,1.0007453935173296
2019-04-19,5Y,5,1.0000648651146689
2019-04-19,7Y,7,0.9966547627244385
2019-04-19,10Y,10,0.9855713287013426
2019-04-19,15Y,15,0.9526239918181441
2019-04-19,20Y,20,0.9127351409874999
2019-04-19,25Y,25,0.8732362728451417
2019-04-19,30Y,30,0.8362453097290746
2019-04-22,1Y,1,1.0002550433316537
2019-04-22,2Y,2,1.000637724367907
2019-04-22,3Y,3,1.000890456405706
2019-04-22,4Y,4,1.0007003559714929
2019-04-22,5Y,5,1.0000048399124244
2019-04-22,7Y,7,0.9965788745107692
2019-04-22,10Y,10,0.9853926586047594
2019-04-22,15Y,15,0.9518580693459836
2019-04-22,20Y,20,0.9105964342236927
2019-04-22,25Y,25,0.8692058626606116
2019-04-22,30Y,30,0.8300765807102044
2019-04-23,1Y,1,1.0002700484703715
2019-04-23,2Y,2,1.0006452369460475
2019-04-23,3Y,3,1.000970534405712
2019-04-23,4Y,4,1.0009981326134125
2019-04-23,5Y,5,1.0004651369890831
2019-04-23,7Y,7,0.9972890572118979
2019-04-23,10Y,10,0.9865824555680365
2019-04-23,15Y,15,0.9538507675703546
2019-04-23,20Y,20,0.9135069070534753
2019-04-23,25Y,25,0.8730932209752311
2019-04-23,30Y,30,0.8350412563538764
2019-04-24,1Y,1,1.0002800523775932
2019-04-24,2Y,2,1.000665252615993
2019-04-24,3Y,3,1.0010205841390605
2019-04-24,4Y,4,1.0011407926253775
2019-04-24,5Y,5,1.0007654418173364
2019-04-24,7Y,7,0.9978036739239192
2019-04-24,10Y,10,0.9873698233844942
2019-04-24,15Y,15,0.9551919795342285
2019-04-24,20Y,20,0.9153931222188819
2019-04-24,25Y,25,0.8755333803956226
2019-04-24,30Y,30,0.8379050374427782
2019-04-25,1Y,1,1.0002800523775932
2019-04-25,2Y,2,1.0006577487316484
2019-04-25,3Y,3,1.000995561570347
2019-04-25,4Y,4,1.0010632038496148
2019-04-25,5Y,5,1.0005802473460514
2019-04-25,7Y,7,0.9973427866053746
2019-04-25,10Y,10,0.9863695617207129
2019-04-25,15Y,15,0.9526960969698824
2019-04-25,20Y,20,0.911079180017841
2019-04-25,25Y,25,0.869531439246627
2019-04-25,30Y,30,0.8302607160002031
2019-04-26,1Y,1,1.0002800514086019
2019-04-26,2Y,2,1.0007477952568629
2019-04-26,3Y,3,1.0012458122378354
2019-04-26,4Y,4,1.001443699522509
2019-04-26,5Y,5,1.0011158985261852
2019-04-26,7Y,7,0.9983123634477042
2019-04-26,10Y,10,0.9880175104242688
2019-04-26,15Y,15,0.9554096320524693
2019-04-26,20Y,20,0.9148688951613162
2019-04-26,25Y,25,0.8743557327644915
2019-04-26,30Y,30,0.8362500693427587
2019-04-29,1Y,1,1.0002800514086019
2019-04-29,2Y,2,1.00070277280633
2019-04-29,3Y,3,1.0011557100465358
2019-04-29,4Y,4,1.0013986051999102
2019-04-29,5Y,5,1.0011158586829483
2019-04-29,7Y,7,0.9983124031396239
2019-04-29,10Y,10,0.9880177214840336
2019-04-29,15Y,15,0.95541014724993
2019-04-29,20Y,20,0.914869637014989
2019-04-29,25Y,25,0.8743566118609772
2019-04-29,30Y,30,0.8362510283574157
2019-04-30,1Y,1,1.0002800514086019
2019-04-30,2Y,2,1.00070277280633
2019-04-30,3Y,3,1.0011557100465358
2019-04-30,4Y,4,1.0013986051999102
2019-04-30,5Y,5,1.0011158586829483
2019-04-30,7Y,7,0.9983124031396239
2019-04-30,10Y,10,0.9880177214840336
2019-04-30,15Y,15,0.95541014724993
2019-04-30,20Y,20,0.914869637014989
2019-04-30,25Y,25,0.8743566118609772
2019-04-30,30Y,30,0.8362510283574157
2019-05-01,1Y,1,1.0002800514086019
2019-05-01,2Y,2,1.00070277280633
2019-05-01,3Y,3,1.0011557100465358
2019-05-01,4Y,4,1.0013986051999102
2019-05-01,5Y,5,1.0011158586829483
2019-05-01,7Y,7,0.9983124031396239
2019-05-01,10Y,10,0.9880177214840336
2019-05-01,15Y,15,0.95541014724993
2019-05-01,20Y,20,0.914869637014989
2019-05-01,25Y,25,0.8743566118609772
2019-05-01,30Y,30,0.8362510283574157
2019-05-02,1Y,1,1.0002800514086019
2019-05-02,2Y,2,1.00070277280633
2019-05-02,3Y,3,1.0011557100465358
2019-05-02,4Y,4,1.0013986051999102
2019-05-02,5Y,5,1.0011158586829483
2019-05-02,7Y,7,0.9983124031396239
2019-05-02,10Y,10,0.9880177214840336
2019-05-02,15Y,15,0.95541014724993
2019-05-02,20Y,20,0.914869637014989
2019-05-02,25Y,25,0.8743566118609772
2019-05-02,30Y,30,0.8362510283574157
2019-05-03,1Y,1,1.0002800514086019
2019-05-03,2Y,2,1.00070277280633
2019-05-03,3Y,3,1.0011557100465358
2019-05-03,4Y,4,1.0013986051999102
2019-05-03,5Y,5,1.0011158586829483
2019-05-03,7Y,7,0.9983124031396239
2019-05-03,10Y,10,0.9880177214840336
2019-05-03,15Y,15,0.95541014724993
2019-05-03,20Y,20,0.914869637014989
2019-05-03,25Y,25,0.8743566118609772
2019-05-03,30Y,30,0.8362510283574157
2019-05-06,1Y,1,1.0002800514086019
2019-05-06,2Y,2,1.00070277280633
2019-05-06,3Y,3,1.0011557100465358
2019-05-06,4Y,4,1.0013986051999102
2019-05-06,5Y,5,1.0011158586829483
2019-05-06,7Y,7,0.9983124031396239
2019-05-06,10Y,10,0.9880177214840336
2019-05-06,15Y,15,0.95541014724993
2019-05-06,20Y,20,0.914869637014989
2019-05-06,25Y,25,0.8743566118609772
2019-05-06,30Y,30,0.8362510283574157
2019-05-07,1Y,1,1.0002800514086019
2019-05-07,2Y,2,1.0007102766218359
2019-05-07,3Y,3,1.0011807349295327
2019-05-07,4Y,4,1.0014011112225518
2019-05-07,5Y,5,1.0010908512646879
2019-05-07,7Y,7,0.9986286219806438
2019-05-07,10Y,10,0.9887473501042716
2019-05-07,15Y,15,0.9568166027068589
2019-05-07,20Y,20,0.9172735830114026
2019-05-07,25Y,25,0.8777660782097885
2019-05-07,30Y,30,0.8404787493339481
2019-05-08,1Y,1,1.0002950569912916
2019-05-08,2Y,2,1.0007703187738033
2019-05-08,3Y,3,1.0012258110476564
2019-05-08,4Y,4,1.00134609461504
2019-05-08,5Y,5,1.0009657240249106
2019-05-08,7Y,7,0.9981975096182911
2019-05-08,10Y,10,0.9880582933295314
2019-05-08,15Y,15,0.9564741237973028
2019-05-08,20Y,20,0.9171550797993012
2019-05-08,25Y,25,0.8779676590993046
2019-05-08,30Y,30,0.8413452974209428
2019-05-09,1Y,1,1.0003000585667179
2019-05-09,2Y,2,1.0007878326229351
2019-05-09,3Y,3,1.001265859691179
2019-05-09,4Y,4,1.001406180924859
2019-05-09,5Y,5,1.0010408320717892
2019-05-09,7Y,7,0.9983234521329454
2019-05-09,10Y,10,0.9881438957670603
2019-05-09,15Y,15,0.9562359651032466
2019-05-09,20Y,20,0.9168074921076822
2019-05-09,25Y,25,0.8775503275087969
2019-05-09,30Y,30,0.8405313735876415
2019-05-10,1Y,1,1.0002950569912916
2019-05-10,2Y,2,1.0007703187738033
2019-05-10,3Y,3,1.0012458301482732
2019-05-10,4Y,4,1.0014111756192512
2019-05-10,5Y,5,1.0010808718621242
2019-05-10,7Y,7,0.9983974690527714
2019-05-10,10Y,10,0.9882630726573481
2019-05-10,15Y,15,0.9564419018716963
2019-05-10,20Y,20,0.9169077247775107
2019-05-10,25Y,25,0.8775399084097003
2019-05-10,30Y,30,0.8405195321414155
2019-05-13,1Y,1,1.0003000585667179
2019-05-13,2Y,2,1.0007728245371676
2019-05-13,3Y,3,1.0012858698950078
2019-05-13,4Y,4,1.0015538582059125
2019-05-13,5Y,5,1.0012911500434774
2019-05-13,7Y,7,0.9986473995640976
2019-05-13,10Y,10,0.9885275267995627
2019-05-13,15Y,15,0.9567451389825461
2019-05-13,20Y,20,0.9173064056571991
2019-05-13,25Y,25,0.8778405202435788
2019-05-13,30Y,30,0.8407581068310782
2019-05-14,1Y,1,1.0003150656123974
2019-05-14,2Y,2,1.0007803387536884
2019-05-14,3Y,3,1.0012358343405228
2019-05-14,4Y,4,1.0014161884425548
2019-05-14,5Y,5,1.001090884499366
2019-05-14,7Y,7,0.9983384156892315
2019-05-14,10Y,10,0.9881571657863794
2019-05-14,15Y,15,0.9565334927434715
2019-05-14,20Y,20,0.9172807686830456
2019-05-14,25Y,25,0.878194194307648
2019-05-14,30Y,30,0.8416067378265837
2019-05-15,1Y,1,1.000340076646902
2019-05-15,2Y,2,1.0008378917218215
2019-05-15,3Y,3,1.0013059417772643
2019-05-15,4Y,4,1.0014713056722695
2019-05-15,5Y,5,1.0011409881262645
2019-05-15,7Y,7,0.9985324833733247
2019-05-15,10Y,10,0.9886677950877081
2019-05-15,15Y,15,0.9575880817997763
2019-05-15,20Y,20,0.9189614336469872
2019-05-15,25Y,25,0.8804331934820588
2019-05-15,30Y,30,0.8442428575636169
2019-05-16,1Y,1,1.0003450784787187
2019-05-16,2Y,2,1.0008554070610607
2019-05-16,3Y,3,1.0013660136123317
2019-05-16,4Y,4,1.0016215250993248
2019-05-16,5Y,5,1.0014113958055184
2019-05-16,7Y,7,0.9989385507551047
2019-05-16,10Y,10,0.9893770014226398
2019-05-16,15Y,15,0.9589336884426524
2019-05-16,20Y,20,0.9210798999821497
2019-05-16,25Y,25,0.8833886382193312
2019-05-16,30Y,30,0.8479570339089716
2019-05-17,1Y,1,1.000335073674131
2019-05-17,2Y,2,1.0008579007340042
2019-05-17,3Y,3,1.0013509949317394
2019-05-17,4Y,4,1.0015063692171013
2019-05-17,5Y,5,1.0012111131472288
2019-05-17,7Y,7,0.9986974981057144
2019-05-17,10Y,10,0.9889794368045298
2019-05-17,15Y,15,0.9581249172433922
2019-05-17,20Y,20,0.91948130854025
2019-05-17,25Y,25,0.8809904667585506
2019-05-17,30Y,30,0.8447462006688519
2019-05-20,1Y,1,1.0003100639369251
2019-05-20,2Y,2,1.0007403120159406
2019-05-20,3Y,3,1.0011006920734289
2019-05-20,4Y,4,1.0011708717178422
2019-05-20,5Y,5,1.0007804998575263
2019-05-20,7Y,7,0.9980326561473736
2019-05-20,10Y,10,0.9880396804420162
2019-05-20,15Y,15,0.956246803161536
2019-05-20,20Y,20,0.9168129243525599
2019-05-20,25Y,25,0.8774871687796238
2019-05-20,30Y,30,0.8402642936422021
2019-05-21,1Y,1,1.0003000585667179
2019-05-21,2Y,2,1.0007878326229351
2019-05-21,3Y,3,1.0012358299328736
2019-05-21,4Y,4,1.0013085585336305
2019-05-21,5Y,5,1.0008906515618354
2019-05-21,7Y,7,0.9981825610249893
2019-05-21,10Y,10,0.988237886249592
2019-05-21,15Y,15,0.9566779219167055
2019-05-21,20Y,20,0.9174125688125797
2019-05-21,25Y,25,0.8781634474874616
2019-05-21,30Y,30,0.8413231101898473
2019-05-22,1Y,1,1.0003050601609083
2019-05-22,2Y,2,1.0008053467643752
2019-05-22,3Y,3,1.001315919295454
2019-05-22,4Y,4,1.0015363656002583
2019-05-22,5Y,5,1.0012861750800985
2019-05-22,7Y,7,0.9988936542555681
2019-05-22,10Y,10,0.9895436899277293
2019-05-22,15Y,15,0.9590389746417427
2019-05-22,20Y,20,0.9209453890628375
2019-05-22,25Y,25,0.8827440494192947
2019-05-22,30Y,30,0.846855341316574
2019-05-23,1Y,1,1.0003200673066341
2019-05-23,2Y,2,1.0008203660437418
2019-05-23,3Y,3,1.0013809956924455
2019-05-23,4Y,4,1.0017441663867157
2019-05-23,5Y,5,1.0016567565737433
2019-05-23,7Y,7,0.9996140742813796
2019-05-23,10Y,10,0.9904717260533767
2019-05-23,15Y,15,0.9604822060786078
2019-05-23,20Y,20,0.9227361808097612
2019-05-23,25Y,25,0.8848921658123806
2019-05-23,30Y,30,0.849195957889642
2019-05-24,1Y,1,1.000335073674131
2019-05-24,2Y,2,1.0008428916582168
2019-05-24,3Y,3,1.001411044387453
2019-05-24,4Y,4,1.0018092808296093
2019-05-24,5Y,5,1.0017268846017076
2019-05-24,7Y,7,0.9996381213346359
2019-05-24,10Y,10,0.990744378787409
2019-05-24,15Y,15,0.9610417636325208
2019-05-24,20Y,20,0.9234088221166676
2019-05-24,25Y,25,0.8858329537851722
2019-05-24,30Y,30,0.8505320851463403
2019-05-27,1Y,1,1.000330070751402
2019-05-27,2Y,2,1.00087790926922
2019-05-27,3Y,3,1.0015061650205022
2019-05-27,4Y,4,1.0019620537788902
2019-05-27,5Y,5,1.0020024139611592
2019-05-27,7Y,7,1.000067532534984
2019-05-27,10Y,10,0.9912615342390778
2019-05-27,15Y,15,0.9618027413507743
2019-05-27,20Y,20,0.9243690947355122
2019-05-27,25Y,25,0.8868195643677184
2019-05-27,30Y,30,0.8515633056438349
2019-05-28,1Y,1,1.0003350725019338
2019-05-28,2Y,2,1.000872911404477
2019-05-28,3Y,3,1.00149114627812
2019-05-28,4Y,4,1.0019545331271944
2019-05-28,5Y,5,1.0019873838159035
2019-05-28,7Y,7,1.0001997552636122
2019-05-28,10Y,10,0.991640601300219
2019-05-28,15Y,15,0.9625268311690595
2019-05-28,20Y,20,0.9256033728316176
2019-05-28,25Y,25,0.8885764681579158
2019-05-28,30Y,30,0.8537027940760854
2019-05-29,1Y,1,1.0003700879192965
2019-05-29,2Y,2,1.0010255431278547
2019-05-29,3Y,3,1.0017916217603422
2019-05-29,4Y,4,1.0023128464082416
2019-05-29,5Y,5,1.0024034577488943
2019-05-29,7Y,7,1.0007897119666862
2019-05-29,10Y,10,0.9926635312495963
2019-05-29,15Y,15,0.9644731341581455
2019-05-29,20Y,20,0.9284869890427109
2019-05-29,25Y,25,0.8924679439060497
2019-05-29,30Y,30,0.8585095586056385
2019-05-30,1Y,1,1.0003500791039508
2019-05-30,2Y,2,1.000962980808794
2019-05-30,3Y,3,1.0016764244151266
2019-05-30,4Y,4,1.002127436775549
2019-05-30,5Y,5,1.0020927247571707
2019-05-30,7Y,7,1.0000685083862932
2019-05-30,10Y,10,0.9912546099142457
2019-05-30,15Y,15,0.9622665231181861
2019-05-30,20Y,20,0.9255284979058582
2019-05-30,25Y,25,0.8885897563971574
2019-05-30,30Y,30,0.8537177734883084
2019-05-31,1Y,1,1.0004101069384452
2019-05-31,2Y,2,1.0011356683222465
2019-05-31,3Y,3,1.0019619595406883
2019-05-31,4Y,4,1.0024958551508933
2019-05-31,5Y,5,1.00254395447821
2019-05-31,7Y,7,1.0007807363339276
2019-05-31,10Y,10,0.9923634494860937
2019-05-31,15Y,15,0.9641160608680308
2019-05-31,20Y,20,0.9279751859079465
2019-05-31,25Y,25,0.8918468338975584
2019-05-31,30Y,30,0.8579866862933122
2019-06-03,1Y,1,1.0005001644492006
2019-06-03,2Y,2,1.001315923564356
2019-06-03,3Y,3,1.0022726418301664
2019-06-03,4Y,4,1.0029997525654295
2019-06-03,5Y,5,1.0032210547712472
2019-06-03,7Y,7,1.0016097413296294
2019-06-03,10Y,10,0.9932994941961761
2019-06-03,15Y,15,0.9654663422728254
2019-06-03,20Y,20,0.9297529243894769
2019-06-03,25Y,25,0.8938666915817228
2019-06-03,30Y,30,0.8600747294723291
2019-06-04,1Y,1,1.000630262499197
2019-06-04,2Y,2,1.001546338223994
2019-06-04,3Y,3,1.002473320801762
2019-06-04,4Y,4,1.0031054141597027
2019-06-04,5Y,5,1.003221467004016
2019-06-04,7Y,7,1.001412412220404
2019-06-04,10Y,10,0.9929130553282316
2019-06-04,15Y,15,0.9655746140142664
2019-06-04,20Y,20,0.9310077759348688
2019-06-04,25Y,25,0.8963100613595075
2019-06-04,30Y,30,0.8636580258068031
2019-06-05,1Y,1,1.0008004137905053
2019-06-05,2Y,2,1.002119896007401
2019-06-05,3Y,3,1.0035916778908411
2019-06-05,4Y,4,1.0046415823048938
2019-06-05,5Y,5,1.005029887623618
2019-06-05,7Y,7,1.0036165718290322
2019-06-05,10Y,10,0.9957142696902407
2019-06-05,15Y,15,0.9700090274800047
2019-06-05,20Y,20,0.9372314101581763
2019-06-05,25Y,25,0.9041290211815023
2019-06-05,30Y,30,0.8730394892895134
2019-06-06,1Y,1,1.00063525470182
2019-06-06,2Y,2,1.0017741234773836
2019-06-06,3Y,3,1.0031048575451054
2019-06-06,4Y,4,1.0040812420115697
2019-06-06,5Y,5,1.004466466479897
2019-06-06,7Y,7,1.003109560142093
2019-06-06,10Y,10,0.9954223501437565
2019-06-06,15Y,15,0.969998215830095
2019-06-06,20Y,20,0.9376333450782274
2019-06-06,25Y,25,0.9049329679081615
2019-06-06,30Y,30,0.8741702002123469
2019-06-07,1Y,1,1.00062524817926
2019-06-07,2Y,2,1.00173155386159
2019-06-07,3Y,3,1.0031097839004899
2019-06-07,4Y,4,1.0042291159248529
2019-06-07,5Y,5,1.004717398176177
2019-06-07,7Y,7,1.0035965672432599
2019-06-07,10Y,10,0.9961961364774482
2019-06-07,15Y,15,0.9715262156188114
2019-06-07,20Y,20,0.9403765771780597
2019-06-07,25Y,25,0.9094122657705569
2019-06-07,30Y,30,0.8805054934811245
2019-06-10,1Y,1,1.0006903115783574
2019-06-10,2Y,2,1.0017942346976283
2019-06-10,3Y,3,1.0030498132387162
2019-06-10,4Y,4,1.004006043566873
2019-06-10,5Y,5,1.0044062409308152
2019-06-10,7Y,7,1.0031597276113653
2019-06-10,10Y,10,0.9957095848967791
2019-06-10,15Y,15,0.9713182718436201
2019-06-10,20Y,20,0.9409474932917428
2019-06-10,25Y,25,0.9110134882193079
2019-06-10,30Y,30,0.8833305933746995
2019-06-11,1Y,1,1.0006302558957378
2019-06-11,2Y,2,1.0016815007680588
2019-06-11,3Y,3,1.0029043058047216
2019-06-11,4Y,4,1.0038252232157345
2019-06-11,5Y,5,1.0041499981863182
2019-06-11,7Y,7,1.002681695102934
2019-06-11,10Y,10,0.9948098450699719
2019-06-11,15Y,15,0.9697366899493549
2019-06-11,20Y,20,0.9390351785637077
2019-06-11,25Y,25,0.9096618953735641
2019-06-11,30Y,30,0.8828836052376756
2019-06-12,1Y,1,1.0006552772891928
2019-06-12,2Y,2,1.001754127990275
2019-06-12,3Y,3,1.0030547341688927
2019-06-12,4Y,4,1.004083694488849
2019-06-12,5Y,5,1.0045316498732537
2019-06-12,7Y,7,1.003209890759308
2019-06-12,10Y,10,0.99554266061304
2019-06-12,15Y,15,0.9714110354607939
2019-06-12,20Y,20,0.9426683278470521
2019-06-12,25Y,25,0.9156491014943423
2019-06-12,30Y,30,0.891200008747477
2019-06-13,1Y,1,1.0007053251149431
2019-06-13,2Y,2,1.0018693562341712
2019-06-13,3Y,3,1.0031852332255622
2019-06-13,4Y,4,1.0041366601916946
2019-06-13,5Y,5,1.0045319627634148
2019-06-13,7Y,7,1.0032100587545723
2019-06-13,10Y,10,0.9951885065521106
2019-06-13,15Y,15,0.9695961029727883
2019-06-13,20Y,20,0.9386015833385165
2019-06-13,25Y,25,0.9088370418593118
2019-06-13,30Y,30,0.8814712441717895
2019-06-14,1Y,1,1.0007403569574602
2019-06-14,2Y,2,1.0019244975500343
2019-06-14,3Y,3,1.003250491109817
2019-06-14,4Y,4,1.004279751605229
2019-06-14,5Y,5,1.0047881258516413
2019-06-14,7Y,7,1.0036972389012717
2019-06-14,10Y,10,0.9958417010928015
2019-06-14,15Y,15,0.9713560006321799
2019-06-14,20Y,20,0.9419632943650792
2019-06-14,25Y,25,0.9130825707223784
2019-06-14,30Y,30,0.8861087900242529
2019-06-17,1Y,1,1.000710331340712
2019-06-17,2Y,2,1.0018343195048565
2019-06-17,3Y,3,1.0031400782097908
2019-06-17,4Y,4,1.0041967533714349
2019-06-17,5Y,5,1.0047125749696566
2019-06-17,7Y,7,1.0035855900498059
2019-06-17,10Y,10,0.9957552746230977
2019-06-17,15Y,15,0.9714248375363247
2019-06-17,20Y,20,0.9418147821414729
2019-06-17,25Y,25,0.9125802037920406
2019-06-17,30Y,30,0.8852681496343207
2019-06-18,1Y,1,1.0007303491647528
2019-06-18,2Y,2,1.0019645259337464
2019-06-18,3Y,3,1.0035011140163845
2019-06-18,4Y,4,1.004809262514951
2019-06-18,5Y,5,1.0055467436815015
2019-06-18,7Y,7,1.0048533081118458
2019-06-18,10Y,10,0.9978510968215598
2019-06-18,15Y,15,0.9749914208981459
2019-06-18,20Y,20,0.9470820092826718
2019-06-18,25Y,25,0.9196299547615598
2019-06-18,30Y,30,0.8940631909556603
2019-06-19,1Y,1,1.0008705051022597
2019-06-19,2Y,2,1.0021851243474464
2019-06-19,3Y,3,1.0036820777640962
2019-06-19,4Y,4,1.004920303396681
2019-06-19,5Y,5,1.0055876235214947
2019-06-19,7Y,7,1.004692013090788
2019-06-19,10Y,10,0.9973163755676324
2019-06-19,15Y,15,0.974087754264047
2019-06-19,20Y,20,0.9458665390809551
2019-06-19,25Y,25,0.9180256843591755
2019-06-19,30Y,30,0.8921332315586553
2019-06-20,1Y,1,1.0010457357250397
2019-06-20,2Y,2,1.00254362639439
2019-06-20,3Y,3,1.004214403940869
2019-06-20,4Y,4,1.0056745566832141
2019-06-20,5Y,5,1.0066143018364557
2019-06-20,7Y,7,1.0063994914145393
2019-06-20,10Y,10,0.9999573589878034
2019-06-20,15Y,15,0.9788403000161603
2019-06-20,20Y,20,0.9531258202554181
2019-06-20,25Y,25,0.9276013408439457
2019-06-20,30Y,30,0.9040450817038388
2019-06-21,1Y,1,1.0010757921245992
2019-06-21,2Y,2,1.0026338530386236
2019-06-21,3Y,3,1.004304912857003
2019-06-21,4Y,4,1.0056296892251617
2019-06-21,5Y,5,1.0064336295859206
2019-06-21,7Y,7,1.0056491679504922
2019-06-21,10Y,10,0.9986791128914007
2019-06-21,15Y,15,0.9749082899342996
2019-06-21,20Y,20,0.9457821697147678
2019-06-21,25Y,25,0.9170537053342659
2019-06-21,30Y,30,0.8900903107693433
2019-06-24,1Y,1,1.0010106895977113
2019-06-24,2Y,2,1.0024583848674793
2019-06-24,3Y,3,1.004088829418709
2019-06-24,4Y,4,1.005513572194035
2019-06-24,5Y,5,1.0063827047947544
2019-06-24,7Y,7,1.0058256148330533
2019-06-24,10Y,10,0.9988060405155027
2019-06-24,15Y,15,0.9749348744124796
2019-06-24,20Y,20,0.9457428720257581
2019-06-24,25Y,25,0.9167857572775715
2019-06-24,30Y,30,0.8898089116576535
2019-06-25,1Y,1,1.0010106895977113
2019-06-25,2Y,2,1.0024583848674793
2019-06-25,3Y,3,1.0040788026890497
2019-06-25,4Y,4,1.0054934794680035
2019-06-25,5Y,5,1.0063876941378462
2019-06-25,7Y,7,1.005900006914404
2019-06-25,10Y,10,0.9989332808714029
2019-06-25,15Y,15,0.9752000781656207
2019-06-25,20Y,20,0.9459119789947509
2019-06-25,25Y,25,0.9173847051502235
2019-06-25,30Y,30,0.8909322520362343
2019-06-26,1Y,1,1.0009305852180101
2019-06-26,2Y,2,1.002260363936806
2019-06-26,3Y,3,1.003702324920079
2019-06-26,4Y,4,1.0048377084472242
2019-06-26,5Y,5,1.0053919170256034
2019-06-26,7Y,7,1.0044015761302807
2019-06-26,10Y,10,0.9966680742600365
2019-06-26,15Y,15,0.9711601623188977
2019-06-26,20Y,20,0.9400199353685252
2019-06-26,25Y,25,0.9093789136005975
2019-06-26,30Y,30,0.8807782255767154
2019-06-27,1Y,1,1.0009506185723704
2019-06-27,2Y,2,1.0022854395170187
2019-06-27,3Y,3,1.0037825975147285
2019-06-27,4Y,4,1.0050285429593089
2019-06-27,5Y,5,1.005698514852063
2019-06-27,7Y,7,1.0047838120773198
2019-06-27,10Y,10,0.9970749997951643
2019-06-27,15Y,15,0.971337709214588
2019-06-27,20Y,20,0.93984220318471
2019-06-27,25Y,25,0.9084935544948963
2019-06-27,30Y,30,0.8787878095798869
2019-06-28,1Y,1,1.001015715696125
2019-06-28,2Y,2,1.002370717896652
2019-06-28,3Y,3,1.0038880995327408
2019-06-28,4Y,4,1.0052446588896538
2019-06-28,5Y,5,1.0060857210483112
2019-06-28,7Y,7,1.0054729807512823
2019-06-28,10Y,10,0.9983046237970894
2019-06-28,15Y,15,0.9737688076792267
2019-06-28,20Y,20,0.9433338251358406
2019-06-28,25Y,25,0.9131115818710395
2019-06-28,30Y,30,0.8845295443768785
2019-07-01,1Y,1,1.0009656441143973
2019-07-01,2Y,2,1.002285465146056
2019-07-01,3Y,3,1.0037775949107042
2019-07-01,4Y,4,1.005066188400095
2019-07-01,5Y,5,1.0057889499380668
2019-07-01,7Y,7,1.0048733549002609
2019-07-01,10Y,10,0.9972619393584957
2019-07-01,15Y,15,0.9716464120944379
2019-07-01,20Y,20,0.9401595863645779
2019-07-01,25Y,25,0.9086457000888993
2019-07-01,30Y,30,0.8787663488712218
2019-07-02,1Y,1,1.0009656441143973
2019-07-02,2Y,2,1.0023155155869752
2019-07-02,3Y,3,1.0038177671511652
2019-07-02,4Y,4,1.0050311612266736
2019-07-02,5Y,5,1.0057187003495234
2019-07-02,7Y,7,1.0049939258397071
2019-07-02,10Y,10,0.9976898168004921
2019-07-02,15Y,15,0.9720686823652961
2019-07-02,20Y,20,0.9403238873115439
2019-07-02,25Y,25,0.9088682109958672
2019-07-02,30Y,30,0.8790256950764151
2019-07-03,1Y,1,1.0009656441143973
2019-07-03,2Y,2,1.0023230281235944
2019-07-03,3Y,3,1.003882951925156
2019-07-03,4Y,4,1.005239512374339
2019-07-03,5Y,5,1.0061207422260838
2019-07-03,7Y,7,1.0058449253178192
2019-07-03,10Y,10,0.9993347192607466
2019-07-03,15Y,15,0.9753133280840077
2019-07-03,20Y,20,0.9457111066113136
2019-07-03,25Y,25,0.9163135420169201
2019-07-03,30Y,30,0.8886598106531749
2019-07-04,1Y,1,1.0010407476728311
2019-07-04,2Y,2,1.0024809768084881
2019-07-04,3Y,3,1.0040437890085259
2019-07-04,4Y,4,1.0053253666152642
2019-07-04,5Y,5,1.0061715472035058
2019-07-04,7Y,7,1.0060163167768335
2019-07-04,10Y,10,0.9998837953708556
2019-07-04,15Y,15,0.9774432383470784
2019-07-04,20Y,20,0.9492656824465938
2019-07-04,25Y,25,0.9210769641504784
2019-07-04,30Y,30,0.8944733138885947
2019-07-05,1Y,1,1.001045756953986
2019-07-05,2Y,2,1.002385810846829
2019-07-05,3Y,3,1.003787882721771
2019-07-05,4Y,4,1.005018748519556
2019-07-05,5Y,5,1.0057991795592482
2019-07-05,7Y,7,1.0053509125537852
2019-07-05,10Y,10,0.9990810503719155
2019-07-05,15Y,15,0.9760881469686771
2019-07-05,20Y,20,0.9472205782008871
2019-07-05,25Y,25,0.9184875944222193
2019-07-05,30Y,30,0.8914506386013173
2019-07-08,1Y,1,1.0009706527286497
2019-07-08,2Y,2,1.0022654396513286
2019-07-08,3Y,3,1.0036321891837465
2019-07-08,4Y,4,1.004754888453387
2019-07-08,5Y,5,1.0054671366324186
2019-07-08,7Y,7,1.005059709180451
2019-07-08,10Y,10,0.9988137225777848
2019-07-08,15Y,15,0.9761224054170782
2019-07-08,20Y,20,0.9475706320302821
2019-07-08,25Y,25,0.9186807772119797
2019-07-08,30Y,30,0.8911635649140914
2019-07-09,1Y,1,1.0009105773383347
2019-07-09,2Y,2,1.0021075559691444
2019-07-09,3Y,3,1.0033862450796434
2019-07-09,4Y,4,1.004470891925378
2019-07-09,5Y,5,1.0051702118161778
2019-07-09,7Y,7,1.0047926909073492
2019-07-09,10Y,10,0.9985399495825378
2019-07-09,15Y,15,0.9759969573780743
2019-07-09,20Y,20,0.9474996718298713
2019-07-09,25Y,25,0.9189871500385244
2019-07-09,30Y,30,0.8920326807067008
2019-07-10,1Y,1,1.00081546288077
2019-07-10,2Y,2,1.001879539049261
2019-07-10,3Y,3,1.003055040365079
2019-07-10,4Y,4,1.0040990268829804
2019-07-10,5Y,5,1.0047426841568394
2019-07-10,7Y,7,1.0041890567356981
2019-07-10,10Y,10,0.9973910973879042
2019-07-10,15Y,15,0.9737088750429838
2019-07-10,20Y,20,0.944000974064237
2019-07-10,25Y,25,0.9143721469696913
2019-07-10,30Y,30,0.886251290470051
2019-07-11,1Y,1,1.0008855492466389
2019-07-11,2Y,2,1.0020048447682623
2019-07-11,3Y,3,1.0030753341342642
2019-07-11,4Y,4,1.0038560381298347
2019-07-11,5Y,5,1.0043162361315172
2019-07-11,7Y,7,1.0034900660219803
2019-07-11,10Y,10,0.9966905334481138
2019-07-11,15Y,15,0.9727620144032051
2019-07-11,20Y,20,0.9431632631492416
2019-07-11,25Y,25,0.9137961287548461
2019-07-11,30Y,30,0.8860333283732431
2019-07-12,1Y,1,1.0008304876417207
2019-07-12,2Y,2,1.0018495136630328
2019-07-12,3Y,3,1.0029497803014036
2019-07-12,4Y,4,1.0039384385300067
2019-07-12,5Y,5,1.0044966008841938
2019-07-12,7Y,7,1.0035662755576107
2019-07-12,10Y,10,0.9963900528803854
2019-07-12,15Y,15,0.972347063274837
2019-07-12,20Y,20,0.9421051292782995
2019-07-12,25Y,25,0.9117730268365968
2019-07-12,30Y,30,0.8832536498834124
2019-07-15,1Y,1,1.0008304876417207
2019-07-15,2Y,2,1.0018495136630328
2019-07-15,3Y,3,1.0030098971480796
2019-07-15,4Y,4,1.004108984974813
2019-07-15,5Y,5,1.0047325999155483
2019-07-15,7Y,7,1.0039179063306964
2019-07-15,10Y,10,0.9968903786110156
2019-07-15,15Y,15,0.9730842798024298
2019-07-15,20Y,20,0.9430629543526164
2019-07-15,25Y,25,0.9129362211685719
2019-07-15,30Y,30,0.8846089620627339
2019-07-16,1Y,1,1.0008605274868507
2019-07-16,2Y,2,1.0018946257929375
2019-07-16,3Y,3,1.0029097895034573
2019-07-16,4Y,4,1.0036802546064223
2019-07-16,5Y,5,1.0040249005922568
2019-07-16,7Y,7,1.0026928430804558
2019-07-16,10Y,10,0.9951900506954923
2019-07-16,15Y,15,0.9704368785879038
2019-07-16,20Y,20,0.9396401284473175
2019-07-16,25Y,25,0.9090903469500423
2019-07-16,30Y,30,0.8802965209297277
2019-07-17,1Y,1,1.000850514964126
2019-07-17,2Y,2,1.001904624089986
2019-07-17,3Y,3,1.0030300562473649
2019-07-17,4Y,4,1.003988747369409
2019-07-17,5Y,5,1.004551970179956
2019-07-17,7Y,7,1.0037411144292174
2019-07-17,10Y,10,0.9968905805230651
2019-07-17,15Y,15,0.9732564533682178
2019-07-17,20Y,20,0.9436922513020959
2019-07-17,25Y,25,0.9141089807565362
2019-07-17,30Y,30,0.8862861237972463
2019-07-18,1Y,1,1.0009155975522053
2019-07-18,2Y,2,1.0020124005392177
2019-07-18,3Y,3,1.0031405156149844
2019-07-18,4Y,4,1.0040968567434148
2019-07-18,5Y,5,1.004677760308582
2019-07-18,7Y,7,1.0040034569457086
2019-07-18,10Y,10,0.9973043940073947
2019-07-18,15Y,15,0.9740047296503028
2019-07-18,20Y,20,0.9446486736851093
2019-07-18,25Y,25,0.915276433484028
2019-07-18,30Y,30,0.8876473845031206
2019-07-19,1Y,1,1.0009706656177881
2019-07-19,2Y,2,1.002182786482357
2019-07-19,3Y,3,1.0034666192139396
2019-07-19,4Y,4,1.0045714702596507
2019-07-19,5Y,5,1.0052508412781687
2019-07-19,7Y,7,1.004707572763097
2019-07-19,10Y,10,0.9982925173999864
2019-07-19,15Y,15,0.9751228143374956
2019-07-19,20Y,20,0.945664587147569
2019-07-19,25Y,25,0.9160816493922064
2019-07-19,30Y,30,0.8881323874406342
2019-07-22,1Y,1,1.0009706656177881
2019-07-22,2Y,2,1.0021752737805487
2019-07-22,3Y,3,1.003511707951715
2019-07-22,4Y,4,1.0047596372988568
2019-07-22,5Y,5,1.0055522581797105
2019-07-22,7Y,7,1.0051339952649185
2019-07-22,10Y,10,0.9987736954877092
2019-07-22,15Y,15,0.9758576111635843
2019-07-22,20Y,20,0.946564851740559
2019-07-22,25Y,25,0.9169090957040922
2019-07-22,30Y,30,0.888642218383851
2019-07-23,1Y,1,1.0009706656177881
2019-07-23,2Y,2,1.0022203495494422
2019-07-23,3Y,3,1.0035318542237885
2019-07-23,4Y,4,1.0045891552280324
2019-07-23,5Y,5,1.0052710441033639
2019-07-23,7Y,7,1.0047970813474794
2019-07-23,10Y,10,0.9983927280766024
2019-07-23,15Y,15,0.9752988949602092
2019-07-23,20Y,20,0.9460039298296953
2019-07-23,25Y,25,0.9165535769400339
2019-07-23,30Y,30,0.8886826434535952
2019-07-24,1Y,1,1.0009656601474914
2019-07-24,2Y,2,1.0021577333611527
2019-07-24,3Y,3,1.0034014113679888
2019-07-24,4Y,4,1.0044710283989629
2019-07-24,5Y,5,1.0051703420979257
2019-07-24,7Y,7,1.0047927783378552
2019-07-24,10Y,10,0.9985399337703719
2019-07-24,15Y,15,0.9760827649791207
2019-07-24,20Y,20,0.9474991905743048
2019-07-24,25Y,25,0.9187912282967773
2019-07-24,30Y,30,0.891747767274286
2019-07-25,1Y,1,1.0009606515361524
2019-07-25,2Y,2,1.0021176579486004
2019-07-25,3Y,3,1.00330610317162
2019-07-25,4Y,4,1.0043805684352403
2019-07-25,5Y,5,1.0050948294482305
2019-07-25,7Y,7,1.0045805984538414
2019-07-25,10Y,10,0.9982192798313373
2019-07-25,15Y,15,0.9755491993146321
2019-07-25,20Y,20,0.9469863077497633
2019-07-25,25Y,25,0.9185514791481454
2019-07-25,30Y,30,0.8917800052404516
2019-07-26,1Y,1,1.0009456291343795
2019-07-26,2Y,2,1.002125144858391
2019-07-26,3Y,3,1.003366251710341
2019-07-26,4Y,4,1.0044433370776962
2019-07-26,5Y,5,1.0051300729999544
2019-07-26,7Y,7,1.0046570429311332
2019-07-26,10Y,10,0.9982192200774544
2019-07-26,15Y,15,0.9754058350377705
2019-07-26,20Y,20,0.946566298996352
2019-07-26,25Y,25,0.9178816648449013
2019-07-26,30Y,30,0.8909423635507591
2019-07-29,1Y,1,1.0009456291343795
2019-07-29,2Y,2,1.002125144858391
2019-07-29,3Y,3,1.0033762748716013
2019-07-29,4Y,4,1.0044759530768559
2019-07-29,5Y,5,1.0051803043980487
2019-07-29,7Y,7,1.0047073256402252
2019-07-29,10Y,10,0.9983060101276201
2019-07-29,15Y,15,0.9753385888812233
2019-07-29,20Y,20,0.9462743610339592
2019-07-29,25Y,25,0.9171819328850541
2019-07-29,30Y,30,0.88952744969798
2019-07-30,1Y,1,1.000970662414174
2019-07-30,2Y,2,1.0022128403755104
2019-07-30,3Y,3,1.0035468740491864
2019-07-30,4Y,4,1.004704547477404
2019-07-30,5Y,5,1.0055020824016527
2019-07-30,7Y,7,1.0053459963303235
2019-07-30,10Y,10,0.9993086616455558
2019-07-30,15Y,15,0.9769612198170812
2019-07-30,20Y,20,0.9484947308161457
2019-07-30,25Y,25,0.9198064227578848
2019-07-30,30Y,30,0.8925332175446111
2019-07-31,1Y,1,1.000960645179139
2019-07-31,2Y,2,1.0022078156371121
2019-07-31,3Y,3,1.0035769288451108
2019-07-31,4Y,4,1.004802396126464
2019-07-31,5Y,5,1.0056377442849274
2019-07-31,7Y,7,1.0054969655486785
2019-07-31,10Y,10,0.9996833749355399
2019-07-31,15Y,15,0.9777332539242322
2019-07-31,20Y,20,0.9496709594240261
2019-07-31,25Y,25,0.9214160866472311
2019-07-31,30Y,30,0.8944683584606664
2019-08-01,1Y,1,1.0008104583431312
2019-08-01,2Y,2,1.0018995574261969
2019-08-01,3Y,3,1.0031703172865443
2019-08-01,4Y,4,1.0043373809535985
2019-08-01,5Y,5,1.005069175706942
2019-08-01,7Y,7,1.0047007384960724
2019-08-01,10Y,10,0.9985135233308903
2019-08-01,15Y,15,0.9762349279119396
2019-08-01,20Y,20,0.9478825137530261
2019-08-01,25Y,25,0.9196112722193619
2019-08-01,30Y,30,0.8928733462459439
2019-08-02,1Y,1,1.0009606419819612
2019-08-02,2Y,2,1.0022754320123843
2019-08-02,3Y,3,1.0037725617564333
2019-08-02,4Y,4,1.0051288813435322
2019-08-02,5Y,5,1.0061254398139652
2019-08-02,7Y,7,1.0064560334982957
2019-08-02,10Y,10,1.0013502415441873
2019-08-02,15Y,15,0.9809601702099432
2019-08-02,20Y,20,0.9548708117804497
2019-08-02,25Y,25,0.9291109049843342
2019-08-02,30Y,30,0.9048069845231035
2019-08-05,1Y,1,1.001115851437273
2019-08-05,2Y,2,1.0026539938835641
2019-08-05,3Y,3,1.004395251088452
2019-08-05,4Y,4,1.0060616675410947
2019-08-05,5Y,5,1.007404196327179
2019-08-05,7Y,7,1.0083385497828594
2019-08-05,10Y,10,1.0043825638531727
2019-08-05,15Y,15,0.9867467408157963
2019-08-05,20Y,20,0.9631916949863928
2019-08-05,25Y,25,0.9397095767708312
2019-08-05,30Y,30,0.9176929601989593
2019-08-06,1Y,1,1.001055765051499
2019-08-06,2Y,2,1.0025336141641024
2019-08-06,3Y,3,1.004174284724844
2019-08-06,4Y,4,1.0056142602523532
2019-08-06,5Y,5,1.0067045999148925
2019-08-06,7Y,7,1.0073501889995868
2019-08-06,10Y,10,1.0025838402274005
2019-08-06,15Y,15,0.9834058466154251
2019-08-06,20Y,20,0.9586588039316237
2019-08-06,25Y,25,0.9341425651916082
2019-08-06,30Y,30,0.9109600313498396
2019-08-07,1Y,1,1.0011358838146796
2019-08-07,2Y,2,1.002754241468911
2019-08-07,3Y,3,1.0046262310069494
2019-08-07,4Y,4,1.006366061299272
2019-08-07,5Y,5,1.0077569926107433
2019-08-07,7Y,7,1.008913898255104
2019-08-07,10Y,10,1.0050145010430875
2019-08-07,15Y,15,0.988123076146028
2019-08-07,20Y,20,0.9659726315110252
2019-08-07,25Y,25,0.9435216357389451
2019-08-07,30Y,30,0.9222277607781462
2019-08-08,1Y,1,1.0011458963586564
2019-08-08,2Y,2,1.002759281845731
2019-08-08,3Y,3,1.0045961548563984
2019-08-08,4Y,4,1.0063057657517622
2019-08-08,5Y,5,1.0076362503555498
2019-08-08,7Y,7,1.0085148131384205
2019-08-08,10Y,10,1.0043696930722565
2019-08-08,15Y,15,0.9871309782832388
2019-08-08,20Y,20,0.9649258913274765
2019-08-08,25Y,25,0.9426722135763734
2019-08-08,30Y,30,0.9214022289987167
2019-08-09,1Y,1,1.0012861371821444
2019-08-09,2Y,2,1.0030778401984046
2019-08-09,3Y,3,1.0051138436541192
2019-08-09,4Y,4,1.0069981485471176
2019-08-09,5Y,5,1.008523823596015
2019-08-09,7Y,7,1.0099139051457575
2019-08-09,10Y,10,1.006421116707224
2019-08-09,15Y,15,0.9916690505908003
2019-08-09,20Y,20,0.9725507305341621
2019-08-09,25Y,25,0.9531382770156912
2019-08-09,30Y,30,0.9351173278682595
2019-08-12,1Y,1,1.0012861371821444
2019-08-12,2Y,2,1.0030628063836853
2019-08-12,3Y,3,1.0050535933070628
2019-08-12,4Y,4,1.0068849626473586
2019-08-12,5Y,5,1.0083575503098
2019-08-12,7Y,7,1.009637180326321
2019-08-12,10Y,10,1.006057766593722
2019-08-12,15Y,15,0.9910295967173468
2019-08-12,20Y,20,0.9715133315636555
2019-08-12,25Y,25,0.9519010069728744
2019-08-12,30Y,30,0.9333967640168749
2019-08-13,1Y,1,1.0013612781142651
2019-08-13,2Y,2,1.003213371435959
2019-08-13,3Y,3,1.0052999615391163
2019-08-13,4Y,4,1.0072777523684155
2019-08-13,5Y,5,1.0089173383767371
2019-08-13,7Y,7,1.0105558272628807
2019-08-13,10Y,10,1.0077339475650746
2019-08-13,15Y,15,0.9943806801633124
2019-08-13,20Y,20,0.9770024144933146
2019-08-13,25Y,25,0.9595562227056922
2019-08-13,30Y,30,0.9434814745019314
2019-08-14,1Y,1,1.0012911486368274
2019-08-14,2Y,2,1.0031179415810114
2019-08-14,3Y,3,1.0052695070691682
2019-08-14,4Y,4,1.007335182084688
2019-08-14,5Y,5,1.0090478735314508
2019-08-14,7Y,7,1.0108432575131485
2019-08-14,10Y,10,1.0082725946516493
2019-08-14,15Y,15,0.9953260696188246
2019-08-14,20Y,20,0.9784603871558079
2019-08-14,25Y,25,0.9615113613017982
2019-08-14,30Y,30,0.945496662631676
2019-08-15,1Y,1,1.001336236197374
2019-08-15,2Y,2,1.0031782078001161
2019-08-15,3Y,3,1.005355026498083
2019-08-15,4Y,4,1.0075189617997888
2019-08-15,5Y,5,1.0093554584163134
2019-08-15,7Y,7,1.0112278022264767
2019-08-15,10Y,10,1.008718194432966
2019-08-15,15Y,15,0.9968707780042435
2019-08-15,20Y,20,0.9813310325730182
2019-08-15,25Y,25,0.9661861426536227
2019-08-15,30Y,30,0.9524978733274971
2019-08-16,1Y,1,1.0013111905759138
2019-08-16,2Y,2,1.0030979485825782
2019-08-16,3Y,3,1.0050988763671536
2019-08-16,4Y,4,1.0069579993799285
2019-08-16,5Y,5,1.0085036878757019
2019-08-16,7Y,7,1.0099642552170245
2019-08-16,10Y,10,1.006938777784966
2019-08-16,15Y,15,0.9937421897937628
2019-08-16,20Y,20,0.9766825547436743
2019-08-16,25Y,25,0.959475382097648
2019-08-16,30Y,30,0.9435027295678129
2019-08-19,1Y,1,1.001256094909513
2019-08-19,2Y,2,1.0029649918784507
2019-08-19,3Y,3,1.0049579645819133
2019-08-19,4Y,4,1.0068920910965162
2019-08-19,5Y,5,1.0084628000231661
2019-08-19,7Y,7,1.009924289121983
2019-08-19,10Y,10,1.006797136817737
2019-08-19,15Y,15,0.9925358932944103
2019-08-19,20Y,20,0.974450600703448
2019-08-19,25Y,25,0.9562444787277393
2019-08-19,30Y,30,0.9388665700198952
2019-08-20,1Y,1,1.0012761272937925
2019-08-20,2Y,2,1.0030276897853543
2019-08-20,3Y,3,1.0050233850071086
2019-08-20,4Y,4,1.0069024084500302
2019-08-20,5Y,5,1.0084680832714896
2019-08-20,7Y,7,1.0100847714050272
2019-08-20,10Y,10,1.0073420178989974
2019-08-20,15Y,15,0.9940542875279111
2019-08-20,20Y,20,0.977320688585016
2019-08-20,25Y,25,0.9607264225775025
2019-08-20,30Y,30,0.9449505137104561
2019-08-21,1Y,1,1.0012410532180895
2019-08-21,2Y,2,1.002980001338912
2019-08-21,3Y,3,1.004952976431071
2019-08-21,4Y,4,1.0068393197043113
2019-08-21,5Y,5,1.0084475985053476
2019-08-21,7Y,7,1.0100844245534188
2019-08-21,10Y,10,1.007341838383819
2019-08-21,15Y,15,0.9940543690640286
2019-08-21,20Y,20,0.977320948869327
2019-08-21,25Y,25,0.9605773052013735
2019-08-21,30Y,30,0.9443629649354728
2019-08-22,1Y,1,1.0012260328332476
2019-08-22,2Y,2,1.0029423717128114
2019-08-22,3Y,3,1.004922760135175
2019-08-22,4Y,4,1.006831641372989
2019-08-22,5Y,5,1.0084926939089043
2019-08-22,7Y,7,1.0103716323104281
2019-08-22,10Y,10,1.0078330325790807
2019-08-22,15Y,15,0.9945018894312078
2019-08-22,20Y,20,0.9776269321274881
2019-08-22,25Y,25,0.9605157030035679
2019-08-22,30Y,30,0.9437619557628604
2019-08-23,1Y,1,1.001185967388861
2019-08-23,2Y,2,1.0029146977541852
2019-08-23,3Y,3,1.005068118649334
2019-08-23,4Y,4,1.0072085995410407
2019-08-23,5Y,5,1.0089763051672007
2019-08-23,7Y,7,1.0108683238802203
2019-08-23,10Y,10,1.0084536254270149
2019-08-23,15Y,15,0.9952764403467272
2019-08-23,20Y,20,0.9782798859707986
2019-08-23,25Y,25,0.9611644438466045
2019-08-23,30Y,30,0.9443219741065715
2019-08-26,1Y,1,1.0013262125109246
2019-08-26,2Y,2,1.0032257929289745
2019-08-26,3Y,3,1.0055408343747272
2019-08-26,4Y,4,1.0077456344153883
2019-08-26,5Y,5,1.0095374373520634
2019-08-26,7Y,7,1.0118503006108939
2019-08-26,10Y,10,1.0101942659707748
2019-08-26,15Y,15,0.998806170611422
2019-08-26,20Y,20,0.9837599693152007
2019-08-26,25Y,25,0.9685751517196121
2019-08-26,30Y,30,0.9536132295876081
2019-08-27,1Y,1,1.0012861371821444
2019-08-27,2Y,2,1.003115424220435
2019-08-27,3Y,3,1.0053597928077807
2019-08-27,4Y,4,1.007654437278666
2019-08-27,5Y,5,1.0096573907529582
2019-08-27,7Y,7,1.0121263825899809
2019-08-27,10Y,10,1.010585255232935
2019-08-27,15Y,15,0.9991334746500097
2019-08-27,20Y,20,0.9841462981372193
2019-08-27,25Y,25,0.9691403099213118
2019-08-27,30Y,30,0.954488894537801
2019-08-28,1Y,1,1.0013011629595516
2019-08-28,2Y,2,1.0031079534464575
2019-08-28,3Y,3,1.0052293325239658
2019-08-28,4Y,4,1.0073878207434506
2019-08-28,5Y,5,1.009319545424411
2019-08-28,7Y,7,1.0117062068178122
2019-08-28,10Y,10,1.0100783264099311
2019-08-28,15Y,15,0.9983501753589241
2019-08-28,20Y,20,0.9830017090889347
2019-08-28,25Y,25,0.9675167227503831
2019-08-28,30Y,30,0.9521540587086444
2019-08-29,1Y,1,1.0013011629595516
2019-08-29,2Y,2,1.003100436310237
2019-08-29,3Y,3,1.0051038877668086
2019-08-29,4Y,4,1.007008215283959
2019-08-29,5Y,5,1.0087401209960305
2019-08-29,7Y,7,1.0109829530641905
2019-08-29,10Y,10,1.009240804704363
2019-08-29,15Y,15,0.9974688764758599
2019-08-29,20Y,20,0.9822525686010883
2019-08-29,25Y,25,0.9670906126024716
2019-08-29,30Y,30,0.9521813868098091
2019-08-30,1Y,1,1.0012410615789678
2019-08-30,2Y,2,1.002942409724335
2019-08-30,3Y,3,1.0048575598038756
2019-08-30,4Y,4,1.0066984216449573
2019-08-30,5Y,5,1.008331474725119
2019-08-30,7Y,7,1.0103518408004113
2019-08-30,10Y,10,1.0084513045123082
2019-08-30,15Y,15,0.9964691641899714
2019-08-30,20Y,20,0.981391070877286
2019-08-30,25Y,25,0.9663175704718993
2019-08-30,30Y,30,0.9513260752101358
2019-09-02,1Y,1,1.001236050569101
2019-09-02,2Y,2,1.0029849904998338
2019-09-02,3Y,3,1.0051486217341186
2019-09-02,4Y,4,1.0073973641962224
2019-09-02,5Y,5,1.0093391998570407
2019-09-02,7Y,7,1.0117057983472748
2019-09-02,10Y,10,1.0101858194480675
2019-09-02,15Y,15,0.999308619327976
2019-09-02,20Y,20,0.9851788687478099
2019-09-02,25Y,25,0.9709780148353035
2019-09-02,30Y,30,0.9568425797762081
2019-09-03,1Y,1,1.0012861371821444
2019-09-03,2Y,2,1.003122940936609
2019-09-03,3Y,3,1.005324706069173
2019-09-03,4Y,4,1.007523716674106
2019-09-03,5Y,5,1.0095010817124104
2019-09-03,7Y,7,1.0122073981416861
2019-09-03,10Y,10,1.0115348377129791
2019-09-03,15Y,15,1.0031549686407348
2019-09-03,20Y,20,0.9923208468493177
2019-09-03,25Y,25,0.9815418251966118
2019-09-03,30Y,30,0.9709806690663552
2019-09-04,1Y,1,1.0012610934465025
2019-09-04,2Y,2,1.0030201391926323
2019-09-04,3Y,3,1.0051136392820987
2019-09-04,4Y,4,1.0072466654970689
2019-09-04,5Y,5,1.009157848843638
2019-09-04,7Y,7,1.0116395990242666
2019-09-04,10Y,10,1.0106363867440824
2019-09-04,15Y,15,1.0017507047488214
2019-09-04,20Y,20,0.9903086365296423
2019-09-04,25Y,25,0.9788375383850743
2019-09-04,30Y,30,0.9674411689657357
2019-09-05,1Y,1,1.001200999234592
2019-09-05,2Y,2,1.0027193208466565
2019-09-05,3Y,3,1.004380420589805
2019-09-05,4Y,4,1.006114552928201
2019-09-05,5Y,5,1.0076909420072484
2019-09-05,7Y,7,1.0093956102243908
2019-09-05,10Y,10,1.0071910358652305
2019-09-05,15Y,15,0.9963635302800078
2019-09-05,20Y,20,0.9831838639065008
2019-09-05,25Y,25,0.9701181728725765
2019-09-05,30Y,30,0.9572143579963927
2019-09-06,1Y,1,1.0011909859267512
2019-09-06,2Y,2,1.0027894410863702
2019-09-06,3Y,3,1.004571199701213
2019-09-06,4Y,4,1.0062455746405068
2019-09-06,5Y,5,1.0076663856580301
2019-09-06,7Y,7,1.0090234212442555
2019-09-06,10Y,10,1.00594101644546
2019-09-06,15Y,15,0.9906658016738208
2019-09-06,20Y,20,0.9719858873113644
2019-09-06,25Y,25,0.9528180661090057
2019-09-06,30Y,30,0.9339802406262044
2019-09-09,1Y,1,1.001251087929894
2019-09-09,2Y,2,1.0028797898419246
2019-09-09,3Y,3,1.0046416995956091
2019-09-09,4Y,4,1.0062810859588385
2019-09-09,5Y,5,1.0076316058157502
2019-09-09,7Y,7,1.0088987934896159
2019-09-09,10Y,10,1.0056993885277867
2019-09-09,15Y,15,0.9905573396773751
2019-09-09,20Y,20,0.971288805921515
2019-09-09,25Y,25,0.951421620628352
2019-09-09,30Y,30,0.9313708342073089
2019-09-10,1Y,1,1.0012210383358997
2019-09-10,2Y,2,1.0028346119477938
2019-09-10,3Y,3,1.0045713414911392
2019-09-10,4Y,4,1.006092544410073
2019-09-10,5Y,5,1.0072843021719382
2019-09-10,7Y,7,1.008172820741038
2019-09-10,10Y,10,1.0043088119246033
2019-09-10,15Y,15,0.9888403373316951
2019-09-10,20Y,20,0.9685002634455112
2019-09-10,25Y,25,0.9466094139755754
2019-09-10,30Y,30,0.9244903407789455
2019-09-11,1Y,1,1.0011809805296152
2019-09-11,2Y,2,1.0026641454293483
2019-09-11,3Y,3,1.004199758901614
2019-09-11,4Y,4,1.0054992014382422
2019-09-11,5Y,5,1.0063984039259966
2019-09-11,7Y,7,1.0066497970656119
2019-09-11,10Y,10,1.0020275147617743
2019-09-11,15Y,15,0.9854817036880791
2019-09-11,20Y,20,0.9646958500995073
2019-09-11,25Y,25,0.9428019787760454
2019-09-11,30Y,30,0.9205975506494952
2019-09-12,1Y,1,1.0011809766180846
2019-09-12,2Y,2,1.0027017267713936
2019-09-12,3Y,3,1.0041647308900055
2019-09-12,4Y,4,1.0052030302694686
2019-09-12,5Y,5,1.0058957630417964
2019-09-12,7Y,7,1.0058856724965217
2019-09-12,10Y,10,1.0007747605755852
2019-09-12,15Y,15,0.9825981654768494
2019-09-12,20Y,20,0.9600718154269537
2019-09-12,25Y,25,0.9365522681094871
2019-09-12,30Y,30,0.9126871050130915
2019-09-13,1Y,1,1.0010207315472073
2019-09-13,2Y,2,1.0022454950726498
2019-09-13,3Y,3,1.003211104140218
2019-09-13,4Y,4,1.0036584189920625
2019-09-13,5Y,5,1.003754661860513
2019-09-13,7Y,7,1.0023770595819232
2019-09-13,10Y,10,0.9953910593579043
2019-09-13,15Y,15,0.9744505363575582
2019-09-13,20Y,20,0.9489879804051827
2019-09-13,25Y,25,0.9225656989668815
2019-09-13,30Y,30,0.8960590198639012
2019-09-16,1Y,1,1.0010808233258188
2019-09-16,2Y,2,1.0023207457899677
2019-09-16,3Y,3,1.0035822255200384
2019-09-16,4Y,4,1.0041526802280594
2019-09-16,5Y,5,1.0037199602018718
2019-09-16,7Y,7,1.0018506629993453
2019-09-16,10Y,10,0.9938905006307758
2019-09-16,15Y,15,0.9722044984785246
2019-09-16,20Y,20,0.9460107306279464
2019-09-16,25Y,25,0.9189954028871178
2019-09-16,30Y,30,0.8919455593187681
2019-09-17,1Y,1,1.0010958453073926
2019-09-17,2Y,2,1.0024109507234655
2019-09-17,3Y,3,1.0037077593326655
2019-09-17,4Y,4,1.0047578121209004
2019-09-17,5Y,5,1.005321927473372
2019-09-17,7Y,7,1.0045022218721356
2019-09-17,10Y,10,0.9984067988385454
2019-09-17,15Y,15,0.9790432401811464
2019-09-17,20Y,20,0.9549648869420804
2019-09-17,25Y,25,0.9299372661083907
2019-09-17,30Y,30,0.9048807962321898
2019-09-18,1Y,1,1.0011759661060047
2019-09-18,2Y,2,1.0026766651539365
2019-09-18,3Y,3,1.0042399008482232
2019-09-18,4Y,4,1.0055971577477087
2019-09-18,5Y,5,1.0065492904287596
2019-09-18,7Y,7,1.0066300003267448
2019-09-18,10Y,10,1.0014044383276568
2019-09-18,15Y,15,0.9830529374276332
2019-09-18,20Y,20,0.9598149684722266
2019-09-18,25Y,25,0.9355076900551581
2019-09-18,30Y,30,0.9109442256334082
2019-09-19,1Y,1,1.0013312332295001
2019-09-19,2Y,2,1.00307043557637
2019-09-19,3Y,3,1.0048830755110978
2019-09-19,4Y,4,1.0064250938476837
2019-09-19,5Y,5,1.0075722734703736
2019-09-19,7Y,7,1.0080576416331413
2019-09-19,10Y,10,1.0033631076895309
2019-09-19,15Y,15,0.9844482068848803
2019-09-19,20Y,20,0.9597722197917583
2019-09-19,25Y,25,0.9334122619345768
2019-09-19,30Y,30,0.9065635246682614
2019-09-20,1Y,1,1.0013763238294273
2019-09-20,2Y,2,1.0031532529435685
2019-09-20,3Y,3,1.0050840391340432
2019-09-20,4Y,4,1.0068476551446146
2019-09-20,5Y,5,1.0081919037111442
2019-09-20,7Y,7,1.009001314387584
2019-09-20,10Y,10,1.0042636295003082
2019-09-20,15Y,15,0.9853892418615542
2019-09-20,20Y,20,0.9604414773125298
2019-09-20,25Y,25,0.9332659955335351
2019-09-20,30Y,30,0.9053561436581137
2019-09-23,1Y,1,1.0013763238294273
2019-09-23,2Y,2,1.0031532529435685
2019-09-23,3Y,3,1.0052245084314442
2019-09-23,4Y,4,1.0073051489767904
2019-09-23,5Y,5,1.0088970877537509
2019-09-23,7Y,7,1.0099870332414702
2019-09-23,10Y,10,1.0056557137977054
2019-09-23,15Y,15,0.9874485283395357
2019-09-23,20Y,20,0.9630911170346177
2019-09-23,25Y,25,0.9365558655841546
2019-09-23,30Y,30,0.9092580701464309
2019-09-24,1Y,1,1.0013913516556139
2019-09-24,2Y,2,1.003235997549548
2019-09-24,3Y,3,1.0053552588491488
2019-09-24,4Y,4,1.0074161619069444
2019-09-24,5Y,5,1.0090888411133916
2019-09-24,7Y,7,1.0105364085268385
2019-09-24,10Y,10,1.0067724306909198
2019-09-24,15Y,15,0.9886523450586148
2019-09-24,20Y,20,0.9642029367469384
2019-09-24,25Y,25,0.9374379447112741
2019-09-24,30Y,30,0.9097690844488207
2019-09-25,1Y,1,1.0014865477733819
2019-09-25,2Y,2,1.0033891637183132
2019-09-25,3Y,3,1.0054160430590837
2019-09-25,4Y,4,1.007283560576585
2019-09-25,5Y,5,1.0088225136457039
2019-09-25,7Y,7,1.0100471376458007
2019-09-25,10Y,10,1.0057836204207182
2019-09-25,15Y,15,0.9866987440413362
2019-09-25,20Y,20,0.9606963932406302
2019-09-25,25Y,25,0.9323043734907558
2019-09-25,30Y,30,0.9032828971586608
2019-09-26,1Y,1,1.001481539446845
2019-09-26,2Y,2,1.003454313200751
2019-09-26,3Y,3,1.0056521489943386
2019-09-26,4Y,4,1.007628484397253
2019-09-26,5Y,5,1.0091959799804386
2019-09-26,7Y,7,1.0104319938011526
2019-09-26,10Y,10,1.0062889333012286
2019-09-26,15Y,15,0.9882512059482725
2019-09-26,20Y,20,0.964490967454107
2019-09-26,25Y,25,0.9387731080938253
2019-09-26,30Y,30,0.9123716434635041
2019-09-27,1Y,1,1.001466509731295
2019-09-27,2Y,2,1.003386591692975
2019-09-27,3Y,3,1.0054812693462964
2019-09-27,4Y,4,1.0073289102427727
2019-09-27,5Y,5,1.008732108040711
2019-09-27,7Y,7,1.0096498850247955
2019-09-27,10Y,10,1.0051113072628204
2019-09-27,15Y,15,0.9874535716175479
2019-09-27,20Y,20,0.9644769910989337
2019-09-27,25Y,25,0.939419210486217
2019-09-27,30Y,30,0.9138525172524158
2019-09-30,1Y,1,1.0014164096403793
2019-09-30,2Y,2,1.0032711485593007
2019-09-30,3Y,3,1.0053202746995527
2019-09-30,4Y,4,1.00705190560669
2019-09-30,5Y,5,1.0081626823865297
2019-09-30,7Y,7,1.0083924639081097
2019-09-30,10Y,10,1.0025856340621002
2019-09-30,15Y,15,0.9821142076409196
2019-09-30,20Y,20,0.9557823468514852
2019-09-30,25Y,25,0.9277662683515325
2019-09-30,30Y,30,0.8992483680758749
2019-10-01,1Y,1,1.0012761526992808
2019-10-01,2Y,2,1.002854779108953
2019-10-01,3Y,3,1.00483721192762
2019-10-01,4Y,4,1.0069368847531488
2019-10-01,5Y,5,1.0082513423417636
2019-10-01,7Y,7,1.008037673441113
2019-10-01,10Y,10,1.0017939583949664
2019-10-01,15Y,15,0.9815409925708322
2019-10-01,20Y,20,0.9558332972590216
2019-10-01,25Y,25,0.9285973072813436
2019-10-01,30Y,30,0.9009929255496902
2019-10-02,1Y,1,1.0013613008047142
2019-10-02,2Y,2,1.0031005790574339
2019-10-02,3Y,3,1.004983530842643
2019-10-02,4Y,4,1.0066564551004014
2019-10-02,5Y,5,1.00779408508961
2019-10-02,7Y,7,1.007695885853238
2019-10-02,10Y,10,1.0014852079225485
2019-10-02,15Y,15,0.9808097145558067
2019-10-02,20Y,20,0.9548912684961688
2019-10-02,25Y,25,0.9272641486702451
2019-10-02,30Y,30,0.8993227019451668
2019-10-03,1Y,1,1.0014614966625628
2019-10-03,2Y,2,1.0034216673641212
2019-10-03,3Y,3,1.0056871530936144
2019-10-03,4Y,4,1.0077792711682956
2019-10-03,5Y,5,1.009317009875781
2019-10-03,7Y,7,1.010151055716742
2019-10-03,10Y,10,1.0052873238647977
2019-10-03,15Y,15,0.986912531097154
2019-10-03,20Y,20,0.9637790677204338
2019-10-03,25Y,25,0.9389617317904252
2019-10-03,30Y,30,0.91357681828613
2019-10-04,1Y,1,1.0015216217805156
2019-10-04,2Y,2,1.00343689544473
2019-10-04,3Y,3,1.005436293767908
2019-10-04,4Y,4,1.0072209388632887
2019-10-04,5Y,5,1.0085760903676306
2019-10-04,7Y,7,1.0092856683595552
2019-10-04,10Y,10,1.004177254526154
2019-10-04,15Y,15,0.9853278831985851
2019-10-04,20Y,20,0.9614202494471082
2019-10-04,25Y,25,0.9355533664648372
2019-10-04,30Y,30,0.9090678088162825
2019-10-07,1Y,1,1.0015917907636978
2019-10-07,2Y,2,1.003652687292703
2019-10-07,3Y,3,1.00586876296572
2019-10-07,4Y,4,1.007757740805506
2019-10-07,5Y,5,1.0091820837111825
2019-10-07,7Y,7,1.010059792021224
2019-10-07,10Y,10,1.0051194524388676
2019-10-07,15Y,15,0.9866626780965856
2019-10-07,20Y,20,0.9627305511604316
2019-10-07,25Y,25,0.9365962234923321
2019-10-07,30Y,30,0.9095657912973723
2019-10-08,1Y,1,1.0015166232804031
2019-10-08,2Y,2,1.0034719603737108
2019-10-08,3Y,3,1.005652238217369
2019-10-08,4Y,4,1.0076411561803984
2019-10-08,5Y,5,1.0091457968459319
2019-10-08,7Y,7,1.0100588651500986
2019-10-08,10Y,10,1.0052600413985477
2019-10-08,15Y,15,0.9865946610363775
2019-10-08,20Y,20,0.9628235492950288
2019-10-08,25Y,25,0.9367928083677043
2019-10-08,30Y,30,0.909852950764972
2019-10-09,1Y,1,1.0014865625080973
2019-10-09,2Y,2,1.0033289937457641
2019-10-09,3Y,3,1.0052351962611
2019-10-09,4Y,4,1.0068509533132166
2019-10-09,5Y,5,1.0080015148318178
2019-10-09,7Y,7,1.0084273131577608
2019-10-09,10Y,10,1.0029745515599362
2019-10-09,15Y,15,0.983153261420894
2019-10-09,20Y,20,0.9584029665573053
2019-10-09,25Y,25,0.9315623079925689
2019-10-09,30Y,30,0.9037396213574741
2019-10-10,1Y,1,1.0014214270033248
2019-10-10,2Y,2,1.0031684025654457
2019-10-10,3Y,3,1.0049285805877297
2019-10-10,4Y,4,1.0064204533757108
2019-10-10,5Y,5,1.00748716159774
2019-10-10,7Y,7,1.0075493068213701
2019-10-10,10Y,10,1.0017734611619753
2019-10-10,15Y,15,0.9817965695423215
2019-10-10,20Y,20,0.9568546144916968
2019-10-10,25Y,25,0.930167987710161
2019-10-10,30Y,30,0.9026842831912613
2019-10-11,1Y,1,1.0013362628063678
2019-10-11,2Y,2,1.0029075486344767
2019-10-11,3Y,3,1.0043810022066468
2019-10-11,4Y,4,1.005552730167425
2019-10-11,5Y,5,1.0063087814546334
2019-10-11,7Y,7,1.005835562960018
2019-10-11,10Y,10,0.9992480792403522
2019-10-11,15Y,15,0.9780696417853739
2019-10-11,20Y,20,0.9521801810667156
2019-10-11,25Y,25,0.9246538391770687
2019-10-11,30Y,30,0.8966464227056745
2019-10-14,1Y,1,1.0013663084608093
2019-10-14,2Y,2,1.0031406903729316
2019-10-14,3Y,3,1.00503884327395
2019-10-14,4Y,4,1.0066415658339773
2019-10-14,5Y,5,1.00737171231717
2019-10-14,7Y,7,1.0061905816512697
2019-10-14,10Y,10,0.9997499586549742
2019-10-14,15Y,15,0.9788069813264776
2019-10-14,20Y,20,0.953140368919081
2019-10-14,25Y,25,0.9258235629776759
2019-10-14,30Y,30,0.8980120473195073
2019-10-15,1Y,1,1.0013162370499726
2019-10-15,2Y,2,1.0029350518986557
2019-10-15,3Y,3,1.0044964276285104
2019-10-15,4Y,4,1.0055830439914224
2019-10-15,5Y,5,1.0062335991008111
2019-10-15,7Y,7,1.0057853399937815
2019-10-15,10Y,10,0.9993687766409168
2019-10-15,15Y,15,0.9788901395912574
2019-10-15,20Y,20,0.953601630921833
2019-10-15,25Y,25,0.9267092344798459
2019-10-15,30Y,30,0.8994478659374904
2019-10-16,1Y,1,1.0012761272937925
2019-10-16,2Y,2,1.002832246861166
2019-10-16,3Y,3,1.004300510471783
2019-10-16,4Y,4,1.0055273076688473
2019-10-16,5Y,5,1.006363741211214
2019-10-16,7Y,7,1.0061069604086283
2019-10-16,10Y,10,0.9999107123274271
2019-10-16,15Y,15,0.9794736029532979
2019-10-16,20Y,20,0.9543828966351511
2019-10-16,25Y,25,0.9275318411935894
2019-10-16,30Y,30,0.9002644466656138
2019-10-17,1Y,1,1.0013462912173745
2019-10-17,2Y,2,1.0028674712104497
2019-10-17,3Y,3,1.0043006613749457
2019-10-17,4Y,4,1.0055149123441385
2019-10-17,5Y,5,1.0063236788136405
2019-10-17,7Y,7,1.0060325768740732
2019-10-17,10Y,10,0.9996630384638286
2019-10-17,15Y,15,0.9792228815794901
2019-10-17,20Y,20,0.9541976500800335
2019-10-17,25Y,25,0.9274936991116822
2019-10-17,30Y,30,0.9002766882826345
2019-10-18,1Y,1,1.0012260814645066
2019-10-18,2Y,2,1.002814540773869
2019-10-18,3Y,3,1.0044659661136455
2019-10-18,4Y,4,1.0055977761750967
2019-10-18,5Y,5,1.006233303440364
2019-10-18,7Y,7,1.0057851442442427
2019-10-18,10Y,10,0.9993284444188468
2019-10-18,15Y,15,0.9783585175135082
2019-10-18,20Y,20,0.9522291604561207
2019-10-18,25Y,25,0.9241851661822565
2019-10-18,30Y,30,0.8957855891651547
2019-10-21,1Y,1,1.0012110604607225
2019-10-21,2Y,2,1.0027468562674953
2019-10-21,3Y,3,1.0042651583949787
2019-10-21,4Y,4,1.0052007559658627
2019-10-21,5Y,5,1.005664922480587
2019-10-21,7Y,7,1.0050260099306216
2019-10-21,10Y,10,0.9979707888773901
2019-10-21,15Y,15,0.9757382760030878
2019-10-21,20Y,20,0.9483432368391592
2019-10-21,25Y,25,0.9192734250155529
2019-10-21,30Y,30,0.8900012034325828
2019-10-22,1Y,1,1.0012561403177203
2019-10-22,2Y,2,1.0027319396388
2019-10-22,3Y,3,1.0042802284041321
2019-10-22,4Y,4,1.0055949166878335
2019-10-22,5Y,5,1.0064239267811725
2019-10-22,7Y,7,1.0061099706049808
2019-10-22,10Y,10,0.9997365264508556
2019-10-22,15Y,15,0.9783967758215406
2019-10-22,20Y,20,0.9518219072337898
2019-10-22,25Y,25,0.9234291745391963
2019-10-22,30Y,30,0.8946467048196035
2019-10-23,1Y,1,1.0012611434692524
2019-10-23,2Y,2,1.0028847835199657
2019-10-23,3Y,3,1.0045414037056661
2019-10-23,4Y,4,1.0056783696046325
2019-10-23,5Y,5,1.0063642520948333
2019-10-23,7Y,7,1.0061686985608869
2019-10-23,10Y,10,0.999930750967846
2019-10-23,15Y,15,0.9788764468621446
2019-10-23,20Y,20,0.9526735452954566
2019-10-23,25Y,25,0.9249133711776176
2019-10-23,30Y,30,0.8968924521384083
2019-10-24,1Y,1,1.0012861671718836
2019-10-24,2Y,2,1.0029124366632096
2019-10-24,3Y,3,1.004431122604597
2019-10-24,4Y,4,1.0054498079141643
2019-10-24,5Y,5,1.0061177497966325
2019-10-24,7Y,7,1.0058312741018998
2019-10-24,10Y,10,0.9994557148849985
2019-10-24,15Y,15,0.9786239271485401
2019-10-24,20Y,20,0.9526562028082227
2019-10-24,25Y,25,0.9253440724416194
2019-10-24,30Y,30,0.8980535335584832
2019-10-25,1Y,1,1.0011259049420242
2019-10-25,2Y,2,1.0024560914890541
2019-10-25,3Y,3,1.0037379587513777
2019-10-25,4Y,4,1.0047403825438892
2019-10-25,5Y,5,1.0053772585426617
2019-10-25,7Y,7,1.0048740683721886
2019-10-25,10Y,10,0.9983660413090523
2019-10-25,15Y,15,0.9771269491301229
2019-10-25,20Y,20,0.9510846764987948
2019-10-25,25Y,25,0.924015822090571
2019-10-25,30Y,30,0.8970160247002895
2019-10-28,1Y,1,1.001085854242646
2019-10-28,2Y,2,1.0023683286620857
2019-10-28,3Y,3,1.003532200175981
2019-10-28,4Y,4,1.0042307448362011
2019-10-28,5Y,5,1.004553264721158
2019-10-28,7Y,7,1.0037118061920878
2019-10-28,10Y,10,0.9968371596678036
2019-10-28,15Y,15,0.9756025577981587
2019-10-28,20Y,20,0.9498563099797523
2019-10-28,25Y,25,0.9231265296975107
2019-10-28,30Y,30,0.896546150039631
2019-10-29,1Y,1,1.0009005790802719
2019-10-29,2Y,2,1.0021250434885398
2019-10-29,3Y,3,1.0033912757331906
2019-10-29,4Y,4,1.0041875065757961
2019-10-29,5Y,5,1.004572772258445
2019-10-29,7Y,7,1.0037415839748403
2019-10-29,10Y,10,0.9968638356482037
2019-10-29,15Y,15,0.9753681543888763
2019-10-29,20Y,20,0.9490974986008864
2019-10-29,25Y,25,0.9216393572053077
2019-10-29,30Y,30,0.8942966092884009
2019-10-30,1Y,1,1.0009456353600545
2019-10-30,2Y,2,1.0020875773390456
2019-10-30,3Y,3,1.0032208460654395
2019-10-30,4Y,4,1.004102068414211
2019-10-30,5Y,5,1.0045976548503746
2019-10-30,7Y,7,1.0038880281617266
2019-10-30,10Y,10,0.9972314462517362
2019-10-30,15Y,15,0.9766356783373686
2019-10-30,20Y,20,0.9515375768775486
2019-10-30,25Y,25,0.9251885838585584
2019-10-30,30Y,30,0.8987552584955911
2019-10-31,1Y,1,1.001105868617933
2019-10-31,2Y,2,1.0026188584978266
2019-10-31,3Y,3,1.0042346981673422
2019-10-31,4Y,4,1.0053786217773637
2019-10-31,5Y,5,1.0060816765563623
2019-10-31,7Y,7,1.005940224041683
2019-10-31,10Y,10,1.000399812480088
2019-10-31,15Y,15,0.9823096346845501
2019-10-31,20Y,20,0.9598780027299415
2019-10-31,25Y,25,0.9361958098099348
2019-10-31,30Y,30,0.9124139739060182
2019-11-01,1Y,1,1.0012911615925373
2019-11-01,2Y,2,1.0029826224496665
2019-11-01,3Y,3,1.0045366235172783
2019-11-01,4Y,4,1.0055580008847327
2019-11-01,5Y,5,1.0063190483115316
2019-11-01,7Y,7,1.006464394485668
2019-11-01,10Y,10,1.0011700055701829
2019-11-01,15Y,15,0.9833927285872909
2019-11-01,20Y,20,0.9614788754081588
2019-11-01,25Y,25,0.938148651156796
2019-11-01,30Y,30,0.9146469069219036
2019-11-04,1Y,1,1.0012911615925373
2019-11-04,2Y,2,1.002832277075096
2019-11-04,3Y,3,1.0045261897509037
2019-11-04,4Y,4,1.0060146684826934
2019-11-04,5Y,5,1.0066911932140958
2019-11-04,7Y,7,1.0066159530380197
2019-11-04,10Y,10,1.0014046027619563
2019-11-04,15Y,15,0.9838247383669706
2019-11-04,20Y,20,0.9619089682688382
2019-11-04,25Y,25,0.9386218526315008
2019-11-04,30Y,30,0.9152018255511184
2019-11-05,1Y,1,1.0009055842187362
2019-11-05,2Y,2,1.0021200486109785
2019-11-05,3Y,3,1.0032960315945711
2019-11-05,4Y,4,1.003931603082024
2019-11-05,5Y,5,1.0041811348660374
2019-11-05,7Y,7,1.0033356550712262
2019-11-05,10Y,10,0.9968915606921062
2019-11-05,15Y,15,0.9768382558697101
2019-11-05,20Y,20,0.9523230632513177
2019-11-05,25Y,25,0.926690644471542
2019-11-05,30Y,30,0.9010250093769819
2019-11-06,1Y,1,1.0007554169790798
2019-11-06,2Y,2,1.001744227292296
2019-11-06,3Y,3,1.0028343459008031
2019-11-06,4Y,4,1.0035470985801505
2019-11-06,5Y,5,1.0037587305194093
2019-11-06,7Y,7,1.0026675423148668
2019-11-06,10Y,10,0.9958916513134832
2019-11-06,15Y,15,0.9754763845076694
2019-11-06,20Y,20,0.9506067129109107
2019-11-06,25Y,25,0.9245782978009891
2019-11-06,30Y,30,0.8985545613170961
2019-11-07,1Y,1,1.0006252801206594
2019-11-07,2Y,2,1.0013560990244943
2019-11-07,3Y,3,1.0016066141022466
2019-11-07,4Y,4,1.0010584972742238
2019-11-07,5Y,5,1.0003302649157888
2019-11-07,7Y,7,0.9979227015686459
2019-11-07,10Y,10,0.9894692985327729
2019-11-07,15Y,15,0.9662520033608673
2019-11-07,20Y,20,0.9387049969859971
2019-11-07,25Y,25,0.9101415788476722
2019-11-07,30Y,30,0.8817016469761391
2019-11-08,1Y,1,1.0005251852932315
2019-11-08,2Y,2,1.0011182589730065
2019-11-08,3Y,3,1.0014913840260855
2019-11-08,4Y,4,1.0015541503418282
2019-11-08,5Y,5,1.0011561619885267
2019-11-08,7Y,7,0.9986875695258774
2019-11-08,10Y,10,0.990229951721495
2019-11-08,15Y,15,0.9664571834597429
2019-11-08,20Y,20,0.9379710188124957
2019-11-08,25Y,25,0.9082533041893759
2019-11-08,30Y,30,0.8786021272417158
2019-11-11,1Y,1,1.0005302005798091
2019-11-11,2Y,2,1.001278406003828
2019-11-11,3Y,3,1.0018970203580908
2019-11-11,4Y,4,1.0018923641052278
2019-11-11,5Y,5,1.0014718886414018
2019-11-11,7Y,7,0.9993138183659127
2019-11-11,10Y,10,0.9909784099782072
2019-11-11,15Y,15,0.9671906717913228
2019-11-11,20Y,20,0.9384682496852036
2019-11-11,25Y,25,0.9084435885097969
2019-11-11,30Y,30,0.8782625544229996
2019-11-12,1Y,1,1.0004301332365901
2019-11-12,2Y,2,1.000867970445544
2019-11-12,3Y,3,1.0012159009954145
2019-11-12,4Y,4,1.0015364062451038
2019-11-12,5Y,5,1.0013160474387335
2019-11-12,7Y,7,0.9980823534131212
2019-11-12,10Y,10,0.9890888949505909
2019-11-12,15Y,15,0.9646656422700788
2019-11-12,20Y,20,0.9353552842788123
2019-11-12,25Y,25,0.9046437115697759
2019-11-12,30Y,30,0.8739841138212336
2019-11-13,1Y,1,1.0005752342252907
2019-11-13,2Y,2,1.0012709559902588
2019-11-13,3Y,3,1.0019171046233566
2019-11-13,4Y,4,1.0022731039803456
2019-11-13,5Y,5,1.002143188190998
2019-11-13,7Y,7,1.0000796059593104
2019-11-13,10Y,10,0.9922333137765947
2019-11-13,15Y,15,0.9690046633902791
2019-11-13,20Y,20,0.9405116540338713
2019-11-13,25Y,25,0.9107443351895703
2019-11-13,30Y,30,0.8809406111283021
2019-11-14,1Y,1,1.000645292424022
2019-11-14,2Y,2,1.0014712564001322
2019-11-14,3Y,3,1.0023480237686442
2019-11-14,4Y,4,1.0030025418064514
2019-11-14,5Y,5,1.0031812136034617
2019-11-14,7Y,7,1.0018535456273392
2019-11-14,10Y,10,0.9948398653139915
2019-11-14,15Y,15,0.9730986506893308
2019-11-14,20Y,20,0.9458829211733204
2019-11-14,25Y,25,0.917409068150896
2019-11-14,30Y,30,0.889103764871851
2019-11-15,1Y,1,1.0005952473820927
2019-11-15,2Y,2,1.0013335456628698
2019-11-15,3Y,3,1.0020323438737062
2019-11-15,4Y,4,1.002471090910214
2019-11-15,5Y,5,1.0024790517545648
2019-11-15,7Y,7,1.0007898448037282
2019-11-15,10Y,10,0.9932300423477903
2019-11-15,15Y,15,0.9705014871663226
2019-11-15,20Y,20,0.942568435388407
2019-11-15,25Y,25,0.9134499116414792
2019-11-15,30Y,30,0.8844884601708527
2019-11-18,1Y,1,1.000615264948333
2019-11-18,2Y,2,1.001411152119265
2019-11-18,3Y,3,1.002207709610649
2019-11-18,4Y,4,1.0027568463943792
2019-11-18,5Y,5,1.0029153076712478
2019-11-18,7Y,7,1.0015786926380779
2019-11-18,10Y,10,0.9944606369778316
2019-11-18,15Y,15,0.9723710926362197
2019-11-18,20Y,20,0.9451380803551792
2019-11-18,25Y,25,0.9167196027641676
2019-11-18,30Y,30,0.8882998571821982
2019-11-19,1Y,1,1.0006202684033456
2019-11-19,2Y,2,1.0015638203821011
2019-11-19,3Y,3,1.0024682994508598
2019-11-19,4Y,4,1.00277714495624
2019-11-19,5Y,5,1.0026850080328022
2019-11-19,7Y,7,1.001236936917864
2019-11-19,10Y,10,0.9938613486726976
2019-11-19,15Y,15,0.9714865748567099
2019-11-19,20Y,20,0.9440482138793559
2019-11-19,25Y,25,0.915437354511807
2019-11-19,30Y,30,0.886662028641528
2019-11-20,1Y,1,1.0007153570554477
2019-11-20,2Y,2,1.0015664636877406
2019-11-20,3Y,3,1.0023281359797658
2019-11-20,4Y,4,1.0028573245728838
2019-11-20,5Y,5,1.003010811350293
2019-11-20,7Y,7,1.0017141786058428
2019-11-20,10Y,10,0.9948202190588276
2019-11-20,15Y,15,0.9731804960604974
2019-11-20,20Y,20,0.9464514703419715
2019-11-20,25Y,25,0.9186589687883577
2019-11-20,30Y,30,0.8910724361186237
2019-11-21,1Y,1,1.0007453788536296
2019-11-21,2Y,2,1.0016340951660703
2019-11-21,3Y,3,1.0023632868652905
2019-11-21,4Y,4,1.002832358515368
2019-11-21,5Y,5,1.0029607616479537
2019-11-21,7Y,7,1.001738269401228
2019-11-21,10Y,10,0.9951469679733094
2019-11-21,15Y,15,0.9742810794104848
2019-11-21,20Y,20,0.9486012203458618
2019-11-21,25Y,25,0.9220626547523104
2019-11-21,30Y,30,0.8958139531613366
2019-11-22,1Y,1,1.0006102615120973
2019-11-22,2Y,2,1.0013635939986811
2019-11-22,3Y,3,1.0021275273086248
2019-11-22,4Y,4,1.0027066494927006
2019-11-22,5Y,5,1.0028751115670194
2019-11-22,7Y,7,1.001563615105798
2019-11-22,10Y,10,0.9946208891482368
2019-11-22,15Y,15,0.9731433823502043
2019-11-22,20Y,20,0.9468205325631713
2019-11-22,25Y,25,0.9196304275857502
2019-11-22,30Y,30,0.8927732297403265
2019-11-25,1Y,1,1.0006302795601658
2019-11-25,2Y,2,1.0014261861492983
2019-11-25,3Y,3,1.0022427905129818
2019-11-25,4Y,4,1.0028545987254727
2019-11-25,5Y,5,1.0030507145602934
2019-11-25,7Y,7,1.001729133165213
2019-11-25,10Y,10,0.9948337288503444
2019-11-25,15Y,15,0.9734528525089261
2019-11-25,20Y,20,0.9469124246805569
2019-11-25,25Y,25,0.9192509992089012
2019-11-25,30Y,30,0.8916199190518763
2019-11-26,1Y,1,1.000630275369702
2019-11-26,2Y,2,1.0016289078998932
2019-11-26,3Y,3,1.002648722163184
2019-11-26,4Y,4,1.0031331683587712
2019-11-26,5Y,5,1.0032467461851131
2019-11-26,7Y,7,1.0021745995744373
2019-11-26,10Y,10,0.9955661296469123
2019-11-26,15Y,15,0.9751585360819147
2019-11-26,20Y,20,0.9499558888602762
2019-11-26,25Y,25,0.9234902346091338
2019-11-26,30Y,30,0.8971696674350372
2019-11-27,1Y,1,1.0006252676805798
2019-11-27,2Y,2,1.0016264033269016
2019-11-27,3Y,3,1.0026787826822618
2019-11-27,4Y,4,1.0032434628414515
2019-11-27,5Y,5,1.0034222980639418
2019-11-27,7Y,7,1.00247557540552
2019-11-27,10Y,10,0.9960927513206778
2019-11-27,15Y,15,0.9762134484854146
2019-11-27,20Y,20,0.9513614836617574
2019-11-27,25Y,25,0.9253325384337258
2019-11-27,30Y,30,0.8993796692345617
2019-11-28,1Y,1,1.0005452042652232
2019-11-28,2Y,2,1.0014135614068613
2019-11-28,3Y,3,1.0023228491866554
2019-11-28,4Y,4,1.0027994604234343
2019-11-28,5Y,5,1.0029103451696946
2019-11-28,7Y,7,1.001738123146939
2019-11-28,10Y,10,0.9951606271020393
2019-11-28,15Y,15,0.9746106529302933
2019-11-28,20Y,20,0.9492337863030543
2019-11-28,25Y,25,0.9226751605170089
2019-11-28,30Y,30,0.8960734481511683
2019-11-29,1Y,1,1.0004951668878859
2019-11-29,2Y,2,1.0013284152205246
2019-11-29,3Y,3,1.0021524432767828
2019-11-29,4Y,4,1.0024385128340925
2019-11-29,5Y,5,1.0023688290681365
2019-11-29,7Y,7,1.0009602269690543
2019-11-29,10Y,10,0.9939693950330392
2019-11-29,15Y,15,0.9726040460676206
2019-11-29,20Y,20,0.9461106246237573
2019-11-29,25Y,25,0.9182626067003049
2019-11-29,30Y,30,0.8905529540441919
2019-12-02,1Y,1,1.0003801009738602
2019-12-02,2Y,2,1.0009930168612142
2019-12-02,3Y,3,1.0015763253966734
2019-12-02,4Y,4,1.0016567018114564
2019-12-02,5Y,5,1.0013314238538074
2019-12-02,7Y,7,0.9993229749046834
2019-12-02,10Y,10,0.9914453668229534
2019-12-02,15Y,15,0.9687988030223776
2019-12-02,20Y,20,0.9413512732698469
2019-12-02,25Y,25,0.9127866139640615
2019-12-02,30Y,30,0.8846188168891603
2019-12-03,1Y,1,1.000540182508159
2019-12-03,2Y,2,1.0014636329297582
2019-12-03,3Y,3,1.0024581406604258
2019-12-03,4Y,4,1.003150371122552
2019-12-03,5Y,5,1.003416900458206
2019-12-03,7Y,7,1.00228079651771
2019-12-03,10Y,10,0.9954725907905861
2019-12-03,15Y,15,0.9745715038303823
2019-12-03,20Y,20,0.9487955073993847
2019-12-03,25Y,25,0.9217988940564154
2019-12-03,30Y,30,0.8949376861734635
2019-12-04,1Y,1,1.0004251251891054
2019-12-04,2Y,2,1.001098140527079
2019-12-04,3Y,3,1.0015913947128239
2019-12-04,4Y,4,1.001438928119955
2019-12-04,5Y,5,1.0009859799552168
2019-12-04,7Y,7,0.9987877147820917
2019-12-04,10Y,10,0.9907488310593409
2019-12-04,15Y,15,0.9674610219085894
2019-12-04,20Y,20,0.9391618658155952
2019-12-04,25Y,25,0.9097647396623946
2019-12-04,30Y,30,0.8805039153259833
2019-12-05,1Y,1,1.000405114556947
2019-12-05,2Y,2,1.0008929738762145
2019-12-05,3Y,3,1.0013009919485232
2019-12-05,4Y,4,1.0014563366688498
2019-12-05,5Y,5,1.0012311613445066
2019-12-05,7Y,7,0.9992230217835169
2019-12-05,10Y,10,0.9917389164088064
2019-12-05,15Y,15,0.9693102670545232
2019-12-05,20Y,20,0.942057552585686
2019-12-05,25Y,25,0.9136526867501108
2019-12-05,30Y,30,0.8854298911936512
2019-12-06,1Y,1,1.0004101181927698
2019-12-06,2Y,2,1.0007828928192841
2019-12-06,3Y,3,1.000895557999252
2019-12-06,4Y,4,1.0007329612430358
2019-12-06,5Y,5,1.0002350505028572
2019-12-06,7Y,7,0.9976643263987836
2019-12-06,10Y,10,0.9891067682660423
2019-12-06,15Y,15,0.9654358260456735
2019-12-06,20Y,20,0.9365974710351781
2019-12-06,25Y,25,0.9066589239268799
2019-12-06,30Y,30,0.8770293082424696
2019-12-09,1Y,1,1.0003000636619923
2019-12-09,2Y,2,1.0006227386073345
2019-12-09,3Y,3,1.000855449776065
2019-12-09,4Y,4,1.000880525546751
2019-12-09,5Y,5,1.000515229970708
2019-12-09,7Y,7,0.9981732020930494
2019-12-09,10Y,10,0.9901480884312104
2019-12-09,15Y,15,0.9669391128215007
2019-12-09,20Y,20,0.9388013630068682
2019-12-09,25Y,25,0.9095176078442058
2019-12-09,30Y,30,0.8805550586273247
2019-12-10,1Y,1,1.0003650982171883
2019-12-10,2Y,2,1.0008579107743854
2019-12-10,3Y,3,1.001220845142028
2019-12-10,4Y,4,1.00107832509993
2019-12-10,5Y,5,1.000640461883001
2019-12-10,7Y,7,0.9986080380575537
2019-12-10,10Y,10,0.9911497994578695
2019-12-10,15Y,15,0.969056378202966
2019-12-10,20Y,20,0.9418959047552725
2019-12-10,25Y,25,0.9135836514222972
2019-12-10,30Y,30,0.8854600450232473
2019-12-11,1Y,1,1.0002850586638279
2019-12-11,2Y,2,1.0005777078972515
2019-12-11,3Y,3,1.000850424954061
2019-12-11,4Y,4,1.0010081159429849
2019-12-11,5Y,5,1.0008004757457793
2019-12-11,7Y,7,0.998893226343688
2019-12-11,10Y,10,0.9918213738374964
2019-12-11,15Y,15,0.9700933485312507
2019-12-11,20Y,20,0.9434531703107145
2019-12-11,25Y,25,0.9156935400839562
2019-12-11,30Y,30,0.8879207298659096
2019-12-12,1Y,1,1.0003000636619923
2019-12-12,2Y,2,1.0005401914839185
2019-12-12,3Y,3,1.0005402207337641
2019-12-12,4Y,4,1.0003101047959964
2019-12-12,5Y,5,0.9997648358844198
2019-12-12,7Y,7,0.9972093618437423
2019-12-12,10Y,10,0.9892297656401575
2019-12-12,15Y,15,0.9660031943324564
2019-12-12,20Y,20,0.9378257820536482
2019-12-12,25Y,25,0.9084560631685188
2019-12-12,30Y,30,0.8792309717162963
2019-12-13,1Y,1,1.000310067087916
2019-12-13,2Y,2,1.0006577631047653
2019-12-13,3Y,3,1.0009455312624176
2019-12-13,4Y,4,1.0010957463648245
2019-12-13,5Y,5,1.000960681343735
2019-12-13,7Y,7,0.999219226467433
2019-12-13,10Y,10,0.9919597901629094
2019-12-13,15Y,15,0.9704170410308651
2019-12-13,20Y,20,0.9437611103133103
2019-12-13,25Y,25,0.9159910525693317
2019-12-13,30Y,30,0.888466642360953
2019-12-16,1Y,1,1.000255045063346
2019-12-16,2Y,2,1.0006902433606373
2019-12-16,3Y,3,1.000975505943388
2019-12-16,4Y,4,1.000687840893269
2019-12-16,5Y,5,1.0000999941638002
2019-12-16,7Y,7,0.9979545286258956
2019-12-16,10Y,10,0.9903687504353745
2019-12-16,15Y,15,0.9682698797611499
2019-12-16,20Y,20,0.9414164295425529
2019-12-16,25Y,25,0.9134134053074372
2019-12-16,30Y,30,0.8855145965341009
2019-12-17,1Y,1,1.0001850241871826
2019-12-17,2Y,2,1.000520132058146
2019-12-17,3Y,3,1.0007352727744248
2019-12-17,4Y,4,1.0004376257093157
2019-12-17,5Y,5,0.9998398836203691
2019-12-17,7Y,7,0.9976640156309121
2019-12-17,10Y,10,0.9902578979785484
2019-12-17,15Y,15,0.9686311336299326
2019-12-17,20Y,20,0.9423808437604672
2019-12-17,25Y,25,0.9151319281344216
2019-12-17,30Y,30,0.8880270039472831
2019-12-18,1Y,1,1.0001950263125399
2019-12-18,2Y,2,1.0003525808323697
2019-12-18,3Y,3,1.0003300844377867
2019-12-18,4Y,4,1.0001325198465292
2019-12-18,5Y,5,0.9996798876936069
2019-12-18,7Y,7,0.9974905468796975
2019-12-18,10Y,10,0.9901330173150268
2019-12-18,15Y,15,0.9682018520638107
2019-12-18,20Y,20,0.9414627393395025
2019-12-18,25Y,25,0.9134286121900139
2019-12-18,30Y,30,0.8855313957846973
2019-12-19,1Y,1,1.0000850050065129
2019-12-19,2Y,2,1.000125010196652
2019-12-19,3Y,3,1.0000750052183562
2019-12-19,4Y,4,0.9999149821859048
2019-12-19,5Y,5,0.9994699602322165
2019-12-19,7Y,7,0.9973261038460285
2019-12-19,10Y,10,0.9898624451542815
2019-12-19,15Y,15,0.9681918965329698
2019-12-19,20Y,20,0.9416004193759974
2019-12-19,25Y,25,0.9139675733255462
2019-12-19,30Y,30,0.8866676813254137
2019-12-20,1Y,1,0.9999300036748285
2019-12-20,2Y,2,0.9999574983019712
2019-12-20,3Y,3,0.9999149766565598
2019-12-20,4Y,4,0.9994650164380541
2019-12-20,5Y,5,0.9986903711854785
2019-12-20,7Y,7,0.9960677862999849
2019-12-20,10Y,10,0.9879970538610744
2019-12-20,15Y,15,0.9649940703384273
2019-12-20,20Y,20,0.9367392254588638
2019-12-20,25Y,25,0.9073670717849485
2019-12-20,30Y,30,0.878213878731065
2019-12-23,1Y,1,0.9999400026998919
2019-12-23,2Y,2,0.9999624989069765
2019-12-23,3Y,3,1.0000249947126396
2019-12-23,4Y,4,0.9998224770320643
2019-12-23,5Y,5,0.9991950410653219
2019-12-23,7Y,7,0.9965462928041173
2019-12-23,10Y,10,0.9884924285216192
2019-12-23,15Y,15,0.966673276916599
2019-12-23,20Y,20,0.938079016715674
2019-12-23,25Y,25,0.908950035784849
2019-12-23,30Y,30,0.8803668283014079
2019-12-24,1Y,1,0.9999450021811733
2019-12-24,2Y,2,0.9998525109594425
2019-12-24,3Y,3,0.9996200485932516
2019-12-24,4Y,4,0.9991252259224452
2019-12-24,5Y,5,0.9982658302104861
2019-12-24,7Y,7,0.9950914919518811
2019-12-24,10Y,10,0.9861062516534058
2019-12-24,15Y,15,0.9617719304995839
2019-12-24,20Y,20,0.9336901794612638
2019-12-24,25Y,25,0.9065679496612101
2019-12-24,30Y,30,0.8789769169913284
2019-12-25,1Y,1,1.0000350007406402
2019-12-25,2Y,2,1.000085004105152
2019-12-25,3Y,3,1.0000750028685221
2019-12-25,4Y,4,0.9998724778330117
2019-12-25,5Y,5,0.9993249754114719
2019-12-25,7Y,7,0.9968307240108494
2019-12-25,10Y,10,0.988894876826686
2019-12-25,15Y,15,0.9661819685848284
2019-12-25,20Y,20,0.9395024619988761
2019-12-25,25Y,25,0.9135445460098879
2019-12-25,30Y,30,0.8873463776322769
2019-12-26,1Y,1,0.9999999999937501
2019-12-26,2Y,2,1.0000150000607815
2019-12-26,3Y,3,0.9999699972572842
2019-12-26,4Y,4,0.9997074912097249
2019-12-26,5Y,5,0.9990850899412226
2019-12-26,7Y,7,0.9963616601396412
2019-12-26,10Y,10,0.9881341882652389
2019-12-26,15Y,15,0.9645269954532361
2019-12-26,20Y,20,0.9370717025717477
2019-12-26,25Y,25,0.9105900507215624
2019-12-26,30Y,30,0.8838116499627685
2019-12-27,1Y,1,1.0000049999812506
2019-12-27,2Y,2,1.0001299996860329
2019-12-27,3Y,3,1.0001449753538973
2019-12-27,4Y,4,0.9996949230699197
2019-12-27,5Y,5,0.9989551046457756
2019-12-27,7Y,7,0.9964315923588624
2019-12-27,10Y,10,0.988492137872973
2019-12-27,15Y,15,0.9656945733710068
2019-12-27,20Y,20,0.9376638411095162
2019-12-27,25Y,25,0.9088105133187355
2019-12-27,30Y,30,0.880401525600566
2019-12-30,1Y,1,1.0000350007406402
2019-12-30,2Y,2,1.0001675083005317
2019-12-30,3Y,3,1.0001899951420472
2019-12-30,4Y,4,0.9997924285768759
2019-12-30,5Y,5,0.9990900190110662
2019-12-30,7Y,7,0.9966161410248219
2019-12-30,10Y,10,0.9887698994353514
2019-12-30,15Y,15,0.9661007103681529
2019-12-30,20Y,20,0.938089668249246
2019-12-30,25Y,25,0.9092671270956261
2019-12-30,30Y,30,0.8809338561194809
2019-12-31,1Y,1,1.0000500018750624
2019-12-31,2Y,2,1.000212512369285
2019-12-31,3Y,3,1.000475090927512
2019-12-31,4Y,4,1.0005126303810141
2019-12-31,5Y,5,1.0001249589043022
2019-12-31,7Y,7,0.997858928569496
2019-12-31,10Y,10,0.9903907542377276
2019-12-31,15Y,15,0.9690895099274718
2019-12-31,20Y,20,0.9409591899887145
2019-12-31,25Y,25,0.9122115982707927
2019-12-31,30Y,30,0.8841137158038352
2020-01-01,1Y,1,1.0000500018750624
2020-01-01,2Y,2,1.000212512369285
2020-01-01,3Y,3,1.000475090927512
2020-01-01,4Y,4,1.0005126303810141
2020-01-01,5Y,5,1.0001249589043022
2020-01-01,7Y,7,0.997858928569496
2020-01-01,10Y,10,0.9903907542377276
2020-01-01,15Y,15,0.9690895099274718
2020-01-01,20Y,20,0.9409591899887145
2020-01-01,25Y,25,0.9122115982707927
2020-01-01,30Y,30,0.8841137158038352
2020-01-02,1Y,1,1.0000500018750624
2020-01-02,2Y,2,1.000212512369285
2020-01-02,3Y,3,1.000475090927512
2020-01-02,4Y,4,1.0005126303810141
2020-01-02,5Y,5,1.0001249589043022
2020-01-02,7Y,7,0.997858928569496
2020-01-02,10Y,10,0.9903907542377276
2020-01-02,15Y,15,0.9690895099274718
2020-01-02,20Y,20,0.9409591899887145
2020-01-02,25Y,25,0.9122115982707927
2020-01-02,30Y,30,0.8841137158038352
2020-01-03,1Y,1,1.0000500018750624
2020-01-03,2Y,2,1.000212512369285
2020-01-03,3Y,3,1.000475090927512
2020-01-03,4Y,4,1.0005126303810141
2020-01-03,5Y,5,1.0001249589043022
2020-01-03,7Y,7,0.997858928569496
2020-01-03,10Y,10,0.9903907542377276
2020-01-03,15Y,15,0.9690895099274718
2020-01-03,20Y,20,0.9409591899887145
2020-01-03,25Y,25,0.9122115982707927
2020-01-03,30Y,30,0.8841137158038352
2020-01-06,1Y,1,1.0001700200271024
2020-01-06,2Y,2,1.0005051195732355
2020-01-06,3Y,3,1.0006802158324264
2020-01-06,4Y,4,1.0002875242128904
2020-01-06,5Y,5,0.9996448523904815
2020-01-06,7Y,7,0.9974903452030707
2020-01-06,10Y,10,0.9901725070286265
2020-01-06,15Y,15,0.9687013165742376
2020-01-06,20Y,20,0.9418564028536672
2020-01-06,25Y,25,0.9139902464130059
2020-01-06,30Y,30,0.8866390299642218
2020-01-07,1Y,1,1.000175022136857
2020-01-07,2Y,2,1.000305062201004
2020-01-07,3Y,3,1.0002950675883902
2020-01-07,4Y,4,1.0001125096184915
2020-01-07,5Y,5,0.9996548953696706
2020-01-07,7Y,7,0.9975605310054656
2020-01-07,10Y,10,0.9901597407275414
2020-01-07,15Y,15,0.9682901261089929
2020-01-07,20Y,20,0.9410460911971884
2020-01-07,25Y,25,0.9127867406111413
2020-01-07,30Y,30,0.8849815131938452
2020-01-08,1Y,1,1.0001700200271024
2020-01-08,2Y,2,1.0003700821154937
2020-01-08,3Y,3,1.0003800899822595
2020-01-08,4Y,4,1.000029964495757
2020-01-08,5Y,5,0.9994148765605914
2020-01-08,7Y,7,0.9970800630841418
2020-01-08,10Y,10,0.9898826290313805
2020-01-08,15Y,15,0.9688010699924737
2020-01-08,20Y,20,0.9425211398792033
2020-01-08,25Y,25,0.9152885012887956
2020-01-08,30Y,30,0.8886058185497513
2020-01-09,1Y,1,1.000115009366302
2020-01-09,2Y,2,1.000252537917835
2020-01-09,3Y,3,1.0002200221802133
2020-01-09,4Y,4,0.999829933709618
2020-01-09,5Y,5,0.9991499622611284
2020-01-09,7Y,7,0.9967159017975734
2020-01-09,10Y,10,0.9890014463925969
2020-01-09,15Y,15,0.9671199519711092
2020-01-09,20Y,20,0.9400699271577648
2020-01-09,25Y,25,0.9118452953425344
2020-01-09,30Y,30,0.8839379641339302
2020-01-10,1Y,1,1.0001250107039443
2020-01-10,2Y,2,1.0002875479886741
2020-01-10,3Y,3,1.000390091452861
2020-01-10,4Y,4,1.0002675486160064
2020-01-10,5Y,5,0.9997698714259359
2020-01-10,7Y,7,0.997355468549195
2020-01-10,10Y,10,0.9894757544548655
2020-01-10,15Y,15,0.966644396793396
2020-01-10,20Y,20,0.940137243760505
2020-01-10,25Y,25,0.914684724478062
2020-01-10,30Y,30,0.8887045129430432
2020-01-13,1Y,1,1.0001300118384584
2020-01-13,2Y,2,1.000252540562217
2020-01-13,3Y,3,1.000265049986476
2020-01-13,4Y,4,1.000079997291102
2020-01-13,5Y,5,0.9995898956917189
2020-01-13,7Y,7,0.997314803327798
2020-01-13,10Y,10,0.9897755681482863
2020-01-13,15Y,15,0.9678893598293198
2020-01-13,20Y,20,0.9406175169047509
2020-01-13,25Y,25,0.9121832550355864
2020-01-13,30Y,30,0.8838812534221281
2020-01-14,1Y,1,1.0000900060753644
2020-01-14,2Y,2,1.0003000345992394
2020-01-14,3Y,3,1.0004000503592712
2020-01-14,4Y,4,0.9999849142975208
2020-01-14,5Y,5,0.999249897454944
2020-01-14,7Y,7,0.9967805470950541
2020-01-14,10Y,10,0.9888214765964507
2020-01-14,15Y,15,0.9666310923645508
2020-01-14,20Y,20,0.9389763952497499
2020-01-14,25Y,25,0.9102424434548887
2020-01-14,30Y,30,0.8820145221630779
2020-01-15,1Y,1,1.0001050081036795
2020-01-15,2Y,2,1.0001800219150023
2020-01-15,3Y,3,1.000155019182775
2020-01-15,4Y,4,0.9999524781114764
2020-01-15,5Y,5,0.9994399300905729
2020-01-15,7Y,7,0.9970562687653235
2020-01-15,10Y,10,0.9892389051804562
2020-01-15,15Y,15,0.9667715269267878
2020-01-15,20Y,20,0.9391011244391849
2020-01-15,25Y,25,0.9102033911455373
2020-01-15,30Y,30,0.8817160299125141
2020-01-16,1Y,1,1.0000850050065129
2020-01-16,2Y,2,1.0001325115913346
2020-01-16,3Y,3,1.0000099921311845
2020-01-16,4Y,4,0.9996499735851554
2020-01-16,5Y,5,0.9990000929683115
2020-01-16,7Y,7,0.9963726698832194
2020-01-16,10Y,10,0.9881671717757315
2020-01-16,15Y,15,0.9649975568455152
2020-01-16,20Y,20,0.9368241954354412
2020-01-16,25Y,25,0.9071842344903488
2020-01-16,30Y,30,0.877354003713046
2020-01-17,1Y,1,1.000115009366302
2020-01-17,2Y,2,1.000350055200887
2020-01-17,3Y,3,1.0005151256768914
2020-01-17,4Y,4,1.0002525227191612
2020-01-17,5Y,5,0.9996498626685698
2020-01-17,7Y,7,0.9973295536790837
2020-01-17,10Y,10,0.9894891220416653
2020-01-17,15Y,15,0.9669993784202123
2020-01-17,20Y,20,0.939185008373235
2020-01-17,25Y,25,0.9100156302249888
2020-01-17,30Y,30,0.8808488854140316
2020-01-20,1Y,1,1.0000800042752063
2020-01-20,2Y,2,1.0002950331986198
2020-01-20,3Y,3,1.0004200672479866
2020-01-20,4Y,4,1.0000749505465498
2020-01-20,5Y,5,0.9993998784834665
2020-01-20,7Y,7,0.9969801729847299
2020-01-20,10Y,10,0.9889929917903331
2020-01-20,15Y,15,0.9661272184512861
2020-01-20,20Y,20,0.9376963019961467
2020-01-20,25Y,25,0.9077434788854223
2020-01-20,30Y,30,0.8778394095071771
2020-01-21,1Y,1,1.000085004715864
2020-01-21,2Y,2,1.0003575422053053
2020-01-21,3Y,3,1.0005701269335896
2020-01-21,4Y,4,1.0003075370539978
2020-01-21,5Y,5,0.9997749012629477
2020-01-21,7Y,7,0.9977252072415816
2020-01-21,10Y,10,0.9903778224693659
2020-01-21,15Y,15,0.9685569699331945
2020-01-21,20Y,20,0.9415315809161433
2020-01-21,25Y,25,0.9131222566782343
2020-01-21,30Y,30,0.8846666245651501
2020-01-22,1Y,1,1.0000800039939386
2020-01-22,2Y,2,1.0003250378009034
2020-01-22,3Y,3,1.0005101072181979
2020-01-22,4Y,4,1.0002775333305647
2020-01-22,5Y,5,0.9997749059885439
2020-01-22,7Y,7,0.9977252471189227
2020-01-22,10Y,10,0.9903779433013586
2020-01-22,15Y,15,0.9688406263153655
2020-01-22,20Y,20,0.942178775213051
2020-01-22,25Y,25,0.9138746804948121
2020-01-22,30Y,30,0.8854876417990166
2020-01-23,1Y,1,1.0001100072004687
2020-01-23,2Y,2,1.0004675765013207
2020-01-23,3Y,3,1.0009654014341507
2020-01-23,4Y,4,1.0012057344913778
2020-01-23,5Y,5,1.0011508066135388
2020-01-23,7Y,7,0.9999096934648486
2020-01-23,10Y,10,0.9935887886714831
2020-01-23,15Y,15,0.9740826988384582
2020-01-23,20Y,20,0.9492859819501916
2020-01-23,25Y,25,0.9230781651653006
2020-01-23,30Y,30,0.8969981107628604
2020-01-24,1Y,1,1.0001000057815952
2020-01-24,2Y,2,1.0003200486840504
2020-01-24,3Y,3,1.0006501881678669
2020-01-24,4Y,4,1.0009654307015943
2020-01-24,5Y,5,1.0010305604596663
2020-01-24,7Y,7,0.9997596125257555
2020-01-24,10Y,10,0.9934366130948926
2020-01-24,15Y,15,0.9736292280315184
2020-01-24,20Y,20,0.9486786465801635
2020-01-24,25Y,25,0.9224482048891025
2020-01-24,30Y,30,0.8961745626273881
2020-01-27,1Y,1,1.000145011466653
2020-01-27,2Y,2,1.0006201404655182
2020-01-27,3Y,3,1.0012556899636165
2020-01-27,4Y,4,1.0016313204338216
2020-01-27,5Y,5,1.001806794962026
2020-01-27,7Y,7,1.0011811847349217
2020-01-27,10Y,10,0.995957246974067
2020-01-27,15Y,15,0.9779741811055289
2020-01-27,20Y,20,0.9550075641236181
2020-01-27,25Y,25,0.9308441200051042
2020-01-27,30Y,30,0.9067134966899976
2020-01-28,1Y,1,1.0001550134512658
2020-01-28,2Y,2,1.0004526051557183
2020-01-28,3Y,3,1.0007803084330265
2020-01-28,4Y,4,1.001048068392004
2020-01-28,5Y,5,1.001165764859283
2020-01-28,7Y,7,1.0003150280295439
2020-01-28,10Y,10,0.9947467821948315
2020-01-28,15Y,15,0.9761881553279906
2020-01-28,20Y,20,0.9529231407884765
2020-01-28,25Y,25,0.9285248338880688
2020-01-28,30Y,30,0.9042534968337499
2020-01-29,1Y,1,1.000150012726152
2020-01-29,2Y,2,1.0004651061078509
2020-01-29,3Y,3,1.00090037490716
2020-01-29,4Y,4,1.0013183206397234
2020-01-29,5Y,5,1.0015412249637838
2020-01-29,7Y,7,1.0008656074420297
2020-01-29,10Y,10,0.9955517432213667
2020-01-29,15Y,15,0.9779093338496767
2020-01-29,20Y,20,0.9553308127265141
2020-01-29,25Y,25,0.9317042141374977
2020-01-29,30Y,30,0.9084373644446627
2020-01-30,1Y,1,1.0002350330233374
2020-01-30,2Y,2,1.0008528032292527
2020-01-30,3Y,3,1.0016212139093237
2020-01-30,4Y,4,1.0020747054713968
2020-01-30,5Y,5,1.0023781044377094
2020-01-30,7Y,7,1.0021793570581494
2020-01-30,10Y,10,0.9975295362651101
2020-01-30,15Y,15,0.9808631678139816
2020-01-30,20Y,20,0.9591407021523389
2020-01-30,25Y,25,0.9360967869551492
2020-01-30,30Y,30,0.9131300849034121
2020-01-31,1Y,1,1.0004451124176337
2020-01-31,2Y,2,1.001228301243595
2020-01-31,3Y,3,1.0020321575859694
2020-01-31,4Y,4,1.0027614640980902
2020-01-31,5Y,5,1.0033459950839894
2020-01-31,7Y,7,1.0033223663972743
2020-01-31,10Y,10,0.998816382111736
2020-01-31,15Y,15,0.9815621488410176
2020-01-31,20Y,20,0.9590588403365504
2020-01-31,25Y,25,0.9351309057462144
2020-01-31,30Y,30,0.9113663961992949
2020-02-03,1Y,1,1.0004601437402603
2020-02-03,2Y,2,1.0011307104417444
2020-02-03,3Y,3,1.0020020146789341
2020-02-03,4Y,4,1.0029292098632652
2020-02-03,5Y,5,1.0035916141360273
2020-02-03,7Y,7,1.003479005753058
2020-02-03,10Y,10,0.9988562884666663
2020-02-03,15Y,15,0.9813414808184967
2020-02-03,20Y,20,0.9582505796365518
2020-02-03,25Y,25,0.9338507123642883
2020-02-03,30Y,30,0.9096641495090353
2020-02-04,1Y,1,1.000345077275245
2020-02-04,2Y,2,1.000877922614773
2020-02-04,3Y,3,1.0015011612415303
2020-02-04,4Y,4,1.0020747135989232
2020-02-04,5Y,5,1.002408172506918
2020-02-04,7Y,7,1.001738474394256
2020-02-04,10Y,10,0.9964559541854691
2020-02-04,15Y,15,0.9783124250651858
2020-02-04,20Y,20,0.9546638775740569
2020-02-04,25Y,25,0.930027553943507
2020-02-04,30Y,30,0.9055564871277653
2020-02-05,1Y,1,1.0002950559566706
2020-02-05,2Y,2,1.0007403038967186
2020-02-05,3Y,3,1.001175752406918
2020-02-05,4Y,4,1.0014486935210565
2020-02-05,5Y,5,1.001471381592978
2020-02-05,7Y,7,1.0002750058796466
2020-02-05,10Y,10,0.9940866573551943
2020-02-05,15Y,15,0.9747047607517266
2020-02-05,20Y,20,0.9498426512763432
2020-02-05,25Y,25,0.9239449485729201
2020-02-05,30Y,30,0.8983807199754084
2020-02-06,1Y,1,1.0002600438067757
2020-02-06,2Y,2,1.000677747761881
2020-02-06,3Y,3,1.0011556897321172
2020-02-06,4Y,4,1.0015187270615438
2020-02-06,5Y,5,1.0016115353709354
2020-02-06,7Y,7,1.0004752093733003
2020-02-06,10Y,10,0.9943993061100088
2020-02-06,15Y,15,0.9754464334088548
2020-02-06,20Y,20,0.9514078510181754
2020-02-06,25Y,25,0.9263497959416874
2020-02-06,30Y,30,0.9014506111543227
2020-02-07,1Y,1,1.0004001123030195
2020-02-07,2Y,2,1.0009129838320885
2020-02-07,3Y,3,1.0015062129231074
2020-02-07,4Y,4,1.0020622472884717
2020-02-07,5Y,5,1.0023681462491592
2020-02-07,7Y,7,1.0016884028746253
2020-02-07,10Y,10,0.996656021065071
2020-02-07,15Y,15,0.9792075980978391
2020-02-07,20Y,20,0.9566933679333921
2020-02-07,25Y,25,0.9331477722520973
2020-02-07,30Y,30,0.9100739765487151
2020-02-10,1Y,1,1.000470151993877
2020-02-10,2Y,2,1.0011282169101572
2020-02-10,3Y,3,1.0018668535154318
2020-02-10,4Y,4,1.0025058459570206
2020-02-10,5Y,5,1.0029247681108793
2020-02-10,7Y,7,1.0026350528830843
2020-02-10,10Y,10,0.9979825609730311
2020-02-10,15Y,15,0.9815060202937594
2020-02-10,20Y,20,0.960014007026024
2020-02-10,25Y,25,0.9376526144551888
2020-02-10,30Y,30,0.9156760344593747
2020-02-11,1Y,1,1.000470151993877
2020-02-11,2Y,2,1.0011282169101572
2020-02-11,3Y,3,1.0018768658960282
2020-02-11,4Y,4,1.0025384101117953
2020-02-11,5Y,5,1.0029899305255487
2020-02-11,7Y,7,1.002726332198059
2020-02-11,10Y,10,0.9981025860089614
2020-02-11,15Y,15,0.9816299609954728
2020-02-11,20Y,20,0.9600581202115213
2020-02-11,25Y,25,0.9376485946310602
2020-02-11,30Y,30,0.9156713344918109
2020-02-12,1Y,1,1.000395107435455
2020-02-12,2Y,2,1.0009254905319414
2020-02-12,3Y,3,1.0014761924873548
2020-02-12,4Y,4,1.001894499029771
2020-02-12,5Y,5,1.0020475324830493
2020-02-12,7Y,7,1.0011723856511465
2020-02-12,10Y,10,0.9957567840894209
2020-02-12,15Y,15,0.9779325603780816
2020-02-12,20Y,20,0.955371043910165
2020-02-12,25Y,25,0.9319606391112911
2020-02-12,30Y,30,0.9089963529032743
2020-02-13,1Y,1,1.000415119121105
2020-02-13,2Y,2,1.0009430192638662
2020-02-13,3Y,3,1.0014511852534687
2020-02-13,4Y,4,1.0018093859928612
2020-02-13,5Y,5,1.0019072886789695
2020-02-13,7Y,7,1.0008257890437686
2020-02-13,10Y,10,0.9951442088001047
2020-02-13,15Y,15,0.9766874903049778
2020-02-13,20Y,20,0.9538106613496669
2020-02-13,25Y,25,0.9302623820275718
2020-02-13,30Y,30,0.9070619510343264
2020-02-14,1Y,1,1.0003851018177992
2020-02-14,2Y,2,1.0009054685909857
2020-02-14,3Y,3,1.0014361327081784
2020-02-14,4Y,4,1.0018218659195708
2020-02-14,5Y,5,1.0019623479732194
2020-02-14,7Y,7,1.000976013888407
2020-02-14,10Y,10,0.9953572859310411
2020-02-14,15Y,15,0.977341133741141
2020-02-14,20Y,20,0.9546596427603687
2020-02-14,25Y,25,0.9312087489540254
2020-02-14,30Y,30,0.9081713121050359
2020-02-17,1Y,1,1.0004251251891054
2020-02-17,2Y,2,1.0010080761232347
2020-02-17,3Y,3,1.0015913938205636
2020-02-17,4Y,4,1.001972223043324
2020-02-17,5Y,5,1.002112765362295
2020-02-17,7Y,7,1.001296649209896
2020-02-17,10Y,10,0.9958698587111336
2020-02-17,15Y,15,0.9785229216710656
2020-02-17,20Y,20,0.9565936254235978
2020-02-17,25Y,25,0.933928146330752
2020-02-17,30Y,30,0.9118203761906265
2020-02-18,1Y,1,1.0005952453964142
2020-02-18,2Y,2,1.0013936106879082
2020-02-18,3Y,3,1.0023228558008046
2020-02-18,4Y,4,1.003222903948419
2020-02-18,5Y,5,1.0038630507615467
2020-02-18,7Y,7,1.0038900581931756
2020-02-18,10Y,10,0.9999521072160905
2020-02-18,15Y,15,0.984683581052748
2020-02-18,20Y,20,0.9651292958116661
2020-02-18,25Y,25,0.9448773944314489
2020-02-18,30Y,30,0.9250056823530572
2020-02-19,1Y,1,1.000665307070012
2020-02-19,2Y,2,1.0014812965430049
2020-02-19,3Y,3,1.0022679088564959
2020-02-19,4Y,4,1.0029173125849875
2020-02-19,5Y,5,1.0032964488276095
2020-02-19,7Y,7,1.0027570919942408
2020-02-19,10Y,10,0.9979687468398288
2020-02-19,15Y,15,0.9816302444150756
2020-02-19,20Y,20,0.9607233020634676
2020-02-19,25Y,25,0.939103169489031
2020-02-19,30Y,30,0.9179554056563717
2020-02-20,1Y,1,1.0005802297314095
2020-02-20,2Y,2,1.0014086104551834
2020-02-20,3Y,3,1.0024080027266853
2020-02-20,4Y,4,1.0034008797300147
2020-02-20,5Y,5,1.0041741105848698
2020-02-20,7Y,7,1.0044926162395584
2020-02-20,10Y,10,1.0008680442424336
2020-02-20,15Y,15,0.9862972218255259
2020-02-20,20Y,20,0.9672913835261273
2020-02-20,25Y,25,0.947517735301203
2020-02-20,30Y,30,0.9281138367685199
2020-02-21,1Y,1,1.0006252655636068
2020-02-21,2Y,2,1.0015212946574739
2020-02-21,3Y,3,1.002568448405044
2020-02-21,4Y,4,1.0035765881970047
2020-02-21,5Y,5,1.0043450202642872
2020-02-21,7Y,7,1.0045934567185926
2020-02-21,10Y,10,1.0008681390036633
2020-02-21,15Y,15,0.9865259072705843
2020-02-21,20Y,20,0.9677764824657884
2020-02-21,25Y,25,0.9482695597899015
2020-02-21,30Y,30,0.9292603327068186
2020-02-24,1Y,1,1.0006252655636068
2020-02-24,2Y,2,1.001551327508667
2020-02-24,3Y,3,1.0026686679078758
2020-02-24,4Y,4,1.0037371184293689
2020-02-24,5Y,5,1.0045609272601843
2020-02-24,7Y,7,1.005006494324976
2020-02-24,10Y,10,1.0014702893875975
2020-02-24,15Y,15,0.9874202749535831
2020-02-24,20Y,20,0.9689508483050688
2020-02-24,25Y,25,0.9497119042843146
2020-02-24,30Y,30,0.9309596321926473
2020-02-25,1Y,1,1.000900555155978
2020-02-25,2Y,2,1.0023504219890167
2020-02-25,3Y,3,1.0041236063372652
2020-02-25,4Y,4,1.0056413266773618
2020-02-25,5Y,5,1.0068648219827694
2020-02-25,7Y,7,1.0082808114340203
2020-02-25,10Y,10,1.0063010355958446
2020-02-25,15Y,15,0.9947463989615273
2020-02-25,20Y,20,0.9786943146450066
2020-02-25,25Y,25,0.9614680815797456
2020-02-25,30Y,30,0.9443601444782557
2020-02-26,1Y,1,1.0009155793643956
2020-02-26,2Y,2,1.0021401223900115
2020-02-26,3Y,3,1.0035366598063304
2020-02-26,4Y,4,1.004920083295792
2020-02-26,5Y,5,1.0060543935529755
2020-02-26,7Y,7,1.0068887470281385
2020-02-26,10Y,10,1.0040241541632933
2020-02-26,15Y,15,0.9913054850181209
2020-02-26,20Y,20,0.9742141629660628
2020-02-26,25Y,25,0.9560789968999827
2020-02-26,30Y,30,0.938057794005071
2020-02-27,1Y,1,1.0009806635505085
2020-02-27,2Y,2,1.0023756518959615
2020-02-27,3Y,3,1.0040635517202199
2020-02-27,4Y,4,1.0057542789595009
2020-02-27,5Y,5,1.0072267721634995
2020-02-27,7Y,7,1.0088855938452987
2020-02-27,10Y,10,1.0069939278349695
2020-02-27,15Y,15,0.9952347769261211
2020-02-27,20Y,20,0.9788803613041964
2020-02-27,25Y,25,0.9614295562561233
2020-02-27,30Y,30,0.9440499991492358
2020-02-28,1Y,1,1.0014013437520592
2020-02-28,2Y,2,1.0032485846766388
2020-02-28,3Y,3,1.0052097629979322
2020-02-28,4Y,4,1.0071520267304526
2020-02-28,5Y,5,1.00899754222555
2020-02-28,7Y,7,1.0116206337623017
2020-02-28,10Y,10,1.0108182835670816
2020-02-28,15Y,15,1.0016777179592389
2020-02-28,20Y,20,0.9881205480327622
2020-02-28,25Y,25,0.9734303548284684
2020-02-28,30Y,30,0.9585640403855652
2020-03-02,1Y,1,1.0014163813022472
2020-03-02,2Y,2,1.0031884665035673
2020-03-02,3Y,3,1.0049938285158726
2020-03-02,4Y,4,1.0067721943282855
2020-03-02,5Y,5,1.008357708827394
2020-03-02,7Y,7,1.0101310922610338
2020-03-02,10Y,10,1.0085725144943445
2020-03-02,15Y,15,0.997618219545993
2020-03-02,20Y,20,0.9824448744038782
2020-03-02,25Y,25,0.9660724580819224
2020-03-02,30Y,30,0.9495348354264868
2020-03-03,1Y,1,1.0013011629595516
2020-03-03,2Y,2,1.0029726404919088
2020-03-03,3Y,3,1.0046670515507234
2020-03-03,4Y,4,1.0062537051074527
2020-03-03,5Y,5,1.007667002116795
2020-03-03,7Y,7,1.0091357280742783
2020-03-03,10Y,10,1.0067946657694133
2020-03-03,15Y,15,0.9941443642971046
2020-03-03,20Y,20,0.9768289661221873
2020-03-03,25Y,25,0.9582347497256327
2020-03-03,30Y,30,0.9396930722365073
2020-03-04,1Y,1,1.0016920194404786
2020-03-04,2Y,2,1.0038159941554126
2020-03-04,3Y,3,1.0059447042125795
2020-03-04,4Y,4,1.0077081061089168
2020-03-04,5Y,5,1.0092178319671603
2020-03-04,7Y,7,1.0111344637805166
2020-03-04,10Y,10,1.0092172275854503
2020-03-04,15Y,15,0.9972372439780133
2020-03-04,20Y,20,0.9804592846693313
2020-03-04,25Y,25,0.9622545467847918
2020-03-04,30Y,30,0.9439635697831785
2020-03-05,1Y,1,1.001702038569111
2020-03-05,2Y,2,1.0038436144680762
2020-03-05,3Y,3,1.0059899953697515
2020-03-05,4Y,4,1.007768613767194
2020-03-05,5Y,5,1.0092483035587416
2020-03-05,7Y,7,1.0109985660857794
2020-03-05,10Y,10,1.0088267321134157
2020-03-05,15Y,15,0.9958888703624735
2020-03-05,20Y,20,0.9781161490083511
2020-03-05,25Y,25,0.9588914479477898
2020-03-05,30Y,30,0.939321087315222
2020-03-06,1Y,1,1.002037936763385
2020-03-06,2Y,2,1.0044718673180277
2020-03-06,3Y,3,1.0069118340760324
2020-03-06,4Y,4,1.0092266304497335
2020-03-06,5Y,5,1.011425908128852
2020-03-06,7Y,7,1.0146865302968004
2020-03-06,10Y,10,1.0150071877850408
2020-03-06,15Y,15,1.0060396823756708
2020-03-06,20Y,20,0.991861346993342
2020-03-06,25Y,25,0.9761204953795546
2020-03-06,30Y,30,0.9599305325615562
2020-03-09,1Y,1,1.00247934300444
2020-03-09,2Y,2,1.005545513384721
2020-03-09,3Y,3,1.0085812274930943
2020-03-09,4Y,4,1.0112046336286997
2020-03-09,5Y,5,1.013703553752723
2020-03-09,7Y,7,1.0176626975791252
2020-03-09,10Y,10,1.0190588400160123
2020-03-09,15Y,15,1.0139636423641958
2020-03-09,20Y,20,1.0050288748000586
2020-03-09,25Y,25,0.9950399401163463
2020-03-09,30Y,30,0.9845972451163069
2020-03-10,1Y,1,1.0020229745778024
2020-03-10,2Y,2,1.0041782185212025
2020-03-10,3Y,3,1.0062677056303388
2020-03-10,4Y,4,1.0082432772960481
2020-03-10,5Y,5,1.0098954728728844
2020-03-10,7Y,7,1.0117238652538454
2020-03-10,10Y,10,1.0099483281760009
2020-03-10,15Y,15,1.000326134315307
2020-03-10,20Y,20,0.9869323847378635
2020-03-10,25Y,25,0.9724229377355837
2020-03-10,30Y,30,0.9576964982142776
2020-03-11,1Y,1,1.0018574439448644
2020-03-11,2Y,2,1.003959474408818
2020-03-11,3Y,3,1.0059252381880035
2020-03-11,4Y,4,1.0077639256138953
2020-03-11,5Y,5,1.0094349602770092
2020-03-11,7Y,7,1.011438209090839
2020-03-11,10Y,10,1.009925562870892
2020-03-11,15Y,15,1.0002931853334103
2020-03-11,20Y,20,0.9867221745893652
2020-03-11,25Y,25,0.9719034885830141
2020-03-11,30Y,30,0.9568153740350989
2020-03-12,1Y,1,1.0017472395115128
2020-03-12,2Y,2,1.0036405812516247
2020-03-12,3Y,3,1.0052764782495447
2020-03-12,4Y,4,1.0064650247305875
2020-03-12,5Y,5,1.007559330994228
2020-03-12,7Y,7,1.0089567384141764
2020-03-12,10Y,10,1.0068629174091719
2020-03-12,15Y,15,0.9962377824750865
2020-03-12,20Y,20,0.9823485799771926
2020-03-12,25Y,25,0.9673142573596267
2020-03-12,30Y,30,0.9519184179797929
2020-03-13,1Y,1,1.0017672174127514
2020-03-13,2Y,2,1.0034625915916828
2020-03-13,3Y,3,1.0044477781316012
2020-03-13,4Y,4,1.0051825230337506
2020-03-13,5Y,5,1.0060484298853116
2020-03-13,7Y,7,1.006826707397096
2020-03-13,10Y,10,1.00463613441269
2020-03-13,15Y,15,1.0012289031860164
2020-03-13,20Y,20,0.9992619672180598
2020-03-13,25Y,25,0.9972937831081102
2020-03-13,30Y,30,0.9954946600318314
2020-03-16,1Y,1,1.001201019167913
2020-03-16,2Y,2,1.002689240327745
2020-03-16,3Y,3,1.0037082211339698
2020-03-16,4Y,4,1.0038675356643545
2020-03-16,5Y,5,1.0039764397420645
2020-03-16,7Y,7,1.0036865493517313
2020-03-16,10Y,10,0.9991772462611189
2020-03-16,15Y,15,0.9910236753336819
2020-03-16,20Y,20,0.9834317291670032
2020-03-16,25Y,25,0.9763117675366864
2020-03-16,30Y,30,0.9700085555925348
2020-03-17,1Y,1,1.0009056017702598
2020-03-17,2Y,2,1.001924731280875
2020-03-17,3Y,3,1.0026442370145239
2020-03-17,4Y,4,1.0028127921948289
2020-03-17,5Y,5,1.0029361417640335
2020-03-17,7Y,7,1.0026359633696122
2020-03-17,10Y,10,0.9986772592191442
2020-03-17,15Y,15,0.9921597821170446
2020-03-17,20Y,20,0.9868768213743063
2020-03-17,25Y,25,0.9819519969721575
2020-03-17,30Y,30,0.9773852232287991
2020-03-18,1Y,1,1.0004051198470596
2020-03-18,2Y,2,1.0007878955640817
2020-03-18,3Y,3,1.0008805309293924
2020-03-18,4Y,4,1.000567810803551
2020-03-18,5Y,5,1.0000249593526758
2020-03-18,7Y,7,0.9978895205475687
2020-03-18,10Y,10,0.9901899497715012
2020-03-18,15Y,15,0.9722960048988957
2020-03-18,20Y,20,0.9533810514978138
2020-03-18,25Y,25,0.9338747900416567
2020-03-18,30Y,30,0.9143817795731604
2020-03-19,1Y,1,1.0006202941807532
2020-03-19,2Y,2,1.0011283411263556
2020-03-19,3Y,3,1.0011359122103938
2020-03-19,4Y,4,1.0005052850031024
2020-03-19,5Y,5,0.9997197666740836
2020-03-19,7Y,7,0.9974396592755939
2020-03-19,10Y,10,0.9898524458375896
2020-03-19,15Y,15,0.973042958265653
2020-03-19,20Y,20,0.9556122802620804
2020-03-19,25Y,25,0.9378680859969077
2020-03-19,30Y,30,0.9200549248509474
2020-03-20,1Y,1,1.0006202941807532
2020-03-20,2Y,2,1.0011283411263556
2020-03-20,3Y,3,1.001175978450438
2020-03-20,4Y,4,1.0005853672791039
2020-03-20,5Y,5,0.9998198292601078
2020-03-20,7Y,7,0.9977134531916431
2020-03-20,10Y,10,0.9902500489305206
2020-03-20,15Y,15,0.9736309460664384
2020-03-20,20Y,20,0.9563835151954363
2020-03-20,25Y,25,0.9388154283760524
2020-03-20,30Y,30,0.9211712938789197
2020-03-23,1Y,1,1.0007003698550418
2020-03-23,2Y,2,1.0015363762474416
2020-03-23,3Y,3,1.0023731651456462
2020-03-23,4Y,4,1.0028022020836027
2020-03-23,5Y,5,1.0029005296335542
2020-03-23,7Y,7,1.0021994355917485
2020-03-23,10Y,10,0.9972219044069373
2020-03-23,15Y,15,0.9849528750292669
2020-03-23,20Y,20,0.9724300827610821
2020-03-23,25Y,25,0.959540653620626
2020-03-23,30Y,30,0.9467027798007746
2020-03-24,1Y,1,1.0008855723467216
2020-03-24,2Y,2,1.0018320603984214
2020-03-24,3Y,3,1.0024487264712607
2020-03-24,4Y,4,1.002544470103106
2020-03-24,5Y,5,1.0024747124750286
2020-03-24,7Y,7,1.0015277564195246
2020-03-24,10Y,10,0.9962886510303374
2020-03-24,15Y,15,0.9825423038545845
2020-03-24,20Y,20,0.9675873351134928
2020-03-24,25Y,25,0.9518342397862113
2020-03-24,30Y,30,0.9357532033180849
2020-03-25,1Y,1,1.0007604286394625
2020-03-25,2Y,2,1.0016340915351445
2020-03-25,3Y,3,1.0022781002165788
2020-03-25,4Y,4,1.0023211713896885
2020-03-25,5Y,5,1.0021186016073655
2020-03-25,7Y,7,1.000865152267855
2020-03-25,10Y,10,0.9947165934548
2020-03-25,15Y,15,0.9794216935615399
2020-03-25,20Y,20,0.962946696661717
2020-03-25,25Y,25,0.9457707231000191
2020-03-25,30Y,30,0.9280765401906206
2020-03-26,1Y,1,1.0008855723467216
2020-03-26,2Y,2,1.0018996627972865
2020-03-26,3Y,3,1.0027544675203746
2020-03-26,4Y,4,1.0032038583093197
2020-03-26,5Y,5,1.0034628326013217
2020-03-26,7Y,7,1.0030175229329432
2020-03-26,10Y,10,0.9978878836997672
2020-03-26,15Y,15,0.9831828219447953
2020-03-26,20Y,20,0.9675734209902356
2020-03-26,25Y,25,0.9504263464409762
2020-03-26,30Y,30,0.9325247903146822
2020-03-27,1Y,1,1.0005101886618464
2020-03-27,2Y,2,1.0011407593523645
2020-03-27,3Y,3,1.001861876990013
2020-03-27,4Y,4,1.0024933572488477
2020-03-27,5Y,5,1.0028696748285246
2020-03-27,7Y,7,1.0024345101255339
2020-03-27,10Y,10,0.9973222089133941
2020-03-27,15Y,15,0.9841044890342876
2020-03-27,20Y,20,0.9696066635645616
2020-03-27,25Y,25,0.9542895879487275
2020-03-27,30Y,30,0.9385963339462111
2020-03-30,1Y,1,1.0005502127981332
2020-03-30,2Y,2,1.001258417118002
2020-03-30,3Y,3,1.00192709476254
2020-03-30,4Y,4,1.0023682660176927
2020-03-30,5Y,5,1.0026192153253326
2020-03-30,7Y,7,1.002074623179778
2020-03-30,10Y,10,0.9970422708115952
2020-03-30,15Y,15,0.9836618625697783
2020-03-30,20Y,20,0.9696486806743795
2020-03-30,25Y,25,0.9551574264671663
2020-03-30,30Y,30,0.9400574204790921
2020-03-31,1Y,1,1.0004751577809794
2020-03-31,2Y,2,1.0011006965501994
2020-03-31,3Y,3,1.0019368957891313
2020-03-31,4Y,4,1.0028990807227471
2020-03-31,5Y,5,1.0036065768068851
2020-03-31,7Y,7,1.003588287901867
2020-03-31,10Y,10,0.9993910646942358
2020-03-31,15Y,15,0.9873511045249855
2020-03-31,20Y,20,0.9745027871606213
2020-03-31,25Y,25,0.9609571761252365
2020-03-31,30Y,30,0.9469193435044172
2020-04-01,1Y,1,1.0004601437402603
2020-04-01,2Y,2,1.0011081921619338
2020-04-01,3Y,3,1.001826777772675
2020-04-01,4Y,4,1.0024832567143356
2020-04-01,5Y,5,1.0029698088370447
2020-04-01,7Y,7,1.0028205085451807
2020-04-01,10Y,10,0.9983364202064191
2020-04-01,15Y,15,0.9859501195780677
2020-04-01,20Y,20,0.9726647843632256
2020-04-01,25Y,25,0.9587816575513373
2020-04-01,30Y,30,0.9443442716013122
2020-04-02,1Y,1,1.0004401308599502
2020-04-02,2Y,2,1.0010606344994866
2020-04-02,3Y,3,1.0017516314431236
2020-04-02,4Y,4,1.0024205541830906
2020-04-02,5Y,5,1.003009766467179
2020-04-02,7Y,7,1.0031212402367329
2020-04-02,10Y,10,0.9992044565636172
2020-04-02,15Y,15,0.9880253575381275
2020-04-02,20Y,20,0.9762197882889675
2020-04-02,25Y,25,0.9643467903684649
2020-04-02,30Y,30,0.9524580593189477
2020-04-03,1Y,1,1.000385096528397
2020-04-03,2Y,2,1.000973021220391
2020-04-03,3Y,3,1.0016714342481658
2020-04-03,4Y,4,1.0023903621735504
2020-04-03,5Y,5,1.0029645277582186
2020-04-03,7Y,7,1.0028965117505397
2020-04-03,10Y,10,0.998650437329673
2020-04-03,15Y,15,0.9873671928610364
2020-04-03,20Y,20,0.975608733118915
2020-04-03,25Y,25,0.9642384866699897
2020-04-03,30Y,30,0.9527682478645052
2020-04-06,1Y,1,1.0003450710707484
2020-04-06,2Y,2,1.0010055128662958
2020-04-06,3Y,3,1.0016263908983805
2020-04-06,4Y,4,1.0019171071123452
2020-04-06,5Y,5,1.0020626418258638
2020-04-06,7Y,7,1.0014929762420524
2020-04-06,10Y,10,0.9967169022082538
2020-04-06,15Y,15,0.984323511001813
2020-04-06,20Y,20,0.9714592138190852
2020-04-06,25Y,25,0.9593970861572912
2020-04-06,30Y,30,0.9479042575446394
2020-04-07,1Y,1,1.0002800514086019
2020-04-07,2Y,2,1.0006352371388738
2020-04-07,3Y,3,1.0009004811250222
2020-04-07,4Y,4,1.0010656965619287
2020-04-07,5Y,5,1.0010958007287312
2020-04-07,7Y,7,0.9999687490771801
2020-04-07,10Y,10,0.9941618106528434
2020-04-07,15Y,15,0.9800812236984157
2020-04-07,20Y,20,0.9653298737523015
2020-04-07,25Y,25,0.9513136138974492
2020-04-07,30Y,30,0.9376019552902009
2020-04-08,1Y,1,1.0003700879192965
2020-04-08,2Y,2,1.000822901792004
2020-04-08,3Y,3,1.0011057512001091
2020-04-08,4Y,4,1.0012359950371919
2020-04-08,5Y,5,1.0012110602856767
2020-04-08,7Y,7,0.9999837531978839
2020-04-08,10Y,10,0.9943075993748379
2020-04-08,15Y,15,0.9796029151419225
2020-04-08,20Y,20,0.964091379424883
2020-04-08,25Y,25,0.949005718987513
2020-04-08,30Y,30,0.9341491640280334
2020-04-09,1Y,1,1.0003350771158532
2020-04-09,2Y,2,1.0009404393247816
2020-04-09,3Y,3,1.001536217401502
2020-04-09,4Y,4,1.0016541465447577
2020-04-09,5Y,5,1.0015367037854928
2020-04-09,7Y,7,1.0004952988392644
2020-04-09,10Y,10,0.9947654906658108
2020-04-09,15Y,15,0.9789544551391132
2020-04-09,20Y,20,0.9618010012867592
2020-04-09,25Y,25,0.9443593230749062
2020-04-09,30Y,30,0.9266726171837619
2020-04-10,1Y,1,1.0004901658375491
2020-04-10,2Y,2,1.0011757780265391
2020-04-10,3Y,3,1.001841872404433
2020-04-10,4Y,4,1.0022554330103108
2020-04-10,5Y,5,1.002739229915083
2020-04-10,7Y,7,1.0025495753410398
2020-04-10,10Y,10,0.9975546447780378
2020-04-10,15Y,15,0.987692053476406
2020-04-10,20Y,20,0.9687374764478033
2020-04-10,25Y,25,0.9467048106978262
2020-04-10,30Y,30,0.9261077796330061
2020-04-13,1Y,1,1.000470151993877
2020-04-13,2Y,2,1.0011282169101572
2020-04-13,3Y,3,1.0016765966573824
2020-04-13,4Y,4,1.0018746839990142
2020-04-13,5Y,5,1.0019175120165689
2020-04-13,7Y,7,1.0010702512022092
2020-04-13,10Y,10,0.9957234708861562
2020-04-13,15Y,15,0.9794764284403374
2020-04-13,20Y,20,0.9613564300447436
2020-04-13,25Y,25,0.9429521658972279
2020-04-13,30Y,30,0.9243510268631961
2020-04-14,1Y,1,1.000415114891226
2020-04-14,2Y,2,1.0011681859183337
2020-04-14,3Y,3,1.0019419453990315
2020-04-14,4Y,4,1.0022654424026467
2020-04-14,5Y,5,1.0023685606580972
2020-04-14,7Y,7,1.0016625618194666
2020-04-14,10Y,10,0.9963289045046024
2020-04-14,15Y,15,0.9790124027549181
2020-04-14,20Y,20,0.9588525307718029
2020-04-14,25Y,25,0.9386094845266004
2020-04-14,30Y,30,0.9183496181670576
2020-04-15,1Y,1,1.000370090507585
2020-04-15,2Y,2,1.001123095130061
2020-04-15,3Y,3,1.0020470304745588
2020-04-15,4Y,4,1.0026186027276138
2020-04-15,5Y,5,1.0029248602944265
2020-04-15,7Y,7,1.0026702035852444
2020-04-15,10Y,10,0.9979089391819072
2020-04-15,15Y,15,0.9810652197191969
2020-04-15,20Y,20,0.9609089301445894
2020-04-15,25Y,25,0.9401862621164389
2020-04-15,30Y,30,0.9188196340832138
2020-04-16,1Y,1,1.000385096528397
2020-04-16,2Y,2,1.0011306259306356
2020-04-16,3Y,3,1.001966938656585
2020-04-16,4Y,4,1.002445745741452
2020-04-16,5Y,5,1.002699269606971
2020-04-16,7Y,7,1.0022600180185295
2020-04-16,10Y,10,0.997228645224417
2020-04-16,15Y,15,0.9797465142803753
2020-04-16,20Y,20,0.9588926671287896
2020-04-16,25Y,25,0.9379000175654162
2020-04-16,30Y,30,0.9165945766488397
2020-04-17,1Y,1,1.000345077275245
2020-04-17,2Y,2,1.0008629130706175
2020-04-17,3Y,3,1.001471116989822
2020-04-17,4Y,4,1.0020721820120264
2020-04-17,5Y,5,1.002463246412912
2020-04-17,7Y,7,1.001897768332395
2020-04-17,10Y,10,0.9962819922543622
2020-04-17,15Y,15,0.9767161669108874
2020-04-17,20Y,20,0.9534445452150695
2020-04-17,25Y,25,0.9301001082159074
2020-04-17,30Y,30,0.906754913713609
2020-04-20,1Y,1,1.0003400742712312
2020-04-20,2Y,2,1.0010330100468492
2020-04-20,3Y,3,1.0017164920421144
2020-04-20,4Y,4,1.0019196442152525
2020-04-20,5Y,5,1.001947498048731
2020-04-20,7Y,7,1.0011202957811256
2020-04-20,10Y,10,0.9951965905933767
2020-04-20,15Y,15,0.9754779274891657
2020-04-20,20Y,20,0.9520554140012257
2020-04-20,25Y,25,0.9286795464707744
2020-04-20,30Y,30,0.9054034048432897
2020-04-21,1Y,1,1.0003400742712312
2020-04-21,2Y,2,1.0009129409122932
2020-04-21,3Y,3,1.001636328446942
2020-04-21,4Y,4,1.0023577294801747
2020-04-21,5Y,5,1.0029143261826958
2020-04-21,7Y,7,1.0026758369908184
2020-04-21,10Y,10,0.9974417606660466
2020-04-21,15Y,15,0.9793635420848352
2020-04-21,20Y,20,0.957610479785091
2020-04-21,25Y,25,0.9360443007436473
2020-04-21,30Y,30,0.9149065073921635
2020-04-22,1Y,1,1.000330067225579
2020-04-22,2Y,2,1.0008779141550108
2020-04-22,3Y,3,1.0014861420640075
2020-04-22,4Y,4,1.0020596715171324
2020-04-22,5Y,5,1.0025133321826067
2020-04-22,7Y,7,1.0023297255041344
2020-04-22,10Y,10,0.9974758422967376
2020-04-22,15Y,15,0.9805934269755366
2020-04-22,20Y,20,0.9606524408729051
2020-04-22,25Y,25,0.9412391094889294
2020-04-22,30Y,30,0.9223097940971142
2020-04-23,1Y,1,1.0002400305483925
2020-04-23,2Y,2,1.0009678696468653
2020-04-23,3Y,3,1.0019366714608116
2020-04-23,4Y,4,1.0026183375509208
2020-04-23,5Y,5,1.0031350564099242
2020-04-23,7Y,7,1.0033921008977844
2020-04-23,10Y,10,0.9993777469248002
2020-04-23,15Y,15,0.984595619932015
2020-04-23,20Y,20,0.9671638291043639
2020-04-23,25Y,25,0.9506621476117358
2020-04-23,30Y,30,0.934837229302041
2020-04-24,1Y,1,1.0004000998673168
2020-04-24,2Y,2,1.0011006341713926
2020-04-24,3Y,3,1.001951901861095
2020-04-24,4Y,4,1.0027788233429666
2020-04-24,5Y,5,1.0034711194016879
2020-04-24,7Y,7,1.0037345664244932
2020-04-24,10Y,10,0.9997382519065653
2020-04-24,15Y,15,0.9845133322956471
2020-04-24,20Y,20,0.9665865639401827
2020-04-24,25Y,25,0.949460759052218
2020-04-24,30Y,30,0.9331004588274364
2020-04-27,1Y,1,1.0005201752542139
2020-04-27,2Y,2,1.0012959340553131
2020-04-27,3Y,3,1.0021824814048077
2020-04-27,4Y,4,1.003084835086223
2020-04-27,5Y,5,1.0037975344993573
2020-04-27,7Y,7,1.0039509630531598
2020-04-27,10Y,10,0.9997114020452419
2020-04-27,15Y,15,0.9836502636395891
2020-04-27,20Y,20,0.9648457912288638
2020-04-27,25Y,25,0.9470103236677566
2020-04-27,30Y,30,0.9299492683785932
2020-04-28,1Y,1,1.0004951617948807
2020-04-28,2Y,2,1.0014410182802762
2020-04-28,3Y,3,1.002538207621101
2020-04-28,4Y,4,1.0032606307512857
2020-04-28,5Y,5,1.0038030115154424
2020-04-28,7Y,7,1.0040255980183705
2020-04-28,10Y,10,0.999898454208424
2020-04-28,15Y,15,0.9837020289632153
2020-04-28,20Y,20,0.9649179993580953
2020-04-28,25Y,25,0.9469060688332662
2020-04-28,30Y,30,0.9293622525212125
2020-04-29,1Y,1,1.0004951617948807
2020-04-29,2Y,2,1.0014410182802762
2020-04-29,3Y,3,1.002538207621101
2020-04-29,4Y,4,1.0032606307512857
2020-04-29,5Y,5,1.0038030115154424
2020-04-29,7Y,7,1.0040255980183705
2020-04-29,10Y,10,0.999898454208424
2020-04-29,15Y,15,0.9837020289632153
2020-04-29,20Y,20,0.9649179993580953
2020-04-29,25Y,25,0.9469060688332662
2020-04-29,30Y,30,0.9293622525212125
2020-04-30,1Y,1,1.0005552084327625
2020-04-30,2Y,2,1.0015086711085466
2020-04-30,3Y,3,1.0026735806671863
2020-04-30,4Y,4,1.0035816459056925
2020-04-30,5Y,5,1.004234700150247
2020-04-30,7Y,7,1.00445785574002
2020-04-30,10Y,10,1.0003329973004436
2020-04-30,15Y,15,0.9842023790826927
2020-04-30,20Y,20,0.9649328989412649
2020-04-30,25Y,25,0.9464995876344607
2020-04-30,30Y,30,0.928477015092472
2020-05-01,1Y,1,1.0004901625233813
2020-05-01,2Y,2,1.0013484257763894
2020-05-01,3Y,3,1.0022375953700824
2020-05-01,4Y,4,1.002679058409522
2020-05-01,5Y,5,1.002970309065252
2020-05-01,7Y,7,1.002796792995437
2020-05-01,10Y,10,0.9979555281298165
2020-05-01,15Y,15,0.9812992212602956
2020-05-01,20Y,20,0.9617216350279718
2020-05-01,25Y,25,0.9431113954810925
2020-05-01,30Y,30,0.9251496627337089
2020-05-04,1Y,1,1.0004901625233813
2020-05-04,2Y,2,1.0011907950338035
2020-05-04,3Y,3,1.0022423732988537
2020-05-04,4Y,4,1.0031623602174546
2020-05-04,5Y,5,1.0038924531341789
2020-05-04,7Y,7,1.0059484187655905
2020-05-04,10Y,10,1.0000896616077417
2020-05-04,15Y,15,0.9942822805336958
2020-05-04,20Y,20,0.9726399471759917
2020-05-04,25Y,25,0.9470082565104763
2020-05-04,30Y,30,0.9247530370592575
2020-05-05,1Y,1,1.0004901625233813
2020-05-05,2Y,2,1.0011907950338035
2020-05-05,3Y,3,1.0022423732988537
2020-05-05,4Y,4,1.0031623602174546
2020-05-05,5Y,5,1.0038924531341789
2020-05-05,7Y,7,1.0059484187655905
2020-05-05,10Y,10,1.0000896616077417
2020-05-05,15Y,15,0.9942822805336958
2020-05-05,20Y,20,0.9726399471759917
2020-05-05,25Y,25,0.9470082565104763
2020-05-05,30Y,30,0.9247530370592575
2020-05-06,1Y,1,1.0004901625233813
2020-05-06,2Y,2,1.0011757819041838
2020-05-06,3Y,3,1.0022123039466653
2020-05-06,4Y,4,1.0031472848964391
2020-05-06,5Y,5,1.0038924091006738
2020-05-06,7Y,7,1.0059483673841458
2020-05-06,10Y,10,1.000089660527535
2020-05-06,15Y,15,0.9942822985917424
2020-05-06,20Y,20,0.972640025088076
2020-05-06,25Y,25,0.947008379538315
2020-05-06,30Y,30,0.9247531871548658
2020-05-07,1Y,1,1.0004551396885388
2020-05-07,2Y,2,1.001128204165481
2020-05-07,3Y,3,1.001961963958933
2020-05-07,4Y,4,1.0027864084723244
2020-05-07,5Y,5,1.0033509198185482
2020-05-07,7Y,7,1.0031277348440972
2020-05-07,10Y,10,0.9983290874637174
2020-05-07,15Y,15,0.9814325269199583
2020-05-07,20Y,20,0.9616336175830785
2020-05-07,25Y,25,0.9426400137212033
2020-05-07,30Y,30,0.9242774551199158
2020-05-08,1Y,1,1.0004451332640274
2020-05-08,2Y,2,1.0010856599829439
2020-05-08,3Y,3,1.0017867007186234
2020-05-08,4Y,4,1.002410582893112
2020-05-08,5Y,5,1.0028394539223002
2020-05-08,7Y,7,1.0024604768259342
2020-05-08,10Y,10,0.997315187003136
2020-05-08,15Y,15,0.979735785176689
2020-05-08,20Y,20,0.9592056795036725
2020-05-08,25Y,25,0.9393876634939342
2020-05-08,30Y,30,0.920043763665516
2020-05-11,1Y,1,1.0004201185801327
2020-05-11,2Y,2,1.001185702442405
2020-05-11,3Y,3,1.0019519678046447
2020-05-11,4Y,4,1.0022404087087704
2020-05-11,5Y,5,1.0023334969521314
2020-05-11,7Y,7,1.0015623339833069
2020-05-11,10Y,10,0.9959155938233347
2020-05-11,15Y,15,0.9775211380549509
2020-05-11,20Y,20,0.9560107423215294
2020-05-11,25Y,25,0.9352668668395051
2020-05-11,30Y,30,0.9152851082383846
2020-05-12,1Y,1,1.0004201185801327
2020-05-12,2Y,2,1.001200712412469
2020-05-12,3Y,3,1.0020621488679673
2020-05-12,4Y,4,1.0025034703641902
2020-05-12,5Y,5,1.0027094273888577
2020-05-12,7Y,7,1.0022601082126275
2020-05-12,10Y,10,0.997228574150384
2020-05-12,15Y,15,0.9800030701333956
2020-05-12,20Y,20,0.9597097038680434
2020-05-12,25Y,25,0.9399892277305535
2020-05-12,30Y,30,0.9208963033972234
2020-05-13,1Y,1,1.0004901625233813
2020-05-13,2Y,2,1.0013484257763894
2020-05-13,3Y,3,1.002287684165303
2020-05-13,4Y,4,1.0028168868857608
2020-05-13,5Y,5,1.003110742445194
2020-05-13,7Y,7,1.0027157164083784
2020-05-13,10Y,10,0.9978419727484191
2020-05-13,15Y,15,0.9811640174471177
2020-05-13,20Y,20,0.9613371236375978
2020-05-13,25Y,25,0.9421649744141578
2020-05-13,30Y,30,0.9237175957569936
2020-05-14,1Y,1,1.0004801539445558
2020-05-14,2Y,2,1.001343410950321
2020-05-14,3Y,3,1.002297690104089
2020-05-14,4Y,4,1.00284945233693
2020-05-14,5Y,5,1.0031608759548556
2020-05-14,7Y,7,1.0028862242049807
2020-05-14,10Y,10,0.9980755078313717
2020-05-14,15Y,15,0.981651639561668
2020-05-14,20Y,20,0.9621254180981275
2020-05-14,25Y,25,0.9434668176479173
2020-05-14,30Y,30,0.9257138642719863
2020-05-15,1Y,1,1.000470147191653
2020-05-15,2Y,2,1.0013308861962646
2020-05-15,3Y,3,1.002292661930216
2020-05-15,4Y,4,1.002849432675234
2020-05-15,5Y,5,1.0031608579420277
2020-05-15,7Y,7,1.0028862122455675
2020-05-15,10Y,10,0.9980621107698332
2020-05-15,15Y,15,0.9810931610930427
2020-05-15,20Y,20,0.9608187250245409
2020-05-15,25Y,25,0.9413632035620342
2020-05-15,30Y,30,0.9228620567466163
2020-05-18,1Y,1,1.0004701455659708
2020-05-18,2Y,2,1.0011582494041795
2020-05-18,3Y,3,1.0018468552946846
2020-05-18,4Y,4,1.002375620396807
2020-05-18,5Y,5,1.002709260426285
2020-05-18,7Y,7,1.0023191410550976
2020-05-18,10Y,10,0.9973152948209985
2020-05-18,15Y,15,0.9797363374348007
2020-05-18,20Y,20,0.959020285468244
2020-05-18,25Y,25,0.9389523687119427
2020-05-18,30Y,30,0.9197645051067306
2020-05-19,1Y,1,1.0004401278337147
2020-05-19,2Y,2,1.0012407760041913
2020-05-19,3Y,3,1.0020822299284853
2020-05-19,4Y,4,1.002503519294624
2020-05-19,5Y,5,1.0026944389139112
2020-05-19,7Y,7,1.0021839469020923
2020-05-19,10Y,10,0.9971151450217596
2020-05-19,15Y,15,0.9793829296008235
2020-05-19,20Y,20,0.9583979876768082
2020-05-19,25Y,25,0.938040083670908
2020-05-19,30Y,30,0.9183444434946684
2020-05-20,1Y,1,1.0004501387507372
2020-05-20,2Y,2,1.0012382763595757
2020-05-20,3Y,3,1.002127302140767
2020-05-20,4Y,4,1.002641324414634
2020-05-20,5Y,5,1.002910002873515
2020-05-20,7Y,7,1.00256104086952
2020-05-20,10Y,10,0.9977754731599733
2020-05-20,15Y,15,0.9810933942818766
2020-05-20,20Y,20,0.9612085653290736
2020-05-20,25Y,25,0.9420486925736128
2020-05-20,30Y,30,0.9237257962010607
2020-05-21,1Y,1,1.0004401278337147
2020-05-21,2Y,2,1.0010981676305524
2020-05-21,3Y,3,1.0018567951467023
2020-05-21,4Y,4,1.0025684055728183
2020-05-21,5Y,5,1.0030500249019472
2020-05-21,7Y,7,1.0027263425669264
2020-05-21,10Y,10,0.9980891821053062
2020-05-21,15Y,15,0.9822967974063131
2020-05-21,20Y,20,0.9636934298785065
2020-05-21,25Y,25,0.9457177613149965
2020-05-21,30Y,30,0.928569036181735
2020-05-22,1Y,1,1.0004551349709874
2020-05-22,2Y,2,1.0012107774744514
2020-05-22,3Y,3,1.0020672015630432
2020-05-22,4Y,4,1.0027364562408614
2020-05-22,5Y,5,1.0031906403018274
2020-05-22,7Y,7,1.0030013572423921
2020-05-22,10Y,10,0.9987767684931289
2020-05-22,15Y,15,0.9841875063422322
2020-05-22,20Y,20,0.9671803670481787
2020-05-22,25Y,25,0.9507200372020943
2020-05-22,30Y,30,0.9351393701597406
2020-05-25,1Y,1,1.0004301216813152
2020-05-25,2Y,2,1.0011156708742865
2020-05-25,3Y,3,1.0018117524577812
2020-05-25,4Y,4,1.002260354945367
2020-05-25,5Y,5,1.0025237776586817
2020-05-25,7Y,7,1.002024340027338
2020-05-25,10Y,10,0.9972357705959987
2020-05-25,15Y,15,0.9811437590604123
2020-05-25,20Y,20,0.9624817432663336
2020-05-25,25Y,25,0.9441444361858295
2020-05-25,30Y,30,0.9265986262706912
2020-05-26,1Y,1,1.0004301216813152
2020-05-26,2Y,2,1.0012507688886751
2020-05-26,3Y,3,1.0021222856327472
2020-05-26,4Y,4,1.002526081104944
2020-05-26,5Y,5,1.0027395677398454
2020-05-26,7Y,7,1.002375457471602
2020-05-26,10Y,10,0.997842378704097
2020-05-26,15Y,15,0.9816792402742021
2020-05-26,20Y,20,0.9626133620721798
2020-05-26,25Y,25,0.9435627831688222
2020-05-26,30Y,30,0.9251335911880046
2020-05-27,1Y,1,1.0004051076635674
2020-05-27,2Y,2,1.001200697525502
2020-05-27,3Y,3,1.002107207730734
2020-05-27,4Y,4,1.0026212143666249
2020-05-27,5Y,5,1.0029149408501457
2020-05-27,7Y,7,1.0026351869882768
2020-05-27,10Y,10,0.9982226751765914
2020-05-27,15Y,15,0.9822404297259131
2020-05-27,20Y,20,0.963307986259518
2020-05-27,25Y,25,0.9444718188210159
2020-05-27,30Y,30,0.9262619723563592
2020-05-28,1Y,1,1.000450137225042
2020-05-28,2Y,2,1.001080660004209
2020-05-28,3Y,3,1.0017616670757465
2020-05-28,4Y,4,1.0023454593505552
2020-05-28,5Y,5,1.0027091471446317
2020-05-28,7Y,7,1.0022599264429877
2020-05-28,10Y,10,0.9974356868531004
2020-05-28,15Y,15,0.9808989506457312
2020-05-28,20Y,20,0.9610150333808005
2020-05-28,25Y,25,0.9413999721391201
2020-05-28,30Y,30,0.9225870500070777
2020-05-29,1Y,1,1.000435129947172
2020-05-29,2Y,2,1.0012082322945572
2020-05-29,3Y,3,1.0020521482457738
2020-05-29,4Y,4,1.002470916763187
2020-05-29,5Y,5,1.002644282912221
2020-05-29,7Y,7,1.0020135025585892
2020-05-29,10Y,10,0.99696194633659
2020-05-29,15Y,15,0.9797495535184684
2020-05-29,20Y,20,0.9591539388450907
2020-05-29,25Y,25,0.9386352863161469
2020-05-29,30Y,30,0.9186133259625208
2020-06-01,1Y,1,1.0004001055190357
2020-06-01,2Y,2,1.0011381483200243
2020-06-01,3Y,3,1.0018567896848518
2020-06-01,4Y,4,1.0020499974151715
2020-06-01,5Y,5,1.0019676906185406
2020-06-01,7Y,7,1.000814854123093
2020-06-01,10Y,10,0.9948303022378808
2020-06-01,15Y,15,0.9750488360324371
2020-06-01,20Y,20,0.9512851542936868
2020-06-01,25Y,25,0.9275392358204667
2020-06-01,30Y,30,0.904298393014111
2020-06-02,1Y,1,1.000410112665401
2020-06-02,2Y,2,1.0010005609896824
2020-06-02,3Y,3,1.00167147096325
2020-06-02,4Y,4,1.0022451717736331
2020-06-02,5Y,5,1.002508599192856
2020-06-02,7Y,7,1.0016534450384795
2020-06-02,10Y,10,0.9960287030933672
2020-06-02,15Y,15,0.9767064234923639
2020-06-02,20Y,20,0.9533278562231531
2020-06-02,25Y,25,0.9298627960985174
2020-06-02,30Y,30,0.9067649326680717
2020-06-03,1Y,1,1.0004201214313364
2020-06-03,2Y,2,1.0009079964465135
2020-06-03,3Y,3,1.0013560593730177
2020-06-03,4Y,4,1.0017317220971582
2020-06-03,5Y,5,1.0018421155408865
2020-06-03,7Y,7,1.0006144447390781
2020-06-03,10Y,10,0.994418119697077
2020-06-03,15Y,15,0.9737050881998166
2020-06-03,20Y,20,0.9485688955848639
2020-06-03,25Y,25,0.9236397870401741
2020-06-03,30Y,30,0.8995629436287945
2020-06-04,1Y,1,1.0003851031089581
2020-06-04,2Y,2,1.0009880206027824
2020-06-04,3Y,3,1.0015513000000809
2020-06-04,4Y,4,1.0016667159002353
2020-06-04,5Y,5,1.0014716379434565
2020-06-04,7Y,7,0.9998495338312046
2020-06-04,10Y,10,0.9933143701724744
2020-06-04,15Y,15,0.9722103298002106
2020-06-04,20Y,20,0.9466237625320983
2020-06-04,25Y,25,0.9214446420032353
2020-06-04,30Y,30,0.897106119055942
2020-06-05,1Y,1,1.0003550834334014
2020-06-05,2Y,2,1.0006877971021442
2020-06-05,3Y,3,1.0007203752446971
2020-06-05,4Y,4,1.0004602101825526
2020-06-05,5Y,5,0.9998848596158857
2020-06-05,7Y,7,0.9972539941129632
2020-06-05,10Y,10,0.9890827359946679
2020-06-05,15Y,15,0.9653917685630252
2020-06-05,20Y,20,0.9367049336535659
2020-06-05,25Y,25,0.9083345863257897
2020-06-05,30Y,30,0.8812581771407433
2020-06-08,1Y,1,1.0003050653655725
2020-06-08,2Y,2,1.0008503569985157
2020-06-08,3Y,3,1.0013459362626504
2020-06-08,4Y,4,1.0012985762097986
2020-06-08,5Y,5,1.0009307875977365
2020-06-08,7Y,7,0.9991040810473916
2020-06-08,10Y,10,0.9917928541851634
2020-06-08,15Y,15,0.967836353128848
2020-06-08,20Y,20,0.9383499903842005
2020-06-08,25Y,25,0.9090944446436441
2020-06-08,30Y,30,0.8810796990738032
2020-06-09,1Y,1,1.0003851031089581
2020-06-09,2Y,2,1.0009354870097258
2020-06-09,3Y,3,1.0015062281492708
2020-06-09,4Y,4,1.0018594645727081
2020-06-09,5Y,5,1.001962399652936
2020-06-09,7Y,7,1.0010701830033462
2020-06-09,10Y,10,0.9952833467350588
2020-06-09,15Y,15,0.9746145773356897
2020-06-09,20Y,20,0.9493620777130798
2020-06-09,25Y,25,0.9242250067993045
2020-06-09,30Y,30,0.9000796344545696
2020-06-10,1Y,1,1.0003851031089581
2020-06-10,2Y,2,1.0008754468481087
2020-06-10,3Y,3,1.0013760500427562
2020-06-10,4Y,4,1.0017542342684593
2020-06-10,5Y,5,1.0018421032986322
2020-06-10,7Y,7,1.0007105778088612
2020-06-10,10Y,10,0.9947245960880969
2020-06-10,15Y,15,0.9744882288050961
2020-06-10,20Y,20,0.9496131036973082
2020-06-10,25Y,25,0.9250111441257505
2020-06-10,30Y,30,0.9015122549201625
2020-06-11,1Y,1,1.0004401308599502
2020-06-11,2Y,2,1.001068140399703
2020-06-11,3Y,3,1.001796691883302
2020-06-11,4Y,4,1.0024631660838377
2020-06-11,5Y,5,1.0028845689960988
2020-06-11,7Y,7,1.002475540280498
2020-06-11,10Y,10,0.9974352079170401
2020-06-11,15Y,15,0.9790618681102632
2020-06-11,20Y,20,0.9560838720781567
2020-06-11,25Y,25,0.9331214887231782
2020-06-11,30Y,30,0.9112217406609582
2020-06-12,1Y,1,1.0004251251891054
2020-06-12,2Y,2,1.0010080761232347
2020-06-12,3Y,3,1.0016714852595916
2020-06-12,4Y,4,1.0022326674061715
2020-06-12,5Y,5,1.0025436775759404
2020-06-12,7Y,7,1.0019390584161005
2020-06-12,10Y,10,0.9967154543315875
2020-06-12,15Y,15,0.9776810113566057
2020-06-12,20Y,20,0.9538466899213486
2020-06-12,25Y,25,0.9301960471951298
2020-06-12,30Y,30,0.9073003765379174
2020-06-15,1Y,1,1.0004601468417509
2020-06-15,2Y,2,1.0012282792082283
2020-06-15,3Y,3,1.0020571934199138
2020-06-15,4Y,4,1.0024959988474405
2020-06-15,5Y,5,1.0027094602592994
2020-06-15,7Y,7,1.0022841987289124
2020-06-15,10Y,10,0.9974352647392843
2020-06-15,15Y,15,0.9790904884138941
2020-06-15,20Y,20,0.9563563940771022
2020-06-15,25Y,25,0.9336039026185433
2020-06-15,30Y,30,0.9114985495506954
2020-06-16,1Y,1,1.000405114556947
2020-06-16,2Y,2,1.0010881063534627
2020-06-16,3Y,3,1.001851758374932
2020-06-16,4Y,4,1.0022603451840297
2020-06-16,5Y,5,1.0024035378856477
2020-06-16,7Y,7,1.0015182015243778
2020-06-16,10Y,10,0.9959156845480179
2020-06-16,15Y,15,0.9767538660407944
2020-06-16,20Y,20,0.9528671114133288
2020-06-16,25Y,25,0.9290218466959971
2020-06-16,30Y,30,0.9059235131284228
2020-06-17,1Y,1,1.0004001136223852
2020-06-17,2Y,2,1.0010480700678885
2020-06-17,3Y,3,1.0016865009191027
2020-06-17,4Y,4,1.0018670935258254
2020-06-17,5Y,5,1.0017972556344448
2020-06-17,7Y,7,1.0007957986239926
2020-06-17,10Y,10,0.9949305774371558
2020-06-17,15Y,15,0.9744298397762094
2020-06-17,20Y,20,0.9491550146264183
2020-06-17,25Y,25,0.9240684388380334
2020-06-17,30Y,30,0.8998087515744168
2020-06-18,1Y,1,1.0003750988575286
2020-06-18,2Y,2,1.000990508262603
2020-06-18,3Y,3,1.0016163711646768
2020-06-18,4Y,4,1.0018369878254176
2020-06-18,5Y,5,1.0017971904198497
2020-06-18,7Y,7,1.0007957755722359
2020-06-18,10Y,10,0.9951040720806167
2020-06-18,15Y,15,0.9751887796093491
2020-06-18,20Y,20,0.9505332173929214
2020-06-18,25Y,25,0.9257758824147871
2020-06-18,30Y,30,0.9017505665078399
2020-06-19,1Y,1,1.000355089419986
2020-06-19,2Y,2,1.0009504601801822
2020-06-19,3Y,3,1.0015963121178943
2020-06-19,4Y,4,1.001861991148575
2020-06-19,5Y,5,1.0018622712757987
2020-06-19,7Y,7,1.0009460027057606
2020-06-19,10Y,10,0.9953171366124718
2020-06-19,15Y,15,0.9761266367871221
2020-06-19,20Y,20,0.9522180910878711
2020-06-19,25Y,25,0.9282074028048626
2020-06-19,30Y,30,0.9051122853977397
2020-06-22,1Y,1,1.000355089419986
2020-06-22,2Y,2,1.000965468147359
2020-06-22,3Y,3,1.0016463795628006
2020-06-22,4Y,4,1.0022800798655502
2020-06-22,5Y,5,1.0026536164980697
2020-06-22,7Y,7,1.0011726294467793
2020-06-22,10Y,10,0.9955493805086116
2020-06-22,15Y,15,0.9765803697671579
2020-06-22,20Y,20,0.9531054325970894
2020-06-22,25Y,25,0.9295124563319438
2020-06-22,30Y,30,0.9067863828491393
2020-06-23,1Y,1,1.0003650946811642
2020-06-23,2Y,2,1.0009629781645757
2020-06-23,3Y,3,1.0015913188808163
2020-06-23,4Y,4,1.0018419696848662
2020-06-23,5Y,5,1.0018522569980497
2020-06-23,7Y,7,1.0008848976332136
2020-06-23,10Y,10,0.9953306049841111
2020-06-23,15Y,15,0.9763698135357329
2020-06-23,20Y,20,0.9528504400186224
2020-06-23,25Y,25,0.9292381509523934
2020-06-23,30Y,30,0.9065209148220392
2020-06-24,1Y,1,1.0003650946811642
2020-06-24,2Y,2,1.0008128888973205
2020-06-24,3Y,3,1.0013209459086112
2020-06-24,4Y,4,1.0017767007334595
2020-06-24,5Y,5,1.001962242803621
2020-06-24,7Y,7,1.0010701155030868
2020-06-24,10Y,10,0.995550378462371
2020-06-24,15Y,15,0.9765273336780856
2020-06-24,20Y,20,0.9528160610153628
2020-06-24,25Y,25,0.9288919689145817
2020-06-24,30Y,30,0.9056572584805176
2020-06-25,1Y,1,1.0003650946811642
2020-06-25,2Y,2,1.000985490537511
2020-06-25,3Y,3,1.0016564078125527
2020-06-25,4Y,4,1.0022800880800646
2020-06-25,5Y,5,1.0026686480144862
2020-06-25,7Y,7,1.0011726408865462
2020-06-25,10Y,10,0.995842755864207
2020-06-25,15Y,15,0.977463639291705
2020-06-25,20Y,20,0.9547172390132878
2020-06-25,25Y,25,0.9318049626444093
2020-06-25,30Y,30,0.9095879793703243
2020-06-26,1Y,1,1.000355089419986
2020-06-26,2Y,2,1.000965468147359
2020-06-26,3Y,3,1.0016363664516836
2020-06-26,4Y,4,1.0019471412899732
2020-06-26,5Y,5,1.002047618801865
2020-06-26,7Y,7,1.0013226780444642
2020-06-26,10Y,10,0.9960630313910895
2020-06-26,15Y,15,0.9777370516754296
2020-06-26,20Y,20,0.9548953846247504
2020-06-26,25Y,25,0.9318470570626761
2020-06-26,30Y,30,0.9095805673541058
2020-06-28,1Y,1,1.0004201269840292
2020-06-28,2Y,2,1.0009530257694859
2020-06-28,3Y,3,1.0015863404870617
2020-06-28,4Y,4,1.0021699875849894
2020-06-28,5Y,5,1.002523539409071
2020-06-28,7Y,7,1.0020712927229523
2020-06-28,10Y,10,0.9972224739782882
2020-06-28,15Y,15,0.9796471715574315
2020-06-28,20Y,20,0.9577041299959853
2020-06-28,25Y,25,0.9355575556073679
2020-06-28,30Y,30,0.9140494982495861
2020-06-29,1Y,1,1.0003801047068195
2020-06-29,2Y,2,1.0009779984980318
2020-06-29,3Y,3,1.0016063515011373
2020-06-29,4Y,4,1.00184950016086
2020-06-29,5Y,5,1.001867302254587
2020-06-29,7Y,7,1.0009259786223144
2020-06-29,10Y,10,0.9954572254769986
2020-06-29,15Y,15,0.9771468267056674
2020-06-29,20Y,20,0.9543475444306387
2020-06-29,25Y,25,0.931339403566488
2020-06-29,30Y,30,0.9090413047554845
2020-06-30,1Y,1,1.0003450854375067
2020-06-30,2Y,2,1.000892915845941
2020-06-30,3Y,3,1.0014110587104135
2020-06-30,4Y,4,1.00149888897441
2020-06-30,5Y,5,1.0013463627922572
2020-06-30,7Y,7,1.0000137607806607
2020-06-30,10Y,10,0.9938404811989304
2020-06-30,15Y,15,0.9739751013239359
2020-06-30,20Y,20,0.9495602159038361
2020-06-30,25Y,25,0.9250384217089651
2020-06-30,30Y,30,0.9015425862645684
2020-07-01,1Y,1,1.000360094947199
2020-07-01,2Y,2,1.0007053157250325
2020-07-01,3Y,3,1.0009705840590755
2020-07-01,4Y,4,1.0011283135497746
2020-07-01,5Y,5,1.001040793591601
2020-07-01,7Y,7,0.9994893826174835
2020-07-01,10Y,10,0.9928104248310881
2020-07-01,15Y,15,0.9710540151636665
2020-07-01,20Y,20,0.9442705801272786
2020-07-01,25Y,25,0.9173639649476537
2020-07-01,30Y,30,0.8915437950514705
2020-07-02,1Y,1,1.0003650982171883
2020-07-02,2Y,2,1.0007378388909782
2020-07-02,3Y,3,1.0011707598236992
2020-07-02,4Y,4,1.0016264149674554
2020-07-02,5Y,5,1.0017668229341496
2020-07-02,7Y,7,1.000464197602771
2020-07-02,10Y,10,0.9940524084868181
2020-07-02,15Y,15,0.9733652231076219
2020-07-02,20Y,20,0.9469824441069978
2020-07-02,25Y,25,0.9203147410112267
2020-07-02,30Y,30,0.8947932875376461
2020-07-03,1Y,1,1.000425132145795
2020-07-03,2Y,2,1.000925508190843
2020-07-03,3Y,3,1.0014061292092258
2020-07-03,4Y,4,1.0016866985861332
2020-07-03,5Y,5,1.0017069337164597
2020-07-03,7Y,7,1.0005493800177392
2020-07-03,10Y,10,0.994611566370857
2020-07-03,15Y,15,0.9740702863625658
2020-07-03,20Y,20,0.9484577567093024
2020-07-03,25Y,25,0.9227850567404318
2020-07-03,30Y,30,0.898137719199535
2020-07-05,1Y,1,1.0004651585447941
2020-07-05,2Y,2,1.0009905907843786
2020-07-05,3Y,3,1.0015363330913625
2020-07-05,4Y,4,1.0019747122916711
2020-07-05,5Y,5,1.0021478113018947
2020-07-05,7Y,7,1.0011503612981816
2020-07-05,10Y,10,0.995296405620659
2020-07-05,15Y,15,0.9750287704471344
2020-07-05,20Y,20,0.9496744676547729
2020-07-05,25Y,25,0.9241128511037312
2020-07-05,30Y,30,0.8994916982293832
2020-07-06,1Y,1,1.0004051198470596
2020-07-06,2Y,2,1.0009980368492883
2020-07-06,3Y,3,1.001551306012733
2020-07-06,4Y,4,1.0016416898384424
2020-07-06,5Y,5,1.0014816661301862
2020-07-06,7Y,7,1.0002139694000587
2020-07-06,10Y,10,0.9940460731116453
2020-07-06,15Y,15,0.9733756358322639
2020-07-06,20Y,20,0.9476382558014875
2020-07-06,25Y,25,0.9218523657239706
2020-07-06,30Y,30,0.897046345613076
2020-07-07,1Y,1,1.000450149081293
2020-07-07,2Y,2,1.0009230255495252
2020-07-07,3Y,3,1.0013660943295055
2020-07-07,4Y,4,1.0017017119669573
2020-07-07,5Y,5,1.0017970655216657
2020-07-07,7Y,7,1.0007346319141308
2020-07-07,10Y,10,0.9948443933829948
2020-07-07,15Y,15,0.9743845830540377
2020-07-07,20Y,20,0.9486112562763217
2020-07-07,25Y,25,0.9226740070312417
2020-07-07,30Y,30,0.8975520254765424
2020-07-08,1Y,1,1.000535210523445
2020-07-08,2Y,2,1.0012433716201377
2020-07-08,3Y,3,1.001881985256396
2020-07-08,4Y,4,1.0020877087960642
2020-07-08,5Y,5,1.0021180911263008
2020-07-08,7Y,7,1.0013118188232648
2020-07-08,10Y,10,0.9958159867248945
2020-07-08,15Y,15,0.9765210011759762
2020-07-08,20Y,20,0.9523025656205619
2020-07-08,25Y,25,0.9277474037669503
2020-07-08,30Y,30,0.9039466228294788
2020-07-09,1Y,1,1.0005252026474725
2020-07-09,2Y,2,1.0012683788407144
2020-07-09,3Y,3,1.0020923243918975
2020-07-09,4Y,4,1.0025812594762886
2020-07-09,5Y,5,1.0027897517869915
2020-07-09,7Y,7,1.0022251608721144
2020-07-09,10Y,10,0.9973151705737767
2020-07-09,15Y,15,0.9790238283290399
2020-07-09,20Y,20,0.9559777704556489
2020-07-09,25Y,25,0.9325134519331969
2020-07-09,30Y,30,0.9097905607645825
2020-07-10,1Y,1,1.0005602281823927
2020-07-10,2Y,2,1.0013309857686956
2020-07-10,3Y,3,1.0020923997346365
2020-07-10,4Y,4,1.0024710989696966
2020-07-10,5Y,5,1.0026745080953956
2020-07-10,7Y,7,1.0022842581846034
2020-07-10,10Y,10,0.9974352228470609
2020-07-10,15Y,15,0.9789770159227982
2020-07-10,20Y,20,0.9555165924756223
2020-07-10,25Y,25,0.9317902567398797
2020-07-10,30Y,30,0.9089426757507929
2020-07-13,1Y,1,1.0004751655198796
2020-07-13,2Y,2,1.0011232022903034
2020-07-13,3Y,3,1.0017116276293998
2020-07-13,4Y,4,1.0018671780960813
2020-07-13,5Y,5,1.0017973221719885
2020-07-13,7Y,7,1.000734717899257
2020-07-13,10Y,10,0.9948306397157642
2020-07-13,15Y,15,0.9742254306180345
2020-07-13,20Y,20,0.9483579667206032
2020-07-13,25Y,25,0.9223159932328511
2020-07-13,30Y,30,0.8972770894451647
2020-07-14,1Y,1,1.0004851710909868
2020-07-14,2Y,2,1.0011882665339789
2020-07-14,3Y,3,1.0019219782827526
2020-07-14,4Y,4,1.002283024180039
2020-07-14,5Y,5,1.002418702252378
2020-07-14,7Y,7,1.0017387597951581
2020-07-14,10Y,10,0.9963886159187888
2020-07-14,15Y,15,0.9765209089333519
2020-07-14,20Y,20,0.951464759258714
2020-07-14,25Y,25,0.9261216609507511
2020-07-14,30Y,30,0.9016739779468578
2020-07-15,1Y,1,1.0005151916131794
2020-07-15,2Y,2,1.0010982280076028
2020-07-15,3Y,3,1.0017216571137197
2020-07-15,4Y,4,1.00231042446459
2020-07-15,5Y,5,1.0026690787200014
2020-07-15,7Y,7,1.002063453145124
2020-07-15,10Y,10,0.996694968213836
2020-07-15,15Y,15,0.9766681796268645
2020-07-15,20Y,20,0.9511760999664014
2020-07-15,25Y,25,0.9254384292009988
2020-07-15,30Y,30,0.9005304565890442
2020-07-16,1Y,1,1.0005752379841697
2020-07-16,2Y,2,1.0012484303293174
2020-07-16,3Y,3,1.0019020631067228
2020-07-16,4Y,4,1.0024358830747226
2020-07-16,5Y,5,1.0028146523568526
2020-07-16,7Y,7,1.002545855716617
2020-07-16,10Y,10,0.9978020941649299
2020-07-16,15Y,15,0.9788083235003099
2020-07-16,20Y,20,0.9542746422618174
2020-07-16,25Y,25,0.9293456036603154
2020-07-16,30Y,30,0.9052482948857946
2020-07-17,1Y,1,1.0005602281823927
2020-07-17,2Y,2,1.0012409037238372
2020-07-17,3Y,3,1.0019020480295773
2020-07-17,4Y,4,1.002348212206331
2020-07-17,5Y,5,1.0026242004517807
2020-07-17,7Y,7,1.0022690707687167
2020-07-17,10Y,10,0.9974353461200077
2020-07-17,15Y,15,0.9786640981038144
2020-07-17,20Y,20,0.9545298845027205
2020-07-17,25Y,25,0.9299102302465804
2020-07-17,30Y,30,0.905821684658427
2020-07-18,1Y,1,1.0006202805625106
2020-07-18,2Y,2,1.001428662237807
2020-07-18,3Y,3,1.0024381069247086
2020-07-18,4Y,4,1.003410996093662
2020-07-18,5Y,5,1.0041942470829324
2020-07-18,7Y,7,1.0047637275166237
2020-07-18,10Y,10,1.0018582705807795
2020-07-18,15Y,15,0.9876793028909522
2020-07-18,20Y,20,0.9639386143551375
2020-07-18,25Y,25,0.9362515980111541
2020-07-18,30Y,30,0.9108379858346825
2020-07-19,1Y,1,1.0006002625017731
2020-07-19,2Y,2,1.0013060131416411
2020-07-19,3Y,3,1.002082393976638
2020-07-19,4Y,4,1.0027742103156214
2020-07-19,5Y,5,1.0032359425329385
2020-07-19,7Y,7,1.0030366073079173
2020-07-19,10Y,10,0.9984024203415682
2020-07-19,15Y,15,0.9801241751297607
2020-07-19,20Y,20,0.9565706713367558
2020-07-19,25Y,25,0.9323936848230782
2020-07-19,30Y,30,0.9088762835130481
2020-07-20,1Y,1,1.0005402119237017
2020-07-20,2Y,2,1.0011407894336795
2020-07-20,3Y,3,1.0017617574564934
2020-07-20,4Y,4,1.0023255154602542
2020-07-20,5Y,5,1.0026691441943225
2020-07-20,7Y,7,1.002183778332506
2020-07-20,10Y,10,0.9970884920642998
2020-07-20,15Y,15,0.9777564211794122
2020-07-20,20Y,20,0.9530887623858648
2020-07-20,25Y,25,0.9277128411218326
2020-07-20,30Y,30,0.9027341170210145
2020-07-21,1Y,1,1.000570232846818
2020-07-21,2Y,2,1.001403572541751
2020-07-21,3Y,3,1.002287795298461
2020-07-21,4Y,4,1.002809471848833
2020-07-21,5Y,5,1.0031258642328702
2020-07-21,7Y,7,1.002947428665127
2020-07-21,10Y,10,0.9983290984523333
2020-07-21,15Y,15,0.9806362031461662
2020-07-21,20Y,20,0.9574520308005169
2020-07-21,25Y,25,0.9333968048157502
2020-07-21,30Y,30,0.9097058249663844
2020-07-22,1Y,1,1.0005502182017167
2020-07-22,2Y,2,1.0012584105083746
2020-07-22,3Y,3,1.0020873263755956
2020-07-22,4Y,4,1.002826751128706
2020-07-22,5Y,5,1.0033261235109838
2020-07-22,7Y,7,1.0031399419792038
2020-07-22,10Y,10,0.9986294914688393
2020-07-22,15Y,15,0.9810237279855294
2020-07-22,20Y,20,0.9581820291111838
2020-07-22,25Y,25,0.9346204421670813
2020-07-22,30Y,30,0.9113990725520372
2020-07-23,1Y,1,1.0005502182017167
2020-07-23,2Y,2,1.0012584105083746
2020-07-23,3Y,3,1.001967151800999
2020-07-23,4Y,4,1.002435915631817
2020-07-23,5Y,5,1.0027395191070323
2020-07-23,7Y,7,1.0024455745893956
2020-07-23,10Y,10,0.9975620538788104
2020-07-23,15Y,15,0.9794420392114748
2020-07-23,20Y,20,0.9559668912659421
2020-07-23,25Y,25,0.9318933785805628
2020-07-23,30Y,30,0.9083462872051723
2020-07-24,1Y,1,1.000600260569024
2020-07-24,2Y,2,1.001321030393282
2020-07-24,3Y,3,1.0021124550066303
2020-07-24,4Y,4,1.0028268476560842
2020-07-24,5Y,5,1.0033262181649203
2020-07-24,7Y,7,1.0031400068751035
2020-07-24,10Y,10,0.9986294741124216
2020-07-24,15Y,15,0.9810235579327096
2020-07-24,20Y,20,0.9581817424088982
2020-07-24,25Y,25,0.934620080036964
2020-07-24,30Y,30,0.9113986581141273
2020-07-26,1Y,1,1.0005902517952234
2020-07-26,2Y,2,1.0012934909769466
2020-07-26,3Y,3,1.002067352531834
2020-07-26,4Y,4,1.0027666669777728
2020-07-26,5Y,5,1.0032359135487827
2020-07-26,7Y,7,1.0030365868839914
2020-07-26,10Y,10,0.9984292393739714
2020-07-26,15Y,15,0.9807270005347732
2020-07-26,20Y,20,0.9577938608435383
2020-07-26,25Y,25,0.9341457013344859
2020-07-26,30Y,30,0.9108423447366943
2020-07-27,1Y,1,1.0005251975721603
2020-07-27,2Y,2,1.0011407770917844
2020-07-27,3Y,3,1.0018268319327843
2020-07-27,4Y,4,1.0025083616350379
2020-07-27,5Y,5,1.0029598642658981
2020-07-27,7Y,7,1.0026350835628328
2020-07-27,10Y,10,0.9979289501979003
2020-07-27,15Y,15,0.9801296110061943
2020-07-27,20Y,20,0.9571846716224351
2020-07-27,25Y,25,0.9334424719596314
2020-07-27,30Y,30,0.9100175970381181
2020-07-28,1Y,1,1.000535207089786
2020-07-28,2Y,2,1.0013259477826488
2020-07-28,3Y,3,1.0021674967819767
2020-07-28,4Y,4,1.0026239291821983
2020-07-28,5Y,5,1.002875044094371
2020-07-28,7Y,7,1.0025611003038297
2020-07-28,10Y,10,0.997842174932522
2020-07-28,15Y,15,0.980310258633989
2020-07-28,20Y,20,0.9578733405212906
2020-07-28,25Y,25,0.9349683694615717
2020-07-28,30Y,30,0.9125826289830041
2020-07-29,1Y,1,1.0005502182017167
2020-07-29,2Y,2,1.0013559970507417
2020-07-29,3Y,3,1.002212609480796
2020-07-29,4Y,4,1.002696637519483
2020-07-29,5Y,5,1.0029903969593135
2020-07-29,7Y,7,1.0028469891763325
2020-07-29,10Y,10,0.9984495595216479
2020-07-29,15Y,15,0.9818558958536217
2020-07-29,20Y,20,0.9605606953351592
2020-07-29,25Y,25,0.9389293215149034
2020-07-29,30Y,30,0.9179535922306692
2020-07-30,1Y,1,1.000560226374845
2020-07-30,2Y,2,1.0012108770691248
2020-07-30,3Y,3,1.0019020185814038
2020-07-30,4Y,4,1.0025385372162385
2020-07-30,5Y,5,1.002990054123698
2020-07-30,7Y,7,1.0028467387801567
2020-07-30,10Y,10,0.9984630440913563
2020-07-30,15Y,15,0.9823008662745731
2020-07-30,20Y,20,0.9614712572882406
2020-07-30,25Y,25,0.9402078028176906
2020-07-30,30Y,30,0.9196583121005211
2020-07-31,1Y,1,1.0005652277595392
2020-07-31,2Y,2,1.001235908935416
2020-07-31,3Y,3,1.0018870251948184
2020-07-31,4Y,4,1.0024283451197125
2020-07-31,5Y,5,1.0028146271472262
2020-07-31,7Y,7,1.0025699101649963
2020-07-31,10Y,10,0.9982763476622974
2020-07-31,15Y,15,0.9825338142099651
2020-07-31,20Y,20,0.9626863435959775
2020-07-31,25Y,25,0.9426644716960438
2020-07-31,30Y,30,0.9233842614193158
2020-08-02,1Y,1,1.0006052640333634
2020-08-02,2Y,2,1.001338555271664
2020-08-02,3Y,3,1.0021525367214141
2020-08-02,4Y,4,1.0029120669718028
2020-08-02,5Y,5,1.0034666564060408
2020-08-02,7Y,7,1.0033527953133463
2020-08-02,10Y,10,0.9991772879264417
2020-08-02,15Y,15,0.9836977488353557
2020-08-02,20Y,20,0.9638041063187962
2020-08-02,25Y,25,0.9436217972205657
2020-08-02,30Y,30,0.9241941324947361
2020-08-03,1Y,1,1.0005251975721603
2020-08-03,2Y,2,1.0012984145055503
2020-08-03,3Y,3,1.0020923493584153
2020-08-03,4Y,4,1.0025036201441562
2020-08-03,5Y,5,1.0027396248329126
2020-08-03,7Y,7,1.002495799648023
2020-08-03,10Y,10,0.9979626111317712
2020-08-03,15Y,15,0.9818724873783162
2020-08-03,20Y,20,0.961551672725397
2020-08-03,25Y,25,0.94088022617498
2020-08-03,30Y,30,0.9208226576707902
2020-08-04,1Y,1,1.0005352036062305
2020-08-04,2Y,2,1.0013860058910478
2020-08-04,3Y,3,1.0023779031490678
2020-08-04,4Y,4,1.0030400022759811
2020-08-04,5Y,5,1.0034969401192881
2020-08-04,7Y,7,1.003685029158555
2020-08-04,10Y,10,0.9999520980065465
2020-08-04,15Y,15,0.9845701156927888
2020-08-04,20Y,20,0.9649820464179321
2020-08-04,25Y,25,0.9449085698071077
2020-08-04,30Y,30,0.9253028558367763
2020-08-05,1Y,1,1.0005352036062305
2020-08-05,2Y,2,1.0011683136099705
2020-08-05,3Y,3,1.0018118458192744
2020-08-05,4Y,4,1.0024107034714096
2020-08-05,5Y,5,1.002869634825912
2020-08-05,7Y,7,1.0027202434335087
2020-08-05,10Y,10,0.9984631524937028
2020-08-05,15Y,15,0.9825294251771425
2020-08-05,20Y,20,0.9625252573177807
2020-08-05,25Y,25,0.942271948614712
2020-08-05,30Y,30,0.9225171932034893
2020-08-06,1Y,1,1.0005302005798091
2020-08-06,2Y,2,1.0011808194158367
2020-08-06,3Y,3,1.001901975591738
2020-08-06,4Y,4,1.0025835797203542
2020-08-06,5Y,5,1.003065204649335
2020-08-06,7Y,7,1.0029209710715086
2020-08-06,10Y,10,0.9987634366794275
2020-08-06,15Y,15,0.9832035316496605
2020-08-06,20Y,20,0.9634691041862151
2020-08-06,25Y,25,0.9432737928729933
2020-08-06,30Y,30,0.9236387105577941
2020-08-07,1Y,1,1.0005251975721603
2020-08-07,2Y,2,1.0011107494431242
2020-08-07,3Y,3,1.0015764905786668
2020-08-07,4Y,4,1.0018846803932036
2020-08-07,5Y,5,1.002132854767754
2020-08-07,7Y,7,1.001682404404512
2020-08-07,10Y,10,0.9969629452890229
2020-08-07,15Y,15,0.9804204659082091
2020-08-07,20Y,20,0.9596983301573695
2020-08-07,25Y,25,0.9384762262723699
2020-08-07,30Y,30,0.9177362631096913
2020-08-10,1Y,1,1.0005752398449024
2020-08-10,2Y,2,1.001270950552373
2020-08-10,3Y,3,1.002057307168288
2020-08-10,4Y,4,1.0027916819171214
2020-08-10,5Y,5,1.0033311206767044
2020-08-10,7Y,7,1.0032994152034027
2020-08-10,10Y,10,0.9992641099429773
2020-08-10,15Y,15,0.9838595671651035
2020-08-10,20Y,20,0.9642545519465142
2020-08-10,25Y,25,0.9440046313531997
2020-08-10,30Y,30,0.924181437355849
2020-08-11,1Y,1,1.0004951702208729
2020-08-11,2Y,2,1.001140752136408
2020-08-11,3Y,3,1.0016065208910996
2020-08-11,4Y,4,1.0016968990122954
2020-08-11,5Y,5,1.0016670506630387
2020-08-11,7Y,7,1.0008048131138934
2020-08-11,10Y,10,0.9953842454127199
2020-08-11,15Y,15,0.9778852848045166
2020-08-11,20Y,20,0.956027345752002
2020-08-11,25Y,25,0.9336887890498136
2020-08-11,30Y,30,0.9118541389350909
2020-08-12,1Y,1,1.000410123520493
2020-08-12,2Y,2,1.000970523489577
2020-08-12,3Y,3,1.00137106424746
2020-08-12,4Y,4,1.0012460920238193
2020-08-12,5Y,5,1.0009608864334905
2020-08-12,7Y,7,0.9996945566490156
2020-08-12,10Y,10,0.9935284932038622
2020-08-12,15Y,15,0.9734341961975118
2020-08-12,20Y,20,0.9484635278242673
2020-08-12,25Y,25,0.9226470259147223
2020-08-12,30Y,30,0.8973186992791561
2020-08-13,1Y,1,1.0003901091270693
2020-08-13,2Y,2,1.0008254137486787
2020-08-13,3Y,3,1.0011708225307283
2020-08-13,4Y,4,1.0013511494589713
2020-08-13,5Y,5,1.0013813105917555
2020-08-13,7Y,7,1.0003601273982645
2020-08-13,10Y,10,0.9948258826141494
2020-08-13,15Y,15,0.9754757437845225
2020-08-13,20Y,20,0.9509734205002657
2020-08-13,25Y,25,0.9258933727927362
2020-08-13,30Y,30,0.9011735827692994
2020-08-14,1Y,1,1.0003550905798624
2020-08-14,2Y,2,1.0009129368319856
2020-08-14,3Y,3,1.001521207260641
2020-08-14,4Y,4,1.001811875285518
2020-08-14,5Y,5,1.0018672239846784
2020-08-14,7Y,7,1.000985046455615
2020-08-14,10Y,10,0.9955503702910116
2020-08-14,15Y,15,0.9759011874597662
2020-08-14,20Y,20,0.9508453335235554
2020-08-14,25Y,25,0.9252877939809285
2020-08-14,30Y,30,0.9000089856298339
2020-08-16,1Y,1,1.0003550905798624
2020-08-16,2Y,2,1.0008303904733475
2020-08-16,3Y,3,1.0013960289450983
2020-08-16,4Y,4,1.0018593511578568
2020-08-16,5Y,5,1.0020524412368947
2020-08-16,7Y,7,1.0012464608106195
2020-08-16,10Y,10,0.9959165909862046
2020-08-16,15Y,15,0.9762733973840156
2020-08-16,20Y,20,0.9510720416358271
2020-08-16,25Y,25,0.925246374669264
2020-08-16,30Y,30,0.8997040105075073
2020-08-17,1Y,1,1.0003751013148865
2020-08-17,2Y,2,1.000840412425303
2020-08-17,3Y,3,1.001366013076628
2020-08-17,4Y,4,1.0017867537914094
2020-08-17,5Y,5,1.0019222178858544
2020-08-17,7Y,7,1.000985020950476
2020-08-17,10Y,10,0.9954171676476627
2020-08-17,15Y,15,0.9756771536704775
2020-08-17,20Y,20,0.9504027423632754
2020-08-17,25Y,25,0.9243534966427759
2020-08-17,30Y,30,0.8986032098816688
2020-08-18,1Y,1,1.0004601573039906
2020-08-18,2Y,2,1.0009655650141942
2020-08-18,3Y,3,1.001511284117095
2020-08-18,4Y,4,1.0019796922782416
2020-08-18,5Y,5,1.0022329393850804
2020-08-18,7Y,7,1.0016473288476544
2020-08-18,10Y,10,0.9970829584810197
2020-08-18,15Y,15,0.9786384353713482
2020-08-18,20Y,20,0.9534334616233852
2020-08-18,25Y,25,0.9262100833930597
2020-08-18,30Y,30,0.8998712995780261
2020-08-19,1Y,1,1.0005051889502183
2020-08-19,2Y,2,1.0010781968061186
2020-08-19,3Y,3,1.0016515539478397
2020-08-19,4Y,4,1.0020649755028506
2020-08-19,5Y,5,1.0022831958400642
2020-08-19,7Y,7,1.001697522752355
2020-08-19,10Y,10,0.9967291494250294
2020-08-19,15Y,15,0.9779549217658017
2020-08-19,20Y,20,0.953876386524696
2020-08-19,25Y,25,0.9292163549877489
2020-08-19,30Y,30,0.9050085460098101
2020-08-20,1Y,1,1.0004651614904283
2020-08-20,2Y,2,1.0011106746345928
2020-08-20,3Y,3,1.0017767018668038
2020-08-20,4Y,4,1.0020575086207955
2020-08-20,5Y,5,1.0021179468435195
2020-08-20,7Y,7,1.0013378155725667
2020-08-20,10Y,10,0.9960360096764068
2020-08-20,15Y,15,0.9766225743771101
2020-08-20,20Y,20,0.9519742502641242
2020-08-20,25Y,25,0.926701877584768
2020-08-20,30Y,30,0.9016636337039474
2020-08-21,1Y,1,1.0004851741867462
2020-08-21,2Y,2,1.001000614544188
2020-08-21,3Y,3,1.0014862915397378
2020-08-21,4Y,4,1.0018620380882712
2020-08-21,5Y,5,1.002057618656255
2020-08-21,7Y,7,1.001226502799498
2020-08-21,10Y,10,0.9959164401764944
2020-08-21,15Y,15,0.9764152631236267
2020-08-21,20Y,20,0.9513659986095462
2020-08-21,25Y,25,0.9256022691584119
2020-08-21,30Y,30,0.9002640375039909
2020-08-24,1Y,1,1.0004851741867462
2020-08-24,2Y,2,1.0009931083772423
2020-08-24,3Y,3,1.0015013021337489
2020-08-24,4Y,4,1.0019396534454785
2020-08-24,5Y,5,1.0021678325927388
2020-08-24,7Y,7,1.0015080331108388
2020-08-24,10Y,10,0.9963294437216562
2020-08-24,15Y,15,0.9775920173363464
2020-08-24,20Y,20,0.9535238331726553
2020-08-24,25Y,25,0.9286015792788748
2020-08-24,30Y,30,0.9038868699548739
2020-08-25,1Y,1,1.0004701657269268
2020-08-25,2Y,2,1.000895516465124
2020-08-25,3Y,3,1.0012910030890856
2020-08-25,4Y,4,1.0016641253673395
2020-08-25,5Y,5,1.0017820002770583
2020-08-25,7Y,7,1.0006495288990365
2020-08-25,10Y,10,0.9949379355676056
2020-08-25,15Y,15,0.9754842632006365
2020-08-25,20Y,20,0.950841328671444
2020-08-25,25Y,25,0.9253789588769287
2020-08-25,30Y,30,0.9003151437888757
2020-08-26,1Y,1,1.00043514263847
2020-08-26,2Y,2,1.0009605357356808
2020-08-26,3Y,3,1.0014061379981203
2020-08-26,4Y,4,1.0014589007094126
2020-08-26,5Y,5,1.0012963377984399
2020-08-26,7Y,7,1.0001098655904312
2020-08-26,10Y,10,0.9942065058481953
2020-08-26,15Y,15,0.9736080498267986
2020-08-26,20Y,20,0.9474878928164675
2020-08-26,25Y,25,0.9204887854716084
2020-08-26,30Y,30,0.8936308042044416
2020-08-27,1Y,1,1.0004501519205753
2020-08-27,2Y,2,1.0008254483332595
2020-08-27,3Y,3,1.0010707479146688
2020-08-27,4Y,4,1.0012159924344186
2020-08-27,5Y,5,1.0011560048904729
2020-08-27,7Y,7,0.9997986106638201
2020-08-27,10Y,10,0.9938214203299325
2020-08-27,15Y,15,0.9731496771267556
2020-08-27,20Y,20,0.9467639990669608
2020-08-27,25Y,25,0.9196258192478725
2020-08-27,30Y,30,0.8928221829185398
2020-08-28,1Y,1,1.0004501519205753
2020-08-28,2Y,2,1.0008704835743159
2020-08-28,3Y,3,1.0012309247836857
2020-08-28,4Y,4,1.0014638371645164
2020-08-28,5Y,5,1.0014564727904107
2020-08-28,7Y,7,1.0001898960521873
2020-08-28,10Y,10,0.9939466109860804
2020-08-28,15Y,15,0.9724907549691949
2020-08-28,20Y,20,0.9447094303478096
2020-08-28,25Y,25,0.9163557442492876
2020-08-28,30Y,30,0.8886391856308471
2020-08-30,1Y,1,1.0005101951413466
2020-08-30,2Y,2,1.001028156989947
2020-08-30,3Y,3,1.0015263672349246
2020-08-30,4Y,4,1.0018595767700698
2020-08-30,5Y,5,1.0019023980143116
2020-08-30,7Y,7,1.0008138002271765
2020-08-30,10Y,10,0.9948838315834184
2020-08-30,15Y,15,0.9735131988619232
2020-08-30,20Y,20,0.9462071594521321
2020-08-30,25Y,25,0.9181471423911067
2020-08-30,30Y,30,0.8905305416044658
2020-08-31,1Y,1,1.0004601587486819
2020-08-31,2Y,2,1.000920529243438
2020-08-31,3Y,3,1.0013310599633354
2020-08-31,4Y,4,1.001566524185853
2020-08-31,5Y,5,1.0015266328788943
2020-08-31,7Y,7,1.0002400091154127
2020-08-31,10Y,10,0.9944257926514347
2020-08-31,15Y,15,0.9737932719493054
2020-08-31,20Y,20,0.9470334642949599
2020-08-31,25Y,25,0.9193034911425423
2020-08-31,30Y,30,0.8922217719244555
2020-09-01,1Y,1,1.0004901801338424
2020-09-01,2Y,2,1.0009580818987527
2020-09-01,3Y,3,1.001406173029142
2020-09-01,4Y,4,1.0017868769428797
2020-09-01,5Y,5,1.0019073023330136
2020-09-01,7Y,7,1.0008257929038356
2020-09-01,10Y,10,0.9950772716902595
2020-09-01,15Y,15,0.9739630993511619
2020-09-01,20Y,20,0.9465359834818323
2020-09-01,25Y,25,0.9183014141499157
2020-09-01,30Y,30,0.8910840707798244
2020-09-02,1Y,1,1.0004951830538644
2020-09-02,2Y,2,1.000975600740362
2020-09-02,3Y,3,1.0014462300631821
2020-09-02,4Y,4,1.0018720243784833
2020-09-02,5Y,5,1.0020475790623482
2020-09-02,7Y,7,1.0010852328004367
2020-09-02,10Y,10,0.9953900283136574
2020-09-02,15Y,15,0.9746186896349759
2020-09-02,20Y,20,0.9484089163716877
2020-09-02,25Y,25,0.9217850766054423
2020-09-02,30Y,30,0.8955455116034213
2020-09-03,1Y,1,1.0005101951413466
2020-09-03,2Y,2,1.001170773140226
2020-09-03,3Y,3,1.0018218351264254
2020-09-03,4Y,4,1.0020851318829975
2020-09-03,5Y,5,1.0021280404219761
2020-09-03,7Y,7,1.001337854162562
2020-09-03,10Y,10,0.9958892153801894
2020-09-03,15Y,15,0.9756416430552474
2020-09-03,20Y,20,0.9497037144382963
2020-09-03,25Y,25,0.9234100926115978
2020-09-03,30Y,30,0.8980447221826969
2020-09-04,1Y,1,1.0005202028703268
2020-09-04,2Y,2,1.001055689390557
2020-09-04,3Y,3,1.001531396265267
2020-09-04,4Y,4,1.0018270502699278
2020-09-04,5Y,5,1.0019274508339282
2020-09-04,7Y,7,1.0012466050256512
2020-09-04,10Y,10,0.9957030411975092
2020-09-04,15Y,15,0.9757042530288342
2020-09-04,20Y,20,0.9502227382145071
2020-09-04,25Y,25,0.9243999788137994
2020-09-04,30Y,30,0.8994585632427011
2020-09-05,1Y,1,1.0005202028703268
2020-09-05,2Y,2,1.001160777358553
2020-09-05,3Y,3,1.0019319956322494
2020-09-05,4Y,4,1.0025385105099498
2020-09-05,5Y,5,1.0028096229745278
2020-09-05,7Y,7,1.0022250640199901
2020-09-05,10Y,10,0.9976761239451709
2020-09-05,15Y,15,0.9806534938139161
2020-09-05,20Y,20,0.956778914262334
2020-09-05,25Y,25,0.9328643938963358
2020-09-05,30Y,30,0.9097426237136852
2020-09-06,1Y,1,1.000550226958216
2020-09-06,2Y,2,1.0011082635784159
2020-09-06,3Y,3,1.0016566025695737
2020-09-06,4Y,4,1.0021150972515478
2020-09-06,5Y,5,1.0023082896861915
2020-09-06,7Y,7,1.0013268210791446
2020-09-06,10Y,10,0.9958091545549681
2020-09-06,15Y,15,0.975497602512549
2020-09-06,20Y,20,0.9496327505145192
2020-09-06,25Y,25,0.9233403747332284
2020-09-06,30Y,30,0.8974758357896606
2020-09-07,1Y,1,1.0005001875625195
2020-09-07,2Y,2,1.0011357338776663
2020-09-07,3Y,3,1.0017416950337823
2020-09-07,4Y,4,1.0019648723578218
2020-09-07,5Y,5,1.0019776835658507
2020-09-07,7Y,7,1.0011203604918015
2020-09-07,10Y,10,0.9957030912643686
2020-09-07,15Y,15,0.9755620676556134
2020-09-07,20Y,20,0.949804392192906
2020-09-07,25Y,25,0.9236572612939147
2020-09-07,30Y,30,0.8983334781479276
2020-09-08,1Y,1,1.000555230234817
2020-09-08,2Y,2,1.001290931629172
2020-09-08,3Y,3,1.0019871852846738
2020-09-08,4Y,4,1.0025735985619542
2020-09-08,5Y,5,1.0029999785309973
2020-09-08,7Y,7,1.002756060724867
2020-09-08,10Y,10,0.9968010688439158
2020-09-08,15Y,15,0.9771817711529069
2020-09-08,20Y,20,0.9520404819701528
2020-09-08,25Y,25,0.9265470717724341
2020-09-08,30Y,30,0.9016274191800183
2020-09-09,1Y,1,1.000565236844337
2020-09-09,2Y,2,1.0012884464663894
2020-09-09,3Y,3,1.0019321105666081
2020-09-09,4Y,4,1.0021353558578923
2020-09-09,5Y,5,1.0021983144784203
2020-09-09,7Y,7,1.0016235046950461
2020-09-09,10Y,10,0.9965888419372966
2020-09-09,15Y,15,0.9769614549178829
2020-09-09,20Y,20,0.9517058864696567
2020-09-09,25Y,25,0.9256699347514503
2020-09-09,30Y,30,0.9002306931639664
2020-09-10,1Y,1,1.0005802523975913
2020-09-10,2Y,2,1.001280954594337
2020-09-10,3Y,3,1.0019020729810655
2020-09-10,4Y,4,1.002120323768842
2020-09-10,5Y,5,1.0021682418846203
2020-09-10,7Y,7,1.0014471253451362
2020-09-10,10Y,10,0.9962958212643174
2020-09-10,15Y,15,0.9766302013536351
2020-09-10,20Y,20,0.9512367574651183
2020-09-10,25Y,25,0.9252020849585285
2020-09-10,30Y,30,0.8996835632631157
2020-09-11,1Y,1,1.000595264692069
2020-09-11,2Y,2,1.0013485382175629
2020-09-11,3Y,3,1.0021425223370917
2020-09-11,4Y,4,1.002621470955009
2020-09-11,5Y,5,1.0028851037022504
2020-09-11,7Y,7,1.0025611268089967
2020-09-11,10Y,10,0.9979956080823559
2020-09-11,15Y,15,0.9798012612796162
2020-09-11,20Y,20,0.9562004431230535
2020-09-11,25Y,25,0.9319258333251583
2020-09-11,30Y,30,0.9083276636255136
2020-09-14,1Y,1,1.00060527368182
2020-09-14,2Y,2,1.0012484542476863
2020-09-14,3Y,3,1.0019221059917898
2020-09-14,4Y,4,1.0025085530175235
2020-09-14,5Y,5,1.0028848718821197
2020-09-14,7Y,7,1.0026462014380668
2020-09-14,10Y,10,0.998309400081712
2020-09-14,15Y,15,0.9802911776935619
2020-09-14,20Y,20,0.9568260925945126
2020-09-14,25Y,25,0.9328324920343046
2020-09-14,30Y,30,0.9094472586297951
2020-09-15,1Y,1,1.0006403053230466
2020-09-15,2Y,2,1.0013185664189939
2020-09-15,3Y,3,1.0020273446726529
2020-09-15,4Y,4,1.0028493135825545
2020-09-15,5Y,5,1.0036870555940165
2020-09-15,7Y,7,1.0035685424343996
2020-09-15,10Y,10,1.000526098657536
2020-09-15,15Y,15,0.9824713556642094
2020-09-15,20Y,20,0.9592414730677745
2020-09-15,25Y,25,0.9334256859500547
2020-09-15,30Y,30,0.9087479590068647
2020-09-16,1Y,1,1.0007103715348709
2020-09-16,2Y,2,1.001511373969765
2020-09-16,3Y,3,1.0021627776646012
2020-09-16,4Y,4,1.0024713486897816
2020-09-16,5Y,5,1.0027047966107712
2020-09-16,7Y,7,1.0025551025193604
2020-09-16,10Y,10,0.9981958601653106
2020-09-16,15Y,15,0.9801267152944942
2020-09-16,20Y,20,0.9567369580959043
2020-09-16,25Y,25,0.9324939789230472
2020-09-16,30Y,30,0.908590902270219
2020-09-17,1Y,1,1.0005752435289492
2020-09-17,2Y,2,1.001248424706446
2020-09-17,3Y,3,1.0019321066015812
2020-09-17,4Y,4,1.0024334018190542
2020-09-17,5Y,5,1.0027495310428176
2020-09-17,7Y,7,1.0024957207767313
2020-09-17,10Y,10,0.9979957666545127
2020-09-17,15Y,15,0.979802354269654
2020-09-17,20Y,20,0.9560154837970788
2020-09-17,25Y,25,0.9311237249820167
2020-09-17,30Y,30,0.9066139450706682
2020-09-18,1Y,1,1.0005852484090954
2020-09-18,2Y,2,1.001275966866042
2020-09-18,3Y,3,1.0019772026612197
2020-09-18,4Y,4,1.0025311348538044
2020-09-18,5Y,5,1.0028849172082248
2020-09-18,7Y,7,1.0025609992988695
2020-09-18,10Y,10,0.997995671133351
2020-09-18,15Y,15,0.9795445992577639
2020-09-18,20Y,20,0.9553836071789716
2020-09-18,25Y,25,0.9300627160170419
2020-09-18,30Y,30,0.9049129611709495
2020-09-21,1Y,1,1.0005852484090954
2020-09-21,2Y,2,1.0012384292863807
2020-09-21,3Y,3,1.001862001735378
2020-09-21,4Y,4,1.0023632283728015
2020-09-21,5Y,5,1.002684324665321
2020-09-21,7Y,7,1.00228412590761
2020-09-21,10Y,10,0.997695634837886
2020-09-21,15Y,15,0.9789866808174581
2020-09-21,20Y,20,0.9545940944579364
2020-09-21,25Y,25,0.9291170772266175
2020-09-21,30Y,30,0.9038061808998661
2020-09-22,1Y,1,1.0005852484090954
2020-09-22,2Y,2,1.0012384292863807
2020-09-22,3Y,3,1.001862001735378
2020-09-22,4Y,4,1.0023632283728015
2020-09-22,5Y,5,1.002684324665321
2020-09-22,7Y,7,1.00228412590761
2020-09-22,10Y,10,0.997695634837886
2020-09-22,15Y,15,0.9789866808174581
2020-09-22,20Y,20,0.9545940944579364
2020-09-22,25Y,25,0.9291170772266175
2020-09-22,30Y,30,0.9038061808998661
2020-09-23,1Y,1,1.0006402971660133
2020-09-23,2Y,2,1.0013936548625424
2020-09-23,3Y,3,1.0022077024477267
2020-09-23,4Y,4,1.002922200707235
2020-09-23,5Y,5,1.003396590936129
2020-09-23,7Y,7,1.0033488256376384
2020-09-23,10Y,10,0.9993106336273966
2020-09-23,15Y,15,0.9817451093393185
2020-09-23,20Y,20,0.9583044030509423
2020-09-23,25Y,25,0.9335437534966825
2020-09-23,30Y,30,0.9087877986645206
2020-09-24,1Y,1,1.000675332244914
2020-09-24,2Y,2,1.0014337415289487
2020-09-24,3Y,3,1.002232804813654
2020-09-24,4Y,4,1.0029673696873582
2020-09-24,5Y,5,1.0035019562503236
2020-09-24,7Y,7,1.003514482077708
2020-09-24,10Y,10,0.9994642143584338
2020-09-24,15Y,15,0.9820031673593161
2020-09-24,20Y,20,0.9584510671043364
2020-09-24,25Y,25,0.9338787033241127
2020-09-24,30Y,30,0.9096400842204561
2020-09-25,1Y,1,1.0006503066907224
2020-09-25,2Y,2,1.0015488335186693
2020-09-25,3Y,3,1.0024482750121142
2020-09-25,4Y,4,1.0029149723704949
2020-09-25,5Y,5,1.003201355323396
2020-09-25,7Y,7,1.0030630325900756
2020-09-25,10Y,10,0.9987161932477868
2020-09-25,15Y,15,0.9802139513562957
2020-09-25,20Y,20,0.9555124147591784
2020-09-25,25Y,25,0.9296928111490342
2020-09-25,30Y,30,0.9040213943957305
2020-09-27,1Y,1,1.000710366993085
2020-09-27,2Y,2,1.0015339053451708
2020-09-27,3Y,3,1.002418256285237
2020-09-27,4Y,4,1.0032031572106348
2020-09-27,5Y,5,1.0037630369806707
2020-09-27,7Y,7,1.0038871688642663
2020-09-27,10Y,10,1.00085358686414
2020-09-27,15Y,15,0.9816006905551343
2020-09-27,20Y,20,0.9577771213316172
2020-09-27,25Y,25,0.9322855883542515
2020-09-27,30Y,30,0.907345029566163
2020-09-28,1Y,1,1.0006503087799932
2020-09-28,2Y,2,1.0013836540387882
2020-09-28,3Y,3,1.0021075402278523
2020-09-28,4Y,4,1.002691650058639
2020-09-28,5Y,5,1.0030706042902147
2020-09-28,7Y,7,1.002726704593576
2020-09-28,10Y,10,0.9980220090769679
2020-09-28,15Y,15,0.9788510555300602
2020-09-28,20Y,20,0.9532729081246303
2020-09-28,25Y,25,0.9264276470881097
2020-09-28,30Y,30,0.8998323437563209
2020-09-29,1Y,1,1.0006853445035735
2020-09-29,2Y,2,1.0014162313681914
2020-09-29,3Y,3,1.0021476532914746
2020-09-29,4Y,4,1.0028269997199932
2020-09-29,5Y,5,1.003311329537487
2020-09-29,7Y,7,1.0030779220827157
2020-09-29,10Y,10,0.9985224835137814
2020-09-29,15Y,15,0.9798770729353525
2020-09-29,20Y,20,0.9549555489748561
2020-09-29,25Y,25,0.9285633900550714
2020-09-29,30Y,30,0.9023292923188775
2020-09-30,1Y,1,1.000700363267228
2020-09-30,2Y,2,1.0014537910086077
2020-09-30,3Y,3,1.0022278349892488
2020-09-30,4Y,4,1.0028972525006146
2020-09-30,5Y,5,1.0033315102322817
2020-09-30,7Y,7,1.003042925995952
2020-09-30,10Y,10,0.9988097899806359
2020-09-30,15Y,15,0.980802991329967
2020-09-30,20Y,20,0.9554307007292696
2020-09-30,25Y,25,0.9273600566570658
2020-09-30,30Y,30,0.900017519588749
2020-10-01,1Y,1,1.0006553167483279
2020-10-01,2Y,2,1.00147625652007
2020-10-01,3Y,3,1.0022678898041792
2020-10-01,4Y,4,1.0026667639092004
2020-10-01,5Y,5,1.0028101326251122
2020-10-01,7Y,7,1.0022253670498324
2020-10-01,10Y,10,0.9973016108229528
2020-10-01,15Y,15,0.97766781448513
2020-10-01,20Y,20,0.9515645751862745
2020-10-01,25Y,25,0.9243011359913871
2020-10-01,30Y,30,0.8973474593181782
2020-10-02,1Y,1,1.0006753365550565
2020-10-02,2Y,2,1.0014187206320915
2020-10-02,3Y,3,1.0021827101203904
2020-10-02,4Y,4,1.0028245212906826
2020-10-02,5Y,5,1.003246186247981
2020-10-02,7Y,7,1.0035631005219536
2020-10-02,10Y,10,0.9985625986761659
2020-10-02,15Y,15,0.9802373962588715
2020-10-02,20Y,20,0.9544418563590477
2020-10-02,25Y,25,0.9263908887970885
2020-10-02,30Y,30,0.8991989088077118
2020-10-03,1Y,1,1.0007353995801487
2020-10-03,2Y,2,1.0015389394881755
2020-10-03,3Y,3,1.0023731992758609
2020-10-03,4Y,4,1.003085374977573
2020-10-03,5Y,5,1.0035423538979078
2020-10-03,7Y,7,1.003353195646993
2020-10-03,10Y,10,0.9987959753310639
2020-10-03,15Y,15,0.9796893807562229
2020-10-03,20Y,20,0.9543512216258373
2020-10-03,25Y,25,0.927716586194739
2020-10-03,30Y,30,0.9011950334468947
2020-10-04,1Y,1,1.0007153779709428
2020-10-04,2Y,2,1.0014988645317777
2020-10-04,3Y,3,1.0023030206392614
2020-10-04,4Y,4,1.002972519900384
2020-10-04,5Y,5,1.003391799309673
2020-10-04,7Y,7,1.003079144474691
2020-10-04,10Y,10,0.9983754460469834
2020-10-04,15Y,15,0.9790927870663544
2020-10-04,20Y,20,0.9535173887122306
2020-10-04,25Y,25,0.9266532327125551
2020-10-04,30Y,30,0.9000960611148252
2020-10-05,1Y,1,1.0006453091126972
2020-10-05,2Y,2,1.0014261869873113
2020-10-05,3Y,3,1.0021376124009236
2020-10-05,4Y,4,1.0026791214712385
2020-10-05,5Y,5,1.0029853163371785
2020-10-05,7Y,7,1.0024055306602244
2020-10-05,10Y,10,0.9978944869376528
2020-10-05,15Y,15,0.9754208341716323
2020-10-05,20Y,20,0.9491676666407711
2020-10-05,25Y,25,0.9211419082476274
2020-10-05,30Y,30,0.8934588804568822
2020-10-06,1Y,1,1.0005852558524964
2020-10-06,2Y,2,1.001298478585977
2020-10-06,3Y,3,1.001912100714822
2020-10-06,4Y,4,1.0020451993451411
2020-10-06,5Y,5,1.0019428127079446
2020-10-06,7Y,7,1.0009000770731458
2020-10-06,10Y,10,0.9950831217761614
2020-10-06,15Y,15,0.9737218313841678
2020-10-06,20Y,20,0.9458378126650351
2020-10-06,25Y,25,0.916639050739254
2020-10-06,30Y,30,0.887694990602196
2020-10-07,1Y,1,1.000570241978681
2020-10-07,2Y,2,1.0011257992121068
2020-10-07,3Y,3,1.0015715154574971
2020-10-07,4Y,4,1.0018471534688487
2020-10-07,5Y,5,1.0019225106086487
2020-10-07,7Y,7,1.0008999722558083
2020-10-07,10Y,10,0.995096865718945
2020-10-07,15Y,15,0.9739376299408925
2020-10-07,20Y,20,0.9462610240720793
2020-10-07,25Y,25,0.9173075446557819
2020-10-07,30Y,30,0.8888164140832546
2020-10-08,1Y,1,1.0005902593261748
2020-10-08,2Y,2,1.0013160028701282
2020-10-08,3Y,3,1.0020022670078557
2020-10-08,4Y,4,1.0023057443207521
2020-10-08,5Y,5,1.002373776289093
2020-10-08,7Y,7,1.0016125823154958
2020-10-08,10Y,10,0.9962951633739245
2020-10-08,15Y,15,0.9759922037726488
2020-10-08,20Y,20,0.9493417265580311
2020-10-08,25Y,25,0.9211838397579581
2020-10-08,30Y,30,0.8931949021280552
2020-10-09,1Y,1,1.00060527368182
2020-10-09,2Y,2,1.0013535567333947
2020-10-09,3Y,3,1.0020123095448628
2020-10-09,4Y,4,1.0021855406845257
2020-10-09,5Y,5,1.0021332873258189
2020-10-09,7Y,7,1.001150569049607
2020-10-09,10Y,10,0.9955291548344528
2020-10-09,15Y,15,0.974830395807382
2020-10-09,20Y,20,0.9475086055494788
2020-10-09,25Y,25,0.9186095867371579
2020-10-09,30Y,30,0.8898800958973508
2020-10-11,1Y,1,1.0006703347234405
2020-10-11,2Y,2,1.0013636498615646
2020-10-11,3Y,3,1.0020374208564053
2020-10-11,4Y,4,1.0025788792899035
2020-10-11,5Y,5,1.0028750567482037
2020-10-11,7Y,7,1.0022903998737327
2020-10-11,10Y,10,0.9972081381333011
2020-10-11,15Y,15,0.9772228454828498
2020-10-11,20Y,20,0.9506355570691566
2020-10-11,25Y,25,0.9224763268730616
2020-10-11,30Y,30,0.8942474444981005
2020-10-12,1Y,1,1.0006302978000727
2020-10-12,2Y,2,1.0012685007961053
2020-10-12,3Y,3,1.0018169844504208
2020-10-12,4Y,4,1.0021253261853735
2020-10-12,5Y,5,1.0021932697951255
2020-10-12,7Y,7,1.0012877926569168
2020-10-12,10Y,10,0.9956957281896186
2020-10-12,15Y,15,0.9747932475536283
2020-10-12,20Y,20,0.9471407050403756
2020-10-12,25Y,25,0.9177892626078544
2020-10-12,30Y,30,0.8884691763729445
2020-10-13,1Y,1,1.0006503170123684
2020-10-13,2Y,2,1.0014211841615697
2020-10-13,3Y,3,1.002152638445567
2020-10-13,4Y,4,1.0024812702650503
2020-10-13,5Y,5,1.002559395533698
2020-10-13,7Y,7,1.001769071306413
2020-10-13,10Y,10,0.9962679596872612
2020-10-13,15Y,15,0.9749049306550891
2020-10-13,20Y,20,0.9465713213867671
2020-10-13,25Y,25,0.9164473287144306
2020-10-13,30Y,30,0.8861964513589216
2020-10-14,1Y,1,1.0006703347234405
2020-10-14,2Y,2,1.0014687654024679
2020-10-14,3Y,3,1.002177731472082
2020-10-14,4Y,4,1.0024186912077955
2020-10-14,5Y,5,1.0023890474788422
2020-10-14,7Y,7,1.0014533481627275
2020-10-14,10Y,10,0.995754873362541
2020-10-14,15Y,15,0.9736672407434096
2020-10-14,20Y,20,0.9442285677491131
2020-10-14,25Y,25,0.9128954911326322
2020-10-14,30Y,30,0.8814974682366489
2020-10-15,1Y,1,1.00070537183979
2020-10-15,2Y,2,1.001553908617144
2020-10-15,3Y,3,1.0023531470935105
2020-10-15,4Y,4,1.0027295385457544
2020-10-15,5Y,5,1.0028754413412908
2020-10-15,7Y,7,1.0022906344378488
2020-10-15,10Y,10,0.9969074163051765
2020-10-15,15Y,15,0.9759409300568207
2020-10-15,20Y,20,0.9475087983887428
2020-10-15,25Y,25,0.9170977332600508
2020-10-15,30Y,30,0.8869844845412246
2020-10-16,1Y,1,1.00070537183979
2020-10-16,2Y,2,1.001553908617144
2020-10-16,3Y,3,1.0023431271659509
2020-10-16,4Y,4,1.0026969585816172
2020-10-16,5Y,5,1.0028102638390275
2020-10-16,7Y,7,1.002225444845492
2020-10-16,10Y,10,0.9970945408668307
2020-10-16,15Y,15,0.9762884665881262
2020-10-16,20Y,20,0.9482172826556381
2020-10-16,25Y,25,0.9184332158882993
2020-10-16,30Y,30,0.8886527267086716
2020-10-18,1Y,1,1.0007554265515086
2020-10-18,2Y,2,1.001533955492821
2020-10-18,3Y,3,1.0023030833201276
2020-10-18,4Y,4,1.0029400042987389
2020-10-18,5Y,5,1.0033266651605683
2020-10-18,7Y,7,1.0029286789042287
2020-10-18,10Y,10,0.9980747998917485
2020-10-18,15Y,15,0.9769820972910489
2020-10-18,20Y,20,0.948523002332501
2020-10-18,25Y,25,0.9182225646855595
2020-10-18,30Y,30,0.8880393389809905
2020-10-19,1Y,1,1.000695361348092
2020-10-19,2Y,2,1.0013686825678405
2020-10-19,3Y,3,1.0020023816870858
2020-10-19,4Y,4,1.0025438047296487
2020-10-19,5Y,5,1.002819913300685
2020-10-19,7Y,7,1.0022252220009085
2020-10-19,10Y,10,0.9969076968921422
2020-10-19,15Y,15,0.9753712397294241
2020-10-19,20Y,20,0.946464884342722
2020-10-19,25Y,25,0.9157723546648332
2020-10-19,30Y,30,0.8850434835381682
2020-10-20,1Y,1,1.000695361348092
2020-10-20,2Y,2,1.0013837003038035
2020-10-20,3Y,3,1.0020524749415336
2020-10-20,4Y,4,1.0026240070011812
2020-10-20,5Y,5,1.0029352526659479
2020-10-20,7Y,7,1.0023907298359533
2020-10-20,10Y,10,0.9973012572327447
2020-10-20,15Y,15,0.9766015107233543
2020-10-20,20Y,20,0.9490405890343534
2020-10-20,25Y,25,0.9199155004666784
2020-10-20,30Y,30,0.8908917772978564
2020-10-21,1Y,1,1.0006503170123684
2020-10-21,2Y,2,1.0012635156304854
2020-10-21,3Y,3,1.0018169890322919
2020-10-21,4Y,4,1.0022705903101934
2020-10-21,5Y,5,1.0024839004622832
2020-10-21,7Y,7,1.001703747638955
2020-10-21,10Y,10,0.9962016229331818
2020-10-21,15Y,15,0.9749197466215048
2020-10-21,20Y,20,0.9468859522125299
2020-10-21,25Y,25,0.9171967529514268
2020-10-21,30Y,30,0.8876109698740222
2020-10-22,1Y,1,1.0006403073311245
2020-10-22,2Y,2,1.0013711192691828
2020-10-22,3Y,3,1.0019622701962476
2020-10-22,4Y,4,1.002110411333423
2020-10-22,5Y,5,1.0020581194887033
2020-10-22,7Y,7,1.00108545183819
2020-10-22,10Y,10,0.9951758049092939
2020-10-22,15Y,15,0.972787108090015
2020-10-22,20Y,20,0.9435814187610784
2020-10-22,25Y,25,0.9126750145456977
2020-10-22,30Y,30,0.8815516101495642
2020-10-23,1Y,1,1.0006102791885336
2020-10-23,2Y,2,1.0012209308177553
2020-10-23,3Y,3,1.001741830661278
2020-10-23,4Y,4,1.002037603324241
2020-10-23,5Y,5,1.0020629320594208
2020-10-23,7Y,7,1.0008910195842922
2020-10-23,10Y,10,0.9947964061237284
2020-10-23,15Y,15,0.9718606916189729
2020-10-23,20Y,20,0.9416227719741829
2020-10-23,25Y,25,0.9098211338086443
2020-10-23,30Y,30,0.8782641362281518
2020-10-25,1Y,1,1.0006903572393253
2020-10-25,2Y,2,1.0013811910717685
2020-10-25,3Y,3,1.0020324406591241
2020-10-25,4Y,4,1.0025212873021774
2020-10-25,5Y,5,1.0027297222371987
2020-10-25,7Y,7,1.001940485644461
2020-10-25,10Y,10,0.9963609403971991
2020-10-25,15Y,15,0.9741413974960931
2020-10-25,20Y,20,0.9445611722502499
2020-10-25,25Y,25,0.9132294973726323
2020-10-25,30Y,30,0.8820288144742029
2020-10-26,1Y,1,1.0006503170123684
2020-10-26,2Y,2,1.0014136764311974
2020-10-26,3Y,3,1.0021075542905116
2020-10-26,4Y,4,1.0023760266851685
2020-10-26,5Y,5,1.0023789398757124
2020-10-26,7Y,7,1.0014272310713237
2020-10-26,10Y,10,0.9954948802997391
2020-10-26,15Y,15,0.9729756767336236
2020-10-26,20Y,20,0.9429596085022701
2020-10-26,25Y,25,0.9111019880785761
2020-10-26,30Y,30,0.8793007000866815
2020-10-27,1Y,1,1.0006603268438075
2020-10-27,2Y,2,1.0014937731306837
2020-10-27,3Y,3,1.0023280078020465
2020-10-27,4Y,4,1.002729449395641
2020-10-27,5Y,5,1.0028452896113345
2020-10-27,7Y,7,1.002199348556155
2020-10-27,10Y,10,0.9967940611558789
2020-10-27,15Y,15,0.9749215750018942
2020-10-27,20Y,20,0.9456626128697885
2020-10-27,25Y,25,0.9146337215451478
2020-10-27,30Y,30,0.8836624776772604
2020-10-28,1Y,1,1.000700367671575
2020-10-28,2Y,2,1.0014087346611533
2020-10-28,3Y,3,1.002057512408087
2020-10-28,4Y,4,1.0025163174646747
2020-10-28,5Y,5,1.0027347678573961
2020-10-28,7Y,7,1.0020287223003896
2020-10-28,10Y,10,0.9965743307981402
2020-10-28,15Y,15,0.9749367487480262
2020-10-28,20Y,20,0.9463283949010994
2020-10-28,25Y,25,0.916155683437457
2020-10-28,30Y,30,0.8861990824453015
2020-10-29,1Y,1,1.0006803469572827
2020-10-29,2Y,2,1.0013236135890577
2020-10-29,3Y,3,1.001877143966069
2020-10-29,4Y,4,1.0022932184844169
2020-10-29,5Y,5,1.002483986154251
2020-10-29,7Y,7,1.001677719993456
2020-10-29,10Y,10,0.9960482959761549
2020-10-29,15Y,15,0.975029641592848
2020-10-29,20Y,20,0.94700119240448
2020-10-29,25Y,25,0.9174626737455341
2020-10-29,30Y,30,0.8881759420910575
2020-10-30,1Y,1,1.0006653349219876
2020-10-30,2Y,2,1.001308579154083
2020-10-30,3Y,3,1.0018020081105243
2020-10-30,4Y,4,1.001990119738345
2020-10-30,5Y,5,1.001937778232441
2020-10-30,7Y,7,1.0007407730647833
2020-10-30,10Y,10,0.9946036094434114
2020-10-30,15Y,15,0.9724752508883655
2020-10-30,20Y,20,0.9434979150676099
2020-10-30,25Y,25,0.9132083942099759
2020-10-30,30Y,30,0.8832764652087414
2020-11-01,1Y,1,1.0007053740451493
2020-11-01,2Y,2,1.001396224942102
2020-11-01,3Y,3,1.002027455050971
2020-11-01,4Y,4,1.0024762143104988
2020-11-01,5Y,5,1.0026244826003474
2020-11-01,7Y,7,1.0016928957789915
2020-11-01,10Y,10,0.995901283674276
2020-11-01,15Y,15,0.974417953064396
2020-11-01,20Y,20,0.9461977564574139
2020-11-01,25Y,25,0.9166665473693505
2020-11-01,30Y,30,0.8873604945169722
2020-11-02,1Y,1,1.0006503170123684
2020-11-02,2Y,2,1.0014061686713442
2020-11-02,3Y,3,1.002032415025574
2020-11-02,4Y,4,1.0021730814665581
2020-11-02,5Y,5,1.0020481624707962
2020-11-02,7Y,7,1.0008149743701595
2020-11-02,10Y,10,0.9947230311388435
2020-11-02,15Y,15,0.9727677960635217
2020-11-02,20Y,20,0.9441036326573925
2020-11-02,25Y,25,0.9141048475102824
2020-11-02,30Y,30,0.8843761357445081
2020-11-03,1Y,1,1.0006503170123684
2020-11-03,2Y,2,1.0014061686713442
2020-11-03,3Y,3,1.0020223963270896
2020-11-03,4Y,4,1.0021279879331557
2020-11-03,5Y,5,1.0019730027497382
2020-11-03,7Y,7,1.000740830113014
2020-11-03,10Y,10,0.9946033550891528
2020-11-03,15Y,15,0.9725883906849646
2020-11-03,20Y,20,0.9437672840766732
2020-11-03,25Y,25,0.9136346407969085
2020-11-03,30Y,30,0.8838285480111513
2020-11-04,1Y,1,1.000700367671575
2020-11-04,2Y,2,1.0015213631686624
2020-11-04,3Y,3,1.0023831755374395
2020-11-04,4Y,4,1.0029425214018106
2020-11-04,5Y,5,1.003151217701646
2020-11-04,7Y,7,1.0023950876505596
2020-11-04,10Y,10,0.9971141961498092
2020-11-04,15Y,15,0.9764617893186358
2020-11-04,20Y,20,0.9489035151961652
2020-11-04,25Y,25,0.9199449927930816
2020-11-04,30Y,30,0.8911820652744173
2020-11-05,1Y,1,1.000720388986708
2020-11-05,2Y,2,1.0015689468625717
2020-11-05,3Y,3,1.0023581822229426
2020-11-05,4Y,4,1.002717034863384
2020-11-05,5Y,5,1.0028203235068214
2020-11-05,7Y,7,1.0021292260281593
2020-11-05,10Y,10,0.9971347908761065
2020-11-05,15Y,15,0.9778471456311826
2020-11-05,20Y,20,0.9521655459317356
2020-11-05,25Y,25,0.9249921850129768
2020-11-05,30Y,30,0.8978980893728845
2020-11-06,1Y,1,1.00070537183979
2020-11-06,2Y,2,1.0013436625644754
2020-11-06,3Y,3,1.0018321039755052
2020-11-06,4Y,4,1.002193036335392
2020-11-06,5Y,5,1.002373725019287
2020-11-06,7Y,7,1.001527350765269
2020-11-06,10Y,10,0.9960419968251746
2020-11-06,15Y,15,0.9756689090382016
2020-11-06,20Y,20,0.9486827389694569
2020-11-06,25Y,25,0.9199898745742026
2020-11-06,30Y,30,0.8912343010415238
2020-11-08,1Y,1,1.0007454153087245
2020-11-08,2Y,2,1.001513917561521
2020-11-08,3Y,3,1.0022629863385017
2020-11-08,4Y,4,1.0028422376064061
2020-11-08,5Y,5,1.0031461088644036
2020-11-08,7Y,7,1.002641697719785
2020-11-08,10Y,10,0.9975612807840573
2020-11-08,15Y,15,0.9778312724136238
2020-11-08,20Y,20,0.951273022766266
2020-11-08,25Y,25,0.922952721859321
2020-11-08,30Y,30,0.8944907094435238
2020-11-09,1Y,1,1.000760438149846
2020-11-09,2Y,2,1.001468875205476
2020-11-09,3Y,3,1.0019073339173459
2020-11-09,4Y,4,1.0019502136726866
2020-11-09,5Y,5,1.0018126798684788
2020-11-09,7Y,7,1.0004903712085151
2020-11-09,10Y,10,0.9939244141759306
2020-11-09,15Y,15,0.9717028545021693
2020-11-09,20Y,20,0.9425301686452908
2020-11-09,25Y,25,0.9119270129170267
2020-11-09,30Y,30,0.8822126412165604
2020-11-10,1Y,1,1.0006152866564266
2020-11-10,2Y,2,1.0011783901269553
2020-11-10,3Y,3,1.0016616914544412
2020-11-10,4Y,4,1.0019999840560418
2020-11-10,5Y,5,1.0020478406549356
2020-11-10,7Y,7,1.00081487001944
2020-11-10,10Y,10,0.9947368323849313
2020-11-10,15Y,15,0.9730693692879006
2020-11-10,20Y,20,0.9445263624339681
2020-11-10,25Y,25,0.9141366560984938
2020-11-10,30Y,30,0.883506467878472
2020-11-11,1Y,1,1.0006553229321558
2020-11-11,2Y,2,1.0014086765960009
2020-11-11,3Y,3,1.0020524572848601
2020-11-11,4Y,4,1.0022256989198222
2020-11-11,5Y,5,1.0021233399107787
2020-11-11,7Y,7,1.0010855071600335
2020-11-11,10Y,10,0.995215827192001
2020-11-11,15Y,15,0.9739721384990209
2020-11-11,20Y,20,0.9459270561970573
2020-11-11,25Y,25,0.9159673641401721
2020-11-11,30Y,30,0.8859796131246442
2020-11-12,1Y,1,1.0006853531493365
2020-11-12,2Y,2,1.0014837984050815
2020-11-12,3Y,3,1.0022128168735633
2020-11-12,4Y,4,1.0025039088362235
2020-11-12,5Y,5,1.0025294187331921
2020-11-12,7Y,7,1.0017390581121752
2020-11-12,10Y,10,0.9962947355714586
2020-11-12,15Y,15,0.9757619827627408
2020-11-12,20Y,20,0.9485467276364573
2020-11-12,25Y,25,0.9191784446372708
2020-11-12,30Y,30,0.8895214137680951
2020-11-13,1Y,1,1.0006903550746993
2020-11-13,2Y,2,1.001508837801665
2020-11-13,3Y,3,1.0022679441215814
2020-11-13,4Y,4,1.0026091851180918
2020-11-13,5Y,5,1.002694881453366
2020-11-13,7Y,7,1.0019546458199196
2020-11-13,10Y,10,0.9966945948469081
2020-11-13,15Y,15,0.9763246320668991
2020-11-13,20Y,20,0.9490451206777376
2020-11-13,25Y,25,0.919490023784034
2020-11-13,30Y,30,0.8897720670604727
2020-11-15,1Y,1,1.0007404109027058
2020-11-15,2Y,2,1.001488879321191
2020-11-15,3Y,3,1.0022078625021194
2020-11-15,4Y,4,1.0027745305095879
2020-11-15,5Y,5,1.0030708338748862
2020-11-15,7Y,7,1.0025032316770726
2020-11-15,10Y,10,0.9974279400995342
2020-11-15,15Y,15,0.9776073749229955
2020-11-15,20Y,20,0.9507058743032848
2020-11-15,25Y,25,0.9214104564934369
2020-11-15,30Y,30,0.8916670498265359
2020-11-16,1Y,1,1.0006803469572827
2020-11-16,2Y,2,1.0014737819540278
2020-11-16,3Y,3,1.0021977803698414
2020-11-16,4Y,4,1.0024963765019181
2020-11-16,5Y,5,1.002559469054833
2020-11-16,7Y,7,1.0017691096360368
2020-11-16,10Y,10,0.9964280965780722
2020-11-16,15Y,15,0.9760438282006237
2020-11-16,20Y,20,0.948717893779828
2020-11-16,25Y,25,0.919216885552504
2020-11-16,30Y,30,0.8895099424128561
2020-11-17,1Y,1,1.0006803469572827
2020-11-17,2Y,2,1.001481290062625
2020-11-17,3Y,3,1.002242867886729
2020-11-17,4Y,4,1.0028145598942533
2020-11-17,5Y,5,1.003135909339639
2020-11-17,7Y,7,1.0026954876368748
2020-11-17,10Y,10,0.9986146371069764
2020-11-17,15Y,15,0.9762864383406084
2020-11-17,20Y,20,0.9495774890770589
2020-11-17,25Y,25,0.9203986095003343
2020-11-17,30Y,30,0.8911431929396458
2020-11-18,1Y,1,1.0006853510066023
2020-11-18,2Y,2,1.0014988179278201
2020-11-18,3Y,3,1.0022529027316742
2020-11-18,4Y,4,1.002589122790514
2020-11-18,5Y,5,1.0026998686196578
2020-11-18,7Y,7,1.0021140407214852
2020-11-18,10Y,10,0.9971081384677013
2020-11-18,15Y,15,0.9775595620094537
2020-11-18,20Y,20,0.951871873183286
2020-11-18,25Y,25,0.9244182784948171
2020-11-18,30Y,30,0.896770973044426
2020-11-19,1Y,1,1.0007303975797168
2020-11-19,2Y,2,1.001491371682381
2020-11-19,3Y,3,1.0022529353008254
2020-11-19,4Y,4,1.002904837799502
2020-11-19,5Y,5,1.0033315781140348
2020-11-19,7Y,7,1.0030780690631425
2020-11-19,10Y,10,0.9985358485972222
2020-11-19,15Y,15,0.979806360271375
2020-11-19,20Y,20,0.9544754041979299
2020-11-19,25Y,25,0.9273251054279126
2020-11-19,30Y,30,0.9000533126578425
2020-11-20,1Y,1,1.0006853510066023
2020-11-20,2Y,2,1.0015138342319247
2020-11-20,3Y,3,1.0023030048654886
2020-11-20,4Y,4,1.0026943899774665
2020-11-20,5Y,5,1.0028954078812375
2020-11-20,7Y,7,1.0025613165633953
2020-11-20,10Y,10,0.9978152555803037
2020-11-20,15Y,15,0.978965201911598
2020-11-20,20Y,20,0.953839862397242
2020-11-20,25Y,25,0.9269014219835315
2020-11-20,30Y,30,0.8998156285189286
2020-11-21,1Y,1,1.0007303975797168
2020-11-21,2Y,2,1.001491371682381
2020-11-21,3Y,3,1.0022629517852726
2020-11-21,4Y,4,1.0029374163097544
2020-11-21,5Y,5,1.0033967704967073
2020-11-21,7Y,7,1.003214532835154
2020-11-21,10Y,10,0.9988297154556501
2020-11-21,15Y,15,0.9810590791013281
2020-11-21,20Y,20,0.9572087988180101
2020-11-21,25Y,25,0.9298489278280347
2020-11-21,30Y,30,0.9022433062007665
2020-11-23,1Y,1,1.0006853510066023
2020-11-23,2Y,2,1.0013561571562097
2020-11-23,3Y,3,1.002017386451265
2020-11-23,4Y,4,1.0026214513187943
2020-11-23,5Y,5,1.003020405696099
2020-11-23,7Y,7,1.0027266174434861
2020-11-23,10Y,10,0.9980354545103602
2020-11-23,15Y,15,0.97935203644736
2020-11-23,20Y,20,0.9543504441475075
2020-11-23,25Y,25,0.9274923992264236
2020-11-23,30Y,30,0.900362075423912
2020-11-24,1Y,1,1.0006553208833524
2020-11-24,2Y,2,1.0012960572791827
2020-11-24,3Y,3,1.0018670933592722
2020-11-24,4Y,4,1.0023057050110948
2020-11-24,5Y,5,1.0025541046200808
2020-11-24,7Y,7,1.0019633616801995
2020-11-24,10Y,10,0.9968551371491454
2020-11-24,15Y,15,0.9773233749106431
2020-11-24,20Y,20,0.951400942309765
2020-11-24,25Y,25,0.9236835930927575
2020-11-24,30Y,30,0.8956567042784439
2020-11-25,1Y,1,1.0006803469572827
2020-11-25,2Y,2,1.001481290062625
2020-11-25,3Y,3,1.0022027921898886
2020-11-25,4Y,4,1.002483855467328
2020-11-25,5Y,5,1.002564482040989
2020-11-25,7Y,7,1.0019635757510459
2020-11-25,10Y,10,0.9968549172866564
2020-11-25,15Y,15,0.977293984917923
2020-11-25,20Y,20,0.9511894979827602
2020-11-25,25Y,25,0.9233958365957615
2020-11-25,30Y,30,0.8956644115572634
2020-11-26,1Y,1,1.0006703347234405
2020-11-26,2Y,2,1.0014762734342442
2020-11-26,3Y,3,1.0022428565894115
2020-11-26,4Y,4,1.002614147473974
2020-11-26,5Y,5,1.00274996757019
2020-11-26,7Y,7,1.0022253212151209
2020-11-26,10Y,10,0.9972215316839089
2020-11-26,15Y,15,0.9777230975145383
2020-11-26,20Y,20,0.9517106674279502
2020-11-26,25Y,25,0.9237580828464187
2020-11-26,30Y,30,0.8956308263699125
2020-11-27,1Y,1,1.0006553208833524
2020-11-27,2Y,2,1.001333598728798
2020-11-27,3Y,3,1.00196226978203
2020-11-27,4Y,4,1.0024084749836506
2020-11-27,5Y,5,1.0026393951799384
2020-11-27,7Y,7,1.0020396370865188
2020-11-27,10Y,10,0.996955028786931
2020-11-27,15Y,15,0.9775284041047231
2020-11-27,20Y,20,0.9515079224726183
2020-11-27,25Y,25,0.9236761678116345
2020-11-27,30Y,30,0.895647821307118
2020-11-28,1Y,1,1.000710378254035
2020-11-28,2Y,2,1.0014287700745437
2020-11-28,3Y,3,1.0021276503663372
2020-11-28,4Y,4,1.0026867280629481
2020-11-28,5Y,5,1.0030005178460544
2020-11-28,7Y,7,1.0025622652503736
2020-11-28,10Y,10,0.9977217403250799
2020-11-28,15Y,15,0.9784631535542382
2020-11-28,20Y,20,0.9528009507404311
2020-11-28,25Y,25,0.9253226051843653
2020-11-28,30Y,30,0.8975702988628137
2020-11-29,1Y,1,1.00070537183979
2020-11-29,2Y,2,1.001426261986169
2020-11-29,3Y,3,1.0021276450421976
2020-11-29,4Y,4,1.0026867226652612
2020-11-29,5Y,5,1.0030005129895834
2020-11-29,7Y,7,1.002515138699821
2020-11-29,10Y,10,0.9979211595264194
2020-11-29,15Y,15,0.9784899472629671
2020-11-29,20Y,20,0.952726861293978
2020-11-29,25Y,25,0.9251289129995548
2020-11-29,30Y,30,0.8972876350225479
2020-11-30,1Y,1,1.0006503170123684
2020-11-30,2Y,2,1.0013010569369531
2020-11-30,3Y,3,1.0018620877284259
2020-11-30,4Y,4,1.002198007506181
2020-11-30,5Y,5,1.0023085648229193
2020-11-30,7Y,7,1.0015383642641078
2020-11-30,10Y,10,0.9962355057669238
2020-11-30,15Y,15,0.9765468567129693
2020-11-30,20Y,20,0.9504558334314223
2020-11-30,25Y,25,0.922511658883822
2020-11-30,30Y,30,0.8942887290343893
2020-12-01,1Y,1,1.0006803469572827
2020-12-01,2Y,2,1.001293578499815
2020-12-01,3Y,3,1.0017369115126409
2020-12-01,4Y,4,1.0020026156407222
2020-12-01,5Y,5,1.0020679935572225
2020-12-01,7Y,7,1.0011375205957624
2020-12-01,10Y,10,0.9955695231155766
2020-12-01,15Y,15,0.9758458111779769
2020-12-01,20Y,20,0.9497991823192438
2020-12-01,25Y,25,0.9220411694750947
2020-12-01,30Y,30,0.8943389579833109
2020-12-02,1Y,1,1.0006503170123684
2020-12-02,2Y,2,1.0012560072806518
2020-12-02,3Y,3,1.001751891005006
2020-12-02,4Y,4,1.0023756729656559
2020-12-02,5Y,5,1.0027693391378374
2020-12-02,7Y,7,1.0020832903661698
2020-12-02,10Y,10,0.9975014473839489
2020-12-02,15Y,15,0.9757422737351343
2020-12-02,20Y,20,0.9502322195108228
2020-12-02,25Y,25,0.9222891511982797
2020-12-02,30Y,30,0.8942853417867285
2020-12-03,1Y,1,1.0006503170123684
2020-12-03,2Y,2,1.0014136764311974
2020-12-03,3Y,3,1.002087517722463
2020-12-03,4Y,4,1.002310884383003
2020-12-03,5Y,5,1.0023087642681343
2020-12-03,7Y,7,1.00147733270484
2020-12-03,10Y,10,0.9960553220778174
2020-12-03,15Y,15,0.9763684230138432
2020-12-03,20Y,20,0.9503384148093613
2020-12-03,25Y,25,0.9225439079293049
2020-12-03,30Y,30,0.8945824921995801
2020-12-04,1Y,1,1.0006453131601605
2020-12-04,2Y,2,1.0012159578348405
2020-12-04,3Y,3,1.0016366974467696
2020-12-04,4Y,4,1.0018823146287341
2020-12-04,5Y,5,1.0018725202816412
2020-12-04,7Y,7,1.000819913850669
2020-12-04,10Y,10,0.9952102004918639
2020-12-04,15Y,15,0.9747837078113633
2020-12-04,20Y,20,0.9483623956049773
2020-12-04,25Y,25,0.9202025488542891
2020-12-04,30Y,30,0.8918502537857522
2020-12-06,1Y,1,1.0006853531493365
2020-12-06,2Y,2,1.001363664514364
2020-12-06,3Y,3,1.0019923591510767
2020-12-06,4Y,4,1.0024486068853302
2020-12-06,5Y,5,1.002644471417053
2020-12-06,7Y,7,1.0019394303308258
2020-12-06,10Y,10,0.9967350070306988
2020-12-06,15Y,15,0.9774273802368026
2020-12-06,20Y,20,0.9518376922516528
2020-12-06,25Y,25,0.9244284981080924
2020-12-06,30Y,30,0.8967828762889308
2020-12-07,1Y,1,1.0006503170123684
2020-12-07,2Y,2,1.0014136764311974
2020-12-07,3Y,3,1.0021075542905116
2020-12-07,4Y,4,1.0023885523374754
2020-12-07,5Y,5,1.0024340624586945
2020-12-07,7Y,7,1.0016888488696363
2020-12-07,10Y,10,0.9964551087500647
2020-12-07,15Y,15,0.9769880287147299
2020-12-07,20Y,20,0.9512572673324023
2020-12-07,25Y,25,0.923723272953553
2020-12-07,30Y,30,0.8959593882356333
2020-12-08,1Y,1,1.0006603268438075
2020-12-08,2Y,2,1.0014562345853295
2020-12-08,3Y,3,1.002182718715101
2020-12-08,4Y,4,1.0024512466405604
2020-12-08,5Y,5,1.0025143249023023
2020-12-08,7Y,7,1.0019485003186832
2020-12-08,10Y,10,0.9969350785654666
2020-12-08,15Y,15,0.9778662833563793
2020-12-08,20Y,20,0.9525820103677486
2020-12-08,25Y,25,0.9254512444572105
2020-12-08,30Y,30,0.8981776398754101
2020-12-09,1Y,1,1.0006853531493365
2020-12-09,2Y,2,1.0013261211247717
2020-12-09,3Y,3,1.0018771486884492
2020-12-09,4Y,4,1.0022932231037638
2020-12-09,5Y,5,1.0024839901899727
2020-12-09,7Y,7,1.0017629281139182
2020-12-09,10Y,10,0.9966218673748608
2020-12-09,15Y,15,0.9770939465328061
2020-12-09,20Y,20,0.95137111699197
2020-12-09,25Y,25,0.9240602705764162
2020-12-09,30Y,30,0.8968093677792427
2020-12-10,1Y,1,1.0006903572393253
2020-12-10,2Y,2,1.0015013263651005
2020-12-10,3Y,3,1.0022328699019614
2020-12-10,4Y,4,1.0025365022693198
2020-12-10,5Y,5,1.0026397027416516
2020-12-10,7Y,7,1.0020398192671784
2020-12-10,10Y,10,0.997115067575794
2020-12-10,15Y,15,0.9780153237251006
2020-12-10,20Y,20,0.952674568063824
2020-12-10,25Y,25,0.9256382629156409
2020-12-10,30Y,30,0.8984526043228187
2020-12-11,1Y,1,1.000695361348092
2020-12-11,2Y,2,1.0015413794079084
2020-12-11,3Y,3,1.0023781767016542
2020-12-11,4Y,4,1.0028397893719116
2020-12-11,5Y,5,1.003080998420494
2020-12-11,7Y,7,1.0026657819383589
2020-12-11,10Y,10,0.997901814494946
2020-12-11,15Y,15,0.97878302826832
2020-12-11,20Y,20,0.9533983795904672
2020-12-11,25Y,25,0.9263742903077882
2020-12-11,30Y,30,0.899256150751231
2020-12-12,1Y,1,1.0007404109027058
2020-12-12,2Y,2,1.0014963885991637
2020-12-12,3Y,3,1.0022429299206637
2020-12-12,4Y,4,1.0028597446055467
2020-12-12,5Y,5,1.003256367328176
2020-12-12,7Y,7,1.0029546460635161
2020-12-12,10Y,10,0.9983221950070295
2020-12-12,15Y,15,0.9794374140224157
2020-12-12,20Y,20,0.954084967832486
2020-12-12,25Y,25,0.9270756941914943
2020-12-12,30Y,30,0.9000755206907833
2020-12-13,1Y,1,1.000695361348092
2020-12-13,2Y,2,1.0014437700674752
2020-12-13,3Y,3,1.0022127982100537
2020-12-13,4Y,4,1.0028396097734666
2020-12-13,5Y,5,1.00323120701875
2020-12-13,7Y,7,1.002927488163364
2020-12-13,10Y,10,0.9982554809503698
2020-12-13,15Y,15,0.9793374412193602
2020-12-13,20Y,20,0.9539322305621373
2020-12-13,25Y,25,0.9269592762400028
2020-12-13,30Y,30,0.8997955380661898
2020-12-14,1Y,1,1.000695361348092
2020-12-14,2Y,2,1.0015188546177096
2020-12-14,3Y,3,1.0022930011433364
2020-12-14,4Y,4,1.0026868791658958
2020-12-14,5Y,5,1.0028803719586996
2020-12-14,7Y,7,1.0023908613377475
2020-12-14,10Y,10,0.9975216038074197
2020-12-14,15Y,15,0.977995872123254
2020-12-14,20Y,20,0.9517845828789672
2020-12-14,25Y,25,0.9236729717627541
2020-12-14,30Y,30,0.8953312858813196
2020-12-15,1Y,1,1.0007253932738227
2020-12-15,2Y,2,1.0014362973399638
2020-12-15,3Y,3,1.0020575515143981
2020-12-15,4Y,4,1.0025338845180676
2020-12-15,5Y,5,1.0028450556178952
2020-12-15,7Y,7,1.0025110094471743
2020-12-15,10Y,10,0.9978153812820686
2020-12-15,15Y,15,0.978623907956783
2020-12-15,20Y,20,0.9527057819845429
2020-12-15,25Y,25,0.9248583312176896
2020-12-15,30Y,30,0.8967149288522558
2020-12-16,1Y,1,1.0006853510066023
2020-12-16,2Y,2,1.0013561571562097
2020-12-16,3Y,3,1.0019973571808551
2020-12-16,4Y,4,1.0025563113867864
2020-12-16,5Y,5,1.002905097694276
2020-12-16,7Y,7,1.0025610946622254
2020-12-16,10Y,10,0.9979154882304087
2020-12-16,15Y,15,0.9789717098261187
2020-12-16,20Y,20,0.9536149781259768
2020-12-16,25Y,25,0.9263198689902805
2020-12-16,30Y,30,0.8986786580315334
2020-12-17,1Y,1,1.0006853510066023
2020-12-17,2Y,2,1.0013937004968927
2020-12-17,3Y,3,1.0020224333536702
2020-12-17,4Y,4,1.0024436329304387
2020-12-17,5Y,5,1.0026795782221185
2020-12-17,7Y,7,1.0022101130510377
2020-12-17,10Y,10,0.9974352487469414
2020-12-17,15Y,15,0.9783215810331178
2020-12-17,20Y,20,0.95270931703281
2020-12-17,25Y,25,0.9251398786898851
2020-12-17,30Y,30,0.8973004573138087
2020-12-18,1Y,1,1.000695361348092
2020-12-18,2Y,2,1.0014062266864423
2020-12-18,3Y,3,1.0020474910243786
2020-12-18,4Y,4,1.0024962662286279
2020-12-18,5Y,5,1.0027397609152229
2020-12-18,7Y,7,1.0022843509082082
2020-12-18,10Y,10,0.9975352462244422
2020-12-18,15Y,15,0.9784410637736026
2020-12-18,20Y,20,0.9527545660616528
2020-12-18,25Y,25,0.9250613272258699
2020-12-18,30Y,30,0.8970083927203517
2020-12-20,1Y,1,1.0007153779709428
2020-12-20,2Y,2,1.0014838464485463
2020-12-20,3Y,3,1.0022328852237448
2020-12-20,4Y,4,1.0028396648978952
2020-12-20,5Y,5,1.003261334744448
2020-12-20,7Y,7,1.003028836399243
2020-12-20,10Y,10,0.9994838981124304
2020-12-20,15Y,15,0.9797683114335128
2020-12-20,20Y,20,0.9546805839477197
2020-12-20,25Y,25,0.927211569001614
2020-12-20,30Y,30,0.8994626877329214
2020-12-21,1Y,1,1.0007153824816992
2020-12-21,2Y,2,1.0015739465614246
2020-12-21,3Y,3,1.0023531686951797
2020-12-21,4Y,4,1.0026844543780422
2020-12-21,5Y,5,1.0028303300413413
2020-12-21,7Y,7,1.0032527730975145
2020-12-21,10Y,10,0.9998431189406422
2020-12-21,15Y,15,0.9775472210447036
2020-12-21,20Y,20,0.9512472457595244
2020-12-21,25Y,25,0.9223188310697504
2020-12-21,30Y,30,0.8930384957343809
2020-12-22,1Y,1,1.0007303975797168
2020-12-22,2Y,2,1.001483862481254
2020-12-22,3Y,3,1.0021978347152718
2020-12-22,4Y,4,1.002754469433059
2020-12-22,5Y,5,1.0030908578200732
2020-12-22,7Y,7,1.0027268483138085
2020-12-22,10Y,10,0.9980419238922817
2020-12-22,15Y,15,0.9784263781461855
2020-12-22,20Y,20,0.9516364031368917
2020-12-22,25Y,25,0.9225848100765993
2020-12-22,30Y,30,0.8930360962211052
2020-12-23,1Y,1,1.0007303975797168
2020-12-23,2Y,2,1.0015664620714944
2020-12-23,3Y,3,1.0023030895121654
2020-12-23,4Y,4,1.0026293142914529
2020-12-23,5Y,5,1.0027350577026017
2020-12-23,7Y,7,1.0024058989478701
2020-12-23,10Y,10,0.9973959341015493
2020-12-23,15Y,15,0.9794219833282171
2020-12-23,20Y,20,0.9558700002246341
2020-12-23,25Y,25,0.9327679178619369
2020-12-23,30Y,30,0.9068834184547226
2020-12-24,1Y,1,1.0007103760267835
2020-12-24,2Y,2,1.0014362806253094
2020-12-24,3Y,3,1.0021226497850384
2020-12-24,4Y,4,1.0026416362828965
2020-12-24,5Y,5,1.0028952494543146
2020-12-24,7Y,7,1.0023145704717118
2020-12-24,10Y,10,0.9972345681889349
2020-12-24,15Y,15,0.9766441418551391
2020-12-24,20Y,20,0.9489339553371041
2020-12-24,25Y,25,0.9189396642483207
2020-12-24,30Y,30,0.8883329526522294
2020-12-25,1Y,1,1.000695361348092
2020-12-25,2Y,2,1.0013987179217343
2020-12-25,3Y,3,1.001992394875889
2020-12-25,4Y,4,1.002333410633591
2020-12-25,5Y,5,1.0024440216152186
2020-12-25,7Y,7,1.0016888169413436
2020-12-25,10Y,10,0.9963348814019787
2020-12-25,15Y,15,0.9754010584667246
2020-12-25,20Y,20,0.9472651878755644
2020-12-25,25Y,25,0.9168330618041707
2020-12-25,30Y,30,0.8858802094099543
2020-12-27,1Y,1,1.0007454153087245
2020-12-27,2Y,2,1.0014913893760857
2020-12-27,3Y,3,1.002187833560279
2020-12-27,4Y,4,1.0027344354328698
2020-12-27,5Y,5,1.0030357221971749
2020-12-27,7Y,7,1.0024911568881414
2020-12-27,10Y,10,0.9974145713707213
2020-12-27,15Y,15,0.9765932035312685
2020-12-27,20Y,20,0.9481868527692128
2020-12-27,25Y,25,0.917517893983551
2020-12-27,30Y,30,0.8863656317515871
2020-12-28,1Y,1,1.0007253909933649
2020-12-28,2Y,2,1.0014588264244315
2020-12-28,3Y,3,1.002082613433862
2020-12-28,4Y,4,1.002491328883671
2020-12-28,5Y,5,1.0026847008258797
2020-12-28,7Y,7,1.0019786227136687
2020-12-28,10Y,10,0.9968146847730782
2020-12-28,15Y,15,0.9763062426475908
2020-12-28,20Y,20,0.9487949830470664
2020-12-28,25Y,25,0.9189832694307684
2020-12-28,30Y,30,0.888639367082819
2020-12-29,1Y,1,1.00070537183979
2020-12-29,2Y,2,1.001411244175087
2020-12-29,3Y,3,1.0020074359647986
2020-12-29,4Y,4,1.0023659957202962
2020-12-29,5Y,5,1.0024941590224672
2020-12-29,7Y,7,1.0017038753737466
2020-12-29,10Y,10,0.9961880413248151
2020-12-29,15Y,15,0.9740774874329032
2020-12-29,20Y,20,0.944246668036287
2020-12-29,25Y,25,0.9120248791114598
2020-12-29,30Y,30,0.8792138516575728
2020-12-30,1Y,1,1.0006603268438075
2020-12-30,2Y,2,1.0012985646456132
2020-12-30,3Y,3,1.0018670980500735
2020-12-30,4Y,4,1.002293186921778
2020-12-30,5Y,5,1.00248395763005
2020-12-30,7Y,7,1.0016777057815789
2020-12-30,10Y,10,0.9960215243192165
2020-12-30,15Y,15,0.9739161000567702
2020-12-30,20Y,20,0.9440275052258907
2020-12-30,25Y,25,0.912088528642666
2020-12-30,30Y,30,0.8797962884540534
2020-12-31,1Y,1,1.0006603268438075
2020-12-31,2Y,2,1.0012985646456132
2020-12-31,3Y,3,1.0018270388636392
2020-12-31,4Y,4,1.0021629311746794
2020-12-31,5Y,5,1.0022985202366042
2020-12-31,7Y,7,1.001453152159332
2020-12-31,10Y,10,0.995688582640224
2020-12-31,15Y,15,0.9733122149103648
2020-12-31,20Y,20,0.943265949334036
2020-12-31,25Y,25,0.911157116156494
2020-12-31,30Y,30,0.8787139930969619
2021-01-01,1Y,1,1.0006603268438075
2021-01-01,2Y,2,1.0012985646456132
2021-01-01,3Y,3,1.0018270388636392
2021-01-01,4Y,4,1.0021629311746794
2021-01-01,5Y,5,1.0022985202366042
2021-01-01,7Y,7,1.001453152159332
2021-01-01,10Y,10,0.995688582640224
2021-01-01,15Y,15,0.9733122149103648
2021-01-01,20Y,20,0.943265949334036
2021-01-01,25Y,25,0.911157116156494
2021-01-01,30Y,30,0.8787139930969619
2021-01-03,1Y,1,1.000735406515467
2021-01-03,2Y,2,1.0014563322699885
2021-01-03,3Y,3,1.0021377081260325
2021-01-03,4Y,4,1.0026867703690228
2021-01-03,5Y,5,1.0029704834431512
2021-01-03,7Y,7,1.0023647562669
2021-01-03,10Y,10,0.997107583109617
2021-01-03,15Y,15,0.9753807119103363
2021-01-03,20Y,20,0.9459484788727346
2021-01-03,25Y,25,0.9143415847032581
2021-01-03,30Y,30,0.8822164351763857
2021-01-04,1Y,1,1.000700367671575
2021-01-04,2Y,2,1.0013636813997748
2021-01-04,3Y,3,1.001967325711231
2021-01-04,4Y,4,1.0024711418116625
2021-01-04,5Y,5,1.0027346734617353
2021-01-04,7Y,7,1.0020286680306443
2021-01-04,10Y,10,0.9967078038280938
2021-01-04,15Y,15,0.9747627929780092
2021-01-04,20Y,20,0.944972555581435
2021-01-04,25Y,25,0.9129801931610163
2021-01-04,30Y,30,0.8805779571348289
2021-01-05,1Y,1,1.000710378254035
2021-01-05,2Y,2,1.0015338919864758
2021-01-05,3Y,3,1.0022880159267153
2021-01-05,4Y,4,1.0026292702413264
2021-01-05,5Y,5,1.0027500553566338
2021-01-05,7Y,7,1.0021992936748934
2021-01-05,10Y,10,0.9969075944886233
2021-01-05,15Y,15,0.9753139461691206
2021-01-05,20Y,20,0.9459204809462044
2021-01-05,25Y,25,0.9141541576348676
2021-01-05,30Y,30,0.8819424833176374
2021-01-06,1Y,1,1.0006953635221383
2021-01-06,2Y,2,1.001346154893271
2021-01-06,3Y,3,1.00190721649646
2021-01-06,4Y,4,1.0023208086565123
2021-01-06,5Y,5,1.0024940522748669
2021-01-06,7Y,7,1.0016777466996618
2021-01-06,10Y,10,0.9960214621381976
2021-01-06,15Y,15,0.9739732408011692
2021-01-06,20Y,20,0.9436929005859601
2021-01-06,25Y,25,0.9109299832078113
2021-01-06,30Y,30,0.8778300658655245
2021-01-07,1Y,1,1.0006753450256909
2021-01-07,2Y,2,1.0012910697641366
2021-01-07,3Y,3,1.0018070108856165
2021-01-07,4Y,4,1.0021554113470401
2021-01-07,5Y,5,1.0022383911248076
2021-01-07,7Y,7,1.0011655686707834
2021-01-07,10Y,10,0.995188747879993
2021-01-07,15Y,15,0.9715687129463716
2021-01-07,20Y,20,0.9398355063152414
2021-01-07,25Y,25,0.9059386021376764
2021-01-07,30Y,30,0.8718394078369771
2021-01-08,1Y,1,1.0007053740451493
2021-01-08,2Y,2,1.0013511710960625
2021-01-08,3Y,3,1.0018771797110415
2021-01-08,4Y,4,1.0022231189980308
2021-01-08,5Y,5,1.0022986071385853
2021-01-08,7Y,7,1.0013028994615578
2021-01-08,10Y,10,0.9952750056020063
2021-01-08,15Y,15,0.9711301612750538
2021-01-08,20Y,20,0.9385853822773379
2021-01-08,25Y,25,0.9038727195726151
2021-01-08,30Y,30,0.8690805460434746
2021-01-11,1Y,1,1.0007053740451493
2021-01-11,2Y,2,1.001501346452495
2021-01-11,3Y,3,1.0023581139864073
2021-01-11,4Y,4,1.0029725613410028
2021-01-11,5Y,5,1.0032414416061008
2021-01-11,7Y,7,1.002621754627813
2021-01-11,10Y,10,0.9956106250468724
2021-01-11,15Y,15,0.9723605902175956
2021-01-11,20Y,20,0.9422837499342055
2021-01-11,25Y,25,0.9058583489675385
2021-01-11,30Y,30,0.8688968444208791
2021-01-12,1Y,1,1.000700367671575
2021-01-12,2Y,2,1.001498837997936
2021-01-12,3Y,3,1.0021376986643304
2021-01-12,4Y,4,1.0022683950884854
2021-01-12,5Y,5,1.002178566083825
2021-01-12,7Y,7,1.0011506588466772
2021-01-12,10Y,10,0.9952953286386536
2021-01-12,15Y,15,0.9718273401577453
2021-01-12,20Y,20,0.9401972610476219
2021-01-12,25Y,25,0.906743580540652
2021-01-12,30Y,30,0.8732243362537003
2021-01-13,1Y,1,1.000720388986708
2021-01-13,2Y,2,1.0014112604174679
2021-01-13,3Y,3,1.0020224683277148
2021-01-13,4Y,4,1.002481239353085
2021-01-13,5Y,5,1.0026796226283023
2021-01-13,7Y,7,1.0018783353999259
2021-01-13,10Y,10,0.9962943281051124
2021-01-13,15Y,15,0.9736998947291431
2021-01-13,20Y,20,0.9430927967726106
2021-01-13,25Y,25,0.9105086669319967
2021-01-13,30Y,30,0.8778488844137566
2021-01-14,1Y,1,1.0007304021470076
2021-01-14,2Y,2,1.001558947202504
2021-01-14,3Y,3,1.0023181082520853
2021-01-14,4Y,4,1.0026443507962173
2021-01-14,5Y,5,1.0026899616251828
2021-01-14,7Y,7,1.0018785108119843
2021-01-14,10Y,10,0.9962807030030499
2021-01-14,15Y,15,0.9732557646967694
2021-01-14,20Y,20,0.9420039632002855
2021-01-14,25Y,25,0.9086023927942716
2021-01-14,30Y,30,0.8750720747769364
2021-01-15,1Y,1,1.0007153847183723
2021-01-15,2Y,2,1.0013712056144655
2021-01-15,3Y,3,1.00192727861599
2021-01-15,4Y,4,1.00234088349751
2021-01-15,5Y,5,1.0024890810636047
2021-01-15,7Y,7,1.0016036082229103
2021-01-15,10Y,10,0.9957878269932103
2021-01-15,15Y,15,0.9724232118068644
2021-01-15,20Y,20,0.9407723997795587
2021-01-15,25Y,25,0.9069709487774813
2021-01-15,30Y,30,0.8731788508845812
2021-01-17,1Y,1,1.000740415507688
2021-01-17,2Y,2,1.0014212926455874
2021-01-17,3Y,3,1.001992440559179
2021-01-17,4Y,4,1.0023459750858712
2021-01-17,5Y,5,1.0023638805748025
2021-01-17,7Y,7,1.001094538641876
2021-01-17,10Y,10,0.9945952360137733
2021-01-17,15Y,15,0.9703291512996669
2021-01-17,20Y,20,0.9376586983499529
2021-01-17,25Y,25,0.9027908507340109
2021-01-17,30Y,30,0.8680241897193358
2021-01-18,1Y,1,1.0007103804688153
2021-01-18,2Y,2,1.0013987328776512
2021-01-18,3Y,3,1.0019773797494633
2021-01-18,4Y,4,1.0022883236490756
2021-01-18,5Y,5,1.0022786546136762
2021-01-18,7Y,7,1.0009712644002928
2021-01-18,10Y,10,0.9944021626864622
2021-01-18,15Y,15,0.9694829686383003
2021-01-18,20Y,20,0.936170665889154
2021-01-18,25Y,25,0.9010703354486416
2021-01-18,30Y,30,0.8664253061901318
2021-01-19,1Y,1,1.0007704473060572
2021-01-19,2Y,2,1.0016391038422434
2021-01-19,3Y,3,1.002398358515861
2021-01-19,4Y,4,1.0026369519711542
2021-01-19,5Y,5,1.0025397092110424
2021-01-19,7Y,7,1.0012259869589806
2021-01-19,10Y,10,0.99468099839318
2021-01-19,15Y,15,0.9693764381504284
2021-01-19,20Y,20,0.9355932549154208
2021-01-19,25Y,25,0.9004975926235833
2021-01-19,30Y,30,0.8658728162482535
2021-01-20,1Y,1,1.0008205020040695
2021-01-20,2Y,2,1.0017843770752282
2021-01-20,3Y,3,1.0026390244005638
2021-01-20,4Y,4,1.002945466957129
2021-01-20,5Y,5,1.0029009665300341
2021-01-20,7Y,7,1.0016642269705582
2021-01-20,10Y,10,0.9950595153778559
2021-01-20,15Y,15,0.9696925144384807
2021-01-20,20Y,20,0.936053886407388
2021-01-20,25Y,25,0.9008002281060669
2021-01-20,30Y,30,0.8658292915261386
2021-01-21,1Y,1,1.0008505421822258
2021-01-21,2Y,2,1.0017919341762558
2021-01-21,3Y,3,1.0026240358670266
2021-01-21,4Y,4,1.0032011168034767
2021-01-21,5Y,5,1.0034575287155412
2021-01-21,7Y,7,1.0027074590511298
2021-01-21,10Y,10,0.9970736839843009
2021-01-21,15Y,15,0.9753593582839485
2021-01-21,20Y,20,0.9417559187990242
2021-01-21,25Y,25,0.9041945981698916
2021-01-21,30Y,30,0.868273069026182
2021-01-22,1Y,1,1.0008205071351148
2021-01-22,2Y,2,1.0017468207437203
2021-01-22,3Y,3,1.0025838756027445
2021-01-22,4Y,4,1.0029353859075905
2021-01-22,5Y,5,1.0029560535170796
2021-01-22,7Y,7,1.0018737632140786
2021-01-22,10Y,10,0.9954861655798396
2021-01-22,15Y,15,0.9705690390537035
2021-01-22,20Y,20,0.9371099603518953
2021-01-22,25Y,25,0.9023654548836851
2021-01-22,30Y,30,0.868289355193116
2021-01-24,1Y,1,1.0008956025260896
2021-01-24,2Y,2,1.0017844921292784
2021-01-24,3Y,3,1.002614051353678
2021-01-24,4Y,4,1.00322122086863
2021-01-24,5Y,5,1.0034526390454734
2021-01-24,7Y,7,1.0025018172168223
2021-01-24,10Y,10,0.9963722150564336
2021-01-24,15Y,15,0.9716211457967594
2021-01-24,20Y,20,0.9386851358534226
2021-01-24,25Y,25,0.9044515546073496
2021-01-24,30Y,30,0.8709925716989096
2021-01-25,1Y,1,1.0008605577027916
2021-01-25,2Y,2,1.0018495267433927
2021-01-25,3Y,3,1.0027694101131426
2021-01-25,4Y,4,1.0031586852616798
2021-01-25,5Y,5,1.003176957356803
2021-01-25,7Y,7,1.0021156499133594
2021-01-25,10Y,10,0.9957722527686174
2021-01-25,15Y,15,0.9707657938790094
2021-01-25,20Y,20,0.937368353852647
2021-01-25,25Y,25,0.9026330726864247
2021-01-25,30Y,30,0.8685444110226858
2021-01-26,1Y,1,1.0008555499174527
2021-01-26,2Y,2,1.0017043174469973
2021-01-26,3Y,3,1.0024536122928884
2021-01-26,4Y,4,1.0029428228886839
2021-01-26,5Y,5,1.003106365214679
2021-01-26,7Y,7,1.0020392041536716
2021-01-26,10Y,10,0.9956591934852519
2021-01-26,15Y,15,0.9706045837249845
2021-01-26,20Y,20,0.9371597576888395
2021-01-26,25Y,25,0.9020669537694896
2021-01-26,30Y,30,0.8677221481334785
2021-01-27,1Y,1,1.0007904707869628
2021-01-27,2Y,2,1.0016791851692384
2021-01-27,3Y,3,1.0024685513557228
2021-01-27,4Y,4,1.003012891256271
2021-01-27,5Y,5,1.003231551828188
2021-01-27,7Y,7,1.002335695021111
2021-01-27,10Y,10,0.9966055772643183
2021-01-27,15Y,15,0.9691525742812833
2021-01-27,20Y,20,0.9353362762165279
2021-01-27,25Y,25,0.8993749499294266
2021-01-27,30Y,30,0.8641553857840562
2021-01-28,1Y,1,1.0007954779869028
2021-01-28,2Y,2,1.0016666755898163
2021-01-28,3Y,3,1.0023984027969701
2021-01-28,4Y,4,1.0026169426986438
2021-01-28,5Y,5,1.002544745147382
2021-01-28,7Y,7,1.001518673583711
2021-01-28,10Y,10,0.995267122865418
2021-01-28,15Y,15,0.9700172870873547
2021-01-28,20Y,20,0.9359865225713758
2021-01-28,25Y,25,0.9005586851111205
2021-01-28,30Y,30,0.8658328783764415
2021-01-29,1Y,1,1.0007904781081114
2021-01-29,2Y,2,1.001626609710411
2021-01-29,3Y,3,1.002353276794307
2021-01-29,4Y,4,1.0025893283677276
2021-01-29,5Y,5,1.002459480905505
2021-01-29,7Y,7,1.0010956819754415
2021-01-29,10Y,10,0.994294485507812
2021-01-29,15Y,15,0.9679684495502539
2021-01-29,20Y,20,0.9326394755990123
2021-01-29,25Y,25,0.8959687306257548
2021-01-29,30Y,30,0.8601586075912112
2021-01-31,1Y,1,1.000835532277416
2021-01-31,2Y,2,1.0016116549579546
2021-01-31,3Y,3,1.00230822538819
2021-01-31,4Y,4,1.0027747530662658
2021-01-31,5Y,5,1.0028755418077269
2021-01-31,7Y,7,1.0016760923033838
2021-01-31,10Y,10,0.9951598293024096
2021-01-31,15Y,15,0.9691293519739559
2021-01-31,20Y,20,0.9341651076070316
2021-01-31,25Y,25,0.8978039453320142
2021-01-31,30Y,30,0.8622817283033191
2021-02-01,1Y,1,1.0008104998873482
2021-02-01,2Y,2,1.0015164942554446
2021-02-01,3Y,3,1.0020927321165154
2021-02-01,4Y,4,1.0024788989294124
2021-02-01,5Y,5,1.0025244102762272
2021-02-01,7Y,7,1.0011015796706986
2021-02-01,10Y,10,0.9939814525917813
2021-02-01,15Y,15,0.9672274372279943
2021-02-01,20Y,20,0.9315271440832839
2021-02-01,25Y,25,0.894506904833355
2021-02-01,30Y,30,0.8582721616265553
2021-02-02,1Y,1,1.0007954828989911
2021-02-02,2Y,2,1.0014864363273592
2021-02-02,3Y,3,1.0020275862260013
2021-02-02,4Y,4,1.00232852990582
2021-02-02,5Y,5,1.0022537078662157
2021-02-02,7Y,7,1.0006005666877584
2021-02-02,10Y,10,0.9932499376658616
2021-02-02,15Y,15,0.966295667189953
2021-02-02,20Y,20,0.9306366371397647
2021-02-02,25Y,25,0.8937103238387035
2021-02-02,30Y,30,0.8577980884318369
2021-02-03,1Y,1,1.0007604428302164
2021-02-03,2Y,2,1.001574000263904
2021-02-03,3Y,3,1.002227959991488
2021-02-03,4Y,4,1.0023136015620433
2021-02-03,5Y,5,1.0020283456108405
2021-02-03,7Y,7,1.0002499959307483
2021-02-03,10Y,10,0.9927779917708047
2021-02-03,15Y,15,0.9659051289910349
2021-02-03,20Y,20,0.9303325595108876
2021-02-03,25Y,25,0.8938628487084563
2021-02-03,30Y,30,0.8586722962365698
2021-02-04,1Y,1,1.0007254022709446
2021-02-04,2Y,2,1.0015188859537414
2021-02-04,3Y,3,1.0021727902916444
2021-02-04,4Y,4,1.002253397573205
2021-02-04,5Y,5,1.0019531175750627
2021-02-04,7Y,7,1.0001738606928285
2021-02-04,10Y,10,0.9926918880210409
2021-02-04,15Y,15,0.966285679047089
2021-02-04,20Y,20,0.9315998419424233
2021-02-04,25Y,25,0.8959603514684
2021-02-04,30Y,30,0.861405126327877
2021-02-05,1Y,1,1.0008055120369304
2021-02-05,2Y,2,1.0015365009600483
2021-02-05,3Y,3,1.002117771583114
2021-02-05,4Y,4,1.002223382125018
2021-02-05,5Y,5,1.0019531288678758
2021-02-05,7Y,7,1.000018595900045
2021-02-05,10Y,10,0.9923325260478277
2021-02-05,15Y,15,0.9659334284161768
2021-02-05,20Y,20,0.9313112250417311
2021-02-05,25Y,25,0.8957692462284865
2021-02-05,30Y,30,0.8614348870326453
2021-02-07,1Y,1,1.0007654497860958
2021-02-07,2Y,2,1.0014563618236088
2021-02-07,3Y,3,1.002057593260838
2021-02-07,4Y,4,1.002408670573739
2021-02-07,5Y,5,1.0023238576315998
2021-02-07,7Y,7,1.0005624705182203
2021-02-07,10Y,10,0.9929303570998649
2021-02-07,15Y,15,0.9666983887980097
2021-02-07,20Y,20,0.9322412090072739
2021-02-07,25Y,25,0.896837754195254
2021-02-07,30Y,30,0.8624760874256933
2021-02-08,1Y,1,1.000690367875358
2021-02-08,2Y,2,1.0012610470305197
2021-02-08,3Y,3,1.0017318859047994
2021-02-08,4Y,4,1.001992577302045
2021-02-08,5Y,5,1.0017774072019938
2021-02-08,7Y,7,0.9996641385669706
2021-02-08,10Y,10,0.9914424126155443
2021-02-08,15Y,15,0.963951468552013
2021-02-08,20Y,20,0.9277979463060113
2021-02-08,25Y,25,0.8907044540468982
2021-02-08,30Y,30,0.8546833572419216
2021-02-09,1Y,1,1.0007003784641753
2021-02-09,2Y,2,1.0014312487657155
2021-02-09,3Y,3,1.0020324666685108
2021-02-09,4Y,4,1.0021104973469814
2021-02-09,5Y,5,1.0017575879090128
2021-02-09,7Y,7,1.0002335271459522
2021-02-09,10Y,10,0.9926189034316386
2021-02-09,15Y,15,0.9665029083938872
2021-02-09,20Y,20,0.9302003547564569
2021-02-09,25Y,25,0.8912421133279327
2021-02-09,30Y,30,0.8556380916598255
2021-02-10,1Y,1,1.000660339006006
2021-02-10,2Y,2,1.0014036602233478
2021-02-10,3Y,3,1.002087499742227
2021-02-10,4Y,4,1.0021931335805367
2021-02-10,5Y,5,1.001832747827333
2021-02-10,7Y,7,0.9996941126797885
2021-02-10,10Y,10,0.9915216580808902
2021-02-10,15Y,15,0.9644330850034873
2021-02-10,20Y,20,0.9290457453719342
2021-02-10,25Y,25,0.8927403482555072
2021-02-10,30Y,30,0.8576787951008111
2021-02-11,1Y,1,1.000660339006006
2021-02-11,2Y,2,1.0014036602233478
2021-02-11,3Y,3,1.002107537317773
2021-02-11,4Y,4,1.0025087754835256
2021-02-11,5Y,5,1.0024489582492464
2021-02-11,7Y,7,0.9999184110853582
2021-02-11,10Y,10,0.9919194415196042
2021-02-11,15Y,15,0.9650167264878915
2021-02-11,20Y,20,0.9298001049989725
2021-02-11,25Y,25,0.8936510137819583
2021-02-11,30Y,30,0.8587325782542603
2021-02-12,1Y,1,1.0007254022709446
2021-02-12,2Y,2,1.0013311645156082
2021-02-12,3Y,3,1.001736960794548
2021-02-12,4Y,4,1.0018574021979691
2021-02-12,5Y,5,1.0015670589124166
2021-02-12,7Y,7,0.9992326846682137
2021-02-12,10Y,10,0.9908182301623925
2021-02-12,15Y,15,0.9629301658431795
2021-02-12,20Y,20,0.9266649773763082
2021-02-12,25Y,25,0.8892685850294084
2021-02-12,30Y,30,0.8531100291563464
2021-02-14,1Y,1,1.0007604428302164
2021-02-14,2Y,2,1.0014463441071202
2021-02-14,3Y,3,1.0020225231406223
2021-02-14,4Y,4,1.0022984174834633
2021-02-14,5Y,5,1.0020732593920034
2021-02-14,7Y,7,0.999894351063028
2021-02-14,10Y,10,0.9915471598891482
2021-02-14,15Y,15,0.9641111837333672
2021-02-14,20Y,20,0.9281672498144545
2021-02-14,25Y,25,0.8910144909277661
2021-02-14,30Y,30,0.8549323017138248
2021-02-15,1Y,1,1.0006503270221754
2021-02-15,2Y,2,1.0011659050992232
2021-02-15,3Y,3,1.001541538711788
2021-02-15,4Y,4,1.0016744211368747
2021-02-15,5Y,5,1.0013214860577275
2021-02-15,7Y,7,0.9986973066721223
2021-02-15,10Y,10,0.9894373987520488
2021-02-15,15Y,15,0.9600394311202022
2021-02-15,20Y,20,0.9222620745669846
2021-02-15,25Y,25,0.8834786478271015
2021-02-15,30Y,30,0.845928771188778
2021-02-16,1Y,1,1.0006653390198426
2021-02-16,2Y,2,1.0013461160319392
2021-02-16,3Y,3,1.001776955721649
2021-02-16,4Y,4,1.001539304003548
2021-02-16,5Y,5,1.0008258509232095
2021-02-16,7Y,7,0.997947135090593
2021-02-16,10Y,10,0.9884369137331739
2021-02-16,15Y,15,0.9591594282789657
2021-02-16,20Y,20,0.9218075121067719
2021-02-16,25Y,25,0.8835456579325344
2021-02-16,30Y,30,0.8465568718382417
2021-02-17,1Y,1,1.0005952756707042
2021-02-17,2Y,2,1.0011758617533004
2021-02-17,3Y,3,1.0015264579507661
2021-02-17,4Y,4,1.0012311949502304
2021-02-17,5Y,5,1.0004202505463975
2021-02-17,7Y,7,0.9972035354564827
2021-02-17,10Y,10,0.9873319821752659
2021-02-17,15Y,15,0.9572058236531736
2021-02-17,20Y,20,0.919356033681567
2021-02-17,25Y,25,0.8807978306919247
2021-02-17,30Y,30,0.8434415305778917
2021-02-18,1Y,1,1.000580263057055
2021-02-18,2Y,2,1.0011232968584518
2021-02-18,3Y,3,1.0014463256907113
2021-02-18,4Y,4,1.001181104907608
2021-02-18,5Y,5,1.000425253948342
2021-02-18,7Y,7,0.9973976383840726
2021-02-18,10Y,10,0.9878427776580215
2021-02-18,15Y,15,0.9583464783871435
2021-02-18,20Y,20,0.9211617035452767
2021-02-18,25Y,25,0.8833740182704231
2021-02-18,30Y,30,0.846909804571854
2021-02-19,1Y,1,1.0005352253572455
2021-02-19,2Y,2,1.000995642545143
2021-02-19,3Y,3,1.0010857827605486
2021-02-19,4Y,4,1.000462680079795
2021-02-19,5Y,5,0.9994095245955358
2021-02-19,7Y,7,0.9959258552517245
2021-02-19,10Y,10,0.9857615505119123
2021-02-19,15Y,15,0.9554685333317394
2021-02-19,20Y,20,0.9177887572594184
2021-02-19,25Y,25,0.8796700454901604
2021-02-19,30Y,30,0.8430763235161169
2021-02-20,1Y,1,1.0005352253572455
2021-02-20,2Y,2,1.000995642545143
2021-02-20,3Y,3,1.001236000494799
2021-02-20,4Y,4,1.001075926798216
2021-02-20,5Y,5,1.0003800631477542
2021-02-20,7Y,7,0.9971888666349251
2021-02-20,10Y,10,0.9880709874268718
2021-02-20,15Y,15,0.9585143227880939
2021-02-20,20Y,20,0.9219857875975296
2021-02-20,25Y,25,0.8877158173861878
2021-02-20,30Y,30,0.8540460416785575
2021-02-21,1Y,1,1.0005702559408673
2021-02-21,2Y,2,1.000945622442415
2021-02-21,3Y,3,1.0010608213321397
2021-02-21,4Y,4,1.0008156005817173
2021-02-21,5Y,5,1.0000548579601127
2021-02-21,7Y,7,0.9967624867149609
2021-02-21,10Y,10,0.9869309417369109
2021-02-21,15Y,15,0.9572340909854253
2021-02-21,20Y,20,0.9201808076021291
2021-02-21,25Y,25,0.8826061225817422
2021-02-21,30Y,30,0.8464650711868734
2021-02-22,1Y,1,1.0004901891031428
2021-02-22,2Y,2,1.000920545610586
2021-02-22,3Y,3,1.001110807928364
2021-02-22,4Y,4,1.0007204486930255
2021-02-22,5Y,5,0.9997896747179568
2021-02-22,7Y,7,0.9962640595528
2021-02-22,10Y,10,0.9859315954244762
2021-02-22,15Y,15,0.955217484303716
2021-02-22,20Y,20,0.9173787989755645
2021-02-22,25Y,25,0.8791302517129879
2021-02-22,30Y,30,0.8422610183117298
2021-02-23,1Y,1,1.0004901891031428
2021-02-23,2Y,2,1.000920545610586
2021-02-23,3Y,3,1.001060740468522
2021-02-23,4Y,4,1.00055777244115
2021-02-23,5Y,5,0.9995395553693954
2021-02-23,7Y,7,0.995914720486872
2021-02-23,10Y,10,0.9854562056789161
2021-02-23,15Y,15,0.9544969290006878
2021-02-23,20Y,20,0.91644346184176
2021-02-23,25Y,25,0.8780068198024602
2021-02-23,30Y,30,0.8409652753880924
2021-02-24,1Y,1,1.0005051998303784
2021-02-24,2Y,2,1.0009730997810262
2021-02-24,3Y,3,1.0012209532423193
2021-02-24,4Y,4,1.0008305635634143
2021-02-24,5Y,5,0.9998296602793135
2021-02-24,7Y,7,0.9962638905891821
2021-02-24,10Y,10,0.9857915960700807
2021-02-24,15Y,15,0.954037944956119
2021-02-24,20Y,20,0.9149919405669326
2021-02-24,25Y,25,0.8754826508121577
2021-02-24,30Y,30,0.8374564240531928
2021-02-25,1Y,1,1.0005052028266488
2021-02-25,2Y,2,1.0008755196356032
2021-02-25,3Y,3,1.0008054498401027
2021-02-25,4Y,4,0.9999547440139812
2021-02-25,5Y,5,0.9985594186077245
2021-02-25,7Y,7,0.9940940801002686
2021-02-25,10Y,10,0.9824533352958986
2021-02-25,15Y,15,0.9489747779346211
2021-02-25,20Y,20,0.9084823710088517
2021-02-25,25Y,25,0.8675214563369265
2021-02-25,30Y,30,0.8279108561968462
2021-02-26,1Y,1,1.0005402302946687
2021-02-26,2Y,2,1.0009681225389624
2021-02-26,3Y,3,1.0009355919044953
2021-02-26,4Y,4,1.0000397514672004
2021-02-26,5Y,5,0.9985492776830206
2021-02-26,7Y,7,0.9939790325794342
2021-02-26,10Y,10,0.9822618152076877
2021-02-26,15Y,15,0.9493575056374239
2021-02-26,20Y,20,0.9097281523267304
2021-02-26,25Y,25,0.8697903271096652
2021-02-26,30Y,30,0.83139343595887
2021-02-27,1Y,1,1.0005902737892154
2021-02-27,2Y,2,1.0009556436368126
2021-02-27,3Y,3,1.000940691905452
2021-02-27,4Y,4,1.0004001583985453
2021-02-27,5Y,5,0.9992543619470928
2021-02-27,7Y,7,0.9950520578870415
2021-02-27,10Y,10,0.9837970078658393
2021-02-27,15Y,15,0.9516856270088493
2021-02-27,20Y,20,0.9126317544743661
2021-02-27,25Y,25,0.8731009895426112
2021-02-27,30Y,30,0.8349584671286289
2021-02-28,1Y,1,1.000600282938663
2021-02-28,2Y,2,1.0009906847926189
2021-02-28,3Y,3,1.0010207911563695
2021-02-28,4Y,4,1.0005327916413487
2021-02-28,5Y,5,0.9994444200663571
2021-02-28,7Y,7,0.9953742568120167
2021-02-28,10Y,10,0.9842585949828113
2021-02-28,15Y,15,0.9522770292923054
2021-02-28,20Y,20,0.9134626546619564
2021-02-28,25Y,25,0.8741079410115259
2021-02-28,30Y,30,0.8362572730838121
2021-03-01,1Y,1,1.0005852683980965
2021-03-01,2Y,2,1.0010957756603331
2021-03-01,3Y,3,1.0012460307348663
2021-03-01,4Y,4,1.000657892943156
2021-03-01,5Y,5,0.9995294670218946
2021-03-01,7Y,7,0.9955856391334863
2021-03-01,10Y,10,0.9848537960223513
2021-03-01,15Y,15,0.954199014467992
2021-03-01,20Y,20,0.9169880730935644
2021-03-01,25Y,25,0.879436885472487
2021-03-01,30Y,30,0.8434415389941036
2021-03-02,1Y,1,1.0006202960763135
2021-03-02,2Y,2,1.0012184324404563
2021-03-02,3Y,3,1.001536505764745
2021-03-02,4Y,4,1.0011611035527956
2021-03-02,5Y,5,1.0002049799191712
2021-03-02,7Y,7,0.9967648417834135
2021-03-02,10Y,10,0.9867633240394933
2021-03-02,15Y,15,0.9577197532447251
2021-03-02,20Y,20,0.9222330040150121
2021-03-02,25Y,25,0.8863203067046488
2021-03-02,30Y,30,0.8518899387475687
2021-03-03,1Y,1,1.0005602421936493
2021-03-03,2Y,2,1.0009255959630137
2021-03-03,3Y,3,1.0009206578751568
2021-03-03,4Y,4,1.0004677403880236
2021-03-03,5Y,5,0.9994945198323181
2021-03-03,7Y,7,0.9956710877153516
2021-03-03,10Y,10,0.9852591240013356
2021-03-03,15Y,15,0.9560222306525654
2021-03-03,20Y,20,0.9210758178962667
2021-03-03,25Y,25,0.8858774610902208
2021-03-03,30Y,30,0.8520357193112755
2021-03-04,1Y,1,1.0006052830184031
2021-03-04,2Y,2,1.0011433423954768
2021-03-04,3Y,3,1.001311148499974
2021-03-04,4Y,4,1.0007505180632195
2021-03-04,5Y,5,0.9996545339245688
2021-03-04,7Y,7,0.9958352083859559
2021-03-04,10Y,10,0.9851835344280819
2021-03-04,15Y,15,0.9550751408763636
2021-03-04,20Y,20,0.918116425881818
2021-03-04,25Y,25,0.8806762464703837
2021-03-04,30Y,30,0.8447321099249394
2021-03-05,1Y,1,1.000645321105389
2021-03-05,2Y,2,1.0011033323603649
2021-03-05,3Y,3,1.0012210857737331
2021-03-05,4Y,4,1.000913273412159
2021-03-05,5Y,5,1.0000998883229424
2021-03-05,7Y,7,0.996628220382716
2021-03-05,10Y,10,0.9864063766421369
2021-03-05,15Y,15,0.9573727614656563
2021-03-05,20Y,20,0.9221354804817217
2021-03-05,25Y,25,0.8866314121942437
2021-03-05,30Y,30,0.852466666025612
2021-03-07,1Y,1,1.0006703451087242
2021-03-07,2Y,2,1.001205966776439
2021-03-07,3Y,3,1.0014915000022997
2021-03-07,4Y,4,1.001383985140895
2021-03-07,5Y,5,1.0007255857423716
2021-03-07,7Y,7,0.997441186880751
2021-03-07,10Y,10,0.9873502520485601
2021-03-07,15Y,15,0.9584783081661945
2021-03-07,20Y,20,0.9234324454114756
2021-03-07,25Y,25,0.8880118515540377
2021-03-07,30Y,30,0.8540105213881078
2021-03-08,1Y,1,1.0004601725089746
2021-03-08,2Y,2,1.0008379560630276
2021-03-08,3Y,3,1.0009155380250152
2021-03-08,4Y,4,1.0002699821748668
2021-03-08,5Y,5,0.9990694297585758
2021-03-08,7Y,7,0.9949966088400081
2021-03-08,10Y,10,0.9833876326300977
2021-03-08,15Y,15,0.9519369189749559
2021-03-08,20Y,20,0.9147531010967888
2021-03-08,25Y,25,0.8775731895919797
2021-03-08,30Y,30,0.8420001769020597
2021-03-09,1Y,1,1.0005152122259877
2021-03-09,2Y,2,1.000812973161425
2021-03-09,3Y,3,1.0008205263956749
2021-03-09,4Y,4,1.0004001595851135
2021-03-09,5Y,5,0.999404506718097
2021-03-09,7Y,7,0.9954605804720955
2021-03-09,10Y,10,0.9842725611741352
2021-03-09,15Y,15,0.9534768492200827
2021-03-09,20Y,20,0.9170536943189899
2021-03-09,25Y,25,0.8806640025580512
2021-03-09,30Y,30,0.8459561900347665
2021-03-10,1Y,1,1.000570257629976
2021-03-10,2Y,2,1.0010657320899088
2021-03-10,3Y,3,1.001301103306733
2021-03-10,4Y,4,1.00086062990347
2021-03-10,5Y,5,0.9997996093279461
2021-03-10,7Y,7,0.9958149559435587
2021-03-10,10Y,10,0.9845200375340968
2021-03-10,15Y,15,0.9535290207804666
2021-03-10,20Y,20,0.916322807808195
2021-03-10,25Y,25,0.879482705791048
2021-03-10,30Y,30,0.8445944715809205
2021-03-11,1Y,1,1.000610292238297
2021-03-11,2Y,2,1.0010182191273478
2021-03-11,3Y,3,1.0011559674002914
2021-03-11,4Y,4,1.0009357696043288
2021-03-11,5Y,5,1.0002049844954033
2021-03-11,7Y,7,0.9967690844510996
2021-03-11,10Y,10,0.9861004721502308
2021-03-11,15Y,15,0.9565121804387634
2021-03-11,20Y,20,0.9211128500729948
2021-03-11,25Y,25,0.8859273217929754
2021-03-11,30Y,30,0.852540305183591
2021-03-12,1Y,1,1.0006403171843865
2021-03-12,2Y,2,1.0010858098378792
2021-03-12,3Y,3,1.0011810269080972
2021-03-12,4Y,4,1.0007530401122173
2021-03-12,5Y,5,0.9996594574021278
2021-03-12,7Y,7,0.9954045697776612
2021-03-12,10Y,10,0.9838131782634012
2021-03-12,15Y,15,0.9525278877947869
2021-03-12,20Y,20,0.9152629166696615
2021-03-12,25Y,25,0.8781844412244224
2021-03-12,30Y,30,0.8430402490464162
2021-03-14,1Y,1,1.0006853636759003
2021-03-14,2Y,2,1.0012360134378118
2021-03-14,3Y,3,1.001546598514601
2021-03-14,4Y,4,1.0013764781100833
2021-03-14,5Y,5,1.0005302946280346
2021-03-14,7Y,7,0.9966872239294547
2021-03-14,10Y,10,0.9855809232044612
2021-03-14,15Y,15,0.9550323158676288
2021-03-14,20Y,20,0.9186016928649844
2021-03-14,25Y,25,0.8819436211480998
2021-03-14,30Y,30,0.8468871423655999
2021-03-15,1Y,1,1.0006503250451666
2021-03-15,2Y,2,1.0013385881884331
2021-03-15,3Y,3,1.0018470577439063
2021-03-15,4Y,4,1.0016419608192881
2021-03-15,5Y,5,1.0007456563522357
2021-03-15,7Y,7,0.9970977819295314
2021-03-15,10Y,10,0.9862613510077884
2021-03-15,15Y,15,0.955270117414668
2021-03-15,20Y,20,0.9179141214385704
2021-03-15,25Y,25,0.8803888305439503
2021-03-15,30Y,30,0.8444042011073113
2021-03-16,1Y,1,1.0006753491861682
2021-03-16,2Y,2,1.0012535254503772
2021-03-16,3Y,3,1.0016317273502426
2021-03-16,4Y,4,1.0015793249857192
2021-03-16,5Y,5,1.0008757892209714
2021-03-16,7Y,7,0.9972978056789528
2021-03-16,10Y,10,0.9863603892352124
2021-03-16,15Y,15,0.9553018577643023
2021-03-16,20Y,20,0.9178958320177545
2021-03-16,25Y,25,0.880384613423054
2021-03-16,30Y,30,0.8443996702000046
2021-03-17,1Y,1,1.0006653390198426
2021-03-17,2Y,2,1.0011959513549409
2021-03-17,3Y,3,1.0014764725223615
2021-03-17,4Y,4,1.0013389000465895
2021-03-17,5Y,5,1.0006054142466516
2021-03-17,7Y,7,0.9971072437728498
2021-03-17,10Y,10,0.986428512154306
2021-03-17,15Y,15,0.9551220472013979
2021-03-17,20Y,20,0.9172885975579472
2021-03-17,25Y,25,0.8791023656569394
2021-03-17,30Y,30,0.8422308453001309
2021-03-18,1Y,1,1.0006753491861682
2021-03-18,2Y,2,1.0013436254149957
2021-03-18,3Y,3,1.0017118538925676
2021-03-18,4Y,4,1.001331429940044
2021-03-18,5Y,5,1.0003200875909877
2021-03-18,7Y,7,0.9965073775798646
2021-03-18,10Y,10,0.985269907251863
2021-03-18,15Y,15,0.9533966517189316
2021-03-18,20Y,20,0.9146912097355928
2021-03-18,25Y,25,0.8755294451995647
2021-03-18,30Y,30,0.8377575733909952
2021-03-19,1Y,1,1.0006303074967942
2021-03-19,2Y,2,1.0011033218821976
2021-03-19,3Y,3,1.0013862931863395
2021-03-19,4Y,4,1.0013213096606397
2021-03-19,5Y,5,1.0005702968625758
2021-03-19,7Y,7,0.9968484218124603
2021-03-19,10Y,10,0.9858391426645147
2021-03-19,15Y,15,0.9537873659777302
2021-03-19,20Y,20,0.9148894723703006
2021-03-19,25Y,25,0.8754015934218622
2021-03-19,30Y,30,0.8371707767407506
2021-03-21,1Y,1,1.0006803553658086
2021-03-21,2Y,2,1.0012935749854033
2021-03-21,3Y,3,1.001756939029901
2021-03-21,4Y,4,1.001779709418125
2021-03-21,5Y,5,1.0011262098606049
2021-03-21,7Y,7,0.997779723403658
2021-03-21,10Y,10,0.9873069219272941
2021-03-21,15Y,15,0.9559023561974522
2021-03-21,20Y,20,0.9174029050658834
2021-03-21,25Y,25,0.8783060238671555
2021-03-21,30Y,30,0.8405173542419035
2021-03-22,1Y,1,1.0005752577660905
2021-03-22,2Y,2,1.0010532283938653
2021-03-22,3Y,3,1.0013712215317194
2021-03-22,4Y,4,1.0013212864382066
2021-03-22,5Y,5,1.0007355626662968
2021-03-22,7Y,7,0.9976623845430939
2021-03-22,10Y,10,0.9876948399353788
2021-03-22,15Y,15,0.9573339145324202
2021-03-22,20Y,20,0.9202919964867999
2021-03-22,25Y,25,0.8825144555139379
2021-03-22,30Y,30,0.8458640661434101
2021-03-23,1Y,1,1.0005902702483314
2021-03-23,2Y,2,1.0010682553172734
2021-03-23,3Y,3,1.0014162942178764
2021-03-23,4Y,4,1.00147652445176
2021-03-23,5Y,5,1.0010159506564986
2021-03-23,7Y,7,0.9982473683003169
2021-03-23,10Y,10,0.9888549501674182
2021-03-23,15Y,15,0.9603698414355112
2021-03-23,20Y,20,0.9251920563650269
2021-03-23,25Y,25,0.8888963268946558
2021-03-23,30Y,30,0.8532872964087255
2021-03-24,1Y,1,1.000580263057055
2021-03-24,2Y,2,1.001025705922264
2021-03-24,3Y,3,1.0013411769532654
2021-03-24,4Y,4,1.0014139044750048
2021-03-24,5Y,5,1.0009958988780092
2021-03-24,7Y,7,0.9983434678445267
2021-03-24,10Y,10,0.989206962668441
2021-03-24,15Y,15,0.9609782637166
2021-03-24,20Y,20,0.926073416472384
2021-03-24,25Y,25,0.8897360942500008
2021-03-24,30Y,30,0.8543435861808321
2021-03-25,1Y,1,1.0005702542392758
2021-03-25,2Y,2,1.0009906653645249
2021-03-25,3Y,3,1.0012610629980947
2021-03-25,4Y,4,1.0013062308485852
2021-03-25,5Y,5,1.0009007595529948
2021-03-25,7Y,7,0.9981734824729085
2021-03-25,10Y,10,0.9889356157269064
2021-03-25,15Y,15,0.9610522720704701
2021-03-25,20Y,20,0.9267700117097472
2021-03-25,25Y,25,0.89120583425723
2021-03-25,30Y,30,0.8562612143068105
2021-03-26,1Y,1,1.0005452320354942
2021-03-26,2Y,2,1.0009255885270159
2021-03-26,3Y,3,1.0011559085772783
2021-03-26,4Y,4,1.0011910347500694
2021-03-26,5Y,5,1.0007605527995627
2021-03-26,7Y,7,0.9980936830025566
2021-03-26,10Y,10,0.9890429267312524
2021-03-26,15Y,15,0.9614253556991217
2021-03-26,20Y,20,0.9268386300451846
2021-03-26,25Y,25,0.890933222195683
2021-03-26,30Y,30,0.8556957409660234
2021-03-28,1Y,1,1.0005702490596107
2021-03-28,2Y,2,1.0010582309725073
2021-03-28,3Y,3,1.001416279853907
2021-03-28,4Y,4,1.00148903246843
2021-03-28,5Y,5,1.001071029209001
2021-03-28,7Y,7,0.9984814502348938
2021-03-28,10Y,10,0.9894591362806185
2021-03-28,15Y,15,0.9618967308003317
2021-03-28,20Y,20,0.9273813035018621
2021-03-28,25Y,25,0.8916084919408936
2021-03-28,30Y,30,0.8564772793082277
2021-03-29,1Y,1,1.0005602438889019
2021-03-29,2Y,2,1.0009706398458382
2021-03-29,3Y,3,1.001180959775434
2021-03-29,4Y,4,1.0011284869780366
2021-03-29,5Y,5,1.0006805002798633
2021-03-29,7Y,7,0.9980326685616164
2021-03-29,10Y,10,0.9889569324728171
2021-03-29,15Y,15,0.961464444942943
2021-03-29,20Y,20,0.9270436909799538
2021-03-29,25Y,25,0.8915778315943366
2021-03-29,30Y,30,0.8570822618218552
2021-03-30,1Y,1,1.0005352253572455
2021-03-30,2Y,2,1.000890551038015
2021-03-30,3Y,3,1.0010657981884084
2021-03-30,4Y,4,1.0009882726251884
2021-03-30,5Y,5,1.0004151726125952
2021-03-30,7Y,7,0.9974589602176009
2021-03-30,10Y,10,0.9881358998372657
2021-03-30,15Y,15,0.959759314956273
2021-03-30,20Y,20,0.9246910100875723
2021-03-30,25Y,25,0.8885754149642444
2021-03-30,30Y,30,0.8533597117064537
2021-03-31,1Y,1,1.0005252187540774
2021-03-31,2Y,2,1.0008405015240391
2021-03-31,3Y,3,1.0009156302376825
2021-03-31,4Y,4,1.0006729217856125
2021-03-31,5Y,5,0.9998747170465784
2021-03-31,7Y,7,0.9962791007505029
2021-03-31,10Y,10,0.9856595721848952
2021-03-31,15Y,15,0.9552530057173444
2021-03-31,20Y,20,0.918191093581917
2021-03-31,25Y,25,0.8800087469653948
2021-03-31,30Y,30,0.8427768590777023
2021-04-01,1Y,1,1.0005102075012842
2021-04-01,2Y,2,1.000968095978979
2021-04-01,3Y,3,1.0012059271837135
2021-04-01,4Y,4,1.0007980281156
2021-04-01,5Y,5,0.9997946429514827
2021-04-01,7Y,7,0.9961639690975537
2021-04-01,10Y,10,0.9854872829327316
2021-04-01,15Y,15,0.9550759998768578
2021-04-01,20Y,20,0.9173616921806099
2021-04-01,25Y,25,0.8783038203690581
2021-04-01,30Y,30,0.8400690991358125
2021-04-02,1Y,1,1.0005302236101747
2021-04-02,2Y,2,1.0008880458814866
2021-04-02,3Y,3,1.001025750468208
2021-04-02,4Y,4,1.0006954158204153
2021-04-02,5Y,5,0.9997846752589629
2021-04-02,7Y,7,0.9963049663005952
2021-04-02,10Y,10,0.9858386493441516
2021-04-02,15Y,15,0.954835140219564
2021-04-02,20Y,20,0.915955485822464
2021-04-02,25Y,25,0.8756630903620363
2021-04-02,30Y,30,0.8365666265315834
2021-04-03,1Y,1,1.0005802665103645
2021-04-03,2Y,2,1.0009806622585322
2021-04-03,3Y,3,1.001150934944029
2021-04-03,4Y,4,1.0009307387987532
2021-04-03,5Y,5,1.0001348929100942
2021-04-03,7Y,7,0.9966042818690884
2021-04-03,10Y,10,0.9862340493995361
2021-04-03,15Y,15,0.9553282254928408
2021-04-03,20Y,20,0.9168856135844405
2021-04-03,25Y,25,0.8773147188007877
2021-04-03,30Y,30,0.8386841272223751
2021-04-04,1Y,1,1.0005802665103645
2021-04-04,2Y,2,1.0009806622585322
2021-04-04,3Y,3,1.001150934944029
2021-04-04,4Y,4,1.0009307387987532
2021-04-04,5Y,5,1.0001348929100942
2021-04-04,7Y,7,0.9966042818690884
2021-04-04,10Y,10,0.9862340493995361
2021-04-04,15Y,15,0.9553282254928408
2021-04-04,20Y,20,0.9168856135844405
2021-04-04,25Y,25,0.8772423211227458
2021-04-04,30Y,30,0.8384073222556292
2021-04-05,1Y,1,1.0005302236101747
2021-04-05,2Y,2,1.0008880458814866
2021-04-05,3Y,3,1.001025750468208
2021-04-05,4Y,4,1.0007705224943282
2021-04-05,5Y,5,0.9999647867378124
2021-04-05,7Y,7,0.9965136796939539
2021-04-05,10Y,10,0.9860560949845505
2021-04-05,15Y,15,0.9549866935313315
2021-04-05,20Y,20,0.9164678078227708
2021-04-05,25Y,25,0.8770851924935509
2021-04-05,30Y,30,0.8384424229250953
2021-04-06,1Y,1,1.0004951921544982
2021-04-06,2Y,2,1.0009981096968934
2021-04-06,3Y,3,1.0013210662442185
2021-04-06,4Y,4,1.00102832298333
2021-04-06,5Y,5,1.0002100089137067
2021-04-06,7Y,7,0.9969630143270894
2021-04-06,10Y,10,0.9868358286876951
2021-04-06,15Y,15,0.9564149526422726
2021-04-06,20Y,20,0.9186428469159182
2021-04-06,25Y,25,0.8795446485722317
2021-04-06,30Y,30,0.8413062797843273
2021-04-07,1Y,1,1.0005302204698932
2021-04-07,2Y,2,1.0010606922874135
2021-04-07,3Y,3,1.0014112207345969
2021-04-07,4Y,4,1.0011610356902994
2021-04-07,5Y,5,1.0004152332764327
2021-04-07,7Y,7,0.9973977024631738
2021-04-07,10Y,10,0.9877033127938816
2021-04-07,15Y,15,0.9580707744206336
2021-04-07,20Y,20,0.9211000009141961
2021-04-07,25Y,25,0.8826885385904463
2021-04-07,30Y,30,0.8452639711777792
2021-04-08,1Y,1,1.0005202124029664
2021-04-08,2Y,2,1.00090555517323
2021-04-08,3Y,3,1.0011308643291699
2021-04-08,4Y,4,1.0010758829260162
2021-04-08,5Y,5,1.000545312159026
2021-04-08,7Y,7,0.9975737200312266
2021-04-08,10Y,10,0.9878027891777296
2021-04-08,15Y,15,0.9580470755579397
2021-04-08,20Y,20,0.9207926773613933
2021-04-08,25Y,25,0.8821478499819435
2021-04-08,30Y,30,0.8444465857300957
2021-04-09,1Y,1,1.000560247241961
2021-04-09,2Y,2,1.0009030762744473
2021-04-09,3Y,3,1.0010057496367646
2021-04-09,4Y,4,1.0008431234855304
2021-04-09,5Y,5,1.0001999836586504
2021-04-09,7Y,7,0.9970242416675557
2021-04-09,10Y,10,0.9868630262603919
2021-04-09,15Y,15,0.9567002638368479
2021-04-09,20Y,20,0.9188084566958898
2021-04-09,25Y,25,0.8796534784380353
2021-04-09,30Y,30,0.841571219909536
2021-04-11,1Y,1,1.0005402334725824
2021-04-11,2Y,2,1.0009531077679088
2021-04-11,3Y,3,1.001256024867064
2021-04-11,4Y,4,1.001213576257816
2021-04-11,5Y,5,1.000610384660166
2021-04-11,7Y,7,0.9975735860314449
2021-04-11,10Y,10,0.9876561125205346
2021-04-11,15Y,15,0.957776451991044
2021-04-11,20Y,20,0.920060481148208
2021-04-11,25Y,25,0.8809632821017354
2021-04-11,30Y,30,0.8431128156500013
2021-04-12,1Y,1,1.0005102059999855
2021-04-12,2Y,2,1.0008254808761345
2021-04-12,3Y,3,1.0008905963955843
2021-04-12,4Y,4,1.0006328847700854
2021-04-12,5Y,5,0.9998997819273745
2021-04-12,7Y,7,0.9965399145872337
2021-04-12,10Y,10,0.9862357361653621
2021-04-12,15Y,15,0.9556990364981757
2021-04-12,20Y,20,0.9176497052749778
2021-04-12,25Y,25,0.8783104425171299
2021-04-12,30Y,30,0.8400234386716814
2021-04-13,1Y,1,1.0005102059999855
2021-04-13,2Y,2,1.0008555063712672
2021-04-13,3Y,3,1.0010507615410977
2021-04-13,4Y,4,1.00097573690753
2021-04-13,5Y,5,1.0003751248258357
2021-04-13,7Y,7,0.9973240159971228
2021-04-13,10Y,10,0.9874722059984045
2021-04-13,15Y,15,0.9577861522892024
2021-04-13,20Y,20,0.9203484736054871
2021-04-13,25Y,25,0.8815847657456819
2021-04-13,30Y,30,0.8439369905646366
2021-04-14,1Y,1,1.0005152091920912
2021-04-14,2Y,2,1.0010081346242186
2021-04-14,3Y,3,1.0012409684455783
2021-04-14,4Y,4,1.000843107093882
2021-04-14,5Y,5,1.0000499212285752
2021-04-14,7Y,7,0.9970332674599584
2021-04-14,10Y,10,0.9873476504838005
2021-04-14,15Y,15,0.9584981621498857
2021-04-14,20Y,20,0.9222904143498278
2021-04-14,25Y,25,0.8844699995883917
2021-04-14,30Y,30,0.8474262614256155
2021-04-15,1Y,1,1.0005152107152824
2021-04-15,2Y,2,1.0008880365049033
2021-04-15,3Y,3,1.0011208449413782
2021-04-15,4Y,4,1.0010758743927402
2021-04-15,5Y,5,1.000560331206027
2021-04-15,7Y,7,0.9977327777944183
2021-04-15,10Y,10,0.9883536846264872
2021-04-15,15Y,15,0.959968881454468
2021-04-15,20Y,20,0.92394365162438
2021-04-15,25Y,25,0.8863117270130506
2021-04-15,30Y,30,0.8494981603106416
2021-04-16,1Y,1,1.0005152122259877
2021-04-16,2Y,2,1.0008730235928498
2021-04-16,3Y,3,1.0010507657941827
2021-04-16,4Y,4,1.0009056747233893
2021-04-16,5Y,5,1.000310099201357
2021-04-16,7Y,7,0.9974091055081321
2021-04-16,10Y,10,0.9881363444666251
2021-04-16,15Y,15,0.9598175401106043
2021-04-16,20Y,20,0.9239238129830382
2021-04-16,25Y,25,0.8865439518084305
2021-04-16,30Y,30,0.8503500867901354
2021-04-17,1Y,1,1.0005702593066002
2021-04-17,2Y,2,1.0010357040646356
2021-04-17,3Y,3,1.0014513076407827
2021-04-17,4Y,4,1.001576656771778
2021-04-17,5Y,5,1.0010208730386914
2021-04-17,7Y,7,0.998458682923764
2021-04-17,10Y,10,0.9898784830697582
2021-04-17,15Y,15,0.9636358614144327
2021-04-17,20Y,20,0.9283626737177089
2021-04-17,25Y,25,0.891702241484966
2021-04-17,30Y,30,0.8561161981348093
2021-04-18,1Y,1,1.0005602505450857
2021-04-18,2Y,2,1.0009556248680156
2021-04-18,3Y,3,1.0012109862838652
2021-04-18,4Y,4,1.0011835473279376
2021-04-18,5Y,5,1.00067047082236
2021-04-18,7Y,7,0.9979316562051828
2021-04-18,10Y,10,0.9887445671990621
2021-04-18,15Y,15,0.9607896227168267
2021-04-18,20Y,20,0.9249452526966097
2021-04-18,25Y,25,0.8876641019662088
2021-04-18,30Y,30,0.8516444965932085
2021-04-19,1Y,1,1.0005302236101747
2021-04-19,2Y,2,1.0008730328464188
2021-04-19,3Y,3,1.0010357596778265
2021-04-19,4Y,4,1.0009482253576558
2021-04-19,5Y,5,1.0004101820729534
2021-04-19,7Y,7,0.9976530086236587
2021-04-19,10Y,10,0.9886135479590913
2021-04-19,15Y,15,0.960429923470564
2021-04-19,20Y,20,0.9246009244166834
2021-04-19,25Y,25,0.8872606248454752
2021-04-19,30Y,30,0.8511236866631099
2021-04-20,1Y,1,1.0005302236101747
2021-04-20,2Y,2,1.0010381697367992
2021-04-20,3Y,3,1.0014162245805154
2021-04-20,4Y,4,1.0012636779997253
2021-04-20,5Y,5,1.0006204631663043
2021-04-20,7Y,7,0.9978325993411955
2021-04-20,10Y,10,0.9888307896221096
2021-04-20,15Y,15,0.9610624202242609
2021-04-20,20Y,20,0.9256510938050562
2021-04-20,25Y,25,0.8886637857185921
2021-04-20,30Y,30,0.8529942255967009
2021-04-21,1Y,1,1.000565252410931
2021-04-21,2Y,2,1.0009205958517253
2021-04-21,3Y,3,1.0010457981259815
2021-04-21,4Y,4,1.0009282302275082
2021-04-21,5Y,5,1.0004302300028387
2021-04-21,7Y,7,0.9977679704314794
2021-04-21,10Y,10,0.9888454563412231
2021-04-21,15Y,15,0.9612502981682504
2021-04-21,20Y,20,0.9261106232998579
2021-04-21,25Y,25,0.8894393872279845
2021-04-21,30Y,30,0.8538042780508935
2021-04-22,1Y,1,1.0005702559408673
2021-04-22,2Y,2,1.0009681438763587
2021-04-22,3Y,3,1.0011359105799047
2021-04-22,4Y,4,1.0010108463218332
2021-04-22,5Y,5,1.0005203355099528
2021-04-22,7Y,7,0.99807290491347
2021-04-22,10Y,10,0.9896150172962653
2021-04-22,15Y,15,0.9624269245235139
2021-04-22,20Y,20,0.927523200428546
2021-04-22,25Y,25,0.8912926063919692
2021-04-22,30Y,30,0.856197329711354
2021-04-23,1Y,1,1.0005502403197308
2021-04-23,2Y,2,1.0009280937831795
2021-04-23,3Y,3,1.0011358900164928
2021-04-23,4Y,4,1.0010884165732767
2021-04-23,5Y,5,1.000645455250322
2021-04-23,7Y,7,0.998202856183464
2021-04-23,10Y,10,0.989846971961137
2021-04-23,15Y,15,0.9629077998728078
2021-04-23,20Y,20,0.9282311075787835
2021-04-23,25Y,25,0.8922126458342945
2021-04-23,30Y,30,0.8572615557432455
2021-04-25,1Y,1,1.0005502403197308
2021-04-25,2Y,2,1.0010632103208796
2021-04-25,3Y,3,1.0015964924837226
2021-04-25,4Y,4,1.0018546311958374
2021-04-25,5Y,5,1.0016369886421372
2021-04-25,7Y,7,0.9996031688797451
2021-04-25,10Y,10,0.9919696301617068
2021-04-25,15Y,15,0.9674023777329219
2021-04-25,20Y,20,0.9337631058377344
2021-04-25,25Y,25,0.8986419207422508
2021-04-25,30Y,30,0.8643987071016175
2021-04-26,1Y,1,1.0005402334725824
2021-04-26,2Y,2,1.0009305886492963
2021-04-26,3Y,3,1.0011308754602442
2021-04-26,4Y,4,1.0009807861003348
2021-04-26,5Y,5,1.0004302399167337
2021-04-26,7Y,7,0.9977679340198714
2021-04-26,10Y,10,0.9889384896758999
2021-04-26,15Y,15,0.9614076922627026
2021-04-26,20Y,20,0.926074661449781
2021-04-26,25Y,25,0.8892429697255564
2021-04-26,30Y,30,0.8535228345320509
2021-04-27,1Y,1,1.0005502403197308
2021-04-27,2Y,2,1.000950613870372
2021-04-27,3Y,3,1.0011308858790275
2021-04-27,4Y,4,1.0009357404313541
2021-04-27,5Y,5,1.0003251373377737
2021-04-27,7Y,7,0.9975790009559434
2021-04-27,10Y,10,0.9886072508395776
2021-04-27,15Y,15,0.9645206130649443
2021-04-27,20Y,20,0.9299430333047884
2021-04-27,25Y,25,0.8894418322605895
2021-04-27,30Y,30,0.851948859337666
2021-04-28,1Y,1,1.0005402334725824
2021-04-28,2Y,2,1.0010206635297516
2021-04-28,3Y,3,1.0013110887320218
2021-04-28,4Y,4,1.001045875831073
2021-04-28,5Y,5,1.000320142218557
2021-04-28,7Y,7,0.9974088997631837
2021-04-28,10Y,10,0.9881490289223771
2021-04-28,15Y,15,0.9599161469342073
2021-04-28,20Y,20,0.9238786828377294
2021-04-28,25Y,25,0.8863482693317781
2021-04-28,30Y,30,0.8497892127106181
2021-04-29,1Y,1,1.0005402334725824
2021-04-29,2Y,2,1.0010206635297516
2021-04-29,3Y,3,1.0013511456885418
2021-04-29,4Y,4,1.0011760537874703
2021-04-29,5Y,5,1.0005203435694647
2021-04-29,7Y,7,0.9976826845560722
2021-04-29,10Y,10,0.9884598421756207
2021-04-29,15Y,15,0.9604805448890791
2021-04-29,20Y,20,0.9244824889165584
2021-04-29,25Y,25,0.8870956276600538
2021-04-29,30Y,30,0.8508473012836268
2021-04-30,1Y,1,1.0005402334725824
2021-04-30,2Y,2,1.000900562744424
2021-04-30,3Y,3,1.001050783712539
2021-04-30,4Y,4,1.000848120809158
2021-04-30,5Y,5,1.0001649692241295
2021-04-30,7Y,7,0.9971333134178144
2021-04-30,10Y,10,0.9877391861083078
2021-04-30,15Y,15,0.9590371300898347
2021-04-30,20Y,20,0.9225916179672126
2021-04-30,25Y,25,0.8848246045587259
2021-04-30,30Y,30,0.8482248254251596
2021-05-01,1Y,1,1.000595280991543
2021-05-01,2Y,2,1.0010257159302678
2021-05-01,3Y,3,1.0012861169890954
2021-05-01,4Y,4,1.0012386641224007
2021-05-01,5Y,5,1.0007205574067637
2021-05-01,7Y,7,0.9980316216374012
2021-05-01,10Y,10,0.9890428008947288
2021-05-01,15Y,15,0.9611991958952167
2021-05-01,20Y,20,0.9254272121073154
2021-05-01,25Y,25,0.8883024644677504
2021-05-01,30Y,30,0.8524367169962082
2021-05-02,1Y,1,1.0005402334725824
2021-05-02,2Y,2,1.0010131574520393
2021-05-02,3Y,3,1.0014662965304308
2021-05-02,4Y,4,1.0015791380672727
2021-05-02,5Y,5,1.0008605362733694
2021-05-02,7Y,7,0.9978771804932719
2021-05-02,10Y,10,0.9897612031629325
2021-05-02,15Y,15,0.9634623494415223
2021-05-02,20Y,20,0.9280372671218227
2021-05-02,25Y,25,0.891103538395912
2021-05-02,30Y,30,0.8550326626053907
2021-05-03,1Y,1,1.0005402334725824
2021-05-03,2Y,2,1.000863029698802
2021-05-03,3Y,3,1.000965690024275
2021-05-03,4Y,4,1.0007780393314691
2021-05-03,5Y,5,1.0001149273210967
2021-05-03,7Y,7,0.9970594507337434
2021-05-03,10Y,10,0.9875540064485586
2021-05-03,15Y,15,0.9588174453269854
2021-05-03,20Y,20,0.9223412660051924
2021-05-03,25Y,25,0.8846036363393044
2021-05-03,30Y,30,0.8479697146918876
2021-05-04,1Y,1,1.0005402334725824
2021-05-04,2Y,2,1.000863029698802
2021-05-04,3Y,3,1.000965690024275
2021-05-04,4Y,4,1.0007780393314691
2021-05-04,5Y,5,1.0001149273210967
2021-05-04,7Y,7,0.9970594507337434
2021-05-04,10Y,10,0.9875540064485586
2021-05-04,15Y,15,0.9588174453269854
2021-05-04,20Y,20,0.9223412660051924
2021-05-04,25Y,25,0.8846036363393044
2021-05-04,30Y,30,0.8479697146918876
2021-05-05,1Y,1,1.0005402334725824
2021-05-05,2Y,2,1.000863029698802
2021-05-05,3Y,3,1.000965690024275
2021-05-05,4Y,4,1.0007780393314691
2021-05-05,5Y,5,1.0001149273210967
2021-05-05,7Y,7,0.9970594507337434
2021-05-05,10Y,10,0.9875540064485586
2021-05-05,15Y,15,0.9588174453269854
2021-05-05,20Y,20,0.9223412660051924
2021-05-05,25Y,25,0.8846036363393044
2021-05-05,30Y,30,0.8479697146918876
2021-05-06,1Y,1,1.0005352269430368
2021-05-06,2Y,2,1.0008755378014635
2021-05-06,3Y,3,1.0010557825749993
2021-05-06,4Y,4,1.0010258105040066
2021-05-06,5Y,5,1.0005202789459082
2021-05-06,7Y,7,0.9977438939008246
2021-05-06,10Y,10,0.9887324162069858
2021-05-06,15Y,15,0.9605792918832498
2021-05-06,20Y,20,0.9245338625870289
2021-05-06,25Y,25,0.8870895584283285
2021-05-06,30Y,30,0.8508403518989417
2021-05-07,1Y,1,1.0005302220462764
2021-05-07,2Y,2,1.0008805393726852
2021-05-07,3Y,3,1.0010307568276333
2021-05-07,4Y,4,1.0009156925757936
2021-05-07,5Y,5,1.0003751610306408
2021-05-07,7Y,7,0.9977140510924428
2021-05-07,10Y,10,0.9888126605867885
2021-05-07,15Y,15,0.9608075403131616
2021-05-07,20Y,20,0.9251628967239455
2021-05-07,25Y,25,0.8880202786562491
2021-05-07,30Y,30,0.8519151564427273
2021-05-09,1Y,1,1.0005302220462764
2021-05-09,2Y,2,1.0009556041540548
2021-05-09,3Y,3,1.0012810509574197
2021-05-09,4Y,4,1.001328735898665
2021-05-09,5Y,5,1.0009007511288115
2021-05-09,7Y,7,0.9983526170230219
2021-05-09,10Y,10,0.9897194893963897
2021-05-09,15Y,15,0.9621902178710338
2021-05-09,20Y,20,0.9266061982722924
2021-05-09,25Y,25,0.8895913166436366
2021-05-09,30Y,30,0.853731051332508
2021-05-10,1Y,1,1.0005202139480498
2021-05-10,2Y,2,1.0008830356438327
2021-05-10,3Y,3,1.0010858098341133
2021-05-10,4Y,4,1.0010283174136834
2021-05-10,5Y,5,1.0005102782001627
2021-05-10,7Y,7,0.9977438897768219
2021-05-10,10Y,10,0.9888255646546368
2021-05-10,15Y,15,0.9610482177978708
2021-05-10,20Y,20,0.9254081151761698
2021-05-10,25Y,25,0.8882449698569111
2021-05-10,30Y,30,0.8521746560754038
2021-05-11,1Y,1,1.0005202139480498
2021-05-11,2Y,2,1.0010031344435841
2021-05-11,3Y,3,1.001225955265257
2021-05-11,4Y,4,1.0008356016932236
2021-05-11,5Y,5,1.00006494118987
2021-05-11,7Y,7,0.9972183005328059
2021-05-11,10Y,10,0.9883564328515478
2021-05-11,15Y,15,0.960718985594725
2021-05-11,20Y,20,0.9253391594063595
2021-05-11,25Y,25,0.888606957128669
2021-05-11,30Y,30,0.8530369549650473
2021-05-12,1Y,1,1.0005202139480498
2021-05-12,2Y,2,1.000830490041888
2021-05-12,3Y,3,1.000880592282584
2021-05-12,4Y,4,1.0006253819828244
2021-05-12,5Y,5,0.9999448383549318
2021-05-12,7Y,7,0.9970537575124312
2021-05-12,10Y,10,0.9879597376237711
2021-05-12,15Y,15,0.9601652973975459
2021-05-12,20Y,20,0.9247326170976857
2021-05-12,25Y,25,0.8879334464223512
2021-05-12,30Y,30,0.8522582383505032
2021-05-13,1Y,1,1.0004951936275788
2021-05-13,2Y,2,1.0007879417667849
2021-05-13,3Y,3,1.00086055753654
2021-05-13,4Y,4,1.0006879287564083
2021-05-13,5Y,5,1.0000699058934928
2021-05-13,7Y,7,0.9971185987814302
2021-05-13,10Y,10,0.9879593874090461
2021-05-13,15Y,15,0.9599948848500856
2021-05-13,20Y,20,0.9242350844620862
2021-05-13,25Y,25,0.8873076142365189
2021-05-13,30Y,30,0.851730360670161
2021-05-14,1Y,1,1.0005102059999855
2021-05-14,2Y,2,1.0009756036271593
2021-05-14,3Y,3,1.0012309643261947
2021-05-14,4Y,4,1.000925704906365
2021-05-14,5Y,5,1.000185022524545
2021-05-14,7Y,7,0.997403154253366
2021-05-14,10Y,10,0.9884418613114322
2021-05-14,15Y,15,0.9606787384791035
2021-05-14,20Y,20,0.9251941820788576
2021-05-14,25Y,25,0.8884416503526099
2021-05-14,30Y,30,0.8530412422432919
2021-05-15,1Y,1,1.000560247241961
2021-05-15,2Y,2,1.0009706394421118
2021-05-15,3Y,3,1.0012009809126676
2021-05-15,4Y,4,1.0011309892797522
2021-05-15,5Y,5,1.0006254354022022
2021-05-15,7Y,7,0.9980287724160862
2021-05-15,10Y,10,0.9893357035919493
2021-05-15,15Y,15,0.961990670684048
2021-05-15,20Y,20,0.9268899752069056
2021-05-15,25Y,25,0.8904149269511673
2021-05-15,30Y,30,0.8551277505717492
2021-05-16,1Y,1,1.000560247241961
2021-05-16,2Y,2,1.0009781463130647
2021-05-16,3Y,3,1.0012360237885303
2021-05-16,4Y,4,1.0012035861831567
2021-05-16,5Y,5,1.000725551015614
2021-05-16,7Y,7,0.9981667098479552
2021-05-16,10Y,10,0.9895209970294051
2021-05-16,15Y,15,0.9622388816554811
2021-05-16,20Y,20,0.9272866717893637
2021-05-16,25Y,25,0.8908708836782083
2021-05-16,30Y,30,0.8556549914831832
2021-05-17,1Y,1,1.0005152091920912
2021-05-17,2Y,2,1.0008880369112245
2021-05-17,3Y,3,1.0010207360187044
2021-05-17,4Y,4,1.0007755392389346
2021-05-17,5Y,5,1.0001249674862587
2021-05-17,7Y,7,0.9973293660724646
2021-05-17,10Y,10,0.988456044985992
2021-05-17,15Y,15,0.9608936460722405
2021-05-17,20Y,20,0.9256739804443794
2021-05-17,25Y,25,0.8890690594848911
2021-05-17,30Y,30,0.8535710016668026
2021-05-18,1Y,1,1.0005102075012842
2021-05-18,2Y,2,1.000968095978979
2021-05-18,3Y,3,1.0012059271837135
2021-05-18,4Y,4,1.000860621761618
2021-05-18,5Y,5,1.0000849431108134
2021-05-18,7Y,7,0.9972183082453885
2021-05-18,10Y,10,0.9883564560424142
2021-05-18,15Y,15,0.9607190367714488
2021-05-18,20Y,20,0.9253392326333175
2021-05-18,25Y,25,0.888679714730777
2021-05-18,30Y,30,0.8533161304442787
2021-05-19,1Y,1,1.0005052028266488
2021-05-19,2Y,2,1.000815470054991
2021-05-19,3Y,3,1.0009256271017124
2021-05-19,4Y,4,1.0007755197596315
2021-05-19,5Y,5,1.000184994704501
2021-05-19,7Y,7,0.9974033737111057
2021-05-19,10Y,10,0.9887284252477799
2021-05-19,15Y,15,0.9616230278695949
2021-05-19,20Y,20,0.926845255915094
2021-05-19,25Y,25,0.8907117658470609
2021-05-19,30Y,30,0.8557199538780236
2021-05-20,1Y,1,1.0004951965362814
2021-05-20,2Y,2,1.0008179667870616
2021-05-20,3Y,3,1.0009406349760797
2021-05-20,4Y,4,1.0007454897905577
2021-05-20,5Y,5,1.000124960132571
2021-05-20,7Y,7,0.9973294393653878
2021-05-20,10Y,10,0.9884696336764648
2021-05-20,15Y,15,0.9612773692830568
2021-05-20,20Y,20,0.9263963489833156
2021-05-20,25Y,25,0.8901408752523539
2021-05-20,30Y,30,0.8549189301786434
2021-05-21,1Y,1,1.0004951965362814
2021-05-21,2Y,2,1.0009230477932083
2021-05-21,3Y,3,1.001130825264202
2021-05-21,4Y,4,1.000798046176744
2021-05-21,5Y,5,1.0000649353510482
2021-05-21,7Y,7,0.9973143733748494
2021-05-21,10Y,10,0.9884560131215143
2021-05-21,15Y,15,0.960837132397913
2021-05-21,20Y,20,0.9253829822208035
2021-05-21,25Y,25,0.8886016441871997
2021-05-21,30Y,30,0.8530308802310675
2021-05-23,1Y,1,1.0005502403197308
2021-05-23,2Y,2,1.0009356005084422
2021-05-23,3Y,3,1.0011609196848872
2021-05-23,4Y,4,1.001115951947584
2021-05-23,5Y,5,1.00064044498695
2021-05-23,7Y,7,0.9981168193705964
2021-05-23,10Y,10,0.9896413814843876
2021-05-23,15Y,15,0.9627396885951828
2021-05-23,20Y,20,0.9278334231996036
2021-05-23,25Y,25,0.8914157646593065
2021-05-23,30Y,30,0.8558940286446507
2021-05-24,1Y,1,1.0005102075012842
2021-05-24,2Y,2,1.0008479999826838
2021-05-24,3Y,3,1.000985692917722
2021-05-24,4Y,4,1.0008055585196969
2021-05-24,5Y,5,1.0001850004874608
2021-05-24,7Y,7,0.9974643362403203
2021-05-24,10Y,10,0.988721187313848
2021-05-24,15Y,15,0.9611999209024112
2021-05-24,20Y,20,0.9256405943759102
2021-05-24,25Y,25,0.8883377340639335
2021-05-24,30Y,30,0.852172177616186
2021-05-25,1Y,1,1.0005152122259877
2021-05-25,2Y,2,1.0008204795687419
2021-05-25,3Y,3,1.000955660374336
2021-05-25,4Y,4,1.0008981504771555
2021-05-25,5Y,5,1.000430203491683
2021-05-25,7Y,7,0.9978290725115956
2021-05-25,10Y,10,0.9893109440855224
2021-05-25,15Y,15,0.9619733220053844
2021-05-25,20Y,20,0.9264647184988941
2021-05-25,25Y,25,0.8893545408656947
2021-05-25,30Y,30,0.853206884912817
2021-05-26,1Y,1,1.0005102075012842
2021-05-26,2Y,2,1.0008404937319368
2021-05-26,3Y,3,1.0009906973229836
2021-05-26,4Y,4,1.0008881471463253
2021-05-26,5Y,5,1.0003951881243285
2021-05-26,7Y,7,0.9978531048995375
2021-05-26,10Y,10,0.9894436827129818
2021-05-26,15Y,15,0.9624219917865555
2021-05-26,20Y,20,0.927252128556699
2021-05-26,25Y,25,0.890467550057444
2021-05-26,30Y,30,0.8545475188046926
2021-05-27,1Y,1,1.0005202154806478
2021-05-27,2Y,2,1.0008079708405588
2021-05-27,3Y,3,1.000835546343985
2021-05-27,4Y,4,1.0006028644502194
2021-05-27,5Y,5,1.0000049018366624
2021-05-27,7Y,7,0.9973996393840462
2021-05-27,10Y,10,0.9889479537797595
2021-05-27,15Y,15,0.9618932305276997
2021-05-27,20Y,20,0.926578938496396
2021-05-27,25Y,25,0.8896342873265309
2021-05-27,30Y,30,0.8537790994174322
2021-05-28,1Y,1,1.000495197971902
2021-05-28,2Y,2,1.000923045961174
2021-05-28,3Y,3,1.0011808857645663
2021-05-28,4Y,4,1.000910670491002
2021-05-28,5Y,5,1.0002150565239942
2021-05-28,7Y,7,0.9975881309015897
2021-05-28,10Y,10,0.9890394937676454
2021-05-28,15Y,15,0.9620473260142592
2021-05-28,20Y,20,0.9265380948778853
2021-05-28,25Y,25,0.889359154445483
2021-05-28,30Y,30,0.8532117471457756
2021-05-29,1Y,1,1.000545238478894
2021-05-29,2Y,2,1.0008880547610373
2021-05-29,3Y,3,1.0010507850073473
2021-05-29,4Y,4,1.0009557426958662
2021-05-29,5Y,5,1.0004402300970094
2021-05-29,7Y,7,0.9978759989200122
2021-05-29,10Y,10,0.9894235479998349
2021-05-29,15Y,15,0.9625025090359954
2021-05-29,20Y,20,0.9272518469794824
2021-05-29,25Y,25,0.8903462424599167
2021-05-29,30Y,30,0.8545479170853876
2021-05-30,1Y,1,1.0005702609707394
2021-05-30,2Y,2,1.0009306084843441
2021-05-30,3Y,3,1.0011208830571687
2021-05-30,4Y,4,1.001068396014366
2021-05-30,5Y,5,1.000590389509332
2021-05-30,7Y,7,0.9980878575515832
2021-05-30,10Y,10,0.9897214398262192
2021-05-30,15Y,15,0.9629398760035217
2021-05-30,20Y,20,0.9278173085660957
2021-05-30,25Y,25,0.8910285138335787
2021-05-30,30Y,30,0.8553367521901267
2021-05-31,1Y,1,1.0005252248471763
2021-05-31,2Y,2,1.0008254893311435
2021-05-31,3Y,3,1.0009556643458406
2021-05-31,4Y,4,1.000823073342901
2021-05-31,5Y,5,1.0002500542732768
2021-05-31,7Y,7,0.9975642098424428
2021-05-31,10Y,10,0.988827374407549
2021-05-31,15Y,15,0.961740214827262
2021-05-31,20Y,20,0.926387575639312
2021-05-31,25Y,25,0.8893285389343208
2021-05-31,30Y,30,0.8532307731396106
2021-06-01,1Y,1,1.0005202200035217
2021-06-01,2Y,2,1.0007704403008078
2021-06-01,3Y,3,1.000770481373359
2021-06-01,4Y,4,1.0005353029907276
2021-06-01,5Y,5,0.9998998242262318
2021-06-01,7Y,7,0.9969799300986734
2021-06-01,10Y,10,0.9881064790652492
2021-06-01,15Y,15,0.9602670342106828
2021-06-01,20Y,20,0.9242861575724806
2021-06-01,25Y,25,0.8865563578685051
2021-06-01,30Y,30,0.8497792927803172
2021-06-02,1Y,1,1.0005202200035217
2021-06-02,2Y,2,1.000822984525517
2021-06-02,3Y,3,1.0009256318596809
2021-06-02,4Y,4,1.0007379893898756
2021-06-02,5Y,5,1.0001249608418867
2021-06-02,7Y,7,0.9973294357387199
2021-06-02,10Y,10,0.988602440072902
2021-06-02,15Y,15,0.960768045592923
2021-06-02,20Y,20,0.9246909413807294
2021-06-02,25Y,25,0.8867764656884704
2021-06-02,30Y,30,0.8497302632886147
2021-06-03,1Y,1,1.0005402350428103
2021-06-03,2Y,2,1.0008705363980803
2021-06-03,3Y,3,1.0009206378293893
2021-06-03,4Y,4,1.0006028731033234
2021-06-03,5Y,5,0.9998998214306465
2021-06-03,7Y,7,0.9969797897784722
2021-06-03,10Y,10,0.9879599447397437
2021-06-03,15Y,15,0.9598549958653196
2021-06-03,20Y,20,0.9233252558372826
2021-06-03,25Y,25,0.8851391350921274
2021-06-03,30Y,30,0.8478949228163898
2021-06-04,1Y,1,1.00054524005853
2021-06-04,2Y,2,1.0010081551889474
2021-06-04,3Y,3,1.0013010784398795
2021-06-04,4Y,4,1.001083427417577
2021-06-04,5Y,5,1.000440275993404
2021-06-04,7Y,7,0.9977678237247412
2021-06-04,10Y,10,0.9889514593392934
2021-06-04,15Y,15,0.9613089298433614
2021-06-04,20Y,20,0.92507914906314
2021-06-04,25Y,25,0.887094599683552
2021-06-04,30Y,30,0.850238346505613
2021-06-05,1Y,1,1.0005952862000298
2021-06-05,2Y,2,1.000965657294569
2021-06-05,3Y,3,1.0011559436071562
2021-06-05,4Y,4,1.0010834359657717
2021-06-05,5Y,5,1.0005603576240127
2021-06-05,7Y,7,0.9978908228769479
2021-06-05,10Y,10,0.9891637002581974
2021-06-05,15Y,15,0.961644389958512
2021-06-05,20Y,20,0.9254369206723442
2021-06-05,25Y,25,0.8876212633917806
2021-06-05,30Y,30,0.8510415407860932
2021-06-06,1Y,1,1.0006002882502896
2021-06-06,2Y,2,1.000998192364032
2021-06-06,3Y,3,1.0012260381796327
2021-06-06,4Y,4,1.0012086137880833
2021-06-06,5Y,5,1.0007656077634586
2021-06-06,7Y,7,0.9982406950952275
2021-06-06,10Y,10,0.9897601130485406
2021-06-06,15Y,15,0.9625202427909111
2021-06-06,20Y,20,0.9265686931277833
2021-06-06,25Y,25,0.8889856677524594
2021-06-06,30Y,30,0.8526175473196855
2021-06-07,1Y,1,1.0005502435352784
2021-06-07,2Y,2,1.0008530262009476
2021-06-07,3Y,3,1.0011458465416028
2021-06-07,4Y,4,1.0014588090843504
2021-06-07,5Y,5,1.0009806053212682
2021-06-07,7Y,7,0.9983083655339242
2021-06-07,10Y,10,0.9903167135331856
2021-06-07,15Y,15,0.9641869401469079
2021-06-07,20Y,20,0.9309216091189567
2021-06-07,25Y,25,0.8936588992094144
2021-06-07,30Y,30,0.8576787376971812
2021-06-08,1Y,1,1.0005602521779204
2021-06-08,2Y,2,1.0010457015207983
2021-06-08,3Y,3,1.001341145315964
2021-06-08,4Y,4,1.001136019828927
2021-06-08,5Y,5,1.0005453983283563
2021-06-08,7Y,7,0.9980137634917325
2021-06-08,10Y,10,0.9894620043895342
2021-06-08,15Y,15,0.9624223870929741
2021-06-08,20Y,20,0.9271215391556445
2021-06-08,25Y,25,0.889935335344425
2021-06-08,30Y,30,0.853432862639647
2021-06-09,1Y,1,1.0005752662586802
2021-06-09,2Y,2,1.000933113895363
2021-06-09,3Y,3,1.0011308967849577
2021-06-09,4Y,4,1.0011384875204297
2021-06-09,5Y,5,1.0007455567638142
2021-06-09,7Y,7,0.998433887441186
2021-06-09,10Y,10,0.9904645231394754
2021-06-09,15Y,15,0.9645365552747808
2021-06-09,20Y,20,0.9303262972996672
2021-06-09,25Y,25,0.8938932249364044
2021-06-09,30Y,30,0.8579523877579277
2021-06-10,1Y,1,1.0005902790069212
2021-06-10,2Y,2,1.0009556446360575
2021-06-10,3Y,3,1.0012109966320624
2021-06-10,4Y,4,1.0013788079300368
2021-06-10,5Y,5,1.0011961548719517
2021-06-10,7Y,7,0.9994042038725467
2021-06-10,10Y,10,0.992310414242013
2021-06-10,15Y,15,0.9674100768484701
2021-06-10,20Y,20,0.9338342550586131
2021-06-10,25Y,25,0.8979394200466887
2021-06-10,30Y,30,0.8624371080589612
2021-06-11,1Y,1,1.0006052920429989
2021-06-11,2Y,2,1.0011433339808664
2021-06-11,3Y,3,1.0015615141244707
2021-06-11,4Y,4,1.0016268290954455
2021-06-11,5Y,5,1.0014517258639515
2021-06-11,7Y,7,1.0001599247110473
2021-06-11,10Y,10,0.9936924857363627
2021-06-11,15Y,15,0.9695922952428058
2021-06-11,20Y,20,0.9368949387763338
2021-06-11,25Y,25,0.9013373243416333
2021-06-11,30Y,30,0.865866854168405
2021-06-13,1Y,1,1.0006253074015623
2021-06-13,2Y,2,1.001100814517805
2021-06-13,3Y,3,1.001486415412979
2021-06-13,4Y,4,1.0017720203241878
2021-06-13,5Y,5,1.0017872405693864
2021-06-13,7Y,7,1.000464286561786
2021-06-13,10Y,10,0.9940047400236505
2021-06-13,15Y,15,0.9700474642368032
2021-06-13,20Y,20,0.9371745409325561
2021-06-13,25Y,25,0.9015531149539724
2021-06-13,30Y,30,0.8664001709836542
2021-06-14,1Y,1,1.00059528274019
2021-06-14,2Y,2,1.0010107010002691
2021-06-14,3Y,3,1.0012460628663302
2021-06-14,4Y,4,1.001291233826011
2021-06-14,5Y,5,1.0011411206197764
2021-06-14,7Y,7,0.9996744507805113
2021-06-14,10Y,10,0.9930020610456977
2021-06-14,15Y,15,0.9689905849130698
2021-06-14,20Y,20,0.936149634209262
2021-06-14,25Y,25,0.9005729235485076
2021-06-14,30Y,30,0.8653752927959858
2021-06-15,1Y,1,1.0005852735875684
2021-06-15,2Y,2,1.0009306173727957
2021-06-15,3Y,3,1.0010758412273915
2021-06-15,4Y,4,1.001113456906443
2021-06-15,5Y,5,1.0009508169684103
2021-06-15,7Y,7,0.9993392629845289
2021-06-15,10Y,10,0.9924242523461135
2021-06-15,15Y,15,0.9678872628342023
2021-06-15,20Y,20,0.9342136339442333
2021-06-15,25Y,25,0.8979444166317584
2021-06-15,30Y,30,0.8621358570987
2021-06-16,1Y,1,1.00059528274019
2021-06-16,2Y,2,1.0010031938112263
2021-06-16,3Y,3,1.0012610787275635
2021-06-16,4Y,4,1.0013563173334787
2021-06-16,5Y,5,1.0011961943366188
2021-06-16,7Y,7,0.999578358179169
2021-06-16,10Y,10,0.9927091864258025
2021-06-16,15Y,15,0.967969719201494
2021-06-16,20Y,20,0.9338233024767206
2021-06-16,25Y,25,0.8969306136564676
2021-06-16,30Y,30,0.8604602546251806
2021-06-17,1Y,1,1.0005752662586802
2021-06-17,2Y,2,1.0010532215016505
2021-06-17,3Y,3,1.001401246728818
2021-06-17,4Y,4,1.0013939014357418
2021-06-17,5Y,5,1.001076078985506
2021-06-17,7Y,7,0.9993131444033426
2021-06-17,10Y,10,0.9920642721091916
2021-06-17,15Y,15,0.9671062772261555
2021-06-17,20Y,20,0.9327361896576978
2021-06-17,25Y,25,0.8957431996112148
2021-06-17,30Y,30,0.859142385932433
2021-06-18,1Y,1,1.0005652557328748
2021-06-18,2Y,2,1.0009055823048099
2021-06-18,3Y,3,1.001115864914902
2021-06-18,4Y,4,1.0012511052956405
2021-06-18,5Y,5,1.0010759549528216
2021-06-18,7Y,7,0.9992431684293199
2021-06-18,10Y,10,0.992091582911155
2021-06-18,15Y,15,0.9677064447894596
2021-06-18,20Y,20,0.9338825958292356
2021-06-18,25Y,25,0.897409002196055
2021-06-18,30Y,30,0.8613198714909904
2021-06-19,1Y,1,1.0005652557328748
2021-06-19,2Y,2,1.001055715867013
2021-06-19,3Y,3,1.0015764696951226
2021-06-19,4Y,4,1.0019222382599404
2021-06-19,5Y,5,1.0016368862899692
2021-06-19,7Y,7,1.0001039577097237
2021-06-19,10Y,10,0.993866269480651
2021-06-19,15Y,15,0.9716416190449374
2021-06-19,20Y,20,0.9388383712913151
2021-06-19,25Y,25,0.9033410778274085
2021-06-19,30Y,30,0.8682733789926487
2021-06-20,1Y,1,1.0005902737892154
2021-06-20,2Y,2,1.0010457322201682
2021-06-20,3Y,3,1.0014012633430218
2021-06-20,4Y,4,1.0016017018033243
2021-06-20,5Y,5,1.001506709022325
2021-06-20,7Y,7,0.9999316157857503
2021-06-20,10Y,10,0.9931340365206888
2021-06-20,15Y,15,0.9692965763687276
2021-06-20,20Y,20,0.936143369887937
2021-06-20,25Y,25,0.9002459463144895
2021-06-20,30Y,30,0.864799552222156
2021-06-21,1Y,1,1.0005902772801698
2021-06-21,2Y,2,1.0009406297519037
2021-06-21,3Y,3,1.0010808518555678
2021-06-21,4Y,4,1.0011134623934272
2021-06-21,5Y,5,1.0009057583090963
2021-06-21,7Y,7,0.9990781321543782
2021-06-21,10Y,10,0.9920856937047411
2021-06-21,15Y,15,0.9680317928628106
2021-06-21,20Y,20,0.9345746653395441
2021-06-21,25Y,25,0.8984210506314986
2021-06-21,30Y,30,0.8626871971764277
2021-06-22,1Y,1,1.0005502435352784
2021-06-22,2Y,2,1.0010331813486844
2021-06-22,3Y,3,1.0013761858738734
2021-06-22,4Y,4,1.0013287872587948
2021-06-22,5Y,5,1.0010209951064923
2021-06-22,7Y,7,0.9993392077871104
2021-06-22,10Y,10,0.9923507105611074
2021-06-22,15Y,15,0.9684229258320514
2021-06-22,20Y,20,0.935164578974744
2021-06-22,25Y,25,0.8991088827969187
2021-06-22,30Y,30,0.8634832261354733
2021-06-23,1Y,1,1.000545238478894
2021-06-23,2Y,2,1.0009030679674915
2021-06-23,3Y,3,1.001060797691984
2021-06-23,4Y,4,1.0009933000553517
2021-06-23,5Y,5,1.0006805051729613
2021-06-23,7Y,7,0.998863160559346
2021-06-23,10Y,10,0.9918805350209317
2021-06-23,15Y,15,0.9679213865917318
2021-06-23,20Y,20,0.9346563189679121
2021-06-23,25Y,25,0.8987407136308125
2021-06-23,30Y,30,0.8629708385706014
2021-06-24,1Y,1,1.0005602521779204
2021-06-24,2Y,2,1.0008880634303352
2021-06-24,3Y,3,1.0010157554260315
2021-06-24,4Y,4,1.0010083122746583
2021-06-24,5Y,5,1.0007856072954933
2021-06-24,7Y,7,0.9990631935814672
2021-06-24,10Y,10,0.9920994178620238
2021-06-24,15Y,15,0.9684458146182874
2021-06-24,20Y,20,0.935324993129927
2021-06-24,25Y,25,0.8993561557132957
2021-06-24,30Y,30,0.8637692937761009
2021-06-25,1Y,1,1.0005752662586802
2021-06-25,2Y,2,1.0010532215016505
2021-06-25,3Y,3,1.0013111174100202
2021-06-25,4Y,4,1.0011385362745049
2021-06-25,5Y,5,1.0007756934231462
2021-06-25,7Y,7,0.9991482086503823
2021-06-25,10Y,10,0.9924581127808798
2021-06-25,15Y,15,0.968769291828307
2021-06-25,20Y,20,0.9353426541241514
2021-06-25,25Y,25,0.8987081025567737
2021-06-25,30Y,30,0.8620679707196364
2021-06-27,1Y,1,1.0006153032947773
2021-06-27,2Y,2,1.0010207249265177
2021-06-27,3Y,3,1.0012961361016022
2021-06-27,4Y,4,1.0014539681723706
2021-06-27,5Y,5,1.0013464266688872
2021-06-27,7Y,7,0.999804544676918
2021-06-27,10Y,10,0.9932412541219553
2021-06-27,15Y,15,0.9699270394565528
2021-06-27,20Y,20,0.9370294805842319
2021-06-27,25Y,25,0.9008559338194534
2021-06-27,30Y,30,0.8647495840102619
2021-06-28,1Y,1,1.0006453230605037
2021-06-28,2Y,2,1.0010057227406495
2021-06-28,3Y,3,1.001065873750575
2021-06-28,4Y,4,1.0010584296551408
2021-06-28,5Y,5,1.0008707449932417
2021-06-28,7Y,7,0.9992132202075891
2021-06-28,10Y,10,0.992351486945802
2021-06-28,15Y,15,0.9684250304630833
2021-06-28,20Y,20,0.9349196321660835
2021-06-28,25Y,25,0.8980548613280189
2021-06-28,30Y,30,0.8612573929260774
2021-06-29,1Y,1,1.0006002899958637
2021-06-29,2Y,2,1.000923118852413
2021-06-29,3Y,3,1.00098574885773
2021-06-29,4Y,4,1.0008531610619977
2021-06-29,5Y,5,1.0004753084055085
2021-06-29,7Y,7,0.9984691354382674
2021-06-29,10Y,10,0.9912566350984069
2021-06-29,15Y,15,0.9665573199121201
2021-06-29,20Y,20,0.9322084570646489
2021-06-29,25Y,25,0.8945687784529979
2021-06-29,30Y,30,0.8569773282098436
2021-06-30,1Y,1,1.0006403304548293
2021-06-30,2Y,2,1.0009807000708217
2021-06-30,3Y,3,1.0011209282894953
2021-06-30,4Y,4,1.0012111110705422
2021-06-30,5Y,5,1.0010709890021672
2021-06-30,7Y,7,0.9994132772278246
2021-06-30,10Y,10,0.9926233889477943
2021-06-30,15Y,15,0.9684079129851588
2021-06-30,20Y,20,0.9346359114765972
2021-06-30,25Y,25,0.8973551938225662
2021-06-30,30Y,30,0.8601419887058396
2021-07-01,1Y,1,1.000660337010164
2021-07-01,2Y,2,1.0012084602824345
2021-07-01,3Y,3,1.0014664488913565
2021-07-01,4Y,4,1.001373979070787
2021-07-01,5Y,5,1.00115627384312
2021-07-01,7Y,7,0.999798590878453
2021-07-01,10Y,10,0.9934408843261164
2021-07-01,15Y,15,0.970051193161698
2021-07-01,20Y,20,0.9367866704515296
2021-07-01,25Y,25,0.9000828817448201
2021-07-01,30Y,30,0.86335095050181
2021-07-02,1Y,1,1.0005402270668171
2021-07-02,2Y,2,1.0008630272089192
2021-07-02,3Y,3,1.00099571727057
2021-07-02,4Y,4,1.001125915799622
2021-07-02,5Y,5,1.001125977819168
2021-07-02,7Y,7,0.999933732947311
2021-07-02,10Y,10,0.9940206203215023
2021-07-02,15Y,15,0.9709620160490379
2021-07-02,20Y,20,0.9381485740460125
2021-07-02,25Y,25,0.9019763580626383
2021-07-02,30Y,30,0.8657939578639424
2021-07-05,1Y,1,1.000430143993218
2021-07-05,2Y,2,1.000860457194368
2021-07-05,3Y,3,1.001140802986808
2021-07-05,4Y,4,1.0010708421696755
2021-07-05,5Y,5,1.000865705551793
2021-07-05,7Y,7,0.9995835123894499
2021-07-05,10Y,10,0.9935355838817573
2021-07-05,15Y,15,0.9704135369958188
2021-07-05,20Y,20,0.936840550651711
2021-07-05,25Y,25,0.8992564362793249
2021-07-05,30Y,30,0.8613877058404125
2021-07-06,1Y,1,1.0004951830538644
2021-07-06,2Y,2,1.0009981196486915
2021-07-06,3Y,3,1.0013110821128026
2021-07-06,4Y,4,1.0013337577637782
2021-07-06,5Y,5,1.001301327588142
2021-07-06,7Y,7,1.0004542548400608
2021-07-06,10Y,10,0.99469864415419
2021-07-06,15Y,15,0.9720442816693803
2021-07-06,20Y,20,0.9391509647276921
2021-07-06,25Y,25,0.902142463714872
2021-07-06,30Y,30,0.8645822856414288
2021-07-07,1Y,1,1.0004901801338424
2021-07-07,2Y,2,1.0009806005442485
2021-07-07,3Y,3,1.001291050404476
2021-07-07,4Y,4,1.0013262365895692
2021-07-07,5Y,5,1.0012712750009987
2021-07-07,7Y,7,1.0004502823545212
2021-07-07,10Y,10,0.9949317941650798
2021-07-07,15Y,15,0.9727295639191729
2021-07-07,20Y,20,0.9399510150971007
2021-07-07,25Y,25,0.9025838749629519
2021-07-07,30Y,30,0.86453248187079
2021-07-08,1Y,1,1.000515198180224
2021-07-08,2Y,2,1.001060689859418
2021-07-08,3Y,3,1.0014262553734745
2021-07-08,4Y,4,1.0014815104958945
2021-07-08,5Y,5,1.0015066884600903
2021-07-08,7Y,7,1.0010010663016269
2021-07-08,10Y,10,0.9964371625659713
2021-07-08,15Y,15,0.9761207142265125
2021-07-08,20Y,20,0.945391921667037
2021-07-08,25Y,25,0.9103870648356792
2021-07-08,30Y,30,0.8746345914961097
2021-07-09,1Y,1,1.0004901801338424
2021-07-09,2Y,2,1.0009806005442485
2021-07-09,3Y,3,1.0013010630918378
2021-07-09,4Y,4,1.0013838118420537
2021-07-09,5Y,5,1.0014164745898646
2021-07-09,7Y,7,1.000630494717266
2021-07-09,10Y,10,0.9952514120942743
2021-07-09,15Y,15,0.9740395330928454
2021-07-09,20Y,20,0.942703740259223
2021-07-09,25Y,25,0.9071250993841817
2021-07-09,30Y,30,0.8708553159010878
2021-07-11,1Y,1,1.0004401519659085
2021-07-11,2Y,2,1.000805425581293
2021-07-11,3Y,3,1.0011708281599603
2021-07-11,4Y,4,1.0015238599401992
2021-07-11,5Y,5,1.001711787157499
2021-07-11,7Y,7,1.0009689262807169
2021-07-11,10Y,10,0.9956706320127295
2021-07-11,15Y,15,0.9747474266470492
2021-07-11,20Y,20,0.9436146818460504
2021-07-11,25Y,25,0.908021391554484
2021-07-11,30Y,30,0.8716399339766097
2021-07-12,1Y,1,1.0004601644026259
2021-07-12,2Y,2,1.000800434192942
2021-07-12,3Y,3,1.0009906678475884
2021-07-12,4Y,4,1.0011083570484214
2021-07-12,5Y,5,1.0011659865803408
2021-07-12,7Y,7,1.000280055413286
2021-07-12,10Y,10,0.9948328480314131
2021-07-12,15Y,15,0.973704181819021
2021-07-12,20Y,20,0.9424443563102295
2021-07-12,25Y,25,0.9066420959516014
2021-07-12,30Y,30,0.8700431735132848
2021-07-13,1Y,1,1.000480178759601
2021-07-13,2Y,2,1.0009905928025797
2021-07-13,3Y,3,1.0014512330518472
2021-07-13,4Y,4,1.0016517154308444
2021-07-13,5Y,5,1.0017270212665135
2021-07-13,7Y,7,1.0010922074372728
2021-07-13,10Y,10,0.9959302479486567
2021-07-13,15Y,15,0.9753242156056227
2021-07-13,20Y,20,0.9445494250957435
2021-07-13,25Y,25,0.9091903234915362
2021-07-13,30Y,30,0.8729941563134762
2021-07-14,1Y,1,1.0005302236101747
2021-07-14,2Y,2,1.0008880458814866
2021-07-14,3Y,3,1.001195923756823
2021-07-14,4Y,4,1.0015614792263066
2021-07-14,5Y,5,1.001817018078951
2021-07-14,7Y,7,1.0013576323026323
2021-07-14,10Y,10,0.9962299290428726
2021-07-14,15Y,15,0.9757671840614823
2021-07-14,20Y,20,0.9450005897209663
2021-07-14,25Y,25,0.9094284136487151
2021-07-14,30Y,30,0.8729604979732113
2021-07-15,1Y,1,1.0005752453522616
2021-07-15,2Y,2,1.0010307064299937
2021-07-15,3Y,3,1.001306130689977
2021-07-15,4Y,4,1.0016341848786368
2021-07-15,5Y,5,1.0019773915516559
2021-07-15,7Y,7,1.0016782386534924
2021-07-15,10Y,10,0.9972632455834258
2021-07-15,15Y,15,0.9783607489158815
2021-07-15,20Y,20,0.9494903280341264
2021-07-15,25Y,25,0.9161041245410243
2021-07-15,30Y,30,0.8814914645493717
2021-07-16,1Y,1,1.0006252998565375
2021-07-16,2Y,2,1.0012359562263693
2021-07-16,3Y,3,1.001716806237638
2021-07-16,4Y,4,1.0019649798345343
2021-07-16,5Y,5,1.0021731139844865
2021-07-16,7Y,7,1.0018528687789565
2021-07-16,10Y,10,0.9972827707940463
2021-07-16,15Y,15,0.9784768111810608
2021-07-16,20Y,20,0.9496939767336988
2021-07-16,25Y,25,0.9164829694115788
2021-07-16,30Y,30,0.8823291142916505
2021-07-17,1Y,1,1.000540223789035
2021-07-17,2Y,2,1.0010356856420373
2021-07-17,3Y,3,1.001541400583289
2021-07-17,4Y,4,1.0020498865240641
2021-07-17,5Y,5,1.002433406969863
2021-07-17,7Y,7,1.0021214064680046
2021-07-17,10Y,10,0.9975827773822726
2021-07-17,15Y,15,0.9791496294799814
2021-07-17,20Y,20,0.950567120351938
2021-07-17,25Y,25,0.9173455242844395
2021-07-17,30Y,30,0.8834178027446566
2021-07-18,1Y,1,1.0005502320623914
2021-07-18,2Y,2,1.0010857389748962
2021-07-18,3Y,3,1.0016816137347908
2021-07-18,4Y,4,1.0023079087211983
2021-07-18,5Y,5,1.002814356636193
2021-07-18,7Y,7,1.0028404058448452
2021-07-18,10Y,10,0.9987835456459462
2021-07-18,15Y,15,0.9809282197487414
2021-07-18,20Y,20,0.9529482912727418
2021-07-18,25Y,25,0.9202808005546084
2021-07-18,30Y,30,0.8866848524121321
2021-07-19,1Y,1,1.0006453191377964
2021-07-19,2Y,2,1.0011483821880063
2021-07-19,3Y,3,1.001491458788784
2021-07-19,4Y,4,1.0018446518680983
2021-07-19,5Y,5,1.0022480679770633
2021-07-19,7Y,7,1.0022145288698636
2021-07-19,10Y,10,0.998063199999862
2021-07-19,15Y,15,0.9801734705936226
2021-07-19,20Y,20,0.9525031117972848
2021-07-19,25Y,25,0.9201756604871636
2021-07-19,30Y,30,0.8867325076142499
2021-07-20,1Y,1,1.0005352188892476
2021-07-20,2Y,2,1.0009956463078857
2021-07-20,3Y,3,1.0014462566856546
2021-07-20,4Y,4,1.0019847058368894
2021-07-20,5Y,5,1.0024833944001985
2021-07-20,7Y,7,1.0025743606982143
2021-07-20,10Y,10,0.9987905471611822
2021-07-20,15Y,15,0.9817575415388238
2021-07-20,20Y,20,0.9552921567933104
2021-07-20,25Y,25,0.924567799884558
2021-07-20,30Y,30,0.8928686761670223
2021-07-21,1Y,1,1.0005752612005778
2021-07-21,2Y,2,1.000993170760201
2021-07-21,3Y,3,1.0013811974608458
2021-07-21,4Y,4,1.0018469999144244
2021-07-21,5Y,5,1.002222881815731
2021-07-21,7Y,7,1.0019528886269518
2021-07-21,10Y,10,0.9975696375765295
2021-07-21,15Y,15,0.9789926512109668
2021-07-21,20Y,20,0.9505671970401975
2021-07-21,25Y,25,0.9176939110169291
2021-07-21,30Y,30,0.8839909502171983
2021-07-22,1Y,1,1.0005752612005778
2021-07-22,2Y,2,1.000993170760201
2021-07-22,3Y,3,1.0013411554229807
2021-07-22,4Y,4,1.0017042885932879
2021-07-22,5Y,5,1.0019824251500131
2021-07-22,7Y,7,1.0016021210081354
2021-07-22,10Y,10,0.9971364743519435
2021-07-22,15Y,15,0.9782388418071397
2021-07-22,20Y,20,0.9496088004108356
2021-07-22,25Y,25,0.9165231301312945
2021-07-22,30Y,30,0.8826309705816003
2021-07-23,1Y,1,1.0005752612005778
2021-07-23,2Y,2,1.000993170760201
2021-07-23,3Y,3,1.0013411554229807
2021-07-23,4Y,4,1.0017042885932879
2021-07-23,5Y,5,1.0019824251500131
2021-07-23,7Y,7,1.0016021210081354
2021-07-23,10Y,10,0.9971364743519435
2021-07-23,15Y,15,0.9782388418071397
2021-07-23,20Y,20,0.9496088004108356
2021-07-23,25Y,25,0.9165231301312945
2021-07-23,30Y,30,0.8826309705816003
2021-07-24,1Y,1,1.0005252108567866
2021-07-24,2Y,2,1.0010281668334116
2021-07-24,3Y,3,1.0015714238579736
2021-07-24,4Y,4,1.0021475383544756
2021-07-24,5Y,5,1.002628811334635
2021-07-24,7Y,7,1.0025805471705034
2021-07-24,10Y,10,0.9984633393697694
2021-07-24,15Y,15,0.9803654880224804
2021-07-24,20Y,20,0.9522863686647857
2021-07-24,25Y,25,0.919728625401154
2021-07-24,30Y,30,0.886155746845075
2021-07-25,1Y,1,1.0005152029744855
2021-07-25,2Y,2,1.0010156475342304
2021-07-25,3Y,3,1.0015563935718672
2021-07-25,4Y,4,1.002102451061838
2021-07-25,5Y,5,1.0025235770192382
2021-07-25,7Y,7,1.0023659810009504
2021-07-25,10Y,10,0.9980830278559296
2021-07-25,15Y,15,0.9797764668669988
2021-07-25,20Y,20,0.9515111763038818
2021-07-25,25Y,25,0.9188632545204962
2021-07-25,30Y,30,0.8853495495145668
2021-07-26,1Y,1,1.000565252410931
2021-07-26,2Y,2,1.0011232776229386
2021-07-26,3Y,3,1.0016015329399957
2021-07-26,4Y,4,1.0017820532034707
2021-07-26,5Y,5,1.0018674116655166
2021-07-26,7Y,7,1.0014128535760116
2021-07-26,10Y,10,0.9964563875008121
2021-07-26,15Y,15,0.9766919452376303
2021-07-26,20Y,20,0.9470601418644626
2021-07-26,25Y,25,0.9131938097697031
2021-07-26,30Y,30,0.8785104962318024
2021-07-27,1Y,1,1.0005752453522616
2021-07-27,2Y,2,1.0010382142921423
2021-07-27,3Y,3,1.001371206968856
2021-07-27,4Y,4,1.0017794134381537
2021-07-27,5Y,5,1.0021026730846616
2021-07-27,7Y,7,1.0015670953010736
2021-07-27,10Y,10,0.9966294938766924
2021-07-27,15Y,15,0.9762150046638269
2021-07-27,20Y,20,0.9455367997241314
2021-07-27,25Y,25,0.9101969105881087
2021-07-27,30Y,30,0.8737636903330727
2021-07-28,1Y,1,1.0005752453522616
2021-07-28,2Y,2,1.0011057837224304
2021-07-28,3Y,3,1.0015564815496565
2021-07-28,4Y,4,1.0020223998024893
2021-07-28,5Y,5,1.0024234353864356
2021-07-28,7Y,7,1.002133463877173
2021-07-28,10Y,10,0.9975625329235364
2021-07-28,15Y,15,0.9779645280975281
2021-07-28,20Y,20,0.9481461175400959
2021-07-28,25Y,25,0.9137727191061294
2021-07-28,30Y,30,0.8784173275629403
2021-07-29,1Y,1,1.0005652540781453
2021-07-29,2Y,2,1.001085743470371
2021-07-29,3Y,3,1.0016265532238342
2021-07-29,4Y,4,1.0020324499154434
2021-07-29,5Y,5,1.0022932234592017
2021-07-29,7Y,7,1.0019440251544929
2021-07-29,10Y,10,0.9973426049308266
2021-07-29,15Y,15,0.9779502834385855
2021-07-29,20Y,20,0.9484774180531076
2021-07-29,25Y,25,0.9141816537724592
2021-07-29,30Y,30,0.8786936951310516
2021-07-30,1Y,1,1.0005152045476111
2021-07-30,2Y,2,1.0009631021745347
2021-07-30,3Y,3,1.0014011803142235
2021-07-30,4Y,4,1.0018494740875048
2021-07-30,5Y,5,1.0022278561047713
2021-07-30,7Y,7,1.0019588582968144
2021-07-30,10Y,10,0.9974362441786597
2021-07-30,15Y,15,0.9781678656944592
2021-07-30,20Y,20,0.9488020334612324
2021-07-30,25Y,25,0.9145821700491455
2021-07-30,30Y,30,0.8789599591832583
2021-08-01,1Y,1,1.0005602505450857
2021-08-01,2Y,2,1.000993158140199
2021-08-01,3Y,3,1.0014462678321006
2021-08-01,4Y,4,1.0019296492409029
2021-08-01,5Y,5,1.0022830387048274
2021-08-01,7Y,7,1.0019559432316134
2021-08-01,10Y,10,0.997436174169786
2021-08-01,15Y,15,0.9782249780067946
2021-08-01,20Y,20,0.9486531800805518
2021-08-01,25Y,25,0.9141469275302806
2021-08-01,30Y,30,0.8783985515615637
2021-08-02,1Y,1,1.0006252998565375
2021-08-02,2Y,2,1.0011083235685085
2021-08-02,3Y,3,1.0015014330021303
2021-08-02,4Y,4,1.0019673119783519
2021-08-02,5Y,5,1.0023883498944068
2021-08-02,7Y,7,1.0021093712728057
2021-08-02,10Y,10,0.9977227855967165
2021-08-02,15Y,15,0.9783386201249765
2021-08-02,20Y,20,0.9489798073888157
2021-08-02,25Y,25,0.914884350167263
2021-08-02,30Y,30,0.8795090008956965
2021-08-03,1Y,1,1.0005252124612103
2021-08-03,2Y,2,1.0010206591099768
2021-08-03,3Y,3,1.0015764231160451
2021-08-03,4Y,4,1.0021675701625927
2021-08-03,5Y,5,1.0026388401647286
2021-08-03,7Y,7,1.0026046230963597
2021-08-03,10Y,10,0.9984365257074328
2021-08-03,15Y,15,0.9797624903583206
2021-08-03,20Y,20,0.9508145071160177
2021-08-03,25Y,25,0.9168440148006163
2021-08-03,30Y,30,0.8816705243620229
2021-08-04,1Y,1,1.0005352188892476
2021-08-04,2Y,2,1.001063205975331
2021-08-04,3Y,3,1.0016615632246337
2021-08-04,4Y,4,1.0022628044692299
2021-08-04,5Y,5,1.0027090964794338
2021-08-04,7Y,7,1.0027400728300464
2021-08-04,10Y,10,0.9987636090253815
2021-08-04,15Y,15,0.9806673400412599
2021-08-04,20Y,20,0.9522578556777829
2021-08-04,25Y,25,0.9188838904985592
2021-08-04,30Y,30,0.8841512287603733
2021-08-05,1Y,1,1.000565252410931
2021-08-05,2Y,2,1.0010181860575225
2021-08-05,3Y,3,1.001491338197621
2021-08-05,4Y,4,1.0020022928806795
2021-08-05,5Y,5,1.0023983047634994
2021-08-05,7Y,7,1.0022035304721992
2021-08-05,10Y,10,0.9979363142026632
2021-08-05,15Y,15,0.9791942866542154
2021-08-05,20Y,20,0.9499746987613793
2021-08-05,25Y,25,0.9155961831226562
2021-08-05,30Y,30,0.8800233857484405
2021-08-06,1Y,1,1.0005402153761824
2021-08-06,2Y,2,1.001125772910173
2021-08-06,3Y,3,1.0017417198045253
2021-08-06,4Y,4,1.0023179821092918
2021-08-06,5Y,5,1.0027292427849681
2021-08-06,7Y,7,1.0024955432148697
2021-08-06,10Y,10,0.9982099400818196
2021-08-06,15Y,15,0.9806190485921416
2021-08-06,20Y,20,0.9515174529013595
2021-08-06,25Y,25,0.9175198816195949
2021-08-06,30Y,30,0.8821997824442511
2021-08-08,1Y,1,1.0005952720610727
2021-08-08,2Y,2,1.0011533439694027
2021-08-08,3Y,3,1.0017417675069866
2021-08-08,4Y,4,1.0023180329220571
2021-08-08,5Y,5,1.0027292911174526
2021-08-08,7Y,7,1.0024955753623521
2021-08-08,10Y,10,0.9982099254088438
2021-08-08,15Y,15,0.9806189421743166
2021-08-08,20Y,20,0.9515172487189231
2021-08-08,25Y,25,0.917519600042253
2021-08-08,30Y,30,0.8821994406611299
2021-08-09,1Y,1,1.0005952720610727
2021-08-09,2Y,2,1.0010707622916
2021-08-09,3Y,3,1.0014463325588867
2021-08-09,4Y,4,1.001824546159882
2021-08-09,5Y,5,1.002147819385263
2021-08-09,7Y,7,1.001852693130138
2021-08-09,10Y,10,0.9972427637598813
2021-08-09,15Y,15,0.977917433926821
2021-08-09,20Y,20,0.9484332226819538
2021-08-09,25Y,25,0.9138447745368439
2021-08-09,30Y,30,0.8778499042663321
2021-08-10,1Y,1,1.0005252202960826
2021-08-10,2Y,2,1.0009155655859951
2021-08-10,3Y,3,1.0012760222872452
2021-08-10,4Y,4,1.0016190978499502
2021-08-10,5Y,5,1.0018120648511388
2021-08-10,7Y,7,1.0011662975992175
2021-08-10,10Y,10,0.9963503412649145
2021-08-10,15Y,15,0.9767001671118561
2021-08-10,20Y,20,0.9467503522548381
2021-08-10,25Y,25,0.9118651972296722
2021-08-10,30Y,30,0.8756984376471265
2021-08-11,1Y,1,1.0004901801338424
2021-08-11,2Y,2,1.000905537359379
2021-08-11,3Y,3,1.0012209452157412
2021-08-11,4Y,4,1.0015239337135862
2021-08-11,5Y,5,1.0017268795229846
2021-08-11,7Y,7,1.0009699416716344
2021-08-11,10Y,10,0.9959373826981655
2021-08-11,15Y,15,0.9760935262426984
2021-08-11,20Y,20,0.9463353565436076
2021-08-11,25Y,25,0.9117505859814278
2021-08-11,30Y,30,0.8757334649590305
2021-08-12,1Y,1,1.0005452287388936
2021-08-12,2Y,2,1.0009781370724926
2021-08-12,3Y,3,1.0013411335722602
2021-08-12,4Y,4,1.001691751685942
2021-08-12,5Y,5,1.0018822475383227
2021-08-12,7Y,7,1.001242471926073
2021-08-12,10Y,10,0.9964501503092649
2021-08-12,15Y,15,0.976847531046558
2021-08-12,20Y,20,0.947129245944708
2021-08-12,25Y,25,0.9126026397399699
2021-08-12,30Y,30,0.8765223915747553
2021-08-13,1Y,1,1.0004851741867462
2021-08-13,2Y,2,1.0009330579791325
2021-08-13,3Y,3,1.0013110522854363
2021-08-13,4Y,4,1.0018018133357345
2021-08-13,5Y,5,1.0023279165482522
2021-08-13,7Y,7,1.002032989370082
2021-08-13,10Y,10,0.9966025216373582
2021-08-13,15Y,15,0.977019379600239
2021-08-13,20Y,20,0.9473395561890916
2021-08-13,25Y,25,0.9126314589208337
2021-08-13,30Y,30,0.8764991720624614
2021-08-14,1Y,1,1.0004851741867462
2021-08-14,2Y,2,1.0009330579791325
2021-08-14,3Y,3,1.0013110522854363
2021-08-14,4Y,4,1.0018018133357345
2021-08-14,5Y,5,1.0021626258820693
2021-08-14,7Y,7,1.001316659731231
2021-08-14,10Y,10,0.9964832810857222
2021-08-14,15Y,15,0.9770947518813438
2021-08-14,20Y,20,0.9471899416413406
2021-08-14,25Y,25,0.912179780149445
2021-08-14,30Y,30,0.8756659665781841
2021-08-15,1Y,1,1.0004951965362814
2021-08-15,2Y,2,1.0008855195266808
2021-08-15,3Y,3,1.0013260427462458
2021-08-15,4Y,4,1.0018018310306376
2021-08-15,5Y,5,1.002132610061078
2021-08-15,7Y,7,1.001708318618615
2021-08-15,10Y,10,0.9971497582658809
2021-08-15,15Y,15,0.9779969868936339
2021-08-15,20Y,20,0.9484990196465657
2021-08-15,25Y,25,0.9138189447660303
2021-08-15,30Y,30,0.8775659346721025
2021-08-16,1Y,1,1.0005002011295943
2021-08-16,2Y,2,1.000880518842063
2021-08-16,3Y,3,1.0012910065581677
2021-08-16,4Y,4,1.0017167044190431
2021-08-16,5Y,5,1.0020073715010955
2021-08-16,7Y,7,1.0015930388756358
2021-08-16,10Y,10,0.996923107678812
2021-08-16,15Y,15,0.9773848055075304
2021-08-16,20Y,20,0.9477348037292918
2021-08-16,25Y,25,0.913030063126417
2021-08-16,30Y,30,0.8770484521711243
2021-08-17,1Y,1,1.0004601644026259
2021-08-17,2Y,2,1.0008754910392428
2021-08-17,3Y,3,1.00132102024485
2021-08-17,4Y,4,1.001769264174963
2021-08-17,5Y,5,1.0020975201112987
2021-08-17,7Y,7,1.0017433419306754
2021-08-17,10Y,10,0.997236420779576
2021-08-17,15Y,15,0.9781013262545126
2021-08-17,20Y,20,0.9488371325395082
2021-08-17,25Y,25,0.9145150785688958
2021-08-17,30Y,30,0.8786836592356626
2021-08-18,1Y,1,1.0004551602192246
2021-08-18,2Y,2,1.0008654805431376
2021-08-18,3Y,3,1.0012959872457963
2021-08-18,4Y,4,1.0017417086030755
2021-08-18,5Y,5,1.0020874766654901
2021-08-18,7Y,7,1.0017673771930584
2021-08-18,10Y,10,0.9973498440039396
2021-08-18,15Y,15,0.9782652446401651
2021-08-18,20Y,20,0.9488630896518396
2021-08-18,25Y,25,0.9145102148818937
2021-08-18,30Y,30,0.8786777108731562
2021-08-19,1Y,1,1.000455161592097
2021-08-19,2Y,2,1.0008654794386203
2021-08-19,3Y,3,1.0013160071734293
2021-08-19,4Y,4,1.001781770800872
2021-08-19,5Y,5,1.0021375776097101
2021-08-19,7Y,7,1.00190266344818
2021-08-19,10Y,10,0.9975697779760374
2021-08-19,15Y,15,0.9786227688099554
2021-08-19,20Y,20,0.9491609609615047
2021-08-19,25Y,25,0.9147365339177024
2021-08-19,30Y,30,0.8789394795907471
2021-08-20,1Y,1,1.0005201995929398
2021-08-20,2Y,2,1.0009956370841266
2021-08-20,3Y,3,1.0014011995665284
2021-08-20,4Y,4,1.0018344645405557
2021-08-20,5Y,5,1.002212843265601
2021-08-20,7Y,7,1.0021843291944141
2021-08-20,10Y,10,0.9980499015536751
2021-08-20,15Y,15,0.9795303963784497
2021-08-20,20Y,20,0.950632610305614
2021-08-20,25Y,25,0.9167690799547465
2021-08-20,30Y,30,0.8816959243488544
2021-08-21,1Y,1,1.0004651672319225
2021-08-21,2Y,2,1.0009005139767653
2021-08-21,3Y,3,1.001396113673631
2021-08-21,4Y,4,1.0019395406422826
2021-08-21,5Y,5,1.0023780876465855
2021-08-21,7Y,7,1.0023146577399373
2021-08-21,10Y,10,0.9981832554420512
2021-08-21,15Y,15,0.9797262906045353
2021-08-21,20Y,20,0.9508032792684611
2021-08-21,25Y,25,0.9169272883641704
2021-08-21,30Y,30,0.8816803957383084
2021-08-22,1Y,1,1.0005102075012842
2021-08-22,2Y,2,1.0009155549105133
2021-08-22,3Y,3,1.0013611037093246
2021-08-22,4Y,4,1.0018669534801403
2021-08-22,5Y,5,1.0022779037737721
2021-08-22,7Y,7,1.0021292271154032
2021-08-22,10Y,10,0.9979632347244665
2021-08-22,15Y,15,0.979426167364683
2021-08-22,20Y,20,0.9504195375403116
2021-08-22,25Y,25,0.9164595773588196
2021-08-22,30Y,30,0.8811377505416841
2021-08-23,1Y,1,1.0004651672319225
2021-08-23,2Y,2,1.0008855027275203
2021-08-23,3Y,3,1.0013360427866553
2021-08-23,4Y,4,1.0018268502684444
2021-08-23,5Y,5,1.0022277590110613
2021-08-23,7Y,7,1.002053012114751
2021-08-23,10Y,10,0.9979628241321877
2021-08-23,15Y,15,0.9790275930095528
2021-08-23,20Y,20,0.9496572163031344
2021-08-23,25Y,25,0.9155886833630955
2021-08-23,30Y,30,0.8803258599508914
2021-08-24,1Y,1,1.0004601644026259
2021-08-24,2Y,2,1.0008604799061678
2021-08-24,3Y,3,1.0012709610636032
2021-08-24,4Y,4,1.001689131299211
2021-08-24,5Y,5,1.0020123344574718
2021-08-24,7Y,7,1.0017643368862958
2021-08-24,10Y,10,0.997369849119278
2021-08-24,15Y,15,0.9783838369542138
2021-08-24,20Y,20,0.9490711815877336
2021-08-24,25Y,25,0.9148949651791726
2021-08-24,30Y,30,0.8795215044228014
2021-08-25,1Y,1,1.000495187660351
2021-08-25,2Y,2,1.0008930295763283
2021-08-25,3Y,3,1.0013110208186935
2021-08-25,4Y,4,1.0017242106395465
2021-08-25,5Y,5,1.0018571517269934
2021-08-25,7Y,7,1.0012774836766234
2021-08-25,10Y,10,0.9964501942978233
2021-08-25,15Y,15,0.9770193894225065
2021-08-25,20Y,20,0.9472532715505514
2021-08-25,25Y,25,0.9127461848582574
2021-08-25,30Y,30,0.8770851127208379
2021-08-26,1Y,1,1.0004651700277671
2021-08-26,2Y,2,1.0008479727248651
2021-08-26,3Y,3,1.001240925910204
2021-08-26,4Y,4,1.0016365506958806
2021-08-26,5Y,5,1.0019071481019746
2021-08-26,7Y,7,1.001527872584403
2021-08-26,10Y,10,0.9967899063084606
2021-08-26,15Y,15,0.9774711508872894
2021-08-26,20Y,20,0.9477646740454018
2021-08-26,25Y,25,0.9132530784117857
2021-08-26,30Y,30,0.8776169319899518
2021-08-27,1Y,1,1.00050519678417
2021-08-27,2Y,2,1.0009130526415735
2021-08-27,3Y,3,1.0012609967618014
2021-08-27,4Y,4,1.0016040598607263
2021-08-27,5Y,5,1.0018270686402275
2021-08-27,7Y,7,1.0012163517813093
2021-08-27,10Y,10,0.9963235447051132
2021-08-27,15Y,15,0.9765553351760129
2021-08-27,20Y,20,0.9467444499707354
2021-08-27,25Y,25,0.9121624238005618
2021-08-27,30Y,30,0.8762657078812446
2021-08-29,1Y,1,1.0005202200035217
2021-08-29,2Y,2,1.0008980451929652
2021-08-29,3Y,3,1.0013060400614386
2021-08-29,4Y,4,1.001749269637721
2021-08-29,5Y,5,1.0020725037257903
2021-08-29,7Y,7,1.001693270865833
2021-08-29,10Y,10,0.9971364097364603
2021-08-29,15Y,15,0.977782081906281
2021-08-29,20Y,20,0.9481394824449696
2021-08-29,25Y,25,0.9136418657757586
2021-08-29,30Y,30,0.877869020249329
2021-08-30,1Y,1,1.0004851860705557
2021-08-30,2Y,2,1.0008805104911944
2021-08-30,3Y,3,1.001296006604815
2021-08-30,4Y,4,1.001716699028817
2021-08-30,5Y,5,1.0019923437809044
2021-08-30,7Y,7,1.0015780118070574
2021-08-30,10Y,10,0.9968698425468963
2021-08-30,15Y,15,0.9773862250802765
2021-08-30,20Y,20,0.947664797615934
2021-08-30,25Y,25,0.913326564185697
2021-08-30,30Y,30,0.8776153718432199
2021-08-31,1Y,1,1.0005352188892476
2021-08-31,2Y,2,1.0009581121260651
2021-08-31,3Y,3,1.0012810528093914
2021-08-31,4Y,4,1.0016166124706751
2021-08-31,5Y,5,1.0018521437354893
2021-08-31,7Y,7,1.0012424352975413
2021-08-31,10Y,10,0.9962234691884758
2021-08-31,15Y,15,0.9760359134722378
2021-08-31,20Y,20,0.9456513492433994
2021-08-31,25Y,25,0.9106710340856189
2021-08-31,30Y,30,0.8746232839559432
2021-09-01,1Y,1,1.0005152029744855
2021-09-01,2Y,2,1.0009180634731485
2021-09-01,3Y,3,1.001210950742391
2021-09-01,4Y,4,1.001503920249891
2021-09-01,5Y,5,1.0016868255127565
2021-09-01,7Y,7,1.0009399122888358
2021-09-01,10Y,10,0.9957306828366841
2021-09-01,15Y,15,0.975029687895828
2021-09-01,20Y,20,0.9444161466472849
2021-09-01,25Y,25,0.9094977237631116
2021-09-01,30Y,30,0.8735732371582291
2021-09-02,1Y,1,1.0005552454073712
2021-09-02,2Y,2,1.0009155855414118
2021-09-02,3Y,3,1.0011859373886312
2021-09-02,4Y,4,1.0014839028773435
2021-09-02,5Y,5,1.0016467710239694
2021-09-02,7Y,7,1.000865803646169
2021-09-02,10Y,10,0.9955377240710006
2021-09-02,15Y,15,0.9750462458795258
2021-09-02,20Y,20,0.9444743363979469
2021-09-02,25Y,25,0.9099148698575169
2021-09-02,30Y,30,0.8747066923078496
2021-09-03,1Y,1,1.0004601711891372
2021-09-03,2Y,2,1.0007704102132862
2021-09-03,3Y,3,1.0010507087938372
2021-09-03,4Y,4,1.001281043390424
2021-09-03,5Y,5,1.001301173681217
2021-09-03,7Y,7,1.0001839156777965
2021-09-03,10Y,10,0.9943334043794176
2021-09-03,15Y,15,0.9727664051268582
2021-09-03,20Y,20,0.9411458227671675
2021-09-03,25Y,25,0.9055687439184726
2021-09-03,30Y,30,0.8692748080916469
2021-09-04,1Y,1,1.0004601711891372
2021-09-04,2Y,2,1.000762904789391
2021-09-04,3Y,3,1.0010156751839774
2021-09-04,4Y,4,1.00123348131304
2021-09-04,5Y,5,1.0012811315982242
2021-09-04,7Y,7,1.0002830502134894
2021-09-04,10Y,10,0.9945529657156327
2021-09-04,15Y,15,0.9730654378480368
2021-09-04,20Y,20,0.9415273230371224
2021-09-04,25Y,25,0.9060327030859593
2021-09-04,30Y,30,0.8698120627505426
2021-09-05,1Y,1,1.000505211515759
2021-09-05,2Y,2,1.0007779395357128
2021-09-05,3Y,3,1.0009906728022644
2021-09-05,4Y,4,1.0011934523783517
2021-09-05,5Y,5,1.0012160591993469
2021-09-05,7Y,7,1.000132907423163
2021-09-05,10Y,10,0.9942868903347456
2021-09-05,15Y,15,0.9727850177120304
2021-09-05,20Y,20,0.9410772846194012
2021-09-05,25Y,25,0.9053784055736122
2021-09-05,30Y,30,0.8689989583604633
2021-09-06,1Y,1,1.0005202200035217
2021-09-06,2Y,2,1.0008530091468721
2021-09-06,3Y,3,1.0010457574958693
2021-09-06,4Y,4,1.0010758678832659
2021-09-06,5Y,5,1.0009207550512016
2021-09-06,7Y,7,0.9995594719848444
2021-09-06,10Y,10,0.9932296105854612
2021-09-06,15Y,15,0.970380895664753
2021-09-06,20Y,20,0.9373917520059886
2021-09-06,25Y,25,0.9006474368314551
2021-09-06,30Y,30,0.8633270740015376
2021-09-07,1Y,1,1.0005302267005136
2021-09-07,2Y,2,1.00081298090576
2021-09-07,3Y,3,1.0009356436506345
2021-09-07,4Y,4,1.0010157761336955
2021-09-07,5Y,5,1.0009207197538574
2021-09-07,7Y,7,0.9994743920301282
2021-09-07,10Y,10,0.9932031728649343
2021-09-07,15Y,15,0.9702943586827226
2021-09-07,20Y,20,0.9374946930466443
2021-09-07,25Y,25,0.9008426466219343
2021-09-07,30Y,30,0.8636079699144188
2021-09-08,1Y,1,1.0005102104664212
2021-09-08,2Y,2,1.0008479992847807
2021-09-08,3Y,3,1.0010457521472813
2021-09-08,4Y,4,1.0010883772535768
2021-09-08,5Y,5,1.0009607957024256
2021-09-08,7Y,7,0.9996945726932865
2021-09-08,10Y,10,0.9935353282130105
2021-09-08,15Y,15,0.9708393854769286
2021-09-08,20Y,20,0.938338027183498
2021-09-08,25Y,25,0.9020785115871932
2021-09-08,30Y,30,0.8652347487121942
2021-09-09,1Y,1,1.0004301426923314
2021-09-09,2Y,2,1.0006953396694125
2021-09-09,3Y,3,1.0007904553698783
2021-09-09,4Y,4,1.0008405356856915
2021-09-09,5Y,5,1.000720456611509
2021-09-09,7Y,7,0.9993684986825567
2021-09-09,10Y,10,0.99342368375393
2021-09-09,15Y,15,0.9714009502387752
2021-09-09,20Y,20,0.9395121213801663
2021-09-09,25Y,25,0.9038330312267273
2021-09-09,30Y,30,0.8677151712207927
2021-09-10,1Y,1,1.0004101371418324
2021-09-10,2Y,2,1.0006628101676538
2021-09-10,3Y,3,1.0008654996057615
2021-09-10,4Y,4,1.0008830528931056
2021-09-10,5Y,5,1.0005352929345772
2021-09-10,7Y,7,0.9989834307666258
2021-09-10,10Y,10,0.9929454236599153
2021-09-10,15Y,15,0.970840393198528
2021-09-10,20Y,20,0.9390572175626014
2021-09-10,25Y,25,0.9033113942614598
2021-09-10,30Y,30,0.8669145271748674
2021-09-12,1Y,1,1.0003701083285774
2021-09-12,2Y,2,1.000522704140267
2021-09-12,3Y,3,1.0004751961052603
2021-09-12,4Y,4,1.0004251796826102
2021-09-12,5Y,5,1.000280099694456
2021-09-12,7Y,7,0.9989676525452177
2021-09-12,10Y,10,0.9929730912163615
2021-09-12,15Y,15,0.9709587001046878
2021-09-12,20Y,20,0.9391063524079639
2021-09-12,25Y,25,0.9034328885827615
2021-09-12,30Y,30,0.8671971816994328
2021-09-13,1Y,1,1.0003551045220251
2021-09-13,2Y,2,1.0005377122145453
2021-09-13,3Y,3,1.0006503020014674
2021-09-13,4Y,4,1.0007203775685627
2021-09-13,5Y,5,1.000615321238436
2021-09-13,7Y,7,0.9993535587207569
2021-09-13,10Y,10,0.9933575757517341
2021-09-13,15Y,15,0.9713874017145501
2021-09-13,20Y,20,0.939678819842779
2021-09-13,25Y,25,0.9040467443261608
2021-09-13,30Y,30,0.8677106783819404
2021-09-14,1Y,1,1.0004101323634358
2021-09-14,2Y,2,1.0006327888178495
2021-09-14,3Y,3,1.000695364730801
2021-09-14,4Y,4,1.000720410669164
2021-09-14,5Y,5,1.0007504522140087
2021-09-14,7Y,7,0.9992632346712901
2021-09-14,10Y,10,0.992851699042797
2021-09-14,15Y,15,0.9701684855408154
2021-09-14,20Y,20,0.9377791775767268
2021-09-14,25Y,25,0.901376966009607
2021-09-14,30Y,30,0.8641716913815091
2021-09-15,1Y,1,1.0003501012393619
2021-09-15,2Y,2,1.000520200847717
2021-09-15,3Y,3,1.0006302838203078
2021-09-15,4Y,4,1.0007378810640433
2021-09-15,5Y,5,1.0006503369681543
2021-09-15,7Y,7,0.9992334924750074
2021-09-15,10Y,10,0.9932247273045478
2021-09-15,15Y,15,0.9710222955459988
2021-09-15,20Y,20,0.9389461798875834
2021-09-15,25Y,25,0.902771495108936
2021-09-15,30Y,30,0.8657848540735366
2021-09-16,1Y,1,1.0003200853146943
2021-09-16,2Y,2,1.0004451526370581
2021-09-16,3Y,3,1.0004801817793887
2021-09-16,4Y,4,1.0004801915631971
2021-09-16,5Y,5,1.0002550666180754
2021-09-16,7Y,7,0.998609644678139
2021-09-16,10Y,10,0.9920758466666159
2021-09-16,15Y,15,0.9690290292567956
2021-09-16,20Y,20,0.935901076935359
2021-09-16,25Y,25,0.8985356258021974
2021-09-16,30Y,30,0.8603830589181751
2021-09-17,1Y,1,1.000285068831061
2021-09-17,2Y,2,1.000390118618899
2021-09-17,3Y,3,1.000435146642945
2021-09-17,4Y,4,1.0004526636940665
2021-09-17,5Y,5,1.0002300446477133
2021-09-17,7Y,7,0.9985336924673593
2021-09-17,10Y,10,0.991956575594891
2021-09-17,15Y,15,0.9685092847927389
2021-09-17,20Y,20,0.9349445884388938
2021-09-17,25Y,25,0.8972994959276607
2021-09-17,30Y,30,0.8587588338259471
2021-09-18,1Y,1,1.000285068831061
2021-09-18,2Y,2,1.0003976218729351
2021-09-18,3Y,3,1.0004401502717286
2021-09-18,4Y,4,1.0004151464013178
2021-09-18,5Y,5,1.0001550182333436
2021-09-18,7Y,7,0.9985187382750903
2021-09-18,10Y,10,0.9919834318004038
2021-09-18,15Y,15,0.9688809047004044
2021-09-18,20Y,20,0.9356133620901159
2021-09-18,25Y,25,0.898308309866031
2021-09-18,30Y,30,0.8601207949455962
2021-09-19,1Y,1,1.0003901256746424
2021-09-19,2Y,2,1.000600261941021
2021-09-19,3Y,3,1.0007603977933448
2021-09-19,4Y,4,1.0009055537766423
2021-09-19,5Y,5,1.000820512853934
2021-09-19,7Y,7,0.9993944608865059
2021-09-19,10Y,10,0.9931646064390476
2021-09-19,15Y,15,0.9718068519191495
2021-09-19,20Y,20,0.939063511894181
2021-09-19,25Y,25,0.902337724990681
2021-09-19,30Y,30,0.864919475533529
2021-09-20,1Y,1,1.0003901256746424
2021-09-20,2Y,2,1.0005177102448217
2021-09-20,3Y,3,1.0004852062655898
2021-09-20,4Y,4,1.0004526964203433
2021-09-20,5Y,5,1.0002300605556016
2021-09-20,7Y,7,0.9985336349320574
2021-09-20,10Y,10,0.9919563466876504
2021-09-20,15Y,15,0.9685087006093012
2021-09-20,20Y,20,0.9349436774360236
2021-09-20,25Y,25,0.8972983376609914
2021-09-20,30Y,30,0.8587574896670793
2021-09-21,1Y,1,1.000285068831061
2021-09-21,2Y,2,1.0003976218729351
2021-09-21,3Y,3,1.0004701631801587
2021-09-21,4Y,4,1.0005377101634036
2021-09-21,5Y,5,1.000385126194857
2021-09-21,7Y,7,0.9988685960873965
2021-09-21,10Y,10,0.992793669526885
2021-09-21,15Y,15,0.9701043227471405
2021-09-21,20Y,20,0.9374987384710552
2021-09-21,25Y,25,0.9008407632403663
2021-09-21,30Y,30,0.8633545280822856
2021-09-22,1Y,1,1.0003250909613353
2021-09-22,2Y,2,1.0004551590970767
2021-09-22,3Y,3,1.0005752325567483
2021-09-22,4Y,4,1.0007228460805113
2021-09-22,5Y,5,1.0006653236719336
2021-09-22,7Y,7,0.9994146002492929
2021-09-22,10Y,10,0.9935705122045702
2021-09-22,15Y,15,0.9716694152399996
2021-09-22,20Y,20,0.9396245245507943
2021-09-22,25Y,25,0.9035056502284887
2021-09-22,30Y,30,0.8665790110481049
2021-09-23,1Y,1,1.0002800654140824
2021-09-23,2Y,2,1.0004326355655546
2021-09-23,3Y,3,1.0005852241386104
2021-09-23,4Y,4,1.000767861579777
2021-09-23,5Y,5,1.0007403653161882
2021-09-23,7Y,7,0.9994886174545387
2021-09-23,10Y,10,0.9937366893757579
2021-09-23,15Y,15,0.9718023114612897
2021-09-23,20Y,20,0.9398205654484679
2021-09-23,25Y,25,0.9037355534178675
2021-09-23,30Y,30,0.8668450086107676
2021-09-24,1Y,1,1.0003350916916525
2021-09-24,2Y,2,1.0004301456845963
2021-09-24,3Y,3,1.0003251067933456
2021-09-24,4Y,4,1.0002000611366695
2021-09-24,5Y,5,0.9998899264123573
2021-09-24,7Y,7,0.9980190733056573
2021-09-24,10Y,10,0.9912738068426936
2021-09-24,15Y,15,0.9678113288778712
2021-09-24,20Y,20,0.9343030508756982
2021-09-24,25Y,25,0.8967763250871872
2021-09-24,30Y,30,0.8585472139666187
2021-09-26,1Y,1,1.000285063118773
2021-09-26,2Y,2,1.0004051208445572
2021-09-26,3Y,3,1.0003150934942449
2021-09-26,4Y,4,1.0001425345984107
2021-09-26,5Y,5,0.9997899167208405
2021-09-26,7Y,7,0.9979571979102536
2021-09-26,10Y,10,0.9911745215680673
2021-09-26,15Y,15,0.9676651952245862
2021-09-26,20Y,20,0.9341757476960806
2021-09-26,25Y,25,0.8966654921391853
2021-09-26,30Y,30,0.8582781744713076
2021-09-27,1Y,1,1.0002700646021943
2021-09-27,2Y,2,1.0002925765800823
2021-09-27,3Y,3,1.0002150522988154
2021-09-27,4Y,4,1.0000950152323498
2021-09-27,5Y,5,0.9997549278928504
2021-09-27,7Y,7,0.9977293620712513
2021-09-27,10Y,10,0.9907767403884347
2021-09-27,15Y,15,0.9667101800038077
2021-09-27,20Y,20,0.932463023644194
2021-09-27,25Y,25,0.8942444236611317
2021-09-27,30Y,30,0.8553181396013513
2021-09-28,1Y,1,1.0002500499090086
2021-09-28,2Y,2,1.0003650989415707
2021-09-28,3Y,3,1.0003100852901257
2021-09-28,4Y,4,0.9999749401504758
2021-09-28,5Y,5,0.9992148250099425
2021-09-28,7Y,7,0.9965567794152523
2021-09-28,10Y,10,0.9888617837637167
2021-09-28,15Y,15,0.9633904310732377
2021-09-28,20Y,20,0.9275775883144218
2021-09-28,25Y,25,0.8878239315359401
2021-09-28,30Y,30,0.8476097294136364
2021-09-29,1Y,1,1.000280061380832
2021-09-29,2Y,2,1.000447642043284
2021-09-29,3Y,3,1.0004651673485025
2021-09-29,4Y,4,1.0003451179385305
2021-09-29,5Y,5,0.9998348186383125
2021-09-29,7Y,7,0.9973254240836725
2021-09-29,10Y,10,0.9902258635065935
2021-09-29,15Y,15,0.9659819729168403
2021-09-29,20Y,20,0.9314505208791883
2021-09-29,25Y,25,0.892787754789342
2021-09-29,30Y,30,0.8534413581910728
2021-09-30,1Y,1,1.0002050365186206
2021-09-30,2Y,2,1.0002375483376664
2021-09-30,3Y,3,1.0001600290251735
2021-09-30,4Y,4,0.9999774864318651
2021-09-30,5Y,5,0.9995349219760679
2021-09-30,7Y,7,0.9974258667782004
2021-09-30,10Y,10,0.9904459531010144
2021-09-30,15Y,15,0.9663385086366529
2021-09-30,20Y,20,0.9322488117331357
2021-09-30,25Y,25,0.8941753754342708
2021-09-30,30Y,30,0.8553480944994326
2021-10-01,1Y,1,1.000275058004672
2021-10-01,2Y,2,1.0004001161018865
2021-10-01,3Y,3,1.0002750727871839
2021-10-01,4Y,4,1.0000249983227398
2021-10-01,5Y,5,0.999644915212572
2021-10-01,7Y,7,0.9976994384494412
2021-10-01,10Y,10,0.9910960423716211
2021-10-01,15Y,15,0.9677651850830346
2021-10-01,20Y,20,0.9343940475216883
2021-10-01,25Y,25,0.8969763155239309
2021-10-01,30Y,30,0.8588331936791832
2021-10-02,1Y,1,1.000275058004672
2021-10-02,2Y,2,1.0004751535315581
2021-10-02,3Y,3,1.0005652233083293
2021-10-02,4Y,4,1.0005302223798753
2021-10-02,5Y,5,1.0002650742309902
2021-10-02,7Y,7,0.9985486093403765
2021-10-02,10Y,10,0.9921697185358406
2021-10-02,15Y,15,0.9705383038027873
2021-10-02,20Y,20,0.9378079019007799
2021-10-02,25Y,25,0.9009791417791481
2021-10-02,30Y,30,0.8633492432828016
2021-10-03,1Y,1,1.0002000340741553
2021-10-03,2Y,2,1.0002650558002675
2021-10-03,3Y,3,1.000250054695533
2021-10-03,4Y,4,1.0001425231499461
2021-10-03,5Y,5,0.999804933859466
2021-10-03,7Y,7,0.9980452389949628
2021-10-03,10Y,10,0.9915667263948175
2021-10-03,15Y,15,0.968435127086903
2021-10-03,20Y,20,0.9352128151822366
2021-10-03,25Y,25,0.897863609882489
2021-10-03,30Y,30,0.8596072489604015
2021-10-04,1Y,1,1.0002650547101266
2021-10-04,2Y,2,1.0003650989824104
2021-10-04,3Y,3,1.0003851091310714
2021-10-04,4Y,4,1.0004851595249173
2021-10-04,5Y,5,1.0003550938780659
2021-10-04,7Y,7,0.9986135988961593
2021-10-04,10Y,10,0.9921697722470332
2021-10-04,15Y,15,0.9705101194341805
2021-10-04,20Y,20,0.9375372513980278
2021-10-04,25Y,25,0.9002132259028428
2021-10-04,30Y,30,0.8619600155825028
2021-10-05,1Y,1,1.0001900314298964
2021-10-05,2Y,2,1.0002225422484767
2021-10-05,3Y,3,1.000135020623457
2021-10-05,4Y,4,0.9999124760977595
2021-10-05,5Y,5,0.9994649490932271
2021-10-05,7Y,7,0.9973649750815675
2021-10-05,10Y,10,0.9902604460474617
2021-10-05,15Y,15,0.966344422041819
2021-10-05,20Y,20,0.9322855342531076
2021-10-05,25Y,25,0.8939603552436536
2021-10-05,30Y,30,0.8547946878273213
2021-10-06,1Y,1,1.000265059268534
2021-10-06,2Y,2,1.000275064545241
2021-10-06,3Y,3,1.0000449988248554
2021-10-06,4Y,4,0.999712460024442
2021-10-06,5Y,5,0.9991849915751957
2021-10-06,7Y,7,0.9968417401642686
2021-10-06,10Y,10,0.9893528492603161
2021-10-06,15Y,15,0.9647008747587724
2021-10-06,20Y,20,0.929894827427502
2021-10-06,25Y,25,0.8910457306580971
2021-10-06,30Y,30,0.8516276610877429
2021-10-07,1Y,1,1.0001550216872888
2021-10-07,2Y,2,1.000235038463276
2021-10-07,3Y,3,1.0003350698081845
2021-10-07,4Y,4,1.0002975622012737
2021-10-07,5Y,5,0.9997547934496108
2021-10-07,7Y,7,0.9970908939655628
2021-10-07,10Y,10,0.98998124917421
2021-10-07,15Y,15,0.9660208317771708
2021-10-07,20Y,20,0.9320426429095487
2021-10-07,25Y,25,0.8938834554966228
2021-10-07,30Y,30,0.8548156412773718
2021-10-08,1Y,1,1.0002000324047746
2021-10-08,2Y,2,1.000190026794044
2021-10-08,3Y,3,0.9999099744393293
2021-10-08,4Y,4,0.9994874892434724
2021-10-08,5Y,5,0.9988251690561251
2021-10-08,7Y,7,0.9960883474614338
2021-10-08,10Y,10,0.9883608759838073
2021-10-08,15Y,15,0.9629870614323455
2021-10-08,20Y,20,0.9273872169611738
2021-10-08,25Y,25,0.8878851229235442
2021-10-08,30Y,30,0.847929627469321
2021-10-09,1Y,1,1.0001500205902334
2021-10-09,2Y,2,1.0001050117716
2021-10-09,3Y,3,0.9998899848002897
2021-10-09,4Y,4,0.9995025011385869
2021-10-09,5Y,5,0.9988702056261594
2021-10-09,7Y,7,0.9963699151819887
2021-10-09,10Y,10,0.9884661223670275
2021-10-09,15Y,15,0.9631776314660742
2021-10-09,20Y,20,0.927714621892702
2021-10-09,25Y,25,0.8882254924920834
2021-10-09,30Y,30,0.848181339340428
2021-10-10,1Y,1,1.0001400184523848
2021-10-10,2Y,2,1.000167522805737
2021-10-10,3Y,3,1.00016502074429
2021-10-10,4Y,4,0.9999999849171839
2021-10-10,5Y,5,0.999474903329715
2021-10-10,7Y,7,0.9968863749909788
2021-10-10,10Y,10,0.989213164718473
2021-10-10,15Y,15,0.9655945514942155
2021-10-10,20Y,20,0.9305631921746338
2021-10-10,25Y,25,0.8916526714390097
2021-10-10,30Y,30,0.8521319235321007
2021-10-11,1Y,1,1.0001400184523848
2021-10-11,2Y,2,1.000062504187124
2021-10-11,3Y,3,0.9997849827363264
2021-10-11,4Y,4,0.9992800527781928
2021-10-11,5Y,5,0.9984554762612556
2021-10-11,7Y,7,0.9954900299129626
2021-10-11,10Y,10,0.9871637241939132
2021-10-11,15Y,15,0.9608434829174857
2021-10-11,20Y,20,0.924314463991079
2021-10-11,25Y,25,0.8839301418265517
2021-10-11,30Y,30,0.8431800607460244
2021-10-12,1Y,1,1.0001650247567053
2021-10-12,2Y,2,1.000112513137587
2021-10-12,3Y,3,0.9998499778104308
2021-10-12,4Y,4,0.9993850153678159
2021-10-12,5Y,5,0.9986353175821145
2021-10-12,7Y,7,0.995739178157978
2021-10-12,10Y,10,0.987394298443288
2021-10-12,15Y,15,0.9611803879679048
2021-10-12,20Y,20,0.9247904475279697
2021-10-12,25Y,25,0.8847581858988496
2021-10-12,30Y,30,0.8442421400869438
2021-10-13,1Y,1,1.000215038181219
2021-10-13,2Y,2,1.000220039417714
2021-10-13,3Y,3,0.9999649805991354
2021-10-13,4Y,4,0.9995299663622195
2021-10-13,5Y,5,0.998850131860257
2021-10-13,7Y,7,0.9962080138999895
2021-10-13,10Y,10,0.9881545250323107
2021-10-13,15Y,15,0.9621857590495181
2021-10-13,20Y,20,0.9261128951433033
2021-10-13,25Y,25,0.8864161870807217
2021-10-13,30Y,30,0.846346046017338
2021-10-14,1Y,1,1.0002900752811772
2021-10-14,2Y,2,1.0002650679854923
2021-10-14,3Y,3,1.0000500045361596
2021-10-14,4Y,4,0.9997399572222446
2021-10-14,5Y,5,0.9991949783042083
2021-10-14,7Y,7,0.996806763307059
2021-10-14,10Y,10,0.9893261663781
2021-10-14,15Y,15,0.9642172654988088
2021-10-14,20Y,20,0.9291468594203549
2021-10-14,25Y,25,0.8902663007087673
2021-10-14,30Y,30,0.8508380372337561
2021-10-15,1Y,1,1.0002950750616466
2021-10-15,2Y,2,1.0002900751297354
2021-10-15,3Y,3,1.0000450000285388
2021-10-15,4Y,4,0.9996874501431248
2021-10-15,5Y,5,0.9990899912924348
2021-10-15,7Y,7,0.9965571204678151
2021-10-15,10Y,10,0.9887695051834455
2021-10-15,15Y,15,0.9631213225704026
2021-10-15,20Y,20,0.9271567213495469
2021-10-15,25Y,25,0.887614335732693
2021-10-15,30Y,30,0.8479209210653202
2021-10-16,1Y,1,1.0002550571183555
2021-10-16,2Y,2,1.0002475566156852
2021-10-16,3Y,3,1.0000299966601576
2021-10-16,4Y,4,0.9996374456824519
2021-10-16,5Y,5,0.9989750450812925
2021-10-16,7Y,7,0.9964314748469509
2021-10-16,10Y,10,0.9885380153265486
2021-10-16,15Y,15,0.9628389740059947
2021-10-16,20Y,20,0.9270926981186228
2021-10-16,25Y,25,0.8875558897620404
2021-10-16,30Y,30,0.847658952068036
2021-10-17,1Y,1,1.0002350496319152
2021-10-17,2Y,2,1.0002750649392893
2021-10-17,3Y,3,1.0002150455003989
2021-10-17,4Y,4,0.9999699708109893
2021-10-17,5Y,5,0.9993998956617967
2021-10-17,7Y,7,0.9969562315717937
2021-10-17,10Y,10,0.9890733199243439
2021-10-17,15Y,15,0.9648347400538846
2021-10-17,20Y,20,0.9294591202922677
2021-10-17,25Y,25,0.8903388476341351
2021-10-17,30Y,30,0.8508120838089216
2021-10-18,1Y,1,1.000265059268534
2021-10-18,2Y,2,1.0002150362331963
2021-10-18,3Y,3,0.9998049477959471
2021-10-18,4Y,4,0.999225023433864
2021-10-18,5Y,5,0.9984204235245484
2021-10-18,7Y,7,0.9954749560090717
2021-10-18,10Y,10,0.9871501729345982
2021-10-18,15Y,15,0.96040385618563
2021-10-18,20Y,20,0.9234877238768677
2021-10-18,25Y,25,0.8830375956315646
2021-10-18,30Y,30,0.8424012282320982
2021-10-19,1Y,1,1.0002700617756248
2021-10-19,2Y,2,1.0002175376432068
2021-10-19,3Y,3,0.9998249533880937
2021-10-19,4Y,4,0.9992650062687173
2021-10-19,5Y,5,0.9984553817051409
2021-10-19,7Y,7,0.9954898287848344
2021-10-19,10Y,10,0.9872692015196755
2021-10-19,15Y,15,0.9605536078202987
2021-10-19,20Y,20,0.9237359611750975
2021-10-19,25Y,25,0.8833807343656543
2021-10-19,30Y,30,0.8426563837910938
2021-10-20,1Y,1,1.0002150431053105
2021-10-20,2Y,2,1.0001075123447676
2021-10-20,3Y,3,0.9997499707336163
2021-10-20,4Y,4,0.9992250612261588
2021-10-20,5Y,5,0.9984354882117152
2021-10-20,7Y,7,0.9954900195473014
2021-10-20,10Y,10,0.9871370333492601
2021-10-20,15Y,15,0.9601631466708427
2021-10-20,20Y,20,0.9228047383977707
2021-10-20,25Y,25,0.881922035348166
2021-10-20,30Y,30,0.8410629981398317
2021-10-21,1Y,1,1.0002250463311004
2021-10-21,2Y,2,1.0001125108140174
2021-10-21,3Y,3,0.9997099653772414
2021-10-21,4Y,4,0.9991325889122048
2021-10-21,5Y,5,0.9983106083262049
2021-10-21,7Y,7,0.9953405067119859
2021-10-21,10Y,10,0.986985541340512
2021-10-21,15Y,15,0.9602458043406875
2021-10-21,20Y,20,0.9232135553185775
2021-10-21,25Y,25,0.8826991985395432
2021-10-21,30Y,30,0.8418718810820536
2021-10-22,1Y,1,1.000285072536372
2021-10-22,2Y,2,1.0002325531487761
2021-10-22,3Y,3,0.9998299398512955
2021-10-22,4Y,4,0.9991650003888722
2021-10-22,5Y,5,0.9982855131495655
2021-10-22,7Y,7,0.9952664605280889
2021-10-22,10Y,10,0.9867534748631968
2021-10-22,15Y,15,0.9598211479850755
2021-10-22,20Y,20,0.9228585545160521
2021-10-22,25Y,25,0.8826563902174528
2021-10-22,30Y,30,0.8424590221999856
2021-10-24,1Y,1,1.000285072536372
2021-10-24,2Y,2,1.000180028987041
2021-10-24,3Y,3,0.9997449509395397
2021-10-24,4Y,4,0.9991525481521536
2021-10-24,5Y,5,0.9983205358239029
2021-10-24,7Y,7,0.9953992864051994
2021-10-24,10Y,10,0.9869717445453196
2021-10-24,15Y,15,0.9602580165635439
2021-10-24,20Y,20,0.9235841244885066
2021-10-24,25Y,25,0.8834991843621263
2021-10-24,30Y,30,0.843235216389365
2021-10-25,1Y,1,1.0002700665908648
2021-10-25,2Y,2,1.0001875372580609
2021-10-25,3Y,3,0.9998549684814733
2021-10-25,4Y,4,0.9993649897300576
2021-10-25,5Y,5,0.9985502802611054
2021-10-25,7Y,7,0.9955595343480959
2021-10-25,10Y,10,0.9867388236917263
2021-10-25,15Y,15,0.9604011718822353
2021-10-25,20Y,20,0.9231781771272046
2021-10-25,25Y,25,0.8825760226961642
2021-10-25,30Y,30,0.8418698391973015
2021-10-26,1Y,1,1.0001800313366587
2021-10-26,2Y,2,1.0000074906356495
2021-10-26,3Y,3,0.9995449957794926
2021-10-26,4Y,4,0.9988877524391981
2021-10-26,5Y,5,0.9979560734387616
2021-10-26,7Y,7,0.9948154585195393
2021-10-26,10Y,10,0.9859816753719466
2021-10-26,15Y,15,0.959087051736716
2021-10-26,20Y,20,0.9225931948323736
2021-10-26,25Y,25,0.8829506884372094
2021-10-26,30Y,30,0.8433482593230791
2021-10-27,1Y,1,1.0002700652775864
2021-10-27,2Y,2,1.0001275069160096
2021-10-27,3Y,3,0.9996149512318088
2021-10-27,4Y,4,0.998990156501874
2021-10-27,5Y,5,0.998175763449143
2021-10-27,7Y,7,0.9952959175848831
2021-10-27,10Y,10,0.9868734028582914
2021-10-27,15Y,15,0.9602835109474808
2021-10-27,20Y,20,0.9241411929282419
2021-10-27,25Y,25,0.8849472682483899
2021-10-27,30Y,30,0.8457031623183512
2021-10-28,1Y,1,1.000180030955253
2021-10-28,2Y,2,0.9999849821861608
2021-10-28,3Y,3,0.9995200104823473
2021-10-28,4Y,4,0.9989802461978523
2021-10-28,5Y,5,0.9982308585446877
2021-10-28,7Y,7,0.9953998112794022
2021-10-28,10Y,10,0.9872714739957426
2021-10-28,15Y,15,0.9616126557658915
2021-10-28,20Y,20,0.9261618688706023
2021-10-28,25Y,25,0.8876188476242971
2021-10-28,30Y,30,0.8491721192110039
2021-10-29,1Y,1,1.0002050375628238
2021-10-29,2Y,2,1.0000574892820644
2021-10-29,3Y,3,0.9995699774392762
2021-10-29,4Y,4,0.9989752113398231
2021-10-29,5Y,5,0.9982208227357683
2021-10-29,7Y,7,0.9954846118642467
2021-10-29,10Y,10,0.9878611090400905
2021-10-29,15Y,15,0.9630099300191681
2021-10-29,20Y,20,0.9287487050433996
2021-10-29,25Y,25,0.8914467499062616
2021-10-29,30Y,30,0.8542848386351626
2021-10-31,1Y,1,1.00015502373175
2021-10-31,2Y,2,0.9999799895212295
2021-10-31,3Y,3,0.9995750093501214
2021-10-31,4Y,4,0.9990552051725246
2021-10-31,5Y,5,0.9983207619071918
2021-10-31,7Y,7,0.995754058719258
2021-10-31,10Y,10,0.9879991449829917
2021-10-31,15Y,15,0.9632185959985992
2021-10-31,20Y,20,0.9292228235655394
2021-10-31,25Y,25,0.8920669193919125
2021-10-31,30Y,30,0.8548061933693808
2021-11-01,1Y,1,1.000225047375378
2021-11-01,2Y,2,1.0000224820405754
2021-11-01,3Y,3,0.9994899930541512
2021-11-01,4Y,4,0.9989127714600196
2021-11-01,5Y,5,0.9982008999031614
2021-11-01,7Y,7,0.995604524079937
2021-11-01,10Y,10,0.988265582887425
2021-11-01,15Y,15,0.9641878589418162
2021-11-01,20Y,20,0.9305865766390515
2021-11-01,25Y,25,0.8937544688772753
2021-11-01,30Y,30,0.8569512570486867
2021-11-02,1Y,1,1.0002550590225285
2021-11-02,2Y,2,1.0001350153491497
2021-11-02,3Y,3,0.9997549679830136
2021-11-02,4Y,4,0.9993375433543784
2021-11-02,5Y,5,0.9987653009524144
2021-11-02,7Y,7,0.9964780253607212
2021-11-02,10Y,10,0.9896477485587328
2021-11-02,15Y,15,0.9665833997100199
2021-11-02,20Y,20,0.9340080637116348
2021-11-02,25Y,25,0.897786629226417
2021-11-02,30Y,30,0.8611672376595074
2021-11-03,1Y,1,1.0002550590225285
2021-11-03,2Y,2,1.0001350153491497
2021-11-03,3Y,3,0.9997549679830136
2021-11-03,4Y,4,0.9993375433543784
2021-11-03,5Y,5,0.9987653009524144
2021-11-03,7Y,7,0.9964780253607212
2021-11-03,10Y,10,0.9896477485587328
2021-11-03,15Y,15,0.9665833997100199
2021-11-03,20Y,20,0.9340080637116348
2021-11-03,25Y,25,0.897786629226417
2021-11-03,30Y,30,0.8611672376595074
2021-11-04,1Y,1,1.0002200414072726
2021-11-04,2Y,2,1.0001775263251915
2021-11-04,3Y,3,0.9999349843599482
2021-11-04,4Y,4,0.9997549907881026
2021-11-04,5Y,5,0.9994799953162832
2021-11-04,7Y,7,0.997595916375785
2021-11-04,10Y,10,0.9913573254388972
2021-11-04,15Y,15,0.970975941593322
2021-11-04,20Y,20,0.9395589520436224
2021-11-04,25Y,25,0.9041920069200475
2021-11-04,30Y,30,0.8683606565261799
2021-11-05,1Y,1,1.000375118153167
2021-11-05,2Y,2,1.0005327163654862
2021-11-05,3Y,3,1.0005902686948005
2021-11-05,4Y,4,1.000582781506205
2021-11-05,5Y,5,1.000325111554129
2021-11-05,7Y,7,0.9986095597273794
2021-11-05,10Y,10,0.9924688425165118
2021-11-05,15Y,15,0.9717001551873826
2021-11-05,20Y,20,0.93932504550272
2021-11-05,25Y,25,0.9024981226755516
2021-11-05,30Y,30,0.864940119644324
2021-11-06,1Y,1,1.000375118153167
2021-11-06,2Y,2,1.0005327163654862
2021-11-06,3Y,3,1.0005902686948005
2021-11-06,4Y,4,1.000582781506205
2021-11-06,5Y,5,1.000325111554129
2021-11-06,7Y,7,0.9986095597273794
2021-11-06,10Y,10,0.9924688425165118
2021-11-06,15Y,15,0.9717001551873826
2021-11-06,20Y,20,0.93932504550272
2021-11-06,25Y,25,0.9024981226755516
2021-11-06,30Y,30,0.864940119644324
2021-11-07,1Y,1,1.0002900715289127
2021-11-07,2Y,2,1.0003701108931882
2021-11-07,3Y,3,1.0003301005766636
2021-11-07,4Y,4,1.0002350658427461
2021-11-07,5Y,5,0.9999299454222718
2021-11-07,7Y,7,0.9981100186005832
2021-11-07,10Y,10,0.9915596445525637
2021-11-07,15Y,15,0.9687006993514293
2021-11-07,20Y,20,0.9353593138771904
2021-11-07,25Y,25,0.8974871452973165
2021-11-07,30Y,30,0.8587559437614687
2021-11-08,1Y,1,1.0003801216860786
2021-11-08,2Y,2,1.0004376601931124
2021-11-08,3Y,3,1.0003651271301617
2021-11-08,4Y,4,1.000375132314049
2021-11-08,5Y,5,1.0001500102874592
2021-11-08,7Y,7,0.9983837471311163
2021-11-08,10Y,10,0.9920709876731417
2021-11-08,15Y,15,0.9709997238420955
2021-11-08,20Y,20,0.9380388086189316
2021-11-08,25Y,25,0.9007508106224508
2021-11-08,30Y,30,0.8627775391460392
2021-11-09,1Y,1,1.0003050799227091
2021-11-09,2Y,2,1.0003701141210515
2021-11-09,3Y,3,1.0003050923467385
2021-11-09,4Y,4,1.0001700407388552
2021-11-09,5Y,5,0.999799914930979
2021-11-09,7Y,7,0.9977292573207113
2021-11-09,10Y,10,0.9911089905946302
2021-11-09,15Y,15,0.9678648652603683
2021-11-09,20Y,20,0.934039463593756
2021-11-09,25Y,25,0.8958979508393862
2021-11-09,30Y,30,0.8571714704678954
2021-11-10,1Y,1,1.0004251499642638
2021-11-10,2Y,2,1.0005427352311027
2021-11-10,3Y,3,1.0004001646256464
2021-11-10,4Y,4,1.00013503655305
2021-11-10,5Y,5,0.9996548586087262
2021-11-10,7Y,7,0.9975143937953119
2021-11-10,10Y,10,0.9907638137509364
2021-11-10,15Y,15,0.9677829929470451
2021-11-10,20Y,20,0.9345229999085429
2021-11-10,25Y,25,0.8966595892308954
2021-11-10,30Y,30,0.8577146057300216
2021-11-11,1Y,1,1.0003450999267491
2021-11-11,2Y,2,1.000382622874064
2021-11-11,3Y,3,1.0002500712904423
2021-11-11,4Y,4,1.0001450330124892
2021-11-11,5Y,5,0.9998099142961345
2021-11-11,7Y,7,0.9978752451523327
2021-11-11,10Y,10,0.9915743062140027
2021-11-11,15Y,15,0.9706367755674508
2021-11-11,20Y,20,0.9377964303057102
2021-11-11,25Y,25,0.899979734076083
2021-11-11,30Y,30,0.8608490041920209
2021-11-12,1Y,1,1.0002650570455545
2021-11-12,2Y,2,1.0002750592754786
2021-11-12,3Y,3,0.9999649731825845
2021-11-12,4Y,4,0.9995399671527283
2021-11-12,5Y,5,0.9990050941743766
2021-11-12,7Y,7,0.9967421463437173
2021-11-12,10Y,10,0.9895129997608768
2021-11-12,15Y,15,0.9656924126311062
2021-11-12,20Y,20,0.931412082379584
2021-11-12,25Y,25,0.8926054325972187
2021-11-12,30Y,30,0.8526451032949792
2021-11-13,1Y,1,1.0002650570455545
2021-11-13,2Y,2,1.0003575986880098
2021-11-13,3Y,3,1.0002500627607915
2021-11-13,4Y,4,0.9999749767528741
2021-11-13,5Y,5,0.9994698973862358
2021-11-13,7Y,7,0.9973758745109544
2021-11-13,10Y,10,0.9906327037052534
2021-11-13,15Y,15,0.9693904904157876
2021-11-13,20Y,20,0.9364303787091397
2021-11-13,25Y,25,0.8986464461915825
2021-11-13,30Y,30,0.8595614691076376
2021-11-14,1Y,1,1.0002050385570218
2021-11-14,2Y,2,1.0001475233997932
2021-11-14,3Y,3,0.9999199857653087
2021-11-14,4Y,4,0.9995799852944595
2021-11-14,5Y,5,0.999025117349174
2021-11-14,7Y,7,0.9967891710725341
2021-11-14,10Y,10,0.9896458413887118
2021-11-14,15Y,15,0.965862899826974
2021-11-14,20Y,20,0.9315659379386919
2021-11-14,25Y,25,0.8924510128508426
2021-11-14,30Y,30,0.852357124167042
2021-11-15,1Y,1,1.0002700665908648
2021-11-15,2Y,2,1.0002325550619566
2021-11-15,3Y,3,1.0000650105123956
2021-11-15,4Y,4,0.9998124617167525
2021-11-15,5Y,5,0.9992949631259105
2021-11-15,7Y,7,0.9970913966657424
2021-11-15,10Y,10,0.9901687068011564
2021-11-15,15Y,15,0.9667656811169869
2021-11-15,20Y,20,0.9326574662602882
2021-11-15,25Y,25,0.8939686333107137
2021-11-15,30Y,30,0.8542167306724014
2021-11-16,1Y,1,1.0002700602873529
2021-11-16,2Y,2,1.0003150809494892
2021-11-16,3Y,3,1.000140025584036
2021-11-16,4Y,4,0.9998274548084728
2021-11-16,5Y,5,0.9992799360757171
2021-11-16,7Y,7,0.9968954987532009
2021-11-16,10Y,10,0.9896578419209692
2021-11-16,15Y,15,0.96564836712206
2021-11-16,20Y,20,0.9310444511148307
2021-11-16,25Y,25,0.8919375192617219
2021-11-16,30Y,30,0.8518198450156564
2021-11-17,1Y,1,1.0003400976572538
2021-11-17,2Y,2,1.0003726178165673
2021-11-17,3Y,3,1.0001350261583444
2021-11-17,4Y,4,0.9997749433827117
2021-11-17,5Y,5,0.9992199363959344
2021-11-17,7Y,7,0.9968215836534876
2021-11-17,10Y,10,0.989445573773749
2021-11-17,15Y,15,0.965255265585525
2021-11-17,20Y,20,0.9303306536253426
2021-11-17,25Y,25,0.8907483504183193
2021-11-17,30Y,30,0.8501988510460814
2021-11-18,1Y,1,1.0002900683021434
2021-11-18,2Y,2,1.0004001225326915
2021-11-18,3Y,3,1.0003200965505346
2021-11-18,4Y,4,0.999937413982367
2021-11-18,5Y,5,0.9991398267646797
2021-11-18,7Y,7,0.9966417634109234
2021-11-18,10Y,10,0.9890739943023511
2021-11-18,15Y,15,0.9642369072024731
2021-11-18,20Y,20,0.9286146766305879
2021-11-18,25Y,25,0.8883366474615703
2021-11-18,30Y,30,0.8469762971580149
2021-11-19,1Y,1,1.0003000729161156
2021-11-19,2Y,2,1.000435141751246
2021-11-19,3Y,3,1.0004001372049744
2021-11-19,4Y,4,1.0002200604619116
2021-11-19,5Y,5,0.9997948976199657
2021-11-19,7Y,7,0.9978602120305512
2021-11-19,10Y,10,0.9910820153707276
2021-11-19,15Y,15,0.9684591832724101
2021-11-19,20Y,20,0.934044759661386
2021-11-19,25Y,25,0.8949855451490838
2021-11-19,30Y,30,0.8546370338964803
2021-11-20,1Y,1,1.0003501031781554
2021-11-20,2Y,2,1.000460168323975
2021-11-20,3Y,3,1.0004001478524327
2021-11-20,4Y,4,1.0002200656101126
2021-11-20,5Y,5,0.9997948952326732
2021-11-20,7Y,7,0.9978601885292127
2021-11-20,10Y,10,0.9910819453943469
2021-11-20,15Y,15,0.9684590229217037
2021-11-20,20Y,20,0.934044506325867
2021-11-20,25Y,25,0.8949852203037114
2021-11-20,30Y,30,0.8546366542418511
2021-11-21,1Y,1,1.0002650613790407
2021-11-21,2Y,2,1.0002975772307712
2021-11-21,3Y,3,1.000170035666281
2021-11-21,4Y,4,0.9998949637204189
2021-11-21,5Y,5,0.9993699232696173
2021-11-21,7Y,7,0.9972001384633574
2021-11-21,10Y,10,0.9899685342870065
2021-11-21,15Y,15,0.9655255789345389
2021-11-21,20Y,20,0.9301110884802388
2021-11-21,25Y,25,0.8898917825679897
2021-11-21,30Y,30,0.8485169106518957
2021-11-22,1Y,1,1.000260058212203
2021-11-22,2Y,2,1.0002875716646455
2021-11-22,3Y,3,1.0001150174278424
2021-11-22,4Y,4,0.9997949552507833
2021-11-22,5Y,5,0.9992899680883299
2021-11-22,7Y,7,0.9971412832082727
2021-11-22,10Y,10,0.9899159564701828
2021-11-22,15Y,15,0.9655034330626674
2021-11-22,20Y,20,0.9302820167663424
2021-11-22,25Y,25,0.8901292372826749
2021-11-22,30Y,30,0.8487905206413603
2021-11-23,1Y,1,1.000260058212203
2021-11-23,2Y,2,1.0002800685431672
2021-11-23,3Y,3,1.0000800066025606
2021-11-23,4Y,4,0.999709946510557
2021-11-23,5Y,5,0.9991500050566995
2021-11-23,7Y,7,0.996821755813565
2021-11-23,10Y,10,0.9893262119353496
2021-11-23,15Y,15,0.9644727602756054
2021-11-23,20Y,20,0.9288953372261608
2021-11-23,25Y,25,0.8883404116717967
2021-11-23,30Y,30,0.8466765363691326
2021-11-24,1Y,1,1.0002450523793087
2021-11-24,2Y,2,1.0002350505985051
2021-11-24,3Y,3,1.0000149941492054
2021-11-24,4Y,4,0.9996299507929819
2021-11-24,5Y,5,0.998990056913716
2021-11-24,7Y,7,0.9964114970187401
2021-11-24,10Y,10,0.9888370407842474
2021-11-24,15Y,15,0.9639395252690222
2021-11-24,20Y,20,0.9282445433871538
2021-11-24,25Y,25,0.8878137554690542
2021-11-24,30Y,30,0.8461797014333303
2021-11-25,1Y,1,1.0002900683021434
2021-11-25,2Y,2,1.0003250839483595
2021-11-25,3Y,3,1.0000700012760322
2021-11-25,4Y,4,0.9996874465226331
2021-11-25,5Y,5,0.9991049866844148
2021-11-25,7Y,7,0.9966569915418253
2021-11-25,10Y,10,0.9892206833104948
2021-11-25,15Y,15,0.9644235748999354
2021-11-25,20Y,20,0.928728012704871
2021-11-25,25Y,25,0.8881834040770056
2021-11-25,30Y,30,0.8464098679090144
2021-11-26,1Y,1,1.000350102215006
2021-11-26,2Y,2,1.0004076370314632
2021-11-26,3Y,3,1.0002250634795384
2021-11-26,4Y,4,0.9999524758957176
2021-11-26,5Y,5,0.9994848950549142
2021-11-26,7Y,7,0.9974847336977752
2021-11-26,10Y,10,0.9907379156392936
2021-11-26,15Y,15,0.9669035596987057
2021-11-26,20Y,20,0.9321120956112322
2021-11-26,25Y,25,0.8923475513761987
2021-11-26,30Y,30,0.8511504791360319
2021-11-27,1Y,1,1.000350102215006
2021-11-27,2Y,2,1.0004826803195301
2021-11-27,3Y,3,1.0004651844130303
2021-11-27,4Y,4,1.0003326206656136
2021-11-27,5Y,5,0.9999299207047385
2021-11-27,7Y,7,0.9979839925310641
2021-11-27,10Y,10,0.9914536680934798
2021-11-27,15Y,15,0.9692239482868873
2021-11-27,20Y,20,0.9350814144471973
2021-11-27,25Y,25,0.8961061172036748
2021-11-27,30Y,30,0.8556786039129678
2021-11-28,1Y,1,1.0003000801766764
2021-11-28,2Y,2,1.0003075871788076
2021-11-28,3Y,3,1.0001550348033592
2021-11-28,4Y,4,0.999899968478916
2021-11-28,5Y,5,0.9994099207079985
2021-11-28,7Y,7,0.9972880337578466
2021-11-28,10Y,10,0.9902338055172976
2021-11-28,15Y,15,0.9659743557967191
2021-11-28,20Y,20,0.9310559636184
2021-11-28,25Y,25,0.8910915485815455
2021-11-28,30Y,30,0.8495633756326909
2021-11-29,1Y,1,1.0003651102211706
2021-11-29,2Y,2,1.0004376553906942
2021-11-29,3Y,3,1.0002500753092138
2021-11-29,4Y,4,0.9999599762744232
2021-11-29,5Y,5,0.9994698809261691
2021-11-29,7Y,7,0.9973847659854225
2021-11-29,10Y,10,0.9904457585550093
2021-11-29,15Y,15,0.9661683947498453
2021-11-29,20Y,20,0.9309998452607944
2021-11-29,25Y,25,0.8907432566390024
2021-11-29,30Y,30,0.8487170929569409
2021-11-30,1Y,1,1.0004251463520735
2021-11-30,2Y,2,1.0005727527960853
2021-11-30,3Y,3,1.0004802151397385
2021-11-30,4Y,4,1.0004677119836598
2021-11-30,5Y,5,1.0004551931135148
2021-11-30,7Y,7,0.9991185846468299
2021-11-30,10Y,10,0.9933389729104104
2021-11-30,15Y,15,0.9725682320703224
2021-11-30,20Y,20,0.9398728896414402
2021-11-30,25Y,25,0.9020021924600192
2021-11-30,30Y,30,0.8623416427099205
2021-12-01,1Y,1,1.0002800661832483
2021-12-01,2Y,2,1.0004326351596828
2021-12-01,3Y,3,1.0005251943762767
2021-12-01,4Y,4,1.0004726813782585
2021-12-01,5Y,5,1.0000449228046056
2021-12-01,7Y,7,0.9979449381676715
2021-12-01,10Y,10,0.991346775312586
2021-12-01,15Y,15,0.9682775773076268
2021-12-01,20Y,20,0.9344334783063329
2021-12-01,25Y,25,0.8953506833477892
2021-12-01,30Y,30,0.8546122252803802
2021-12-02,1Y,1,1.0003400908718347
2021-12-02,2Y,2,1.0005001837614715
2021-12-02,3Y,3,1.0004501751436043
2021-12-02,4Y,4,1.0002976067820317
2021-12-02,5Y,5,0.9999499433582946
2021-12-02,7Y,7,0.9981689140452261
2021-12-02,10Y,10,0.9917452206506814
2021-12-02,15Y,15,0.9687517212007287
2021-12-02,20Y,20,0.935112647706601
2021-12-02,25Y,25,0.8965674497735702
2021-12-02,30Y,30,0.8565172243774524
2021-12-03,1Y,1,1.0003050774368465
2021-12-03,2Y,2,1.0004376450897585
2021-12-03,3Y,3,1.0004601684841088
2021-12-03,4Y,4,1.0003901422235957
2021-12-03,5Y,5,1.000120012717786
2021-12-03,7Y,7,0.9984597323337939
2021-12-03,10Y,10,0.9920767631168244
2021-12-03,15Y,15,0.9695229825415309
2021-12-03,20Y,20,0.9366793566824859
2021-12-03,25Y,25,0.899441945130994
2021-12-03,30Y,30,0.8608964903701158
2021-12-06,1Y,1,1.0002800654140824
2021-12-06,2Y,2,1.0003951193891778
2021-12-06,3Y,3,1.0004401488870607
2021-12-06,4Y,4,1.0004401571981552
2021-12-06,5Y,5,1.0002200480454468
2021-12-06,7Y,7,0.9987036809784265
2021-12-06,10Y,10,0.9924751143817878
2021-12-06,15Y,15,0.9700823776356764
2021-12-06,20Y,20,0.9374196694012071
2021-12-06,25Y,25,0.9005841853130848
2021-12-06,30Y,30,0.8625230989534302
2021-12-07,1Y,1,1.000375115010327
2021-12-07,2Y,2,1.0004876866881949
2021-12-07,3Y,3,1.0003801428596897
2021-12-07,4Y,4,1.0002350815901961
2021-12-07,5Y,5,0.9999599628830017
2021-12-07,7Y,7,0.9982598856635488
2021-12-07,10Y,10,0.9917317284095429
2021-12-07,15Y,15,0.9685657612686832
2021-12-07,20Y,20,0.9350263758760534
2021-12-07,25Y,25,0.8970113925932718
2021-12-07,30Y,30,0.8576415137201137
2021-12-08,1Y,1,1.0002800661832483
2021-12-08,2Y,2,1.000387616308853
2021-12-08,3Y,3,1.0003751187202037
2021-12-08,4Y,4,1.000232561774017
2021-12-08,5Y,5,0.9998949467132419
2021-12-08,7Y,7,0.9982449813658557
2021-12-08,10Y,10,0.9917320081080934
2021-12-08,15Y,15,0.9683108130441715
2021-12-08,20Y,20,0.9343423433570323
2021-12-08,25Y,25,0.8958566835006108
2021-12-08,30Y,30,0.8560028084164596
2021-12-09,1Y,1,1.000275063585474
2021-12-09,2Y,2,1.0003776108107771
2021-12-09,3Y,3,1.0003901243170437
2021-12-09,4Y,4,1.00036011769389
2021-12-09,5Y,5,1.0001650309517491
2021-12-09,7Y,7,0.9987647275633135
2021-12-09,10Y,10,0.9924484264024489
2021-12-09,15Y,15,0.9696826138872504
2021-12-09,20Y,20,0.9363557787183387
2021-12-09,25Y,25,0.898278894058649
2021-12-09,30Y,30,0.8586566668120073
2021-12-10,1Y,1,1.000365111237497
2021-12-10,2Y,2,1.000460170594569
2021-12-10,3Y,3,1.000365132780256
2021-12-10,4Y,4,1.0002100656015278
2021-12-10,5Y,5,0.999879936812001
2021-12-10,7Y,7,0.9981099907278937
2021-12-10,10Y,10,0.9913334807604888
2021-12-10,15Y,15,0.968092145304464
2021-12-10,20Y,20,0.9344101326920917
2021-12-10,25Y,25,0.895986627363006
2021-12-10,30Y,30,0.8560120378952459
2021-12-11,1Y,1,1.000365111237497
2021-12-11,2Y,2,1.0005202058304992
2021-12-11,3Y,3,1.0005552435330565
2021-12-11,4Y,4,1.0004977222131954
2021-12-11,5Y,5,1.0002300693389634
2021-12-11,7Y,7,0.9986596531335856
2021-12-11,10Y,10,0.9927280837109559
2021-12-11,15Y,15,0.9716987837405303
2021-12-11,20Y,20,0.9392895857899307
2021-12-11,25Y,25,0.9021537076938504
2021-12-11,30Y,30,0.8635259444592002
2021-12-12,1Y,1,1.000285068831061
2021-12-12,2Y,2,1.000375112022197
2021-12-12,3Y,3,1.000345106320707
2021-12-12,4Y,4,1.000217556488233
2021-12-12,5Y,5,0.9998949475436929
2021-12-12,7Y,7,0.9981719919879055
2021-12-12,10Y,10,0.9914198094000471
2021-12-12,15Y,15,0.9680820033145612
2021-12-12,20Y,20,0.9343512858371565
2021-12-12,25Y,25,0.8957943626910456
2021-12-12,30Y,30,0.8557352004624895
2021-12-13,1Y,1,1.000400131914859
2021-12-13,2Y,2,1.0005302203789053
2021-12-13,3Y,3,1.0004601954149164
2021-12-13,4Y,4,1.0003676534946906
2021-12-13,5Y,5,1.0001350244798415
2021-12-13,7Y,7,0.9985186964472037
2021-12-13,10Y,10,0.9920100202048231
2021-12-13,15Y,15,0.9689725926519539
2021-12-13,20Y,20,0.9353888242268004
2021-12-13,25Y,25,0.897124778096536
2021-12-13,30Y,30,0.8573248015952989
2021-12-14,1Y,1,1.000300075448775
2021-12-14,2Y,2,1.0004801627923303
2021-12-14,3Y,3,1.0006302642878806
2021-12-14,4Y,4,1.0005577278176596
2021-12-14,5Y,5,1.0000949718610388
2021-12-14,7Y,7,0.9983537217516512
2021-12-14,10Y,10,0.9917443844976971
2021-12-14,15Y,15,0.968607649470607
2021-12-14,20Y,20,0.9348177289010094
2021-12-14,25Y,25,0.8963599679829483
2021-12-14,30Y,30,0.856528585027626
2021-12-15,1Y,1,1.000285068831061
2021-12-15,2Y,2,1.000390118618899
2021-12-15,3Y,3,1.0004051336873405
2021-12-15,4Y,4,1.0003551175912875
2021-12-15,5Y,5,1.0000949975541296
2021-12-15,7Y,7,0.9984447930926824
2021-12-15,10Y,10,0.9918309316385032
2021-12-15,15Y,15,0.96859798756254
2021-12-15,20Y,20,0.9347595865818245
2021-12-15,25Y,25,0.8960951029012177
2021-12-15,30Y,30,0.8559720271471085
2021-12-16,1Y,1,1.0003551093222638
2021-12-16,2Y,2,1.000455168079575
2021-12-16,3Y,3,1.0004751870158968
2021-12-16,4Y,4,1.000455184167894
2021-12-16,5Y,5,1.0002200577523528
2021-12-16,7Y,7,0.9987646591670272
2021-12-16,10Y,10,0.9924748459936644
2021-12-16,15Y,15,0.9699395901046963
2021-12-16,20Y,20,0.9366915578584296
2021-12-16,25Y,25,0.898597044327029
2021-12-16,30Y,30,0.8589141440622902
2021-12-17,1Y,1,1.0003551093222638
2021-12-17,2Y,2,1.000455168079575
2021-12-17,3Y,3,1.0004751870158968
2021-12-17,4Y,4,1.000455184167894
2021-12-17,5Y,5,1.0002200577523528
2021-12-17,7Y,7,0.9986096499797303
2021-12-17,10Y,10,0.9920762158318411
2021-12-17,15Y,15,0.9693512461408165
2021-12-17,20Y,20,0.9359903434335526
2021-12-17,25Y,25,0.8977195570728983
2021-12-17,30Y,30,0.8575643151587506
2021-12-18,1Y,1,1.0004051345189635
2021-12-18,2Y,2,1.0006152773727126
2021-12-18,3Y,3,1.0007153751283502
2021-12-18,4Y,4,1.0007429266722407
2021-12-18,5Y,5,1.0005853246595333
2021-12-18,7Y,7,0.9992685463206348
2021-12-18,10Y,10,0.9935645765144739
2021-12-18,15Y,15,0.9733760568733688
2021-12-18,20Y,20,0.9414039726851474
2021-12-18,25Y,25,0.9044036707465949
2021-12-18,30Y,30,0.8656217750299937
2021-12-19,1Y,1,1.0003100811571943
2021-12-19,2Y,2,1.0004251406588298
2021-12-19,3Y,3,1.0004401580659066
2021-12-19,4Y,4,1.0003951439973109
2021-12-19,5Y,5,1.0001750389631316
2021-12-19,7Y,7,0.9987176998663083
2021-12-19,10Y,10,0.9922489081463357
2021-12-19,15Y,15,0.9695582995484243
2021-12-19,20Y,20,0.936349572164643
2021-12-19,25Y,25,0.898138328075955
2021-12-19,30Y,30,0.8583846604394992
2021-12-20,1Y,1,1.0003651049521494
2021-12-20,2Y,2,1.0006102581645964
2021-12-20,3Y,3,1.0007353779901804
2021-12-20,4Y,4,1.0007629357678358
2021-12-20,5Y,5,1.0006403663576835
2021-12-20,7Y,7,0.9994535954626399
2021-12-20,10Y,10,0.9938503133344292
2021-12-20,15Y,15,0.9738310730234341
2021-12-20,20Y,20,0.9422921093052334
2021-12-20,25Y,25,0.905573261973218
2021-12-20,30Y,30,0.8669744093279885
2021-12-21,1Y,1,1.000355103524491
2021-12-21,2Y,2,1.0005227037119329
2021-12-21,3Y,3,1.0005602448456052
2021-12-21,4Y,4,1.0004977215612765
2021-12-21,5Y,5,1.000094948544567
2021-12-21,7Y,7,0.9980188264749393
2021-12-21,10Y,10,0.9911668425249528
2021-12-21,15Y,15,0.9679009715956776
2021-12-21,20Y,20,0.9342357202045252
2021-12-21,25Y,25,0.8957286066976291
2021-12-21,30Y,30,0.8554640689576297
2021-12-22,1Y,1,1.0003450989729947
2021-12-22,2Y,2,1.0004126389827526
2021-12-22,3Y,3,1.000240069096745
2021-12-22,4Y,4,0.9999849874887374
2021-12-22,5Y,5,0.999549895197732
2021-12-22,7Y,7,0.9974146687852468
2021-12-22,10Y,10,0.9902532286946328
2021-12-22,15Y,15,0.9668081941907871
2021-12-22,20Y,20,0.9329469663662904
2021-12-22,25Y,25,0.8942829943006492
2021-12-22,30Y,30,0.8541884596796825
2021-12-23,1Y,1,1.000300071165208
2021-12-23,2Y,2,1.0004801636466256
2021-12-23,3Y,3,1.0005001925622437
2021-12-23,4Y,4,1.0003476226494958
2021-12-23,5Y,5,0.9999749530577015
2021-12-23,7Y,7,0.9983648679573497
2021-12-23,10Y,10,0.9919779545144035
2021-12-23,15Y,15,0.9708129810183159
2021-12-23,20Y,20,0.9379279075976611
2021-12-23,25Y,25,0.9001977439636858
2021-12-23,30Y,30,0.860817788412344
2021-12-24,1Y,1,1.000245051084913
2021-12-24,2Y,2,1.0002950723705037
2021-12-24,3Y,3,1.000175035040622
2021-12-24,4Y,4,0.9999199733102586
2021-12-24,5Y,5,0.9995999638383031
2021-12-24,7Y,7,0.9982542660568764
2021-12-24,10Y,10,0.9918796709703654
2021-12-24,15Y,15,0.9706689660452185
2021-12-24,20Y,20,0.9376797605063582
2021-12-24,25Y,25,0.8997818752953551
2021-12-24,30Y,30,0.8602825372443045
2021-12-26,1Y,1,1.000300071165208
2021-12-26,2Y,2,1.0004051240019491
2021-12-26,3Y,3,1.0002600705483873
2021-12-26,4Y,4,0.9999674766614617
2021-12-26,5Y,5,0.9994999020042382
2021-12-26,7Y,7,0.9975346608137371
2021-12-26,10Y,10,0.9906248212149363
2021-12-26,15Y,15,0.9670247397812387
2021-12-26,20Y,20,0.9329793610636592
2021-12-26,25Y,25,0.8939321345453071
2021-12-26,30Y,30,0.8533372744630113
2021-12-27,1Y,1,1.00026005751809
2021-12-27,2Y,2,1.0003100802170253
2021-12-27,3Y,3,1.0002000456885367
2021-12-27,4Y,4,0.9999849868355091
2021-12-27,5Y,5,0.9995649202171156
2021-12-27,7Y,7,0.9976696062243795
2021-12-27,10Y,10,0.990757384721259
2021-12-27,15Y,15,0.9671903298735762
2021-12-27,20Y,20,0.9330632194313307
2021-12-27,25Y,25,0.8942623795832719
2021-12-27,30Y,30,0.854163968323005
2021-12-28,1Y,1,1.00026005751809
2021-12-28,2Y,2,1.0002950739053247
2021-12-28,3Y,3,1.0001400259168662
2021-12-28,4Y,4,0.999859964300429
2021-12-28,5Y,5,0.9993899462292694
2021-12-28,7Y,7,0.9973989751274995
2021-12-28,10Y,10,0.9902603695767164
2021-12-28,15Y,15,0.9664581819702015
2021-12-28,20Y,20,0.9321147279288082
2021-12-28,25Y,25,0.8931183410907135
2021-12-28,30Y,30,0.8528448906142704
2021-12-29,1Y,1,1.00026005751809
2021-12-29,2Y,2,1.0002875707051424
2021-12-29,3Y,3,1.0001150184899847
2021-12-29,4Y,4,0.9998199608760947
2021-12-29,5Y,5,0.9993249548661574
2021-12-29,7Y,7,0.9973081386146929
2021-12-29,10Y,10,0.9901611616228966
2021-12-29,15Y,15,0.9663121992218862
2021-12-29,20Y,20,0.9319257324198182
2021-12-29,25Y,25,0.8928171619362495
2021-12-29,30Y,30,0.8523022782267293
2021-12-30,1Y,1,1.0000750045565017
2021-12-30,2Y,2,1.000097507408154
2021-12-30,3Y,3,0.9999899926863275
2021-12-30,4Y,4,0.9996749835180643
2021-12-30,5Y,5,0.9990650803768132
2021-12-30,7Y,7,0.9965773612142541
2021-12-30,10Y,10,0.988644256761834
2021-12-30,15Y,15,0.9633514964996479
2021-12-30,20Y,20,0.9274477929749131
2021-12-30,25Y,25,0.8871150018687736
2021-12-30,30Y,30,0.8456790926789932
2021-12-31,1Y,1,1.0000750045565017
2021-12-31,2Y,2,1.000097507408154
2021-12-31,3Y,3,0.9999899926863275
2021-12-31,4Y,4,0.9996749835180643
2021-12-31,5Y,5,0.9990650803768132
2021-12-31,7Y,7,0.9965773612142541
2021-12-31,10Y,10,0.988644256761834
2021-12-31,15Y,15,0.9633514964996479
2021-12-31,20Y,20,0.9274477929749131
2021-12-31,25Y,25,0.8871150018687736
2021-12-31,30Y,30,0.8456790926789932
2022-01-01,1Y,1,1.0000750045565017
2022-01-01,2Y,2,1.00009000640494
2022-01-01,3Y,3,0.9999949961328874
2022-01-01,4Y,4,0.9997074798755042
2022-01-01,5Y,5,0.9991150662874657
2022-01-01,7Y,7,0.9967771200618074
2022-01-01,10Y,10,0.9880858106644185
2022-01-01,15Y,15,0.965894992029959
2022-01-01,20Y,20,0.9303967073129611
2022-01-01,25Y,25,0.8910000759704028
2022-01-01,30Y,30,0.8502083169286694
2022-01-02,1Y,1,1.0000750045565017
2022-01-02,2Y,2,1.00009000640494
2022-01-02,3Y,3,0.9999949961328874
2022-01-02,4Y,4,0.9997074798755042
2022-01-02,5Y,5,0.9991150662874657
2022-01-02,7Y,7,0.9967771200618074
2022-01-02,10Y,10,0.9893474154005232
2022-01-02,15Y,15,0.9627051576965431
2022-01-02,20Y,20,0.9268180621333588
2022-01-02,25Y,25,0.8899600752284408
2022-01-02,30Y,30,0.8503805552673277
2022-01-03,1Y,1,1.0000750045565017
2022-01-03,2Y,2,1.000097507408154
2022-01-03,3Y,3,0.9999899926863275
2022-01-03,4Y,4,0.9996749835180643
2022-01-03,5Y,5,0.9990650803768132
2022-01-03,7Y,7,0.9965773612142541
2022-01-03,10Y,10,0.988644256761834
2022-01-03,15Y,15,0.9633514964996479
2022-01-03,20Y,20,0.9274477929749131
2022-01-03,25Y,25,0.8871150018687736
2022-01-03,30Y,30,0.8456790926789932
2022-01-04,1Y,1,1.000110008363067
2022-01-04,2Y,2,1.0000399834067082
2022-01-04,3Y,3,0.999579978805301
2022-01-04,4Y,4,0.9989052607101204
2022-01-04,5Y,5,0.9983208663147485
2022-01-04,7Y,7,0.9958268519986022
2022-01-04,10Y,10,0.9868117505278922
2022-01-04,15Y,15,0.9609414201957817
2022-01-04,20Y,20,0.9248116389371227
2022-01-04,25Y,25,0.8844842769063743
2022-01-04,30Y,30,0.8431497768536159
2022-01-05,1Y,1,0.9999450019968091
2022-01-05,2Y,2,0.9998075151349796
2022-01-05,3Y,3,0.9994800904030169
2022-01-05,4Y,4,0.9989053897102107
2022-01-05,5Y,5,0.9980511988521967
2022-01-05,7Y,7,0.9949982770091483
2022-01-05,10Y,10,0.986405569567515
2022-01-05,15Y,15,0.9601532337608477
2022-01-05,20Y,20,0.9235928826876911
2022-01-05,25Y,25,0.8828242246625491
2022-01-05,30Y,30,0.8410456187574123
2022-01-06,1Y,1,0.9999200042747938
2022-01-06,2Y,2,0.9997200317470795
2022-01-06,3Y,3,0.9992901837735496
2022-01-06,4Y,4,0.9985756914897502
2022-01-06,5Y,5,0.997482039055706
2022-01-06,7Y,7,0.9938934792763923
2022-01-06,10Y,10,0.984339156064733
2022-01-06,15Y,15,0.9565423067488038
2022-01-06,20Y,20,0.9185378242988159
2022-01-06,25Y,25,0.8763025112742077
2022-01-06,30Y,30,0.8331964053799467
2022-01-07,1Y,1,0.9999100054871998
2022-01-07,2Y,2,0.9996400441171782
2022-01-07,3Y,3,0.9990303268514852
2022-01-07,4Y,4,0.9980812663671416
2022-01-07,5Y,5,0.9967335566686581
2022-01-07,7Y,7,0.9925298870038655
2022-01-07,10Y,10,0.9821332033592105
2022-01-07,15Y,15,0.9534516016260721
2022-01-07,20Y,20,0.9148646057293249
2022-01-07,25Y,25,0.8720235487349466
2022-01-07,30Y,30,0.8283402848469424
2022-01-10,1Y,1,0.9999949998562868
2022-01-10,2Y,2,0.9998099720288605
2022-01-10,3Y,3,0.9995150333986961
2022-01-10,4Y,4,0.9988799754459312
2022-01-10,5Y,5,0.9979408948394961
2022-01-10,7Y,7,0.9946468749292868
2022-01-10,10Y,10,0.9832165291896362
2022-01-10,15Y,15,0.9663893598788278
2022-01-10,20Y,20,0.9250617899418545
2022-01-10,25Y,25,0.8812359836926998
2022-01-10,30Y,30,0.8507714692207166
2022-01-11,1Y,1,0.9999100054871998
2022-01-11,2Y,2,0.9996400441171782
2022-01-11,3Y,3,0.9990503212557309
2022-01-11,4Y,4,0.9981461960295287
2022-01-11,5Y,5,0.9968483287299802
2022-01-11,7Y,7,0.9928116238612723
2022-01-11,10Y,10,0.9827395947083402
2022-01-11,15Y,15,0.9545043101700513
2022-01-11,20Y,20,0.9160112489909724
2022-01-11,25Y,25,0.8738275751122786
2022-01-11,30Y,30,0.8334790108299196
2022-01-12,1Y,1,0.9999100054871998
2022-01-12,2Y,2,0.9996700413215703
2022-01-12,3Y,3,0.9991202683976436
2022-01-12,4Y,4,0.998221071155245
2022-01-12,5Y,5,0.9970430089462164
2022-01-12,7Y,7,0.9935197074576221
2022-01-12,10Y,10,0.9838267387789155
2022-01-12,15Y,15,0.9560981193891702
2022-01-12,20Y,20,0.9189897709488514
2022-01-12,25Y,25,0.8781811519291531
2022-01-12,30Y,30,0.8367829617425385
2022-01-13,1Y,1,0.9999100054871998
2022-01-13,2Y,2,0.9996700413215703
2022-01-13,3Y,3,0.9991402638136236
2022-01-13,4Y,4,0.9983234906824668
2022-01-13,5Y,5,0.9971727047274115
2022-01-13,7Y,7,0.9934436837768282
2022-01-13,10Y,10,0.9837273629096968
2022-01-13,15Y,15,0.9561493785661396
2022-01-13,20Y,20,0.9195018709226634
2022-01-13,25Y,25,0.8792123318124354
2022-01-13,30Y,30,0.8384093680762166
2022-01-14,1Y,1,0.9999100054871998
2022-01-14,2Y,2,0.9995350501749449
2022-01-14,3Y,3,0.9986905809088733
2022-01-14,4Y,4,0.9975921260073835
2022-01-14,5Y,5,0.99623515151306
2022-01-14,7Y,7,0.9921254526472738
2022-01-14,10Y,10,0.981946584317575
2022-01-14,15Y,15,0.9537291460883737
2022-01-14,20Y,20,0.9165398776454303
2022-01-14,25Y,25,0.8758984413069968
2022-01-14,30Y,30,0.8348446257506171
2022-01-17,1Y,1,0.9999899991373312
2022-01-17,2Y,2,0.9999199995273107
2022-01-17,3Y,3,0.9992997967407924
2022-01-17,4Y,4,0.9984877946489991
2022-01-17,5Y,5,0.997455672631983
2022-01-17,7Y,7,0.9941860357658291
2022-01-17,10Y,10,0.9893611228242509
2022-01-17,15Y,15,0.9557686322970546
2022-01-17,20Y,20,0.9184809518391335
2022-01-17,25Y,25,0.8878372065037964
2022-01-17,30Y,30,0.8508996084898715
2022-01-18,1Y,1,0.9999899991373312
2022-01-18,2Y,2,0.9995975139876531
2022-01-18,3Y,3,0.998745480107787
2022-01-18,4Y,4,0.9976344354325423
2022-01-18,5Y,5,0.9962299612167135
2022-01-18,7Y,7,0.9920275525122133
2022-01-18,10Y,10,0.9817288221800377
2022-01-18,15Y,15,0.9537162039721117
2022-01-18,20Y,20,0.9169871396172363
2022-01-18,25Y,25,0.8768150900613004
2022-01-18,30Y,30,0.8361989257670469
2022-01-19,1Y,1,0.9999100054871998
2022-01-19,2Y,2,0.9995575493650378
2022-01-19,3Y,3,0.9987555237072944
2022-01-19,4Y,4,0.997679453870496
2022-01-19,5Y,5,0.9963348306011521
2022-01-19,7Y,7,0.9921897525010649
2022-01-19,10Y,10,0.9819590628822806
2022-01-19,15Y,15,0.9541647382241338
2022-01-19,20Y,20,0.917604191575149
2022-01-19,25Y,25,0.8775337703817775
2022-01-19,30Y,30,0.8366936291352625
2022-01-20,1Y,1,0.9999100054871998
2022-01-20,2Y,2,0.9995500496646008
2022-01-20,3Y,3,0.9987005548464942
2022-01-20,4Y,4,0.9975296736211157
2022-01-20,5Y,5,0.9960954568488204
2022-01-20,7Y,7,0.9918418793063409
2022-01-20,10Y,10,0.981373638077179
2022-01-20,15Y,15,0.9530052469296904
2022-01-20,20Y,20,0.9157050555867504
2022-01-20,25Y,25,0.8747504933760945
2022-01-20,30Y,30,0.833278464438466
2022-01-21,1Y,1,0.9999100054871998
2022-01-21,2Y,2,0.9995650490358831
2022-01-21,3Y,3,0.9987905002752477
2022-01-21,4Y,4,0.9977518398707493
2022-01-21,5Y,5,0.996464527319514
2022-01-21,7Y,7,0.9925230823879289
2022-01-21,10Y,10,0.9824525390230915
2022-01-21,15Y,15,0.9548600158620358
2022-01-21,20Y,20,0.9182090167677479
2022-01-21,25Y,25,0.8777874262127716
2022-01-21,30Y,30,0.8366306304023357
2022-01-22,1Y,1,0.9999100054871998
2022-01-22,2Y,2,0.9996700413215703
2022-01-22,3Y,3,0.9991202683976436
2022-01-22,4Y,4,0.998221071155245
2022-01-22,5Y,5,0.996968070352785
2022-01-22,7Y,7,0.9930334139691184
2022-01-22,10Y,10,0.9829230310803315
2022-01-22,15Y,15,0.9543552744673701
2022-01-22,20Y,20,0.9158028754180068
2022-01-22,25Y,25,0.8731269244197889
2022-01-22,30Y,30,0.8296060828370513
2022-01-24,1Y,1,1.0000750045565017
2022-01-24,2Y,2,1.00009000640494
2022-01-24,3Y,3,0.9999949961328874
2022-01-24,4Y,4,0.9997074798755042
2022-01-24,5Y,5,0.9991150662874657
2022-01-24,7Y,7,0.9956137319386097
2022-01-24,10Y,10,0.9893521987816712
2022-01-24,15Y,15,0.9578977109431868
2022-01-24,20Y,20,0.9178735502494645
2022-01-24,25Y,25,0.8789522411963099
2022-01-24,30Y,30,0.8382284608407514
2022-01-25,1Y,1,1.0000750045565017
2022-01-25,2Y,2,1.00009000640494
2022-01-25,3Y,3,0.9994947755622694
2022-01-25,4Y,4,0.9980330479677931
2022-01-25,5Y,5,0.9963984859683765
2022-01-25,7Y,7,0.9923719629203672
2022-01-25,10Y,10,0.9822192115694277
2022-01-25,15Y,15,0.9545468984327625
2022-01-25,20Y,20,0.9180564774086716
2022-01-25,25Y,25,0.8777515763336989
2022-01-25,30Y,30,0.8366434564410138
2022-01-26,1Y,1,0.9999899991373312
2022-01-26,2Y,2,0.9997100151522267
2022-01-26,3Y,3,0.9991202352913033
2022-01-26,4Y,4,0.9982210171070203
2022-01-26,5Y,5,0.9969679952836072
2022-01-26,7Y,7,0.9930332893166399
2022-01-26,10Y,10,0.9829228160708503
2022-01-26,15Y,15,0.9543548996573439
2022-01-26,20Y,20,0.9170302542605768
2022-01-26,25Y,25,0.8754374748927727
2022-01-26,30Y,30,0.8294850452907112
2022-01-27,1Y,1,0.9999899991373312
2022-01-27,2Y,2,0.9995450111653496
2022-01-27,3Y,3,0.998560626273049
2022-01-27,4Y,4,0.9973100240097946
2022-01-27,5Y,5,0.9957912970350958
2022-01-27,7Y,7,0.9914037449814206
2022-01-27,10Y,10,0.9807695915343942
2022-01-27,15Y,15,0.9518442725424516
2022-01-27,20Y,20,0.9141188148906806
2022-01-27,25Y,25,0.872914444745351
2022-01-27,30Y,30,0.8312226966503238
2022-01-28,1Y,1,0.9999899991373312
2022-01-28,2Y,2,0.9995300100924935
2022-01-28,3Y,3,0.998510670367865
2022-01-28,4Y,4,0.9972176994484325
2022-01-28,5Y,5,0.9956517306786502
2022-01-28,7Y,7,0.9911443950593146
2022-01-28,10Y,10,0.980091838742264
2022-01-28,15Y,15,0.9510158642771273
2022-01-28,20Y,20,0.9130816889249093
2022-01-28,25Y,25,0.8716171584658908
2022-01-28,30Y,30,0.8296790153503283
2022-01-31,1Y,1,0.9999899991373312
2022-01-31,2Y,2,0.9995300100924935
2022-01-31,3Y,3,0.9991301974590934
2022-01-31,4Y,4,0.99845509563072
2022-01-31,5Y,5,0.9962679737668385
2022-01-31,7Y,7,0.9911413014846983
2022-01-31,10Y,10,0.9862263429793973
2022-01-31,15Y,15,0.9522592962739795
2022-01-31,20Y,20,0.9211260177851395
2022-01-31,25Y,25,0.8754069749275352
2022-01-31,30Y,30,0.8291184843073371
2022-02-01,1Y,1,0.9999899991373312
2022-02-01,2Y,2,0.9994925068920482
2022-02-01,3Y,3,0.9983458043820471
2022-02-01,4Y,4,0.996875874961527
2022-02-01,5Y,5,0.995133427938397
2022-02-01,7Y,7,0.9901808965508148
2022-02-01,10Y,10,0.9786149487876282
2022-02-01,15Y,15,0.9480341951917718
2022-02-01,20Y,20,0.9084986526774667
2022-02-01,25Y,25,0.8653422212639299
2022-02-01,30Y,30,0.8216083646125723
2022-02-02,1Y,1,0.9999899991373312
2022-02-02,2Y,2,0.9995300100924935
2022-02-02,3Y,3,0.998510670367865
2022-02-02,4Y,4,0.9972176994484325
2022-02-02,5Y,5,0.9956517306786502
2022-02-02,7Y,7,0.9910856326932582
2022-02-02,10Y,10,0.9799596645607341
2022-02-02,15Y,15,0.9495804840243603
2022-02-02,20Y,20,0.9099478999732485
2022-02-02,25Y,25,0.8666361881754511
2022-02-02,30Y,30,0.8227938681395598
2022-02-03,1Y,1,0.9999899977366998
2022-02-03,2Y,2,0.9995525367417393
2022-02-03,3Y,3,0.9985255803557574
2022-02-03,4Y,4,0.9969054924883473
2022-02-03,5Y,5,0.9949835815844068
2022-02-03,7Y,7,0.9900116707034419
2022-02-03,10Y,10,0.9782861771385192
2022-02-03,15Y,15,0.94839670293206
2022-02-03,20Y,20,0.907810889140723
2022-02-03,25Y,25,0.8633299766351813
2022-02-03,30Y,30,0.8194925238328289
2022-02-04,1Y,1,0.9998899996983092
2022-02-04,2Y,2,0.9991051959978482
2022-02-04,3Y,3,0.9976120060900703
2022-02-04,4Y,4,0.9957841758698289
2022-02-04,5Y,5,0.9936403850651567
2022-02-04,7Y,7,0.9878797426521531
2022-02-04,10Y,10,0.9746937238257241
2022-02-04,15Y,15,0.9412765857767218
2022-02-04,20Y,20,0.8994868825296505
2022-02-04,25Y,25,0.855010583381046
2022-02-04,30Y,30,0.8108391855211826
2022-02-05,1Y,1,1.0000750045565017
2022-02-05,2Y,2,1.00009000640494
2022-02-05,3Y,3,0.9999949961328874
2022-02-05,4Y,4,0.9997074798755042
2022-02-05,5Y,5,0.9991150662874657
2022-02-05,7Y,7,0.9967771200618074
2022-02-05,10Y,10,0.9893474154005232
2022-02-05,15Y,15,0.965626221391798
2022-02-05,20Y,20,0.930492635882807
2022-02-05,25Y,25,0.8909798530311478
2022-02-05,30Y,30,0.850184581796425
2022-02-06,1Y,1,0.9998400051722872
2022-02-06,2Y,2,0.9991402645934627
2022-02-06,3Y,3,0.997941622743011
2022-02-06,4Y,4,0.996362551109919
2022-02-06,5Y,5,0.9943320515895848
2022-02-06,7Y,7,0.9886604494371729
2022-02-06,10Y,10,0.9759218290113165
2022-02-06,15Y,15,0.9432481245459474
2022-02-06,20Y,20,0.90185288701226
2022-02-06,25Y,25,0.8576690121320943
2022-02-06,30Y,30,0.8138284848381818
2022-02-07,1Y,1,0.9997750199580683
2022-02-07,2Y,2,0.998882934245157
2022-02-07,3Y,3,0.9973227730239382
2022-02-07,4Y,4,0.9954257741827366
2022-02-07,5Y,5,0.9931483999663283
2022-02-07,7Y,7,0.9869781611363565
2022-02-07,10Y,10,0.9732775258906706
2022-02-07,15Y,15,0.938522303134917
2022-02-07,20Y,20,0.8941647542394198
2022-02-07,25Y,25,0.8475182041721708
2022-02-07,30Y,30,0.8021763169565563
2022-02-08,1Y,1,0.999849989076083
2022-02-08,2Y,2,0.998875414981933
2022-02-08,3Y,3,0.9973327282914378
2022-02-08,4Y,4,0.9954306037552557
2022-02-08,5Y,5,0.9930535991755706
2022-02-08,7Y,7,0.9861970937400837
2022-02-08,10Y,10,0.9725660738829581
2022-02-08,15Y,15,0.9364655107701504
2022-02-08,20Y,20,0.8916360777569822
2022-02-08,25Y,25,0.844913576256092
2022-02-08,30Y,30,0.7992057850892555
2022-02-09,1Y,1,0.9998300077598365
2022-02-09,2Y,2,0.999135273741479
2022-02-09,3Y,3,0.997861690376573
2022-02-09,4Y,4,0.9961031549631469
2022-02-09,5Y,5,0.9939187556760495
2022-02-09,7Y,7,0.9879902500007369
2022-02-09,10Y,10,0.9748083600684216
2022-02-09,15Y,15,0.9403217069224816
2022-02-09,20Y,20,0.8969394976915438
2022-02-09,25Y,25,0.8514626013425332
2022-02-09,30Y,30,0.8069760192333902
2022-02-10,1Y,1,0.99966007181685
2022-02-10,2Y,2,0.9987956075475978
2022-02-10,3Y,3,0.9972530639115014
2022-02-10,4Y,4,0.9953014298282683
2022-02-10,5Y,5,0.993004542533442
2022-02-10,7Y,7,0.9867697610280342
2022-02-10,10Y,10,0.9727746041831979
2022-02-10,15Y,15,0.9365686585621641
2022-02-10,20Y,20,0.8915788965227125
2022-02-10,25Y,25,0.8447596927124245
2022-02-10,30Y,30,0.7986547507207977
2022-02-11,1Y,1,0.99966007181685
2022-02-11,2Y,2,0.9987356355035207
2022-02-11,3Y,3,0.9970534658285557
2022-02-11,4Y,4,0.9950076259107202
2022-02-11,5Y,5,0.9926716632348853
2022-02-11,7Y,7,0.9863361335852942
2022-02-11,10Y,10,0.9721761061404997
2022-02-11,15Y,15,0.9355644242569893
2022-02-11,20Y,20,0.8903110523340674
2022-02-11,25Y,25,0.8433153343357132
2022-02-11,30Y,30,0.7971957448930127
2022-02-14,1Y,1,0.9996350807201182
2022-02-14,2Y,2,0.9987606798615254
2022-02-14,3Y,3,0.9972781004400282
2022-02-14,4Y,4,0.9953812396888159
2022-02-14,5Y,5,0.9930741747216518
2022-02-14,7Y,7,0.9865657808398821
2022-02-14,10Y,10,0.9719603338456108
2022-02-14,15Y,15,0.9342174014241699
2022-02-14,20Y,20,0.8874315078791513
2022-02-14,25Y,25,0.8388719082491745
2022-02-14,30Y,30,0.7915549676353841
2022-02-15,1Y,1,0.9996150951314003
2022-02-15,2Y,2,0.9986907351484366
2022-02-15,3Y,3,0.9970685530845639
2022-02-15,4Y,4,0.9950051578886614
2022-02-15,5Y,5,0.9924874166890143
2022-02-15,7Y,7,0.9856611054110229
2022-02-15,10Y,10,0.9706779906496091
2022-02-15,15Y,15,0.9322769557422053
2022-02-15,20Y,20,0.8840821949432748
2022-02-15,25Y,25,0.8344200205171002
2022-02-15,30Y,30,0.7868657130544834
2022-02-16,1Y,1,0.9997250295480984
2022-02-16,2Y,2,0.9987231115607503
2022-02-16,3Y,3,0.9971333601176017
2022-02-16,4Y,4,0.9952517033197187
2022-02-16,5Y,5,0.9928751764794984
2022-02-16,7Y,7,0.9856732355947866
2022-02-16,10Y,10,0.9705040999694042
2022-02-16,15Y,15,0.9307897397898994
2022-02-16,20Y,20,0.881825364700585
2022-02-16,25Y,25,0.8312238654307603
2022-02-16,30Y,30,0.7822845522000931
2022-02-17,1Y,1,0.9996850399286704
2022-02-17,2Y,2,0.9987406807010616
2022-02-17,3Y,3,0.9971981876916837
2022-02-17,4Y,4,0.9950944698129972
2022-02-17,5Y,5,0.9924420465668242
2022-02-17,7Y,7,0.9854471703847122
2022-02-17,10Y,10,0.9701287461787192
2022-02-17,15Y,15,0.9290179580287772
2022-02-17,20Y,20,0.8766664374322831
2022-02-17,25Y,25,0.8240654097641111
2022-02-17,30Y,30,0.7729402633054744
2022-02-18,1Y,1,0.9996050963619345
2022-02-18,2Y,2,0.9988206855352613
2022-02-18,3Y,3,0.9975675982408405
2022-02-18,4Y,4,0.995772255070053
2022-02-18,5Y,5,0.9933470420078433
2022-02-18,7Y,7,0.9865308151822619
2022-02-18,10Y,10,0.9715182058754785
2022-02-18,15Y,15,0.9330256567450932
2022-02-18,20Y,20,0.8842805777633007
2022-02-18,25Y,25,0.833869654468285
2022-02-18,30Y,30,0.7846264099453722
2022-02-19,1Y,1,0.9996050963619345
2022-02-19,2Y,2,0.9988206855352613
2022-02-19,3Y,3,0.9975675982408405
2022-02-19,4Y,4,0.995772255070053
2022-02-19,5Y,5,0.9933470420078433
2022-02-19,7Y,7,0.9865308151822619
2022-02-19,10Y,10,0.9715182058754785
2022-02-19,15Y,15,0.9330256567450932
2022-02-19,20Y,20,0.8842805777633007
2022-02-19,25Y,25,0.833869654468285
2022-02-19,30Y,30,0.7846264099453722
2022-02-20,1Y,1,0.9997750179888989
2022-02-20,2Y,2,0.99899540133915
2022-02-20,3Y,3,0.9976871184612814
2022-02-20,4Y,4,0.9959039604624909
2022-02-20,5Y,5,0.9935655348369955
2022-02-20,7Y,7,0.9870831986974481
2022-02-20,10Y,10,0.9724368268898693
2022-02-20,15Y,15,0.9340575085707157
2022-02-20,20Y,20,0.8864146027843296
2022-02-20,25Y,25,0.8370961023701067
2022-02-20,30Y,30,0.7891953597577281
2022-02-21,1Y,1,0.9997600194688437
2022-02-21,2Y,2,0.9988979744593339
2022-02-21,3Y,3,0.9974775389504834
2022-02-21,4Y,4,0.9956424810759229
2022-02-21,5Y,5,0.9933271979469542
2022-02-21,7Y,7,0.9867858860007115
2022-02-21,10Y,10,0.9719691426035251
2022-02-21,15Y,15,0.933974341174863
2022-02-21,20Y,20,0.8868454289774049
2022-02-21,25Y,25,0.8377717498903217
2022-02-21,30Y,30,0.7897224892916243
2022-02-22,1Y,1,0.9997850134668361
2022-02-22,2Y,2,0.9990603678181268
2022-02-22,3Y,3,0.9979567289183618
2022-02-22,4Y,4,0.9964624340741597
2022-02-22,5Y,5,0.9944117866710382
2022-02-22,7Y,7,0.9883717637910482
2022-02-22,10Y,10,0.9747779766883466
2022-02-22,15Y,15,0.9401840420352903
2022-02-22,20Y,20,0.8954357283480797
2022-02-22,25Y,25,0.84841427559137
2022-02-22,30Y,30,0.8019447528463732
2022-02-23,1Y,1,0.9998400066977337
2022-02-23,2Y,2,0.999207736794807
2022-02-23,3Y,3,0.9981063685994606
2022-02-23,4Y,4,0.996539437921981
2022-02-23,5Y,5,0.9944462120634846
2022-02-23,7Y,7,0.9884237090048692
2022-02-23,10Y,10,0.9749935331971553
2022-02-23,15Y,15,0.9396396047563949
2022-02-23,20Y,20,0.8946677128868245
2022-02-23,25Y,25,0.8476356203652095
2022-02-23,30Y,30,0.8020130445505261
2022-02-24,1Y,1,0.9997000574897831
2022-02-24,2Y,2,0.9991153849467329
2022-02-24,3Y,3,0.998061552244352
2022-02-24,4Y,4,0.9965672088470252
2022-02-24,5Y,5,0.9946509282141996
2022-02-24,7Y,7,0.9890381005537411
2022-02-24,10Y,10,0.9757142856021139
2022-02-24,15Y,15,0.9399159173754006
2022-02-24,20Y,20,0.8948153740575936
2022-02-24,25Y,25,0.8479541178572583
2022-02-24,30Y,30,0.8011299989086759
2022-02-25,1Y,1,0.9997800152011892
2022-02-25,2Y,2,0.9989379249377903
2022-02-25,3Y,3,0.9975573768609993
2022-02-25,4Y,4,0.9958244102283433
2022-02-25,5Y,5,0.9935858219736063
2022-02-25,7Y,7,0.9872037746884114
2022-02-25,10Y,10,0.9728904022862822
2022-02-25,15Y,15,0.9344590178979908
2022-02-25,20Y,20,0.8865703616149273
2022-02-25,25Y,25,0.8365414714753506
2022-02-25,30Y,30,0.7875575335712772
2022-02-26,1Y,1,0.9996500778338825
2022-02-26,2Y,2,0.9989555322889072
2022-02-26,3Y,3,0.9978320608280061
2022-02-26,4Y,4,0.996200793102779
2022-02-26,5Y,5,0.9939489007791723
2022-02-26,7Y,7,0.9876139427286006
2022-02-26,10Y,10,0.9732600229022035
2022-02-26,15Y,15,0.9364108730050672
2022-02-26,20Y,20,0.8889189850469968
2022-02-26,25Y,25,0.8392575576801253
2022-02-26,30Y,30,0.7905078373716738
2022-02-27,1Y,1,0.9998300077598365
2022-02-27,2Y,2,0.9991652641375506
2022-02-27,3Y,3,0.9980215069684302
2022-02-27,4Y,4,0.9964198002800232
2022-02-27,5Y,5,0.9942669948313104
2022-02-27,7Y,7,0.9880617420944752
2022-02-27,10Y,10,0.9739036968054692
2022-02-27,15Y,15,0.9361869179495464
2022-02-27,20Y,20,0.8889491048072884
2022-02-27,25Y,25,0.8394887856531169
2022-02-27,30Y,30,0.7910116424191794
2022-02-28,1Y,1,0.9998350064410705
2022-02-28,2Y,2,0.9991227737056779
2022-02-28,3Y,3,0.9979316674067951
2022-02-28,4Y,4,0.996424981158672
2022-02-28,5Y,5,0.9945464590811481
2022-02-28,7Y,7,0.9887049856567608
2022-02-28,10Y,10,0.9748924623872401
2022-02-28,15Y,15,0.9383369057249477
2022-02-28,20Y,20,0.8918548830302792
2022-02-28,25Y,25,0.843010321698862
2022-02-28,30Y,30,0.7952570673633798
2022-03-01,1Y,1,0.9999299993869399
2022-03-01,2Y,2,0.9994625809144316
2022-03-01,3Y,3,0.998605696766401
2022-03-01,4Y,4,0.9975073093953462
2022-03-01,5Y,5,0.9959907110580795
2022-03-01,7Y,7,0.9908473297369444
2022-03-01,10Y,10,0.9780315548457926
2022-03-01,15Y,15,0.9423442701750812
2022-03-01,20Y,20,0.8969356315714514
2022-03-01,25Y,25,0.8491645197962903
2022-03-01,30Y,30,0.8021655092373126
2022-03-02,1Y,1,0.9997950270873271
2022-03-02,2Y,2,0.9994101741107537
2022-03-02,3Y,3,0.9987856497714924
2022-03-02,4Y,4,0.9976719476042093
2022-03-02,5Y,5,0.9958707243623387
2022-03-02,7Y,7,0.9906204680326638
2022-03-02,10Y,10,0.9776044657253684
2022-03-02,15Y,15,0.9421671483047668
2022-03-02,20Y,20,0.8968410829468536
2022-03-02,25Y,25,0.8490002255040895
2022-03-02,30Y,30,0.8016518585938309
2022-03-03,1Y,1,0.9997650355544146
2022-03-03,2Y,2,0.9991927760467595
2022-03-03,3Y,3,0.9981413906769669
2022-03-03,4Y,4,0.9967666686555852
2022-03-03,5Y,5,0.9949745932549507
2022-03-03,7Y,7,0.9893357829116659
2022-03-03,10Y,10,0.9759983089949149
2022-03-03,15Y,15,0.9401036949965967
2022-03-03,20Y,20,0.8943320058285383
2022-03-03,25Y,25,0.8461153756857267
2022-03-03,30Y,30,0.7987409059056574
2022-03-04,1Y,1,0.9998050256469676
2022-03-04,2Y,2,0.9994376547981171
2022-03-04,3Y,3,0.998800617152347
2022-03-04,4Y,4,0.9978093449396084
2022-03-04,5Y,5,0.996294822445127
2022-03-04,7Y,7,0.9912185101336817
2022-03-04,10Y,10,0.9787286195412751
2022-03-04,15Y,15,0.9461054198465934
2022-03-04,20Y,20,0.902990335859371
2022-03-04,25Y,25,0.8568308994757655
2022-03-04,30Y,30,0.8108259133365964
2022-03-06,1Y,1,0.9999649980181944
2022-03-06,2Y,2,0.9995850450337724
2022-03-06,3Y,3,0.9988954218889906
2022-03-06,4Y,4,0.997896519316968
2022-03-06,5Y,5,0.9964242546987265
2022-03-06,7Y,7,0.9916739118868841
2022-03-06,10Y,10,0.9796409767399905
2022-03-06,15Y,15,0.9464913042422922
2022-03-06,20Y,20,0.9036976156355012
2022-03-06,25Y,25,0.8579170957340466
2022-03-06,30Y,30,0.8126383962878131
2022-03-07,1Y,1,0.9999049986016234
2022-03-07,2Y,2,0.9994126235312923
2022-03-07,3Y,3,0.9986307276503588
2022-03-07,4Y,4,0.9975447459334235
2022-03-07,5Y,5,0.9959457974537779
2022-03-07,7Y,7,0.9907130263847875
2022-03-07,10Y,10,0.9778624101531616
2022-03-07,15Y,15,0.9448166990131077
2022-03-07,20Y,20,0.9017023759596451
2022-03-07,25Y,25,0.8555390740727716
2022-03-07,30Y,30,0.8093505044864443
2022-03-08,1Y,1,0.9998899996983092
2022-03-08,2Y,2,0.9993676468340661
2022-03-08,3Y,3,0.9985458324384738
2022-03-08,4Y,4,0.9973875404344104
2022-03-08,5Y,5,0.9956316557440472
2022-03-08,7Y,7,0.9901369021277105
2022-03-08,10Y,10,0.9764693444937971
2022-03-08,15Y,15,0.9418818666371296
2022-03-08,20Y,20,0.8970675518330952
2022-03-08,25Y,25,0.8494801251105618
2022-03-08,30Y,30,0.8022288532641701
2022-03-09,1Y,1,0.9999099994864773
2022-03-09,2Y,2,0.9994001157464342
2022-03-09,3Y,3,0.9984708422061278
2022-03-09,4Y,4,0.9972203475696175
2022-03-09,5Y,5,0.9954622044347672
2022-03-09,7Y,7,0.9899088191890059
2022-03-09,10Y,10,0.9759387860462768
2022-03-09,15Y,15,0.9415807139715416
2022-03-09,20Y,20,0.8976057689184712
2022-03-09,25Y,25,0.8512118481580723
2022-03-09,30Y,30,0.804360964245007
2022-03-10,1Y,1,0.9997100533783436
2022-03-10,2Y,2,0.9991728468029889
2022-03-10,3Y,3,0.9981263744548732
2022-03-10,4Y,4,0.9964147638750984
2022-03-10,5Y,5,0.9944667220159072
2022-03-10,7Y,7,0.9883713985130355
2022-03-10,10Y,10,0.9741885029640499
2022-03-10,15Y,15,0.9378205189612494
2022-03-10,20Y,20,0.8922252884632169
2022-03-10,25Y,25,0.8441804417118866
2022-03-10,30Y,30,0.7968800474392703
2022-03-11,1Y,1,0.9998400043907745
2022-03-11,2Y,2,0.9991027798814847
2022-03-11,3Y,3,0.997826791869769
2022-03-11,4Y,4,0.9961830869447943
2022-03-11,5Y,5,0.9940931493806303
2022-03-11,7Y,7,0.987901938104725
2022-03-11,10Y,10,0.9735456502686606
2022-03-11,15Y,15,0.9372630781753357
2022-03-11,20Y,20,0.8919350587139128
2022-03-11,25Y,25,0.8441441311926208
2022-03-11,30Y,30,0.7969420052247608
2022-03-12,1Y,1,0.9997150508695685
2022-03-12,2Y,2,0.9991228675631695
2022-03-12,3Y,3,0.998161470286652
2022-03-12,4Y,4,0.996829090867927
2022-03-12,5Y,5,0.9949646199747849
2022-03-12,7Y,7,0.9890411881396276
2022-03-12,10Y,10,0.9750205531861149
2022-03-12,15Y,15,0.940207231995441
2022-03-12,20Y,20,0.8946303248116053
2022-03-12,25Y,25,0.8464802454890072
2022-03-12,30Y,30,0.7990185476112092
2022-03-13,1Y,1,0.9998500042726808
2022-03-13,2Y,2,0.9991902349900613
2022-03-13,3Y,3,0.9980514455370469
2022-03-13,4Y,4,0.9964971006094363
2022-03-13,5Y,5,0.9943914399959136
2022-03-13,7Y,7,0.988113695161169
2022-03-13,10Y,10,0.9736331398424352
2022-03-13,15Y,15,0.936900323980534
2022-03-13,20Y,20,0.8909362289596479
2022-03-13,25Y,25,0.842532217777997
2022-03-13,30Y,30,0.795139471291846
2022-03-14,1Y,1,0.9998050079764532
2022-03-14,2Y,2,0.9989503921722516
2022-03-14,3Y,3,0.9975473624946389
2022-03-14,4Y,4,0.9957669835360027
2022-03-14,5Y,5,0.9934413384243629
2022-03-14,7Y,7,0.9869231493628594
2022-03-14,10Y,10,0.9719863584530452
2022-03-14,15Y,15,0.9345595851790145
2022-03-14,20Y,20,0.8881619120301205
2022-03-14,25Y,25,0.8397865500036031
2022-03-14,30Y,30,0.7925439117357365
2022-03-15,1Y,1,0.9997850094028211
2022-03-15,2Y,2,0.998947932838272
2022-03-15,3Y,3,0.9976622272106501
2022-03-15,4Y,4,0.9960237972006967
2022-03-15,5Y,5,0.9938495390048205
2022-03-15,7Y,7,0.9873610523390739
2022-03-15,10Y,10,0.9723423868656141
2022-03-15,15Y,15,0.9357711811433691
2022-03-15,20Y,20,0.8885769475357926
2022-03-15,25Y,25,0.8394009233843587
2022-03-15,30Y,30,0.791387953656013
2022-03-16,1Y,1,0.999785010437626
2022-03-16,2Y,2,0.9989629222644866
2022-03-16,3Y,3,0.9976522068217141
2022-03-16,4Y,4,0.9958965384316172
2022-03-16,5Y,5,0.9935506441882116
2022-03-16,7Y,7,0.9868160243896072
2022-03-16,10Y,10,0.9717498092604895
2022-03-16,15Y,15,0.9335633917939447
2022-03-16,20Y,20,0.8856626308816202
2022-03-16,25Y,25,0.836141758284965
2022-03-16,30Y,30,0.7876840195735689
2022-03-17,1Y,1,0.9997750117806264
2022-03-17,2Y,2,0.998905465481798
2022-03-17,3Y,3,0.9975374480272394
2022-03-17,4Y,4,0.9957495914294615
2022-03-17,5Y,5,0.9933617216737973
2022-03-17,7Y,7,0.9865192933415585
2022-03-17,10Y,10,0.9711499323905888
2022-03-17,15Y,15,0.9338689174821244
2022-03-17,20Y,20,0.886087340852467
2022-03-17,25Y,25,0.8363471020718073
2022-03-17,30Y,30,0.7876763716525439
2022-03-18,1Y,1,0.9997650131985661
2022-03-18,2Y,2,0.99889298872012
2022-03-18,3Y,3,0.997562440624991
2022-03-18,4Y,4,0.9958593543456685
2022-03-18,5Y,5,0.9935958016313032
2022-03-18,7Y,7,0.9869413295203917
2022-03-18,10Y,10,0.9718351157800437
2022-03-18,15Y,15,0.9350033814074571
2022-03-18,20Y,20,0.8877591550980182
2022-03-18,25Y,25,0.8385553532662613
2022-03-18,30Y,30,0.7904256886858775
2022-03-19,1Y,1,0.9996350780268266
2022-03-19,2Y,2,0.9988356435604772
2022-03-19,3Y,3,0.9975775591656229
2022-03-19,4Y,4,0.9958670134787456
2022-03-19,5Y,5,0.9935960250216478
2022-03-19,7Y,7,0.9869416550668038
2022-03-19,10Y,10,0.9718356088826675
2022-03-19,15Y,15,0.9350041233122882
2022-03-19,20Y,20,0.8877601119995179
2022-03-19,25Y,25,0.8385564501984433
2022-03-19,30Y,30,0.7904268753153838
2022-03-20,1Y,1,0.9996350780268266
2022-03-20,2Y,2,0.9988281483157478
2022-03-20,3Y,3,0.9975625938015573
2022-03-20,4Y,4,0.9958595620855865
2022-03-20,5Y,5,0.9935960610295733
2022-03-20,7Y,7,0.9869417100633848
2022-03-20,10Y,10,0.9718356921578288
2022-03-20,15Y,15,0.935004248599777
2022-03-20,20Y,20,0.8877602735858076
2022-03-20,25Y,25,0.8385566354230517
2022-03-20,30Y,30,0.7904270756869722
2022-03-21,1Y,1,0.9996350780268266
2022-03-21,2Y,2,0.9987606897804582
2022-03-21,3Y,3,0.9973280303592656
2022-03-21,4Y,4,0.9955432812203348
2022-03-21,5Y,5,0.9933378677638706
2022-03-21,7Y,7,0.9864222151603272
2022-03-21,10Y,10,0.9712241000302579
2022-03-21,15Y,15,0.9337067700613546
2022-03-21,20Y,20,0.8869054440686878
2022-03-21,25Y,25,0.8378364260521735
2022-03-21,30Y,30,0.7900327481336444
2022-03-22,1Y,1,0.9997250209046137
2022-03-22,2Y,2,0.9986481893157749
2022-03-22,3Y,3,0.9969337882447066
2022-03-22,4Y,4,0.9948656524420233
2022-03-22,5Y,5,0.9924480358289376
2022-03-22,7Y,7,0.9852390600690695
2022-03-22,10Y,10,0.9695333135328164
2022-03-22,15Y,15,0.931323331072477
2022-03-22,20Y,20,0.882750563556204
2022-03-22,25Y,25,0.832454238927675
2022-03-22,30Y,30,0.7833048228256421
2022-03-23,1Y,1,0.999565108140519
2022-03-23,2Y,2,0.9986433965274413
2022-03-23,3Y,3,0.9972433689658889
2022-03-23,4Y,4,0.9953090957041134
2022-03-23,5Y,5,0.9927507129566374
2022-03-23,7Y,7,0.9851780830728271
2022-03-23,10Y,10,0.9695881722148322
2022-03-23,15Y,15,0.9302298499213056
2022-03-23,20Y,20,0.8829145503488397
2022-03-23,25Y,25,0.8318116475757701
2022-03-23,30Y,30,0.7803900583870489
2022-03-24,1Y,1,0.9995801003746452
2022-03-24,2Y,2,0.9986433724089862
2022-03-24,3Y,3,0.9970386271546048
2022-03-24,4Y,4,0.9947109892746039
2022-03-24,5Y,5,0.9919604294637426
2022-03-24,7Y,7,0.9841580665854951
2022-03-24,10Y,10,0.9674851349827913
2022-03-24,15Y,15,0.9279940032624273
2022-03-24,20Y,20,0.8789103431993475
2022-03-24,25Y,25,0.827662169707833
2022-03-24,30Y,30,0.7782371259872103
2022-03-25,1Y,1,0.9995701060601782
2022-03-25,2Y,2,0.998466016977233
2022-03-25,3Y,3,0.9966147706564051
2022-03-25,4Y,4,0.9942434914779322
2022-03-25,5Y,5,0.9912650970706273
2022-03-25,7Y,7,0.9827344804986605
2022-03-25,10Y,10,0.9646649677891621
2022-03-25,15Y,15,0.9221405991364892
2022-03-25,20Y,20,0.8708846097915387
2022-03-25,25Y,25,0.8182247822833622
2022-03-25,30Y,30,0.7673143114864102
2022-03-26,1Y,1,0.9995701060601782
2022-03-26,2Y,2,0.9985559533297526
2022-03-26,3Y,3,0.9969240492529252
2022-03-26,4Y,4,0.9946788902675988
2022-03-26,5Y,5,0.991641764820588
2022-03-26,7Y,7,0.9830281760689584
2022-03-26,10Y,10,0.9644291119537086
2022-03-26,15Y,15,0.9221828963385253
2022-03-26,20Y,20,0.8695111731413432
2022-03-26,25Y,25,0.8158265252107477
2022-03-26,30Y,30,0.7640036695972405
2022-03-27,1Y,1,0.9997200281594911
2022-03-27,2Y,2,0.9987131392366476
2022-03-27,3Y,3,0.9969885492543024
2022-03-27,4Y,4,0.9946734217066124
2022-03-27,5Y,5,0.99164615493584
2022-03-27,7Y,7,0.9831840976603377
2022-03-27,10Y,10,0.9651913282973102
2022-03-27,15Y,15,0.9231707735312417
2022-03-27,20Y,20,0.8723201436280955
2022-03-27,25Y,25,0.8200993196390657
2022-03-27,30Y,30,0.7694867869074834
2022-03-28,1Y,1,0.9994951488084158
2022-03-28,2Y,2,0.9983312836698675
2022-03-28,3Y,3,0.9964304314783812
2022-03-28,4Y,4,0.9938054291555722
2022-03-28,5Y,5,0.9903758908213675
2022-03-28,7Y,7,0.98047703137892
2022-03-28,10Y,10,0.959874028102101
2022-03-28,15Y,15,0.9140448439785883
2022-03-28,20Y,20,0.8559786726869412
2022-03-28,25Y,25,0.7974477680367644
2022-03-28,30Y,30,0.7430972609292432
2022-03-29,1Y,1,0.9995001170130822
2022-03-29,2Y,2,0.9981465256532244
2022-03-29,3Y,3,0.9959767468950046
2022-03-29,4Y,4,0.9929745751318472
2022-03-29,5Y,5,0.9891506805536198
2022-03-29,7Y,7,0.978840788359763
2022-03-29,10Y,10,0.9570975911752111
2022-03-29,15Y,15,0.9098113761846716
2022-03-29,20Y,20,0.8515563830407983
2022-03-29,25Y,25,0.7930749312126313
2022-03-29,30Y,30,0.7378677124870712
2022-03-30,1Y,1,0.9996250654411091
2022-03-30,2Y,2,0.9985009343306865
2022-03-30,3Y,3,0.9966296186675422
2022-03-30,4Y,4,0.9941136268687208
2022-03-30,5Y,5,0.9908121236456165
2022-03-30,7Y,7,0.9816075803150435
2022-03-30,10Y,10,0.9628923248933141
2022-03-30,15Y,15,0.9192418864929822
2022-03-30,20Y,20,0.8673801163744651
2022-03-30,25Y,25,0.8146104757775556
2022-03-30,30Y,30,0.7641141537117889
2022-03-31,1Y,1,0.9996000983768017
2022-03-31,2Y,2,0.9988406794882704
2022-03-31,3Y,3,0.9976424607212949
2022-03-31,4Y,4,0.9958918669825896
2022-03-31,5Y,5,0.9934513100946655
2022-03-31,7Y,7,0.9864655307470359
2022-03-31,10Y,10,0.9712618327236963
2022-03-31,15Y,15,0.9349745540795542
2022-03-31,20Y,20,0.8896415893064678
2022-03-31,25Y,25,0.8429537212073638
2022-03-31,30Y,30,0.7975356957014911
2022-04-01,1Y,1,0.9998349892714644
2022-04-01,2Y,2,0.9987929773928467
2022-04-01,3Y,3,0.9970832092161446
2022-04-01,4Y,4,0.9948450120278164
2022-04-01,5Y,5,0.9918843714386978
2022-04-01,7Y,7,0.9837006710302856
2022-04-01,10Y,10,0.9665268100181822
2022-04-01,15Y,15,0.9266063594420633
2022-04-01,20Y,20,0.8784883231900762
2022-04-01,25Y,25,0.8287997344133993
2022-04-01,30Y,30,0.7807117334670445
2022-04-03,1Y,1,0.9997799914303942
2022-04-03,2Y,2,0.9986906380545281
2022-04-03,3Y,3,0.9970534639146414
2022-04-03,4Y,4,0.9948975949400514
2022-04-03,5Y,5,0.991959254215018
2022-04-03,7Y,7,0.983774094348426
2022-04-03,10Y,10,0.9666571450261667
2022-04-03,15Y,15,0.9267932873087237
2022-04-03,20Y,20,0.8786468001815011
2022-04-03,25Y,25,0.8290115385785289
2022-04-03,30Y,30,0.7809525391570828
2022-04-04,1Y,1,0.9997350274802149
2022-04-04,2Y,2,0.9988255419966563
2022-04-04,3Y,3,0.9972879169116464
2022-04-04,4Y,4,0.9951938800219156
2022-04-04,5Y,5,0.9924164846721624
2022-04-04,7Y,7,0.9842325388122873
2022-04-04,10Y,10,0.9671590607260401
2022-04-04,15Y,15,0.9277840157102323
2022-04-04,20Y,20,0.877671522553472
2022-04-04,25Y,25,0.826081526532027
2022-04-04,30Y,30,0.7764795332499743
2022-04-05,1Y,1,0.9996350531093844
2022-04-05,2Y,2,0.9986108632504659
2022-04-05,3Y,3,0.9969887429138273
2022-04-05,4Y,4,0.9947659201224036
2022-04-05,5Y,5,0.991920264765869
2022-04-05,7Y,7,0.9830754094125557
2022-04-05,10Y,10,0.9650377401428492
2022-04-05,15Y,15,0.9249007402664932
2022-04-05,20Y,20,0.8737027901827809
2022-04-05,25Y,25,0.820866880929225
2022-04-05,30Y,30,0.7706719740484389
2022-04-06,1Y,1,0.9996000685704296
2022-04-06,2Y,2,0.9984735280519075
2022-04-06,3Y,3,0.9967195166187558
2022-04-06,4Y,4,0.9942754606774187
2022-04-06,5Y,5,0.9909410543136741
2022-04-06,7Y,7,0.9816170976167694
2022-04-06,10Y,10,0.9622697079666171
2022-04-06,15Y,15,0.9189204677250021
2022-04-06,20Y,20,0.8680034544378739
2022-04-06,25Y,25,0.8154822966933154
2022-04-06,30Y,30,0.7654130232213079
2022-04-07,1Y,1,0.9995001518864581
2022-04-07,2Y,2,0.9984836250653583
2022-04-07,3Y,3,0.9967894041334415
2022-04-07,4Y,4,0.9942854350904623
2022-04-07,5Y,5,0.9910208977800686
2022-04-07,7Y,7,0.9815020605067515
2022-04-07,10Y,10,0.9621384659131824
2022-04-07,15Y,15,0.9199197825838242
2022-04-07,20Y,20,0.8685401180572063
2022-04-07,25Y,25,0.8160361302850314
2022-04-07,30Y,30,0.7639928645821858
2022-04-08,1Y,1,0.9997699920664499
2022-04-08,2Y,2,0.9985807213991597
2022-04-08,3Y,3,0.9966942475009358
2022-04-08,4Y,4,0.9941953691721681
2022-04-08,5Y,5,0.9908262543227608
2022-04-08,7Y,7,0.981189969108913
2022-04-08,10Y,10,0.9615903981131402
2022-04-08,15Y,15,0.919052072451202
2022-04-08,20Y,20,0.8677825662434939
2022-04-08,25Y,25,0.8159729140250028
2022-04-08,30Y,30,0.7662214566039885
2022-04-09,1Y,1,0.9995551222366809
2022-04-09,2Y,2,0.9985334712013256
2022-04-09,3Y,3,0.9967543701078083
2022-04-09,4Y,4,0.9942355365125817
2022-04-09,5Y,5,0.9908913133018203
2022-04-09,7Y,7,0.9813716971271133
2022-04-09,10Y,10,0.961588296408205
2022-04-09,15Y,15,0.9200430282945792
2022-04-09,20Y,20,0.8691924278959267
2022-04-09,25Y,25,0.8164044911715833
2022-04-09,30Y,30,0.7660981510116133
2022-04-10,1Y,1,0.9997699920664499
2022-04-10,2Y,2,0.9985807213991597
2022-04-10,3Y,3,0.9966942475009358
2022-04-10,4Y,4,0.9941953691721681
2022-04-10,5Y,5,0.9908262543227608
2022-04-10,7Y,7,0.981189969108913
2022-04-10,10Y,10,0.9615903981131402
2022-04-10,15Y,15,0.919052072451202
2022-04-10,20Y,20,0.8677825662434939
2022-04-10,25Y,25,0.8159729140250028
2022-04-10,30Y,30,0.7662214566039885
2022-04-11,1Y,1,0.9995900735502443
2022-04-11,2Y,2,0.9984085971531621
2022-04-11,3Y,3,0.9964800723945997
2022-04-11,4Y,4,0.9937900781202612
2022-04-11,5Y,5,0.9902560292346237
2022-04-11,7Y,7,0.9803642126957574
2022-04-11,10Y,10,0.9597363257390795
2022-04-11,15Y,15,0.9163139091829893
2022-04-11,20Y,20,0.86357502321298
2022-04-11,25Y,25,0.8104765807169184
2022-04-11,30Y,30,0.7602392709959758
2022-04-12,1Y,1,0.9995051511840054
2022-04-12,2Y,2,0.9984111685890756
2022-04-12,3Y,3,0.9965100723001236
2022-04-12,4Y,4,0.9937776894338186
2022-04-12,5Y,5,0.9901266718111442
2022-04-12,7Y,7,0.9799619113625786
2022-04-12,10Y,10,0.959547467872148
2022-04-12,15Y,15,0.9156243260904033
2022-04-12,20Y,20,0.864069295517771
2022-04-12,25Y,25,0.8121559160287383
2022-04-12,30Y,30,0.763100955139848
2022-04-13,1Y,1,0.9996250543478914
2022-04-13,2Y,2,0.9984410158542278
2022-04-13,3Y,3,0.996499949133245
2022-04-13,4Y,4,0.993809863421605
2022-04-13,5Y,5,0.9901760276165196
2022-04-13,7Y,7,0.9800681559979753
2022-04-13,10Y,10,0.9596376303265329
2022-04-13,15Y,15,0.9161606718427883
2022-04-13,20Y,20,0.8651267786983663
2022-04-13,25Y,25,0.8141464799815594
2022-04-13,30Y,30,0.7658525956061368
2022-04-14,1Y,1,0.9996450635724361
2022-04-14,2Y,2,0.9986307875387881
2022-04-14,3Y,3,0.9968689243900191
2022-04-14,4Y,4,0.994357155071713
2022-04-14,5Y,5,0.9909252094987229
2022-04-14,7Y,7,0.9811543628284523
2022-04-14,10Y,10,0.9612949730784727
2022-04-14,15Y,15,0.9196980481312647
2022-04-14,20Y,20,0.870032840073955
2022-04-14,25Y,25,0.8202528448292974
2022-04-14,30Y,30,0.7725773408291622
2022-04-15,1Y,1,0.9997850062231881
2022-04-15,2Y,2,0.9987455341447835
2022-04-15,3Y,3,0.9968486310652221
2022-04-15,4Y,4,0.9941698538319067
2022-04-15,5Y,5,0.990596679393823
2022-04-15,7Y,7,0.980636768228765
2022-04-15,10Y,10,0.9605111994229976
2022-04-15,15Y,15,0.9173723575344315
2022-04-15,20Y,20,0.8674648514987054
2022-04-15,25Y,25,0.8171843696617664
2022-04-15,30Y,30,0.769497194918475
2022-04-16,1Y,1,0.9996450635724361
2022-04-16,2Y,2,0.9986307875387881
2022-04-16,3Y,3,0.9968689243900191
2022-04-16,4Y,4,0.994357155071713
2022-04-16,5Y,5,0.9909252094987229
2022-04-16,7Y,7,0.9811543628284523
2022-04-16,10Y,10,0.9612949730784727
2022-04-16,15Y,15,0.9196980481312647
2022-04-16,20Y,20,0.870032840073955
2022-04-16,25Y,25,0.8202528448292974
2022-04-16,30Y,30,0.7725773408291622
2022-04-17,1Y,1,0.9996450635724361
2022-04-17,2Y,2,0.9986232920374144
2022-04-17,3Y,3,0.9967940382716909
2022-04-17,4Y,4,0.9941304469565038
2022-04-17,5Y,5,0.9905326479964711
2022-04-17,7Y,7,0.9805134369407277
2022-04-17,10Y,10,0.9603316063027868
2022-04-17,15Y,15,0.9172461881172453
2022-04-17,20Y,20,0.867288864895051
2022-04-17,25Y,25,0.816980190433314
2022-04-17,30Y,30,0.7692650693053819
2022-04-18,1Y,1,0.9998150002707579
2022-04-18,2Y,2,0.9988204553106695
2022-04-18,3Y,3,0.9969882600524054
2022-04-18,4Y,4,0.9943688595753164
2022-04-18,5Y,5,0.9908596251572618
2022-04-18,7Y,7,0.9810680823960939
2022-04-18,10Y,10,0.9611890823928336
2022-04-18,15Y,15,0.9182941831896175
2022-04-18,20Y,20,0.8683653498736026
2022-04-18,25Y,25,0.8179617488648259
2022-04-18,30Y,30,0.7701457899786084
2022-04-19,1Y,1,0.9997650050786946
2022-04-19,2Y,2,0.9986606359976647
2022-04-19,3Y,3,0.996748977644867
2022-04-19,4Y,4,0.9940455137953002
2022-04-19,5Y,5,0.9904979635968051
2022-04-19,7Y,7,0.9801718841469436
2022-04-19,10Y,10,0.9593131533906892
2022-04-19,15Y,15,0.916498227773108
2022-04-19,20Y,20,0.8646897558753411
2022-04-19,25Y,25,0.8125055113258642
2022-04-19,30Y,30,0.7632818465464412
2022-04-20,1Y,1,0.9997500142779498
2022-04-20,2Y,2,0.9986756287443593
2022-04-20,3Y,3,0.9967239735157479
2022-04-20,4Y,4,0.9939284371473652
2022-04-20,5Y,5,0.9901596124580578
2022-04-20,7Y,7,0.9796196443549942
2022-04-20,10Y,10,0.9582148762754842
2022-04-20,15Y,15,0.9131308938333053
2022-04-20,20Y,20,0.8620167368684404
2022-04-20,25Y,25,0.8104224580073228
2022-04-20,30Y,30,0.7618373883711674
2022-04-21,1Y,1,0.9994501654188866
2022-04-21,2Y,2,0.9981590775437045
2022-04-21,3Y,3,0.9959517331180828
2022-04-21,4Y,4,0.9926383110716563
2022-04-21,5Y,5,0.9884955591284573
2022-04-21,7Y,7,0.9765652816435887
2022-04-21,10Y,10,0.9532872989193958
2022-04-21,15Y,15,0.9085479210117959
2022-04-21,20Y,20,0.8569201006420066
2022-04-21,25Y,25,0.8032618391630871
2022-04-21,30Y,30,0.7502384459134901
2022-04-22,1Y,1,0.9994651578107387
2022-04-22,2Y,2,0.9981365574130587
2022-04-22,3Y,3,0.9959518807580037
2022-04-22,4Y,4,0.9929024487427385
2022-04-22,5Y,5,0.9887826745731113
2022-04-22,7Y,7,0.9773315820746353
2022-04-22,10Y,10,0.9544590731681151
2022-04-22,15Y,15,0.9086490795476243
2022-04-22,20Y,20,0.8567816387423131
2022-04-22,25Y,25,0.8053472196486755
2022-04-22,30Y,30,0.7566516645322124
2022-04-23,1Y,1,0.9994651578107387
2022-04-23,2Y,2,0.9981365574130587
2022-04-23,3Y,3,0.9959518807580037
2022-04-23,4Y,4,0.9929024487427385
2022-04-23,5Y,5,0.9887826745731113
2022-04-23,7Y,7,0.9773315820746353
2022-04-23,10Y,10,0.9544590731681151
2022-04-23,15Y,15,0.9086490795476243
2022-04-23,20Y,20,0.8567816387423131
2022-04-23,25Y,25,0.8053472196486755
2022-04-23,30Y,30,0.7566516645322124
2022-04-24,1Y,1,0.9994651578107387
2022-04-24,2Y,2,0.9982339653186085
2022-04-24,3Y,3,0.996236011934181
2022-04-24,4Y,4,0.9933275519172182
2022-04-24,5Y,5,0.9893775589019004
2022-04-24,7Y,7,0.9784449250630776
2022-04-24,10Y,10,0.9564819320288027
2022-04-24,15Y,15,0.9110252919952777
2022-04-24,20Y,20,0.8603115885011535
2022-04-24,25Y,25,0.8099418691440601
2022-04-24,30Y,30,0.7621362054611396
2022-04-25,1Y,1,0.9994701593491272
2022-04-25,2Y,2,0.9982064662960798
2022-04-25,3Y,3,0.996156284492372
2022-04-25,4Y,4,0.9934076570666573
2022-04-25,5Y,5,0.9897605979956898
2022-04-25,7Y,7,0.9789438705291732
2022-04-25,10Y,10,0.9573127745004132
2022-04-25,15Y,15,0.9130425335995337
2022-04-25,20Y,20,0.8621498163899651
2022-04-25,25Y,25,0.8120199759439346
2022-04-25,30Y,30,0.765541857350804
2022-04-26,1Y,1,0.9996750352720495
2022-04-26,2Y,2,0.9984883835602759
2022-04-26,3Y,3,0.9964948456701768
2022-04-26,4Y,4,0.993794788012053
2022-04-26,5Y,5,0.9901758903248191
2022-04-26,7Y,7,0.9798914233795849
2022-04-26,10Y,10,0.9589782754462064
2022-04-26,15Y,15,0.9150249340740658
2022-04-26,20Y,20,0.8655274913245898
2022-04-26,25Y,25,0.8155920618191165
2022-04-26,30Y,30,0.7679713497619353
2022-04-27,1Y,1,0.9996650361043851
2022-04-27,2Y,2,0.998438446754381
2022-04-27,3Y,3,0.9964151136678954
2022-04-27,4Y,4,0.9937203044364713
2022-04-27,5Y,5,0.9901166378946451
2022-04-27,7Y,7,0.9798655850539406
2022-04-27,10Y,10,0.9588951769172117
2022-04-27,15Y,15,0.9151754243242525
2022-04-27,20Y,20,0.8660426734323005
2022-04-27,25Y,25,0.8166419149881896
2022-04-27,30Y,30,0.7694959674396393
2022-04-28,1Y,1,0.9995001349579525
2022-04-28,2Y,2,0.9982288953189231
2022-04-28,3Y,3,0.9962011351173532
2022-04-28,4Y,4,0.9935245551119699
2022-04-28,5Y,5,0.9899790458557276
2022-04-28,7Y,7,0.9798536185949315
2022-04-28,10Y,10,0.959018042304394
2022-04-28,15Y,15,0.9158569640474644
2022-04-28,20Y,20,0.8662027764520548
2022-04-28,25Y,25,0.816490103237395
2022-04-28,30Y,30,0.768671757119481
2022-04-29,1Y,1,0.9995001349579525
2022-04-29,2Y,2,0.9982288953189231
2022-04-29,3Y,3,0.9962011351173532
2022-04-29,4Y,4,0.9935245551119699
2022-04-29,5Y,5,0.9899790458557276
2022-04-29,7Y,7,0.9798536185949315
2022-04-29,10Y,10,0.959018042304394
2022-04-29,15Y,15,0.9158569640474644
2022-04-29,20Y,20,0.8662027764520548
2022-04-29,25Y,25,0.816490103237395
2022-04-29,30Y,30,0.768671757119481
2022-04-30,1Y,1,0.9995001349579525
2022-04-30,2Y,2,0.9982288953189231
2022-04-30,3Y,3,0.9962011351173532
2022-04-30,4Y,4,0.9935245551119699
2022-04-30,5Y,5,0.9899790458557276
2022-04-30,7Y,7,0.9798536185949315
2022-04-30,10Y,10,0.959018042304394
2022-04-30,15Y,15,0.9158569640474644
2022-04-30,20Y,20,0.8662027764520548
2022-04-30,25Y,25,0.816490103237395
2022-04-30,30Y,30,0.768671757119481
2022-05-01,1Y,1,0.9995801003746452
2022-05-01,2Y,2,0.998500973893643
2022-05-01,3Y,3,0.9966346307374044
2022-05-01,4Y,4,0.9940438771434889
2022-05-01,5Y,5,0.9905683594236946
2022-05-01,7Y,7,0.9806509816995617
2022-05-01,10Y,10,0.9603306997680988
2022-05-01,15Y,15,0.9171018733510046
2022-05-01,20Y,20,0.8680495236379521
2022-05-01,25Y,25,0.8185264720093008
2022-05-01,30Y,30,0.7713010982377743
2022-05-02,1Y,1,0.9997050232797954
2022-05-02,2Y,2,0.9985333059985126
2022-05-02,3Y,3,0.9965845837422798
2022-05-02,4Y,4,0.994008856207572
2022-05-02,5Y,5,0.9905582707285008
2022-05-02,7Y,7,0.9806973229990479
2022-05-02,10Y,10,0.9603360665109817
2022-05-02,15Y,15,0.9167595555858142
2022-05-02,20Y,20,0.8671338961751001
2022-05-02,25Y,25,0.817003933375582
2022-05-02,30Y,30,0.7692910648854393
2022-05-03,1Y,1,0.9995101284729756
2022-05-03,2Y,2,0.9982563506208623
2022-05-03,3Y,3,0.9962459672594286
2022-05-03,4Y,4,0.9935841984029838
2022-05-03,5Y,5,0.9900383946452741
2022-05-03,7Y,7,0.979852983508388
2022-05-03,10Y,10,0.9585077634212881
2022-05-03,15Y,15,0.9144526068728102
2022-05-03,20Y,20,0.8638839657957242
2022-05-03,25Y,25,0.8134103209813819
2022-05-03,30Y,30,0.765002022836679
2022-05-04,1Y,1,0.9995101284729756
2022-05-04,2Y,2,0.9982563506208623
2022-05-04,3Y,3,0.9962459672594286
2022-05-04,4Y,4,0.9935841984029838
2022-05-04,5Y,5,0.9900383946452741
2022-05-04,7Y,7,0.979852983508388
2022-05-04,10Y,10,0.9585077634212881
2022-05-04,15Y,15,0.9144526068728102
2022-05-04,20Y,20,0.8638839657957242
2022-05-04,25Y,25,0.8134103209813819
2022-05-04,30Y,30,0.765002022836679
2022-05-05,1Y,1,0.9995101284729756
2022-05-05,2Y,2,0.9983387785309045
2022-05-05,3Y,3,0.9964103923944545
2022-05-05,4Y,4,0.9936658728683482
2022-05-05,5Y,5,0.9902022194168779
2022-05-05,7Y,7,0.9800134826643213
2022-05-05,10Y,10,0.958870092921756
2022-05-05,15Y,15,0.9159984126471004
2022-05-05,20Y,20,0.8648526412121053
2022-05-05,25Y,25,0.814562145572359
2022-05-05,30Y,30,0.7696174740867974
2022-05-06,1Y,1,0.9994551522237534
2022-05-06,2Y,2,0.998011739856562
2022-05-06,3Y,3,0.9957427080889792
2022-05-06,4Y,4,0.9928061911794744
2022-05-06,5Y,5,0.9889927224530425
2022-05-06,7Y,7,0.9782261237583478
2022-05-06,10Y,10,0.9562058492472432
2022-05-06,15Y,15,0.9103058953095604
2022-05-06,20Y,20,0.8575743512763868
2022-05-06,25Y,25,0.8053635513895275
2022-05-06,30Y,30,0.7559314634388502
2022-05-07,1Y,1,0.9994551522237534
2022-05-07,2Y,2,0.998011739856562
2022-05-07,3Y,3,0.9957427080889792
2022-05-07,4Y,4,0.9928061911794744
2022-05-07,5Y,5,0.9889927224530425
2022-05-07,7Y,7,0.9782261237583478
2022-05-07,10Y,10,0.9562058492472432
2022-05-07,15Y,15,0.9103058953095604
2022-05-07,20Y,20,0.8575743512763868
2022-05-07,25Y,25,0.8053635513895275
2022-05-07,30Y,30,0.7559314634388502
2022-05-08,1Y,1,0.9996650283661485
2022-05-08,2Y,2,0.9983185570148914
2022-05-08,3Y,3,0.9961059891279124
2022-05-08,4Y,4,0.993262764703753
2022-05-08,5Y,5,0.9895465423869044
2022-05-08,7Y,7,0.9791024363000396
2022-05-08,10Y,10,0.9577820287893655
2022-05-08,15Y,15,0.912080607740778
2022-05-08,20Y,20,0.8603376655728955
2022-05-08,25Y,25,0.8083776571833724
2022-05-08,30Y,30,0.7589247621371064
2022-05-09,1Y,1,0.9996150452253211
2022-05-09,2Y,2,0.9980388778226532
2022-05-09,3Y,3,0.9953583897560682
2022-05-09,4Y,4,0.9923091122272425
2022-05-09,5Y,5,0.988805686953223
2022-05-09,7Y,7,0.9772685115149294
2022-05-09,10Y,10,0.9550565021479916
2022-05-09,15Y,15,0.909701047049671
2022-05-09,20Y,20,0.8558482221822787
2022-05-09,25Y,25,0.8032060021841937
2022-05-09,30Y,30,0.7562253140353454
2022-05-10,1Y,1,0.9995600587770737
2022-05-10,2Y,2,0.997974125863946
2022-05-10,3Y,3,0.9954933061409713
2022-05-10,4Y,4,0.9926151376647021
2022-05-10,5Y,5,0.9891627819298429
2022-05-10,7Y,7,0.9778435238165024
2022-05-10,10Y,10,0.9558600826405395
2022-05-10,15Y,15,0.9106122060347304
2022-05-10,20Y,20,0.8568802498564096
2022-05-10,25Y,25,0.8042482804610541
2022-05-10,30Y,30,0.7573578906115666
2022-05-11,1Y,1,0.9995551072484645
2022-05-11,2Y,2,0.9983161835561525
2022-05-11,3Y,3,0.9961809155091945
2022-05-11,4Y,4,0.9933549986585332
2022-05-11,5Y,5,0.9897155828656803
2022-05-11,7Y,7,0.9794594601606944
2022-05-11,10Y,10,0.9581697838850683
2022-05-11,15Y,15,0.9117866885877678
2022-05-11,20Y,20,0.8611689886245976
2022-05-11,25Y,25,0.8078584444900425
2022-05-11,30Y,30,0.7575855347681952
2022-05-12,1Y,1,0.9995401044233118
2022-05-12,2Y,2,0.9983387377169703
2022-05-12,3Y,3,0.9962306444992183
2022-05-12,4Y,4,0.9931903526240271
2022-05-12,5Y,5,0.9897015568594832
2022-05-12,7Y,7,0.9793975685026509
2022-05-12,10Y,10,0.9582286768772688
2022-05-12,15Y,15,0.9139089305255808
2022-05-12,20Y,20,0.8600511836614599
2022-05-12,25Y,25,0.8058636946038389
2022-05-12,30Y,30,0.7555252264429156
2022-05-13,1Y,1,0.9996350710742927
2022-05-13,2Y,2,0.9985583358066187
2022-05-13,3Y,3,0.9966145026625456
2022-05-13,4Y,4,0.9936646078668301
2022-05-13,5Y,5,0.9895737471659307
2022-05-13,7Y,7,0.9790360094453813
2022-05-13,10Y,10,0.9580731793731586
2022-05-13,15Y,15,0.9127784363218125
2022-05-13,20Y,20,0.8594082092535474
2022-05-13,25Y,25,0.8062638339737
2022-05-13,30Y,30,0.7561089434333265
2022-05-14,1Y,1,0.9997700056893105
2022-05-14,2Y,2,0.9986256331690025
2022-05-14,3Y,3,0.9966142839904606
2022-05-14,4Y,4,0.9939637306174431
2022-05-14,5Y,5,0.9905132829153322
2022-05-14,7Y,7,0.9806505294870969
2022-05-14,10Y,10,0.960198637022226
2022-05-14,15Y,15,0.9148119826292503
2022-05-14,20Y,20,0.8622428628278224
2022-05-14,25Y,25,0.8094933519311204
2022-05-14,30Y,30,0.7593145589898286
2022-05-15,1Y,1,0.9997700056893105
2022-05-15,2Y,2,0.9986256331690025
2022-05-15,3Y,3,0.9966142839904606
2022-05-15,4Y,4,0.9939512563036006
2022-05-15,5Y,5,0.9904734897989047
2022-05-15,7Y,7,0.9805774967404269
2022-05-15,10Y,10,0.9601211224166935
2022-05-15,15Y,15,0.9147586757812914
2022-05-15,20Y,20,0.8620608575660674
2022-05-15,25Y,25,0.8092395526254264
2022-05-15,30Y,30,0.7593434178259891
2022-05-16,1Y,1,0.9997550075064786
2022-05-16,2Y,2,0.9984607438421154
2022-05-16,3Y,3,0.9961405073851071
2022-05-16,4Y,4,0.9934643884788019
2022-05-16,5Y,5,0.9903665343359468
2022-05-16,7Y,7,0.9798049473403209
2022-05-16,10Y,10,0.959007586321046
2022-05-16,15Y,15,0.9148928983194498
2022-05-16,20Y,20,0.8614701430949632
2022-05-16,25Y,25,0.8078530145340946
2022-05-16,30Y,30,0.7579068686391374
2022-05-17,1Y,1,0.9996700225890955
2022-05-17,2Y,2,0.9982685962017818
2022-05-17,3Y,3,0.9959514167099538
2022-05-17,4Y,4,0.9933356961115062
2022-05-17,5Y,5,0.99034789789646
2022-05-17,7Y,7,0.9794448198812551
2022-05-17,10Y,10,0.9587449678003261
2022-05-17,15Y,15,0.913734883655319
2022-05-17,20Y,20,0.8586146886397875
2022-05-17,25Y,25,0.8035854471606931
2022-05-17,30Y,30,0.7530423781190823
2022-05-18,1Y,1,0.9996350724898667
2022-05-18,2Y,2,0.9985733207134299
2022-05-18,3Y,3,0.9966544061495258
2022-05-18,4Y,4,0.994048692625181
2022-05-18,5Y,5,0.9906676887277766
2022-05-18,7Y,7,0.9809351195533975
2022-05-18,10Y,10,0.9607368419284118
2022-05-18,15Y,15,0.914628131881376
2022-05-18,20Y,20,0.8611388915240651
2022-05-18,25Y,25,0.8080089674545916
2022-05-18,30Y,30,0.7578259465677007
2022-05-19,1Y,1,0.9996300784326043
2022-05-19,2Y,2,0.9986157901581586
2022-05-19,3Y,3,0.9967741221278877
2022-05-19,4Y,4,0.9939658072426238
2022-05-19,5Y,5,0.9903841671170686
2022-05-19,7Y,7,0.9802654602771131
2022-05-19,10Y,10,0.9597803733665734
2022-05-19,15Y,15,0.9154616364663066
2022-05-19,20Y,20,0.8613030638612376
2022-05-19,25Y,25,0.807476530189737
2022-05-19,30Y,30,0.7578710499678492
2022-05-20,1Y,1,0.9998150002707579
2022-05-20,2Y,2,0.998655506422905
2022-05-20,3Y,3,0.9964993878697691
2022-05-20,4Y,4,0.9937994731113268
2022-05-20,5Y,5,0.9904391359566561
2022-05-20,7Y,7,0.9808426324800096
2022-05-20,10Y,10,0.9609632770000984
2022-05-20,15Y,15,0.9166588174858444
2022-05-20,20Y,20,0.8638986164496113
2022-05-20,25Y,25,0.811432952885599
2022-05-20,30Y,30,0.7619573021379494
2022-05-21,1Y,1,0.9995700961233202
2022-05-21,2Y,2,0.9983836137524557
2022-05-21,3Y,3,0.9964003274003976
2022-05-21,4Y,4,0.9938004062178082
2022-05-21,5Y,5,0.9904403237386424
2022-05-21,7Y,7,0.980844346769506
2022-05-21,10Y,10,0.9609657274352935
2022-05-21,15Y,15,0.9166622324956528
2022-05-21,20Y,20,0.8639027667471211
2022-05-21,25Y,25,0.8114375169796834
2022-05-21,30Y,30,0.7619620744649195
2022-05-22,1Y,1,0.9996700610752797
2022-05-22,2Y,2,0.9987481432527175
2022-05-22,3Y,3,0.9970683849319031
2022-05-22,4Y,4,0.9947281465012171
2022-05-22,5Y,5,0.9916209653178737
2022-05-22,7Y,7,0.9825909017692838
2022-05-22,10Y,10,0.9635464881742603
2022-05-22,15Y,15,0.9190519235997902
2022-05-22,20Y,20,0.8670866546139483
2022-05-22,25Y,25,0.8150168152767258
2022-05-22,30Y,30,0.7656505625410504
2022-05-23,1Y,1,0.9998349970523343
2022-05-23,2Y,2,0.9988379163088571
2022-05-23,3Y,3,0.9970531602863585
2022-05-23,4Y,4,0.9947004246129263
2022-05-23,5Y,5,0.9915956922436889
2022-05-23,7Y,7,0.9825290525193552
2022-05-23,10Y,10,0.9634614696848862
2022-05-23,15Y,15,0.9191179496692014
2022-05-23,20Y,20,0.8673647393818673
2022-05-23,25Y,25,0.8154592771715454
2022-05-23,30Y,30,0.7661504070617352
2022-05-24,1Y,1,0.9996450663787364
2022-05-24,2Y,2,0.9986607586121962
2022-05-24,3Y,3,0.996998685709096
2022-05-24,4Y,4,0.9948007609819732
2022-05-24,5Y,5,0.99191498991466
2022-05-24,7Y,7,0.9835566804700318
2022-05-24,10Y,10,0.9657827185545145
2022-05-24,15Y,15,0.9239563578518243
2022-05-24,20Y,20,0.8733780792397761
2022-05-24,25Y,25,0.8227205210761619
2022-05-24,30Y,30,0.774612896164951
2022-05-25,1Y,1,0.9999349939219618
2022-05-25,2Y,2,0.9992026526760638
2022-05-25,3Y,3,0.997801624160984
2022-05-25,4Y,4,0.9956387153516734
2022-05-25,5Y,5,0.9927379620528742
2022-05-25,7Y,7,0.9851377833943405
2022-05-25,10Y,10,0.9676283179996357
2022-05-25,15Y,15,0.9249601171852689
2022-05-25,20Y,20,0.8749114962624533
2022-05-25,25Y,25,0.8240924641882132
2022-05-25,30Y,30,0.7759379671848429
2022-05-26,1Y,1,0.999760032389044
2022-05-26,2Y,2,0.9990178645843785
2022-05-26,3Y,3,0.9975472335949227
2022-05-26,4Y,4,0.9953977210318217
2022-05-26,5Y,5,0.9922254941338801
2022-05-26,7Y,7,0.982874589899317
2022-05-26,10Y,10,0.9645139389375018
2022-05-26,15Y,15,0.9189442824620231
2022-05-26,20Y,20,0.8656675113318407
2022-05-26,25Y,25,0.8127355526835264
2022-05-26,30Y,30,0.7628318119185061
2022-05-27,1Y,1,0.9997949986951334
2022-05-27,2Y,2,0.9987580404232893
2022-05-27,3Y,3,0.9970633260158641
2022-05-27,4Y,4,0.9948875756356029
2022-05-27,5Y,5,0.9919690202767582
2022-05-27,7Y,7,0.983075203856834
2022-05-27,10Y,10,0.9640505300427776
2022-05-27,15Y,15,0.9202290295523616
2022-05-27,20Y,20,0.8671795838151993
2022-05-27,25Y,25,0.8142902517571897
2022-05-27,30Y,30,0.7642625154077838
2022-05-28,1Y,1,0.9996550604674397
2022-05-28,2Y,2,0.9986882310556707
2022-05-28,3Y,3,0.9970635236510234
2022-05-28,4Y,4,0.9948878514629031
2022-05-28,5Y,5,0.9919693699462393
2022-05-28,7Y,7,0.9830757346116169
2022-05-28,10Y,10,0.9640513219364659
2022-05-28,15Y,15,0.9202301760479653
2022-05-28,20Y,20,0.8671810065319197
2022-05-28,25Y,25,0.8142918323419029
2022-05-28,30Y,30,0.76426417927701
2022-05-30,1Y,1,0.9996300713080026
2022-05-30,2Y,2,0.9986158199242806
2022-05-30,3Y,3,0.996923896228388
2022-05-30,4Y,4,0.9946264011694854
2022-05-30,5Y,5,0.9917913188815349
2022-05-30,7Y,7,0.982615329534402
2022-05-30,10Y,10,0.9633787714925873
2022-05-30,15Y,15,0.9193960835801244
2022-05-30,20Y,20,0.8651614397748131
2022-05-30,25Y,25,0.8108675774156269
2022-05-30,30Y,30,0.7603434938329985
2022-05-31,1Y,1,0.9995700978108154
2022-05-31,2Y,2,0.998436069089248
2022-05-31,3Y,3,0.9965449341179771
2022-05-31,4Y,4,0.9939818966243558
2022-05-31,5Y,5,0.9909226510471968
2022-05-31,7Y,7,0.9811110956594602
2022-05-31,10Y,10,0.9610360236039032
2022-05-31,15Y,15,0.9158487897499986
2022-05-31,20Y,20,0.8602479304951214
2022-05-31,25Y,25,0.8047778972673555
2022-05-31,30Y,30,0.7534668464727688
2022-06-01,1Y,1,0.9998599959445968
2022-06-01,2Y,2,0.9989628261696967
2022-06-01,3Y,3,0.997317562920271
2022-06-01,4Y,4,0.9950413619953853
2022-06-01,5Y,5,0.9919329219987538
2022-06-01,7Y,7,0.9827159084882656
2022-06-01,10Y,10,0.9627847024857453
2022-06-01,15Y,15,0.9150679324527189
2022-06-01,20Y,20,0.8601371463952188
2022-06-01,25Y,25,0.8047828407225532
2022-06-01,30Y,30,0.752832406935992
2022-06-02,1Y,1,0.9999299932088874
2022-06-02,2Y,2,0.9991401747782389
2022-06-02,3Y,3,0.9976019110193253
2022-06-02,4Y,4,0.9954197232916523
2022-06-02,5Y,5,0.9923447407921242
2022-06-02,7Y,7,0.9829189828287954
2022-06-02,10Y,10,0.9626145681683291
2022-06-02,15Y,15,0.9143784775766389
2022-06-02,20Y,20,0.858107759453789
2022-06-02,25Y,25,0.8023991392069801
2022-06-02,30Y,30,0.7501523222078321
2022-06-03,1Y,1,1.0000550022668828
2022-06-03,2Y,2,0.9994050153790421
2022-06-03,3Y,3,0.9980560758270401
2022-06-03,4Y,4,0.9960698436709657
2022-06-03,5Y,5,0.9931496818314239
2022-06-03,7Y,7,0.9839686370297147
2022-06-03,10Y,10,0.964001704325918
2022-06-03,15Y,15,0.9167850444870049
2022-06-03,20Y,20,0.8616117921172004
2022-06-03,25Y,25,0.8068396990673582
2022-06-03,30Y,30,0.755392066295841
2022-06-04,1Y,1,1.0000550022668828
2022-06-04,2Y,2,0.9994050153790421
2022-06-04,3Y,3,0.9980560758270401
2022-06-04,4Y,4,0.9960698436709657
2022-06-04,5Y,5,0.9931496818314239
2022-06-04,7Y,7,0.9839686370297147
2022-06-04,10Y,10,0.964001704325918
2022-06-04,15Y,15,0.9167850444870049
2022-06-04,20Y,20,0.8616117921172004
2022-06-04,25Y,25,0.8068396990673582
2022-06-04,30Y,30,0.755392066295841
2022-06-05,1Y,1,1.000029998134427
2022-06-05,2Y,2,0.9993250477905519
2022-06-05,3Y,3,0.9979013152826681
2022-06-05,4Y,4,0.9958256029107007
2022-06-05,5Y,5,0.9928115221450302
2022-06-05,7Y,7,0.9834263918341577
2022-06-05,10Y,10,0.9631400864418327
2022-06-05,15Y,15,0.9155685425179413
2022-06-05,20Y,20,0.8600031603501767
2022-06-05,25Y,25,0.8049661308161107
2022-06-05,30Y,30,0.7532779238991881
2022-06-06,1Y,1,1.000014996108885
2022-06-06,2Y,2,0.9992875680925292
2022-06-06,3Y,3,0.9978514213588023
2022-06-06,4Y,4,0.9957783226672149
2022-06-06,5Y,5,0.9927619094761584
2022-06-06,7Y,7,0.983438005799954
2022-06-06,10Y,10,0.9634813014440806
2022-06-06,15Y,15,0.916223906597947
2022-06-06,20Y,20,0.861196720781817
2022-06-06,25Y,25,0.8067418222344959
2022-06-06,30Y,30,0.7557458946618987
2022-06-07,1Y,1,0.9998749874048928
2022-06-07,2Y,2,0.9988428843114681
2022-06-07,3Y,3,0.9970331567694779
2022-06-07,4Y,4,0.9946430193565735
2022-06-07,5Y,5,0.9916906688570146
2022-06-07,7Y,7,0.981800000829955
2022-06-07,10Y,10,0.9610230194072965
2022-06-07,15Y,15,0.9138802793823826
2022-06-07,20Y,20,0.8570784569580266
2022-06-07,25Y,25,0.8014204723621106
2022-06-07,30Y,30,0.7503883306980901
2022-06-08,1Y,1,0.9997800228025829
2022-06-08,2Y,2,0.9989903659306836
2022-06-08,3Y,3,0.9974423904720361
2022-06-08,4Y,4,0.9951633964730007
2022-06-08,5Y,5,0.9919523707593396
2022-06-08,7Y,7,0.982194769605756
2022-06-08,10Y,10,0.9612952369543295
2022-06-08,15Y,15,0.9110415701534651
2022-06-08,20Y,20,0.8553831361728552
2022-06-08,25Y,25,0.7988989915114977
2022-06-08,30Y,30,0.7464694432284396
2022-06-09,1Y,1,0.9995351101599527
2022-06-09,2Y,2,0.9985085872118962
2022-06-09,3Y,3,0.9966543555653531
2022-06-09,4Y,4,0.9935326759760247
2022-06-09,5Y,5,0.9901326158636059
2022-06-09,7Y,7,0.9790438708921634
2022-06-09,10Y,10,0.9572881125299719
2022-06-09,15Y,15,0.905213976083697
2022-06-09,20Y,20,0.8457439790850587
2022-06-09,25Y,25,0.7882533253693654
2022-06-09,30Y,30,0.7346814414947684
2022-06-10,1Y,1,0.9993902069605629
2022-06-10,2Y,2,0.9979194724002575
2022-06-10,3Y,3,0.9955733858090702
2022-06-10,4Y,4,0.992473210622386
2022-06-10,5Y,5,0.9884474806530781
2022-06-10,7Y,7,0.9771049766829376
2022-06-10,10Y,10,0.9547136709413727
2022-06-10,15Y,15,0.9035037567809855
2022-06-10,20Y,20,0.8445801512162859
2022-06-10,25Y,25,0.7874345472639871
2022-06-10,30Y,30,0.734257322498933
2022-06-12,1Y,1,0.9996000634502294
2022-06-12,2Y,2,0.9982936830227828
2022-06-12,3Y,3,0.9961909288491512
2022-06-12,4Y,4,0.9934470648885639
2022-06-12,5Y,5,0.9897798358319866
2022-06-12,7Y,7,0.9791460138642146
2022-06-12,10Y,10,0.9571962288428242
2022-06-12,15Y,15,0.9058254465902421
2022-06-12,20Y,20,0.8475248531487745
2022-06-12,25Y,25,0.7902336396421799
2022-06-12,30Y,30,0.736540129337762
2022-06-13,1Y,1,0.9990805027512571
2022-06-13,2Y,2,0.9970690634521464
2022-06-13,3Y,3,0.9939760610947935
2022-06-13,4Y,4,0.9900122024427641
2022-06-13,5Y,5,0.9849966150312718
2022-06-13,7Y,7,0.9713812450175932
2022-06-13,10Y,10,0.9453700557880307
2022-06-13,15Y,15,0.8885351658703051
2022-06-13,20Y,20,0.8248780382857644
2022-06-13,25Y,25,0.7632789650857573
2022-06-13,30Y,30,0.7060408295919754
2022-06-14,1Y,1,0.9986561325010074
2022-06-14,2Y,2,0.9960727093450744
2022-06-14,3Y,3,0.9923023762560079
2022-06-14,4Y,4,0.987642451576197
2022-06-14,5Y,5,0.9819933496663866
2022-06-14,7Y,7,0.9674172383658821
2022-06-14,10Y,10,0.94051767362927
2022-06-14,15Y,15,0.8843787102341015
2022-06-14,20Y,20,0.8228385549840476
2022-06-14,25Y,25,0.7633124355999786
2022-06-14,30Y,30,0.7075731472781485
2022-06-15,1Y,1,0.9986161222856551
2022-06-15,2Y,2,0.9957987364594039
2022-06-15,3Y,3,0.9919255161932474
2022-06-15,4Y,4,0.9873645398192351
2022-06-15,5Y,5,0.9818683969735599
2022-06-15,7Y,7,0.9676701852443496
2022-06-15,10Y,10,0.9415836969816033
2022-06-15,15Y,15,0.8862499913440645
2022-06-15,20Y,20,0.8263137824483193
2022-06-15,25Y,25,0.7677113166959331
2022-06-15,30Y,30,0.7126060088674333
2022-06-16,1Y,1,0.9984315696285263
2022-06-16,2Y,2,0.9957221082991916
2022-06-16,3Y,3,0.9917666884106884
2022-06-16,4Y,4,0.9865693751898588
2022-06-16,5Y,5,0.9804190860280737
2022-06-16,7Y,7,0.9652913724173487
2022-06-16,10Y,10,0.9382229678888897
2022-06-16,15Y,15,0.8827936839651428
2022-06-16,20Y,20,0.8217086083622632
2022-06-16,25Y,25,0.7633204820953385
2022-06-16,30Y,30,0.7084540167482899
2022-06-17,1Y,1,0.9989606670347777
2022-06-17,2Y,2,0.9968148976062476
2022-06-17,3Y,3,0.9935187832853623
2022-06-17,4Y,4,0.98937103590485
2022-06-17,5Y,5,0.9842974720512936
2022-06-17,7Y,7,0.971017828883402
2022-06-17,10Y,10,0.9454740666984974
2022-06-17,15Y,15,0.8909172130649923
2022-06-17,20Y,20,0.8305324581332494
2022-06-17,25Y,25,0.7731138826708125
2022-06-17,30Y,30,0.7202089906999215
2022-06-18,1Y,1,0.9992203307901787
2022-06-18,2Y,2,0.9972733389732765
2022-06-18,3Y,3,0.9942642466230652
2022-06-18,4Y,4,0.9905576258602564
2022-06-18,5Y,5,0.9859506038093321
2022-06-18,7Y,7,0.9733847160719662
2022-06-18,10Y,10,0.9487975439080693
2022-06-18,15Y,15,0.8937588156821028
2022-06-18,20Y,20,0.8339174631399884
2022-06-18,25Y,25,0.7763407416646853
2022-06-18,30Y,30,0.7228052334141474
2022-06-19,1Y,1,0.9992353170555803
2022-06-19,2Y,2,0.9973406954148625
2022-06-19,3Y,3,0.9944434421419338
2022-06-19,4Y,4,0.9908727503060907
2022-06-19,5Y,5,0.9864154551247457
2022-06-19,7Y,7,0.974156287001006
2022-06-19,10Y,10,0.9500388451581161
2022-06-19,15Y,15,0.8956549069688594
2022-06-19,20Y,20,0.8361829772623545
2022-06-19,25Y,25,0.7790103412470206
2022-06-19,30Y,30,0.7259793132000011
2022-06-20,1Y,1,0.9989656617711857
2022-06-20,2Y,2,0.997049453296648
2022-06-20,3Y,3,0.9940208698230476
2022-06-20,4Y,4,0.9897536896346466
2022-06-20,5Y,5,0.9851231234902044
2022-06-20,7Y,7,0.973107941900406
2022-06-20,10Y,10,0.9459644327006077
2022-06-20,15Y,15,0.8928708487099494
2022-06-20,20Y,20,0.8323785547062648
2022-06-20,25Y,25,0.7740760732771826
2022-06-20,30Y,30,0.7183295872212822
2022-06-21,1Y,1,0.999290268229847
2022-06-21,2Y,2,0.9974653508024296
2022-06-21,3Y,3,0.9942283013070234
2022-06-21,4Y,4,0.9903411179946557
2022-06-21,5Y,5,0.9863531708453407
2022-06-21,7Y,7,0.9717512578990893
2022-06-21,10Y,10,0.9466358691938251
2022-06-21,15Y,15,0.8951302656111415
2022-06-21,20Y,20,0.8323564596764075
2022-06-21,25Y,25,0.7744355538459967
2022-06-21,30Y,30,0.7184060232831564
2022-06-22,1Y,1,0.9992353170555803
2022-06-22,2Y,2,0.9973332054681361
2022-06-22,3Y,3,0.9944185456693292
2022-06-22,4Y,4,0.99083305044697
2022-06-22,5Y,5,0.9863511107876399
2022-06-22,7Y,7,0.9739607437022283
2022-06-22,10Y,10,0.9494838751489711
2022-06-22,15Y,15,0.8951475680089573
2022-06-22,20Y,20,0.8353986791614061
2022-06-22,25Y,25,0.7780479130802379
2022-06-22,30Y,30,0.7258726813067824
2022-06-23,1Y,1,0.9994201720407024
2022-06-23,2Y,2,0.9978520045066727
2022-06-23,3Y,3,0.9950995871600745
2022-06-23,4Y,4,0.9913394419312581
2022-06-23,5Y,5,0.9872604188872913
2022-06-23,7Y,7,0.9753652217164367
2022-06-23,10Y,10,0.951930424172724
2022-06-23,15Y,15,0.9012480330261743
2022-06-23,20Y,20,0.8429598906822459
2022-06-23,25Y,25,0.7860873811204517
2022-06-23,30Y,30,0.7334151749336798
2022-06-24,1Y,1,0.9993602018862763
2022-06-24,2Y,2,0.9976873982522888
2022-06-24,3Y,3,0.9951800939510631
2022-06-24,4Y,4,0.9920515519405403
2022-06-24,5Y,5,0.9879332239888609
2022-06-24,7Y,7,0.9758717216643108
2022-06-24,10Y,10,0.952111512048312
2022-06-24,15Y,15,0.9007494347473194
2022-06-24,20Y,20,0.842676513921595
2022-06-24,25Y,25,0.7868335433769788
2022-06-24,30Y,30,0.7354517551809698
2022-06-26,1Y,1,0.9994601519284181
2022-06-26,2Y,2,0.9980516791596482
2022-06-26,3Y,3,0.9958373859214632
2022-06-26,4Y,4,0.9930201258251138
2022-06-26,5Y,5,0.9892402101040262
2022-06-26,7Y,7,0.9776154409975898
2022-06-26,10Y,10,0.9539207815521918
2022-06-26,15Y,15,0.9008925848868073
2022-06-26,20Y,20,0.8415217125355122
2022-06-26,25Y,25,0.7840956076059025
2022-06-26,30Y,30,0.7310706046061474
2022-06-27,1Y,1,0.9991204734543594
2022-06-27,2Y,2,0.9975306649381441
2022-06-27,3Y,3,0.9949860573910738
2022-06-27,4Y,4,0.9912663042945515
2022-06-27,5Y,5,0.9871285280960467
2022-06-27,7Y,7,0.9742831784900332
2022-06-27,10Y,10,0.9489530040333841
2022-06-27,15Y,15,0.8962970545512653
2022-06-27,20Y,20,0.8354939153257934
2022-06-27,25Y,25,0.7766370312672651
2022-06-27,30Y,30,0.7225288690443847
2022-06-28,1Y,1,0.9993752059868335
2022-06-28,2Y,2,0.9977622223790575
2022-06-28,3Y,3,0.994915339179177
2022-06-28,4Y,4,0.9913729485316347
2022-06-28,5Y,5,0.98738452770895
2022-06-28,7Y,7,0.9748186716400561
2022-06-28,10Y,10,0.946524343755929
2022-06-28,15Y,15,0.89306093431851
2022-06-28,20Y,20,0.8289788020331256
2022-06-28,25Y,25,0.7700195404216741
2022-06-28,30Y,30,0.7157410033458477
2022-06-29,1Y,1,0.9994101795935616
2022-06-29,2Y,2,0.9978545278282119
2022-06-29,3Y,3,0.9954039825237238
2022-06-29,4Y,4,0.9922845541942019
2022-06-29,5Y,5,0.9881450725669084
2022-06-29,7Y,7,0.9756335359159826
2022-06-29,10Y,10,0.9501905368058967
2022-06-29,15Y,15,0.8949089848704195
2022-06-29,20Y,20,0.8332146716561764
2022-06-29,25Y,25,0.7734597936231064
2022-06-29,30Y,30,0.7183726964060425
2022-06-30,1Y,1,0.999250334813948
2022-06-30,2Y,2,0.9978274085394759
2022-06-30,3Y,3,0.9955186940012933
2022-06-30,4Y,4,0.9920702867018609
2022-06-30,5Y,5,0.9880624334461169
2022-06-30,7Y,7,0.9753765858074378
2022-06-30,10Y,10,0.9498362961497259
2022-06-30,15Y,15,0.8966099509297968
2022-06-30,20Y,20,0.8350438685534907
2022-06-30,25Y,25,0.7758370123811354
2022-06-30,30Y,30,0.7224873735849802
2022-07-01,1Y,1,0.9993952109643284
2022-07-01,2Y,2,0.9979668854192982
2022-07-01,3Y,3,0.995692989958459
2022-07-01,4Y,4,0.9927642203008428
2022-07-01,5Y,5,0.988863665837072
2022-07-01,7Y,7,0.9770004437098244
2022-07-01,10Y,10,0.9527193181359829
2022-07-01,15Y,15,0.9002484142237354
2022-07-01,20Y,20,0.8410372272437353
2022-07-01,25Y,25,0.7844696480818765
2022-07-01,30Y,30,0.7322199255075537
2022-07-03,1Y,1,0.9996750410114742
2022-07-03,2Y,2,0.9985558188029934
2022-07-03,3Y,3,0.9966893790201194
2022-07-03,4Y,4,0.9942429936644082
2022-07-03,5Y,5,0.9908310746267129
2022-07-03,7Y,7,0.9798823234193658
2022-07-03,10Y,10,0.9566055440182899
2022-07-03,15Y,15,0.9037927190043227
2022-07-03,20Y,20,0.8443543869497963
2022-07-03,25Y,25,0.7862715015306051
2022-07-03,30Y,30,0.7322816308222833
2022-07-04,1Y,1,0.9997749917390564
2022-07-04,2Y,2,0.9982683523209092
2022-07-04,3Y,3,0.9956170488548091
2022-07-04,4Y,4,0.9929129855267901
2022-07-04,5Y,5,0.9899212383615072
2022-07-04,7Y,7,0.9775808435618392
2022-07-04,10Y,10,0.951311011587699
2022-07-04,15Y,15,0.8992876263680519
2022-07-04,20Y,20,0.8381194517873071
2022-07-04,25Y,25,0.778879628786415
2022-07-04,30Y,30,0.7254538208367775
2022-07-05,1Y,1,0.999665043528924
2022-07-05,2Y,2,0.9983184760828169
2022-07-05,3Y,3,0.9959363417824413
2022-07-05,4Y,4,0.9934229606365015
2022-07-05,5Y,5,0.9905512869151804
2022-07-05,7Y,7,0.978941951772215
2022-07-05,10Y,10,0.954716145837715
2022-07-05,15Y,15,0.901535723751843
2022-07-05,20Y,20,0.8389363882662442
2022-07-05,25Y,25,0.7795918443558589
2022-07-05,30Y,30,0.7250801702412543
2022-07-06,1Y,1,0.9996050478857507
2022-07-06,2Y,2,0.9984460839274819
2022-07-06,3Y,3,0.9968792927871464
2022-07-06,4Y,4,0.994771246588829
2022-07-06,5Y,5,0.9916315429079073
2022-07-06,7Y,7,0.9814545959982667
2022-07-06,10Y,10,0.9586234611897835
2022-07-06,15Y,15,0.9027607034707656
2022-07-06,20Y,20,0.8407036614123162
2022-07-06,25Y,25,0.7788918634320414
2022-07-06,30Y,30,0.7221108596580489
2022-07-07,1Y,1,0.9994451764537968
2022-07-07,2Y,2,0.9983139125527916
2022-07-07,3Y,3,0.9964054085644563
2022-07-07,4Y,4,0.9934840569198766
2022-07-07,5Y,5,0.9901087047662095
2022-07-07,7Y,7,0.9794722123080554
2022-07-07,10Y,10,0.9566470516054739
2022-07-07,15Y,15,0.9001271849807214
2022-07-07,20Y,20,0.8352991440962433
2022-07-07,25Y,25,0.7739390900574138
2022-07-07,30Y,30,0.7175393072510858
2022-07-08,1Y,1,0.9994451391054461
2022-07-08,2Y,2,0.997901937668229
2022-07-08,3Y,3,0.9955833820517432
2022-07-08,4Y,4,0.9926399478956704
2022-07-08,5Y,5,0.9887650163813504
2022-07-08,7Y,7,0.9774972178685172
2022-07-08,10Y,10,0.953661371911205
2022-07-08,15Y,15,0.8970531000704971
2022-07-08,20Y,20,0.8317907540566942
2022-07-08,25Y,25,0.7700338311654157
2022-07-08,30Y,30,0.7141878605626202
2022-07-10,1Y,1,0.9995451024243962
2022-07-10,2Y,2,0.9982737786469283
2022-07-10,3Y,3,0.9962259449338607
2022-07-10,4Y,4,0.9935692395888771
2022-07-10,5Y,5,0.9899934710433653
2022-07-10,7Y,7,0.9790432214529562
2022-07-10,10Y,10,0.955419821842912
2022-07-10,15Y,15,0.8976808912465414
2022-07-10,20Y,20,0.8320999908069144
2022-07-10,25Y,25,0.7693154719277876
2022-07-10,30Y,30,0.7119598273130037
2022-07-11,1Y,1,0.9994051703281247
2022-07-11,2Y,2,0.9977921492705937
2022-07-11,3Y,3,0.9953742596901031
2022-07-11,4Y,4,0.9923793542010724
2022-07-11,5Y,5,0.9887669912149961
2022-07-11,7Y,7,0.9780546820809007
2022-07-11,10Y,10,0.9536221251888821
2022-07-11,15Y,15,0.8965064594604104
2022-07-11,20Y,20,0.8317647717111748
2022-07-11,25Y,25,0.7705046648857719
2022-07-11,30Y,30,0.7144525771708623
2022-07-12,1Y,1,0.9994701256472874
2022-07-12,2Y,2,0.9979443233213752
2022-07-12,3Y,3,0.9956431227334696
2022-07-12,4Y,4,0.9932177269048403
2022-07-12,5Y,5,0.9904242617857633
2022-07-12,7Y,7,0.9790063007976727
2022-07-12,10Y,10,0.9562660435020334
2022-07-12,15Y,15,0.9011052899057267
2022-07-12,20Y,20,0.8351449729707741
2022-07-12,25Y,25,0.773203530854201
2022-07-12,30Y,30,0.7170589074135065
2022-07-13,1Y,1,0.9994551390409778
2022-07-13,2Y,2,0.9981091738341754
2022-07-13,3Y,3,0.9962263801463574
2022-07-13,4Y,4,0.9937539138223191
2022-07-13,5Y,5,0.9903020591094814
2022-07-13,7Y,7,0.9798761075916247
2022-07-13,10Y,10,0.9568477629232051
2022-07-13,15Y,15,0.8989036491863672
2022-07-13,20Y,20,0.8327266911371712
2022-07-13,25Y,25,0.7692202538000226
2022-07-13,30Y,30,0.711262502222901
2022-07-14,1Y,1,0.9994201410777848
2022-07-14,2Y,2,0.9976723000184189
2022-07-14,3Y,3,0.9950504493978424
2022-07-14,4Y,4,0.991865144230114
2022-07-14,5Y,5,0.9878746633389439
2022-07-14,7Y,7,0.9769743557776691
2022-07-14,10Y,10,0.9540329611361997
2022-07-14,15Y,15,0.8978832915624493
2022-07-14,20Y,20,0.8331562640781551
2022-07-14,25Y,25,0.7718013776362039
2022-07-14,30Y,30,0.7158004545910036
2022-07-15,1Y,1,0.9991554428761993
2022-07-15,2Y,2,0.9974731388071736
2022-07-15,3Y,3,0.9950263813395822
2022-07-15,4Y,4,0.9920553631609905
2022-07-15,5Y,5,0.9883722481565191
2022-07-15,7Y,7,0.978400321693148
2022-07-15,10Y,10,0.957374082446522
2022-07-15,15Y,15,0.9055292307040378
2022-07-15,20Y,20,0.8444945247502232
2022-07-15,25Y,25,0.7858655963754426
2022-07-15,30Y,30,0.7320370176069697
2022-07-17,1Y,1,0.9991554428761993
2022-07-17,2Y,2,0.9974731388071736
2022-07-17,3Y,3,0.9950463304356907
2022-07-17,4Y,4,0.9920951047500169
2022-07-17,5Y,5,0.9883919356439411
2022-07-17,7Y,7,0.9784000781672774
2022-07-17,10Y,10,0.9573737459081287
2022-07-17,15Y,15,0.905528744725858
2022-07-17,20Y,20,0.8444939292708602
2022-07-17,25Y,25,0.7858649465549441
2022-07-17,30Y,30,0.7320363460434565
2022-07-18,1Y,1,0.9993601835510513
2022-07-18,2Y,2,0.9975750876548014
2022-07-18,3Y,3,0.9950458362584033
2022-07-18,4Y,4,0.99209447513219
2022-07-18,5Y,5,0.9883911919804871
2022-07-18,7Y,7,0.9783990847860892
2022-07-18,10Y,10,0.9573723749259497
2022-07-18,15Y,15,0.9055267652561905
2022-07-18,20Y,20,0.8444915042039598
2022-07-18,25Y,25,0.785862300611331
2022-07-18,30Y,30,0.7320336115124862
2022-07-19,1Y,1,0.9995151127328841
2022-07-19,2Y,2,0.998131490281244
2022-07-19,3Y,3,0.995961877586845
2022-07-19,4Y,4,0.9928247853684897
2022-07-19,5Y,5,0.988434693086687
2022-07-19,7Y,7,0.9776349801151526
2022-07-19,10Y,10,0.95539713807556
2022-07-19,15Y,15,0.9007409435854847
2022-07-19,20Y,20,0.8369988012616054
2022-07-19,25Y,25,0.7759830055305933
2022-07-19,30Y,30,0.720018953519169
2022-07-20,1Y,1,0.999525108610309
2022-07-20,2Y,2,0.998203898799494
2022-07-20,3Y,3,0.9961263299344477
2022-07-20,4Y,4,0.9934624768333827
2022-07-20,5Y,5,0.989989329188537
2022-07-20,7Y,7,0.9798805835165069
2022-07-20,10Y,10,0.9577039483607445
2022-07-20,15Y,15,0.900912698297057
2022-07-20,20Y,20,0.8364387107139566
2022-07-20,25Y,25,0.7733666745475634
2022-07-20,30Y,30,0.7156025738333934
2022-07-21,1Y,1,0.9992053951052762
2022-07-21,2Y,2,0.9976177769402618
2022-07-21,3Y,3,0.9952353051180843
2022-07-21,4Y,4,0.9923008684838004
2022-07-21,5Y,5,0.9886538355790461
2022-07-21,7Y,7,0.9783460670039085
2022-07-21,10Y,10,0.9563521031808627
2022-07-21,15Y,15,0.90130085548079
2022-07-21,20Y,20,0.8370675575674384
2022-07-21,25Y,25,0.775943384097853
2022-07-21,30Y,30,0.7202069245253958
2022-07-22,1Y,1,0.9994152185680059
2022-07-22,2Y,2,0.9982989405574664
2022-07-22,3Y,3,0.9965852718791068
2022-07-22,4Y,4,0.9944284643288476
2022-07-22,5Y,5,0.9917233174190194
2022-07-22,7Y,7,0.9834672435491327
2022-07-22,10Y,10,0.9643181094955361
2022-07-22,15Y,15,0.9126351237181543
2022-07-22,20Y,20,0.85053122008451
2022-07-22,25Y,25,0.7915730450591808
2022-07-22,30Y,30,0.737141952122684
2022-07-24,1Y,1,0.9997500223308784
2022-07-24,2Y,2,0.9989004870574811
2022-07-24,3Y,3,0.9975424599792502
2022-07-24,4Y,4,0.9957870624096457
2022-07-24,5Y,5,0.9934064760966759
2022-07-24,7Y,7,0.9859419292396514
2022-07-24,10Y,10,0.967805082089266
2022-07-24,15Y,15,0.9149395270138012
2022-07-24,20Y,20,0.8518599689489154
2022-07-24,25Y,25,0.7910371495855442
2022-07-24,30Y,30,0.7354342541174019
2022-07-25,1Y,1,0.999610053574547
2022-07-25,2Y,2,0.9983286545976766
2022-07-25,3Y,3,0.9967597920906984
2022-07-25,4Y,4,0.9948161532412635
2022-07-25,5Y,5,0.9915719071862175
2022-07-25,7Y,7,0.9828165753700939
2022-07-25,10Y,10,0.9635963611911099
2022-07-25,15Y,15,0.9114834177329784
2022-07-25,20Y,20,0.8492622606081597
2022-07-25,25Y,25,0.7898791646439413
2022-07-25,30Y,30,0.7355524327764126
2022-07-26,1Y,1,0.999625047732861
2022-07-26,2Y,2,0.9983885767040304
2022-07-26,3Y,3,0.9965250660080669
2022-07-26,4Y,4,0.9942536480512828
2022-07-26,5Y,5,0.9914345918281883
2022-07-26,7Y,7,0.9836589426078524
2022-07-26,10Y,10,0.9638380094597707
2022-07-26,15Y,15,0.9138530946388892
2022-07-26,20Y,20,0.8532985280163097
2022-07-26,25Y,25,0.7949778455151922
2022-07-26,30Y,30,0.7433649924160277
2022-07-27,1Y,1,0.9997600172931683
2022-07-27,2Y,2,0.998838010841405
2022-07-27,3Y,3,0.9973078632334865
2022-07-27,4Y,4,0.9953210411128237
2022-07-27,5Y,5,0.9921761088199336
2022-07-27,7Y,7,0.9838957799982521
2022-07-27,10Y,10,0.9647591621554796
2022-07-27,15Y,15,0.9128255284115105
2022-07-27,20Y,20,0.8519813407206289
2022-07-27,25Y,25,0.7929600936386996
2022-07-27,30Y,30,0.7390419594947071
2022-07-28,1Y,1,0.9995401324203025
2022-07-28,2Y,2,0.9985709678782554
2022-07-28,3Y,3,0.9969839358614684
2022-07-28,4Y,4,0.9948583870214612
2022-07-28,5Y,5,0.9920147773887343
2022-07-28,7Y,7,0.9832943812566912
2022-07-28,10Y,10,0.9635634721285706
2022-07-28,15Y,15,0.9116377172309472
2022-07-28,20Y,20,0.8502104788457232
2022-07-28,25Y,25,0.7916940445962622
2022-07-28,30Y,30,0.7382792093682281
2022-07-29,1Y,1,0.9997400120687537
2022-07-29,2Y,2,0.9987306371687081
2022-07-29,3Y,3,0.9971932161104914
2022-07-29,4Y,4,0.9952715064350403
2022-07-29,5Y,5,0.992705509135566
2022-07-29,7Y,7,0.9845637488478566
2022-07-29,10Y,10,0.9650467984566511
2022-07-29,15Y,15,0.9127337648107774
2022-07-29,20Y,20,0.8497979918639896
2022-07-29,25Y,25,0.789425748925688
2022-07-29,30Y,30,0.7343122262897785
2022-07-30,1Y,1,0.9998649995781395
2022-07-30,2Y,2,0.9991377461379126
2022-07-30,3Y,3,0.9978616920960561
2022-07-30,4Y,4,0.9961230483382675
2022-07-30,5Y,5,0.9936591609435831
2022-07-30,7Y,7,0.9855900133674196
2022-07-30,10Y,10,0.9659406747049682
2022-07-30,15Y,15,0.9116295085321984
2022-07-30,20Y,20,0.8474626525077233
2022-07-30,25Y,25,0.7855084609693197
2022-07-30,30Y,30,0.7290961588495539
2022-07-31,1Y,1,0.9996800705611116
2022-07-31,2Y,2,0.9990454268618892
2022-07-31,3Y,3,0.9978618812559871
2022-07-31,4Y,4,0.9961233235869469
2022-07-31,5Y,5,0.9936445492841697
2022-07-31,7Y,7,0.9855638855277613
2022-07-31,10Y,10,0.965856990134763
2022-07-31,15Y,15,0.911531974617225
2022-07-31,20Y,20,0.8473294573804653
2022-07-31,25Y,25,0.7854122227588463
2022-07-31,30Y,30,0.7288573192921478
2022-08-01,1Y,1,0.9998849973595526
2022-08-01,2Y,2,0.9990502383880384
2022-08-01,3Y,3,0.9975171994278106
2022-08-01,4Y,4,0.9955772768749745
2022-08-01,5Y,5,0.9929728036954764
2022-08-01,7Y,7,0.9848584892446902
2022-08-01,10Y,10,0.9659256479543209
2022-08-01,15Y,15,0.912704492102012
2022-08-01,20Y,20,0.8492142802420478
2022-08-01,25Y,25,0.7881366874695045
2022-08-01,30Y,30,0.7322628242737805
2022-08-02,1Y,1,0.9996300852438963
2022-08-02,2Y,2,0.999013021862418
2022-08-02,3Y,3,0.997916797405742
2022-08-02,4Y,4,0.9963554304852683
2022-08-02,5Y,5,0.9944820021252878
2022-08-02,7Y,7,0.986065620042858
2022-08-02,10Y,10,0.9684224970019921
2022-08-02,15Y,15,0.9159018171052312
2022-08-02,20Y,20,0.8544061193426686
2022-08-02,25Y,25,0.7941026404629961
2022-08-02,30Y,30,0.7395280822035459
2022-08-03,1Y,1,0.9998949971036801
2022-08-03,2Y,2,0.9990477172418014
2022-08-03,3Y,3,0.9974522738616628
2022-08-03,4Y,4,0.9954950908179213
2022-08-03,5Y,5,0.9929730859224348
2022-08-03,7Y,7,0.9848126816932874
2022-08-03,10Y,10,0.9654196030968482
2022-08-03,15Y,15,0.9132721275111995
2022-08-03,20Y,20,0.8498066566022088
2022-08-03,25Y,25,0.7881618712716705
2022-08-03,30Y,30,0.7319595468423246
2022-08-04,1Y,1,0.9998999963973022
2022-08-04,2Y,2,0.9992226838079133
2022-08-04,3Y,3,0.9980364036541193
2022-08-04,4Y,4,0.9964446368808102
2022-08-04,5Y,5,0.9938372677651938
2022-08-04,7Y,7,0.9851114287821111
2022-08-04,10Y,10,0.9663206323135226
2022-08-04,15Y,15,0.9145554843227881
2022-08-04,20Y,20,0.8509730289652242
2022-08-04,25Y,25,0.7894441511002588
2022-08-04,30Y,30,0.7343359728449218
2022-08-05,1Y,1,0.9999049963381064
2022-08-05,2Y,2,0.9992326742928599
2022-08-05,3Y,3,0.9980413847389905
2022-08-05,4Y,4,0.9964571060162232
2022-08-05,5Y,5,0.9942217197263181
2022-08-05,7Y,7,0.9862320917666854
2022-08-05,10Y,10,0.9685838103813618
2022-08-05,15Y,15,0.9166128255950896
2022-08-05,20Y,20,0.8541243033991783
2022-08-05,25Y,25,0.7924768196213068
2022-08-05,30Y,30,0.7353783160631956
2022-08-07,1Y,1,0.9998649995781395
2022-08-07,2Y,2,0.9991377461379126
2022-08-07,3Y,3,0.9978716846485581
2022-08-07,4Y,4,0.9961679579981492
2022-08-07,5Y,5,0.9937637864539638
2022-08-07,7Y,7,0.9860038455437748
2022-08-07,10Y,10,0.9670517568413511
2022-08-07,15Y,15,0.9143338365234905
2022-08-07,20Y,20,0.8512031429277669
2022-08-07,25Y,25,0.7893298691378295
2022-08-07,30Y,30,0.7324487547407182
2022-08-08,1Y,1,0.9998649995781395
2022-08-08,2Y,2,0.9991527420506773
2022-08-08,3Y,3,0.9977117412241763
2022-08-08,4Y,4,0.995866363556092
2022-08-08,5Y,5,0.9938194830313527
2022-08-08,7Y,7,0.9865881652926777
2022-08-08,10Y,10,0.9682027819394041
2022-08-08,15Y,15,0.9165574866029469
2022-08-08,20Y,20,0.8543725565227785
2022-08-08,25Y,25,0.7932347092452102
2022-08-08,30Y,30,0.7371836130018955
2022-08-09,1Y,1,0.9996800705611116
2022-08-09,2Y,2,0.9990604199364782
2022-08-09,3Y,3,0.997731929267518
2022-08-09,4Y,4,0.9956569524669017
2022-08-09,5Y,5,0.9930575887838082
2022-08-09,7Y,7,0.9855278622463449
2022-08-09,10Y,10,0.9674721643910448
2022-08-09,15Y,15,0.9182198744573039
2022-08-09,20Y,20,0.8576975364217378
2022-08-09,25Y,25,0.798862748082817
2022-08-09,30Y,30,0.7451646637293808
2022-08-10,1Y,1,0.9996650361043851
2022-08-10,2Y,2,0.9985508721568849
2022-08-10,3Y,3,0.996919028907402
2022-08-10,4Y,4,0.9949630903570972
2022-08-10,5Y,5,0.9924329800534596
2022-08-10,7Y,7,0.9849092911711986
2022-08-10,10Y,10,0.9670155334925331
2022-08-10,15Y,15,0.9185453625289843
2022-08-10,20Y,20,0.8594387454368624
2022-08-10,25Y,25,0.8022349115078785
2022-08-10,30Y,30,0.7499816253371319
2022-08-11,1Y,1,0.9997750149411628
2022-08-11,2Y,2,0.9987705043146176
2022-08-11,3Y,3,0.9970283859293877
2022-08-11,4Y,4,0.9949625648370131
2022-08-11,5Y,5,0.9924323205372901
2022-08-11,7Y,7,0.98490834539531
2022-08-11,10Y,10,0.9670140848039915
2022-08-11,15Y,15,0.918543031645113
2022-08-11,20Y,20,0.8594357404134125
2022-08-11,25Y,25,0.8009707545161141
2022-08-11,30Y,30,0.7452745171503377
2022-08-12,1Y,1,0.9997300249413297
2022-08-12,2Y,2,0.998748105279996
2022-08-12,3Y,3,0.9971582544386399
2022-08-12,4Y,4,0.9951468662864135
2022-08-12,5Y,5,0.9925165243425668
2022-08-12,7Y,7,0.9841260783752536
2022-08-12,10Y,10,0.9654692522111351
2022-08-12,15Y,15,0.9159977381362336
2022-08-12,20Y,20,0.8561667714506266
2022-08-12,25Y,25,0.798164919858853
2022-08-12,30Y,30,0.7431213398379872
2022-08-14,1Y,1,0.9995501386742831
2022-08-14,2Y,2,0.9987183068246189
2022-08-14,3Y,3,0.9973081636658209
2022-08-14,4Y,4,0.9953788051207115
2022-08-14,5Y,5,0.9928450062026889
2022-08-14,7Y,7,0.9852571510786471
2022-08-14,10Y,10,0.9671958922293517
2022-08-14,15Y,15,0.917150375593377
2022-08-14,20Y,20,0.8570709614460271
2022-08-14,25Y,25,0.7986342858356907
2022-08-14,30Y,30,0.7455523007824315
2022-08-15,1Y,1,0.99965004283148
2022-08-15,2Y,2,0.998633332963735
2022-08-15,3Y,3,0.9970386004543484
2022-08-15,4Y,4,0.9948206139701945
2022-08-15,5Y,5,0.9920595720439315
2022-08-15,7Y,7,0.9848546495948703
2022-08-15,10Y,10,0.9666323998567578
2022-08-15,15Y,15,0.918645003591953
2022-08-15,20Y,20,0.8597542596047552
2022-08-15,25Y,25,0.8024373633834445
2022-08-15,30Y,30,0.7499742966695028
2022-08-16,1Y,1,0.9996100553002547
2022-08-16,2Y,2,0.9985684507112547
2022-08-16,3Y,3,0.997228498298718
2022-08-16,4Y,4,0.995196631626233
2022-08-16,5Y,5,0.9924671745054824
2022-08-16,7Y,7,0.9844939271956947
2022-08-16,10Y,10,0.9665475757328112
2022-08-16,15Y,15,0.9187254796172879
2022-08-16,20Y,20,0.8601534979433558
2022-08-16,25Y,25,0.802754966090543
2022-08-16,30Y,30,0.7491515826435365
2022-08-17,1Y,1,0.9995400892203625
2022-08-17,2Y,2,0.9982263802618079
2022-08-17,3Y,3,0.9963757847051732
2022-08-17,4Y,4,0.9942268870578849
2022-08-17,5Y,5,0.9915298870510422
2022-08-17,7Y,7,0.9837505060333833
2022-08-17,10Y,10,0.9657266664333576
2022-08-17,15Y,15,0.9185481492550748
2022-08-17,20Y,20,0.8603049585669138
2022-08-17,25Y,25,0.8033782920274151
2022-08-17,30Y,30,0.751309999937335
2022-08-18,1Y,1,0.9994352220035517
2022-08-18,2Y,2,0.9983537912855774
2022-08-18,3Y,3,0.9965552235768871
2022-08-18,4Y,4,0.9943711540173474
2022-08-18,5Y,5,0.9919077607826847
2022-08-18,7Y,7,0.9839552142866016
2022-08-18,10Y,10,0.9654968398921732
2022-08-18,15Y,15,0.9177859787436325
2022-08-18,20Y,20,0.8588931710736545
2022-08-18,25Y,25,0.8024095426923961
2022-08-18,30Y,30,0.7511904392547076
2022-08-19,1Y,1,0.9992753373799024
2022-08-19,2Y,2,0.997944643838281
2022-08-19,3Y,3,0.9960173993390332
2022-08-19,4Y,4,0.9935980996423958
2022-08-19,5Y,5,0.9904978003911875
2022-08-19,7Y,7,0.9816386170891634
2022-08-19,10Y,10,0.9618021889110258
2022-08-19,15Y,15,0.9140044709338979
2022-08-19,20Y,20,0.8558272399674407
2022-08-19,25Y,25,0.7988877164514494
2022-08-19,30Y,30,0.7468879191914518
2022-08-21,1Y,1,0.9995900786511919
2022-08-21,2Y,2,0.9984160748824007
2022-08-21,3Y,3,0.9965949068512397
2022-08-21,4Y,4,0.9943457512351326
2022-08-21,5Y,5,0.9914391233123809
2022-08-21,7Y,7,0.9826897097065704
2022-08-21,10Y,10,0.9627830900620521
2022-08-21,15Y,15,0.9129423491325773
2022-08-21,20Y,20,0.8533775021937039
2022-08-21,25Y,25,0.7949818363578394
2022-08-21,30Y,30,0.7418933031263998
2022-08-22,1Y,1,0.9996000719211536
2022-08-22,2Y,2,0.9984210578679431
2022-08-22,3Y,3,0.9965749205983037
2022-08-22,4Y,4,0.9942310820498674
2022-08-22,5Y,5,0.9911057474619251
2022-08-22,7Y,7,0.9816849200260942
2022-08-22,10Y,10,0.9612404567440472
2022-08-22,15Y,15,0.9103378948686741
2022-08-22,20Y,20,0.8499704154891696
2022-08-22,25Y,25,0.7909596867424025
2022-08-22,30Y,30,0.7366999151617917
2022-08-23,1Y,1,0.9996050719129224
2022-08-23,2Y,2,0.9984759998929801
2022-08-23,3Y,3,0.9967095574482733
2022-08-23,4Y,4,0.9941182226607803
2022-08-23,5Y,5,0.9903588552899106
2022-08-23,7Y,7,0.9803629037283574
2022-08-23,10Y,10,0.9595889178766588
2022-08-23,15Y,15,0.9100233946339014
2022-08-23,20Y,20,0.8495221738809535
2022-08-23,25Y,25,0.7903485462333495
2022-08-23,30Y,30,0.7360891223519272
2022-08-24,1Y,1,0.9996100686541077
2022-08-24,2Y,2,0.9984410185255872
2022-08-24,3Y,3,0.996285246826191
2022-08-24,4Y,4,0.9935838953084386
2022-08-24,5Y,5,0.9901864987639093
2022-08-24,7Y,7,0.9791485015758035
2022-08-24,10Y,10,0.959569151251226
2022-08-24,15Y,15,0.9064176321032565
2022-08-24,20Y,20,0.8463709937901124
2022-08-24,25Y,25,0.7870108269525234
2022-08-24,30Y,30,0.7316592818655455
2022-08-25,1Y,1,0.9994751212826026
2022-08-25,2Y,2,0.9979767822286015
2022-08-25,3Y,3,0.995732813441502
2022-08-25,4Y,4,0.9929208169253899
2022-08-25,5Y,5,0.9892360823656456
2022-08-25,7Y,7,0.9788469765961676
2022-08-25,10Y,10,0.957871873174645
2022-08-25,15Y,15,0.907961474816538
2022-08-25,20Y,20,0.8460309860677117
2022-08-25,25Y,25,0.7874961081996726
2022-08-25,30Y,30,0.7340358125289689
2022-08-26,1Y,1,0.9994551345462414
2022-08-26,2Y,2,0.9979443624365728
2022-08-26,3Y,3,0.9956880157273809
2022-08-26,4Y,4,0.9928737200627706
2022-08-26,5Y,5,0.9892464344067697
2022-08-26,7Y,7,0.9789717495252579
2022-08-26,10Y,10,0.9576398756366346
2022-08-26,15Y,15,0.9069380744920379
2022-08-26,20Y,20,0.8464089399893208
2022-08-26,25Y,25,0.7880092848900365
2022-08-26,30Y,30,0.734574031133353
2022-08-27,1Y,1,0.9995950785804156
2022-08-27,2Y,2,0.9984260491300488
2022-08-27,3Y,3,0.9965399711389342
2022-08-27,4Y,4,0.9941015461612498
2022-08-27,5Y,5,0.9908472372305935
2022-08-27,7Y,7,0.9810139930533203
2022-08-27,10Y,10,0.9601650509554723
2022-08-27,15Y,15,0.908148399460364
2022-08-27,20Y,20,0.8466118865393881
2022-08-27,25Y,25,0.7869944705815353
2022-08-27,30Y,30,0.7327953349878473
2022-08-28,1Y,1,0.9995700892478993
2022-08-28,2Y,2,0.9983461670525543
2022-08-28,3Y,3,0.996375468069502
2022-08-28,4Y,4,0.9938129503061408
2022-08-28,5Y,5,0.9904054837678652
2022-08-28,7Y,7,0.9803247232952449
2022-08-28,10Y,10,0.958923981022786
2022-08-28,15Y,15,0.9063470902835362
2022-08-28,20Y,20,0.8444045465741137
2022-08-28,25Y,25,0.784452686996964
2022-08-28,30Y,30,0.7298129031458556
2022-08-29,1Y,1,0.9994551478797266
2022-08-29,2Y,2,0.9979967685732333
2022-08-29,3Y,3,0.9957327699958333
2022-08-29,4Y,4,0.9928685538420338
2022-08-29,5Y,5,0.9891317543568233
2022-08-29,7Y,7,0.9782520293613556
2022-08-29,10Y,10,0.9557434493008814
2022-08-29,15Y,15,0.8999440489757775
2022-08-29,20Y,20,0.8350648474925948
2022-08-29,25Y,25,0.7729808106064597
2022-08-29,30Y,30,0.7169323244482828
2022-08-30,1Y,1,0.9995650911094169
2022-08-30,2Y,2,0.998343682088911
2022-08-30,3Y,3,0.9963854527370822
2022-08-30,4Y,4,0.9938079368016264
2022-08-30,5Y,5,0.9903656833988225
2022-08-30,7Y,7,0.980298218920338
2022-08-30,10Y,10,0.959061322448888
2022-08-30,15Y,15,0.9053178634678135
2022-08-30,20Y,20,0.8420466292682649
2022-08-30,25Y,25,0.7811629178755386
2022-08-30,30Y,30,0.725726881112515
2022-08-31,1Y,1,0.9995650911094169
2022-08-31,2Y,2,0.9983361879552588
2022-08-31,3Y,3,0.9963605186471176
2022-08-31,4Y,4,0.9937681365384663
2022-08-31,5Y,5,0.9903310362287506
2022-08-31,7Y,7,0.9803223982790301
2022-08-31,10Y,10,0.9591532122743488
2022-08-31,15Y,15,0.9059087616041392
2022-08-31,20Y,20,0.8432006857782288
2022-08-31,25Y,25,0.7825705962872247
2022-08-31,30Y,30,0.7271203175420592
2022-09-01,1Y,1,0.9993901755969234
2022-09-01,2Y,2,0.997919549601705
2022-09-01,3Y,3,0.9958826434749593
2022-09-01,4Y,4,0.9932020400257585
2022-09-01,5Y,5,0.9895286972816575
2022-09-01,7Y,7,0.9789261720731361
2022-09-01,10Y,10,0.9568266512642593
2022-09-01,15Y,15,0.9017715029794731
2022-09-01,20Y,20,0.8369739484125139
2022-09-01,25Y,25,0.7745149028916516
2022-09-01,30Y,30,0.7176100894989471
2022-09-02,1Y,1,0.9991804215959302
2022-09-02,2Y,2,0.9975754059371207
2022-09-02,3Y,3,0.9950957920731417
2022-09-02,4Y,4,0.991788484734901
2022-09-02,5Y,5,0.9875277569603877
2022-09-02,7Y,7,0.9759361103500368
2022-09-02,10Y,10,0.9529151252647695
2022-09-02,15Y,15,0.8982875041680866
2022-09-02,20Y,20,0.8329250214106367
2022-09-02,25Y,25,0.769839658805919
2022-09-02,30Y,30,0.7126360152002749
2022-09-03,1Y,1,0.9991804215959302
2022-09-03,2Y,2,0.9975754059371207
2022-09-03,3Y,3,0.9950957920731417
2022-09-03,4Y,4,0.991788484734901
2022-09-03,5Y,5,0.9875277569603877
2022-09-03,7Y,7,0.9759361103500368
2022-09-03,10Y,10,0.9529151252647695
2022-09-03,15Y,15,0.8982875041680866
2022-09-03,20Y,20,0.8329250214106367
2022-09-03,25Y,25,0.769839658805919
2022-09-03,30Y,30,0.7126360152002749
2022-09-04,1Y,1,0.9994701407873161
2022-09-04,2Y,2,0.9980566650019299
2022-09-04,3Y,3,0.9958373562666097
2022-09-04,4Y,4,0.9929328546589524
2022-09-04,5Y,5,0.9890963821290809
2022-09-04,7Y,7,0.9781902767728906
2022-09-04,10Y,10,0.9557829637874573
2022-09-04,15Y,15,0.9001463435649164
2022-09-04,20Y,20,0.8342850806788668
2022-09-04,25Y,25,0.7704021416365733
2022-09-04,30Y,30,0.7119378689052812
2022-09-05,1Y,1,0.9994901275050255
2022-09-05,2Y,2,0.9980815955833152
2022-09-05,3Y,3,0.9955577284914088
2022-09-05,4Y,4,0.9919572606232513
2022-09-05,5Y,5,0.9875540898099365
2022-09-05,7Y,7,0.9760186624844183
2022-09-05,10Y,10,0.9529129737505183
2022-09-05,15Y,15,0.8981571720926322
2022-09-05,20Y,20,0.832874296089294
2022-09-05,25Y,25,0.7696946582164205
2022-09-05,30Y,30,0.7121200322746264
2022-09-06,1Y,1,0.9990655504678663
2022-09-06,2Y,2,0.9972637273930238
2022-09-06,3Y,3,0.9945285770322855
2022-09-06,4Y,4,0.9909450956864728
2022-09-06,5Y,5,0.9864406004934024
2022-09-06,7Y,7,0.9744002716253616
2022-09-06,10Y,10,0.9506524656973883
2022-09-06,15Y,15,0.8951216566803049
2022-09-06,20Y,20,0.8290730578023451
2022-09-06,25Y,25,0.7653818788997347
2022-09-06,30Y,30,0.7075320329030252
2022-09-07,1Y,1,0.9993552175162301
2022-09-07,2Y,2,0.9974751070713105
2022-09-07,3Y,3,0.9946523384320832
2022-09-07,4Y,4,0.991513476662546
2022-09-07,5Y,5,0.9874099685843729
2022-09-07,7Y,7,0.9754402795751362
2022-09-07,10Y,10,0.9514289671972753
2022-09-07,15Y,15,0.8934334818750422
2022-09-07,20Y,20,0.8254316071671126
2022-09-07,25Y,25,0.759555336707682
2022-09-07,30Y,30,0.6996234576710008
2022-09-08,1Y,1,0.999240283520015
2022-09-08,2Y,2,0.9972608753017024
2022-09-08,3Y,3,0.9943091089596034
2022-09-08,4Y,4,0.9906270011290081
2022-09-08,5Y,5,0.9859402189640104
2022-09-08,7Y,7,0.9731764006225083
2022-09-08,10Y,10,0.9476712572741277
2022-09-08,15Y,15,0.8895215192381594
2022-09-08,20Y,20,0.8203779263661061
2022-09-08,25Y,25,0.754375943176177
2022-09-08,30Y,30,0.6953640377744984
2022-09-09,1Y,1,0.9990905233934886
2022-09-09,2Y,2,0.9973210502644234
2022-09-09,3Y,3,0.9945881700445338
2022-09-09,4Y,4,0.9910169096530169
2022-09-09,5Y,5,0.9865243127705668
2022-09-09,7Y,7,0.9742052799773233
2022-09-09,10Y,10,0.9495958284059252
2022-09-09,15Y,15,0.8923774304821981
2022-09-09,20Y,20,0.8239620186996544
2022-09-09,25Y,25,0.7585206081067543
2022-09-09,30Y,30,0.6999718775650429
2022-09-11,1Y,1,0.9994201743345256
2022-09-11,2Y,2,0.9978969508870759
2022-09-11,3Y,3,0.9954487218872008
2022-09-11,4Y,4,0.9922245223618825
2022-09-11,5Y,5,0.9880558043107813
2022-09-11,7Y,7,0.9764048935344618
2022-09-11,10Y,10,0.9529028885761882
2022-09-11,15Y,15,0.8951608155046662
2022-09-11,20Y,20,0.8269823025756425
2022-09-11,25Y,25,0.7605855754516067
2022-09-11,30Y,30,0.7005344479866276
2022-09-12,1Y,1,0.9991154969929524
2022-09-12,2Y,2,0.9974008436186903
2022-09-12,3Y,3,0.9947823189094634
2022-09-12,4Y,4,0.991376834455112
2022-09-12,5Y,5,0.9870039072327222
2022-09-12,7Y,7,0.9750285919202424
2022-09-12,10Y,10,0.9511172315602159
2022-09-12,15Y,15,0.8958025124425013
2022-09-12,20Y,20,0.8294014593288126
2022-09-12,25Y,25,0.7654363782987932
2022-09-12,30Y,30,0.7081927968628883
2022-09-13,1Y,1,0.999110504746522
2022-09-13,2Y,2,0.9973983578670926
2022-09-13,3Y,3,0.994792306580113
2022-09-13,4Y,4,0.9913967119211653
2022-09-13,5Y,5,0.9870585340036143
2022-09-13,7Y,7,0.9753696278381002
2022-09-13,10Y,10,0.9519173985080135
2022-09-13,15Y,15,0.8978651886867652
2022-09-13,20Y,20,0.8335835816157394
2022-09-13,25Y,25,0.7713861752607736
2022-09-13,30Y,30,0.7151917227264727
2022-09-14,1Y,1,0.9992502829579271
2022-09-14,2Y,2,0.9973257272630568
2022-09-14,3Y,3,0.9944384735288547
2022-09-14,4Y,4,0.990830402462376
2022-09-14,5Y,5,0.9862865428316345
2022-09-14,7Y,7,0.9740303219544023
2022-09-14,10Y,10,0.9502638891676216
2022-09-14,15Y,15,0.8974537105129382
2022-09-14,20Y,20,0.8351247193988859
2022-09-14,25Y,25,0.7750390623897173
2022-09-14,30Y,30,0.7209893692870794
2022-09-15,1Y,1,0.9990106258079868
2022-09-15,2Y,2,0.9971241216929505
2022-09-15,3Y,3,0.9942550035811529
2022-09-15,4Y,4,0.9905235853352627
2022-09-15,5Y,5,0.9858078868289939
2022-09-15,7Y,7,0.9741393265319319
2022-09-15,10Y,10,0.9486110284536156
2022-09-15,15Y,15,0.892889757373847
2022-09-15,20Y,20,0.8255872792936023
2022-09-15,25Y,25,0.7630958046091969
2022-09-15,30Y,30,0.706816213637509
2022-09-16,1Y,1,0.9989956413467987
2022-09-16,2Y,2,0.9972439708659022
2022-09-16,3Y,3,0.9947180837019021
2022-09-16,4Y,4,0.9912655100707324
2022-09-16,5Y,5,0.9867072026895711
2022-09-16,7Y,7,0.9741482176596635
2022-09-16,10Y,10,0.9492624316274764
2022-09-16,15Y,15,0.8914639600434031
2022-09-16,20Y,20,0.8244445881319443
2022-09-16,25Y,25,0.7597844056151366
2022-09-16,30Y,30,0.7012099523452763
2022-09-18,1Y,1,0.9989956413467987
2022-09-18,2Y,2,0.997049309328797
2022-09-18,3Y,3,0.9940609265131197
2022-09-18,4Y,4,0.9901638579797173
2022-09-18,5Y,5,0.9852392864708601
2022-09-18,7Y,7,0.9719749233350227
2022-09-18,10Y,10,0.9463684344702028
2022-09-18,15Y,15,0.889141965969074
2022-09-18,20Y,20,0.8224556800346089
2022-09-18,25Y,25,0.7589091783271006
2022-09-18,30Y,30,0.7017389766767035
2022-09-19,1Y,1,0.9993252433123401
2022-09-19,2Y,2,0.9974077789026641
2022-09-19,3Y,3,0.9941888679317211
2022-09-19,4Y,4,0.9901618872075592
2022-09-19,5Y,5,0.9852368463869138
2022-09-19,7Y,7,0.973072922195915
2022-09-19,10Y,10,0.9466276911962429
2022-09-19,15Y,15,0.8899659753155302
2022-09-19,20Y,20,0.8220256126019546
2022-09-19,25Y,25,0.7588390282382386
2022-09-19,30Y,30,0.7016702625467678
2022-09-20,1Y,1,0.9988957730543071
2022-09-20,2Y,2,0.996730262723812
2022-09-20,3Y,3,0.9933846766275911
2022-09-20,4Y,4,0.9890612053009562
2022-09-20,5Y,5,0.9836499209174244
2022-09-20,7Y,7,0.9691260800323366
2022-09-20,10Y,10,0.9447521506611368
2022-09-20,15Y,15,0.8802890641644604
2022-09-20,20Y,20,0.8121231395633525
2022-09-20,25Y,25,0.7465526675932395
2022-09-20,30Y,30,0.6870317990944653
2022-09-21,1Y,1,0.9992752893025149
2022-09-21,2Y,2,0.9975028265304581
2022-09-21,3Y,3,0.9947070383695782
2022-09-21,4Y,4,0.9910853477841987
2022-09-21,5Y,5,0.9863933736600694
2022-09-21,7Y,7,0.9732069818076824
2022-09-21,10Y,10,0.9469614836385672
2022-09-21,15Y,15,0.8875965903894733
2022-09-21,20Y,20,0.8197367595828706
2022-09-21,25Y,25,0.7549772686102739
2022-09-21,30Y,30,0.6967596286087222
2022-09-22,1Y,1,0.9990156171777036
2022-09-22,2Y,2,0.9971490685390667
2022-09-22,3Y,3,0.9943196891843716
2022-09-22,4Y,4,0.990647683815234
2022-09-22,5Y,5,0.9859659092350499
2022-09-22,7Y,7,0.9730353173762715
2022-09-22,10Y,10,0.9474883235846532
2022-09-22,15Y,15,0.8899664272790307
2022-09-22,20Y,20,0.8231980022504967
2022-09-22,25Y,25,0.7596545091485803
2022-09-22,30Y,30,0.7025282746802279
2022-09-23,1Y,1,0.9992252997554809
2022-09-23,2Y,2,0.9975529685263942
2022-09-23,3Y,3,0.9953650351862336
2022-09-23,4Y,4,0.9924097963901107
2022-09-23,5Y,5,0.9882603767661344
2022-09-23,7Y,7,0.9763852608518757
2022-09-23,10Y,10,0.950785574309864
2022-09-23,15Y,15,0.8933220409180296
2022-09-23,20Y,20,0.8299370515026921
2022-09-23,25Y,25,0.7637085141980177
2022-09-23,30Y,30,0.7013820624012296
2022-09-24,1Y,1,0.9994001919962162
2022-09-24,2Y,2,0.9979019880003298
2022-09-24,3Y,3,0.9955385111286572
2022-09-24,4Y,4,0.9924085414348123
2022-09-24,5Y,5,0.988258754033638
2022-09-24,7Y,7,0.9763829085411244
2022-09-24,10Y,10,0.9522965574971898
2022-09-24,15Y,15,0.8951932451759429
2022-09-24,20Y,20,0.8290201738108335
2022-09-24,25Y,25,0.7654548468455582
2022-09-24,30Y,30,0.7081104614002177
2022-09-25,1Y,1,0.9993302402239685
2022-09-25,2Y,2,0.9976200202459308
2022-09-25,3Y,3,0.9949060531850042
2022-09-25,4Y,4,0.9914128587354836
2022-09-25,5Y,5,0.9868978750766482
2022-09-25,7Y,7,0.9741231138147795
2022-09-25,10Y,10,0.948528429858573
2022-09-25,15Y,15,0.8896572447801445
2022-09-25,20Y,20,0.8221440131704397
2022-09-25,25Y,25,0.7575438737070023
2022-09-25,30Y,30,0.6992975935659077
2022-09-26,1Y,1,0.9988857924424243
2022-09-26,2Y,2,0.9967252985631813
2022-09-26,3Y,3,0.9934046462162726
2022-09-26,4Y,4,0.9894865140194157
2022-09-26,5Y,5,0.9844802257254437
2022-09-26,7Y,7,0.9692916964851573
2022-09-26,10Y,10,0.9432928530811318
2022-09-26,15Y,15,0.881744715434788
2022-09-26,20Y,20,0.8136502343140858
2022-09-26,25Y,25,0.7482348358540084
2022-09-26,30Y,30,0.6890800987596503
2022-09-27,1Y,1,0.9988258717165779
2022-09-27,2Y,2,0.9965384266777669
2022-09-27,3Y,3,0.9930917209882237
2022-09-27,4Y,4,0.9887226499496355
2022-09-27,5Y,5,0.9832715065025549
2022-09-27,7Y,7,0.968465144957459
2022-09-27,10Y,10,0.9403643345774123
2022-09-27,15Y,15,0.879829491086638
2022-09-27,20Y,20,0.8103603128383426
2022-09-27,25Y,25,0.7443668618651199
2022-09-27,30Y,30,0.6847858581407014
2022-09-28,1Y,1,0.9991503965052178
2022-09-28,2Y,2,0.9970289527511785
2022-09-28,3Y,3,0.9935076060978143
2022-09-28,4Y,4,0.9890918199087934
2022-09-28,5Y,5,0.9839204762909696
2022-09-28,7Y,7,0.9695192698714816
2022-09-28,10Y,10,0.9411615205512294
2022-09-28,15Y,15,0.8782175397065846
2022-09-28,20Y,20,0.8073452918881642
2022-09-28,25Y,25,0.7409657888181348
2022-09-28,30Y,30,0.6811482650008971
2022-09-29,1Y,1,0.9989257276567066
2022-09-29,2Y,2,0.9967975300683197
2022-09-29,3Y,3,0.9936983108754224
2022-09-29,4Y,4,0.9896285438406326
2022-09-29,5Y,5,0.9840821689147503
2022-09-29,7Y,7,0.969355716813733
2022-09-29,10Y,10,0.9414162060371098
2022-09-29,15Y,15,0.8807272150162215
2022-09-29,20Y,20,0.8108646564599196
2022-09-29,25Y,25,0.7451071122513822
2022-09-29,30Y,30,0.6860584087871279
2022-09-30,1Y,1,0.9991005267238197
2022-09-30,2Y,2,0.9973409465061941
2022-09-30,3Y,3,0.9945183149162339
2022-09-30,4Y,4,0.9908205586569615
2022-09-30,5Y,5,0.985714711607878
2022-09-30,7Y,7,0.9717756844781685
2022-09-30,10Y,10,0.9474856121197212
2022-09-30,15Y,15,0.8885248915726983
2022-09-30,20Y,20,0.8213140164971677
2022-09-30,25Y,25,0.7575357353407622
2022-09-30,30Y,30,0.7003160347495319
2022-10-01,1Y,1,0.9992553058946366
2022-10-01,2Y,2,0.9974180039276732
2022-10-01,3Y,3,0.9945179046523313
2022-10-01,4Y,4,0.9908200086541038
2022-10-01,5Y,5,0.9861320606449723
2022-10-01,7Y,7,0.9732278941052028
2022-10-01,10Y,10,0.9474776899558024
2022-10-01,15Y,15,0.8886447577494784
2022-10-01,20Y,20,0.8213910698237237
2022-10-01,25Y,25,0.757526863281632
2022-10-01,30Y,30,0.7002618173318682
2022-10-02,1Y,1,0.9990905362596952
2022-10-02,2Y,2,0.9973135268579372
2022-10-02,3Y,3,0.9944735514214198
2022-10-02,4Y,4,0.9907361905500247
2022-10-02,5Y,5,0.9859793413056209
2022-10-02,7Y,7,0.9729348061628045
2022-10-02,10Y,10,0.9470644520224434
2022-10-02,15Y,15,0.8879514174479551
2022-10-02,20Y,20,0.8205491308390597
2022-10-02,25Y,25,0.7565433892146682
2022-10-02,30Y,30,0.6991665602669501
2022-10-03,1Y,1,0.9990954925430495
2022-10-03,2Y,2,0.997256197196204
2022-10-03,3Y,3,0.9943141157032414
2022-10-03,4Y,4,0.9903363583636843
2022-10-03,5Y,5,0.9854058015937607
2022-10-03,7Y,7,0.9721229044979732
2022-10-03,10Y,10,0.9463559749664732
2022-10-03,15Y,15,0.8887908970071745
2022-10-03,20Y,20,0.8222953955034507
2022-10-03,25Y,25,0.7597487581947658
2022-10-03,30Y,30,0.7034902309562341
2022-10-04,1Y,1,0.9994251694611486
2022-10-04,2Y,2,0.9978844547487227
2022-10-04,3Y,3,0.9954088582555315
2022-10-04,4Y,4,0.992189812095073
2022-10-04,5Y,5,0.9880162046110353
2022-10-04,7Y,7,0.974528507556181
2022-10-04,10Y,10,0.949958805655333
2022-10-04,15Y,15,0.8932204219944305
2022-10-04,20Y,20,0.8276615416544316
2022-10-04,25Y,25,0.7639939962036474
2022-10-04,30Y,30,0.7049584798256806
2022-10-05,1Y,1,0.999095502447559
2022-10-05,2Y,2,0.9972411959639584
2022-10-05,3Y,3,0.9944040231055987
2022-10-05,4Y,4,0.9907465009462606
2022-10-05,5Y,5,0.9860889391159093
2022-10-05,7Y,7,0.9731699289733199
2022-10-05,10Y,10,0.9476131424573248
2022-10-05,15Y,15,0.889729576726481
2022-10-05,20Y,20,0.8212364475407157
2022-10-05,25Y,25,0.755630857345893
2022-10-05,30Y,30,0.6964986820320451
2022-10-06,1Y,1,0.9990455698757503
2022-10-06,2Y,2,0.9971489908341666
2022-10-06,3Y,3,0.9942299456412088
2022-10-06,4Y,4,0.9904389891846825
2022-10-06,5Y,5,0.9856094282689406
2022-10-06,7Y,7,0.9723726597447933
2022-10-06,10Y,10,0.946174879442629
2022-10-06,15Y,15,0.8880152900271707
2022-10-06,20Y,20,0.8200338123299505
2022-10-06,25Y,25,0.7549444510202153
2022-10-06,30Y,30,0.696301768589154
2022-10-07,1Y,1,0.9991454906150736
2022-10-07,2Y,2,0.9975504619125496
2022-10-07,3Y,3,0.9949014279751275
2022-10-07,4Y,4,0.9912989522545224
2022-10-07,5Y,5,0.9866705430931019
2022-10-07,7Y,7,0.9736968834178524
2022-10-07,10Y,10,0.9477545448590825
2022-10-07,15Y,15,0.8888744369477015
2022-10-07,20Y,20,0.8209475102597588
2022-10-07,25Y,25,0.7556063410169271
2022-10-07,30Y,30,0.6965206872041428
2022-10-09,1Y,1,0.9990056274370567
2022-10-09,2Y,2,0.9970692428465434
2022-10-09,3Y,3,0.9940807695057702
2022-10-09,4Y,4,0.9901960747719525
2022-10-09,5Y,5,0.9852587641389906
2022-10-09,7Y,7,0.9716934544143614
2022-10-09,10Y,10,0.9450522219911308
2022-10-09,15Y,15,0.8868172173742476
2022-10-09,20Y,20,0.8187874840395402
2022-10-09,25Y,25,0.7536853443687278
2022-10-09,30Y,30,0.694818835364045
2022-10-10,1Y,1,0.999210313221391
2022-10-10,2Y,2,0.9971711003524305
2022-10-10,3Y,3,0.9940801823816297
2022-10-10,4Y,4,0.9905437863772508
2022-10-10,5Y,5,0.986398221288327
2022-10-10,7Y,7,0.973121828117732
2022-10-10,10Y,10,0.9458298652276339
2022-10-10,15Y,15,0.8876013282921362
2022-10-10,20Y,20,0.8183338022981399
2022-10-10,25Y,25,0.7535861413298625
2022-10-10,30Y,30,0.6947201169860738
2022-10-11,1Y,1,0.9992752837093336
2022-10-11,2Y,2,0.9974504105506647
2022-10-11,3Y,3,0.9945426828638882
2022-10-11,4Y,4,0.9907650269715338
2022-10-11,5Y,5,0.9859184803168474
2022-10-11,7Y,7,0.9724621868329705
2022-10-11,10Y,10,0.9457221353409313
2022-10-11,15Y,15,0.8851678739644868
2022-10-11,20Y,20,0.8156743332758631
2022-10-11,25Y,25,0.7485545391887607
2022-10-11,30Y,30,0.6874612431282767
2022-10-12,1Y,1,0.9991403775863237
2022-10-12,2Y,2,0.9971813221273624
2022-10-12,3Y,3,0.9944190788048028
2022-10-12,4Y,4,0.9907487151612479
2022-10-12,5Y,5,0.9858107421877607
2022-10-12,7Y,7,0.9720511889722235
2022-10-12,10Y,10,0.9446502477840504
2022-10-12,15Y,15,0.882373483136661
2022-10-12,20Y,20,0.8107285558693211
2022-10-12,25Y,25,0.7415859600492793
2022-10-12,30Y,30,0.6788327190033191
2022-10-13,1Y,1,0.9989307183087595
2022-10-13,2Y,2,0.9968000125530635
2022-10-13,3Y,3,0.9934889543028832
2022-10-13,4Y,4,0.9891623758616315
2022-10-13,5Y,5,0.9836734949666474
2022-10-13,7Y,7,0.968751544742857
2022-10-13,10Y,10,0.9398501770278422
2022-10-13,15Y,15,0.8768832644147216
2022-10-13,20Y,20,0.8042312314958229
2022-10-13,25Y,25,0.7353516040787039
2022-10-13,30Y,30,0.6735986309240576
2022-10-14,1Y,1,0.9992003234214788
2022-10-14,2Y,2,0.9970912497446647
2022-10-14,3Y,3,0.9937814545348886
2022-10-14,4Y,4,0.9895376264756056
2022-10-14,5Y,5,0.9841700621102143
2022-10-14,7Y,7,0.9694689508415433
2022-10-14,10Y,10,0.9409232246890991
2022-10-14,15Y,15,0.8783175682529705
2022-10-14,20Y,20,0.8059200727282811
2022-10-14,25Y,25,0.7371488925292718
2022-10-14,30Y,30,0.6751945596448469
2022-10-15,1Y,1,0.9993352345637979
2022-10-15,2Y,2,0.9975700675957182
2022-10-15,3Y,3,0.9946518854194415
2022-10-15,4Y,4,0.9907891203159214
2022-10-15,5Y,5,0.9857883742345399
2022-10-15,7Y,7,0.9718538920336457
2022-10-15,10Y,10,0.9443443568347529
2022-10-15,15Y,15,0.8817027457052063
2022-10-15,20Y,20,0.810152804183624
2022-10-15,25Y,25,0.741863736240374
2022-10-15,30Y,30,0.680416067905092
2022-10-16,1Y,1,0.9993202464194257
2022-10-16,2Y,2,0.9975101864009369
2022-10-16,3Y,3,0.9945174940070751
2022-10-16,4Y,4,0.9905782664655355
2022-10-16,5Y,5,0.9854868903608562
2022-10-16,7Y,7,0.9713533406791734
2022-10-16,10Y,10,0.9434969885415913
2022-10-16,15Y,15,0.8805254845296938
2022-10-16,20Y,20,0.8086261719056376
2022-10-16,25Y,25,0.7401224192210665
2022-10-16,30Y,30,0.6784902705870189
2022-10-17,1Y,1,0.9989207098166782
2022-10-17,2Y,2,0.996862484005559
2022-10-17,3Y,3,0.9938623416564394
2022-10-17,4Y,4,0.9898293498872065
2022-10-17,5Y,5,0.9845124425923003
2022-10-17,7Y,7,0.9699582621175297
2022-10-17,10Y,10,0.941479405242106
2022-10-17,15Y,15,0.8769807325709185
2022-10-17,20Y,20,0.8034700867936055
2022-10-17,25Y,25,0.7333304298599308
2022-10-17,30Y,30,0.6701176351088873
2022-10-18,1Y,1,0.9988757676156158
2022-10-18,2Y,2,0.9965258210530354
2022-10-18,3Y,3,0.9929771672325446
2022-10-18,4Y,4,0.988481960147638
2022-10-18,5Y,5,0.9827919015541381
2022-10-18,7Y,7,0.9673787635619894
2022-10-18,10Y,10,0.937614720455831
2022-10-18,15Y,15,0.8725888447649598
2022-10-18,20Y,20,0.7983008024341597
2022-10-18,25Y,25,0.7288343154111868
2022-10-18,30Y,30,0.667114133444094
2022-10-19,1Y,1,0.9990804249377033
2022-10-19,2Y,2,0.996679925934516
2022-10-19,3Y,3,0.9930409750618802
2022-10-19,4Y,4,0.9885030170458403
2022-10-19,5Y,5,0.9827754434233285
2022-10-19,7Y,7,0.9670936648954135
2022-10-19,10Y,10,0.93679140617467
2022-10-19,15Y,15,0.8712052456703826
2022-10-19,20Y,20,0.796840387707546
2022-10-19,25Y,25,0.7274597564903144
2022-10-19,30Y,30,0.6659404670414933
2022-10-20,1Y,1,0.9988358303172123
2022-10-20,2Y,2,0.996610800678405
2022-10-20,3Y,3,0.9930761547136436
2022-10-20,4Y,4,0.9881060956461636
2022-10-20,5Y,5,0.9823284656803779
2022-10-20,7Y,7,0.9666176516369975
2022-10-20,10Y,10,0.9346141203757907
2022-10-20,15Y,15,0.8682858025952862
2022-10-20,20Y,20,0.7923942019738851
2022-10-20,25Y,25,0.7232404924672652
2022-10-20,30Y,30,0.661854919289777
2022-10-21,1Y,1,0.9986211812200168
2022-10-21,2Y,2,0.995860901965253
2022-10-21,3Y,3,0.9916962270939246
2022-10-21,4Y,4,0.9864197492234346
2022-10-21,5Y,5,0.9798687705539675
2022-10-21,7Y,7,0.9625602426648808
2022-10-21,10Y,10,0.9297582060412809
2022-10-21,15Y,15,0.860039373712118
2022-10-21,20Y,20,0.7826668908170064
2022-10-21,25Y,25,0.7113467283090953
2022-10-21,30Y,30,0.6485931161783798
2022-10-23,1Y,1,0.9989705796816244
2022-10-23,2Y,2,0.996460703172532
2022-10-23,3Y,3,0.9925838889936628
2022-10-23,4Y,4,0.9877110288453715
2022-10-23,5Y,5,0.9815976664181971
2022-10-23,7Y,7,0.9650762635357947
2022-10-23,10Y,10,0.9331402062865213
2022-10-23,15Y,15,0.8632183263866929
2022-10-23,20Y,20,0.7862696963509874
2022-10-23,25Y,25,0.7146181254954351
2022-10-23,30Y,30,0.6510051706588779
2022-10-24,1Y,1,0.9988508538164542
2022-10-24,2Y,2,0.9966031435681232
2022-10-24,3Y,3,0.993026622895966
2022-10-24,4Y,4,0.9883251010290195
2022-10-24,5Y,5,0.9823461472829578
2022-10-24,7Y,7,0.9658934626316322
2022-10-24,10Y,10,0.9336172728908927
2022-10-24,15Y,15,0.861699547108005
2022-10-24,20Y,20,0.7823000460541902
2022-10-24,25Y,25,0.7094588792017295
2022-10-24,30Y,30,0.6457598422005816
2022-10-25,1Y,1,0.9988458227928709
2022-10-25,2Y,2,0.9965034607885275
2022-10-25,3Y,3,0.9929324552912209
2022-10-25,4Y,4,0.9883531169779823
2022-10-25,5Y,5,0.9825499592243464
2022-10-25,7Y,7,0.966521667773206
2022-10-25,10Y,10,0.9350701063045962
2022-10-25,15Y,15,0.8663066938548102
2022-10-25,20Y,20,0.7892575926423465
2022-10-25,25Y,25,0.7190221368756204
2022-10-25,30Y,30,0.6572714968766903
2022-10-26,1Y,1,0.999265284716786
2022-10-26,2Y,2,0.9973630808858087
2022-10-26,3Y,3,0.9943386105080951
2022-10-26,4Y,4,0.9904549937377335
2022-10-26,5Y,5,0.985403981600061
2022-10-26,7Y,7,0.970835306620951
2022-10-26,10Y,10,0.9412027965548364
2022-10-26,15Y,15,0.8730484029172917
2022-10-26,20Y,20,0.7973097891284262
2022-10-26,25Y,25,0.7266804000517214
2022-10-26,30Y,30,0.6641593345442439
2022-10-27,1Y,1,0.9993751960989892
2022-10-27,2Y,2,0.9974775604092434
2022-10-27,3Y,3,0.9945077118846931
2022-10-27,4Y,4,0.9910361328141415
2022-10-27,5Y,5,0.9860996761800422
2022-10-27,7Y,7,0.9716639749933117
2022-10-27,10Y,10,0.942005086050706
2022-10-27,15Y,15,0.8765811785070483
2022-10-27,20Y,20,0.8030841921857985
2022-10-27,25Y,25,0.7348033827115386
2022-10-27,30Y,30,0.6741966420821416
2022-10-28,1Y,1,0.9992502708811246
2022-10-28,2Y,2,0.9972283983779922
2022-10-28,3Y,3,0.9941846162713119
2022-10-28,4Y,4,0.9903911638311452
2022-10-28,5Y,5,0.9854398919851011
2022-10-28,7Y,7,0.9711666755882501
2022-10-28,10Y,10,0.9423664985592579
2022-10-28,15Y,15,0.8789918410259201
2022-10-28,20Y,20,0.8080626294795108
2022-10-28,25Y,25,0.7420910134226033
2022-10-28,30Y,30,0.6836050891686599
2022-10-29,1Y,1,0.9993851906216842
2022-10-29,2Y,2,0.9977072798137921
2022-10-29,3Y,3,0.9950154256783031
2022-10-29,4Y,4,0.9915017782793881
2022-10-29,5Y,5,0.9868221670526683
2022-10-29,7Y,7,0.9729843330677462
2022-10-29,10Y,10,0.9445103512479476
2022-10-29,15Y,15,0.8803997554183737
2022-10-29,20Y,20,0.8089158708959651
2022-10-29,25Y,25,0.7417953059029803
2022-10-29,30Y,30,0.6825248866346938
2022-10-30,1Y,1,0.9993552124223405
2022-10-30,2Y,2,0.9976249646432354
2022-10-30,3Y,3,0.9948611297922687
2022-10-30,4Y,4,0.9912710413430396
2022-10-30,5Y,5,0.986510735629211
2022-10-30,7Y,7,0.9725536985502583
2022-10-30,10Y,10,0.9439396410781401
2022-10-30,15Y,15,0.8794851525222763
2022-10-30,20Y,20,0.8077882484068347
2022-10-30,25Y,25,0.7406135406647139
2022-10-30,30Y,30,0.681262070636188
2022-10-31,1Y,1,0.9993552098565474
2022-10-31,2Y,2,0.997587516016157
2022-10-31,3Y,3,0.9947365913860967
2022-10-31,4Y,4,0.9910475718759014
2022-10-31,5Y,5,0.9861990895390503
2022-10-31,7Y,7,0.9720645766451725
2022-10-31,10Y,10,0.9432666996535309
2022-10-31,15Y,15,0.8786878265669025
2022-10-31,20Y,20,0.8067926518875919
2022-10-31,25Y,25,0.7395334832311867
2022-10-31,30Y,30,0.6802377496180074
2022-11-01,1Y,1,0.9992352806408225
2022-11-01,2Y,2,0.9971161196268484
2022-11-01,3Y,3,0.9938461409474929
2022-11-01,4Y,4,0.989743609657613
2022-11-01,5Y,5,0.9844016511346091
2022-11-01,7Y,7,0.9690726179934024
2022-11-01,10Y,10,0.9386447212052621
2022-11-01,15Y,15,0.8727179362031353
2022-11-01,20Y,20,0.7992589367573906
2022-11-01,25Y,25,0.7310403425018296
2022-11-01,30Y,30,0.670725383753822
2022-11-02,1Y,1,0.999015592409078
2022-11-02,2Y,2,0.996931995051959
2022-11-02,3Y,3,0.9936876385809348
2022-11-02,4Y,4,0.9895016041005683
2022-11-02,5Y,5,0.9840671746694124
2022-11-02,7Y,7,0.968408808377874
2022-11-02,10Y,10,0.9374334872271316
2022-11-02,15Y,15,0.870919259474314
2022-11-02,20Y,20,0.7965758309407702
2022-11-02,25Y,25,0.7275814227979254
2022-11-02,30Y,30,0.6665983358849888
2022-11-03,1Y,1,0.9993152414733475
2022-11-03,2Y,2,0.997477773238845
2022-11-03,3Y,3,0.9945176212537308
2022-11-03,4Y,4,0.9906554593320986
2022-11-03,5Y,5,0.9855361195632995
2022-11-03,7Y,7,0.9706181718194004
2022-11-03,10Y,10,0.9403701192068186
2022-11-03,15Y,15,0.8730226859135426
2022-11-03,20Y,20,0.7983661723280743
2022-11-03,25Y,25,0.7283349883844538
2022-11-03,30Y,30,0.6660175459990809
2022-11-04,1Y,1,0.9991354018106414
2022-11-04,2Y,2,0.9967294825085884
2022-11-04,3Y,3,0.9930358599246565
2022-11-04,4Y,4,0.9887363941428424
2022-11-04,5Y,5,0.983120439404382
2022-11-04,7Y,7,0.9668765212228112
2022-11-04,10Y,10,0.9341340653381119
2022-11-04,15Y,15,0.8653075347712973
2022-11-04,20Y,20,0.7896308674346462
2022-11-04,25Y,25,0.7195796401699115
2022-11-04,30Y,30,0.6580158967342744
2022-11-06,1Y,1,0.998970674951032
2022-11-06,2Y,2,0.9968871739345946
2022-11-06,3Y,3,0.9935134423012649
2022-11-06,4Y,4,0.9889978551703015
2022-11-06,5Y,5,0.9831677147840522
2022-11-06,7Y,7,0.9657661499844914
2022-11-06,10Y,10,0.9326321762337891
2022-11-06,15Y,15,0.8661841197621999
2022-11-06,20Y,20,0.7901509617144478
2022-11-06,25Y,25,0.7200404264499441
2022-11-06,30Y,30,0.6582666954096488
2022-11-07,1Y,1,0.9989457131413957
2022-11-07,2Y,2,0.9968598061790875
2022-11-07,3Y,3,0.9935335285474919
2022-11-07,4Y,4,0.9891321700494438
2022-11-07,5Y,5,0.9830620208075127
2022-11-07,7Y,7,0.9665285566209313
2022-11-07,10Y,10,0.9350726138145731
2022-11-07,15Y,15,0.8654562017698695
2022-11-07,20Y,20,0.7907591622882278
2022-11-07,25Y,25,0.7209834688336251
2022-11-07,30Y,30,0.6595411489368656
2022-11-08,1Y,1,0.9990454765484987
2022-11-08,2Y,2,0.9966251275010447
2022-11-08,3Y,3,0.9929366654397919
2022-11-08,4Y,4,0.9883322815696404
2022-11-08,5Y,5,0.982777385982491
2022-11-08,7Y,7,0.9662251166847922
2022-11-08,10Y,10,0.934225898690984
2022-11-08,15Y,15,0.8652956480793658
2022-11-08,20Y,20,0.7886155885127698
2022-11-08,25Y,25,0.7187487594750763
2022-11-08,30Y,30,0.6569636823928346
2022-11-09,1Y,1,0.9992203247406483
2022-11-09,2Y,2,0.9972359094732541
2022-11-09,3Y,3,0.9940898896757713
2022-11-09,4Y,4,0.989699657041426
2022-11-09,5Y,5,0.9837061063117493
2022-11-09,7Y,7,0.9683952756819015
2022-11-09,10Y,10,0.9372133253576774
2022-11-09,15Y,15,0.8709298163832631
2022-11-09,20Y,20,0.7974103280753179
2022-11-09,25Y,25,0.729583104101864
2022-11-09,30Y,30,0.669642026876729
2022-11-10,1Y,1,0.9991703549205877
2022-11-10,2Y,2,0.9970688849431051
2022-11-10,3Y,3,0.9938762846008319
2022-11-10,4Y,4,0.9898606587623745
2022-11-10,5Y,5,0.9846644973717318
2022-11-10,7Y,7,0.969862844504929
2022-11-10,10Y,10,0.940527420772616
2022-11-10,15Y,15,0.875744891542448
2022-11-10,20Y,20,0.8030387375941662
2022-11-10,25Y,25,0.7357546321902787
2022-11-10,30Y,30,0.6763737727410485
2022-11-11,1Y,1,0.999260343556167
2022-11-11,2Y,2,0.9975551715273623
2022-11-11,3Y,3,0.99466700845984
2022-11-11,4Y,4,0.9909511565053083
2022-11-11,5Y,5,0.9861553138436061
2022-11-11,7Y,7,0.9721155461402431
2022-11-11,10Y,10,0.9437930240235386
2022-11-11,15Y,15,0.8808987120201403
2022-11-11,20Y,20,0.8100198225837449
2022-11-11,25Y,25,0.7440147204040788
2022-11-11,30Y,30,0.6853974220509633
2022-11-12,1Y,1,0.9994001825461013
2022-11-12,2Y,2,0.9977746540080471
2022-11-12,3Y,3,0.9951747937843864
2022-11-12,4Y,4,0.991789888782919
2022-11-12,5Y,5,0.9872478076283675
2022-11-12,7Y,7,0.9737272197748119
2022-11-12,10Y,10,0.9459958039392834
2022-11-12,15Y,15,0.8822261880109381
2022-11-12,20Y,20,0.8110223470065834
2022-11-12,25Y,25,0.7440577678009879
2022-11-12,30Y,30,0.6843071590232427
2022-11-13,1Y,1,0.9991654191433336
2022-11-13,2Y,2,0.9973657960556482
2022-11-13,3Y,3,0.9945730088310064
2022-11-13,4Y,4,0.990951969628774
2022-11-13,5Y,5,0.9861563525089642
2022-11-13,7Y,7,0.9721170525296362
2022-11-13,10Y,10,0.9437951505370964
2022-11-13,15Y,15,0.8809016459650623
2022-11-13,20Y,20,0.810023290529199
2022-11-13,25Y,25,0.7440184066164568
2022-11-13,30Y,30,0.6854011402933
2022-11-14,1Y,1,0.9991054802866912
2022-11-14,2Y,2,0.9971638097092402
2022-11-14,3Y,3,0.9941700490558977
2022-11-14,4Y,4,0.9903395155574083
2022-11-14,5Y,5,0.9853066678921528
2022-11-14,7Y,7,0.9706308352996429
2022-11-14,10Y,10,0.9410925436185339
2022-11-14,15Y,15,0.8763647155840459
2022-11-14,20Y,20,0.8038886288156443
2022-11-14,25Y,25,0.7363230861666271
2022-11-14,30Y,30,0.6761741376274151
2022-11-15,1Y,1,0.9991704149966633
2022-11-15,2Y,2,0.9973832518788741
2022-11-15,3Y,3,0.994612829593631
2022-11-15,4Y,4,0.9912729820880541
2022-11-15,5Y,5,0.9867652187588508
2022-11-15,7Y,7,0.9724618612881051
2022-11-15,10Y,10,0.9456510929206081
2022-11-15,15Y,15,0.8811941130382855
2022-11-15,20Y,20,0.8098520996197073
2022-11-15,25Y,25,0.7431165167682084
2022-11-15,30Y,30,0.6833086697514578
2022-11-16,1Y,1,0.9993402105333257
2022-11-16,2Y,2,0.9975276698351482
2022-11-16,3Y,3,0.9947817206353153
2022-11-16,4Y,4,0.9913561371330977
2022-11-16,5Y,5,0.9867542738141203
2022-11-16,7Y,7,0.973149072270289
2022-11-16,10Y,10,0.9453110714573487
2022-11-16,15Y,15,0.8831643872494699
2022-11-16,20Y,20,0.8124517894399459
2022-11-16,25Y,25,0.7458808206749493
2022-11-16,30Y,30,0.6861424992873053
2022-11-17,1Y,1,0.9992702669438777
2022-11-17,2Y,2,0.9975303748437105
2022-11-17,3Y,3,0.994846426551773
2022-11-17,4Y,4,0.9911992559531768
2022-11-17,5Y,5,0.9865168458387358
2022-11-17,7Y,7,0.9735583324095715
2022-11-17,10Y,10,0.9455729343266547
2022-11-17,15Y,15,0.8844938764386159
2022-11-17,20Y,20,0.8141588775081838
2022-11-17,25Y,25,0.7487436697679912
2022-11-17,30Y,30,0.6898053818070654
2022-11-18,1Y,1,0.9989956233431709
2022-11-18,2Y,2,0.9969669957183906
2022-11-18,3Y,3,0.993956628591129
2022-11-18,4Y,4,0.9902142104966766
2022-11-18,5Y,5,0.9854131022348231
2022-11-18,7Y,7,0.9717460264299057
2022-11-18,10Y,10,0.9442723616482185
2022-11-18,15Y,15,0.882643735634561
2022-11-18,20Y,20,0.812842437875226
2022-11-18,25Y,25,0.7474554728638917
2022-11-18,30Y,30,0.688980217502805
2022-11-20,1Y,1,0.9992353170555803
2022-11-20,2Y,2,0.99734818533186
2022-11-20,3Y,3,0.9944483903801742
2022-11-20,4Y,4,0.9908229339323087
2022-11-20,5Y,5,0.9861522056688596
2022-11-20,7Y,7,0.9726983548037461
2022-11-20,10Y,10,0.9451906807402155
2022-11-20,15Y,15,0.8818767233238879
2022-11-20,20Y,20,0.8111548234479375
2022-11-20,25Y,25,0.7445660241094119
2022-11-20,30Y,30,0.6849059319452683
2022-11-21,1Y,1,0.9991353950672397
2022-11-21,2Y,2,0.9970065953168298
2022-11-21,3Y,3,0.9938865758159577
2022-11-21,4Y,4,0.9901020775429095
2022-11-21,5Y,5,0.9852494407770722
2022-11-21,7Y,7,0.9714663216571429
2022-11-21,10Y,10,0.943610974503403
2022-11-21,15Y,15,0.881452360323715
2022-11-21,20Y,20,0.810764743849088
2022-11-21,25Y,25,0.7443642558424202
2022-11-21,30Y,30,0.6851136295794653
2022-11-22,1Y,1,0.9989157270630412
2022-11-22,2Y,2,0.9967626696620941
2022-11-22,3Y,3,0.993628677478755
2022-11-22,4Y,4,0.9897411713030487
2022-11-22,5Y,5,0.9847668648611745
2022-11-22,7Y,7,0.970750858517124
2022-11-22,10Y,10,0.9425141801222251
2022-11-22,15Y,15,0.8803796466704396
2022-11-22,20Y,20,0.8096082232424284
2022-11-22,25Y,25,0.742987907004568
2022-11-22,30Y,30,0.683409515980132
2022-11-23,1Y,1,0.999200351602133
2022-11-23,2Y,2,0.9972634171476791
2022-11-23,3Y,3,0.9943041726723586
2022-11-23,4Y,4,0.9906122330706505
2022-11-23,5Y,5,0.9858657727846966
2022-11-23,7Y,7,0.9722360868450481
2022-11-23,10Y,10,0.9442641507470889
2022-11-23,15Y,15,0.8809678123765279
2022-11-23,20Y,20,0.8097747506366167
2022-11-23,25Y,25,0.7423552944046571
2022-11-23,30Y,30,0.6814623577529836
2022-11-24,1Y,1,0.99892071766183
2022-11-24,2Y,2,0.9967352075561583
2022-11-24,3Y,3,0.9935092199744315
2022-11-24,4Y,4,0.989567753864959
2022-11-24,5Y,5,0.9846142389083234
2022-11-24,7Y,7,0.9705564685326701
2022-11-24,10Y,10,0.9421516102479796
2022-11-24,15Y,15,0.8802224435871328
2022-11-24,20Y,20,0.8097713497514226
2022-11-24,25Y,25,0.7433669968097772
2022-11-24,30Y,30,0.6841725225418023
2022-11-25,1Y,1,0.9988358260793595
2022-11-25,2Y,2,0.9964611169285652
2022-11-25,3Y,3,0.9929874867641025
2022-11-25,4Y,4,0.988685954385842
2022-11-25,5Y,5,0.9832125567421862
2022-11-25,7Y,7,0.9681718828606153
2022-11-25,10Y,10,0.9386457857023036
2022-11-25,15Y,15,0.8751005277508446
2022-11-25,20Y,20,0.80329646290522
2022-11-25,25Y,25,0.7358896073422506
2022-11-25,30Y,30,0.675842087268845
2022-11-27,1Y,1,0.9991104357369051
2022-11-27,2Y,2,0.9967844869241069
2022-11-27,3Y,3,0.9931102912942339
2022-11-27,4Y,4,0.988683956324482
2022-11-27,5Y,5,0.9832101105763799
2022-11-27,7Y,7,0.9681685509205014
2022-11-27,10Y,10,0.9386412958219
2022-11-27,15Y,15,0.8750945822594848
2022-11-27,20Y,20,0.8032895386212039
2022-11-27,25Y,25,0.7358822851959755
2022-11-27,30Y,30,0.6758347204942904
2022-11-28,1Y,1,0.999015510551325
2022-11-28,2Y,2,0.9965953083517983
2022-11-28,3Y,3,0.9930364768009052
2022-11-28,4Y,4,0.9887122156354716
2022-11-28,5Y,5,0.9832061551077849
2022-11-28,7Y,7,0.9679627717271515
2022-11-28,10Y,10,0.9386744281176256
2022-11-28,15Y,15,0.8745361726729568
2022-11-28,20Y,20,0.8027121600301937
2022-11-28,25Y,25,0.7356972908913699
2022-11-28,30Y,30,0.6759413831114295
2022-11-29,1Y,1,0.9990304934063918
2022-11-29,2Y,2,0.9966177047544114
2022-11-29,3Y,3,0.9930463255882335
2022-11-29,4Y,4,0.9889981261221525
2022-11-29,5Y,5,0.9837591187299098
2022-11-29,7Y,7,0.9677669030504714
2022-11-29,10Y,10,0.937941042020528
2022-11-29,15Y,15,0.8736615763081963
2022-11-29,20Y,20,0.8027048225561385
2022-11-29,25Y,25,0.7356034226335425
2022-11-29,30Y,30,0.6755343534747943
2022-11-30,1Y,1,0.99881085556172
2022-11-30,2Y,2,0.9963290140534196
2022-11-30,3Y,3,0.9926096312159364
2022-11-30,4Y,4,0.9879925127452889
2022-11-30,5Y,5,0.982216576962263
2022-11-30,7Y,7,0.966269119214665
2022-11-30,10Y,10,0.9352893578784524
2022-11-30,15Y,15,0.8708579257597924
2022-11-30,20Y,20,0.7991062457918194
2022-11-30,25Y,25,0.732487944225353
2022-11-30,30Y,30,0.6733460934807673
2022-12-01,1Y,1,0.9990005240646123
2022-12-01,2Y,2,0.9964980599311216
2022-12-01,3Y,3,0.9930270494075405
2022-12-01,4Y,4,0.9887492632080691
2022-12-01,5Y,5,0.9827895162925131
2022-12-01,7Y,7,0.9667745302812999
2022-12-01,10Y,10,0.9367483863455737
2022-12-01,15Y,15,0.8724678228993609
2022-12-01,20Y,20,0.801370387413524
2022-12-01,25Y,25,0.734554262473453
2022-12-01,30Y,30,0.6746166882348279
2022-12-02,1Y,1,0.9988408032491477
2022-12-02,2Y,2,0.9963438709014886
2022-12-02,3Y,3,0.9925896248875669
2022-12-02,4Y,4,0.9879651510458664
2022-12-02,5Y,5,0.9821471523471248
2022-12-02,7Y,7,0.9660993120230348
2022-12-02,10Y,10,0.9351186778825793
2022-12-02,15Y,15,0.8706505957073255
2022-12-02,20Y,20,0.7995671727916966
2022-12-02,25Y,25,0.7336507744159078
2022-12-02,30Y,30,0.6747658864387421
2022-12-04,1Y,1,0.9989706602363945
2022-12-04,2Y,2,0.9968348054540319
2022-12-04,3Y,3,0.9931796742069156
2022-12-04,4Y,4,0.9881794118175093
2022-12-04,5Y,5,0.982102617502847
2022-12-04,7Y,7,0.9660181639207158
2022-12-04,10Y,10,0.9350147691207579
2022-12-04,15Y,15,0.870612605062523
2022-12-04,20Y,20,0.7995164506638975
2022-12-04,25Y,25,0.733474177118258
2022-12-04,30Y,30,0.6745248110153232
2022-12-05,1Y,1,0.9989655643812384
2022-12-05,2Y,2,0.9963909183474833
2022-12-05,3Y,3,0.992529474829202
2022-12-05,4Y,4,0.9878282765564327
2022-12-05,5Y,5,0.9819939438955069
2022-12-05,7Y,7,0.9660021035523891
2022-12-05,10Y,10,0.9348720102800284
2022-12-05,15Y,15,0.8717387050754066
2022-12-05,20Y,20,0.8020551012989346
2022-12-05,25Y,25,0.7371301972885362
2022-12-05,30Y,30,0.6793401554527543
2022-12-06,1Y,1,0.9988856596005091
2022-12-06,2Y,2,0.9961492802030463
2022-12-06,3Y,3,0.9920976002408585
2022-12-06,4Y,4,0.9872228226486125
2022-12-06,5Y,5,0.9811724780358292
2022-12-06,7Y,7,0.9648331393928135
2022-12-06,10Y,10,0.9338640153693843
2022-12-06,15Y,15,0.8709109852195333
2022-12-06,20Y,20,0.8021152507673913
2022-12-06,25Y,25,0.7387062283292013
2022-12-06,30Y,30,0.6826543234647087
2022-12-07,1Y,1,0.9990105342855691
2022-12-07,2Y,2,0.9966002688511867
2022-12-07,3Y,3,0.9929318511142115
2022-12-07,4Y,4,0.9883822064160487
2022-12-07,5Y,5,0.9823399122409043
2022-12-07,7Y,7,0.9659562036366034
2022-12-07,10Y,10,0.936755756212214
2022-12-07,15Y,15,0.8735771592179689
2022-12-07,20Y,20,0.8059331217635551
2022-12-07,25Y,25,0.7424343067710346
2022-12-07,30Y,30,0.6845534134994021
2022-12-08,1Y,1,0.9987908927505609
2022-12-08,2Y,2,0.9962592295519712
2022-12-08,3Y,3,0.9924407153137637
2022-12-08,4Y,4,0.9877228320914326
2022-12-08,5Y,5,0.9818125080015757
2022-12-08,7Y,7,0.9656719837564054
2022-12-08,10Y,10,0.9350261158277056
2022-12-08,15Y,15,0.8734112943773985
2022-12-08,20Y,20,0.8063808022918701
2022-12-08,25Y,25,0.7442518820005334
2022-12-08,30Y,30,0.6890755970972611
2022-12-09,1Y,1,0.9989805543250254
2022-12-09,2Y,2,0.9964582022866074
2022-12-09,3Y,3,0.9927084440768212
2022-12-09,4Y,4,0.9881923875678693
2022-12-09,5Y,5,0.9825859035355836
2022-12-09,7Y,7,0.9674176758261385
2022-12-09,10Y,10,0.9385346571160481
2022-12-09,15Y,15,0.878988782183914
2022-12-09,20Y,20,0.8136531258340162
2022-12-09,25Y,25,0.753126530465239
2022-12-09,30Y,30,0.6994063385129993
2022-12-10,1Y,1,0.9990704732412311
2022-12-10,2Y,2,0.9967721996504421
2022-12-10,3Y,3,0.9931950168840674
2022-12-10,4Y,4,0.9887308684138848
2022-12-10,5Y,5,0.9831404289929264
2022-12-10,7Y,7,0.9678661984382041
2022-12-10,10Y,10,0.9385371195433312
2022-12-10,15Y,15,0.8768836771779287
2022-12-10,20Y,20,0.8103786873808345
2022-12-10,25Y,25,0.748264027638138
2022-12-10,30Y,30,0.6928947862431507
2022-12-11,1Y,1,0.9990405069949487
2022-12-11,2Y,2,0.996682475076769
2022-12-11,3Y,3,0.9930161153923707
2022-12-11,4Y,4,0.9884362284637311
2022-12-11,5Y,5,0.9827016064863133
2022-12-11,7Y,7,0.9671130393253199
2022-12-11,10Y,10,0.9372559997649175
2022-12-11,15Y,15,0.8751559613055166
2022-12-11,20Y,20,0.8081480454176395
2022-12-11,25Y,25,0.745647701998653
2022-12-11,30Y,30,0.6901075974724429
2022-12-12,1Y,1,0.9989605690977158
2022-12-12,2Y,2,0.9963510199690793
2022-12-12,3Y,3,0.9924450378951636
2022-12-12,4Y,4,0.9877592886343336
2022-12-12,5Y,5,0.9820195843274304
2022-12-12,7Y,7,0.9663061876693829
2022-12-12,10Y,10,0.9362972587803685
2022-12-12,15Y,15,0.8748329756654715
2022-12-12,20Y,20,0.8078737213392927
2022-12-12,25Y,25,0.7459151637462761
2022-12-12,30Y,30,0.6912321225962247
2022-12-13,1Y,1,0.9990604819513503
2022-12-13,2Y,2,0.9966624277324997
2022-12-13,3Y,3,0.9929265626668643
2022-12-13,4Y,4,0.9884218159111979
2022-12-13,5Y,5,0.9829251220190344
2022-12-13,7Y,7,0.9678441893167398
2022-12-13,10Y,10,0.9385285506211337
2022-12-13,15Y,15,0.8789682101079361
2022-12-13,20Y,20,0.8146793176277106
2022-12-13,25Y,25,0.7539957391943067
2022-12-13,30Y,30,0.7005465581673573
2022-12-14,1Y,1,0.9990954413226821
2022-12-14,2Y,2,0.996822030430539
2022-12-14,3Y,3,0.9933093695915952
2022-12-14,4Y,4,0.9889588384847525
2022-12-14,5Y,5,0.9835056895489246
2022-12-14,7Y,7,0.9686064766274887
2022-12-14,10Y,10,0.9398725798105548
2022-12-14,15Y,15,0.8787441223303406
2022-12-14,20Y,20,0.8126474062264895
2022-12-14,25Y,25,0.751084504706237
2022-12-14,30Y,30,0.6964347960857536
2022-12-15,1Y,1,0.9988158838782356
2022-12-15,2Y,2,0.9963987530745414
2022-12-15,3Y,3,0.9924448366443076
2022-12-15,4Y,4,0.9873027542263195
2022-12-15,5Y,5,0.9814534219615496
2022-12-15,7Y,7,0.9661340840867249
2022-12-15,10Y,10,0.9352967342092292
2022-12-15,15Y,15,0.8740056075424143
2022-12-15,20Y,20,0.8067083168026628
2022-12-15,25Y,25,0.7447098592140015
2022-12-15,30Y,30,0.6897297741781819
2022-12-16,1Y,1,0.9989256110676236
2022-12-16,2Y,2,0.9962663492747325
2022-12-16,3Y,3,0.9922911229861965
2022-12-16,4Y,4,0.9874796932618071
2022-12-16,5Y,5,0.9815662189852439
2022-12-16,7Y,7,0.9656219077905149
2022-12-16,10Y,10,0.9352823560572756
2022-12-16,15Y,15,0.8733601615997566
2022-12-16,20Y,20,0.8057230945745841
2022-12-16,25Y,25,0.7433827244544279
2022-12-16,30Y,30,0.6881616587058718
2022-12-18,1Y,1,0.9989805701232387
2022-12-18,2Y,2,0.9964656403294699
2022-12-18,3Y,3,0.9925838844011935
2022-12-18,4Y,4,0.9877731156038272
2022-12-18,5Y,5,0.9817955402229503
2022-12-18,7Y,7,0.965731854385513
2022-12-18,10Y,10,0.9350384247904293
2022-12-18,15Y,15,0.8710202778597415
2022-12-18,20Y,20,0.8022052457903839
2022-12-18,25Y,25,0.7383663602847897
2022-12-18,30Y,30,0.6815508072793679
2022-12-19,1Y,1,0.9987857984404707
2022-12-19,2Y,2,0.9960624325442184
2022-12-19,3Y,3,0.9919834521713071
2022-12-19,4Y,4,0.9866975071042952
2022-12-19,5Y,5,0.9802312131451083
2022-12-19,7Y,7,0.9641081126732775
2022-12-19,10Y,10,0.9327688076356252
2022-12-19,15Y,15,0.8676863608122084
2022-12-19,20Y,20,0.7983790825836793
2022-12-19,25Y,25,0.733886882241104
2022-12-19,30Y,30,0.6777469684569413
2022-12-20,1Y,1,0.9982267944924492
2022-12-20,2Y,2,0.9943204133848134
2022-12-20,3Y,3,0.9888025294809704
2022-12-20,4Y,4,0.9824753107533384
2022-12-20,5Y,5,0.9753985963521902
2022-12-20,7Y,7,0.9564179465057334
2022-12-20,10Y,10,0.9218818453911621
2022-12-20,15Y,15,0.8582170471104723
2022-12-20,20Y,20,0.7902432360124378
2022-12-20,25Y,25,0.7277389179140231
2022-12-20,30Y,30,0.6722865796075186
2022-12-21,1Y,1,0.9979075596822169
2022-12-21,2Y,2,0.9934532378602464
2022-12-21,3Y,3,0.9872157180792139
2022-12-21,4Y,4,0.9802552387635944
2022-12-21,5Y,5,0.9725395349272471
2022-12-21,7Y,7,0.9542995827512585
2022-12-21,10Y,10,0.9230390711894821
2022-12-21,15Y,15,0.8621319044513043
2022-12-21,20Y,20,0.7983950564086874
2022-12-21,25Y,25,0.7419157285246529
2022-12-21,30Y,30,0.6930988268875018
2022-12-22,1Y,1,0.997857928222225
2022-12-22,2Y,2,0.9940483484850124
2022-12-22,3Y,3,0.9885266847871585
2022-12-22,4Y,4,0.9819580736348847
2022-12-22,5Y,5,0.9744539072459637
2022-12-22,7Y,7,0.9562996132707691
2022-12-22,10Y,10,0.9239483014867385
2022-12-22,15Y,15,0.860750412462708
2022-12-22,20Y,20,0.7931528788157564
2022-12-22,25Y,25,0.7332739616388437
2022-12-22,30Y,30,0.6811933483469398
2022-12-23,1Y,1,0.9975788057187155
2022-12-23,2Y,2,0.9934625222944626
2022-12-23,3Y,3,0.9878664449061431
2022-12-23,4Y,4,0.9811840685227263
2022-12-23,5Y,5,0.9733685352040431
2022-12-23,7Y,7,0.9543037512064655
2022-12-23,10Y,10,0.9206677483235012
2022-12-23,15Y,15,0.8556050105745754
2022-12-23,20Y,20,0.7889569497892347
2022-12-23,25Y,25,0.7292753372250219
2022-12-23,30Y,30,0.6770858035584466
2022-12-25,1Y,1,0.9975788057187155
2022-12-25,2Y,2,0.9934774588209863
2022-12-25,3Y,3,0.9879159624299472
2022-12-25,4Y,4,0.9812627837946892
2022-12-25,5Y,5,0.9734661891899948
2022-12-25,7Y,7,0.9544020354552856
2022-12-25,10Y,10,0.9207715592497503
2022-12-25,15Y,15,0.8557718766533055
2022-12-25,20Y,20,0.7890963861926612
2022-12-25,25Y,25,0.7294573607179425
2022-12-25,30Y,30,0.6772895674977712
2022-12-26,1Y,1,0.998057269293171
2022-12-26,2Y,2,0.9939750319064455
2022-12-26,3Y,3,0.9880453992729126
2022-12-26,4Y,4,0.9811538351782249
2022-12-26,5Y,5,0.9732686719512585
2022-12-26,7Y,7,0.9540111614166676
2022-12-26,10Y,10,0.9202332425601802
2022-12-26,15Y,15,0.8553877019185234
2022-12-26,20Y,20,0.7890745917850298
2022-12-26,25Y,25,0.7300075784716842
2022-12-26,30Y,30,0.6785455875938569
2022-12-27,1Y,1,0.9979874581749162
2022-12-27,2Y,2,0.9938434611369567
2022-12-27,3Y,3,0.9878230531786911
2022-12-27,4Y,4,0.9807530736594867
2022-12-27,5Y,5,0.9726036334164736
2022-12-27,7Y,7,0.9527027987231551
2022-12-27,10Y,10,0.9180280850014798
2022-12-27,15Y,15,0.8513322321387093
2022-12-27,20Y,20,0.7830487910946912
2022-12-27,25Y,25,0.7223063923616647
2022-12-27,30Y,30,0.6695138172381264
2022-12-28,1Y,1,0.9979574051958733
2022-12-28,2Y,2,0.9937019958307527
2022-12-28,3Y,3,0.9873619062269817
2022-12-28,4Y,4,0.9793128287114401
2022-12-28,5Y,5,0.9701570333254298
2022-12-28,7Y,7,0.9492727600109321
2022-12-28,10Y,10,0.913350719404287
2022-12-28,15Y,15,0.8470609325258317
2022-12-28,20Y,20,0.778629519420264
2022-12-28,25Y,25,0.7184386999071483
2022-12-28,30Y,30,0.6665892937478515
2022-12-29,1Y,1,0.9979923064429532
2022-12-29,2Y,2,0.9934277528496112
2022-12-29,3Y,3,0.986624990724002
2022-12-29,4Y,4,0.9785415539407987
2022-12-29,5Y,5,0.9693121481630289
2022-12-29,7Y,7,0.947783908303653
2022-12-29,10Y,10,0.9110399321206903
2022-12-29,15Y,15,0.8429615142324449
2022-12-29,20Y,20,0.7729727739021257
2022-12-29,25Y,25,0.7117721366193682
2022-12-29,30Y,30,0.6593626976306277
2022-12-30,1Y,1,0.9981618573736946
2022-12-30,2Y,2,0.9936906373375635
2022-12-30,3Y,3,0.9868208393096228
2022-12-30,4Y,4,0.9784238824491627
2022-12-30,5Y,5,0.9686991705800133
2022-12-30,7Y,7,0.9464800636469337
2022-12-30,10Y,10,0.9098895072539347
2022-12-30,15Y,15,0.841177086970118
2022-12-30,20Y,20,0.7711373225969447
2022-12-30,25Y,25,0.710027924706682
2022-12-30,30Y,30,0.6578919719706435
2023-01-01,1Y,1,0.9979027391076994
2023-01-01,2Y,2,0.9935624396602317
2023-01-01,3Y,3,0.9868224934997368
2023-01-01,4Y,4,0.9784260502551803
2023-01-01,5Y,5,0.9687017084726929
2023-01-01,7Y,7,0.9464831712470106
2023-01-01,10Y,10,0.9098931436288475
2023-01-01,15Y,15,0.8411812426963343
2023-01-01,20Y,20,0.7711417167310634
2023-01-01,25Y,25,0.7100322729954555
2023-01-01,30Y,30,0.6578961314632964
2023-01-02,1Y,1,0.9979027391076994
2023-01-02,2Y,2,0.9935624396602317
2023-01-02,3Y,3,0.9868224934997368
2023-01-02,4Y,4,0.9784260502551803
2023-01-02,5Y,5,0.9687017084726929
2023-01-02,7Y,7,0.9464831712470106
2023-01-02,10Y,10,0.9098931436288475
2023-01-02,15Y,15,0.8411812426963343
2023-01-02,20Y,20,0.7711417167310634
2023-01-02,25Y,25,0.7100322729954555
2023-01-02,30Y,30,0.6578961314632964
2023-01-03,1Y,1,0.9981618573736946
2023-01-03,2Y,2,0.9939672263296522
2023-01-03,3Y,3,0.987717134528979
2023-01-03,4Y,4,0.9798763303028621
2023-01-03,5Y,5,0.970614530476612
2023-01-03,7Y,7,0.9490953635269407
2023-01-03,10Y,10,0.9107628140101893
2023-01-03,15Y,15,0.8440799685542596
2023-01-03,20Y,20,0.7731172845631791
2023-01-03,25Y,25,0.7111741135031302
2023-01-03,30Y,30,0.657285577874425
2023-01-04,1Y,1,0.997897532768206
2023-01-04,2Y,2,0.9931720016053629
2023-01-04,3Y,3,0.9861410578687276
2023-01-04,4Y,4,0.9776701839193139
2023-01-04,5Y,5,0.9679035254263741
2023-01-04,7Y,7,0.9454902775210835
2023-01-04,10Y,10,0.9086398160065733
2023-01-04,15Y,15,0.8405887916735121
2023-01-04,20Y,20,0.7715574091308934
2023-01-04,25Y,25,0.7110345514264673
2023-01-04,30Y,30,0.6591900032205537
2023-01-05,1Y,1,0.9982417088580239
2023-01-05,2Y,2,0.9940213912758672
2023-01-05,3Y,3,0.9875478420606243
2023-01-05,4Y,4,0.9795457659252927
2023-01-05,5Y,5,0.9701345971745875
2023-01-05,7Y,7,0.9500782760607649
2023-01-05,10Y,10,0.9112620168566161
2023-01-05,15Y,15,0.8443402098827238
2023-01-05,20Y,20,0.7764429411857615
2023-01-05,25Y,25,0.7167392622179528
2023-01-05,30Y,30,0.6658722507441865
2023-01-06,1Y,1,0.9981521689019455
2023-01-06,2Y,2,0.9945521666271944
2023-01-06,3Y,3,0.9889498412943815
2023-01-06,4Y,4,0.9815596986826882
2023-01-06,5Y,5,0.9724136400834456
2023-01-06,7Y,7,0.9500934054351078
2023-01-06,10Y,10,0.9125916313089043
2023-01-06,15Y,15,0.8449669264803458
2023-01-06,20Y,20,0.7759947057190089
2023-01-06,25Y,25,0.715356066647664
2023-01-06,30Y,30,0.6633586366378911
2023-01-08,1Y,1,0.9981521689019455
2023-01-08,2Y,2,0.9945521666271944
2023-01-08,3Y,3,0.9889498412943815
2023-01-08,4Y,4,0.9815721043477871
2023-01-08,5Y,5,0.9724529940705703
2023-01-08,7Y,7,0.9502242146644841
2023-01-08,10Y,10,0.9126432592546566
2023-01-08,15Y,15,0.8449715774436065
2023-01-08,20Y,20,0.775983756853645
2023-01-08,25Y,25,0.7153499806558369
2023-01-08,30Y,30,0.6633527962953695
2023-01-09,1Y,1,0.9986011269248789
2023-01-09,2Y,2,0.9950581512934176
2023-01-09,3Y,3,0.9891344030567834
2023-01-09,4Y,4,0.981566951577906
2023-01-09,5Y,5,0.9729955168501644
2023-01-09,7Y,7,0.9513437407744417
2023-01-09,10Y,10,0.9125935934897993
2023-01-09,15Y,15,0.8449126679855743
2023-01-09,20Y,20,0.7759202675952211
2023-01-09,25Y,25,0.7152859255764128
2023-01-09,30Y,30,0.6632914276218629
2023-01-10,1Y,1,0.997703445124954
2023-01-10,2Y,2,0.9936134515718802
2023-01-10,3Y,3,0.9875770206054405
2023-01-10,4Y,4,0.9798492270283553
2023-01-10,5Y,5,0.9704228764847666
2023-01-10,7Y,7,0.9474799636183763
2023-01-10,10Y,10,0.9082333519505396
2023-01-10,15Y,15,0.8370783301437187
2023-01-10,20Y,20,0.7648506909262299
2023-01-10,25Y,25,0.7018672199610207
2023-01-10,30Y,30,0.6480502394871909
2023-01-11,1Y,1,0.998296784172338
2023-01-11,2Y,2,0.994765725019154
2023-01-11,3Y,3,0.9892612287226733
2023-01-11,4Y,4,0.9821281177675184
2023-01-11,5Y,5,0.9727436749012521
2023-01-11,7Y,7,0.9493624709613256
2023-01-11,10Y,10,0.9106837885619364
2023-01-11,15Y,15,0.8405908573387244
2023-01-11,20Y,20,0.7687634200984933
2023-01-11,25Y,25,0.7079173215797017
2023-01-11,30Y,30,0.6562351176526404
2023-01-12,1Y,1,0.9977180719116363
2023-01-12,2Y,2,0.9930164667028455
2023-01-12,3Y,3,0.9862667887709771
2023-01-12,4Y,4,0.9779446376981866
2023-01-12,5Y,5,0.9678574803258886
2023-01-12,7Y,7,0.9432218397066712
2023-01-12,10Y,10,0.9017047049202045
2023-01-12,15Y,15,0.8273013181612879
2023-01-12,20Y,20,0.7544889680137302
2023-01-12,25Y,25,0.6923559306026291
2023-01-12,30Y,30,0.6402147990093746
2023-01-13,1Y,1,0.9975390113405002
2023-01-13,2Y,2,0.9932186812378836
2023-01-13,3Y,3,0.9867169331625619
2023-01-13,4Y,4,0.9782818739918291
2023-01-13,5Y,5,0.967836314250608
2023-01-13,7Y,7,0.9418460824143591
2023-01-13,10Y,10,0.8981599801546712
2023-01-13,15Y,15,0.8258986700662247
2023-01-13,20Y,20,0.7588524761746792
2023-01-13,25Y,25,0.7026845635282213
2023-01-13,30Y,30,0.6557957775428198
2023-01-14,1Y,1,0.9982468519685302
2023-01-14,2Y,2,0.9944047355602967
2023-01-14,3Y,3,0.9882550515948489
2023-01-14,4Y,4,0.9802012443472845
2023-01-14,5Y,5,0.9701707836869777
2023-01-14,7Y,7,0.9448489862813282
2023-01-14,10Y,10,0.9014809771581004
2023-01-14,15Y,15,0.8278589389302231
2023-01-14,20Y,20,0.7603897593441361
2023-01-14,25Y,25,0.7032677544763725
2023-01-14,30Y,30,0.6546346214718437
2023-01-15,1Y,1,0.9982069553143093
2023-01-15,2Y,2,0.994370082112829
2023-01-15,3Y,3,0.9882653175763789
2023-01-15,4Y,4,0.9802286686350934
2023-01-15,5Y,5,0.970195635425865
2023-01-15,7Y,7,0.9449226661017414
2023-01-15,10Y,10,0.901586335777618
2023-01-15,15Y,15,0.828128481540431
2023-01-15,20Y,20,0.7607051540094751
2023-01-15,25Y,25,0.7035709797775305
2023-01-15,30Y,30,0.6548048945096393
2023-01-16,1Y,1,0.9981321805818745
2023-01-16,2Y,2,0.994355511745507
2023-01-16,3Y,3,0.9884295562600651
2023-01-16,4Y,4,0.9806237934837818
2023-01-16,5Y,5,0.9707731137775949
2023-01-16,7Y,7,0.945672507337943
2023-01-16,10Y,10,0.9031416463532802
2023-01-16,15Y,15,0.8319030456317329
2023-01-16,20Y,20,0.7654515041289198
2023-01-16,25Y,25,0.7107145771504026
2023-01-16,30Y,30,0.6656896093734181
2023-01-17,1Y,1,0.9984463864055635
2023-01-17,2Y,2,0.9948697265849278
2023-01-17,3Y,3,0.9891607088001094
2023-01-17,4Y,4,0.9815304613115157
2023-01-17,5Y,5,0.9719157565363431
2023-01-17,7Y,7,0.9478854386184106
2023-01-17,10Y,10,0.9066143130533484
2023-01-17,15Y,15,0.8355326809295182
2023-01-17,20Y,20,0.7684793584913867
2023-01-17,25Y,25,0.7136721899993066
2023-01-17,30Y,30,0.6688719290046821
2023-01-18,1Y,1,0.9985761875973038
2023-01-18,2Y,2,0.9954348644440918
2023-01-18,3Y,3,0.9905343233489453
2023-01-18,4Y,4,0.984369052869128
2023-01-18,5Y,5,0.9767324060768968
2023-01-18,7Y,7,0.9546784668346682
2023-01-18,10Y,10,0.9171683058308912
2023-01-18,15Y,15,0.8439929297942899
2023-01-18,20Y,20,0.771486443772902
2023-01-18,25Y,25,0.7136402552839426
2023-01-18,30Y,30,0.6669733570598031
2023-01-19,1Y,1,0.9984764700436118
2023-01-19,2Y,2,0.995490024228556
2023-01-19,3Y,3,0.9909023452369735
2023-01-19,4Y,4,0.9849371121944197
2023-01-19,5Y,5,0.977270943839645
2023-01-19,7Y,7,0.9568611372910261
2023-01-19,10Y,10,0.9204103568596763
2023-01-19,15Y,15,0.8475053914487781
2023-01-19,20Y,20,0.7743111080666367
2023-01-19,25Y,25,0.714461160550735
2023-01-19,30Y,30,0.6652584479730352
2023-01-20,1Y,1,0.9985013987688014
2023-01-20,2Y,2,0.9954949341367655
2023-01-20,3Y,3,0.9908973018698608
2023-01-20,4Y,4,0.9849494307463712
2023-01-20,5Y,5,0.9773697898694155
2023-01-20,7Y,7,0.9573443150559808
2023-01-20,10Y,10,0.92139943180604
2023-01-20,15Y,15,0.8492259670624969
2023-01-20,20Y,20,0.7760307011803612
2023-01-20,25Y,25,0.7146765371319947
2023-01-20,30Y,30,0.6634786368452347
2023-01-22,1Y,1,0.9986312062192549
2023-01-22,2Y,2,0.9959854528614844
2023-01-22,3Y,3,0.9918049913972646
2023-01-22,4Y,4,0.9862300076960089
2023-01-22,5Y,5,0.9790320411599499
2023-01-22,7Y,7,0.9597546925189768
2023-01-22,10Y,10,0.9242718020162847
2023-01-22,15Y,15,0.8510087022689975
2023-01-22,20Y,20,0.7773886046022495
2023-01-22,25Y,25,0.7154308681502003
2023-01-22,30Y,30,0.6631704454835694
2023-01-23,1Y,1,0.9985462939931189
2023-01-23,2Y,2,0.9955246661643664
2023-01-23,3Y,3,0.9908622279869274
2023-01-23,4Y,4,0.9848452232992936
2023-01-23,5Y,5,0.9772071232251124
2023-01-23,7Y,7,0.9570428511387302
2023-01-23,10Y,10,0.9205135445952405
2023-01-23,15Y,15,0.8476143799913884
2023-01-23,20Y,20,0.7737994061646118
2023-01-23,25Y,25,0.7119015920836277
2023-01-23,30Y,30,0.6600673291919255
2023-01-24,1Y,1,0.9988158234111552
2023-01-24,2Y,2,0.9958899318121042
2023-01-24,3Y,3,0.9910338861065303
2023-01-24,4Y,4,0.984844609651113
2023-01-24,5Y,5,0.9770746851367083
2023-01-24,7Y,7,0.9561899490692598
2023-01-24,10Y,10,0.9186495928221018
2023-01-24,15Y,15,0.8476922032820653
2023-01-24,20Y,20,0.776973292478337
2023-01-24,25Y,25,0.7179816213571318
2023-01-24,30Y,30,0.6688632251466193
2023-01-25,1Y,1,0.9987958377188108
2023-01-25,2Y,2,0.995999876695917
2023-01-25,3Y,3,0.991530915960061
2023-01-25,4Y,4,0.9855879107498849
2023-01-25,5Y,5,0.9778288392510786
2023-01-25,7Y,7,0.9568251927116336
2023-01-25,10Y,10,0.9182688698060424
2023-01-25,15Y,15,0.8452265349652859
2023-01-25,20Y,20,0.773822002978742
2023-01-25,25Y,25,0.7151962145542617
2023-01-25,30Y,30,0.6679220277001913
2023-01-26,1Y,1,0.9986809665463797
2023-01-26,2Y,2,0.9957411705629476
2023-01-26,3Y,3,0.9910793339282147
2023-01-26,4Y,4,0.9846091652604075
2023-01-26,5Y,5,0.9764304869351644
2023-01-26,7Y,7,0.9552632137756796
2023-01-26,10Y,10,0.9164262510708697
2023-01-26,15Y,15,0.8433416085610784
2023-01-26,20Y,20,0.7720621770809402
2023-01-26,25Y,25,0.7137439842873603
2023-01-26,30Y,30,0.6662463697798914
2023-01-27,1Y,1,0.9986260412719372
2023-01-27,2Y,2,0.995422281065215
2023-01-27,3Y,3,0.9904795667249204
2023-01-27,4Y,4,0.9838999034713576
2023-01-27,5Y,5,0.9753570014790026
2023-01-27,7Y,7,0.9529302332631587
2023-01-27,10Y,10,0.9121350214818724
2023-01-27,15Y,15,0.8354334093312618
2023-01-27,20Y,20,0.7610750252925647
2023-01-27,25Y,25,0.7000642126675312
2023-01-27,30Y,30,0.6508432333427634
2023-01-29,1Y,1,0.9987558754951924
2023-01-29,2Y,2,0.9957407020331377
2023-01-29,3Y,3,0.9908257210760941
2023-01-29,4Y,4,0.9842657803370783
2023-01-29,5Y,5,0.9758348250933762
2023-01-29,7Y,7,0.9537402302434901
2023-01-29,10Y,10,0.913521738221285
2023-01-29,15Y,15,0.8373987387689652
2023-01-29,20Y,20,0.7635293078685511
2023-01-29,25Y,25,0.7030388609859963
2023-01-29,30Y,30,0.6540699776597471
2023-01-30,1Y,1,0.9982569351828773
2023-01-30,2Y,2,0.994835609127793
2023-01-30,3Y,3,0.989529299650409
2023-01-30,4Y,4,0.9826289714241414
2023-01-30,5Y,5,0.9739043897099419
2023-01-30,7Y,7,0.9509876330898277
2023-01-30,10Y,10,0.909631534473151
2023-01-30,15Y,15,0.8320604014684816
2023-01-30,20Y,20,0.7561768711500556
2023-01-30,25Y,25,0.6939346957451662
2023-01-30,30Y,30,0.6434621885081322
2023-01-31,1Y,1,0.9982719081325252
2023-01-31,2Y,2,0.9949102814267615
2023-01-31,3Y,3,0.9897226692390332
2023-01-31,4Y,4,0.9829865504608528
2023-01-31,5Y,5,0.9744383044851905
2023-01-31,7Y,7,0.9518957041192595
2023-01-31,10Y,10,0.911436868737035
2023-01-31,15Y,15,0.8383351536881087
2023-01-31,20Y,20,0.7637159993172711
2023-01-31,25Y,25,0.7027554933283904
2023-01-31,30Y,30,0.6530449666300735
2023-02-01,1Y,1,0.9988107933774125
2023-02-01,2Y,2,0.9958726282149446
2023-02-01,3Y,3,0.9910836665878846
2023-02-01,4Y,4,0.984789545382258
2023-02-01,5Y,5,0.9767436804696714
2023-02-01,7Y,7,0.9551776643611611
2023-02-01,10Y,10,0.9155080502948574
2023-02-01,15Y,15,0.8401194874269227
2023-02-01,20Y,20,0.7666135962966052
2023-02-01,25Y,25,0.7056610132055758
2023-02-01,30Y,30,0.6571981714402293
2023-02-02,1Y,1,0.9986409852558238
2023-02-02,2Y,2,0.9955718995169772
2023-02-02,3Y,3,0.9907119979913419
2023-02-02,4Y,4,0.9839152402745083
2023-02-02,5Y,5,0.9759104798316818
2023-02-02,7Y,7,0.9542250679937069
2023-02-02,10Y,10,0.9147102851261044
2023-02-02,15Y,15,0.8424973770166913
2023-02-02,20Y,20,0.77232099596891
2023-02-02,25Y,25,0.7147035947117355
2023-02-02,30Y,30,0.6680773726496467
2023-02-03,1Y,1,0.9982968453229705
2023-02-03,2Y,2,0.9949899184751987
2023-02-03,3Y,3,0.9898861369483772
2023-02-03,4Y,4,0.983210521829609
2023-02-03,5Y,5,0.9747960055147268
2023-02-03,7Y,7,0.9527756997125506
2023-02-03,10Y,10,0.9133873798509164
2023-02-03,15Y,15,0.8402612325749738
2023-02-03,20Y,20,0.7686875234378012
2023-02-03,25Y,25,0.7094090089639917
2023-02-03,30Y,30,0.6609493346499037
2023-02-05,1Y,1,0.9988457455988178
2023-02-05,2Y,2,0.9959722346521678
2023-02-05,3Y,3,0.9912671898961758
2023-02-05,4Y,4,0.9850584021629627
2023-02-05,5Y,5,0.9771014227720641
2023-02-05,7Y,7,0.955907482600587
2023-02-05,10Y,10,0.9172594777967359
2023-02-05,15Y,15,0.8435479829457755
2023-02-05,20Y,20,0.7718939650047332
2023-02-05,25Y,25,0.7123212933357431
2023-02-05,30Y,30,0.6638119934765642
2023-02-06,1Y,1,0.9987408933691099
2023-02-06,2Y,2,0.9953665770662756
2023-02-06,3Y,3,0.99019666007037
2023-02-06,4Y,4,0.9837073238113501
2023-02-06,5Y,5,0.9755379249933364
2023-02-06,7Y,7,0.9530165445107266
2023-02-06,10Y,10,0.9130119831872964
2023-02-06,15Y,15,0.8426778813859696
2023-02-06,20Y,20,0.7712053483365807
2023-02-06,25Y,25,0.7113524763641347
2023-02-06,30Y,30,0.663880359165426
2023-02-07,1Y,1,0.9985062011525232
2023-02-07,2Y,2,0.9952584755385119
2023-02-07,3Y,3,0.9906896064893354
2023-02-07,4Y,4,0.9846781091020725
2023-02-07,5Y,5,0.9766961373735566
2023-02-07,7Y,7,0.9529923175084651
2023-02-07,10Y,10,0.9164500491052636
2023-02-07,15Y,15,0.8431910110792554
2023-02-07,20Y,20,0.7710931680363954
2023-02-07,25Y,25,0.7102300288286709
2023-02-07,30Y,30,0.661292280419505
2023-02-08,1Y,1,0.9987558754951924
2023-02-08,2Y,2,0.9957556703669288
2023-02-08,3Y,3,0.9904868084717631
2023-02-08,4Y,4,0.9831894910706402
2023-02-08,5Y,5,0.9743926382059497
2023-02-08,7Y,7,0.9522026988751845
2023-02-08,10Y,10,0.9125542270899704
2023-02-08,15Y,15,0.8403226282584342
2023-02-08,20Y,20,0.7696039741251175
2023-02-08,25Y,25,0.7105177755751466
2023-02-08,30Y,30,0.6620716289281178
2023-02-09,1Y,1,0.9987408933691099
2023-02-09,2Y,2,0.995688413924325
2023-02-09,3Y,3,0.9907763381609445
2023-02-09,4Y,4,0.9843507764078454
2023-02-09,5Y,5,0.9761659878746827
2023-02-09,7Y,7,0.95375515524665
2023-02-09,10Y,10,0.915401703366175
2023-02-09,15Y,15,0.8421155305126651
2023-02-09,20Y,20,0.7704825939869331
2023-02-09,25Y,25,0.7113065313315138
2023-02-09,30Y,30,0.6638037736196285
2023-02-10,1Y,1,0.9980823660796467
2023-02-10,2Y,2,0.9944429097435131
2023-02-10,3Y,3,0.9888812608007652
2023-02-10,4Y,4,0.9817567967292421
2023-02-10,5Y,5,0.9729506959344767
2023-02-10,7Y,7,0.9500606041884697
2023-02-10,10Y,10,0.909452255244353
2023-02-10,15Y,15,0.8361301510294827
2023-02-10,20Y,20,0.7647209554317925
2023-02-10,25Y,25,0.7055099468302205
2023-02-10,30Y,30,0.6570427764199069
2023-02-12,1Y,1,0.9986260830825717
2023-02-12,2Y,2,0.9954071954878057
2023-02-12,3Y,3,0.9902707935458943
2023-02-12,4Y,4,0.9835545118509382
2023-02-12,5Y,5,0.9750692499501171
2023-02-12,7Y,7,0.9527657056982697
2023-02-12,10Y,10,0.9126717261800599
2023-02-12,15Y,15,0.8384393130500264
2023-02-12,20Y,20,0.7667578128384436
2023-02-12,25Y,25,0.7069936844964657
2023-02-12,30Y,30,0.6582263830267043
2023-02-13,1Y,1,0.998301824417109
2023-02-13,2Y,2,0.9949325770508056
2023-02-13,3Y,3,0.9896776849523622
2023-02-13,4Y,4,0.9827635607329288
2023-02-13,5Y,5,0.9740254549173519
2023-02-13,7Y,7,0.9515433820738932
2023-02-13,10Y,10,0.9115903198616807
2023-02-13,15Y,15,0.8401174592815838
2023-02-13,20Y,20,0.7707709825992036
2023-02-13,25Y,25,0.7138566466655636
2023-02-13,30Y,30,0.6679818475378211
2023-02-14,1Y,1,0.9986010356797188
2023-02-14,2Y,2,0.9951332825147523
2023-02-14,3Y,3,0.9898698110625813
2023-02-14,4Y,4,0.9832012074175002
2023-02-14,5Y,5,0.9748235145633992
2023-02-14,7Y,7,0.9528496122972188
2023-02-14,10Y,10,0.9137455975916924
2023-02-14,15Y,15,0.8426021959342295
2023-02-14,20Y,20,0.7738198556495661
2023-02-14,25Y,25,0.7170295965723028
2023-02-14,30Y,30,0.6706428554906356
2023-02-15,1Y,1,0.9985660920118781
2023-02-15,2Y,2,0.9950487210021064
2023-02-15,3Y,3,0.9897361608934079
2023-02-15,4Y,4,0.9830117383687497
2023-02-15,5Y,5,0.9745495922438906
2023-02-15,7Y,7,0.9523688706719845
2023-02-15,10Y,10,0.9130159691785498
2023-02-15,15Y,15,0.8414216361484176
2023-02-15,20Y,20,0.7718459019926615
2023-02-15,25Y,25,0.714629127742234
2023-02-15,30Y,30,0.6683868852678704
2023-02-16,1Y,1,0.9987808368321307
2023-02-16,2Y,2,0.9958503381885584
2023-02-16,3Y,3,0.9906702338460367
2023-02-16,4Y,4,0.9839796267386969
2023-02-16,5Y,5,0.97643565184992
2023-02-16,7Y,7,0.9529183434908101
2023-02-16,10Y,10,0.9140470963528546
2023-02-16,15Y,15,0.8445566687326193
2023-02-16,20Y,20,0.7724664784669917
2023-02-16,25Y,25,0.7141891101895166
2023-02-16,30Y,30,0.667560806574064
2023-02-17,1Y,1,0.9985161700858523
2023-02-17,2Y,2,0.9953232610635788
2023-02-17,3Y,3,0.9903104475996125
2023-02-17,4Y,4,0.9830537259191283
2023-02-17,5Y,5,0.9740329061400854
2023-02-17,7Y,7,0.951561232345586
2023-02-17,10Y,10,0.9120721739159221
2023-02-17,15Y,15,0.840195814631981
2023-02-17,20Y,20,0.7702200924607279
2023-02-17,25Y,25,0.7126586622813257
2023-02-17,30Y,30,0.665851904665163
2023-02-19,1Y,1,0.998775842634207
2023-02-19,2Y,2,0.9958254226053778
2023-02-19,3Y,3,0.9910839796826112
2023-02-19,4Y,4,0.9848170443083423
2023-02-19,5Y,5,0.9767537692808888
2023-02-19,7Y,7,0.9552730814785674
2023-02-19,10Y,10,0.9166485147241081
2023-02-19,15Y,15,0.8437000374662341
2023-02-19,20Y,20,0.7732169483409836
2023-02-19,25Y,25,0.7152259986202882
2023-02-19,30Y,30,0.6682267430427078
2023-02-20,1Y,1,0.9987558754951924
2023-02-20,2Y,2,0.995770638581321
2023-02-20,3Y,3,0.9909648967232577
2023-02-20,4Y,4,0.9846021893327622
2023-02-20,5Y,5,0.9764000984217638
2023-02-20,7Y,7,0.9537282824113845
2023-02-20,10Y,10,0.9153962367802283
2023-02-20,15Y,15,0.8421130980117227
2023-02-20,20Y,20,0.7709336681078708
2023-02-20,25Y,25,0.7124924188930212
2023-02-20,30Y,30,0.666619799132048
2023-02-21,1Y,1,0.9987209320263764
2023-02-21,2Y,2,0.9952818463345211
2023-02-21,3Y,3,0.9894708639618429
2023-02-21,4Y,4,0.9828374650999322
2023-02-21,5Y,5,0.9745963361639036
2023-02-21,7Y,7,0.9502104728895429
2023-02-21,10Y,10,0.9100056257384377
2023-02-21,15Y,15,0.8378614342825179
2023-02-21,20Y,20,0.7679852204129356
2023-02-21,25Y,25,0.7107914977369508
2023-02-21,30Y,30,0.664730980483746
2023-02-22,1Y,1,0.9987309150127301
2023-02-22,2Y,2,0.9956759768330186
2023-02-22,3Y,3,0.9907017514832527
2023-02-22,4Y,4,0.9840883579207215
2023-02-22,5Y,5,0.9755998170382086
2023-02-22,7Y,7,0.9530872354009136
2023-02-22,10Y,10,0.9133323732047873
2023-02-22,15Y,15,0.8410237069336262
2023-02-22,20Y,20,0.7724765286609031
2023-02-22,25Y,25,0.7167672630462711
2023-02-22,30Y,30,0.6725361179630358
2023-02-23,1Y,1,0.9987209320263764
2023-02-23,2Y,2,0.9956635556200742
2023-02-23,3Y,3,0.9906968643819072
2023-02-23,4Y,4,0.9840884635708297
2023-02-23,5Y,5,0.975599951164447
2023-02-23,7Y,7,0.9530874209209453
2023-02-23,10Y,10,0.9133326123949163
2023-02-23,15Y,15,0.841023992296139
2023-02-23,20Y,20,0.7724768290678306
2023-02-23,25Y,25,0.7167675555821289
2023-02-23,30Y,30,0.6725363917051935
2023-02-24,1Y,1,0.9981871151969935
2023-02-24,2Y,2,0.9947936256461761
2023-02-24,3Y,3,0.9896340693746476
2023-02-24,4Y,4,0.9828590096420227
2023-02-24,5Y,5,0.9742137193775201
2023-02-24,7Y,7,0.9516692759340248
2023-02-24,10Y,10,0.9121013339398879
2023-02-24,15Y,15,0.8417377229184613
2023-02-24,20Y,20,0.774146053034931
2023-02-24,25Y,25,0.7188013707528175
2023-02-24,30Y,30,0.6743792010737804
2023-02-26,1Y,1,0.9985912691149553
2023-02-26,2Y,2,0.9957412408569883
2023-02-26,3Y,3,0.9910697863845679
2023-02-26,4Y,4,0.9847288637113172
2023-02-26,5Y,5,0.9765629312451004
2023-02-26,7Y,7,0.9547271485956215
2023-02-26,10Y,10,0.9157516836670397
2023-02-26,15Y,15,0.844204719880846
2023-02-26,20Y,20,0.7759321998860135
2023-02-26,25Y,25,0.7201162577139132
2023-02-26,30Y,30,0.6753588849962666
2023-02-27,1Y,1,0.9984912336046068
2023-02-27,2Y,2,0.9949294747888227
2023-02-27,3Y,3,0.9900903014694277
2023-02-27,4Y,4,0.9844300243027947
2023-02-27,5Y,5,0.976686224476856
2023-02-27,7Y,7,0.9549066096359851
2023-02-27,10Y,10,0.9140208540532639
2023-02-27,15Y,15,0.8489201128171489
2023-02-27,20Y,20,0.7773984448047296
2023-02-27,25Y,25,0.7206519966940339
2023-02-27,30Y,30,0.6767648883966377
2023-02-28,1Y,1,0.9982370027361482
2023-02-28,2Y,2,0.9952967786634638
2023-02-28,3Y,3,0.9911424118899475
2023-02-28,4Y,4,0.9853633470026802
2023-02-28,5Y,5,0.977555883512827
2023-02-28,7Y,7,0.954138135936348
2023-02-28,10Y,10,0.9175940321450976
2023-02-28,15Y,15,0.8502503913497356
2023-02-28,20Y,20,0.7855885121646677
2023-02-28,25Y,25,0.7324220122553516
2023-02-28,30Y,30,0.6912477860626729
2023-03-01,1Y,1,0.9988058081020655
2023-03-01,2Y,2,0.9959824072255252
2023-03-01,3Y,3,0.9914961560654659
2023-03-01,4Y,4,0.9855732645060348
2023-03-01,5Y,5,0.9778587950911497
2023-03-01,7Y,7,0.9567714423557152
2023-03-01,10Y,10,0.9187130339414535
2023-03-01,15Y,15,0.8500734806081122
2023-03-01,20Y,20,0.7850027486782607
2023-03-01,25Y,25,0.7320041276848391
2023-03-01,30Y,30,0.6894335494725153
2023-03-02,1Y,1,0.9985710966054218
2023-03-02,2Y,2,0.9951558755244108
2023-03-02,3Y,3,0.9900536945485268
2023-03-02,4Y,4,0.9835668130130425
2023-03-02,5Y,5,0.9752543301517222
2023-03-02,7Y,7,0.9531229507343967
2023-03-02,10Y,10,0.9136141169957765
2023-03-02,15Y,15,0.8444871758031228
2023-03-02,20Y,20,0.778130527617637
2023-03-02,25Y,25,0.7239480358813507
2023-03-02,30Y,30,0.6803185677174856
2023-03-03,1Y,1,0.9988707142225274
2023-03-03,2Y,2,0.9961417645765307
2023-03-03,3Y,3,0.9912805878795702
2023-03-03,4Y,4,0.9843206839603705
2023-03-03,5Y,5,0.9757120537153908
2023-03-03,7Y,7,0.9535489502009941
2023-03-03,10Y,10,0.9140151308701847
2023-03-03,15Y,15,0.84439762891937
2023-03-03,20Y,20,0.7776361762402803
2023-03-03,25Y,25,0.7233758967921093
2023-03-03,30Y,30,0.6798202510125567
2023-03-05,1Y,1,0.9986810982622819
2023-03-05,2Y,2,0.9960027238133362
2023-03-05,3Y,3,0.9916604317708319
2023-03-05,4Y,4,0.9857166323568243
2023-03-05,5Y,5,0.9779071096113503
2023-03-05,7Y,7,0.9564489279977538
2023-03-05,10Y,10,0.9176401225596912
2023-03-05,15Y,15,0.8471067948368208
2023-03-05,20Y,20,0.7799992550017056
2023-03-05,25Y,25,0.7253415555027123
2023-03-05,30Y,30,0.6815154170301634
2023-03-06,1Y,1,0.9988956708382756
2023-03-06,2Y,2,0.9957947965777538
2023-03-06,3Y,3,0.9905168140068984
2023-03-06,4Y,4,0.9844169463820405
2023-03-06,5Y,5,0.9766171924292671
2023-03-06,7Y,7,0.9529624659160894
2023-03-06,10Y,10,0.9128886800484892
2023-03-06,15Y,15,0.842867087606274
2023-03-06,20Y,20,0.7758252559621972
2023-03-06,25Y,25,0.7212957418399577
2023-03-06,30Y,30,0.6775364184233541
2023-03-07,1Y,1,0.9989306186629919
2023-03-07,2Y,2,0.9958719815632133
2023-03-07,3Y,3,0.9906157631260575
2023-03-07,4Y,4,0.9838645245519233
2023-03-07,5Y,5,0.975407051128728
2023-03-07,7Y,7,0.9527273407103907
2023-03-07,10Y,10,0.9123480405024804
2023-03-07,15Y,15,0.8417784791909998
2023-03-07,20Y,20,0.7741480164376557
2023-03-07,25Y,25,0.7190894849398997
2023-03-07,30Y,30,0.6747331318476368
2023-03-08,1Y,1,0.99894559982088
2023-03-08,2Y,2,0.9962312734801089
2023-03-08,3Y,3,0.9917334805583393
2023-03-08,4Y,4,0.9856226218871323
2023-03-08,5Y,5,0.9775884191940952
2023-03-08,7Y,7,0.9555875177855251
2023-03-08,10Y,10,0.9155898400937246
2023-03-08,15Y,15,0.8435640079296298
2023-03-08,20Y,20,0.7748527715896882
2023-03-08,25Y,25,0.7185987583250166
2023-03-08,30Y,30,0.6730503688634621
2023-03-09,1Y,1,0.998291848082009
2023-03-09,2Y,2,0.9949426059471698
2023-03-09,3Y,3,0.9896875093394389
2023-03-09,4Y,4,0.9826643347554972
2023-03-09,5Y,5,0.9736952597108598
2023-03-09,7Y,7,0.9500870376448443
2023-03-09,10Y,10,0.9085139979705225
2023-03-09,15Y,15,0.8366337300868829
2023-03-09,20Y,20,0.7679511803061351
2023-03-09,25Y,25,0.7116386644386815
2023-03-09,30Y,30,0.6658388679973272
2023-03-10,1Y,1,0.9984864597130015
2023-03-10,2Y,2,0.9955248563781873
2023-03-10,3Y,3,0.9908722244684814
2023-03-10,4Y,4,0.9847139122009334
2023-03-10,5Y,5,0.9768869747468757
2023-03-10,7Y,7,0.9559000588540221
2023-03-10,10Y,10,0.918393752792362
2023-03-10,15Y,15,0.8495323307896532
2023-03-10,20Y,20,0.7824339627922313
2023-03-10,25Y,25,0.7270467933602371
2023-03-10,30Y,30,0.6821135677684573
2023-03-11,1Y,1,0.9989605852965786
2023-03-11,2Y,2,0.9962985636397884
2023-03-11,3Y,3,0.9919223316822839
2023-03-11,4Y,4,0.9860558194391283
2023-03-11,5Y,5,0.9784358353781628
2023-03-11,7Y,7,0.957743288841699
2023-03-11,10Y,10,0.9202076053761351
2023-03-11,15Y,15,0.8493899266206961
2023-03-11,20Y,20,0.7807599078211518
2023-03-11,25Y,25,0.724231254891344
2023-03-11,30Y,30,0.678246957545734
2023-03-12,1Y,1,0.9990155182447338
2023-03-12,2Y,2,0.9964605196904415
2023-03-12,3Y,3,0.9922999084291009
2023-03-12,4Y,4,0.986765763470892
2023-03-12,5Y,5,0.9795081389852563
2023-03-12,7Y,7,0.9595390647881682
2023-03-12,10Y,10,0.9230076453335117
2023-03-12,15Y,15,0.8542914402022675
2023-03-12,20Y,20,0.7878082047961049
2023-03-12,25Y,25,0.7331233723320337
2023-03-12,30Y,30,0.6888387253731808
2023-03-13,1Y,1,0.9992652701692428
2023-03-13,2Y,2,0.9973406563596168
2023-03-13,3Y,3,0.9940643033956065
2023-03-13,4Y,4,0.9893165541591823
2023-03-13,5Y,5,0.9835696746952894
2023-03-13,7Y,7,0.9684314203553493
2023-03-13,10Y,10,0.9383140590902664
2023-03-13,15Y,15,0.8788037635390358
2023-03-13,20Y,20,0.8190532692137247
2023-03-13,25Y,25,0.7698645904503487
2023-03-13,30Y,30,0.7301916254821719
2023-03-14,1Y,1,0.9994951252969898
2023-03-14,2Y,2,0.998076584915976
2023-03-14,3Y,3,0.9956725924437096
2023-03-14,4Y,4,0.9922331680540861
2023-03-14,5Y,5,0.9873729816923024
2023-03-14,7Y,7,0.9729457826863649
2023-03-14,10Y,10,0.9443628176886046
2023-03-14,15Y,15,0.8848877062034429
2023-03-14,20Y,20,0.82615835510408
2023-03-14,25Y,25,0.7780918927390429
2023-03-14,30Y,30,0.7396926624001494
2023-03-15,1Y,1,0.9992403280499262
2023-03-15,2Y,2,0.9974779486534066
2023-03-15,3Y,3,0.9947919382640714
2023-03-15,4Y,4,0.9913638952417542
2023-03-15,5Y,5,0.9866501026814294
2023-03-15,7Y,7,0.9721839020648005
2023-03-15,10Y,10,0.945509087493124
2023-03-15,15Y,15,0.8878752542112186
2023-03-15,20Y,20,0.8274838741582581
2023-03-15,25Y,25,0.7781438041868997
2023-03-15,30Y,30,0.7387058794642072
2023-03-16,1Y,1,0.9990706064107892
2023-03-16,2Y,2,0.9973109527959014
2023-03-16,3Y,3,0.9942692299669876
2023-03-16,4Y,4,0.9907299403042663
2023-03-16,5Y,5,0.9859780574284432
2023-03-16,7Y,7,0.971630856330639
2023-03-16,10Y,10,0.9398041428337645
2023-03-16,15Y,15,0.8785066447873039
2023-03-16,20Y,20,0.8117157510304213
2023-03-16,25Y,25,0.7570733762452871
2023-03-16,30Y,30,0.7137732407413021
2023-03-17,1Y,1,0.9987759937220945
2023-03-17,2Y,2,0.9966632713666603
2023-03-17,3Y,3,0.993569429133515
2023-03-17,4Y,4,0.9895505310055723
2023-03-17,5Y,5,0.9842077849606254
2023-03-17,7Y,7,0.9686670214331738
2023-03-17,10Y,10,0.9378779994294529
2023-03-17,15Y,15,0.8741881652060275
2023-03-17,20Y,20,0.8088703967755424
2023-03-17,25Y,25,0.755605494307613
2023-03-17,30Y,30,0.7126745337472743
2023-03-19,1Y,1,0.999255303029359
2023-03-19,2Y,2,0.9974629540024752
2023-03-19,3Y,3,0.9947470987462977
2023-03-19,4Y,4,0.9912295785510313
2023-03-19,5Y,5,0.986666227241417
2023-03-19,7Y,7,0.9725595331081789
2023-03-19,10Y,10,0.9419650711808452
2023-03-19,15Y,15,0.8771929636155653
2023-03-19,20Y,20,0.811581726527765
2023-03-19,25Y,25,0.7576331372899219
2023-03-19,30Y,30,0.7144192422855509
2023-03-20,1Y,1,0.9990106327901934
2023-03-20,2Y,2,0.997221442146817
2023-03-20,3Y,3,0.9945786314365118
2023-03-20,4Y,4,0.9910146616934596
2023-03-20,5Y,5,0.9860275797864542
2023-03-20,7Y,7,0.971226666342887
2023-03-20,10Y,10,0.9406825351093736
2023-03-20,15Y,15,0.8768972594573097
2023-03-20,20Y,20,0.8115020674619967
2023-03-20,25Y,25,0.7576091258151757
2023-03-20,30Y,30,0.7137949644476173
2023-03-21,1Y,1,0.9990106327901934
2023-03-21,2Y,2,0.997221442146817
2023-03-21,3Y,3,0.9950572150014554
2023-03-21,4Y,4,0.9926157251684858
2023-03-21,5Y,5,0.9877860831125916
2023-03-21,7Y,7,0.9729645734873823
2023-03-21,10Y,10,0.9406353159029819
2023-03-21,15Y,15,0.8803784595745001
2023-03-21,20Y,20,0.8137526508502663
2023-03-21,25Y,25,0.7572530891140283
2023-03-21,30Y,30,0.7134285052906162
2023-03-22,1Y,1,0.9987709874752724
2023-03-22,2Y,2,0.996840436117606
2023-03-22,3Y,3,0.9942063575243406
2023-03-22,4Y,4,0.9899591791658044
2023-03-22,5Y,5,0.9840602871896786
2023-03-22,7Y,7,0.9690296473665929
2023-03-22,10Y,10,0.9364165978131793
2023-03-22,15Y,15,0.865612080299186
2023-03-22,20Y,20,0.7985713337909819
2023-03-22,25Y,25,0.7424556458902054
2023-03-22,30Y,30,0.6969060490385693
2023-03-23,1Y,1,0.9992602995695806
2023-03-23,2Y,2,0.9975028825247232
2023-03-23,3Y,3,0.9947918012186716
2023-03-23,4Y,4,0.9911322031749786
2023-03-23,5Y,5,0.9859801925071235
2023-03-23,7Y,7,0.9705721667754805
2023-03-23,10Y,10,0.9394727755925988
2023-03-23,15Y,15,0.8736245455758559
2023-03-23,20Y,20,0.8068396603807733
2023-03-23,25Y,25,0.751795201855851
2023-03-23,30Y,30,0.7072731168211267
2023-03-24,1Y,1,0.9988608497528327
2023-03-24,2Y,2,0.9968775545938934
2023-03-24,3Y,3,0.9940218646372454
2023-03-24,4Y,4,0.9902491295084752
2023-03-24,5Y,5,0.9850806377809397
2023-03-24,7Y,7,0.9700018251482084
2023-03-24,10Y,10,0.9394837957711764
2023-03-24,15Y,15,0.8766163708683312
2023-03-24,20Y,20,0.8111000159774173
2023-03-24,25Y,25,0.7556924484249891
2023-03-24,30Y,30,0.7092301409986369
2023-03-26,1Y,1,0.9991304863988839
2023-03-26,2Y,2,0.9974981380908681
2023-03-26,3Y,3,0.9949813990350079
2023-03-26,4Y,4,0.991467844169276
2023-03-26,5Y,5,0.9867244615380274
2023-03-26,7Y,7,0.9720361065890699
2023-03-26,10Y,10,0.9428913068246088
2023-03-26,15Y,15,0.880134896674067
2023-03-26,20Y,20,0.8126831454664447
2023-03-26,25Y,25,0.7567091055857508
2023-03-26,30Y,30,0.7162884072172945
2023-03-27,1Y,1,0.9990204983842785
2023-03-27,2Y,2,0.9966876362611069
2023-03-27,3Y,3,0.9933448683261037
2023-03-27,4Y,4,0.9890956680782981
2023-03-27,5Y,5,0.9833614166786796
2023-03-27,7Y,7,0.9668174283515488
2023-03-27,10Y,10,0.9337993128984887
2023-03-27,15Y,15,0.8685401146933783
2023-03-27,20Y,20,0.8010668774502923
2023-03-27,25Y,25,0.7441391026196704
2023-03-27,30Y,30,0.6966914552942526
2023-03-28,1Y,1,0.9990504684998923
2023-03-28,2Y,2,0.9967698605087688
2023-03-28,3Y,3,0.993758077634563
2023-03-28,4Y,4,0.9897915448044919
2023-03-28,5Y,5,0.9837526983194805
2023-03-28,7Y,7,0.9671477639538131
2023-03-28,10Y,10,0.9352138288922925
2023-03-28,15Y,15,0.8733066471847362
2023-03-28,20Y,20,0.8102248809041406
2023-03-28,25Y,25,0.7577023404919502
2023-03-28,30Y,30,0.7144603736581413
2023-03-29,1Y,1,0.9990654557445833
2023-03-29,2Y,2,0.9968072271919632
2023-03-29,3Y,3,0.9935286616960664
2023-03-29,4Y,4,0.9893704531771659
2023-03-29,5Y,5,0.9838800473326207
2023-03-29,7Y,7,0.9685757813089935
2023-03-29,10Y,10,0.9385279817746259
2023-03-29,15Y,15,0.8794761569536792
2023-03-29,20Y,20,0.8183703938555166
2023-03-29,25Y,25,0.7672174834679626
2023-03-29,30Y,30,0.7249570180686484
2023-03-30,1Y,1,0.999025490132717
2023-03-30,2Y,2,0.9968772630149002
2023-03-30,3Y,3,0.9935679039263221
2023-03-30,4Y,4,0.9892437618623672
2023-03-30,5Y,5,0.9835519963240661
2023-03-30,7Y,7,0.966413211710177
2023-03-30,10Y,10,0.9382957205430347
2023-03-30,15Y,15,0.8753782392444458
2023-03-30,20Y,20,0.8143456314790153
2023-03-30,25Y,25,0.7620687364070694
2023-03-30,30Y,30,0.7191024378599751
2023-03-31,1Y,1,0.9987010941538269
2023-03-31,2Y,2,0.9963193616617638
2023-03-31,3Y,3,0.9927492165496942
2023-03-31,4Y,4,0.9880615977752544
2023-03-31,5Y,5,0.9819385204697795
2023-03-31,7Y,7,0.9652122898518972
2023-03-31,10Y,10,0.9335658135025608
2023-03-31,15Y,15,0.8738427709309904
2023-03-31,20Y,20,0.811864010666215
2023-03-31,25Y,25,0.7590181029847135
2023-03-31,30Y,30,0.71470559691028
2023-04-01,1Y,1,0.999140407791284
2023-04-01,2Y,2,0.9970839056094969
2023-04-01,3Y,3,0.9938762368112507
2023-04-01,4Y,4,0.9895969268303014
2023-04-01,5Y,5,0.9838567604978414
2023-04-01,7Y,7,0.9676993539979193
2023-04-01,10Y,10,0.9363970329725276
2023-04-01,15Y,15,0.8751506514889059
2023-04-01,20Y,20,0.8126072243865332
2023-04-01,25Y,25,0.759505536349585
2023-04-01,30Y,30,0.715070517985167
2023-04-02,1Y,1,0.998980657053933
2023-04-02,2Y,2,0.9969745008856061
2023-04-02,3Y,3,0.9938269897287467
2023-04-02,4Y,4,0.989525715257561
2023-04-02,5Y,5,0.9837589430737498
2023-04-02,7Y,7,0.9675201432470487
2023-04-02,10Y,10,0.9361972339919071
2023-04-02,15Y,15,0.8747664664335368
2023-04-02,20Y,20,0.8121867052107029
2023-04-02,25Y,25,0.7590230837105305
2023-04-02,30Y,30,0.7146535904423669
2023-04-03,1Y,1,0.998726046807423
2023-04-03,2Y,2,0.9963616748408207
2023-04-03,3Y,3,0.992798780253694
2023-04-03,4Y,4,0.9880959422858868
2023-04-03,5Y,5,0.9819180438129712
2023-04-03,7Y,7,0.964897303223191
2023-04-03,10Y,10,0.9326201266807341
2023-04-03,15Y,15,0.8713794986069495
2023-04-03,20Y,20,0.8083101495527198
2023-04-03,25Y,25,0.7544591939174815
2023-04-03,30Y,30,0.7090147040995477
2023-04-04,1Y,1,0.9991553892904351
2023-04-04,2Y,2,0.9970763706724491
2023-04-04,3Y,3,0.9937865443120342
2023-04-04,4Y,4,0.9893510390860353
2023-04-04,5Y,5,0.9832625177920188
2023-04-04,7Y,7,0.9657252355453576
2023-04-04,10Y,10,0.9326367068999631
2023-04-04,15Y,15,0.8683322109282368
2023-04-04,20Y,20,0.8028847349276815
2023-04-04,25Y,25,0.7473668196336921
2023-04-04,30Y,30,0.7010032853538138
2023-04-05,1Y,1,0.9990404733029999
2023-04-05,2Y,2,0.9968098395134064
2023-04-05,3Y,3,0.9935883742126029
2023-04-05,4Y,4,0.9891959837301761
2023-04-05,5Y,5,0.9830569883641687
2023-04-05,7Y,7,0.9655202888371738
2023-04-05,10Y,10,0.9322676860242278
2023-04-05,15Y,15,0.868090873397797
2023-04-05,20Y,20,0.8030963988860168
2023-04-05,25Y,25,0.7473948290300398
2023-04-05,30Y,30,0.7002818504654936
2023-04-06,1Y,1,0.9987759681172127
2023-04-06,2Y,2,0.9964762148610417
2023-04-06,3Y,3,0.992907726598932
2023-04-06,4Y,4,0.9880700789656343
2023-04-06,5Y,5,0.9822850427443397
2023-04-06,7Y,7,0.9666843220081491
2023-04-06,10Y,10,0.932949708231927
2023-04-06,15Y,15,0.8680426238911001
2023-04-06,20Y,20,0.8062717860907457
2023-04-06,25Y,25,0.7525061914633904
2023-04-06,30Y,30,0.7090979897273042
2023-04-07,1Y,1,0.9992203216970202
2023-04-07,2Y,2,0.9971909807087911
2023-04-07,3Y,3,0.9939006382727036
2023-04-07,4Y,4,0.9894446360397391
2023-04-07,5Y,5,0.983703439080736
2023-04-07,7Y,7,0.9670244205712686
2023-04-07,10Y,10,0.9361124555238451
2023-04-07,15Y,15,0.8760819327254927
2023-04-07,20Y,20,0.8127191620884135
2023-04-07,25Y,25,0.759625439029636
2023-04-07,30Y,30,0.7206534938250645
2023-04-08,1Y,1,0.9992203216970202
2023-04-08,2Y,2,0.9971909807087911
2023-04-08,3Y,3,0.9939006382727036
2023-04-08,4Y,4,0.9894446360397391
2023-04-08,5Y,5,0.9834200214685015
2023-04-08,7Y,7,0.9663164176936853
2023-04-08,10Y,10,0.9341022827381951
2023-04-08,15Y,15,0.8719098309530551
2023-04-08,20Y,20,0.8095970076506722
2023-04-08,25Y,25,0.7565478924939163
2023-04-08,30Y,30,0.7121727667699204
2023-04-09,1Y,1,0.9992153252627036
2023-04-09,2Y,2,0.9971660368831569
2023-04-09,3Y,3,0.9938359472399304
2023-04-09,4Y,4,0.9893330836386666
2023-04-09,5Y,5,0.9832571375356923
2023-04-09,7Y,7,0.9659414952326136
2023-04-09,10Y,10,0.9332946656206433
2023-04-09,15Y,15,0.8708537165401805
2023-04-09,20Y,20,0.8081992697019849
2023-04-09,25Y,25,0.7548198927142131
2023-04-09,30Y,30,0.7101800410833367
2023-04-10,1Y,1,0.9992602880703076
2023-04-10,2Y,2,0.9972931915185569
2023-04-10,3Y,3,0.9940247841880852
2023-04-10,4Y,4,0.9895083946891627
2023-04-10,5Y,5,0.9836526412157772
2023-04-10,7Y,7,0.9666250683840353
2023-04-10,10Y,10,0.9355009172708609
2023-04-10,15Y,15,0.8754272077793923
2023-04-10,20Y,20,0.8117086996012952
2023-04-10,25Y,25,0.7580247903876903
2023-04-10,30Y,30,0.7193445845730764
2023-04-11,1Y,1,0.9991903175190994
2023-04-11,2Y,2,0.9969665189644419
2023-04-11,3Y,3,0.9934331271095492
2023-04-11,4Y,4,0.9892015549556327
2023-04-11,5Y,5,0.9834070285000959
2023-04-11,7Y,7,0.9656201029241788
2023-04-11,10Y,10,0.9345011034850478
2023-04-11,15Y,15,0.868893003218787
2023-04-11,20Y,20,0.8057977429986724
2023-04-11,25Y,25,0.7506048332451788
2023-04-11,30Y,30,0.7037836412667945
2023-04-12,1Y,1,0.9993801883754471
2023-04-12,2Y,2,0.997599932735241
2023-04-12,3Y,3,0.9945669230956217
2023-04-12,4Y,4,0.9902614348542638
2023-04-12,5Y,5,0.9842905658390136
2023-04-12,7Y,7,0.9671535967334789
2023-04-12,10Y,10,0.9346888287221752
2023-04-12,15Y,15,0.8720291379474248
2023-04-12,20Y,20,0.8087681824079821
2023-04-12,25Y,25,0.7545421929603962
2023-04-12,30Y,30,0.7084436585626361
2023-04-13,1Y,1,0.9993851856899301
2023-04-13,2Y,2,0.9973776347493518
2023-04-13,3Y,3,0.9937800899626063
2023-04-13,4Y,4,0.9893528535016264
2023-04-13,5Y,5,0.9834581047212662
2023-04-13,7Y,7,0.9650806835823336
2023-04-13,10Y,10,0.9320680538210686
2023-04-13,15Y,15,0.8711600479901153
2023-04-13,20Y,20,0.8095201151084939
2023-04-13,25Y,25,0.7568133254024919
2023-04-13,30Y,30,0.7123203031251026
2023-04-14,1Y,1,0.998910755999753
2023-04-14,2Y,2,0.9967301906708528
2023-04-14,3Y,3,0.9932002907838491
2023-04-14,4Y,4,0.9883434704609773
2023-04-14,5Y,5,0.9818933853528736
2023-04-14,7Y,7,0.9638692217255279
2023-04-14,10Y,10,0.9300186063087089
2023-04-14,15Y,15,0.8673745985607515
2023-04-14,20Y,20,0.8038420342007034
2023-04-14,25Y,25,0.7496939043955914
2023-04-14,30Y,30,0.7043540418587642
2023-04-16,1Y,1,0.9993102472772813
2023-04-16,2Y,2,0.9974078667749666
2023-04-16,3Y,3,0.9941538780372932
2023-04-16,4Y,4,0.9895970032926862
2023-04-16,5Y,5,0.9836511879082889
2023-04-16,7Y,7,0.9663432993314404
2023-04-16,10Y,10,0.9347169061199444
2023-04-16,15Y,15,0.8730848818794092
2023-04-16,20Y,20,0.8080160104349298
2023-04-16,25Y,25,0.7537027325311184
2023-04-16,30Y,30,0.7143687754222909
2023-04-17,1Y,1,0.9989057616659063
2023-04-17,2Y,2,0.9966977733201129
2023-04-17,3Y,3,0.9930708917398219
2023-04-17,4Y,4,0.9879762839616381
2023-04-17,5Y,5,0.9811474540746506
2023-04-17,7Y,7,0.963571712479753
2023-04-17,10Y,10,0.9275104646290518
2023-04-17,15Y,15,0.8633175892914758
2023-04-17,20Y,20,0.7983907868332478
2023-04-17,25Y,25,0.7433968155404126
2023-04-17,30Y,30,0.6973881387318603
2023-04-18,1Y,1,0.9991953172887461
2023-04-18,2Y,2,0.996983959301943
2023-04-18,3Y,3,0.9933632334278788
2023-04-18,4Y,4,0.9883584503894919
2023-04-18,5Y,5,0.9821346699144093
2023-04-18,7Y,7,0.9635879001136414
2023-04-18,10Y,10,0.9312086087354314
2023-04-18,15Y,15,0.8660835615879952
2023-04-18,20Y,20,0.8018523673668156
2023-04-18,25Y,25,0.7480167980418756
2023-04-18,30Y,30,0.7028063446684957
2023-04-19,1Y,1,0.9991653419777123
2023-04-19,2Y,2,0.9970889184803474
2023-04-19,3Y,3,0.9938910212267249
2023-04-19,4Y,4,0.9888769170634935
2023-04-19,5Y,5,0.9815185627070148
2023-04-19,7Y,7,0.9625550581058475
2023-04-19,10Y,10,0.9289355559485934
2023-04-19,15Y,15,0.866141617906937
2023-04-19,20Y,20,0.8017102913957485
2023-04-19,25Y,25,0.7485428981464067
2023-04-19,30Y,30,0.7039419409863821
2023-04-20,1Y,1,0.9994151652505305
2023-04-20,2Y,2,0.9974449523935167
2023-04-20,3Y,3,0.9937647414691776
2023-04-20,4Y,4,0.9886434003093246
2023-04-20,5Y,5,0.9819895789714488
2023-04-20,7Y,7,0.9639177831496842
2023-04-20,10Y,10,0.9302782045959165
2023-04-20,15Y,15,0.8665206293359291
2023-04-20,20Y,20,0.8017551899355558
2023-04-20,25Y,25,0.7469757291692743
2023-04-20,30Y,30,0.7013731360502228
2023-04-21,1Y,1,0.9990805295375008
2023-04-21,2Y,2,0.9971438692282324
2023-04-21,3Y,3,0.9938261091493429
2023-04-21,4Y,4,0.9889927571213761
2023-04-21,5Y,5,0.9824758287293053
2023-04-21,7Y,7,0.964541744770604
2023-04-21,10Y,10,0.930897729581476
2023-04-21,15Y,15,0.8670819285756352
2023-04-21,20Y,20,0.8021132388605706
2023-04-21,25Y,25,0.7471761577391934
2023-04-21,30Y,30,0.7015110633690274
2023-04-23,1Y,1,0.9994251579130675
2023-04-23,2Y,2,0.9976747068589915
2023-04-23,3Y,3,0.9945416300421609
2023-04-23,4Y,4,0.9900049584799688
2023-04-23,5Y,5,0.9838100198694043
2023-04-23,7Y,7,0.9663718273712611
2023-04-23,10Y,10,0.9332469278617146
2023-04-23,15Y,15,0.8680744031172054
2023-04-23,20Y,20,0.8026120626271244
2023-04-23,25Y,25,0.747101983752881
2023-04-23,30Y,30,0.7009707656077636
2023-04-24,1Y,1,0.9993251996553106
2023-04-24,2Y,2,0.997273108169527
2023-04-24,3Y,3,0.9938702433562551
2023-04-24,4Y,4,0.9896063764528209
2023-04-24,5Y,5,0.9836651885452685
2023-04-24,7Y,7,0.9661206784386032
2023-04-24,10Y,10,0.9312710721091015
2023-04-24,15Y,15,0.8667560707812233
2023-04-24,20Y,20,0.801165921595368
2023-04-24,25Y,25,0.7454357126770654
2023-04-24,30Y,30,0.6990899759193062
2023-04-25,1Y,1,0.9994251625699829
2023-04-25,2Y,2,0.9977346292892593
2023-04-25,3Y,3,0.9947508908513445
2023-04-25,4Y,4,0.9904544611840609
2023-04-25,5Y,5,0.9840637865015934
2023-04-25,7Y,7,0.9654921590650127
2023-04-25,10Y,10,0.9350582341120326
2023-04-25,15Y,15,0.8692978079371692
2023-04-25,20Y,20,0.8056177840048927
2023-04-25,25Y,25,0.7510466232220351
2023-04-25,30Y,30,0.7054778163767113
2023-04-26,1Y,1,0.9994101749058096
2023-04-26,2Y,2,0.9977271751798249
2023-04-26,3Y,3,0.9948307578136606
2023-04-26,4Y,4,0.9907255195369857
2023-04-26,5Y,5,0.9850669179019097
2023-04-26,7Y,7,0.9687823300241994
2023-04-26,10Y,10,0.9372422398172325
2023-04-26,15Y,15,0.8738335555591987
2023-04-26,20Y,20,0.8096806684144108
2023-04-26,25Y,25,0.7552941299568788
2023-04-26,30Y,30,0.7101001753645079
2023-04-27,1Y,1,0.9993751960989892
2023-04-27,2Y,2,0.9976199119977238
2023-04-27,3Y,3,0.9946217033746114
2023-04-27,4Y,4,0.9903657354632894
2023-04-27,5Y,5,0.9845134051720033
2023-04-27,7Y,7,0.9679047013059632
2023-04-27,10Y,10,0.9360101083398686
2023-04-27,15Y,15,0.8719615882214642
2023-04-27,20Y,20,0.8070275227063858
2023-04-27,25Y,25,0.7516537516618083
2023-04-27,30Y,30,0.7053430513486435
2023-04-28,1Y,1,0.9991204861474228
2023-04-28,2Y,2,0.9973359369930105
2023-04-28,3Y,3,0.9944484776398128
2023-04-28,4Y,4,0.990439920690757
2023-04-28,5Y,5,0.9850168708232363
2023-04-28,7Y,7,0.9693319774914809
2023-04-28,10Y,10,0.9392393303340681
2023-04-28,15Y,15,0.8808021137349137
2023-04-28,20Y,20,0.820602626425235
2023-04-28,25Y,25,0.7687503736831452
2023-04-28,30Y,30,0.7251098948302389
2023-04-29,1Y,1,0.9991204861474228
2023-04-29,2Y,2,0.9973359369930105
2023-04-29,3Y,3,0.9944484776398128
2023-04-29,4Y,4,0.990439920690757
2023-04-29,5Y,5,0.9850168708232363
2023-04-29,7Y,7,0.9693319774914809
2023-04-29,10Y,10,0.9392393303340681
2023-04-29,15Y,15,0.8808021137349137
2023-04-29,20Y,20,0.820602626425235
2023-04-29,25Y,25,0.7687503736831452
2023-04-29,30Y,30,0.7251098948302389
2023-04-30,1Y,1,0.9993802290660017
2023-04-30,2Y,2,0.9978994715247431
2023-04-30,3Y,3,0.995314028028813
2023-04-30,4Y,4,0.9915774422130852
2023-04-30,5Y,5,0.9863482609212519
2023-04-30,7Y,7,0.9711056515503143
2023-04-30,10Y,10,0.9413684508623884
2023-04-30,15Y,15,0.8814286750353839
2023-04-30,20Y,20,0.820398628609759
2023-04-30,25Y,25,0.7682517414625242
2023-04-30,30Y,30,0.724678032402515
2023-05-01,1Y,1,0.9993752344447007
2023-05-01,2Y,2,0.9978445344246266
2023-05-01,3Y,3,0.9951196771534504
2023-05-01,4Y,4,0.9912097788323758
2023-05-01,5Y,5,0.9858238190433632
2023-05-01,7Y,7,0.9701333619162014
2023-05-01,10Y,10,0.9395840753551521
2023-05-01,15Y,15,0.878604822933122
2023-05-01,20Y,20,0.8161589632636794
2023-05-01,25Y,25,0.7627725428457235
2023-05-01,30Y,30,0.7183138423510872
2023-05-02,1Y,1,0.9991154843129175
2023-05-02,2Y,2,0.9972660776639789
2023-05-02,3Y,3,0.9942443459369809
2023-05-02,4Y,4,0.9900602666832481
2023-05-02,5Y,5,0.9844684163001418
2023-05-02,7Y,7,0.9685953988707232
2023-05-02,10Y,10,0.9378228736705604
2023-05-02,15Y,15,0.8785744216420263
2023-05-02,20Y,20,0.8169620342998837
2023-05-02,25Y,25,0.7637136986970637
2023-05-02,30Y,30,0.7188927572608572
2023-05-03,1Y,1,0.9991304709083619
2023-05-03,2Y,2,0.9972959725515171
2023-05-03,3Y,3,0.994299079243613
2023-05-03,4Y,4,0.990139493961538
2023-05-03,5Y,5,0.9845073941435211
2023-05-03,7Y,7,0.9685944251882481
2023-05-03,10Y,10,0.9378346162597107
2023-05-03,15Y,15,0.8787204221168355
2023-05-03,20Y,20,0.8171289899020179
2023-05-03,25Y,25,0.7639130025158901
2023-05-03,30Y,30,0.7191170406928388
2023-05-04,1Y,1,0.9991304709083619
2023-05-04,2Y,2,0.9972959725515171
2023-05-04,3Y,3,0.994299079243613
2023-05-04,4Y,4,0.990139493961538
2023-05-04,5Y,5,0.9845073941435211
2023-05-04,7Y,7,0.9685944251882481
2023-05-04,10Y,10,0.9378346162597107
2023-05-04,15Y,15,0.8787204221168355
2023-05-04,20Y,20,0.8171289899020179
2023-05-04,25Y,25,0.7639130025158901
2023-05-04,30Y,30,0.7191170406928388
2023-05-05,1Y,1,0.9991304709083619
2023-05-05,2Y,2,0.9972959725515171
2023-05-05,3Y,3,0.994299079243613
2023-05-05,4Y,4,0.990139493961538
2023-05-05,5Y,5,0.9845073941435211
2023-05-05,7Y,7,0.9685944251882481
2023-05-05,10Y,10,0.9378346162597107
2023-05-05,15Y,15,0.8787204221168355
2023-05-05,20Y,20,0.8171289899020179
2023-05-05,25Y,25,0.7639130025158901
2023-05-05,30Y,30,0.7191170406928388
2023-05-06,1Y,1,0.9994251625699829
2023-05-06,2Y,2,0.9977795849035855
2023-05-06,3Y,3,0.9949502479651627
2023-05-06,4Y,4,0.9909290632467066
2023-05-06,5Y,5,0.9854281804455717
2023-05-06,7Y,7,0.9696430734429523
2023-05-06,10Y,10,0.9390820399265171
2023-05-06,15Y,15,0.8779499660552722
2023-05-06,20Y,20,0.8152111492379993
2023-05-06,25Y,25,0.7612823157496972
2023-05-06,30Y,30,0.7162345122257846
2023-05-07,1Y,1,0.9993602367095421
2023-05-07,2Y,2,0.9977846762681066
2023-05-07,3Y,3,0.9950450570971269
2023-05-07,4Y,4,0.9911056092327869
2023-05-07,5Y,5,0.9856906064102219
2023-05-07,7Y,7,0.9700715489132347
2023-05-07,10Y,10,0.9397490967385049
2023-05-07,15Y,15,0.878812339464527
2023-05-07,20Y,20,0.8163326384759074
2023-05-07,25Y,25,0.7626615834464225
2023-05-07,30Y,30,0.7177883182275391
2023-05-08,1Y,1,0.9994551456888777
2023-05-08,2Y,2,0.9976670774088306
2023-05-08,3Y,3,0.9947363329830178
2023-05-08,4Y,4,0.9906830753521951
2023-05-08,5Y,5,0.985132388650255
2023-05-08,7Y,7,0.9696949995981721
2023-05-08,10Y,10,0.9380595353677901
2023-05-08,15Y,15,0.8784292512419333
2023-05-08,20Y,20,0.8155679550025897
2023-05-08,25Y,25,0.762299442061251
2023-05-08,30Y,30,0.7172198344428448
2023-05-09,1Y,1,0.9994451482197938
2023-05-09,2Y,2,0.9977895194350929
2023-05-09,3Y,3,0.9946208071323316
2023-05-09,4Y,4,0.9898875049131598
2023-05-09,5Y,5,0.98384534577417
2023-05-09,7Y,7,0.9674654643282576
2023-05-09,10Y,10,0.9360293407129341
2023-05-09,15Y,15,0.8758899600972396
2023-05-09,20Y,20,0.8139507248644383
2023-05-09,25Y,25,0.7604688949819084
2023-05-09,30Y,30,0.7141337326318706
2023-05-10,1Y,1,0.9993701783117138
2023-05-10,2Y,2,0.9974976425189881
2023-05-10,3Y,3,0.9944326984618304
2023-05-10,4Y,4,0.9902224475173919
2023-05-10,5Y,5,0.9845549688940863
2023-05-10,7Y,7,0.9687729576763586
2023-05-10,10Y,10,0.9381876489772506
2023-05-10,15Y,15,0.879524186890439
2023-05-10,20Y,20,0.8175388239561431
2023-05-10,25Y,25,0.7637878188520723
2023-05-10,30Y,30,0.7190335921352206
2023-05-11,1Y,1,0.9994901254422746
2023-05-11,2Y,2,0.9978043401409251
2023-05-11,3Y,3,0.9950151033769484
2023-05-11,4Y,4,0.9914788799424283
2023-05-11,5Y,5,0.9865231181044393
2023-05-11,7Y,7,0.9716419615470039
2023-05-11,10Y,10,0.9418970106319442
2023-05-11,15Y,15,0.8832660685690215
2023-05-11,20Y,20,0.8237379051212264
2023-05-11,25Y,25,0.7721857410985555
2023-05-11,30Y,30,0.7290269383971287
2023-05-12,1Y,1,0.9993951655408693
2023-05-12,2Y,2,0.9975924379785801
2023-05-12,3Y,3,0.9946467563700365
2023-05-12,4Y,4,0.990664377036106
2023-05-12,5Y,5,0.9853316143657447
2023-05-12,7Y,7,0.9702599394229792
2023-05-12,10Y,10,0.9405438713013189
2023-05-12,15Y,15,0.8819770870048839
2023-05-12,20Y,20,0.820531305523959
2023-05-12,25Y,25,0.7677270843308884
2023-05-12,30Y,30,0.7234805152979709
2023-05-13,1Y,1,0.9992003991866036
2023-05-13,2Y,2,0.9974954566923989
2023-05-13,3Y,3,0.9946472585435875
2023-05-13,4Y,4,0.9906650770292708
2023-05-13,5Y,5,0.9853325029774846
2023-05-13,7Y,7,0.9702612370837064
2023-05-13,10Y,10,0.9405456891767061
2023-05-13,15Y,15,0.8819794406042745
2023-05-13,20Y,20,0.8205339605472589
2023-05-13,25Y,25,0.7677297945409058
2023-05-13,30Y,30,0.7234831550832383
2023-05-14,1Y,1,0.9994401770151263
2023-05-14,2Y,2,0.9979817545264604
2023-05-14,3Y,3,0.9953985254789736
2023-05-14,4Y,4,0.9917014270209308
2023-05-14,5Y,5,0.9869094164402448
2023-05-14,7Y,7,0.9725222436968184
2023-05-14,10Y,10,0.9446889329117206
2023-05-14,15Y,15,0.88691808530424
2023-05-14,20Y,20,0.8240392709465385
2023-05-14,25Y,25,0.7710686595252857
2023-05-14,30Y,30,0.7328813103073089
2023-05-15,1Y,1,0.9994901254422746
2023-05-15,2Y,2,0.997684430328781
2023-05-15,3Y,3,0.9943272087477465
2023-05-15,4Y,4,0.9898691627630778
2023-05-15,5Y,5,0.984983993580423
2023-05-15,7Y,7,0.970299838201187
2023-05-15,10Y,10,0.943166368162174
2023-05-15,15Y,15,0.8849464707199309
2023-05-15,20Y,20,0.8213657352417416
2023-05-15,25Y,25,0.7677567949547442
2023-05-15,30Y,30,0.7309000969706876
2023-05-16,1Y,1,0.9991854026689089
2023-05-16,2Y,2,0.9973682123835046
2023-05-16,3Y,3,0.9943286480106547
2023-05-16,4Y,4,0.9901516220673956
2023-05-16,5Y,5,0.984650965796062
2023-05-16,7Y,7,0.969385341505633
2023-05-16,10Y,10,0.9389916379628624
2023-05-16,15Y,15,0.8794827931374477
2023-05-16,20Y,20,0.8170835456744997
2023-05-16,25Y,25,0.7635478038225207
2023-05-16,30Y,30,0.7187717186247529
2023-05-17,1Y,1,0.9995450931261338
2023-05-17,2Y,2,0.9980939575197475
2023-05-17,3Y,3,0.9955577645072732
2023-05-17,4Y,4,0.992014293392067
2023-05-17,5Y,5,0.9871751998849946
2023-05-17,7Y,7,0.9730774607396868
2023-05-17,10Y,10,0.9448118508854341
2023-05-17,15Y,15,0.8864599309592704
2023-05-17,20Y,20,0.8261456045618764
2023-05-17,25Y,25,0.7743127537326995
2023-05-17,30Y,30,0.7310310412269321
2023-05-18,1Y,1,0.9991604294560151
2023-05-18,2Y,2,0.997318364414858
2023-05-18,3Y,3,0.9942441003620744
2023-05-18,4Y,4,0.9899953917862274
2023-05-18,5Y,5,0.9844139356326808
2023-05-18,7Y,7,0.9688379939933234
2023-05-18,10Y,10,0.9385594540663903
2023-05-18,15Y,15,0.8800977466449939
2023-05-18,20Y,20,0.8191863923372976
2023-05-18,25Y,25,0.7665011925400617
2023-05-18,30Y,30,0.7220759458572155
2023-05-19,1Y,1,0.9993002451906082
2023-05-19,2Y,2,0.9973654904525276
2023-05-19,3Y,3,0.9941889795685358
2023-05-19,4Y,4,0.9899528623339069
2023-05-19,5Y,5,0.9844037287607936
2023-05-19,7Y,7,0.968743100331593
2023-05-19,10Y,10,0.9384578028443972
2023-05-19,15Y,15,0.8805653902633125
2023-05-19,20Y,20,0.8199621551789507
2023-05-19,25Y,25,0.7671850744731449
2023-05-19,30Y,30,0.7227457909719214
2023-05-21,1Y,1,0.999470151224944
2023-05-21,2Y,2,0.9979217433627332
2023-05-21,3Y,3,0.9950993964114254
2023-05-21,4Y,4,0.9911423529501711
2023-05-21,5Y,5,0.9858536334628983
2023-05-21,7Y,7,0.9708790768251682
2023-05-21,10Y,10,0.9415413876564972
2023-05-21,15Y,15,0.8828883827028295
2023-05-21,20Y,20,0.8221659470681875
2023-05-21,25Y,25,0.7694047776744154
2023-05-21,30Y,30,0.7249711416573446
2023-05-22,1Y,1,0.9991804007369085
2023-05-22,2Y,2,0.9973058366693746
2023-05-22,3Y,3,0.9945583362154448
2023-05-22,4Y,4,0.9907372863917882
2023-05-22,5Y,5,0.9849401082737539
2023-05-22,7Y,7,0.9703327940245129
2023-05-22,10Y,10,0.9399168359044564
2023-05-22,15Y,15,0.8819573645064857
2023-05-22,20Y,20,0.8212888139509762
2023-05-22,25Y,25,0.7687072464814368
2023-05-22,30Y,30,0.7244718143755337
2023-05-23,1Y,1,0.9992753296495432
2023-05-23,2Y,2,0.997660003196086
2023-05-23,3Y,3,0.9948311067616752
2023-05-23,4Y,4,0.990838122926932
2023-05-23,5Y,5,0.9854844189620142
2023-05-23,7Y,7,0.9684005386162265
2023-05-23,10Y,10,0.9404144443453292
2023-05-23,15Y,15,0.8790297540034668
2023-05-23,20Y,20,0.8166777631995962
2023-05-23,25Y,25,0.7636140813444842
2023-05-23,30Y,30,0.7187543376835815
2023-05-24,1Y,1,0.9994751234738123
2023-05-24,2Y,2,0.9978044392843234
2023-05-24,3Y,3,0.9949102464097603
2023-05-24,4Y,4,0.9908992372772172
2023-05-24,5Y,5,0.9855027796831565
2023-05-24,7Y,7,0.9701519193160851
2023-05-24,10Y,10,0.9401505025866492
2023-05-24,15Y,15,0.8800483624696932
2023-05-24,20Y,20,0.8180104587419043
2023-05-24,25Y,25,0.76426419223765
2023-05-24,30Y,30,0.7193153366766658
2023-05-25,1Y,1,0.999295222372856
2023-05-25,2Y,2,0.9971758431759306
2023-05-25,3Y,3,0.9940652291617043
2023-05-25,4Y,4,0.9902520709712396
2023-05-25,5Y,5,0.9848644188652977
2023-05-25,7Y,7,0.9675437619232947
2023-05-25,10Y,10,0.9344026002467303
2023-05-25,15Y,15,0.8762176786002409
2023-05-25,20Y,20,0.8096625502072894
2023-05-25,25Y,25,0.7547841463953461
2023-05-25,30Y,30,0.7129600211745657
2023-05-26,1Y,1,0.9993102137464717
2023-05-26,2Y,2,0.997213227978141
2023-05-26,3Y,3,0.9937858236288036
2023-05-26,4Y,4,0.9892832910100823
2023-05-26,5Y,5,0.9834111093767431
2023-05-26,7Y,7,0.9669581164947058
2023-05-26,10Y,10,0.9353213213074988
2023-05-26,15Y,15,0.8752176304697857
2023-05-26,20Y,20,0.812941488048942
2023-05-26,25Y,25,0.7590023893326103
2023-05-26,30Y,30,0.7136287935259112
2023-05-28,1Y,1,0.999430150798284
2023-05-28,2Y,2,0.9976697114592258
2023-05-28,3Y,3,0.9946364587829372
2023-05-28,4Y,4,0.9904651076827246
2023-05-28,5Y,5,0.9848752060638499
2023-05-28,7Y,7,0.9689249102914266
2023-05-28,10Y,10,0.9380643375465691
2023-05-28,15Y,15,0.8767131270587188
2023-05-28,20Y,20,0.8139786702724546
2023-05-28,25Y,25,0.7597888776864024
2023-05-28,30Y,30,0.7144978888368724
2023-05-29,1Y,1,0.9994651278394822
2023-05-29,2Y,2,0.9977320434989122
2023-05-29,3Y,3,0.9946860646014948
2023-05-29,4Y,4,0.9904422697103465
2023-05-29,5Y,5,0.9850691654270203
2023-05-29,7Y,7,0.9692527322989059
2023-05-29,10Y,10,0.9386832704858502
2023-05-29,15Y,15,0.8798217558986707
2023-05-29,20Y,20,0.8162937609630359
2023-05-29,25Y,25,0.7623475438363359
2023-05-29,30Y,30,0.7239773699790932
2023-05-30,1Y,1,0.9994101406842582
2023-05-30,2Y,2,0.9974351147273327
2023-05-30,3Y,3,0.9941088409643105
2023-05-30,4Y,4,0.9899853906086811
2023-05-30,5Y,5,0.9847951676416791
2023-05-30,7Y,7,0.9673647203605878
2023-05-30,10Y,10,0.9374353866933772
2023-05-30,15Y,15,0.8762761494147989
2023-05-30,20Y,20,0.8135795581096583
2023-05-30,25Y,25,0.7591326928448203
2023-05-30,30Y,30,0.7141635872395263
2023-05-31,1Y,1,0.9994101406842582
2023-05-31,2Y,2,0.9974575909257253
2023-05-31,3Y,3,0.9941635751991325
2023-05-31,4Y,4,0.9897036338629774
2023-05-31,5Y,5,0.9837738318513622
2023-05-31,7Y,7,0.9669336088660365
2023-05-31,10Y,10,0.9345584732870252
2023-05-31,15Y,15,0.874147283402487
2023-05-31,20Y,20,0.8117649304265213
2023-05-31,25Y,25,0.7577902180665547
2023-05-31,30Y,30,0.7123143451262262
2023-06-01,1Y,1,0.9994251937619377
2023-06-01,2Y,2,0.9979293187747124
2023-06-01,3Y,3,0.9948996382288251
2023-06-01,4Y,4,0.9906307377242832
2023-06-01,5Y,5,0.9850411107832185
2023-06-01,7Y,7,0.9685592270294788
2023-06-01,10Y,10,0.9362394586498499
2023-06-01,15Y,15,0.8762085210591574
2023-06-01,20Y,20,0.8146896241671594
2023-06-01,25Y,25,0.761185497454331
2023-06-01,30Y,30,0.7149763928888018
2023-06-02,1Y,1,0.9993202569184625
2023-06-02,2Y,2,0.9975476047447174
2023-06-02,3Y,3,0.9944524749786021
2023-06-02,4Y,4,0.9901379338012969
2023-06-02,5Y,5,0.9844461117786815
2023-06-02,7Y,7,0.9681302224050795
2023-06-02,10Y,10,0.93641876644147
2023-06-02,15Y,15,0.875984053949347
2023-06-02,20Y,20,0.8135190068660793
2023-06-02,25Y,25,0.7592499198364778
2023-06-02,30Y,30,0.7131720023426107
2023-06-04,1Y,1,0.9995700730441311
2023-06-04,2Y,2,0.9980239762618871
2023-06-04,3Y,3,0.9952236770360191
2023-06-04,4Y,4,0.9912210298190212
2023-06-04,5Y,5,0.9857130864545397
2023-06-04,7Y,7,0.9697645813889446
2023-06-04,10Y,10,0.9384311143377103
2023-06-04,15Y,15,0.8769013652543725
2023-06-04,20Y,20,0.8140766796015634
2023-06-04,25Y,25,0.7595493615816892
2023-06-04,30Y,30,0.7136626579333973
2023-06-05,1Y,1,0.9992752975980337
2023-06-05,2Y,2,0.9974278894172295
2023-06-05,3Y,3,0.9942385939302726
2023-06-05,4Y,4,0.9898032691907661
2023-06-05,5Y,5,0.9838977746464316
2023-06-05,7Y,7,0.9672472836556075
2023-06-05,10Y,10,0.9351766886012082
2023-06-05,15Y,15,0.8749377571772394
2023-06-05,20Y,20,0.8127181029080568
2023-06-05,25Y,25,0.7586575404289061
2023-06-05,30Y,30,0.7128924415884765
2023-06-06,1Y,1,0.9995700730441311
2023-06-06,2Y,2,0.997806621307279
2023-06-06,3Y,3,0.994820542288068
2023-06-06,4Y,4,0.990729492902704
2023-06-06,5Y,5,0.9846881876499339
2023-06-06,7Y,7,0.969247212259099
2023-06-06,10Y,10,0.937191625579717
2023-06-06,15Y,15,0.8770785058873627
2023-06-06,20Y,20,0.8152500915420791
2023-06-06,25Y,25,0.7618185237307861
2023-06-06,30Y,30,0.7166337821324675
2023-06-07,1Y,1,0.9995350930290932
2023-06-07,2Y,2,0.9979691068258533
2023-06-07,3Y,3,0.9951690128865059
2023-06-07,4Y,4,0.9912114946241724
2023-06-07,5Y,5,0.9858279055818564
2023-06-07,7Y,7,0.9702648506663136
2023-06-07,10Y,10,0.9395076939911284
2023-06-07,15Y,15,0.8792933488779096
2023-06-07,20Y,20,0.8178572947284123
2023-06-07,25Y,25,0.764697158747846
2023-06-07,30Y,30,0.7201174007104548
2023-06-08,1Y,1,0.9992703010673281
2023-06-08,2Y,2,0.9974254136128833
2023-06-08,3Y,3,0.9942685240025545
2023-06-08,4Y,4,0.9899002010349579
2023-06-08,5Y,5,0.9840759070666004
2023-06-08,7Y,7,0.967516538355411
2023-06-08,10Y,10,0.9354723621689267
2023-06-08,15Y,15,0.875646592867989
2023-06-08,20Y,20,0.8139569031107566
2023-06-08,25Y,25,0.7604705130653586
2023-06-08,30Y,30,0.7151991981825038
2023-06-09,1Y,1,0.9995550780938632
2023-06-09,2Y,2,0.997799192333154
2023-06-09,3Y,3,0.9945211771373915
2023-06-09,4Y,4,0.9904331162668967
2023-06-09,5Y,5,0.9854360409133661
2023-06-09,7Y,7,0.9698479167728354
2023-06-09,10Y,10,0.9384123015829546
2023-06-09,15Y,15,0.8770193894296044
2023-06-09,20Y,20,0.815446803789308
2023-06-09,25Y,25,0.7609228915911918
2023-06-09,30Y,30,0.7155645482079743
2023-06-11,1Y,1,0.9995800838745943
2023-06-11,2Y,2,0.9980963144852814
2023-06-11,3Y,3,0.9952483831091073
2023-06-11,4Y,4,0.991205956248787
2023-06-11,5Y,5,0.9861608364304981
2023-06-11,7Y,7,0.9708862751219296
2023-06-11,10Y,10,0.9417391698673299
2023-06-11,15Y,15,0.8837525787517869
2023-06-11,20Y,20,0.8211055785807854
2023-06-11,25Y,25,0.7675672500159156
2023-06-11,30Y,30,0.7299623042888606
2023-06-12,1Y,1,0.9994651119306751
2023-06-12,2Y,2,0.9976421965273522
2023-06-12,3Y,3,0.9945268144321411
2023-06-12,4Y,4,0.9902439760499334
2023-06-12,5Y,5,0.984897098884083
2023-06-12,7Y,7,0.9694176839472011
2023-06-12,10Y,10,0.9384961179688739
2023-06-12,15Y,15,0.877061164891926
2023-06-12,20Y,20,0.8162612157977648
2023-06-12,25Y,25,0.7615207890661317
2023-06-12,30Y,30,0.7142384380116565
2023-06-13,1Y,1,0.9994551752183803
2023-06-13,2Y,2,0.9978692596846889
2023-06-13,3Y,3,0.9948302410810307
2023-06-13,4Y,4,0.9905286245934491
2023-06-13,5Y,5,0.9847792720068367
2023-06-13,7Y,7,0.9684369135948161
2023-06-13,10Y,10,0.9371239471017073
2023-06-13,15Y,15,0.876803074662193
2023-06-13,20Y,20,0.815334704897374
2023-06-13,25Y,25,0.7621286352077555
2023-06-13,30Y,30,0.7168974590847228
2023-06-14,1Y,1,0.9994950977862264
2023-06-14,2Y,2,0.9977394970842568
2023-06-14,3Y,3,0.9947109536286607
2023-06-14,4Y,4,0.9905640690636719
2023-06-14,5Y,5,0.9849683932145262
2023-06-14,7Y,7,0.9687657633263965
2023-06-14,10Y,10,0.9368288083777765
2023-06-14,15Y,15,0.8774215493693192
2023-06-14,20Y,20,0.8162555636891202
2023-06-14,25Y,25,0.7631920163865722
2023-06-14,30Y,30,0.7185254785129226
2023-06-15,1Y,1,0.9994501737927791
2023-06-15,2Y,2,0.9980016939274287
2023-06-15,3Y,3,0.9950589866183851
2023-06-15,4Y,4,0.990519961716575
2023-06-15,5Y,5,0.9850177841363842
2023-06-15,7Y,7,0.9694259740608169
2023-06-15,10Y,10,0.9355357980311758
2023-06-15,15Y,15,0.8757725143594888
2023-06-15,20Y,20,0.8148010226099279
2023-06-15,25Y,25,0.7615113755454016
2023-06-15,30Y,30,0.716277103116774
2023-06-16,1Y,1,0.9993802079760555
2023-06-16,2Y,2,0.9977122397024301
2023-06-16,3Y,3,0.9947809456991482
2023-06-16,4Y,4,0.9906263340513297
2023-06-16,5Y,5,0.9849733036962369
2023-06-16,7Y,7,0.9686567445784914
2023-06-16,10Y,10,0.9369599580064165
2023-06-16,15Y,15,0.8777726199870358
2023-06-16,20Y,20,0.8170412610400114
2023-06-16,25Y,25,0.7638456215482389
2023-06-16,30Y,30,0.7186797670917122
2023-06-17,1Y,1,0.999595063248675
2023-06-17,2Y,2,0.9981338206377705
2023-06-17,3Y,3,0.9954977168358354
2023-06-17,4Y,4,0.9917253435042659
2023-06-17,5Y,5,0.986480136856672
2023-06-17,7Y,7,0.9709370872507751
2023-06-17,10Y,10,0.9401369623117568
2023-06-17,15Y,15,0.8800883926657128
2023-06-17,20Y,20,0.8190221946303063
2023-06-17,25Y,25,0.7658647861702009
2023-06-17,30Y,30,0.721162496272089
2023-06-18,1Y,1,0.9996650449761983
2023-06-18,2Y,2,0.9982809846818869
2023-06-18,3Y,3,0.9955720721827943
2023-06-18,4Y,4,0.9917247760180357
2023-06-18,5Y,5,0.9868976757465053
2023-06-18,7Y,7,0.9719259529561615
2023-06-18,10Y,10,0.9431523209953783
2023-06-18,15Y,15,0.8857907082717383
2023-06-18,20Y,20,0.8236895826043734
2023-06-18,25Y,25,0.7703880263760824
2023-06-18,30Y,30,0.7333274668846007
2023-06-19,1Y,1,0.9996450425238007
2023-06-19,2Y,2,0.99807621136965
2023-06-19,3Y,3,0.9950937715097649
2023-06-19,4Y,4,0.9909673878665458
2023-06-19,5Y,5,0.9854011132984637
2023-06-19,7Y,7,0.9692036571261721
2023-06-19,10Y,10,0.9375511727576571
2023-06-19,15Y,15,0.878581225740124
2023-06-19,20Y,20,0.8178756328050838
2023-06-19,25Y,25,0.7648625151221753
2023-06-19,30Y,30,0.7200073177940083
2023-06-20,1Y,1,0.9996750308357549
2023-06-20,2Y,2,0.9981735791631153
2023-06-20,3Y,3,0.9953179385987031
2023-06-20,4Y,4,0.9913796930598433
2023-06-20,5Y,5,0.9860891158625705
2023-06-20,7Y,7,0.9715342315689643
2023-06-20,10Y,10,0.9418840595397304
2023-06-20,15Y,15,0.8821429196011308
2023-06-20,20Y,20,0.8218775424330347
2023-06-20,25Y,25,0.7697353987455026
2023-06-20,30Y,30,0.7254731468875582
2023-06-21,1Y,1,0.9996950252222426
2023-06-21,2Y,2,0.9983859137353261
2023-06-21,3Y,3,0.9959709844713622
2023-06-21,4Y,4,0.9924879192872123
2023-06-21,5Y,5,0.9871650071810545
2023-06-21,7Y,7,0.9724653840762324
2023-06-21,10Y,10,0.9408244206141727
2023-06-21,15Y,15,0.8836693146604961
2023-06-21,20Y,20,0.8232231528680372
2023-06-21,25Y,25,0.7700409670783824
2023-06-21,30Y,30,0.7268534319617586
2023-06-22,1Y,1,0.9996950237934048
2023-06-22,2Y,2,0.9983709295729153
2023-06-22,3Y,3,0.9956913800572896
2023-06-22,4Y,4,0.9916144630812962
2023-06-22,5Y,5,0.9866791547066767
2023-06-22,7Y,7,0.9720688661341236
2023-06-22,10Y,10,0.9411989268682087
2023-06-22,15Y,15,0.8836943843116097
2023-06-22,20Y,20,0.8228970309899639
2023-06-22,25Y,25,0.7694477733151516
2023-06-22,30Y,30,0.7263964549985886
2023-06-23,1Y,1,0.9997600068820232
2023-06-23,2Y,2,0.998365761728583
2023-06-23,3Y,3,0.9956466292084818
2023-06-23,4Y,4,0.9919110447223716
2023-06-23,5Y,5,0.9873288690939194
2023-06-23,7Y,7,0.9723898278296489
2023-06-23,10Y,10,0.9416939587082999
2023-06-23,15Y,15,0.8847030302119964
2023-06-23,20Y,20,0.8237237266974956
2023-06-23,25Y,25,0.7699476881225632
2023-06-23,30Y,30,0.7251948478409325
2023-06-25,1Y,1,0.9998449982852963
2023-06-25,2Y,2,0.9985279275889689
2023-06-25,3Y,3,0.995725938348946
2023-06-25,4Y,4,0.9919104203613904
2023-06-25,5Y,5,0.9877162295728664
2023-06-25,7Y,7,0.9739096236506585
2023-06-25,10Y,10,0.9473698917451614
2023-06-25,15Y,15,0.8908872374605373
2023-06-25,20Y,20,0.8285103037961203
2023-06-25,25Y,25,0.7752505910940354
2023-06-25,30Y,30,0.7395636329218006
2023-06-26,1Y,1,0.9996900158029028
2023-06-26,2Y,2,0.9982635530083751
2023-06-26,3Y,3,0.9957517727343964
2023-06-26,4Y,4,0.9926336328456424
2023-06-26,5Y,5,0.9882298538191949
2023-06-26,7Y,7,0.9741317262108874
2023-06-26,10Y,10,0.9461700958244229
2023-06-26,15Y,15,0.8861469875071635
2023-06-26,20Y,20,0.8261488288853828
2023-06-26,25Y,25,0.7749213942769173
2023-06-26,30Y,30,0.7296206760023359
2023-06-27,1Y,1,0.9995251066756609
2023-06-27,2Y,2,0.9980390426705168
2023-06-27,3Y,3,0.9954082706562452
2023-06-27,4Y,4,0.9917135765965884
2023-06-27,5Y,5,0.9871428356759989
2023-06-27,7Y,7,0.9728599701652529
2023-06-27,10Y,10,0.9413074784212101
2023-06-27,15Y,15,0.8845998349320686
2023-06-27,20Y,20,0.8240274449583812
2023-06-27,25Y,25,0.7694672599023549
2023-06-27,30Y,30,0.7241946127191112
2023-06-28,1Y,1,0.9996450393161177
2023-06-28,2Y,2,0.9982411364338387
2023-06-28,3Y,3,0.9957418790733625
2023-06-28,4Y,4,0.9919031288021917
2023-06-28,5Y,5,0.9863292513287399
2023-06-28,7Y,7,0.9708693654046514
2023-06-28,10Y,10,0.940694401112401
2023-06-28,15Y,15,0.881177421838503
2023-06-28,20Y,20,0.8202296268658481
2023-06-28,25Y,25,0.7683574465805308
2023-06-28,30Y,30,0.7262725979401251
2023-06-29,1Y,1,0.9996250460477251
2023-06-29,2Y,2,0.9981862279673576
2023-06-29,3Y,3,0.9953626385914196
2023-06-29,4Y,4,0.9911953394848229
2023-06-29,5Y,5,0.9858120050707991
2023-06-29,7Y,7,0.970384624770128
2023-06-29,10Y,10,0.9394462766737718
2023-06-29,15Y,15,0.8804301898951471
2023-06-29,20Y,20,0.819204203584324
2023-06-29,25Y,25,0.765911291459823
2023-06-29,30Y,30,0.7209338897335864
2023-06-30,1Y,1,0.9993901903362499
2023-06-30,2Y,2,0.9976722890821563
2023-06-30,3Y,3,0.9947611744993967
2023-06-30,4Y,4,0.9908331388546053
2023-06-30,5Y,5,0.9855785555367769
2023-06-30,7Y,7,0.9700833966231711
2023-06-30,10Y,10,0.9388699302188458
2023-06-30,15Y,15,0.879268278610878
2023-06-30,20Y,20,0.8177188875376351
2023-06-30,25Y,25,0.7642398523560398
2023-06-30,30Y,30,0.7189215780581341
2023-07-01,1Y,1,0.9995750658368002
2023-07-01,2Y,2,0.9980339779900643
2023-07-01,3Y,3,0.9953683551799739
2023-07-01,4Y,4,0.9916986575959506
2023-07-01,5Y,5,0.9866350185572267
2023-07-01,7Y,7,0.9715095830384045
2023-07-01,10Y,10,0.9408123070991212
2023-07-01,15Y,15,0.8801331502960293
2023-07-01,20Y,20,0.8182993705189889
2023-07-01,25Y,25,0.7647403625227266
2023-07-01,30Y,30,0.7196842065285304
2023-07-02,1Y,1,0.99957007118095
2023-07-02,2Y,2,0.9980539629007786
2023-07-02,3Y,3,0.9954231717131153
2023-07-02,4Y,4,0.9917905986943181
2023-07-02,5Y,5,0.9867885879693054
2023-07-02,7Y,7,0.9717897118433911
2023-07-02,10Y,10,0.9411933471600773
2023-07-02,15Y,15,0.8807529037586964
2023-07-02,20Y,20,0.819083090798984
2023-07-02,25Y,25,0.7656267103262714
2023-07-02,30Y,30,0.7205548633476944
2023-07-03,1Y,1,0.9994001849274704
2023-07-03,2Y,2,0.9977147072892547
2023-07-03,3Y,3,0.9948457944442463
2023-07-03,4Y,4,0.9912636000329345
2023-07-03,5Y,5,0.9863005803989922
2023-07-03,7Y,7,0.9700529065646513
2023-07-03,10Y,10,0.9410967919163586
2023-07-03,15Y,15,0.8792146875145637
2023-07-03,20Y,20,0.8167385091383019
2023-07-03,25Y,25,0.7633657830192419
2023-07-03,30Y,30,0.7181382098902358
2023-07-04,1Y,1,0.9994501502813041
2023-07-04,2Y,2,0.9978294452717007
2023-07-04,3Y,3,0.9950249087699853
2023-07-04,4Y,4,0.9912026233326681
2023-07-04,5Y,5,0.9860774116329635
2023-07-04,7Y,7,0.97089859042343
2023-07-04,10Y,10,0.9401765338617403
2023-07-04,15Y,15,0.880452752130511
2023-07-04,20Y,20,0.8187032399487681
2023-07-04,25Y,25,0.765041356055513
2023-07-04,30Y,30,0.7194342700846272
2023-07-05,1Y,1,0.9996650330467405
2023-07-05,2Y,2,0.9982960481091071
2023-07-05,3Y,3,0.9958614858386676
2023-07-05,4Y,4,0.9924810516447067
2023-07-05,5Y,5,0.9877784067814571
2023-07-05,7Y,7,0.9734965955640811
2023-07-05,10Y,10,0.9439057691213288
2023-07-05,15Y,15,0.8840642125004337
2023-07-05,20Y,20,0.8230102499635267
2023-07-05,25Y,25,0.7701241706228015
2023-07-05,30Y,30,0.7256350894462624
2023-07-06,1Y,1,0.9994301267273441
2023-07-06,2Y,2,0.9977372223792735
2023-07-06,3Y,3,0.9948105248191272
2023-07-06,4Y,4,0.9905239910052728
2023-07-06,5Y,5,0.985023751389757
2023-07-06,7Y,7,0.9696066191523576
2023-07-06,10Y,10,0.938392124640318
2023-07-06,15Y,15,0.8783097641561936
2023-07-06,20Y,20,0.8167212391428216
2023-07-06,25Y,25,0.7636482493310951
2023-07-06,30Y,30,0.7191026465269095
2023-07-07,1Y,1,0.9992602880703076
2023-07-07,2Y,2,0.9972257760858014
2023-07-07,3Y,3,0.9938107460555299
2023-07-07,4Y,4,0.9893331473196044
2023-07-07,5Y,5,0.9835696861351717
2023-07-07,7Y,7,0.9671182130178477
2023-07-07,10Y,10,0.9343550682134829
2023-07-07,15Y,15,0.8722467042841653
2023-07-07,20Y,20,0.8090285102192301
2023-07-07,25Y,25,0.7547833447549518
2023-07-07,30Y,30,0.7092156034262739
2023-07-08,1Y,1,0.9992602880703076
2023-07-08,2Y,2,0.9972257760858014
2023-07-08,3Y,3,0.9938107460555299
2023-07-08,4Y,4,0.9893331473196044
2023-07-08,5Y,5,0.9835696861351717
2023-07-08,7Y,7,0.9671182130178477
2023-07-08,10Y,10,0.9343550682134829
2023-07-08,15Y,15,0.8722467042841653
2023-07-08,20Y,20,0.8090285102192301
2023-07-08,25Y,25,0.7547833447549518
2023-07-08,30Y,30,0.7092156034262739
2023-07-09,1Y,1,0.9994451274298117
2023-07-09,2Y,2,0.9975498371668707
2023-07-09,3Y,3,0.9942928487718228
2023-07-09,4Y,4,0.9899491813682529
2023-07-09,5Y,5,0.9846064961659462
2023-07-09,7Y,7,0.9685962326148555
2023-07-09,10Y,10,0.9375715961450718
2023-07-09,15Y,15,0.8762973073396224
2023-07-09,20Y,20,0.8115862685603017
2023-07-09,25Y,25,0.7567921642682437
2023-07-09,30Y,30,0.7169203335498902
2023-07-10,1Y,1,0.9992203247406483
2023-07-10,2Y,2,0.9971160693445473
2023-07-10,3Y,3,0.9935221246014183
2023-07-10,4Y,4,0.9890267500258193
2023-07-10,5Y,5,0.9831050769514704
2023-07-10,7Y,7,0.9647442892004741
2023-07-10,10Y,10,0.9305876832618877
2023-07-10,15Y,15,0.8669628582737952
2023-07-10,20Y,20,0.8013687392952261
2023-07-10,25Y,25,0.7467866502946331
2023-07-10,30Y,30,0.7013304448792645
2023-07-11,1Y,1,0.9993102390643239
2023-07-11,2Y,2,0.9972805468002527
2023-07-11,3Y,3,0.9937705627387385
2023-07-11,4Y,4,0.9889897226331313
2023-07-11,5Y,5,0.9826929536415641
2023-07-11,7Y,7,0.964886980403393
2023-07-11,10Y,10,0.9302867256058716
2023-07-11,15Y,15,0.8664007413022995
2023-07-11,20Y,20,0.8023790289362576
2023-07-11,25Y,25,0.7477242376093381
2023-07-11,30Y,30,0.7020186623488226
2023-07-12,1Y,1,0.9995350728019659
2023-07-12,2Y,2,0.9976919253152354
2023-07-12,3Y,3,0.9943270600251498
2023-07-12,4Y,4,0.9896025095557064
2023-07-12,5Y,5,0.9829327948254318
2023-07-12,7Y,7,0.9646319334030022
2023-07-12,10Y,10,0.9297473155127216
2023-07-12,15Y,15,0.8635173882572378
2023-07-12,20Y,20,0.7984781276750145
2023-07-12,25Y,25,0.7426710865831495
2023-07-12,30Y,30,0.6961988402597122
2023-07-13,1Y,1,0.9995001210886991
2023-07-13,2Y,2,0.9976444103380948
2023-07-13,3Y,3,0.9942775728399236
2023-07-13,4Y,4,0.9894804534535242
2023-07-13,5Y,5,0.9825718679559072
2023-07-13,7Y,7,0.9654729254686563
2023-07-13,10Y,10,0.9279308074543464
2023-07-13,15Y,15,0.8645945945910617
2023-07-13,20Y,20,0.7987458223755631
2023-07-13,25Y,25,0.74301429641637
2023-07-13,30Y,30,0.7001853341767535
2023-07-14,1Y,1,0.9993751834564615
2023-07-14,2Y,2,0.9973502476395223
2023-07-14,3Y,3,0.9936355205137565
2023-07-14,4Y,4,0.9884105641498167
2023-07-14,5Y,5,0.9815403550132933
2023-07-14,7Y,7,0.9623732465216914
2023-07-14,10Y,10,0.926159049764793
2023-07-14,15Y,15,0.8599514996283208
2023-07-14,20Y,20,0.7939224260266122
2023-07-14,25Y,25,0.7373546753159314
2023-07-14,30Y,30,0.6897876975361051
2023-07-16,1Y,1,0.9993751834564615
2023-07-16,2Y,2,0.9973502476395223
2023-07-16,3Y,3,0.9936355205137565
2023-07-16,4Y,4,0.9884105641498167
2023-07-16,5Y,5,0.9815403550132933
2023-07-16,7Y,7,0.9623732465216914
2023-07-16,10Y,10,0.926159049764793
2023-07-16,15Y,15,0.8599514996283208
2023-07-16,20Y,20,0.7939224260266122
2023-07-16,25Y,25,0.7373546753159314
2023-07-16,30Y,30,0.6897876975361051
2023-07-17,1Y,1,0.9993751834564615
2023-07-17,2Y,2,0.9973502476395223
2023-07-17,3Y,3,0.9936355205137565
2023-07-17,4Y,4,0.9886346713221456
2023-07-17,5Y,5,0.9822681582672863
2023-07-17,7Y,7,0.9636291073172344
2023-07-17,10Y,10,0.9262419162444363
2023-07-17,15Y,15,0.8602609334971008
2023-07-17,20Y,20,0.7937008572207191
2023-07-17,25Y,25,0.7372866551857896
2023-07-17,30Y,30,0.6897235781462709
2023-07-18,1Y,1,0.9994751123921354
2023-07-18,2Y,2,0.9976021701339409
2023-07-18,3Y,3,0.9940680574417988
2023-07-18,4Y,4,0.9889920841194305
2023-07-18,5Y,5,0.9823132077866152
2023-07-18,7Y,7,0.9636883484821844
2023-07-18,10Y,10,0.9279209978234493
2023-07-18,15Y,15,0.8611889505528719
2023-07-18,20Y,20,0.7941388361833531
2023-07-18,25Y,25,0.7364044836142846
2023-07-18,30Y,30,0.6876129787100175
2023-07-19,1Y,1,0.9995950469001778
2023-07-19,2Y,2,0.9978715870894677
2023-07-19,3Y,3,0.9946854207956847
2023-07-19,4Y,4,0.9897689005270519
2023-07-19,5Y,5,0.9827469984455319
2023-07-19,7Y,7,0.9660581128871004
2023-07-19,10Y,10,0.9321122887225909
2023-07-19,15Y,15,0.864521494550821
2023-07-19,20Y,20,0.7972170880104734
2023-07-19,25Y,25,0.7375309436160107
2023-07-19,30Y,30,0.688870943054338
2023-07-20,1Y,1,0.9994901254422746
2023-07-20,2Y,2,0.9978193283318749
2023-07-20,3Y,3,0.9943562117474051
2023-07-20,4Y,4,0.9895132243426359
2023-07-20,5Y,5,0.9831858938652649
2023-07-20,7Y,7,0.9651907529438631
2023-07-20,10Y,10,0.9284842957944812
2023-07-20,15Y,15,0.8622645249910595
2023-07-20,20Y,20,0.7951407180713209
2023-07-20,25Y,25,0.7373761905591008
2023-07-20,30Y,30,0.688834776595954
2023-07-21,1Y,1,0.9994701256472874
2023-07-21,2Y,2,0.99770454777162
2023-07-21,3Y,3,0.9945764616791783
2023-07-21,4Y,4,0.9902635880152808
2023-07-21,5Y,5,0.9845335022917622
2023-07-21,7Y,7,0.9683525463237753
2023-07-21,10Y,10,0.9360596577921785
2023-07-21,15Y,15,0.8729547523286947
2023-07-21,20Y,20,0.8085303011169193
2023-07-21,25Y,25,0.7532966505779518
2023-07-21,30Y,30,0.7068621740080069
2023-07-23,1Y,1,0.9996250374337293
2023-07-23,2Y,2,0.998021381187417
2023-07-23,3Y,3,0.9951238814162505
2023-07-23,4Y,4,0.9910744078672309
2023-07-23,5Y,5,0.9855548497943369
2023-07-23,7Y,7,0.9695458914637048
2023-07-23,10Y,10,0.9375961770003364
2023-07-23,15Y,15,0.8736206580326695
2023-07-23,20Y,20,0.8094216608103827
2023-07-23,25Y,25,0.7542097102386727
2023-07-23,30Y,30,0.7078537681097865
2023-07-24,1Y,1,0.9995750464820053
2023-07-24,2Y,2,0.9977567832233056
2023-07-24,3Y,3,0.9945362818736839
2023-07-24,4Y,4,0.9901214763763754
2023-07-24,5Y,5,0.9846835045767808
2023-07-24,7Y,7,0.9679645757982085
2023-07-24,10Y,10,0.9377385826065787
2023-07-24,15Y,15,0.8716682000347801
2023-07-24,20Y,20,0.80626961614003
2023-07-24,25Y,25,0.7510832035095862
2023-07-24,30Y,30,0.7043484191073077
2023-07-25,1Y,1,0.9995900735502443
2023-07-25,2Y,2,0.9981013139899401
2023-07-25,3Y,3,0.9949886879076855
2023-07-25,4Y,4,0.9905773290489666
2023-07-25,5Y,5,0.9851452985002808
2023-07-25,7Y,7,0.9679436444301851
2023-07-25,10Y,10,0.9363821578932338
2023-07-25,15Y,15,0.8702170741722758
2023-07-25,20Y,20,0.8046280864680031
2023-07-25,25Y,25,0.7485186557746324
2023-07-25,30Y,30,0.7029499925073176
2023-07-26,1Y,1,0.9996900127131733
2023-07-26,2Y,2,0.9981061583589593
2023-07-26,3Y,3,0.9951684512878254
2023-07-26,4Y,4,0.9910689665182014
2023-07-26,5Y,5,0.9855145761411589
2023-07-26,7Y,7,0.969446731712654
2023-07-26,10Y,10,0.9373201534664327
2023-07-26,15Y,15,0.8735760652786244
2023-07-26,20Y,20,0.8092275621907373
2023-07-26,25Y,25,0.7520027901401916
2023-07-26,30Y,30,0.7011671944571017
2023-07-27,1Y,1,0.9995000958814937
2023-07-27,2Y,2,0.9976895208849044
2023-07-27,3Y,3,0.9944867136662844
2023-07-27,4Y,4,0.9900747663751607
2023-07-27,5Y,5,0.9842019016410007
2023-07-27,7Y,7,0.9675170350179308
2023-07-27,10Y,10,0.9346567579660904
2023-07-27,15Y,15,0.8716664655388434
2023-07-27,20Y,20,0.8072897060769937
2023-07-27,25Y,25,0.7515673426006645
2023-07-27,30Y,30,0.7044188173859566
2023-07-28,1Y,1,0.9993701756858944
2023-07-28,2Y,2,0.99726540834772
2023-07-28,3Y,3,0.9934414900321624
2023-07-28,4Y,4,0.9880461527370689
2023-07-28,5Y,5,0.9809335971978632
2023-07-28,7Y,7,0.9612244402819168
2023-07-28,10Y,10,0.9237731025748155
2023-07-28,15Y,15,0.8558235192945566
2023-07-28,20Y,20,0.7875425153111162
2023-07-28,25Y,25,0.7294951535057116
2023-07-28,30Y,30,0.6811488188967879
2023-07-29,1Y,1,0.9993701756858944
2023-07-29,2Y,2,0.99726540834772
2023-07-29,3Y,3,0.9934414900321624
2023-07-29,4Y,4,0.9880461527370689
2023-07-29,5Y,5,0.9809335971978632
2023-07-29,7Y,7,0.9612244402819168
2023-07-29,10Y,10,0.9237731025748155
2023-07-29,15Y,15,0.8558235192945566
2023-07-29,20Y,20,0.7875425153111162
2023-07-29,25Y,25,0.7294951535057116
2023-07-29,30Y,30,0.6811488188967879
2023-07-30,1Y,1,0.9995050763607477
2023-07-30,2Y,2,0.9974897593217502
2023-07-30,3Y,3,0.9938043177346684
2023-07-30,4Y,4,0.9886103292468358
2023-07-30,5Y,5,0.9816266891467958
2023-07-30,7Y,7,0.9619403175806334
2023-07-30,10Y,10,0.92480788469726
2023-07-30,15Y,15,0.8565418895500858
2023-07-30,20Y,20,0.7896901428222088
2023-07-30,25Y,25,0.7305509595251847
2023-07-30,30Y,30,0.681062929700263
2023-07-31,1Y,1,0.9993302189728845
2023-07-31,2Y,2,0.9972380341340511
2023-07-31,3Y,3,0.9934366834614546
2023-07-31,4Y,4,0.9880587910221604
2023-07-31,5Y,5,0.9808989460644121
2023-07-31,7Y,7,0.9610176405986248
2023-07-31,10Y,10,0.9233198688101462
2023-07-31,15Y,15,0.8514408067722264
2023-07-31,20Y,20,0.7803696631369742
2023-07-31,25Y,25,0.7200109291302315
2023-07-31,30Y,30,0.6696837733732173
2023-08-01,1Y,1,0.9994051274395088
2023-08-01,2Y,2,0.9969906591078227
2023-08-01,3Y,3,0.9925507641378836
2023-08-01,4Y,4,0.9865853071702486
2023-08-01,5Y,5,0.9789895463345684
2023-08-01,7Y,7,0.9584682493311667
2023-08-01,10Y,10,0.9197549958818563
2023-08-01,15Y,15,0.8458745831745689
2023-08-01,20Y,20,0.7719730700357555
2023-08-01,25Y,25,0.7092457752563265
2023-08-01,30Y,30,0.6572093148181631
2023-08-02,1Y,1,0.9991603690261921
2023-08-02,2Y,2,0.9968092879384828
2023-08-02,3Y,3,0.9927312895831003
2023-08-02,4Y,4,0.9865370567966266
2023-08-02,5Y,5,0.9779310155140682
2023-08-02,7Y,7,0.9591736072871987
2023-08-02,10Y,10,0.921501622827748
2023-08-02,15Y,15,0.8452779790762157
2023-08-02,20Y,20,0.7700003655670785
2023-08-02,25Y,25,0.7043446328828065
2023-08-02,30Y,30,0.6520460678048235
2023-08-03,1Y,1,0.9989804807376306
2023-08-03,2Y,2,0.9961589843992178
2023-08-03,3Y,3,0.9914148662730664
2023-08-03,4Y,4,0.9852206525498771
2023-08-03,5Y,5,0.9779150718582282
2023-08-03,7Y,7,0.9577030145924724
2023-08-03,10Y,10,0.9191801338265934
2023-08-03,15Y,15,0.8412737821174305
2023-08-03,20Y,20,0.7655233296513416
2023-08-03,25Y,25,0.7025550252993469
2023-08-03,30Y,30,0.6539498127012122
2023-08-04,1Y,1,0.9989655643812384
2023-08-04,2Y,2,0.996136376655377
2023-08-04,3Y,3,0.9913656027738875
2023-08-04,4Y,4,0.9850544029562255
2023-08-04,5Y,5,0.977094971295389
2023-08-04,7Y,7,0.9559083367659944
2023-08-04,10Y,10,0.916522068630632
2023-08-04,15Y,15,0.8405290814609495
2023-08-04,20Y,20,0.7645060643433852
2023-08-04,25Y,25,0.7002181155540861
2023-08-04,30Y,30,0.6469183397520971
2023-08-06,1Y,1,0.9991802975347758
2023-08-06,2Y,2,0.9965947119150567
2023-08-06,3Y,3,0.9922442031702692
2023-08-06,4Y,4,0.9864745677862533
2023-08-06,5Y,5,0.9790634438416299
2023-08-06,7Y,7,0.9589187536552098
2023-08-06,10Y,10,0.9207593845603237
2023-08-06,15Y,15,0.845243227658586
2023-08-06,20Y,20,0.7700155212875456
2023-08-06,25Y,25,0.7063069028747277
2023-08-06,30Y,30,0.6533873775804959
2023-08-07,1Y,1,0.9992602338332847
2023-08-07,2Y,2,0.9967840569509676
2023-08-07,3Y,3,0.9924622765395853
2023-08-07,4Y,4,0.9862133436463876
2023-08-07,5Y,5,0.9782967232785054
2023-08-07,7Y,7,0.9580088433613553
2023-08-07,10Y,10,0.9199415886198131
2023-08-07,15Y,15,0.8429674071322744
2023-08-07,20Y,20,0.7670089890441406
2023-08-07,25Y,25,0.6991869099845228
2023-08-07,30Y,30,0.6441808439214788
2023-08-08,1Y,1,0.9992952075386581
2023-08-08,2Y,2,0.9968538024478482
2023-08-08,3Y,3,0.9925465865780122
2023-08-08,4Y,4,0.9867475292138614
2023-08-08,5Y,5,0.979326438937767
2023-08-08,7Y,7,0.9593162210818535
2023-08-08,10Y,10,0.9217177380517001
2023-08-08,15Y,15,0.8481493931677402
2023-08-08,20Y,20,0.7751858501636278
2023-08-08,25Y,25,0.7129460343855116
2023-08-08,30Y,30,0.6610948332413513
2023-08-09,1Y,1,0.9992951831493874
2023-08-09,2Y,2,0.9967115905951303
2023-08-09,3Y,3,0.9921736626753824
2023-08-09,4Y,4,0.9861066956170237
2023-08-09,5Y,5,0.978495981793892
2023-08-09,7Y,7,0.9583243400721129
2023-08-09,10Y,10,0.9202357285123272
2023-08-09,15Y,15,0.8490004013978535
2023-08-09,20Y,20,0.7774398922966101
2023-08-09,25Y,25,0.7156148998563739
2023-08-09,30Y,30,0.6635406556670973
2023-08-10,1Y,1,0.9992252318064222
2023-08-10,2Y,2,0.9965197118286091
2023-08-10,3Y,3,0.9918709634864477
2023-08-10,4Y,4,0.9856746376357035
2023-08-10,5Y,5,0.9778427912126123
2023-08-10,7Y,7,0.9571703773188113
2023-08-10,10Y,10,0.9186432199527461
2023-08-10,15Y,15,0.8459742261128447
2023-08-10,20Y,20,0.7730915429047436
2023-08-10,25Y,25,0.710305667882466
2023-08-10,30Y,30,0.6574483553756745
2023-08-11,1Y,1,0.999405137857871
2023-08-11,2Y,2,0.9968781887314578
2023-08-11,3Y,3,0.992048136110533
2023-08-11,4Y,4,0.9856722077324717
2023-08-11,5Y,5,0.978791672168511
2023-08-11,7Y,7,0.9594121087679013
2023-08-11,10Y,10,0.9252360384987736
2023-08-11,15Y,15,0.8547922146813874
2023-08-11,20Y,20,0.7797389448875526
2023-08-11,25Y,25,0.7159996446931146
2023-08-11,30Y,30,0.6730646042036382
2023-08-13,1Y,1,0.9993202024121381
2023-08-13,2Y,2,0.9968810817226323
2023-08-13,3Y,3,0.9924069140557954
2023-08-13,4Y,4,0.986375598068873
2023-08-13,5Y,5,0.9790326614968679
2023-08-13,7Y,7,0.9588877906514255
2023-08-13,10Y,10,0.9218148763810632
2023-08-13,15Y,15,0.8497613247897482
2023-08-13,20Y,20,0.7753722850534257
2023-08-13,25Y,25,0.7123093190192842
2023-08-13,30Y,30,0.6647389072850447
2023-08-14,1Y,1,0.9991503733189241
2023-08-14,2Y,2,0.9964298646921751
2023-08-14,3Y,3,0.9914084396094807
2023-08-14,4Y,4,0.984725095733688
2023-08-14,5Y,5,0.9764716842012474
2023-08-14,7Y,7,0.9549489366106563
2023-08-14,10Y,10,0.9153873394423495
2023-08-14,15Y,15,0.8408992218535448
2023-08-14,20Y,20,0.7682371895321523
2023-08-14,25Y,25,0.7058243192036746
2023-08-14,30Y,30,0.6487276255290454
2023-08-15,1Y,1,0.99911032372145
2023-08-15,2Y,2,0.9962981637850891
2023-08-15,3Y,3,0.9914139204120784
2023-08-15,4Y,4,0.9846234751084298
2023-08-15,5Y,5,0.9766131682952912
2023-08-15,7Y,7,0.955939880577384
2023-08-15,10Y,10,0.914857299581374
2023-08-15,15Y,15,0.8419336810932367
2023-08-15,20Y,20,0.7642086322590488
2023-08-15,25Y,25,0.6987030392995449
2023-08-15,30Y,30,0.6451192633116625
2023-08-16,1Y,1,0.9992052642480369
2023-08-16,2Y,2,0.9965247354559741
2023-08-16,3Y,3,0.9919008613697564
2023-08-16,4Y,4,0.985763970982454
2023-08-16,5Y,5,0.9780202718202399
2023-08-16,7Y,7,0.9575038339928812
2023-08-16,10Y,10,0.9190904727434448
2023-08-16,15Y,15,0.8442466458996513
2023-08-16,20Y,20,0.7697094765283907
2023-08-16,25Y,25,0.7051644396819563
2023-08-16,30Y,30,0.6495821502890112
2023-08-17,1Y,1,0.9991253392396275
2023-08-17,2Y,2,0.9962904780033471
2023-08-17,3Y,3,0.991424232898421
2023-08-17,4Y,4,0.9850107393354973
2023-08-17,5Y,5,0.976458821923248
2023-08-17,7Y,7,0.9546390074214586
2023-08-17,10Y,10,0.9132731283933537
2023-08-17,15Y,15,0.8366795262104898
2023-08-17,20Y,20,0.7590161332261149
2023-08-17,25Y,25,0.6927260134814998
2023-08-17,30Y,30,0.632176393327987
2023-08-18,1Y,1,0.9991702938160618
2023-08-18,2Y,2,0.9962378185350999
2023-08-18,3Y,3,0.9910461194332695
2023-08-18,4Y,4,0.9843458131039505
2023-08-18,5Y,5,0.97620498419418
2023-08-18,7Y,7,0.9549661085143537
2023-08-18,10Y,10,0.9155944274147639
2023-08-18,15Y,15,0.8392446272540965
2023-08-18,20Y,20,0.762127482804203
2023-08-18,25Y,25,0.6963599284544965
2023-08-18,30Y,30,0.6415190116866476
2023-08-20,1Y,1,0.999165297152779
2023-08-20,2Y,2,0.9963851479454869
2023-08-20,3Y,3,0.9916327963816369
2023-08-20,4Y,4,0.9854260754376247
2023-08-20,5Y,5,0.9776433470082234
2023-08-20,7Y,7,0.9570126281492859
2023-08-20,10Y,10,0.9184145723977539
2023-08-20,15Y,15,0.8415174701022226
2023-08-20,20Y,20,0.7647048816962347
2023-08-20,25Y,25,0.6991678637443213
2023-08-20,30Y,30,0.6445628283387607
2023-08-21,1Y,1,0.9990204144902803
2023-08-21,2Y,2,0.9958868477627645
2023-08-21,3Y,3,0.9906452676711718
2023-08-21,4Y,4,0.9838513400602883
2023-08-21,5Y,5,0.9759765749101802
2023-08-21,7Y,7,0.9552403274105942
2023-08-21,10Y,10,0.912838333761346
2023-08-21,15Y,15,0.8343394275227918
2023-08-21,20Y,20,0.7555446088574017
2023-08-21,25Y,25,0.6887920153275452
2023-08-21,30Y,30,0.6334579570194201
2023-08-22,1Y,1,0.9990354027123991
2023-08-22,2Y,2,0.9959316672075611
2023-08-22,3Y,3,0.9906897382918254
2023-08-22,4Y,4,0.9838657363401362
2023-08-22,5Y,5,0.9759463107316466
2023-08-22,7Y,7,0.9538588818750918
2023-08-22,10Y,10,0.9135008276880645
2023-08-22,15Y,15,0.8345229530108433
2023-08-22,20Y,20,0.7556828080123165
2023-08-22,25Y,25,0.6892967765482939
2023-08-22,30Y,30,0.6343832531934013
2023-08-23,1Y,1,0.9991353284932023
2023-08-23,2Y,2,0.9963104000944277
2023-08-23,3Y,3,0.9914240761342079
2023-08-23,4Y,4,0.984990860704311
2023-08-23,5Y,5,0.9769997061224804
2023-08-23,7Y,7,0.9559180661413088
2023-08-23,10Y,10,0.9163505677303977
2023-08-23,15Y,15,0.8375990265054444
2023-08-23,20Y,20,0.7592569811296946
2023-08-23,25Y,25,0.6927185980096013
2023-08-23,30Y,30,0.637422038539805
2023-08-24,1Y,1,0.9990403907191111
2023-08-24,2Y,2,0.9961961979263648
2023-08-24,3Y,3,0.9912002415950721
2023-08-24,4Y,4,0.9840894557564425
2023-08-24,5Y,5,0.9762191456149162
2023-08-24,7Y,7,0.9546648122853334
2023-08-24,10Y,10,0.9142467646642984
2023-08-24,15Y,15,0.8347601260223934
2023-08-24,20Y,20,0.755612872950419
2023-08-24,25Y,25,0.6887575030004999
2023-08-24,30Y,30,0.633128547455124
2023-08-25,1Y,1,0.9990653717757297
2023-08-25,2Y,2,0.9960063704687747
2023-08-25,3Y,3,0.9907987158235644
2023-08-25,4Y,4,0.9840408518202336
2023-08-25,5Y,5,0.9758195212303321
2023-08-25,7Y,7,0.9543131164786429
2023-08-25,10Y,10,0.9139156430620085
2023-08-25,15Y,15,0.8359370298011747
2023-08-25,20Y,20,0.7578506658289457
2023-08-25,25Y,25,0.6912699413107407
2023-08-25,30Y,30,0.6355882587801753
2023-08-27,1Y,1,0.9991603075867072
2023-08-27,2Y,2,0.9963901407668329
2023-08-27,3Y,3,0.9915779469831989
2023-08-27,4Y,4,0.9852328281941723
2023-08-27,5Y,5,0.9773630310016742
2023-08-27,7Y,7,0.9565083555143638
2023-08-27,10Y,10,0.9169971672742628
2023-08-27,15Y,15,0.8384981079488211
2023-08-27,20Y,20,0.7606355580855448
2023-08-27,25Y,25,0.6944053107395486
2023-08-27,30Y,30,0.6392330699511528
2023-08-28,1Y,1,0.9991653006764316
2023-08-28,2Y,2,0.9964001107795377
2023-08-28,3Y,3,0.9916227160869245
2023-08-28,4Y,4,0.9853367449629169
2023-08-28,5Y,5,0.9774955703613754
2023-08-28,7Y,7,0.9566526305474446
2023-08-28,10Y,10,0.9172773905649053
2023-08-28,15Y,15,0.8389918326388709
2023-08-28,20Y,20,0.7612886217029524
2023-08-28,25Y,25,0.6951360498742579
2023-08-28,30Y,30,0.640037585071254
2023-08-29,1Y,1,0.9991802906566781
2023-08-29,2Y,2,0.9964524429659938
2023-08-29,3Y,3,0.9917120343819402
2023-08-29,4Y,4,0.9851069138829203
2023-08-29,5Y,5,0.9769532228123021
2023-08-29,7Y,7,0.9568987642505782
2023-08-29,10Y,10,0.9152204984936436
2023-08-29,15Y,15,0.839248574431683
2023-08-29,20Y,20,0.7604013873649265
2023-08-29,25Y,25,0.6936007866002839
2023-08-29,30Y,30,0.6357018841545102
2023-08-30,1Y,1,0.9991603075867072
2023-08-30,2Y,2,0.9963976300575803
2023-08-30,3Y,3,0.9916227361517368
2023-08-30,4Y,4,0.9853367731744894
2023-08-30,5Y,5,0.9775104881083094
2023-08-30,7Y,7,0.9567011108446312
2023-08-30,10Y,10,0.917090985063015
2023-08-30,15Y,15,0.8383995144861226
2023-08-30,20Y,20,0.7601764699551589
2023-08-30,25Y,25,0.6935716064441255
2023-08-30,30Y,30,0.638111894484133
2023-08-31,1Y,1,0.9991653076859371
2023-08-31,2Y,2,0.9962652625240169
2023-08-31,3Y,3,0.9911256330810901
2023-08-31,4Y,4,0.9844767190497699
2023-08-31,5Y,5,0.9763469100870473
2023-08-31,7Y,7,0.9549194298657981
2023-08-31,10Y,10,0.9145401837664373
2023-08-31,15Y,15,0.8368892044085798
2023-08-31,20Y,20,0.7589606598453514
2023-08-31,25Y,25,0.6922079998330434
2023-08-31,30Y,30,0.6364919742557454
2023-09-01,1Y,1,0.9992002775588414
2023-09-01,2Y,2,0.9963124937060613
2023-09-01,3Y,3,0.9911452441115118
2023-09-01,4Y,4,0.9845260186461228
2023-09-01,5Y,5,0.9765043491853139
2023-09-01,7Y,7,0.9554246554256609
2023-09-01,10Y,10,0.9156633500839875
2023-09-01,15Y,15,0.8388570491556531
2023-09-01,20Y,20,0.7617026106848007
2023-09-01,25Y,25,0.6955060015373321
2023-09-01,30Y,30,0.6401617506847781
2023-09-03,1Y,1,0.9991953074897854
2023-09-03,2Y,2,0.9965196281349299
2023-09-03,3Y,3,0.9916917361183153
2023-09-03,4Y,4,0.9853360027505372
2023-09-03,5Y,5,0.9775094900974172
2023-09-03,7Y,7,0.9567594684695978
2023-09-03,10Y,10,0.9172731648982455
2023-09-03,15Y,15,0.8393564320630899
2023-09-03,20Y,20,0.7620259515322343
2023-09-03,25Y,25,0.6958643383617302
2023-09-03,30Y,30,0.64062371046048
2023-09-04,1Y,1,0.9989405881505682
2023-09-04,2Y,2,0.9959892983512614
2023-09-04,3Y,3,0.9909483387620907
2023-09-04,4Y,4,0.9843406549396322
2023-09-04,5Y,5,0.9762226171669658
2023-09-04,7Y,7,0.9548628613598296
2023-09-04,10Y,10,0.9146396153503864
2023-09-04,15Y,15,0.8370950533797081
2023-09-04,20Y,20,0.7593595939198249
2023-09-04,25Y,25,0.692990161515692
2023-09-04,30Y,30,0.6376030902952241
2023-09-05,1Y,1,0.9990653796613823
2023-09-05,2Y,2,0.9960288001850851
2023-09-05,3Y,3,0.990853349077973
2023-09-05,4Y,4,0.9841073397858024
2023-09-05,5Y,5,0.9758037010728123
2023-09-05,7Y,7,0.9540685959317099
2023-09-05,10Y,10,0.9132910765253969
2023-09-05,15Y,15,0.8350014584454245
2023-09-05,20Y,20,0.756548291062907
2023-09-05,25Y,25,0.6897691034135661
2023-09-05,30Y,30,0.634226291448303
2023-09-06,1Y,1,0.9991752974451429
2023-09-06,2Y,2,0.9964424724092256
2023-09-06,3Y,3,0.9916871997179255
2023-09-06,4Y,4,0.9854032071134402
2023-09-06,5Y,5,0.9775539868596812
2023-09-06,7Y,7,0.9566418311328696
2023-09-06,10Y,10,0.9166296887597896
2023-09-06,15Y,15,0.836920189550349
2023-09-06,20Y,20,0.7586781936312966
2023-09-06,25Y,25,0.6908791107816319
2023-09-06,30Y,30,0.6359130150393412
2023-09-07,1Y,1,0.9991852873541646
2023-09-07,2Y,2,0.9964399287206385
2023-09-07,3Y,3,0.9913432788234093
2023-09-07,4Y,4,0.9847059684556372
2023-09-07,5Y,5,0.9771005710544118
2023-09-07,7Y,7,0.9554190599524625
2023-09-07,10Y,10,0.9163795577647462
2023-09-07,15Y,15,0.8365912609337787
2023-09-07,20Y,20,0.7588772853351298
2023-09-07,25Y,25,0.6918131191888224
2023-09-07,30Y,30,0.6347002991793278
2023-09-08,1Y,1,0.9989605609226732
2023-09-08,2Y,2,0.9960066657282237
2023-09-08,3Y,3,0.9909233156779762
2023-09-08,4Y,4,0.984281190827838
2023-09-08,5Y,5,0.9761339189822356
2023-09-08,7Y,7,0.9546777178269997
2023-09-08,10Y,10,0.9142255030806893
2023-09-08,15Y,15,0.8357743949435543
2023-09-08,20Y,20,0.7571101986358179
2023-09-08,25Y,25,0.6900906553023887
2023-09-08,30Y,30,0.6342605495043032
2023-09-10,1Y,1,0.9988956708382756
2023-09-10,2Y,2,0.9959520206305765
2023-09-10,3Y,3,0.9908590027224098
2023-09-10,4Y,4,0.984033813868986
2023-09-10,5Y,5,0.9758209063106486
2023-09-10,7Y,7,0.9540555169879243
2023-09-10,10Y,10,0.9138048254495402
2023-09-10,15Y,15,0.8345906563885219
2023-09-10,20Y,20,0.7533892611368069
2023-09-10,25Y,25,0.6852694573941006
2023-09-10,30Y,30,0.633867079727402
2023-09-11,1Y,1,0.9987408350291787
2023-09-11,2Y,2,0.9951796985637494
2023-09-11,3Y,3,0.989247705132802
2023-09-11,4Y,4,0.9822940221819061
2023-09-11,5Y,5,0.9739917207688988
2023-09-11,7Y,7,0.9509701390481833
2023-09-11,10Y,10,0.909346835014851
2023-09-11,15Y,15,0.8292172130826935
2023-09-11,20Y,20,0.7492102994634279
2023-09-11,25Y,25,0.6813039133656535
2023-09-11,30Y,30,0.6247940984597283
2023-09-12,1Y,1,0.9986809257533025
2023-09-12,2Y,2,0.9950004973856929
2023-09-12,3Y,3,0.9889010637498638
2023-09-12,4Y,4,0.9814177349996532
2023-09-12,5Y,5,0.9726512371332235
2023-09-12,7Y,7,0.9502758806409651
2023-09-12,10Y,10,0.908375468636219
2023-09-12,15Y,15,0.8278343863417442
2023-09-12,20Y,20,0.7477337826339121
2023-09-12,25Y,25,0.6799390409877082
2023-09-12,30Y,30,0.6238218204067039
2023-09-13,1Y,1,0.9985910813561845
2023-09-13,2Y,2,0.9950310079684728
2023-09-13,3Y,3,0.9893682895562318
2023-09-13,4Y,4,0.9822837446689555
2023-09-13,5Y,5,0.9737822167254548
2023-09-13,7Y,7,0.9520482480011778
2023-09-13,10Y,10,0.9114908604371944
2023-09-13,15Y,15,0.8318663710797287
2023-09-13,20Y,20,0.7532446923308413
2023-09-13,25Y,25,0.6868462629099491
2023-09-13,30Y,30,0.6320813717918529
2023-09-14,1Y,1,0.9985910704454828
2023-09-14,2Y,2,0.9949786717026868
2023-09-14,3Y,3,0.988886017066477
2023-09-14,4Y,4,0.98096262502845
2023-09-14,5Y,5,0.9723418305285952
2023-09-14,7Y,7,0.9504752198404698
2023-09-14,10Y,10,0.9074330188520424
2023-09-14,15Y,15,0.8278809958577544
2023-09-14,20Y,20,0.7486391336125023
2023-09-14,25Y,25,0.6814998811841682
2023-09-14,30Y,30,0.6258130400858395
2023-09-15,1Y,1,0.9983416101110596
2023-09-15,2Y,2,0.9945188538257098
2023-09-15,3Y,3,0.9884677891240813
2023-09-15,4Y,4,0.9809193057972189
2023-09-15,5Y,5,0.9720410701418905
2023-09-15,7Y,7,0.9497811608929436
2023-09-15,10Y,10,0.9083389676827275
2023-09-15,15Y,15,0.8294328107471017
2023-09-15,20Y,20,0.7508963143355144
2023-09-15,25Y,25,0.6843544240065254
2023-09-15,30Y,30,0.6291396001622057
2023-09-17,1Y,1,0.9983416101110596
2023-09-17,2Y,2,0.9945188538257098
2023-09-17,3Y,3,0.9884677891240813
2023-09-17,4Y,4,0.9809193057972189
2023-09-17,5Y,5,0.9720410701418905
2023-09-17,7Y,7,0.9497811608929436
2023-09-17,10Y,10,0.9083389676827275
2023-09-17,15Y,15,0.8294328107471017
2023-09-17,20Y,20,0.7508963143355144
2023-09-17,25Y,25,0.6843544240065254
2023-09-17,30Y,30,0.6291396001622057
2023-09-18,1Y,1,0.998670932661019
2023-09-18,2Y,2,0.9948983256318495
2023-09-18,3Y,3,0.9886085277421094
2023-09-18,4Y,4,0.9813615970127108
2023-09-18,5Y,5,0.9734380091376417
2023-09-18,7Y,7,0.9514824505506343
2023-09-18,10Y,10,0.9092905109125478
2023-09-18,15Y,15,0.8304460013265331
2023-09-18,20Y,20,0.7502406710453897
2023-09-18,25Y,25,0.6841865941573455
2023-09-18,30Y,30,0.6289841162543872
2023-09-19,1Y,1,0.9985011610492203
2023-09-19,2Y,2,0.9945381271352162
2023-09-19,3Y,3,0.9886763292064127
2023-09-19,4Y,4,0.9818573612842452
2023-09-19,5Y,5,0.9735200513904475
2023-09-19,7Y,7,0.9496118296329665
2023-09-19,10Y,10,0.9073639374660456
2023-09-19,15Y,15,0.8276747628758183
2023-09-19,20Y,20,0.748232081319127
2023-09-19,25Y,25,0.6810567939622922
2023-09-19,30Y,30,0.6252062605670968
2023-09-20,1Y,1,0.9986609447994054
2023-09-20,2Y,2,0.9948859407032737
2023-09-20,3Y,3,0.9888921984568787
2023-09-20,4Y,4,0.9818094364914534
2023-09-20,5Y,5,0.9733539920373306
2023-09-20,7Y,7,0.9505648222789758
2023-09-20,10Y,10,0.909046147567698
2023-09-20,15Y,15,0.8295548002433834
2023-09-20,20Y,20,0.7507139505491477
2023-09-20,25Y,25,0.6839468935241175
2023-09-20,30Y,30,0.6283369327205122
2023-09-21,1Y,1,0.9985810724392724
2023-09-21,2Y,2,0.9948391296690977
2023-09-21,3Y,3,0.9883798749458401
2023-09-21,4Y,4,0.9803960619505364
2023-09-21,5Y,5,0.9718755751521119
2023-09-21,7Y,7,0.9493219424210112
2023-09-21,10Y,10,0.9096871833896641
2023-09-21,15Y,15,0.8268651957689868
2023-09-21,20Y,20,0.7465098839765056
2023-09-21,25Y,25,0.6800295404828135
2023-09-21,30Y,30,0.6244660507499146
2023-09-22,1Y,1,0.9982667660058666
2023-09-22,2Y,2,0.9943025203001535
2023-09-22,3Y,3,0.9880223902510549
2023-09-22,4Y,4,0.980184091710452
2023-09-22,5Y,5,0.9710212066966313
2023-09-22,7Y,7,0.9485137870821642
2023-09-22,10Y,10,0.9077614538647557
2023-09-22,15Y,15,0.8288333020578439
2023-09-22,20Y,20,0.7501947166182763
2023-09-22,25Y,25,0.6833798558266311
2023-09-22,30Y,30,0.6275201633565196
2023-09-23,1Y,1,0.9986160057873326
2023-09-23,2Y,2,0.9949237159859284
2023-09-23,3Y,3,0.9889513476551406
2023-09-23,4Y,4,0.9814647737213205
2023-09-23,5Y,5,0.9726418387428571
2023-09-23,7Y,7,0.9508711525300143
2023-09-23,10Y,10,0.9109262465482315
2023-09-23,15Y,15,0.8314465689548505
2023-09-23,20Y,20,0.7527052007203056
2023-09-23,25Y,25,0.6858799974670614
2023-09-23,30Y,30,0.6304247732097868
2023-09-24,1Y,1,0.99860602385221
2023-09-24,2Y,2,0.9949038259731204
2023-09-24,3Y,3,0.9889316354924381
2023-09-24,4Y,4,0.9814452074770483
2023-09-24,5Y,5,0.9728846058359002
2023-09-24,7Y,7,0.9502724087112464
2023-09-24,10Y,10,0.9128613614856593
2023-09-24,15Y,15,0.8352612391767649
2023-09-24,20Y,20,0.7555113095752793
2023-09-24,25Y,25,0.6886821350604674
2023-09-24,30Y,30,0.6385228171264248
2023-09-25,1Y,1,0.9985061424970237
2023-09-25,2Y,2,0.9945032160912511
2023-09-25,3Y,3,0.9881246534838235
2023-09-25,4Y,4,0.9802058778703504
2023-09-25,5Y,5,0.9709636679534616
2023-09-25,7Y,7,0.9482816900550033
2023-09-25,10Y,10,0.9070528521989267
2023-09-25,15Y,15,0.8274122535684848
2023-09-25,20Y,20,0.7479809212267595
2023-09-25,25Y,25,0.6805379875596138
2023-09-25,30Y,30,0.6244869445749376
2023-09-26,1Y,1,0.9986609395432311
2023-09-26,2Y,2,0.9948335767801085
2023-09-26,3Y,3,0.9883504425149743
2023-09-26,4Y,4,0.9802715079406428
2023-09-26,5Y,5,0.9714826103544532
2023-09-26,7Y,7,0.9485473062322205
2023-09-26,10Y,10,0.9074583650087331
2023-09-26,15Y,15,0.8275375281136158
2023-09-26,20Y,20,0.7484682492368351
2023-09-26,25Y,25,0.6817048652362981
2023-09-26,30Y,30,0.6262235229352412
2023-09-27,1Y,1,0.9985061424970237
2023-09-27,2Y,2,0.9945106964136233
2023-09-27,3Y,3,0.9884975760841547
2023-09-27,4Y,4,0.9808351214234444
2023-09-27,5Y,5,0.9709452623429462
2023-09-27,7Y,7,0.9473205547060664
2023-09-27,10Y,10,0.906319172487744
2023-09-27,15Y,15,0.8257932373449111
2023-09-27,20Y,20,0.746170645044425
2023-09-27,25Y,25,0.6789738383863908
2023-09-27,30Y,30,0.6232989396854884
2023-09-28,1Y,1,0.9986110175244298
2023-09-28,2Y,2,0.994891314477025
2023-09-28,3Y,3,0.9883046290185407
2023-09-28,4Y,4,0.9794177025435821
2023-09-28,5Y,5,0.9698798977850513
2023-09-28,7Y,7,0.9481441917678836
2023-09-28,10Y,10,0.9027746569937064
2023-09-28,15Y,15,0.8249939821485851
2023-09-28,20Y,20,0.7428541658040615
2023-09-28,25Y,25,0.6749094977950961
2023-09-28,30Y,30,0.6148595426224486
2023-09-29,1Y,1,0.9983116463499329
2023-09-29,2Y,2,0.9943022652870549
2023-09-29,3Y,3,0.9877787563468473
2023-09-29,4Y,4,0.9794335861461959
2023-09-29,5Y,5,0.9695310611906178
2023-09-29,7Y,7,0.9453034527897024
2023-09-29,10Y,10,0.9021281058417697
2023-09-29,15Y,15,0.8213855205801264
2023-09-29,20Y,20,0.7411081829640316
2023-09-29,25Y,25,0.6732261560075964
2023-09-29,30Y,30,0.6170214028366027
2023-09-30,1Y,1,0.9983116463499329
2023-09-30,2Y,2,0.9943022652870549
2023-09-30,3Y,3,0.9877787563468473
2023-09-30,4Y,4,0.9794335861461959
2023-09-30,5Y,5,0.9695310611906178
2023-09-30,7Y,7,0.9453034527897024
2023-09-30,10Y,10,0.9021281058417697
2023-09-30,15Y,15,0.8213855205801264
2023-09-30,20Y,20,0.7411081829640316
2023-09-30,25Y,25,0.6732261560075964
2023-09-30,30Y,30,0.6170214028366027
2023-10-01,1Y,1,0.9985411814967847
2023-10-01,2Y,2,0.9948043497431336
2023-10-01,3Y,3,0.9885694878113562
2023-10-01,4Y,4,0.9804928762730081
2023-10-01,5Y,5,0.9708135990741898
2023-10-01,7Y,7,0.9470381803565028
2023-10-01,10Y,10,0.9045507561663653
2023-10-01,15Y,15,0.8223391215437541
2023-10-01,20Y,20,0.7417217556646212
2023-10-01,25Y,25,0.6735346234195119
2023-10-01,30Y,30,0.6170715318165136
2023-10-02,1Y,1,0.9984861512072315
2023-10-02,2Y,2,0.9945607850804014
2023-10-02,3Y,3,0.9883774715329048
2023-10-02,4Y,4,0.9802971867360704
2023-10-02,5Y,5,0.970423863521468
2023-10-02,7Y,7,0.9452534921245521
2023-10-02,10Y,10,0.9024333248431878
2023-10-02,15Y,15,0.8156257159822323
2023-10-02,20Y,20,0.7344874540590426
2023-10-02,25Y,25,0.6652181863532408
2023-10-02,30Y,30,0.6077719843818086
2023-10-03,1Y,1,0.9985111180619797
2023-10-03,2Y,2,0.9946702826835074
2023-10-03,3Y,3,0.9885803182207762
2023-10-03,4Y,4,0.9805474700231919
2023-10-03,5Y,5,0.9707007017237966
2023-10-03,7Y,7,0.9441288040813417
2023-10-03,10Y,10,0.9035058930286324
2023-10-03,15Y,15,0.8166553334372451
2023-10-03,20Y,20,0.7339104044662266
2023-10-03,25Y,25,0.6654542155137763
2023-10-03,30Y,30,0.6045721469652355
2023-10-04,1Y,1,0.9986010191986456
2023-10-04,2Y,2,0.9947442880302233
2023-10-04,3Y,3,0.9882118526733609
2023-10-04,4Y,4,0.9796540014234123
2023-10-04,5Y,5,0.9693840573255731
2023-10-04,7Y,7,0.9443035119063549
2023-10-04,10Y,10,0.900003504604525
2023-10-04,15Y,15,0.8138519905629193
2023-10-04,20Y,20,0.7292241104243392
2023-10-04,25Y,25,0.6577599861685942
2023-10-04,30Y,30,0.598613185959597
2023-10-05,1Y,1,0.9986359754722426
2023-10-05,2Y,2,0.9946267322159147
2023-10-05,3Y,3,0.9876064923620347
2023-10-05,4Y,4,0.9790023735410842
2023-10-05,5Y,5,0.9692951899943429
2023-10-05,7Y,7,0.9443420413875347
2023-10-05,10Y,10,0.8961107290762789
2023-10-05,15Y,15,0.8097779604831211
2023-10-05,20Y,20,0.7242756179273437
2023-10-05,25Y,25,0.6510140303144578
2023-10-05,30Y,30,0.5901900908845671
2023-10-06,1Y,1,0.9983166570956898
2023-10-06,2Y,2,0.9943495245041601
2023-10-06,3Y,3,0.9877683333479153
2023-10-06,4Y,4,0.9791314483417
2023-10-06,5Y,5,0.9687109410691053
2023-10-06,7Y,7,0.9429078295149064
2023-10-06,10Y,10,0.8971528798647347
2023-10-06,15Y,15,0.8103561405548251
2023-10-06,20Y,20,0.7241599483270647
2023-10-06,25Y,25,0.6512845144965668
2023-10-06,30Y,30,0.5908412440829366
2023-10-07,1Y,1,0.9987158435906361
2023-10-07,2Y,2,0.9950851860227036
2023-10-07,3Y,3,0.9888751917783258
2023-10-07,4Y,4,0.9806342747618457
2023-10-07,5Y,5,0.9705810094655243
2023-10-07,7Y,7,0.9456688812231332
2023-10-07,10Y,10,0.9010656503648437
2023-10-07,15Y,15,0.8136331991336773
2023-10-07,20Y,20,0.7272909819108954
2023-10-07,25Y,25,0.6544629895483519
2023-10-07,30Y,30,0.5942212972141383
2023-10-08,1Y,1,0.9983166570956898
2023-10-08,2Y,2,0.9943495245041601
2023-10-08,3Y,3,0.9877683333479153
2023-10-08,4Y,4,0.9791314483417
2023-10-08,5Y,5,0.9687109410691053
2023-10-08,7Y,7,0.9429078295149064
2023-10-08,10Y,10,0.8971528798647347
2023-10-08,15Y,15,0.8103561405548251
2023-10-08,20Y,20,0.7241599483270647
2023-10-08,25Y,25,0.6512845144965668
2023-10-08,30Y,30,0.5908412440829366
2023-10-09,1Y,1,0.9983166570956898
2023-10-09,2Y,2,0.9943495245041601
2023-10-09,3Y,3,0.9877683333479153
2023-10-09,4Y,4,0.9791314483417
2023-10-09,5Y,5,0.9692886580229402
2023-10-09,7Y,7,0.9434571433004705
2023-10-09,10Y,10,0.8971293115412203
2023-10-09,15Y,15,0.8108589323613067
2023-10-09,20Y,20,0.725555419719431
2023-10-09,25Y,25,0.6518641856008041
2023-10-09,30Y,30,0.5906076674391277
2023-10-10,1Y,1,0.9986059797239554
2023-10-10,2Y,2,0.9947244169735687
2023-10-10,3Y,3,0.9882368332375395
2023-10-10,4Y,4,0.9797453485180486
2023-10-10,5Y,5,0.969506294942565
2023-10-10,7Y,7,0.9442354000319376
2023-10-10,10Y,10,0.8993881073167784
2023-10-10,15Y,15,0.8133006689624012
2023-10-10,20Y,20,0.7273287630539096
2023-10-10,25Y,25,0.6546348321291547
2023-10-10,30Y,30,0.5944521091617782
2023-10-11,1Y,1,0.9986608916690735
2023-10-11,2Y,2,0.9948936313584082
2023-10-11,3Y,3,0.9886779350421354
2023-10-11,4Y,4,0.980619589855588
2023-10-11,5Y,5,0.9708598741363632
2023-10-11,7Y,7,0.9466696599226796
2023-10-11,10Y,10,0.903351196286063
2023-10-11,15Y,15,0.8199917949045197
2023-10-11,20Y,20,0.7368651556049761
2023-10-11,25Y,25,0.6662840168747255
2023-10-11,30Y,30,0.6076854452650731
2023-10-12,1Y,1,0.9988057387838197
2023-10-12,2Y,2,0.9954512290503417
2023-10-12,3Y,3,0.9892945591950314
2023-10-12,4Y,4,0.9813188348295562
2023-10-12,5Y,5,0.9725340383565028
2023-10-12,7Y,7,0.949853965860255
2023-10-12,10Y,10,0.9077561849204174
2023-10-12,15Y,15,0.8217866345499523
2023-10-12,20Y,20,0.7387746053227302
2023-10-12,25Y,25,0.6680039442504059
2023-10-12,30Y,30,0.6084406055013244
2023-10-13,1Y,1,0.9984065064801788
2023-10-13,2Y,2,0.9947302339757372
2023-10-13,3Y,3,0.9886647201561648
2023-10-13,4Y,4,0.9807282544779516
2023-10-13,5Y,5,0.9711029973832154
2023-10-13,7Y,7,0.9471340218152752
2023-10-13,10Y,10,0.9040327724706315
2023-10-13,15Y,15,0.8211574436193597
2023-10-13,20Y,20,0.738177390903231
2023-10-13,25Y,25,0.66767105477322
2023-10-13,30Y,30,0.6089637900364308
2023-10-14,1Y,1,0.9987458243934332
2023-10-14,2Y,2,0.9953019240610647
2023-10-14,3Y,3,0.9894654116953119
2023-10-14,4Y,4,0.9817756874650284
2023-10-14,5Y,5,0.9723917326130647
2023-10-14,7Y,7,0.9488853564208415
2023-10-14,10Y,10,0.9061427758728474
2023-10-14,15Y,15,0.8218782470737276
2023-10-14,20Y,20,0.7385777613726998
2023-10-14,25Y,25,0.6680683533970745
2023-10-14,30Y,30,0.6095183888701903
2023-10-15,1Y,1,0.9987657921057757
2023-10-15,2Y,2,0.995341722854126
2023-10-15,3Y,3,0.9895446976037487
2023-10-15,4Y,4,0.9819309627639272
2023-10-15,5Y,5,0.9726562283206092
2023-10-15,7Y,7,0.9494828683471095
2023-10-15,10Y,10,0.9071638853946637
2023-10-15,15Y,15,0.8233596624790138
2023-10-15,20Y,20,0.7403220567883348
2023-10-15,25Y,25,0.669982563541893
2023-10-15,30Y,30,0.6116114186752694
2023-10-16,1Y,1,0.9985710404176781
2023-10-16,2Y,2,0.9946772713790559
2023-10-16,3Y,3,0.988336799929042
2023-10-16,4Y,4,0.9802177384950884
2023-10-16,5Y,5,0.9704579705309568
2023-10-16,7Y,7,0.9469583075410603
2023-10-16,10Y,10,0.9021996195974196
2023-10-16,15Y,15,0.8186297558193771
2023-10-16,20Y,20,0.7355531759216887
2023-10-16,25Y,25,0.6631829133448705
2023-10-16,30Y,30,0.6028245101891396
2023-10-17,1Y,1,0.9984562100980794
2023-10-17,2Y,2,0.9946058422417174
2023-10-17,3Y,3,0.9882174824513561
2023-10-17,4Y,4,0.9800024835101581
2023-10-17,5Y,5,0.9708417190167422
2023-10-17,7Y,7,0.9452387203297542
2023-10-17,10Y,10,0.90179610854596
2023-10-17,15Y,15,0.8121336710933501
2023-10-17,20Y,20,0.7248858583385895
2023-10-17,25Y,25,0.6497919640984314
2023-10-17,30Y,30,0.5867487409397755
2023-10-18,1Y,1,0.9983264742933207
2023-10-18,2Y,2,0.9939960010452585
2023-10-18,3Y,3,0.9871057288794265
2023-10-18,4Y,4,0.9783991661659897
2023-10-18,5Y,5,0.9680052053839014
2023-10-18,7Y,7,0.9423810516258242
2023-10-18,10Y,10,0.8966250094563665
2023-10-18,15Y,15,0.8099536447452054
2023-10-18,20Y,20,0.7236665966088165
2023-10-18,25Y,25,0.6505846368716235
2023-10-18,30Y,30,0.5899145659937561
2023-10-19,1Y,1,0.9983864157731708
2023-10-19,2Y,2,0.9942496144632971
2023-10-19,3Y,3,0.9875008256713539
2023-10-19,4Y,4,0.9788518164655083
2023-10-19,5Y,5,0.9684492808242603
2023-10-19,7Y,7,0.9426109117155352
2023-10-19,10Y,10,0.8924846879839903
2023-10-19,15Y,15,0.8064104727802776
2023-10-19,20Y,20,0.7188093143091125
2023-10-19,25Y,25,0.6426541066605986
2023-10-19,30Y,30,0.580693943562481
2023-10-20,1Y,1,0.9979725106948315
2023-10-20,2Y,2,0.9935968836356404
2023-10-20,3Y,3,0.9866332885223019
2023-10-20,4Y,4,0.9777547686267227
2023-10-20,5Y,5,0.9671483077908546
2023-10-20,7Y,7,0.9411563449364342
2023-10-20,10Y,10,0.894378027394092
2023-10-20,15Y,15,0.8060594346893396
2023-10-20,20Y,20,0.718065473093651
2023-10-20,25Y,25,0.6440053919778553
2023-10-20,30Y,30,0.5827523400475554
2023-10-22,1Y,1,0.9982119135504032
2023-10-22,2Y,2,0.9941707346302717
2023-10-22,3Y,3,0.9875663727831654
2023-10-22,4Y,4,0.9789589119180585
2023-10-22,5Y,5,0.968735692497478
2023-10-22,7Y,7,0.9431035260349926
2023-10-22,10Y,10,0.8975122770702819
2023-10-22,15Y,15,0.8087229209875499
2023-10-22,20Y,20,0.7192666468281023
2023-10-22,25Y,25,0.6450967486392486
2023-10-22,30Y,30,0.5870519159735231
2023-10-23,1Y,1,0.9981618147085363
2023-10-23,2Y,2,0.9938103648069544
2023-10-23,3Y,3,0.986858782212222
2023-10-23,4Y,4,0.9779734326875388
2023-10-23,5Y,5,0.9677477456744594
2023-10-23,7Y,7,0.9417491185739433
2023-10-23,10Y,10,0.8933215732699941
2023-10-23,15Y,15,0.8001346109175671
2023-10-23,20Y,20,0.7112059955064791
2023-10-23,25Y,25,0.6362242909055617
2023-10-23,30Y,30,0.5748935581880109
2023-10-24,1Y,1,0.9983864529814662
2023-10-24,2Y,2,0.9940923926671
2023-10-24,3Y,3,0.987239352229841
2023-10-24,4Y,4,0.9789957943384389
2023-10-24,5Y,5,0.9689368739811043
2023-10-24,7Y,7,0.9422719002216952
2023-10-24,10Y,10,0.8924512113352233
2023-10-24,15Y,15,0.8036202662998138
2023-10-24,20Y,20,0.7134902783794033
2023-10-24,25Y,25,0.6384219411992251
2023-10-24,30Y,30,0.5762646981966506
2023-10-25,1Y,1,0.9984513020972393
2023-10-25,2Y,2,0.9944385804767704
2023-10-25,3Y,3,0.9878121205401801
2023-10-25,4Y,4,0.9792016094642662
2023-10-25,5Y,5,0.9687477906998188
2023-10-25,7Y,7,0.9425965989952091
2023-10-25,10Y,10,0.8948471104693515
2023-10-25,15Y,15,0.8035947198152286
2023-10-25,20Y,20,0.7157703212605167
2023-10-25,25Y,25,0.6401780409239559
2023-10-25,30Y,30,0.5794108860808163
2023-10-26,1Y,1,0.998406379816015
2023-10-26,2Y,2,0.9942893438760252
2023-10-26,3Y,3,0.9874904646991749
2023-10-26,4Y,4,0.978631319267356
2023-10-26,5Y,5,0.9678799213650461
2023-10-26,7Y,7,0.9411231828074468
2023-10-26,10Y,10,0.8907724292063659
2023-10-26,15Y,15,0.802007982883404
2023-10-26,20Y,20,0.7137133994390554
2023-10-26,25Y,25,0.6411754621421597
2023-10-26,30Y,30,0.5809184389208862
2023-10-27,1Y,1,0.997902693565167
2023-10-27,2Y,2,0.9934130943046972
2023-10-27,3Y,3,0.9862180262074334
2023-10-27,4Y,4,0.9769295744157239
2023-10-27,5Y,5,0.9658036957172345
2023-10-27,7Y,7,0.9382211084645332
2023-10-27,10Y,10,0.88897412245474
2023-10-27,15Y,15,0.7993681132051206
2023-10-27,20Y,20,0.7117607455581286
2023-10-27,25Y,25,0.6381298176800957
2023-10-27,30Y,30,0.5778199455658714
2023-10-28,1Y,1,0.9983614724315378
2023-10-28,2Y,2,0.9942073966716446
2023-10-28,3Y,3,0.9874018280745253
2023-10-28,4Y,4,0.9785585134171544
2023-10-28,5Y,5,0.9677784387808203
2023-10-28,7Y,7,0.940789467783074
2023-10-28,10Y,10,0.8924521085655345
2023-10-28,15Y,15,0.8019007951395829
2023-10-28,20Y,20,0.7141969831285431
2023-10-28,25Y,25,0.6407614220317996
2023-10-28,30Y,30,0.580598768357399
2023-10-29,1Y,1,0.99818697813295
2023-10-29,2Y,2,0.993814441074392
2023-10-29,3Y,3,0.9863876152105707
2023-10-29,4Y,4,0.9769247871929231
2023-10-29,5Y,5,0.966640752186683
2023-10-29,7Y,7,0.9401835328013968
2023-10-29,10Y,10,0.8946712267228519
2023-10-29,15Y,15,0.8058709879619466
2023-10-29,20Y,20,0.7160355895550448
2023-10-29,25Y,25,0.6419115953684057
2023-10-29,30Y,30,0.5889777493744829
2023-10-30,1Y,1,0.9982217692366682
2023-10-30,2Y,2,0.9938844121176617
2023-10-30,3Y,3,0.9869181727677312
2023-10-30,4Y,4,0.9779815552041898
2023-10-30,5Y,5,0.9671453799484505
2023-10-30,7Y,7,0.9400602525270089
2023-10-30,10Y,10,0.8915037570768657
2023-10-30,15Y,15,0.7983835273524154
2023-10-30,20Y,20,0.7075356389578957
2023-10-30,25Y,25,0.6326651539165299
2023-10-30,30Y,30,0.5648875310559094
2023-10-31,1Y,1,0.998151881700476
2023-10-31,2Y,2,0.9932745158233953
2023-10-31,3Y,3,0.9852611901025575
2023-10-31,4Y,4,0.9753528651997623
2023-10-31,5Y,5,0.9638061598773892
2023-10-31,7Y,7,0.9355243824508851
2023-10-31,10Y,10,0.8861198393766119
2023-10-31,15Y,15,0.7962078580117472
2023-10-31,20Y,20,0.7065427818975999
2023-10-31,25Y,25,0.6336352146073919
2023-10-31,30Y,30,0.573626621595533
2023-11-01,1Y,1,0.9977477925162554
2023-11-01,2Y,2,0.992366841625799
2023-11-01,3Y,3,0.9842048785295157
2023-11-01,4Y,4,0.9742725800692194
2023-11-01,5Y,5,0.9626669854768963
2023-11-01,7Y,7,0.934514295440731
2023-11-01,10Y,10,0.8849364463006391
2023-11-01,15Y,15,0.79409217384177
2023-11-01,20Y,20,0.7057525692037105
2023-11-01,25Y,25,0.6319709615790987
2023-11-01,30Y,30,0.5717561237596832
2023-11-02,1Y,1,0.9978425627000882
2023-11-02,2Y,2,0.9927120352242456
2023-11-02,3Y,3,0.9849449254757237
2023-11-02,4Y,4,0.9754715549824686
2023-11-02,5Y,5,0.9643586583619781
2023-11-02,7Y,7,0.9370672384451769
2023-11-02,10Y,10,0.8886250571070526
2023-11-02,15Y,15,0.799633025030502
2023-11-02,20Y,20,0.7128268095543298
2023-11-02,25Y,25,0.6398494647630708
2023-11-02,30Y,30,0.5797730655465912
2023-11-03,1Y,1,0.9980222115557915
2023-11-03,2Y,2,0.9933304031338476
2023-11-03,3Y,3,0.9860151918617224
2023-11-03,4Y,4,0.9769113776913501
2023-11-03,5Y,5,0.966104735134422
2023-11-03,7Y,7,0.9394927140534901
2023-11-03,10Y,10,0.8919950878246302
2023-11-03,15Y,15,0.8016219507789454
2023-11-03,20Y,20,0.7144046325067899
2023-11-03,25Y,25,0.6416835587675244
2023-11-03,30Y,30,0.5823248189034465
2023-11-04,1Y,1,0.9975736280778899
2023-11-04,2Y,2,0.9925791956485298
2023-11-04,3Y,3,0.9849468883577882
2023-11-04,4Y,4,0.975474112752625
2023-11-04,5Y,5,0.9643616547281003
2023-11-04,7Y,7,0.9370710200335072
2023-11-04,10Y,10,0.888629704750887
2023-11-04,15Y,15,0.799638422792822
2023-11-04,20Y,20,0.7128324512631244
2023-11-04,25Y,25,0.6398549469531848
2023-11-04,30Y,30,0.5797782047546818
2023-11-05,1Y,1,0.9979775005082784
2023-11-05,2Y,2,0.9936292259714897
2023-11-05,3Y,3,0.9867223541969201
2023-11-05,4Y,4,0.9779292869889551
2023-11-05,5Y,5,0.9674656707537802
2023-11-05,7Y,7,0.9417556724908656
2023-11-05,10Y,10,0.8956091833881465
2023-11-05,15Y,15,0.8065683148068745
2023-11-05,20Y,20,0.7203086422735853
2023-11-05,25Y,25,0.6483149656019476
2023-11-05,30Y,30,0.5894189068484356
2023-11-06,1Y,1,0.9981419275250601
2023-11-06,2Y,2,0.993650848614666
2023-11-06,3Y,3,0.9866126451419147
2023-11-06,4Y,4,0.9773074587031739
2023-11-06,5Y,5,0.9663858877307401
2023-11-06,7Y,7,0.9409521966348025
2023-11-06,10Y,10,0.8922597819622203
2023-11-06,15Y,15,0.8040213000890661
2023-11-06,20Y,20,0.7183090906706268
2023-11-06,25Y,25,0.6463174527802601
2023-11-06,30Y,30,0.5868475043341053
2023-11-07,1Y,1,0.9975786070311551
2023-11-07,2Y,2,0.99258912447348
2023-11-07,3Y,3,0.9850410688748765
2023-11-07,4Y,4,0.9757989143574252
2023-11-07,5Y,5,0.9650056798709649
2023-11-07,7Y,7,0.938611362175361
2023-11-07,10Y,10,0.8915483276143252
2023-11-07,15Y,15,0.8049632850020704
2023-11-07,20Y,20,0.7199696889964535
2023-11-07,25Y,25,0.6483878766048261
2023-11-07,30Y,30,0.5891858855311187
2023-11-08,1Y,1,0.9977082123658317
2023-11-08,2Y,2,0.9929216476777866
2023-11-08,3Y,3,0.9856327412815004
2023-11-08,4Y,4,0.9766943446723821
2023-11-08,5Y,5,0.9662866084757187
2023-11-08,7Y,7,0.9409177541009436
2023-11-08,10Y,10,0.8954093751818573
2023-11-08,15Y,15,0.8102669350548223
2023-11-08,20Y,20,0.7265537291508821
2023-11-08,25Y,25,0.6559467259638316
2023-11-08,30Y,30,0.5978098702671817
2023-11-09,1Y,1,0.9977231778472684
2023-11-09,2Y,2,0.9929588474933547
2023-11-09,3Y,3,0.9856621192407362
2023-11-09,4Y,4,0.9766641299391957
2023-11-09,5Y,5,0.9661832496440419
2023-11-09,7Y,7,0.9408226180754129
2023-11-09,10Y,10,0.8958036209526197
2023-11-09,15Y,15,0.8126104481476327
2023-11-09,20Y,20,0.7312261870985411
2023-11-09,25Y,25,0.6622723694569717
2023-11-09,30Y,30,0.605317858590311
2023-11-10,1Y,1,0.9977131758225192
2023-11-10,2Y,2,0.9928569164401789
2023-11-10,3Y,3,0.9854101037494138
2023-11-10,4Y,4,0.9762424269159772
2023-11-10,5Y,5,0.965565794647742
2023-11-10,7Y,7,0.9396511094869018
2023-11-10,10Y,10,0.8939761284113181
2023-11-10,15Y,15,0.8097145315472882
2023-11-10,20Y,20,0.7270806482172167
2023-11-10,25Y,25,0.6572896131347736
2023-11-10,30Y,30,0.5994935248803078
2023-11-11,1Y,1,0.9977131758225192
2023-11-11,2Y,2,0.9928569164401789
2023-11-11,3Y,3,0.9854101037494138
2023-11-11,4Y,4,0.9762424269159772
2023-11-11,5Y,5,0.965565794647742
2023-11-11,7Y,7,0.9396511094869018
2023-11-11,10Y,10,0.8939761284113181
2023-11-11,15Y,15,0.8097145315472882
2023-11-11,20Y,20,0.7270806482172167
2023-11-11,25Y,25,0.6572896131347736
2023-11-11,30Y,30,0.5994935248803078
2023-11-12,1Y,1,0.9979924112724884
2023-11-12,2Y,2,0.9932554960070512
2023-11-12,3Y,3,0.9855794186769766
2023-11-12,4Y,4,0.9762375334474055
2023-11-12,5Y,5,0.9662691300346927
2023-11-12,7Y,7,0.9412694231481072
2023-11-12,10Y,10,0.8985230149954612
2023-11-12,15Y,15,0.8148806981372257
2023-11-12,20Y,20,0.7303189597101493
2023-11-12,25Y,25,0.6600283898388182
2023-11-12,30Y,30,0.6075620127724398
2023-11-13,1Y,1,0.9976234372253041
2023-11-13,2Y,2,0.9926037434287929
2023-11-13,3Y,3,0.9849267313876012
2023-11-13,4Y,4,0.9754590732627483
2023-11-13,5Y,5,0.9644056585664307
2023-11-13,7Y,7,0.9377670881577875
2023-11-13,10Y,10,0.8910996978729685
2023-11-13,15Y,15,0.8050154699590779
2023-11-13,20Y,20,0.7210751701183143
2023-11-13,25Y,25,0.6500395099782086
2023-11-13,30Y,30,0.5911112274840998
2023-11-14,1Y,1,0.99781787588793
2023-11-14,2Y,2,0.9931249918956302
2023-11-14,3Y,3,0.9858885584491721
2023-11-14,4Y,4,0.976981744707358
2023-11-14,5Y,5,0.9666536815942991
2023-11-14,7Y,7,0.9416413870103938
2023-11-14,10Y,10,0.8974005607196649
2023-11-14,15Y,15,0.8138828777549318
2023-11-14,20Y,20,0.7317680564406358
2023-11-14,25Y,25,0.6619272524356856
2023-11-14,30Y,30,0.6041107009638377
2023-11-15,1Y,1,0.9979276107890701
2023-11-15,2Y,2,0.9935150804215263
2023-11-15,3Y,3,0.9866639363136234
2023-11-15,4Y,4,0.9780913152020388
2023-11-15,5Y,5,0.9680364884299936
2023-11-15,7Y,7,0.9434438196857236
2023-11-15,10Y,10,0.8995400669742871
2023-11-15,15Y,15,0.8169341765015548
2023-11-15,20Y,20,0.7351237768829839
2023-11-15,25Y,25,0.6652211071013565
2023-11-15,30Y,30,0.6072729305668139
2023-11-16,1Y,1,0.9980273348536621
2023-11-16,2Y,2,0.9936987090282133
2023-11-16,3Y,3,0.9869202930075385
2023-11-16,4Y,4,0.9785104883326465
2023-11-16,5Y,5,0.9687230040822068
2023-11-16,7Y,7,0.9446077954358382
2023-11-16,10Y,10,0.9013257634908479
2023-11-16,15Y,15,0.8187897749479417
2023-11-16,20Y,20,0.7369242429102342
2023-11-16,25Y,25,0.6672010782594524
2023-11-16,30Y,30,0.6092155190086386
2023-11-17,1Y,1,0.9981670076155376
2023-11-17,2Y,2,0.994111279459766
2023-11-17,3Y,3,0.9877409450937984
2023-11-17,4Y,4,0.979774471983832
2023-11-17,5Y,5,0.9703972686546192
2023-11-17,7Y,7,0.9470966996693159
2023-11-17,10Y,10,0.9048452400273219
2023-11-17,15Y,15,0.8238902666004622
2023-11-17,20Y,20,0.7429973430335666
2023-11-17,25Y,25,0.6738001206281252
2023-11-17,30Y,30,0.6161519358205727
2023-11-18,1Y,1,0.9981670076155376
2023-11-18,2Y,2,0.994111279459766
2023-11-18,3Y,3,0.9877409450937984
2023-11-18,4Y,4,0.979774471983832
2023-11-18,5Y,5,0.9703972686546192
2023-11-18,7Y,7,0.9470966996693159
2023-11-18,10Y,10,0.9048452400273219
2023-11-18,15Y,15,0.8238902666004622
2023-11-18,20Y,20,0.7429973430335666
2023-11-18,25Y,25,0.6738001206281252
2023-11-18,30Y,30,0.6161519358205727
2023-11-19,1Y,1,0.9984264401328257
2023-11-19,2Y,2,0.9944708499168533
2023-11-19,3Y,3,0.9878916426597466
2023-11-19,4Y,4,0.9797706881325235
2023-11-19,5Y,5,0.9708963402177343
2023-11-19,7Y,7,0.9482575443666383
2023-11-19,10Y,10,0.9081396832646108
2023-11-19,15Y,15,0.8272013965161824
2023-11-19,20Y,20,0.7447415748226848
2023-11-19,25Y,25,0.6753800370583214
2023-11-19,30Y,30,0.6213102977741106
2023-11-20,1Y,1,0.9981121364639526
2023-11-20,2Y,2,0.9939721311263158
2023-11-20,3Y,3,0.9874888702879929
2023-11-20,4Y,4,0.9793717589850128
2023-11-20,5Y,5,0.9698173184073012
2023-11-20,7Y,7,0.9463057619043841
2023-11-20,10Y,10,0.9038495655524718
2023-11-20,15Y,15,0.822892912041558
2023-11-20,20Y,20,0.7421466892985796
2023-11-20,25Y,25,0.673023861782164
2023-11-20,30Y,30,0.615289372446466
2023-11-21,1Y,1,0.998291742787762
2023-11-21,2Y,2,0.9944792340471147
2023-11-21,3Y,3,0.988418444344876
2023-11-21,4Y,4,0.9807542047490234
2023-11-21,5Y,5,0.9716684883752971
2023-11-21,7Y,7,0.9492107311455826
2023-11-21,10Y,10,0.9081601707388485
2023-11-21,15Y,15,0.829947903734425
2023-11-21,20Y,20,0.7515608962685482
2023-11-21,25Y,25,0.6841693673521297
2023-11-21,30Y,30,0.6276776775715727
2023-11-22,1Y,1,0.9982268935623214
2023-11-22,2Y,2,0.9943201378329487
2023-11-22,3Y,3,0.9880669651881864
2023-11-22,4Y,4,0.9800748830385937
2023-11-22,5Y,5,0.970568566998449
2023-11-22,7Y,7,0.9469799731589947
2023-11-22,10Y,10,0.9043093180572105
2023-11-22,15Y,15,0.8236843151380672
2023-11-22,20Y,20,0.7428381090774488
2023-11-22,25Y,25,0.673324897524421
2023-11-22,30Y,30,0.6150545848052937
2023-11-23,1Y,1,0.9982268935623214
2023-11-23,2Y,2,0.9943201378329487
2023-11-23,3Y,3,0.9880669651881864
2023-11-23,4Y,4,0.9800748830385937
2023-11-23,5Y,5,0.970568566998449
2023-11-23,7Y,7,0.9469799731589947
2023-11-23,10Y,10,0.9043093180572105
2023-11-23,15Y,15,0.8236843151380672
2023-11-23,20Y,20,0.7428381090774488
2023-11-23,25Y,25,0.673324897524421
2023-11-23,30Y,30,0.6150545848052937
2023-11-24,1Y,1,0.9980024207375953
2023-11-24,2Y,2,0.9936938556986598
2023-11-24,3Y,3,0.9869253254518565
2023-11-24,4Y,4,0.9783868297629486
2023-11-24,5Y,5,0.9683306381300496
2023-11-24,7Y,7,0.9437909829926359
2023-11-24,10Y,10,0.8996157107349542
2023-11-24,15Y,15,0.8174581273551654
2023-11-24,20Y,20,0.7361148401416093
2023-11-24,25Y,25,0.6664637227273053
2023-11-24,30Y,30,0.6081836705435043
2023-11-26,1Y,1,0.9981720916414726
2023-11-26,2Y,2,0.9940311553680933
2023-11-26,3Y,3,0.9870910058787977
2023-11-26,4Y,4,0.9783833592019857
2023-11-26,5Y,5,0.9690662382219178
2023-11-26,7Y,7,0.9454938439313098
2023-11-26,10Y,10,0.9043605919181165
2023-11-26,15Y,15,0.8226557960064405
2023-11-26,20Y,20,0.7391456777088532
2023-11-26,25Y,25,0.6691142724031572
2023-11-26,30Y,30,0.6163802707340236
2023-11-27,1Y,1,0.998037344061585
2023-11-27,2Y,2,0.9938380683512108
2023-11-27,3Y,3,0.9872567075050617
2023-11-27,4Y,4,0.9789146127900751
2023-11-27,5Y,5,0.9689672264245406
2023-11-27,7Y,7,0.9445260130755402
2023-11-27,10Y,10,0.9006189963948212
2023-11-27,15Y,15,0.8186146296772486
2023-11-27,20Y,20,0.7371835156439722
2023-11-27,25Y,25,0.6674401095176055
2023-11-27,30Y,30,0.6092188177643214
2023-11-28,1Y,1,0.9981171547168227
2023-11-28,2Y,2,0.9940567355666954
2023-11-28,3Y,3,0.9876122712492634
2023-11-28,4Y,4,0.9793355294235507
2023-11-28,5Y,5,0.9694223400831006
2023-11-28,7Y,7,0.9450587760928828
2023-11-28,10Y,10,0.9010657612152737
2023-11-28,15Y,15,0.8184962281014343
2023-11-28,20Y,20,0.7366708758104012
2023-11-28,25Y,25,0.6665776177629136
2023-11-28,30Y,30,0.6080880001151504
2023-11-29,1Y,1,0.9983666477742482
2023-11-29,2Y,2,0.9948973682433739
2023-11-29,3Y,3,0.9893148425523494
2023-11-29,4Y,4,0.9820328873043676
2023-11-29,5Y,5,0.9731794793810888
2023-11-29,7Y,7,0.9508243463995006
2023-11-29,10Y,10,0.9094217196124225
2023-11-29,15Y,15,0.8305497101603176
2023-11-29,20Y,20,0.7513440638766151
2023-11-29,25Y,25,0.6832572377845749
2023-11-29,30Y,30,0.6258452715954153
2023-11-30,1Y,1,0.9981820402110159
2023-11-30,2Y,2,0.994425011712476
2023-11-30,3Y,3,0.9885382705869187
2023-11-30,4Y,4,0.9809295720912219
2023-11-30,5Y,5,0.9717214915316511
2023-11-30,7Y,7,0.9487707594861456
2023-11-30,10Y,10,0.9064732152381146
2023-11-30,15Y,15,0.825628878835233
2023-11-30,20Y,20,0.7446102349857056
2023-11-30,25Y,25,0.6749179911680825
2023-11-30,30Y,30,0.6162892927912401
2023-12-01,1Y,1,0.9981770560316059
2023-12-01,2Y,2,0.9943776793292006
2023-12-01,3Y,3,0.988399544848672
2023-12-01,4Y,4,0.9807254809538208
2023-12-01,5Y,5,0.9714480745309684
2023-12-01,7Y,7,0.948185102032607
2023-12-01,10Y,10,0.9055116338243571
2023-12-01,15Y,15,0.8250992708333513
2023-12-01,20Y,20,0.7446061875534559
2023-12-01,25Y,25,0.6753383739402755
2023-12-01,30Y,30,0.6171016066630495
2023-12-03,1Y,1,0.9985512761211356
2023-12-03,2Y,2,0.9949210607106195
2023-12-03,3Y,3,0.9886334007272884
2023-12-03,4Y,4,0.9807201069391115
2023-12-03,5Y,5,0.9725676410594009
2023-12-03,7Y,7,0.9508704751278596
2023-12-03,10Y,10,0.9133909314103307
2023-12-03,15Y,15,0.8345646904429428
2023-12-03,20Y,20,0.7510293838756785
2023-12-03,25Y,25,0.6807197479923126
2023-12-03,30Y,30,0.6325493846847989
2023-12-04,1Y,1,0.9982069943673624
2023-12-04,2Y,2,0.9945045656884132
2023-12-04,3Y,3,0.9886220628721463
2023-12-04,4Y,4,0.9809334258347179
2023-12-04,5Y,5,0.9716119630447322
2023-12-04,7Y,7,0.9482796071773322
2023-12-04,10Y,10,0.9055832086587
2023-12-04,15Y,15,0.8244984962577404
2023-12-04,20Y,20,0.7430614114787255
2023-12-04,25Y,25,0.6732642962979942
2023-12-04,30Y,30,0.6148076451887471
2023-12-05,1Y,1,0.9983416894279873
2023-12-05,2Y,2,0.9948551771564512
2023-12-05,3Y,3,0.9893251166694033
2023-12-05,4Y,4,0.9821172569703835
2023-12-05,5Y,5,0.9733321120846065
2023-12-05,7Y,7,0.9512652635878843
2023-12-05,10Y,10,0.9104990344127953
2023-12-05,15Y,15,0.8312030077091672
2023-12-05,20Y,20,0.751138135218852
2023-12-05,25Y,25,0.6819557476222863
2023-12-05,30Y,30,0.6239221640409023
2023-12-06,1Y,1,0.9983716571064835
2023-12-06,2Y,2,0.9950418877976892
2023-12-06,3Y,3,0.9897662986156002
2023-12-06,4Y,4,0.982854065762043
2023-12-06,5Y,5,0.9744288613799054
2023-12-06,7Y,7,0.9530836134138628
2023-12-06,10Y,10,0.9131981165728194
2023-12-06,15Y,15,0.8359274621973026
2023-12-06,20Y,20,0.7581744644752649
2023-12-06,25Y,25,0.6912965785033439
2023-12-06,30Y,30,0.6352498988058728
2023-12-07,1Y,1,0.9978628407151806
2023-12-07,2Y,2,0.9935129556014812
2023-12-07,3Y,3,0.9868328919321969
2023-12-07,4Y,4,0.9784856636527378
2023-12-07,5Y,5,0.9686570523734406
2023-12-07,7Y,7,0.9445603095630459
2023-12-07,10Y,10,0.9010642065653042
2023-12-07,15Y,15,0.8203425314288693
2023-12-07,20Y,20,0.7404534216250872
2023-12-07,25Y,25,0.6723363095286459
2023-12-07,30Y,30,0.6157317717515612
2023-12-08,1Y,1,0.9976684398909866
2023-12-08,2Y,2,0.9930960165497851
2023-12-08,3Y,3,0.9861471686072778
2023-12-08,4Y,4,0.9774717735567853
2023-12-08,5Y,5,0.9672432979806915
2023-12-08,7Y,7,0.9422456956069754
2023-12-08,10Y,10,0.8972679683646243
2023-12-08,15Y,15,0.8135323828661035
2023-12-08,20Y,20,0.7308858636332274
2023-12-08,25Y,25,0.6605870654934018
2023-12-08,30Y,30,0.6021812036962904
2023-12-10,1Y,1,0.9978728418894881
2023-12-10,2Y,2,0.9933832458014307
2023-12-10,3Y,3,0.9862682711754366
2023-12-10,4Y,4,0.9774684159195908
2023-12-10,5Y,5,0.9676829392870815
2023-12-10,7Y,7,0.943274358218258
2023-12-10,10Y,10,0.9002332623685603
2023-12-10,15Y,15,0.8162434827698768
2023-12-10,20Y,20,0.7319627975828426
2023-12-10,25Y,25,0.6618167885166741
2023-12-10,30Y,30,0.6066813095375572
2023-12-11,1Y,1,0.9978628560941244
2023-12-11,2Y,2,0.993535333196322
2023-12-11,3Y,3,0.9868873269777307
2023-12-11,4Y,4,0.978551762887724
2023-12-11,5Y,5,0.9686854751383039
2023-12-11,7Y,7,0.9444085934440704
2023-12-11,10Y,10,0.9006483717073994
2023-12-11,15Y,15,0.8177360787098453
2023-12-11,20Y,20,0.7357278541201014
2023-12-11,25Y,25,0.6662528888547815
2023-12-11,30Y,30,0.6085872861213882
2023-12-12,1Y,1,0.9980274704833917
2023-12-12,2Y,2,0.9941692686526932
2023-12-12,3Y,3,0.9881529653505151
2023-12-12,4Y,4,0.9803503521365641
2023-12-12,5Y,5,0.9709670263799896
2023-12-12,7Y,7,0.9477369286570484
2023-12-12,10Y,10,0.9051840653550862
2023-12-12,15Y,15,0.8238293311758659
2023-12-12,20Y,20,0.742881847621433
2023-12-12,25Y,25,0.6741240596350367
2023-12-12,30Y,30,0.6170155227051943
2023-12-13,1Y,1,0.9980573819133416
2023-12-13,2Y,2,0.9942587964364559
2023-12-13,3Y,3,0.9884205212186363
2023-12-13,4Y,4,0.9808946244654208
2023-12-13,5Y,5,0.9717981020931896
2023-12-13,7Y,7,0.9493575128848415
2023-12-13,10Y,10,0.9082398190126821
2023-12-13,15Y,15,0.8296202270589166
2023-12-13,20Y,20,0.7511933557491298
2023-12-13,25Y,25,0.6842180962024293
2023-12-13,30Y,30,0.6281938827473718
2023-12-14,1Y,1,0.998072386169112
2023-12-14,2Y,2,0.9944081013633952
2023-12-14,3Y,3,0.9887721694256342
2023-12-14,4Y,4,0.9815176533645562
2023-12-14,5Y,5,0.9727863237325085
2023-12-14,7Y,7,0.9511658923759175
2023-12-14,10Y,10,0.9111912579529879
2023-12-14,15Y,15,0.8345057173403247
2023-12-14,20Y,20,0.7572466514418803
2023-12-14,25Y,25,0.691437779133969
2023-12-14,30Y,30,0.6366297812676853
2023-12-15,1Y,1,0.9978230681741024
2023-12-15,2Y,2,0.9937994248992676
2023-12-15,3Y,3,0.9877590304169458
2023-12-15,4Y,4,0.9801681884806392
2023-12-15,5Y,5,0.9711613355087798
2023-12-15,7Y,7,0.9491035733572618
2023-12-15,10Y,10,0.9090021738229634
2023-12-15,15Y,15,0.8323387852446706
2023-12-15,20Y,20,0.755587115583666
2023-12-15,25Y,25,0.6903432141030809
2023-12-15,30Y,30,0.6360624433988177
2023-12-17,1Y,1,0.99808235930829
2023-12-17,2Y,2,0.994158819364429
2023-12-17,3Y,3,0.9879097290678471
2023-12-17,4Y,4,0.9801644761098862
2023-12-17,5Y,5,0.9716753225809079
2023-12-17,7Y,7,0.9502076046781072
2023-12-17,10Y,10,0.9118442018019046
2023-12-17,15Y,15,0.8346925511439278
2023-12-17,20Y,20,0.756504841988509
2023-12-17,25Y,25,0.6913244977496421
2023-12-17,30Y,30,0.6398556570123045
2023-12-18,1Y,1,0.9978280491162231
2023-12-18,2Y,2,0.9938616714985095
2023-12-18,3Y,3,0.9879869530482633
2023-12-18,4Y,4,0.980579128923035
2023-12-18,5Y,5,0.9717278544200854
2023-12-18,7Y,7,0.9498740214123851
2023-12-18,10Y,10,0.9102023698947387
2023-12-18,15Y,15,0.8338172954233388
2023-12-18,20Y,20,0.7569933142696614
2023-12-18,25Y,25,0.6917263786522339
2023-12-18,30Y,30,0.6375535727316878
2023-12-19,1Y,1,0.9981970835459746
2023-12-19,2Y,2,0.9947910913047938
2023-12-19,3Y,3,0.9896191682292605
2023-12-19,4Y,4,0.9830253751447391
2023-12-19,5Y,5,0.975106949619317
2023-12-19,7Y,7,0.9553259244610525
2023-12-19,10Y,10,0.9184510667619945
2023-12-19,15Y,15,0.8460391358685954
2023-12-19,20Y,20,0.7720704664084689
2023-12-19,25Y,25,0.708732038065426
2023-12-19,30Y,30,0.6558926318378718
2023-12-20,1Y,1,0.9983118189175157
2023-12-20,2Y,2,0.9950945140194983
2023-12-20,3Y,3,0.9901987140077047
2023-12-20,4Y,4,0.9839145609282021
2023-12-20,5Y,5,0.976241538897296
2023-12-20,7Y,7,0.9567116839147026
2023-12-20,10Y,10,0.9204486152650942
2023-12-20,15Y,15,0.8498341908429903
2023-12-20,20Y,20,0.7767161764483689
2023-12-20,25Y,25,0.7136315131974825
2023-12-20,30Y,30,0.6608963649145532
2023-12-21,1Y,1,0.9982219284258875
2023-12-21,2Y,2,0.9946466166575669
2023-12-21,3Y,3,0.9893566712366451
2023-12-21,4Y,4,0.9827475729510686
2023-12-21,5Y,5,0.9747750023849542
2023-12-21,7Y,7,0.954621111834744
2023-12-21,10Y,10,0.9173594802613401
2023-12-21,15Y,15,0.8455591677682311
2023-12-21,20Y,20,0.7710900433409948
2023-12-21,25Y,25,0.7070493840220566
2023-12-21,30Y,30,0.6535247045342353
2023-12-22,1Y,1,0.9981820071514341
2023-12-22,2Y,2,0.9944923877907679
2023-12-22,3Y,3,0.989019862727282
2023-12-22,4Y,4,0.9821810257015258
2023-12-22,5Y,5,0.9739280800592969
2023-12-22,7Y,7,0.9530998751156272
2023-12-22,10Y,10,0.9150433709109007
2023-12-22,15Y,15,0.8419313104663673
2023-12-22,20Y,20,0.7665021338128662
2023-12-22,25Y,25,0.7014670575070485
2023-12-22,30Y,30,0.646928264900666
2023-12-24,1Y,1,0.9980623994743814
2023-12-24,2Y,2,0.9944331151175299
2023-12-24,3Y,3,0.9890205006826575
2023-12-24,4Y,4,0.9821818524707928
2023-12-24,5Y,5,0.9745667667243079
2023-12-24,7Y,7,0.9545480548160361
2023-12-24,10Y,10,0.9186324129949203
2023-12-24,15Y,15,0.8442070109095821
2023-12-24,20Y,20,0.7671853363896548
2023-12-24,25Y,25,0.7021856925186528
2023-12-24,30Y,30,0.6500533788231004
2023-12-25,1Y,1,0.9984963955680567
2023-12-25,2Y,2,0.9950211616401407
2023-12-25,3Y,3,0.9892841088751664
2023-12-25,4Y,4,0.9822282367758965
2023-12-25,5Y,5,0.9748116556723628
2023-12-25,7Y,7,0.9548221442308645
2023-12-25,10Y,10,0.9186355785100984
2023-12-25,15Y,15,0.8434858568688143
2023-12-25,20Y,20,0.7661825071773297
2023-12-25,25Y,25,0.7011530435104234
2023-12-25,30Y,30,0.647532829160401
2023-12-26,1Y,1,0.9984514929727266
2023-12-26,2Y,2,0.9949690585317107
2023-12-26,3Y,3,0.9892646588148221
2023-12-26,4Y,4,0.9822287449366099
2023-12-26,5Y,5,0.9746195489603162
2023-12-26,7Y,7,0.9543773089698804
2023-12-26,10Y,10,0.9169856623642222
2023-12-26,15Y,15,0.8411428821766068
2023-12-26,20Y,20,0.7642219335613318
2023-12-26,25Y,25,0.699490751671376
2023-12-26,30Y,30,0.6432063092805766
2023-12-27,1Y,1,0.9983766662125448
2023-12-27,2Y,2,0.9951789317996332
2023-12-27,3Y,3,0.9902030186252558
2023-12-27,4Y,4,0.9836808405151815
2023-12-27,5Y,5,0.9756149645029408
2023-12-27,7Y,7,0.9547323096365192
2023-12-27,10Y,10,0.9163015910948387
2023-12-27,15Y,15,0.8429984911592344
2023-12-27,20Y,20,0.7671616442196828
2023-12-27,25Y,25,0.7016702813112271
2023-12-27,30Y,30,0.6468325721607494
2023-12-28,1Y,1,0.998361673805884
2023-12-28,2Y,2,0.995104287897127
2023-12-28,3Y,3,0.9901189904367912
2023-12-28,4Y,4,0.983639545813451
2023-12-28,5Y,5,0.9755764515195392
2023-12-28,7Y,7,0.9547884262824109
2023-12-28,10Y,10,0.9167547463730816
2023-12-28,15Y,15,0.8435292876747069
2023-12-28,20Y,20,0.7664887952030789
2023-12-28,25Y,25,0.699682938111567
2023-12-28,30Y,30,0.644055753578581
2023-12-29,1Y,1,0.9983017878579926
2023-12-29,2Y,2,0.9948952803147485
2023-12-29,3Y,3,0.9897127498932723
2023-12-29,4Y,4,0.9830311263677954
2023-12-29,5Y,5,0.9747198395496389
2023-12-29,7Y,7,0.9532995978688242
2023-12-29,10Y,10,0.9143574910254987
2023-12-29,15Y,15,0.8388942309232359
2023-12-29,20Y,20,0.7603126108394214
2023-12-29,25Y,25,0.692616635170641
2023-12-29,30Y,30,0.6359046731496755
2023-12-31,1Y,1,0.9983017878579926
2023-12-31,2Y,2,0.9948952803147485
2023-12-31,3Y,3,0.9897127498932723
2023-12-31,4Y,4,0.9830311263677954
2023-12-31,5Y,5,0.9747198395496389
2023-12-31,7Y,7,0.9532995978688242
2023-12-31,10Y,10,0.9143574910254987
2023-12-31,15Y,15,0.8388942309232359
2023-12-31,20Y,20,0.7603126108394214
2023-12-31,25Y,25,0.692616635170641
2023-12-31,30Y,30,0.6359046731496755
2024-01-01,1Y,1,0.9983017878579926
2024-01-01,2Y,2,0.9948952803147485
2024-01-01,3Y,3,0.9897127498932723
2024-01-01,4Y,4,0.9830311263677954
2024-01-01,5Y,5,0.9747198395496389
2024-01-01,7Y,7,0.9532995978688242
2024-01-01,10Y,10,0.9143574910254987
2024-01-01,15Y,15,0.8388942309232359
2024-01-01,20Y,20,0.7603126108394214
2024-01-01,25Y,25,0.692616635170641
2024-01-01,30Y,30,0.6359046731496755
2024-01-02,1Y,1,0.9983017878579926
2024-01-02,2Y,2,0.9948952803147485
2024-01-02,3Y,3,0.9897127498932723
2024-01-02,4Y,4,0.9830311263677954
2024-01-02,5Y,5,0.9747198395496389
2024-01-02,7Y,7,0.9532995978688242
2024-01-02,10Y,10,0.9143574910254987
2024-01-02,15Y,15,0.8388942309232359
2024-01-02,20Y,20,0.7603126108394214
2024-01-02,25Y,25,0.692616635170641
2024-01-02,30Y,30,0.6359046731496755
2024-01-03,1Y,1,0.9983017878579926
2024-01-03,2Y,2,0.9948952803147485
2024-01-03,3Y,3,0.9897127498932723
2024-01-03,4Y,4,0.9830311263677954
2024-01-03,5Y,5,0.9747198395496389
2024-01-03,7Y,7,0.9532995978688242
2024-01-03,10Y,10,0.9143574910254987
2024-01-03,15Y,15,0.8388942309232359
2024-01-03,20Y,20,0.7603126108394214
2024-01-03,25Y,25,0.692616635170641
2024-01-03,30Y,30,0.6359046731496755
2024-01-04,1Y,1,0.9983267207227804
2024-01-04,2Y,2,0.9949674531584953
2024-01-04,3Y,3,0.9899110984957463
2024-01-04,4Y,4,0.9834209671437432
2024-01-04,5Y,5,0.9753773530045701
2024-01-04,7Y,7,0.9544821641851683
2024-01-04,10Y,10,0.9161619190586312
2024-01-04,15Y,15,0.8410163822001526
2024-01-04,20Y,20,0.7625244111808144
2024-01-04,25Y,25,0.6943420970962884
2024-01-04,30Y,30,0.637471356079396
2024-01-05,1Y,1,0.9984764206757956
2024-01-05,2Y,2,0.9953106177529751
2024-01-05,3Y,3,0.9904059623541137
2024-01-05,4Y,4,0.9840629527307037
2024-01-05,5Y,5,0.9761831415914632
2024-01-05,7Y,7,0.9555694684260622
2024-01-05,10Y,10,0.9171690710928425
2024-01-05,15Y,15,0.8427739786905701
2024-01-05,20Y,20,0.7653500090147829
2024-01-05,25Y,25,0.6978257931382368
2024-01-05,30Y,30,0.6411025569874195
2024-01-08,1Y,1,0.9984764206757956
2024-01-08,2Y,2,0.9953106177529751
2024-01-08,3Y,3,0.9904059623541137
2024-01-08,4Y,4,0.9840629527307037
2024-01-08,5Y,5,0.9761831415914632
2024-01-08,7Y,7,0.9555694684260622
2024-01-08,10Y,10,0.9171690710928425
2024-01-08,15Y,15,0.8427739786905701
2024-01-08,20Y,20,0.7653500090147829
2024-01-08,25Y,25,0.6978257931382368
2024-01-08,30Y,30,0.6411025569874195
2024-01-09,1Y,1,0.9985263395164908
2024-01-09,2Y,2,0.9954773716403872
2024-01-09,3Y,3,0.9907082909805089
2024-01-09,4Y,4,0.9844892577873505
2024-01-09,5Y,5,0.9767065517701632
2024-01-09,7Y,7,0.9562410452934724
2024-01-09,10Y,10,0.9181843718671605
2024-01-09,15Y,15,0.84412248733434
2024-01-09,20Y,20,0.7666033898604463
2024-01-09,25Y,25,0.6991842887140817
2024-01-09,30Y,30,0.6426526230927545
2024-01-10,1Y,1,0.9986012044059874
2024-01-10,2Y,2,0.9956714840952213
2024-01-10,3Y,3,0.9910204466115317
2024-01-10,4Y,4,0.9848534214240038
2024-01-10,5Y,5,0.9770623071942818
2024-01-10,7Y,7,0.9564939941783431
2024-01-10,10Y,10,0.9183764222334041
2024-01-10,15Y,15,0.8445824539962584
2024-01-10,20Y,20,0.7676612879310838
2024-01-10,25Y,25,0.7006774955431733
2024-01-10,30Y,30,0.6443375524163474
2024-01-11,1Y,1,0.9986610966148751
2024-01-11,2Y,2,0.9958357973927627
2024-01-11,3Y,3,0.9913279231931982
2024-01-11,4Y,4,0.9853495657289422
2024-01-11,5Y,5,0.9778430813571641
2024-01-11,7Y,7,0.9578660887902781
2024-01-11,10Y,10,0.9202273833221093
2024-01-11,15Y,15,0.8468500165999644
2024-01-11,20Y,20,0.7703309749642986
2024-01-11,25Y,25,0.7036783365022616
2024-01-11,30Y,30,0.6477309619542899
2024-01-12,1Y,1,0.998835872003409
2024-01-12,2Y,2,0.9962813126292933
2024-01-12,3Y,3,0.9918728492732206
2024-01-12,4Y,4,0.9860221779741387
2024-01-12,5Y,5,0.9787391728931946
2024-01-12,7Y,7,0.9594353553119183
2024-01-12,10Y,10,0.9228058766486722
2024-01-12,15Y,15,0.8505320248965195
2024-01-12,20Y,20,0.7742767871822658
2024-01-12,25Y,25,0.707441524652144
2024-01-12,30Y,30,0.6510886539056485
2024-01-14,1Y,1,0.9989706263925943
2024-01-14,2Y,2,0.9963706895058841
2024-01-14,3Y,3,0.9918871420827851
2024-01-14,4Y,4,0.9860213335163563
2024-01-14,5Y,5,0.9793034955657919
2024-01-14,7Y,7,0.9607205541986963
2024-01-14,10Y,10,0.9259245918346936
2024-01-14,15Y,15,0.8525100148735044
2024-01-14,20Y,20,0.7749069301267016
2024-01-14,25Y,25,0.7084670385101839
2024-01-14,30Y,30,0.6550188075287819
2024-01-15,1Y,1,0.9987060366709946
2024-01-15,2Y,2,0.9960525468750082
2024-01-15,3Y,3,0.9918542849062154
2024-01-15,4Y,4,0.986251586662647
2024-01-15,5Y,5,0.9791204697238972
2024-01-15,7Y,7,0.960093961803471
2024-01-15,10Y,10,0.9237785486581623
2024-01-15,15Y,15,0.8526863607305365
2024-01-15,20Y,20,0.7779190352747037
2024-01-15,25Y,25,0.7122735276331538
2024-01-15,30Y,30,0.6568833597490826
2024-01-16,1Y,1,0.9985363509216527
2024-01-16,2Y,2,0.9956468165933313
2024-01-16,3Y,3,0.9911251708764629
2024-01-16,4Y,4,0.9851632985928405
2024-01-16,5Y,5,0.9777081394148833
2024-01-16,7Y,7,0.958023700455828
2024-01-16,10Y,10,0.9207986293647341
2024-01-16,15Y,15,0.8484841966759868
2024-01-16,20Y,20,0.7732248187315229
2024-01-16,25Y,25,0.7072425926524318
2024-01-16,30Y,30,0.6515240427202696
2024-01-17,1Y,1,0.9984714779261853
2024-01-17,2Y,2,0.9954726014793512
2024-01-17,3Y,3,0.9908128640415691
2024-01-17,4Y,4,0.984704618797753
2024-01-17,5Y,5,0.9770906291397489
2024-01-17,7Y,7,0.9571572887568076
2024-01-17,10Y,10,0.9195239723980366
2024-01-17,15Y,15,0.846307174307043
2024-01-17,20Y,20,0.7703892473388697
2024-01-17,25Y,25,0.7033273897852016
2024-01-17,30Y,30,0.6461868348847754
2024-01-18,1Y,1,0.998436453940798
2024-01-18,2Y,2,0.9951114998675
2024-01-18,3Y,3,0.990029289882882
2024-01-18,4Y,4,0.9834513775094146
2024-01-18,5Y,5,0.975291377992089
2024-01-18,7Y,7,0.9541193816911905
2024-01-18,10Y,10,0.9148963671245333
2024-01-18,15Y,15,0.8387373970683347
2024-01-18,20Y,20,0.7597451980012367
2024-01-18,25Y,25,0.6906109100837273
2024-01-18,30Y,30,0.6321717619808215
2024-01-19,1Y,1,0.9983317483514377
2024-01-19,2Y,2,0.9950221691313429
2024-01-19,3Y,3,0.9898659341830336
2024-01-19,4Y,4,0.9830765647599777
2024-01-19,5Y,5,0.974648972866675
2024-01-19,7Y,7,0.9528344353045112
2024-01-19,10Y,10,0.9123489038841314
2024-01-19,15Y,15,0.8336495232002732
2024-01-19,20Y,20,0.7520883826022847
2024-01-19,25Y,25,0.6801087100135401
2024-01-19,30Y,30,0.6188196168581298
2024-01-20,1Y,1,0.9983317483514377
2024-01-20,2Y,2,0.9950221691313429
2024-01-20,3Y,3,0.9898659341830336
2024-01-20,4Y,4,0.9830765647599777
2024-01-20,5Y,5,0.974648972866675
2024-01-20,7Y,7,0.9528344353045112
2024-01-20,10Y,10,0.9123489038841314
2024-01-20,15Y,15,0.8336495232002732
2024-01-20,20Y,20,0.7520883826022847
2024-01-20,25Y,25,0.6801087100135401
2024-01-20,30Y,30,0.6188196168581298
2024-01-21,1Y,1,0.9986211612363686
2024-01-21,2Y,2,0.9954119787503778
2024-01-21,3Y,3,0.9900270864644287
2024-01-21,4Y,4,0.9830731123402495
2024-01-21,5Y,5,0.9752534245205426
2024-01-21,7Y,7,0.9542498907773912
2024-01-21,10Y,10,0.9161253291819255
2024-01-21,15Y,15,0.837384113875819
2024-01-21,20Y,20,0.7540669573241859
2024-01-21,25Y,25,0.6821458406092306
2024-01-21,30Y,30,0.6253533259990984
2024-01-22,1Y,1,0.9983766662125448
2024-01-22,2Y,2,0.9951864114203263
2024-01-22,3Y,3,0.9902079234209353
2024-01-22,4Y,4,0.9836559944870877
2024-01-22,5Y,5,0.9754765740247594
2024-01-22,7Y,7,0.9541381236288156
2024-01-22,10Y,10,0.9142018453476308
2024-01-22,15Y,15,0.8362674726290973
2024-01-22,20Y,20,0.7550138545049014
2024-01-22,25Y,25,0.6830607659075361
2024-01-22,30Y,30,0.6218007227895962
2024-01-23,1Y,1,0.9981870959575389
2024-01-23,2Y,2,0.9947039470657617
2024-01-23,3Y,3,0.9893264541428906
2024-01-23,4Y,4,0.9823042529180244
2024-01-23,5Y,5,0.9736430501851712
2024-01-23,7Y,7,0.9515600199192731
2024-01-23,10Y,10,0.9109783179752441
2024-01-23,15Y,15,0.8332134327107341
2024-01-23,20Y,20,0.7529556396481526
2024-01-23,25Y,25,0.6819682423463118
2024-01-23,30Y,30,0.6214415062835823
2024-01-24,1Y,1,0.9979875885639979
2024-01-24,2Y,2,0.994164528178646
2024-01-24,3Y,3,0.9883418942909691
2024-01-24,4Y,4,0.9808786820098045
2024-01-24,5Y,5,0.9718389049772442
2024-01-24,7Y,7,0.9490318916281373
2024-01-24,10Y,10,0.9074465979718985
2024-01-24,15Y,15,0.8279687538481794
2024-01-24,20Y,20,0.7462886684322859
2024-01-24,25Y,25,0.6748644885162067
2024-01-24,30Y,30,0.6147403411789203
2024-01-25,1Y,1,0.9979128069429883
2024-01-25,2Y,2,0.9940005780182978
2024-01-25,3Y,3,0.9880601835165399
2024-01-25,4Y,4,0.9804240591349487
2024-01-25,5Y,5,0.9711111808707791
2024-01-25,7Y,7,0.9476457314689394
2024-01-25,10Y,10,0.9051772325059365
2024-01-25,15Y,15,0.8232680814877239
2024-01-25,20Y,20,0.7394451202836987
2024-01-25,25Y,25,0.6668313385250663
2024-01-25,30Y,30,0.6058810188567858
2024-01-26,1Y,1,0.9980674098778552
2024-01-26,2Y,2,0.9944579456184571
2024-01-26,3Y,3,0.9889059421280565
2024-01-26,4Y,4,0.981602946883878
2024-01-26,5Y,5,0.9726168468294284
2024-01-26,7Y,7,0.9499479616615482
2024-01-26,10Y,10,0.9083004792589041
2024-01-26,15Y,15,0.8273297172771298
2024-01-26,20Y,20,0.7444318250264853
2024-01-26,25Y,25,0.6720571261368566
2024-01-26,30Y,30,0.6107643341125862
2024-01-27,1Y,1,0.9980674098778552
2024-01-27,2Y,2,0.9944579456184571
2024-01-27,3Y,3,0.9889059421280565
2024-01-27,4Y,4,0.981602946883878
2024-01-27,5Y,5,0.9726168468294284
2024-01-27,7Y,7,0.9499479616615482
2024-01-27,10Y,10,0.9083004792589041
2024-01-27,15Y,15,0.8273297172771298
2024-01-27,20Y,20,0.7444318250264853
2024-01-27,25Y,25,0.6720571261368566
2024-01-27,30Y,30,0.6107643341125862
2024-01-28,1Y,1,0.9980674098778552
2024-01-28,2Y,2,0.9944579456184571
2024-01-28,3Y,3,0.9889059421280565
2024-01-28,4Y,4,0.981602946883878
2024-01-28,5Y,5,0.9726168468294284
2024-01-28,7Y,7,0.9499479616615482
2024-01-28,10Y,10,0.9083004792589041
2024-01-28,15Y,15,0.8273297172771298
2024-01-28,20Y,20,0.7444318250264853
2024-01-28,25Y,25,0.6720571261368566
2024-01-28,30Y,30,0.6107643341125862
2024-01-29,1Y,1,0.9979926205265308
2024-01-29,2Y,2,0.9943163706940101
2024-01-29,3Y,3,0.9887083686142756
2024-01-29,4Y,4,0.9813850419689956
2024-01-29,5Y,5,0.972389006410905
2024-01-29,7Y,7,0.9495915698121916
2024-01-29,10Y,10,0.9076342404879794
2024-01-29,15Y,15,0.8259349363354723
2024-01-29,20Y,20,0.7424360591501071
2024-01-29,25Y,25,0.6696126132412104
2024-01-29,30Y,30,0.6082250729603066
2024-01-30,1Y,1,0.9979377742478682
2024-01-30,2Y,2,0.9941996250428006
2024-01-30,3Y,3,0.9885205376201301
2024-01-30,4Y,4,0.9811297869529738
2024-01-30,5Y,5,0.9720873762577147
2024-01-30,7Y,7,0.9492686520386499
2024-01-30,10Y,10,0.907374826114693
2024-01-30,15Y,15,0.8261889382584906
2024-01-30,20Y,20,0.7433559023674174
2024-01-30,25Y,25,0.6709591786494952
2024-01-30,30Y,30,0.6097210077135045
2024-01-31,1Y,1,0.9979527344960665
2024-01-31,2Y,2,0.9942593156928559
2024-01-31,3Y,3,0.988664136449128
2024-01-31,4Y,4,0.9813461559611175
2024-01-31,5Y,5,0.9723259617135096
2024-01-31,7Y,7,0.949447895697349
2024-01-31,10Y,10,0.9074270494149963
2024-01-31,15Y,15,0.8263693467097561
2024-01-31,20Y,20,0.7437522771848947
2024-01-31,25Y,25,0.6714713684191663
2024-01-31,30Y,30,0.610322007637785
2024-02-01,1Y,1,0.9980225573787823
2024-02-01,2Y,2,0.994473112537958
2024-02-01,3Y,3,0.9891096841272651
2024-02-01,4Y,4,0.9820943980583978
2024-02-01,5Y,5,0.9734457050642431
2024-02-01,7Y,7,0.951562413412521
2024-02-01,10Y,10,0.9108015266208437
2024-02-01,15Y,15,0.8317969122113011
2024-02-01,20Y,20,0.7507875930283063
2024-02-01,25Y,25,0.6796585015885465
2024-02-01,30Y,30,0.6192988483461918
2024-02-02,1Y,1,0.9977682888371676
2024-02-02,2Y,2,0.9939067791242452
2024-02-02,3Y,3,0.9882250764061946
2024-02-02,4Y,4,0.9809286254527231
2024-02-02,5Y,5,0.9720242492008234
2024-02-02,7Y,7,0.9495725680728297
2024-02-02,10Y,10,0.9081189059830032
2024-02-02,15Y,15,0.8282306669108013
2024-02-02,20Y,20,0.746691046047823
2024-02-02,25Y,25,0.6751583622967174
2024-02-02,30Y,30,0.6143686565432733
2024-02-04,1Y,1,0.9981023394545121
2024-02-04,2Y,2,0.9943480026479438
2024-02-04,3Y,3,0.9884050059028864
2024-02-04,4Y,4,0.9809241847125355
2024-02-04,5Y,5,0.9725376442785348
2024-02-04,7Y,7,0.9507250763277699
2024-02-04,10Y,10,0.9110514249450365
2024-02-04,15Y,15,0.8311916503215906
2024-02-04,20Y,20,0.7482211896026556
2024-02-04,25Y,25,0.6768007772354622
2024-02-04,30Y,30,0.6198382170996903
2024-02-05,1Y,1,0.9977383527029245
2024-02-05,2Y,2,0.993750141395848
2024-02-05,3Y,3,0.9878538899403286
2024-02-05,4Y,4,0.9803039145818118
2024-02-05,5Y,5,0.9711356752496423
2024-02-05,7Y,7,0.9480822218571138
2024-02-05,10Y,10,0.9058264778531988
2024-02-05,15Y,15,0.825298607867564
2024-02-05,20Y,20,0.7435024674073824
2024-02-05,25Y,25,0.6716967364137243
2024-02-05,30Y,30,0.6106233836129767
2024-02-06,1Y,1,0.997848018773628
2024-02-06,2Y,2,0.9939909964421827
2024-02-06,3Y,3,0.9882640207394424
2024-02-06,4Y,4,0.980897858174476
2024-02-06,5Y,5,0.9718754224292591
2024-02-06,7Y,7,0.9492589070658862
2024-02-06,10Y,10,0.9080899552095184
2024-02-06,15Y,15,0.8284433099316855
2024-02-06,20Y,20,0.7471719284350711
2024-02-06,25Y,25,0.6758638157371399
2024-02-06,30Y,30,0.6152207775724768
2024-02-07,1Y,1,0.9977981642094426
2024-02-07,2Y,2,0.9938767626788768
2024-02-07,3Y,3,0.9880961415797843
2024-02-07,4Y,4,0.9807316661876303
2024-02-07,5Y,5,0.9717801113528715
2024-02-07,7Y,7,0.9493208288884037
2024-02-07,10Y,10,0.907985651237057
2024-02-07,15Y,15,0.8288202605454956
2024-02-07,20Y,20,0.7477749613114735
2024-02-07,25Y,25,0.6765262132710713
2024-02-07,30Y,30,0.616057888661597
2024-02-08,1Y,1,0.9978230986701017
2024-02-08,2Y,2,0.9939263879546747
2024-02-08,3Y,3,0.9881304781629024
2024-02-08,4Y,4,0.9807261446436677
2024-02-08,5Y,5,0.9717846170109905
2024-02-08,7Y,7,0.9494081134458751
2024-02-08,10Y,10,0.9081590349116874
2024-02-08,15Y,15,0.8288308639153832
2024-02-08,20Y,20,0.7478639646543394
2024-02-08,25Y,25,0.6767081643867912
2024-02-08,30Y,30,0.6160182913209151
2024-02-09,1Y,1,0.9979626843459232
2024-02-09,2Y,2,0.9940026737534253
2024-02-09,3Y,3,0.9878963033933696
2024-02-09,4Y,4,0.9802893150660822
2024-02-09,5Y,5,0.9712558880287906
2024-02-09,7Y,7,0.948709248680746
2024-02-09,10Y,10,0.9073291181678499
2024-02-09,15Y,15,0.8275946062690173
2024-02-09,20Y,20,0.7461009572641225
2024-02-09,25Y,25,0.6746563321722697
2024-02-09,30Y,30,0.6138981739149914
2024-02-11,1Y,1,0.9977283687902411
2024-02-11,2Y,2,0.9936854924594086
2024-02-11,3Y,3,0.9877650972322249
2024-02-11,4Y,4,0.9802925928523969
2024-02-11,5Y,5,0.971259852125046
2024-02-11,7Y,7,0.9487143169253173
2024-02-11,10Y,10,0.9073354921213382
2024-02-11,15Y,15,0.8276022877558844
2024-02-11,20Y,20,0.746109249440768
2024-02-11,25Y,25,0.6746646138772953
2024-02-11,30Y,30,0.613906129491716
2024-02-12,1Y,1,0.9977283687902411
2024-02-12,2Y,2,0.9936854924594086
2024-02-12,3Y,3,0.9877650972322249
2024-02-12,4Y,4,0.9802925928523969
2024-02-12,5Y,5,0.971259852125046
2024-02-12,7Y,7,0.9487143169253173
2024-02-12,10Y,10,0.9073354921213382
2024-02-12,15Y,15,0.8276022877558844
2024-02-12,20Y,20,0.746109249440768
2024-02-12,25Y,25,0.6746646138772953
2024-02-12,30Y,30,0.613906129491716
2024-02-13,1Y,1,0.9976187292877728
2024-02-13,2Y,2,0.9934820525118759
2024-02-13,3Y,3,0.9874789850218043
2024-02-13,4Y,4,0.9798708383719588
2024-02-13,5Y,5,0.9706116728417676
2024-02-13,7Y,7,0.9473213116248922
2024-02-13,10Y,10,0.904666962846575
2024-02-13,15Y,15,0.8232873827013574
2024-02-13,20Y,20,0.7410048548529646
2024-02-13,25Y,25,0.6689490377360424
2024-02-13,30Y,30,0.6077896044651215
2024-02-14,1Y,1,0.9974991258368936
2024-02-14,2Y,2,0.9932215166973921
2024-02-14,3Y,3,0.9870892618091941
2024-02-14,4Y,4,0.979435797609387
2024-02-14,5Y,5,0.9702457496442863
2024-02-14,7Y,7,0.9472540121099451
2024-02-14,10Y,10,0.9052540079469451
2024-02-14,15Y,15,0.8249770444991444
2024-02-14,20Y,20,0.7434621091984112
2024-02-14,25Y,25,0.6718634887299471
2024-02-14,30Y,30,0.6109954410438244
2024-02-15,1Y,1,0.9976785626853272
2024-02-15,2Y,2,0.9936683286629747
2024-02-15,3Y,3,0.9878298839863227
2024-02-15,4Y,4,0.9804482411163581
2024-02-15,5Y,5,0.9714950428030142
2024-02-15,7Y,7,0.9490736366046866
2024-02-15,10Y,10,0.9079086029391689
2024-02-15,15Y,15,0.8280822342323423
2024-02-15,20Y,20,0.7461840250799746
2024-02-15,25Y,25,0.6744449943113353
2024-02-15,30Y,30,0.6135890584048068
2024-02-16,1Y,1,0.9976486455261592
2024-02-16,2Y,2,0.9935415698374492
2024-02-16,3Y,3,0.9875380399302383
2024-02-16,4Y,4,0.9799540985166498
2024-02-16,5Y,5,0.9707924169145078
2024-02-16,7Y,7,0.9480362808920721
2024-02-16,10Y,10,0.9065706193738476
2024-02-16,15Y,15,0.8271057065717753
2024-02-16,20Y,20,0.745835528209221
2024-02-16,25Y,25,0.6745026279603951
2024-02-16,30Y,30,0.6138364901089994
2024-02-18,1Y,1,0.9976486455261592
2024-02-18,2Y,2,0.9935415698374492
2024-02-18,3Y,3,0.9875380399302383
2024-02-18,4Y,4,0.9799540985166498
2024-02-18,5Y,5,0.9714439400590206
2024-02-18,7Y,7,0.949468289878743
2024-02-18,10Y,10,0.9103770329054529
2024-02-18,15Y,15,0.8310575269827097
2024-02-18,20Y,20,0.748016912153751
2024-02-18,25Y,25,0.6765233368372067
2024-02-18,30Y,30,0.6202815689073762
2024-02-19,1Y,1,0.9976386869950784
2024-02-19,2Y,2,0.9935590517120125
2024-02-19,3Y,3,0.9876322479629835
2024-02-19,4Y,4,0.9801982324726051
2024-02-19,5Y,5,0.9712478533417718
2024-02-19,7Y,7,0.9488383989043383
2024-02-19,10Y,10,0.9078355571161325
2024-02-19,15Y,15,0.8286972644811555
2024-02-19,20Y,20,0.7475935224179491
2024-02-19,25Y,25,0.6764626612753565
2024-02-19,30Y,30,0.6161457697475384
2024-02-20,1Y,1,0.9975938429135398
2024-02-20,2Y,2,0.9934995929085285
2024-02-20,3Y,3,0.9876079962031896
2024-02-20,4Y,4,0.9802112074334784
2024-02-20,5Y,5,0.9712879425589188
2024-02-20,7Y,7,0.949126625426036
2024-02-20,10Y,10,0.9086703514942945
2024-02-20,15Y,15,0.8309566573811343
2024-02-20,20Y,20,0.7516326438279854
2024-02-20,25Y,25,0.6819467681636532
2024-02-20,30Y,30,0.6225448127457058
2024-02-21,1Y,1,0.9975888724492623
2024-02-21,2Y,2,0.9935269896200535
2024-02-21,3Y,3,0.9876872084420917
2024-02-21,4Y,4,0.9803539696077296
2024-02-21,5Y,5,0.9715276130150851
2024-02-21,7Y,7,0.9496013254182718
2024-02-21,10Y,10,0.909419472884021
2024-02-21,15Y,15,0.8321846247028544
2024-02-21,20Y,20,0.7528688433201104
2024-02-21,25Y,25,0.6833142435761591
2024-02-21,30Y,30,0.6240902083941241
2024-02-22,1Y,1,0.9976187705293834
2024-02-22,2Y,2,0.9936014833681955
2024-02-22,3Y,3,0.9878553714007049
2024-02-22,4Y,4,0.9806464967193373
2024-02-22,5Y,5,0.9724955089232882
2024-02-22,7Y,7,0.951349339139612
2024-02-22,10Y,10,0.913457887051296
2024-02-22,15Y,15,0.836448126585831
2024-02-22,20Y,20,0.7556952721307171
2024-02-22,25Y,25,0.6861735303315772
2024-02-22,30Y,30,0.631163448283393
2024-02-23,1Y,1,0.9976187705293834
2024-02-23,2Y,2,0.9936014833681955
2024-02-23,3Y,3,0.9878553714007049
2024-02-23,4Y,4,0.9806464967193373
2024-02-23,5Y,5,0.9724955089232882
2024-02-23,7Y,7,0.951349339139612
2024-02-23,10Y,10,0.913457887051296
2024-02-23,15Y,15,0.836448126585831
2024-02-23,20Y,20,0.7556952721307171
2024-02-23,25Y,25,0.6861735303315772
2024-02-23,30Y,30,0.631163448283393
2024-02-25,1Y,1,0.9979078837717535
2024-02-25,2Y,2,0.9939904854394302
2024-02-25,3Y,3,0.9879958727412834
2024-02-25,4Y,4,0.9805783812499451
2024-02-25,5Y,5,0.9725261655656059
2024-02-25,7Y,7,0.9515804485070338
2024-02-25,10Y,10,0.9142858939997146
2024-02-25,15Y,15,0.8374976662768466
2024-02-25,20Y,20,0.756573529645689
2024-02-25,25Y,25,0.6869038358635119
2024-02-25,30Y,30,0.6330648019845926
2024-02-26,1Y,1,0.9976536735520087
2024-02-26,2Y,2,0.9937381607707051
2024-02-26,3Y,3,0.9881620944265764
2024-02-26,4Y,4,0.9812224381177772
2024-02-26,5Y,5,0.9728716756644571
2024-02-26,7Y,7,0.9519114350681042
2024-02-26,10Y,10,0.9132634845244744
2024-02-26,15Y,15,0.8378976531610729
2024-02-26,20Y,20,0.7602210536111654
2024-02-26,25Y,25,0.6914600015419908
2024-02-26,30Y,30,0.6324386904446768
2024-02-27,1Y,1,0.9976138079636914
2024-02-27,2Y,2,0.993651273991753
2024-02-27,3Y,3,0.9880089107718129
2024-02-27,4Y,4,0.980981671245946
2024-02-27,5Y,5,0.9725547568054119
2024-02-27,7Y,7,0.9513555007934983
2024-02-27,10Y,10,0.9125119566777138
2024-02-27,15Y,15,0.836755676232815
2024-02-27,20Y,20,0.7588829604992181
2024-02-27,25Y,25,0.6899420708951637
2024-02-27,30Y,30,0.6308914539363155
2024-02-28,1Y,1,0.9976486942671441
2024-02-28,2Y,2,0.9937282250313649
2024-02-28,3Y,3,0.9881075412327888
2024-02-28,4Y,4,0.9810496902092505
2024-02-28,5Y,5,0.9731802780953991
2024-02-28,7Y,7,0.9527545529681648
2024-02-28,10Y,10,0.9158633586241034
2024-02-28,15Y,15,0.8397545374208083
2024-02-28,20Y,20,0.7593033747880372
2024-02-28,25Y,25,0.6894050340929233
2024-02-28,30Y,30,0.6335593111385507
2024-02-29,1Y,1,0.9976038419399663
2024-02-29,2Y,2,0.9936015420807826
2024-02-29,3Y,3,0.9878603710263715
2024-02-29,4Y,4,0.9807085004724281
2024-02-29,5Y,5,0.9721440710472196
2024-02-29,7Y,7,0.9508938694497084
2024-02-29,10Y,10,0.9120389529045909
2024-02-29,15Y,15,0.8359084553666232
2024-02-29,20Y,20,0.7570770329708885
2024-02-29,25Y,25,0.6866578126541405
2024-02-29,30Y,30,0.6258826329742393
2024-03-01,1Y,1,0.9976686357940694
2024-03-01,2Y,2,0.9937679195466799
2024-03-01,3Y,3,0.9881668099639312
2024-03-01,4Y,4,0.9811405199782581
2024-03-01,5Y,5,0.972650227883775
2024-03-01,7Y,7,0.9513257797893842
2024-03-01,10Y,10,0.9124254535767525
2024-03-01,15Y,15,0.8364716913809773
2024-03-01,20Y,20,0.7579609941686023
2024-03-01,25Y,25,0.6880986230012786
2024-03-01,30Y,30,0.6277578485991551
2024-03-03,1Y,1,0.9979627483054871
2024-03-03,2Y,2,0.9941594781034659
2024-03-03,3Y,3,0.9883272810676279
2024-03-03,4Y,4,0.9811490204423399
2024-03-03,5Y,5,0.9734257811032786
2024-03-03,7Y,7,0.9531186119141609
2024-03-03,10Y,10,0.9168061549710446
2024-03-03,15Y,15,0.8412439472035438
2024-03-03,20Y,20,0.7609006925853363
2024-03-03,25Y,25,0.6909519895994074
2024-03-03,30Y,30,0.6357837100108458
2024-03-04,1Y,1,0.9976337567107852
2024-03-04,2Y,2,0.9937208288490803
2024-03-04,3Y,3,0.988157319495515
2024-03-04,4Y,4,0.9812349960522061
2024-03-04,5Y,5,0.9728668069011879
2024-03-04,7Y,7,0.9516398712367565
2024-03-04,10Y,10,0.9125215897412566
2024-03-04,15Y,15,0.8358353611961298
2024-03-04,20Y,20,0.7563572938799329
2024-03-04,25Y,25,0.6858319358535663
2024-03-04,30Y,30,0.625204037885883
2024-03-05,1Y,1,0.9977035483447758
2024-03-05,2Y,2,0.9939344861751381
2024-03-05,3Y,3,0.9885826749541539
2024-03-05,4Y,4,0.9819186873399718
2024-03-05,5Y,5,0.9738736497953954
2024-03-05,7Y,7,0.9533979211064929
2024-03-05,10Y,10,0.9152085198866863
2024-03-05,15Y,15,0.8403460061563465
2024-03-05,20Y,20,0.7624344237317143
2024-03-05,25Y,25,0.6928402359909975
2024-03-05,30Y,30,0.6329977520211043
2024-03-06,1Y,1,0.9978979641506681
2024-03-06,2Y,2,0.994179775507435
2024-03-06,3Y,3,0.988640225556816
2024-03-06,4Y,4,0.9818869803561956
2024-03-06,5Y,5,0.9739452684113477
2024-03-06,7Y,7,0.9537688864557449
2024-03-06,10Y,10,0.9160005381118754
2024-03-06,15Y,15,0.8414887392404332
2024-03-06,20Y,20,0.7632800144733197
2024-03-06,25Y,25,0.6933207724227727
2024-03-06,30Y,30,0.6332328867069988
2024-03-07,1Y,1,0.9975042069747607
2024-03-07,2Y,2,0.9934702286829731
2024-03-07,3Y,3,0.9878268825974619
2024-03-07,4Y,4,0.9808482142764907
2024-03-07,5Y,5,0.9724351231409223
2024-03-07,7Y,7,0.951132279501333
2024-03-07,10Y,10,0.9119861946273715
2024-03-07,15Y,15,0.8361262531392091
2024-03-07,20Y,20,0.7574761415239647
2024-03-07,25Y,25,0.6871884085413077
2024-03-07,30Y,30,0.6265057901468373
2024-03-08,1Y,1,0.9974593557154189
2024-03-08,2Y,2,0.9933734731633613
2024-03-08,3Y,3,0.9877085943942433
2024-03-08,4Y,4,0.9807235615640718
2024-03-08,5Y,5,0.9723045135866817
2024-03-08,7Y,7,0.9510160648117846
2024-03-08,10Y,10,0.9114528882561408
2024-03-08,15Y,15,0.8351113008125914
2024-03-08,20Y,20,0.755559958648335
2024-03-08,25Y,25,0.6846858622294985
2024-03-08,30Y,30,0.6236126708745325
2024-03-09,1Y,1,0.9974593557154189
2024-03-09,2Y,2,0.9933734731633613
2024-03-09,3Y,3,0.9877085943942433
2024-03-09,4Y,4,0.9807235615640718
2024-03-09,5Y,5,0.9723045135866817
2024-03-09,7Y,7,0.9510160648117846
2024-03-09,10Y,10,0.9114528882561408
2024-03-09,15Y,15,0.8351113008125914
2024-03-09,20Y,20,0.755559958648335
2024-03-09,25Y,25,0.6846858622294985
2024-03-09,30Y,30,0.6236126708745325
2024-03-10,1Y,1,0.997758374525568
2024-03-10,2Y,2,0.9937821810001652
2024-03-10,3Y,3,0.9878786836000828
2024-03-10,4Y,4,0.9807194332776475
2024-03-10,5Y,5,0.9728180683320323
2024-03-10,7Y,7,0.9521443457384415
2024-03-10,10Y,10,0.9141088238933758
2024-03-10,15Y,15,0.836394867813989
2024-03-10,20Y,20,0.7553638958278073
2024-03-10,25Y,25,0.6846947671808999
2024-03-10,30Y,30,0.6247349327536158
2024-03-11,1Y,1,0.9975291310703643
2024-03-11,2Y,2,0.9935422329095444
2024-03-11,3Y,3,0.9879255468738132
2024-03-11,4Y,4,0.9809286784339961
2024-03-11,5Y,5,0.9724333170921456
2024-03-11,7Y,7,0.9507110839818232
2024-03-11,10Y,10,0.9106948898728989
2024-03-11,15Y,15,0.8332308108151485
2024-03-11,20Y,20,0.7528014058909112
2024-03-11,25Y,25,0.6815059396287537
2024-03-11,30Y,30,0.620192716086563
2024-03-12,1Y,1,0.9976288019349349
2024-03-12,2Y,2,0.9937855462909606
2024-03-12,3Y,3,0.988310756568168
2024-03-12,4Y,4,0.9814142067017251
2024-03-12,5Y,5,0.9730022788475768
2024-03-12,7Y,7,0.9514012899453566
2024-03-12,10Y,10,0.911146342534065
2024-03-12,15Y,15,0.8336698497815671
2024-03-12,20Y,20,0.7533508460809301
2024-03-12,25Y,25,0.6821461350992146
2024-03-12,30Y,30,0.6211819179181436
2024-03-13,1Y,1,0.9975640126606705
2024-03-13,2Y,2,0.9936714568552358
2024-03-13,3Y,3,0.9882074509460259
2024-03-13,4Y,4,0.9813166829630064
2024-03-13,5Y,5,0.9728516900409973
2024-03-13,7Y,7,0.9512309748325665
2024-03-13,10Y,10,0.911029545807562
2024-03-13,15Y,15,0.8335631034546538
2024-03-13,20Y,20,0.7535971584714835
2024-03-13,25Y,25,0.6826969975167057
2024-03-13,30Y,30,0.6218657567327764
2024-03-14,1Y,1,0.9975241445093248
2024-03-14,2Y,2,0.993547253716601
2024-03-14,3Y,3,0.9879403767656031
2024-03-14,4Y,4,0.980886466422693
2024-03-14,5Y,5,0.9722907009076441
2024-03-14,7Y,7,0.9503384860192116
2024-03-14,10Y,10,0.9093743690303216
2024-03-14,15Y,15,0.830252458923044
2024-03-14,20Y,20,0.7487635969962931
2024-03-14,25Y,25,0.67694366373277
2024-03-14,30Y,30,0.6157134567658936
2024-03-15,1Y,1,0.9976088617775924
2024-03-15,2Y,2,0.9937309120505264
2024-03-15,3Y,3,0.9882019475200536
2024-03-15,4Y,4,0.9812198412972638
2024-03-15,5Y,5,0.9727189063367181
2024-03-15,7Y,7,0.9510525366636217
2024-03-15,10Y,10,0.9107246348051211
2024-03-15,15Y,15,0.8321803763099785
2024-03-15,20Y,20,0.7509589339991977
2024-03-15,25Y,25,0.6794025417544709
2024-03-15,30Y,30,0.6184026518270196
2024-03-17,1Y,1,0.9977784312885402
2024-03-17,2Y,2,0.9940682146231764
2024-03-17,3Y,3,0.9883680488333217
2024-03-17,4Y,4,0.9812168204563465
2024-03-17,5Y,5,0.973278436403612
2024-03-17,7Y,7,0.9522999130807837
2024-03-17,10Y,10,0.9137129728139095
2024-03-17,15Y,15,0.8342616446319503
2024-03-17,20Y,20,0.751549710421702
2024-03-17,25Y,25,0.6802283270986251
2024-03-17,30Y,30,0.6217039330408076
2024-03-18,1Y,1,0.9976487184668562
2024-03-18,2Y,2,0.9938028795208148
2024-03-18,3Y,3,0.9883851065386544
2024-03-18,4Y,4,0.9816262798352126
2024-03-18,5Y,5,0.9734241783291444
2024-03-18,7Y,7,0.952635010044023
2024-03-18,10Y,10,0.9138776571556301
2024-03-18,15Y,15,0.8367955589228161
2024-03-18,20Y,20,0.756854547818452
2024-03-18,25Y,25,0.6863121383358164
2024-03-18,30Y,30,0.6261207114302956
2024-03-19,1Y,1,0.9974693195585447
2024-03-19,2Y,2,0.9934381265041912
2024-03-19,3Y,3,0.987876806764695
2024-03-19,4Y,4,0.9810534998704596
2024-03-19,5Y,5,0.9728722278352977
2024-03-19,7Y,7,0.9521373757656064
2024-03-19,10Y,10,0.9137772634586316
2024-03-19,15Y,15,0.8371464130920846
2024-03-19,20Y,20,0.7578705468446525
2024-03-19,25Y,25,0.6875535494893041
2024-03-19,30Y,30,0.6274204581562178
2024-03-20,1Y,1,0.9974693195585447
2024-03-20,2Y,2,0.9934381265041912
2024-03-20,3Y,3,0.987876806764695
2024-03-20,4Y,4,0.9810534998704596
2024-03-20,5Y,5,0.9728722278352977
2024-03-20,7Y,7,0.9521373757656064
2024-03-20,10Y,10,0.9137772634586316
2024-03-20,15Y,15,0.8371464130920846
2024-03-20,20Y,20,0.7578705468446525
2024-03-20,25Y,25,0.6875535494893041
2024-03-20,30Y,30,0.6274204581562178
2024-03-21,1Y,1,0.9971804000189999
2024-03-21,2Y,2,0.9927807107146497
2024-03-21,3Y,3,0.9868257884317159
2024-03-21,4Y,4,0.979678885096748
2024-03-21,5Y,5,0.9712540857771927
2024-03-21,7Y,7,0.9502313024876121
2024-03-21,10Y,10,0.9113142528404435
2024-03-21,15Y,15,0.8345411050147742
2024-03-21,20Y,20,0.7548642226479547
2024-03-21,25Y,25,0.6842587127843724
2024-03-21,30Y,30,0.6238393124610172
2024-03-22,1Y,1,0.997135616908107
2024-03-22,2Y,2,0.9927287326586434
2024-03-22,3Y,3,0.9867668252370636
2024-03-22,4Y,4,0.9796873420181599
2024-03-22,5Y,5,0.9714469329894023
2024-03-22,7Y,7,0.9507594831803091
2024-03-22,10Y,10,0.9122314580841793
2024-03-22,15Y,15,0.8359900740931719
2024-03-22,20Y,20,0.7564838491626615
2024-03-22,25Y,25,0.6856800788414101
2024-03-22,30Y,30,0.624859556637071
2024-03-25,1Y,1,0.9971455274931136
2024-03-25,2Y,2,0.9926889385697453
2024-03-25,3Y,3,0.9866976821849744
2024-03-25,4Y,4,0.979571777880549
2024-03-25,5Y,5,0.9712466479887909
2024-03-25,7Y,7,0.950463489771454
2024-03-25,10Y,10,0.9116548868400325
2024-03-25,15Y,15,0.8346869389968312
2024-03-25,20Y,20,0.754031072661426
2024-03-25,25Y,25,0.6821370229108067
2024-03-25,30Y,30,0.6204502071325192
2024-03-26,1Y,1,0.9972252248210973
2024-03-26,2Y,2,0.992892342661016
2024-03-26,3Y,3,0.9870331129741379
2024-03-26,4Y,4,0.9800349401123032
2024-03-26,5Y,5,0.971815345427854
2024-03-26,7Y,7,0.9511526254859418
2024-03-26,10Y,10,0.9122462752837556
2024-03-26,15Y,15,0.835627623262767
2024-03-26,20Y,20,0.7555029604541049
2024-03-26,25Y,25,0.683818490186026
2024-03-26,30Y,30,0.6219586485570104
2024-03-27,1Y,1,0.9972551251698007
2024-03-27,2Y,2,0.9929891391407925
2024-03-27,3Y,3,0.9872257593264617
2024-03-27,4Y,4,0.9803591898443278
2024-03-27,5Y,5,0.9723429736412298
2024-03-27,7Y,7,0.9522388209932438
2024-03-27,10Y,10,0.9140716250084577
2024-03-27,15Y,15,0.8382829786627906
2024-03-27,20Y,20,0.758587303480284
2024-03-27,25Y,25,0.6869973701864619
2024-03-27,30Y,30,0.6251849372531377
2024-03-28,1Y,1,0.9972601008976107
2024-03-28,2Y,2,0.9930513206567004
2024-03-28,3Y,3,0.9874336127476725
2024-03-28,4Y,4,0.9806934539229912
2024-03-28,5Y,5,0.9727576241244501
2024-03-28,7Y,7,0.952721511024236
2024-03-28,10Y,10,0.9147924425360064
2024-03-28,15Y,15,0.8392562178404687
2024-03-28,20Y,20,0.7599230724221312
2024-03-28,25Y,25,0.6886939571444031
2024-03-28,30Y,30,0.6272057519325893
2024-03-29,1Y,1,0.9975739696823117
2024-03-29,2Y,2,0.9934672368078578
2024-03-29,3Y,3,0.9876035071694313
2024-03-29,4Y,4,0.9806892001886993
2024-03-29,5Y,5,0.9733597137244513
2024-03-29,7Y,7,0.9540342499037926
2024-03-29,10Y,10,0.9174643073487205
2024-03-29,15Y,15,0.840423949394136
2024-03-29,20Y,20,0.7594918717866207
2024-03-29,25Y,25,0.6880232567397129
2024-03-29,30Y,30,0.6259963768406748
2024-04-01,1Y,1,0.9976287776247416
2024-04-01,2Y,2,0.9935390717086775
2024-04-01,3Y,3,0.9876425453568508
2024-04-01,4Y,4,0.9807081760921251
2024-04-01,5Y,5,0.9733241059450756
2024-04-01,7Y,7,0.9539118592610872
2024-04-01,10Y,10,0.9168826554497435
2024-04-01,15Y,15,0.8395974251492404
2024-04-01,20Y,20,0.7588923581803131
2024-04-01,25Y,25,0.6875308079274881
2024-04-01,30Y,30,0.6247315786715851
2024-04-02,1Y,1,0.9972550877957904
2024-04-02,2Y,2,0.9929145553408989
2024-04-02,3Y,3,0.9870874705935444
2024-04-02,4Y,4,0.98015775700657
2024-04-02,5Y,5,0.9719120862116526
2024-04-02,7Y,7,0.951101192552663
2024-04-02,10Y,10,0.9117443513187917
2024-04-02,15Y,15,0.8339723613605734
2024-04-02,20Y,20,0.7519681714967129
2024-04-02,25Y,25,0.6778772065969036
2024-04-02,30Y,30,0.6135472727254818
2024-04-03,1Y,1,0.997240123113254
2024-04-03,2Y,2,0.9928549868692205
2024-04-03,3Y,3,0.9870036524935839
2024-04-03,4Y,4,0.9800598222549896
2024-04-03,5Y,5,0.9718054677056777
2024-04-03,7Y,7,0.9509727854947684
2024-04-03,10Y,10,0.9115354568262141
2024-04-03,15Y,15,0.8335646955495822
2024-04-03,20Y,20,0.7516491091222565
2024-04-03,25Y,25,0.6774115194041569
2024-04-03,30Y,30,0.612712083282331
2024-04-04,1Y,1,0.9972451176159561
2024-04-04,2Y,2,0.9928723431328293
2024-04-04,3Y,3,0.9869935766758043
2024-04-04,4Y,4,0.9800327107934405
2024-04-04,5Y,5,0.9718253339902132
2024-04-04,7Y,7,0.9511716980849702
2024-04-04,10Y,10,0.911810042363183
2024-04-04,15Y,15,0.8338826106449843
2024-04-04,20Y,20,0.7519248006590006
2024-04-04,25Y,25,0.6779500426091274
2024-04-04,30Y,30,0.6137894886065033
2024-04-05,1Y,1,0.9971953158310872
2024-04-05,2Y,2,0.9927582511519761
2024-04-05,3Y,3,0.9867664384626913
2024-04-05,4Y,4,0.9796868687546582
2024-04-05,5Y,5,0.9714167920926633
2024-04-05,7Y,7,0.9506710368788671
2024-04-05,10Y,10,0.9115171449834895
2024-04-05,15Y,15,0.8338715328194871
2024-04-05,20Y,20,0.7525352114179545
2024-04-05,25Y,25,0.6789767808415449
2024-04-05,30Y,30,0.6151464657862142
2024-04-08,1Y,1,0.9971305644194915
2024-04-08,2Y,2,0.9925995312505147
2024-04-08,3Y,3,0.9864951334809917
2024-04-08,4Y,4,0.9792526937973365
2024-04-08,5Y,5,0.9707735282446096
2024-04-08,7Y,7,0.9496233465251691
2024-04-08,10Y,10,0.9098704966447667
2024-04-08,15Y,15,0.8311477245335431
2024-04-08,20Y,20,0.7486270048786257
2024-04-08,25Y,25,0.6744333128447202
2024-04-08,30Y,30,0.6104877990308257
2024-04-09,1Y,1,0.9970807610317174
2024-04-09,2Y,2,0.9924929550276504
2024-04-09,3Y,3,0.9863523482199512
2024-04-09,4Y,4,0.9790890648312518
2024-04-09,5Y,5,0.970564983287583
2024-04-09,7Y,7,0.9493471123030998
2024-04-09,10Y,10,0.9094028148923761
2024-04-09,15Y,15,0.8304379127418057
2024-04-09,20Y,20,0.7477207463880421
2024-04-09,25Y,25,0.673011676866125
2024-04-09,30Y,30,0.608648132179616
2024-04-10,1Y,1,0.9969413275838019
2024-04-10,2Y,2,0.9921483616071948
2024-04-10,3Y,3,0.9857756451826098
2024-04-10,4Y,4,0.9782565030251534
2024-04-10,5Y,5,0.9694963764045399
2024-04-10,7Y,7,0.9479825771185629
2024-04-10,10Y,10,0.907789136290035
2024-04-10,15Y,15,0.828397913447355
2024-04-10,20Y,20,0.7450789119259107
2024-04-10,25Y,25,0.6699632392798834
2024-04-10,30Y,30,0.6052102224196315
2024-04-11,1Y,1,0.9966924205118268
2024-04-11,2Y,2,0.9915711390479378
2024-04-11,3Y,3,0.984795475777189
2024-04-11,4Y,4,0.9768454305279584
2024-04-11,5Y,5,0.9676132913188031
2024-04-11,7Y,7,0.9448642965549985
2024-04-11,10Y,10,0.902302242358677
2024-04-11,15Y,15,0.8191611378864533
2024-04-11,20Y,20,0.7324931482055752
2024-04-11,25Y,25,0.6550473594862605
2024-04-11,30Y,30,0.5886157573380912
2024-04-12,1Y,1,0.9967671197719956
2024-04-12,2Y,2,0.9917867176512194
2024-04-12,3Y,3,0.9851598829323328
2024-04-12,4Y,4,0.9773711684091
2024-04-12,5Y,5,0.9683511535900272
2024-04-12,7Y,7,0.9459725990983293
2024-04-12,10Y,10,0.903922840577943
2024-04-12,15Y,15,0.8215566867746371
2024-04-12,20Y,20,0.7358471910477115
2024-04-12,25Y,25,0.659342712324063
2024-04-12,30Y,30,0.5936640016848883
2024-04-15,1Y,1,0.9966874385209104
2024-04-15,2Y,2,0.991546332058189
2024-04-15,3Y,3,0.9847610676664755
2024-04-15,4Y,4,0.9768681401744075
2024-04-15,5Y,5,0.9677017546644565
2024-04-15,7Y,7,0.9449605262965256
2024-04-15,10Y,10,0.9023221201118038
2024-04-15,15Y,15,0.818864062956773
2024-04-15,20Y,20,0.7321219070201311
2024-04-15,25Y,25,0.6551302575755606
2024-04-15,30Y,30,0.5893573707684944
2024-04-16,1Y,1,0.9966028402911683
2024-04-16,2Y,2,0.9913631261875921
2024-04-16,3Y,3,0.9844410935603063
2024-04-16,4Y,4,0.9763446727914475
2024-04-16,5Y,5,0.9669542457493541
2024-04-16,7Y,7,0.9438334221677037
2024-04-16,10Y,10,0.9008155514654043
2024-04-16,15Y,15,0.8171721566992998
2024-04-16,20Y,20,0.730344201039242
2024-04-16,25Y,25,0.6533729733117938
2024-04-16,30Y,30,0.5876488637255218
2024-04-17,1Y,1,0.9965879306784582
2024-04-17,2Y,2,0.9913706824397228
2024-04-17,3Y,3,0.9845104014141665
2024-04-17,4Y,4,0.9764994392025513
2024-04-17,5Y,5,0.9671880444145228
2024-04-17,7Y,7,0.9442494543451657
2024-04-17,10Y,10,0.9018982922518347
2024-04-17,15Y,15,0.8185844552964818
2024-04-17,20Y,20,0.7321590213360967
2024-04-17,25Y,25,0.6554555186835429
2024-04-17,30Y,30,0.589900066383227
2024-04-18,1Y,1,0.9966426586425442
2024-04-18,2Y,2,0.9914572165017432
2024-04-18,3Y,3,0.9846283119438439
2024-04-18,4Y,4,0.9767171493721328
2024-04-18,5Y,5,0.9675771991895121
2024-04-18,7Y,7,0.9448495122436246
2024-04-18,10Y,10,0.9028403834750982
2024-04-18,15Y,15,0.820284708506718
2024-04-18,20Y,20,0.7344775028000906
2024-04-18,25Y,25,0.6581213829295469
2024-04-18,30Y,30,0.5925035613496026
2024-04-19,1Y,1,0.9967471905416342
2024-04-19,2Y,2,0.9917396822723888
2024-04-19,3Y,3,0.9851256772515218
2024-04-19,4Y,4,0.9773643620392031
2024-04-19,5Y,5,0.9683666098740189
2024-04-19,7Y,7,0.946036422316275
2024-04-19,10Y,10,0.9046843238013406
2024-04-19,15Y,15,0.8230803051105592
2024-04-19,20Y,20,0.7379290659155524
2024-04-19,25Y,25,0.6619528407372369
2024-04-19,30Y,30,0.5966126085644496
2024-04-22,1Y,1,0.9966974025213451
2024-04-22,2Y,2,0.9915586573525924
2024-04-22,3Y,3,0.9847163381163869
2024-04-22,4Y,4,0.9766957656456666
2024-04-22,5Y,5,0.9673892305653323
2024-04-22,7Y,7,0.9444742545295775
2024-04-22,10Y,10,0.9024189876388982
2024-04-22,15Y,15,0.8197448639182983
2024-04-22,20Y,20,0.7338030462307017
2024-04-22,25Y,25,0.6575329763546477
2024-04-22,30Y,30,0.5922291932302953
2024-04-23,1Y,1,0.9966924429942261
2024-04-23,2Y,2,0.9915561842608778
2024-04-23,3Y,3,0.9847164006424656
2024-04-23,4Y,4,0.9767328361737249
2024-04-23,5Y,5,0.9674329671939704
2024-04-23,7Y,7,0.9443175419501775
2024-04-23,10Y,10,0.9019437692734624
2024-04-23,15Y,15,0.8184593667329324
2024-04-23,20Y,20,0.7316028208399631
2024-04-23,25Y,25,0.6541714789344356
2024-04-23,30Y,30,0.5877112686461534
2024-04-24,1Y,1,0.9966426586425442
2024-04-24,2Y,2,0.991434844981541
2024-04-24,3Y,3,0.9844848593364547
2024-04-24,4Y,4,0.9763017630693832
2024-04-24,5Y,5,0.9667817416468588
2024-04-24,7Y,7,0.9432987296146108
2024-04-24,10Y,10,0.9002840471436206
2024-04-24,15Y,15,0.8163427298173813
2024-04-24,20Y,20,0.7292183697500229
2024-04-24,25Y,25,0.6516273478834512
2024-04-24,30Y,30,0.5849993844065939
2024-04-25,1Y,1,0.996498364363261
2024-04-25,2Y,2,0.9911254435499346
2024-04-25,3Y,3,0.9840228392801403
2024-04-25,4Y,4,0.975734087412693
2024-04-25,5Y,5,0.9661354975718752
2024-04-25,7Y,7,0.9423249227252056
2024-04-25,10Y,10,0.8985470743955958
2024-04-25,15Y,15,0.8142402352660922
2024-04-25,20Y,20,0.7268521185640403
2024-04-25,25Y,25,0.6492567516754489
2024-04-25,30Y,30,0.5829944466756346
2024-04-26,1Y,1,0.9967422082805562
2024-04-26,2Y,2,0.9916924965203425
2024-04-26,3Y,3,0.9849675880384087
2024-04-26,4Y,4,0.977023060927203
2024-04-26,5Y,5,0.9677321890020768
2024-04-26,7Y,7,0.9446261707368915
2024-04-26,10Y,10,0.9020182904181768
2024-04-26,15Y,15,0.8193125564459394
2024-04-26,20Y,20,0.7334240988016911
2024-04-26,25Y,25,0.6571936785317468
2024-04-26,30Y,30,0.5920965418424319
2024-04-29,1Y,1,0.9967422082805562
2024-04-29,2Y,2,0.9916924965203425
2024-04-29,3Y,3,0.9849675880384087
2024-04-29,4Y,4,0.977023060927203
2024-04-29,5Y,5,0.9677321890020768
2024-04-29,7Y,7,0.9446261707368915
2024-04-29,10Y,10,0.9020182904181768
2024-04-29,15Y,15,0.8193125564459394
2024-04-29,20Y,20,0.7334240988016911
2024-04-29,25Y,25,0.6571936785317468
2024-04-29,30Y,30,0.5920965418424319
2024-04-30,1Y,1,0.9967073441940401
2024-04-30,2Y,2,0.9915933957129962
2024-04-30,3Y,3,0.9848348612314035
2024-04-30,4Y,4,0.9769411074736928
2024-04-30,5Y,5,0.9677443883403252
2024-04-30,7Y,7,0.9446918322099566
2024-04-30,10Y,10,0.9019987931626624
2024-04-30,15Y,15,0.8184488874405024
2024-04-30,20Y,20,0.7317383680501665
2024-04-30,25Y,25,0.6548143171346827
2024-04-30,30Y,30,0.5890134693136646
2024-05-01,1Y,1,0.9967571330781133
2024-05-01,2Y,2,0.9917222153354076
2024-05-01,3Y,3,0.9850415944813469
2024-05-01,4Y,4,0.9772146554467495
2024-05-01,5Y,5,0.9680981136741809
2024-05-01,7Y,7,0.9452730700929299
2024-05-01,10Y,10,0.9029913566729342
2024-05-01,15Y,15,0.8197326773915393
2024-05-01,20Y,20,0.7331296840316617
2024-05-01,25Y,25,0.6562010901363814
2024-05-01,30Y,30,0.5904324306008447
2024-05-02,1Y,1,0.9966824791183629
2024-05-02,2Y,2,0.9915513170097828
2024-05-02,3Y,3,0.9847560801752022
2024-05-02,4Y,4,0.9768238000528768
2024-05-02,5Y,5,0.9676433623254233
2024-05-02,7Y,7,0.9447287520842705
2024-05-02,10Y,10,0.9020759533341863
2024-05-02,15Y,15,0.8178479830696184
2024-05-02,20Y,20,0.7303471694634525
2024-05-02,25Y,25,0.6526363843871403
2024-05-02,30Y,30,0.5863424982068103
2024-05-06,1Y,1,0.9966824791183629
2024-05-06,2Y,2,0.9915513170097828
2024-05-06,3Y,3,0.9847560801752022
2024-05-06,4Y,4,0.9768238000528768
2024-05-06,5Y,5,0.9676433623254233
2024-05-06,7Y,7,0.9447287520842705
2024-05-06,10Y,10,0.9061151796880368
2024-05-06,15Y,15,0.8209947233105077
2024-05-06,20Y,20,0.7329475369361896
2024-05-06,25Y,25,0.6551811772154398
2024-05-06,30Y,30,0.5973172167483549
2024-05-07,1Y,1,0.9969863107819168
2024-05-07,2Y,2,0.9922670468600947
2024-05-07,3Y,3,0.9856804529401718
2024-05-07,4Y,4,0.9780521002610976
2024-05-07,5Y,5,0.9693843876060946
2024-05-07,7Y,7,0.9474705604974152
2024-05-07,10Y,10,0.908487625262518
2024-05-07,15Y,15,0.8234493227179635
2024-05-07,20Y,20,0.7355247753778615
2024-05-07,25Y,25,0.659516051574665
2024-05-07,30Y,30,0.5961513195669044
2024-05-08,1Y,1,0.9966874610469936
2024-05-08,2Y,2,0.9915984971174242
2024-05-08,3Y,3,0.984884395514977
2024-05-08,4Y,4,0.9769949816628901
2024-05-08,5Y,5,0.9678076848915872
2024-05-08,7Y,7,0.9450825279701432
2024-05-08,10Y,10,0.9047224428218523
2024-05-08,15Y,15,0.8201386710743838
2024-05-08,20Y,20,0.7331844660140541
2024-05-08,25Y,25,0.6555727906402387
2024-05-08,30Y,30,0.5917678191807565
2024-05-09,1Y,1,0.9966624028419054
2024-05-09,2Y,2,0.9913181232239557
2024-05-09,3Y,3,0.9843621120055034
2024-05-09,4Y,4,0.9763599609134137
2024-05-09,5Y,5,0.9670869694828786
2024-05-09,7Y,7,0.9440647450547425
2024-05-09,10Y,10,0.901702893623762
2024-05-09,15Y,15,0.8207010659989168
2024-05-09,20Y,20,0.730831024402515
2024-05-09,25Y,25,0.6522836574301817
2024-05-09,30Y,30,0.5856984175609113
2024-05-10,1Y,1,0.9965580778514034
2024-05-10,2Y,2,0.9913038350600186
2024-05-10,3Y,3,0.9843972304540399
2024-05-10,4Y,4,0.9763802325596828
2024-05-10,5Y,5,0.9671709999509629
2024-05-10,7Y,7,0.9444450600085101
2024-05-10,10Y,10,0.901574380274598
2024-05-10,15Y,15,0.8176297321999165
2024-05-10,20Y,20,0.730089743892222
2024-05-10,25Y,25,0.6521486867114246
2024-05-10,30Y,30,0.5853322705210067
2024-05-13,1Y,1,0.9966725717374733
2024-05-13,2Y,2,0.9913449763221893
2024-05-13,3Y,3,0.9840401333109674
2024-05-13,4Y,4,0.975680283942339
2024-05-13,5Y,5,0.9662361912974955
2024-05-13,7Y,7,0.9428988797685126
2024-05-13,10Y,10,0.9011675548203385
2024-05-13,15Y,15,0.8158093290384121
2024-05-13,20Y,20,0.7267094769540158
2024-05-13,25Y,25,0.6489049341769165
2024-05-13,30Y,30,0.5843181875764593
2024-05-14,1Y,1,0.9963441656708967
2024-05-14,2Y,2,0.9908336194818738
2024-05-14,3Y,3,0.9836351479131068
2024-05-14,4Y,4,0.975296649632957
2024-05-14,5Y,5,0.9656743665338969
2024-05-14,7Y,7,0.9420280716567566
2024-05-14,10Y,10,0.8980924587061833
2024-05-14,15Y,15,0.8144299706929424
2024-05-14,20Y,20,0.7259791733628945
2024-05-14,25Y,25,0.6470555398979224
2024-05-14,30Y,30,0.5803125717881283
2024-05-15,1Y,1,0.996647708450013
2024-05-15,2Y,2,0.9912879872323153
2024-05-15,3Y,3,0.9839120444073776
2024-05-15,4Y,4,0.975509488445003
2024-05-15,5Y,5,0.9660723518064561
2024-05-15,7Y,7,0.9427598390465552
2024-05-15,10Y,10,0.9030291959927136
2024-05-15,15Y,15,0.818381381117796
2024-05-15,20Y,20,0.7279892644917042
2024-05-15,25Y,25,0.6506603061819708
2024-05-15,30Y,30,0.5895482843931598
2024-05-16,1Y,1,0.9964982690423786
2024-05-16,2Y,2,0.9910808729466325
2024-05-16,3Y,3,0.9840925710572535
2024-05-16,4Y,4,0.9760539946653147
2024-05-16,5Y,5,0.9667703779870849
2024-05-16,7Y,7,0.94404246039424
2024-05-16,10Y,10,0.9034170157462383
2024-05-16,15Y,15,0.8168001165657786
2024-05-16,20Y,20,0.7298274653559859
2024-05-16,25Y,25,0.6513051617961158
2024-05-16,30Y,30,0.5837810240274972
2024-05-17,1Y,1,0.9962944548391003
2024-05-17,2Y,2,0.9908017361102273
2024-05-17,3Y,3,0.9836603310656141
2024-05-17,4Y,4,0.9754053903645299
2024-05-17,5Y,5,0.9659632666627384
2024-05-17,7Y,7,0.9428496080653096
2024-05-17,10Y,10,0.8994677322422063
2024-05-17,15Y,15,0.8145120716315621
2024-05-17,20Y,20,0.7264025029705047
2024-05-17,25Y,25,0.6477557187230442
2024-05-17,30Y,30,0.5800678406444179
2024-05-20,1Y,1,0.99621486035885
2024-05-20,2Y,2,0.9905913616473586
2024-05-20,3Y,3,0.9832915657519672
2024-05-20,4Y,4,0.9748981352318385
2024-05-20,5Y,5,0.9653202818633512
2024-05-20,7Y,7,0.9418352583057309
2024-05-20,10Y,10,0.8982703133476985
2024-05-20,15Y,15,0.8131631793182306
2024-05-20,20Y,20,0.7249195415160157
2024-05-20,25Y,25,0.6460558313996803
2024-05-20,30Y,30,0.5780706197694987
2024-05-21,1Y,1,0.9962198268107326
2024-05-21,2Y,2,0.9905938095375743
2024-05-21,3Y,3,0.983311331547046
2024-05-21,4Y,4,0.9749742565877755
2024-05-21,5Y,5,0.9654713519592995
2024-05-21,7Y,7,0.9423054433103495
2024-05-21,10Y,10,0.8991891839729699
2024-05-21,15Y,15,0.8150105885704918
2024-05-21,20Y,20,0.7278094167652728
2024-05-21,25Y,25,0.6498342608123314
2024-05-21,30Y,30,0.582807276009262
2024-05-22,1Y,1,0.9961452189086092
2024-05-22,2Y,2,0.9904082592181823
2024-05-22,3Y,3,0.9829869370516304
2024-05-22,4Y,4,0.9745010957376775
2024-05-22,5Y,5,0.9648229691750665
2024-05-22,7Y,7,0.9410445567434045
2024-05-22,10Y,10,0.8972319597460551
2024-05-22,15Y,15,0.8113846316239031
2024-05-22,20Y,20,0.7226711152979515
2024-05-22,25Y,25,0.6434939606403559
2024-05-22,30Y,30,0.575313448542885
2024-05-23,1Y,1,0.9961750791730197
2024-05-23,2Y,2,0.9905047994535779
2024-05-23,3Y,3,0.9831292904386081
2024-05-23,4Y,4,0.9746147185508508
2024-05-23,5Y,5,0.9649329442606807
2024-05-23,7Y,7,0.94138621870996
2024-05-23,10Y,10,0.8974142309904651
2024-05-23,15Y,15,0.8115985226291487
2024-05-23,20Y,20,0.7230288239216693
2024-05-23,25Y,25,0.6442052663111425
2024-05-23,30Y,30,0.5765525198305973
2024-05-24,1Y,1,0.9961502106696981
2024-05-24,2Y,2,0.9904255657299739
2024-05-24,3Y,3,0.9829570415436101
2024-05-24,4Y,4,0.9743362823437436
2024-05-24,5Y,5,0.9645110598655586
2024-05-24,7Y,7,0.9406843236809381
2024-05-24,10Y,10,0.8965826158490433
2024-05-24,15Y,15,0.8106590673868241
2024-05-24,20Y,20,0.7220750223442095
2024-05-24,25Y,25,0.6434691800534466
2024-05-24,30Y,30,0.5761956037320735
2024-05-27,1Y,1,0.996398909722094
2024-05-27,2Y,2,0.990763475948208
2024-05-27,3Y,3,0.9831062607582446
2024-05-27,4Y,4,0.9743389815835594
2024-05-27,5Y,5,0.9649626137213837
2024-05-27,7Y,7,0.9416000944275568
2024-05-27,10Y,10,0.8982756320127157
2024-05-27,15Y,15,0.8112788015878248
2024-05-27,20Y,20,0.7218611064721129
2024-05-27,25Y,25,0.6438115635757298
2024-05-27,30Y,30,0.578022834694037
2024-05-28,1Y,1,0.996055696869343
2024-05-28,2Y,2,0.990178203559756
2024-05-28,3Y,3,0.982549399564439
2024-05-28,4Y,4,0.9737785257067743
2024-05-28,5Y,5,0.9637967345166033
2024-05-28,7Y,7,0.9396113534123535
2024-05-28,10Y,10,0.8947995192477349
2024-05-28,15Y,15,0.8086127684814765
2024-05-28,20Y,20,0.7202206743004728
2024-05-28,25Y,25,0.642149990951203
2024-05-28,30Y,30,0.5752424449684282
2024-05-29,1Y,1,0.9958916175692263
2024-05-29,2Y,2,0.9897925543679137
2024-05-29,3Y,3,0.981856900484144
2024-05-29,4Y,4,0.972693963345
2024-05-29,5Y,5,0.9622990276712231
2024-05-29,7Y,7,0.9372314712786174
2024-05-29,10Y,10,0.8912188434489329
2024-05-29,15Y,15,0.8040230102893868
2024-05-29,20Y,20,0.7148826019627136
2024-05-29,25Y,25,0.6363136016477973
2024-05-29,30Y,30,0.569262667693248
2024-05-30,1Y,1,0.9958717359539215
2024-05-30,2Y,2,0.9897157978430181
2024-05-30,3Y,3,0.9816947359648589
2024-05-30,4Y,4,0.972558670246628
2024-05-30,5Y,5,0.9623366395126778
2024-05-30,7Y,7,0.9378131761217327
2024-05-30,10Y,10,0.8928873008909971
2024-05-30,15Y,15,0.8065241992183326
2024-05-30,20Y,20,0.7178539177337605
2024-05-30,25Y,25,0.6395524103632462
2024-05-30,30Y,30,0.5724723626620781
2024-05-31,1Y,1,0.9957922013024888
2024-05-31,2Y,2,0.9895503237510993
2024-05-31,3Y,3,0.9814546699394994
2024-05-31,4Y,4,0.9722109889070906
2024-05-31,5Y,5,0.9618497689034629
2024-05-31,7Y,7,0.9370724079230776
2024-05-31,10Y,10,0.891732776592035
2024-05-31,15Y,15,0.8049077149746635
2024-05-31,20Y,20,0.7158959555167194
2024-05-31,25Y,25,0.6369790462381265
2024-05-31,30Y,30,0.5692637184824128
2024-06-03,1Y,1,0.9959962401765815
2024-06-03,2Y,2,0.9899921913626035
2024-06-03,3Y,3,0.9818149936941535
2024-06-03,4Y,4,0.9725036685764088
2024-06-03,5Y,5,0.9622451336104815
2024-06-03,7Y,7,0.9376995022963895
2024-06-03,10Y,10,0.8927732619487758
2024-06-03,15Y,15,0.8061103848010691
2024-06-03,20Y,20,0.7172619148870645
2024-06-03,25Y,25,0.6384373775248698
2024-06-03,30Y,30,0.5710677166796414
2024-06-04,1Y,1,0.9961004893221613
2024-06-04,2Y,2,0.9902968953928991
2024-06-04,3Y,3,0.9827211354119233
2024-06-04,4Y,4,0.9741034614413421
2024-06-04,5Y,5,0.9644575290785291
2024-06-04,7Y,7,0.9411043958014278
2024-06-04,10Y,10,0.8974953929066726
2024-06-04,15Y,15,0.8129538401602756
2024-06-04,20Y,20,0.7257319840299634
2024-06-04,25Y,25,0.6482516683328678
2024-06-04,30Y,30,0.5816572860827448
2024-06-05,1Y,1,0.9962198522472205
2024-06-05,2Y,2,0.9905788634690441
2024-06-05,3Y,3,0.9832026478871857
2024-06-05,4Y,4,0.9747537960158298
2024-06-05,5Y,5,0.9651949067904483
2024-06-05,7Y,7,0.9419976055889148
2024-06-05,10Y,10,0.8985904629758861
2024-06-05,15Y,15,0.8142586862326874
2024-06-05,20Y,20,0.7270178333505841
2024-06-05,25Y,25,0.6491719827296455
2024-06-05,30Y,30,0.582131653526824
2024-06-06,1Y,1,0.996413802035763
2024-06-06,2Y,2,0.9909423078824584
2024-06-06,3Y,3,0.9837031364317395
2024-06-06,4Y,4,0.9753592464616978
2024-06-06,5Y,5,0.9659322851175575
2024-06-06,7Y,7,0.9431515217370128
2024-06-06,10Y,10,0.9000720951769006
2024-06-06,15Y,15,0.8172323453569851
2024-06-06,20Y,20,0.7316843145360101
2024-06-06,25Y,25,0.6556027564291935
2024-06-06,30Y,30,0.5902736790752124
2024-06-07,1Y,1,0.9961651084338938
2024-06-07,2Y,2,0.9904180041888272
2024-06-07,3Y,3,0.9828680047325771
2024-06-07,4Y,4,0.9741673112707674
2024-06-07,5Y,5,0.9643811425890769
2024-06-07,7Y,7,0.9407935582908687
2024-06-07,10Y,10,0.8969056959687157
2024-06-07,15Y,15,0.8127634500582832
2024-06-07,20Y,20,0.7261587086879763
2024-06-07,25Y,25,0.6492318781164998
2024-06-07,30Y,30,0.5829879689486096
2024-06-10,1Y,1,0.9960855143462785
2024-06-10,2Y,2,0.9901853834651649
2024-06-10,3Y,3,0.9824354618042326
2024-06-10,4Y,4,0.9735506938053585
2024-06-10,5Y,5,0.9635939657004479
2024-06-10,7Y,7,0.9396448002157716
2024-06-10,10Y,10,0.8953642146592137
2024-06-10,15Y,15,0.8105847996259653
2024-06-10,20Y,20,0.7233734816536083
2024-06-10,25Y,25,0.6461611750927709
2024-06-10,30Y,30,0.5799454242967292
2024-06-11,1Y,1,0.9961501847491868
2024-06-11,2Y,2,0.9903809020206161
2024-06-11,3Y,3,0.9828387832357196
2024-06-11,4Y,4,0.9741851108528184
2024-06-11,5Y,5,0.9643715144586542
2024-06-11,7Y,7,0.9405868797605118
2024-06-11,10Y,10,0.89667077470559
2024-06-11,15Y,15,0.8122479213916799
2024-06-11,20Y,20,0.7251556791744249
2024-06-11,25Y,25,0.6479716152277233
2024-06-11,30Y,30,0.5818660476980875
2024-06-12,1Y,1,0.9964437084091166
2024-06-12,2Y,2,0.9910984846483819
2024-06-12,3Y,3,0.9840034490147117
2024-06-12,4Y,4,0.9757571350582777
2024-06-12,5Y,5,0.9663716848510259
2024-06-12,7Y,7,0.9435880569413604
2024-06-12,10Y,10,0.9011521059134648
2024-06-12,15Y,15,0.8183719055932607
2024-06-12,20Y,20,0.7326275328083087
2024-06-12,25Y,25,0.6563828740752453
2024-06-12,30Y,30,0.5910857535341109
2024-06-13,1Y,1,0.9963690410917915
2024-06-13,2Y,2,0.9908681650534997
2024-06-13,3Y,3,0.9836396849426987
2024-06-13,4Y,4,0.9753259764238795
2024-06-13,5Y,5,0.965879794024199
2024-06-13,7Y,7,0.9429417715048359
2024-06-13,10Y,10,0.9002011717353248
2024-06-13,15Y,15,0.8171411943315439
2024-06-13,20Y,20,0.731117182306236
2024-06-13,25Y,25,0.6546867056218989
2024-06-13,30Y,30,0.5892466869295753
2024-06-14,1Y,1,0.9965681328431532
2024-06-14,2Y,2,0.9914651277730543
2024-06-14,3Y,3,0.9847473175096595
2024-06-14,4Y,4,0.9769805418014129
2024-06-14,5Y,5,0.9681444270583459
2024-06-14,7Y,7,0.9464506795451972
2024-06-14,10Y,10,0.9053514437743
2024-06-14,15Y,15,0.8248848649348485
2024-06-14,20Y,20,0.7408566567107495
2024-06-14,25Y,25,0.6655933458432963
2024-06-14,30Y,30,0.6005866237186838
2024-06-17,1Y,1,0.996642749506556
2024-06-17,2Y,2,0.9915763777211443
2024-06-17,3Y,3,0.984864948851741
2024-06-17,4Y,4,0.9770549129561931
2024-06-17,5Y,5,0.9681172752623513
2024-06-17,7Y,7,0.9462354800132244
2024-06-17,10Y,10,0.9049361536028899
2024-06-17,15Y,15,0.8243532792912383
2024-06-17,20Y,20,0.7405258971154656
2024-06-17,25Y,25,0.6653808058400219
2024-06-17,30Y,30,0.6004699485257866
2024-06-18,1Y,1,0.9968170615885188
2024-06-18,2Y,2,0.9918928972338426
2024-06-18,3Y,3,0.9850053062067456
2024-06-18,4Y,4,0.9769699989458633
2024-06-18,5Y,5,0.9679224074344771
2024-06-18,7Y,7,0.945755223139431
2024-06-18,10Y,10,0.9042357836957421
2024-06-18,15Y,15,0.8229683981852851
2024-06-18,20Y,20,0.7382987955436519
2024-06-18,25Y,25,0.6625923566493321
2024-06-18,30Y,30,0.5972946202785903
2024-06-19,1Y,1,0.9968466790191474
2024-06-19,2Y,2,0.9918334335231361
2024-06-19,3Y,3,0.9851542795958845
2024-06-19,4Y,4,0.9773631344420001
2024-06-19,5Y,5,0.9684685632615921
2024-06-19,7Y,7,0.9466190088459869
2024-06-19,10Y,10,0.9056433337693685
2024-06-19,15Y,15,0.8254454630279976
2024-06-19,20Y,20,0.7417093655288892
2024-06-19,25Y,25,0.6668503414558564
2024-06-19,30Y,30,0.6024345280710541
2024-06-20,1Y,1,0.9967273282150048
2024-06-20,2Y,2,0.9917149102774192
2024-06-20,3Y,3,0.9850070662730982
2024-06-20,4Y,4,0.9771363414400508
2024-06-20,5Y,5,0.9681339650193398
2024-06-20,7Y,7,0.9459416948756096
2024-06-20,10Y,10,0.9043363280211775
2024-06-20,15Y,15,0.8232313586962093
2024-06-20,20Y,20,0.7386588810846522
2024-06-20,25Y,25,0.6632911702893987
2024-06-20,30Y,30,0.5985773669683221
2024-06-21,1Y,1,0.9965730678111676
2024-06-21,2Y,2,0.9914005295734702
2024-06-21,3Y,3,0.9845448377532198
2024-06-21,4Y,4,0.9765806365589724
2024-06-21,5Y,5,0.9675260392685225
2024-06-21,7Y,7,0.9452550180400394
2024-06-21,10Y,10,0.9036401021832432
2024-06-21,15Y,15,0.8223760463707683
2024-06-21,20Y,20,0.7377061484441716
2024-06-21,25Y,25,0.661956775760139
2024-06-21,30Y,30,0.5965988445001623
2024-06-24,1Y,1,0.9964635945295516
2024-06-24,2Y,2,0.9911529982812679
2024-06-24,3Y,3,0.9841513803018238
2024-06-24,4Y,4,0.9760165759224444
2024-06-24,5Y,5,0.9667555613478803
2024-06-24,7Y,7,0.9441389087989275
2024-06-24,10Y,10,0.9019388064090148
2024-06-24,15Y,15,0.8192921275701512
2024-06-24,20Y,20,0.7334821555389704
2024-06-24,25Y,25,0.6568296206702027
2024-06-24,30Y,30,0.5908082773002581
2024-06-25,1Y,1,0.9964884620614032
2024-06-25,2Y,2,0.9911801241587826
2024-06-25,3Y,3,0.9841609563718005
2024-06-25,4Y,4,0.9759915176736604
2024-06-25,5Y,5,0.9666620980432439
2024-06-25,7Y,7,0.9437142564831413
2024-06-25,10Y,10,0.9012157410318397
2024-06-25,15Y,15,0.81830005996384
2024-06-25,20Y,20,0.7320450455070933
2024-06-25,25Y,25,0.655059087910038
2024-06-25,30Y,30,0.5888967139762049
2024-06-26,1Y,1,0.9963590809872781
2024-06-26,2Y,2,0.9908260390425163
2024-06-26,3Y,3,0.9834965663863797
2024-06-26,4Y,4,0.9749925670025988
2024-06-26,5Y,5,0.9653350616550165
2024-06-26,7Y,7,0.9416795414421096
2024-06-26,10Y,10,0.8983132711211149
2024-06-26,15Y,15,0.8144311112569819
2024-06-26,20Y,20,0.7274795078682328
2024-06-26,25Y,25,0.6500522467955296
2024-06-26,30Y,30,0.5834039515192161
2024-06-27,1Y,1,0.9961452189086092
2024-06-27,2Y,2,0.9903933573138969
2024-06-27,3Y,3,0.982868323204937
2024-06-27,4Y,4,0.9741625625124573
2024-06-27,5Y,5,0.9642981681184274
2024-06-27,7Y,7,0.9403809053968172
2024-06-27,10Y,10,0.8966593472469501
2024-06-27,15Y,15,0.8123563082841412
2024-06-27,20Y,20,0.7251731740129014
2024-06-27,25Y,25,0.6474962486330219
2024-06-27,30Y,30,0.5807516619158436
2024-06-28,1Y,1,0.9963091810443407
2024-06-28,2Y,2,0.9905261709098437
2024-06-28,3Y,3,0.9829208260669583
2024-06-28,4Y,4,0.9741626098868567
2024-06-28,5Y,5,0.9642416828053336
2024-06-28,7Y,7,0.9402237280354669
2024-06-28,10Y,10,0.8964097254155722
2024-06-28,15Y,15,0.8120920090086422
2024-06-28,20Y,20,0.7250715473074062
2024-06-28,25Y,25,0.6477304431767547
2024-06-28,30Y,30,0.5814757616500241
2024-07-01,1Y,1,0.9960755308399526
2024-07-01,2Y,2,0.9901135303524665
2024-07-01,3Y,3,0.9822631563746056
2024-07-01,4Y,4,0.9731737898713368
2024-07-01,5Y,5,0.9629336870589101
2024-07-01,7Y,7,0.9384657306161549
2024-07-01,10Y,10,0.8937898088122553
2024-07-01,15Y,15,0.8085583720712075
2024-07-01,20Y,20,0.7208729137237051
2024-07-01,25Y,25,0.6427599133358131
2024-07-01,30Y,30,0.5757503540869213
2024-07-02,1Y,1,0.9961003576637681
2024-07-02,2Y,2,0.9900885056011098
2024-07-02,3Y,3,0.9821100467676399
2024-07-02,4Y,4,0.9728702508818573
2024-07-02,5Y,5,0.9624776508850308
2024-07-02,7Y,7,0.93776520957398
2024-07-02,10Y,10,0.892628025435158
2024-07-02,15Y,15,0.8066963122680525
2024-07-02,20Y,20,0.718319790059572
2024-07-02,25Y,25,0.6397481935597389
2024-07-02,30Y,30,0.5723970256873414
2024-07-03,1Y,1,0.9962446089695873
2024-07-03,2Y,2,0.9904198306259766
2024-07-03,3Y,3,0.9826550443535687
2024-07-03,4Y,4,0.9736838480323904
2024-07-03,5Y,5,0.9635980036712553
2024-07-03,7Y,7,0.9394175133433021
2024-07-03,10Y,10,0.8950747061179598
2024-07-03,15Y,15,0.8096456716410946
2024-07-03,20Y,20,0.721871860883396
2024-07-03,25Y,25,0.6436709803701828
2024-07-03,30Y,30,0.5764718938935323
2024-07-04,1Y,1,0.9963688433992569
2024-07-04,2Y,2,0.9905927230818724
2024-07-04,3Y,3,0.9829446790416839
2024-07-04,4Y,4,0.9740876737311673
2024-07-04,5Y,5,0.9640208221815123
2024-07-04,7Y,7,0.9397924051586762
2024-07-04,10Y,10,0.8954403011556142
2024-07-04,15Y,15,0.810127819029086
2024-07-04,20Y,20,0.7223929462474864
2024-07-04,25Y,25,0.6441645621176594
2024-07-04,30Y,30,0.5769657122493396
2024-07-05,1Y,1,0.996284458095719
2024-07-05,2Y,2,0.9906478862374971
2024-07-05,3Y,3,0.9831670236157585
2024-07-05,4Y,4,0.9744627057503992
2024-07-05,5Y,5,0.9646039741379273
2024-07-05,7Y,7,0.9406720268732648
2024-07-05,10Y,10,0.8966519287046384
2024-07-05,15Y,15,0.8118370224292555
2024-07-05,20Y,20,0.7241280419664532
2024-07-05,25Y,25,0.6456449524010988
2024-07-05,30Y,30,0.5780096361336183
2024-07-08,1Y,1,0.996194931004968
2024-07-08,2Y,2,0.9904326427288622
2024-07-08,3Y,3,0.9828083964512248
2024-07-08,4Y,4,0.9739755398198984
2024-07-08,5Y,5,0.9639714155394634
2024-07-08,7Y,7,0.9398998434648418
2024-07-08,10Y,10,0.8956445576880825
2024-07-08,15Y,15,0.8106577299041806
2024-07-08,20Y,20,0.7231022411618561
2024-07-08,25Y,25,0.6447708919534672
2024-07-08,30Y,30,0.5772576977777338
2024-07-09,1Y,1,0.9962942410604295
2024-07-09,2Y,2,0.9904518215257516
2024-07-09,3Y,3,0.9827584080069742
2024-07-09,4Y,4,0.9739283829826223
2024-07-09,5Y,5,0.9639370227110092
2024-07-09,7Y,7,0.9398092780143579
2024-07-09,10Y,10,0.8956470989196064
2024-07-09,15Y,15,0.810401780557743
2024-07-09,20Y,20,0.7226179438618032
2024-07-09,25Y,25,0.644357278548364
2024-07-09,30Y,30,0.5768996117898796
2024-07-10,1Y,1,0.9961849856901585
2024-07-10,2Y,2,0.9904352220206661
2024-07-10,3Y,3,0.9828529081686167
2024-07-10,4Y,4,0.9740415743282886
2024-07-10,5Y,5,0.9640440568693944
2024-07-10,7Y,7,0.9399855254894938
2024-07-10,10Y,10,0.8959086244592764
2024-07-10,15Y,15,0.8107142317555738
2024-07-10,20Y,20,0.7229619949846
2024-07-10,25Y,25,0.6446791128679581
2024-07-10,30Y,30,0.5772476499376351
2024-07-11,1Y,1,0.9963541009629043
2024-07-11,2Y,2,0.9908310644276013
2024-07-11,3Y,3,0.9835311513167926
2024-07-11,4Y,4,0.9750390256841894
2024-07-11,5Y,5,0.9653687009940645
2024-07-11,7Y,7,0.9419191524684059
2024-07-11,10Y,10,0.8984369394636895
2024-07-11,15Y,15,0.8145149995239523
2024-07-11,20Y,20,0.7277506655814958
2024-07-11,25Y,25,0.6500565223335875
2024-07-11,30Y,30,0.5831225240538354
2024-07-12,1Y,1,0.9963591055572486
2024-07-12,2Y,2,0.9908781738331921
2024-07-12,3Y,3,0.9836395667165377
2024-07-12,4Y,4,0.9752323692275985
2024-07-12,5Y,5,0.9656796768251743
2024-07-12,7Y,7,0.9424341575611994
2024-07-12,10Y,10,0.8992660484470256
2024-07-12,15Y,15,0.8151955309868973
2024-07-12,20Y,20,0.7281556312933032
2024-07-12,25Y,25,0.6503894276596834
2024-07-12,30Y,30,0.5833748730550224
2024-07-15,1Y,1,0.9963591055572486
2024-07-15,2Y,2,0.9908781738331921
2024-07-15,3Y,3,0.9836395667165377
2024-07-15,4Y,4,0.9752323692275985
2024-07-15,5Y,5,0.9656796768251743
2024-07-15,7Y,7,0.9424341575611994
2024-07-15,10Y,10,0.8992660484470256
2024-07-15,15Y,15,0.8151955309868973
2024-07-15,20Y,20,0.7281556312933032
2024-07-15,25Y,25,0.6503894276596834
2024-07-15,30Y,30,0.5833748730550224
2024-07-16,1Y,1,0.9964088943264426
2024-07-16,2Y,2,0.9910739361076715
2024-07-16,3Y,3,0.9840483307988245
2024-07-16,4Y,4,0.975880269947809
2024-07-16,5Y,5,0.966601384024863
2024-07-16,7Y,7,0.9439507485676892
2024-07-16,10Y,10,0.9015759093625957
2024-07-16,15Y,15,0.8181767430550667
2024-07-16,20Y,20,0.7315436734732834
2024-07-16,25Y,25,0.6540255072584715
2024-07-16,30Y,30,0.5873835026867487
2024-07-17,1Y,1,0.9962895251068148
2024-07-17,2Y,2,0.9908290379131328
2024-07-17,3Y,3,0.9836897749227849
2024-07-17,4Y,4,0.9754494636874209
2024-07-17,5Y,5,0.9661245026694196
2024-07-17,7Y,7,0.9433869935956589
2024-07-17,10Y,10,0.900868263213897
2024-07-17,15Y,15,0.8175847652461808
2024-07-17,20Y,20,0.7311037161398716
2024-07-17,25Y,25,0.6536568320016306
2024-07-17,30Y,30,0.5871355306324039
2024-07-18,1Y,1,0.9962397942626634
2024-07-18,2Y,2,0.9907226716235836
2024-07-18,3Y,3,0.9834781599365938
2024-07-18,4Y,4,0.9751124364476844
2024-07-18,5Y,5,0.9657329930911827
2024-07-18,7Y,7,0.9429739775314068
2024-07-18,10Y,10,0.9004287670507323
2024-07-18,15Y,15,0.8177168924560474
2024-07-18,20Y,20,0.7321256402543633
2024-07-18,25Y,25,0.6553948618443135
2024-07-18,30Y,30,0.5892827688790098
2024-07-19,1Y,1,0.996493478194762
2024-07-19,2Y,2,0.9910482816068308
2024-07-19,3Y,3,0.9836475036138203
2024-07-19,4Y,4,0.9752358048311344
2024-07-19,5Y,5,0.9659079298756891
2024-07-19,7Y,7,0.9431237290702553
2024-07-19,10Y,10,0.9007714743711644
2024-07-19,15Y,15,0.8181347937772028
2024-07-19,20Y,20,0.7326817820130063
2024-07-19,25Y,25,0.6560823423044099
2024-07-19,30Y,30,0.5900273393390981
2024-07-22,1Y,1,0.9961502494550387
2024-07-22,2Y,2,0.9905000138527537
2024-07-22,3Y,3,0.9831640540728891
2024-07-22,4Y,4,0.974747662389331
2024-07-22,5Y,5,0.9652699649107384
2024-07-22,7Y,7,0.9423128734282463
2024-07-22,10Y,10,0.8998441555949083
2024-07-22,15Y,15,0.8165860230544382
2024-07-22,20Y,20,0.7302301928933784
2024-07-22,25Y,25,0.6528400242053526
2024-07-22,30Y,30,0.5861232487744307
2024-07-23,1Y,1,0.996135339275388
2024-07-23,2Y,2,0.9904703397142424
2024-07-23,3Y,3,0.9831297941352221
2024-07-23,4Y,4,0.9747704693795389
2024-07-23,5Y,5,0.9653878836481868
2024-07-23,7Y,7,0.9427264928660793
2024-07-23,10Y,10,0.9006779162187035
2024-07-23,15Y,15,0.8179406229148809
2024-07-23,20Y,20,0.7322362700211107
2024-07-23,25Y,25,0.655360505793211
2024-07-23,30Y,30,0.5892764691790287
2024-07-24,1Y,1,0.9958718328703515
2024-07-24,2Y,2,0.989939069539458
2024-07-24,3Y,3,0.982364620634114
2024-07-24,4Y,4,0.9737782031317337
2024-07-24,5Y,5,0.9642472220416266
2024-07-24,7Y,7,0.9415434778751578
2024-07-24,10Y,10,0.8996928968214162
2024-07-24,15Y,15,0.816691445386745
2024-07-24,20Y,20,0.7305850671704743
2024-07-24,25Y,25,0.6533705917082803
2024-07-24,30Y,30,0.5868421046993321
2024-07-25,1Y,1,0.9957178237896114
2024-07-25,2Y,2,0.98969230496006
2024-07-25,3Y,3,0.9820860262745456
2024-07-25,4Y,4,0.9735842055933918
2024-07-25,5Y,5,0.9642539777407618
2024-07-25,7Y,7,0.9421876295593856
2024-07-25,10Y,10,0.9012820797537675
2024-07-25,15Y,15,0.8193389779006618
2024-07-25,20Y,20,0.73421832022995
2024-07-25,25Y,25,0.6577122644670661
2024-07-25,30Y,30,0.5918881745597634
2024-07-26,1Y,1,0.9957327664306139
2024-07-26,2Y,2,0.9897814533895194
2024-07-26,3Y,3,0.9823272643094295
2024-07-26,4Y,4,0.9740536331729026
2024-07-26,5Y,5,0.964966966853817
2024-07-26,7Y,7,0.9433732979890475
2024-07-26,10Y,10,0.903098628508565
2024-07-26,15Y,15,0.8222790272446941
2024-07-26,20Y,20,0.7379116831860325
2024-07-26,25Y,25,0.6623007637304252
2024-07-26,30Y,30,0.597306873049988
2024-07-29,1Y,1,0.9957824731551153
2024-07-29,2Y,2,0.9899174585042789
2024-07-29,3Y,3,0.9825975817963204
2024-07-29,4Y,4,0.9744682672991155
2024-07-29,5Y,5,0.9655430270976773
2024-07-29,7Y,7,0.9443808280870489
2024-07-29,10Y,10,0.9047775142593405
2024-07-29,15Y,15,0.8249467686502961
2024-07-29,20Y,20,0.7411041713033887
2024-07-29,25Y,25,0.6658008834048423
2024-07-29,30Y,30,0.6010625548728676
2024-07-30,1Y,1,0.9960110803311144
2024-07-30,2Y,2,0.9903274248830679
2024-07-30,3Y,3,0.9831168047512342
2024-07-30,4Y,4,0.9749987319521596
2024-07-30,5Y,5,0.9660007068195658
2024-07-30,7Y,7,0.9445154917664504
2024-07-30,10Y,10,0.9041962619632091
2024-07-30,15Y,15,0.8241639419414274
2024-07-30,20Y,20,0.7401211174382081
2024-07-30,25Y,25,0.6647088826765449
2024-07-30,30Y,30,0.5998825543761138
2024-07-31,1Y,1,0.995052309717675
2024-07-31,2Y,2,0.9884292819702861
2024-07-31,3Y,3,0.9804033569636088
2024-07-31,4Y,4,0.9716912945679275
2024-07-31,5Y,5,0.9622931605048259
2024-07-31,7Y,7,0.9403455853939003
2024-07-31,10Y,10,0.90002836890229
2024-07-31,15Y,15,0.8198005980787033
2024-07-31,20Y,20,0.7362388079335394
2024-07-31,25Y,25,0.6611531327991247
2024-07-31,30Y,30,0.5965801644942456
2024-08-01,1Y,1,0.9950721661470974
2024-08-01,2Y,2,0.9884836048645697
2024-08-01,3Y,3,0.9805705119953123
2024-08-01,4Y,4,0.9720501068235059
2024-08-01,5Y,5,0.9629038754416492
2024-08-01,7Y,7,0.9418342524105275
2024-08-01,10Y,10,0.9033113048074892
2024-08-01,15Y,15,0.8255468551069839
2024-08-01,20Y,20,0.7439895297304863
2024-08-01,25Y,25,0.6704766722957798
2024-08-01,30Y,30,0.6071013388660459
2024-08-02,1Y,1,0.9957627355570265
2024-08-02,2Y,2,0.9901532544593553
2024-08-02,3Y,3,0.9833320247039183
2024-08-02,4Y,4,0.9758982579486098
2024-08-02,5Y,5,0.9678576373068429
2024-08-02,7Y,7,0.9486839658129095
2024-08-02,10Y,10,0.9123261365381313
2024-08-02,15Y,15,0.8381816240545171
2024-08-02,20Y,20,0.7596289027030229
2024-08-02,25Y,25,0.6884182261265623
2024-08-02,30Y,30,0.6267076136805292
2024-08-05,1Y,1,0.9962649985891439
2024-08-05,2Y,2,0.9914572877102442
2024-08-05,3Y,3,0.9855456254691661
2024-08-05,4Y,4,0.9787962465865021
2024-08-05,5Y,5,0.9711784030035125
2024-08-05,7Y,7,0.9526236025465156
2024-08-05,10Y,10,0.9170175176116567
2024-08-05,15Y,15,0.8448233636401685
2024-08-05,20Y,20,0.7677517985266793
2024-08-05,25Y,25,0.6974415231941538
2024-08-05,30Y,30,0.6364050260681248
2024-08-06,1Y,1,0.9962898442021647
2024-08-06,2Y,2,0.9915291586364655
2024-08-06,3Y,3,0.9857034011629522
2024-08-06,4Y,4,0.9789202303079184
2024-08-06,5Y,5,0.9710135101753538
2024-08-06,7Y,7,0.9513076534543552
2024-08-06,10Y,10,0.9132944391947226
2024-08-06,15Y,15,0.8378040979232958
2024-08-06,20Y,20,0.7575498621881397
2024-08-06,25Y,25,0.6849418159919362
2024-08-06,30Y,30,0.62205046478971
2024-08-07,1Y,1,0.9962053540393184
2024-08-07,2Y,2,0.9914502788893104
2024-08-07,3Y,3,0.9856696063474597
2024-08-07,4Y,4,0.9788274403666437
2024-08-07,5Y,5,0.9706957082621128
2024-08-07,7Y,7,0.9501959364759194
2024-08-07,10Y,10,0.9103070131718505
2024-08-07,15Y,15,0.8295033138469381
2024-08-07,20Y,20,0.7435235144839273
2024-08-07,25Y,25,0.6657329717874048
2024-08-07,30Y,30,0.5984941530791797
2024-08-08,1Y,1,0.9959915391034021
2024-08-08,2Y,2,0.9909801874537065
2024-08-08,3Y,3,0.9850256466885375
2024-08-08,4Y,4,0.9781625016545265
2024-08-08,5Y,5,0.9701339302443505
2024-08-08,7Y,7,0.9504136244977409
2024-08-08,10Y,10,0.9118410814803278
2024-08-08,15Y,15,0.8338662482062733
2024-08-08,20Y,20,0.750738441116575
2024-08-08,25Y,25,0.6754601708574083
2024-08-08,30Y,30,0.6104468115948783
2024-08-09,1Y,1,0.9960661475517144
2024-08-09,2Y,2,0.9911881165047601
2024-08-09,3Y,3,0.9854345820632132
2024-08-09,4Y,4,0.9789473622457212
2024-08-09,5Y,5,0.9714014552622368
2024-08-09,7Y,7,0.9526284882925788
2024-08-09,10Y,10,0.9158129140380057
2024-08-09,15Y,15,0.8400631926497685
2024-08-09,20Y,20,0.7588311873976309
2024-08-09,25Y,25,0.6852146463947005
2024-08-09,30Y,30,0.6215698634221599
2024-08-12,1Y,1,0.9960661475517144
2024-08-12,2Y,2,0.9911881165047601
2024-08-12,3Y,3,0.9854345820632132
2024-08-12,4Y,4,0.9789473622457212
2024-08-12,5Y,5,0.9714014552622368
2024-08-12,7Y,7,0.9526284882925788
2024-08-12,10Y,10,0.9158129140380057
2024-08-12,15Y,15,0.8400631926497685
2024-08-12,20Y,20,0.7588311873976309
2024-08-12,25Y,25,0.6852146463947005
2024-08-12,30Y,30,0.6215698634221599
2024-08-13,1Y,1,0.9962103200822794
2024-08-13,2Y,2,0.9914378270576267
2024-08-13,3Y,3,0.985709378220557
2024-08-13,4Y,4,0.979172797175359
2024-08-13,5Y,5,0.9717060487411661
2024-08-13,7Y,7,0.9535183697445742
2024-08-13,10Y,10,0.9175238218761997
2024-08-13,15Y,15,0.8422529704230008
2024-08-13,20Y,20,0.7609689678784952
2024-08-13,25Y,25,0.6871427858263709
2024-08-13,30Y,30,0.6231003018383753
2024-08-14,1Y,1,0.9961854408098876
2024-08-14,2Y,2,0.9913734638591285
2024-08-14,3Y,3,0.9856456135995131
2024-08-14,4Y,4,0.979188532096718
2024-08-14,5Y,5,0.9718986506782192
2024-08-14,7Y,7,0.95430812196883
2024-08-14,10Y,10,0.919519066393292
2024-08-14,15Y,15,0.8457159630471794
2024-08-14,20Y,20,0.7655049158026137
2024-08-14,25Y,25,0.6923443226600585
2024-08-14,30Y,30,0.6289394573060815
2024-08-15,1Y,1,0.9959814797955568
2024-08-15,2Y,2,0.9908041199982163
2024-08-15,3Y,3,0.9845866827279226
2024-08-15,4Y,4,0.9775408697869827
2024-08-15,5Y,5,0.9696321217307798
2024-08-15,7Y,7,0.950621787066381
2024-08-15,10Y,10,0.9137760386209801
2024-08-15,15Y,15,0.8376815297730691
2024-08-15,20Y,20,0.755591703001025
2024-08-15,25Y,25,0.6811885172444786
2024-08-15,30Y,30,0.6168434061458988
2024-08-16,1Y,1,0.9959863115777494
2024-08-16,2Y,2,0.9906428624647029
2024-08-16,3Y,3,0.9843209443436653
2024-08-16,4Y,4,0.9773391512303536
2024-08-16,5Y,5,0.9694937262716625
2024-08-16,7Y,7,0.9507153777476224
2024-08-16,10Y,10,0.9140026482199621
2024-08-16,15Y,15,0.8377897181957557
2024-08-16,20Y,20,0.755818568272397
2024-08-16,25Y,25,0.6815974987136505
2024-08-16,30Y,30,0.6174957838340966
2024-08-19,1Y,1,0.9957876301089047
2024-08-19,2Y,2,0.9903515334990728
2024-08-19,3Y,3,0.9838988196266328
2024-08-19,4Y,4,0.9766923282811584
2024-08-19,5Y,5,0.9685425686136473
2024-08-19,7Y,7,0.9488044297037771
2024-08-19,10Y,10,0.9103946474119949
2024-08-19,15Y,15,0.8319438334207503
2024-08-19,20Y,20,0.7479808812985013
2024-08-19,25Y,25,0.6725451579368515
2024-08-19,30Y,30,0.6077271869228995
2024-08-20,1Y,1,0.9961057780972373
2024-08-20,2Y,2,0.9907905915016348
2024-08-20,3Y,3,0.9841313318312178
2024-08-20,4Y,4,0.9767973893926065
2024-08-20,5Y,5,0.9686825267716913
2024-08-20,7Y,7,0.9491729445908436
2024-08-20,10Y,10,0.9112154883508622
2024-08-20,15Y,15,0.8331467065251242
2024-08-20,20Y,20,0.7492663043990755
2024-08-20,25Y,25,0.6736301155019375
2024-08-20,30Y,30,0.6087801376138071
2024-08-21,1Y,1,0.9959417286858226
2024-08-21,2Y,2,0.9907100958610445
2024-08-21,3Y,3,0.9844689421425693
2024-08-21,4Y,4,0.9774907580933194
2024-08-21,5Y,5,0.9696634425684304
2024-08-21,7Y,7,0.9506861729199535
2024-08-21,10Y,10,0.9134094037399775
2024-08-21,15Y,15,0.8361761125567846
2024-08-21,20Y,20,0.7531704741359362
2024-08-21,25Y,25,0.6777399539069421
2024-08-21,30Y,30,0.6124363134790202
2024-08-22,1Y,1,0.9958870499509167
2024-08-22,2Y,2,0.9905417581951377
2024-08-22,3Y,3,0.9841193715414853
2024-08-22,4Y,4,0.9769452243505382
2024-08-22,5Y,5,0.9689005364802933
2024-08-22,7Y,7,0.9495066267617776
2024-08-22,10Y,10,0.911452392883982
2024-08-22,15Y,15,0.8339336872599465
2024-08-22,20Y,20,0.7508502957352261
2024-08-22,25Y,25,0.6757201348255146
2024-08-22,30Y,30,0.6112501945139506
2024-08-23,1Y,1,0.9957926200656666
2024-08-23,2Y,2,0.9903539456502222
2024-08-23,3Y,3,0.9838790260509173
2024-08-23,4Y,4,0.9767393770764482
2024-08-23,5Y,5,0.9687975048525942
2024-08-23,7Y,7,0.949671624400104
2024-08-23,10Y,10,0.9121539324109263
2024-08-23,15Y,15,0.8352227329371394
2024-08-23,20Y,20,0.7526411113954783
2024-08-23,25Y,25,0.6780866845441929
2024-08-23,30Y,30,0.6141142559376428
2024-08-26,1Y,1,0.9961157213856844
2024-08-26,2Y,2,0.9907656629248284
2024-08-26,3Y,3,0.984042498476252
2024-08-26,4Y,4,0.9767588852684607
2024-08-26,5Y,5,0.9693863202336781
2024-08-26,7Y,7,0.9508490629029767
2024-08-26,10Y,10,0.9145579720231795
2024-08-26,15Y,15,0.8358879307947045
2024-08-26,20Y,20,0.751976016681106
2024-08-26,25Y,25,0.6775607706836595
2024-08-26,30Y,30,0.6139265628869698
2024-08-27,1Y,1,0.9958124975075043
2024-08-27,2Y,2,0.9903785895687042
2024-08-27,3Y,3,0.983858937531136
2024-08-27,4Y,4,0.9766555908789116
2024-08-27,5Y,5,0.9686458567798002
2024-08-27,7Y,7,0.9491274867643078
2024-08-27,10Y,10,0.9110244423091352
2024-08-27,15Y,15,0.8336659614875634
2024-08-27,20Y,20,0.7505622244559634
2024-08-27,25Y,25,0.6754682359534637
2024-08-27,30Y,30,0.6108960690683609
2024-08-28,1Y,1,0.9957379392482891
2024-08-28,2Y,2,0.9902229160120863
2024-08-28,3Y,3,0.9836430049012056
2024-08-28,4Y,4,0.9763457719152345
2024-08-28,5Y,5,0.9681900466169138
2024-08-28,7Y,7,0.9484610121843712
2024-08-28,10Y,10,0.9101678161400849
2024-08-28,15Y,15,0.8332509978559609
2024-08-28,20Y,20,0.7481763525253443
2024-08-28,25Y,25,0.6731179266972789
2024-08-28,30Y,30,0.6099801161340601
2024-08-29,1Y,1,0.9958571899704098
2024-08-29,2Y,2,0.9904378090055572
2024-08-29,3Y,3,0.983942327573307
2024-08-29,4Y,4,0.9767232014441773
2024-08-29,5Y,5,0.9686195581899417
2024-08-29,7Y,7,0.94883052093408
2024-08-29,10Y,10,0.9102840720008231
2024-08-29,15Y,15,0.8314628043946761
2024-08-29,20Y,20,0.7469615923752281
2024-08-29,25Y,25,0.6704404589369191
2024-08-29,30Y,30,0.604465311532909
2024-08-30,1Y,1,0.9957627772722546
2024-08-30,2Y,2,0.9902500008437427
2024-08-30,3Y,3,0.9836327716760515
2024-08-30,4Y,4,0.9762938852363194
2024-08-30,5Y,5,0.9681313640248548
2024-08-30,7Y,7,0.9481806431207099
2024-08-30,10Y,10,0.9093112734471671
2024-08-30,15Y,15,0.8300434655655616
2024-08-30,20Y,20,0.745077441511629
2024-08-30,25Y,25,0.6682329941328903
2024-08-30,30Y,30,0.6021886349170329
2024-09-02,1Y,1,0.9957180358827457
2024-09-02,2Y,2,0.9901387485629196
2024-09-02,3Y,3,0.9834460426959928
2024-09-02,4Y,4,0.9760155759784953
2024-09-02,5Y,5,0.9676943217439088
2024-09-02,7Y,7,0.9475525155211731
2024-09-02,10Y,10,0.9085132490611193
2024-09-02,15Y,15,0.8290586925169785
2024-09-02,20Y,20,0.7440441185326717
2024-09-02,25Y,25,0.6671794030925109
2024-09-02,30Y,30,0.6008790778885963
2024-09-03,1Y,1,0.99563851151992
2024-09-03,2Y,2,0.9899509149925517
2024-09-03,3Y,3,0.9831712305700306
2024-09-03,4Y,4,0.9757141552950593
2024-09-03,5Y,5,0.9674012478557095
2024-09-03,7Y,7,0.9473973914331112
2024-09-03,10Y,10,0.9089461061681332
2024-09-03,15Y,15,0.8302718827472929
2024-09-03,20Y,20,0.7463221673006527
2024-09-03,25Y,25,0.6702423518387407
2024-09-03,30Y,30,0.6045958788995155
2024-09-04,1Y,1,0.9957925925044744
2024-09-04,2Y,2,0.9903539796963653
2024-09-04,3Y,3,0.9838987801552023
2024-09-04,4Y,4,0.9768033021069732
2024-09-04,5Y,5,0.9689096617754137
2024-09-04,7Y,7,0.9497688279990846
2024-09-04,10Y,10,0.9122548009896857
2024-09-04,15Y,15,0.8349369050622274
2024-09-04,20Y,20,0.751994697002072
2024-09-04,25Y,25,0.6768306031474328
2024-09-04,30Y,30,0.6121326262248817
2024-09-05,1Y,1,0.9957628050188041
2024-09-05,2Y,2,0.9903020891432381
2024-09-05,3Y,3,0.983815300739692
2024-09-05,4Y,4,0.976723189234568
2024-09-05,5Y,5,0.9688819209605807
2024-09-05,7Y,7,0.9499843565186626
2024-09-05,10Y,10,0.9129860244628407
2024-09-05,15Y,15,0.8359633098495303
2024-09-05,20Y,20,0.753385400269034
2024-09-05,25Y,25,0.678500382564399
2024-09-05,30Y,30,0.6136641659096069
2024-09-06,1Y,1,0.9958075349504273
2024-09-06,2Y,2,0.9904133769651438
2024-09-06,3Y,3,0.9840416689412347
2024-09-06,4Y,4,0.9770924550217953
2024-09-06,5Y,5,0.9694263563246259
2024-09-06,7Y,7,0.9508483039704896
2024-09-06,10Y,10,0.914577389909461
2024-09-06,15Y,15,0.8379073915079458
2024-09-06,20Y,20,0.7560218040462836
2024-09-06,25Y,25,0.6816514838921655
2024-09-06,30Y,30,0.6164839818947049
2024-09-09,1Y,1,0.9956087460513542
2024-09-09,2Y,2,0.9899511397023738
2024-09-09,3Y,3,0.9832603422508962
2024-09-09,4Y,4,0.9759943199549691
2024-09-09,5Y,5,0.9680017586402992
2024-09-09,7Y,7,0.9486896627864487
2024-09-09,10Y,10,0.9112702368222441
2024-09-09,15Y,15,0.8340390772727202
2024-09-09,20Y,20,0.7511183683165656
2024-09-09,25Y,25,0.6760323925909355
2024-09-09,30Y,30,0.6112960131233388
2024-09-10,1Y,1,0.9955988102284444
2024-09-10,2Y,2,0.9899388254391789
2024-09-10,3Y,3,0.9832555459548187
2024-09-10,4Y,4,0.9759821540112606
2024-09-10,5Y,5,0.9679333197403025
2024-09-10,7Y,7,0.9484975335284869
2024-09-10,10Y,10,0.9108211488633443
2024-09-10,15Y,15,0.8331587644616077
2024-09-10,20Y,20,0.7498470832180949
2024-09-10,25Y,25,0.6745784767047593
2024-09-10,30Y,30,0.6097182043679739
2024-09-11,1Y,1,0.9956982454575867
2024-09-11,2Y,2,0.9902331344831701
2024-09-11,3Y,3,0.9837716326982164
2024-09-11,4Y,4,0.9766972127194467
2024-09-11,5Y,5,0.968873447847373
2024-09-11,7Y,7,0.9496259889914033
2024-09-11,10Y,10,0.9128598805798087
2024-09-11,15Y,15,0.8355653788801547
2024-09-11,20Y,20,0.7522361737080012
2024-09-11,25Y,25,0.6763969934213927
2024-09-11,30Y,30,0.6111221079734397
2024-09-12,1Y,1,0.9956088034338539
2024-09-12,2Y,2,0.9900255115956061
2024-09-12,3Y,3,0.9834079446844154
2024-09-12,4Y,4,0.9761527144900148
2024-09-12,5Y,5,0.9681412929727701
2024-09-12,7Y,7,0.9487967651863214
2024-09-12,10Y,10,0.9110600041742257
2024-09-12,15Y,15,0.832914200227033
2024-09-12,20Y,20,0.7487271928033257
2024-09-12,25Y,25,0.6728080774725865
2024-09-12,30Y,30,0.6075590052960996
2024-09-13,1Y,1,0.9955740219209162
2024-09-13,2Y,2,0.9899712513940576
2024-09-13,3Y,3,0.9833739606697197
2024-09-13,4Y,4,0.9761091015912391
2024-09-13,5Y,5,0.9680689749440182
2024-09-13,7Y,7,0.9488813766265214
2024-09-13,10Y,10,0.9114259263911326
2024-09-13,15Y,15,0.8331638868027164
2024-09-13,20Y,20,0.7487830196157297
2024-09-13,25Y,25,0.6724453092121749
2024-09-13,30Y,30,0.6065942830246751
2024-09-16,1Y,1,0.9955740219209162
2024-09-16,2Y,2,0.9899712513940576
2024-09-16,3Y,3,0.9833739606697197
2024-09-16,4Y,4,0.9761091015912391
2024-09-16,5Y,5,0.9680689749440182
2024-09-16,7Y,7,0.9488813766265214
2024-09-16,10Y,10,0.9114259263911326
2024-09-16,15Y,15,0.8331638868027164
2024-09-16,20Y,20,0.7487830196157297
2024-09-16,25Y,25,0.6724453092121749
2024-09-16,30Y,30,0.6065942830246751
2024-09-17,1Y,1,0.995638654049834
2024-09-17,2Y,2,0.9901740779158433
2024-09-17,3Y,3,0.9837525826690497
2024-09-17,4Y,4,0.976710351337877
2024-09-17,5Y,5,0.9689577372467264
2024-09-17,7Y,7,0.950333617208656
2024-09-17,10Y,10,0.9136431610863306
2024-09-17,15Y,15,0.8361586585178242
2024-09-17,20Y,20,0.7521261989607062
2024-09-17,25Y,25,0.6762162306757695
2024-09-17,30Y,30,0.6110253082283923
2024-09-18,1Y,1,0.9957131582373161
2024-09-18,2Y,2,0.9902925559521202
2024-09-18,3Y,3,0.9839144566543675
2024-09-18,4Y,4,0.9769247000471917
2024-09-18,5Y,5,0.969194213167581
2024-09-18,7Y,7,0.9503592233448188
2024-09-18,10Y,10,0.9131903554038324
2024-09-18,15Y,15,0.8348208582223157
2024-09-18,20Y,20,0.7499050294294127
2024-09-18,25Y,25,0.6731194325841628
2024-09-18,30Y,30,0.6070538320951794
2024-09-19,1Y,1,0.9957081826135422
2024-09-19,2Y,2,0.990252899515122
2024-09-19,3Y,3,0.9837911931212402
2024-09-19,4Y,4,0.9766426177831004
2024-09-19,5Y,5,0.9686625950258175
2024-09-19,7Y,7,0.9492500590045282
2024-09-19,10Y,10,0.9113754015042603
2024-09-19,15Y,15,0.8312021097116495
2024-09-19,20Y,20,0.7445889028973085
2024-09-19,25Y,25,0.6666365692120196
2024-09-19,30Y,30,0.5999513743753964
2024-09-20,1Y,1,0.9957578567742039
2024-09-20,2Y,2,0.990314518353848
2024-09-20,3Y,3,0.9838250837371272
2024-09-20,4Y,4,0.9766984617553572
2024-09-20,5Y,5,0.9688182331090798
2024-09-20,7Y,7,0.9495710683199889
2024-09-20,10Y,10,0.9119396058228194
2024-09-20,15Y,15,0.8321227538297836
2024-09-20,20Y,20,0.745476066292344
2024-09-20,25Y,25,0.667512227380725
2024-09-20,30Y,30,0.6008593026720566
2024-09-23,1Y,1,0.9957578567742039
2024-09-23,2Y,2,0.990314518353848
2024-09-23,3Y,3,0.9838250837371272
2024-09-23,4Y,4,0.9766984617553572
2024-09-23,5Y,5,0.9688182331090798
2024-09-23,7Y,7,0.9495710683199889
2024-09-23,10Y,10,0.9119396058228194
2024-09-23,15Y,15,0.8321227538297836
2024-09-23,20Y,20,0.745476066292344
2024-09-23,25Y,25,0.667512227380725
2024-09-23,30Y,30,0.6008593026720566
2024-09-24,1Y,1,0.9961406749034655
2024-09-24,2Y,2,0.9911801112722034
2024-09-24,3Y,3,0.9851175653042858
2024-09-24,4Y,4,0.9782539673848257
2024-09-24,5Y,5,0.9705238412543773
2024-09-24,7Y,7,0.9516313141384887
2024-09-24,10Y,10,0.9142674584584036
2024-09-24,15Y,15,0.8335674793936317
2024-09-24,20Y,20,0.7455486718036571
2024-09-24,25Y,25,0.6661946430057127
2024-09-24,30Y,30,0.5981549402744354
2024-09-25,1Y,1,0.9960113959689045
2024-09-25,2Y,2,0.990915492111601
2024-09-25,3Y,3,0.9847489887463089
2024-09-25,4Y,4,0.9777977811421216
2024-09-25,5Y,5,0.9700407956017071
2024-09-25,7Y,7,0.9512916299189061
2024-09-25,10Y,10,0.9139871195181589
2024-09-25,15Y,15,0.8343785782795872
2024-09-25,20Y,20,0.7476485937750569
2024-09-25,25Y,25,0.6687786635377095
2024-09-25,30Y,30,0.6006055116772604
2024-09-26,1Y,1,0.9960909592485359
2024-09-26,2Y,2,0.9911035294638534
2024-09-26,3Y,3,0.9850639185017482
2024-09-26,4Y,4,0.9782649027210631
2024-09-26,5Y,5,0.9706477256691143
2024-09-26,7Y,7,0.9520766632994547
2024-09-26,10Y,10,0.9148502644479808
2024-09-26,15Y,15,0.8345457707643034
2024-09-26,20Y,20,0.7468122623671922
2024-09-26,25Y,25,0.6671320133375581
2024-09-26,30Y,30,0.5985521481766733
2024-09-27,1Y,1,0.9957131582373161
2024-09-27,2Y,2,0.9902553281165577
2024-09-27,3Y,3,0.9837416872630027
2024-09-27,4Y,4,0.9765198855795003
2024-09-27,5Y,5,0.9684921480841004
2024-09-27,7Y,7,0.9492210195075281
2024-09-27,10Y,10,0.9113547235754562
2024-09-27,15Y,15,0.8318367622649024
2024-09-27,20Y,20,0.7456870141515375
2024-09-27,25Y,25,0.6674091621388798
2024-09-27,30Y,30,0.5997552126382478
2024-09-30,1Y,1,0.9955839716613064
2024-09-30,2Y,2,0.9900133244875425
2024-09-30,3Y,3,0.9834575783664057
2024-09-30,4Y,4,0.9762756139336304
2024-09-30,5Y,5,0.9683560801414164
2024-09-30,7Y,7,0.9493791284266396
2024-09-30,10Y,10,0.9119868949228805
2024-09-30,15Y,15,0.8325179475073156
2024-09-30,20Y,20,0.7463227014597371
2024-09-30,25Y,25,0.6681676368429028
2024-09-30,30Y,30,0.6007391410730827
2024-10-01,1Y,1,0.9957678362745312
2024-10-01,2Y,2,0.9904384830356564
2024-10-01,3Y,3,0.9841602540716032
2024-10-01,4Y,4,0.977256711403582
2024-10-01,5Y,5,0.9696355619102218
2024-10-01,7Y,7,0.951109565053682
2024-10-01,10Y,10,0.9141906719979102
2024-10-01,15Y,15,0.8354010264535789
2024-10-01,20Y,20,0.7496724673183546
2024-10-01,25Y,25,0.6716774264127146
2024-10-01,30Y,30,0.6041833912589047
2024-10-02,1Y,1,0.9958920803623871
2024-10-02,2Y,2,0.9906856310900274
2024-10-02,3Y,3,0.984518812903354
2024-10-02,4Y,4,0.9776756908454258
2024-10-02,5Y,5,0.9700451889605385
2024-10-02,7Y,7,0.9515923203840047
2024-10-02,10Y,10,0.9148109033917533
2024-10-02,15Y,15,0.8364172385568192
2024-10-02,20Y,20,0.7511154602771961
2024-10-02,25Y,25,0.673438351852271
2024-10-02,30Y,30,0.6061355237684481
2024-10-03,1Y,1,0.9959318278973839
2024-10-03,2Y,2,0.9907275118631662
2024-10-03,3Y,3,0.9845232692861428
2024-10-03,4Y,4,0.9775938286746232
2024-10-03,5Y,5,0.9698390716246189
2024-10-03,7Y,7,0.9511622275442163
2024-10-03,10Y,10,0.9143302018623732
2024-10-03,15Y,15,0.8358269369519334
2024-10-03,20Y,20,0.7505424523232067
2024-10-03,25Y,25,0.6728499397702883
2024-10-03,30Y,30,0.6056138259790566
2024-10-04,1Y,1,0.9956783856768793
2024-10-04,2Y,2,0.9901935888298652
2024-10-04,3Y,3,0.9836533607482381
2024-10-04,4Y,4,0.9763659466475351
2024-10-04,5Y,5,0.9682444304552303
2024-10-04,7Y,7,0.9488284789613982
2024-10-04,10Y,10,0.911025749808336
2024-10-04,15Y,15,0.8321203283905496
2024-10-04,20Y,20,0.7465120980952973
2024-10-04,25Y,25,0.6683309651529332
2024-10-04,30Y,30,0.6008183351024475
2024-10-07,1Y,1,0.9952561694524221
2024-10-07,2Y,2,0.989316917383305
2024-10-07,3Y,3,0.982358421413854
2024-10-07,4Y,4,0.9747454198820026
2024-10-07,5Y,5,0.9664075158937975
2024-10-07,7Y,7,0.94688644759504
2024-10-07,10Y,10,0.9090617163573763
2024-10-07,15Y,15,0.8293766643956243
2024-10-07,20Y,20,0.7432757802456119
2024-10-07,25Y,25,0.665062173734916
2024-10-07,30Y,30,0.5973958629921133
2024-10-08,1Y,1,0.9953952261586423
2024-10-08,2Y,2,0.9896007802346971
2024-10-08,3Y,3,0.9827454466848837
2024-10-08,4Y,4,0.9751946823952206
2024-10-08,5Y,5,0.9669077856751382
2024-10-08,7Y,7,0.9473238013371207
2024-10-08,10Y,10,0.9093401838344732
2024-10-08,15Y,15,0.8293609067360652
2024-10-08,20Y,20,0.7430659488404843
2024-10-08,25Y,25,0.6648769891029777
2024-10-08,30Y,30,0.5973644240685445
2024-10-09,1Y,1,0.9953853086736066
2024-10-09,2Y,2,0.9896033379444066
2024-10-09,3Y,3,0.9827602732384801
2024-10-09,4Y,4,0.9752019880979235
2024-10-09,5Y,5,0.9668929679814781
2024-10-09,7Y,7,0.9473095641767378
2024-10-09,10Y,10,0.9094038737026902
2024-10-09,15Y,15,0.8292395280708631
2024-10-09,20Y,20,0.7425535850136593
2024-10-09,25Y,25,0.6639772608571617
2024-10-09,30Y,30,0.5960741331337702
2024-10-10,1Y,1,0.9952958773808613
2024-10-10,2Y,2,0.9893438258643935
2024-10-10,3Y,3,0.9822443397689969
2024-10-10,4Y,4,0.974411593157708
2024-10-10,5Y,5,0.9658326865100086
2024-10-10,7Y,7,0.9456930861530523
2024-10-10,10Y,10,0.9068344331164916
2024-10-10,15Y,15,0.8252527820244577
2024-10-10,20Y,20,0.7372457582712411
2024-10-10,25Y,25,0.6575016160542114
2024-10-10,30Y,30,0.5885155023195854
2024-10-11,1Y,1,0.9952710884357469
2024-10-11,2Y,2,0.9893688242572002
2024-10-11,3Y,3,0.9823874522573925
2024-10-11,4Y,4,0.9746340634464942
2024-10-11,5Y,5,0.9660550709263879
2024-10-11,7Y,7,0.9458041691592731
2024-10-11,10Y,10,0.9067472403575352
2024-10-11,15Y,15,0.8249811944854967
2024-10-11,20Y,20,0.7368868295657334
2024-10-11,25Y,25,0.6567449116576073
2024-10-11,30Y,30,0.587456979845975
2024-10-14,1Y,1,0.9952710884357469
2024-10-14,2Y,2,0.9893688242572002
2024-10-14,3Y,3,0.9823874522573925
2024-10-14,4Y,4,0.9746340634464942
2024-10-14,5Y,5,0.9660550709263879
2024-10-14,7Y,7,0.9458041691592731
2024-10-14,10Y,10,0.9067472403575352
2024-10-14,15Y,15,0.8249811944854967
2024-10-14,20Y,20,0.7368868295657334
2024-10-14,25Y,25,0.6567449116576073
2024-10-14,30Y,30,0.587456979845975
2024-10-15,1Y,1,0.9951916632863625
2024-10-15,2Y,2,0.989203435678995
2024-10-15,3Y,3,0.9821177216507687
2024-10-15,4Y,4,0.9742641331213118
2024-10-15,5Y,5,0.965596608794723
2024-10-15,7Y,7,0.945155386378552
2024-10-15,10Y,10,0.9058348254442123
2024-10-15,15Y,15,0.8236706491050109
2024-10-15,20Y,20,0.7353909071880212
2024-10-15,25Y,25,0.6550102431051088
2024-10-15,30Y,30,0.5853816851986143
2024-10-16,1Y,1,0.9952561848681647
2024-10-16,2Y,2,0.9893392188153773
2024-10-16,3Y,3,0.9823631022120161
2024-10-16,4Y,4,0.974639470030031
2024-10-16,5Y,5,0.9660946594654751
2024-10-16,7Y,7,0.9459009704986557
2024-10-16,10Y,10,0.9068260243951196
2024-10-16,15Y,15,0.8249125275188898
2024-10-16,20Y,20,0.7366263963579126
2024-10-16,25Y,25,0.6561636247311879
2024-10-16,30Y,30,0.5863539637910852
2024-10-17,1Y,1,0.9950973002965148
2024-10-17,2Y,2,0.9889713535431217
2024-10-17,3Y,3,0.9817006109751382
2024-10-17,4Y,4,0.9736060877321372
2024-10-17,5Y,5,0.9646677887910482
2024-10-17,7Y,7,0.9436722535273782
2024-10-17,10Y,10,0.9034806511197594
2024-10-17,15Y,15,0.8205797249803082
2024-10-17,20Y,20,0.7319498135823309
2024-10-17,25Y,25,0.6514370268504749
2024-10-17,30Y,30,0.5816104600099319
2024-10-18,1Y,1,0.9950576049836125
2024-10-18,2Y,2,0.9888924030621662
2024-10-18,3Y,3,0.9815929770295843
2024-10-18,4Y,4,0.9735070582033749
2024-10-18,5Y,5,0.964542924726759
2024-10-18,7Y,7,0.9432965223719144
2024-10-18,10Y,10,0.9028000170441239
2024-10-18,15Y,15,0.8197908713774384
2024-10-18,20Y,20,0.7310047137256097
2024-10-18,25Y,25,0.6501976829601177
2024-10-18,30Y,30,0.5800745711376906
2024-10-21,1Y,1,0.9951370613383813
2024-10-21,2Y,2,0.989079990329709
2024-10-21,3Y,3,0.981877157635634
2024-10-21,4Y,4,0.9738395313733469
2024-10-21,5Y,5,0.9649276578138849
2024-10-21,7Y,7,0.9438522498745658
2024-10-21,10Y,10,0.9032839158458601
2024-10-21,15Y,15,0.8198519559717935
2024-10-21,20Y,20,0.7303796105571405
2024-10-21,25Y,25,0.6490080716993071
2024-10-21,30Y,30,0.5785238645512487
2024-10-22,1Y,1,0.9950874200190336
2024-10-22,2Y,2,0.9890036286531199
2024-10-22,3Y,3,0.9817941526585923
2024-10-22,4Y,4,0.9737550592788549
2024-10-22,5Y,5,0.9648466780057411
2024-10-22,7Y,7,0.9438269921360157
2024-10-22,10Y,10,0.9035976190304332
2024-10-22,15Y,15,0.8203556695999783
2024-10-22,20Y,20,0.7312156342109372
2024-10-22,25Y,25,0.6498714638910691
2024-10-22,30Y,30,0.5790138111408961
2024-10-23,1Y,1,0.9950526492671582
2024-10-23,2Y,2,0.9889122775560771
2024-10-23,3Y,3,0.981647079949445
2024-10-23,4Y,4,0.9735482230600999
2024-10-23,5Y,5,0.964551903756206
2024-10-23,7Y,7,0.9433189141752393
2024-10-23,10Y,10,0.9026258596600243
2024-10-23,15Y,15,0.8187483839744145
2024-10-23,20Y,20,0.7289939406336592
2024-10-23,25Y,25,0.6472450959404109
2024-10-23,30Y,30,0.5761959612828926
2024-10-24,1Y,1,0.9950923919285813
2024-10-24,2Y,2,0.9890729900051779
2024-10-24,3Y,3,0.9820453103834861
2024-10-24,4Y,4,0.9742513895097125
2024-10-24,5Y,5,0.965569364602973
2024-10-24,7Y,7,0.9450135728600273
2024-10-24,10Y,10,0.9052870589377068
2024-10-24,15Y,15,0.8220215535231482
2024-10-24,20Y,20,0.7323286439085621
2024-10-24,25Y,25,0.6505994759183729
2024-10-24,30Y,30,0.5796856124054388
2024-10-25,1Y,1,0.9951768239029823
2024-10-25,2Y,2,0.9892779100288955
2024-10-25,3Y,3,0.9823689538594089
2024-10-25,4Y,4,0.9746796013636349
2024-10-25,5Y,5,0.9661001047021146
2024-10-25,7Y,7,0.9457459575179362
2024-10-25,10Y,10,0.906364884259827
2024-10-25,15Y,15,0.8235844457972099
2024-10-25,20Y,20,0.7344647229534567
2024-10-25,25Y,25,0.6533127324637616
2024-10-25,30Y,30,0.5829639769865583
2024-10-28,1Y,1,0.9951072443826179
2024-10-28,2Y,2,0.9890282592033605
2024-10-28,3Y,3,0.9818728536823091
2024-10-28,4Y,4,0.973928560927284
2024-10-28,5Y,5,0.9650889329969552
2024-10-28,7Y,7,0.9440916701918606
2024-10-28,10Y,10,0.9038388142662241
2024-10-28,15Y,15,0.8189539586106335
2024-10-28,20Y,20,0.7275544829146553
2024-10-28,25Y,25,0.644110240355782
2024-10-28,30Y,30,0.5715761443049345
2024-10-29,1Y,1,0.9949781896704555
2024-10-29,2Y,2,0.9887643097937003
2024-10-29,3Y,3,0.9814365890363883
2024-10-29,4Y,4,0.9733009230725228
2024-10-29,5Y,5,0.9642783099636703
2024-10-29,7Y,7,0.9428519645826373
2024-10-29,10Y,10,0.9021081387123512
2024-10-29,15Y,15,0.8165958103573553
2024-10-29,20Y,20,0.7247104399380585
2024-10-29,25Y,25,0.6412885152672011
2024-10-29,30Y,30,0.5690334494751621
2024-10-30,1Y,1,0.9950675485551689
2024-10-30,2Y,2,0.9889864924312373
2024-10-30,3Y,3,0.9818981409758085
2024-10-30,4Y,4,0.9741059015473101
2024-10-30,5Y,5,0.9654254313307072
2024-10-30,7Y,7,0.944602527232067
2024-10-30,10Y,10,0.9044719198981941
2024-10-30,15Y,15,0.8193454852654554
2024-10-30,20Y,20,0.7275602617544831
2024-10-30,25Y,25,0.6438464197739989
2024-10-30,30Y,30,0.5712602137508302
2024-10-31,1Y,1,0.9948938461042821
2024-10-31,2Y,2,0.9886635257409273
2024-10-31,3Y,3,0.9814478727675536
2024-10-31,4Y,4,0.9735477796568524
2024-10-31,5Y,5,0.9648400815196317
2024-10-31,7Y,7,0.9442416527486069
2024-10-31,10Y,10,0.904403380815795
2024-10-31,15Y,15,0.8193923223270846
2024-10-31,20Y,20,0.7276607144456417
2024-10-31,25Y,25,0.6441800367784114
2024-10-31,30Y,30,0.5719706612689536
2024-11-01,1Y,1,0.9948343154040583
2024-11-01,2Y,2,0.9885823363657825
2024-11-01,3Y,3,0.9814045323270649
2024-11-01,4Y,4,0.9736154645151925
2024-11-01,5Y,5,0.9651051090103874
2024-11-01,7Y,7,0.9449819915916468
2024-11-01,10Y,10,0.9059728961690093
2024-11-01,15Y,15,0.821841793147559
2024-11-01,20Y,20,0.7305282588593598
2024-11-01,25Y,25,0.6472914295613607
2024-11-01,30Y,30,0.5752634081928174
2024-11-04,1Y,1,0.9948343154040583
2024-11-04,2Y,2,0.9885823363657825
2024-11-04,3Y,3,0.9814045323270649
2024-11-04,4Y,4,0.9736154645151925
2024-11-04,5Y,5,0.9651051090103874
2024-11-04,7Y,7,0.9449819915916468
2024-11-04,10Y,10,0.9059728961690093
2024-11-04,15Y,15,0.821841793147559
2024-11-04,20Y,20,0.7305282588593598
2024-11-04,25Y,25,0.6472914295613607
2024-11-04,30Y,30,0.5752634081928174
2024-11-05,1Y,1,0.9949584188399383
2024-11-05,2Y,2,0.9888660493999456
2024-11-05,3Y,3,0.9818751153835948
2024-11-05,4Y,4,0.9742575225329764
2024-11-05,5Y,5,0.9658568953105022
2024-11-05,7Y,7,0.9460181683514414
2024-11-05,10Y,10,0.9074012869520469
2024-11-05,15Y,15,0.8233721404817352
2024-11-05,20Y,20,0.7322006973354555
2024-11-05,25Y,25,0.649319725787292
2024-11-05,30Y,30,0.5776487229638657
2024-11-06,1Y,1,0.9945118166461338
2024-11-06,2Y,2,0.9878673383046983
2024-11-06,3Y,3,0.9802737199979751
2024-11-06,4Y,4,0.9720632755883106
2024-11-06,5Y,5,0.963125120129759
2024-11-06,7Y,7,0.942200110245228
2024-11-06,10Y,10,0.902091860329104
2024-11-06,15Y,15,0.8169375446833392
2024-11-06,20Y,20,0.7255260094231215
2024-11-06,25Y,25,0.6427930084631642
2024-11-06,30Y,30,0.5714596970557696
2024-11-07,1Y,1,0.9944820592886698
2024-11-07,2Y,2,0.9878082230161861
2024-11-07,3Y,3,0.9801955904843119
2024-11-07,4Y,4,0.9720278767294771
2024-11-07,5Y,5,0.9631559131046571
2024-11-07,7Y,7,0.9422583508377824
2024-11-07,10Y,10,0.9022690573572694
2024-11-07,15Y,15,0.8174172004430931
2024-11-07,20Y,20,0.7257819220147581
2024-11-07,25Y,25,0.6425427610559709
2024-11-07,30Y,30,0.5704787498208899
2024-11-08,1Y,1,0.9944572714541616
2024-11-08,2Y,2,0.9877812433010548
2024-11-08,3Y,3,0.9801663809709132
2024-11-08,4Y,4,0.9719523994174074
2024-11-08,5Y,5,0.9630204527568511
2024-11-08,7Y,7,0.9421615865187594
2024-11-08,10Y,10,0.9020485753243593
2024-11-08,15Y,15,0.8167450729003221
2024-11-08,20Y,20,0.7251289115480738
2024-11-08,25Y,25,0.6418682025580061
2024-11-08,30Y,30,0.5695246109773429
2024-11-11,1Y,1,0.9943630068242215
2024-11-11,2Y,2,0.9875569884351214
2024-11-11,3Y,3,0.9798043701526945
2024-11-11,4Y,4,0.9714795531909948
2024-11-11,5Y,5,0.9624730798155596
2024-11-11,7Y,7,0.9414904788815411
2024-11-11,10Y,10,0.9011459189159919
2024-11-11,15Y,15,0.8152921108326661
2024-11-11,20Y,20,0.7228433513110032
2024-11-11,25Y,25,0.6389529969457562
2024-11-11,30Y,30,0.5663247655587521
2024-11-12,1Y,1,0.994293553344802
2024-11-12,2Y,2,0.9873448769789701
2024-11-12,3Y,3,0.97938313258672
2024-11-12,4Y,4,0.9708281880874421
2024-11-12,5Y,5,0.9616008714531697
2024-11-12,7Y,7,0.9402529385064983
2024-11-12,10Y,10,0.8995338110942129
2024-11-12,15Y,15,0.813187377231182
2024-11-12,20Y,20,0.7206759200302053
2024-11-12,25Y,25,0.6367617535179593
2024-11-12,30Y,30,0.5643592341447359
2024-11-13,1Y,1,0.9942141910719887
2024-11-13,2Y,2,0.9871576798137163
2024-11-13,3Y,3,0.9790504686129748
2024-11-13,4Y,4,0.9703135430951682
2024-11-13,5Y,5,0.9608832977953418
2024-11-13,7Y,7,0.9390962313825588
2024-11-13,10Y,10,0.8978946539958041
2024-11-13,15Y,15,0.8111579666839013
2024-11-13,20Y,20,0.7184130942769529
2024-11-13,25Y,25,0.6346220368155018
2024-11-13,30Y,30,0.5623873628506877
2024-11-14,1Y,1,0.9941596320518811
2024-11-14,2Y,2,0.9869974477356863
2024-11-14,3Y,3,0.9787273732653893
2024-11-14,4Y,4,0.9697986604351287
2024-11-14,5Y,5,0.9601657392476403
2024-11-14,7Y,7,0.9380009486672356
2024-11-14,10Y,10,0.8961543270415055
2024-11-14,15Y,15,0.808699398785849
2024-11-14,20Y,20,0.7151779225576644
2024-11-14,25Y,25,0.6304961729856419
2024-11-14,30Y,30,0.5575451609904571
2024-11-15,1Y,1,0.9940158805260855
2024-11-15,2Y,2,0.9866823752074287
2024-11-15,3Y,3,0.9782047071408522
2024-11-15,4Y,4,0.9690699074031576
2024-11-15,5Y,5,0.9592399544576936
2024-11-15,7Y,7,0.9366865468529738
2024-11-15,10Y,10,0.8944093706110975
2024-11-15,15Y,15,0.8065515625653236
2024-11-15,20Y,20,0.7129516912388381
2024-11-15,25Y,25,0.6286157784035519
2024-11-15,30Y,30,0.5560764404333319
2024-11-18,1Y,1,0.9940158805260855
2024-11-18,2Y,2,0.9866897994392675
2024-11-18,3Y,3,0.9782292396674546
2024-11-18,4Y,4,0.9690965118895737
2024-11-18,5Y,5,0.959263839830638
2024-11-18,7Y,7,0.936766891856792
2024-11-18,10Y,10,0.8943810160971616
2024-11-18,15Y,15,0.8064750419839126
2024-11-18,20Y,20,0.7129856761955511
2024-11-18,25Y,25,0.6288069444227069
2024-11-18,30Y,30,0.5567462348372414
2024-11-19,1Y,1,0.9941249803890668
2024-11-19,2Y,2,0.9869804777830866
2024-11-19,3Y,3,0.9787868840387688
2024-11-19,4Y,4,0.9699650918355771
2024-11-19,5Y,5,0.9604372071838757
2024-11-19,7Y,7,0.9386582283057217
2024-11-19,10Y,10,0.8973105460831112
2024-11-19,15Y,15,0.8108366984655068
2024-11-19,20Y,20,0.7182250251778178
2024-11-19,25Y,25,0.634511040167899
2024-11-19,30Y,30,0.5625325065892705
2024-11-20,1Y,1,0.9939960758956603
2024-11-20,2Y,2,0.9866801187170515
2024-11-20,3Y,3,0.9782688616506807
2024-11-20,4Y,4,0.9691869243493249
2024-11-20,5Y,5,0.9593847254279511
2024-11-20,7Y,7,0.9369476295714622
2024-11-20,10Y,10,0.8947849322011607
2024-11-20,15Y,15,0.8072902941256455
2024-11-20,20Y,20,0.7138694322675586
2024-11-20,25Y,25,0.6298144384656268
2024-11-20,30Y,30,0.5578216715890503
2024-11-21,1Y,1,0.9938077776170807
2024-11-21,2Y,2,0.9863137576694561
2024-11-21,3Y,3,0.9777276106231745
2024-11-21,4Y,4,0.9684963744776945
2024-11-21,5Y,5,0.9586065663444702
2024-11-21,7Y,7,0.9360503506143569
2024-11-21,10Y,10,0.8940445712531919
2024-11-21,15Y,15,0.8064774094028829
2024-11-21,20Y,20,0.7136298663904549
2024-11-21,25Y,25,0.6303363991721596
2024-11-21,30Y,30,0.5589218255412189
2024-11-22,1Y,1,0.9937879999412332
2024-11-22,2Y,2,0.986341170477573
2024-11-22,3Y,3,0.9778997101001196
2024-11-22,4Y,4,0.9688986015181913
2024-11-22,5Y,5,0.9592294272513784
2024-11-22,7Y,7,0.9371294999746018
2024-11-22,10Y,10,0.8958941321294829
2024-11-22,15Y,15,0.8086185773495658
2024-11-22,20Y,20,0.7157019828584934
2024-11-22,25Y,25,0.6319098814795542
2024-11-22,30Y,30,0.5597843949408079
2024-11-25,1Y,1,0.9937186428829762
2024-11-25,2Y,2,0.9862035035942983
2024-11-25,3Y,3,0.9777343723933569
2024-11-25,4Y,4,0.9687549441357834
2024-11-25,5Y,5,0.9591609750786753
2024-11-25,7Y,7,0.9371865486757142
2024-11-25,10Y,10,0.8958669939386757
2024-11-25,15Y,15,0.8089862586383493
2024-11-25,20Y,20,0.7161449973695315
2024-11-25,25Y,25,0.6323510288863755
2024-11-25,30Y,30,0.5603675361921302
2024-11-26,1Y,1,0.993674049844089
2024-11-26,2Y,2,0.9861001872881991
2024-11-26,3Y,3,0.9775537269905933
2024-11-26,4Y,4,0.9685033662864383
2024-11-26,5Y,5,0.9588641963018651
2024-11-26,7Y,7,0.9367560038751391
2024-11-26,10Y,10,0.8954092315768708
2024-11-26,15Y,15,0.8078740018032142
2024-11-26,20Y,20,0.714492629925807
2024-11-26,25Y,25,0.6303965375305977
2024-11-26,30Y,30,0.5581281108682586
2024-11-27,1Y,1,0.9936542157219316
2024-11-27,2Y,2,0.9860608849501583
2024-11-27,3Y,3,0.9775444767010133
2024-11-27,4Y,4,0.9686092270793877
2024-11-27,5Y,5,0.9591316077247768
2024-11-27,7Y,7,0.9373464628428222
2024-11-27,10Y,10,0.8961910524768827
2024-11-27,15Y,15,0.8084494776470208
2024-11-27,20Y,20,0.7150792310152081
2024-11-27,25Y,25,0.6308842681099237
2024-11-27,30Y,30,0.55834267347256
2024-11-28,1Y,1,0.9937433821626007
2024-11-28,2Y,2,0.986237858450407
2024-11-28,3Y,3,0.9777682690889009
2024-11-28,4Y,4,0.9688301458925629
2024-11-28,5Y,5,0.959354383722245
2024-11-28,7Y,7,0.9377150572870924
2024-11-28,10Y,10,0.8969703715264817
2024-11-28,15Y,15,0.8095225259759944
2024-11-28,20Y,20,0.7160329657462915
2024-11-28,25Y,25,0.6317598524257723
2024-11-28,30Y,30,0.5591269990735884
2024-11-29,1Y,1,0.9937037511517512
2024-11-29,2Y,2,0.9861740388382731
2024-11-29,3Y,3,0.9777298738739179
2024-11-29,4Y,4,0.9688484346609203
2024-11-29,5Y,5,0.9594187025108241
2024-11-29,7Y,7,0.9379746350734238
2024-11-29,10Y,10,0.8975376546772406
2024-11-29,15Y,15,0.810371256670901
2024-11-29,20Y,20,0.717228952310194
2024-11-29,25Y,25,0.6333585755745308
2024-11-29,30Y,30,0.5610292391846607
2024-12-02,1Y,1,0.993485759952074
2024-12-02,2Y,2,0.9856822720761648
2024-12-02,3Y,3,0.976949685311459
2024-12-02,4Y,4,0.967780214310247
2024-12-02,5Y,5,0.958078296821073
2024-12-02,7Y,7,0.9361055100754911
2024-12-02,10Y,10,0.8949869495932546
2024-12-02,15Y,15,0.8072272560249023
2024-12-02,20Y,20,0.7136642180957992
2024-12-02,25Y,25,0.6295944393323369
2024-12-02,30Y,30,0.5573079161045227
2024-12-03,1Y,1,0.9936293980077473
2024-12-03,2Y,2,0.9859672722156617
2024-12-03,3Y,3,0.9774227486455236
2024-12-03,4Y,4,0.9685232051211692
2024-12-03,5Y,5,0.9590613067793499
2024-12-03,7Y,7,0.937533469268497
2024-12-03,10Y,10,0.896807597068589
2024-12-03,15Y,15,0.8096357258007922
2024-12-03,20Y,20,0.7163380425106279
2024-12-03,25Y,25,0.6321685417671721
2024-12-03,30Y,30,0.5597861707761239
2024-12-04,1Y,1,0.9938325008190925
2024-12-04,2Y,2,0.9863704055293062
2024-12-04,3Y,3,0.9779828746428825
2024-12-04,4Y,4,0.9691641092095159
2024-12-04,5Y,5,0.959756754605715
2024-12-04,7Y,7,0.9384042815195826
2024-12-04,10Y,10,0.8980712584378665
2024-12-04,15Y,15,0.8104046106967107
2024-12-04,20Y,20,0.7162573685113597
2024-12-04,25Y,25,0.631145457385743
2024-12-04,30Y,30,0.557811865461602
2024-12-05,1Y,1,0.9937878795384374
2024-12-05,2Y,2,0.9862299826993896
2024-12-05,3Y,3,0.977669702675309
2024-12-05,4Y,4,0.9686373782223132
2024-12-05,5Y,5,0.9590156353381655
2024-12-05,7Y,7,0.9370905766914897
2024-12-05,10Y,10,0.8962075594115783
2024-12-05,15Y,15,0.80807215139667
2024-12-05,20Y,20,0.7133806971193916
2024-12-05,25Y,25,0.6277310656710563
2024-12-05,30Y,30,0.5538154901392832
2024-12-06,1Y,1,0.9939365682878417
2024-12-06,2Y,2,0.9865769520795075
2024-12-06,3Y,3,0.9782802768972595
2024-12-06,4Y,4,0.9695752382148787
2024-12-06,5Y,5,0.9603132816634455
2024-12-06,7Y,7,0.9391698137571769
2024-12-06,10Y,10,0.8991001929757434
2024-12-06,15Y,15,0.8124975827158012
2024-12-06,20Y,20,0.7193089546949721
2024-12-06,25Y,25,0.6349620275585686
2024-12-06,30Y,30,0.5621188530588291
2024-12-09,1Y,1,0.9940307199638636
2024-12-09,2Y,2,0.9867267735612815
2024-12-09,3Y,3,0.9784159460780075
2024-12-09,4Y,4,0.9695989243618525
2024-12-09,5Y,5,0.9601735061534037
2024-12-09,7Y,7,0.9387729884009478
2024-12-09,10Y,10,0.898102662391774
2024-12-09,15Y,15,0.8111486633989742
2024-12-09,20Y,20,0.7179763538071116
2024-12-09,25Y,25,0.6336325589743853
2024-12-09,30Y,30,0.5609671136629755
2024-12-10,1Y,1,0.9939266376898166
2024-12-10,2Y,2,0.986497916127173
2024-12-10,3Y,3,0.9780448998287287
2024-12-10,4Y,4,0.9690956591216174
2024-12-10,5Y,5,0.9595211066452928
2024-12-10,7Y,7,0.9377184087149787
2024-12-10,10Y,10,0.8968811768641752
2024-12-10,15Y,15,0.8099670573181323
2024-12-10,20Y,20,0.7168289621482725
2024-12-10,25Y,25,0.6328030428087981
2024-12-10,30Y,30,0.5605072733967553
2024-12-11,1Y,1,0.9940158417796922
2024-12-11,2Y,2,0.9866749946857164
2024-12-11,3Y,3,0.9782984246425811
2024-12-11,4Y,4,0.9693997039851457
2024-12-11,5Y,5,0.9598501774332237
2024-12-11,7Y,7,0.9380332770262378
2024-12-11,10Y,10,0.8974473909039794
2024-12-11,15Y,15,0.8108712907547959
2024-12-11,20Y,20,0.7184410353673725
2024-12-11,25Y,25,0.6350633217364122
2024-12-11,30Y,30,0.5631991316356613
2024-12-12,1Y,1,0.9940852693571488
2024-12-12,2Y,2,0.9868646817549221
2024-12-12,3Y,3,0.9786258562933222
2024-12-12,4Y,4,0.9698698994599724
2024-12-12,5Y,5,0.9604943036079063
2024-12-12,7Y,7,0.9390904351810584
2024-12-12,10Y,10,0.8989219306855661
2024-12-12,15Y,15,0.8134006321111672
2024-12-12,20Y,20,0.7218440703896022
2024-12-12,25Y,25,0.6391858948057926
2024-12-12,30Y,30,0.567848681644463
2024-12-13,1Y,1,0.9941299087954832
2024-12-13,2Y,2,0.9869829260515607
2024-12-13,3Y,3,0.9788163916599436
2024-12-13,4Y,4,0.9700726196749685
2024-12-13,5Y,5,0.9606798176375189
2024-12-13,7Y,7,0.9391736893794339
2024-12-13,10Y,10,0.8987347650114731
2024-12-13,15Y,15,0.8122352221803585
2024-12-13,20Y,20,0.7197311949592167
2024-12-13,25Y,25,0.6362106749835944
2024-12-13,30Y,30,0.5638113826470521
2024-12-16,1Y,1,0.9940109147695274
2024-12-16,2Y,2,0.9866799714586686
2024-12-16,3Y,3,0.9783033202386098
2024-12-16,4Y,4,0.9693996778681578
2024-12-16,5Y,5,0.9598208122123676
2024-12-16,7Y,7,0.9378310611421714
2024-12-16,10Y,10,0.8968601031089988
2024-12-16,15Y,15,0.8099556988619777
2024-12-16,20Y,20,0.7166657009760302
2024-12-16,25Y,25,0.6325939673814474
2024-12-16,30Y,30,0.5602877300554239
2024-12-17,1Y,1,0.9939217314140468
2024-12-17,2Y,2,0.9865399856337307
2024-12-17,3Y,3,0.9781428910222149
2024-12-17,4Y,4,0.9692070387027749
2024-12-17,5Y,5,0.9595968476387922
2024-12-17,7Y,7,0.9375766142990901
2024-12-17,10Y,10,0.89645238189273
2024-12-17,15Y,15,0.8096713423143541
2024-12-17,20Y,20,0.7164805069133579
2024-12-17,25Y,25,0.6324857249149871
2024-12-17,30Y,30,0.5601671530310173
2024-12-18,1Y,1,0.9939415532055056
2024-12-18,2Y,2,0.9865941806667615
2024-12-18,3Y,3,0.978240622671696
2024-12-18,4Y,4,0.9693426747551704
2024-12-18,5Y,5,0.959794030656939
2024-12-18,7Y,7,0.93790672674918
2024-12-18,10Y,10,0.8971919569157721
2024-12-18,15Y,15,0.8102398616946507
2024-12-18,20Y,20,0.7172818763906618
2024-12-18,25Y,25,0.6334575673503117
2024-12-18,30Y,30,0.5612487943009637
2024-12-19,1Y,1,0.994119937926503
2024-12-19,2Y,2,0.9868816258021639
2024-12-19,3Y,3,0.9785762383575924
2024-12-19,4Y,4,0.9697474902356181
2024-12-19,5Y,5,0.9602367911973582
2024-12-19,7Y,7,0.938206589090376
2024-12-19,10Y,10,0.8975696270817349
2024-12-19,15Y,15,0.8104684477712855
2024-12-19,20Y,20,0.7167241708906743
2024-12-19,25Y,25,0.6323963039562592
2024-12-19,30Y,30,0.5599316656467975
2024-12-20,1Y,1,0.994169527548111
2024-12-20,2Y,2,0.9870394324061462
2024-12-20,3Y,3,0.9789288913029925
2024-12-20,4Y,4,0.9703331295707912
2024-12-20,5Y,5,0.9611097417526944
2024-12-20,7Y,7,0.9397629324625248
2024-12-20,10Y,10,0.8997911894444584
2024-12-20,15Y,15,0.8135838019761518
2024-12-20,20Y,20,0.7201903598829439
2024-12-20,25Y,25,0.6353349596043641
2024-12-20,30Y,30,0.5617754947974938
2024-12-23,1Y,1,0.9939911102783888
2024-12-23,2Y,2,0.9866851384930709
2024-12-23,3Y,3,0.978372290514286
2024-12-23,4Y,4,0.9695657506182805
2024-12-23,5Y,5,0.9601650481473876
2024-12-23,7Y,7,0.9386028620093113
2024-12-23,10Y,10,0.8982096040452764
2024-12-23,15Y,15,0.8111944970290244
2024-12-23,20Y,20,0.7171757737903408
2024-12-23,25Y,25,0.6318987204347684
2024-12-23,30Y,30,0.5582207094400646
2024-12-24,1Y,1,0.9939266376898166
2024-12-24,2Y,2,0.986497916127173
2024-12-24,3Y,3,0.9780547558479109
2024-12-24,4Y,4,0.9691519317379663
2024-12-24,5Y,5,0.9596618341758355
2024-12-24,7Y,7,0.9379216999630529
2024-12-24,10Y,10,0.8973355351037405
2024-12-24,15Y,15,0.8102915869266926
2024-12-24,20Y,20,0.7163114298957065
2024-12-24,25Y,25,0.6310007009572067
2024-12-24,30Y,30,0.5569854804107125
2024-12-25,1Y,1,0.993941494394387
2024-12-25,2Y,2,0.9865274373566914
2024-12-25,3Y,3,0.9780887783910821
2024-12-25,4Y,4,0.9691904814342793
2024-12-25,5Y,5,0.9597095168626957
2024-12-25,7Y,7,0.9379452265722558
2024-12-25,10Y,10,0.897457990963943
2024-12-25,15Y,15,0.8104115309868226
2024-12-25,20Y,20,0.7164019295910201
2024-12-25,25Y,25,0.6309710485876089
2024-12-25,30Y,30,0.5569552539211103
2024-12-27,1Y,1,0.9938125015611071
2024-12-27,2Y,2,0.9860863634580548
2024-12-27,3Y,3,0.9772332994836765
2024-12-27,4Y,4,0.967903547834959
2024-12-27,5Y,5,0.957995125992813
2024-12-27,7Y,7,0.9353425153209218
2024-12-27,10Y,10,0.89348351038469
2024-12-27,15Y,15,0.8044203304307512
2024-12-27,20Y,20,0.7088104973733266
2024-12-27,25Y,25,0.6221853321196956
2024-12-27,30Y,30,0.5474796252151802
2024-12-30,1Y,1,0.9939314849041664
2024-12-30,2Y,2,0.9863891076423311
2024-12-30,3Y,3,0.97776554313814
2024-12-30,4Y,4,0.9686879133739494
2024-12-30,5Y,5,0.9590165755416367
2024-12-30,7Y,7,0.9367827829539483
2024-12-30,10Y,10,0.8954084511946492
2024-12-30,15Y,15,0.8073696470128782
2024-12-30,20Y,20,0.7121577257134306
2024-12-30,25Y,25,0.625728228944079
2024-12-30,30Y,30,0.550829013715162
2024-12-31,1Y,1,0.9939314849041664
2024-12-31,2Y,2,0.9863891076423311
2024-12-31,3Y,3,0.97776554313814
2024-12-31,4Y,4,0.9686879133739494
2024-12-31,5Y,5,0.9590165755416367
2024-12-31,7Y,7,0.9367827829539483
2024-12-31,10Y,10,0.8954084511946492
2024-12-31,15Y,15,0.8073696470128782
2024-12-31,20Y,20,0.7121577257134306
2024-12-31,25Y,25,0.625728228944079
2024-12-31,30Y,30,0.550829013715162
2025-01-01,1Y,1,0.9939314849041664
2025-01-01,2Y,2,0.9863891076423311
2025-01-01,3Y,3,0.97776554313814
2025-01-01,4Y,4,0.9686879133739494
2025-01-01,5Y,5,0.9590165755416367
2025-01-01,7Y,7,0.9367827829539483
2025-01-01,10Y,10,0.8954084511946492
2025-01-01,15Y,15,0.8073696470128782
2025-01-01,20Y,20,0.7121577257134306
2025-01-01,25Y,25,0.625728228944079
2025-01-01,30Y,30,0.550829013715162
2025-01-02,1Y,1,0.9939314849041664
2025-01-02,2Y,2,0.9863891076423311
2025-01-02,3Y,3,0.97776554313814
2025-01-02,4Y,4,0.9686879133739494
2025-01-02,5Y,5,0.9590165755416367
2025-01-02,7Y,7,0.9367827829539483
2025-01-02,10Y,10,0.8954084511946492
2025-01-02,15Y,15,0.8073696470128782
2025-01-02,20Y,20,0.7121577257134306
2025-01-02,25Y,25,0.625728228944079
2025-01-02,30Y,30,0.550829013715162
2025-01-03,1Y,1,0.9939314849041664
2025-01-03,2Y,2,0.9863891076423311
2025-01-03,3Y,3,0.97776554313814
2025-01-03,4Y,4,0.9686879133739494
2025-01-03,5Y,5,0.9590165755416367
2025-01-03,7Y,7,0.9367827829539483
2025-01-03,10Y,10,0.8954084511946492
2025-01-03,15Y,15,0.8073696470128782
2025-01-03,20Y,20,0.7121577257134306
2025-01-03,25Y,25,0.625728228944079
2025-01-03,30Y,30,0.550829013715162
2025-01-06,1Y,1,0.9936837116859741
2025-01-06,2Y,2,0.985838165601292
2025-01-06,3Y,3,0.9768483135076286
2025-01-06,4Y,4,0.9673576323955397
2025-01-06,5Y,5,0.9572575880365488
2025-01-06,7Y,7,0.9341938279583943
2025-01-06,10Y,10,0.8917152625226862
2025-01-06,15Y,15,0.8022643185900459
2025-01-06,20Y,20,0.7062060535509819
2025-01-06,25Y,25,0.6194764751606837
2025-01-06,30Y,30,0.5447916087379633
2025-01-07,1Y,1,0.9936490054084183
2025-01-07,2Y,2,0.9857323041372105
2025-01-07,3Y,3,0.9766333508816025
2025-01-07,4Y,4,0.967011262589191
2025-01-07,5Y,5,0.9567874528040767
2025-01-07,7Y,7,0.9336196137847496
2025-01-07,10Y,10,0.8909258905339339
2025-01-07,15Y,15,0.8012916451260992
2025-01-07,20Y,20,0.7052385341808632
2025-01-07,25Y,25,0.6185288186174259
2025-01-07,30Y,30,0.5438207539850619
2025-01-08,1Y,1,0.9935499006469538
2025-01-08,2Y,2,0.9854913115077353
2025-01-08,3Y,3,0.976184399652805
2025-01-08,4Y,4,0.9663367545537451
2025-01-08,5Y,5,0.9558967983221098
2025-01-08,7Y,7,0.9321211602691639
2025-01-08,10Y,10,0.8884479154937289
2025-01-08,15Y,15,0.7978187616272183
2025-01-08,20Y,20,0.7009973132011386
2025-01-08,25Y,25,0.6137922461409303
2025-01-08,30Y,30,0.5387930193438631
2025-01-09,1Y,1,0.9937530474985314
2025-01-09,2Y,2,0.985953545361891
2025-01-09,3Y,3,0.9769300873273226
2025-01-09,4Y,4,0.9673038790204381
2025-01-09,5Y,5,0.9570368281288734
2025-01-09,7Y,7,0.9336098995523895
2025-01-09,10Y,10,0.8904832719836081
2025-01-09,15Y,15,0.8007774341686226
2025-01-09,20Y,20,0.7049267051998475
2025-01-09,25Y,25,0.6186273226797534
2025-01-09,30Y,30,0.5443531973104183
2025-01-10,1Y,1,0.9935102583110403
2025-01-10,2Y,2,0.9853756518873497
2025-01-10,3Y,3,0.9759352970444567
2025-01-10,4Y,4,0.9658468615763834
2025-01-10,5Y,5,0.955084100380041
2025-01-10,7Y,7,0.9307715553248752
2025-01-10,10Y,10,0.8866673197588963
2025-01-10,15Y,15,0.7953956483988033
2025-01-10,20Y,20,0.6984864326765168
2025-01-10,25Y,25,0.6113078170429823
2025-01-10,30Y,30,0.5366097162604161
2025-01-13,1Y,1,0.9935102583110403
2025-01-13,2Y,2,0.9853756518873497
2025-01-13,3Y,3,0.9759352970444567
2025-01-13,4Y,4,0.9658468615763834
2025-01-13,5Y,5,0.955084100380041
2025-01-13,7Y,7,0.9307715553248752
2025-01-13,10Y,10,0.8866673197588963
2025-01-13,15Y,15,0.7953956483988033
2025-01-13,20Y,20,0.6984864326765168
2025-01-13,25Y,25,0.6113078170429823
2025-01-13,30Y,30,0.5366097162604161
2025-01-14,1Y,1,0.9935598272598868
2025-01-14,2Y,2,0.9854886821905068
2025-01-14,3Y,3,0.9760712354364425
2025-01-14,4Y,4,0.9659760277422765
2025-01-14,5Y,5,0.9551673315251955
2025-01-14,7Y,7,0.930637112150911
2025-01-14,10Y,10,0.886411950489776
2025-01-14,15Y,15,0.7953400417948326
2025-01-14,20Y,20,0.698476432702361
2025-01-14,25Y,25,0.6116358284716358
2025-01-14,30Y,30,0.5372694896677387
2025-01-15,1Y,1,0.993465782585542
2025-01-15,2Y,2,0.9854132241689169
2025-01-15,3Y,3,0.9761415647646047
2025-01-15,4Y,4,0.9662015034254693
2025-01-15,5Y,5,0.9555256470254413
2025-01-15,7Y,7,0.9312845230426136
2025-01-15,10Y,10,0.8872634291278981
2025-01-15,15Y,15,0.7966094726646945
2025-01-15,20Y,20,0.700772967256904
2025-01-15,25Y,25,0.6142315567834654
2025-01-15,30Y,30,0.5399332579786396
2025-01-16,1Y,1,0.993361828491004
2025-01-16,2Y,2,0.9852217488814868
2025-01-16,3Y,3,0.97587420543645
2025-01-16,4Y,4,0.9659528983276348
2025-01-16,5Y,5,0.9554656094574766
2025-01-16,7Y,7,0.9317196712767951
2025-01-16,10Y,10,0.8885945741224472
2025-01-16,15Y,15,0.7989753955113589
2025-01-16,20Y,20,0.7035551421739128
2025-01-16,25Y,25,0.6170022192685848
2025-01-16,30Y,30,0.5424407266008526
2025-01-17,1Y,1,0.9933519474412267
2025-01-17,2Y,2,0.9852243297049198
2025-01-17,3Y,3,0.9759283348283858
2025-01-17,4Y,4,0.9660622783001774
2025-01-17,5Y,5,0.9556244985357323
2025-01-17,7Y,7,0.9321547640985587
2025-01-17,10Y,10,0.8895325177784692
2025-01-17,15Y,15,0.8011383972876307
2025-01-17,20Y,20,0.7071433996554581
2025-01-17,25Y,25,0.6219513615764272
2025-01-17,30Y,30,0.5485434392983504
2025-01-20,1Y,1,0.993391643898945
2025-01-20,2Y,2,0.985376971241433
2025-01-20,3Y,3,0.9762014812944094
2025-01-20,4Y,4,0.9664292781685254
2025-01-20,5Y,5,0.9560490411894929
2025-01-20,7Y,7,0.9326850596534145
2025-01-20,10Y,10,0.890553852121375
2025-01-20,15Y,15,0.8030182742779522
2025-01-20,20Y,20,0.7099646182254264
2025-01-20,25Y,25,0.6254347791484576
2025-01-20,30Y,30,0.552172641862902
2025-01-21,1Y,1,0.9933569523798212
2025-01-21,2Y,2,0.9852785862291074
2025-01-21,3Y,3,0.9760406859277644
2025-01-21,4Y,4,0.9662292395028862
2025-01-21,5Y,5,0.9558252883501112
2025-01-21,7Y,7,0.9324545751868
2025-01-21,10Y,10,0.890232858170637
2025-01-21,15Y,15,0.802716005022901
2025-01-21,20Y,20,0.7099766601030936
2025-01-21,25Y,25,0.6257908847003263
2025-01-21,30Y,30,0.5528955755127819
2025-01-22,1Y,1,0.9932628530833729
2025-01-22,2Y,2,0.9850697873427812
2025-01-22,3Y,3,0.9757194464376525
2025-01-22,4Y,4,0.9658174172036953
2025-01-22,5Y,5,0.9553395234792169
2025-01-22,7Y,7,0.9319517809103398
2025-01-22,10Y,10,0.8897597430994856
2025-01-22,15Y,15,0.8036275174519231
2025-01-22,20Y,20,0.7122816469709017
2025-01-22,25Y,25,0.6291005068201532
2025-01-22,30Y,30,0.556914746272288
2025-01-23,1Y,1,0.993183649053412
2025-01-23,2Y,2,0.9848904543980072
2025-01-23,3Y,3,0.9753732505705321
2025-01-23,4Y,4,0.9652542513565836
2025-01-23,5Y,5,0.9545835451167212
2025-01-23,7Y,7,0.9308100508775035
2025-01-23,10Y,10,0.8879489302190721
2025-01-23,15Y,15,0.801457625896534
2025-01-23,20Y,20,0.7094358844341033
2025-01-23,25Y,25,0.6257820359974177
2025-01-23,30Y,30,0.5533707506407259
2025-01-24,1Y,1,0.9929954416229878
2025-01-24,2Y,2,0.9844138870456274
2025-01-24,3Y,3,0.974624143634988
2025-01-24,4Y,4,0.9643088652669151
2025-01-24,5Y,5,0.9534563442076884
2025-01-24,7Y,7,0.9294172089806734
2025-01-24,10Y,10,0.886625980095197
2025-01-24,15Y,15,0.8001994834715894
2025-01-24,20Y,20,0.7087001684883747
2025-01-24,25Y,25,0.6253076872164642
2025-01-24,30Y,30,0.5529252790916119
2025-01-27,1Y,1,0.9931737712562434
2025-01-27,2Y,2,0.9849078641465081
2025-01-27,3Y,3,0.9754959825751586
2025-01-27,4Y,4,0.9655165730496894
2025-01-27,5Y,5,0.9549584293431438
2025-01-27,7Y,7,0.9314311592761395
2025-01-27,10Y,10,0.8893095788375798
2025-01-27,15Y,15,0.804000083780567
2025-01-27,20Y,20,0.7132390318450417
2025-01-27,25Y,25,0.6303107536316884
2025-01-27,30Y,30,0.558120090454014
2025-01-28,1Y,1,0.9931589107817006
2025-01-28,2Y,2,0.9848858387675544
2025-01-28,3Y,3,0.9754865185524368
2025-01-28,4Y,4,0.9655414504002842
2025-01-28,5Y,5,0.9550070938076425
2025-01-28,7Y,7,0.931290638894806
2025-01-28,10Y,10,0.8886858595892104
2025-01-28,15Y,15,0.802931887989983
2025-01-28,20Y,20,0.711833732448832
2025-01-28,25Y,25,0.6289386999729849
2025-01-28,30Y,30,0.5571641019626979
2025-01-29,1Y,1,0.9931243187906353
2025-01-29,2Y,2,0.9848615412557669
2025-01-29,3Y,3,0.9755116333509083
2025-01-29,4Y,4,0.9656614335326237
2025-01-29,5Y,5,0.9552442000174175
2025-01-29,7Y,7,0.9317976257766925
2025-01-29,10Y,10,0.8894630166081017
2025-01-29,15Y,15,0.8042659414312181
2025-01-29,20Y,20,0.7141457544614438
2025-01-29,25Y,25,0.6321274629962854
2025-01-29,30Y,30,0.5609974040395138
2025-01-30,1Y,1,0.9929559447624964
2025-01-30,2Y,2,0.9844686910266592
2025-01-30,3Y,3,0.9749282025904277
2025-01-30,4Y,4,0.9649351440802553
2025-01-30,5Y,5,0.9543785071488863
2025-01-30,7Y,7,0.9308098684632204
2025-01-30,10Y,10,0.8885691652868862
2025-01-30,15Y,15,0.8032130357579822
2025-01-30,20Y,20,0.7127245746828101
2025-01-30,25Y,25,0.6303184691599528
2025-01-30,30Y,30,0.5585915688763895
2025-01-31,1Y,1,0.9927778071761527
2025-01-31,2Y,2,0.9840563075369244
2025-01-31,3Y,3,0.9742571752296016
2025-01-31,4Y,4,0.9640179666217016
2025-01-31,5Y,5,0.9531918385743166
2025-01-31,7Y,7,0.9291005297753643
2025-01-31,10Y,10,0.8862465949114947
2025-01-31,15Y,15,0.8003792036355095
2025-01-31,20Y,20,0.7097967243944668
2025-01-31,25Y,25,0.6275597920045114
2025-01-31,30Y,30,0.5562879050049188
2025-02-03,1Y,1,0.9928272787111335
2025-02-03,2Y,2,0.9841914265721857
2025-02-03,3Y,3,0.9744955857772359
2025-02-03,4Y,4,0.964345514259456
2025-02-03,5Y,5,0.9536404232922978
2025-02-03,7Y,7,0.9298092823765673
2025-02-03,10Y,10,0.886943543542543
2025-02-03,15Y,15,0.8007636061665729
2025-02-03,20Y,20,0.7098120847172428
2025-02-03,25Y,25,0.6273629975928943
2025-02-03,30Y,30,0.5559356675696256
2025-02-04,1Y,1,0.9926788042877991
2025-02-04,2Y,2,0.983801015982133
2025-02-04,3Y,3,0.973750693997113
2025-02-04,4Y,4,0.9632490401203054
2025-02-04,5Y,5,0.9522435933810627
2025-02-04,7Y,7,0.927555628866321
2025-02-04,10Y,10,0.8834664647608153
2025-02-04,15Y,15,0.7960158422515288
2025-02-04,20Y,20,0.7042790581473694
2025-02-04,25Y,25,0.6214637823935479
2025-02-04,30Y,30,0.5499770052604551
2025-02-05,1Y,1,0.9926144700377058
2025-02-05,2Y,2,0.9836662094736023
2025-02-05,3Y,3,0.9735861236589562
2025-02-05,4Y,4,0.963033168521503
2025-02-05,5Y,5,0.9519442429396081
2025-02-05,7Y,7,0.9272232758084635
2025-02-05,10Y,10,0.8831664873098467
2025-02-05,15Y,15,0.7956284527268187
2025-02-05,20Y,20,0.703714284492133
2025-02-05,25Y,25,0.6210621942601692
2025-02-05,30Y,30,0.5499359863055419
2025-02-06,1Y,1,0.9924660390852911
2025-02-06,2Y,2,0.9832760224197059
2025-02-06,3Y,3,0.9729106634196233
2025-02-06,4Y,4,0.9621468122190516
2025-02-06,5Y,5,0.9509780630950084
2025-02-06,7Y,7,0.9265102415866523
2025-02-06,10Y,10,0.8829459445852975
2025-02-06,15Y,15,0.7964752358740276
2025-02-06,20Y,20,0.7060576210084212
2025-02-06,25Y,25,0.6244327764818716
2025-02-06,30Y,30,0.5539318402795582
2025-02-07,1Y,1,0.9922929579269393
2025-02-07,2Y,2,0.9828666000311428
2025-02-07,3Y,3,0.9721232311152165
2025-02-07,4Y,4,0.96091494853636
2025-02-07,5Y,5,0.9494137685770705
2025-02-07,7Y,7,0.9245905288040965
2025-02-07,10Y,10,0.8806249756852691
2025-02-07,15Y,15,0.7937896975022097
2025-02-07,20Y,20,0.7030823318547776
2025-02-07,25Y,25,0.6212893933491486
2025-02-07,30Y,30,0.5505977150243248
2025-02-10,1Y,1,0.9923967669424083
2025-02-10,2Y,2,0.9830945004433759
2025-02-10,3Y,3,0.9725703805937521
2025-02-10,4Y,4,0.9616172815176123
2025-02-10,5Y,5,0.9502151693262391
2025-02-10,7Y,7,0.9254143461873827
2025-02-10,10Y,10,0.8816450806862584
2025-02-10,15Y,15,0.7955463797369908
2025-02-10,20Y,20,0.7055268588341141
2025-02-10,25Y,25,0.6240095989217074
2025-02-10,30Y,30,0.5536153237417188
2025-02-11,1Y,1,0.9923967669424083
2025-02-11,2Y,2,0.9830945004433759
2025-02-11,3Y,3,0.9725703805937521
2025-02-11,4Y,4,0.9616172815176123
2025-02-11,5Y,5,0.9502151693262391
2025-02-11,7Y,7,0.9254143461873827
2025-02-11,10Y,10,0.8816450806862584
2025-02-11,15Y,15,0.7955463797369908
2025-02-11,20Y,20,0.7055268588341141
2025-02-11,25Y,25,0.6240095989217074
2025-02-11,30Y,30,0.5536153237417188
2025-02-12,1Y,1,0.9922632726598051
2025-02-12,2Y,2,0.9828078734456982
2025-02-12,3Y,3,0.9719672936616461
2025-02-12,4Y,4,0.9604207254834711
2025-02-12,5Y,5,0.948304273912287
2025-02-12,7Y,7,0.9218404484208651
2025-02-12,10Y,10,0.8758988964681382
2025-02-12,15Y,15,0.7881661686594442
2025-02-12,20Y,20,0.6974567605466939
2025-02-12,25Y,25,0.6155053847087371
2025-02-12,30Y,30,0.544900514908907
2025-02-13,1Y,1,0.9924710203793738
2025-02-13,2Y,2,0.9832931841093795
2025-02-13,3Y,3,0.972802339218853
2025-02-13,4Y,4,0.9616457371967952
2025-02-13,5Y,5,0.9498268926327716
2025-02-13,7Y,7,0.9237282791110932
2025-02-13,10Y,10,0.8781587757757915
2025-02-13,15Y,15,0.7905001331589983
2025-02-13,20Y,20,0.6995639682011789
2025-02-13,25Y,25,0.6175219801991877
2025-02-13,30Y,30,0.5466182381286574
2025-02-14,1Y,1,0.9922583419220226
2025-02-14,2Y,2,0.9828054693767236
2025-02-14,3Y,3,0.9720164511560874
2025-02-14,4Y,4,0.9606028316084338
2025-02-14,5Y,5,0.9485770947401613
2025-02-14,7Y,7,0.9221262514582648
2025-02-14,10Y,10,0.8759889107937289
2025-02-14,15Y,15,0.7863478330413943
2025-02-14,20Y,20,0.6949776692366273
2025-02-14,25Y,25,0.6127729187427292
2025-02-14,30Y,30,0.541976876072804
2025-02-17,1Y,1,0.9921001007118263
2025-02-17,2Y,2,0.9824034742089559
2025-02-17,3Y,3,0.971298176498354
2025-02-17,4Y,4,0.9595563645755785
2025-02-17,5Y,5,0.9472496700780364
2025-02-17,7Y,7,0.9204332303289874
2025-02-17,10Y,10,0.8740832103318137
2025-02-17,15Y,15,0.7841388087673544
2025-02-17,20Y,20,0.6927759973896545
2025-02-17,25Y,25,0.6105446083710945
2025-02-17,30Y,30,0.5395848841092779
2025-02-18,1Y,1,0.9920308375592751
2025-02-18,2Y,2,0.9822073588549306
2025-02-18,3Y,3,0.9709488881985889
2025-02-18,4Y,4,0.9590161118377036
2025-02-18,5Y,5,0.9464220255426363
2025-02-18,7Y,7,0.9190976408485045
2025-02-18,10Y,10,0.8721081244685869
2025-02-18,15Y,15,0.7810076849602013
2025-02-18,20Y,20,0.6887991664974936
2025-02-18,25Y,25,0.606115239277602
2025-02-18,30Y,30,0.5347643364312183
2025-02-19,1Y,1,0.9920209543801979
2025-02-19,2Y,2,0.9821803899882616
2025-02-19,3Y,3,0.9708660562458815
2025-02-19,4Y,4,0.9588571088081231
2025-02-19,5Y,5,0.9462079784038596
2025-02-19,7Y,7,0.918659614514706
2025-02-19,10Y,10,0.8713527044132972
2025-02-19,15Y,15,0.780413626980803
2025-02-19,20Y,20,0.6885553328987831
2025-02-19,25Y,25,0.6062921420375978
2025-02-19,30Y,30,0.5353623603948395
2025-02-20,1Y,1,0.9920358178985245
2025-02-20,2Y,2,0.9822244989186547
2025-02-20,3Y,3,0.9709583955436849
2025-02-20,4Y,4,0.9590523886531824
2025-02-20,5Y,5,0.946508101300205
2025-02-20,7Y,7,0.919076261519133
2025-02-20,10Y,10,0.8719953975719719
2025-02-20,15Y,15,0.7818527393943686
2025-02-20,20Y,20,0.6910601672253055
2025-02-20,25Y,25,0.6098484115628057
2025-02-20,30Y,30,0.5396337692081445
2025-02-21,1Y,1,0.9922930326500633
2025-02-21,2Y,2,0.9829331384743006
2025-02-21,3Y,3,0.9722840353621858
2025-02-21,4Y,4,0.961036217468041
2025-02-21,5Y,5,0.9491333698266837
2025-02-21,7Y,7,0.9227289358604003
2025-02-21,10Y,10,0.8769250096195126
2025-02-21,15Y,15,0.7876865691450717
2025-02-21,20Y,20,0.6969066423166751
2025-02-21,25Y,25,0.6155170711392609
2025-02-21,30Y,30,0.5452831504419954
2025-02-24,1Y,1,0.9922930326500633
2025-02-24,2Y,2,0.9829331384743006
2025-02-24,3Y,3,0.9722840353621858
2025-02-24,4Y,4,0.961036217468041
2025-02-24,5Y,5,0.9491333698266837
2025-02-24,7Y,7,0.9227289358604003
2025-02-24,10Y,10,0.8769250096195126
2025-02-24,15Y,15,0.7876865691450717
2025-02-24,20Y,20,0.6969066423166751
2025-02-24,25Y,25,0.6155170711392609
2025-02-24,30Y,30,0.5452831504419954
2025-02-25,1Y,1,0.9924711176269679
2025-02-25,2Y,2,0.9833745281288426
2025-02-25,3Y,3,0.973061231196565
2025-02-25,4Y,4,0.9622342002906067
2025-02-25,5Y,5,0.9508482292898339
2025-02-25,7Y,7,0.9257064969420842
2025-02-25,10Y,10,0.8813144758930552
2025-02-25,15Y,15,0.7932241600806254
2025-02-25,20Y,20,0.7026950028204896
2025-02-25,25Y,25,0.6213025214497296
2025-02-25,30Y,30,0.5509444497992259
2025-02-26,1Y,1,0.9924315123067939
2025-02-26,2Y,2,0.9832591761769816
2025-02-26,3Y,3,0.9728521987544134
2025-02-26,4Y,4,0.9618725028029822
2025-02-26,5Y,5,0.9502457106081883
2025-02-26,7Y,7,0.924635578770082
2025-02-26,10Y,10,0.8794917089805647
2025-02-26,15Y,15,0.7905492827294053
2025-02-26,20Y,20,0.6997382129242706
2025-02-26,25Y,25,0.617965236976387
2025-02-26,30Y,30,0.5470709402869813
2025-02-27,1Y,1,0.9921890897372658
2025-02-27,2Y,2,0.9826166425487031
2025-02-27,3Y,3,0.9717502227262969
2025-02-27,4Y,4,0.9603872456651384
2025-02-27,5Y,5,0.9484642722080098
2025-02-27,7Y,7,0.9221031295427992
2025-02-27,10Y,10,0.8763642279119571
2025-02-27,15Y,15,0.7866421543826544
2025-02-27,20Y,20,0.6953099025968738
2025-02-27,25Y,25,0.6132257555194861
2025-02-27,30Y,30,0.542305618951791
2025-02-28,1Y,1,0.9923176882347278
2025-02-28,2Y,2,0.9829673702551852
2025-02-28,3Y,3,0.9723863641529972
2025-02-28,4Y,4,0.9612828180252526
2025-02-28,5Y,5,0.9496081080427552
2025-02-28,7Y,7,0.9237793896452778
2025-02-28,10Y,10,0.8784981001601724
2025-02-28,15Y,15,0.7890068955741814
2025-02-28,20Y,20,0.6975003085612799
2025-02-28,25Y,25,0.6150835054344416
2025-02-28,30Y,30,0.5438396559508532
2025-03-03,1Y,1,0.9921298048896097
2025-03-03,2Y,2,0.9825065449365487
2025-03-03,3Y,3,0.9715414873272917
2025-03-03,4Y,4,0.9600435923133337
2025-03-03,5Y,5,0.9479694106320254
2025-03-03,7Y,7,0.9212854511992188
2025-03-03,10Y,10,0.8747639681330146
2025-03-03,15Y,15,0.784417050120664
2025-03-03,20Y,20,0.6928658952994581
2025-03-03,25Y,25,0.61040207861539
2025-03-03,30Y,30,0.5389914034662567
2025-03-04,1Y,1,0.9922928830879106
2025-03-04,2Y,2,0.9828592812030389
2025-03-04,3Y,3,0.9721380027351721
2025-03-04,4Y,4,0.9608439246372411
2025-03-04,5Y,5,0.9489542139621491
2025-03-04,7Y,7,0.922716397487632
2025-03-04,10Y,10,0.8767687662699959
2025-03-04,15Y,15,0.7872582932769797
2025-03-04,20Y,20,0.6965491158758647
2025-03-04,25Y,25,0.6151845268525006
2025-03-04,30Y,30,0.5449675667141389
2025-03-05,1Y,1,0.9922038297447996
2025-03-05,2Y,2,0.9825128908689312
2025-03-05,3Y,3,0.9712859665295219
2025-03-05,4Y,4,0.9593475135567094
2025-03-05,5Y,5,0.9467955850955425
2025-03-05,7Y,7,0.919369682687585
2025-03-05,10Y,10,0.8717295850074445
2025-03-05,15Y,15,0.7794674807532427
2025-03-05,20Y,20,0.686551043535403
2025-03-05,25Y,25,0.6035562424882549
2025-03-05,30Y,30,0.5320641202915164
2025-03-06,1Y,1,0.9921345815923439
2025-03-06,2Y,2,0.9823537141809356
2025-03-06,3Y,3,0.9710683976593046
2025-03-06,4Y,4,0.9591410713838502
2025-03-06,5Y,5,0.9465708241986946
2025-03-06,7Y,7,0.9188373124020288
2025-03-06,10Y,10,0.8705484437231762
2025-03-06,15Y,15,0.776917125299485
2025-03-06,20Y,20,0.6829492607919716
2025-03-06,25Y,25,0.5992661137593162
2025-03-06,30Y,30,0.5272976770040058
2025-03-07,1Y,1,0.9920803838505158
2025-03-07,2Y,2,0.9824012667379478
2025-03-07,3Y,3,0.9713424666342335
2025-03-07,4Y,4,0.9596948020034494
2025-03-07,5Y,5,0.9474505102014402
2025-03-07,7Y,7,0.9202460729797785
2025-03-07,10Y,10,0.8726583498617894
2025-03-07,15Y,15,0.7797402771313632
2025-03-07,20Y,20,0.686065189807231
2025-03-07,25Y,25,0.6024713218847582
2025-03-07,30Y,30,0.5305149819247368
2025-03-10,1Y,1,0.9919467700017199
2025-03-10,2Y,2,0.9819375323709719
2025-03-10,3Y,3,0.9704198275809658
2025-03-10,4Y,4,0.9583290651230074
2025-03-10,5Y,5,0.9456627695004025
2025-03-10,7Y,7,0.9177098531681779
2025-03-10,10Y,10,0.869152791202867
2025-03-10,15Y,15,0.7748795367853012
2025-03-10,20Y,20,0.6805069663108084
2025-03-10,25Y,25,0.5967901967407052
2025-03-10,30Y,30,0.525156808987907
2025-03-11,1Y,1,0.992114837762534
2025-03-11,2Y,2,0.9823663377045175
2025-03-11,3Y,3,0.9711810397677316
2025-03-11,4Y,4,0.9593829568210055
2025-03-11,5Y,5,0.9469339038320252
2025-03-11,7Y,7,0.9191088801564773
2025-03-11,10Y,10,0.8706301636531893
2025-03-11,15Y,15,0.7761050121494679
2025-03-11,20Y,20,0.681370704891348
2025-03-11,25Y,25,0.5973706472075705
2025-03-11,30Y,30,0.5257182657128984
2025-03-12,1Y,1,0.9921494981117713
2025-03-12,2Y,2,0.9825013823771699
2025-03-12,3Y,3,0.9714825863283694
2025-03-12,4Y,4,0.9598615318611879
2025-03-12,5Y,5,0.9475657824867696
2025-03-12,7Y,7,0.9200666465806646
2025-03-12,10Y,10,0.8717272514692247
2025-03-12,15Y,15,0.7775537799228545
2025-03-12,20Y,20,0.6834350348802533
2025-03-12,25Y,25,0.6003432017135034
2025-03-12,30Y,30,0.5295168104257549
2025-03-13,1Y,1,0.9919764689056974
2025-03-13,2Y,2,0.9820701514840112
2025-03-13,3Y,3,0.9707015769285562
2025-03-13,4Y,4,0.9587321169541679
2025-03-13,5Y,5,0.9461452834048365
2025-03-13,7Y,7,0.9182001788587796
2025-03-13,10Y,10,0.8693112766025785
2025-03-13,15Y,15,0.7750970299019359
2025-03-13,20Y,20,0.6811504287438177
2025-03-13,25Y,25,0.5982754710322333
2025-03-13,30Y,30,0.5274852269161248
2025-03-14,1Y,1,0.9922434496313494
2025-03-14,2Y,2,0.9826799418413378
2025-03-14,3Y,3,0.9716556481013334
2025-03-14,4Y,4,0.9599588588086476
2025-03-14,5Y,5,0.9476033669754739
2025-03-14,7Y,7,0.9198976092662926
2025-03-14,10Y,10,0.8710729668336302
2025-03-14,15Y,15,0.7769361592084799
2025-03-14,20Y,20,0.6832340884499494
2025-03-14,25Y,25,0.6004593665824383
2025-03-14,30Y,30,0.529630961517934
2025-03-17,1Y,1,0.9923324821737617
2025-03-17,2Y,2,0.9828931538393728
2025-03-17,3Y,3,0.9719704542891263
2025-03-17,4Y,4,0.9602876880491505
2025-03-17,5Y,5,0.9478828351802473
2025-03-17,7Y,7,0.9200853138790727
2025-03-17,10Y,10,0.8710512426912412
2025-03-17,15Y,15,0.7761192318386058
2025-03-17,20Y,20,0.6815561820582781
2025-03-17,25Y,25,0.5979617625317679
2025-03-17,30Y,30,0.5265836335564186
2025-03-18,1Y,1,0.9921742743239335
2025-03-18,2Y,2,0.9825576554575445
2025-03-18,3Y,3,0.9714618862941748
2025-03-18,4Y,4,0.9596175709569302
2025-03-18,5Y,5,0.9470557518977452
2025-03-18,7Y,7,0.9190640892643063
2025-03-18,10Y,10,0.8698341635326704
2025-03-18,15Y,15,0.7742058065452475
2025-03-18,20Y,20,0.6786678309934189
2025-03-18,25Y,25,0.594336877498243
2025-03-18,30Y,30,0.5223718480719414
2025-03-19,1Y,1,0.99195180232104
2025-03-19,2Y,2,0.9820359868370341
2025-03-19,3Y,3,0.9706287872310585
2025-03-19,4Y,4,0.9585439210001395
2025-03-19,5Y,5,0.9458159627279115
2025-03-19,7Y,7,0.9176480897795867
2025-03-19,10Y,10,0.8678130380862389
2025-03-19,15Y,15,0.7715623485114915
2025-03-19,20Y,20,0.6755751084070306
2025-03-19,25Y,25,0.591007938347831
2025-03-19,30Y,30,0.5190289142994796
2025-03-21,1Y,1,0.99195675637711
2025-03-21,2Y,2,0.9820901442907399
2025-03-21,3Y,3,0.9707699203677522
2025-03-21,4Y,4,0.9587919890119827
2025-03-21,5Y,5,0.9462503707486788
2025-03-21,7Y,7,0.9187143407846079
2025-03-21,10Y,10,0.8701977310057457
2025-03-21,15Y,15,0.7755788072649228
2025-03-21,20Y,20,0.680895329640405
2025-03-21,25Y,25,0.597378806624868
2025-03-21,30Y,30,0.5261358361154248
2025-03-24,1Y,1,0.991828169257984
2025-03-24,2Y,2,0.9816954303480104
2025-03-24,3Y,3,0.9699983909411579
2025-03-24,4Y,4,0.9576018977657259
2025-03-24,5Y,5,0.9446385320759475
2025-03-24,7Y,7,0.9163769980647309
2025-03-24,10Y,10,0.8669729663200322
2025-03-24,15Y,15,0.7713998699963879
2025-03-24,20Y,20,0.6759829688067328
2025-03-24,25Y,25,0.5918939781364361
2025-03-24,30Y,30,0.5204245755024695
2025-03-25,1Y,1,0.9917194408449367
2025-03-25,2Y,2,0.9814138241174163
2025-03-25,3Y,3,0.9694701146981584
2025-03-25,4Y,4,0.9568189074063437
2025-03-25,5Y,5,0.9436462988123371
2025-03-25,7Y,7,0.9151285550643989
2025-03-25,10Y,10,0.8657997555745015
2025-03-25,15Y,15,0.7703342502033883
2025-03-25,20Y,20,0.6749079673144042
2025-03-25,25Y,25,0.5909000944394732
2025-03-25,30Y,30,0.5196550717709607
2025-03-26,1Y,1,0.9915959268803918
2025-03-26,2Y,2,0.9811399379812045
2025-03-26,3Y,3,0.9690693779307645
2025-03-26,4Y,4,0.9563406525097042
2025-03-26,5Y,5,0.9430832519653307
2025-03-26,7Y,7,0.9143760932807736
2025-03-26,10Y,10,0.8648757373040223
2025-03-26,15Y,15,0.7696693434609825
2025-03-26,20Y,20,0.6745179577525221
2025-03-26,25Y,25,0.590573690567309
2025-03-26,30Y,30,0.5190752678298577
2025-03-27,1Y,1,0.9916601979127388
2025-03-27,2Y,2,0.981333463165743
2025-03-27,3Y,3,0.9694278341716625
2025-03-27,4Y,4,0.9568257796209433
2025-03-27,5Y,5,0.9436724181472153
2025-03-27,7Y,7,0.9153138749451614
2025-03-27,10Y,10,0.866284773006728
2025-03-27,15Y,15,0.772004367134855
2025-03-27,20Y,20,0.6777886848492433
2025-03-27,25Y,25,0.5949666862203534
2025-03-27,30Y,30,0.5246206630694871
2025-03-28,1Y,1,0.991818368511124
2025-03-28,2Y,2,0.9817127624433936
2025-03-28,3Y,3,0.9700912959098292
2025-03-28,4Y,4,0.9578534002182343
2025-03-28,5Y,5,0.9450781384975193
2025-03-28,7Y,7,0.917404303099377
2025-03-28,10Y,10,0.8691430711780085
2025-03-28,15Y,15,0.7759248302722014
2025-03-28,20Y,20,0.6828437612321911
2025-03-28,25Y,25,0.6009628938550179
2025-03-28,30Y,30,0.5312575367880407
2025-03-31,1Y,1,0.9919914870173142
2025-03-31,2Y,2,0.9822694516916592
2025-03-31,3Y,3,0.9711882818667128
2025-03-31,4Y,4,0.9595043711833419
2025-03-31,5Y,5,0.9472880294622839
2025-03-31,7Y,7,0.920473316817661
2025-03-31,10Y,10,0.8732543872511332
2025-03-31,15Y,15,0.7806578577589371
2025-03-31,20Y,20,0.6874485555920108
2025-03-31,25Y,25,0.6052140964691868
2025-03-31,30Y,30,0.5350549469767659
2025-04-01,1Y,1,0.9919915128640662
2025-04-01,2Y,2,0.9822842203765919
2025-04-01,3Y,3,0.9712174526518136
2025-04-01,4Y,4,0.9595671729399461
2025-04-01,5Y,5,0.947368804366484
2025-04-01,7Y,7,0.9204708133736802
2025-04-01,10Y,10,0.8729757304889512
2025-04-01,15Y,15,0.7806361559888905
2025-04-01,20Y,20,0.687748432439238
2025-04-01,25Y,25,0.6056517910485382
2025-04-01,30Y,30,0.5356653705831323
2025-04-02,1Y,1,0.9920706280968863
2025-04-02,2Y,2,0.9825073448743308
2025-04-02,3Y,3,0.9716398387833608
2025-04-02,4Y,4,0.9601743300762566
2025-04-02,5Y,5,0.948141695215342
2025-04-02,7Y,7,0.9215559948705915
2025-04-02,10Y,10,0.8745138290034141
2025-04-02,15Y,15,0.7836730252281485
2025-04-02,20Y,20,0.6923379603317189
2025-04-02,25Y,25,0.6116500211649004
2025-04-02,30Y,30,0.5429970756247268
2025-04-03,1Y,1,0.9927878638373079
2025-04-03,2Y,2,0.9842905985656055
2025-04-03,3Y,3,0.974749724138652
2025-04-03,4Y,4,0.9646081603457022
2025-04-03,5Y,5,0.9540040043473484
2025-04-03,7Y,7,0.9304931407657367
2025-04-03,10Y,10,0.8874329625840508
2025-04-03,15Y,15,0.8006187079746755
2025-04-03,20Y,20,0.7116806151263859
2025-04-03,25Y,25,0.6323130210463849
2025-04-03,30Y,30,0.5643140083844869
2025-04-04,1Y,1,0.9938528327941768
2025-04-04,2Y,2,0.9868916659332634
2025-04-04,3Y,3,0.9791439168083133
2025-04-04,4Y,4,0.9709303671063347
2025-04-04,5Y,5,0.9622630543642817
2025-04-04,7Y,7,0.9423174470171443
2025-04-04,10Y,10,0.9037505135804865
2025-04-04,15Y,15,0.8221051994487857
2025-04-04,20Y,20,0.7370114799836965
2025-04-04,25Y,25,0.6606025280117397
2025-04-04,30Y,30,0.5947271325938438
2025-04-07,1Y,1,0.9940462277441594
2025-04-07,2Y,2,0.987475844334092
2025-04-07,3Y,3,0.9802799601791585
2025-04-07,4Y,4,0.9724814571924597
2025-04-07,5Y,5,0.9640222656167017
2025-04-07,7Y,7,0.944713960207141
2025-04-07,10Y,10,0.9075639490596487
2025-04-07,15Y,15,0.8274015388053892
2025-04-07,20Y,20,0.7431471810306892
2025-04-07,25Y,25,0.6666169718452469
2025-04-07,30Y,30,0.601078884234878
2025-04-08,1Y,1,0.9934614711883214
2025-04-08,2Y,2,0.9860406165611215
2025-04-08,3Y,3,0.9777227924864134
2025-04-08,4Y,4,0.9687290296768685
2025-04-08,5Y,5,0.9591945522894539
2025-04-08,7Y,7,0.9374250006652838
2025-04-08,10Y,10,0.8965325802921547
2025-04-08,15Y,15,0.8116884416128077
2025-04-08,20Y,20,0.7235536141937018
2025-04-08,25Y,25,0.6448110622763557
2025-04-08,30Y,30,0.5768755737454487
2025-04-09,1Y,1,0.994527125011827
2025-04-09,2Y,2,0.9883200141061854
2025-04-09,3Y,3,0.9814629054002969
2025-04-09,4Y,4,0.9739966639289124
2025-04-09,5Y,5,0.9653739805951135
2025-04-09,7Y,7,0.944487261827373
2025-04-09,10Y,10,0.9031191839450374
2025-04-09,15Y,15,0.8106753990793757
2025-04-09,20Y,20,0.7128994015341052
2025-04-09,25Y,25,0.626287358357805
2025-04-09,30Y,30,0.5525612435825912
2025-04-10,1Y,1,0.99369939144239
2025-04-10,2Y,2,0.9866682015195397
2025-04-10,3Y,3,0.9787432184772882
2025-04-10,4Y,4,0.9700348315293937
2025-04-10,5Y,5,0.9604818359940774
2025-04-10,7Y,7,0.9379052260400816
2025-04-10,10Y,10,0.8944966791594433
2025-04-10,15Y,15,0.8014418056424824
2025-04-10,20Y,20,0.7043964045451551
2025-04-10,25Y,25,0.6184075685849191
2025-04-10,30Y,30,0.5454989463739756
2025-04-11,1Y,1,0.9942198956876331
2025-04-11,2Y,2,0.9879986173244811
2025-04-11,3Y,3,0.981037987110098
2025-04-11,4Y,4,0.9730441544146784
2025-04-11,5Y,5,0.9639035226235838
2025-04-11,7Y,7,0.9418228540120426
2025-04-11,10Y,10,0.89673987038549
2025-04-11,15Y,15,0.7965917855514961
2025-04-11,20Y,20,0.6925354826911597
2025-04-11,25Y,25,0.5998212558695379
2025-04-11,30Y,30,0.5202926900572905
2025-04-14,1Y,1,0.993887853466646
2025-04-14,2Y,2,0.9873462412336299
2025-04-14,3Y,3,0.9801192862676582
2025-04-14,4Y,4,0.9719350479535788
2025-04-14,5Y,5,0.9625691113889386
2025-04-14,7Y,7,0.9396330541917993
2025-04-14,10Y,10,0.893018396626872
2025-04-14,15Y,15,0.7896956135085255
2025-04-14,20Y,20,0.6829218594987507
2025-04-14,25Y,25,0.5897679199307205
2025-04-14,30Y,30,0.5123952084460057
2025-04-15,1Y,1,0.9934714575116699
2025-04-15,2Y,2,0.9862011337052694
2025-04-15,3Y,3,0.9781293087392318
2025-04-15,4Y,4,0.9691467479483031
2025-04-15,5Y,5,0.9590923127306095
2025-04-15,7Y,7,0.935412421399945
2025-04-15,10Y,10,0.8891274639441917
2025-04-15,15Y,15,0.7910094193149511
2025-04-15,20Y,20,0.6905288698379403
2025-04-15,25Y,25,0.6020715216224547
2025-04-15,30Y,30,0.5276181261092043
2025-04-16,1Y,1,0.9939422116887345
2025-04-16,2Y,2,0.9872839068638886
2025-04-16,3Y,3,0.979883167411908
2025-04-16,4Y,4,0.9717191778133806
2025-04-16,5Y,5,0.9627101025831435
2025-04-16,7Y,7,0.9414115956579778
2025-04-16,10Y,10,0.8989632045578954
2025-04-16,15Y,15,0.8052476410784104
2025-04-16,20Y,20,0.707027681978224
2025-04-16,25Y,25,0.6200885625149345
2025-04-16,30Y,30,0.5466183358457606
2025-04-17,1Y,1,0.9937291710459085
2025-04-17,2Y,2,0.9868013800995421
2025-04-17,3Y,3,0.9790272299415446
2025-04-17,4Y,4,0.97043025859615
2025-04-17,5Y,5,0.9609769993004678
2025-04-17,7Y,7,0.9389716041953232
2025-04-17,10Y,10,0.8960568987660383
2025-04-17,15Y,15,0.8027545736630809
2025-04-17,20Y,20,0.7056619045922374
2025-04-17,25Y,25,0.6192207389277561
2025-04-17,30Y,30,0.545439640108082
2025-04-21,1Y,1,0.993734114576661
2025-04-21,2Y,2,0.9868112275717782
2025-04-21,3Y,3,0.9790517199784852
2025-04-21,4Y,4,0.9704568359236462
2025-04-21,5Y,5,0.9609861897328369
2025-04-21,7Y,7,0.939027777840606
2025-04-21,10Y,10,0.896085388051391
2025-04-21,15Y,15,0.8028173629982827
2025-04-21,20Y,20,0.7057078501052882
2025-04-21,25Y,25,0.6193047451076631
2025-04-21,30Y,30,0.5456427583311263
2025-04-22,1Y,1,0.9936400155854612
2025-04-22,2Y,2,0.9866762600721738
2025-04-22,3Y,3,0.9789551766226339
2025-04-22,4Y,4,0.9703931807532433
2025-04-22,5Y,5,0.9609309091350409
2025-04-22,7Y,7,0.9389983690179122
2025-04-22,10Y,10,0.895940769407891
2025-04-22,15Y,15,0.801595203535375
2025-04-22,20Y,20,0.7025656613467756
2025-04-22,25Y,25,0.6142598540187035
2025-04-22,30Y,30,0.5388799587261174
2025-04-23,1Y,1,0.9933625517341725
2025-04-23,2Y,2,0.9858513675902619
2025-04-23,3Y,3,0.9773664119171086
2025-04-23,4Y,4,0.9681450539515045
2025-04-23,5Y,5,0.9581923807678837
2025-04-23,7Y,7,0.935333570890147
2025-04-23,10Y,10,0.8916610204077602
2025-04-23,15Y,15,0.7969275114912168
2025-04-23,20Y,20,0.6984300347787535
2025-04-23,25Y,25,0.6112679411917726
2025-04-23,30Y,30,0.5375255561927633
2025-04-24,1Y,1,0.9935161161869549
2025-04-24,2Y,2,0.9863266203072332
2025-04-24,3Y,3,0.9783344360022868
2025-04-24,4Y,4,0.9695526517439553
2025-04-24,5Y,5,0.9598993642316107
2025-04-24,7Y,7,0.9375674271502121
2025-04-24,10Y,10,0.8943019959352639
2025-04-24,15Y,15,0.7994120755984424
2025-04-24,20Y,20,0.7001214257611182
2025-04-24,25Y,25,0.6121203942122999
2025-04-24,30Y,30,0.5375344499648362
2025-04-25,1Y,1,0.993303059774766
2025-04-25,2Y,2,0.9857706177575772
2025-04-25,3Y,3,0.9773626964296744
2025-04-25,4Y,4,0.9681558022179307
2025-04-25,5Y,5,0.958081384820879
2025-04-25,7Y,7,0.9347904045347849
2025-04-25,10Y,10,0.8904999094226013
2025-04-25,15Y,15,0.7949443605029771
2025-04-25,20Y,20,0.695366582781366
2025-04-25,25Y,25,0.6064079927357928
2025-04-25,30Y,30,0.5303201633240988
2025-04-28,1Y,1,0.9933327629288017
2025-04-28,2Y,2,0.9858444061124021
2025-04-28,3Y,3,0.9775782044597222
2025-04-28,4Y,4,0.9686275604282011
2025-04-28,5Y,5,0.9588580104004177
2025-04-28,7Y,7,0.936391426937373
2025-04-28,10Y,10,0.8935764145788839
2025-04-28,15Y,15,0.7992243993945826
2025-04-28,20Y,20,0.6997837185452391
2025-04-28,25Y,25,0.6108668792164803
2025-04-28,30Y,30,0.5351880923616922
2025-04-30,1Y,1,0.9934863022161837
2025-04-30,2Y,2,0.986238053707612
2025-04-30,3Y,3,0.9782863875690287
2025-04-30,4Y,4,0.9696765082207582
2025-04-30,5Y,5,0.9602602377072909
2025-04-30,7Y,7,0.9384547691589863
2025-04-30,10Y,10,0.8964019169437231
2025-04-30,15Y,15,0.8033606006469519
2025-04-30,20Y,20,0.7050085868846626
2025-04-30,25Y,25,0.6167050046645542
2025-04-30,30Y,30,0.5412196632746105
2025-05-01,1Y,1,0.9938478685400121
2025-05-01,2Y,2,0.9868818360423584
2025-05-01,3Y,3,0.9791193989378121
2025-05-01,4Y,4,0.9706950686100956
2025-05-01,5Y,5,0.961459977978467
2025-05-01,7Y,7,0.9400226615659688
2025-05-01,10Y,10,0.8981640562908796
2025-05-01,15Y,15,0.8050168423511533
2025-05-01,20Y,20,0.7061339632454421
2025-05-01,25Y,25,0.6170784804734745
2025-05-01,30Y,30,0.540857958856036
2025-05-02,1Y,1,0.9938627027686001
2025-05-02,2Y,2,0.9868816927303316
2025-05-02,3Y,3,0.979074980044257
2025-05-02,4Y,4,0.9705187588131098
2025-05-02,5Y,5,0.961066646335625
2025-05-02,7Y,7,0.9390778493205132
2025-05-02,10Y,10,0.89637410305666
2025-05-02,15Y,15,0.8023695265856614
2025-05-02,20Y,20,0.7023659105291702
2025-05-02,25Y,25,0.6121912638034446
2025-05-02,30Y,30,0.5349171267694017
2025-05-05,1Y,1,0.9938627027686001
2025-05-05,2Y,2,0.9868816927303316
2025-05-05,3Y,3,0.979074980044257
2025-05-05,4Y,4,0.9705187588131098
2025-05-05,5Y,5,0.961066646335625
2025-05-05,7Y,7,0.9390778493205132
2025-05-05,10Y,10,0.89637410305666
2025-05-05,15Y,15,0.8023695265856614
2025-05-05,20Y,20,0.7023659105291702
2025-05-05,25Y,25,0.6121912638034446
2025-05-05,30Y,30,0.5349171267694017
2025-05-07,1Y,1,0.9938230081518648
2025-05-07,2Y,2,0.9867288170689914
2025-05-07,3Y,3,0.97873208302906
2025-05-07,4Y,4,0.9699893123885802
2025-05-07,5Y,5,0.9603490566195483
2025-05-07,7Y,7,0.9376076765173064
2025-05-07,10Y,10,0.8939199832334064
2025-05-07,15Y,15,0.7972296672012348
2025-05-07,20Y,20,0.6948321857303542
2025-05-07,25Y,25,0.6026748467519236
2025-05-07,30Y,30,0.5239413348914821
2025-05-08,1Y,1,0.993773426842633
2025-05-08,2Y,2,0.9865636902107998
2025-05-08,3Y,3,0.9783648573843524
2025-05-08,4Y,4,0.9693968052625844
2025-05-08,5Y,5,0.9595795328360717
2025-05-08,7Y,7,0.9364922588003685
2025-05-08,10Y,10,0.8919824603773873
2025-05-08,15Y,15,0.7946942937449907
2025-05-08,20Y,20,0.6916957485512478
2025-05-08,25Y,25,0.5990362221149123
2025-05-08,30Y,30,0.5197713599871444
2025-05-09,1Y,1,0.9936941474248574
2025-05-09,2Y,2,0.9863692458829809
2025-05-09,3Y,3,0.9780081005450195
2025-05-09,4Y,4,0.9688317921726106
2025-05-09,5Y,5,0.9587471877185153
2025-05-09,7Y,7,0.9349533429970223
2025-05-09,10Y,10,0.8892094366110618
2025-05-09,15Y,15,0.7896140552658261
2025-05-09,20Y,20,0.6845481875894127
2025-05-09,25Y,25,0.5902163209013093
2025-05-09,30Y,30,0.5098526535127402
2025-05-12,1Y,1,0.9931591968216118
2025-05-12,2Y,2,0.9851153510941034
2025-05-12,3Y,3,0.9759504208276336
2025-05-12,4Y,4,0.9660131491203281
2025-05-12,5Y,5,0.9551896458180017
2025-05-12,7Y,7,0.9301613098590716
2025-05-12,10Y,10,0.8828220723974033
2025-05-12,15Y,15,0.7820325154581353
2025-05-12,20Y,20,0.6768968679672236
2025-05-12,25Y,25,0.5829506052877484
2025-05-12,30Y,30,0.5033091125005253
2025-05-13,1Y,1,0.9930699995278176
2025-05-13,2Y,2,0.9848497978956918
2025-05-13,3Y,3,0.9754333214692928
2025-05-13,4Y,4,0.9651691389683408
2025-05-13,5Y,5,0.9540068918287965
2025-05-13,7Y,7,0.9283910453215275
2025-05-13,10Y,10,0.8805411145283696
2025-05-13,15Y,15,0.780818491898582
2025-05-13,20Y,20,0.6770971496275217
2025-05-13,25Y,25,0.5848562374917537
2025-05-13,30Y,30,0.507064904042914
2025-05-14,1Y,1,0.9930649502041259
2025-05-14,2Y,2,0.9847214920224429
2025-05-14,3Y,3,0.9750566407169662
2025-05-14,4Y,4,0.9644417955679719
2025-05-14,5Y,5,0.9529274621483043
2025-05-14,7Y,7,0.9266757500641132
2025-05-14,10Y,10,0.8777922746197868
2025-05-14,15Y,15,0.7758557440441277
2025-05-14,20Y,20,0.6703378662946265
2025-05-14,25Y,25,0.5766076544462011
2025-05-14,30Y,30,0.4975588953241155
2025-05-15,1Y,1,0.9931046321780792
2025-05-15,2Y,2,0.9849036981511556
2025-05-15,3Y,3,0.9754471022570602
2025-05-15,4Y,4,0.9650631432636417
2025-05-15,5Y,5,0.953769169644996
2025-05-15,7Y,7,0.9277693515561714
2025-05-15,10Y,10,0.879238020937844
2025-05-15,15Y,15,0.7772058325424376
2025-05-15,20Y,20,0.6715535174829068
2025-05-15,25Y,25,0.5774951734797756
2025-05-15,30Y,30,0.4980477321522605
2025-05-16,1Y,1,0.9931441390437877
2025-05-16,2Y,2,0.9848711299808244
2025-05-16,3Y,3,0.9752654891844413
2025-05-16,4Y,4,0.9647476377966021
2025-05-16,5Y,5,0.9533762072948154
2025-05-16,7Y,7,0.9274087123770859
2025-05-16,10Y,10,0.8789011546671166
2025-05-16,15Y,15,0.7786995254095713
2025-05-16,20Y,20,0.674859854674837
2025-05-16,25Y,25,0.582165598464062
2025-05-16,30Y,30,0.5034220348767892
2025-05-19,1Y,1,0.9930699995278176
2025-05-19,2Y,2,0.9847979095174849
2025-05-19,3Y,3,0.9752030020364988
2025-05-19,4Y,4,0.9646347969060999
2025-05-19,5Y,5,0.9531220138526164
2025-05-19,7Y,7,0.9267216703946528
2025-05-19,10Y,10,0.8779770486357654
2025-05-19,15Y,15,0.7774571917228227
2025-05-19,20Y,20,0.6734114990290734
2025-05-19,25Y,25,0.5804745570519743
2025-05-19,30Y,30,0.5016138731323897
2025-05-20,1Y,1,0.9930797639454555
2025-05-20,2Y,2,0.9846916728073359
2025-05-20,3Y,3,0.9748947848819582
2025-05-20,4Y,4,0.9640848436977234
2025-05-20,5Y,5,0.9523069077556373
2025-05-20,7Y,7,0.9253535072834342
2025-05-20,10Y,10,0.87524764511058
2025-05-20,15Y,15,0.7710994432659802
2025-05-20,20Y,20,0.6633487701612222
2025-05-20,25Y,25,0.5670403096561923
2025-05-20,30Y,30,0.4850454101347565
2025-05-21,1Y,1,0.9931193360633699
2025-05-21,2Y,2,0.9847479790797709
2025-05-21,3Y,3,0.9749675132028065
2025-05-21,4Y,4,0.9641807727341971
2025-05-21,5Y,5,0.9523816650083674
2025-05-21,7Y,7,0.925270092451381
2025-05-21,10Y,10,0.8744894128670626
2025-05-21,15Y,15,0.7678316810379371
2025-05-21,20Y,20,0.658016999139896
2025-05-21,25Y,25,0.5603964939198361
2025-05-21,30Y,30,0.4775728655511627
2025-05-22,1Y,1,0.9930698433953488
2025-05-22,2Y,2,0.9846350062471159
2025-05-22,3Y,3,0.974762969813812
2025-05-22,4Y,4,0.963854984108451
2025-05-22,5Y,5,0.9518500836792814
2025-05-22,7Y,7,0.9240087580758225
2025-05-22,10Y,10,0.8720290010133815
2025-05-22,15Y,15,0.7630338467262794
2025-05-22,20Y,20,0.6510307569236232
2025-05-22,25Y,25,0.5521110812660117
2025-05-22,30Y,30,0.468434124758206
2025-05-23,1Y,1,0.9932332378107566
2025-05-23,2Y,2,0.9850849216769653
2025-05-23,3Y,3,0.97561104814327
2025-05-23,4Y,4,0.9650999420529774
2025-05-23,5Y,5,0.9535844660152382
2025-05-23,7Y,7,0.9270611462698696
2025-05-23,10Y,10,0.8774266974218196
2025-05-23,15Y,15,0.7717539359672555
2025-05-23,20Y,20,0.6636788476819827
2025-05-23,25Y,25,0.5677891381332142
2025-05-23,30Y,30,0.4864313274007741
2025-05-26,1Y,1,0.9932332378107566
2025-05-26,2Y,2,0.9850849216769653
2025-05-26,3Y,3,0.97561104814327
2025-05-26,4Y,4,0.9650999420529774
2025-05-26,5Y,5,0.9535844660152382
2025-05-26,7Y,7,0.927084296896668
2025-05-26,10Y,10,0.8774255797727356
2025-05-26,15Y,15,0.7717525084990823
2025-05-26,20Y,20,0.6636772708834047
2025-05-26,25Y,25,0.5677875333766641
2025-05-26,30Y,30,0.4864298089454991
2025-05-27,1Y,1,0.9930451544740692
2025-05-27,2Y,2,0.9847118826417047
2025-05-27,3Y,3,0.9751256923025258
2025-05-27,4Y,4,0.964675783594975
2025-05-27,5Y,5,0.9534051874875177
2025-05-27,7Y,7,0.9279959602950971
2025-05-27,10Y,10,0.8810990207305684
2025-05-27,15Y,15,0.7809576803699809
2025-05-27,20Y,20,0.6770430026214009
2025-05-27,25Y,25,0.5845792986509114
2025-05-27,30Y,30,0.5059928217723118
2025-05-28,1Y,1,0.9928916545923573
2025-05-28,2Y,2,0.984281832093161
2025-05-28,3Y,3,0.9743366620235662
2025-05-28,4Y,4,0.9635403842377696
2025-05-28,5Y,5,0.9519171200374632
2025-05-28,7Y,7,0.9256046165052048
2025-05-28,10Y,10,0.8772803231015568
2025-05-28,15Y,15,0.7758010141744524
2025-05-28,20Y,20,0.6715475041684396
2025-05-28,25Y,25,0.5795014036212169
2025-05-28,30Y,30,0.5016395397862926
2025-05-29,1Y,1,0.993000695029002
2025-05-29,2Y,2,0.9846457061051032
2025-05-29,3Y,3,0.975028620868295
2025-05-29,4Y,4,0.9645778197223142
2025-05-29,5Y,5,0.9532380290116431
2025-05-29,7Y,7,0.9271916080339945
2025-05-29,10Y,10,0.8788519304703165
2025-05-29,15Y,15,0.7765957867268903
2025-05-29,20Y,20,0.6707163847961648
2025-05-29,25Y,25,0.577257541576152
2025-05-29,30Y,30,0.49810614133073305
2025-05-30,1Y,1,0.9929361975106875
2025-05-30,2Y,2,0.9843923429885668
2025-05-30,3Y,3,0.974590335681152
2025-05-30,4Y,4,0.9640119077624383
2025-05-30,5Y,5,0.9525624942413874
2025-05-30,7Y,7,0.9265306633196718
2025-05-30,10Y,10,0.8778579291297682
2025-05-30,15Y,15,0.7751618773354312
2025-05-30,20Y,20,0.6688786505740042
2025-05-30,25Y,25,0.5749510100994992
2025-05-30,30Y,30,0.4953973321633124
2025-06-02,1Y,1,0.9928471375933233
2025-06-02,2Y,2,0.9842231762371066
2025-06-02,3Y,3,0.9743230263654589
2025-06-02,4Y,4,0.963585329126621
2025-06-02,5Y,5,0.9519758939507927
2025-06-02,7Y,7,0.9255955024945264
2025-06-02,10Y,10,0.8766621194984556
2025-06-02,15Y,15,0.7741104534703154
2025-06-02,20Y,20,0.6684663645898804
2025-06-02,25Y,25,0.5750027658854305
2025-06-02,30Y,30,0.49595343214844084
2025-06-03,1Y,1,0.9928570555692589
2025-06-03,2Y,2,0.984264997820755
2025-06-03,3Y,3,0.9744058727015484
2025-06-03,4Y,4,0.963737715927617
2025-06-03,5Y,5,0.9522494062368733
2025-06-03,7Y,7,0.9261430589518211
2025-06-03,10Y,10,0.8775432092397384
2025-06-03,15Y,15,0.7743169740165531
2025-06-03,20Y,20,0.6679012023950913
2025-06-03,25Y,25,0.5737103119254277
2025-06-03,30Y,30,0.49406622558314955
2025-06-04,1Y,1,0.9928125179980242
2025-06-04,2Y,2,0.9841545051672195
2025-06-04,3Y,3,0.9742014107314102
2025-06-04,4Y,4,0.9634365331078676
2025-06-04,5Y,5,0.95180994515317
2025-06-04,7Y,7,0.9251196747270334
2025-06-04,10Y,10,0.8756153917555392
2025-06-04,15Y,15,0.7711582663328989
2025-06-04,20Y,20,0.6634831871981808
2025-06-04,25Y,25,0.5685909370133391
2025-06-04,30Y,30,0.48878010372163166
2025-06-05,1Y,1,0.9929164282198408
2025-06-05,2Y,2,0.9843975378577722
2025-06-05,3Y,3,0.9745509382357587
2025-06-05,4Y,4,0.9638295631044554
2025-06-05,5Y,5,0.9523763277941008
2025-06-05,7Y,7,0.9264551401983341
2025-06-05,10Y,10,0.8782976761554087
2025-06-05,15Y,15,0.7753502919901932
2025-06-05,20Y,20,0.6690296938688958
2025-06-05,25Y,25,0.5754860300209869
2025-06-05,30Y,30,0.49658431478316295
2025-06-06,1Y,1,0.9928026005281051
2025-06-06,2Y,2,0.9841423240197467
2025-06-06,3Y,3,0.9742753496872587
2025-06-06,4Y,4,0.9637018434961058
2025-06-06,5Y,5,0.9523498238149365
2025-06-06,7Y,7,0.9264556118018218
2025-06-06,10Y,10,0.8785490769416474
2025-06-06,15Y,15,0.776311302535894
2025-06-06,20Y,20,0.6708329761272566
2025-06-06,25Y,25,0.5781431045572091
2025-06-06,30Y,30,0.5003469279476567
2025-06-09,1Y,1,0.9928026005281051
2025-06-09,2Y,2,0.9841126880470078
2025-06-09,3Y,3,0.9741775715066899
2025-06-09,4Y,4,0.9634982290319991
2025-06-09,5Y,5,0.9520187278651447
2025-06-09,7Y,7,0.9259887469204436
2025-06-09,10Y,10,0.878002359262477
2025-06-09,15Y,15,0.7757755505677719
2025-06-09,20Y,20,0.6704751534636494
2025-06-09,25Y,25,0.5775903379771291
2025-06-09,30Y,30,0.4992809161222244
2025-06-10,1Y,1,0.9929064637654703
2025-06-10,2Y,2,0.9842890688374437
2025-06-10,3Y,3,0.974375810036852
2025-06-10,4Y,4,0.9636788216880308
2025-06-10,5Y,5,0.9521184522617088
2025-06-10,7Y,7,0.9257561919854301
2025-06-10,10Y,10,0.8767990906251761
2025-06-10,15Y,15,0.7718513462217818
2025-06-10,20Y,20,0.6636191267625202
2025-06-10,25Y,25,0.5681245558321261
2025-06-10,30Y,30,0.487718711589401
2025-06-11,1Y,1,0.9930500249467659
2025-06-11,2Y,2,0.9845883643874718
2025-06-11,3Y,3,0.9747883894254692
2025-06-11,4Y,4,0.9642095918824587
2025-06-11,5Y,5,0.9528125558086292
2025-06-11,7Y,7,0.9266811152084539
2025-06-11,10Y,10,0.8779975958456793
2025-06-11,15Y,15,0.7735538888908459
2025-06-11,20Y,20,0.665319860553833
2025-06-11,25Y,25,0.5695379766494831
2025-06-11,30Y,30,0.48893362693135517
2025-06-12,1Y,1,0.99312434094591
2025-06-12,2Y,2,0.9847725576856334
2025-06-12,3Y,3,0.9751098171346659
2025-06-12,4Y,4,0.9647262076848491
2025-06-12,5Y,5,0.9535195597649422
2025-06-12,7Y,7,0.9277961681021547
2025-06-12,10Y,10,0.8794451333614227
2025-06-12,15Y,15,0.7750946072655452
2025-06-12,20Y,20,0.666870947444769
2025-06-12,25Y,25,0.571420050749194
2025-06-12,30Y,30,0.4911929190307499
2025-06-13,1Y,1,0.9930302968433167
2025-06-13,2Y,2,0.9846157440328771
2025-06-13,3Y,3,0.9749011289621623
2025-06-13,4Y,4,0.9644084395838285
2025-06-13,5Y,5,0.9531491387027384
2025-06-13,7Y,7,0.9276496430159922
2025-06-13,10Y,10,0.8797078126369674
2025-06-13,15Y,15,0.7756881849915584
2025-06-13,20Y,20,0.6678283490245263
2025-06-13,25Y,25,0.5726361411356967
2025-06-13,30Y,30,0.49241887888864194
2025-06-16,1Y,1,0.9929264152781648
2025-06-16,2Y,2,0.9844170586885934
2025-06-16,3Y,3,0.9746293908677128
2025-06-16,4Y,4,0.9641605103977086
2025-06-16,5Y,5,0.9529729243430749
2025-06-16,7Y,7,0.9274373072396532
2025-06-16,10Y,10,0.87950076693083
2025-06-16,15Y,15,0.7764244670243966
2025-06-16,20Y,20,0.6697611066725206
2025-06-16,25Y,25,0.5755471249426686
2025-06-16,30Y,30,0.4959873795320092
2025-06-17,1Y,1,0.993139200513649
2025-06-17,2Y,2,0.9848390605343401
2025-06-17,3Y,3,0.9751873577566481
2025-06-17,4Y,4,0.9646805785388686
2025-06-17,5Y,5,0.9533731994660453
2025-06-17,7Y,7,0.9275977695377522
2025-06-17,10Y,10,0.8792578001775959
2025-06-17,15Y,15,0.775505198399385
2025-06-17,20Y,20,0.6680753982807254
2025-06-17,25Y,25,0.5732384371021931
2025-06-17,30Y,30,0.4930083434276769
2025-06-18,1Y,1,0.9932283420918656
2025-06-18,2Y,2,0.9850453833802747
2025-06-18,3Y,3,0.975606902531479
2025-06-18,4Y,4,0.9655186737360116
2025-06-18,5Y,5,0.954687877989418
2025-06-18,7Y,7,0.9293751791423986
2025-06-18,10Y,10,0.8815158566059647
2025-06-18,15Y,15,0.7778627227411525
2025-06-18,20Y,20,0.6700930355624974
2025-06-18,25Y,25,0.5744464287695203
2025-06-18,30Y,30,0.4935732873453127
2025-06-19,1Y,1,0.9932927516273361
2025-06-19,2Y,2,0.9852693790750792
2025-06-19,3Y,3,0.9760460225346117
2025-06-19,4Y,4,0.9660757261407346
2025-06-19,5Y,5,0.9552875869980973
2025-06-19,7Y,7,0.9303042550626545
2025-06-19,10Y,10,0.8828487265964311
2025-06-19,15Y,15,0.7790717368337895
2025-06-19,20Y,20,0.6706773394111599
2025-06-19,25Y,25,0.5742903447008322
2025-06-19,30Y,30,0.4929779295403146
2025-06-20,1Y,1,0.9931838466797256
2025-06-20,2Y,2,0.985053341871593
2025-06-20,3Y,3,0.9757151243070998
2025-06-20,4Y,4,0.9655835252450083
2025-06-20,5Y,5,0.9546576491821822
2025-06-20,7Y,7,0.9296998808912398
2025-06-20,10Y,10,0.8824302020269039
2025-06-20,15Y,15,0.7801248528874721
2025-06-20,20Y,20,0.6733148335531108
2025-06-20,25Y,25,0.5778497874864638
2025-06-20,30Y,30,0.49687843285178607
2025-06-23,1Y,1,0.9931541044276375
2025-06-23,2Y,2,0.9849648264379834
2025-06-23,3Y,3,0.9755788333301816
2025-06-23,4Y,4,0.9654468283052701
2025-06-23,5Y,5,0.9545156180954825
2025-06-23,7Y,7,0.9293632485783099
2025-06-23,10Y,10,0.8818358688203914
2025-06-23,15Y,15,0.7785998116948193
2025-06-23,20Y,20,0.6706735004485974
2025-06-23,25Y,25,0.5741745813405309
2025-06-23,30Y,30,0.49236116222376447
2025-06-24,1Y,1,0.9931392887968402
2025-06-24,2Y,2,0.9849575786189535
2025-06-24,3Y,3,0.975569171655711
2025-06-24,4Y,4,0.9654153836037126
2025-06-24,5Y,5,0.9544238378013021
2025-06-24,7Y,7,0.9292172722545602
2025-06-24,10Y,10,0.8816572757574718
2025-06-24,15Y,15,0.7780509878690415
2025-06-24,20Y,20,0.6697907851581815
2025-06-24,25Y,25,0.5736818711717439
2025-06-24,30Y,30,0.4925962167127815
2025-06-25,1Y,1,0.993109636756476
2025-06-25,2Y,2,0.9849579337601317
2025-06-25,3Y,3,0.9756676506836622
2025-06-25,4Y,4,0.9656760307979495
2025-06-25,5Y,5,0.9549111949980549
2025-06-25,7Y,7,0.9300644334843319
2025-06-25,10Y,10,0.8832289562468963
2025-06-25,15Y,15,0.7801159858881849
2025-06-25,20Y,20,0.6718807366325759
2025-06-25,25Y,25,0.575675382926265
2025-06-25,30Y,30,0.494341249468938
2025-06-26,1Y,1,0.9930600793559513
2025-06-26,2Y,2,0.9847931282938805
2025-06-26,3Y,3,0.9753211355655161
2025-06-26,4Y,4,0.9651247903747853
2025-06-26,5Y,5,0.9541791607276664
2025-06-26,7Y,7,0.9290382099161584
2025-06-26,10Y,10,0.881684084497251
2025-06-26,15Y,15,0.7782169028931258
2025-06-26,20Y,20,0.6695492531568634
2025-06-26,25Y,25,0.5727530986959423
2025-06-26,30Y,30,0.49099878781210515
2025-06-27,1Y,1,0.9929907305480391
2025-06-27,2Y,2,0.9845965068938348
2025-06-27,3Y,3,0.9749998963097014
2025-06-27,4Y,4,0.9646763898830254
2025-06-27,5Y,5,0.9535631980940206
2025-06-27,7Y,7,0.928086166993542
2025-06-27,10Y,10,0.8803357536428326
2025-06-27,15Y,15,0.7762554999678325
2025-06-27,20Y,20,0.6672870226384828
2025-06-27,25Y,25,0.5703715833832474
2025-06-27,30Y,30,0.4884530298700435
2025-06-30,1Y,1,0.9930055422665021
2025-06-30,2Y,2,0.9846037487429173
2025-06-30,3Y,3,0.9749997128550113
2025-06-30,4Y,4,0.964712896681268
2025-06-30,5Y,5,0.9536937214113206
2025-06-30,7Y,7,0.9284026728984636
2025-06-30,10Y,10,0.8807726981696528
2025-06-30,15Y,15,0.7764955020640425
2025-06-30,20Y,20,0.6672314682267988
2025-06-30,25Y,25,0.5700828380037126
2025-06-30,30Y,30,0.4881914594689811
2025-07-01,1Y,1,0.9929857708351824
2025-07-01,2Y,2,0.9846015288531085
2025-07-01,3Y,3,0.9750440613198881
2025-07-01,4Y,4,0.9647662222399042
2025-07-01,5Y,5,0.9537123519143901
2025-07-01,7Y,7,0.9285314491297287
2025-07-01,10Y,10,0.881206591681835
2025-07-01,15Y,15,0.7769584052543045
2025-07-01,20Y,20,0.6674554767458516
2025-07-01,25Y,25,0.5702528601759889
2025-07-01,30Y,30,0.48826337586614976
2025-07-02,1Y,1,0.9929659321683202
2025-07-02,2Y,2,0.9845030380903581
2025-07-02,3Y,3,0.9748096874539923
2025-07-02,4Y,4,0.9643695030036534
2025-07-02,5Y,5,0.9531424046005329
2025-07-02,7Y,7,0.9275946293230858
2025-07-02,10Y,10,0.8795412682771145
2025-07-02,15Y,15,0.7751167771886027
2025-07-02,20Y,20,0.6656500181972905
2025-07-02,25Y,25,0.5685694298926904
2025-07-02,30Y,30,0.48669366738946085
2025-07-03,1Y,1,0.9929461392749322
2025-07-03,2Y,2,0.9844415580668952
2025-07-03,3Y,3,0.9746583499220886
2025-07-03,4Y,4,0.9640398436326407
2025-07-03,5Y,5,0.9525757080017919
2025-07-03,7Y,7,0.9265337411718778
2025-07-03,10Y,10,0.8775744045369243
2025-07-03,15Y,15,0.7715479107696414
2025-07-03,20Y,20,0.6609098853529326
2025-07-03,25Y,25,0.5631075538973634
2025-07-03,30Y,30,0.480714532363791
2025-07-04,1Y,1,0.9931292793465107
2025-07-04,2Y,2,0.9848268664318752
2025-07-04,3Y,3,0.975261346696556
2025-07-04,4Y,4,0.9649094379001004
2025-07-04,5Y,5,0.9537391560132038
2025-07-04,7Y,7,0.9281269986506508
2025-07-04,10Y,10,0.8797632102395657
2025-07-04,15Y,15,0.7740712619917907
2025-07-04,20Y,20,0.6635041596571383
2025-07-04,25Y,25,0.5655850697825335
2025-07-04,30Y,30,0.48296115131610945
2025-07-07,1Y,1,0.9931688324313516
2025-07-07,2Y,2,0.9848535527263185
2025-07-07,3Y,3,0.9751673128227879
2025-07-07,4Y,4,0.9645679357089657
2025-07-07,5Y,5,0.9531217698942739
2025-07-07,7Y,7,0.9268859562131749
2025-07-07,10Y,10,0.8774991960283112
2025-07-07,15Y,15,0.7701625071599549
2025-07-07,20Y,20,0.6576814302112441
2025-07-07,25Y,25,0.5580102795837012
2025-07-07,30Y,30,0.47401349312081503
2025-07-08,1Y,1,0.9931291684863794
2025-07-08,2Y,2,0.9847009668870125
2025-07-08,3Y,3,0.9747960836918259
2025-07-08,4Y,4,0.9639220464826384
2025-07-08,5Y,5,0.9522025634706557
2025-07-08,7Y,7,0.9252774915951119
2025-07-08,10Y,10,0.8745632049063214
2025-07-08,15Y,15,0.7644324373949511
2025-07-08,20Y,20,0.6495283453680462
2025-07-08,25Y,25,0.5477398349473424
2025-07-08,30Y,30,0.4624856276699261
2025-07-09,1Y,1,0.9929311467025522
2025-07-09,2Y,2,0.9842418454958537
2025-07-09,3Y,3,0.9741012430348708
2025-07-09,4Y,4,0.9630673692519801
2025-07-09,5Y,5,0.9511974044543561
2025-07-09,7Y,7,0.9241476320722505
2025-07-09,10Y,10,0.8733563819006598
2025-07-09,15Y,15,0.763116337115458
2025-07-09,20Y,20,0.6484107379572545
2025-07-09,25Y,25,0.5470632142928125
2025-07-09,30Y,30,0.4622521624739946
2025-07-10,1Y,1,0.9928618994587746
2025-07-10,2Y,2,0.9841415465247535
2025-07-10,3Y,3,0.9740294278983461
2025-07-10,4Y,4,0.9630477909863912
2025-07-10,5Y,5,0.9511853881925225
2025-07-10,7Y,7,0.9242282193799481
2025-07-10,10Y,10,0.8735182266903121
2025-07-10,15Y,15,0.7637349552489702
2025-07-10,20Y,20,0.6491506629906062
2025-07-10,25Y,25,0.5477549535229743
2025-07-10,30Y,30,0.462635147303321
2025-07-11,1Y,1,0.9926392590419929
2025-07-11,2Y,2,0.9836781220723634
2025-07-11,3Y,3,0.9733206377700158
2025-07-11,4Y,4,0.9621190283336009
2025-07-11,5Y,5,0.9500909506386571
2025-07-11,7Y,7,0.9226420435519154
2025-07-11,10Y,10,0.8713581183583428
2025-07-11,15Y,15,0.7619648352664455
2025-07-11,20Y,20,0.6484075617349002
2025-07-11,25Y,25,0.5480325211823299
2025-07-11,30Y,30,0.46390257750236286
2025-07-28,1Y,1,0.9922139423608154
2025-07-28,2Y,2,0.9827616568672041
2025-07-28,3Y,3,0.9718947534678426
2025-07-28,4Y,4,0.9601838055648445
2025-07-28,5Y,5,0.9476894709600198
2025-07-28,7Y,7,0.9197673117364018
2025-07-28,10Y,10,0.8686973626040498
2025-07-28,15Y,15,0.759178700268006
2025-07-28,20Y,20,0.6454825442488644
2025-07-28,25Y,25,0.54516424829874
2025-07-28,30Y,30,0.4610454259599961
2025-07-29,1Y,1,0.9919767540788132
2025-07-29,2Y,2,0.982313981590979
2025-07-29,3Y,3,0.971231663177909
2025-07-29,4Y,4,0.9593281416952647
2025-07-29,5Y,5,0.9466656199796155
2025-07-29,7Y,7,0.9181581814767424
2025-07-29,10Y,10,0.8661994011086369
2025-07-29,15Y,15,0.7553444850470661
2025-07-29,20Y,20,0.6408628205526778
2025-07-29,25Y,25,0.5401313972431729
2025-07-29,30Y,30,0.45588432353539243
2025-07-30,1Y,1,0.9919668720328996
2025-07-30,2Y,2,0.982301808985368
2025-07-30,3Y,3,0.9712270126913736
2025-07-30,4Y,4,0.9592552207594863
2025-07-30,5Y,5,0.9464057289324624
2025-07-30,7Y,7,0.9175074011428516
2025-07-30,10Y,10,0.8648484922412577
2025-07-30,15Y,15,0.7530185707459179
2025-07-30,20Y,20,0.6376821194959721
2025-07-30,25Y,25,0.5363651044029062
2025-07-30,30Y,30,0.4519281475184991
2025-07-31,1Y,1,0.9920113552742741
2025-07-31,2Y,2,0.982397268100055
2025-07-31,3Y,3,0.9713820640790235
2025-07-31,4Y,4,0.959490250876783
2025-07-31,5Y,5,0.946771804330907
2025-07-31,7Y,7,0.9181793155361259
2025-07-31,10Y,10,0.866086571798519
2025-07-31,15Y,15,0.754649908169767
2025-07-31,20Y,20,0.6392232507706112
2025-07-31,25Y,25,0.5377090618902738
2025-07-31,30Y,30,0.4530935470352586
2025-08-01,1Y,1,0.9924861092056301
2025-08-01,2Y,2,0.9834703962925287
2025-08-01,3Y,3,0.9730596063472623
2025-08-01,4Y,4,0.9618480235412424
2025-08-01,5Y,5,0.9498826013504315
2025-08-01,7Y,7,0.9224286649999764
2025-08-01,10Y,10,0.8716369906003291
2025-08-01,15Y,15,0.7609378364779656
2025-08-01,20Y,20,0.6451441575674018
2025-08-01,25Y,25,0.5429244995802162
2025-08-01,30Y,30,0.4576114894350019
2025-08-04,1Y,1,0.992490993549389
2025-08-04,2Y,2,0.9835024781358668
2025-08-04,3Y,3,0.9732357641537756
2025-08-04,4Y,4,0.9621450154778747
2025-08-04,5Y,5,0.9501819847039668
2025-08-04,7Y,7,0.9227643373236786
2025-08-04,10Y,10,0.8716760497046298
2025-08-04,15Y,15,0.7598995259191816
2025-08-04,20Y,20,0.6430697435594759
2025-08-04,25Y,25,0.5398569584391524
2025-08-04,30Y,30,0.4536634951631665
2025-08-05,1Y,1,0.992505888376711
2025-08-05,2Y,2,0.9835392177413417
2025-08-05,3Y,3,0.973264615920566
2025-08-05,4Y,4,0.9621881578270554
2025-08-05,5Y,5,0.9503115978967116
2025-08-05,7Y,7,0.9231971361514565
2025-08-05,10Y,10,0.872965887184036
2025-08-05,15Y,15,0.7621171477652476
2025-08-05,20Y,20,0.6456757869930182
2025-08-05,25Y,25,0.5427097487723027
2025-08-05,30Y,30,0.45682428628560645
2025-08-06,1Y,1,0.9922536859974184
2025-08-06,2Y,2,0.9830026180130279
2025-08-06,3Y,3,0.972449910712615
2025-08-06,4Y,4,0.9611263005104022
2025-08-06,5Y,5,0.9490383025341036
2025-08-06,7Y,7,0.9216552962914241
2025-08-06,10Y,10,0.8710555611382803
2025-08-06,15Y,15,0.7604107071260431
2025-08-06,20Y,20,0.6441434737539312
2025-08-06,25Y,25,0.5413990036033385
2025-08-06,30Y,30,0.45582620148791503
2025-08-07,1Y,1,0.9923971346776281
2025-08-07,2Y,2,0.9833310183480924
2025-08-07,3Y,3,0.9729592173297762
2025-08-07,4Y,4,0.9618098544834034
2025-08-07,5Y,5,0.9499059772736818
2025-08-07,7Y,7,0.9229209622884611
2025-08-07,10Y,10,0.8723772472975779
2025-08-07,15Y,15,0.7613599778257819
2025-08-07,20Y,20,0.6442604981998912
2025-08-07,25Y,25,0.5409917320757527
2025-08-07,30Y,30,0.45528205969910585
2025-08-08,1Y,1,0.9923031180516134
2025-08-08,2Y,2,0.9830709497411326
2025-08-08,3Y,3,0.9724681816413481
2025-08-08,4Y,4,0.9610567588686477
2025-08-08,5Y,5,0.9489314033660082
2025-08-08,7Y,7,0.9216522621813114
2025-08-08,10Y,10,0.870668008252681
2025-08-08,15Y,15,0.7592592048576786
2025-08-08,20Y,20,0.642389446997013
2025-08-08,25Y,25,0.539453426412438
2025-08-08,30Y,30,0.4537027511464954
2025-08-11,1Y,1,0.9923031180516134
2025-08-11,2Y,2,0.9830709497411326
2025-08-11,3Y,3,0.9724681816413481
2025-08-11,4Y,4,0.9610567588686477
2025-08-11,5Y,5,0.9489314033660082
2025-08-11,7Y,7,0.9216522621813114
2025-08-11,10Y,10,0.870668008252681
2025-08-11,15Y,15,0.7592592048576786
2025-08-11,20Y,20,0.642389446997013
2025-08-11,25Y,25,0.539453426412438
2025-08-11,30Y,30,0.4537027511464954
2025-08-12,1Y,1,0.9922289588617166
2025-08-12,2Y,2,0.9829092526416023
2025-08-12,3Y,3,0.9722209833067902
2025-08-12,4Y,4,0.9607187031163948
2025-08-12,5Y,5,0.9484322826528105
2025-08-12,7Y,7,0.9207363761391638
2025-08-12,10Y,10,0.8694276846770813
2025-08-12,15Y,15,0.7570349595626668
2025-08-12,20Y,20,0.639590081081262
2025-08-12,25Y,25,0.5360514221401226
2025-08-12,30Y,30,0.45008507447720164
2025-08-13,1Y,1,0.9922388446229978
2025-08-13,2Y,2,0.9829658489087935
2025-08-13,3Y,3,0.9723818841342153
2025-08-13,4Y,4,0.9609936264869613
2025-08-13,5Y,5,0.9488039729522587
2025-08-13,7Y,7,0.9212934176644765
2025-08-13,10Y,10,0.870350716775384
2025-08-13,15Y,15,0.7588421997766942
2025-08-13,20Y,20,0.6418703573025774
2025-08-13,25Y,25,0.5385371561836636
2025-08-13,30Y,30,0.4525138804559311
2025-08-14,1Y,1,0.991897754016926
2025-08-14,2Y,2,0.9821351754431055
2025-08-14,3Y,3,0.970896959969942
2025-08-14,4Y,4,0.9588243608375441
2025-08-14,5Y,5,0.946011827733627
2025-08-14,7Y,7,0.9174561005695067
2025-08-14,10Y,10,0.8653072047459601
2025-08-14,15Y,15,0.7527182987998755
2025-08-14,20Y,20,0.6350104197872438
2025-08-14,25Y,25,0.5313788248472073
2025-08-14,30Y,30,0.44537027017779934
2025-08-15,1Y,1,0.9917989262399354
2025-08-15,2Y,2,0.9819543514320263
2025-08-15,3Y,3,0.9706653135665454
2025-08-15,4Y,4,0.958514088451248
2025-08-15,5Y,5,0.9455819420764666
2025-08-15,7Y,7,0.9167314175835743
2025-08-15,10Y,10,0.8640729504748785
2025-08-15,15Y,15,0.7513819165851416
2025-08-15,20Y,20,0.6340272826390368
2025-08-15,25Y,25,0.5307031322298431
2025-08-15,30Y,30,0.44488537064733025
2025-08-18,1Y,1,0.9918384188723337
2025-08-18,2Y,2,0.9819956491088534
2025-08-18,3Y,3,0.9706692915947869
2025-08-18,4Y,4,0.958481621772806
2025-08-18,5Y,5,0.9455331257047139
2025-08-18,7Y,7,0.9166037264730421
2025-08-18,10Y,10,0.8636604145983137
2025-08-18,15Y,15,0.7504788031074718
2025-08-18,20Y,20,0.632676500210366
2025-08-18,25Y,25,0.5291581883794185
2025-08-18,30Y,30,0.4433174870050218
2025-08-19,1Y,1,0.991719788865337
2025-08-19,2Y,2,0.9817166350497962
2025-08-19,3Y,3,0.97025338869999
2025-08-19,4Y,4,0.9579588670438902
2025-08-19,5Y,5,0.9448390686203318
2025-08-19,7Y,7,0.9154995367608292
2025-08-19,10Y,10,0.8624459999242472
2025-08-19,15Y,15,0.7487520071899311
2025-08-19,20Y,20,0.6306272802404984
2025-08-19,25Y,25,0.526949299981446
2025-08-19,30Y,30,0.44117063225090286
2025-08-20,1Y,1,0.9917395459065841
2025-08-20,2Y,2,0.9817409588077769
2025-08-20,3Y,3,0.970243052265011
2025-08-20,4Y,4,0.9579075710680744
2025-08-20,5Y,5,0.9447960260461267
2025-08-20,7Y,7,0.9155233611607148
2025-08-20,10Y,10,0.862260001509472
2025-08-20,15Y,15,0.747589016417311
2025-08-20,20Y,20,0.6283220326598091
2025-08-20,25Y,25,0.523615362527856
2025-08-20,30Y,30,0.43726770431926204
2025-08-21,1Y,1,0.9916259105012278
2025-08-21,2Y,2,0.9815013324681091
2025-08-21,3Y,3,0.9698804789351914
2025-08-21,4Y,4,0.9574058392879526
2025-08-21,5Y,5,0.9441448304605607
2025-08-21,7Y,7,0.9145983939889004
2025-08-21,10Y,10,0.860893807928741
2025-08-21,15Y,15,0.746372801714219
2025-08-21,20Y,20,0.6276033782627438
2025-08-21,25Y,25,0.5231653942685247
2025-08-21,30Y,30,0.4367650716040595
2025-08-22,1Y,1,0.9914926253179728
2025-08-22,2Y,2,0.9812521650675738
2025-08-22,3Y,3,0.9695183953018649
2025-08-22,4Y,4,0.9569534023615549
2025-08-22,5Y,5,0.9436046162718923
2025-08-22,7Y,7,0.91385463665805
2025-08-22,10Y,10,0.8601121212759298
2025-08-22,15Y,15,0.7453545098448664
2025-08-22,20Y,20,0.6264916916561013
2025-08-22,25Y,25,0.5221871965777621
2025-08-22,30Y,30,0.4360818711640436
2025-08-25,1Y,1,0.9914975491374654
2025-08-25,2Y,2,0.9812545604455013
2025-08-25,3Y,3,0.9695281226662481
2025-08-25,4Y,4,0.956972575221175
2025-08-25,5Y,5,0.9436282974863605
2025-08-25,7Y,7,0.9138905953920198
2025-08-25,10Y,10,0.8601520345445361
2025-08-25,15Y,15,0.7454212764785073
2025-08-25,20Y,20,0.6265571497260514
2025-08-25,25Y,25,0.5223432812101162
2025-08-25,30Y,30,0.4360337005111274
2025-08-26,1Y,1,0.9914332677061504
2025-08-26,2Y,2,0.9810389284221461
2025-08-26,3Y,3,0.9690770258911482
2025-08-26,4Y,4,0.9562241381675896
2025-08-26,5Y,5,0.9425620684173296
2025-08-26,7Y,7,0.912294404252096
2025-08-26,10Y,10,0.8579229946036467
2025-08-26,15Y,15,0.7422616292900295
2025-08-26,20Y,20,0.622587893976521
2025-08-26,25Y,25,0.5177483349546502
2025-08-26,30Y,30,0.4315093756620302
2025-08-27,1Y,1,0.9915418657141382
2025-08-27,2Y,2,0.9812391540382069
2025-08-27,3Y,3,0.9693567269349135
2025-08-27,4Y,4,0.9566103326400577
2025-08-27,5Y,5,0.9430995458003628
2025-08-27,7Y,7,0.9129359637339464
2025-08-27,10Y,10,0.8586018759012769
2025-08-27,15Y,15,0.7429918639084364
2025-08-27,20Y,20,0.6233182068164268
2025-08-27,25Y,25,0.5183582001457947
2025-08-27,30Y,30,0.4319231209268172
2025-08-28,1Y,1,0.9915615905017083
2025-08-28,2Y,2,0.9812708847731914
2025-08-28,3Y,3,0.9694392979547813
2025-08-28,4Y,4,0.9567932063002571
2025-08-28,5Y,5,0.9433751226559915
2025-08-28,7Y,7,0.9134500630144902
2025-08-28,10Y,10,0.8592481210375191
2025-08-28,15Y,15,0.7448186135032305
2025-08-28,20Y,20,0.6263058734774135
2025-08-28,25Y,25,0.5222243135482724
2025-08-28,30Y,30,0.43628588432872956
2025-08-29,1Y,1,0.991571548379585
2025-08-29,2Y,2,0.9813420946327339
2025-08-29,3Y,3,0.9696191985567723
2025-08-29,4Y,4,0.9571226581350433
2025-08-29,5Y,5,0.9438548118107194
2025-08-29,7Y,7,0.9140975377572798
2025-08-29,10Y,10,0.8602640019881282
2025-08-29,15Y,15,0.7467055073993493
2025-08-29,20Y,20,0.6290664233796002
2025-08-29,25Y,25,0.5254712602375188
2025-08-29,30Y,30,0.4398922455269877
2025-09-01,1Y,1,0.9915270384009033
2025-09-01,2Y,2,0.9812024578663529
2025-09-01,3Y,3,0.9693673216219063
2025-09-01,4Y,4,0.9567052787936683
2025-09-01,5Y,5,0.9431853052594125
2025-09-01,7Y,7,0.9132123384918523
2025-09-01,10Y,10,0.8594352937971768
2025-09-01,15Y,15,0.7446389938912134
2025-09-01,20Y,20,0.6256267342947194
2025-09-01,25Y,25,0.521383144161269
2025-09-01,30Y,30,0.4350602730046162
2025-09-02,1Y,1,0.9917146758604519
2025-09-02,2Y,2,0.9815517507815292
2025-09-02,3Y,3,0.969815416240511
2025-09-02,4Y,4,0.9571839720406018
2025-09-02,5Y,5,0.9436786774595649
2025-09-02,7Y,7,0.9136829868658611
2025-09-02,10Y,10,0.8596225552820937
2025-09-02,15Y,15,0.7438389140838882
2025-09-02,20Y,20,0.6235597921383178
2025-09-02,25Y,25,0.5184038205958114
2025-09-02,30Y,30,0.43157187144513753
2025-09-03,1Y,1,0.9916899935069146
2025-09-03,2Y,2,0.9815768005765313
2025-09-03,3Y,3,0.9699374743702869
2025-09-03,4Y,4,0.9572548406073292
2025-09-03,5Y,5,0.9436622454194378
2025-09-03,7Y,7,0.9133184087672015
2025-09-03,10Y,10,0.8585305798535867
2025-09-03,15Y,15,0.7425087702478128
2025-09-03,20Y,20,0.6214244871037461
2025-09-03,25Y,25,0.5154514476802207
2025-09-03,30Y,30,0.42882455462972274
2025-09-04,1Y,1,0.9919075045967237
2025-09-04,2Y,2,0.982058716641563
2025-09-04,3Y,3,0.9706874373148534
2025-09-04,4Y,4,0.9584678387591987
2025-09-04,5Y,5,0.9454347521627539
2025-09-04,7Y,7,0.9161403898381861
2025-09-04,10Y,10,0.8628844023219655
2025-09-04,15Y,15,0.7488780367368685
2025-09-04,20Y,20,0.6291794400878942
2025-09-04,25Y,25,0.5242647085601915
2025-09-04,30Y,30,0.4375882114858906
2025-09-05,1Y,1,0.9919372787076906
2025-09-05,2Y,2,0.982198650806824
2025-09-05,3Y,3,0.9709642971522373
2025-09-05,4Y,4,0.9589124662881
2025-09-05,5Y,5,0.9460713269143111
2025-09-05,7Y,7,0.9170631650003667
2025-09-05,10Y,10,0.8637700991082086
2025-09-05,15Y,15,0.7501355002239573
2025-09-05,20Y,20,0.6305537959048875
2025-09-05,25Y,25,0.5255845648005557
2025-09-05,30Y,30,0.43920767100251323
2025-09-08,1Y,1,0.9920409524793634
2025-09-08,2Y,2,0.9823894522087504
2025-09-08,3Y,3,0.9712987162799148
2025-09-08,4Y,4,0.9594402656567235
2025-09-08,5Y,5,0.9467436194302986
2025-09-08,7Y,7,0.917784673783652
2025-09-08,10Y,10,0.8648011559369125
2025-09-08,15Y,15,0.7499361646870379
2025-09-08,20Y,20,0.6293435793438925
2025-09-08,25Y,25,0.5230964810378044
2025-09-08,30Y,30,0.4349220108169763
2025-09-09,1Y,1,0.9916803033565569
2025-09-09,2Y,2,0.9817123296728757
2025-09-09,3Y,3,0.9703810302405224
2025-09-09,4Y,4,0.9582882943568631
2025-09-09,5Y,5,0.9454326133572417
2025-09-09,7Y,7,0.9161863337323806
2025-09-09,10Y,10,0.862922144968414
2025-09-09,15Y,15,0.7485476876135622
2025-09-09,20Y,20,0.6280754964812467
2025-09-09,25Y,25,0.5221189842141146
2025-09-09,30Y,30,0.4347472465124001
2025-09-10,1Y,1,0.9917396523067732
2025-09-10,2Y,2,0.981888755301568
2025-09-10,3Y,3,0.9706716282508501
2025-09-10,4Y,4,0.9587076263831423
2025-09-10,5Y,5,0.9460201640796497
2025-09-10,7Y,7,0.9173737996799436
2025-09-10,10Y,10,0.8652438966578235
2025-09-10,15Y,15,0.7517390426164254
2025-09-10,20Y,20,0.6329203529657336
2025-09-10,25Y,25,0.5281647401848384
2025-09-10,30Y,30,0.4411630898148354
2025-09-11,1Y,1,0.9916802765539315
2025-09-11,2Y,2,0.9816753848715665
2025-09-11,3Y,3,0.9702788054430734
2025-09-11,4Y,4,0.958171070511886
2025-09-11,5Y,5,0.945387517611223
2025-09-11,7Y,7,0.9164317056807851
2025-09-11,10Y,10,0.8638649549637544
2025-09-11,15Y,15,0.7501187935754705
2025-09-11,20Y,20,0.6309898926546444
2025-09-11,25Y,25,0.5258174892359259
2025-09-11,30Y,30,0.4388071225542852
2025-09-12,1Y,1,0.9915122661558495
2025-09-12,2Y,2,0.9812618071242201
2025-09-12,3Y,3,0.9696062368558802
2025-09-12,4Y,4,0.9572482744043697
2025-09-12,5Y,5,0.9441152680959812
2025-09-12,7Y,7,0.9146893124685437
2025-09-12,10Y,10,0.8617509592457396
2025-09-12,15Y,15,0.7484579214194221
2025-09-12,20Y,20,0.6300772762738275
2025-09-12,25Y,25,0.5263607114415707
2025-09-12,30Y,30,0.4404969891534115
2025-09-15,1Y,1,0.991620985515463
2025-09-15,2Y,2,0.9813584406527371
2025-09-15,3Y,3,0.9694865410297654
2025-09-15,4Y,4,0.9568712726484291
2025-09-15,5Y,5,0.9437633056296795
2025-09-15,7Y,7,0.9149135389715185
2025-09-15,10Y,10,0.8613452028809334
2025-09-15,15Y,15,0.7479762516693298
2025-09-15,20Y,20,0.6287938548391938
2025-09-15,25Y,25,0.5253006380722013
2025-09-15,30Y,30,0.43901231781988953
2025-09-16,1Y,1,0.9915517143804002
2025-09-16,2Y,2,0.9813030899873257
2025-09-16,3Y,3,0.9695905382714496
2025-09-16,4Y,4,0.9570433439719935
2025-09-16,5Y,5,0.9436833039281128
2025-09-16,7Y,7,0.9143186377025458
2025-09-16,10Y,10,0.8612690636028664
2025-09-16,15Y,15,0.7469681555731984
2025-09-16,20Y,20,0.6282088545274478
2025-09-16,25Y,25,0.5237164364908309
2025-09-16,30Y,30,0.4369746705979672
2025-09-17,1Y,1,0.9915419475591659
2025-09-17,2Y,2,0.9812242731988274
2025-09-17,3Y,3,0.9693277587249958
2025-09-17,4Y,4,0.9567788980566939
2025-09-17,5Y,5,0.9436039984154637
2025-09-17,7Y,7,0.9141954949586708
2025-09-17,10Y,10,0.8614037959918482
2025-09-17,15Y,15,0.7476667521519366
2025-09-17,20Y,20,0.6296761676261106
2025-09-17,25Y,25,0.5259154318755257
2025-09-17,30Y,30,0.43996598272076043
2025-09-18,1Y,1,0.9914185809304692
2025-09-18,2Y,2,0.9809503365270817
2025-09-18,3Y,3,0.9687900996862188
2025-09-18,4Y,4,0.9559824736480097
2025-09-18,5Y,5,0.9426712830528556
2025-09-18,7Y,7,0.9131733414653663
2025-09-18,10Y,10,0.8601669268284461
2025-09-18,15Y,15,0.7469289618490631
2025-09-18,20Y,20,0.6293551476462437
2025-09-18,25Y,25,0.526164552707044
2025-09-18,30Y,30,0.44094128930855647
2025-09-19,1Y,1,0.9911518696884478
2025-09-19,2Y,2,0.9804305348461838
2025-09-19,3Y,3,0.9681503512419963
2025-09-19,4Y,4,0.9551992228820534
2025-09-19,5Y,5,0.9417018701950552
2025-09-19,7Y,7,0.9120110035051897
2025-09-19,10Y,10,0.8589126389408903
2025-09-19,15Y,15,0.7475925335312046
2025-09-19,20Y,20,0.6319101536346194
2025-09-19,25Y,25,0.5300686888068595
2025-09-19,30Y,30,0.44551444400013696
2025-09-22,1Y,1,0.9910136743631905
2025-09-22,2Y,2,0.9801720197265149
2025-09-22,3Y,3,0.9677744460245268
2025-09-22,4Y,4,0.9545952956682557
2025-09-22,5Y,5,0.9407904320596677
2025-09-22,7Y,7,0.910484731747993
2025-09-22,10Y,10,0.8575240169665034
2025-09-22,15Y,15,0.746324215618022
2025-09-22,20Y,20,0.6319936689175393
2025-09-22,25Y,25,0.5309987238726335
2025-09-22,30Y,30,0.4462323618299971
2025-09-23,1Y,1,0.9909987418682263
2025-09-23,2Y,2,0.9800764094064262
2025-09-23,3Y,3,0.967600262404462
2025-09-23,4Y,4,0.9543054772783558
2025-09-23,5Y,5,0.9404036198689594
2025-09-23,7Y,7,0.910245735189167
2025-09-23,10Y,10,0.8569792340324678
2025-09-23,15Y,15,0.745854949229336
2025-09-23,20Y,20,0.6311894504546253
2025-09-23,25Y,25,0.529751122211129
2025-09-23,30Y,30,0.44519828775778636
2025-09-24,1Y,1,0.991057981039284
2025-09-24,2Y,2,0.98007529700079
2025-09-24,3Y,3,0.9673359683582313
2025-09-24,4Y,4,0.9538242701355596
2025-09-24,5Y,5,0.9398983428162961
2025-09-24,7Y,7,0.9097579175736885
2025-09-24,10Y,10,0.8565632790565985
2025-09-24,15Y,15,0.7466164721116096
2025-09-24,20Y,20,0.6329014997175963
2025-09-24,25Y,25,0.5321182159245373
2025-09-24,30Y,30,0.4478068921560344
2025-09-25,1Y,1,0.9909048708841385
2025-09-25,2Y,2,0.9797508456303247
2025-09-25,3Y,3,0.9669519803502011
2025-09-25,4Y,4,0.9535108179690107
2025-09-25,5Y,5,0.9395424365272994
2025-09-25,7Y,7,0.9092225641961044
2025-09-25,10Y,10,0.8563663540180597
2025-09-25,15Y,15,0.7480291018935913
2025-09-25,20Y,20,0.6355041258944404
2025-09-25,25Y,25,0.5357173750188623
2025-09-25,30Y,30,0.4523812331131878
2025-09-26,1Y,1,0.9909344129329829
2025-09-26,2Y,2,0.9799349912400033
2025-09-26,3Y,3,0.9674809619252399
2025-09-26,4Y,4,0.9542853581601898
2025-09-26,5Y,5,0.9404171080996323
2025-09-26,7Y,7,0.9100390218085436
2025-09-26,10Y,10,0.8571235190785764
2025-09-26,15Y,15,0.7475049069921935
2025-09-26,20Y,20,0.634147519627185
2025-09-26,25Y,25,0.5335136183775165
2025-09-26,30Y,30,0.44937047483487147
2025-09-29,1Y,1,0.9908753893886452
2025-09-29,2Y,2,0.9798251065242597
2025-09-29,3Y,3,0.9671950811156131
2025-09-29,4Y,4,0.9537535166049312
2025-09-29,5Y,5,0.9397668621996649
2025-09-29,7Y,7,0.9094998886927514
2025-09-29,10Y,10,0.8565666149467835
2025-09-29,15Y,15,0.7471892645988915
2025-09-29,20Y,20,0.6341479332076703
2025-09-29,25Y,25,0.534402362231586
2025-09-29,30Y,30,0.4512927747301582
2025-09-30,1Y,1,0.9907570662100883
2025-09-30,2Y,2,0.9795687862086004
2025-09-30,3Y,3,0.966804975133888
2025-09-30,4Y,4,0.9533616592914143
2025-09-30,5Y,5,0.9393148933264033
2025-09-30,7Y,7,0.9085164943262388
2025-09-30,10Y,10,0.8547470486379819
2025-09-30,15Y,15,0.7450519218886749
2025-09-30,20Y,20,0.6311112448988063
2025-09-30,25Y,25,0.5303387505983003
2025-09-30,30Y,30,0.44667437776183955
2025-10-01,1Y,1,0.9908604870899573
2025-10-01,2Y,2,0.9797294951182971
2025-10-01,3Y,3,0.9670014693621525
2025-10-01,4Y,4,0.9534376432237198
2025-10-01,5Y,5,0.9391831554130046
2025-10-01,7Y,7,0.9079604507049241
2025-10-01,10Y,10,0.8537668216162383
2025-10-01,15Y,15,0.7431360340283987
2025-10-01,20Y,20,0.6294846083787485
2025-10-01,25Y,25,0.5287716187550806
2025-10-01,30Y,30,0.44430972582251116
2025-10-02,1Y,1,0.9909050177423944
2025-10-02,2Y,2,0.9798762258333842
2025-10-02,3Y,3,0.9672085819690681
2025-10-02,4Y,4,0.9536480851376881
2025-10-02,5Y,5,0.9393287898714324
2025-10-02,7Y,7,0.9077613584251656
2025-10-02,10Y,10,0.8533236841427133
2025-10-02,15Y,15,0.742748722879761
2025-10-02,20Y,20,0.6289105085027289
2025-10-02,25Y,25,0.5280023468455591
2025-10-02,30Y,30,0.4437380053799644
2025-10-03,1Y,1,0.99097909357269
2025-10-03,2Y,2,0.9799929590738056
2025-10-03,3Y,3,0.9672988789915324
2025-10-03,4Y,4,0.9537221693204914
2025-10-03,5Y,5,0.9394784089771039
2025-10-03,7Y,7,0.9082925509890903
2025-10-03,10Y,10,0.8534358325856101
2025-10-03,15Y,15,0.7430745893104712
2025-10-03,20Y,20,0.6290927465131306
2025-10-03,25Y,25,0.5284988878056726
2025-10-03,30Y,30,0.44542785379615696
2025-10-06,1Y,1,0.9912999371608832
2025-10-06,2Y,2,0.98062001734248
2025-10-06,3Y,3,0.9680969456609746
2025-10-06,4Y,4,0.9545675987244165
2025-10-06,5Y,5,0.9402865919118167
2025-10-06,7Y,7,0.9084224152012299
2025-10-06,10Y,10,0.8514351211533774
2025-10-06,15Y,15,0.7354056464179168
2025-10-06,20Y,20,0.6166436336541498
2025-10-06,25Y,25,0.5123495333708495
2025-10-06,30Y,30,0.4260467756382854
2025-10-07,1Y,1,0.9912356432450616
2025-10-07,2Y,2,0.980456272085965
2025-10-07,3Y,3,0.9679340731007023
2025-10-07,4Y,4,0.9545872930751481
2025-10-07,5Y,5,0.9405073947633693
2025-10-07,7Y,7,0.9090493349561498
2025-10-07,10Y,10,0.8529648541684767
2025-10-07,15Y,15,0.7383951090184596
2025-10-07,20Y,20,0.6209199150925407
2025-10-07,25Y,25,0.517243974726898
2025-10-07,30Y,30,0.43146565995368685
2025-10-08,1Y,1,0.9911369361224271
2025-10-08,2Y,2,0.9802314627105928
2025-10-08,3Y,3,0.9676259776541641
2025-10-08,4Y,4,0.9541950621513038
2025-10-08,5Y,5,0.9399866071768848
2025-10-08,7Y,7,0.9087134214109404
2025-10-08,10Y,10,0.8530602620046088
2025-10-08,15Y,15,0.7398805856596351
2025-10-08,20Y,20,0.6232641152895523
2025-10-08,25Y,25,0.5208530772976452
2025-10-08,30Y,30,0.43632598118055027
2025-10-09,1Y,1,0.991176360187246
2025-10-09,2Y,2,0.9802948469377588
2025-10-09,3Y,3,0.9676341934821183
2025-10-09,4Y,4,0.9541431758283977
2025-10-09,5Y,5,0.9399425805545326
2025-10-09,7Y,7,0.9086580300287522
2025-10-09,10Y,10,0.8529717174939352
2025-10-09,15Y,15,0.7389578931127548
2025-10-09,20Y,20,0.6213347618828734
2025-10-09,25Y,25,0.5180354591719616
2025-10-09,30Y,30,0.4329535655686534
2025-10-10,1Y,1,0.9913541671219794
2025-10-10,2Y,2,0.9809640327069771
2025-10-10,3Y,3,0.969132470196163
2025-10-10,4Y,4,0.9563681725264923
2025-10-10,5Y,5,0.94277349838153
2025-10-10,7Y,7,0.9124689988179698
2025-10-10,10Y,10,0.8577864648500414
2025-10-10,15Y,15,0.745083254035173
2025-10-10,20Y,20,0.6287243238257934
2025-10-10,25Y,25,0.5263331875907331
2025-10-10,30Y,30,0.44168552376523684
2025-10-13,1Y,1,0.9913886823452182
2025-10-13,2Y,2,0.9812098251560788
2025-10-13,3Y,3,0.9696022573418069
2025-10-13,4Y,4,0.9563789251655965
2025-10-13,5Y,5,0.942318207902217
2025-10-13,7Y,7,0.9133306620309721
2025-10-13,10Y,10,0.8589097882886391
2025-10-13,15Y,15,0.7459816830480919
2025-10-13,20Y,20,0.6331866600264272
2025-10-13,25Y,25,0.5304861002330292
2025-10-13,30Y,30,0.44598971069308774
2025-10-14,1Y,1,0.9916604675176274
2025-10-14,2Y,2,0.9815032296011236
2025-10-14,3Y,3,0.9697333278201519
2025-10-14,4Y,4,0.9570868863480221
2025-10-14,5Y,5,0.9436726304550219
2025-10-14,7Y,7,0.9136715900884688
2025-10-14,10Y,10,0.8591560192664216
2025-10-14,15Y,15,0.7461950802052065
2025-10-14,20Y,20,0.6291043827100573
2025-10-14,25Y,25,0.5261914382859855
2025-10-14,30Y,30,0.4412463762242374
2025-10-15,1Y,1,0.9915370233258392
2025-10-15,2Y,2,0.981199697168279
2025-10-15,3Y,3,0.9691764020240714
2025-10-15,4Y,4,0.9562905272148773
2025-10-15,5Y,5,0.942682218899428
2025-10-15,7Y,7,0.9123901593383411
2025-10-15,10Y,10,0.8583899093877555
2025-10-15,15Y,15,0.7460553245661067
2025-10-15,20Y,20,0.6301134928394725
2025-10-15,25Y,25,0.527994522311674
2025-10-15,30Y,30,0.44403651491265866
2025-10-16,1Y,1,0.9912407061907038
2025-10-16,2Y,2,0.9807171310298182
2025-10-16,3Y,3,0.9687560100716917
2025-10-16,4Y,4,0.9559331967264096
2025-10-16,5Y,5,0.9423255519215181
2025-10-16,7Y,7,0.9124427283338468
2025-10-16,10Y,10,0.8586256687603286
2025-10-16,15Y,15,0.7480885914804593
2025-10-16,20Y,20,0.6337421348061003
2025-10-16,25Y,25,0.5328002345188719
2025-10-16,30Y,30,0.4487869367393972
2025-10-17,1Y,1,0.9913739694247115
2025-10-17,2Y,2,0.9807369702205039
2025-10-17,3Y,3,0.9683733897016389
2025-10-17,4Y,4,0.9552627678770101
2025-10-17,5Y,5,0.9414893021678788
2025-10-17,7Y,7,0.9114727848449447
2025-10-17,10Y,10,0.8579448904892133
2025-10-17,15Y,15,0.7463077573774977
2025-10-17,20Y,20,0.6307641570001398
2025-10-17,25Y,25,0.5286528815879606
2025-10-17,30Y,30,0.44381945720938887
2025-10-20,1Y,1,0.9909938224498511
2025-10-20,2Y,2,0.9800814066149922
2025-10-20,3Y,3,0.9675756967629158
2025-10-20,4Y,4,0.9541870499752722
2025-10-20,5Y,5,0.9401118134858534
2025-10-20,7Y,7,0.9096096263960561
2025-10-20,10Y,10,0.855474912531925
2025-10-20,15Y,15,0.7443829067894512
2025-10-20,20Y,20,0.6297454255236973
2025-10-20,25Y,25,0.5284563213417838
2025-10-20,30Y,30,0.4442502451492722
2025-10-21,1Y,1,0.9911319581911366
2025-10-21,2Y,2,0.9802882449623532
2025-10-21,3Y,3,0.9678596068053014
2025-10-21,4Y,4,0.9546274854611999
2025-10-21,5Y,5,0.9406703432804607
2025-10-21,7Y,7,0.9101336824934766
2025-10-21,10Y,10,0.8559373894488101
2025-10-21,15Y,15,0.7447257164635214
2025-10-21,20Y,20,0.6300330640796096
2025-10-21,25Y,25,0.5287305033100635
2025-10-21,30Y,30,0.44422519816333794
2025-10-22,1Y,1,0.9912258002048723
2025-10-22,2Y,2,0.980599273762733
2025-10-22,3Y,3,0.9684401656960879
2025-10-22,4Y,4,0.9553810294442924
2025-10-22,5Y,5,0.9415629005929375
2025-10-22,7Y,7,0.911273613721112
2025-10-22,10Y,10,0.8576287377470907
2025-10-22,15Y,15,0.7453699593066351
2025-10-22,20Y,20,0.6298439760891786
2025-10-22,25Y,25,0.5278898803006756
2025-10-22,30Y,30,0.442731415039282
2025-10-23,1Y,1,0.9910778052657144
2025-10-23,2Y,2,0.9802619873997872
2025-10-23,3Y,3,0.9677429284347107
2025-10-23,4Y,4,0.9542762939045788
2025-10-23,5Y,5,0.9402065346413869
2025-10-23,7Y,7,0.9095681695481914
2025-10-23,10Y,10,0.855292775475051
2025-10-23,15Y,15,0.7430935568489653
2025-10-23,20Y,20,0.627149568107601
2025-10-23,25Y,25,0.5255969409044636
2025-10-23,30Y,30,0.4413638541591581
2025-10-24,1Y,1,0.9910925083487859
2025-10-24,2Y,2,0.9802470595801408
2025-10-24,3Y,3,0.9677578137571846
2025-10-24,4Y,4,0.9544069819826121
2025-10-24,5Y,5,0.9403483485754693
2025-10-24,7Y,7,0.909629470944429
2025-10-24,10Y,10,0.8557073549507873
2025-10-24,15Y,15,0.7432790057897528
2025-10-24,20Y,20,0.627864971848314
2025-10-24,25Y,25,0.5269233496842375
2025-10-24,30Y,30,0.44289138431643216
2025-10-27,1Y,1,0.9910727411621479
2025-10-27,2Y,2,0.9802080485207115
2025-10-27,3Y,3,0.9677293150654961
2025-10-27,4Y,4,0.9544007500639128
2025-10-27,5Y,5,0.9403784776075826
2025-10-27,7Y,7,0.9095401303968371
2025-10-27,10Y,10,0.8552507973627516
2025-10-27,15Y,15,0.7438892327665416
2025-10-27,20Y,20,0.6287446266716683
2025-10-27,25Y,25,0.5274301087894396
2025-10-27,30Y,30,0.4435305704892142
2025-10-28,1Y,1,0.9911665752296539
2025-10-28,2Y,2,0.9803934410523534
2025-10-28,3Y,3,0.9680041550836789
2025-10-28,4Y,4,0.9548837228905994
2025-10-28,5Y,5,0.9410915037499507
2025-10-28,7Y,7,0.9108165314084586
2025-10-28,10Y,10,0.8572519334435833
2025-10-28,15Y,15,0.7463912166271544
2025-10-28,20Y,20,0.6320033404935512
2025-10-28,25Y,25,0.5309144076142857
2025-10-28,30Y,30,0.44663149051583007
2025-10-29,1Y,1,0.9910383015594978
2025-10-29,2Y,2,0.9800140293607781
2025-10-29,3Y,3,0.9671661911082429
2025-10-29,4Y,4,0.95350777927052
2025-10-29,5Y,5,0.9392704345241183
2025-10-29,7Y,7,0.9084711326144124
2025-10-29,10Y,10,0.854139008205557
2025-10-29,15Y,15,0.7426325624290612
2025-10-29,20Y,20,0.6283423232156163
2025-10-29,25Y,25,0.5275734506631293
2025-10-29,30Y,30,0.4439702200109057
2025-10-30,1Y,1,0.9911616543167018
2025-10-30,2Y,2,0.9803319416345391
2025-10-30,3Y,3,0.9678097400080096
2025-10-30,4Y,4,0.9545283418843538
2025-10-30,5Y,5,0.9405604341501356
2025-10-30,7Y,7,0.9098650933583946
2025-10-30,10Y,10,0.8563281168921043
2025-10-30,15Y,15,0.7452807908246543
2025-10-30,20Y,20,0.6305348716540322
2025-10-30,25Y,25,0.5294105875927902
2025-10-30,30Y,30,0.44523825670631517
2025-10-31,1Y,1,0.9911271234892045
2025-10-31,2Y,2,0.9802857560644386
2025-10-31,3Y,3,0.9676835559216209
2025-10-31,4Y,4,0.9542086155524678
2025-10-31,5Y,5,0.9401299930811541
2025-10-31,7Y,7,0.9091273426178658
2025-10-31,10Y,10,0.8552016694267962
2025-10-31,15Y,15,0.7436874515552568
2025-10-31,20Y,20,0.6291914333356712
2025-10-31,25Y,25,0.5284293209468024
2025-10-31,30Y,30,0.44444124765222853
2025-11-03,1Y,1,0.9911369361224271
2025-11-03,2Y,2,0.9802462395634922
2025-11-03,3Y,3,0.9675864729358216
2025-11-03,4Y,4,0.9540502014902156
2025-11-03,5Y,5,0.939989880460685
2025-11-03,7Y,7,0.9093009458239414
2025-11-03,10Y,10,0.8544742526427549
2025-11-03,15Y,15,0.7439178317085466
2025-11-03,20Y,20,0.6288364337535521
2025-11-03,25Y,25,0.5278192076955223
2025-11-03,30Y,30,0.44440981278713143
2025-11-04,1Y,1,0.9910679075427214
2025-11-04,2Y,2,0.9801612366247332
2025-11-04,3Y,3,0.9675249392468999
2025-11-04,4Y,4,0.9539824728759561
2025-11-04,5Y,5,0.9397669542269415
2025-11-04,7Y,7,0.9088429028106109
2025-11-04,10Y,10,0.8544321763036685
2025-11-04,15Y,15,0.7429520402670354
2025-11-04,20Y,20,0.628345988657676
2025-11-04,25Y,25,0.5268840689357999
2025-11-04,30Y,30,0.4422605974554966
2025-11-05,1Y,1,0.9911173110736429
2025-11-05,2Y,2,0.9801848924142074
2025-11-05,3Y,3,0.9674069431898938
2025-11-05,4Y,4,0.9537994445103215
2025-11-05,5Y,5,0.9394905093510001
2025-11-05,7Y,7,0.9084949790004676
2025-11-05,10Y,10,0.8540727357215195
2025-11-05,15Y,15,0.7428213761702732
2025-11-05,20Y,20,0.6280783692901065
2025-11-05,25Y,25,0.5264498200885476
2025-11-05,30Y,30,0.44160915015367447
2025-11-06,1Y,1,0.9910431924629516
2025-11-06,2Y,2,0.9802011298662919
2025-11-06,3Y,3,0.9677050936888498
2025-11-06,4Y,4,0.9542219810543536
2025-11-06,5Y,5,0.9400838522349935
2025-11-06,7Y,7,0.9091205820297806
2025-11-06,10Y,10,0.8549656649933184
2025-11-06,15Y,15,0.7438213745480933
2025-11-06,20Y,20,0.6293620013348786
2025-11-06,25Y,25,0.528076937553425
2025-11-06,30Y,30,0.44344468795146935
2025-11-07,1Y,1,0.9910727988044573
2025-11-07,2Y,2,0.9801562719032944
2025-11-07,3Y,3,0.9674711424945936
2025-11-07,4Y,4,0.9538013588224294
2025-11-07,5Y,5,0.93945282493432
2025-11-07,7Y,7,0.9083349640427696
2025-11-07,10Y,10,0.8539359573218491
2025-11-07,15Y,15,0.7427219207870944
2025-11-07,20Y,20,0.628077649138742
2025-11-07,25Y,25,0.5265909833490162
2025-11-07,30Y,30,0.44140950416603836
2025-11-10,1Y,1,0.9910578654941326
2025-11-10,2Y,2,0.9800680446714337
2025-11-10,3Y,3,0.9672429685478275
2025-11-10,4Y,4,0.9533599222659854
2025-11-10,5Y,5,0.9388093067673591
2025-11-10,7Y,7,0.9071324832558548
2025-11-10,10Y,10,0.8518428527470057
2025-11-10,15Y,15,0.7394861562984765
2025-11-10,20Y,20,0.6238627146156327
2025-11-10,25Y,25,0.5216746893883297
2025-11-10,30Y,30,0.436682671323546
2025-11-11,1Y,1,0.9911813667410418
2025-11-11,2Y,2,0.9803784142101261
2025-11-11,3Y,3,0.9677547461202948
2025-11-11,4Y,4,0.9540697356922301
2025-11-11,5Y,5,0.9396287168986428
2025-11-11,7Y,7,0.9081781438320711
2025-11-11,10Y,10,0.8530464790140024
2025-11-11,15Y,15,0.7401286868561128
2025-11-11,20Y,20,0.6237145681057169
2025-11-11,25Y,25,0.5210042470445577
2025-11-11,30Y,30,0.43522721055503466
2025-11-12,1Y,1,0.9911912374380452
2025-11-12,2Y,2,0.9803462169345334
2025-11-12,3Y,3,0.9676428764133032
2025-11-12,4Y,4,0.953897052378311
2025-11-12,5Y,5,0.9394598771534827
2025-11-12,7Y,7,0.9080540203655264
2025-11-12,10Y,10,0.8528688011529593
2025-11-12,15Y,15,0.7399000551307188
2025-11-12,20Y,20,0.6228947176189167
2025-11-12,25Y,25,0.519741978179807
2025-11-12,30Y,30,0.4345331172312634
2025-11-13,1Y,1,0.9912011082824924
2025-11-13,2Y,2,0.9803140169449192
2025-11-13,3Y,3,0.9675212193788878
2025-11-13,4Y,4,0.9537538330966605
2025-11-13,5Y,5,0.9392757200948965
2025-11-13,7Y,7,0.9075964552570325
2025-11-13,10Y,10,0.8521756805824278
2025-11-13,15Y,15,0.7373580940098894
2025-11-13,20Y,20,0.6200936826989745
2025-11-13,25Y,25,0.5169446461828604
2025-11-13,30Y,30,0.43115709663628854
2025-11-14,1Y,1,0.9912011082824924
2025-11-14,2Y,2,0.9803435746668567
2025-11-14,3Y,3,0.9675988655326531
2025-11-14,4Y,4,0.9538565716236991
2025-11-14,5Y,5,0.9393062114432892
2025-11-14,7Y,7,0.907617461833678
2025-11-14,10Y,10,0.8518174509101892
2025-11-14,15Y,15,0.7365516816697092
2025-11-14,20Y,20,0.618462976165492
2025-11-14,25Y,25,0.5148492063780367
2025-11-14,30Y,30,0.42931312843563063
2025-11-17,1Y,1,0.991274989113461
2025-11-17,2Y,2,0.9803719747435437
2025-11-17,3Y,3,0.9675440764984822
2025-11-17,4Y,4,0.9537348691949286
2025-11-17,5Y,5,0.9391100647828216
2025-11-17,7Y,7,0.9067712236902732
2025-11-17,10Y,10,0.8502547350177385
2025-11-17,15Y,15,0.7336207003447344
2025-11-17,20Y,20,0.6134599811314807
2025-11-17,25Y,25,0.5084993971155749
2025-11-17,30Y,30,0.42239555484991276
2025-11-18,1Y,1,0.9913688514619361
2025-11-18,2Y,2,0.9805426346865357
2025-11-18,3Y,3,0.9676625381843132
2025-11-18,4Y,4,0.953637728652754
2025-11-18,5Y,5,0.9387797725370748
2025-11-18,7Y,7,0.9061470909644331
2025-11-18,10Y,10,0.8484697746528133
2025-11-18,15Y,15,0.7287910228340813
2025-11-18,20Y,20,0.6069219529987262
2025-11-18,25Y,25,0.500354381181893
2025-11-18,30Y,30,0.41241845514690983
2025-11-19,1Y,1,0.9912503798803128
2025-11-19,2Y,2,0.9802269968057681
2025-11-19,3Y,3,0.9669894663569437
2025-11-19,4Y,4,0.952681548456683
2025-11-19,5Y,5,0.9377018132932371
2025-11-19,7Y,7,0.9045292601981562
2025-11-19,10Y,10,0.8462711602434025
2025-11-19,15Y,15,0.7263943128747753
2025-11-19,20Y,20,0.6040716350322176
2025-11-19,25Y,25,0.4977129755959516
2025-11-19,30Y,30,0.41026519975516396
2025-11-20,1Y,1,0.990899893419659
2025-11-20,2Y,2,0.9796155939328469
2025-11-20,3Y,3,0.9663288841508912
2025-11-20,4Y,4,0.9518254794029891
2025-11-20,5Y,5,0.9364577251025267
2025-11-20,7Y,7,0.9028481672062171
2025-11-20,10Y,10,0.8448516415390367
2025-11-20,15Y,15,0.7255922327130438
2025-11-20,20Y,20,0.6040427536485764
2025-11-20,25Y,25,0.49866760214636835
2025-11-20,30Y,30,0.4126205399115313
2025-11-21,1Y,1,0.9910331501634408
2025-11-21,2Y,2,0.9798346252639563
2025-11-21,3Y,3,0.9666220377522523
2025-11-21,4Y,4,0.9523012416559693
2025-11-21,5Y,5,0.9371868280563542
2025-11-21,7Y,7,0.9043396846011017
2025-11-21,10Y,10,0.8471575853111406
2025-11-21,15Y,15,0.7295976831477893
2025-11-21,20Y,20,0.6095658087956359
2025-11-21,25Y,25,0.5052280323343623
2025-11-21,30Y,30,0.4189796668442468
2025-11-24,1Y,1,0.991018391002626
2025-11-24,2Y,2,0.9799382675116686
2025-11-24,3Y,3,0.966820233577037
2025-11-24,4Y,4,0.9524523710322242
2025-11-24,5Y,5,0.9373445542893425
2025-11-24,7Y,7,0.9044910169061416
2025-11-24,10Y,10,0.8473346465613437
2025-11-24,15Y,15,0.7298481773407304
2025-11-24,20Y,20,0.6098545941742728
2025-11-24,25Y,25,0.5048079927022106
2025-11-24,30Y,30,0.4179096223705698
2025-11-25,1Y,1,0.9908109508026094
2025-11-25,2Y,2,0.9793294536776598
2025-11-25,3Y,3,0.9657927719350048
2025-11-25,4Y,4,0.9511803343703006
2025-11-25,5Y,5,0.9358070573403443
2025-11-25,7Y,7,0.9024237781294744
2025-11-25,10Y,10,0.8447920320033231
2025-11-25,15Y,15,0.7269344463771542
2025-11-25,20Y,20,0.6064184366813197
2025-11-25,25Y,25,0.501615316689616
2025-11-25,30Y,30,0.41586490051810737
2025-11-26,1Y,1,0.9907716095672604
2025-11-26,2Y,2,0.9793399101699212
2025-11-26,3Y,3,0.9659296597137045
2025-11-26,4Y,4,0.9513864161494411
2025-11-26,5Y,5,0.9360283401652205
2025-11-26,7Y,7,0.9026609315808003
2025-11-26,10Y,10,0.8449378832795938
2025-11-26,15Y,15,0.7274698805994804
2025-11-26,20Y,20,0.6076552289580853
2025-11-26,25Y,25,0.5036045852231998
2025-11-26,30Y,30,0.41834404837158135
2025-11-27,1Y,1,0.9908259421681657
2025-11-27,2Y,2,0.9794249332370965
2025-11-27,3Y,3,0.9659374149223694
2025-11-27,4Y,4,0.9513268016145234
2025-11-27,5Y,5,0.9359551992431226
2025-11-27,7Y,7,0.9025354831500103
2025-11-27,10Y,10,0.8450159484061844
2025-11-27,15Y,15,0.7267756882975888
2025-11-27,20Y,20,0.6056711932022664
2025-11-27,25Y,25,0.5006302644724875
2025-11-27,30Y,30,0.4144490750069605
2025-11-28,1Y,1,0.9907667518195682
2025-11-28,2Y,2,0.9792783812920807
2025-11-28,3Y,3,0.9657160922122152
2025-11-28,4Y,4,0.9510543315122959
2025-11-28,5Y,5,0.9355277613271246
2025-11-28,7Y,7,0.9017261090878338
2025-11-28,10Y,10,0.8433235230128661
2025-11-28,15Y,15,0.7244371733002778
2025-11-28,20Y,20,0.6029624973047972
2025-11-28,25Y,25,0.49771722945237173
2025-11-28,30Y,30,0.41215594060284017
2025-12-01,1Y,1,0.9904263092191106
2025-12-01,2Y,2,0.9785397240115309
2025-12-01,3Y,3,0.9645124815573157
2025-12-01,4Y,4,0.9492656858355103
2025-12-01,5Y,5,0.9331551114072617
2025-12-01,7Y,7,0.898355038474658
2025-12-01,10Y,10,0.8387907612052325
2025-12-01,15Y,15,0.7188902221096908
2025-12-01,20Y,20,0.5975719606123364
2025-12-01,25Y,25,0.49227705246841086
2025-12-01,30Y,30,0.40642736696720344
2025-12-02,1Y,1,0.9905298904862307
2025-12-02,2Y,2,0.9787221198652601
2025-12-02,3Y,3,0.9646837376252275
2025-12-02,4Y,4,0.949348644020803
2025-12-02,5Y,5,0.9331523960795349
2025-12-02,7Y,7,0.8981829735842461
2025-12-02,10Y,10,0.8380301521398585
2025-12-02,15Y,15,0.7184017179861312
2025-12-02,20Y,20,0.5975294637516857
2025-12-02,25Y,25,0.4930734641225967
2025-12-02,30Y,30,0.40765651786338025
2025-12-03,1Y,1,0.9905643904437137
2025-12-03,2Y,2,0.9787239136616184
2025-12-03,3Y,3,0.9645858943196799
2025-12-03,4Y,4,0.9491758016411632
2025-12-03,5Y,5,0.9329258589823446
2025-12-03,7Y,7,0.897718682965013
2025-12-03,10Y,10,0.8367981911044674
2025-12-03,15Y,15,0.7169507451632046
2025-12-03,20Y,20,0.5956080218174054
2025-12-03,25Y,25,0.4903089461720684
2025-12-03,30Y,30,0.4042807373544726
2025-12-04,1Y,1,0.990327750512744
2025-12-04,2Y,2,0.9782563412313765
2025-12-04,3Y,3,0.9638456590596867
2025-12-04,4Y,4,0.9481363363096711
2025-12-04,5Y,5,0.9314915945493589
2025-12-04,7Y,7,0.8951945599827728
2025-12-04,10Y,10,0.8329844467266884
2025-12-04,15Y,15,0.7130554139854305
2025-12-04,20Y,20,0.5932189669771127
2025-12-04,25Y,25,0.48939266666589243
2025-12-04,30Y,30,0.40475779274902657
2025-12-05,1Y,1,0.9901105851529511
2025-12-05,2Y,2,0.9776956095827306
2025-12-05,3Y,3,0.9630006886319505
2025-12-05,4Y,4,0.9471199687689961
2025-12-05,5Y,5,0.9303733698576461
2025-12-05,7Y,7,0.8940334861958871
2025-12-05,10Y,10,0.8319039586607185
2025-12-05,15Y,15,0.7118133845221349
2025-12-05,20Y,20,0.5934950871851586
2025-12-05,25Y,25,0.49158740897068304
2025-12-05,30Y,30,0.40804006950019595
2025-12-08,1Y,1,0.9900267396188361
2025-12-08,2Y,2,0.9775007907423267
2025-12-08,3Y,3,0.9627276134258448
2025-12-08,4Y,4,0.9467564209839602
2025-12-08,5Y,5,0.9298515459126554
2025-12-08,7Y,7,0.89326029067748
2025-12-08,10Y,10,0.8305467875239492
2025-12-08,15Y,15,0.7091940692923396
2025-12-08,20Y,20,0.5887164850015162
2025-12-08,25Y,25,0.48562229038651294
2025-12-08,30Y,30,0.40180294655761545
2025-12-09,1Y,1,0.9899773732922758
2025-12-09,2Y,2,0.9774331153454298
2025-12-09,3Y,3,0.9627976769775906
2025-12-09,4Y,4,0.947070465665121
2025-12-09,5Y,5,0.9304834933912666
2025-12-09,7Y,7,0.8942662606928222
2025-12-09,10Y,10,0.8324393579570534
2025-12-09,15Y,15,0.7112987539394917
2025-12-09,20Y,20,0.5912664160574109
2025-12-09,25Y,25,0.48821086041947775
2025-12-09,30Y,30,0.4040727696797065
2025-12-10,1Y,1,0.9900267719587978
2025-12-10,2Y,2,0.9775523712268619
2025-12-10,3Y,3,0.9629166539376279
2025-12-10,4Y,4,0.9471459480801355
2025-12-10,5Y,5,0.9305355950259326
2025-12-10,7Y,7,0.8945787845265579
2025-12-10,10Y,10,0.8329028632487209
2025-12-10,15Y,15,0.7119155003937305
2025-12-10,20Y,20,0.5914868904125228
2025-12-10,25Y,25,0.48789343759805276
2025-12-10,30Y,30,0.40352512636494176
2025-12-11,1Y,1,0.9901353357037611
2025-12-11,2Y,2,0.9777736345174767
2025-12-11,3Y,3,0.9631598753187202
2025-12-11,4Y,4,0.9475170901382776
2025-12-11,5Y,5,0.931085373051775
2025-12-11,7Y,7,0.8951974110566855
2025-12-11,10Y,10,0.8331532695146328
2025-12-11,15Y,15,0.7125132599570096
2025-12-11,20Y,20,0.5922998117074435
2025-12-11,25Y,25,0.48827373054816553
2025-12-11,30Y,30,0.40337363494705947
2025-12-12,1Y,1,0.990046577196374
2025-12-12,2Y,2,0.9775764235673168
2025-12-12,3Y,3,0.9628868424063836
2025-12-12,4Y,4,0.9471414068156303
2025-12-12,5Y,5,0.9304964048806909
2025-12-12,7Y,7,0.8942165810443767
2025-12-12,10Y,10,0.831698093805837
2025-12-12,15Y,15,0.712162702071791
2025-12-12,20Y,20,0.5929591394555057
2025-12-12,25Y,25,0.48995948388482563
2025-12-12,30Y,30,0.40613551803370834
2025-12-15,1Y,1,0.9900614070718056
2025-12-15,2Y,2,0.9772810169302021
2025-12-15,3Y,3,0.9620895324101897
2025-12-15,4Y,4,0.9458768340606234
2025-12-15,5Y,5,0.9287836093068728
2025-12-15,7Y,7,0.8912326804866375
2025-12-15,10Y,10,0.8274142379012199
2025-12-15,15Y,15,0.7054546165021456
2025-12-15,20Y,20,0.5850843361404214
2025-12-15,25Y,25,0.48177451381529274
2025-12-15,30Y,30,0.3980224342544654
2025-12-16,1Y,1,0.9900221516572072
2025-12-16,2Y,2,0.9775496365016999
2025-12-16,3Y,3,0.9627121319596437
2025-12-16,4Y,4,0.9466720068195582
2025-12-16,5Y,5,0.9297569069383721
2025-12-16,7Y,7,0.8931981993130718
2025-12-16,10Y,10,0.8302304929576101
2025-12-16,15Y,15,0.7095729630668179
2025-12-16,20Y,20,0.5902397764249616
2025-12-16,25Y,25,0.4873557473863265
2025-12-16,30Y,30,0.4031238957526072
2025-12-17,1Y,1,0.9899333113923242
2025-12-17,2Y,2,0.9773673489276037
2025-12-17,3Y,3,0.9625070197379544
2025-12-17,4Y,4,0.9464474070407002
2025-12-17,5Y,5,0.9294517914723565
2025-12-17,7Y,7,0.8923933545848088
2025-12-17,10Y,10,0.829354149228572
2025-12-17,15Y,15,0.7085439953457381
2025-12-17,20Y,20,0.5893526988054
2025-12-17,25Y,25,0.48645570676135264
2025-12-17,30Y,30,0.402706661316078
2025-12-18,1Y,1,0.9898940982162785
2025-12-18,2Y,2,0.9774072630197078
2025-12-18,3Y,3,0.9626526622444739
2025-12-18,4Y,4,0.9466936091259438
2025-12-18,5Y,5,0.9298233564000193
2025-12-18,7Y,7,0.8930150026175933
2025-12-18,10Y,10,0.8296799797663267
2025-12-18,15Y,15,0.7083890544039346
2025-12-18,20Y,20,0.5882148616552855
2025-12-18,25Y,25,0.4845198566508478
2025-12-18,30Y,30,0.4002885519182174
2025-12-19,1Y,1,0.9896574640039376
2025-12-19,2Y,2,0.9767491375167123
2025-12-19,3Y,3,0.9614313161429325
2025-12-19,4Y,4,0.9448579848203088
2025-12-19,5Y,5,0.9274588017531941
2025-12-19,7Y,7,0.889963570314333
2025-12-19,10Y,10,0.8256524696258468
2025-12-19,15Y,15,0.7037672685027215
2025-12-19,20Y,20,0.5832546496218111
2025-12-19,25Y,25,0.4801019897940346
2025-12-19,30Y,30,0.396176166297163
2025-12-22,1Y,1,0.9896127605270515
2025-12-22,2Y,2,0.9764115819540482
2025-12-22,3Y,3,0.9606649803058769
2025-12-22,4Y,4,0.9437473144519397
2025-12-22,5Y,5,0.9260586167656287
2025-12-22,7Y,7,0.8879172254107383
2025-12-22,10Y,10,0.8229427548543011
2025-12-22,15Y,15,0.7010347347657586
2025-12-22,20Y,20,0.5814781824282289
2025-12-22,25Y,25,0.47949324897933077
2025-12-22,30Y,30,0.39664740655708625
2025-12-23,1Y,1,0.9897606655713568
2025-12-23,2Y,2,0.9768429849668638
2025-12-23,3Y,3,0.9614770801247565
2025-12-23,4Y,4,0.9448446521547849
2025-12-23,5Y,5,0.9274077615537153
2025-12-23,7Y,7,0.8899973200838329
2025-12-23,10Y,10,0.8258236127426984
2025-12-23,15Y,15,0.7039389220519123
2025-12-23,20Y,20,0.5838133546435025
2025-12-23,25Y,25,0.4803849661581904
2025-12-23,30Y,30,0.396416350570503
2025-12-24,1Y,1,0.9896226424358529
2025-12-24,2Y,2,0.9766888959314155
2025-12-24,3Y,3,0.9615886012305326
2025-12-24,4Y,4,0.9452221714350788
2025-12-24,5Y,5,0.9279197371253766
2025-12-24,7Y,7,0.8903885366386958
2025-12-24,10Y,10,0.8264229983528515
2025-12-24,15Y,15,0.7046264804520855
2025-12-24,20Y,20,0.5850530826600674
2025-12-24,25Y,25,0.48236894227329835
2025-12-24,30Y,30,0.39909065167157737
2025-12-25,1Y,1,0.9894552088056228
2025-12-25,2Y,2,0.9761964816663569
2025-12-25,3Y,3,0.960598133752021
2025-12-25,4Y,4,0.9438521218660149
2025-12-25,5Y,5,0.926316779549243
2025-12-25,7Y,7,0.8884524159928812
2025-12-25,10Y,10,0.8244180193279367
2025-12-25,15Y,15,0.7027224620862562
2025-12-25,20Y,20,0.5836775511477479
2025-12-25,25Y,25,0.4819086910780796
2025-12-25,30Y,30,0.39909655165383273
2025-12-26,1Y,1,0.9894258091043738
2025-12-26,2Y,2,0.9762190689417056
2025-12-26,3Y,3,0.9606805712795128
2025-12-26,4Y,4,0.9439301605089511
2025-12-26,5Y,5,0.9263284624970954
2025-12-26,7Y,7,0.8888377974474359
2025-12-26,10Y,10,0.8247177056631213
2025-12-26,15Y,15,0.7034210576143872
2025-12-26,20Y,20,0.584597476517764
2025-12-26,25Y,25,0.4826572607331988
2025-12-26,30Y,30,0.39948671936958635
2025-12-29,1Y,1,0.9893862229081702
2025-12-29,2Y,2,0.9760311205450793
2025-12-29,3Y,3,0.9603786187720389
2025-12-29,4Y,4,0.943613652993828
2025-12-29,5Y,5,0.926099206604639
2025-12-29,7Y,7,0.888479256716129
2025-12-29,10Y,10,0.8245064541809455
2025-12-29,15Y,15,0.7025708731321572
2025-12-29,20Y,20,0.5829110084458091
2025-12-29,25Y,25,0.4806005432980159
2025-12-29,30Y,30,0.39766320288598805
2025-12-30,1Y,1,0.9891201833323559
2025-12-30,2Y,2,0.9753231358291077
2025-12-30,3Y,3,0.9591178016023362
2025-12-30,4Y,4,0.941819707872306
2025-12-30,5Y,5,0.9238114878991751
2025-12-30,7Y,7,0.885367456407425
2025-12-30,10Y,10,0.8206387771379882
2025-12-30,15Y,15,0.6984175974312914
2025-12-30,20Y,20,0.5800083203774524
2025-12-30,25Y,25,0.478057828430012
2025-12-30,30Y,30,0.39454361380617564
2025-12-31,1Y,1,0.9891201833323559
2025-12-31,2Y,2,0.9753231358291077
2025-12-31,3Y,3,0.9591178016023362
2025-12-31,4Y,4,0.941819707872306
2025-12-31,5Y,5,0.9238114878991751
2025-12-31,7Y,7,0.885367456407425
2025-12-31,10Y,10,0.8206387771379882
2025-12-31,15Y,15,0.6984175974312914
2025-12-31,20Y,20,0.5800083203774524
2025-12-31,25Y,25,0.478057828430012
2025-12-31,30Y,30,0.39454361380617564
2026-01-01,1Y,1,0.9891201833323559
2026-01-01,2Y,2,0.9753231358291077
2026-01-01,3Y,3,0.9591178016023362
2026-01-01,4Y,4,0.941819707872306
2026-01-01,5Y,5,0.9238114878991751
2026-01-01,7Y,7,0.885367456407425
2026-01-01,10Y,10,0.8206387771379882
2026-01-01,15Y,15,0.6984175974312914
2026-01-01,20Y,20,0.5800083203774524
2026-01-01,25Y,25,0.478057828430012
2026-01-01,30Y,30,0.39454361380617564
2026-01-02,1Y,1,0.9891201833323559
2026-01-02,2Y,2,0.9753231358291077
2026-01-02,3Y,3,0.9591178016023362
2026-01-02,4Y,4,0.941819707872306
2026-01-02,5Y,5,0.9238114878991751
2026-01-02,7Y,7,0.885367456407425
2026-01-02,10Y,10,0.8206387771379882
2026-01-02,15Y,15,0.6984175974312914
2026-01-02,20Y,20,0.5800083203774524
2026-01-02,25Y,25,0.478057828430012
2026-01-02,30Y,30,0.39454361380617564
2026-01-05,1Y,1,0.9890758820498742
2026-01-05,2Y,2,0.9751842935338749
2026-01-05,3Y,3,0.9587323757758114
2026-01-05,4Y,4,0.9411302540763511
2026-01-05,5Y,5,0.9228904710800129
2026-01-05,7Y,7,0.8840964136612453
2026-01-05,10Y,10,0.8192447196661686
2026-01-05,15Y,15,0.6969436696359206
2026-01-05,20Y,20,0.5777310970536785
2026-01-05,25Y,25,0.47583186421368373
2026-01-05,30Y,30,0.3927737083471078
2026-01-06,1Y,1,0.9890955987200524
2026-01-06,2Y,2,0.9752304209470403
2026-01-06,3Y,3,0.9587845886453646
2026-01-06,4Y,4,0.941113642877601
2026-01-06,5Y,5,0.922774804288556
2026-01-06,7Y,7,0.8835602981436305
2026-01-06,10Y,10,0.8182001221515308
2026-01-06,15Y,15,0.6951544246307393
2026-01-06,20Y,20,0.575084425193956
2026-01-06,25Y,25,0.47291403068070925
2026-01-06,30Y,30,0.3906786861309679
2026-01-07,1Y,1,0.9892777645473818
2026-01-07,2Y,2,0.9756851376151517
2026-01-07,3Y,3,0.9595113859069673
2026-01-07,4Y,4,0.9420720728479103
2026-01-07,5Y,5,0.9239066442979679
2026-01-07,7Y,7,0.8848628174803812
2026-01-07,10Y,10,0.8198510993897621
2026-01-07,15Y,15,0.6964460830176802
2026-01-07,20Y,20,0.5763239552823246
2026-01-07,25Y,25,0.4742903834247528
2026-01-07,30Y,30,0.3922712809930066
2026-01-08,1Y,1,0.9894551745996331
2026-01-08,2Y,2,0.9760933816256353
2026-01-08,3Y,3,0.9601720995336013
2026-01-08,4Y,4,0.9430043645475111
2026-01-08,5Y,5,0.9250568404398114
2026-01-08,7Y,7,0.8864149885621938
2026-01-08,10Y,10,0.8211690411833793
2026-01-08,15Y,15,0.6979320141690231
2026-01-08,20Y,20,0.5777900971739707
2026-01-08,25Y,25,0.47523543038557947
2026-01-08,30Y,30,0.3927401828607739
2026-01-09,1Y,1,0.989287816600378
2026-01-09,2Y,2,0.9755569697221717
2026-01-09,3Y,3,0.9590185997113564
2026-01-09,4Y,4,0.9413717930270928
2026-01-09,5Y,5,0.9231046769822107
2026-01-09,7Y,7,0.8841127333630838
2026-01-09,10Y,10,0.8182974634638338
2026-01-09,15Y,15,0.6955376973882439
2026-01-09,20Y,20,0.5761790727246109
2026-01-09,25Y,25,0.4746925652173659
2026-01-09,30Y,30,0.392647866317367
2026-01-12,1Y,1,0.9893320612124473
2026-01-12,2Y,2,0.9755633729308263
2026-01-12,3Y,3,0.9589695912184871
2026-01-12,4Y,4,0.9416448990032608
2026-01-12,5Y,5,0.9236496869003346
2026-01-12,7Y,7,0.8834098550287467
2026-01-12,10Y,10,0.8173419404403298
2026-01-12,15Y,15,0.6943690882553779
2026-01-12,20Y,20,0.5747462122138288
2026-01-12,25Y,25,0.47254585900770335
2026-01-12,30Y,30,0.3899513712060259
2026-01-13,1Y,1,0.9891055810237573
2026-01-13,2Y,2,0.9752938249794463
2026-01-13,3Y,3,0.9588120845288852
2026-01-13,4Y,4,0.94091217429878
2026-01-13,5Y,5,0.9220954801903576
2026-01-13,7Y,7,0.8820155440422326
2026-01-13,10Y,10,0.8147365255735183
2026-01-13,15Y,15,0.6903993410820763
2026-01-13,20Y,20,0.5707442479534407
2026-01-13,25Y,25,0.4691272514199284
2026-01-13,30Y,30,0.3874308212976576
2026-01-14,1Y,1,0.9890021362409611
2026-01-14,2Y,2,0.9752889870140291
2026-01-14,3Y,3,0.9592211893630361
2026-01-14,4Y,4,0.9416676309144769
2026-01-14,5Y,5,0.9231005983209414
2026-01-14,7Y,7,0.8835264244847028
2026-01-14,10Y,10,0.8170208544008128
2026-01-14,15Y,15,0.6926083717496182
2026-01-14,20Y,20,0.5733585337607794
2026-01-14,25Y,25,0.4716645472886602
2026-01-14,30Y,30,0.3890377265181112
2026-01-15,1Y,1,0.9889336231705538
2026-01-15,2Y,2,0.9750202370607196
2026-01-15,3Y,3,0.958509177694083
2026-01-15,4Y,4,0.9407157305620557
2026-01-15,5Y,5,0.9221258830318638
2026-01-15,7Y,7,0.8823988625411958
2026-01-15,10Y,10,0.8156546384310427
2026-01-15,15Y,15,0.6921514760858535
2026-01-15,20Y,20,0.5731924742457568
2026-01-15,25Y,25,0.4719009370812262
2026-01-15,30Y,30,0.39038557025522347
2026-01-16,1Y,1,0.9888008055513681
2026-01-16,2Y,2,0.9747731303032923
2026-01-16,3Y,3,0.9581224577839954
2026-01-16,4Y,4,0.940202921153357
2026-01-16,5Y,5,0.9214623911945217
2026-01-16,7Y,7,0.8811862325007208
2026-01-16,10Y,10,0.8146042346649334
2026-01-16,15Y,15,0.6904721580993204
2026-01-16,20Y,20,0.5716787682857118
2026-01-16,25Y,25,0.47105764452748516
2026-01-16,30Y,30,0.3896651829289348
2026-01-19,1Y,1,0.988677738557179
2026-01-19,2Y,2,0.974472049245939
2026-01-19,3Y,3,0.9575525082879067
2026-01-19,4Y,4,0.9391172587709888
2026-01-19,5Y,5,0.9196881074347557
2026-01-19,7Y,7,0.8782087504281901
2026-01-19,10Y,10,0.8092126683554196
2026-01-19,15Y,15,0.6831739498895879
2026-01-19,20Y,20,0.5639616294440438
2026-01-19,25Y,25,0.46272680005506134
2026-01-19,30Y,30,0.38091131179727045
2026-01-20,1Y,1,0.9885595524029013
2026-01-20,2Y,2,0.9743353048808917
2026-01-20,3Y,3,0.9575614107781787
2026-01-20,4Y,4,0.9390188971516121
2026-01-20,5Y,5,0.9190660345456001
2026-01-20,7Y,7,0.8759457150532521
2026-01-20,10Y,10,0.8034846129330656
2026-01-20,15Y,15,0.6713128414753687
2026-01-20,20Y,20,0.5467916970498701
2026-01-20,25Y,25,0.44238531493994254
2026-01-20,30Y,30,0.35908938760200404
2026-01-21,1Y,1,0.9884715855603171
2026-01-21,2Y,2,0.9741676071517789
2026-01-21,3Y,3,0.957202622836884
2026-01-21,4Y,4,0.9388949738117288
2026-01-21,5Y,5,0.9196350198912138
2026-01-21,7Y,7,0.8779375072099235
2026-01-21,10Y,10,0.8075895138001933
2026-01-21,15Y,15,0.677616564033142
2026-01-21,20Y,20,0.5555316944753546
2026-01-21,25Y,25,0.45344510705559055
2026-01-21,30Y,30,0.37203093852017066
2026-01-22,1Y,1,0.9885697548345375
2026-01-22,2Y,2,0.9745749283550303
2026-01-22,3Y,3,0.958235798682987
2026-01-22,4Y,4,0.940497283121435
2026-01-22,5Y,5,0.9217234937074028
2026-01-22,7Y,7,0.8809877389055436
2026-01-22,10Y,10,0.8120929145182916
2026-01-22,15Y,15,0.6835491171104894
2026-01-22,20Y,20,0.5617708684591989
2026-01-22,25Y,25,0.45950845360116205
2026-01-22,30Y,30,0.3779464900552727
2026-01-23,1Y,1,0.9883386367547536
2026-01-23,2Y,2,0.9739137043736872
2026-01-23,3Y,3,0.9570449621365694
2026-01-23,4Y,4,0.9389710416880858
2026-01-23,5Y,5,0.919932380514391
2026-01-23,7Y,7,0.8789611954125552
2026-01-23,10Y,10,0.8100573761375207
2026-01-23,15Y,15,0.6830473748557829
2026-01-23,20Y,20,0.5620015028581026
2026-01-23,25Y,25,0.4598341474635482
2026-01-23,30Y,30,0.37752303944871196
2026-01-26,1Y,1,0.9881075960114857
2026-01-26,2Y,2,0.9734660747976832
2026-01-26,3Y,3,0.9565048491962723
2026-01-26,4Y,4,0.938519792642878
2026-01-26,5Y,5,0.919838834493359
2026-01-26,7Y,7,0.8796176684534739
2026-01-26,10Y,10,0.8115099793247755
2026-01-26,15Y,15,0.6855771825158183
2026-01-26,20Y,20,0.5647820628448882
2026-01-26,25Y,25,0.4630298291763985
2026-01-26,30Y,30,0.3812747886937574
2026-01-27,1Y,1,0.9879943181995858
2026-01-27,2Y,2,0.9731703193196202
2026-01-27,3Y,3,0.9560036609923862
2026-01-27,4Y,4,0.9377012104256204
2026-01-27,5Y,5,0.9185594258908064
2026-01-27,7Y,7,0.8774044975703648
2026-01-27,10Y,10,0.8084637296400304
2026-01-27,15Y,15,0.6814223762637159
2026-01-27,20Y,20,0.5607066878843231
2026-01-27,25Y,25,0.4587238727407771
2026-01-27,30Y,30,0.3772254529411211
2026-01-28,1Y,1,0.9882990565957631
2026-01-28,2Y,2,0.9736527197091905
2026-01-28,3Y,3,0.9565325777102668
2026-01-28,4Y,4,0.9383957905600286
2026-01-28,5Y,5,0.9194441772142383
2026-01-28,7Y,7,0.8787644120982306
2026-01-28,10Y,10,0.8102919552832512
2026-01-28,15Y,15,0.6830409972234782
2026-01-28,20Y,20,0.5623539185074602
2026-01-28,25Y,25,0.4602258079184451
2026-01-28,30Y,30,0.3778411178923219
2026-01-29,1Y,1,0.9882991322858636
2026-01-29,2Y,2,0.9737849801952368
2026-01-29,3Y,3,0.9568591203890915
2026-01-29,4Y,4,0.9387949839255071
2026-01-29,5Y,5,0.9199233128006415
2026-01-29,7Y,7,0.8793306666330135
2026-01-29,10Y,10,0.8111801666734695
2026-01-29,15Y,15,0.6842779690238272
2026-01-29,20Y,20,0.5635242857437698
2026-01-29,25Y,25,0.4623042650109675
2026-01-29,30Y,30,0.3813892186682484
2026-01-30,1Y,1,0.9883337786687787
2026-01-30,2Y,2,0.9740068988532401
2026-01-30,3Y,3,0.9573776963647286
2026-01-30,4Y,4,0.9395365863745214
2026-01-30,5Y,5,0.9207371226655258
2026-01-30,7Y,7,0.8802664875505452
2026-01-30,10Y,10,0.812424275272914
2026-01-30,15Y,15,0.6862460169112111
2026-01-30,20Y,20,0.5657613348569992
2026-01-30,25Y,25,0.4639018558548065
2026-01-30,30Y,30,0.3816039329767491
2026-02-02,1Y,1,0.9882259335662462
2026-02-02,2Y,2,0.9737493920355353
2026-02-02,3Y,3,0.956831844168819
2026-02-02,4Y,4,0.9388359574383526
2026-02-02,5Y,5,0.920014675574975
2026-02-02,7Y,7,0.8795217144807873
2026-02-02,10Y,10,0.8112862454434207
2026-02-02,15Y,15,0.6851629823330205
2026-02-02,20Y,20,0.5642611160437583
2026-02-02,25Y,25,0.4622535750679499
2026-02-02,30Y,30,0.38037628785054967
2026-02-03,1Y,1,0.9880879831634203
2026-02-03,2Y,2,0.9734787610895631
2026-02-03,3Y,3,0.9565385425572291
2026-02-03,4Y,4,0.9384735428688655
2026-02-03,5Y,5,0.9195919905589643
2026-02-03,7Y,7,0.8790902600654138
2026-02-03,10Y,10,0.8110894252942675
2026-02-03,15Y,15,0.6847633418546198
2026-02-03,20Y,20,0.5644929165066231
2026-02-03,25Y,25,0.4626464736670829
2026-02-03,30Y,30,0.38081695701346274
2026-02-04,1Y,1,0.9880978087054314
2026-02-04,2Y,2,0.9735201718747551
2026-02-04,3Y,3,0.9566684669744088
2026-02-04,4Y,4,0.9386810550230673
2026-02-04,5Y,5,0.919874925782302
2026-02-04,7Y,7,0.8792933976159718
2026-02-04,10Y,10,0.8115335595547971
2026-02-04,15Y,15,0.6863749505788916
2026-02-04,20Y,20,0.5660822143820324
2026-02-04,25Y,25,0.4642658649018616
2026-02-04,30Y,30,0.38233076675319555
2026-02-05,1Y,1,0.987999404941054
2026-02-05,2Y,2,0.9734002480731091
2026-02-05,3Y,3,0.9567304130457406
2026-02-05,4Y,4,0.9390021570616883
2026-02-05,5Y,5,0.9204031259196648
2026-02-05,7Y,7,0.8806703690906422
2026-02-05,10Y,10,0.8137946792090704
2026-02-05,15Y,15,0.6899521024746125
2026-02-05,20Y,20,0.5717252986456329
2026-02-05,25Y,25,0.47126056323725063
2026-02-05,30Y,30,0.3901948905028628
2026-02-06,1Y,1,0.9879012866893375
2026-02-06,2Y,2,0.9730669655772352
2026-02-06,3Y,3,0.9559880098294908
2026-02-06,4Y,4,0.9379590952638622
2026-02-06,5Y,5,0.9191606067355452
2026-02-06,7Y,7,0.8787662394596201
2026-02-06,10Y,10,0.8114858292137935
2026-02-06,15Y,15,0.6868451315518335
2026-02-06,20Y,20,0.5683266525285477
2026-02-06,25Y,25,0.46783845466956336
2026-02-06,30Y,30,0.3863384942858548
2026-02-09,1Y,1,0.9877292334876222
2026-02-09,2Y,2,0.9727947233103122
2026-02-09,3Y,3,0.9557343022928195
2026-02-09,4Y,4,0.9375340354483551
2026-02-09,5Y,5,0.9183311672441485
2026-02-09,7Y,7,0.8771629722181675
2026-02-09,10Y,10,0.808827588957886
2026-02-09,15Y,15,0.685115789564411
2026-02-09,20Y,20,0.5679393395955025
2026-02-09,25Y,25,0.46930289964577687
2026-02-09,30Y,30,0.38957204653742994
2026-02-10,1Y,1,0.987739212068628
2026-02-10,2Y,2,0.9728653048724966
2026-02-10,3Y,3,0.9558536863595136
2026-02-10,4Y,4,0.9378042388445748
2026-02-10,5Y,5,0.9189492293014538
2026-02-10,7Y,7,0.8785424801553482
2026-02-10,10Y,10,0.8115763131319677
2026-02-10,15Y,15,0.6886078357185513
2026-02-10,20Y,20,0.572554315503388
2026-02-10,25Y,25,0.4742902484613776
2026-02-10,30Y,30,0.3945943570731951
2026-02-11,1Y,1,0.9878177006611835
2026-02-11,2Y,2,0.9729393534182351
2026-02-11,3Y,3,0.9558948581874351
2026-02-11,4Y,4,0.9378151861922184
2026-02-11,5Y,5,0.9189602787844032
2026-02-11,7Y,7,0.8786262511954084
2026-02-11,10Y,10,0.8111869094574433
2026-02-11,15Y,15,0.6886324053967019
2026-02-11,20Y,20,0.5720823983877621
2026-02-11,25Y,25,0.4738230208805052
2026-02-11,30Y,30,0.3939736063267173
2026-02-12,1Y,1,0.9877342425996453
2026-02-12,2Y,2,0.97299525012522
2026-02-12,3Y,3,0.9563643903604883
2026-02-12,4Y,4,0.9387076817072948
2026-02-12,5Y,5,0.920222206546183
2026-02-12,7Y,7,0.880424934498005
2026-02-12,10Y,10,0.8143678931467375
2026-02-12,15Y,15,0.6941357189263916
2026-02-12,20Y,20,0.5807308683581064
2026-02-12,25Y,25,0.4844203753971689
2026-02-12,30Y,30,0.4064631695311204
2026-02-13,1Y,1,0.9879161572711939
2026-02-13,2Y,2,0.9732574871482391
2026-02-13,3Y,3,0.9564728944079492
2026-02-13,4Y,4,0.9386269778876963
2026-02-13,5Y,5,0.9200438362956622
2026-02-13,7Y,7,0.8804582834131275
2026-02-13,10Y,10,0.8145711976841974
2026-02-13,15Y,15,0.6941821211241836
2026-02-13,20Y,20,0.5796738786453012
2026-02-13,25Y,25,0.4831915161284775
2026-02-13,30Y,30,0.4055731558795501
2026-02-16,1Y,1,0.9881420063214248
2026-02-16,2Y,2,0.9736073231189062
2026-02-16,3Y,3,0.9568844116988563
2026-02-16,4Y,4,0.9391884923749634
2026-02-16,5Y,5,0.9207190287808982
2026-02-16,7Y,7,0.8809801960497857
2026-02-16,10Y,10,0.8140191298710134
2026-02-16,15Y,15,0.6920671087907431
2026-02-16,20Y,20,0.575635634153718
2026-02-16,25Y,25,0.4773460817802783
2026-02-16,30Y,30,0.3974716679573742
2026-02-17,1Y,1,0.9882847863531296
2026-02-17,2Y,2,0.9740936786014451
2026-02-17,3Y,3,0.9578081288600172
2026-02-17,4Y,4,0.9405031517563293
2026-02-17,5Y,5,0.9225142061950121
2026-02-17,7Y,7,0.8842953409574038
2026-02-17,10Y,10,0.8192507968411943
2026-02-17,15Y,15,0.698843236712739
2026-02-17,20Y,20,0.5839109631519344
2026-02-17,25Y,25,0.486240671924398
2026-02-17,30Y,30,0.4070634021606579
2026-02-18,1Y,1,0.9883880091250113
2026-02-18,2Y,2,0.9742897532523134
2026-02-18,3Y,3,0.9580842312007731
2026-02-18,4Y,4,0.940858505967556
2026-02-18,5Y,5,0.9228498897014118
2026-02-18,7Y,7,0.8842712002734859
2026-02-18,10Y,10,0.8191332736067027
2026-02-18,15Y,15,0.6998984079730244
2026-02-18,20Y,20,0.5864006430413378
2026-02-18,25Y,25,0.48978108539656234
2026-02-18,30Y,30,0.41157207717053035
