date,tenor,term,value
2018-06-05,1Y,1,0.00039998625328854835
2018-06-05,2Y,2,0.0008050669320519076
2018-06-05,3Y,3,0.001180385637686978
2018-06-05,4Y,4,0.0016262378979602834
2018-06-05,5Y,5,0.002233258999109447
2018-06-05,7Y,7,0.003756174703297062
2018-06-05,10Y,10,0.006534164539807855
2018-06-05,15Y,15,0.010458651771938525
2018-06-05,20Y,20,0.011794847956971756
2018-06-05,25Y,25,0.011603801915103584
2018-06-05,30Y,30,0.011495958692133589
2018-06-06,1Y,1,0.0004299846853485104
2018-06-06,2Y,2,0.000875081572844214
2018-06-06,3Y,3,0.0012704430433234776
2018-06-06,4Y,4,0.0017263864175572452
2018-06-06,5Y,5,0.002353600132825453
2018-06-06,7Y,7,0.0038165814839687517
2018-06-06,10Y,10,0.006609254038202272
2018-06-06,15Y,15,0.010534485065493883
2018-06-06,20Y,20,0.011894440454807819
2018-06-06,25Y,25,0.011733030847831935
2018-06-06,30Y,30,0.011659289162862935
2018-06-07,1Y,1,0.00040998616605481875
2018-06-07,2Y,2,0.0008050618859764562
2018-06-07,3Y,3,0.001190399557889751
2018-06-07,4Y,4,0.0017013764902777517
2018-06-07,5Y,5,0.0023335653502172663
2018-06-07,7Y,7,0.003784426931514294
2018-06-07,10Y,10,0.006541277852354104
2018-06-07,15Y,15,0.010373277909659358
2018-06-07,20Y,20,0.01176646914278576
2018-06-07,25Y,25,0.011602675324338122
2018-06-07,30Y,30,0.011495212436578093
2018-06-08,1Y,1,0.00037998765282076005
2018-06-08,2Y,2,0.0008250854009481615
2018-06-08,3Y,3,0.001220415374397189
2018-06-08,4Y,4,0.0016362647223797328
2018-06-08,5Y,5,0.0022734054344283237
2018-06-08,7Y,7,0.0036958161239912515
2018-06-08,10Y,10,0.006490054866288331
2018-06-08,15Y,15,0.01030088610890767
2018-06-08,20Y,20,0.01165377425330612
2018-06-08,25Y,25,0.011471706243697826
2018-06-08,30Y,30,0.011352290578258052
2018-06-11,1Y,1,0.0003799900278872497
2018-06-11,2Y,2,0.000820082774676984
2018-06-11,3Y,3,0.001240451913522488
2018-06-11,4Y,4,0.0017264365264568274
2018-06-11,5Y,5,0.002343623970307739
2018-06-11,7Y,7,0.003806628588678351
2018-06-11,10Y,10,0.00653450280982994
2018-06-11,15Y,15,0.010389278970553452
2018-06-11,20Y,20,0.011714923976075202
2018-06-11,25Y,25,0.011601901637261961
2018-06-11,30Y,30,0.011494680984031192
2018-06-12,1Y,1,0.0003899875718117143
2018-06-12,2Y,2,0.0008100738699051284
2018-06-12,3Y,3,0.0012304397802325204
2018-06-12,4Y,4,0.001726427234761659
2018-06-12,5Y,5,0.0023436146205190822
2018-06-12,7Y,7,0.00390735177638277
2018-06-12,10Y,10,0.006582257240601295
2018-06-12,15Y,15,0.01041519088541375
2018-06-12,20Y,20,0.011808838001114114
2018-06-12,25Y,25,0.011679083853503703
2018-06-12,30Y,30,0.011605658615103903
2018-06-13,1Y,1,0.00037998765282076005
2018-06-13,2Y,2,0.0007950726030491305
2018-06-13,3Y,3,0.001180391235459394
2018-06-13,4Y,4,0.001641288083115023
2018-06-13,5Y,5,0.002313546460983633
2018-06-13,7Y,7,0.0037965968755140503
2018-06-13,10Y,10,0.00653124389875651
2018-06-13,15Y,15,0.010383046179094153
2018-06-13,20Y,20,0.011815828312134503
2018-06-13,25Y,25,0.011704437356003645
2018-06-13,30Y,30,0.011643055984537192
2018-06-14,1Y,1,0.00035999010242528427
2018-06-14,2Y,2,0.0007900799192019399
2018-06-14,3Y,3,0.001160377238336235
2018-06-14,4Y,4,0.0016313035064788642
2018-06-14,5Y,5,0.0022934705763767906
2018-06-14,7Y,7,0.003756286143214575
2018-06-14,10Y,10,0.006534295187814088
2018-06-14,15Y,15,0.010438745151797806
2018-06-14,20Y,20,0.011817661164655574
2018-06-14,25Y,25,0.011761312113076848
2018-06-14,30Y,30,0.011712034632601908
2018-06-15,1Y,1,0.0003499912522464374
2018-06-15,2Y,2,0.0007500681818376182
2018-06-15,3Y,3,0.0010703122595247957
2018-06-15,4Y,4,0.0015261433103355587
2018-06-15,5Y,5,0.0021831389337771813
2018-06-15,7Y,7,0.003665591419421619
2018-06-15,10Y,10,0.006402007823980161
2018-06-15,15Y,15,0.010351980435939373
2018-06-15,20Y,20,0.01173392940651144
2018-06-15,25Y,25,0.01164260890753013
2018-06-15,30Y,30,0.011559276146937364
2018-06-18,1Y,1,0.0003499912522464374
2018-06-18,2Y,2,0.0007500681818376182
2018-06-18,3Y,3,0.001150393605646281
2018-06-18,4Y,4,0.0016012318751719313
2018-06-18,5Y,5,0.0022233058661487843
2018-06-18,7Y,7,0.003693812494613691
2018-06-18,10Y,10,0.006442787409420235
2018-06-18,15Y,15,0.010373685282995891
2018-06-18,20Y,20,0.011716393371253797
2018-06-18,25Y,25,0.011640776757112285
2018-06-18,30Y,30,0.011579460262740626
2018-06-19,1Y,1,0.0003199934017401165
2018-06-19,2Y,2,0.0007450795194852295
2018-06-19,3Y,3,0.001080326145480098
2018-06-19,4Y,4,0.0014660488875890471
2018-06-19,5Y,5,0.002112976705580102
2018-06-19,7Y,7,0.0036031767340057247
2018-06-19,10Y,10,0.00635088199417201
2018-06-19,15Y,15,0.010183334459685618
2018-06-19,20Y,20,0.01158031810050177
2018-06-19,25Y,25,0.011479153102400656
2018-06-19,30Y,30,0.011384027927439871
2018-06-20,1Y,1,0.0003399923520798037
2018-06-20,2Y,2,0.0007400686552325714
2018-06-20,3Y,3,0.001080329911149727
2018-06-20,4Y,4,0.0015161199510602631
2018-06-20,5Y,5,0.0021530767580211275
2018-06-20,7Y,7,0.003595153639395522
2018-06-20,10Y,10,0.006421967607014242
2018-06-20,15Y,15,0.010245616081162279
2018-06-20,20Y,20,0.011577577470252048
2018-06-20,25Y,25,0.01147797952003864
2018-06-20,30Y,30,0.011404638973527143
2018-06-21,1Y,1,0.0003199934017401165
2018-06-21,2Y,2,0.0007450795194852295
2018-06-21,3Y,3,0.001100345915086007
2018-06-21,4Y,4,0.0015161313656502184
2018-06-21,5Y,5,0.0021530885943503693
2018-06-21,7Y,7,0.0035951683604864937
2018-06-21,10Y,10,0.006421986481822427
2018-06-21,15Y,15,0.01024563515265785
2018-06-21,20Y,20,0.011605045982709176
2018-06-21,25Y,25,0.011511043856632677
2018-06-21,30Y,30,0.011415848117903466
2018-06-22,1Y,1,0.0003199934017401165
2018-06-22,2Y,2,0.0007150677243039892
2018-06-22,3Y,3,0.001080343507782655
2018-06-22,4Y,4,0.0014960876295648504
2018-06-22,5Y,5,0.0021129945573414004
2018-06-22,7Y,7,0.0036031950081532047
2018-06-22,10Y,10,0.006350904957089528
2018-06-22,15Y,15,0.010241521049948544
2018-06-22,20Y,20,0.011589494706352368
2018-06-22,25Y,25,0.01146783205196061
2018-06-22,30Y,30,0.011394379695722028
2018-06-25,1Y,1,0.0002899989140313534
2018-06-25,2Y,2,0.0006550573955448324
2018-06-25,3Y,3,0.0010303469761254614
2018-06-25,4Y,4,0.0014860913212529233
2018-06-25,5Y,5,0.002103037143970709
2018-06-25,7Y,7,0.0035408977522842417
2018-06-25,10Y,10,0.006371202991512845
2018-06-25,15Y,15,0.010193686113392305
2018-06-25,20Y,20,0.011525005346622093
2018-06-25,25Y,25,0.011425302643315692
2018-06-25,30Y,30,0.011351939191937504
2018-06-26,1Y,1,0.000309995351646947
2018-06-26,2Y,2,0.0007100697756070353
2018-06-26,3Y,3,0.0011304039200943257
2018-06-26,4Y,4,0.001486036605533949
2018-06-26,5Y,5,0.002042847940920472
2018-06-26,7Y,7,0.0035850416809275983
2018-06-26,10Y,10,0.006340708413493682
2018-06-26,15Y,15,0.010211072998137895
2018-06-26,20Y,20,0.011601590544542685
2018-06-26,25Y,25,0.011512368465319086
2018-06-26,30Y,30,0.01139535751818153
2018-06-27,1Y,1,0.0002999962515233618
2018-06-27,2Y,2,0.0007150758033449511
2018-06-27,3Y,3,0.001080351718765187
2018-06-27,4Y,4,0.0014860879502178537
2018-06-27,5Y,5,0.0021029847135392134
2018-06-27,7Y,7,0.0035850878103734856
2018-06-27,10Y,10,0.006340765356181044
2018-06-27,15Y,15,0.010152976774192227
2018-06-27,20Y,20,0.011510148110783774
2018-06-27,25Y,25,0.011424597188966518
2018-06-27,30Y,30,0.011351445957881118
2018-06-28,1Y,1,0.0002699986512077523
2018-06-28,2Y,2,0.0006700705698609901
2018-06-28,3Y,3,0.0010903920273011662
2018-06-28,4Y,4,0.0015211499033520033
2018-06-28,5Y,5,0.0020930062931534604
2018-06-28,7Y,7,0.0035629833915845482
2018-06-28,10Y,10,0.006354043888334376
2018-06-28,15Y,15,0.010104648232032243
2018-06-28,20Y,20,0.011509456298166004
2018-06-28,25Y,25,0.011357841336934134
2018-06-28,30Y,30,0.011194956895090568
2018-06-29,1Y,1,0.0002699994950181202
2018-06-29,2Y,2,0.0006750722515234904
2018-06-29,3Y,3,0.0010303347866098074
2018-06-29,4Y,4,0.0014710990462634835
2018-06-29,5Y,5,0.002123081902011552
2018-06-29,7Y,7,0.0035932176777282773
2018-06-29,10Y,10,0.006320461122557157
2018-06-29,15Y,15,0.01009408483511892
2018-06-29,20Y,20,0.01151220351243644
2018-06-29,25Y,25,0.011425848478883872
2018-06-29,30Y,30,0.011330886101251242
2018-07-02,1Y,1,0.00025000000103817487
2018-07-02,2Y,2,0.0006350653265706209
2018-07-02,3Y,3,0.0009702988047604625
2018-07-02,4Y,4,0.0014160336237210368
2018-07-02,5Y,5,0.002022784041644617
2018-07-02,7Y,7,0.003472393925735977
2018-07-02,10Y,10,0.0061609276505680145
2018-07-02,15Y,15,0.010022406479461647
2018-07-02,20Y,20,0.011388131109888988
2018-07-02,25Y,25,0.011296413220116349
2018-07-02,30Y,30,0.011167692415056885
2018-07-03,1Y,1,0.0002500007823510219
2018-07-03,2Y,2,0.0006400669404963451
2018-07-03,3Y,3,0.0010103373217413036
2018-07-03,4Y,4,0.0014410535965384778
2018-07-03,5Y,5,0.0020428768711833415
2018-07-03,7Y,7,0.0035126642094649215
2018-07-03,10Y,10,0.006185159167872508
2018-07-03,15Y,15,0.010028042188841254
2018-07-03,20Y,20,0.011462876419780676
2018-07-03,25Y,25,0.011305189508097235
2018-07-03,30Y,30,0.011142431110856027
2018-07-04,1Y,1,0.0002500007823510219
2018-07-04,2Y,2,0.0006550723203556945
2018-07-04,3Y,3,0.0009702928987863719
2018-07-04,4Y,4,0.001401017535748482
2018-07-04,5Y,5,0.002052873625585143
2018-07-04,7Y,7,0.0034945337381417597
2018-07-04,10Y,10,0.00617109465865637
2018-07-04,15Y,15,0.010052798111395382
2018-07-04,20Y,20,0.011348665877140951
2018-07-04,25Y,25,0.011151192518674698
2018-07-04,30Y,30,0.01101998816205842
2018-07-05,1Y,1,0.00017999921284985506
2018-07-05,2Y,2,0.0004850413806198108
2018-07-05,3Y,3,0.0010203982943182933
2018-07-05,4Y,4,0.0015161583940215269
2018-07-05,5Y,5,0.0019827959207019273
2018-07-05,7Y,7,0.0034845597787049707
2018-07-05,10Y,10,0.006123703953323335
2018-07-05,15Y,15,0.009892943677610445
2018-07-05,20Y,20,0.011182660492075933
2018-07-05,25Y,25,0.01096476392112671
2018-07-05,30Y,30,0.010788230266755605
2018-07-06,1Y,1,0.00024000060096440233
2018-07-06,2Y,2,0.0006250653486244461
2018-07-06,3Y,3,0.0009602963042574066
2018-07-06,4Y,4,0.0013559358197420572
2018-07-06,5Y,5,0.0019526208746265148
2018-07-06,7Y,7,0.0033616292458813523
2018-07-06,10Y,10,0.006082616901507434
2018-07-06,15Y,15,0.009850938154840503
2018-07-06,20Y,20,0.01111292330576721
2018-07-06,25Y,25,0.010889580926998143
2018-07-06,30Y,30,0.010734932438897194
2018-07-09,1Y,1,0.0001600021004146121
2018-07-09,2Y,2,0.00048504608636698013
2018-07-09,3Y,3,0.0008602725874428989
2018-07-09,4Y,4,0.0012958846386552582
2018-07-09,5Y,5,0.002103208095159936
2018-07-09,7Y,7,0.003114532654754063
2018-07-09,10Y,10,0.005950563889184915
2018-07-09,15Y,15,0.009726366064505543
2018-07-09,20Y,20,0.010970550943604742
2018-07-09,25Y,25,0.010729029915036607
2018-07-09,30Y,30,0.01061805556256144
2018-07-10,1Y,1,0.00024000060096440233
2018-07-10,2Y,2,0.0006400706408503101
2018-07-10,3Y,3,0.0009803067503185794
2018-07-10,4Y,4,0.001416039942152713
2018-07-10,5Y,5,0.0020528874113725074
2018-07-10,7Y,7,0.003494548913712749
2018-07-10,10Y,10,0.00614385413173388
2018-07-10,15Y,15,0.009855486734782285
2018-07-10,20Y,20,0.011112340485399209
2018-07-10,25Y,25,0.010830707118804484
2018-07-10,30Y,30,0.010630396565333317
2018-07-11,1Y,1,0.0002699969636103856
2018-07-11,2Y,2,0.0006300567358118367
2018-07-11,3Y,3,0.0010103266640182507
2018-07-11,4Y,4,0.0014760973144663928
2018-07-11,5Y,5,0.0020528602192595416
2018-07-11,7Y,7,0.0035347754047097683
2018-07-11,10Y,10,0.006201686304583847
2018-07-11,15Y,15,0.009909777935592978
2018-07-11,20Y,20,0.011215937710525424
2018-07-11,25Y,25,0.010984315464015428
2018-07-11,30Y,30,0.010829584773362022
2018-07-12,1Y,1,0.0002699986512077523
2018-07-12,2Y,2,0.0006550651325431623
2018-07-12,3Y,3,0.0009903036560192304
2018-07-12,4Y,4,0.0014110038248977864
2018-07-12,5Y,5,0.0020127475069790153
2018-07-12,7Y,7,0.003494460458332074
2018-07-12,10Y,10,0.0061710104636038205
2018-07-12,15Y,15,0.009898407767989045
2018-07-12,20Y,20,0.011189078052606046
2018-07-12,25Y,25,0.010930713838066906
2018-07-12,30Y,30,0.010797684427493081
2018-07-13,1Y,1,0.0002699986512077523
2018-07-13,2Y,2,0.0006400598670127965
2018-07-13,3Y,3,0.0010103300960105403
2018-07-13,4Y,4,0.0014510537031670824
2018-07-13,5Y,5,0.002052887043567861
2018-07-13,7Y,7,0.003534800463709935
2018-07-13,10Y,10,0.0062626662270866456
2018-07-13,15Y,15,0.009923563149506057
2018-07-13,20Y,20,0.01122580243625227
2018-07-13,25Y,25,0.01099492828919608
2018-07-13,30Y,30,0.010840149996405306
2018-07-16,1Y,1,0.00019000106927618085
2018-07-16,2Y,2,0.0006650984094956282
2018-07-16,3Y,3,0.001130432277062958
2018-07-16,4Y,4,0.0015011684184550436
2018-07-16,5Y,5,0.002103105239830692
2018-07-16,7Y,7,0.0035409802294229997
2018-07-16,10Y,10,0.006316763762525433
2018-07-16,15Y,15,0.009993216625142687
2018-07-16,20Y,20,0.011248552615173442
2018-07-16,25Y,25,0.011026623031274293
2018-07-16,30Y,30,0.010871742652713063
2018-07-17,1Y,1,0.0002699986512077523
2018-07-17,2Y,2,0.0006550651325431623
2018-07-17,3Y,3,0.0010303410914311608
2018-07-17,4Y,4,0.001461068336764273
2018-07-17,5Y,5,0.0021231127454475023
2018-07-17,7Y,7,0.003089630484974485
2018-07-17,10Y,10,0.006222629260133022
2018-07-17,15Y,15,0.009910962420003604
2018-07-17,20Y,20,0.011205203410068467
2018-07-17,25Y,25,0.01099458961278131
2018-07-17,30Y,30,0.01084000969678458
2018-07-18,1Y,1,0.0002899961951106809
2018-07-18,2Y,2,0.0006550577697979397
2018-07-18,3Y,3,0.0010303335907521042
2018-07-18,4Y,4,0.001471068305777713
2018-07-18,5Y,5,0.0021030224304106537
2018-07-18,7Y,7,0.003593182640104214
2018-07-18,10Y,10,0.006313786743716172
2018-07-18,15Y,15,0.009975768484874727
2018-07-18,20Y,20,0.01130595456644122
2018-07-18,25Y,25,0.011080558966803877
2018-07-18,30Y,30,0.0109038864934686
2018-07-19,1Y,1,0.0002599969134794254
2018-07-19,2Y,2,0.0006300605201525877
2018-07-19,3Y,3,0.0009602784638106553
2018-07-19,4Y,4,0.0013509157879234214
2018-07-19,5Y,5,0.002052904424865061
2018-07-19,7Y,7,0.0034945554602496165
2018-07-19,10Y,10,0.006259320850878594
2018-07-19,15Y,15,0.009895381682362885
2018-07-19,20Y,20,0.011234059960567214
2018-07-19,25Y,25,0.011040740780656333
2018-07-19,30Y,30,0.01089800075322494
2018-07-20,1Y,1,0.0002599969134794254
2018-07-20,2Y,2,0.000855157627904655
2018-07-20,3Y,3,0.0015207730895418063
2018-07-20,4Y,4,0.0020020403094479404
2018-07-20,5Y,5,0.0026046553286756787
2018-07-20,7Y,7,0.0028265868804387053
2018-07-20,10Y,10,0.006747161137772956
2018-07-20,15Y,15,0.010492291509058919
2018-07-20,20Y,20,0.011871774783422896
2018-07-20,25Y,25,0.011669641079875614
2018-07-20,30Y,30,0.011516213019970507
2018-07-23,1Y,1,0.000349992346036452
2018-07-23,2Y,2,0.0008451087669770959
2018-07-23,3Y,3,0.0013105173406696322
2018-07-23,4Y,4,0.0018116287189499129
2018-07-23,5Y,5,0.0026046090261134984
2018-07-23,7Y,7,0.0043593115471260435
2018-07-23,10Y,10,0.0067240735740209875
2018-07-23,15Y,15,0.01174334600167239
2018-07-23,20Y,20,0.012405191194526665
2018-07-23,25Y,25,0.012442525676546324
2018-07-23,30Y,30,0.012416178594230696
2018-07-24,1Y,1,0.0002899952888207203
2018-07-24,2Y,2,0.0006800669274620183
2018-07-24,3Y,3,0.001110394286001023
2018-07-24,4Y,4,0.0016914733293596363
2018-07-24,5Y,5,0.00250431279158755
2018-07-24,7Y,7,0.004319243885392916
2018-07-24,10Y,10,0.007042784173521248
2018-07-24,15Y,15,0.011771296024596464
2018-07-24,20Y,20,0.013022291454981353
2018-07-24,25Y,25,0.013050781568933781
2018-07-24,30Y,30,0.013053530073946672
2018-07-25,1Y,1,0.00026999527604444146
2018-07-25,2Y,2,0.0006500640933564703
2018-07-25,3Y,3,0.0010903845223313071
2018-07-25,4Y,4,0.0016213436836537826
2018-07-25,5Y,5,0.0024240817595638474
2018-07-25,7Y,7,0.0042385166523415336
2018-07-25,10Y,10,0.007172829122464181
2018-07-25,15Y,15,0.011129009091555413
2018-07-25,20Y,20,0.012627392753613043
2018-07-25,25Y,25,0.012515056568950017
2018-07-25,30Y,30,0.012456926593357537
2018-07-26,1Y,1,0.0003099934140691515
2018-07-26,2Y,2,0.0007150720975000267
2018-07-26,3Y,3,0.001130391167921153
2018-07-26,4Y,4,0.001721528434314059
2018-07-26,5Y,5,0.0025845617005302917
2018-07-26,7Y,7,0.004500824329946962
2018-07-26,10Y,10,0.0076155013189064995
2018-07-26,15Y,15,0.011832954348186252
2018-07-26,20Y,20,0.012828139453499305
2018-07-26,25Y,25,0.012784630391595947
2018-07-26,30Y,30,0.012703395583789407
2018-07-27,1Y,1,0.0003399923520798037
2018-07-27,2Y,2,0.0007400686552325714
2018-07-27,3Y,3,0.0012405015836765149
2018-07-27,4Y,4,0.0018918052310955798
2018-07-27,5Y,5,0.0026849312841645745
2018-07-27,7Y,7,0.004662294396295018
2018-07-27,10Y,10,0.007981339272101587
2018-07-27,15Y,15,0.011517664863775558
2018-07-27,20Y,20,0.013182803523398826
2018-07-27,25Y,25,0.013067780488980184
2018-07-27,30Y,30,0.012977435340840983
2018-07-30,1Y,1,0.0003599923525079095
2018-07-30,2Y,2,0.000830096826039232
2018-07-30,3Y,3,0.0013605930863049892
2018-07-30,4Y,4,0.001976955801046333
2018-07-30,5Y,5,0.0026949084328181886
2018-07-30,7Y,7,0.004914333629580265
2018-07-30,10Y,10,0.00829807903551169
2018-07-30,15Y,15,0.011580961832533695
2018-07-30,20Y,20,0.014007819476987253
2018-07-30,25Y,25,0.0132784707565065
2018-07-30,30Y,30,0.013206965852970275
2018-07-31,1Y,1,0.00031999540182996487
2018-07-31,2Y,2,0.0007700893911063406
2018-07-31,3Y,3,0.0012004458506615647
2018-07-31,4Y,4,0.0017766205486865181
2018-07-31,5Y,5,0.0025644630244068076
2018-07-31,7Y,7,0.004339303434894098
2018-07-31,10Y,10,0.007274791209279645
2018-07-31,15Y,15,0.011134615658042586
2018-07-31,20Y,20,0.012575935872906556
2018-07-31,25Y,25,0.012372718272859023
2018-07-31,30Y,30,0.012221650282033055
2018-08-01,1Y,1,0.0004499915676409471
2018-08-01,2Y,2,0.0010351492461209567
2018-08-01,3Y,3,0.001730995754771339
2018-08-01,4Y,4,0.0024930783524777303
2018-08-01,5Y,5,0.0033174655477253095
2018-08-01,7Y,7,0.005237929065169227
2018-08-01,10Y,10,0.008199184853658698
2018-08-01,15Y,15,0.010940465124117935
2018-08-01,20Y,20,0.013903825156560705
2018-08-01,25Y,25,0.013417958141299535
2018-08-01,30Y,30,0.012910434113729035
2018-08-02,1Y,1,0.0004299914044192745
2018-08-02,2Y,2,0.0010351616955884826
2018-08-02,3Y,3,0.0015707415290093375
2018-08-02,4Y,4,0.0022425419424830168
2018-08-02,5Y,5,0.003166730289963595
2018-08-02,7Y,7,0.005066077254604672
2018-08-02,10Y,10,0.007960512596928261
2018-08-02,15Y,15,0.011507785303223453
2018-08-02,20Y,20,0.013684555856702257
2018-08-02,25Y,25,0.01307433557684222
2018-08-02,30Y,30,0.012910620723035619
2018-08-03,1Y,1,0.00038999244701718816
2018-08-03,2Y,2,0.0008901089494352764
2018-08-03,3Y,3,0.001410625656338383
2018-08-03,4Y,4,0.002142349815474119
2018-08-03,5Y,5,0.002975947316499729
2018-08-03,7Y,7,0.004753089519859277
2018-08-03,10Y,10,0.007664112114645134
2018-08-03,15Y,15,0.01174922256393082
2018-08-03,20Y,20,0.013083394292852176
2018-08-03,25Y,25,0.012888515901084474
2018-08-03,30Y,30,0.01274875830511859
2018-08-06,1Y,1,0.00038999244701718816
2018-08-06,2Y,2,0.0009051161946815344
2018-08-06,3Y,3,0.001350538342298336
2018-08-06,4Y,4,0.002027116388603143
2018-08-06,5Y,5,0.0029156803296441595
2018-08-06,7Y,7,0.004724803672413336
2018-08-06,10Y,10,0.007701483272298233
2018-08-06,15Y,15,0.011675290605730608
2018-08-06,20Y,20,0.013076265746057233
2018-08-06,25Y,25,0.012914166631870158
2018-08-06,30Y,30,0.012786845493882986
2018-08-07,1Y,1,0.0003899936658465838
2018-08-07,2Y,2,0.0009101184079410102
2018-08-07,3Y,3,0.0015908688618064798
2018-08-07,4Y,4,0.002277557348051456
2018-08-07,5Y,5,0.0030664901524533996
2018-08-07,7Y,7,0.004884455111926043
2018-08-07,10Y,10,0.008032569961574
2018-08-07,15Y,15,0.011965736918451958
2018-08-07,20Y,20,0.013326982359169876
2018-08-07,25Y,25,0.01312788417962985
2018-08-07,30Y,30,0.013078988800454721
2018-08-08,1Y,1,0.0003899936658465838
2018-08-08,2Y,2,0.0009251258643502192
2018-08-08,3Y,3,0.0014907129121633927
2018-08-08,4Y,4,0.0021874249610589333
2018-08-08,5Y,5,0.003076447719213901
2018-08-08,7Y,7,0.00492689635031052
2018-08-08,10Y,10,0.007984704845743092
2018-08-08,15Y,15,0.011982243494195905
2018-08-08,20Y,20,0.013442198212877716
2018-08-08,25Y,25,0.01318418557094842
2018-08-08,30Y,30,0.013033574798211657
2018-08-09,1Y,1,0.0003999937536412151
2018-08-09,2Y,2,0.000955135573034366
2018-08-09,3Y,3,0.0015007076113288523
2018-08-09,4Y,4,0.0021573435496554526
2018-08-09,5Y,5,0.0030563536385602363
2018-08-09,7Y,7,0.004874281607011965
2018-08-09,10Y,10,0.00791944291188229
2018-08-09,15Y,15,0.011884331323545902
2018-08-09,20Y,20,0.013247792797537126
2018-08-09,25Y,25,0.013074041632071588
2018-08-09,30Y,30,0.012946373310987379
2018-08-10,1Y,1,0.0003599934775647838
2018-08-10,2Y,2,0.0008951272726831275
2018-08-10,3Y,3,0.0013405281669532497
2018-08-10,4Y,4,0.001916880588143028
2018-08-10,5Y,5,0.002805310747135732
2018-08-10,7Y,7,0.0046743135307273495
2018-08-10,10Y,10,0.007534346082638067
2018-08-10,15Y,15,0.011643269526132576
2018-08-10,20Y,20,0.013053320800593335
2018-08-10,25Y,25,0.012885746024034498
2018-08-10,30Y,30,0.012792743497290765
2018-08-13,1Y,1,0.00037999240299759905
2018-08-13,2Y,2,0.0009051216618921065
2018-08-13,3Y,3,0.0013405224721757688
2018-08-13,4Y,4,0.00195194829980366
2018-08-13,5Y,5,0.0029057024038311226
2018-08-13,7Y,7,0.004601755113030611
2018-08-13,10Y,10,0.007516966958769137
2018-08-13,15Y,15,0.011591797680668314
2018-08-13,20Y,20,0.013014208639111685
2018-08-13,25Y,25,0.012794536642388108
2018-08-13,30Y,30,0.012632649076617247
2018-08-14,1Y,1,0.00038999122819888797
2018-08-14,2Y,2,0.0009451366555655151
2018-08-14,3Y,3,0.0015107120472277712
2018-08-14,4Y,4,0.002132276799022322
2018-08-14,5Y,5,0.0029659570461388054
2018-08-14,7Y,7,0.0048156588681994615
2018-08-14,10Y,10,0.007684255611820633
2018-08-14,15Y,15,0.011771935611157991
2018-08-14,20Y,20,0.013220885157294268
2018-08-14,25Y,25,0.013091895905889163
2018-08-14,30Y,30,0.013011364881884663
2018-08-15,1Y,1,0.0003899863530384837
2018-08-15,2Y,2,0.0008650984548629467
2018-08-15,3Y,3,0.0013505378255416083
2018-08-15,4Y,4,0.0019669362112413958
2018-08-15,5Y,5,0.002855503693946303
2018-08-15,7Y,7,0.004631999420680045
2018-08-15,10Y,10,0.007599236940162506
2018-08-15,15Y,15,0.011738748234659096
2018-08-15,20Y,20,0.01324212131011209
2018-08-15,25Y,25,0.013120556930423796
2018-08-15,30Y,30,0.013029966405584653
2018-08-16,1Y,1,0.0003899851342767538
2018-08-16,2Y,2,0.0008600964310026571
2018-08-16,3Y,3,0.0015107462805965157
2018-08-16,4Y,4,0.002167300005089424
2018-08-16,5Y,5,0.0029057445337588453
2018-08-16,7Y,7,0.0046742502762254345
2018-08-16,10Y,10,0.0077553566726781195
2018-08-16,15Y,15,0.01186438893112259
2018-08-16,20Y,20,0.013289413527970107
2018-08-16,25Y,25,0.013172125371845173
2018-08-16,30Y,30,0.013103640838672641
2018-08-17,1Y,1,0.00037998646530386045
2018-08-17,2Y,2,0.0008200834698930056
2018-08-17,3Y,3,0.001340553879606812
2018-08-17,4Y,4,0.0019869708208500782
2018-08-17,5Y,5,0.002815365145357315
2018-08-17,7Y,7,0.0046440695218031396
2018-08-17,10Y,10,0.0076777422966778745
2018-08-17,15Y,15,0.01182427452060083
2018-08-17,20Y,20,0.013295937551859998
2018-08-17,25Y,25,0.013165655802482558
2018-08-17,30Y,30,0.013131514022883225
2018-08-20,1Y,1,0.00035999010242528427
2018-08-20,2Y,2,0.0008200928672532053
2018-08-20,3Y,3,0.0013205390084157242
2018-08-20,4Y,4,0.0019519266366109806
2018-08-20,5Y,5,0.0027350420091584874
2018-08-20,7Y,7,0.0045632422700485386
2018-08-20,10Y,10,0.00762651075830109
2018-08-20,15Y,15,0.01179199898575191
2018-08-20,20Y,20,0.013303254538251914
2018-08-20,25Y,25,0.01312246996049743
2018-08-20,30Y,30,0.013031326192520986
2018-08-21,1Y,1,0.00034999015846667376
2018-08-21,2Y,2,0.0008050912694725492
2018-08-21,3Y,3,0.0015107958335281067
2018-08-21,4Y,4,0.0021422346525865246
2018-08-21,5Y,5,0.002795398716960966
2018-08-21,7Y,7,0.004571421150172671
2018-08-21,10Y,10,0.007533868483671451
2018-08-21,15Y,15,0.011681245755217801
2018-08-21,20Y,20,0.01311299399269705
2018-08-21,25Y,25,0.012963259588862859
2018-08-21,30Y,30,0.012825952066132329
2018-08-22,1Y,1,0.00035998785238416134
2018-08-22,2Y,2,0.0008100890085350936
2018-08-22,3Y,3,0.001440687545034262
2018-08-22,4Y,4,0.0021021916555240524
2018-08-22,5Y,5,0.0028254459430852646
2018-08-22,7Y,7,0.004601674254450195
2018-08-22,10Y,10,0.007694147081259924
2018-08-22,15Y,15,0.011783438719039996
2018-08-22,20Y,20,0.013254060558153315
2018-08-22,25Y,25,0.013108770964098463
2018-08-22,30Y,30,0.013040130218203957
2018-08-23,1Y,1,0.0003499879709374291
2018-08-23,2Y,2,0.0007950874892591154
2018-08-23,3Y,3,0.0013305532490131668
2018-08-23,4Y,4,0.0019669522618784396
2018-08-23,5Y,5,0.002735055209359013
2018-08-23,7Y,7,0.004563255618895795
2018-08-23,10Y,10,0.0075379165108613744
2018-08-23,15Y,15,0.01167589724856396
2018-08-23,20Y,20,0.013178449026068366
2018-08-23,25Y,25,0.013056790355113725
2018-08-23,30Y,30,0.012966194231519373
2018-08-24,1Y,1,0.0003599867273791588
2018-08-24,2Y,2,0.0007900806746025917
2018-08-24,3Y,3,0.00132054272162732
2018-08-24,4Y,4,0.001966943396872106
2018-08-24,5Y,5,0.0027350461802767593
2018-08-24,7Y,7,0.004563244570927997
2018-08-24,10Y,10,0.007571688861763803
2018-08-24,15Y,15,0.011666370478547516
2018-08-24,20Y,20,0.01311533151204553
2018-08-24,25Y,25,0.012977496999836897
2018-08-24,30Y,30,0.012874565351739054
2018-08-27,1Y,1,0.00034998687718796316
2018-08-27,2Y,2,0.0007750792822389563
2018-08-27,3Y,3,0.00135058613926134
2018-08-27,4Y,4,0.001731366854842503
2018-08-27,5Y,5,0.0024441804650102367
2018-08-27,7Y,7,0.004379535070831501
2018-08-27,10Y,10,0.007393909232471408
2018-08-27,15Y,15,0.011475496467400988
2018-08-27,20Y,20,0.012897835122560018
2018-08-27,25Y,25,0.012738537707560576
2018-08-27,30Y,30,0.012623439878380459
2018-08-28,1Y,1,0.0003599867273791588
2018-08-28,2Y,2,0.0008050871167010154
2018-08-28,3Y,3,0.0013806067539444918
2018-08-28,4Y,4,0.002001988659333899
2018-08-28,5Y,5,0.0027652024786374756
2018-08-28,7Y,7,0.00457333891523623
2018-08-28,10Y,10,0.0075645891542577975
2018-08-28,15Y,15,0.011684048906026727
2018-08-28,20Y,20,0.01309600783954619
2018-08-28,25Y,25,0.012954417171116088
2018-08-28,30Y,30,0.0128736466842663
2018-08-29,1Y,1,0.00037998646530386045
2018-08-29,2Y,2,0.0008200834698930056
2018-08-29,3Y,3,0.00136057880111016
2018-08-29,4Y,4,0.0020120150999780764
2018-08-29,5Y,5,0.0028555472921864633
2018-08-29,7Y,7,0.004583554198774992
2018-08-29,10Y,10,0.0076227767875751175
2018-08-29,15Y,15,0.011738938907237175
2018-08-29,20Y,20,0.01322879800618144
2018-08-29,25Y,25,0.01310986398981685
2018-08-29,30Y,30,0.013019242935869018
2018-08-30,1Y,1,0.00039998500327030937
2018-08-30,2Y,2,0.0008901050707409102
2018-08-30,3Y,3,0.0013805548059609087
2018-08-30,4Y,4,0.0019869668021712432
2018-08-30,5Y,5,0.0028454301257773975
2018-08-30,7Y,7,0.004654139191888372
2018-08-30,10Y,10,0.007704361171793817
2018-08-30,15Y,15,0.011793914865261974
2018-08-30,20Y,20,0.013264664718520716
2018-08-30,25Y,25,0.013119396161496133
2018-08-30,30Y,30,0.013050755913675494
2018-08-31,1Y,1,0.0004099848847797606
2018-08-31,2Y,2,0.0008900995196172138
2018-08-31,3Y,3,0.0014105969353166103
2018-08-31,4Y,4,0.00208718215470423
2018-08-31,5Y,5,0.0028955894990353084
2018-08-31,7Y,7,0.004765096782109452
2018-08-31,10Y,10,0.007755574557267138
2018-08-31,15Y,15,0.011844366461343537
2018-08-31,20Y,20,0.013256952113496196
2018-08-31,25Y,25,0.01316111509266603
2018-08-31,30Y,30,0.013092761760068822
2018-09-03,1Y,1,0.0004299846853485104
2018-09-03,2Y,2,0.000920102622352662
2018-09-03,3Y,3,0.00149068890304548
2018-09-03,4Y,4,0.0022074231759737876
2018-09-03,5Y,5,0.003036183419669331
2018-09-03,7Y,7,0.004825717567030069
2018-09-03,10Y,10,0.007748717111842662
2018-09-03,15Y,15,0.011911189382970387
2018-09-03,20Y,20,0.013319284259818492
2018-09-03,25Y,25,0.013189953249226621
2018-09-03,30Y,30,0.013086975960131957
2018-09-04,1Y,1,0.0004099848847797606
2018-09-04,2Y,2,0.000920114061239314
2018-09-04,3Y,3,0.001570793226328714
2018-09-04,4Y,4,0.002257515288185845
2018-09-04,5Y,5,0.003066382439085528
2018-09-04,7Y,7,0.004835903861411581
2018-09-04,10Y,10,0.007830338698560944
2018-09-04,15Y,15,0.01188723396704838
2018-09-04,20Y,20,0.01331334640039966
2018-09-04,25Y,25,0.013199957036837705
2018-09-04,30Y,30,0.013097141200567253
2018-09-05,1Y,1,0.0003899863530384837
2018-09-05,2Y,2,0.0008951127243386651
2018-09-05,3Y,3,0.0014906976564264306
2018-09-05,4Y,4,0.002137271969431088
2018-09-05,5Y,5,0.002955922905527792
2018-09-05,7Y,7,0.004692464553921027
2018-09-05,10Y,10,0.007659892430826844
2018-09-05,15Y,15,0.011747985502478782
2018-09-05,20Y,20,0.01317370361011781
2018-09-05,25Y,25,0.013014565904977307
2018-09-05,30Y,30,0.012899385516214546
2018-09-06,1Y,1,0.00037998646530386045
2018-09-06,2Y,2,0.0008500968765945724
2018-09-06,3Y,3,0.001340532543386959
2018-09-06,4Y,4,0.001956923043822599
2018-09-06,5Y,5,0.0028153409857706153
2018-09-06,7Y,7,0.004543104084976296
2018-09-06,10Y,10,0.007537114627192469
2018-09-06,15Y,15,0.011505009221045881
2018-09-06,20Y,20,0.01297244898880863
2018-09-06,25Y,25,0.012877931031603645
2018-09-06,30Y,30,0.012797733437457614
2018-09-07,1Y,1,0.00037998646530386045
2018-09-07,2Y,2,0.0008801109707143215
2018-09-07,3Y,3,0.0014206114796953605
2018-09-07,4Y,4,0.002102251361710175
2018-09-07,5Y,5,0.0029156823295582624
2018-09-07,7Y,7,0.004712611341302055
2018-09-07,10Y,10,0.007540633156340085
2018-09-07,15Y,15,0.011600581214722624
2018-09-07,20Y,20,0.01301725922128875
2018-09-07,25Y,25,0.01295178145596262
2018-09-07,30Y,30,0.012871746458098738
2018-09-10,1Y,1,0.0003899863530384837
2018-09-10,2Y,2,0.0008801055036683367
2018-09-10,3Y,3,0.001470681990246545
2018-09-10,4Y,4,0.0021021829015749356
2018-09-10,5Y,5,0.002855502391442134
2018-09-10,7Y,7,0.004664127537920138
2018-09-10,10Y,10,0.0075915213094207845
2018-09-10,15Y,15,0.011603845326474948
2018-09-10,20Y,20,0.01301649487313123
2018-09-10,25Y,25,0.012951809721733792
2018-09-10,30Y,30,0.01287174855658137
2018-09-11,1Y,1,0.00037998765282076005
2018-09-11,2Y,2,0.0008851130589126197
2018-09-11,3Y,3,0.0014406400743595892
2018-09-11,4Y,4,0.002102233244733098
2018-09-11,5Y,5,0.002895627627116631
2018-09-11,7Y,7,0.004664170630019215
2018-09-11,10Y,10,0.007557771938675519
2018-09-11,15Y,15,0.011475979780853768
2018-09-11,20Y,20,0.012917540045611521
2018-09-11,25Y,25,0.0128400800166259
2018-09-11,30Y,30,0.012747997571585772
2018-09-12,1Y,1,0.0003899863530384837
2018-09-12,2Y,2,0.0008650984548629467
2018-09-12,3Y,3,0.0014106137454032875
2018-09-12,4Y,4,0.002042070141234435
2018-09-12,5Y,5,0.0028555109760765667
2018-09-12,7Y,7,0.004623858466600157
2018-09-12,10Y,10,0.0075882543293226135
2018-09-12,15Y,15,0.011478574224966984
2018-09-12,20Y,20,0.012955964721495525
2018-09-12,25Y,25,0.012863474756892129
2018-09-12,30Y,30,0.01274907537668252
2018-09-13,1Y,1,0.0003899863530384837
2018-09-13,2Y,2,0.0008650984548629467
2018-09-13,3Y,3,0.0014106137454032875
2018-09-13,4Y,4,0.0020671358331767046
2018-09-13,5Y,5,0.0028856153579966313
2018-09-13,7Y,7,0.004641981204276959
2018-09-13,10Y,10,0.0075201898214934185
2018-09-13,15Y,15,0.01152102564885904
2018-09-13,20Y,20,0.012986903915137122
2018-09-13,25Y,25,0.012942108162402741
2018-09-13,30Y,30,0.012840137585611528
2018-09-14,1Y,1,0.00039998625328854835
2018-09-14,2Y,2,0.000925121961724684
2018-09-14,3Y,3,0.0015006923031402552
2018-09-14,4Y,4,0.0021322602751956956
2018-09-14,5Y,5,0.0029659393933245664
2018-09-14,7Y,7,0.004864007919573466
2018-09-14,10Y,10,0.007762084773446433
2018-09-14,15Y,15,0.011704704040397269
2018-09-14,20Y,20,0.013123911470050383
2018-09-14,25Y,25,0.013058287459024018
2018-09-14,30Y,30,0.012978189449718977
2018-09-17,1Y,1,0.00039998625328854835
2018-09-17,2Y,2,0.0009401296138357651
2018-09-17,3Y,3,0.0015807934505947638
2018-09-17,4Y,4,0.0022424983903490377
2018-09-17,5Y,5,0.0030663793114127846
2018-09-17,7Y,7,0.004884351470446472
2018-09-17,10Y,10,0.00781316824292248
2018-09-17,15Y,15,0.011757004608724026
2018-09-17,20Y,20,0.013176872356614211
2018-09-17,25Y,25,0.01311135559270672
2018-09-17,30Y,30,0.013031271205977352
2018-09-18,1Y,1,0.0004099848847797606
2018-09-18,2Y,2,0.0009801452070768988
2018-09-18,3Y,3,0.0016308317599060393
2018-09-18,4Y,4,0.0022976295966075796
2018-09-18,5Y,5,0.003096444802049424
2018-09-18,7Y,7,0.0049427993429791706
2018-09-18,10Y,10,0.007864418752678978
2018-09-18,15Y,15,0.011829665270228407
2018-09-18,20Y,20,0.013262573797471677
2018-09-18,25Y,25,0.013175610750875026
2018-09-18,30Y,30,0.01309538117996088
2018-09-19,1Y,1,0.0004299846853485104
2018-09-19,2Y,2,0.0009801330946250036
2018-09-19,3Y,3,0.0016508717193979671
2018-09-19,4Y,4,0.0023727923611116105
2018-09-19,5Y,5,0.00317679786413921
2018-09-19,7Y,7,0.0049751432174495154
2018-09-19,10Y,10,0.007932786217657153
2018-09-19,15Y,15,0.011854432113784768
2018-09-19,20Y,20,0.013284969197274983
2018-09-19,25Y,25,0.013217723289040974
2018-09-19,30Y,30,0.013137661384540793
2018-09-20,1Y,1,0.0004099848847797606
2018-09-20,2Y,2,0.0009501292903751644
2018-09-20,3Y,3,0.0015707686589650376
2018-09-20,4Y,4,0.002227461232018003
2018-09-20,5Y,5,0.003096504287611758
2018-09-20,7Y,7,0.004854105840675239
2018-09-20,10Y,10,0.007840555601544036
2018-09-20,15Y,15,0.011820787138295078
2018-09-20,20Y,20,0.013287290188882658
2018-09-20,25Y,25,0.0131554322109239
2018-09-20,30Y,30,0.013074882518625337
2018-09-21,1Y,1,0.0004499831296947786
2018-09-21,2Y,2,0.0009751186693800605
2018-09-21,3Y,3,0.0016308482805537775
2018-09-21,4Y,4,0.0023727737022848617
2018-09-21,5Y,5,0.0031767803017474787
2018-09-21,7Y,7,0.005076169937888348
2018-09-21,10Y,10,0.00805247583362703
2018-09-21,15Y,15,0.012178634252542281
2018-09-21,20Y,20,0.01366482640078276
2018-09-21,25Y,25,0.01365499773674185
2018-09-21,30Y,30,0.01362407206691194
2018-09-24,1Y,1,0.0003999900034129442
2018-09-24,2Y,2,0.0010001607661384439
2018-09-24,3Y,3,0.0016208232722536042
2018-09-24,4Y,4,0.002297669989024463
2018-09-24,5Y,5,0.0031466773132105934
2018-09-24,7Y,7,0.005066078763642559
2018-09-24,10Y,10,0.008049278711851801
2018-09-24,15Y,15,0.01213214381970849
2018-09-24,20Y,20,0.013673921276637337
2018-09-24,25Y,25,0.01359935951576129
2018-09-24,30Y,30,0.013533440799648466
2018-09-25,1Y,1,0.0004499831296947786
2018-09-25,2Y,2,0.0010201427054008175
2018-09-25,3Y,3,0.0017109326453469405
2018-09-25,4Y,4,0.0024028225233997803
2018-09-25,5Y,5,0.0032471388844354907
2018-09-25,7Y,7,0.005126707083558311
2018-09-25,10Y,10,0.00809723483790844
2018-09-25,15Y,15,0.012203172151156051
2018-09-25,20Y,20,0.013728529095866549
2018-09-25,25Y,25,0.013776499576979266
2018-09-25,30Y,30,0.01375845644388891
2018-09-26,1Y,1,0.0004499831296947786
2018-09-26,2Y,2,0.001005134521489432
2018-09-26,3Y,3,0.0016308224709630334
2018-09-26,4Y,4,0.0023427169428541935
2018-09-26,5Y,5,0.00317675335474792
2018-09-26,7Y,7,0.005076144854848645
2018-09-26,10Y,10,0.007957317723304217
2018-09-26,15Y,15,0.012095235422934229
2018-09-26,20Y,20,0.013676361733626494
2018-09-26,25Y,25,0.013724485444125604
2018-09-26,30Y,30,0.013684190291367032
2018-09-27,1Y,1,0.0004099874473416127
2018-09-27,2Y,2,0.0009301184481559958
2018-09-27,3Y,3,0.001570798587378274
2018-09-27,4Y,4,0.002257520399631153
2018-09-27,5Y,5,0.0030965362635049206
2018-09-27,7Y,7,0.00490655771235927
2018-09-27,10Y,10,0.007871586077973974
2018-09-27,15Y,15,0.011850469907121599
2018-09-27,20Y,20,0.01334213383537989
2018-09-27,25Y,25,0.013346120890123991
2018-09-27,30Y,30,0.013268668696878554
2018-09-28,1Y,1,0.0004399859794555428
2018-09-28,2Y,2,0.0010301539008910339
2018-09-28,3Y,3,0.001600766131978205
2018-09-28,4Y,4,0.002277597951159586
2018-09-28,5Y,5,0.003186801952318651
2018-09-28,7Y,7,0.0050580035285299725
2018-09-28,10Y,10,0.007947158151855378
2018-09-28,15Y,15,0.012028087523167015
2018-09-28,20Y,20,0.013661699250831497
2018-09-28,25Y,25,0.013669667449407768
2018-09-28,30Y,30,0.013651486608220732
2018-10-01,1Y,1,0.00044998453598660493
2018-10-01,2Y,2,0.0010401535313754936
2018-10-01,3Y,3,0.0017109221592777964
2018-10-01,4Y,4,0.00238779590956966
2018-10-01,5Y,5,0.0032471280317735
2018-10-01,7Y,7,0.005179219414547949
2018-10-01,10Y,10,0.008113858061684548
2018-10-01,15Y,15,0.012182744521466012
2018-10-01,20Y,20,0.013803388414044748
2018-10-01,25Y,25,0.013936481497694213
2018-10-01,30Y,30,0.013921496713951593
2018-10-02,1Y,1,0.00043998460440839685
2018-10-02,2Y,2,0.0009651192467584603
2018-10-02,3Y,3,0.001560755529316756
2018-10-02,4Y,4,0.002287605800076226
2018-10-02,5Y,5,0.00313659858388524
2018-10-02,7Y,7,0.005043808872287421
2018-10-02,10Y,10,0.008011576617087957
2018-10-02,15Y,15,0.012057672563804186
2018-10-02,20Y,20,0.013608449173089367
2018-10-02,25Y,25,0.01368138699345828
2018-10-02,30Y,30,0.013641132773394456
2018-10-03,1Y,1,0.00042998602913762215
2018-10-03,2Y,2,0.00094011220276478
2018-10-03,3Y,3,0.0016108522360238613
2018-10-03,4Y,4,0.0023677744322531218
2018-10-03,5Y,5,0.003186890844365543
2018-10-03,7Y,7,0.005005502991109566
2018-10-03,10Y,10,0.007960397615048048
2018-10-03,15Y,15,0.01213528133150997
2018-10-03,20Y,20,0.013739856617554898
2018-10-03,25Y,25,0.013725996747211368
2018-10-03,30Y,30,0.013685181741156027
2018-10-04,1Y,1,0.000469984436698819
2018-10-04,2Y,2,0.0011151844580643373
2018-10-04,3Y,3,0.0018110256767227548
2018-10-04,4Y,4,0.002513112224669484
2018-10-04,5Y,5,0.0033977683331470588
2018-10-04,7Y,7,0.005310608550887775
2018-10-04,10Y,10,0.00828152770210222
2018-10-04,15Y,15,0.012521737694199892
2018-10-04,20Y,20,0.014122978465225354
2018-10-04,25Y,25,0.014129397230587003
2018-10-04,30Y,30,0.014078721280172764
2018-10-05,1Y,1,0.0004099912912733012
2018-10-05,2Y,2,0.0009601329412661965
2018-10-05,3Y,3,0.001871279953537044
2018-10-05,4Y,4,0.0026935473826942193
2018-10-05,5Y,5,0.003367835655844657
2018-10-05,7Y,7,0.005187432913986364
2018-10-05,10Y,10,0.008189599405831064
2018-10-05,15Y,15,0.012476452081652064
2018-10-05,20Y,20,0.014081154336096973
2018-10-05,25Y,25,0.014086636414418388
2018-10-05,30Y,30,0.014035964384693716
2018-10-08,1Y,1,0.0004099912912733012
2018-10-08,2Y,2,0.0011252292635764742
2018-10-08,3Y,3,0.00187112430727423
2018-10-08,4Y,4,0.002528208060143344
2018-10-08,5Y,5,0.0033676794562372625
2018-10-08,7Y,7,0.005187295684974238
2018-10-08,10Y,10,0.008189447431022885
2018-10-08,15Y,15,0.012476300708151217
2018-10-08,20Y,20,0.01408103293619319
2018-10-08,25Y,25,0.01408654810522008
2018-10-08,30Y,30,0.014035891030619788
2018-10-09,1Y,1,0.0004699859055204409
2018-10-09,2Y,2,0.0010901690702924192
2018-10-09,3Y,3,0.0017309261518583486
2018-10-09,4Y,4,0.002442955498880986
2018-10-09,5Y,5,0.0033274215447695087
2018-10-09,7Y,7,0.005260076778282873
2018-10-09,10Y,10,0.008230404429112173
2018-10-09,15Y,15,0.012392176415462898
2018-10-09,20Y,20,0.014004830901215575
2018-10-09,25Y,25,0.013951743341340705
2018-10-09,30Y,30,0.01391069239381026
2018-10-10,1Y,1,0.0004599902304153092
2018-10-10,2Y,2,0.0010451488010303819
2018-10-10,3Y,3,0.0017410006574540265
2018-10-10,4Y,4,0.0025030925476835705
2018-10-10,5Y,5,0.003327494473207454
2018-10-10,7Y,7,0.0052601475468847525
2018-10-10,10Y,10,0.008257973062413288
2018-10-10,15Y,15,0.012452210393719545
2018-10-10,20Y,20,0.013965586573914819
2018-10-10,25Y,25,0.01393932241376088
2018-10-10,30Y,30,0.013920674472568562
2018-10-11,1Y,1,0.0004299914044192745
2018-10-11,2Y,2,0.0010501702837115105
2018-10-11,3Y,3,0.0016508470957840359
2018-10-11,4Y,4,0.0023277191426751714
2018-10-11,5Y,5,0.003176771644661009
2018-10-11,7Y,7,0.0050761695484117676
2018-10-11,10Y,10,0.008079943019825479
2018-10-11,15Y,15,0.012240593378086095
2018-10-11,20Y,20,0.013714595356692009
2018-10-11,25Y,25,0.013652939310996875
2018-10-11,30Y,30,0.013586978456412291
2018-10-12,1Y,1,0.0004299927482707297
2018-10-12,2Y,2,0.0010101474982539727
2018-10-12,3Y,3,0.001650888630377773
2018-10-12,4Y,4,0.0023728084335542417
2018-10-12,5Y,5,0.0031768149072954844
2018-10-12,7Y,7,0.005027744936406962
2018-10-12,10Y,10,0.008135046792829718
2018-10-12,15Y,15,0.0122693890305675
2018-10-12,20Y,20,0.013861777386870977
2018-10-12,25Y,25,0.013730988013703347
2018-10-12,30Y,30,0.013642303490439484
2018-10-15,1Y,1,0.00039999625385125584
2018-10-15,2Y,2,0.0009651403103000279
2018-10-15,3Y,3,0.001580827429916893
2018-10-15,4Y,4,0.0022826184085995974
2018-10-15,5Y,5,0.0031266776558714605
2018-10-15,7Y,7,0.0049733201527420385
2018-10-15,10Y,10,0.008063260450626154
2018-10-15,15Y,15,0.012333822859875656
2018-10-15,20Y,20,0.013978335953665185
2018-10-15,25Y,25,0.013882628109903386
2018-10-15,30Y,30,0.013796338972717148
2018-10-16,1Y,1,0.0004399901046725428
2018-10-16,2Y,2,0.0010901878441566587
2018-10-16,3Y,3,0.0017209178933692546
2018-10-16,4Y,4,0.0023577548454118266
2018-10-16,5Y,5,0.003216963075628423
2018-10-16,7Y,7,0.005108457254682116
2018-10-16,10Y,10,0.008152322145593728
2018-10-16,15Y,15,0.012447045199018672
2018-10-16,20Y,20,0.014047777937998218
2018-10-16,25Y,25,0.013999199014977471
2018-10-16,30Y,30,0.013913295854124536
2018-10-17,1Y,1,0.0004399901046725428
2018-10-17,2Y,2,0.0010451614187506441
2018-10-17,3Y,3,0.0016608642439807303
2018-10-17,4Y,4,0.0023276858703186595
2018-10-17,5Y,5,0.0031566962233017908
2018-10-17,7Y,7,0.005027675816698309
2018-10-17,10Y,10,0.008134968911073813
2018-10-17,15Y,15,0.01238493623109036
2018-10-17,20Y,20,0.01395905195981038
2018-10-17,25Y,25,0.013934566106203
2018-10-17,30Y,30,0.013848770622329067
2018-10-18,1Y,1,0.0004499915676409471
2018-10-18,2Y,2,0.0010351492461209567
2018-10-18,3Y,3,0.0016508694962746495
2018-10-18,4Y,4,0.0023677850396337987
2018-10-18,5Y,5,0.003186821682654107
2018-10-18,7Y,7,0.005146871113135148
2018-10-18,10Y,10,0.008114837549483715
2018-10-18,15Y,15,0.012510716241919562
2018-10-18,20Y,20,0.013977418203316355
2018-10-18,25Y,25,0.01386206724168033
2018-10-18,30Y,30,0.013750756200544084
2018-10-19,1Y,1,0.0004299927482707297
2018-10-19,2Y,2,0.0009951393865747556
2018-10-19,3Y,3,0.0016108406143398785
2018-10-19,4Y,4,0.0023126577006854204
2018-10-19,5Y,5,0.003126610306028487
2018-10-19,7Y,7,0.005066054993272193
2018-10-19,10Y,10,0.008063671671900745
2018-10-19,15Y,15,0.01251915668184077
2018-10-19,20Y,20,0.014022530201018188
2018-10-19,25Y,25,0.013877297706992302
2018-10-19,30Y,30,0.013800434975162524
2018-10-22,1Y,1,0.0004399914797702127
2018-10-22,2Y,2,0.001050163974748344
2018-10-22,3Y,3,0.001580747780530983
2018-10-22,4Y,4,0.002252556791442036
2018-10-22,5Y,5,0.003206913489211848
2018-10-22,7Y,7,0.005106605331766891
2018-10-22,10Y,10,0.008172939351128224
2018-10-22,15Y,15,0.012559380012882704
2018-10-22,20Y,20,0.014127633728304754
2018-10-22,25Y,25,0.013966748149628009
2018-10-22,30Y,30,0.013924548537746356
2018-10-23,1Y,1,0.0004399914797702127
2018-10-23,2Y,2,0.0009901309905692016
2018-10-23,3Y,3,0.0014806559703956263
2018-10-23,4Y,4,0.0021623478637748817
2018-10-23,5Y,5,0.003036151208091961
2018-10-23,7Y,7,0.004926695894159411
2018-10-23,10Y,10,0.008032740703351218
2018-10-23,15Y,15,0.012359211612394979
2018-10-23,20Y,20,0.013866625662090383
2018-10-23,25Y,25,0.013758799422391912
2018-10-23,30Y,30,0.013682231036848519
2018-10-24,1Y,1,0.00039999250355351724
2018-10-24,2Y,2,0.0009051107275082255
2018-10-24,3Y,3,0.0014206315635670091
2018-10-24,4Y,4,0.0020270297691250866
2018-10-24,5Y,5,0.002805312761762334
2018-10-24,7Y,7,0.00470253523909955
2018-10-24,10Y,10,0.0077564357053713125
2018-10-24,15Y,15,0.012035854974946558
2018-10-24,20Y,20,0.0136077903076513
2018-10-24,25Y,25,0.0134860625459247
2018-10-24,30Y,30,0.01331826978033679
2018-10-25,1Y,1,0.00037999240299759905
2018-10-25,2Y,2,0.0008751071748929977
2018-10-25,3Y,3,0.0014206458778703197
2018-10-25,4Y,4,0.0020320479153330163
2018-10-25,5Y,5,0.0027953038657235543
2018-10-25,7Y,7,0.0046319337960598955
2018-10-25,10Y,10,0.00770456598395133
2018-10-25,15Y,15,0.011929664508928527
2018-10-25,20Y,20,0.013422200821095832
2018-10-25,25Y,25,0.013332034216849782
2018-10-25,30Y,30,0.013209067600833907
2018-10-26,1Y,1,0.000339993414623313
2018-10-26,2Y,2,0.0007450704365284884
2018-10-26,3Y,3,0.0012805509699889272
2018-10-26,4Y,4,0.0018917714796006092
2018-10-26,5Y,5,0.0025544562316197365
2018-10-26,7Y,7,0.004300929375918442
2018-10-26,10Y,10,0.0074721922756600355
2018-10-26,15Y,15,0.011716344199214992
2018-10-26,20Y,20,0.013196711287144685
2018-10-26,25Y,25,0.01314278931970781
2018-10-26,30Y,30,0.013054539805435467
2018-10-29,1Y,1,0.0003099934140691515
2018-10-29,2Y,2,0.0008051100499388165
2018-10-29,3Y,3,0.001250465408944259
2018-10-29,4Y,4,0.0017565789731008826
2018-10-29,5Y,5,0.002614669979528946
2018-10-29,7Y,7,0.004401913777445229
2018-10-29,10Y,10,0.007568414195510137
2018-10-29,15Y,15,0.011785335923951
2018-10-29,20Y,20,0.013297501464431425
2018-10-29,25Y,25,0.013253058928875702
2018-10-29,30Y,30,0.013199291992804141
2018-10-30,1Y,1,0.0003199934017401165
2018-10-30,2Y,2,0.0007600856748007901
2018-10-30,3Y,3,0.0012805332204410894
2018-10-30,4Y,4,0.0019018403625048052
2018-10-30,5Y,5,0.0026648539546411257
2018-10-30,7Y,7,0.004561328858532796
2018-10-30,10Y,10,0.007657400191310754
2018-10-30,15Y,15,0.011912358280025168
2018-10-30,20Y,20,0.013472016744169963
2018-10-30,25Y,25,0.013291948484530764
2018-10-30,30Y,30,0.013168299935772397
2018-10-31,1Y,1,0.00028999257000048993
2018-10-31,2Y,2,0.0008301321515731215
2018-10-31,3Y,3,0.0014306531483575628
2018-10-31,4Y,4,0.00200206660257905
2018-10-31,5Y,5,0.0027853166403104734
2018-10-31,7Y,7,0.004722863837067298
2018-10-31,10Y,10,0.007875899440081923
2018-10-31,15Y,15,0.012252426972376699
2018-10-31,20Y,20,0.013785551182347098
2018-10-31,25Y,25,0.013714356628718853
2018-10-31,30Y,30,0.013684830822218375
2018-11-01,1Y,1,0.0003099934140691515
2018-11-01,2Y,2,0.0007600903004940559
2018-11-01,3Y,3,0.0012905412179732216
2018-11-01,4Y,4,0.0019018468253105205
2018-11-01,5Y,5,0.0026648603587679474
2018-11-01,7Y,7,0.0045128647849895275
2018-11-01,10Y,10,0.007674514309157264
2018-11-01,15Y,15,0.011961637171095585
2018-11-01,20Y,20,0.013422308268536846
2018-11-01,25Y,25,0.013234239833798928
2018-11-01,30Y,30,0.013098168537200272
2018-11-02,1Y,1,0.0002899961951106809
2018-11-02,2Y,2,0.0007000742541364623
2018-11-02,3Y,3,0.0013306386567982624
2018-11-02,4Y,4,0.002027084553865703
2018-11-02,5Y,5,0.002765344116456478
2018-11-02,7Y,7,0.004593824492598944
2018-11-02,10Y,10,0.00781457695840267
2018-11-02,15Y,15,0.012248256368028423
2018-11-02,20Y,20,0.013730940064259213
2018-11-02,25Y,25,0.013534224097524238
2018-11-02,30Y,30,0.013422171008578437
2018-11-05,1Y,1,0.00024999843843459795
2018-11-05,2Y,2,0.0007150963229798944
2018-11-05,3Y,3,0.001230509095581684
2018-11-05,4Y,4,0.0018518149831958982
2018-11-05,5Y,5,0.0026950461413896105
2018-11-05,7Y,7,0.004503065603664594
2018-11-05,10Y,10,0.007787549966005608
2018-11-05,15Y,15,0.012209112128278384
2018-11-05,20Y,20,0.013731484491743676
2018-11-05,25Y,25,0.013583594231104468
2018-11-05,30Y,30,0.013461824715792454
2018-11-06,1Y,1,0.000289997101409299
2018-11-06,2Y,2,0.000735087905646152
2018-11-06,3Y,3,0.0012905717852078002
2018-11-06,4Y,4,0.0019469542583438026
2018-11-06,5Y,5,0.0027452278687449
2018-11-06,7Y,7,0.004553479016109537
2018-11-06,10Y,10,0.007831988483051245
2018-11-06,15Y,15,0.012415478354274064
2018-11-06,20Y,20,0.013839643415229978
2018-11-06,25Y,25,0.01372617276224497
2018-11-06,30Y,30,0.013638985359001054
2018-11-07,1Y,1,0.0002699986512077523
2018-11-07,2Y,2,0.0007150879126052455
2018-11-07,3Y,3,0.0012104940650343142
2018-11-07,4Y,4,0.001876861748871968
2018-11-07,5Y,5,0.002755258979549582
2018-11-07,7Y,7,0.004543431641875589
2018-11-07,10Y,10,0.007856214933761367
2018-11-07,15Y,15,0.012453432990201657
2018-11-07,20Y,20,0.014020434698371201
2018-11-07,25Y,25,0.01379476988020971
2018-11-07,30Y,30,0.013684498986758536
2018-11-08,1Y,1,0.00025999935111933317
2018-11-08,2Y,2,0.0006600706434964741
2018-11-08,3Y,3,0.0012405638120704151
2018-11-08,4Y,4,0.0019369384720105778
2018-11-08,5Y,5,0.0027051366759139528
2018-11-08,7Y,7,0.004622146439041589
2018-11-08,10Y,10,0.008016524733578034
2018-11-08,15Y,15,0.012554052087903361
2018-11-08,20Y,20,0.014129264674948037
2018-11-08,25Y,25,0.01389378699142108
2018-11-08,30Y,30,0.013760890567318957
2018-11-09,1Y,1,0.00021000013187384483
2018-11-09,2Y,2,0.0006250761973841308
2018-11-09,3Y,3,0.0011104310906935528
2018-11-09,4Y,4,0.0017566631758994778
2018-11-09,5Y,5,0.0026147818173639192
2018-11-09,7Y,7,0.004591865921058296
2018-11-09,10Y,10,0.007856522542939835
2018-11-09,15Y,15,0.01248179626584865
2018-11-09,20Y,20,0.01400383250066336
2018-11-09,25Y,25,0.013797266539469508
2018-11-09,30Y,30,0.013664535669299033
2018-11-12,1Y,1,0.00022999971328914657
2018-11-12,2Y,2,0.0006200673901520953
2018-11-12,3Y,3,0.0010904156543397384
2018-11-12,4Y,4,0.0017315934643785055
2018-11-12,5Y,5,0.0025545525234590117
2018-11-12,7Y,7,0.0045029897693212705
2018-11-12,10Y,10,0.007815302999557768
2018-11-12,15Y,15,0.012459741793065748
2018-11-12,20Y,20,0.013965707430365121
2018-11-12,25Y,25,0.013766793754958909
2018-11-12,30Y,30,0.013691111285589886
2018-11-13,1Y,1,0.00022999971328914657
2018-11-13,2Y,2,0.0006500782361538743
2018-11-13,3Y,3,0.0011504617560211406
2018-11-13,4Y,4,0.0017516168126815409
2018-11-13,5Y,5,0.0025545749576872745
2018-11-13,7Y,7,0.004442439859548897
2018-11-13,10Y,10,0.0077498403742340665
2018-11-13,15Y,15,0.012284196677175114
2018-11-13,20Y,20,0.013733477257270851
2018-11-13,25Y,25,0.01353058486613318
2018-11-13,30Y,30,0.013430433510650736
2018-11-14,1Y,1,0.0002299989944951761
2018-11-14,2Y,2,0.0006600822493425724
2018-11-14,3Y,3,0.001130430067456628
2018-11-14,4Y,4,0.0016865011407799862
2018-11-14,5Y,5,0.0024541903770691374
2018-11-14,7Y,7,0.00430914696980683
2018-11-14,10Y,10,0.007565832259705961
2018-11-14,15Y,15,0.01199863331506319
2018-11-14,20Y,20,0.0136219608147235
2018-11-14,25Y,25,0.013481217748690927
2018-11-14,30Y,30,0.013372013442141662
2018-11-15,1Y,1,0.0001999993754967055
2018-11-15,2Y,2,0.0005900675751529644
2018-11-15,3Y,3,0.0009602980802201895
2018-11-15,4Y,4,0.0014861995845340743
2018-11-15,5Y,5,0.0022936420702141876
2018-11-15,7Y,7,0.004119573017949336
2018-11-15,10Y,10,0.0074185305982722724
2018-11-15,15Y,15,0.011848362818907927
2018-11-15,20Y,20,0.013446625980337343
2018-11-15,25Y,25,0.013275514176683925
2018-11-15,30Y,30,0.013131590777497815
2018-11-16,1Y,1,0.0001999993754967055
2018-11-16,2Y,2,0.0005450528677942555
2018-11-16,3Y,3,0.000980337792159541
2018-11-16,4Y,4,0.0015562864486473853
2018-11-16,5Y,5,0.002303714217133517
2018-11-16,7Y,7,0.004137768104609393
2018-11-16,10Y,10,0.0074391757543909465
2018-11-16,15Y,15,0.011887738591861149
2018-11-16,20Y,20,0.013467788520052404
2018-11-16,25Y,25,0.013364905477568764
2018-11-16,30Y,30,0.013233620095730514
2018-11-19,1Y,1,0.00017999977537579636
2018-11-19,2Y,2,0.0005200512762485811
2018-11-19,3Y,3,0.0008402292107738471
2018-11-19,4Y,4,0.001361019082724887
2018-11-19,5Y,5,0.002163236309797948
2018-11-19,7Y,7,0.003936054391705291
2018-11-19,10Y,10,0.007156384225603329
2018-11-19,15Y,15,0.011602782325770923
2018-11-19,20Y,20,0.013194454761937256
2018-11-19,25Y,25,0.013081440435271588
2018-11-19,30Y,30,0.012938215181511725
2018-11-20,1Y,1,0.0001999993754967055
2018-11-20,2Y,2,0.0005600575984833989
2018-11-20,3Y,3,0.0009803304756415357
2018-11-20,4Y,4,0.0015162204685500538
2018-11-20,5Y,5,0.0022435159920476027
2018-11-20,7Y,7,0.003996597427537942
2018-11-20,10Y,10,0.007288866921712562
2018-11-20,15Y,15,0.011788981142563291
2018-11-20,20Y,20,0.0134368601012331
2018-11-20,25Y,25,0.01331295728559132
2018-11-20,30Y,30,0.013159507298555435
2018-11-21,1Y,1,0.00019000106927618085
2018-11-21,2Y,2,0.0005300509237972238
2018-11-21,3Y,3,0.0009102918751664744
2018-11-21,4Y,4,0.0014611465548678094
2018-11-21,5Y,5,0.00220339635648208
2018-11-21,7Y,7,0.003968340608609925
2018-11-21,10Y,10,0.007220633841996188
2018-11-21,15Y,15,0.011624612062421796
2018-11-21,20Y,20,0.013163178071449004
2018-11-21,25Y,25,0.013068597021272001
2018-11-21,30Y,30,0.012947615610955554
2018-11-22,1Y,1,0.00019000106927618085
2018-11-22,2Y,2,0.0005150465064396278
2018-11-22,3Y,3,0.000990371034259624
2018-11-22,4Y,4,0.0015762996340841127
2018-11-22,5Y,5,0.002243567614651527
2018-11-22,7Y,7,0.003996656317582721
2018-11-22,10Y,10,0.007261580861147627
2018-11-22,15Y,15,0.011686834053268477
2018-11-22,20Y,20,0.013238369225761423
2018-11-22,25Y,25,0.013087813744974475
2018-11-22,30Y,30,0.012932047203585696
2018-11-23,1Y,1,0.00019000106927618085
2018-11-23,2Y,2,0.0005150465064396278
2018-11-23,3Y,3,0.000990371034259624
2018-11-23,4Y,4,0.0015762996340841127
2018-11-23,5Y,5,0.002243567614651527
2018-11-23,7Y,7,0.003996656317582721
2018-11-23,10Y,10,0.007261580861147627
2018-11-23,15Y,15,0.011686834053268477
2018-11-23,20Y,20,0.013238369225761423
2018-11-23,25Y,25,0.013087813744974475
2018-11-23,30Y,30,0.012932047203585696
2018-11-26,1Y,1,0.00018000090044331443
2018-11-26,2Y,2,0.0005600634694232744
2018-11-26,3Y,3,0.0009403010783319256
2018-11-26,4Y,4,0.0014311051512864458
2018-11-26,5Y,5,0.0021532424049999924
2018-11-26,7Y,7,0.003845366503024444
2018-11-26,10Y,10,0.007141702285719828
2018-11-26,15Y,15,0.011530124298007626
2018-11-26,20Y,20,0.0130924907502711
2018-11-26,25Y,25,0.012924306900953794
2018-11-26,30Y,30,0.012734319062134214
2018-11-27,1Y,1,0.00016000060030452108
2018-11-27,2Y,2,0.000455038374592842
2018-11-27,3Y,3,0.0008802908162893785
2018-11-27,4Y,4,0.001436096967032527
2018-11-27,5Y,5,0.002113163567979629
2018-11-27,7Y,7,0.003813126817481637
2018-11-27,10Y,10,0.007077543358587509
2018-11-27,15Y,15,0.011373146194594383
2018-11-27,20Y,20,0.013022245797002036
2018-11-27,25Y,25,0.012826577157321608
2018-11-27,30Y,30,0.012658876914255279
2018-11-28,1Y,1,0.00018000090044331443
2018-11-28,2Y,2,0.0005300539511763015
2018-11-28,3Y,3,0.0009803510885810528
2018-11-28,4Y,4,0.0015362534526687276
2018-11-28,5Y,5,0.0022034189065004194
2018-11-28,7Y,7,0.004008656099421342
2018-11-28,10Y,10,0.00715655719712985
2018-11-28,15Y,15,0.011613432184704842
2018-11-28,20Y,20,0.013243809015211157
2018-11-28,25Y,25,0.0131237604735457
2018-11-28,30Y,30,0.01298060722797661
2018-11-29,1Y,1,0.00006000135008391223
2018-11-29,2Y,2,0.0003750396515737672
2018-11-29,3Y,3,0.0007001855908618975
2018-11-29,4Y,4,0.0011056976315084938
2018-11-29,5Y,5,0.0017321574501740278
2018-11-29,7Y,7,0.0034221967686289996
2018-11-29,10Y,10,0.006702558223946626
2018-11-29,15Y,15,0.011062021761043818
2018-11-29,20Y,20,0.012756786246763737
2018-11-29,25Y,25,0.012607895021366666
2018-11-29,30Y,30,0.012430884557302412
2018-11-30,1Y,1,0.00007000140009393447
2018-11-30,2Y,2,0.00038504031858812725
2018-11-30,3Y,3,0.0007302019439853708
2018-11-30,4Y,4,0.0012158450640111307
2018-11-30,5Y,5,0.0019025759618263214
2018-11-30,7Y,7,0.0035652899889029245
2018-11-30,10Y,10,0.006832421592472052
2018-11-30,15Y,15,0.011267189602282335
2018-11-30,20Y,20,0.012945383678754273
2018-11-30,25Y,25,0.012860656862317146
2018-11-30,30Y,30,0.012730150223794751
2018-12-03,1Y,1,0.00004000097505136682
2018-12-03,2Y,2,0.0003500371561526971
2018-12-03,3Y,3,0.0006001309688949266
2018-12-03,4Y,4,0.0010356474867034696
2018-12-03,5Y,5,0.0017922627513400845
2018-12-03,7Y,7,0.0035832741873369376
2018-12-03,10Y,10,0.0067441190638567496
2018-12-03,15Y,15,0.011336410724408318
2018-12-03,20Y,20,0.012998352297945055
2018-12-03,25Y,25,0.012964647222729168
2018-12-03,30Y,30,0.012802220591763674
2018-12-04,1Y,1,-0.000020000787541682636
2018-12-04,2Y,2,0.00026002542819465366
2018-12-04,3Y,3,0.0004400764081198061
2018-12-04,4Y,4,0.0007803912471764246
2018-12-04,5Y,5,0.001561743768887354
2018-12-04,7Y,7,0.0033314679655559723
2018-12-04,10Y,10,0.006511952115725233
2018-12-04,15Y,15,0.010973236575249725
2018-12-04,20Y,20,0.01254422900357622
2018-12-04,25Y,25,0.012402869428146179
2018-12-04,30Y,30,0.01219168877195661
2018-12-05,1Y,1,-0.000050002187616880284
2018-12-05,2Y,2,0.00013500822019596882
2018-12-05,3Y,3,0.0005301399188721563
2018-12-05,4Y,4,0.0010406023837222283
2018-12-05,5Y,5,0.0016219736560998002
2018-12-05,7Y,7,0.0033115483953067935
2018-12-05,10Y,10,0.006542838975946867
2018-12-05,15Y,15,0.010981261514226275
2018-12-05,20Y,20,0.01267075145690888
2018-12-05,25Y,25,0.0125141900598438
2018-12-05,30Y,30,0.012315061550407675
2018-12-06,1Y,1,-0.00013000666288943402
2018-12-06,2Y,2,0.0000800027603899896
2018-12-06,3Y,3,0.0004901152903372338
2018-12-06,4Y,4,0.0008904561874243951
2018-12-06,5Y,5,0.001411548759927786
2018-12-06,7Y,7,0.003092084043161035
2018-12-06,10Y,10,0.006393108295231809
2018-12-06,15Y,15,0.010968919696796461
2018-12-06,20Y,20,0.01263201005229245
2018-12-06,25Y,25,0.012555934650826918
2018-12-06,30Y,30,0.012437563065908264
2018-12-07,1Y,1,-0.00013000706918696523
2018-12-07,2Y,2,0.00016001388313927317
2018-12-07,3Y,3,0.0003900640739573632
2018-12-07,4Y,4,0.0007153489227728394
2018-12-07,5Y,5,0.001421473634860584
2018-12-07,7Y,7,0.0031301555905542526
2018-12-07,10Y,10,0.0064777061334367475
2018-12-07,15Y,15,0.011094389891502542
2018-12-07,20Y,20,0.012824729800983318
2018-12-07,25Y,25,0.012780525930111652
2018-12-07,30Y,30,0.012664462522835323
2018-12-10,1Y,1,-0.0001800097881422827
2018-12-10,2Y,2,0.000014994579622066692
2018-12-10,3Y,3,0.0002600267431940427
2018-12-10,4Y,4,0.0005902257503965403
2018-12-10,5Y,5,0.0011509715683427609
2018-12-10,7Y,7,0.002830190305981503
2018-12-10,10Y,10,0.0061446258900341565
2018-12-10,15Y,15,0.010679302415223704
2018-12-10,20Y,20,0.012373851469931006
2018-12-10,25Y,25,0.012412488890010988
2018-12-10,30Y,30,0.012397172879040907
2018-12-11,1Y,1,-0.0001300062565955761
2018-12-11,2Y,2,0.00010500593502840735
2018-12-11,3Y,3,0.00035005299412554176
2018-12-11,4Y,4,0.0007603775117279351
2018-12-11,5Y,5,0.0014314645418144316
2018-12-11,7Y,7,0.003059762447002924
2018-12-11,10Y,10,0.006280944776318084
2018-12-11,15Y,15,0.010824021619575588
2018-12-11,20Y,20,0.012471623615106472
2018-12-11,25Y,25,0.012493799687842493
2018-12-11,30Y,30,0.01246636961124189
2018-12-12,1Y,1,-0.00009000371267395606
2018-12-12,2Y,2,0.0001800164321868651
2018-12-12,3Y,3,0.0004700929560798425
2018-12-12,4Y,4,0.0008704793734326181
2018-12-12,5Y,5,0.0015717978267610168
2018-12-12,7Y,7,0.003212823119839086
2018-12-12,10Y,10,0.006508728790364358
2018-12-12,15Y,15,0.01092145539447412
2018-12-12,20Y,20,0.012647135203547863
2018-12-12,25Y,25,0.012597409192277573
2018-12-12,30Y,30,0.012479416604569938
2018-12-13,1Y,1,-0.00009000343139862227
2018-12-13,2Y,2,0.00014501112404065894
2018-12-13,3Y,3,0.00047009662530370425
2018-12-13,4Y,4,0.0008754664700979939
2018-12-13,5Y,5,0.0015417549591595675
2018-12-13,7Y,7,0.003190706484886301
2018-12-13,10Y,10,0.006508928351583292
2018-12-13,15Y,15,0.010921638075251327
2018-12-13,20Y,20,0.01264729309739919
2018-12-13,25Y,25,0.012597513879156681
2018-12-13,30Y,30,0.012479506967877271
2018-12-14,1Y,1,-0.00010000406268773505
2018-12-14,2Y,2,0.00009000432749655364
2018-12-14,3Y,3,0.00018001338740778903
2018-12-14,4Y,4,0.000485171564502425
2018-12-14,5Y,5,0.0012410412146467314
2018-12-14,7Y,7,0.00294079565574767
2018-12-14,10Y,10,0.00619578506070464
2018-12-14,15Y,15,0.010633495648487208
2018-12-14,20Y,20,0.012353043273124885
2018-12-14,25Y,25,0.012352011066174144
2018-12-14,30Y,30,0.012212486319814064
2018-12-17,1Y,1,-0.0001100040564247673
2018-12-17,2Y,2,0.00005500106202098003
2018-12-17,3Y,3,0.0003100432838843552
2018-12-17,4Y,4,0.0006652710812224617
2018-12-17,5Y,5,0.001331295007442937
2018-12-17,7Y,7,0.0030797762437882684
2018-12-17,10Y,10,0.006369567635563933
2018-12-17,15Y,15,0.010958182926336085
2018-12-17,20Y,20,0.012623825464850422
2018-12-17,25Y,25,0.012523428703704995
2018-12-17,30Y,30,0.012348688612653197
2018-12-18,1Y,1,-0.00014000533775743214
2018-12-18,2Y,2,-3.869062189420158e-9
2018-12-18,3Y,3,0.00012000293256304925
2018-12-18,4Y,4,0.00042512457009877323
2018-12-18,5Y,5,0.0011008102217272477
2018-12-18,7Y,7,0.0028802715437274214
2018-12-18,10Y,10,0.006195649274541774
2018-12-18,15Y,15,0.010681132694310085
2018-12-18,20Y,20,0.012285654799763852
2018-12-18,25Y,25,0.012231030292502379
2018-12-18,30Y,30,0.012100766349739117
2018-12-19,1Y,1,-0.00014000533775743214
2018-12-19,2Y,2,-0.00003000534059955539
2018-12-19,3Y,3,0.000059997292471375015
2018-12-19,4Y,4,0.0003550845846477679
2018-12-19,5Y,5,0.001010660681077229
2018-12-19,7Y,7,0.002829843183762181
2018-12-19,10Y,10,0.006195031153616821
2018-12-19,15Y,15,0.010553635225870012
2018-12-19,20Y,20,0.012107337240557712
2018-12-19,25Y,25,0.012043958549962056
2018-12-19,30Y,30,0.01192358701187136
2018-12-20,1Y,1,-0.00018000810048601385
2018-12-20,2Y,2,-0.000015007280782360836
2018-12-20,3Y,3,0.00016000492745341913
2018-12-20,4Y,4,0.00033007683135445474
2018-12-20,5Y,5,0.0008905816114490649
2018-12-20,7Y,7,0.0025846111992561603
2018-12-20,10Y,10,0.005855096625389931
2018-12-20,15Y,15,0.009764843871922415
2018-12-20,20Y,20,0.01116873098519772
2018-12-20,25Y,25,0.011018160153817756
2018-12-20,30Y,30,0.010846810120459512
2018-12-21,1Y,1,-0.000060001087523802906
2018-12-21,2Y,2,0.00009500510106708702
2018-12-21,3Y,3,0.0002600263184476568
2018-12-21,4Y,4,0.0005401889697617356
2018-12-21,5Y,5,0.0011809833742085854
2018-12-21,7Y,7,0.002880413302036565
2018-12-21,10Y,10,0.006174632390891862
2018-12-21,15Y,15,0.010190081757913175
2018-12-21,20Y,20,0.011699841587586059
2018-12-21,25Y,25,0.011550553808625089
2018-12-21,30Y,30,0.011414307353953674
2018-12-24,1Y,1,-0.000060000900017964956
2018-12-24,2Y,2,0.00009000478165380498
2018-12-24,3Y,3,0.00020001378952391128
2018-12-24,4Y,4,0.00046514981890122373
2018-12-24,5Y,5,0.0011809488890970963
2018-12-24,7Y,7,0.002840177006000287
2018-12-24,10Y,10,0.006177555387451682
2018-12-24,15Y,15,0.010169279908743672
2018-12-24,20Y,20,0.011692792582213316
2018-12-24,25Y,25,0.01151775075106769
2018-12-24,30Y,30,0.011325696539461244
2018-12-25,1Y,1,-0.0001100030251109618
2018-12-25,2Y,2,-0.0001100030251108537
2018-12-25,3Y,3,-0.00001000669038828819
2018-12-25,4Y,4,0.00014000075471098564
2018-12-25,5Y,5,0.0008104442177038103
2018-12-25,7Y,7,0.0026165955592283826
2018-12-25,10Y,10,0.005929621021209301
2018-12-25,15Y,15,0.009939196755281578
2018-12-25,20Y,20,0.011445670634470398
2018-12-25,25Y,25,0.011296166824366814
2018-12-25,30Y,30,0.011160049967861841
2018-12-26,1Y,1,-0.00007000122502858913
2018-12-26,2Y,2,-0.00005500147720620176
2018-12-26,3Y,3,0.00015001153992106876
2018-12-26,4Y,4,0.0005401511355343082
2018-12-26,5Y,5,0.0011208788886105966
2018-12-26,7Y,7,0.002807981574061977
2018-12-26,10Y,10,0.006086299802434209
2018-12-26,15Y,15,0.010162431318988568
2018-12-26,20Y,20,0.011628263201931471
2018-12-26,25Y,25,0.011487062692351545
2018-12-26,30Y,30,0.011350806112673872
2018-12-27,1Y,1,-0.000060000900017964956
2018-12-27,2Y,2,0.00004500127552558831
2018-12-27,3Y,3,0.00014000718555330017
2018-12-27,4Y,4,0.0003851002646011467
2018-12-27,5Y,5,0.001000676378099361
2018-12-27,7Y,7,0.0027272879448570764
2018-12-27,10Y,10,0.005980590464379747
2018-12-27,15Y,15,0.00988385272410968
2018-12-27,20Y,20,0.011331946618982331
2018-12-27,25Y,25,0.011203177697361868
2018-12-27,30Y,30,0.011099154513937625
2018-12-28,1Y,1,-0.00007000100627290542
2018-12-28,2Y,2,-0.00007500111299772795
2018-12-28,3Y,3,-0.000010002800034105956
2018-12-28,4Y,4,0.0002800393346200972
2018-12-28,5Y,5,0.0008604587222065009
2018-12-28,7Y,7,0.0025783684843325976
2018-12-28,10Y,10,0.005813923597611185
2018-12-28,15Y,15,0.009838726968796965
2018-12-28,20Y,20,0.011172018426368686
2018-12-28,25Y,25,0.011020056534137975
2018-12-28,30Y,30,0.010903926309894996
2018-12-31,1Y,1,-0.00013000341264432825
2018-12-31,2Y,2,-5.003212080114103e-6
2018-12-31,3Y,3,0.00017000873886783768
2018-12-31,4Y,4,0.00041010991784516
2018-12-31,5Y,5,0.0009206009057450225
2018-12-31,7Y,7,0.0026468321485995146
2018-12-31,10Y,10,0.005902323763564718
2018-12-31,15Y,15,0.009866500737934939
2018-12-31,20Y,20,0.011243561099614698
2018-12-31,25Y,25,0.011117306033051234
2018-12-31,30Y,30,0.011035013353592126
2019-01-01,1Y,1,-0.00013000341264432825
2019-01-01,2Y,2,-5.003212080114103e-6
2019-01-01,3Y,3,0.00017000873886783768
2019-01-01,4Y,4,0.00041010991784516
2019-01-01,5Y,5,0.0009206009057450225
2019-01-01,7Y,7,0.0026468321485995146
2019-01-01,10Y,10,0.005902323763564718
2019-01-01,15Y,15,0.009866500737934939
2019-01-01,20Y,20,0.011243561099614698
2019-01-01,25Y,25,0.011117306033051234
2019-01-01,30Y,30,0.011035013353592126
2019-01-02,1Y,1,-0.00013000341264432825
2019-01-02,2Y,2,-0.0001400038054997113
2019-01-02,3Y,3,-0.00003000970192244953
2019-01-02,4Y,4,0.00029503162625265945
2019-01-02,5Y,5,0.0008804781252007877
2019-01-02,7Y,7,0.002586487247862617
2019-01-02,10Y,10,0.00580401674149098
2019-01-02,15Y,15,0.009732527213930454
2019-01-02,20Y,20,0.01114799755077897
2019-01-02,25Y,25,0.011010061681080334
2019-01-02,30Y,30,0.01087240054019814
2019-01-03,1Y,1,-0.00013000341264432825
2019-01-03,2Y,2,0.00002499880704417298
2019-01-03,3Y,3,-0.00002999879993281681
2019-01-03,4Y,4,0.00013002250839385518
2019-01-03,5Y,5,0.0008804275644318256
2019-01-03,7Y,7,0.0025863904335668357
2019-01-03,10Y,10,0.005803880407765637
2019-01-03,15Y,15,0.00973239271298809
2019-01-03,20Y,20,0.011147891916000713
2019-01-03,25Y,25,0.011009987884310141
2019-01-03,30Y,30,0.010872341243820504
2019-01-04,1Y,1,-0.00014000315015384138
2019-01-04,2Y,2,0.00003499976663866517
2019-01-04,3Y,3,0.000160005287673865
2019-01-04,4Y,4,0.0003400912503219846
2019-01-04,5Y,5,0.000940604613784563
2019-01-04,7Y,7,0.00254638568933904
2019-01-04,10Y,10,0.005566159346263788
2019-01-04,15Y,15,0.009358165837629995
2019-01-04,20Y,20,0.010611031560580604
2019-01-04,25Y,25,0.010437020543946926
2019-01-04,30Y,30,0.010207681357547255
2019-01-07,1Y,1,-0.00014000315015384138
2019-01-07,2Y,2,-0.000055005530321139676
2019-01-07,3Y,3,0.00012000069698971288
2019-01-07,4Y,4,0.0003550762409244224
2019-01-07,5Y,5,0.0009205915552921475
2019-01-07,7Y,7,0.002554465312384345
2019-01-07,10Y,10,0.005654446070493546
2019-01-07,15Y,15,0.009550872190503747
2019-01-07,20Y,20,0.010830071559866625
2019-01-07,25Y,25,0.010634702514913531
2019-01-07,30Y,30,0.010449951666099338
2019-01-08,1Y,1,-0.00011000268134602948
2019-01-08,2Y,2,0.000019998959273791332
2019-01-08,3Y,3,0.00015000703189144257
2019-01-08,4Y,4,0.00043012646376393906
2019-01-08,5Y,5,0.0011308670183435073
2019-01-08,7Y,7,0.002737586335425983
2019-01-08,10Y,10,0.005875479951631846
2019-01-08,15Y,15,0.009625980283365723
2019-01-08,20Y,20,0.010921342837938351
2019-01-08,25Y,25,0.010828166316013682
2019-01-08,30Y,30,0.0107109194879085
2019-01-09,1Y,1,-0.00009000202506069549
2019-01-09,2Y,2,0.000014999136496676991
2019-01-09,3Y,3,0.00023002305902089144
2019-01-09,4Y,4,0.0006052189466578625
2019-01-09,5Y,5,0.0011809807939274631
2019-01-09,7Y,7,0.0028401922004989725
2019-01-09,10Y,10,0.005991115779799166
2019-01-09,15Y,15,0.009716590678044663
2019-01-09,20Y,20,0.011101728968073384
2019-01-09,25Y,25,0.010935134450849471
2019-01-09,30Y,30,0.010817459729325097
2019-01-10,1Y,1,-0.00013000300638066792
2019-01-10,2Y,2,-0.0000250040306508008
2019-01-10,3Y,3,0.00011000090104712881
2019-01-10,4Y,4,0.0003500816379244259
2019-01-10,5Y,5,0.0009806508065827286
2019-01-10,7Y,7,0.002699178050846811
2019-01-10,10Y,10,0.0058647817674460185
2019-01-10,15Y,15,0.009566675592447064
2019-01-10,20Y,20,0.010884600431214909
2019-01-10,25Y,25,0.010831436572338666
2019-01-10,30Y,30,0.01072620698024752
2019-01-11,1Y,1,-0.00014000271264529682
2019-01-11,2Y,2,-0.00018000263477258702
2019-01-11,3Y,3,0.000039989968551230835
2019-01-11,4Y,4,0.0004000566718523491
2019-01-11,5Y,5,0.0009706388984968335
2019-01-11,7Y,7,0.0025846886946627214
2019-01-11,10Y,10,0.00566891041877676
2019-01-11,15Y,15,0.00929686875800568
2019-01-11,20Y,20,0.010776179849735789
2019-01-11,25Y,25,0.010647880256318092
2019-01-11,30Y,30,0.010530945239299089
2019-01-14,1Y,1,-0.00014000271264529682
2019-01-14,2Y,2,-0.0001050057078776683
2019-01-14,3Y,3,0.000039993065940978475
2019-01-14,4Y,4,0.00032505456991716996
2019-01-14,5Y,5,0.0009706140151331512
2019-01-14,7Y,7,0.0025846456599890374
2019-01-14,10Y,10,0.005668850831902756
2019-01-14,15Y,15,0.009296811510421612
2019-01-14,20Y,20,0.010776133724538044
2019-01-14,25Y,25,0.01064784813057024
2019-01-14,30Y,30,0.010530919353588014
2019-01-15,1Y,1,-0.00014000315015384138
2019-01-15,2Y,2,-0.00011500563023927624
2019-01-15,3Y,3,0.00001999187421037933
2019-01-15,4Y,4,0.0003150476596048826
2019-01-15,5Y,5,0.0009305564498027473
2019-01-15,7Y,7,0.002596607974579786
2019-01-15,10Y,10,0.005709153872475054
2019-01-15,15Y,15,0.009421776941441234
2019-01-15,20Y,20,0.010750333811096555
2019-01-15,25Y,25,0.010702888071434094
2019-01-15,30Y,30,0.010619574089157957
2019-01-16,1Y,1,-0.0001800052878296182
2019-01-16,2Y,2,-0.00022000535760175868
2019-01-16,3Y,3,-0.00008001932521253241
2019-01-16,4Y,4,0.0003100151734877835
2019-01-16,5Y,5,0.0009505272463080268
2019-01-16,7Y,7,0.002516299071074369
2019-01-16,10Y,10,0.005746246663713748
2019-01-16,15Y,15,0.009502514472580676
2019-01-16,20Y,20,0.010847588649866848
2019-01-16,25Y,25,0.010814309805954787
2019-01-16,30Y,30,0.010720964442879866
2019-01-17,1Y,1,-0.00023000819442052295
2019-01-17,2Y,2,-0.0002350127507867518
2019-01-17,3Y,3,-0.00007002680509063782
2019-01-17,4Y,4,0.0002149879733274342
2019-01-17,5Y,5,0.0007803527369979822
2019-01-17,7Y,7,0.0025782885254073606
2019-01-17,10Y,10,0.00579352983399527
2019-01-17,15Y,15,0.009517669391240845
2019-01-17,20Y,20,0.010919386402002422
2019-01-17,25Y,25,0.01084833940907639
2019-01-17,30Y,30,0.010732995643052084
2019-01-18,1Y,1,-0.00026001283859662655
2019-01-18,2Y,2,-0.0002700161059082772
2019-01-18,3Y,3,-0.0000600369990718576
2019-01-18,4Y,4,0.000325003536930256
2019-01-18,5Y,5,0.000950550829116532
2019-01-18,7Y,7,0.0027775411223534474
2019-01-18,10Y,10,0.005971438174846884
2019-01-18,15Y,15,0.009689962256178977
2019-01-18,20Y,20,0.011108931829338012
2019-01-18,25Y,25,0.01098626252740844
2019-01-18,30Y,30,0.010892220598484758
2019-01-21,1Y,1,-0.000350019689904236
2019-01-21,2Y,2,-0.0003400313559674132
2019-01-21,3Y,3,-0.00011005899494619228
2019-01-21,4Y,4,0.00023995444376847389
2019-01-21,5Y,5,0.0009104527089250304
2019-01-21,7Y,7,0.0027573955230446425
2019-01-21,10Y,10,0.005947873756705257
2019-01-21,15Y,15,0.009757210613747833
2019-01-21,20Y,20,0.011196688858915536
2019-01-21,25Y,25,0.011155108537142064
2019-01-21,30Y,30,0.011118698964927183
2019-01-22,1Y,1,-0.00026001202604550636
2019-01-22,2Y,2,-0.00033500899093279586
2019-01-22,3Y,3,-0.0001200436214011325
2019-01-22,4Y,4,0.00028496287418009717
2019-01-22,5Y,5,0.0008303872789795732
2019-01-22,7Y,7,0.002656747314773259
2019-01-22,10Y,10,0.005879161350154854
2019-01-22,15Y,15,0.00951781530199239
2019-01-22,20Y,20,0.010999505197921885
2019-01-22,25Y,25,0.01095770132670537
2019-01-22,30Y,30,0.01085435908693617
2019-01-23,1Y,1,-0.00025001250101814947
2019-01-23,2Y,2,-0.0002100180869205998
2019-01-23,3Y,3,-0.0001300231757679538
2019-01-23,4Y,4,0.00016497994974247983
2019-01-23,5Y,5,0.0008003188065555061
2019-01-23,7Y,7,0.0025381134758386196
2019-01-23,10Y,10,0.005749970178247801
2019-01-23,15Y,15,0.00943890687602568
2019-01-23,20Y,20,0.010820604736017647
2019-01-23,25Y,25,0.010750464441379276
2019-01-23,30Y,30,0.010678646933128682
2019-01-24,1Y,1,-0.00029001649531244696
2019-01-24,2Y,2,-0.00028502150160369255
2019-01-24,3Y,3,-0.00019003322538210386
2019-01-24,4Y,4,0.00012994560780654751
2019-01-24,5Y,5,0.0007802616083746334
2019-01-24,7Y,7,0.002457762604407939
2019-01-24,10Y,10,0.005699020877571939
2019-01-24,15Y,15,0.009328945448571484
2019-01-24,20Y,20,0.010704182356509835
2019-01-24,25Y,25,0.010643114336578644
2019-01-24,30Y,30,0.010593084892060588
2019-01-25,1Y,1,-0.0003200196020574014
2019-01-25,2Y,2,-0.00039501631180025937
2019-01-25,3Y,3,-0.00016006302188244865
2019-01-25,4Y,4,0.00019991640100386636
2019-01-25,5Y,5,0.0006902318830432853
2019-01-25,7Y,7,0.002447639899317004
2019-01-25,10Y,10,0.005542987613992579
2019-01-25,15Y,15,0.009285182677445502
2019-01-25,20Y,20,0.010599315953176171
2019-01-25,25Y,25,0.01050129077793452
2019-01-25,30Y,30,0.010384158504882062
2019-01-28,1Y,1,-0.0003200196020574014
2019-01-28,2Y,2,-0.00030502699062265554
2019-01-28,3Y,3,-0.00022003596064918698
2019-01-28,4Y,4,0.00003492714539307895
2019-01-28,5Y,5,0.000660134650702624
2019-01-28,7Y,7,0.0023370489779344617
2019-01-28,10Y,10,0.005600319696472773
2019-01-28,15Y,15,0.009252726509987777
2019-01-28,20Y,20,0.010563343842888595
2019-01-28,25Y,25,0.01042564686778285
2019-01-28,30Y,30,0.0103516597182458
2019-01-29,1Y,1,-0.00027001485130414367
2019-01-29,2Y,2,-0.0003950020691112881
2019-01-29,3Y,3,-0.00015005529702330966
2019-01-29,4Y,4,0.00028493098119970815
2019-01-29,5Y,5,0.0007503078679024977
2019-01-29,7Y,7,0.0024276957864751538
2019-01-29,10Y,10,0.005634298582480785
2019-01-29,15Y,15,0.009312073043924882
2019-01-29,20Y,20,0.010614020839725888
2019-01-29,25Y,25,0.010478238460084194
2019-01-29,30Y,30,0.010404257494718412
2019-01-30,1Y,1,-0.00027001485130414367
2019-01-30,2Y,2,-0.0003200132278238381
2019-01-30,3Y,3,-0.00005004579474984333
2019-01-30,4Y,4,0.00030997666508933354
2019-01-30,5Y,5,0.0007703835656077607
2019-01-30,7Y,7,0.0024558687048502757
2019-01-30,10Y,10,0.005712539240515728
2019-01-30,15Y,15,0.009367379380661872
2019-01-30,20Y,20,0.010733757630202583
2019-01-30,25Y,25,0.01060730255548983
2019-01-30,30Y,30,0.010490000588907332
2019-01-31,1Y,1,-0.0003100172455326684
2019-01-31,2Y,2,-0.0003900142457751787
2019-01-31,3Y,3,-0.0002700427743324099
2019-01-31,4Y,4,0.0000598977292527006
2019-01-31,5Y,5,0.0006100793070111736
2019-01-31,7Y,7,0.0022747241932686174
2019-01-31,10Y,10,0.005427626699839545
2019-01-31,15Y,15,0.009057240311206562
2019-01-31,20Y,20,0.0104179057577027
2019-01-31,25Y,25,0.010274681536649706
2019-01-31,30Y,30,0.010167557899653023
2019-02-01,1Y,1,-0.0003600222777151963
2019-02-01,2Y,2,-0.0003450337746599531
2019-02-01,3Y,3,-0.0002400445614706405
2019-02-01,4Y,4,4.910308659649982e-6
2019-02-01,5Y,5,0.0006300868571059485
2019-02-01,7Y,7,0.0022747683508113122
2019-02-01,10Y,10,0.0053630769305879926
2019-02-01,15Y,15,0.008941297591713214
2019-02-01,20Y,20,0.010086762173349627
2019-02-01,25Y,25,0.00995778851702227
2019-02-01,30Y,30,0.009892273305584846
2019-02-04,1Y,1,-0.00034001933975124206
2019-02-04,2Y,2,-0.00032503014392847506
2019-02-04,3Y,3,-0.00020004388853398766
2019-02-04,4Y,4,0.00004992468374046585
2019-02-04,5Y,5,0.0006001009103937989
2019-02-04,7Y,7,0.0022967702479123287
2019-02-04,10Y,10,0.005389867130074545
2019-02-04,15Y,15,0.008969569186141717
2019-02-04,20Y,20,0.010065552295998169
2019-02-04,25Y,25,0.009868664884347865
2019-02-04,30Y,30,0.00975789247898141
2019-02-05,1Y,1,-0.00030001593910131136
2019-02-05,2Y,2,-0.0003650151159844611
2019-02-05,3Y,3,-0.0002200444700608116
2019-02-05,4Y,4,0.00010491498580526089
2019-02-05,5Y,5,0.0006401383894582731
2019-02-05,7Y,7,0.002236657366725366
2019-02-05,10Y,10,0.005345858214625008
2019-02-05,15Y,15,0.008814731561929329
2019-02-05,20Y,20,0.00998542842750934
2019-02-05,25Y,25,0.009749269441486585
2019-02-05,30Y,30,0.009626981405382457
2019-02-06,1Y,1,-0.0003100162767184526
2019-02-06,2Y,2,-0.00039501349994332843
2019-02-06,3Y,3,-0.0002100531738399757
2019-02-06,4Y,4,0.00010990618126496251
2019-02-06,5Y,5,0.00055008768907943
2019-02-06,7Y,7,0.0022746425645622935
2019-02-06,10Y,10,0.005362897489130268
2019-02-06,15Y,15,0.008807532024616059
2019-02-06,20Y,20,0.009987455648096524
2019-02-06,25Y,25,0.009749428642797412
2019-02-06,30Y,30,0.009627123949401396
2019-02-07,1Y,1,-0.00030001593910131136
2019-02-07,2Y,2,-0.00029002329977386717
2019-02-07,3Y,3,-0.00022002836705037218
2019-02-07,4Y,4,0.00007993680165087672
2019-02-07,5Y,5,0.0007301856716856887
2019-02-07,7Y,7,0.0023471978614488884
2019-02-07,10Y,10,0.0055831346236472415
2019-02-07,15Y,15,0.009026736228295924
2019-02-07,20Y,20,0.010220176592626319
2019-02-07,25Y,25,0.009996608746376106
2019-02-07,30Y,30,0.009864027812762211
2019-02-08,1Y,1,-0.0003600222777151963
2019-02-08,2Y,2,-0.0004650170515489253
2019-02-08,3Y,3,-0.0003200580853002581
2019-02-08,4Y,4,0.00002485932857413482
2019-02-08,5Y,5,0.0005600014364268116
2019-02-08,7Y,7,0.0021240920656968635
2019-02-08,10Y,10,0.005379443246124445
2019-02-08,15Y,15,0.008733551042938992
2019-02-08,20Y,20,0.009990914751032209
2019-02-08,25Y,25,0.009729980075881535
2019-02-08,30Y,30,0.009586030690383551
2019-02-11,1Y,1,-0.0003600222777151963
2019-02-11,2Y,2,-0.0003900287894127794
2019-02-11,3Y,3,-0.00032003702930331207
2019-02-11,4Y,4,-0.000050111935893590634
2019-02-11,5Y,5,0.0005599833838429579
2019-02-11,7Y,7,0.0021240514910270156
2019-02-11,10Y,10,0.005379382726350679
2019-02-11,15Y,15,0.008733495876835879
2019-02-11,20Y,20,0.009990871682777801
2019-02-11,25Y,25,0.00972995110478353
2019-02-11,30Y,30,0.009586007674860253
2019-02-12,1Y,1,-0.0003200176019068587
2019-02-12,2Y,2,-0.0002850283104612897
2019-02-12,3Y,3,-0.00016003931899222608
2019-02-12,4Y,4,0.00012994906597275674
2019-02-12,5Y,5,0.0007502447553422655
2019-02-12,7Y,7,0.0023874240380607477
2019-02-12,10Y,10,0.005542766870375535
2019-02-12,15Y,15,0.009013938753198825
2019-02-12,20Y,20,0.010172237770855134
2019-02-12,25Y,25,0.009963473250595788
2019-02-12,30Y,30,0.009852646065020128
2019-02-13,1Y,1,-0.0002900128700871865
2019-02-13,2Y,2,-0.00026002292328961
2019-02-13,3Y,3,-0.00013003294626073413
2019-02-13,4Y,4,0.0001849717542763036
2019-02-13,5Y,5,0.0008703797914734238
2019-02-13,7Y,7,0.0024559185890542113
2019-02-13,10Y,10,0.005712608419323561
2019-02-13,15Y,15,0.00923179739126868
2019-02-13,20Y,20,0.010465605531871893
2019-02-13,25Y,25,0.01022210770756981
2019-02-13,30Y,30,0.010100843996438208
2019-02-14,1Y,1,-0.0003500142209491423
2019-02-14,2Y,2,-0.0003500295951788538
2019-02-14,3Y,3,-0.0001900463124589394
2019-02-14,4Y,4,0.00007492397314190442
2019-02-14,5Y,5,0.0006901625391636866
2019-02-14,7Y,7,0.002254800890807923
2019-02-14,10Y,10,0.005613255371181553
2019-02-14,15Y,15,0.009010983984345772
2019-02-14,20Y,20,0.010285207178047305
2019-02-14,25Y,25,0.010086388932538411
2019-02-14,30Y,30,0.009998898573541226
2019-02-15,1Y,1,-0.0003500175022918609
2019-02-15,2Y,2,-0.0004700128465837196
2019-02-15,3Y,3,-0.00025006755363901883
2019-02-15,4Y,4,0.0001098721734492007
2019-02-15,5Y,5,0.0006301058644233655
2019-02-15,7Y,7,0.0024273666836179234
2019-02-15,10Y,10,0.005613582030301299
2019-02-15,15Y,15,0.009009546827133598
2019-02-15,20Y,20,0.010171565545082192
2019-02-15,25Y,25,0.009876310753169573
2019-02-15,30Y,30,0.009698433284806551
2019-02-18,1Y,1,-0.00041002665383943726
2019-02-18,2Y,2,-0.00047003323556405244
2019-02-18,3Y,3,-0.00019009103010295282
2019-02-18,4Y,4,0.00016487656136981272
2019-02-18,5Y,5,0.0007202121411165007
2019-02-18,7Y,7,0.0024376730606182123
2019-02-18,10Y,10,0.005610847145805083
2019-02-18,15Y,15,0.00903036493311861
2019-02-18,20Y,20,0.010178777722311646
2019-02-18,25Y,25,0.009908740115054836
2019-02-18,30Y,30,0.009785860620689351
2019-02-19,1Y,1,-0.00039001974684280274
2019-02-19,2Y,2,-0.0005550089927439792
2019-02-19,3Y,3,-0.0003700679490590626
2019-02-19,4Y,4,0.00002481692897227095
2019-02-19,5Y,5,0.0005799626738989521
2019-02-19,7Y,7,0.002284663213098246
2019-02-19,10Y,10,0.0053498732531309075
2019-02-19,15Y,15,0.00882734808392617
2019-02-19,20Y,20,0.009994618554525516
2019-02-19,25Y,25,0.009673165822880747
2019-02-19,30Y,30,0.00948395127012782
2019-02-20,1Y,1,-0.00041002152858385734
2019-02-20,2Y,2,-0.0005200239492557823
2019-02-20,3Y,3,-0.0003900533690904171
2019-02-20,4Y,4,-0.000030172102190425686
2019-02-20,5Y,5,0.0006199466035866804
2019-02-20,7Y,7,0.0022846825075964272
2019-02-20,10Y,10,0.005322757816543817
2019-02-20,15Y,15,0.008746699024382215
2019-02-20,20Y,20,0.009859848389912744
2019-02-20,25Y,25,0.009531782495985327
2019-02-20,30Y,30,0.00935274041747386
2019-02-21,1Y,1,-0.00039001852805949387
2019-02-21,2Y,2,-0.00048502336300756824
2019-02-21,3Y,3,-0.00033005621354961827
2019-02-21,4Y,4,-0.00002514367154528459
2019-02-21,5Y,5,0.00059999199552045
2019-02-21,7Y,7,0.0023248305496308195
2019-02-21,10Y,10,0.0052177216792297695
2019-02-21,15Y,15,0.008639603302527742
2019-02-21,20Y,20,0.009654346603335782
2019-02-21,25Y,25,0.00930325417614241
2019-02-21,30Y,30,0.009122901790034877
2019-02-22,1Y,1,-0.00039001852805949387
2019-02-22,2Y,2,-0.0005750041920226163
2019-02-22,3Y,3,-0.0004300532349720461
2019-02-22,4Y,4,-0.000060190182449995546
2019-02-22,5Y,5,0.0005498872159211564
2019-02-22,7Y,7,0.002174148991205231
2019-02-22,10Y,10,0.005173423637289103
2019-02-22,15Y,15,0.008587951962299388
2019-02-22,20Y,20,0.009592790018746477
2019-02-22,25Y,25,0.009305999212257436
2019-02-22,30Y,30,0.009137511748849098
2019-02-25,1Y,1,-0.00038001829034744897
2019-02-25,2Y,2,-0.0005600040337837743
2019-02-25,3Y,3,-0.00030008449424366406
2019-02-25,4Y,4,0.00014982538467019709
2019-02-25,5Y,5,0.0006500808081997381
2019-02-25,7Y,7,0.002387225294759774
2019-02-25,10Y,10,0.005231507535538574
2019-02-25,15Y,15,0.008734218328585886
2019-02-25,20Y,20,0.009660704778236578
2019-02-25,25Y,25,0.009344981133351988
2019-02-25,30Y,30,0.00916460941892245
2019-02-26,1Y,1,-0.0004300220415895572
2019-02-26,2Y,2,-0.00055002527290303
2019-02-26,3Y,3,-0.0003700707633108112
2019-02-26,4Y,4,0.000024813598790345047
2019-02-26,5Y,5,0.0006800011182837544
2019-02-26,7Y,7,0.002377154924142519
2019-02-26,10Y,10,0.005363776842015784
2019-02-26,15Y,15,0.00882644042932985
2019-02-26,20Y,20,0.009906345243118713
2019-02-26,25Y,25,0.009551122872390263
2019-02-26,30Y,30,0.009338634320614648
2019-02-27,1Y,1,-0.00044002090434940835
2019-02-27,2Y,2,-0.0005400308959638377
2019-02-27,3Y,3,-0.0003600693477343942
2019-02-27,4Y,4,0.00005981871170373967
2019-02-27,5Y,5,0.0008301157803066567
2019-02-27,7Y,7,0.0025762511700355827
2019-02-27,10Y,10,0.005577534817051768
2019-02-27,15Y,15,0.008985951127222683
2019-02-27,20Y,20,0.010025145779426679
2019-02-27,25Y,25,0.009710723687292363
2019-02-27,30Y,30,0.009531220412364906
2019-02-28,1Y,1,-0.0004100189660271546
2019-02-28,2Y,2,-0.00048503008696042054
2019-02-28,3Y,3,-0.00027007296205604767
2019-02-28,4Y,4,0.0002248755427417692
2019-02-28,5Y,5,0.0010704688629743482
2019-02-28,7Y,7,0.0028178892113668932
2019-02-28,10Y,10,0.005778793652354563
2019-02-28,15Y,15,0.009186412645283762
2019-02-28,20Y,20,0.010275696328162122
2019-02-28,25Y,25,0.009976799867637042
2019-02-28,30Y,30,0.009808625728214981
2019-03-01,1Y,1,-0.00039001487177754994
2019-03-01,2Y,2,-0.00048502298245267547
2019-03-01,3Y,3,-0.0001900816743095387
2019-03-01,4Y,4,0.0002598950062095357
2019-03-01,5Y,5,0.0010305219683425944
2019-03-01,7Y,7,0.002910313302350675
2019-03-01,10Y,10,0.005765348888072957
2019-03-01,15Y,15,0.009234399151140816
2019-03-01,20Y,20,0.010330693864487829
2019-03-01,25Y,25,0.01007454201705071
2019-03-01,30Y,30,0.009918162769729472
2019-03-04,1Y,1,-0.0003500120334380453
2019-03-04,2Y,2,-0.000525001336751011
2019-03-04,3Y,3,-0.0003300569135490437
2019-03-04,4Y,4,0.00008984311553548096
2019-03-04,5Y,5,0.0008301919697456237
2019-03-04,7Y,7,0.0031590923269710415
2019-03-04,10Y,10,0.005881429128803104
2019-03-04,15Y,15,0.009332953146700886
2019-03-04,20Y,20,0.010516083612805111
2019-03-04,25Y,25,0.010304486026617328
2019-03-04,30Y,30,0.01014968190873336
2019-03-05,1Y,1,-0.0003200096016748505
2019-03-05,2Y,2,-0.0004000151233752027
2019-03-05,3Y,3,-0.00016005451143958802
2019-03-05,4Y,4,0.00030494936989576625
2019-03-05,5Y,5,0.0010505713124735303
2019-03-05,7Y,7,0.002938473529502601
2019-03-05,10Y,10,0.0059316013355361335
2019-03-05,15Y,15,0.009404137843978647
2019-03-05,20Y,20,0.010600162121552036
2019-03-05,25Y,25,0.01036756937920651
2019-03-05,30Y,30,0.010212664602822835
2019-03-06,1Y,1,-0.0003600132773798571
2019-03-06,2Y,2,-0.0004900121070357871
2019-03-06,3Y,3,-0.00036004045298613043
2019-03-06,4Y,4,0.00010985150721875539
2019-03-06,5Y,5,0.0008401489482829669
2019-03-06,7Y,7,0.0026867050833927347
2019-03-06,10Y,10,0.005659608130448317
2019-03-06,15Y,15,0.009101913150282494
2019-03-06,20Y,20,0.010179217195843405
2019-03-06,25Y,25,0.009949326986816987
2019-03-06,30Y,30,0.00984818656266348
2019-03-07,1Y,1,-0.00038001472779893144
2019-03-07,2Y,2,-0.0005750003527799426
2019-03-07,3Y,3,-0.0005000189483998448
2019-03-07,4Y,4,-0.00005020406454343655
2019-03-07,5Y,5,0.0006998993578888737
2019-03-07,7Y,7,0.0024854906878399538
2019-03-07,10Y,10,0.005495672724034989
2019-03-07,15Y,15,0.008786967818690428
2019-03-07,20Y,20,0.009895534810428345
2019-03-07,25Y,25,0.009616373649043653
2019-03-07,30Y,30,0.009415815942349526
2019-03-08,1Y,1,-0.0004300206978167065
2019-03-08,2Y,2,-0.0005700208722188484
2019-03-08,3Y,3,-0.0004300550967347182
2019-03-08,4Y,4,-0.00003520015347485488
2019-03-08,5Y,5,0.0006799377688776805
2019-03-08,7Y,7,0.0023369840215144142
2019-03-08,10Y,10,0.005312485288519059
2019-03-08,15Y,15,0.008605009362316784
2019-03-08,20Y,20,0.00959324815570072
2019-03-08,25Y,25,0.009347205136922193
2019-03-08,30Y,30,0.009178834284119215
2019-03-11,1Y,1,-0.0004100189660271546
2019-03-11,2Y,2,-0.0006349963872268244
2019-03-11,3Y,3,-0.00041008130676623955
2019-03-11,4Y,4,0.00007476886783814424
2019-03-11,5Y,5,0.0006699844035842003
2019-03-11,7Y,7,0.0024072641496806334
2019-03-11,10Y,10,0.005282488112461482
2019-03-11,15Y,15,0.008622583018940602
2019-03-11,20Y,20,0.009614984964738829
2019-03-11,25Y,25,0.009368134842759493
2019-03-11,30Y,30,0.009199755168028638
2019-03-12,1Y,1,-0.00040001875328585023
2019-03-12,2Y,2,-0.0005450149659313155
2019-03-12,3Y,3,-0.00046003177535293107
2019-03-12,4Y,4,-0.00006518808913408931
2019-03-12,5Y,5,0.0006799163669283163
2019-03-12,7Y,7,0.002336945404741738
2019-03-12,10Y,10,0.0053227879296036925
2019-03-12,15Y,15,0.008687310150340109
2019-03-12,20Y,20,0.009737112327704783
2019-03-12,25Y,25,0.00943345979150127
2019-03-12,30Y,30,0.0092430969415637
2019-03-13,1Y,1,-0.0004600227174688582
2019-03-13,2Y,2,-0.0006999993327991297
2019-03-13,3Y,3,-0.0004600957709651041
2019-03-13,4Y,4,-0.00002526755104743201
2019-03-13,5Y,5,0.0005298327845045707
2019-03-13,7Y,7,0.0022945456829533604
2019-03-13,10Y,10,0.005184240956846887
2019-03-13,15Y,15,0.008541256281294735
2019-03-13,20Y,20,0.009540529435776726
2019-03-13,25Y,25,0.009196462841264609
2019-03-13,30Y,30,0.008983215195324834
2019-03-14,1Y,1,-0.0004600227174688582
2019-03-14,2Y,2,-0.0006550123182174194
2019-03-14,3Y,3,-0.0005200538706794998
2019-03-14,4Y,4,-0.00009525081071084227
2019-03-14,5Y,5,0.0005897863237094891
2019-03-14,7Y,7,0.002294569421050098
2019-03-14,10Y,10,0.005184272168906512
2019-03-14,15Y,15,0.008541285327941447
2019-03-14,20Y,20,0.009486573626491492
2019-03-14,25Y,25,0.009164739003166587
2019-03-14,30Y,30,0.009027704927065682
2019-03-15,1Y,1,-0.00043001935405631255
2019-03-15,2Y,2,-0.0006200087643683801
2019-03-15,3Y,3,-0.0005700105450951423
2019-03-15,4Y,4,-0.00021520890611150575
2019-03-15,5Y,5,0.0005197027188338537
2019-03-15,7Y,7,0.0021839983781169582
2019-03-15,10Y,10,0.005133077499642463
2019-03-15,15Y,15,0.008546761648888127
2019-03-15,20Y,20,0.009524153751053843
2019-03-15,25Y,25,0.009231842942060866
2019-03-15,30Y,30,0.009084881926534257
2019-03-18,1Y,1,-0.00045002250465905354
2019-03-18,2Y,2,-0.0006100196432015008
2019-03-18,3Y,3,-0.0004900488904919858
2019-03-18,4Y,4,-0.0001402128004227203
2019-03-18,5Y,5,0.0005197807755243859
2019-03-18,7Y,7,0.0022763761047911077
2019-03-18,10Y,10,0.005173975118870627
2019-03-18,15Y,15,0.00858846078922698
2019-03-18,20Y,20,0.009593172627703653
2019-03-18,25Y,25,0.00933946837650853
2019-03-18,30Y,30,0.009204146345337444
2019-03-19,1Y,1,-0.00044002090434940835
2019-03-19,2Y,2,-0.0007049885449775621
2019-03-19,3Y,3,-0.0005000788357253354
2019-03-19,4Y,4,-0.00005027060061179461
2019-03-19,5Y,5,0.00045977534054335696
2019-03-19,7Y,7,0.002236151684163625
2019-03-19,10Y,10,0.005034846210987322
2019-03-19,15Y,15,0.00840973994513375
2019-03-19,20Y,20,0.009407779261161063
2019-03-19,25Y,25,0.009112525024807428
2019-03-19,30Y,30,0.008878329258146928
2019-03-20,1Y,1,-0.00041002024729955484
2019-03-20,2Y,2,-0.0005550165566990125
2019-03-20,3Y,3,-0.0004700336569646495
2019-03-20,4Y,4,-0.00010019013809552417
2019-03-20,5Y,5,0.0005498321974581988
2019-03-20,7Y,7,0.002186129280773255
2019-03-20,10Y,10,0.00511943707342454
2019-03-20,15Y,15,0.008486447940302474
2019-03-20,20Y,20,0.009500626070188567
2019-03-20,25Y,25,0.009220459221007582
2019-03-20,30Y,30,0.00907372634637998
2019-03-21,1Y,1,-0.00041002024729955484
2019-03-21,2Y,2,-0.0006150018622710449
2019-03-21,3Y,3,-0.000570011686902119
2019-03-21,4Y,4,-0.00021520271418622422
2019-03-21,5Y,5,0.000409685689181209
2019-03-21,7Y,7,0.0020734175173738054
2019-03-21,10Y,10,0.00505471200753002
2019-03-21,15Y,15,0.008358075801433815
2019-03-21,20Y,20,0.009414329441456341
2019-03-21,25Y,25,0.009126180628538393
2019-03-21,30Y,30,0.008979588715639447
2019-03-22,1Y,1,-0.00047002291779644486
2019-03-22,2Y,2,-0.0007449896791165462
2019-03-22,3Y,3,-0.0007899401656370614
2019-03-22,4Y,4,-0.00048019667850145
2019-03-22,5Y,5,0.00017939631615952788
2019-03-22,7Y,7,0.00183402691005088
2019-03-22,10Y,10,0.004600500161051123
2019-03-22,15Y,15,0.007837983021044187
2019-03-22,20Y,20,0.008798514638345545
2019-03-22,25Y,25,0.008463423630809297
2019-03-22,30Y,30,0.008217764462279726
2019-03-25,1Y,1,-0.0004900232810061418
2019-03-25,2Y,2,-0.0007449994270066569
2019-03-25,3Y,3,-0.0007299792358468665
2019-03-25,4Y,4,-0.00043021384236443714
2019-03-25,5Y,5,0.00013945762789127365
2019-03-25,7Y,7,0.0017337586482853839
2019-03-25,10Y,10,0.004407397623525016
2019-03-25,15Y,15,0.007495508612463485
2019-03-25,20Y,20,0.008443825182708437
2019-03-25,25Y,25,0.00811166728854582
2019-03-25,30Y,30,0.007919687521070742
2019-03-26,1Y,1,-0.00047002291779644486
2019-03-26,2Y,2,-0.0006550166882889833
2019-03-26,3Y,3,-0.0005700302146341813
2019-03-26,4Y,4,-0.00024522090245116023
2019-03-26,5Y,5,0.000349637976383991
2019-03-26,7Y,7,0.0020451720159584824
2019-03-26,10Y,10,0.004797199952490239
2019-03-26,15Y,15,0.008092021358736365
2019-03-26,20Y,20,0.009058050136414187
2019-03-26,25Y,25,0.008760842805799338
2019-03-26,30Y,30,0.008558962827943708
2019-03-27,1Y,1,-0.0004900232810061418
2019-03-27,2Y,2,-0.0007150087796023845
2019-03-27,3Y,3,-0.0006700019319395717
2019-03-27,4Y,4,-0.00033523816030959065
2019-03-27,5Y,5,0.0002595171980216904
2019-03-27,7Y,7,0.001902481121284535
2019-03-27,10Y,10,0.0046783676224081885
2019-03-27,15Y,15,0.007824667313925745
2019-03-27,20Y,20,0.008795156992286926
2019-03-27,25Y,25,0.008408281586947057
2019-03-27,30Y,30,0.008226669357281741
2019-03-28,1Y,1,-0.0005900372542340096
2019-03-28,2Y,2,-0.0007550471295229796
2019-03-28,3Y,3,-0.0005900877903463224
2019-03-28,4Y,4,-0.0003102749055665529
2019-03-28,5Y,5,0.000249537095070996
2019-03-28,7Y,7,0.0018323694813939789
2019-03-28,10Y,10,0.0045769095661699994
2019-03-28,15Y,15,0.007692277770311153
2019-03-28,20Y,20,0.008729418261747317
2019-03-28,25Y,25,0.008421305020703776
2019-03-28,30Y,30,0.008230259743301655
2019-03-29,1Y,1,-0.0006000356360220472
2019-03-29,2Y,2,-0.0009699750191246704
2019-03-29,3Y,3,-0.0007001353473283785
2019-03-29,4Y,4,-0.00015048085527847427
2019-03-29,5Y,5,0.00039947039440265124
2019-03-29,7Y,7,0.0020031140610488837
2019-03-29,10Y,10,0.004601306305088058
2019-03-29,15Y,15,0.007758004953259664
2019-03-29,20Y,20,0.008629617426388785
2019-03-29,25Y,25,0.008321848541961116
2019-03-29,30Y,30,0.00810795924968084
2019-04-01,1Y,1,-0.0005800351724546528
2019-04-01,2Y,2,-0.0007600403986632769
2019-04-01,3Y,3,-0.0006800356768386249
2019-04-01,4Y,4,-0.0003352957494419422
2019-04-01,5Y,5,0.00035945748589452696
2019-04-01,7Y,7,0.002002945412502408
2019-04-01,10Y,10,0.0047261408341021174
2019-04-01,15Y,15,0.00794239362186704
2019-04-01,20Y,20,0.00886350148969641
2019-04-01,25Y,25,0.008591106294786127
2019-04-01,30Y,30,0.008432444016237236
2019-04-02,1Y,1,-0.0005500309459870994
2019-04-02,2Y,2,-0.0008449960884267067
2019-04-02,3Y,3,-0.0006700783237420355
2019-04-02,4Y,4,-0.00018537708791727938
2019-04-02,5Y,5,0.0004395299496279567
2019-04-02,7Y,7,0.0019831303402934567
2019-04-02,10Y,10,0.004669040592774839
2019-04-02,15Y,15,0.007822161478319158
2019-04-02,20Y,20,0.008769040802833016
2019-04-02,25Y,25,0.008482135528501028
2019-04-02,30Y,30,0.008258126017744283
2019-04-03,1Y,1,-0.0005100299692998743
2019-04-03,2Y,2,-0.0006650322929802669
2019-04-03,3Y,3,-0.0005300651457399166
2019-04-03,4Y,4,-0.00019024673672741826
2019-04-03,5Y,5,0.0004696924300356812
2019-04-03,7Y,7,0.0020735783227983228
2019-04-03,10Y,10,0.004658905841300433
2019-04-03,15Y,15,0.007827936659521249
2019-04-03,20Y,20,0.008581339743314983
2019-04-03,25Y,25,0.008178034606690804
2019-04-03,30Y,30,0.008005248793348263
2019-04-04,1Y,1,-0.0004600241549856328
2019-04-04,2Y,2,-0.000530040493255805
2019-04-04,3Y,3,-0.00036007106358619154
2019-04-04,4Y,4,-0.000015178171999046756
2019-04-04,5Y,5,0.0006099436354168675
2019-04-04,7Y,7,0.002166248673112078
2019-04-04,10Y,10,0.0048144967443507145
2019-04-04,15Y,15,0.00793574788399591
2019-04-04,20Y,20,0.008650983288435131
2019-04-04,25Y,25,0.008259083575260624
2019-04-04,30Y,30,0.00805343252727338
2019-04-05,1Y,1,-0.00039001852805949387
2019-04-05,2Y,2,-0.0005000205963779125
2019-04-05,3Y,3,-0.00033006067237948815
2019-04-05,4Y,4,0.00003984599426947778
2019-04-05,5Y,5,0.0006600358689296083
2019-04-05,7Y,7,0.002216556745682684
2019-04-05,10Y,10,0.004892419108881219
2019-04-05,15Y,15,0.008087500705985254
2019-04-05,20Y,20,0.008841630905444134
2019-04-05,25Y,25,0.008462241782495761
2019-04-05,30Y,30,0.008300430027818185
2019-04-08,1Y,1,-0.0004300206978167065
2019-04-08,2Y,2,-0.0006300061641187015
2019-04-08,3Y,3,-0.00037009527926780845
2019-04-08,4Y,4,0.00009977569609040068
2019-04-08,5Y,5,0.0006199816437244976
2019-04-08,7Y,7,0.0021362200198519294
2019-04-08,10Y,10,0.004780919448680851
2019-04-08,15Y,15,0.007792095711615408
2019-04-08,20Y,20,0.008582391131353567
2019-04-08,25Y,25,0.008184690502245344
2019-04-08,30Y,30,0.008000737745308528
2019-04-09,1Y,1,-0.0004400222793661378
2019-04-09,2Y,2,-0.0006100155251304786
2019-04-09,3Y,3,-0.00048005283055246726
2019-04-09,4Y,4,-0.00006522545093603583
2019-04-09,5Y,5,0.0005298091409237765
2019-04-09,7Y,7,0.0020456112766669707
2019-04-09,10Y,10,0.004743180078811708
2019-04-09,15Y,15,0.00776793954653572
2019-04-09,20Y,20,0.008537812895733786
2019-04-09,25Y,25,0.008187401439884842
2019-04-09,30Y,30,0.008014967339497912
2019-04-10,1Y,1,-0.0004500239109321446
2019-04-10,2Y,2,-0.000680000774439966
2019-04-10,3Y,3,-0.0004900784638480341
2019-04-10,4Y,4,-0.00004026398991706945
2019-04-10,5Y,5,0.0005198035877975328
2019-04-10,7Y,7,0.0020235736899430973
2019-04-10,10Y,10,0.004756373932220839
2019-04-10,15Y,15,0.007738176687361172
2019-04-10,20Y,20,0.008482700798984676
2019-04-10,25Y,25,0.008188692603448311
2019-04-10,30Y,30,0.008049210484576718
2019-04-11,1Y,1,-0.0004500239109321446
2019-04-11,2Y,2,-0.0005750277885235597
2019-04-11,3Y,3,-0.0003700824420308459
2019-04-11,4Y,4,0.000029799891474910768
2019-04-11,5Y,5,0.0006099523244976694
2019-04-11,7Y,7,0.002065927934706465
2019-04-11,10Y,10,0.004645689346666284
2019-04-11,15Y,15,0.00773186826589573
2019-04-11,20Y,20,0.008495425412335663
2019-04-11,25Y,25,0.008121771679328085
2019-04-11,30Y,30,0.007938089974505107
2019-04-12,1Y,1,-0.00041002152858385734
2019-04-12,2Y,2,-0.00040004205387566725
2019-04-12,3Y,3,-0.0000900806958893728
2019-04-12,4Y,4,0.0002999513460818492
2019-04-12,5Y,5,0.0008904310645190538
2019-04-12,7Y,7,0.00241586078161173
2019-04-12,10Y,10,0.004967572133348727
2019-04-12,15Y,15,0.008062446758352243
2019-04-12,20Y,20,0.008765686777052133
2019-04-12,25Y,25,0.00840276620271909
2019-04-12,30Y,30,0.008218469235224967
2019-04-15,1Y,1,-0.00036001890251139405
2019-04-15,2Y,2,-0.0003600319220559124
2019-04-15,3Y,3,-0.00010006401279649089
2019-04-15,4Y,4,0.00035498314859396316
2019-04-15,5Y,5,0.0010305922291972082
2019-04-15,7Y,7,0.0024883778252893754
2019-04-15,10Y,10,0.0050996558786141006
2019-04-15,15Y,15,0.00818823332783222
2019-04-15,20Y,20,0.008938790237297066
2019-04-15,25Y,25,0.008605675532017151
2019-04-15,30Y,30,0.008465428614519228
2019-04-16,1Y,1,-0.0003100162767184526
2019-04-16,2Y,2,-0.0002750266076586372
2019-04-16,3Y,3,-0.000050044761514352726
2019-04-16,4Y,4,0.0004150445075345606
2019-04-16,5Y,5,0.0010806906570278224
2019-04-16,7Y,7,0.0024382046689732486
2019-04-16,10Y,10,0.005031815879084131
2019-04-16,15Y,15,0.008057069706930584
2019-04-16,20Y,20,0.008833669431154031
2019-04-16,25Y,25,0.008552177856756816
2019-04-16,30Y,30,0.008412443260236695
2019-04-17,1Y,1,-0.00027001147609272114
2019-04-17,2Y,2,-0.0002200209702606532
2019-04-17,3Y,3,-0.00009002833371792203
2019-04-17,4Y,4,0.00034003546498219655
2019-04-17,5Y,5,0.0011106783167459857
2019-04-17,7Y,7,0.002556712522743687
2019-04-17,10Y,10,0.005170836738507389
2019-04-17,15Y,15,0.008395668423934001
2019-04-17,20Y,20,0.009196282513147771
2019-04-17,25Y,25,0.008894891907738279
2019-04-17,30Y,30,0.008755767521915498
2019-04-18,1Y,1,-0.0003500175022918609
2019-04-18,2Y,2,-0.00036502856472748883
2019-04-18,3Y,3,-0.00017005590751834065
2019-04-18,4Y,4,0.00022993930321092606
2019-04-18,5Y,5,0.0009103927251456947
2019-04-18,7Y,7,0.0024158220921614596
2019-04-18,10Y,10,0.0050618094759043815
2019-04-18,15Y,15,0.008126180538283841
2019-04-18,20Y,20,0.008916795185727496
2019-04-18,25Y,25,0.008663286052998608
2019-04-18,30Y,30,0.008546205420919117
2019-04-19,1Y,1,-0.00032001360171683463
2019-04-19,2Y,2,-0.00042501152657295043
2019-04-19,3Y,3,-0.00010006713225672263
2019-04-19,4Y,4,0.0003999628226509286
2019-04-19,5Y,5,0.0009605428544214257
2019-04-19,7Y,7,0.002466192490933982
2019-04-19,10Y,10,0.005055828413826449
2019-04-19,15Y,15,0.0081293467852287
2019-04-19,20Y,20,0.008980466275547432
2019-04-19,25Y,25,0.008715364551193924
2019-04-19,30Y,30,0.008598299934863338
2019-04-22,1Y,1,-0.0003200126016924731
2019-04-22,2Y,2,-0.00044500798731059616
2019-04-22,3Y,3,-0.00006007016561232199
2019-04-22,4Y,4,0.0004399688614082494
2019-04-22,5Y,5,0.0009505730105617805
2019-04-22,7Y,7,0.002488315863405189
2019-04-22,10Y,10,0.005126708669765569
2019-04-22,15Y,15,0.008365657318657422
2019-04-22,20Y,20,0.009360794607734963
2019-04-22,25Y,25,0.009247130907188096
2019-04-22,30Y,30,0.009177681413520456
2019-04-23,1Y,1,-0.000340014027026102
2019-04-23,2Y,2,-0.00041001968566096845
2019-04-23,3Y,3,-0.0002400500573619031
2019-04-23,4Y,4,0.00018490792021042028
2019-04-23,5Y,5,0.0008803040075307961
2019-04-23,7Y,7,0.0023052884962886924
2019-04-23,10Y,10,0.005004310556397546
2019-04-23,15Y,15,0.008145583391486166
2019-04-23,20Y,20,0.009140934293229371
2019-04-23,25Y,25,0.00895850746954769
2019-04-23,30Y,30,0.00886597254355782
2019-04-24,1Y,1,-0.0003500153147199545
2019-04-24,2Y,2,-0.000420021211909655
2019-04-24,3Y,3,-0.0002900433152512019
2019-04-24,4Y,4,0.00004988587768108547
2019-04-24,5Y,5,0.0007001009218638694
2019-04-24,7Y,7,0.002244708079861935
2019-04-24,10Y,10,0.0048452618655542515
2019-04-24,15Y,15,0.008036521437722993
2019-04-24,20Y,20,0.008986971039425574
2019-04-24,25Y,25,0.0088211635763887
2019-04-24,30Y,30,0.008750238283146031
2019-04-25,1Y,1,-0.0003500153147199545
2019-04-25,2Y,2,-0.00040502336430656215
2019-04-25,3Y,3,-0.0002700442713667946
2019-04-25,4Y,4,0.00013489882916109883
2019-04-25,5Y,5,0.0008302211329316006
2019-04-25,7Y,7,0.0024477319853487946
2019-04-25,10Y,10,0.005052142354060774
2019-04-25,15Y,15,0.008457684612124204
2019-04-25,20Y,20,0.009408776553892897
2019-04-25,25Y,25,0.009261350643702532
2019-04-25,30Y,30,0.009224538898927607
2019-04-26,1Y,1,-0.00036001440238531536
2019-04-26,2Y,2,-0.0005749927891626951
2019-04-26,3Y,3,-0.00042004933161298916
2019-04-26,4Y,4,0.00002480626641386942
2019-04-26,5Y,5,0.0006299577657192374
2019-04-26,7Y,7,0.002206420610615685
2019-04-26,10Y,10,0.004777947743221435
2019-04-26,15Y,15,0.00817897825083361
2019-04-26,20Y,20,0.009164786376554244
2019-04-26,25Y,25,0.008952598140665064
2019-04-26,30Y,30,0.008871248009782272
2019-04-29,1Y,1,-0.00036001440238531536
2019-04-29,2Y,2,-0.0004850131488780847
2019-04-29,3Y,3,-0.00042002035237025603
2019-04-29,4Y,4,-0.00006515031734118332
2019-04-29,5Y,5,0.000629933291827253
2019-04-29,7Y,7,0.0022063698381924266
2019-04-29,10Y,10,0.0047778846129416476
2019-04-29,15Y,15,0.008178916077914636
2019-04-29,20Y,20,0.009164739892447817
2019-04-29,25Y,25,0.0089525668101352
2019-04-29,30Y,30,0.008871222787699168
2019-04-30,1Y,1,-0.00036001440238531536
2019-04-30,2Y,2,-0.0004850131488780847
2019-04-30,3Y,3,-0.00042002035237025603
2019-04-30,4Y,4,-0.00006515031734118332
2019-04-30,5Y,5,0.000629933291827253
2019-04-30,7Y,7,0.0022063698381924266
2019-04-30,10Y,10,0.0047778846129416476
2019-04-30,15Y,15,0.008178916077914636
2019-04-30,20Y,20,0.009164739892447817
2019-04-30,25Y,25,0.0089525668101352
2019-04-30,30Y,30,0.008871222787699168
2019-05-01,1Y,1,-0.00036001440238531536
2019-05-01,2Y,2,-0.0004850131488780847
2019-05-01,3Y,3,-0.00042002035237025603
2019-05-01,4Y,4,-0.00006515031734118332
2019-05-01,5Y,5,0.000629933291827253
2019-05-01,7Y,7,0.0022063698381924266
2019-05-01,10Y,10,0.0047778846129416476
2019-05-01,15Y,15,0.008178916077914636
2019-05-01,20Y,20,0.009164739892447817
2019-05-01,25Y,25,0.0089525668101352
2019-05-01,30Y,30,0.008871222787699168
2019-05-02,1Y,1,-0.00036001440238531536
2019-05-02,2Y,2,-0.0004850131488780847
2019-05-02,3Y,3,-0.00042002035237025603
2019-05-02,4Y,4,-0.00006515031734118332
2019-05-02,5Y,5,0.000629933291827253
2019-05-02,7Y,7,0.0022063698381924266
2019-05-02,10Y,10,0.0047778846129416476
2019-05-02,15Y,15,0.008178916077914636
2019-05-02,20Y,20,0.009164739892447817
2019-05-02,25Y,25,0.0089525668101352
2019-05-02,30Y,30,0.008871222787699168
2019-05-03,1Y,1,-0.00036001440238531536
2019-05-03,2Y,2,-0.0004850131488780847
2019-05-03,3Y,3,-0.00042002035237025603
2019-05-03,4Y,4,-0.00006515031734118332
2019-05-03,5Y,5,0.000629933291827253
2019-05-03,7Y,7,0.0022063698381924266
2019-05-03,10Y,10,0.0047778846129416476
2019-05-03,15Y,15,0.008178916077914636
2019-05-03,20Y,20,0.009164739892447817
2019-05-03,25Y,25,0.0089525668101352
2019-05-03,30Y,30,0.008871222787699168
2019-05-06,1Y,1,-0.00036001440238531536
2019-05-06,2Y,2,-0.0004850131488780847
2019-05-06,3Y,3,-0.00042002035237025603
2019-05-06,4Y,4,-0.00006515031734118332
2019-05-06,5Y,5,0.000629933291827253
2019-05-06,7Y,7,0.0022063698381924266
2019-05-06,10Y,10,0.0047778846129416476
2019-05-06,15Y,15,0.008178916077914636
2019-05-06,20Y,20,0.009164739892447817
2019-05-06,25Y,25,0.0089525668101352
2019-05-06,30Y,30,0.008871222787699168
2019-05-07,1Y,1,-0.00036001440238531536
2019-05-07,2Y,2,-0.0005000101841141325
2019-05-07,3Y,3,-0.0004400176468575581
2019-05-07,4Y,4,-1.6669683305014973e-7
2019-05-07,5Y,5,0.0006199144234832255
2019-05-07,7Y,7,0.001983583821143591
2019-05-07,10Y,10,0.004729461517364352
2019-05-07,15Y,15,0.007989335664200525
2019-05-07,20Y,20,0.00889304909902942
2019-05-07,25Y,25,0.008717207323705983
2019-05-07,30Y,30,0.008646177972938868
2019-05-08,1Y,1,-0.00038001591530415684
2019-05-08,2Y,2,-0.0005700016047707119
2019-05-08,3Y,3,-0.00034007464348497234
2019-05-08,4Y,4,0.0000998164691077873
2019-05-08,5Y,5,0.0006600463877441314
2019-05-08,7Y,7,0.002116225916315064
2019-05-08,10Y,10,0.004696491834197511
2019-05-08,15Y,15,0.007919827814421644
2019-05-08,20Y,20,0.008871036618351778
2019-05-08,25Y,25,0.008595689864046923
2019-05-08,30Y,30,0.008447351310588904
2019-05-09,1Y,1,-0.00039001609052683795
2019-05-09,2Y,2,-0.0005850016846053802
2019-05-09,3Y,3,-0.00037007175655757204
2019-05-09,4Y,4,0.00008980373251012478
2019-05-09,5Y,5,0.0006400010608299517
2019-05-09,7Y,7,0.0021241864680481524
2019-05-09,10Y,10,0.004713490203591724
2019-05-09,15Y,15,0.007988154917080523
2019-05-09,20Y,20,0.008854721110926216
2019-05-09,25Y,25,0.008650563275091895
2019-05-09,30Y,30,0.008589447740614563
2019-05-10,1Y,1,-0.00038001591530415684
2019-05-10,2Y,2,-0.0005700016047707119
2019-05-10,3Y,3,-0.0003800634257589274
2019-05-10,4Y,4,0.000049811224053878615
2019-05-10,5Y,5,0.0006099741879040188
2019-05-10,7Y,7,0.0021060628567212292
2019-05-10,10Y,10,0.004753643481656636
2019-05-10,15Y,15,0.007982623670604615
2019-05-10,20Y,20,0.008902659048154574
2019-05-10,25Y,25,0.008651103324179432
2019-05-10,30Y,30,0.008589793747675012
2019-05-13,1Y,1,-0.00039001609052683795
2019-05-13,2Y,2,-0.0005550089172830634
2019-05-13,3Y,3,-0.0004700267032956095
2019-05-13,4Y,4,-0.00006518998677490485
2019-05-13,5Y,5,0.0005898599694440223
2019-05-13,7Y,7,0.0021259947973481393
2019-05-13,10Y,10,0.004699916591661147
2019-05-13,15Y,15,0.00793172105937959
2019-05-13,20Y,20,0.008906474091179891
2019-05-13,25Y,25,0.008684173242120547
2019-05-13,30Y,30,0.008580204505445005
2019-05-14,1Y,1,-0.00040001875328585023
2019-05-14,2Y,2,-0.0005300181628159144
2019-05-14,3Y,3,-0.00038005559346079154
2019-05-14,4Y,4,0.00001982505821455341
2019-05-14,5Y,5,0.0006299682942202564
2019-05-14,7Y,7,0.002154229795223399
2019-05-14,10Y,10,0.004686438235560859
2019-05-14,15Y,15,0.007927644379989638
2019-05-14,20Y,20,0.008833234436665838
2019-05-14,25Y,25,0.00858510954595306
2019-05-14,30Y,30,0.008436850166745873
2019-05-15,1Y,1,-0.0004300220415895572
2019-05-15,2Y,2,-0.0005650220635463723
2019-05-15,3Y,3,-0.000370075717418203
2019-05-15,4Y,4,0.00003980654626285752
2019-05-15,5Y,5,0.0006199667908398191
2019-05-15,7Y,7,0.002035851908518979
2019-05-15,10Y,10,0.004608250287649246
2019-05-15,15Y,15,0.0077954012945412555
2019-05-15,20Y,20,0.008674019644741928
2019-05-15,25Y,25,0.008458022051853807
2019-05-15,30Y,30,0.008331518962728341
2019-05-16,1Y,1,-0.0004400222793661378
2019-05-16,2Y,2,-0.0005800226328588492
2019-05-16,3Y,3,-0.0004400574782980308
2019-05-16,4Y,4,-0.00007020328656581027
2019-05-16,5Y,5,0.0004898255351750879
2019-05-16,7Y,7,0.0019933918739491667
2019-05-16,10Y,10,0.0045098514862752966
2019-05-16,15Y,15,0.0076426396349294455
2019-05-16,20Y,20,0.008467416334789141
2019-05-16,25Y,25,0.0082452030030707
2019-05-16,30Y,30,0.008128905280568081
2019-05-17,1Y,1,-0.0004300206978167065
2019-05-17,2Y,2,-0.0006150100982223453
2019-05-17,3Y,3,-0.0003700903251581586
2019-05-17,4Y,4,0.00005978508135019147
2019-05-17,5Y,5,0.0005299257982154634
2019-05-17,7Y,7,0.0020256636922861312
2019-05-17,10Y,10,0.004550577065622707
2019-05-17,15Y,15,0.007800545262462379
2019-05-17,20Y,20,0.008666833644192134
2019-05-17,25Y,25,0.008438330772093225
2019-05-17,30Y,30,0.008365900004493422
2019-05-20,1Y,1,-0.00039001852805949387
2019-05-20,2Y,2,-0.0004700259582081745
2019-05-20,3Y,3,-0.0002500713135437938
2019-05-20,4Y,4,0.00010987126134045215
2019-05-20,5Y,5,0.0006701114511398603
2019-05-20,7Y,7,0.0021263144731016345
2019-05-20,10Y,10,0.004645761683185531
2019-05-20,15Y,15,0.007991811024400277
2019-05-20,20Y,20,0.008853228548322338
2019-05-20,25Y,25,0.008683215589499771
2019-05-20,30Y,30,0.008655126459042388
2019-05-21,1Y,1,-0.00039001609052683795
2019-05-21,2Y,2,-0.0005850016846053802
2019-05-21,3Y,3,-0.00031008727122481953
2019-05-21,4Y,4,0.0001648148843401339
2019-05-21,5Y,5,0.0006700810156416576
2019-05-21,7Y,7,0.0020861656054025797
2019-05-21,10Y,10,0.004625517235134595
2019-05-21,15Y,15,0.007913693271939106
2019-05-21,20Y,20,0.008850107746191813
2019-05-21,25Y,25,0.008639711198407509
2019-05-21,30Y,30,0.008503069354192361
2019-05-22,1Y,1,-0.0004000162532646173
2019-05-22,2Y,2,-0.0006000017610509067
2019-05-22,3Y,3,-0.0004200614105506884
2019-05-22,4Y,4,-0.00002020332061694011
2019-05-22,5Y,5,0.0005198791858111302
2019-05-22,7Y,7,0.0019032335225996303
2019-05-22,10Y,10,0.00446585822006978
2019-05-22,15Y,15,0.007641057701682189
2019-05-22,20Y,20,0.00857133259540549
2019-05-22,25Y,25,0.008374845567233861
2019-05-22,30Y,30,0.008227315726616908
2019-05-23,1Y,1,-0.0004100189660271546
2019-05-23,2Y,2,-0.0005900082968142589
2019-05-23,3Y,3,-0.0005300182381179804
2019-05-23,4Y,4,-0.00019518996179783497
2019-05-23,5Y,5,0.0003697128184584151
2019-05-23,7Y,7,0.0017725012890047794
2019-05-23,10Y,10,0.004397594122456613
2019-05-23,15Y,15,0.007567669665875332
2019-05-23,20Y,20,0.008469166592730025
2019-05-23,25Y,25,0.008281863271331071
2019-05-23,30Y,30,0.008188465180845492
2019-05-24,1Y,1,-0.0004300206978167065
2019-05-24,2Y,2,-0.0005850174522789454
2019-05-24,3Y,3,-0.0005500088982890821
2019-05-24,4Y,4,-0.00024518360727663994
2019-05-24,5Y,5,0.00040968521073129354
2019-05-24,7Y,7,0.0017244246333520375
2019-05-24,10Y,10,0.0042392708551265805
2019-05-24,15Y,15,0.0075465608847957045
2019-05-24,20Y,20,0.00843176014087
2019-05-24,25Y,25,0.008185708216350302
2019-05-24,30Y,30,0.008080794551345593
2019-05-27,1Y,1,-0.00043001935405631255
2019-05-27,2Y,2,-0.0006649963304155076
2019-05-27,3Y,3,-0.0005900191882643388
2019-05-27,4Y,4,-0.0003201799593515768
2019-05-27,5Y,5,0.00023961928490059557
2019-05-27,7Y,7,0.001706074349913752
2019-05-27,10Y,10,0.004238827029768367
2019-05-27,15Y,15,0.007478438756774598
2019-05-27,20Y,20,0.00840073484745679
2019-05-27,25Y,25,0.008187227472882792
2019-05-27,30Y,30,0.008039850882811539
2019-05-28,1Y,1,-0.00044001952934541764
2019-05-28,2Y,2,-0.0006350089930628757
2019-05-28,3Y,3,-0.0006000009761106232
2019-05-28,4Y,4,-0.0003251788021109085
2019-05-28,5Y,5,0.00025960666464673154
2019-05-28,7Y,7,0.0015817770043358263
2019-05-28,10Y,10,0.004147605382033043
2019-05-28,15Y,15,0.007376207449032205
2019-05-28,20Y,20,0.008270241550582386
2019-05-28,25Y,25,0.008059803086000805
2019-05-28,30Y,30,0.00795523343787578
2019-05-29,1Y,1,-0.0004900232810061418
2019-05-29,2Y,2,-0.0008199730472041731
2019-05-29,3Y,3,-0.0007100291582467131
2019-05-29,4Y,4,-0.0003302851924868348
2019-05-29,5Y,5,0.00014948885631370801
2019-05-29,7Y,7,0.001503338649874276
2019-05-29,10Y,10,0.003991941012888821
2019-05-29,15Y,15,0.007189697577510697
2019-05-29,20Y,20,0.008020546205778155
2019-05-29,25Y,25,0.007805762594163002
2019-05-29,30Y,30,0.007711349991231483
2019-05-30,1Y,1,-0.0004600212799655582
2019-05-30,2Y,2,-0.0007649779193722199
2019-05-30,3Y,3,-0.0006600287686092615
2019-05-30,4Y,4,-0.00024028363576059845
2019-05-30,5Y,5,0.00030956149065504695
2019-05-30,7Y,7,0.0017642845353152046
2019-05-30,10Y,10,0.004161692612882986
2019-05-30,15Y,15,0.0073381039228424035
2019-05-30,20Y,20,0.008232512041342049
2019-05-30,25Y,25,0.008059192281243454
2019-05-30,30Y,30,0.007954807508875172
2019-05-31,1Y,1,-0.0005500275085184429
2019-05-31,2Y,2,-0.0008999746339266061
2019-05-31,3Y,3,-0.0007500523119713847
2019-05-31,4Y,4,-0.00031536421895773134
2019-05-31,5Y,5,0.00021940736644053744
2019-05-31,7Y,7,0.0015815938918939568
2019-05-31,10Y,10,0.004022928890601947
2019-05-31,15Y,15,0.0072032074865873074
2019-05-31,20Y,20,0.00807946825324934
2019-05-31,25Y,25,0.007804766205363762
2019-05-31,30Y,30,0.007677563687405758
2019-06-03,1Y,1,-0.0006400464134207174
2019-06-03,2Y,2,-0.0009899917608072822
2019-06-03,3Y,3,-0.000920017819099405
2019-06-03,4Y,4,-0.000530380180018507
2019-06-03,5Y,5,0.00008914817623089429
2019-06-03,7Y,7,0.0015470618882398631
2019-06-03,10Y,10,0.004032423604102655
2019-06-03,15Y,15,0.007097362820493032
2019-06-03,20Y,20,0.007979582259104214
2019-06-03,25Y,25,0.0077653092039236885
2019-06-03,30Y,30,0.007649638510200387
2019-06-04,1Y,1,-0.0008000750262911004
2019-06-04,2Y,2,-0.0010300847875650866
2019-06-04,3Y,3,-0.0008201618199597472
2019-06-04,4Y,4,-0.00044050846508183073
2019-06-04,5Y,5,0.00020913471331214756
2019-06-04,7Y,7,0.0016115153286282318
2019-06-04,10Y,10,0.004046531885412078
2019-06-04,15Y,15,0.006886212539334123
2019-06-04,20Y,20,0.007696087293277653
2019-06-04,25Y,25,0.007496403004282563
2019-06-04,30Y,30,0.007347403695250346
2019-06-05,1Y,1,-0.001050111621565571
2019-06-05,2Y,2,-0.001585005514790963
2019-06-05,3Y,3,-0.0013501765258509954
2019-06-05,4Y,4,-0.000741023795377728
2019-06-05,5Y,5,-0.00003184944160009246
2019-06-05,7Y,7,0.0014298738144354114
2019-06-05,10Y,10,0.003840119394134073
2019-06-05,15Y,15,0.006434375662824704
2019-06-05,20Y,20,0.007315687204784276
2019-06-05,25Y,25,0.007067572079745266
2019-06-05,30Y,30,0.0069289414918591
2019-06-06,1Y,1,-0.0008600639951823333
2019-06-06,2Y,2,-0.0014149331373179011
2019-06-06,3Y,3,-0.001240058561914768
2019-06-06,4Y,4,-0.0007057192485100496
2019-06-06,5Y,5,-0.00006145092409232285
2019-06-06,7Y,7,0.001408016537096786
2019-06-06,10Y,10,0.0037655634723933393
2019-06-06,15Y,15,0.006377254954795427
2019-06-06,20Y,20,0.00719684491122354
2019-06-06,25Y,25,0.007002399142107339
2019-06-06,30Y,30,0.006831912283952313
2019-06-07,1Y,1,-0.0008400635553678545
2019-06-07,2Y,2,-0.0013699437595569499
2019-06-07,3Y,3,-0.0013798603871398901
2019-06-07,4Y,4,-0.0008506192602687019
2019-06-07,5Y,5,-0.0001215962915380002
2019-06-07,7Y,7,0.001287444005912453
2019-06-07,10Y,10,0.003556714671434315
2019-06-07,15Y,15,0.0061891260828151815
2019-06-07,20Y,20,0.006846011547896555
2019-06-07,25Y,25,0.006546740450969986
2019-06-07,30Y,30,0.006374204388091234
2019-06-10,1Y,1,-0.0008900868110230644
2019-06-10,2Y,2,-0.0013150203058402738
2019-06-10,3Y,3,-0.001190069716565303
2019-06-10,4Y,4,-0.0007156677790121958
2019-06-10,5Y,5,-0.00008137448631928383
2019-06-10,7Y,7,0.0013078471463223813
2019-06-10,10Y,10,0.0035804954277151198
2019-06-10,15Y,15,0.006065274508132263
2019-06-10,20Y,20,0.006641466605131793
2019-06-10,25Y,25,0.006290387830733379
2019-06-10,30Y,30,0.006052882021951861
2019-06-11,1Y,1,-0.0008300685041776248
2019-06-11,2Y,2,-0.0012699940168781256
2019-06-11,3Y,3,-0.001170021639870152
2019-06-11,4Y,4,-0.0006656367532404449
2019-06-11,5Y,5,0.000018666671231347496
2019-06-11,7Y,7,0.001480389511384858
2019-06-11,10Y,10,0.003672075811317491
2019-06-11,15Y,15,0.006252624937375965
2019-06-11,20Y,20,0.006616030511076891
2019-06-11,25Y,25,0.006095951664789605
2019-06-11,30Y,30,0.005855893298630408
2019-06-12,1Y,1,-0.0008600747449515957
2019-06-12,2Y,2,-0.0013349824865785621
2019-06-12,3Y,3,-0.0012599908011551612
2019-06-12,4Y,4,-0.0007906109817722596
2019-06-12,5Y,5,-0.00010145706518072594
2019-06-12,7Y,7,0.0014679433469067717
2019-06-12,10Y,10,0.003624290085947091
2019-06-12,15Y,15,0.0059306656733945015
2019-06-12,20Y,20,0.006083410188055978
2019-06-12,25Y,25,0.005549104312194856
2019-06-12,30Y,30,0.005276629816505257
2019-06-13,1Y,1,-0.0009100904697512128
2019-06-13,2Y,2,-0.0014149788745624328
2019-06-13,3Y,3,-0.0012101410343435363
2019-06-13,4Y,4,-0.0006857722030903443
2019-06-13,5Y,5,-0.00010142100997835276
2019-06-13,7Y,7,0.0014680401750121132
2019-06-13,10Y,10,0.003763067535613741
2019-06-13,15Y,15,0.006318541009225004
2019-06-13,20Y,20,0.006676861319471575
2019-06-13,25Y,25,0.006213252300364152
2019-06-13,30Y,30,0.006016118256157788
2019-06-14,1Y,1,-0.000960098445166686
2019-06-14,2Y,2,-0.0014050316521767115
2019-06-14,3Y,3,-0.0012401115608936175
2019-06-14,4Y,4,-0.0008106881006928065
2019-06-14,5Y,5,-0.00020147134492269929
2019-06-14,7Y,7,0.0013474989438230008
2019-06-14,10Y,10,0.0037755455481076625
2019-06-14,15Y,15,0.00593493799394219
2019-06-14,20Y,20,0.0063557523707434786
2019-06-14,25Y,25,0.006100244734090269
2019-06-14,30Y,30,0.005894389069071049
2019-06-17,1Y,1,-0.0009100933135681708
2019-06-17,2Y,2,-0.00133502672747924
2019-06-17,3Y,3,-0.0012700118027493342
2019-06-17,4Y,4,-0.0008356144033211858
2019-06-17,5Y,5,-0.00019145357288007005
2019-06-17,7Y,7,0.0013695161072815089
2019-06-17,10Y,10,0.003758612431206741
2019-06-17,15Y,15,0.0059435885106227234
2019-06-17,20Y,20,0.006438517519637088
2019-06-17,25Y,25,0.006174545341353269
2019-06-17,30Y,30,0.005979607902304032
2019-06-18,1Y,1,-0.0009400975674583773
2019-06-18,2Y,2,-0.0015249348058209576
2019-06-18,3Y,3,-0.0015398664108537156
2019-06-18,4Y,4,-0.001065604733168716
2019-06-18,5Y,5,-0.0004017596487799267
2019-06-18,7Y,7,0.0011262900288404926
2019-06-18,10Y,10,0.0034678050831685064
2019-06-18,15Y,15,0.005587988041576598
2019-06-18,20Y,20,0.006029205323375147
2019-06-18,25Y,25,0.005736523646028395
2019-06-18,30Y,30,0.005541440343278928
2019-06-19,1Y,1,-0.0010901472169756478
2019-06-19,2Y,2,-0.001535080788899128
2019-06-19,3Y,3,-0.0014500693605843473
2019-06-19,4Y,4,-0.0010157761468200886
2019-06-19,5Y,5,-0.0003118886494931951
2019-06-19,7Y,7,0.0012486714659569957
2019-06-19,10Y,10,0.003495966305359938
2019-06-19,15Y,15,0.005639620392092844
2019-06-19,20Y,20,0.006120346192201113
2019-06-19,25Y,25,0.005830098235719611
2019-06-19,30Y,30,0.005613855633655446
2019-06-20,1Y,1,-0.0012902186059814812
2019-06-20,2Y,2,-0.0017001964495835901
2019-06-20,3Y,3,-0.0016301062720669546
2019-06-20,4Y,4,-0.001275831374899377
2019-06-20,5Y,5,-0.0005921811971124312
2019-06-20,7Y,7,0.0008551481030821548
2019-06-20,10Y,10,0.003254906102456473
2019-06-20,15Y,15,0.0050694456375816365
2019-06-20,20Y,20,0.005579187646788257
2019-06-20,25Y,25,0.00527876015838046
2019-06-20,30Y,30,0.005010368876885993
2019-06-21,1Y,1,-0.0012902427968422006
2019-06-21,2Y,2,-0.0018201105057121195
2019-06-21,3Y,3,-0.0015104548965877262
2019-06-21,4Y,4,-0.0011260021475925698
2019-06-21,5Y,5,-0.000472238615559254
2019-06-21,7Y,7,0.0011680499123795651
2019-06-21,10Y,10,0.0034349517062076257
2019-06-21,15Y,15,0.005828018680956575
2019-06-21,20Y,20,0.006304432120297826
2019-06-21,25Y,25,0.00603406431279848
2019-06-21,30Y,30,0.00590317829893697
2019-06-24,1Y,1,-0.0012402062501562618
2019-06-24,2Y,2,-0.0016501713257931982
2019-06-24,3Y,3,-0.0016000784534477216
2019-06-24,4Y,4,-0.0012357919911562209
2019-06-24,5Y,5,-0.000492195012401529
2019-06-24,7Y,7,0.0010756360994028636
2019-06-24,10Y,10,0.0035518388647211396
2019-06-24,15Y,15,0.005807559866651577
2019-06-24,20Y,20,0.006352418795777917
2019-06-24,25Y,25,0.006086347625173131
2019-06-24,30Y,30,0.005860483140100218
2019-06-25,1Y,1,-0.0012402062501562618
2019-06-25,2Y,2,-0.0016501713257931982
2019-06-25,3Y,3,-0.00158010655568588
2019-06-25,4Y,4,-0.0012357702857821204
2019-06-25,5Y,5,-0.0005420975932124133
2019-06-25,7Y,7,0.0010575263126775336
2019-06-25,10Y,10,0.003487752609857227
2019-06-25,15Y,15,0.005886996337551523
2019-06-25,20Y,20,0.00631025928552746
2019-06-25,25Y,25,0.005938784391191141
2019-06-25,30Y,30,0.0057646241548449245
2019-06-26,1Y,1,-0.0011401753529361553
2019-06-26,2Y,2,-0.0015151459776406241
2019-06-26,3Y,3,-0.0013602040767745453
2019-06-26,4Y,4,-0.0009009082321001219
2019-06-26,5Y,5,-0.00020186845648818494
2019-06-26,7Y,7,0.0012470793086704795
2019-06-26,10Y,10,0.0037422183897090136
2019-06-26,15Y,15,0.006253036089819454
2019-06-26,20Y,20,0.006783090932886801
2019-06-26,25Y,25,0.006472600631772832
2019-06-26,30Y,30,0.006309795389224281
2019-06-27,1Y,1,-0.001140189604771655
2019-06-27,2Y,2,-0.0015251400987564617
2019-06-27,3Y,3,-0.0014601191208468676
2019-06-27,4Y,4,-0.001020842039209607
2019-06-27,5Y,5,-0.0003119533095079607
2019-06-27,7Y,7,0.001256642941442762
2019-06-27,10Y,10,0.0037788541773106686
2019-06-27,15Y,15,0.006312676407340232
2019-06-27,20Y,20,0.006872207945524842
2019-06-27,25Y,25,0.006697471684928338
2019-06-27,30Y,30,0.006600258073353624
2019-06-28,1Y,1,-0.0011902239625299906
2019-06-28,2Y,2,-0.001515199982496044
2019-06-28,3Y,3,-0.0015100964792243781
2019-06-28,4Y,4,-0.0011906898324291913
2019-06-28,5Y,5,-0.00048195871117975245
2019-06-28,7Y,7,0.0011259173453477159
2019-06-28,10Y,10,0.0036025792148097
2019-06-28,15Y,15,0.006070092626397419
2019-06-28,20Y,20,0.006631382723128536
2019-06-28,25Y,25,0.006393471537443881
2019-06-28,30Y,30,0.006327397371734078
2019-07-01,1Y,1,-0.0011402002939943509
2019-07-01,2Y,2,-0.0014951582319983052
2019-07-01,3Y,3,-0.001480082316584064
2019-07-01,4Y,4,-0.0010857591427393593
2019-07-01,5Y,5,-0.00035196067171411674
2019-07-01,7Y,7,0.001268515689136473
2019-07-01,10Y,10,0.00378540624090389
2019-07-01,15Y,15,0.006258940935052162
2019-07-01,20Y,20,0.006917991517278586
2019-07-01,25Y,25,0.006719762188248678
2019-07-01,30Y,30,0.006654718482578943
2019-07-02,1Y,1,-0.0011402002939943509
2019-07-02,2Y,2,-0.0015551211696807764
2019-07-02,3Y,3,-0.0014401969538155796
2019-07-02,4Y,4,-0.000975901551023925
2019-07-02,5Y,5,-0.0003918253110450215
2019-07-02,7Y,7,0.0011684018467940534
2019-07-02,10Y,10,0.003690457643997413
2019-07-02,15Y,15,0.0063809072345906125
2019-07-02,20Y,20,0.006899927144387469
2019-07-02,25Y,25,0.006709783104632687
2019-07-02,30Y,30,0.006644605630150124
2019-07-03,1Y,1,-0.0011402002939943509
2019-07-03,2Y,2,-0.001570111476323071
2019-07-03,3Y,3,-0.0015400858442758908
2019-07-03,4Y,4,-0.001160716479998593
2019-07-03,5Y,5,-0.0005917888827075327
2019-07-03,7Y,7,0.0009155167419194264
2019-07-03,10Y,10,0.0033665119877025525
2019-07-03,15Y,15,0.005891013926755614
2019-07-03,20Y,20,0.0064376433647220874
2019-07-03,25Y,25,0.006193771594442112
2019-07-03,30Y,30,0.006063869919983844
2019-07-04,1Y,1,-0.001230232264692169
2019-07-04,2Y,2,-0.0016451633272496526
2019-07-04,3Y,3,-0.0014702978774730313
2019-07-04,4Y,4,-0.0010809063687536873
2019-07-04,5Y,5,-0.000601782045716745
2019-07-04,7Y,7,0.0008455144409500385
2019-07-04,10Y,10,0.0031308454725022445
2019-07-04,15Y,15,0.005574344714567827
2019-07-04,20Y,20,0.006126256137272961
2019-07-04,25Y,25,0.005931792358741042
2019-07-04,30Y,30,0.005791619506868797
2019-07-05,1Y,1,-0.0012302361091775424
2019-07-05,2Y,2,-0.001445281466220944
2019-07-05,3Y,3,-0.0013502334140880865
2019-07-05,4Y,4,-0.0011007062287483572
2019-07-05,5Y,5,-0.0004517587020261625
2019-07-05,7Y,7,0.0009280987344808824
2019-07-05,10Y,10,0.0032119634802849108
2019-07-05,15Y,15,0.005732841410055036
2019-07-05,20Y,20,0.006275521654654585
2019-07-05,25Y,25,0.006045914733831622
2019-07-05,30Y,30,0.005905417816606082
2019-07-08,1Y,1,-0.0011402038571343648
2019-07-08,2Y,2,-0.001445187066900878
2019-07-08,3Y,3,-0.0012802755375298555
2019-07-08,4Y,4,-0.0009557463908809402
2019-07-08,5Y,5,-0.0004615064298483995
2019-07-08,7Y,7,0.0009262891482864459
2019-07-08,10Y,10,0.0032653501473147452
2019-07-08,15Y,15,0.005630632251876556
2019-07-08,20Y,20,0.006243973379724481
2019-07-08,25Y,25,0.006141137299980435
2019-07-08,30Y,30,0.0060231498981945545
2019-07-09,1Y,1,-0.0010601815919821672
2019-07-09,2Y,2,-0.0013301687566049576
2019-07-09,3Y,3,-0.0012202041901545608
2019-07-09,4Y,4,-0.0009406008417388737
2019-07-09,5Y,5,-0.0004513291257068801
2019-07-09,7Y,7,0.0008764298595161279
2019-07-09,10Y,10,0.0032417124205251484
2019-07-09,15Y,15,0.005655307718348453
2019-07-09,20Y,20,0.00619784362761642
2019-07-09,25Y,25,0.0060239367294815
2019-07-09,30Y,30,0.005883811365575545
2019-07-10,1Y,1,-0.0009501455169104105
2019-07-10,2Y,2,-0.0011751431917473407
2019-07-10,3Y,3,-0.001170073380566898
2019-07-10,4Y,4,-0.0009104577138472189
2019-07-10,5Y,5,-0.000371190894599009
2019-07-10,7Y,7,0.0010368210071446061
2019-07-10,10Y,10,0.0033571624821844117
2019-07-10,15Y,15,0.005923939632121159
2019-07-10,20Y,20,0.006470126252557945
2019-07-10,25Y,25,0.006285692315581864
2019-07-10,30Y,30,0.0062091547345946765
2019-07-11,1Y,1,-0.0010201740982997783
2019-07-11,2Y,2,-0.0012151866413346517
2019-07-11,3Y,3,-0.000920367794792826
2019-07-11,4Y,4,-0.0006356476140839816
2019-07-11,5Y,5,-0.00028100284591224675
2019-07-11,7Y,7,0.0011195038376080346
2019-07-11,10Y,10,0.0034281599719027033
2019-07-11,15Y,15,0.005937634755016807
2019-07-11,20Y,20,0.006422390626605129
2019-07-11,25Y,25,0.006230372015868228
2019-07-11,30Y,30,0.006110798433543241
2019-07-12,1Y,1,-0.0009401563242317316
2019-07-12,2Y,2,-0.0010951685576129288
2019-07-12,3Y,3,-0.001100097077505479
2019-07-12,4Y,4,-0.0008704328190864161
2019-07-12,5Y,5,-0.00024120356965019957
2019-07-12,7Y,7,0.0012274425670280992
2019-07-12,10Y,10,0.0034589377130282714
2019-07-12,15Y,15,0.005989706553685163
2019-07-12,20Y,20,0.00664866590876138
2019-07-12,25Y,25,0.006441648306520322
2019-07-12,30Y,30,0.006269818274805142
2019-07-15,1Y,1,-0.0009401563242317316
2019-07-15,2Y,2,-0.0010951685576129288
2019-07-15,3Y,3,-0.0012199735583140435
2019-07-15,4Y,4,-0.0009704057886797742
2019-07-15,5Y,5,-0.0002713346560790906
2019-07-15,7Y,7,0.001177098917991122
2019-07-15,10Y,10,0.0034081508919143267
2019-07-15,15Y,15,0.005938190682345459
2019-07-15,20Y,20,0.006596872069200165
2019-07-15,25Y,25,0.006389935224959527
2019-07-15,30Y,30,0.006218194869448523
2019-07-16,1Y,1,-0.0009601704540979245
2019-07-16,2Y,2,-0.001105181161733882
2019-07-16,3Y,3,-0.0009202808524934014
2019-07-16,4Y,4,-0.0006155887050975581
2019-07-16,5Y,5,-0.00007105791395885675
2019-07-16,7Y,7,0.0013983810623999556
2019-07-16,10Y,10,0.0035809334109258477
2019-07-16,15Y,15,0.0061704130868154685
2019-07-16,20Y,20,0.006729347119176769
2019-07-16,25Y,25,0.006491644505352241
2019-07-16,30Y,30,0.0063826252967444435
2019-07-17,1Y,1,-0.0009501663022814152
2019-07-17,2Y,2,-0.0011551519218830492
2019-07-17,3Y,3,-0.0010901726497776314
2019-07-17,4Y,4,-0.0008205044066217321
2019-07-17,5Y,5,-0.0003011513714033559
2019-07-17,7Y,7,0.0011392573425915392
2019-07-17,10Y,10,0.003407940420095127
2019-07-17,15Y,15,0.005861663156387015
2019-07-17,20Y,20,0.006477340520163287
2019-07-17,25Y,25,0.006262782963084168
2019-07-17,30Y,30,0.006101201842905579
2019-07-18,1Y,1,-0.001020193227589856
2019-07-18,2Y,2,-0.0011702062229921387
2019-07-18,3Y,3,-0.0010802260222590153
2019-07-18,4Y,4,-0.0008255599380141833
2019-07-18,5Y,5,-0.00033117228356804385
2019-07-18,7Y,7,0.001077079876193933
2019-07-18,10Y,10,0.0033403986032644706
2019-07-18,15Y,15,0.005817506174735646
2019-07-18,20Y,20,0.006423723842879061
2019-07-18,25Y,25,0.006211056854986063
2019-07-18,30Y,30,0.006049566400258803
2019-07-19,1Y,1,-0.00110021320368567
2019-07-19,2Y,2,-0.0013202124731166941
2019-07-19,3Y,3,-0.0012402208773618366
2019-07-19,4Y,4,-0.0009606360944166776
2019-07-19,5Y,5,-0.00039146561227289397
2019-07-19,7Y,7,0.0009765766010182953
2019-07-19,10Y,10,0.0032659727285888527
2019-07-19,15Y,15,0.005813399707690729
2019-07-19,20Y,20,0.006456792031452585
2019-07-19,25Y,25,0.006256187787590163
2019-07-19,30Y,30,0.0061376845151886435
2019-07-22,1Y,1,-0.00110021320368567
2019-07-22,2Y,2,-0.0013052197391192181
2019-07-22,3Y,3,-0.001360070270986132
2019-07-22,4Y,4,-0.0011255092015580728
2019-07-22,5Y,5,-0.00045160114377410356
2019-07-22,7Y,7,0.0009081687343433587
2019-07-22,10Y,10,0.0031651548902219937
2019-07-22,15Y,15,0.0057587539374929775
2019-07-22,20Y,20,0.006432126000106309
2019-07-22,25Y,25,0.0063003342626979045
2019-07-22,30Y,30,0.00622511956597801
2019-07-23,1Y,1,-0.00110021320368567
2019-07-23,2Y,2,-0.0013951735753312028
2019-07-23,3Y,3,-0.0012203137391825973
2019-07-23,4Y,4,-0.0008857368363901627
2019-07-23,5Y,5,-0.00047135039131162215
2019-07-23,7Y,7,0.000988465179955452
2019-07-23,10Y,10,0.0032558445479667765
2019-07-23,15Y,15,0.005783693119237245
2019-07-23,20Y,20,0.006415210782580592
2019-07-23,25Y,25,0.006235268987981922
2019-07-23,30Y,30,0.006116864404830352
2019-07-24,1Y,1,-0.0010902119459387835
2019-07-24,2Y,2,-0.0012902172542785396
2019-07-24,3Y,3,-0.001190244455405944
2019-07-24,4Y,4,-0.0009406023274255223
2019-07-24,5Y,5,-0.00045131513099440097
2019-07-24,7Y,7,0.0008764575797682592
2019-07-24,10Y,10,0.0032417503019527413
2019-07-24,15Y,15,0.005637345571276741
2019-07-24,20Y,20,0.0062511745568068645
2019-07-24,25Y,25,0.006055688972882969
2019-07-24,30Y,30,0.005894552378494783
2019-07-25,1Y,1,-0.0010902085388676363
2019-07-25,2Y,2,-0.0012202483926325414
2019-07-25,3Y,3,-0.0011502139209890222
2019-07-25,4Y,4,-0.0009904893698102779
2019-07-25,5Y,5,-0.00043129672186911945
2019-07-25,7Y,7,0.0009686018915440226
2019-07-25,10Y,10,0.0032220920190103282
2019-07-25,15Y,15,0.005683018610883974
2019-07-25,20Y,20,0.006203365083044685
2019-07-25,25Y,25,0.005991308703602657
2019-07-25,30Y,30,0.005840082814838962
2019-07-26,1Y,1,-0.0010802005483293872
2019-07-26,2Y,2,-0.001275214698416717
2019-07-26,3Y,3,-0.001200202573406658
2019-07-26,4Y,4,-0.0009455894911195215
2019-07-26,5Y,5,-0.0004213393218254549
2019-07-26,7Y,7,0.0009465448701696587
2019-07-26,10Y,10,0.003222201788033351
2019-07-26,15Y,15,0.005739946309031539
2019-07-26,20Y,20,0.006265098002370888
2019-07-26,25Y,25,0.006043917103899501
2019-07-26,30Y,30,0.0058715784593641185
2019-07-29,1Y,1,-0.0010802005483293872
2019-07-29,2Y,2,-0.001275214698416717
2019-07-29,3Y,3,-0.0012201815415656448
2019-07-29,4Y,4,-0.0009705739331688119
2019-07-29,5Y,5,-0.0004313600491496518
2019-07-29,7Y,7,0.0009764990567840525
2019-07-29,10Y,10,0.003238941466650415
2019-07-29,15Y,15,0.0057714524647702724
2019-07-29,20Y,20,0.006329400384258425
2019-07-29,25Y,25,0.006161278242808421
2019-07-29,30Y,30,0.0060849162958294956
2019-07-30,1Y,1,-0.0011102109794147736
2019-07-30,2Y,2,-0.0013701970687211855
2019-07-30,3Y,3,-0.0012902090822045262
2019-07-30,4Y,4,-0.00101562482691985
2019-07-30,5Y,5,-0.0005713462918493883
2019-07-30,7Y,7,0.0008159647647726785
2019-07-30,10Y,10,0.0031372899288371163
2019-07-30,15Y,15,0.0056115466215270905
2019-07-30,20Y,20,0.006216742999024519
2019-07-30,25Y,25,0.006068455489300499
2019-07-30,30Y,30,0.0059713470544708516
2019-07-31,1Y,1,-0.0011102040404063153
2019-07-31,2Y,2,-0.0013801918369559657
2019-07-31,3Y,3,-0.0013501378744386436
2019-07-31,4Y,4,-0.0010905712450058414
2019-07-31,5Y,5,-0.000571449304116406
2019-07-31,7Y,7,0.0007758483732721736
2019-07-31,10Y,10,0.0029694449070757204
2019-07-31,15Y,15,0.005541432382112148
2019-07-31,20Y,20,0.006107095712441563
2019-07-31,25Y,25,0.005974446219553973
2019-07-31,30Y,30,0.00589842673301551
2019-08-01,1Y,1,-0.0009401445720072962
2019-08-01,2Y,2,-0.0012351063267263258
2019-08-01,3Y,3,-0.0012999874303846566
2019-08-01,4Y,4,-0.0010254109719305053
2019-08-01,5Y,5,-0.00043132715459875655
2019-08-01,7Y,7,0.0008684046955307104
2019-08-01,10Y,10,0.003114262510295048
2019-08-01,15Y,15,0.0056276418451541264
2019-08-01,20Y,20,0.006161437491414865
2019-08-01,25Y,25,0.0059503678601906685
2019-08-01,30Y,30,0.005852155839722128
2019-08-02,1Y,1,-0.0011202016788077903
2019-08-02,2Y,2,-0.0015051308744217199
2019-08-02,3Y,3,-0.0014801018351732588
2019-08-02,4Y,4,-0.0012205180441008504
2019-08-02,5Y,5,-0.0007614462286519488
2019-08-02,7Y,7,0.0005091788586617479
2019-08-02,10Y,10,0.002776215886916115
2019-08-02,15Y,15,0.005199213304283639
2019-08-02,20Y,20,0.005583107423881746
2019-08-02,25Y,25,0.0053560697685454935
2019-08-02,30Y,30,0.005246517648804136
2019-08-05,1Y,1,-0.001340260591823908
2019-08-05,2Y,2,-0.0017302372540205166
2019-08-05,3Y,3,-0.0017400465890278361
2019-08-05,4Y,4,-0.0015754521293560456
2019-08-05,5Y,5,-0.0010916484341723463
2019-08-05,7Y,7,0.00021381316167085832
2019-08-05,10Y,10,0.002264491783045856
2019-08-05,15Y,15,0.004608903128365226
2019-08-05,20Y,20,0.005055480626291083
2019-08-05,25Y,25,0.0048171535972625044
2019-08-05,30Y,30,0.004666045596199989
2019-08-06,1Y,1,-0.0012602355708718526
2019-08-06,2Y,2,-0.0016901681314920331
2019-08-06,3Y,3,-0.001580205054807124
2019-08-06,4Y,4,-0.001285719875473731
2019-08-06,5Y,5,-0.0008816101452768675
2019-08-06,7Y,7,0.000364611152968858
2019-08-06,10Y,10,0.0026009587265634518
2019-08-06,15Y,15,0.004918176429686293
2019-08-06,20Y,20,0.005276492317838399
2019-08-06,25Y,25,0.005085972652883431
2019-08-06,30Y,30,0.004966044569381467
2019-08-07,1Y,1,-0.001360271285704023
2019-08-07,2Y,2,-0.001870161332651206
2019-08-07,3Y,3,-0.0018600534549659052
2019-08-07,4Y,4,-0.0016005878076945281
2019-08-07,5Y,5,-0.0011617688018264452
2019-08-07,7Y,7,0.00012344202686940045
2019-08-07,10Y,10,0.002330606826139015
2019-08-07,15Y,15,0.004292510798198293
2019-08-07,20Y,20,0.004776192780005161
2019-08-07,25Y,25,0.004630289674204171
2019-08-07,30Y,30,0.004500539851008384
2019-08-08,1Y,1,-0.0013802735532689957
2019-08-08,2Y,2,-0.0018402098373263755
2019-08-08,3Y,3,-0.001820075710091438
2019-08-08,4Y,4,-0.001580609902151715
2019-08-08,5Y,5,-0.0010619384665819507
2019-08-08,7Y,7,0.0002556283424569516
2019-08-08,10Y,10,0.0022916484787137057
2019-08-08,15Y,15,0.004365731309024393
2019-08-08,20Y,20,0.0047348415785031465
2019-08-08,25Y,25,0.004598230114419085
2019-08-08,30Y,30,0.004530550271004545
2019-08-09,1Y,1,-0.0015303511386037423
2019-08-09,2Y,2,-0.0020452539185724073
2019-08-09,3Y,3,-0.002010144118740847
2019-08-09,4Y,4,-0.0017357814582553278
2019-08-09,5Y,5,-0.0012920701085037912
2019-08-09,7Y,7,0.00002466435315269782
2019-08-09,10Y,10,0.0021121300460043816
2019-08-09,15Y,15,0.003636065522801339
2019-08-09,20Y,20,0.004150812101238982
2019-08-09,25Y,25,0.003914087708084478
2019-08-09,30Y,30,0.003721105857982354
2019-08-12,1Y,1,-0.0015303511386037423
2019-08-12,2Y,2,-0.002015278323899762
2019-08-12,3Y,3,-0.0019502041070517308
2019-08-12,4Y,4,-0.001690801411081896
2019-08-12,5Y,5,-0.00123209826987188
2019-08-12,7Y,7,0.00005293209628089764
2019-08-12,10Y,10,0.0020723357822697804
2019-08-12,15Y,15,0.003815492583450944
2019-08-12,20Y,20,0.004140270619805805
2019-08-12,25Y,25,0.004017307888335979
2019-08-12,30Y,30,0.0038349635036130174
2019-08-13,1Y,1,-0.0016103966913974819
2019-08-13,2Y,2,-0.00208533766127321
2019-08-13,3Y,3,-0.0020701554978837834
2019-08-13,4Y,4,-0.0018607068033384454
2019-08-13,5Y,5,-0.0013921259751385967
2019-08-13,7Y,7,-0.00013561305007845238
2019-08-13,10Y,10,0.0017999230991310694
2019-08-13,15Y,15,0.003335916705380612
2019-08-13,20Y,20,0.0037164784934123167
2019-08-13,25Y,25,0.0034908070288058113
2019-08-13,30Y,30,0.0032668648993777944
2019-08-14,1Y,1,-0.0015303559209098492
2019-08-14,2Y,2,-0.0021151941993606148
2019-08-14,3Y,3,-0.0021699676357099257
2019-08-14,4Y,4,-0.0019355097131261907
2019-08-14,5Y,5,-0.001462042857794079
2019-08-14,7Y,7,-0.0002456777056682787
2019-08-14,10Y,10,0.0017722246802706243
2019-08-14,15Y,15,0.00326586750890347
2019-08-14,20Y,20,0.003570168031368195
2019-08-14,25Y,25,0.0034194006075930782
2019-08-14,30Y,30,0.0032990085253529655
2019-08-15,1Y,1,-0.0015703858456090662
2019-08-15,2Y,2,-0.0021052616444067803
2019-08-15,3Y,3,-0.002229881061894024
2019-08-15,4Y,4,-0.0020703108983108785
2019-08-15,5Y,5,-0.001571952805728036
2019-08-15,7Y,7,-0.00023621176536770244
2019-08-15,10Y,10,0.0016515936375228121
2019-08-15,15Y,15,0.003029012006403844
2019-08-15,20Y,20,0.0032555096256988345
2019-08-15,25Y,25,0.002965825072444554
2019-08-15,30Y,30,0.002741629182133949
2019-08-16,1Y,1,-0.0015403717274235092
2019-08-16,2Y,2,-0.0020252844951950642
2019-08-16,3Y,3,-0.0019602380828160565
2019-08-16,4Y,4,-0.0017357280983911184
2019-08-16,5Y,5,-0.0013319338841401756
2019-08-16,7Y,7,-0.00007512860142417158
2019-08-16,10Y,10,0.0018541251539371077
2019-08-16,15Y,15,0.0032652764684477035
2019-08-16,20Y,20,0.0036611738292724105
2019-08-16,25Y,25,0.0034488352743386927
2019-08-16,30Y,30,0.003266124837352792
2019-08-19,1Y,1,-0.0014703428708087536
2019-08-19,2Y,2,-0.0019402536832971076
2019-08-19,3Y,3,-0.00202996509729731
2019-08-19,4Y,4,-0.0018155046085614173
2019-08-19,5Y,5,-0.0013019795657587862
2019-08-19,7Y,7,-0.00005718945030969494
2019-08-19,10Y,10,0.0019445136230597931
2019-08-19,15Y,15,0.003508912784352981
2019-08-19,20Y,20,0.003846827501291344
2019-08-19,25Y,25,0.0036972582895480636
2019-08-19,30Y,30,0.003638837745883832
2019-08-20,1Y,1,-0.0015003517493333294
2019-08-20,2Y,2,-0.0019952519062147933
2019-08-20,3Y,3,-0.001980136775632302
2019-08-20,4Y,4,-0.0017556351804865855
2019-08-20,5Y,5,-0.0013518334320867511
2019-08-20,7Y,7,-0.0001750173147400877
2019-08-20,10Y,10,0.0018133216634876395
2019-08-20,15Y,15,0.0032971053724381912
2019-08-20,20Y,20,0.003493688283394852
2019-08-20,25Y,25,0.0033563708141086555
2019-08-20,30Y,30,0.003266480714887962
2019-08-21,1Y,1,-0.0014903223903399148
2019-08-21,2Y,2,-0.0019802499863574314
2019-08-21,3Y,3,-0.001950111731808683
2019-08-21,4Y,4,-0.0018004619823320327
2019-08-21,5Y,5,-0.0013916971646845177
2019-08-21,7Y,7,-0.00017505921230103264
2019-08-21,10Y,10,0.0018132625282906672
2019-08-21,15Y,15,0.0032970601286035177
2019-08-21,20Y,20,0.0034936598070196157
2019-08-21,25Y,25,0.0034185958996848214
2019-08-21,30Y,30,0.0033909538215887167
2019-08-22,1Y,1,-0.0014603186315829692
2019-08-22,2Y,2,-0.001965220450373218
2019-08-22,3Y,3,-0.0019800426714122786
2019-08-22,4Y,4,-0.0018154142874807233
2019-08-22,5Y,5,-0.0014814305587139563
2019-08-22,7Y,7,-0.0002850952213323708
2019-08-22,10Y,10,0.0017891724591929696
2019-08-22,15Y,15,0.003304894966729406
2019-08-22,20Y,20,0.003540649395138406
2019-08-22,25Y,25,0.003522473169956984
2019-08-22,30Y,30,0.0035160716357932648
2019-08-23,1Y,1,-0.0014102988963888116
2019-08-23,2Y,2,-0.0020400882506420048
2019-08-23,3Y,3,-0.0022496331615370537
2019-08-23,4Y,4,-0.0020052124661292547
2019-08-23,5Y,5,-0.0015018192053804194
2019-08-23,7Y,7,-0.00029765204915837423
2019-08-23,10Y,10,0.0017017662542910504
2019-08-23,15Y,15,0.0033531119972905503
2019-08-23,20Y,20,0.0035367748021194858
2019-08-23,25Y,25,0.003523344921558874
2019-08-23,30Y,30,0.0035479868781496033
2019-08-26,1Y,1,-0.0015703760307247364
2019-08-26,2Y,2,-0.002220158675301841
2019-08-26,3Y,3,-0.0023897197231563787
2019-08-26,4Y,4,-0.0019907814250805537
2019-08-26,5Y,5,-0.0015621228409860273
2019-08-26,7Y,7,-0.0005378393871197651
2019-08-26,10Y,10,0.0013994500288181332
2019-08-26,15Y,15,0.0029609769253564544
2019-08-26,20Y,20,0.0031105441701402407
2019-08-26,25Y,25,0.0031117989669809725
2019-08-26,30Y,30,0.0031153635554337714
2019-08-27,1Y,1,-0.0015303511386037423
2019-08-27,2Y,2,-0.0021201899134266
2019-08-27,3Y,3,-0.002349607876446046
2019-08-27,4Y,4,-0.002210013074989471
2019-08-27,5Y,5,-0.00176151795881799
2019-08-27,7Y,7,-0.0005661955244925928
2019-08-27,10Y,10,0.0013854903748598683
2019-08-27,15Y,15,0.0029598615705814825
2019-08-27,20Y,20,0.0030856644343729193
2019-08-27,25Y,25,0.0030604007179444925
2019-08-27,30Y,30,0.0030329560174592205
2019-08-28,1Y,1,-0.0015503586397184132
2019-08-28,2Y,2,-0.002055274484734464
2019-08-28,3Y,3,-0.0021698721204654135
2019-08-28,4Y,4,-0.0021200427171426083
2019-08-28,5Y,5,-0.0017114011584564
2019-08-28,7Y,7,-0.0005756234923246992
2019-08-28,10Y,10,0.0014360318626629941
2019-08-28,15Y,15,0.003029924514193656
2019-08-28,20Y,20,0.0031673687218324973
2019-08-28,25Y,25,0.0031838910943629587
2019-08-28,30Y,30,0.003218453376663123
2019-08-29,1Y,1,-0.0015503586397184132
2019-08-29,2Y,2,-0.0020402867371824528
2019-08-29,3Y,3,-0.0019502476864551878
2019-08-29,4Y,4,-0.0018354819115202485
2019-08-29,5Y,5,-0.001601268811903628
2019-08-29,7Y,7,-0.000505003945392532
2019-08-29,10Y,10,0.001390437151360181
2019-08-29,15Y,15,0.0030270692833243747
2019-08-29,20Y,20,0.003121920035267292
2019-08-29,25Y,25,0.0031005909753666085
2019-08-29,30Y,30,0.0031140677928702455
2019-08-30,1Y,1,-0.0014703290863669336
2019-08-30,2Y,2,-0.0019252653358162847
2019-08-30,3Y,3,-0.0018901559002291511
2019-08-30,4Y,4,-0.0017704180474177084
2019-08-30,5Y,5,-0.0014713272798099293
2019-08-30,7Y,7,-0.0004265983351360676
2019-08-30,10Y,10,0.0015211586942441707
2019-08-30,15Y,15,0.0030175863418699708
2019-08-30,20Y,20,0.0030812815770463846
2019-08-30,25Y,25,0.00311011729298019
2019-08-30,30Y,30,0.003144141974794798
2019-09-02,1Y,1,-0.0014703244916379813
2019-09-02,2Y,2,-0.0020201894563203534
2019-09-02,3Y,3,-0.0022895478207836982
2019-09-02,4Y,4,-0.0021799021469199806
2019-09-02,5Y,5,-0.0016715404173142847
2019-09-02,7Y,7,-0.0005756614723280064
2019-09-02,10Y,10,0.0013225218581840246
2019-09-02,15Y,15,0.0028044327394290995
2019-09-02,20Y,20,0.0028917440096770043
2019-09-02,25Y,25,0.002916012416212042
2019-09-02,30Y,30,0.0029499642950495857
2019-09-03,1Y,1,-0.0015303511386037423
2019-09-03,2Y,2,-0.002135176599564588
2019-09-03,3Y,3,-0.0022498339190842173
2019-09-03,4Y,4,-0.0021201155613571852
2019-09-03,5Y,5,-0.0018012356750638945
2019-09-03,7Y,7,-0.0007773976741997854
2019-09-03,10Y,10,0.0010340211177209582
2019-09-03,15Y,15,0.0021526677480342054
2019-09-03,20Y,20,0.0021908489869380183
2019-09-03,25Y,25,0.0021778961968044325
2019-09-03,30Y,30,0.0021493304176939862
2019-09-04,1Y,1,-0.0015003376836518964
2019-09-04,2Y,2,-0.0020102399121964282
2019-09-04,3Y,3,-0.0021598026822397275
2019-09-04,4Y,4,-0.002080048419449405
2019-09-04,5Y,5,-0.0017112224397175684
2019-09-04,7Y,7,-0.0006353366721256375
2019-09-04,10Y,10,0.0010983878037366822
2019-09-04,15Y,15,0.002296179175535351
2019-09-04,20Y,20,0.0022989425924219843
2019-09-04,25Y,25,0.0023614439456390453
2019-09-04,30Y,30,0.002322982647994449
2019-09-05,1Y,1,-0.001410312117975489
2019-09-05,2Y,2,-0.0016203910240439742
2019-09-05,3Y,3,-0.0016900575562781145
2019-09-05,4Y,4,-0.0017601033071674883
2019-09-05,5Y,5,-0.0013710618525180416
2019-09-05,7Y,7,-0.00023426370091142543
2019-09-05,10Y,10,0.0015456049746318554
2019-09-05,15Y,15,0.002652165270630966
2019-09-05,20Y,20,0.0026742487004190723
2019-09-05,25Y,25,0.002677053109375508
2019-09-05,30Y,30,0.002679161235733628
2019-09-06,1Y,1,-0.001390309425365227
2019-09-06,2Y,2,-0.0018002516740694833
2019-09-06,3Y,3,-0.0017501996928900034
2019-09-06,4Y,4,-0.001580537045816511
2019-09-06,5Y,5,-0.0012414557349176869
2019-09-06,7Y,7,-0.00002434236125437115
2019-09-06,10Y,10,0.002028678833682141
2019-09-06,15Y,15,0.003664591847835608
2019-09-06,20Y,20,0.003949791711741741
2019-09-06,25Y,25,0.00401713076630896
2019-09-06,30Y,30,0.003970347863418733
2019-09-09,1Y,1,-0.0014603414492668095
2019-09-09,2Y,2,-0.001790348989459198
2019-09-09,3Y,3,-0.001720268885051399
2019-09-09,4Y,4,-0.0015406951622892791
2019-09-09,5Y,5,-0.0011416853894985848
2019-09-09,7Y,7,-0.00003610707171424095
2019-09-09,10Y,10,0.0020288491463092183
2019-09-09,15Y,15,0.0037857598627315434
2019-09-09,20Y,20,0.004071799573858739
2019-09-09,25Y,25,0.004194819103693364
2019-09-09,30Y,30,0.004325097967001217
2019-09-10,1Y,1,-0.0014203267612623459
2019-09-10,2Y,2,-0.0018002903116110104
2019-09-10,3Y,3,-0.0016603549528639387
2019-09-10,4Y,4,-0.0013659155637414859
2019-09-10,5Y,5,-0.00100176419392221
2019-09-10,7Y,7,0.0002241188379476216
2019-09-10,10Y,10,0.002221057799216648
2019-09-10,15Y,15,0.0038415155603588884
2019-09-10,20Y,20,0.004472134534616405
2019-09-10,25Y,25,0.004672742424390239
2019-09-10,30Y,30,0.004784841471442999
2019-09-11,1Y,1,-0.0013503123304439307
2019-09-11,2Y,2,-0.0016103259970659347
2019-09-11,3Y,3,-0.0014503972909519955
2019-09-11,4Y,4,-0.00113594572530886
2019-09-11,5Y,5,-0.0006518242789518352
2019-09-11,7Y,7,0.0004473196776619624
2019-09-11,10Y,10,0.002477503338096352
2019-09-11,15Y,15,0.00405540259947061
2019-09-11,20Y,20,0.004471673598003925
2019-09-11,25Y,25,0.004710966612421321
2019-09-11,30Y,30,0.004822353032206563
2019-09-12,1Y,1,-0.0013603095441370781
2019-09-12,2Y,2,-0.0016752981642110187
2019-09-12,3Y,3,-0.0012406993047645312
2019-09-12,4Y,4,-0.000826218443086591
2019-09-12,5Y,5,-0.0005516010892590126
2019-09-12,7Y,7,0.000595933738506122
2019-09-12,10Y,10,0.0026029422020070903
2019-09-12,15Y,15,0.004461839199858902
2019-09-12,20Y,20,0.004815026129486309
2019-09-12,25Y,25,0.0051060766267203885
2019-09-12,30Y,30,0.005218811966343259
2019-09-13,1Y,1,-0.0011702326300826347
2019-09-13,2Y,2,-0.0012753008926595258
2019-09-13,3Y,3,-0.0006506627857714414
2019-09-13,4Y,4,-0.0002409046113037224
2019-09-13,5Y,5,0.00004912969573252213
2019-09-13,7Y,7,0.001318812984145542
2019-09-13,10Y,10,0.003277807822329555
2019-09-13,15Y,15,0.005064233824861699
2019-09-13,20Y,20,0.0055268168536133574
2019-09-13,25Y,25,0.0057681996349657
2019-09-13,30Y,30,0.005892724597700682
2019-09-16,1Y,1,-0.0012302630215711885
2019-09-16,2Y,2,-0.0012453717020509104
2019-09-16,3Y,3,-0.0012701635245600655
2019-09-16,4Y,4,0.0001336494922770349
2019-09-16,5Y,5,0.0007283972813551935
2019-09-16,7Y,7,0.001319081752131935
2019-09-16,10Y,10,0.0034311672801619567
2019-09-16,15Y,15,0.005238193255061301
2019-09-16,20Y,20,0.0056867105716763965
2019-09-16,25Y,25,0.005902406269117776
2019-09-16,30Y,30,0.006048002323058671
2019-09-17,1Y,1,-0.0012502696452042696
2019-09-17,2Y,2,-0.0013753378297592111
2019-09-17,3Y,3,-0.001210369154241257
2019-09-17,4Y,4,-0.0008808847837519906
2019-09-17,5Y,5,-0.0002416883284878813
2019-09-17,7Y,7,0.001046943845661975
2019-09-17,10Y,10,0.002946840908024779
2019-09-17,15Y,15,0.004754205242376981
2019-09-17,20Y,20,0.00520628957889659
2019-09-17,25Y,25,0.005416688073200235
2019-09-17,30Y,30,0.005508875895055271
2019-09-18,1Y,1,-0.0013603052930427667
2019-09-18,2Y,2,-0.001635322838652368
2019-09-18,3Y,3,-0.001480374220047393
2019-09-18,4Y,4,-0.0012208539218092063
2019-09-18,5Y,5,-0.0006719163643258293
2019-09-18,7Y,7,0.0006071751078921823
2019-09-18,10Y,10,0.0026694805036580156
2019-09-18,15Y,15,0.0045628549848640764
2019-09-18,20Y,20,0.005006123780895141
2019-09-18,25Y,25,0.005254339726197454
2019-09-18,30Y,30,0.005388737790257811
2019-09-19,1Y,1,-0.0015503877092951455
2019-09-19,2Y,2,-0.001920379274014122
2019-09-19,3Y,3,-0.0016905418296975865
2019-09-19,4Y,4,-0.00137615607807288
2019-09-19,5Y,5,-0.0009022575194269984
2019-09-19,7Y,7,0.00043605759803872586
2019-09-19,10Y,10,0.0025743017330721327
2019-09-19,15Y,15,0.004766768879706892
2019-09-19,20Y,20,0.005387352276010467
2019-09-19,25Y,25,0.005752253716098843
2019-09-19,30Y,30,0.005922092557648503
2019-09-20,1Y,1,-0.0015904185977312587
2019-09-20,2Y,2,-0.001955410009981029
2019-09-20,3Y,3,-0.0018903243422333463
2019-09-20,4Y,4,-0.001615990444300712
2019-09-20,5Y,5,-0.0010524410711669975
2019-09-20,7Y,7,0.0003251794746153575
2019-09-20,10Y,10,0.0025870059674901334
2019-09-20,15Y,15,0.004741646014364374
2019-09-20,20Y,20,0.005515826610514306
2019-09-20,25Y,25,0.0059652908710225785
2019-09-20,30Y,30,0.006179453952197297
2019-09-23,1Y,1,-0.0015904185977312587
2019-09-23,2Y,2,-0.001955410009981029
2019-09-23,3Y,3,-0.002169822328350131
2019-09-23,4Y,4,-0.0019655528279321948
2019-09-23,5Y,5,-0.0011927396861372516
2019-09-23,7Y,7,0.0001922146434653561
2019-09-23,10Y,10,0.0023948486787461545
2019-09-23,15Y,15,0.004613836609773856
2019-09-23,20Y,20,0.005376702189190761
2019-09-23,25Y,25,0.005798838421637626
2019-09-23,30Y,30,0.006033247280886361
2019-09-24,1Y,1,-0.0016104268870408703
2019-09-24,2Y,2,-0.0020703498225482795
2019-09-24,3Y,3,-0.0021500451020243765
2019-09-24,4Y,4,-0.0019456087944076106
2019-09-24,5Y,5,-0.001372368770888555
2019-09-24,7Y,7,0.000023962310516432647
2019-09-24,10Y,10,0.002359573170669476
2019-09-24,15Y,15,0.004619626145374873
2019-09-24,20Y,20,0.005396758011287725
2019-09-24,25Y,25,0.005863731751584021
2019-09-24,30Y,30,0.006120168003880885
2019-09-25,1Y,1,-0.0017104908432720202
2019-09-25,2Y,2,-0.002085488139734678
2019-09-25,3Y,3,-0.0019505030490009376
2019-09-25,4Y,4,-0.0017609659651862276
2019-09-25,5Y,5,-0.0012923522856683532
2019-09-25,7Y,7,0.00014437426872688456
2019-09-25,10Y,10,0.0025115388792331657
2019-09-25,15Y,15,0.004915048529133307
2019-09-25,20Y,20,0.005767486618501716
2019-09-25,25Y,25,0.006232148876241729
2019-09-25,30Y,30,0.006417271973794922
2019-09-26,1Y,1,-0.0017004890333203202
2019-09-26,2Y,2,-0.0022353463959562444
2019-09-26,3Y,3,-0.0021404031457626597
2019-09-26,4Y,4,-0.0017861950739944351
2019-09-26,5Y,5,-0.0013226444437515823
2019-09-26,7Y,7,0.0001538994415236361
2019-09-26,10Y,10,0.0024609370866865757
2019-09-26,15Y,15,0.004523219952015879
2019-09-26,20Y,20,0.005211362113694896
2019-09-26,25Y,25,0.005599297370586332
2019-09-26,30Y,30,0.005811265718533851
2019-09-27,1Y,1,-0.0016804801242847086
2019-09-27,2Y,2,-0.0021503891745451175
2019-09-27,3Y,3,-0.00202047433140659
2019-09-27,4Y,4,-0.0016512905158956011
2019-09-27,5Y,5,-0.001132748284113323
2019-09-27,7Y,7,0.0002726420507546505
2019-09-27,10Y,10,0.002606095331126156
2019-09-27,15Y,15,0.004327095511852576
2019-09-27,20Y,20,0.005090305810772546
2019-09-27,25Y,25,0.005439355451481512
2019-09-27,30Y,30,0.005597694296553082
2019-09-30,1Y,1,-0.0016204487841981732
2019-09-30,2Y,2,-0.002080356242604584
2019-09-30,3Y,3,-0.002000367845754917
2019-09-30,4Y,4,-0.0014416024845395766
2019-09-30,5Y,5,-0.0007631788800827196
2019-09-30,7Y,7,0.0006755808095571564
2019-09-30,10Y,10,0.0029646976853734083
2019-09-30,15Y,15,0.005102820031084925
2019-09-30,20Y,20,0.00576813444049949
2019-09-30,25Y,25,0.006132018123873145
2019-09-30,30Y,30,0.006356208775875348
2019-10-01,1Y,1,-0.001440370078040628
2019-10-01,2Y,2,-0.0017103756364304232
2019-10-01,3Y,3,-0.0022393008514097496
2019-10-01,4Y,4,-0.0019354692510185506
2019-10-01,5Y,5,-0.000673632484212264
2019-10-01,7Y,7,0.0008974063575017785
2019-10-01,10Y,10,0.003019251679776392
2019-10-01,15Y,15,0.004992872580875584
2019-10-01,20Y,20,0.005623229610210301
2019-10-01,25Y,25,0.005940109099477789
2019-10-01,30Y,30,0.0061309989079684464
2019-10-02,1Y,1,-0.0015604136194883795
2019-10-02,2Y,2,-0.0019104005809703895
2019-10-02,3Y,3,-0.0018403433799835927
2019-10-02,4Y,4,-0.0014861457634238293
2019-10-02,5Y,5,-0.0007727930140774609
2019-10-02,7Y,7,0.000865997815995812
2019-10-02,10Y,10,0.003153492822946205
2019-10-02,15Y,15,0.00501337125547446
2019-10-02,20Y,20,0.005699025079935747
2019-10-02,25Y,25,0.006044576529575792
2019-10-02,30Y,30,0.006194042821443435
2019-10-03,1Y,1,-0.0016804748725374647
2019-10-03,2Y,2,-0.002230319255123581
2019-10-03,3Y,3,-0.002280111771036152
2019-10-03,4Y,4,-0.0018761409529060515
2019-10-03,5Y,5,-0.001173270262291623
2019-10-03,7Y,7,0.0003717841341495179
2019-10-03,10Y,10,0.0026400881829733327
2019-10-03,15Y,15,0.004460580009632925
2019-10-03,20Y,20,0.005027151610112553
2019-10-03,25Y,25,0.0054077929181001495
2019-10-03,30Y,30,0.005555110926394216
2019-10-04,1Y,1,-0.0017505143702413208
2019-10-04,2Y,2,-0.002070560690108208
2019-10-04,3Y,3,-0.0019105745933115815
2019-10-04,4Y,4,-0.0016362699148854444
2019-10-04,5Y,5,-0.0010527938923150949
2019-10-04,7Y,7,0.00040486887518868635
2019-10-04,10Y,10,0.0027516685470512655
2019-10-04,15Y,15,0.004574620038309487
2019-10-04,20Y,20,0.005250517733192711
2019-10-04,25Y,25,0.005658853339531891
2019-10-04,30Y,30,0.0058285472450077536
2019-10-07,1Y,1,-0.001800574096085219
2019-10-07,2Y,2,-0.0023104403506500996
2019-10-07,3Y,3,-0.002100712505838956
2019-10-07,4Y,4,-0.0016516782982468363
2019-10-07,5Y,5,-0.0011730825104560912
2019-10-07,7Y,7,0.000364096291094353
2019-10-07,10Y,10,0.0026837762549476794
2019-10-07,15Y,15,0.004558606019982813
2019-10-07,20Y,20,0.005263251988274671
2019-10-07,25Y,25,0.005745270634084713
2019-10-07,30Y,30,0.005968701917364055
2019-10-08,1Y,1,-0.0017205195251933248
2019-10-08,2Y,2,-0.002180425805162067
2019-10-08,3Y,3,-0.0021603286410661034
2019-10-08,4Y,4,-0.0017912436743860063
2019-10-08,5Y,5,-0.0011929901187537652
2019-10-08,7Y,7,0.0003639406760781059
2019-10-08,10Y,10,0.002693614594596987
2019-10-08,15Y,15,0.004506192337848122
2019-10-08,20Y,20,0.005249452670707547
2019-10-08,25Y,25,0.005713759064736523
2019-10-08,30Y,30,0.00595789755931585
2019-10-09,1Y,1,-0.0016805011317593188
2019-10-09,2Y,2,-0.001995511358476726
2019-10-09,3Y,3,-0.001800639338837705
2019-10-09,4Y,4,-0.0014114644764304531
2019-10-09,5Y,5,-0.0008726960997958444
2019-10-09,7Y,7,0.0005456743554488235
2019-10-09,10Y,10,0.0029504752499304046
2019-10-09,15Y,15,0.00477846338437483
2019-10-09,20Y,20,0.005420215511079409
2019-10-09,25Y,25,0.005941882456947255
2019-10-09,30Y,30,0.006186832873915904
2019-10-10,1Y,1,-0.0016104570843604995
2019-10-10,2Y,2,-0.001875494961535139
2019-10-10,3Y,3,-0.0016306673161763634
2019-10-10,4Y,4,-0.0013362430238570634
2019-10-10,5Y,5,-0.0007824407009646619
2019-10-10,7Y,7,0.0007163748528082759
2019-10-10,10Y,10,0.0029685151985281493
2019-10-10,15Y,15,0.004855192218713819
2019-10-10,20Y,20,0.005437874036378177
2019-10-10,25Y,25,0.005876630023227932
2019-10-10,30Y,30,0.00612030618370962
2019-10-11,1Y,1,-0.0015104050734101146
2019-10-11,2Y,2,-0.0016255131039213545
2019-10-11,3Y,3,-0.0013106942215295012
2019-10-11,4Y,4,-0.0010211798589799715
2019-10-11,5Y,5,-0.00048200774798339095
2019-10-11,7Y,7,0.000997962590654192
2019-10-11,10Y,10,0.003249300635433727
2019-10-11,15Y,15,0.005057970550904989
2019-10-11,20Y,20,0.005672666713052716
2019-10-11,25Y,25,0.006061270548639005
2019-10-11,30Y,30,0.00624186256746416
2019-10-14,1Y,1,-0.0015704152913520494
2019-10-14,2Y,2,-0.0019703703015283946
2019-10-14,3Y,3,-0.0018104738600620903
2019-10-14,4Y,4,-0.0013763601755576553
2019-10-14,5Y,5,-0.00007377229993543299
2019-10-14,7Y,7,0.0009482262620899473
2019-10-14,10Y,10,0.0031993899606957725
2019-10-14,15Y,15,0.005007342041559127
2019-10-14,20Y,20,0.005621569816837667
2019-10-14,25Y,25,0.006009832056264933
2019-10-14,30Y,30,0.0061902462697694585
2019-10-15,1Y,1,-0.0014604007801841347
2019-10-15,2Y,2,-0.0017703621678118106
2019-10-15,3Y,3,-0.0013408295428695108
2019-10-15,4Y,4,-0.0008215057958102703
2019-10-15,5Y,5,-0.000471962243233268
2019-10-15,7Y,7,0.0009680629063689491
2019-10-15,10Y,10,0.0031081679870554255
2019-10-15,15Y,15,0.004940289161902467
2019-10-15,20Y,20,0.005529075910224423
2019-10-15,25Y,25,0.005913385344904962
2019-10-15,30Y,30,0.006030118925172592
2019-10-16,1Y,1,-0.0015003517493333294
2019-10-16,2Y,2,-0.0016055079939185694
2019-10-16,3Y,3,-0.0013205841983488357
2019-10-16,4Y,4,-0.0011210127152859448
2019-10-16,5Y,5,-0.0005419671782287954
2019-10-16,7Y,7,0.000857651691456642
2019-10-16,10Y,10,0.0030774998954635454
2019-10-16,15Y,15,0.0048480673828068055
2019-10-16,20Y,20,0.005532067588461526
2019-10-16,25Y,25,0.005883062836100142
2019-10-16,30Y,30,0.006052366854653749
2019-10-17,1Y,1,-0.0015004173943419874
2019-10-17,2Y,2,-0.0015355467601667042
2019-10-17,3Y,3,-0.0013205974457884775
2019-10-17,4Y,4,-0.0010960444248561615
2019-10-17,5Y,5,-0.0005119702869086093
2019-10-17,7Y,7,0.0008757609738729724
2019-10-17,10Y,10,0.0031815029104274757
2019-10-17,15Y,15,0.004863156363540127
2019-10-17,20Y,20,0.0054922231342065106
2019-10-17,25Y,25,0.0058617085933374705
2019-10-17,30Y,30,0.006051832824993211
2019-10-18,1Y,1,-0.00134035274186935
2019-10-18,2Y,2,-0.0018301611177610581
2019-10-18,3Y,3,-0.0014607106995205967
2019-10-18,4Y,4,-0.0007915764439227809
2019-10-18,5Y,5,-0.00047200337218900913
2019-10-18,7Y,7,0.0009680038225441247
2019-10-18,10Y,10,0.00318883621151529
2019-10-18,15Y,15,0.005027722660780202
2019-10-18,20Y,20,0.00580046317743433
2019-10-18,25Y,25,0.006156845911716267
2019-10-18,30Y,30,0.006327698621994157
2019-10-21,1Y,1,-0.0013103472980631984
2019-10-21,2Y,2,-0.0017551783691793959
2019-10-21,3Y,3,-0.001270817302052899
2019-10-21,4Y,4,-0.0005915634067783196
2019-10-21,5Y,5,-0.00033175340735471523
2019-10-21,7Y,7,0.0010567806886248392
2019-10-21,10Y,10,0.0035086656250319904
2019-10-21,15Y,15,0.005335010928087502
2019-10-21,20Y,20,0.0060561449587047626
2019-10-21,25Y,25,0.006397014360425338
2019-10-21,30Y,30,0.006547300722532651
2019-10-22,1Y,1,-0.0013603733152711527
2019-10-22,2Y,2,-0.0015853519664923374
2019-10-22,3Y,3,-0.0015004072473763404
2019-10-22,4Y,4,-0.0011160507438877179
2019-10-22,5Y,5,-0.0005320653121681806
2019-10-22,7Y,7,0.0009115850482228215
2019-10-22,10Y,10,0.0032251212004437866
2019-10-22,15Y,15,0.005143474170451873
2019-10-22,20Y,20,0.0058714634101793735
2019-10-22,25Y,25,0.006242072906347881
2019-10-22,30Y,30,0.006424009950259521
2019-10-23,1Y,1,-0.0013803727680947084
2019-10-23,2Y,2,-0.0018601904744547583
2019-10-23,3Y,3,-0.0014407937855145884
2019-10-23,4Y,4,-0.0008215777925555108
2019-10-23,5Y,5,-0.0005419768545904995
2019-10-23,7Y,7,0.0008057296767741418
2019-10-23,10Y,10,0.0031277847530797507
2019-10-23,15Y,15,0.005097432072024727
2019-10-23,20Y,20,0.00575582431477078
2019-10-23,25Y,25,0.006073059622817818
2019-10-23,30Y,30,0.006232589479913966
2019-10-24,1Y,1,-0.0014603733957971397
2019-10-24,2Y,2,-0.0017853525420166599
2019-10-24,3Y,3,-0.0012409081578744674
2019-10-24,4Y,4,-0.0007864465601642358
2019-10-24,5Y,5,-0.0005417552284485627
2019-10-24,7Y,7,0.0008859971877113394
2019-10-24,10Y,10,0.0031247513908938956
2019-10-24,15Y,15,0.005066846754807389
2019-10-24,20Y,20,0.005690490420309986
2019-10-24,25Y,25,0.005944888559420968
2019-10-24,30Y,30,0.006029494569701493
2019-10-25,1Y,1,-0.0012502930894539976
2019-10-25,2Y,2,-0.001405324189667566
2019-10-25,3Y,3,-0.0011504952468750261
2019-10-25,4Y,4,-0.000845889489041283
2019-10-25,5Y,5,-0.0004214513014988482
2019-10-25,7Y,7,0.0009665736023048532
2019-10-25,10Y,10,0.0032088739422649944
2019-10-25,15Y,15,0.005155579083574433
2019-10-25,20Y,20,0.0056498142309231785
2019-10-25,25Y,25,0.005899746986197522
2019-10-25,30Y,30,0.00596244033328922
2019-10-28,1Y,1,-0.001170280175335787
2019-10-28,2Y,2,-0.0013902467497228994
2019-10-28,3Y,3,-0.0009306492823031997
2019-10-28,4Y,4,-0.0004610382974315347
2019-10-28,5Y,5,-0.00018118084846726864
2019-10-28,7Y,7,0.0010796719707167604
2019-10-28,10Y,10,0.0032337410020951947
2019-10-28,15Y,15,0.005092513400995266
2019-10-28,20Y,20,0.005605313641324983
2019-10-28,25Y,25,0.0058124504113110775
2019-10-28,30Y,30,0.0058741658430643915
2019-10-29,1Y,1,-0.0010001875617945582
2019-10-29,2Y,2,-0.001445042388332063
2019-10-29,3Y,3,-0.0010804567078741276
2019-10-29,4Y,4,-0.0005059933809020152
2019-10-29,5Y,5,-0.00026117767765059105
2019-10-29,7Y,7,0.0011394611399931655
2019-10-29,10Y,10,0.0033608525117374056
2019-10-29,15Y,15,0.005159789800659226
2019-10-29,20Y,20,0.005761595154397739
2019-10-29,25Y,25,0.0059814197471062995
2019-10-29,30Y,30,0.0060651788351765434
2019-10-30,1Y,1,-0.0010602047845531962
2019-10-30,2Y,2,-0.0012202209127736977
2019-10-30,3Y,3,-0.00104031683556205
2019-10-30,4Y,4,-0.0007156984005038676
2019-10-30,5Y,5,-0.0002711817000491264
2019-10-30,7Y,7,0.0011172904327049632
2019-10-30,10Y,10,0.003115621251378941
2019-10-30,15Y,15,0.004931691787652313
2019-10-30,20Y,20,0.00548211059901316
2019-10-30,25Y,25,0.0057505242144365925
2019-10-30,30Y,30,0.0058442082884723615
2019-10-31,1Y,1,-0.0012402798902463143
2019-10-31,2Y,2,-0.0017800754449293328
2019-10-31,3Y,3,-0.0014405681607259698
2019-10-31,4Y,4,-0.0008363350071005555
2019-10-31,5Y,5,-0.000561763296328322
2019-10-31,7Y,7,0.0007377711143126795
2019-10-31,10Y,10,0.0027709574637848873
2019-10-31,15Y,15,0.00436349718000879
2019-10-31,20Y,20,0.004876652030871655
2019-10-31,25Y,25,0.00511596508245093
2019-10-31,30Y,30,0.0051763738265671625
2019-11-01,1Y,1,-0.0015003658154051885
2019-11-01,2Y,2,-0.0018753431763639495
2019-11-01,3Y,3,-0.0012210184273969092
2019-11-01,4Y,4,-0.0008114778401085978
2019-11-01,5Y,5,-0.0007016314493550257
2019-11-01,7Y,7,0.000617517223643939
2019-11-01,10Y,10,0.0026667076930932455
2019-11-01,15Y,15,0.004242911004495683
2019-11-01,20Y,20,0.004771475580168727
2019-11-01,25Y,25,0.00505419688784263
2019-11-01,30Y,30,0.005093929687476925
2019-11-04,1Y,1,-0.0015003658154051885
2019-11-04,2Y,2,-0.0015755241354586602
2019-11-04,3Y,3,-0.0017998831091805554
2019-11-04,4Y,4,-0.00116146731081033
2019-11-04,5Y,5,-0.000183040636933955
2019-11-04,7Y,7,0.0005774924619521837
2019-11-04,10Y,10,0.0026697668563583094
2019-11-04,15Y,15,0.004242115564372616
2019-11-04,20Y,20,0.004769064901142124
2019-11-04,25Y,25,0.00503378844441832
2019-11-04,30Y,30,0.005073439523495835
2019-11-05,1Y,1,-0.0010101888067824418
2019-11-05,2Y,2,-0.0014150713020381507
2019-11-05,3Y,3,-0.0009305429173649459
2019-11-05,4Y,4,-0.0003360229622870537
2019-11-05,5Y,5,-0.0001610244008064727
2019-11-05,7Y,7,0.0010477699588378124
2019-11-05,10Y,10,0.003125354018227455
2019-11-05,15Y,15,0.0048343768457004025
2019-11-05,20Y,20,0.005332326008769633
2019-11-05,25Y,25,0.005581488538581116
2019-11-05,30Y,30,0.005653222834444571
2019-11-06,1Y,1,-0.0008001375357389475
2019-11-06,2Y,2,-0.0011750146624871784
2019-11-06,3Y,3,-0.0010002429812824964
2019-11-06,4Y,4,-0.0004207285120301611
2019-11-06,5Y,5,-9.948486557579024e-7
2019-11-06,7Y,7,0.001148177369089375
2019-11-06,10Y,10,0.0032265541901458743
2019-11-06,15Y,15,0.0048992618762974905
2019-11-06,20Y,20,0.0054309482237426075
2019-11-06,25Y,25,0.005674126426293084
2019-11-06,30Y,30,0.005745997580941329
2019-11-07,1Y,1,-0.0006900910143546014
2019-11-07,2Y,2,-0.0007701002619698366
2019-11-07,3Y,3,0.00026981121032303845
2019-11-07,4Y,4,0.0008249636246610694
2019-11-07,5Y,5,0.0006304905166456602
2019-11-07,7Y,7,0.0018458647011445743
2019-11-07,10Y,10,0.003696827640090437
2019-11-07,15Y,15,0.005521826077545656
2019-11-07,20Y,20,0.00604753816329183
2019-11-07,25Y,25,0.006312899465769264
2019-11-07,30Y,30,0.006385675939914907
2019-11-08,1Y,1,-0.0006500548580697067
2019-11-08,2Y,2,-0.000535118652885317
2019-11-08,3Y,3,-0.00021015900759340205
2019-11-08,4Y,4,0.00008481724239403296
2019-11-08,5Y,5,0.0007100822617230507
2019-11-08,7Y,7,0.0018053682022228703
2019-11-08,10Y,10,0.003774325185449323
2019-11-08,15Y,15,0.005647637807856649
2019-11-08,20Y,20,0.006319540318480718
2019-11-08,25Y,25,0.006558756750476124
2019-11-08,30Y,30,0.00671770579247929
2019-11-11,1Y,1,-0.000590064912634645
2019-11-11,2Y,2,-0.0009049940183731491
2019-11-11,3Y,3,-0.0003302734789954151
2019-11-11,4Y,4,0.00033956837375664916
2019-11-11,5Y,5,0.0004999703560049506
2019-11-11,7Y,7,0.0017229239560772438
2019-11-11,10Y,10,0.0037772110296433467
2019-11-11,15Y,15,0.0057294601606324765
2019-11-11,20Y,20,0.006329191905772861
2019-11-11,25Y,25,0.006677300746004592
2019-11-11,30Y,30,0.0068375820731837985
2019-11-12,1Y,1,-0.00047004348167177735
2019-11-12,2Y,2,-0.000405062960759402
2019-11-12,3Y,3,-0.0002900738581044997
2019-11-12,4Y,4,-0.00035005573009600963
2019-11-12,5Y,5,0.000790145676520485
2019-11-12,7Y,7,0.002026337392359698
2019-11-12,10Y,10,0.0039700876876652864
2019-11-12,15Y,15,0.005829988025263422
2019-11-12,20Y,20,0.0065120584970652425
2019-11-12,25Y,25,0.006842046698260532
2019-11-12,30Y,30,0.006949544592343035
2019-11-13,1Y,1,-0.0006500751725886947
2019-11-13,2Y,2,-0.0007400851631641973
2019-11-13,3Y,3,-0.0005501554651856797
2019-11-13,4Y,4,-0.00016035466345319942
2019-11-13,5Y,5,0.00041961376055168803
2019-11-13,7Y,7,0.0016823862061859447
2019-11-13,10Y,10,0.003544682622752568
2019-11-13,15Y,15,0.0056478820492741715
2019-11-13,20Y,20,0.006290271741882821
2019-11-13,25Y,25,0.006574457879042564
2019-11-13,30Y,30,0.00673434332749763
2019-11-14,1Y,1,-0.0007400929859116524
2019-11-14,2Y,2,-0.000910088714955376
2019-11-14,3Y,3,-0.0008401038960072771
2019-11-14,4Y,4,-0.00046543952823879884
2019-11-14,5Y,5,0.00010919739039708695
2019-11-14,7Y,7,0.0012706457792019984
2019-11-14,10Y,10,0.0032541277423424114
2019-11-14,15Y,15,0.0053408547584644014
2019-11-14,20Y,20,0.006005811560332178
2019-11-14,25Y,25,0.006220321513558358
2019-11-14,30Y,30,0.006315485343041699
2019-11-15,1Y,1,-0.0006900780748634477
2019-11-15,2Y,2,-0.0007850959009815994
2019-11-15,3Y,3,-0.0006101524514576376
2019-11-15,4Y,4,-0.0002653702059761398
2019-11-15,5Y,5,0.00024948782729448623
2019-11-15,7Y,7,0.001503576376756217
2019-11-15,10Y,10,0.0034432578545105694
2019-11-15,15Y,15,0.005525849934201195
2019-11-15,20Y,20,0.0061559131863331675
2019-11-15,25Y,25,0.006396080463989247
2019-11-15,30Y,30,0.0064915500413282815
2019-11-18,1Y,1,-0.0007100838891912323
2019-11-18,2Y,2,-0.0008800793695424049
2019-11-18,3Y,3,-0.0007101582720866324
2019-11-18,4Y,4,-0.0003853958529313078
2019-11-18,5Y,5,0.00006936957340801259
2019-11-18,7Y,7,0.001298782609061004
2019-11-18,10Y,10,0.0033447856668819276
2019-11-18,15Y,15,0.00540161592535642
2019-11-18,20Y,20,0.005960976294597118
2019-11-18,25Y,25,0.006250777626428443
2019-11-18,30Y,30,0.006346136691983085
2019-11-19,1Y,1,-0.0007200846210973883
2019-11-19,2Y,2,-0.001164960922698186
2019-11-19,3Y,3,-0.0006403577071201398
2019-11-19,4Y,4,0.00002428248563806929
2019-11-19,5Y,5,0.00015948946610905052
2019-11-19,7Y,7,0.0014013299970430319
2019-11-19,10Y,10,0.0034058782770455456
2019-11-19,15Y,15,0.005463373927919627
2019-11-19,20Y,20,0.005996710420744122
2019-11-19,25Y,25,0.006313411465253852
2019-11-19,30Y,30,0.006461809299737721
2019-11-20,1Y,1,-0.0008301126010926474
2019-11-20,2Y,2,-0.000870160906334643
2019-11-20,3Y,3,-0.0006502231075390157
2019-11-20,4Y,4,-0.0004054171129079919
2019-11-20,5Y,5,0.00009934160383553601
2019-11-20,7Y,7,0.0012287282750523647
2019-11-20,10Y,10,0.0032037720388834383
2019-11-20,15Y,15,0.005279380148001991
2019-11-20,20Y,20,0.005860569085783172
2019-11-20,25Y,25,0.006061323937210719
2019-11-20,30Y,30,0.0061343729864411
2019-11-21,1Y,1,-0.0009001153514342093
2019-11-21,2Y,2,-0.0008752052255615412
2019-11-21,3Y,3,-0.00058026919359745
2019-11-21,4Y,4,-0.00035544330850012995
2019-11-21,5Y,5,0.00009937874935844141
2019-11-21,7Y,7,0.0011806625735338782
2019-11-21,10Y,10,0.003119297092429439
2019-11-21,15Y,15,0.005090506561307116
2019-11-21,20Y,20,0.005594031300480043
2019-11-21,25Y,25,0.005756098060538858
2019-11-21,30Y,30,0.005796072602309318
2019-11-22,1Y,1,-0.0007000831448080604
2019-11-22,2Y,2,-0.0008050963960073224
2019-11-22,3Y,3,-0.0007201079612110512
2019-11-22,4Y,4,-0.0004353436105640296
2019-11-22,5Y,5,0.0000993571591795619
2019-11-22,7Y,7,0.0012687457888082257
2019-11-22,10Y,10,0.003223864104468026
2019-11-22,15Y,15,0.005205626205833228
2019-11-22,20Y,20,0.005763121294867691
2019-11-22,25Y,25,0.0058919520999903855
2019-11-22,30Y,30,0.005963757349121296
2019-11-25,1Y,1,-0.000720089121724211
2019-11-25,2Y,2,-0.0008700890669398584
2019-11-25,3Y,3,-0.0007601291345850865
2019-11-25,4Y,4,-0.0004603766318907179
2019-11-25,5Y,5,0.00006929967696870797
2019-11-25,7Y,7,0.0012586569626987544
2019-11-25,10Y,10,0.0031767762715239523
2019-11-25,15Y,15,0.005239057159400949
2019-11-25,20Y,20,0.005818054999587637
2019-11-25,25Y,25,0.006040907067702324
2019-11-25,30Y,30,0.006166798975276966
2019-11-26,1Y,1,-0.0007400860474809286
2019-11-26,2Y,2,-0.0012549256300083596
2019-11-26,3Y,3,-0.0007803499944920414
2019-11-26,4Y,4,-0.00018574947483952537
2019-11-26,5Y,5,-0.00004068386540701072
2019-11-26,7Y,7,0.0011604198287411514
2019-11-26,10Y,10,0.003129154974950466
2019-11-26,15Y,15,0.004939585788259787
2019-11-26,20Y,20,0.005534217472332497
2019-11-26,25Y,25,0.005767912720219839
2019-11-26,30Y,30,0.005798179764765451
2019-11-27,1Y,1,-0.0007500820539617386
2019-11-27,2Y,2,-0.001249937712280089
2019-11-27,3Y,3,-0.0008503002343471698
2019-11-27,4Y,4,-0.000275725812506679
2019-11-27,5Y,5,-0.00008075652042172066
2019-11-27,7Y,7,0.0010801244231392801
2019-11-27,10Y,10,0.003024572855698451
2019-11-27,15Y,15,0.004882558462601199
2019-11-27,20Y,20,0.005432305695734928
2019-11-27,25Y,25,0.005664064467589146
2019-11-27,30Y,30,0.005715097390406066
2019-11-28,1Y,1,-0.0006500629836517357
2019-11-28,2Y,2,-0.0010849521644846632
2019-11-28,3Y,3,-0.0007302323825520327
2019-11-28,4Y,4,-0.00022055499529665952
2019-11-28,5Y,5,-5.83169484619445e-7
2019-11-28,7Y,7,0.0011805492672705333
2019-11-28,10Y,10,0.0030922269718164823
2019-11-28,15Y,15,0.005011472418226444
2019-11-28,20Y,20,0.005541704575519824
2019-11-28,25Y,25,0.0058094492813830206
2019-11-28,30Y,30,0.0058924910351911
2019-11-29,1Y,1,-0.0006000506364910344
2019-11-29,2Y,2,-0.0010649280123945387
2019-11-29,3Y,3,-0.0005802648512738044
2019-11-29,4Y,4,9.436057739481852e-6
2019-11-29,5Y,5,0.00012959728382417744
2019-11-29,7Y,7,0.0013031427249562708
2019-11-29,10Y,10,0.0032909718106953526
2019-11-29,15Y,15,0.005198533220158791
2019-11-29,20Y,20,0.005848489360049591
2019-11-29,25Y,25,0.006101945803109241
2019-11-29,30Y,30,0.006154393067096003
2019-12-02,1Y,1,-0.0004400319048390227
2019-12-02,2Y,2,-0.0007849588798444012
2019-12-02,3Y,3,-0.00038016142764674365
2019-12-02,4Y,4,0.0002196680377426454
2019-12-02,5Y,5,0.00042991736187218455
2019-12-02,7Y,7,0.0016444991832557565
2019-12-02,10Y,10,0.0035209634540073432
2019-12-02,15Y,15,0.005434818407546248
2019-12-02,20Y,20,0.006061417169434428
2019-12-02,25Y,25,0.006264276485131822
2019-12-02,30Y,30,0.0062738422305801955
2019-12-03,1Y,1,-0.0007400444209398843
2019-12-03,2Y,2,-0.0011050079809996462
2019-12-03,3Y,3,-0.0008801150421075266
2019-12-03,4Y,4,-0.0005004744110128463
2019-12-03,5Y,5,-0.00003083962165655193
2019-12-03,7Y,7,0.0011982281477334147
2019-12-03,10Y,10,0.0032165070712827483
2019-12-03,15Y,15,0.005069347074574467
2019-12-03,20Y,20,0.005652492104631049
2019-12-03,25Y,25,0.00589399296633392
2019-12-03,30Y,30,0.005935202656341817
2019-12-04,1Y,1,-0.000500039069417081
2019-12-04,2Y,2,-0.0008449672562476072
2019-12-04,3Y,3,-0.00014021629225437259
2019-12-04,4Y,4,0.0004446881545630186
2019-12-04,5Y,5,0.00046011116277829174
2019-12-04,7Y,7,0.0017350167944860104
2019-12-04,10Y,10,0.0035919241022136766
2019-12-04,15Y,15,0.005639641444947657
2019-12-04,20Y,20,0.006235275053759122
2019-12-04,25Y,25,0.006485447813975889
2019-12-04,30Y,30,0.006591217629776808
2019-12-05,1Y,1,-0.0004700361371247874
2019-12-05,2Y,2,-0.0005050496469487249
2019-12-05,3Y,3,-0.00031009231216456306
2019-12-05,4Y,4,-1.693823871116171e-7
2019-12-05,5Y,5,0.00044991568682148207
2019-12-05,7Y,7,0.0015842982683389368
2019-12-05,10Y,10,0.0034128491936330245
2019-12-05,15Y,15,0.005415607022814169
2019-12-05,20Y,20,0.00599174689935443
2019-12-05,25Y,25,0.0062545980003711685
2019-12-05,30Y,30,0.006296292717415599
2019-12-06,1Y,1,-0.0004700376060070422
2019-12-06,2Y,2,-0.0002750671965275971
2019-12-06,3Y,3,0.00004992578075040235
2019-12-06,4Y,4,0.0002750031558847344
2019-12-06,5Y,5,0.000720336594740962
2019-12-06,7Y,7,0.0019037550985110032
2019-12-06,10Y,10,0.0037602852448326983
2019-12-06,15Y,15,0.005754239155167873
2019-12-06,20Y,20,0.006376175244906584
2019-12-06,25Y,25,0.006618731071985934
2019-12-06,30Y,30,0.006671637022658253
2019-12-09,1Y,1,-0.00034002040232577606
2019-12-09,2Y,2,-0.0003050318661046608
2019-12-09,3Y,3,-0.00016004673655974322
2019-12-09,4Y,4,0.00010993868835289944
2019-12-09,5Y,5,0.0006201429640987359
2019-12-09,7Y,7,0.0017349767320570123
2019-12-09,10Y,10,0.0035747951743206195
2019-12-09,15Y,15,0.005598781746627555
2019-12-09,20Y,20,0.0062138632973933695
2019-12-09,25Y,25,0.006461959962254795
2019-12-09,30Y,30,0.006482800283039861
2019-12-10,1Y,1,-0.00038003254153040817
2019-12-10,2Y,2,-0.0006049902469237286
2019-12-10,3Y,3,-0.00012012482768643685
2019-12-10,4Y,4,0.0004048376107841201
2019-12-10,5Y,5,0.00047013688965082004
2019-12-10,7Y,7,0.0015845283005629968
2019-12-10,10Y,10,0.0033691013539767444
2019-12-10,15Y,15,0.005375026894687452
2019-12-10,20Y,20,0.005996184334938419
2019-12-10,25Y,25,0.006211743625240313
2019-12-10,30Y,30,0.006295300067943874
2019-12-11,1Y,1,-0.0003100191831879063
2019-12-11,2Y,2,-0.0002750269087308726
2019-12-11,3Y,3,-0.0002700180099868849
2019-12-11,4Y,4,-0.00004507116545382522
2019-12-11,5Y,5,0.0004599763643071165
2019-12-11,7Y,7,0.0014739961786539215
2019-12-11,10Y,10,0.0031703220543297184
2019-12-11,15Y,15,0.005310266334011151
2019-12-11,20Y,20,0.005827962826153898
2019-12-11,25Y,25,0.006118030812905869
2019-12-11,30Y,30,0.00620167903898875
2019-12-12,1Y,1,-0.00034002040232577606
2019-12-12,2Y,2,-0.00014003355992627073
2019-12-12,3Y,3,0.00013997509181944308
2019-12-12,4Y,4,0.00032006119544565625
2019-12-12,5Y,5,0.0007704357934319771
2019-12-12,7Y,7,0.0017853948217722733
2019-12-12,10Y,10,0.00353782153829898
2019-12-12,15Y,15,0.005606365005458168
2019-12-12,20Y,20,0.006234812047372291
2019-12-12,25Y,25,0.006492257400827487
2019-12-12,30Y,30,0.006587300635596352
2019-12-13,1Y,1,-0.00036002115263677006
2019-12-13,2Y,2,-0.0003350345401184502
2019-12-13,3Y,3,-0.00024004077164742994
2019-12-13,4Y,4,-0.000060083115641685356
2019-12-13,5Y,5,0.00032993569207247073
2019-12-13,7Y,7,0.0014718535862979951
2019-12-13,10Y,10,0.0032609680645817657
2019-12-13,15Y,15,0.00527069485337842
2019-12-13,20Y,20,0.0058704432649311095
2019-12-13,25Y,25,0.006076147264005292
2019-12-13,30Y,30,0.006127650163362221
2019-12-16,1Y,1,-0.0003000140639939917
2019-12-16,2Y,2,-0.0005699713507422585
2019-12-16,3Y,3,-7.903810223799587e-8
2019-12-16,4Y,4,0.0005749310531609983
2019-12-16,5Y,5,0.0006002994956927799
2019-12-16,7Y,7,0.0016027517226958163
2019-12-16,10Y,10,0.00342284988325397
2019-12-16,15Y,15,0.005338862889672615
2019-12-16,20Y,20,0.0059112446167378305
2019-12-16,25Y,25,0.006167557040444551
2019-12-16,30Y,30,0.006240297312721454
2019-12-17,1Y,1,-0.0002100077442962097
2019-12-17,2Y,2,-0.0004599717837741618
2019-12-17,3Y,3,0.000029960268826363125
2019-12-17,4Y,4,0.0005649849606027005
2019-12-17,5Y,5,0.0006303333968775947
2019-12-17,7Y,7,0.0016047604788838338
2019-12-17,10Y,10,0.0032780684675837767
2019-12-17,15Y,15,0.005241105436264434
2019-12-17,20Y,20,0.005748649267205919
2019-12-17,25Y,25,0.0059878495231599415
2019-12-17,30Y,30,0.006038584978906155
2019-12-18,1Y,1,-0.00023000819442052295
2019-12-18,2Y,2,-0.00008501459152626328
2019-12-18,3Y,3,0.0001299920284271113
2019-12-18,4Y,4,0.0002650457822808986
2019-12-18,5Y,5,0.0006403034573673196
2019-12-18,7Y,7,0.0015625472489917448
2019-12-18,10Y,10,0.003341844377845719
2019-12-18,15Y,15,0.005277550045629356
2019-12-18,20Y,20,0.005924777526817623
2019-12-18,25Y,25,0.00616704098412069
2019-12-18,30Y,30,0.006239884281142938
2019-12-19,1Y,1,-0.00010000156255537276
2019-12-19,2Y,2,0.000019999583082586662
2019-12-19,3Y,3,0.0000800003727630003
2019-12-19,4Y,4,0.0002400472950770021
2019-12-19,5Y,5,0.0006502704253298599
2019-12-19,7Y,7,0.001572500511263861
2019-12-19,10Y,10,0.0033180998479230405
2019-12-19,15Y,15,0.005264997650900623
2019-12-19,20Y,20,0.005874724955919472
2019-12-19,25Y,25,0.006039638351970952
2019-12-19,30Y,30,0.006090295889574762
2019-12-20,1Y,1,0.00006999877502860087
2019-12-20,2Y,2,-0.00012499112258275186
2019-12-20,3Y,3,0.00021003983633883605
2019-12-20,4Y,4,0.0006901596808239681
2019-12-20,5Y,5,0.0008605611413550493
2019-12-20,7Y,7,0.0018154540394236338
2019-12-20,10Y,10,0.003560623911303993
2019-12-20,15Y,15,0.0056330006267931035
2019-12-20,20Y,20,0.006253807785589313
2019-12-20,25Y,25,0.006489335223987649
2019-12-20,30Y,30,0.006573431345844374
2019-12-23,1Y,1,0.00005999910001806827
2019-12-23,2Y,2,-0.00010499370764003777
2019-12-23,3Y,3,-0.00001999868532809387
2019-12-23,4Y,4,0.0004250649398878513
2019-12-23,5Y,5,0.0008304237822793983
2019-12-23,7Y,7,0.0018855933426108094
2019-12-23,10Y,10,0.003227307602241993
2019-12-23,15Y,15,0.005736556166341772
2019-12-23,20Y,20,0.006273996011834364
2019-12-23,25Y,25,0.0063436273856512255
2019-12-23,30Y,30,0.006436954845033607
2019-12-24,1Y,1,0.00005999928751388435
2019-12-24,2Y,2,0.00012500188623297933
2019-12-24,3Y,3,0.00034004549064195483
2019-12-24,4Y,4,0.0006502211275699055
2019-12-24,5Y,5,0.0010708154463181525
2019-12-24,7Y,7,0.0021347316512318887
2019-12-24,10Y,10,0.003857649007288375
2019-12-24,15Y,15,0.005934041498718448
2019-12-24,20Y,20,0.005919028307121319
2019-12-24,25Y,25,0.00587244525958135
2019-12-24,30Y,30,0.006490494275165632
2019-12-25,1Y,1,-0.00005000015625668615
2019-12-25,2Y,2,-0.00005000057250172679
2019-12-25,3Y,3,0.00007000144562220127
2019-12-25,4Y,4,0.0003350592635354948
2019-12-25,5Y,5,0.0007603851796109292
2019-12-25,7Y,7,0.001775219853232953
2019-12-25,10Y,10,0.003547132894196869
2019-12-25,15Y,15,0.005568027213971823
2019-12-25,20Y,20,0.005632672928823409
2019-12-25,25Y,25,0.005574647334229929
2019-12-25,30Y,30,0.006064043862933332
2019-12-26,1Y,1,-9.999962500368759e-6
2019-12-26,2Y,2,-0.000019999946562956
2019-12-26,3Y,3,0.00011000622874079374
2019-12-26,4Y,4,0.00041509054427615075
2019-12-26,5Y,5,0.0008304639859704249
2019-12-26,7Y,7,0.0019257517768350662
2019-12-26,10Y,10,0.0035713251300300295
2019-12-26,15Y,15,0.005772209296029089
2019-12-26,20Y,20,0.005778997965065892
2019-12-26,25Y,25,0.005687804472702053
2019-12-26,30Y,30,0.006251724522909699
2019-12-27,1Y,1,-0.000019999912501544042
2019-12-27,2Y,2,-0.00022998262360907472
2019-12-27,3Y,3,0.00020003540524828623
2019-12-27,4Y,4,0.0007001412377520518
2019-12-27,5Y,5,0.0007804950871158608
2019-12-27,7Y,7,0.0017953751428171293
2019-12-27,10Y,10,0.003510181448711764
2019-12-27,15Y,15,0.005601369714541352
2019-12-27,20Y,20,0.0061810707487727524
2019-12-27,25Y,25,0.006320885320362429
2019-12-27,30Y,30,0.0063825281805586455
2019-12-30,1Y,1,-0.00005000015625668615
2019-12-30,2Y,2,-0.0002149881326516894
2019-12-30,3Y,3,0.00017002248730547836
2019-12-30,4Y,4,0.0006251176413135872
2019-12-30,5Y,5,0.0007804869665395025
2019-12-30,7Y,7,0.0017552655201500387
2019-12-30,10Y,10,0.0034295165567514198
2019-12-30,15Y,15,0.005586861199217783
2019-12-30,20Y,20,0.0061821564936163555
2019-12-30,25Y,25,0.00630049126128615
2019-12-30,30Y,30,0.006362058844831023
2019-12-31,1Y,1,-0.000050000625010464386
2019-12-31,2Y,2,-0.0002749777084290309
2019-12-31,3Y,3,-0.0002499989232084591
2019-12-31,4Y,4,0.00017495707641081043
2019-12-31,5Y,5,0.0006001387903075818
2019-12-31,7Y,7,0.0016546236995345464
2019-12-31,10Y,10,0.0031900052483511757
2019-12-31,15Y,15,0.005593005544640781
2019-12-31,20Y,20,0.006189878957146051
2019-12-31,25Y,25,0.006221237469105944
2019-12-31,30Y,30,0.006293277194496327
2020-01-01,1Y,1,-0.000050000625010464386
2020-01-01,2Y,2,-0.0002749777084290309
2020-01-01,3Y,3,-0.0002499989232084591
2020-01-01,4Y,4,0.00017495707641081043
2020-01-01,5Y,5,0.0006001387903075818
2020-01-01,7Y,7,0.0016546236995345464
2020-01-01,10Y,10,0.0031900052483511757
2020-01-01,15Y,15,0.005593005544640781
2020-01-01,20Y,20,0.006189878957146051
2020-01-01,25Y,25,0.006221237469105944
2020-01-01,30Y,30,0.006293277194496327
2020-01-02,1Y,1,-0.000050000625010464386
2020-01-02,2Y,2,-0.0002749777084290309
2020-01-02,3Y,3,-0.0002499989232084591
2020-01-02,4Y,4,0.00017495707641081043
2020-01-02,5Y,5,0.0006001387903075818
2020-01-02,7Y,7,0.0016546236995345464
2020-01-02,10Y,10,0.0031900052483511757
2020-01-02,15Y,15,0.005593005544640781
2020-01-02,20Y,20,0.006189878957146051
2020-01-02,25Y,25,0.006221237469105944
2020-01-02,30Y,30,0.006293277194496327
2020-01-03,1Y,1,-0.000050000625010464386
2020-01-03,2Y,2,-0.0002749777084290309
2020-01-03,3Y,3,-0.0002499989232084591
2020-01-03,4Y,4,0.00017495707641081043
2020-01-03,5Y,5,0.0006001387903075818
2020-01-03,7Y,7,0.0016546236995345464
2020-01-03,10Y,10,0.0031900052483511757
2020-01-03,15Y,15,0.005593005544640781
2020-01-03,20Y,20,0.006189878957146051
2020-01-03,25Y,25,0.006221237469105944
2020-01-03,30Y,30,0.006293277194496327
2020-01-06,1Y,1,-0.00020000625044266636
2020-01-06,2Y,2,-0.0004699666854604591
2020-01-06,3Y,3,0.00011998159104713199
2020-01-06,4Y,4,0.0006650218184902211
2020-01-06,5Y,5,0.000620365331693077
2020-01-06,7Y,7,0.0015626469375961674
2020-01-06,10Y,10,0.0032610735813699086
2020-01-06,15Y,15,0.0052898577023651515
2020-01-06,20Y,20,0.005951542767128441
2020-01-06,25Y,25,0.006061626951093639
2020-01-06,30Y,30,0.006091155716133221
2020-01-07,1Y,1,-0.00019000724419822272
2020-01-07,2Y,2,-0.00007001046924608832
2020-01-07,3Y,3,0.00008999369820855977
2020-01-07,4Y,4,0.00027504785129460214
2020-01-07,5Y,5,0.000640287113496161
2020-01-07,7Y,7,0.0015625491264466473
2020-01-07,10Y,10,0.003287902649993408
2020-01-07,15Y,15,0.005386734987347172
2020-01-07,20Y,20,0.0060291209959835515
2020-01-07,25Y,25,0.006166817838361796
2020-01-07,30Y,30,0.0062073888167181405
2020-01-08,1Y,1,-0.00020000625044266636
2020-01-08,2Y,2,-0.00020000990288301137
2020-01-08,3Y,3,0.00018000167415903705
2020-01-08,4Y,4,0.0005201057649010532
2020-01-08,5Y,5,0.0007104117106274946
2020-01-08,7Y,7,0.001664937488950754
2020-01-08,10Y,10,0.003186893291280191
2020-01-08,15Y,15,0.005196490049373113
2020-01-08,20Y,20,0.0058038891662051265
2020-01-08,25Y,25,0.005923723280758548
2020-01-08,30Y,30,0.0059105083417753355
2020-01-09,1Y,1,-0.00013000300638066792
2020-01-09,2Y,2,-0.00014500355816062297
2020-01-09,3Y,3,0.00021001967139906038
2020-01-09,4Y,4,0.000570137792954282
2020-01-09,5Y,5,0.0007904991520922248
2020-01-09,7Y,7,0.0016850522020035467
2020-01-09,10Y,10,0.003432629303792627
2020-01-09,15Y,15,0.005339547712965917
2020-01-09,20Y,20,0.006007760343590882
2020-01-09,25Y,25,0.006185807538521314
2020-01-09,30Y,30,0.006247576273161104
2020-01-10,1Y,1,-0.00015000328143164988
2020-01-10,2Y,2,-0.00017500424640310078
2020-01-10,3Y,3,-0.000030013218189729344
2020-01-10,4Y,4,0.0002750183296161882
2020-01-10,5Y,5,0.0007203174483149727
2020-01-10,7Y,7,0.0017631905540728384
2020-01-10,10Y,10,0.0035136915497648636
2020-01-10,15Y,15,0.005603988529818681
2020-01-10,20Y,20,0.0055179397238237955
2020-01-10,25Y,25,0.00546063072381012
2020-01-10,30Y,30,0.006065226722746331
2020-01-13,1Y,1,-0.00015000375019281673
2020-01-13,2Y,2,-0.00009500683293703861
2020-01-13,3Y,3,0.00006999445750271911
2020-01-13,4Y,4,0.00030004709338609525
2020-01-13,5Y,5,0.0006803179376954042
2020-01-13,7Y,7,0.001654823581537988
2020-01-13,10Y,10,0.003301449542705102
2020-01-13,15Y,15,0.005405466919400236
2020-01-13,20Y,20,0.00602700931724643
2020-01-13,25Y,25,0.006251264693709108
2020-01-13,30Y,30,0.006356008314840368
2020-01-14,1Y,1,-0.00009000202506069549
2020-01-14,2Y,2,-0.0003299731205380845
2020-01-14,3Y,3,0.000130011595335984
2020-01-14,4Y,4,0.0007001007581254267
2020-01-14,5Y,5,0.0007704956347993016
2020-01-14,7Y,7,0.0017452635572829185
2020-01-14,10Y,10,0.0035034753316185614
2020-01-14,15Y,15,0.005459060676049001
2020-01-14,20Y,20,0.006151573289542972
2020-01-14,25Y,25,0.006280168833293974
2020-01-14,30Y,30,0.006320816965615525
2020-01-15,1Y,1,-0.00011000268134602948
2020-01-15,2Y,2,-0.00004000356322835954
2020-01-15,3Y,3,0.00009000065214584833
2020-01-15,4Y,4,0.0003150597203889097
2020-01-15,5Y,5,0.0007103478584905023
2020-01-15,7Y,7,0.0017129984389134337
2020-01-15,10Y,10,0.0034330179686195743
2020-01-15,15Y,15,0.00544728482228033
2020-01-15,20Y,20,0.006168327332259091
2020-01-15,25Y,25,0.006333707018875594
2020-01-15,30Y,30,0.0063855084510099245
2020-01-16,1Y,1,-0.00010000156255537276
2020-01-16,2Y,2,4.998725240926255e-6
2020-01-16,3Y,3,0.00024002273713029495
2020-01-16,4Y,4,0.0004801368021744164
2020-01-16,5Y,5,0.0008205023654780179
2020-01-16,7Y,7,0.001843521923716755
2020-01-16,10Y,10,0.003594700680661737
2020-01-16,15Y,15,0.005599116101329441
2020-01-16,20Y,20,0.006252855846794008
2020-01-16,25Y,25,0.006607178186793852
2020-01-16,30Y,30,0.00676681807418385
2020-01-17,1Y,1,-0.00013000300638066792
2020-01-17,2Y,2,-0.000339979378875362
2020-01-17,3Y,3,9.981180183358696e-6
2020-01-17,4Y,4,0.0005150232288967942
2020-01-17,5Y,5,0.0006903557400706818
2020-01-17,7Y,7,0.0016849733704584978
2020-01-17,10Y,10,0.003486714941563697
2020-01-17,15Y,15,0.005505457395171576
2020-01-17,20Y,20,0.006168688940279873
2020-01-17,25Y,25,0.006451595614813365
2020-01-17,30Y,30,0.006578680551268442
2020-01-20,1Y,1,-0.00010000125005181821
2020-01-20,2Y,2,-0.00032997596964654517
2020-01-20,3Y,3,0.00007999725053410995
2020-01-20,4Y,4,0.0006100653625506808
2020-01-20,5Y,5,0.0007404334362993693
2020-01-20,7Y,7,0.0017351837137690811
2020-01-20,10Y,10,0.0035372730494716066
2020-01-20,15Y,15,0.005613435136387911
2020-01-20,20Y,20,0.006334323639215163
2020-01-20,25Y,25,0.006651395670870149
2020-01-20,30Y,30,0.006747866101054106
2020-01-21,1Y,1,-0.00011000130631792615
2020-01-21,2Y,2,-0.00043495309199120065
2020-01-21,3Y,3,9.980750685856178e-6
2020-01-21,4Y,4,0.0005149686469219958
2020-01-21,5Y,5,0.0005502590525717949
2020-01-21,7Y,7,0.0015525040851607197
2020-01-21,10Y,10,0.0033180600488692917
2020-01-21,15Y,15,0.005348801433788403
2020-01-21,20Y,20,0.005970963863229204
2020-01-21,25Y,25,0.0062842811565259
2020-01-21,30Y,30,0.006379278661236743
2020-01-22,1Y,1,-0.00011000096256892771
2020-01-22,2Y,2,-0.0003799674249745551
2020-01-22,3Y,3,9.983084619792946e-6
2020-01-22,4Y,4,0.00045498158022982656
2020-01-22,5Y,5,0.0005502467682289949
2020-01-22,7Y,7,0.001552481681034148
2020-01-22,10Y,10,0.0033180304704521404
2020-01-22,15Y,15,0.0052352819814131596
2020-01-22,20Y,20,0.005926752763760746
2020-01-22,25Y,25,0.006273882506817378
2020-01-22,30Y,30,0.00634809751563215
2020-01-23,1Y,1,-0.00016000140022255668
2020-01-23,2Y,2,-0.0005549307425200117
2020-01-23,3Y,3,-0.0004400062822712468
2020-01-23,4Y,4,-0.00004013860458488682
2020-01-23,5Y,5,0.00014986507282395732
2020-01-23,7Y,7,0.0011509518984311842
2020-01-23,10Y,10,0.0029404372432152177
2020-01-23,15Y,15,0.004827714705751353
2020-01-23,20Y,20,0.005486726249089075
2020-01-23,25Y,25,0.005711748611966706
2020-01-23,30Y,30,0.005752315795958677
2020-01-24,1Y,1,-0.00015000093769050748
2020-01-24,2Y,2,-0.00028999245839928363
2020-01-24,3Y,3,-0.00036996635704336753
2020-01-24,4Y,4,-0.0002600098149288497
2020-01-24,5Y,5,0.00012988016755177413
2020-01-24,7Y,7,0.001190967201931214
2020-01-24,10Y,10,0.0028768439957338964
2020-01-24,15Y,15,0.004890802798643481
2020-01-24,20Y,20,0.0054933746959381
2020-01-24,25Y,25,0.005722181377746723
2020-01-24,30Y,30,0.0058362224289251335
2020-01-27,1Y,1,-0.00023000100699516516
2020-01-27,2Y,2,-0.0007198936017502373
2020-01-27,3Y,3,-0.0005500143711429402
2020-01-27,4Y,4,-0.00020016369214139167
2020-01-27,5Y,5,-0.000150183098816694
2020-01-27,7Y,7,0.0008301008910832917
2020-01-27,10Y,10,0.0025701131370755486
2020-01-27,15Y,15,0.004477659890800057
2020-01-27,20Y,20,0.005027943709634807
2020-01-27,25Y,25,0.0052230285309391835
2020-01-27,30Y,30,0.005283095607906278
2020-01-28,1Y,1,-0.0002400016508157523
2020-01-28,2Y,2,-0.0003550009951398158
2020-01-28,3Y,3,-0.00030000178442100216
2020-01-28,4Y,4,-0.00023502901776803226
2020-01-28,5Y,5,-1.0364480751163391e-7
2020-01-28,7Y,7,0.0009404865528265945
2020-01-28,10Y,10,0.0027181215862372233
2020-01-28,15Y,15,0.004546423788699554
2020-01-28,20Y,20,0.005102015923015953
2020-01-28,25Y,25,0.0052728336659573945
2020-01-28,30Y,30,0.005322121832213655
2020-01-29,1Y,1,-0.00023000172570780217
2020-01-29,2Y,2,-0.00039999128261827583
2020-01-29,3Y,3,-0.0004699523839452062
2020-01-29,4Y,4,-0.000365012826525187
2020-01-29,5Y,5,-0.00008015932839704578
2020-01-29,7Y,7,0.0008802062528586599
2020-01-29,10Y,10,0.002533342155456293
2020-01-29,15Y,15,0.004381363483159579
2020-01-29,20Y,20,0.004962348038287352
2020-01-29,25Y,25,0.005054565461615551
2020-01-29,30Y,30,0.005061216927891044
2020-01-30,1Y,1,-0.00034000658962361486
2020-01-30,2Y,2,-0.0008948621939436615
2020-01-30,3Y,3,-0.000640060529068524
2020-01-30,4Y,4,-0.00026524963387576574
2020-01-30,5Y,5,-0.00034020032659182664
2020-01-30,7Y,7,0.0006676394421752916
2020-01-30,10Y,10,0.0022812744895313137
2020-01-30,15Y,15,0.00417408796196385
2020-01-30,20Y,20,0.004783986354764764
2020-01-30,25Y,25,0.004943575923636317
2020-01-30,30Y,30,0.004992634006806574
2020-01-31,1Y,1,-0.0006800157432035313
2020-01-31,2Y,2,-0.0008850524853740453
2020-01-31,3Y,3,-0.0007200436107971448
2020-01-31,4Y,4,-0.0007350818173841606
2020-01-31,5Y,5,-0.0004304210568830853
2020-01-31,7Y,7,0.0005291289840924469
2020-01-31,10Y,10,0.002357901494811436
2020-01-31,15Y,15,0.004304529552463873
2020-01-31,20Y,20,0.004972631666297257
2020-01-31,25Y,25,0.005133729652295481
2020-01-31,30Y,30,0.005162877553307682
2020-02-03,1Y,1,-0.0005600434092991786
2020-02-03,2Y,2,-0.0007800241178289398
2020-02-03,3Y,3,-0.0009598591783964003
2020-02-03,4Y,4,-0.0008899703600535068
2020-02-03,5Y,5,-0.00043053284908928127
2020-02-03,7Y,7,0.0005969722521987062
2020-02-03,10Y,10,0.00245822899226141
2020-02-03,15Y,15,0.004425314795817441
2020-02-03,20Y,20,0.005099158987970913
2020-02-03,25Y,25,0.005217929238718338
2020-02-03,30Y,30,0.005278520228874825
2020-02-04,1Y,1,-0.0004500210983987997
2020-02-04,2Y,2,-0.0006150183342866058
2020-02-04,3Y,3,-0.0006299779841583046
2020-02-04,4Y,4,-0.0005150794708891007
2020-02-04,5Y,5,-0.00015034683608008102
2020-02-04,7Y,7,0.0008779464743013106
2020-02-04,10Y,10,0.0025199807373828924
2020-02-04,15Y,15,0.004617056350726182
2020-02-04,20Y,20,0.00517084532121184
2020-02-04,25Y,25,0.005287196385970448
2020-02-04,30Y,30,0.005378626004605908
2020-02-05,1Y,1,-0.00039001487177754994
2020-02-05,2Y,2,-0.000500020269688217
2020-02-05,3Y,3,-0.000370043219129457
2020-02-05,4Y,4,-0.00017512363206574253
2020-02-05,5Y,5,0.00012981364250675234
2020-02-05,7Y,7,0.001130862906383001
2020-02-05,10Y,10,0.002890056235147467
2020-02-05,15Y,15,0.004854038486040673
2020-02-05,20Y,20,0.005481271520132546
2020-02-05,25Y,25,0.0055762685761616086
2020-02-05,30Y,30,0.005647150466892711
2020-02-06,1Y,1,-0.0003400119020047541
2020-02-06,2Y,2,-0.0004950044846773782
2020-02-06,3Y,3,-0.0004600039997764072
2020-02-06,4Y,4,-0.00026510105046820775
2020-02-06,5Y,5,0.00007977449193403183
2020-02-06,7Y,7,0.001120727196097795
2020-02-06,10Y,10,0.002832755814157377
2020-02-06,15Y,15,0.004723890896402971
2020-02-06,20Y,20,0.005257073339231541
2020-02-06,25Y,25,0.0054192959883440014
2020-02-06,30Y,30,0.005479366714797202
2020-02-07,1Y,1,-0.0004600356555981267
2020-02-07,2Y,2,-0.0005650344172187071
2020-02-07,3Y,3,-0.0006199903954394086
2020-02-07,4Y,4,-0.0004900977112189999
2020-02-07,5Y,5,-0.00012034795763259088
2020-02-07,7Y,7,0.0008479775387836594
2020-02-07,10Y,10,0.0024996153117593798
2020-02-07,15Y,15,0.004351224836986155
2020-02-07,20Y,20,0.004953071481202019
2020-02-07,25Y,25,0.005014671776091929
2020-02-07,30Y,30,0.00500040149075273
2020-02-10,1Y,1,-0.0005600469095415741
2020-02-10,2Y,2,-0.00075503197983728
2020-02-10,3Y,3,-0.000720032336920362
2020-02-10,4Y,4,-0.0005551645631462718
2020-02-10,5Y,5,-0.00028041091279070026
2020-02-10,7Y,7,0.0006595032960392129
2020-02-10,10Y,10,0.0023146056455811835
2020-02-10,15Y,15,0.004174331720844696
2020-02-10,20Y,20,0.0046817772626084105
2020-02-10,25Y,25,0.004745559401164232
2020-02-10,30Y,30,0.004741202759809421
2020-02-11,1Y,1,-0.0005600469095415741
2020-02-11,2Y,2,-0.00075503197983728
2020-02-11,3Y,3,-0.0007400196846027238
2020-02-11,4Y,4,-0.0005801543286489045
2020-02-11,5Y,5,-0.0003203972362090519
2020-02-11,7Y,7,0.0006674262328383077
2020-02-11,10Y,10,0.002354609411475346
2020-02-11,15Y,15,0.004186565087193455
2020-02-11,20Y,20,0.004701671323256143
2020-02-11,25Y,25,0.004745759993496049
2020-02-11,30Y,30,0.0047413404369826915
2020-02-12,1Y,1,-0.0004700331994012124
2020-02-12,2Y,2,-0.0005900330577329989
2020-02-12,3Y,3,-0.0005100498556364118
2020-02-12,4Y,4,-0.00032515563132909343
2020-02-12,5Y,5,0.000019690800172639136
2020-02-12,7Y,7,0.0009083304544223527
2020-02-12,10Y,10,0.0025907365936247016
2020-02-12,15Y,15,0.004404747557521512
2020-02-12,20Y,20,0.0049316197666946756
2020-02-12,25Y,25,0.004992064872293421
2020-02-12,30Y,30,0.004987734775205464
2020-02-13,1Y,1,-0.0004900370627247212
2020-02-13,2Y,2,-0.0005650467723553659
2020-02-13,3Y,3,-0.00045007003005112457
2020-02-13,4Y,4,-0.0002651654183003328
2020-02-13,5Y,5,0.00006972324341841492
2020-02-13,7Y,7,0.0010706435021175724
2020-02-13,10Y,10,0.002678397877617497
2020-02-13,15Y,15,0.004524180356126825
2020-02-13,20Y,20,0.004956439917133267
2020-02-13,25Y,25,0.0050429624811545535
2020-02-13,30Y,30,0.005059408139021908
2020-02-14,1Y,1,-0.00046003134276874965
2020-02-14,2Y,2,-0.0005800310901589268
2020-02-14,3Y,3,-0.00048005601839899075
2020-02-14,4Y,4,-0.00029015573949541635
2020-02-14,5Y,5,9.722241906801217e-6
2020-02-14,7Y,7,0.00103048975495833
2020-02-14,10Y,10,0.0026312530065674493
2020-02-14,15Y,15,0.004445667821577442
2020-02-14,20Y,20,0.004946681651480218
2020-02-14,25Y,25,0.005001882210186397
2020-02-14,30Y,30,0.005018294494950995
2020-02-17,1Y,1,-0.000500039069417081
2020-02-17,2Y,2,-0.0006650279440252806
2020-02-17,3Y,3,-0.0005000931350139169
2020-02-17,4Y,4,-0.00026021060406614604
2020-02-17,5Y,5,-0.0000203010908262529
2020-02-17,7Y,7,0.0009203107658091349
2020-02-17,10Y,10,0.0025538349083824787
2020-02-17,15Y,15,0.004278821125946507
2020-02-17,20Y,20,0.004787396649161812
2020-02-17,25Y,25,0.004804268668133015
2020-02-17,30Y,30,0.00477832709245333
2020-02-18,1Y,1,-0.0007000765814818758
2020-02-18,2Y,2,-0.0008950678298147836
2020-02-18,3Y,3,-0.0009599754261679336
2020-02-18,4Y,4,-0.0008351433412068837
2020-02-18,5Y,5,-0.00044063029137057113
2020-02-18,7Y,7,0.0004988710411633706
2020-02-18,10Y,10,0.0020892817668025157
2020-02-18,15Y,15,0.003799550516236527
2020-02-18,20Y,20,0.004223759241181848
2020-02-18,25Y,25,0.0042590007294567075
2020-02-18,30Y,30,0.004243118133056049
2020-02-19,1Y,1,-0.0007800960638863962
2020-02-19,2Y,2,-0.000850133244396241
2020-02-19,3Y,3,-0.0007201478102986588
2020-02-19,4Y,4,-0.0005753010973678567
2020-02-19,5Y,5,-0.00018062283143302125
2020-02-19,7Y,7,0.0007276134147537687
2020-02-19,10Y,10,0.0023419147679672883
2020-02-19,15Y,15,0.004064808099150262
2020-02-19,20Y,20,0.004546497439922035
2020-02-19,25Y,25,0.004557940794093424
2020-02-19,30Y,30,0.004552672449482489
2020-02-20,1Y,1,-0.0007000700183377424
2020-02-20,2Y,2,-0.0009550456434920266
2020-02-20,3Y,3,-0.001039932036187084
2020-02-20,4Y,4,-0.0009400713292519948
2020-02-20,5Y,5,-0.0006005553408759039
2020-02-20,7Y,7,0.00033854156470253466
2020-02-20,10Y,10,0.0019714463253982066
2020-02-20,15Y,15,0.003667717864523042
2020-02-20,20Y,20,0.00411547165569904
2020-02-20,25Y,25,0.0041461773898562445
2020-02-20,30Y,30,0.004130326843270684
2020-02-21,1Y,1,-0.0007600802982742966
2020-02-21,2Y,2,-0.0010300566906765488
2020-02-21,3Y,3,-0.0010599771443675836
2020-02-21,4Y,4,-0.0009501265289557975
2020-02-21,5Y,5,-0.0005806744775357074
2020-02-21,7Y,7,0.00039848589497814635
2020-02-21,10Y,10,0.0019716356015395797
2020-02-21,15Y,15,0.0035936985902728803
2020-02-21,20Y,20,0.004081674550861718
2020-02-21,25Y,25,0.004063264034572748
2020-02-21,30Y,30,0.004036687599875533
2020-02-24,1Y,1,-0.0007600802982742966
2020-02-24,2Y,2,-0.0010900302550156148
2020-02-24,3Y,3,-0.0011399455311165152
2020-02-24,4Y,4,-0.000990133298928035
2020-02-24,5Y,5,-0.000650676696958812
2020-02-24,7Y,7,0.0002962927449739923
2020-02-24,10Y,10,0.0019109830338879287
2020-02-24,15Y,15,0.0035325003919647316
2020-02-24,20Y,20,0.004020248740434
2020-02-24,25Y,25,0.004001833862199329
2020-02-24,30Y,30,0.003975271433200416
2020-02-25,1Y,1,-0.0010801701678258009
2020-02-25,2Y,2,-0.0018148581690898705
2020-02-25,3Y,3,-0.0017200688418234904
2020-02-25,4Y,4,-0.0013006239838432012
2020-02-25,5Y,5,-0.0011311607974481865
2020-02-25,7Y,7,-0.00022521884879805366
2020-02-25,10Y,10,0.0014262681348785815
2020-02-25,15Y,15,0.0029872788811191155
2020-02-25,20Y,20,0.003520112291065929
2020-02-25,25Y,25,0.0035830810423044123
2020-02-25,30Y,30,0.003598425206590987
2020-02-26,1Y,1,-0.001080180294379265
2020-02-26,2Y,2,-0.001365169931466958
2020-02-26,3Y,3,-0.0014199999511515975
2020-02-26,4Y,4,-0.001335197466963267
2020-02-26,5Y,5,-0.0009210427599338779
2020-02-26,7Y,7,0.00011721416687849153
2020-02-26,10Y,10,0.0017587727621758617
2020-02-26,15Y,15,0.003228234269454933
2020-02-26,20Y,20,0.003728400476812223
2020-02-26,25Y,25,0.0037878462977426405
2020-02-26,30Y,30,0.0038237461790636626
2020-02-27,1Y,1,-0.0011602059856130448
2020-02-27,2Y,2,-0.0016250969785366054
2020-02-27,3Y,3,-0.0017398696137924928
2020-02-27,4Y,4,-0.0016250674711524187
2020-02-27,5Y,5,-0.0013009282123466592
2020-02-27,7Y,7,-0.00025577613982746914
2020-02-27,10Y,10,0.0013822731586670038
2020-02-27,15Y,15,0.0030679243192769717
2020-02-27,20Y,20,0.0035597700698453724
2020-02-27,25Y,25,0.003635482786712013
2020-02-27,30Y,30,0.0036613844042083787
2020-02-28,1Y,1,-0.001680411855360647
2020-02-28,2Y,2,-0.0020055014230175743
2020-02-28,3Y,3,-0.001900337992322958
2020-02-28,4Y,4,-0.001960328306425312
2020-02-28,5Y,5,-0.001701138162062973
2020-02-28,7Y,7,-0.0007766634041206271
2020-02-28,10Y,10,0.001028253566329454
2020-02-28,15Y,15,0.0025195746632459036
2020-02-28,20Y,20,0.0029311808010893496
2020-02-28,25Y,25,0.003060187694539565
2020-02-28,30Y,30,0.003095775449677453
2020-03-02,1Y,1,-0.0016804276089990968
2020-03-02,2Y,2,-0.0018556022771301325
2020-03-02,3Y,3,-0.0017404108998635651
2020-03-02,4Y,4,-0.0017955197311126875
2020-03-02,5Y,5,-0.001351701346403225
2020-03-02,7Y,7,-0.0003863740458433908
2020-03-02,10Y,10,0.0013809668111171786
2020-03-02,15Y,15,0.002848792889564148
2020-03-02,20Y,20,0.0032817762643516544
2020-03-02,25Y,25,0.003440381706229784
2020-03-02,30Y,30,0.003466267096574429
2020-03-03,1Y,1,-0.0015503586397184132
2020-03-03,2Y,2,-0.0017854688644365077
2020-03-03,3Y,3,-0.0015904585349730957
2020-03-03,4Y,4,-0.0015656158766776973
2020-03-03,5Y,5,-0.0012414405010159478
2020-03-03,7Y,7,-0.00017599805238867512
2020-03-03,10Y,10,0.0015833377858568017
2020-03-03,15Y,15,0.0032353869283056457
2020-03-03,20Y,20,0.0037929552189734485
2020-03-03,25Y,25,0.0038945595945077075
2020-03-03,30Y,30,0.003921234954510813
2020-03-04,1Y,1,-0.0019206460170126231
2020-03-04,2Y,2,-0.0023156382454101766
2020-03-04,3Y,3,-0.001921106666448627
2020-03-04,4Y,4,-0.0015817858641355622
2020-03-04,5Y,5,-0.0014123273290285337
2020-03-04,7Y,7,-0.0003553039545611224
2020-03-04,10Y,10,0.0014447150611164778
2020-03-04,15Y,15,0.0030943330362446318
2020-03-04,20Y,20,0.0036926988842514723
2020-03-04,25Y,25,0.0038041420727203757
2020-03-04,30Y,30,0.0038724352243996126
2020-03-05,1Y,1,-0.001940650326384966
2020-03-05,2Y,2,-0.0023306594983560744
2020-03-05,3Y,3,-0.0019411005262520446
2020-03-05,4Y,4,-0.0015918330674235559
2020-03-05,5Y,5,-0.0013425797166844813
2020-03-05,7Y,7,-0.0002853257499109106
2020-03-05,10Y,10,0.001638713247281341
2020-03-05,15Y,15,0.0033160115953175732
2020-03-05,20Y,20,0.003886888671810899
2020-03-05,25Y,25,0.004053331023196578
2020-03-05,30Y,30,0.004194872469708173
2020-03-06,1Y,1,-0.0023009422871187782
2020-03-06,2Y,2,-0.002551128195593436
2020-03-06,3Y,3,-0.002301189048833058
2020-03-06,4Y,4,-0.0022913474888322668
2020-03-06,5Y,5,-0.0020622531536566933
2020-03-06,7Y,7,-0.0010468905149972332
2020-03-06,10Y,10,0.0007643066617564311
2020-03-06,15Y,15,0.0025586271688404407
2020-03-06,20Y,20,0.003118760528471582
2020-03-06,25Y,25,0.003280155138120506
2020-03-06,30Y,30,0.0034098917598148217
2020-03-09,1Y,1,-0.0028013925550058336
2020-03-09,2Y,2,-0.003306445709162842
2020-03-09,3Y,3,-0.0027224031125004673
2020-03-09,4Y,4,-0.0024730142064355387
2020-03-09,5Y,5,-0.0024633506286682707
2020-03-09,7Y,7,-0.0013810449977901124
2020-03-09,10Y,10,0.00023741937842845003
2020-03-09,15Y,15,0.0016224116712208387
2020-03-09,20Y,20,0.0019178989795414821
2020-03-09,25Y,25,0.002077570641003095
2020-03-09,30Y,30,0.0021425124892783054
2020-03-10,1Y,1,-0.0021609780862380757
2020-03-10,2Y,2,-0.0021361876814576432
2020-03-10,3Y,3,-0.0020210748171228133
2020-03-10,4Y,4,-0.0019016087835436075
2020-03-10,5Y,5,-0.0013730836939929549
2020-03-10,7Y,7,-0.0003558398328394911
2020-03-10,10Y,10,0.0013238551506596608
2020-03-10,15Y,15,0.002496957716586724
2020-03-10,20Y,20,0.0028949738347691565
2020-03-10,25Y,25,0.003029306284823543
2020-03-10,30Y,30,0.003074658068241485
2020-03-11,1Y,1,-0.0020907856035110813
2020-03-11,2Y,2,-0.002101084978949338
2020-03-11,3Y,3,-0.0018111083795404165
2020-03-11,4Y,4,-0.0018412685015405925
2020-03-11,5Y,5,-0.0014723066883787104
2020-03-11,7Y,7,-0.00043538355152934576
2020-03-11,10Y,10,0.0012734474963985174
2020-03-11,15Y,15,0.0025123850415865517
2020-03-11,20Y,20,0.002951577457529979
2020-03-11,25Y,25,0.003101225401626899
2020-03-11,30Y,30,0.0031571972790413877
2020-03-12,1Y,1,-0.0018307404470683005
2020-03-12,2Y,2,-0.0019457705760250812
2020-03-12,3Y,3,-0.0013115014985554051
2020-03-12,4Y,4,-0.0010517178664965956
2020-03-12,5Y,5,-0.0011216548004575801
2020-03-12,7Y,7,-0.00019541530486581141
2020-03-12,10Y,10,0.0014498868756194646
2020-03-12,15Y,15,0.0026380230385292585
2020-03-12,20Y,20,0.0029778776500864884
2020-03-12,25Y,25,0.003191238501437892
2020-03-12,30Y,30,0.003226396976906833
2020-03-13,1Y,1,-0.0019807145071601704
2020-03-13,2Y,2,-0.0014011912979231508
2020-03-13,3Y,3,-0.0005614194517034139
2020-03-13,4Y,4,-0.0009010285109128089
2020-03-13,5Y,5,-0.0008211146448614923
2020-03-13,7Y,7,0.000057904399992985463
2020-03-13,10Y,10,0.0010339007390118837
2020-03-13,15Y,15,0.0004695645107287062
2020-03-13,20Y,20,0.00031701707517765875
2020-03-13,25Y,25,0.0004716149466135387
2020-03-13,30Y,30,0.00025063876628053205
2020-03-16,1Y,1,-0.0013603265489076112
2020-03-16,2Y,2,-0.0016103379900126785
2020-03-16,3Y,3,-0.0004211256923430536
2020-03-16,4Y,4,0.00010369900459869085
2020-03-16,5Y,5,-0.000320656256557972
2020-03-16,7Y,7,0.0006996214218818284
2020-03-16,10Y,10,0.0019162087788344277
2020-03-16,15Y,15,0.0015463060382176108
2020-03-16,20Y,20,0.0015297760305925268
2020-03-16,25Y,25,0.001376723914584686
2020-03-16,30Y,30,0.0012141071651883613
2020-03-17,1Y,1,-0.0009501989677270828
2020-03-17,2Y,2,-0.0010851798294800043
2020-03-17,3Y,3,-0.0003505517934819122
2020-03-17,4Y,4,0.000014358739735174063
2020-03-17,5Y,5,-0.00026035078245144707
2020-03-17,7Y,7,0.0006598498758623694
2020-03-17,10Y,10,0.0016044277616612246
2020-03-17,15Y,15,0.001137573914872712
2020-03-17,20Y,20,0.0009979998414901482
2020-03-17,25Y,25,0.0010031227052032356
2020-03-17,30Y,30,0.0008615004810392741
2020-03-18,1Y,1,-0.0004300395117679925
2020-03-18,2Y,2,-0.00033505554651471923
2020-03-18,3Y,3,0.00014993924223438644
2020-03-18,4Y,4,0.00047504841668369004
2020-03-18,5Y,5,0.0006103328209100357
2020-03-18,7Y,7,0.001673010344938667
2020-03-18,10Y,10,0.0033119449845460357
2020-03-18,15Y,15,0.003760073071318217
2020-03-18,20Y,20,0.004098175719569453
2020-03-18,25Y,25,0.00417074285673566
2020-03-18,30Y,30,0.00426693125929264
2020-03-19,1Y,1,-0.0005900981077820182
2020-03-19,2Y,2,-0.0004251081924499162
2020-03-19,3Y,3,0.0004099831478396906
2020-03-19,4Y,4,0.0008502371734335779
2020-03-19,5Y,5,0.0007206228030324981
2020-03-19,7Y,7,0.0016633065293811893
2020-03-19,10Y,10,0.0031403615524584335
2020-03-19,15Y,15,0.003551849129981558
2020-03-19,20Y,20,0.003678537000974335
2020-03-19,25Y,25,0.0038186471420447203
2020-03-19,30Y,30,0.0038517275239086713
2020-03-20,1Y,1,-0.0005900981077820182
2020-03-20,2Y,2,-0.0004251081924499162
2020-03-20,3Y,3,0.0003299431895567757
2020-03-20,4Y,4,0.0008502398322243541
2020-03-20,5Y,5,0.0006805261499720993
2020-03-20,7Y,7,0.001635114307108803
2020-03-20,10Y,10,0.003099898101525152
2020-03-20,15Y,15,0.003511338242890798
2020-03-20,20Y,20,0.00363799265140211
2020-03-20,25Y,25,0.0037780478047762106
2020-03-20,30Y,30,0.003811109069818299
2020-03-23,1Y,1,-0.0006901233662248394
2020-03-23,2Y,2,-0.0009800216705382985
2020-03-23,3Y,3,-0.000690291144600873
2020-03-23,4Y,4,-0.00016556805158798806
2020-03-23,5Y,5,-0.00003052790715072848
2020-03-23,7Y,7,0.0008100814103761285
2020-03-23,10Y,10,0.0023154136414083168
2020-03-23,15Y,15,0.0024792969376727803
2020-03-23,20Y,20,0.0026389505994116307
2020-03-23,25Y,25,0.0026984471749218536
2020-03-23,30Y,30,0.002689350706180646
2020-03-24,1Y,1,-0.0009401886450910448
2020-03-24,2Y,2,-0.0009502188825425137
2020-03-24,3Y,3,-0.0002804791241195147
2020-03-24,4Y,4,0.00008946873648956865
2020-03-24,5Y,5,0.000049697269924092
2020-03-24,7Y,7,0.000970651059757385
2020-03-24,10Y,10,0.002383168375845541
2020-03-24,15Y,15,0.0029447871717299913
2020-03-24,20Y,20,0.003190297025760383
2020-03-24,25Y,25,0.0033756181428966432
2020-03-24,30Y,30,0.003440034544330864
2020-03-25,1Y,1,-0.0007801423864098534
2020-03-25,2Y,2,-0.0009650940139460837
2020-03-25,3Y,3,-0.0003204088264615368
2020-03-25,4Y,4,0.0002344641217490301
2020-03-25,5Y,5,0.00016977807248708186
2020-03-25,7Y,7,0.0011831988416691624
2020-03-25,10Y,10,0.00267244205768097
2020-03-25,15Y,15,0.003320817488041149
2020-03-25,20Y,20,0.0034648744891297525
2020-03-25,25Y,25,0.003734279046584352
2020-03-25,30Y,30,0.0038201077735789
2020-03-26,1Y,1,-0.0009401886450910448
2020-03-26,2Y,2,-0.0010851718767146553
2020-03-26,3Y,3,-0.000620468536698752
2020-03-26,4Y,4,-0.0002756433927999446
2020-03-26,5Y,5,-0.0002405844284181786
2020-03-26,7Y,7,0.0007996999191645759
2020-03-26,10Y,10,0.0025035914930617055
2020-03-26,15Y,15,0.0029881769081010886
2020-03-26,20Y,20,0.0034133339592737023
2020-03-26,25Y,25,0.00373892192285151
2020-03-26,30Y,30,0.003867051555256794
2020-03-27,1Y,1,-0.0005500618860669831
2020-03-27,2Y,2,-0.0007100393558665969
2020-03-27,3Y,3,-0.0007300339734842218
2020-03-27,4Y,4,-0.0005301823174027657
2020-03-27,5Y,5,-0.00022044004488201013
2020-03-27,7Y,7,0.00079968111484735
2020-03-27,10Y,10,0.002305083520314856
2020-03-27,15Y,15,0.0028617111283541817
2020-03-27,20Y,20,0.0030749255428617677
2020-03-27,25Y,25,0.0032943988910540643
2020-03-27,30Y,30,0.003338272795602247
2020-03-30,1Y,1,-0.000630067739489548
2020-03-30,2Y,2,-0.0007850612370399213
2020-03-30,3Y,3,-0.00055016740835241
2020-03-30,4Y,4,-0.0003302841875758337
2020-03-30,5Y,5,-0.00017036593874258628
2020-03-30,7Y,7,0.0007979183254745186
2020-03-30,10Y,10,0.002385463746925473
2020-03-30,15Y,15,0.002855920451365341
2020-03-30,20Y,20,0.0028834320987623893
2020-03-30,25Y,25,0.0031396277641424376
2020-03-30,30Y,30,0.003234457175520003
2020-03-31,1Y,1,-0.0005500498532016114
2020-03-31,2Y,2,-0.0007000427440526174
2020-03-31,3Y,3,-0.000969819650356298
2020-03-31,4Y,4,-0.0009499084845405048
2020-03-31,5Y,5,-0.0004604959382999412
2020-03-31,7Y,7,0.0005788901996088783
2020-03-31,10Y,10,0.002069335789440705
2020-03-31,15Y,15,0.0025362434891756094
2020-03-31,20Y,20,0.002703086967790295
2020-03-31,25Y,25,0.002895926169603623
2020-03-31,30Y,30,0.002990444697616103
2020-04-01,1Y,1,-0.0005600434092991786
2020-04-01,2Y,2,-0.0007350379180659501
2020-04-01,3Y,3,-0.0007000274282544022
2020-04-01,4Y,4,-0.0006101071394327687
2020-04-01,5Y,5,-0.00036035113877532594
2020-04-01,7Y,7,0.000619373951533102
2020-04-01,10Y,10,0.0021768469205734487
2020-04-01,15Y,15,0.0026632438468367106
2020-04-01,20Y,20,0.002763259931521993
2020-04-01,25Y,25,0.0029871934553902025
2020-04-01,30Y,30,0.0030818375818288473
2020-04-02,1Y,1,-0.0005400391582721137
2020-04-02,2Y,2,-0.0007000376284169267
2020-04-02,3Y,3,-0.0006800157750989338
2020-04-02,4Y,4,-0.0006550446944629239
2020-04-02,5Y,5,-0.0005201889598316458
2020-04-02,7Y,7,0.0005391342660093083
2020-04-02,10Y,10,0.0018817364183558276
2020-04-02,15Y,15,0.00238885019796128
2020-04-02,20Y,20,0.0024193933872136125
2020-04-02,25Y,25,0.002475319818635209
2020-04-02,30Y,30,0.0024866390393823755
2020-04-03,1Y,1,-0.0005000265688793515
2020-04-03,2Y,2,-0.0006750249197914656
2020-04-03,3Y,3,-0.0007199567089887386
2020-04-03,4Y,4,-0.000714984982945515
2020-04-03,5Y,5,-0.00043027983425029254
2020-04-03,7Y,7,0.0005972507500070694
2020-04-03,10Y,10,0.001938882996603423
2020-04-03,15Y,15,0.0024653063884582465
2020-04-03,20Y,20,0.0023268462718737917
2020-04-03,25Y,25,0.0023623381332945506
2020-04-03,30Y,30,0.0024244476341534387
2020-04-06,1Y,1,-0.0005000140692668077
2020-04-06,2Y,2,-0.0008199781896045232
2020-04-06,3Y,3,-0.00042014597062762387
2020-04-06,4Y,4,-0.0001602581309923973
2020-04-06,5Y,5,-0.0001302332551635963
2020-04-06,7Y,7,0.0007981125626752623
2020-04-06,10Y,10,0.0021073443019191634
2020-04-06,15Y,15,0.00269515969574445
2020-04-06,20Y,20,0.0025669719496218945
2020-04-06,25Y,25,0.0024307213849292554
2020-04-06,30Y,30,0.0023898981785769784
2020-04-07,1Y,1,-0.00036001440238531536
2020-04-07,2Y,2,-0.00035003211689606803
2020-04-07,3Y,3,-0.00018004883100970564
2020-04-07,4Y,4,-0.00015005751968296142
2020-04-07,5Y,5,0.00008991418589991641
2020-04-07,7Y,7,0.0011028897731496206
2020-04-07,10Y,10,0.002470101281773568
2020-04-07,15Y,15,0.003114038480375366
2020-04-07,20Y,20,0.0029521889372720812
2020-04-07,25Y,25,0.0028982510890534848
2020-04-07,30Y,30,0.002909059592595349
2020-04-08,1Y,1,-0.0004900232810061418
2020-04-08,2Y,2,-0.00041506459960039693
2020-04-08,3Y,3,-0.00015008922756404135
2020-04-08,4Y,4,-0.00011009380564912816
2020-04-08,5Y,5,0.00015990236653008576
2020-04-08,7Y,7,0.0011330196601629765
2020-04-08,10Y,10,0.002557480294522146
2020-04-08,15Y,15,0.003200357162110906
2020-04-08,20Y,20,0.0031841303859819
2020-04-08,25Y,25,0.0031243724662057114
2020-04-08,30Y,30,0.0031871055009528373
2020-04-09,1Y,1,-0.00040002375346719337
2020-04-09,2Y,2,-0.0008099290439737394
2020-04-09,3Y,3,-0.00038015343174084776
2020-04-09,4Y,4,0.00014467078263373414
2020-04-09,5Y,5,0.00008984059081856182
2020-04-09,7Y,7,0.0010908609573996805
2020-04-09,10Y,10,0.0025878889856883426
2020-04-09,15Y,15,0.003494403929429573
2020-04-09,20Y,20,0.0035766159630369683
2020-04-09,25Y,25,0.0037437189676172026
2020-04-09,30Y,30,0.003818838294049158
2020-04-10,1Y,1,-0.0005800514856991248
2020-04-10,2Y,2,-0.0007900317050627378
2020-04-10,3Y,3,-0.0005401500880014834
2020-04-10,4Y,4,-0.0002852801156736141
2020-04-10,5Y,5,-0.0006799033296644595
2020-04-10,7Y,7,0.000399266168468738
2020-04-10,10Y,10,0.00300727449887451
2020-04-10,15Y,15,0.0034037323718062503
2020-04-10,20Y,20,0.004347191369168664
2020-04-10,25Y,25,0.004855335982903792
2020-04-10,30Y,30,0.003943349657398622
2020-04-13,1Y,1,-0.0005600469095415741
2020-04-13,2Y,2,-0.00075503197983728
2020-04-13,3Y,3,-0.00034019159305232675
2020-04-13,4Y,4,-0.00005528087463993372
2020-04-13,5Y,5,-0.00003021305561175464
2020-04-13,7Y,7,0.0009825187669891102
2020-04-13,10Y,10,0.0025674544160562227
2020-04-13,15Y,15,0.0036479914562066204
2020-04-13,20Y,20,0.0038211833644565076
2020-04-13,25Y,25,0.003910688339630986
2020-04-13,30Y,30,0.004058774537330161
2020-04-14,1Y,1,-0.0005200334822697198
2020-04-14,2Y,2,-0.0009849172481577926
2020-04-14,3Y,3,-0.0005601990329399887
2020-04-14,4Y,4,-0.0000854367598296503
2020-04-14,5Y,5,-0.00012032300556163978
2020-04-14,7Y,7,0.000900171596462974
2020-04-14,10Y,10,0.0025840637278886453
2020-04-14,15Y,15,0.004082523728550051
2020-04-14,20Y,20,0.00424028513206764
2020-04-14,25Y,25,0.004294827194849855
2020-04-14,30Y,30,0.004433709800422242
2020-04-15,1Y,1,-0.00047002585532980714
2020-04-15,2Y,2,-0.0010348599237613176
2020-04-15,3Y,3,-0.0008100865402599763
2020-04-15,4Y,4,-0.00033039745682529424
2020-04-15,5Y,5,-0.000280424646689488
2020-04-15,7Y,7,0.0006595234805948199
2020-04-15,10Y,10,0.0023719682330344423
2020-04-15,15Y,15,0.00404802941688347
2020-04-15,20Y,20,0.004255691178456936
2020-04-15,25Y,25,0.0044649615971078084
2020-04-15,30Y,30,0.0047303051900993084
2020-04-16,1Y,1,-0.0005000265688793515
2020-04-16,2Y,2,-0.0009899031445916551
2020-04-16,3Y,3,-0.0006801358776272708
2020-04-16,4Y,4,-0.00027537013707970527
2020-04-16,5Y,5,-0.0002303765594022947
2020-04-16,7Y,7,0.0007577680444872085
2020-04-16,10Y,10,0.0024929507899956425
2020-04-16,15Y,15,0.00423557378295766
2020-04-16,20Y,20,0.004370319156464875
2020-04-16,25Y,25,0.004483998730397934
2020-04-16,30Y,30,0.004707240069291757
2020-04-17,1Y,1,-0.0004500210983987997
2020-04-17,2Y,2,-0.0005850253524017612
2020-04-17,3Y,3,-0.0006299646118668825
2020-04-17,4Y,4,-0.0005700394819522567
2020-04-17,5Y,5,-0.00021031969813767142
2020-04-17,7Y,7,0.0008898520983775698
2020-04-17,10Y,10,0.002768578958419695
2020-04-17,15Y,15,0.00472268444777692
2020-04-17,20Y,20,0.004923247848444221
2020-04-17,25Y,25,0.004992368377530102
2020-04-17,30Y,30,0.0051756421863781345
2020-04-20,1Y,1,-0.00045001969215161956
2020-04-20,2Y,2,-0.000934901107945432
2020-04-20,3Y,3,-0.00043018628034045787
2020-04-20,4Y,4,0.00002461928110723084
2020-04-20,5Y,5,-0.00008021944120331485
2020-04-20,7Y,7,0.0010124925871783682
2020-04-20,10Y,10,0.0028531695031777694
2020-04-20,15Y,15,0.004757901709485412
2020-04-20,20Y,20,0.004963815033002338
2020-04-20,25Y,25,0.004979987515224471
2020-04-20,30Y,30,0.005173268133109888
2020-04-21,1Y,1,-0.00045001969215161956
2020-04-21,2Y,2,-0.0006949962600800141
2020-04-21,3Y,3,-0.0007499371099641936
2020-04-21,4Y,4,-0.0006899894437903479
2020-04-21,5Y,5,-0.00042027729581408735
2020-04-21,7Y,7,0.0007673318867760246
2020-04-21,10Y,10,0.0026267132193020953
2020-04-21,15Y,15,0.004397960902592788
2020-04-21,20Y,20,0.004586765435111138
2020-04-21,25Y,25,0.004524551674607043
2020-04-21,30Y,30,0.004611817473534269
2020-04-22,1Y,1,-0.0004600155300847276
2020-04-22,2Y,2,-0.0006350169667168868
2020-04-22,3Y,3,-0.00058000270128814
2020-04-22,4Y,4,-0.0005650262067661488
2020-04-22,5Y,5,-0.000340225280472958
2020-04-22,7Y,7,0.0006275436014551832
2020-04-22,10Y,10,0.002468724319036242
2020-04-22,15Y,15,0.0040982324696892105
2020-04-22,20Y,20,0.004119866170594762
2020-04-22,25Y,25,0.004046322128194248
2020-04-22,30Y,30,0.004080093627039111
2020-04-23,1Y,1,-0.00039000146627820014
2020-04-23,2Y,2,-0.0010647981684704442
2020-04-23,3Y,3,-0.0008699957662727381
2020-04-23,4Y,4,-0.0004902385267661798
2020-04-23,5Y,5,-0.0005402348544385836
2020-04-23,7Y,7,0.0003990551243815573
2020-04-23,10Y,10,0.002095813522236147
2020-04-23,15Y,15,0.003607875379218083
2020-04-23,20Y,20,0.0035373716894411536
2020-04-23,25Y,25,0.003346293020884853
2020-04-23,30Y,30,0.0033682315650177667
2020-04-24,1Y,1,-0.0005500240711133689
2020-04-24,2Y,2,-0.0008499940668128911
2020-04-24,3Y,3,-0.0008499468496412256
2020-04-24,4Y,4,-0.000799993500698979
2020-04-24,5Y,5,-0.0005802853398370962
2020-04-24,7Y,7,0.00042684956190616546
2020-04-24,10Y,10,0.002135987398087689
2020-04-24,15Y,15,0.0036703219121294994
2020-04-24,20Y,20,0.0036803105693599663
2020-04-24,25Y,25,0.003470352469679515
2020-04-24,30Y,30,0.003482180899238544
2020-04-27,1Y,1,-0.0006800476160408832
2020-04-27,2Y,2,-0.0008700624791380516
2020-04-27,3Y,3,-0.0008999539093954796
2020-04-27,4Y,4,-0.0009000130773522178
2020-04-27,5Y,5,-0.0005204975692030937
2020-04-27,7Y,7,0.00044679335885027005
2020-04-27,10Y,10,0.002190030684075926
2020-04-27,15Y,15,0.003882383767785216
2020-04-27,20Y,20,0.00383846583623295
2020-04-27,25Y,25,0.0036248510289571575
2020-04-27,30Y,30,0.0036471329878902626
2020-04-28,1Y,1,-0.0006300460815771013
2020-04-28,2Y,2,-0.0012598374525540613
2020-04-28,3Y,3,-0.0009301841530106716
2020-04-28,4Y,4,-0.0005104850658599329
2020-04-28,5Y,5,-0.0005704587885103861
2020-04-28,7Y,7,0.00042883602685055274
2020-04-28,10Y,10,0.0021966991138349834
2020-04-28,15Y,15,0.0038828288081432308
2020-04-28,20Y,20,0.003829136043829814
2020-04-28,25Y,25,0.003708153092736963
2020-04-28,30Y,30,0.0037723665842675515
2020-04-29,1Y,1,-0.0006300460815771013
2020-04-29,2Y,2,-0.0012598374525540613
2020-04-29,3Y,3,-0.0009301841530106716
2020-04-29,4Y,4,-0.0005104850658599329
2020-04-29,5Y,5,-0.0005704587885103861
2020-04-29,7Y,7,0.00042883602685055274
2020-04-29,10Y,10,0.0021966991138349834
2020-04-29,15Y,15,0.0038828288081432308
2020-04-29,20Y,20,0.003829136043829814
2020-04-29,25Y,25,0.003708153092736963
2020-04-29,30Y,30,0.0037723665842675515
2020-04-30,1Y,1,-0.0006800624915449087
2020-04-30,2Y,2,-0.0012248972005217053
2020-04-30,3Y,3,-0.0011000604000991714
2020-04-30,4Y,4,-0.0007104077566705376
2020-04-30,5Y,5,-0.0005906161519481853
2020-04-30,7Y,7,0.0004685273525923818
2020-04-30,10Y,10,0.0021797042344399286
2020-04-30,15Y,15,0.003975668938676712
2020-04-30,20Y,20,0.003933523684988972
2020-04-30,25Y,25,0.003781687983115499
2020-04-30,30Y,30,0.003908275765038475
2020-05-01,1Y,1,-0.0006000487613717763
2020-05-01,2Y,2,-0.0011149013062551492
2020-05-01,3Y,3,-0.0006602551236299247
2020-05-01,4Y,4,-0.00022050577132683765
2020-05-01,5Y,5,-0.0003603547968270787
2020-05-01,7Y,7,0.000667521554396746
2020-05-01,10Y,10,0.0023685687056937714
2020-05-01,15Y,15,0.004063670451358939
2020-05-01,20Y,20,0.003997282155619216
2020-05-01,25Y,25,0.003818975298053727
2020-05-01,30Y,30,0.003872577704463291
2020-05-04,1Y,1,-0.0006000487613717763
2020-05-04,2Y,2,-0.0008000395721659689
2020-05-04,3Y,3,-0.0012995130922195013
2020-05-04,4Y,4,-0.0005355019902996841
2020-05-04,5Y,5,-0.000919551342714031
2020-05-04,7Y,7,-0.00013393663078549575
2020-05-04,10Y,10,0.003137859515034755
2020-05-04,15Y,15,0.0037459782099926297
2020-05-04,20Y,20,0.005056894226199532
2020-05-04,25Y,25,0.005625568952337855
2020-05-04,30Y,30,0.0038868697844794795
2020-05-05,1Y,1,-0.0006000487613717763
2020-05-05,2Y,2,-0.0008000395721659689
2020-05-05,3Y,3,-0.0012995130922195013
2020-05-05,4Y,4,-0.0005355019902996841
2020-05-05,5Y,5,-0.000919551342714031
2020-05-05,7Y,7,-0.00013393663078549575
2020-05-05,10Y,10,0.003137859515034755
2020-05-05,15Y,15,0.0037459782099926297
2020-05-05,20Y,20,0.005056894226199532
2020-05-05,25Y,25,0.005625568952337855
2020-05-05,30Y,30,0.0038868697844794795
2020-05-06,1Y,1,-0.0006000487613717763
2020-05-06,2Y,2,-0.0007700488006601112
2020-05-06,3Y,3,-0.001299489582421342
2020-05-06,4Y,4,-0.0005654747316589578
2020-05-06,5Y,5,-0.0009195466970588998
2020-05-06,7Y,7,-0.0001339427165319854
2020-05-06,10Y,10,0.003137838406977754
2020-05-06,15Y,15,0.0037459637945835276
2020-05-06,20Y,20,0.00505688386487567
2020-05-06,25Y,25,0.005625559390311379
2020-05-06,30Y,30,0.0038868663878082006
2020-05-07,1Y,1,-0.0005600416592022421
2020-05-07,2Y,2,-0.0007850224958884087
2020-05-07,3Y,3,-0.0008799247039337204
2020-05-07,4Y,4,-0.0007650589183629344
2020-05-07,5Y,5,-0.0003605098114796996
2020-05-07,7Y,7,0.0006471972086390496
2020-05-07,10Y,10,0.00238179423837699
2020-05-07,15Y,15,0.0040849094970106525
2020-05-07,20Y,20,0.004066987812875468
2020-05-07,25Y,25,0.003912635890158339
2020-05-07,30Y,30,0.00395622862567615
2020-05-08,1Y,1,-0.0005500395399370735
2020-05-08,2Y,2,-0.0007300341775261672
2020-05-08,3Y,3,-0.0006700365969542383
2020-05-08,4Y,4,-0.000575114665831154
2020-05-08,5Y,5,-0.0002803817118844276
2020-05-08,7Y,7,0.0007475991427106235
2020-05-08,10Y,10,0.002509759112714523
2020-05-08,15Y,15,0.004228264478018167
2020-05-08,20Y,20,0.004242696950739483
2020-05-08,25Y,25,0.004108216488445963
2020-05-08,30Y,30,0.004214584738894658
2020-05-11,1Y,1,-0.0005200351073313577
2020-05-11,2Y,2,-0.0010099042874585438
2020-05-11,3Y,3,-0.0005202259896507363
2020-05-11,4Y,4,-0.00005544909922295055
2020-05-11,5Y,5,-0.00013030258229897586
2020-05-11,7Y,7,0.000970295582318245
2020-05-11,10Y,10,0.0026515890203210896
2020-05-11,15Y,15,0.00442787731507596
2020-05-11,20Y,20,0.004472429288158698
2020-05-11,25Y,25,0.004302467544711782
2020-05-11,30Y,30,0.004336051335551029
2020-05-12,1Y,1,-0.0005200351073313577
2020-05-12,2Y,2,-0.001039888450261641
2020-05-12,3Y,3,-0.0006801783971713773
2020-05-12,4Y,4,-0.00020045429276184957
2020-05-12,5Y,5,-0.00021038891620148766
2020-05-12,7Y,7,0.0007578094190932585
2020-05-12,10Y,10,0.002493009214233663
2020-05-12,15Y,15,0.004142002657411885
2020-05-12,20Y,20,0.004227940350888043
2020-05-12,25Y,25,0.0040770322854592825
2020-05-12,30Y,30,0.004131358409599505
2020-05-13,1Y,1,-0.0006000487613717763
2020-05-13,2Y,2,-0.0011149013062551492
2020-05-13,3Y,3,-0.0007602065599973263
2020-05-13,4Y,4,-0.0002955044296156608
2020-05-13,5Y,5,-0.00029046997392390985
2020-05-13,7Y,7,0.0007495811816527059
2020-05-13,10Y,10,0.0024056356987700893
2020-05-13,15Y,15,0.0040409001464656764
2020-05-13,20Y,20,0.004124894749199571
2020-05-13,25Y,25,0.003933009718602436
2020-05-13,30Y,30,0.003976589756605618
2020-05-14,1Y,1,-0.0006000450111851641
2020-05-14,2Y,2,-0.001124896336124553
2020-05-14,3Y,3,-0.0007801938028641319
2020-05-14,4Y,4,-0.00032049798197092806
2020-05-14,5Y,5,-0.0003004831087749112
2020-05-14,7Y,7,0.0006794891080318468
2020-05-14,10Y,10,0.0024086478981340236
2020-05-14,15Y,15,0.004001626960505643
2020-05-14,20Y,20,0.004035047096304431
2020-05-14,25Y,25,0.0037984007620094446
2020-05-14,30Y,30,0.0038000031325565497
2020-05-15,1Y,1,-0.0005900427856071207
2020-05-15,2Y,2,-0.0011298865046690649
2020-05-15,3Y,3,-0.0007901863727349212
2020-05-15,4Y,4,-0.00032049951995096566
2020-05-15,5Y,5,-0.0003004848703133823
2020-05-15,7Y,7,0.0006794847471805385
2020-05-15,10Y,10,0.002435497840584278
2020-05-15,15Y,15,0.0041544277448939
2020-05-15,20Y,20,0.004198236624637915
2020-05-15,25Y,25,0.003984450694561831
2020-05-15,30Y,30,0.0039552568717346305
2020-05-18,1Y,1,-0.0006000412610678572
2020-05-18,2Y,2,-0.000775046876259446
2020-05-18,3Y,3,-0.0006000987307454885
2020-05-18,4Y,4,-0.00045520350401844964
2020-05-18,5Y,5,-0.00021038434365473042
2020-05-18,7Y,7,0.0007097227076843935
2020-05-18,10Y,10,0.0025096650846632134
2020-05-18,15Y,15,0.004228183827127474
2020-05-18,20Y,20,0.004320322029736307
2020-05-18,25Y,25,0.004138667976108471
2020-05-18,30Y,30,0.0041201671474464
2020-05-19,1Y,1,-0.0005600364090085733
2020-05-19,2Y,2,-0.0010399153348281407
2020-05-19,3Y,3,-0.0006402010942981377
2020-05-19,4Y,4,-0.0002004501425061215
2020-05-19,5Y,5,-0.0001803992775376666
2020-05-19,7Y,7,0.0007798857480074355
2020-05-19,10Y,10,0.0025300243086926674
2020-05-19,15Y,15,0.0042872061647935
2020-05-19,20Y,20,0.004376626627615811
2020-05-19,25Y,25,0.0042115519610697715
2020-05-19,30Y,30,0.004276508116046648
2020-05-20,1Y,1,-0.0005400425334764245
2020-05-20,2Y,2,-0.001034903184582279
2020-05-20,3Y,3,-0.0007401614348566736
2020-05-20,4Y,4,-0.000285437785566729
2020-05-20,5Y,5,-0.0002504317418447167
2020-05-20,7Y,7,0.0006776311032657441
2020-05-20,10Y,10,0.0024388099116675675
2020-05-20,15Y,15,0.00406925061559474
2020-05-20,20Y,20,0.00412124669394572
2020-05-20,25Y,25,0.003932533718428728
2020-05-20,30Y,30,0.0039241437328768804
2020-05-21,1Y,1,-0.0005600364090085733
2020-05-21,2Y,2,-0.0007550317503917099
2020-05-21,3Y,3,-0.0007599849454887291
2020-05-21,4Y,4,-0.0006600938995739393
2020-05-21,5Y,5,-0.0003004464127170541
2020-05-21,7Y,7,0.0006674262841516816
2020-05-21,10Y,10,0.0023814638015655374
2020-05-21,15Y,15,0.0037910725553926654
2020-05-21,20Y,20,0.003857037500959378
2020-05-21,25Y,25,0.0036745826022946317
2020-05-21,30Y,30,0.003645195225726567
2020-05-22,1Y,1,-0.0005900372542340096
2020-05-22,2Y,2,-0.000919990037856187
2020-05-22,3Y,3,-0.0007900554969692253
2020-05-22,4Y,4,-0.0005452467408804155
2020-05-22,5Y,5,-0.00036043735802914314
2020-05-22,7Y,7,0.000639303282137493
2020-05-22,10Y,10,0.0021567264695302873
2020-05-22,15Y,15,0.003462162073907442
2020-05-22,20Y,20,0.003510411438511325
2020-05-22,25Y,25,0.003355736137099338
2020-05-22,30Y,30,0.003253885554824945
2020-05-25,1Y,1,-0.0005500343835193022
2020-05-25,2Y,2,-0.0008200051575776708
2020-05-25,3Y,3,-0.0005701233181921655
2020-05-25,4Y,4,-0.00032525862624250743
2020-05-25,5Y,5,-0.00020032956162605617
2020-05-25,7Y,7,0.0007678540503138339
2020-05-25,10Y,10,0.002388860393810723
2020-05-25,15Y,15,0.0037741714655567357
2020-05-25,20Y,20,0.003907386241077806
2020-05-25,25Y,25,0.003786989387485464
2020-05-25,30Y,30,0.0037164779895412546
2020-05-26,1Y,1,-0.0005500343835193022
2020-05-26,2Y,2,-0.0010898818632810335
2020-05-26,3Y,3,-0.0006502170106299157
2020-05-26,4Y,4,-0.00015550130757084916
2020-05-26,5Y,5,-0.00027035077009480253
2020-05-26,7Y,7,0.0007177153327354422
2020-05-26,10Y,10,0.0024052044477042497
2020-05-26,15Y,15,0.003813828833355069
2020-05-26,20Y,20,0.00403128227121467
2020-05-26,25Y,25,0.003964290756340083
2020-05-26,30Y,30,0.003925611421090077
2020-05-27,1Y,1,-0.0005200302321918163
2020-05-27,2Y,2,-0.0010698730380115946
2020-05-27,3Y,3,-0.0007401537975568643
2020-05-27,4Y,4,-0.00028543478888439855
2020-05-27,5Y,5,-0.0003003965557302477
2020-05-27,7Y,7,0.0006595547473236796
2020-05-27,10Y,10,0.0023146182087495767
2020-05-27,15Y,15,0.0037890273155514213
2020-05-27,20Y,20,0.003996146654070562
2020-05-27,25Y,25,0.0039027857038157476
2020-05-27,30Y,30,0.00388471317958297
2020-05-28,1Y,1,-0.0005500412587746932
2020-05-28,2Y,2,-0.0007100398769180213
2020-05-28,3Y,3,-0.0006500414206947164
2020-05-28,4Y,4,-0.0005151503669560071
2020-05-28,5Y,5,-0.00021039156469398134
2020-05-28,7Y,7,0.0007577256356220961
2020-05-28,10Y,10,0.0023687038266649563
2020-05-28,15Y,15,0.003999711232378661
2020-05-28,20Y,20,0.0041920469508930965
2020-05-28,25Y,25,0.004056734230078288
2020-05-28,30Y,30,0.004017811673050297
2020-05-29,1Y,1,-0.0005200399826062563
2020-05-29,2Y,2,-0.00102489534485835
2020-05-29,3Y,3,-0.0006601896482609964
2020-05-29,4Y,4,-0.00017545755543623407
2020-05-29,5Y,5,-0.00017039020332460246
2020-05-29,7Y,7,0.0008499793303349905
2020-05-29,10Y,10,0.002546624261977431
2020-05-29,15Y,15,0.0041537570855371434
2020-05-29,20Y,20,0.004344402593015738
2020-05-29,25Y,25,0.004305431364484393
2020-05-29,30Y,30,0.00431925610588357
2020-06-01,1Y,1,-0.0005100299692998743
2020-06-01,2Y,2,-0.0009649212748705635
2020-06-01,3Y,3,-0.00047021244819126797
2020-06-01,4Y,4,0.0000845503362364023
2020-06-01,5Y,5,0.00007973323704476502
2020-06-01,7Y,7,0.0011528760572978118
2020-06-01,10Y,10,0.0029170972477010025
2020-06-01,15Y,15,0.0047993032181900186
2020-06-01,20Y,20,0.005070174219942887
2020-06-01,25Y,25,0.005041332991373959
2020-06-01,30Y,30,0.005108950873793769
2020-06-02,1Y,1,-0.0005100331568919436
2020-06-02,2Y,2,-0.0006700311830923084
2020-06-02,3Y,3,-0.000669998513157125
2020-06-02,4Y,4,-0.0004751605494945037
2020-06-02,5Y,5,-0.00005044498781172496
2020-06-02,7Y,7,0.0009781523966718964
2020-06-02,10Y,10,0.0027954950768822842
2020-06-02,15Y,15,0.004713719037771336
2020-06-02,20Y,20,0.0049771806634950075
2020-06-02,25Y,25,0.004991549625367834
2020-06-02,30Y,30,0.005069969501989077
2020-06-03,1Y,1,-0.0005000375067992127
2020-06-03,2Y,2,-0.0004750650173358699
2020-06-03,3Y,3,-0.0004200475582132158
2020-06-03,4Y,4,-0.0003301197225616181
2020-06-03,5Y,5,0.00010972665939373903
2020-06-03,7Y,7,0.0011628326781709464
2020-06-03,10Y,10,0.002984378651552134
2020-06-03,15Y,15,0.005088879562732262
2020-06-03,20Y,20,0.005372740641510993
2020-06-03,25Y,25,0.005280166688918003
2020-06-03,30Y,30,0.005285084345076152
2020-06-04,1Y,1,-0.0004500323488447347
2020-06-04,2Y,2,-0.0007549753629503338
2020-06-04,3Y,3,-0.00037015492809322183
2020-06-04,4Y,4,0.00013969394108916513
2020-06-04,5Y,5,0.00024985070922650286
2020-06-04,7Y,7,0.0013715551363588764
2020-06-04,10Y,10,0.003018770580989524
2020-06-04,15Y,15,0.005214977999198325
2020-06-04,20Y,20,0.005453201818376436
2020-06-04,25Y,25,0.005330405651637478
2020-06-04,30Y,30,0.0053770111661962635
2020-06-05,1Y,1,-0.0004500239109321446
2020-06-05,2Y,2,-0.0002150566329086447
2020-06-05,3Y,3,0.00014994619115844192
2020-06-05,4Y,4,0.00037007697017912416
2020-06-05,5Y,5,0.0007804256930256386
2020-06-05,7Y,7,0.001875673562627285
2020-06-05,10Y,10,0.003632064679256931
2020-06-05,15Y,15,0.005840211396486688
2020-06-05,20Y,20,0.00622605639481189
2020-06-05,25Y,25,0.006076155361209867
2020-06-05,30Y,30,0.00602871054324382
2020-06-08,1Y,1,-0.0003500207837257218
2020-06-08,2Y,2,-0.0007399328307616108
2020-06-08,3Y,3,-0.0002501384742814162
2020-06-08,4Y,4,0.00034473350113869603
2020-06-08,5Y,5,0.0003900247095774935
2020-06-08,7Y,7,0.0015122056471998974
2020-06-08,10Y,10,0.0034060632140348276
2020-06-08,15Y,15,0.005978971493534958
2020-06-08,20Y,20,0.006397033630501295
2020-06-08,25Y,25,0.006272572454083384
2020-06-08,30Y,30,0.006247788387829098
2020-06-09,1Y,1,-0.0004500323488447347
2020-06-09,2Y,2,-0.0006500091284883317
2020-06-09,3Y,3,-0.000490081293479677
2020-06-09,4Y,4,-0.00021520467279419664
2020-06-09,5Y,5,9.727165723771793e-6
2020-06-09,7Y,7,0.0009824510165212087
2020-06-09,10Y,10,0.002869787894292459
2020-06-09,15Y,15,0.005090152272430465
2020-06-09,20Y,20,0.005410577988413058
2020-06-09,25Y,25,0.005323304430072635
2020-06-09,30Y,30,0.005265621054653361
2020-06-10,1Y,1,-0.0004500323488447347
2020-06-10,2Y,2,-0.0005300374356185264
2020-06-10,3Y,3,-0.0004700431353903311
2020-06-10,4Y,4,-0.0002851433507978986
2020-06-10,5Y,5,0.00010972072982040203
2020-06-10,7Y,7,0.0011107502850951495
2020-06-10,10Y,10,0.0028498483972760834
2020-06-10,15Y,15,0.005029678175050354
2020-06-10,20Y,20,0.005313440738453824
2020-06-10,25Y,25,0.005186102154606651
2020-06-10,30Y,30,0.005106757313780575
2020-06-11,1Y,1,-0.0005400391582721137
2020-06-11,2Y,2,-0.000715033467466901
2020-06-11,3Y,3,-0.0007399853715262653
2020-06-11,4Y,4,-0.0005901300273363915
2020-06-11,5Y,5,-0.0002504282680502012
2020-06-11,7Y,7,0.0007775819360952832
2020-06-11,10Y,10,0.002549718849728979
2020-06-11,15Y,15,0.00458061840085811
2020-06-11,20Y,20,0.004919059295529151
2020-06-11,25Y,25,0.004805035159809745
2020-06-11,30Y,30,0.004694618497181455
2020-06-12,1Y,1,-0.000500039069417081
2020-06-12,2Y,2,-0.0006650279440252806
2020-06-12,3Y,3,-0.0006600151101215944
2020-06-12,4Y,4,-0.00046016254009876537
2020-06-12,5Y,5,-0.000160375851712439
2020-06-12,7Y,7,0.0008678946869834345
2020-06-12,10Y,10,0.00257034758695122
2020-06-12,15Y,15,0.004800661144540417
2020-06-12,20Y,20,0.005071537427014414
2020-06-12,25Y,25,0.004971498084484656
2020-06-12,30Y,30,0.004997220388406689
2020-06-15,1Y,1,-0.0005400459087430842
2020-06-15,2Y,2,-0.000994923058825442
2020-06-15,3Y,3,-0.0006601865504998245
2020-06-15,4Y,4,-0.00021543089128879598
2020-06-15,5Y,5,-0.0002103836539410213
2020-06-15,7Y,7,0.0007097854568867912
2020-06-15,10Y,10,0.002549665325715316
2020-06-15,15Y,15,0.0045612953995887075
2020-06-15,20Y,20,0.004836075384231349
2020-06-15,25Y,25,0.004795276449891384
2020-06-15,30Y,30,0.0047896268725808435
2020-06-16,1Y,1,-0.0004700361371247874
2020-06-16,2Y,2,-0.000894928412123998
2020-06-16,3Y,3,-0.000630133966272206
2020-06-16,4Y,4,-0.000185362959339929
2020-06-16,5Y,5,-0.00010035616409181849
2020-06-16,7Y,7,0.0010483192466716929
2020-06-16,10Y,10,0.002651535424644888
2020-06-16,15Y,15,0.004788991330027678
2020-06-16,20Y,20,0.005114704846140576
2020-06-16,25Y,25,0.0050225738170783605
2020-06-16,30Y,30,0.0050483761873504895
2020-06-17,1Y,1,-0.00045003656797645256
2020-06-17,2Y,2,-0.000844938687283008
2020-06-17,3Y,3,-0.00043017960765025774
2020-06-17,4Y,4,0.00006963500787053123
2020-06-17,5Y,5,0.00006978533254333114
2020-06-17,7Y,7,0.00101069442218126
2020-06-17,10Y,10,0.002906748368935296
2020-06-17,15Y,15,0.00511067284599373
2020-06-17,20Y,20,0.005401483044777174
2020-06-17,25Y,25,0.0053129143946432054
2020-06-17,30Y,30,0.005328643370398398
2020-06-18,1Y,1,-0.0004300314483475991
2020-06-18,2Y,2,-0.0007999475665431907
2020-06-18,3Y,3,-0.0004501488530380602
2020-06-18,4Y,4,9.676085069479801e-6
2020-06-18,5Y,5,0.000069774357541772
2020-06-18,7Y,7,0.0010106649100144593
2020-06-18,10Y,10,0.0027590857386551597
2020-06-18,15Y,15,0.00494809346764892
2020-06-18,20Y,20,0.005295092039051602
2020-06-18,25Y,25,0.005261280312287446
2020-06-18,30Y,30,0.005256411570873132
2020-06-19,1Y,1,-0.00040002875383344654
2020-06-19,2Y,2,-0.0007899360226669282
2020-06-19,3Y,3,-0.0005001251515126639
2020-06-19,4Y,4,-0.000030315700298664812
2020-06-19,5Y,5,0.000029756487179719558
2020-06-19,7Y,7,0.0009705220365127846
2020-06-19,10Y,10,0.0027119296818766264
2020-06-19,15Y,15,0.004756256282563278
2020-06-19,20Y,20,0.0051630369056786165
2020-06-19,25Y,25,0.005052520540408834
2020-06-19,30Y,30,0.005025957039808573
2020-06-22,1Y,1,-0.00040002875383344654
2020-06-22,2Y,2,-0.0008199232303509739
2020-06-22,3Y,3,-0.0005401235354956255
2020-06-22,4Y,4,-0.0007247937889734776
2020-06-22,5Y,5,-0.000020441103370207525
2020-06-22,7Y,7,0.0009085220026323752
2020-06-22,10Y,10,0.0027153474298335072
2020-06-22,15Y,15,0.0046965496691945005
2020-06-22,20Y,20,0.005036058726059626
2020-06-22,25Y,25,0.004990069941507858
2020-06-22,30Y,30,0.0049112526062311725
2020-06-23,1Y,1,-0.00041003049790559086
2020-06-23,2Y,2,-0.0007849429985642108
2020-06-23,3Y,3,-0.0004701355534395577
2020-06-23,4Y,4,-0.000030306975469394622
2020-06-23,5Y,5,9.770282701273398e-6
2020-06-23,7Y,7,0.0010225899428735626
2020-06-23,10Y,10,0.00268499023508693
2020-06-23,15Y,15,0.004695439221560931
2020-06-23,20Y,20,0.005057947414698239
2020-06-23,25Y,25,0.0049792115712863246
2020-06-23,30Y,30,0.004921170793943661
2020-06-24,1Y,1,-0.00041003049790559086
2020-06-24,2Y,2,-0.0004850307656196245
2020-06-24,3Y,3,-0.0005300003244371894
2020-06-24,4Y,4,-0.00038009975675838855
2020-06-24,5Y,5,9.708052209745949e-6
2020-06-24,7Y,7,0.0009823846384479152
2020-06-24,10Y,10,0.0027148244409978843
2020-06-24,15Y,15,0.0047346566349504415
2020-06-24,20Y,20,0.00509769010687754
2020-06-24,25Y,25,0.005074081890746401
2020-06-24,30Y,30,0.005058522902566684
2020-06-25,1Y,1,-0.00041003049790559086
2020-06-25,2Y,2,-0.0008299239224759428
2020-06-25,3Y,3,-0.0005101405207870639
2020-06-25,4Y,4,-0.0007347697624028654
2020-06-25,5Y,5,-0.00004043198174341622
2020-06-25,7Y,7,0.0009085311658928216
2020-06-25,10Y,10,0.0026077725311114876
2020-06-25,15Y,15,0.004546562794336023
2020-06-25,20Y,20,0.004871789876062111
2020-06-25,25Y,25,0.004844884763524102
2020-06-25,30Y,30,0.004807834508572454
2020-06-26,1Y,1,-0.00040002875383344654
2020-06-26,2Y,2,-0.0008199232303509739
2020-06-26,3Y,3,-0.0005201301298980875
2020-06-26,4Y,4,-0.0001003078794608183
2020-06-26,5Y,5,-0.0001002465610535578
2020-06-26,7Y,7,0.0008682286168279769
2020-06-26,10Y,10,0.0026373732915558187
2020-06-26,15Y,15,0.004548301080786937
2020-06-26,20Y,20,0.004907291312148459
2020-06-26,25Y,25,0.004865944779601531
2020-06-26,30Y,30,0.004808103657952581
2020-06-28,1Y,1,-0.0004600414062236446
2020-06-28,2Y,2,-0.0006050249404840433
2020-06-28,3Y,3,-0.0006599983581570793
2020-06-28,4Y,4,-0.0005051076105814462
2020-06-28,5Y,5,-0.00020034052497906372
2020-06-28,7Y,7,0.0007437610114709675
2020-06-28,10Y,10,0.0024156463520247206
2020-06-28,15Y,15,0.004362645837921167
2020-06-28,20Y,20,0.0046987897166130025
2020-06-28,25Y,25,0.004659698766896753
2020-06-28,30Y,30,0.004643478072528437
2020-06-29,1Y,1,-0.00041003434207853595
2020-06-29,2Y,2,-0.0007849418254388995
2020-06-29,3Y,3,-0.00047014243351189034
2020-06-29,4Y,4,-0.000015316052064114657
2020-06-29,5Y,5,-0.00002022209126217845
2020-06-29,7Y,7,0.0010005240277808994
2020-06-29,10Y,10,0.002621084373428057
2020-06-29,15Y,15,0.004547105604519199
2020-06-29,20Y,20,0.004896501006126656
2020-06-29,25Y,25,0.004865154405479334
2020-06-29,30Y,30,0.004828139992660019
2020-06-30,1Y,1,-0.00038002779096026865
2020-06-30,2Y,2,-0.0007149552580665875
2020-06-30,3Y,3,-0.0003201380796527839
2020-06-30,4Y,4,0.00014473276169653891
2020-06-30,5Y,5,0.00015988624431628024
2020-06-30,7Y,7,0.0011931604249567974
2020-06-30,10Y,10,0.0029139623411851383
2020-06-30,15Y,15,0.004874375073445538
2020-06-30,20Y,20,0.005280342211257824
2020-06-30,25Y,25,0.005185127048393454
2020-06-30,30Y,30,0.005106070057732124
2020-07-01,1Y,1,-0.0003800313538714288
2020-07-01,2Y,2,-0.00031004260256652403
2020-07-01,3Y,3,-0.00022004987768834192
2020-07-01,4Y,4,-0.00009507839337531503
2020-07-01,5Y,5,0.0002699286753360997
2020-07-01,7Y,7,0.0013315112889912663
2020-07-01,10Y,10,0.0031731117737846377
2020-07-01,15Y,15,0.005352346595611308
2020-07-01,20Y,20,0.005835388830670941
2020-07-01,25Y,25,0.005727993055831382
2020-07-01,30Y,30,0.00569190319401322
2020-07-02,1Y,1,-0.00038003254153040817
2020-07-02,2Y,2,-0.0003650379317345855
2020-07-02,3Y,3,-0.0004999784626153879
2020-07-02,4Y,4,-0.0004100590735927239
2020-07-02,5Y,5,0.00012971877041541193
2020-07-02,7Y,7,0.001202890212665232
2020-07-02,10Y,10,0.0030481771565828643
2020-07-02,15Y,15,0.005192389948751493
2020-07-02,20Y,20,0.005799136027161693
2020-07-02,25Y,25,0.005626797273947876
2020-07-02,30Y,30,0.005622400077303339
2020-07-03,1Y,1,-0.00045004360012317914
2020-07-03,2Y,2,-0.0005500331388333232
2020-07-03,3Y,3,-0.00041008958736412846
2020-07-03,4Y,4,-0.00015018275718045148
2020-07-03,5Y,5,0.0001097810507940533
2020-07-03,7Y,7,0.0011028135784304312
2020-07-03,10Y,10,0.002886824421311558
2020-07-03,15Y,15,0.0051201233358287215
2020-07-03,20Y,20,0.005538361539711439
2020-07-03,25Y,25,0.005438005924578563
2020-07-03,30Y,30,0.005391159714730457
2020-07-05,1Y,1,-0.0004900523770913395
2020-07-05,2Y,2,-0.0005600477849159156
2020-07-05,3Y,3,-0.000530059546951849
2020-07-05,4Y,4,-0.00034516239567693955
2020-07-05,5Y,5,-3.2348877626706303e-7
2020-07-05,7Y,7,0.0010725045983220943
2020-07-05,10Y,10,0.0028430497639308997
2020-07-05,15Y,15,0.005033477191091947
2020-07-05,20Y,20,0.005505610196366776
2020-07-05,25Y,25,0.00540841493626352
2020-07-05,30Y,30,0.00539333441659644
2020-07-06,1Y,1,-0.0004300395117679925
2020-07-06,2Y,2,-0.0007549631551672235
2020-07-06,3Y,3,-0.0003501665226492607
2020-07-06,4Y,4,0.000169687006281438
2020-07-06,5Y,5,0.00014986137923324566
2020-07-06,7Y,7,0.0011831114162343672
2020-07-06,10Y,10,0.00297097387639077
2020-07-06,15Y,15,0.005162708906151019
2020-07-06,20Y,20,0.005556180852370137
2020-07-06,25Y,25,0.005478921520927023
2020-07-06,30Y,30,0.00543210196608446
2020-07-07,1Y,1,-0.0004700493575538888
2020-07-07,2Y,2,-0.0004750547000523007
2020-07-07,3Y,3,-0.00041006979633173156
2020-07-07,4Y,4,-0.00026013745184504664
2020-07-07,5Y,5,0.00006976338054190997
2020-07-07,7Y,7,0.0010626786445681225
2020-07-07,10Y,10,0.002889858177872635
2020-07-07,15Y,15,0.005156603777352638
2020-07-07,20Y,20,0.005566194330471324
2020-07-07,25Y,25,0.005523044044239529
2020-07-07,30Y,30,0.005518915094984525
2020-07-08,1Y,1,-0.000560069662695895
2020-07-08,2Y,2,-0.000854994186126979
2020-07-08,3Y,3,-0.00042024034815137936
2020-07-08,4Y,4,9.608309151183962e-6
2020-07-08,5Y,5,-0.00007024545577538079
2020-07-08,7Y,7,0.000950422829349362
2020-07-08,10Y,10,0.0026615497458988193
2020-07-08,15Y,15,0.0048170988403634435
2020-07-08,20Y,20,0.005228281695288138
2020-07-08,25Y,25,0.005221039828303664
2020-07-08,30Y,30,0.0051746355363662625
2020-07-09,1Y,1,-0.0005500670432479693
2020-07-09,2Y,2,-0.000934953658703852
2020-07-09,3Y,3,-0.00071017314509365
2020-07-09,4Y,4,-0.00026541729121588495
2020-07-09,5Y,5,-0.00015045051635282215
2020-07-09,7Y,7,0.0007578702213622062
2020-07-09,10Y,10,0.0025097707170436715
2020-07-09,15Y,15,0.00455045929845191
2020-07-09,20Y,20,0.004978069330493006
2020-07-09,25Y,25,0.004962363885527167
2020-07-09,30Y,30,0.00490529894002222
2020-07-10,1Y,1,-0.0006000750146208308
2020-07-10,2Y,2,-0.0009399839436605706
2020-07-10,3Y,3,-0.0005802419019808828
2020-07-10,4Y,4,-0.0001754323179881123
2020-07-10,5Y,5,-0.00023034195731675474
2020-07-10,7Y,7,0.0007098130664249354
2020-07-10,10Y,10,0.0025497041175642646
2020-07-10,15Y,15,0.004638442631944137
2020-07-10,20Y,20,0.0050639719284005895
2020-07-10,25Y,25,0.004993782397769896
2020-07-10,30Y,30,0.0049365030957936535
2020-07-13,1Y,1,-0.0005000546963900543
2020-07-13,2Y,2,-0.0007949839157268684
2020-07-13,3Y,3,-0.0003802010715449598
2020-07-13,4Y,4,0.00006965582810442136
2020-07-13,5Y,5,0.00006980050125977573
2020-07-13,7Y,7,0.001062801346463847
2020-07-13,10Y,10,0.0029169392941794533
2020-07-13,15Y,15,0.005159678877643137
2020-07-13,20Y,20,0.005604597973709085
2020-07-13,25Y,25,0.005533058953765412
2020-07-13,30Y,30,0.005476208838590482
2020-07-14,1Y,1,-0.0005200562344996908
2020-07-14,2Y,2,-0.0008849591065486721
2020-07-14,3Y,3,-0.0005801859766742011
2020-07-14,4Y,4,-0.0001403908121238753
2020-07-14,5Y,5,-0.00013032890793695834
2020-07-14,7Y,7,0.0008781233076532729
2020-07-14,10Y,10,0.002654622589894049
2020-07-14,15Y,15,0.004987833883514663
2020-07-14,20Y,20,0.005409571393653055
2020-07-14,25Y,25,0.005389244478512066
2020-07-14,30Y,30,0.005311794771095141
2020-07-15,1Y,1,-0.0005600626614339885
2020-07-15,2Y,2,-0.0006050702362528777
2020-07-15,3Y,3,-0.0006400324929212274
2020-07-15,4Y,4,-0.0005351330610075726
2020-07-15,5Y,5,-0.00018039397289408218
2020-07-15,7Y,7,0.0008798726903990464
2020-07-15,10Y,10,0.0027013061447508295
2020-07-15,15Y,15,0.00505985626044434
2020-07-15,20Y,20,0.005519241171019773
2020-07-15,25Y,25,0.0054534052825763344
2020-07-15,30Y,30,0.00546004144803342
2020-07-16,1Y,1,-0.000630077584723822
2020-07-16,2Y,2,-0.000715080595151299
2020-07-16,3Y,3,-0.0005901289789577275
2020-07-16,4Y,4,-0.000475200311721402
2020-07-16,5Y,5,-0.00028035472729663223
2020-07-16,7Y,7,0.0006476045364434477
2020-07-16,10Y,10,0.002485872897659648
2020-07-16,15Y,15,0.004842528616527247
2020-07-16,20Y,20,0.005311199513471548
2020-07-16,25Y,25,0.005277131885695939
2020-07-16,30Y,30,0.005231436686180158
2020-07-17,1Y,1,-0.0006000750146208308
2020-07-17,2Y,2,-0.000760051237341074
2020-07-17,3Y,3,-0.0005601627377395991
2020-07-17,4Y,4,-0.00033027333798476633
2020-07-17,5Y,5,-0.00022033423237477305
2020-07-17,7Y,7,0.0006797707472668006
2020-07-17,10Y,10,0.0025495899600658997
2020-07-17,15Y,15,0.004770699901306168
2020-07-17,20Y,20,0.005217110006157417
2020-07-17,25Y,25,0.005235248741499577
2020-07-17,30Y,30,0.005262984958448532
2020-07-18,1Y,1,-0.0006600924198091387
2020-07-18,2Y,2,-0.0009550163858677155
2020-07-18,3Y,3,-0.0010599774007900285
2020-07-18,4Y,4,-0.0008801271539943204
2020-07-18,5Y,5,-0.0006804406551849248
2020-07-18,7Y,7,0.0001985086339644183
2020-07-18,10Y,10,0.001615895021985494
2020-07-18,15Y,15,0.004056900530043306
2020-07-18,20Y,20,0.005675274794997118
2020-07-18,25Y,25,0.0059820743558871275
2020-07-18,30Y,30,0.005025606572193539
2020-07-19,1Y,1,-0.0006400864179616827
2020-07-19,2Y,2,-0.000770070846027229
2020-07-19,3Y,3,-0.0007800646566130566
2020-07-19,4Y,4,-0.000600216336972922
2020-07-19,5Y,5,-0.00032048134706541206
2020-07-19,7Y,7,0.0006393476563253877
2020-07-19,10Y,10,0.002425331725489907
2020-07-19,15Y,15,0.0046115943526939505
2020-07-19,20Y,20,0.005118246228656363
2020-07-19,25Y,25,0.0051215687296370565
2020-07-19,30Y,30,0.00509689164463061
2020-07-20,1Y,1,-0.0005800696131194341
2020-07-20,2Y,2,-0.0006200767190725013
2020-07-20,3Y,3,-0.0006200595894550487
2020-07-20,4Y,4,-0.000505156914336271
2020-07-20,5Y,5,-0.00018038852744981242
2020-07-20,7Y,7,0.0007798061102428823
2020-07-20,10Y,10,0.0025836590583175295
2020-07-20,15Y,15,0.004860705240074271
2020-07-20,20Y,20,0.005360311413850364
2020-07-20,25Y,25,0.005434005717022296
2020-07-20,30Y,30,0.005483666461438838
2020-07-21,1Y,1,-0.0006300756156405586
2020-07-21,2Y,2,-0.0010349606417195695
2020-07-21,3Y,3,-0.0007302270080367238
2020-07-21,4Y,4,-0.0003104737513537311
2020-07-21,5Y,5,-0.0003204386832993582
2020-07-21,7Y,7,0.0006274708854613698
2020-07-21,10Y,10,0.002381779635977081
2020-07-21,15Y,15,0.004504391726256615
2020-07-21,20Y,20,0.005065978873197664
2020-07-21,25Y,25,0.005112105557403186
2020-07-21,30Y,30,0.005171547387500372
2020-07-22,1Y,1,-0.0006000712639485038
2020-07-22,2Y,2,-0.0008150337087166912
2020-07-22,3Y,3,-0.0008400294174604215
2020-07-22,4Y,4,-0.0006351954710907104
2020-07-22,5Y,5,-0.00036048616195845633
2020-07-22,7Y,7,0.0006232499548577738
2020-07-22,10Y,10,0.0023513506177602005
2020-07-22,15Y,15,0.004472286182236828
2020-07-22,20Y,20,0.004951264773698585
2020-07-22,25Y,25,0.005007641933208632
2020-07-22,30Y,30,0.00505621464418027
2020-07-23,1Y,1,-0.0006000712639485038
2020-07-23,2Y,2,-0.0008150337087166912
2020-07-23,3Y,3,-0.0006001665274052583
2020-07-23,4Y,4,-0.00033530168650969293
2020-07-23,5Y,5,-0.00027033804411025165
2020-07-23,7Y,7,0.0007176881061303558
2020-07-23,10Y,10,0.0024858458890194383
2020-07-23,15Y,15,0.004622403181390345
2020-07-23,20Y,20,0.0050815095772410316
2020-07-23,25Y,25,0.005120439385947063
2020-07-23,30Y,30,0.0051166518163926365
2020-07-24,1Y,1,-0.0006500853305530099
2020-07-24,2Y,2,-0.0007900709006749976
2020-07-24,3Y,3,-0.0007900657203483349
2020-07-24,4Y,4,-0.0006351997303082903
2020-07-24,5Y,5,-0.0003604780724632505
2020-07-24,7Y,7,0.0006232714647494207
2020-07-24,10Y,10,0.0023513810992553067
2020-07-24,15Y,15,0.004472315892645132
2020-07-24,20Y,20,0.004951285412355985
2020-07-24,25Y,25,0.005007656593516628
2020-07-24,30Y,30,0.005056226889856167
2020-07-26,1Y,1,-0.0006400824171745248
2020-07-26,2Y,2,-0.0007650725288900585
2020-07-26,3Y,3,-0.000780054193307642
2020-07-26,4Y,4,-0.0006152024064822012
2020-07-26,5Y,5,-0.000320482490684078
2020-07-26,7Y,7,0.0006393406521314209
2020-07-26,10Y,10,0.002371611787285491
2020-07-26,15Y,15,0.00449278762960965
2020-07-26,20Y,20,0.004971834640461306
2020-07-26,25Y,25,0.005028227373886632
2020-07-26,30Y,30,0.005076811943729592
2020-07-27,1Y,1,-0.0005800641747172663
2020-07-27,2Y,2,-0.0006500702169788198
2020-07-27,3Y,3,-0.0007200065925272366
2020-07-27,4Y,4,-0.0006401046916666233
2020-07-27,5Y,5,-0.0002604383987840407
2020-07-27,7Y,7,0.0006595129928986347
2020-07-27,10Y,10,0.002422032723523122
2020-07-27,15Y,15,0.0044873244328334436
2020-07-27,20Y,20,0.004988066330807875
2020-07-27,25Y,25,0.005058736564328556
2020-07-27,30Y,30,0.005107422704837944
2020-07-28,1Y,1,-0.0005800678003018324
2020-07-28,2Y,2,-0.0009999433449544121
2020-07-28,3Y,3,-0.0006802199739795956
2020-07-28,4Y,4,-0.0002304631069567273
2020-07-28,5Y,5,-0.00027038963209948647
2020-07-28,7Y,7,0.000677656338770394
2020-07-28,10Y,10,0.0024054211521432854
2020-07-28,15Y,15,0.0044190554560203515
2020-07-28,20Y,20,0.0048423666130761045
2020-07-28,25Y,25,0.004838776413703589
2020-07-28,30Y,30,0.004854849824863852
2020-07-29,1Y,1,-0.0006000712639485038
2020-07-29,2Y,2,-0.0010099519956839318
2020-07-29,3Y,3,-0.0007002215006588407
2020-07-29,4Y,4,-0.0002654642007061949
2020-07-29,5Y,5,-0.00032038880004852527
2020-07-29,7Y,7,0.000567494571679462
2020-07-29,10Y,10,0.002240833163996387
2020-07-29,15Y,15,0.004197281139430575
2020-07-29,20Y,20,0.004573671025494746
2020-07-29,25Y,25,0.00453711504819859
2020-07-29,30Y,30,0.004500233034262563
2020-07-30,1Y,1,-0.0006100739772128222
2020-07-30,2Y,2,-0.0006900761070280936
2020-07-30,3Y,3,-0.0006900588643076744
2020-07-30,4Y,4,-0.0005801582132493163
2020-07-30,5Y,5,-0.00032038624577791514
2020-07-30,7Y,7,0.0005674111331707046
2020-07-30,10Y,10,0.0022138706415199484
2020-07-30,15Y,15,0.0040815192073219925
2020-07-30,20Y,20,0.004491669432004626
2020-07-30,25Y,25,0.004453831890526338
2020-07-30,30Y,30,0.0043856547068266
2020-07-31,1Y,1,-0.0006300736465753935
2020-07-31,2Y,2,-0.0007100818537434235
2020-07-31,3Y,3,-0.0005901204877911979
2020-07-31,4Y,4,-0.0004901884218206403
2020-07-31,5Y,5,-0.0002803556721054678
2020-07-31,7Y,7,0.0005995775341533909
2020-07-31,10Y,10,0.002207143976522225
2020-07-31,15Y,15,0.00392864962670954
2020-07-31,20Y,20,0.004234193769546213
2020-07-31,25Y,25,0.004172702743708001
2020-07-31,30Y,30,0.004093274901124655
2020-08-02,1Y,1,-0.0006600862310658448
2020-08-02,2Y,2,-0.0008050723093969263
2020-08-02,3Y,3,-0.0008200539470454192
2020-08-02,4Y,4,-0.00069516962294625
2020-08-02,5Y,5,-0.00041048294782810506
2020-08-02,7Y,7,0.0005891433543521825
2020-08-02,10Y,10,0.0021164484645848874
2020-08-02,15Y,15,0.0039125770333105925
2020-08-02,20Y,20,0.0042596706873109895
2020-08-02,25Y,25,0.004205376279483249
2020-08-02,30Y,30,0.004115942782367375
2020-08-03,1Y,1,-0.0005800641747172663
2020-08-03,2Y,2,-0.0009649610056790204
2020-08-03,3Y,3,-0.0006202212937467751
2020-08-03,4Y,4,-0.0002004344349251343
2020-08-03,5Y,5,-0.0002703407499555447
2020-08-03,7Y,7,0.0006176641024049427
2020-08-03,10Y,10,0.0022644754001868144
2020-08-03,15Y,15,0.004000670542084427
2020-08-03,20Y,20,0.004364587311558046
2020-08-03,25Y,25,0.004328395664238112
2020-08-03,30Y,30,0.0042909580631145024
2020-08-04,1Y,1,-0.0006000656380701333
2020-08-04,2Y,2,-0.001099906033151835
2020-08-04,3Y,3,-0.0008801622464770392
2020-08-04,4Y,4,-0.0004404585561575444
2020-08-04,5Y,5,-0.00047043990088300384
2020-08-04,7Y,7,0.0003970596187938809
2020-08-04,10Y,10,0.0020890403881259397
2020-08-04,15Y,15,0.003836452443842154
2020-08-04,20Y,20,0.0042017950449825415
2020-08-04,25Y,25,0.0042067350076241804
2020-08-04,30Y,30,0.004180095250696569
2020-08-05,1Y,1,-0.0006000656380701333
2020-08-05,2Y,2,-0.0006650768156572738
2020-08-05,3Y,3,-0.0006200726720543208
2020-08-05,4Y,4,-0.000575119289375992
2020-08-05,5Y,5,-0.00034032650391327456
2020-08-05,7Y,7,0.0005594513411448265
2020-08-05,10Y,10,0.002213716154864218
2020-08-05,15Y,15,0.003967385109235458
2020-08-05,20Y,20,0.004260609049922269
2020-08-05,25Y,25,0.004245943540962996
2020-08-05,30Y,30,0.004229221398872026
2020-08-06,1Y,1,-0.000590064912634645
2020-08-06,2Y,2,-0.0007100605349247519
2020-08-06,3Y,3,-0.0007300321239642088
2020-08-06,4Y,4,-0.000630125654335488
2020-08-06,5Y,5,-0.0003304112891049254
2020-08-06,7Y,7,0.0005493649163354438
2020-08-06,10Y,10,0.0021834355244057723
2020-08-06,15Y,15,0.003862537265600316
2020-08-06,20Y,20,0.004247754386995449
2020-08-06,25Y,25,0.004225780904054514
2020-08-06,30Y,30,0.004188456532874814
2020-08-07,1Y,1,-0.0005800641747172663
2020-08-07,2Y,2,-0.0005900824516767285
2020-08-07,3Y,3,-0.0003401499573214891
2020-08-07,4Y,4,-0.00027516482178791424
2020-08-07,5Y,5,-0.00022018887939421106
2020-08-07,7Y,7,0.0007399754169339111
2020-08-07,10Y,10,0.0023652474735098793
2020-08-07,15Y,15,0.004083222057125865
2020-08-07,20Y,20,0.004461790277484643
2020-08-07,25Y,25,0.004482798352762844
2020-08-07,30Y,30,0.004456189578211464
2020-08-10,1Y,1,-0.0006200786783602774
2020-08-10,2Y,2,-0.0007700595626636711
2020-08-10,3Y,3,-0.0008000409004445909
2020-08-10,4Y,4,-0.0006651563002952471
2020-08-10,5Y,5,-0.00041042844832902474
2020-08-10,7Y,7,0.0005051703586318131
2020-08-10,10Y,10,0.002132993469258394
2020-08-10,15Y,15,0.003829551864407212
2020-08-10,20Y,20,0.004221589248603072
2020-08-10,25Y,25,0.004268108975878791
2020-08-10,30Y,30,0.004220954659240422
2020-08-11,1Y,1,-0.0005800532983657651
2020-08-11,2Y,2,-0.0007100553187100394
2020-08-11,3Y,3,-0.00022020436879341822
2020-08-11,4Y,4,0.00003974619084745558
2020-08-11,5Y,5,0.000019850267926341237
2020-08-11,7Y,7,0.0009325969973915393
2020-08-11,10Y,10,0.0025773849952788605
2020-08-11,15Y,15,0.0043256163722058035
2020-08-11,20Y,20,0.004716723815327109
2020-08-11,25Y,25,0.004740610817836346
2020-08-11,30Y,30,0.004724644581115406
2020-08-12,1Y,1,-0.0004300408557146753
2020-08-12,2Y,2,-0.0006899859309279909
2020-08-12,3Y,3,-0.00011015879098853456
2020-08-12,4Y,4,0.00035977659419496875
2020-08-12,5Y,5,0.0002100058415402108
2020-08-12,7Y,7,0.0011312480818610165
2020-08-12,10Y,10,0.0029710837839702037
2020-08-12,15Y,15,0.004909143827257245
2020-08-12,20Y,20,0.005485612692073314
2020-08-12,25Y,25,0.0055530254105829934
2020-08-12,30Y,30,0.005581233516835063
2020-08-13,1Y,1,-0.00043003548000181764
2020-08-13,2Y,2,-0.00044004497559927417
2020-08-13,3Y,3,-0.0002500837653394713
2020-08-13,4Y,4,-0.00011011588540623123
2020-08-13,5Y,5,0.000049875921480346786
2020-08-13,7Y,7,0.001030708711226883
2020-08-13,10Y,10,0.0026581467832209552
2020-08-13,15Y,15,0.0048726269771546
2020-08-13,20Y,20,0.005303045495547325
2020-08-13,25Y,25,0.0053877678284162695
2020-08-13,30Y,30,0.005436706215470097
2020-08-14,1Y,1,-0.0003900294975143678
2020-08-14,2Y,2,-0.0007249561194654177
2020-08-14,3Y,3,-0.0004901059571754453
2020-08-14,4Y,4,-0.00009026288802422905
2020-08-14,5Y,5,-0.000020231250871614718
2020-08-14,7Y,7,0.0009524288522463168
2020-08-14,10Y,10,0.002714828978270964
2020-08-14,15Y,15,0.0049996311611388445
2020-08-14,20Y,20,0.00540433893249212
2020-08-14,25Y,25,0.005494299446261288
2020-08-14,30Y,30,0.005585728730683465
2020-08-16,1Y,1,-0.0003900294975143678
2020-08-16,2Y,2,-0.0005600071820890452
2020-08-16,3Y,3,-0.0005700118433569204
2020-08-16,4Y,4,-0.00035512675978259295
2020-08-16,5Y,5,-0.000030299545643075118
2020-08-16,7Y,7,0.0008902275427866501
2020-08-16,10Y,10,0.002651028764670267
2020-08-16,15Y,15,0.004996910273473953
2020-08-16,20Y,20,0.005464231414816986
2020-08-16,25Y,25,0.005547672663350921
2020-08-16,30Y,30,0.005650015745703662
2020-08-17,1Y,1,-0.00041003306067564487
2020-08-17,2Y,2,-0.0005200239284032593
2020-08-17,3Y,3,-0.000530018977670455
2020-08-17,4Y,4,-0.00031013805463887313
2020-08-17,5Y,5,0.00003971136779694752
2020-08-17,7Y,7,0.0009524017593087078
2020-08-17,10Y,10,0.0027017134047282107
2020-08-17,15Y,15,0.00499163712461894
2020-08-17,20Y,20,0.005506727847563588
2020-08-17,25Y,25,0.005609777545883266
2020-08-17,30Y,30,0.005691423207072837
2020-08-18,1Y,1,-0.0004700522955764446
2020-08-18,2Y,2,-0.0005400430885503483
2020-08-18,3Y,3,-0.0005500451522149485
2020-08-18,4Y,4,-0.00038513883453579673
2020-08-18,5Y,5,-0.00012029078742299367
2020-08-18,7Y,7,0.0007399664521348329
2020-08-18,10Y,10,0.0023252382143518556
2020-08-18,15Y,15,0.004745026405209931
2020-08-18,20Y,20,0.005692019456143295
2020-08-18,25Y,25,0.005895403934276052
2020-08-18,30Y,30,0.005644327345516187
2020-08-19,1Y,1,-0.0005200627356779275
2020-08-19,2Y,2,-0.0006250464326563944
2020-08-19,3Y,3,-0.0005201048932664726
2020-08-19,4Y,4,-0.00030520458499757263
2020-08-19,5Y,5,-0.00013028929015994513
2020-08-19,7Y,7,0.0007700075903658379
2020-08-19,10Y,10,0.0025432613662807486
2020-08-19,15Y,15,0.00476029030433126
2020-08-19,20Y,20,0.005211504707327635
2020-08-19,25Y,25,0.005265490208240886
2020-08-19,30Y,30,0.005293395843902502
2020-08-20,1Y,1,-0.0004700537646081885
2020-08-20,2Y,2,-0.0008199561463699436
2020-08-20,3Y,3,-0.0005101780680138896
2020-08-20,4Y,4,-0.000050360831581937803
2020-08-20,5Y,5,-0.00007026378255069838
2020-08-20,7Y,7,0.0008983065971489637
2020-08-20,10Y,10,0.0026912832038977455
2020-08-20,15Y,15,0.004894853545629326
2020-08-20,20Y,20,0.00533005855487711
2020-08-20,25Y,25,0.0054323701232625605
2020-08-20,30Y,30,0.005523780201120795
2020-08-21,1Y,1,-0.0005000578219581157
2020-08-21,2Y,2,-0.0005300576487363937
2020-08-21,3Y,3,-0.00044009002832915605
2020-08-21,4Y,4,-0.00031014705701926473
2020-08-21,5Y,5,-0.00008024897097841594
2020-08-21,7Y,7,0.0009202785521899512
2020-08-21,10Y,10,0.002651112738688045
2020-08-21,15Y,15,0.0049403850152086
2020-08-21,20Y,20,0.005455265123684281
2020-08-21,25Y,25,0.005526421939781844
2020-08-21,30Y,30,0.005576190911330256
2020-08-24,1Y,1,-0.0005000578219581157
2020-08-24,2Y,2,-0.0005150602651581329
2020-08-24,3Y,3,-0.0005000612048428113
2020-08-24,4Y,4,-0.0003751356758117839
2020-08-24,5Y,5,-0.00008028729892585224
2020-08-24,7Y,7,0.0008281188559088392
2020-08-24,10Y,10,0.0025837303831574452
2020-08-24,15Y,15,0.004726742965278044
2020-08-24,20Y,20,0.005244458083442864
2020-08-24,25Y,25,0.00534939947487805
2020-08-24,30Y,30,0.005440827560365116
2020-08-25,1Y,1,-0.0004700552336534831
2020-08-25,2Y,2,-0.00038006575800020586
2020-08-25,3Y,3,-0.0004100437053140856
2020-08-25,4Y,4,-0.00033509986234515595
2020-08-25,5Y,5,0.0000997555556607612
2020-08-25,7Y,7,0.001032657003100496
2020-08-25,10Y,10,0.0028025243844221398
2020-08-25,15Y,15,0.004838979106518436
2020-08-25,20Y,20,0.005395751332204789
2020-08-25,25Y,25,0.00546179383393546
2020-08-25,30Y,30,0.005521597001495818
2020-08-26,1Y,1,-0.0004300475756357311
2020-08-26,2Y,2,-0.0006200058744771206
2020-08-26,3Y,3,-0.0002701453163925565
2020-08-26,4Y,4,0.00016477084475353726
2020-08-26,5Y,5,0.00015990769449920113
2020-08-26,7Y,7,0.0011410838079673395
2020-08-26,10Y,10,0.002850014991362535
2020-08-26,15Y,15,0.005174177541172199
2020-08-26,20Y,20,0.005703682818457002
2020-08-26,25Y,25,0.005860053713319955
2020-08-26,30Y,30,0.005984785617197832
2020-08-27,1Y,1,-0.0004500506325950052
2020-08-27,2Y,2,-0.0003000637785054609
2020-08-27,3Y,3,-0.0001900706911970316
2020-08-27,4Y,4,-0.0001000865916293449
2020-08-27,5Y,5,0.00021991955781925623
2020-08-27,7Y,7,0.001173165612694626
2020-08-27,10Y,10,0.0028634426677620938
2020-08-27,15Y,15,0.005231502863794047
2020-08-27,20Y,20,0.005763716251884907
2020-08-27,25Y,25,0.005869477354428677
2020-08-27,30Y,30,0.00596229517543192
2020-08-28,1Y,1,-0.0004500506325950052
2020-08-28,2Y,2,-0.00039005794864105576
2020-08-28,3Y,3,-0.0003300678387127335
2020-08-28,4Y,4,-0.00013513012616166989
2020-08-28,5Y,5,0.00014983739947460508
2020-08-28,7Y,7,0.001231090650470298
2020-08-28,10Y,10,0.0029809958258659444
2020-08-28,15Y,15,0.005515967490106027
2020-08-28,20Y,20,0.006077300466173809
2020-08-28,25Y,25,0.006111796627735994
2020-08-28,30Y,30,0.006173550839227851
2020-08-30,1Y,1,-0.0005100650360563445
2020-08-30,2Y,2,-0.0005250624889518461
2020-08-30,3Y,3,-0.00047008695488036866
2020-08-30,4Y,4,-0.000195205799548242
2020-08-30,5Y,5,0.00010972410104877618
2020-08-30,7Y,7,0.0010947311361866234
2020-08-30,10Y,10,0.002910419600634447
2020-08-30,15Y,15,0.005399580140019064
2020-08-30,20Y,20,0.005980361129329197
2020-08-30,25Y,25,0.006061185308578064
2020-08-30,30Y,30,0.006154920420279488
2020-08-31,1Y,1,-0.00046005290811281153
2020-08-31,2Y,2,-0.00046005290811256395
2020-08-31,3Y,3,-0.00036008523609106126
2020-08-31,4Y,4,-0.00011016192075960366
2020-08-31,5Y,5,0.00018982133514716649
2020-08-31,7Y,7,0.0011309753997072259
2020-08-31,10Y,10,0.0028799985380261114
2020-08-31,15Y,15,0.00523433659718642
2020-08-31,20Y,20,0.0059115053748237155
2020-08-31,25Y,25,0.005975743126890504
2020-08-31,30Y,30,0.005984890297137007
2020-09-01,1Y,1,-0.0004900600348058989
2020-09-01,2Y,2,-0.00044506635803785423
2020-09-01,3Y,3,-0.00045005776688865134
2020-09-01,4Y,4,-0.0003101364007709464
2020-09-01,5Y,5,0.00006972967298905699
2020-09-01,7Y,7,0.0010706485267553151
2020-09-01,10Y,10,0.002812908017880357
2020-09-01,15Y,15,0.005372719866892912
2020-09-01,20Y,20,0.006053052096404532
2020-09-01,25Y,25,0.006060273006329067
2020-09-01,30Y,30,0.005974485406004565
2020-09-02,1Y,1,-0.0005000609475840494
2020-09-02,2Y,2,-0.00046006837254221805
2020-09-02,3Y,3,-0.0004800518843305139
2020-09-02,4Y,4,-0.0003701262054844382
2020-09-02,5Y,5,0.000019703595690017642
2020-09-02,7Y,7,0.0010124755138547843
2020-09-02,10Y,10,0.0027556896069548956
2020-09-02,15Y,15,0.005260213784792106
2020-09-02,20Y,20,0.005644006740705287
2020-09-02,25Y,25,0.005745459213818178
2020-09-02,30Y,30,0.005806159977720602
2020-09-03,1Y,1,-0.0005100650360563445
2020-09-03,2Y,2,-0.0008099815314583985
2020-09-03,3Y,3,-0.0004901970242519794
2020-09-03,4Y,4,-0.0000353698057891697
2020-09-03,5Y,5,-0.000050266871143518415
2020-09-03,7Y,7,0.0008983362810411691
2020-09-03,10Y,10,0.0027051459925751895
2020-09-03,15Y,15,0.0051356944803937635
2020-09-03,20Y,20,0.005642422950752729
2020-09-03,25Y,25,0.005588223673700751
2020-09-03,30Y,30,0.00555320464748793
2020-09-04,1Y,1,-0.0005200676117195115
2020-09-04,2Y,2,-0.0005500622496084067
2020-09-04,3Y,3,-0.00040012241315160097
2020-09-04,4Y,4,-0.00019019432685804646
2020-09-04,5Y,5,-0.000010230553593238703
2020-09-04,7Y,7,0.0006301215444867027
2020-09-04,10Y,10,0.0026984109703619844
2020-09-04,15Y,15,0.0050578704740607845
2020-09-04,20Y,20,0.005527370591735692
2020-09-04,25Y,25,0.005493254572226925
2020-09-04,30Y,30,0.00544749326208027
2020-09-05,1Y,1,-0.0005200676117195115
2020-09-05,2Y,2,-0.0007600055196551837
2020-09-05,3Y,3,-0.000780049583538765
2020-09-05,4Y,4,-0.00043027482752491515
2020-09-05,5Y,5,-0.00011050402618676997
2020-09-05,7Y,7,0.0007578247412481859
2020-09-05,10Y,10,0.002167144334140174
2020-09-05,15Y,15,0.004760838293958949
2020-09-05,20Y,20,0.005097895574093625
2020-09-05,25Y,25,0.005027104051078456
2020-09-05,30Y,30,0.005012143028330704
2020-09-06,1Y,1,-0.0005500756388674017
2020-09-06,2Y,2,-0.0005650728987984185
2020-09-06,3Y,3,-0.0005300911199592695
2020-09-06,4Y,4,-0.0003851722107222293
2020-09-06,5Y,5,-3.599807316507445e-7
2020-09-06,7Y,7,0.0009803943159162293
2020-09-06,10Y,10,0.002765487278922474
2020-09-06,15Y,15,0.005149228968670554
2020-09-06,20Y,20,0.005599719395687238
2020-09-06,25Y,25,0.005631238563936013
2020-09-06,30Y,30,0.00573345762019486
2020-09-07,1Y,1,-0.0005000625104186034
2020-09-07,2Y,2,-0.000769991308453696
2020-09-07,3Y,3,-0.00044018993550581226
2020-09-07,4Y,4,-5.339022864585263e-6
2020-09-07,5Y,5,-0.000020232983660560793
2020-09-07,7Y,7,0.0010125550564641292
2020-09-07,10Y,10,0.0026983570354686954
2020-09-07,15Y,15,0.0051144785342832795
2020-09-07,20Y,20,0.005588611107814365
2020-09-07,25Y,25,0.005577383669799928
2020-09-07,30Y,30,0.005542503376674659
2020-09-08,1Y,1,-0.0005600766642169521
2020-09-08,2Y,2,-0.0009099692194134723
2020-09-08,3Y,3,-0.00048025948155017324
2020-09-08,4Y,4,-0.0006898986872301259
2020-09-08,5Y,5,-0.00016049140633099773
2020-09-08,7Y,7,0.0007481170469514277
2020-09-08,10Y,10,0.002587784742922589
2020-09-08,15Y,15,0.005002416979063347
2020-09-08,20Y,20,0.005423634253909298
2020-09-08,25Y,25,0.0054334483524282615
2020-09-08,30Y,30,0.005471942245909129
2020-09-09,1Y,1,-0.0005800786774582615
2020-09-09,2Y,2,-0.0008650012692833567
2020-09-09,3Y,3,-0.0004202573511124098
2020-09-09,4Y,4,0.0000145917826904179
2020-09-09,5Y,5,-0.0001402367718069651
2020-09-09,7Y,7,0.0007881463028555661
2020-09-09,10Y,10,0.002634140166209821
2020-09-09,15Y,15,0.004950471930666047
2020-09-09,20Y,20,0.00552598986949478
2020-09-09,25Y,25,0.0055693361793726325
2020-09-09,30Y,30,0.005577332995166356
2020-09-10,1Y,1,-0.0005800841162629028
2020-09-10,2Y,2,-0.0008200173950998367
2020-09-10,3Y,3,-0.00042024552263280127
2020-09-10,4Y,4,-0.000015379925452916384
2020-09-10,5Y,5,-0.00008025124584343712
2020-09-10,7Y,7,0.0008803219403181776
2020-09-10,10Y,10,0.002560640900763796
2020-09-10,15Y,15,0.005027509110203412
2020-09-10,20Y,20,0.00551052619461341
2020-09-10,25Y,25,0.005589795409080731
2020-09-10,30Y,30,0.005597836091406955
2020-09-11,1Y,1,-0.0006000881425203647
2020-09-11,2Y,2,-0.0009049961859177852
2020-09-11,3Y,3,-0.0006802051193979119
2020-09-11,4Y,4,-0.0002754158487201341
2020-09-11,5Y,5,-0.0002504019213959343
2020-09-11,7Y,7,0.0006776666011932635
2020-09-11,10Y,10,0.0023887006050159784
2020-09-11,15Y,15,0.004609078232706328
2020-09-11,20Y,20,0.005143800516729314
2020-09-11,25Y,25,0.005141929911665077
2020-09-11,30Y,30,0.005117292893219894
2020-09-14,1Y,1,-0.0006100911371694176
2020-09-14,2Y,2,-0.0006750788610664616
2020-09-14,3Y,3,-0.0006700922049819736
2020-09-14,4Y,4,-0.000500209276551049
2020-09-14,5Y,5,-0.00025040427257280165
2020-09-14,7Y,7,0.0005775547405435873
2020-09-14,10Y,10,0.002331293495863449
2020-09-14,15Y,15,0.004612463997409182
2020-09-14,20Y,20,0.005078733648943255
2020-09-14,25Y,25,0.0050796686409925376
2020-09-14,30Y,30,0.005075787728286704
2020-09-15,1Y,1,-0.0006501015842729927
2020-09-15,2Y,2,-0.0007050933330102426
2020-09-15,3Y,3,-0.0007100956851375672
2020-09-15,4Y,4,-0.0009298435152545559
2020-09-15,5Y,5,-0.0007401826512420983
2020-09-15,7Y,7,0.0002989735462357499
2020-09-15,10Y,10,0.0022831536020645827
2020-09-15,15Y,15,0.004221150829807347
2020-09-15,20Y,20,0.005350188712730898
2020-09-15,25Y,25,0.0055624065231047745
2020-09-15,30Y,30,0.005155021045576036
2020-09-16,1Y,1,-0.0007401230546698477
2020-09-16,2Y,2,-0.000860104251670862
2020-09-16,3Y,3,-0.00044031421658042246
2020-09-16,4Y,4,-0.00017540118716501845
2020-09-16,5Y,5,-0.0002902894158104024
2020-09-16,7Y,7,0.0005696918411227165
2020-09-16,10Y,10,0.002368336442036592
2020-09-16,15Y,15,0.004569185818353616
2020-09-16,20Y,20,0.005092162933201354
2020-09-16,25Y,25,0.005174156334721462
2020-09-16,30Y,30,0.005212945350357467
2020-09-17,1Y,1,-0.0006000806407593962
2020-09-17,2Y,2,-0.0007450552242114288
2020-09-17,3Y,3,-0.0006201375998922564
2020-09-17,4Y,4,-0.0003802692137731586
2020-09-17,5Y,5,-0.0002503549975180423
2020-09-17,7Y,7,0.0006176340366424302
2020-09-17,10Y,10,0.0023885197099481155
2020-09-17,15Y,15,0.004608896325614139
2020-09-17,20Y,20,0.0052218087332780334
2020-09-17,25Y,25,0.005330969745052785
2020-09-17,30Y,30,0.005339207476052471
2020-09-18,1Y,1,-0.0006300815229450443
2020-09-18,2Y,2,-0.0007500710652293719
2020-09-18,3Y,3,-0.0006501230479986453
2020-09-18,4Y,4,-0.00045524966872831016
2020-09-18,5Y,5,-0.0002504041186276911
2020-09-18,7Y,7,0.0006776161866524421
2020-09-18,10Y,10,0.0023886286407140125
2020-09-18,15Y,15,0.004702766192474983
2020-09-18,20Y,20,0.005287164322727053
2020-09-18,25Y,25,0.005457204591930184
2020-09-18,30Y,30,0.005508098159257621
2020-09-21,1Y,1,-0.0006300815229450443
2020-09-21,2Y,2,-0.0006750901717329442
2020-09-21,3Y,3,-0.0005701244155811799
2020-09-21,4Y,4,-0.0004302155469000623
2020-09-21,5Y,5,-0.0002103603731632368
2020-09-21,7Y,7,0.0007097548666088097
2020-09-21,10Y,10,0.002418867679660111
2020-09-21,15Y,15,0.004770646771840767
2020-09-21,20Y,20,0.005322080990165899
2020-09-21,25Y,25,0.005498503918922291
2020-09-21,30Y,30,0.005549424132950311
2020-09-22,1Y,1,-0.0006300815229450443
2020-09-22,2Y,2,-0.0006750901717329442
2020-09-22,3Y,3,-0.0005701244155811799
2020-09-22,4Y,4,-0.0004302155469000623
2020-09-22,5Y,5,-0.0002103603731632368
2020-09-22,7Y,7,0.0007097548666088097
2020-09-22,10Y,10,0.002418867679660111
2020-09-22,15Y,15,0.004770646771840767
2020-09-22,20Y,20,0.005322080990165899
2020-09-22,25Y,25,0.005498503918922291
2020-09-22,30Y,30,0.005549424132950311
2020-09-23,1Y,1,-0.0006900974843694972
2020-09-23,2Y,2,-0.0008150872430402098
2020-09-23,3Y,3,-0.0008100816100486312
2020-09-23,4Y,4,-0.0006152590397020322
2020-09-23,5Y,5,-0.0003305333033906937
2020-09-23,7Y,7,0.0004772319275051873
2020-09-23,10Y,10,0.002230294069237613
2020-09-23,15Y,15,0.00452943377621246
2020-09-23,20Y,20,0.0051370605775401266
2020-09-23,25Y,25,0.005333996913173428
2020-09-23,30Y,30,0.0054164871462836165
2020-09-24,1Y,1,-0.0007201093755751368
2020-09-24,2Y,2,-0.0007951114088360341
2020-09-24,3Y,3,-0.000800090803878451
2020-09-24,4Y,4,-0.0006652290497785875
2020-09-24,5Y,5,-0.0004004968373885211
2020-09-24,7Y,7,0.00046712294940529455
2020-09-24,10Y,10,0.0022935655989135056
2020-09-24,15Y,15,0.004561304992776254
2020-09-24,20Y,20,0.0051491046543824
2020-09-24,25Y,25,0.005239674471318879
2020-09-24,30Y,30,0.005279346490332995
2020-09-25,1Y,1,-0.0007001006479019838
2020-09-25,2Y,2,-0.001094979312370674
2020-09-25,3Y,3,-0.000700315800604339
2020-09-25,4Y,4,-0.0002305826137661308
2020-09-25,5Y,5,-0.00034043702431362107
2020-09-25,7Y,7,0.0005874456430361801
2020-09-25,10Y,10,0.0023681252541596204
2020-09-25,15Y,15,0.0048053849790344536
2020-09-25,20Y,20,0.0054038586234128674
2020-09-25,25Y,25,0.005553555596929568
2020-09-25,30Y,30,0.005646922207556318
2020-09-27,1Y,1,-0.000760120679791521
2020-09-27,2Y,2,-0.0008851099444709149
2020-09-27,3Y,3,-0.0008801038453742974
2020-09-27,4Y,4,-0.0006852981994712759
2020-09-27,5Y,5,-0.00043057467607637324
2020-09-27,7Y,7,0.00044495882147669013
2020-09-27,10Y,10,0.0016996358382875124
2020-09-27,15Y,15,0.004466485292546973
2020-09-27,20Y,20,0.005361313091180127
2020-09-27,25Y,25,0.0054290500755815796
2020-09-27,30Y,30,0.005417513036921437
2020-09-28,1Y,1,-0.0006901017978125627
2020-09-28,2Y,2,-0.0007750987037044128
2020-09-28,3Y,3,-0.0006701509138353402
2020-09-28,4Y,4,-0.0004952722370612616
2020-09-28,5Y,5,-0.0002604588776569253
2020-09-28,7Y,7,0.0006675624182205818
2020-09-28,10Y,10,0.0025159443588470306
2020-09-28,15Y,15,0.004959251216710001
2020-09-28,20Y,20,0.0056320533864547394
2020-09-28,25Y,25,0.005794058654455552
2020-09-28,30Y,30,0.0058569368226280335
2020-09-29,1Y,1,-0.0007201138766598431
2020-09-29,2Y,2,-0.0007401255155754165
2020-09-29,3Y,3,-0.000720116329219945
2020-09-29,4Y,4,-0.0006352054520223605
2020-09-29,5Y,5,-0.00033049032247167037
2020-09-29,7Y,7,0.0006173542897536411
2020-09-29,10Y,10,0.0024653632466948598
2020-09-29,15Y,15,0.004794835746687817
2020-09-29,20Y,20,0.005510097931414265
2020-09-29,25Y,25,0.00570035962626953
2020-09-29,30Y,30,0.005763291332287691
2020-09-30,1Y,1,-0.0007201206284431987
2020-09-30,2Y,2,-0.0007851136719915194
2020-09-30,3Y,3,-0.0007601298619176235
2020-09-30,4Y,4,-0.0005752831562782119
2020-09-30,5Y,5,-0.0002905358301022807
2020-09-30,7Y,7,0.0006173961884964579
2020-09-30,10Y,10,0.002280990971008065
2020-09-30,15Y,15,0.0046758496328275344
2020-09-30,20Y,20,0.005807902656878149
2020-09-30,25Y,25,0.00612023076455254
2020-09-30,30Y,30,0.005850837812527649
2020-10-01,1Y,1,-0.0006801049982934173
2020-10-01,2Y,2,-0.0009600266068626271
2020-10-01,3Y,3,-0.0006202815911656619
2020-10-01,4Y,4,-0.00017550316829235166
2020-10-01,5Y,5,-0.00011045119279495417
2020-10-01,7Y,7,0.0007579661425344127
2020-10-01,10Y,10,0.002536780759645817
2020-10-01,15Y,15,0.005084617951291803
2020-10-01,20Y,20,0.005740343325365596
2020-10-01,25Y,25,0.0058875078173621
2020-10-01,30Y,30,0.005950403840249174
2020-10-02,1Y,1,-0.00070011158799333
2020-10-02,2Y,2,-0.0007851015737537453
2020-10-02,3Y,3,-0.0007401309672092177
2020-10-02,4Y,4,-0.0005402857458255807
2020-10-02,5Y,5,-0.0003004921229180131
2020-10-02,7Y,7,0.0006392815722221215
2020-10-02,10Y,10,0.0023849820375800163
2020-10-02,15Y,15,0.004823495784494599
2020-10-02,20Y,20,0.0058437271697303166
2020-10-02,25Y,25,0.00608845455712127
2020-10-02,30Y,30,0.005828347875934507
2020-10-03,1Y,1,-0.0007601325579168248
2020-10-03,2Y,2,-0.0008451218979499131
2020-10-03,3Y,3,-0.0008201404052117766
2020-10-03,4Y,4,-0.0006003341751011631
2020-10-03,5Y,5,-0.0003106049525888259
2020-10-03,7Y,7,0.0005892647602227868
2020-10-03,10Y,10,0.002488905033091793
2020-10-03,15Y,15,0.004902559033900549
2020-10-03,20Y,20,0.005578961956091498
2020-10-03,25Y,25,0.005743228924633862
2020-10-03,30Y,30,0.005858605409465825
2020-10-04,1Y,1,-0.000740125367801167
2020-10-04,2Y,2,-0.0008251149230591669
2020-10-04,3Y,3,-0.0007801458696482632
2020-10-04,4Y,4,-0.000555330023741572
2020-10-04,5Y,5,-0.00028056884343401634
2020-10-04,7Y,7,0.0006754052641976104
2020-10-04,10Y,10,0.00247929192331944
2020-10-04,15Y,15,0.004940393180443746
2020-10-04,20Y,20,0.005647108354400842
2020-10-04,25Y,25,0.005784187947669592
2020-10-04,30Y,30,0.0058469835075694475
2020-10-05,1Y,1,-0.0006601027347626938
2020-10-05,2Y,2,-0.0009000371817845265
2020-10-05,3Y,3,-0.0005202828374304072
2020-10-05,4Y,4,-0.0005601332910561178
2020-10-05,5Y,5,-0.00005052692218141105
2020-10-05,7Y,7,0.000878334563017964
2020-10-05,10Y,10,0.0019405730223702562
2020-10-05,15Y,15,0.004980027604432938
2020-10-05,20Y,20,0.005933389389542654
2020-10-05,25Y,25,0.0060551526819439755
2020-10-05,30Y,30,0.0061503642041674245
2020-10-06,1Y,1,-0.0005900851979011814
2020-10-06,2Y,2,-0.0008350180713609834
2020-10-06,3Y,3,-0.0003902592996311848
2020-10-06,4Y,4,0.0001245877097009109
2020-10-06,5Y,5,0.00007977805829710994
2020-10-06,7Y,7,0.001052784234624514
2020-10-06,10Y,10,0.0028903262050083995
2020-10-06,15Y,15,0.0054373453242417685
2020-10-06,20Y,20,0.006184478605244377
2020-10-06,25Y,25,0.006358454952840499
2020-10-06,30Y,30,0.006475773100871251
2020-10-07,1Y,1,-0.0005800804903763965
2020-10-07,2Y,2,-0.0005300925553976866
2020-10-07,3Y,3,-0.0003601393323360543
2020-10-07,4Y,4,-0.00019019598671857468
2020-10-07,5Y,5,0.000039765243731674366
2020-10-07,7Y,7,0.001052658191102764
2020-10-07,10Y,10,0.0028632417623059075
2020-10-07,15Y,15,0.0053954694124567475
2020-10-07,20Y,20,0.006136055253866147
2020-10-07,25Y,25,0.0062942077962846186
2020-10-07,30Y,30,0.0063266287986821655
2020-10-08,1Y,1,-0.000600086267054096
2020-10-08,2Y,2,-0.0008500187442582168
2020-10-08,3Y,3,-0.0005202361471197947
2020-10-08,4Y,4,-0.00008541390965855346
2020-10-08,5Y,5,-0.00005033241321713276
2020-10-08,7Y,7,0.0008702581279515615
2020-10-08,10Y,10,0.0027418276783979915
2020-10-08,15Y,15,0.005158950289115599
2020-10-08,20Y,20,0.005915359087265995
2020-10-08,25Y,25,0.006128320836153076
2020-10-08,30Y,30,0.006213604231462491
2020-10-09,1Y,1,-0.0006100911371694176
2020-10-09,2Y,2,-0.0008850107101877477
2020-10-09,3Y,3,-0.00043028141153413925
2020-10-09,4Y,4,0.00008454480658857868
2020-10-09,5Y,5,0.000019736723851591313
2020-10-09,7Y,7,0.0010727126233584265
2020-10-09,10Y,10,0.0028461952615917
2020-10-09,15Y,15,0.005298154120525157
2020-10-09,20Y,20,0.00607283930297059
2020-10-09,25Y,25,0.00631708517882891
2020-10-09,30Y,30,0.006392706079438593
2020-10-11,1Y,1,-0.0006801113749839744
2020-10-11,2Y,2,-0.0007051101970338028
2020-10-11,3Y,3,-0.0006401441907998452
2020-10-11,4Y,4,-0.0004402789238408247
2020-10-11,5Y,5,-0.00015046505712268377
2020-10-11,7Y,7,0.0008178643595167406
2020-10-11,10Y,10,0.002623923308408392
2020-10-11,15Y,15,0.005157690840281194
2020-10-11,20Y,20,0.0058758888689875825
2020-10-11,25Y,25,0.006151733007370919
2020-10-11,30Y,30,0.006279944283930745
2020-10-12,1Y,1,-0.0006300992458421952
2020-10-12,2Y,2,-0.0006450961198792076
2020-10-12,3Y,3,-0.00045018148472266133
2020-10-12,4Y,4,-0.0001652888025197351
2020-10-12,5Y,5,0.000029694371745676374
2020-10-12,7Y,7,0.0009985142393120088
2020-10-12,10Y,10,0.002802598157673809
2020-10-12,15Y,15,0.00535332465311786
2020-10-12,20Y,20,0.00615776846801445
2020-10-12,25Y,25,0.006434175163746357
2020-10-12,30Y,30,0.006552963877464968
2020-10-13,1Y,1,-0.0006501056478910209
2020-10-13,2Y,2,-0.0008900335266460553
2020-10-13,3Y,3,-0.0005702656811793298
2020-10-13,4Y,4,-0.00008547863402824868
2020-10-13,5Y,5,-0.00007037908999644581
2020-10-13,7Y,7,0.000938254499903876
2020-10-13,10Y,10,0.0027958905339949963
2020-10-13,15Y,15,0.005487383676294033
2020-10-13,20Y,20,0.0063100717850705455
2020-10-13,25Y,25,0.006626618204911933
2020-10-13,30Y,30,0.006799758263844993
2020-10-14,1Y,1,-0.0006801113749839744
2020-10-14,2Y,2,-0.0009150439692229971
2020-10-14,3Y,3,-0.0005003076914770542
2020-10-14,4Y,4,0.00001949323097434315
2020-10-14,5Y,5,0.00003965204941038512
2020-10-14,7Y,7,0.0009885414686428597
2020-10-14,10Y,10,0.0028735086268202406
2020-10-14,15Y,15,0.005694209945203922
2020-10-14,20Y,20,0.00658632590760108
2020-10-14,25Y,25,0.006912416968801545
2020-10-14,30Y,30,0.007087293740702938
2020-10-15,1Y,1,-0.0007101238354047209
2020-10-15,2Y,2,-0.0009850349013976242
2020-10-15,3Y,3,-0.0006103255550027776
2020-10-15,4Y,4,-0.00014054912834221816
2020-10-15,5Y,5,-0.00015044096643100917
2020-10-15,7Y,7,0.0008179776447379002
2020-10-15,10Y,10,0.002835583306787987
2020-10-15,15Y,15,0.005415729293011617
2020-10-15,20Y,20,0.006410606421744531
2020-10-15,25Y,25,0.006638264333791156
2020-10-15,30Y,30,0.006716357997488795
2020-10-16,1Y,1,-0.0007101238354047209
2020-10-16,2Y,2,-0.0009850349013976242
2020-10-16,3Y,3,-0.0005903326459751315
2020-10-16,4Y,4,-0.00011555133480831061
2020-10-16,5Y,5,-0.00011043689652583794
2020-10-16,7Y,7,0.0007580024426986926
2020-10-16,10Y,10,0.0026610888284511938
2020-10-16,15Y,15,0.005436535464152705
2020-10-16,20Y,20,0.006233234802506298
2020-10-16,25Y,25,0.006532559225074943
2020-10-16,30Y,30,0.006652507360475038
2020-10-18,1Y,1,-0.0007601420608128055
2020-10-18,2Y,2,-0.0007951355879164593
2020-10-18,3Y,3,-0.0007401746198083373
2020-10-18,4Y,4,-0.0005303366792214941
2020-10-18,5Y,5,-0.00024056954676132778
2020-10-18,7Y,7,0.000715530597161604
2020-10-18,10Y,10,0.002690570136770135
2020-10-18,15Y,15,0.00547857944780765
2020-10-18,20Y,20,0.006346335494623445
2020-10-18,25Y,25,0.006640158076348376
2020-10-18,30Y,30,0.006729347428232465
2020-10-19,1Y,1,-0.0007001203404307903
2020-10-19,2Y,2,-0.0006451338180069987
2020-10-19,3Y,3,-0.0006201318168765907
2020-10-19,4Y,4,-0.0004602584667650314
2020-10-19,5Y,5,-0.00009048167139270413
2020-10-19,7Y,7,0.0007578981443355946
2020-10-19,10Y,10,0.002835347377794466
2020-10-19,15Y,15,0.005602288389480691
2020-10-19,20Y,20,0.006431426730243573
2020-10-19,25Y,25,0.006754995968077534
2020-10-19,30Y,30,0.006897418006743089
2020-10-20,1Y,1,-0.0007001203404307903
2020-10-20,2Y,2,-0.0006751280121804631
2020-10-20,3Y,3,-0.0006601272274611207
2020-10-20,4Y,4,-0.00048027039835172973
2020-10-20,5Y,5,-0.00014049543694362064
2020-10-20,7Y,7,0.0007477867185391121
2020-10-20,10Y,10,0.0027177298194792296
2020-10-20,15Y,15,0.005345940771581594
2020-10-20,20Y,20,0.006104911441083655
2020-10-20,25Y,25,0.006362988362907725
2020-10-20,30Y,30,0.006460555829028694
2020-10-21,1Y,1,-0.0006501056478910209
2020-10-21,2Y,2,-0.0005751191890540318
2020-10-21,3Y,3,-0.0005301252873483362
2020-10-21,4Y,4,-0.0003752269344267596
2020-10-21,5Y,5,-0.00005038159544893555
2020-10-21,7Y,7,0.0008781578475448746
2020-10-21,10Y,10,0.0028291067817614425
2020-10-21,15Y,15,0.005457587250941748
2020-10-21,20Y,20,0.006213013200548602
2020-10-21,25Y,25,0.006529644608062268
2020-10-21,30Y,30,0.006585739708529911
2020-10-22,1Y,1,-0.0006401024218505756
2020-10-22,2Y,2,-0.0008200530214384612
2020-10-22,3Y,3,-0.0003602816094953295
2020-10-22,4Y,4,0.00006460144018703511
2020-10-22,5Y,5,0.00003976472249332262
2020-10-22,7Y,7,0.0010126941275925218
2020-10-22,10Y,10,0.0029843548478451754
2020-10-22,15Y,15,0.005718804956304179
2020-10-22,20Y,20,0.0064742363515750845
2020-10-22,25Y,25,0.006846880308988976
2020-10-22,30Y,30,0.0070316459330190565
2020-10-23,1Y,1,-0.0006100930439193822
2020-10-23,2Y,2,-0.0006100930439193141
2020-10-23,3Y,3,-0.00043016564742325773
2020-10-23,4Y,4,-0.00016026393797850336
2020-10-23,5Y,5,0.00010971011648328575
2020-10-23,7Y,7,0.0011308419167634387
2020-10-23,10Y,10,0.0030750809570868256
2020-10-23,15Y,15,0.0059157167637885364
2020-10-23,20Y,20,0.006727376362629132
2020-10-23,25Y,25,0.007015310059891072
2020-10-23,30Y,30,0.0071049447465167895
2020-10-25,1Y,1,-0.0006901190523828092
2020-10-25,2Y,2,-0.0006901190523826736
2020-10-25,3Y,3,-0.0006101608298746984
2020-10-25,4Y,4,-0.0003653114578972916
2020-10-25,5Y,5,-0.000050466785884323425
2020-10-25,7Y,7,0.0009261511987849662
2020-10-25,10Y,10,0.0028897874603782737
2020-10-25,15Y,15,0.005732819877149924
2020-10-25,20Y,20,0.006601585491234725
2020-10-25,25Y,25,0.0068917090725774
2020-10-25,30Y,30,0.007013287046547831
2020-10-26,1Y,1,-0.0006501056478910209
2020-10-26,2Y,2,-0.0008750393191450769
2020-10-26,3Y,3,-0.0005102774449932788
2020-10-26,4Y,4,-0.000025466322249731704
2020-10-26,5Y,5,0.000019653760430571278
2020-10-26,7Y,7,0.0010405794295828556
2020-10-26,10Y,10,0.003004362081711913
2020-10-26,15Y,15,0.005825868817239352
2020-10-26,20Y,20,0.006708385149408507
2020-10-26,25Y,25,0.007039057233451826
2020-10-26,30Y,30,0.007172106850743207
2020-10-27,1Y,1,-0.0006601089239640263
2020-10-27,2Y,2,-0.0010049903509180352
2020-10-27,3Y,3,-0.0006602969066583219
2020-10-27,4Y,4,-0.00014056113861612204
2020-10-27,5Y,5,-0.0000904753090801506
2020-10-27,7Y,7,0.0008100404854126316
2020-10-27,10Y,10,0.0028725752138855213
2020-10-27,15Y,15,0.0056725428323489025
2020-10-27,20Y,20,0.006515926145120685
2020-10-27,25Y,25,0.006828945300249413
2020-10-27,30Y,30,0.006950456165246174
2020-10-28,1Y,1,-0.0007001225285907256
2020-10-28,2Y,2,-0.0007151190650092166
2020-10-28,3Y,3,-0.000580191540918165
2020-10-28,4Y,4,-0.0003353248801024487
2020-10-28,5Y,5,-0.00010043180929086371
2020-10-28,7Y,7,0.00088006256342246
2020-10-28,10Y,10,0.0028425657965659734
2020-10-28,15Y,15,0.0055568350493872196
2020-10-28,20Y,20,0.006356343556440961
2020-10-28,25Y,25,0.00660499203670645
2020-10-28,30Y,30,0.006692882736622307
2020-10-29,1Y,1,-0.0006801156262093484
2020-10-29,2Y,2,-0.000605129890960531
2020-10-29,3Y,3,-0.0005001620055442186
2020-10-29,4Y,4,-0.00033025547217267965
2020-10-29,5Y,5,-0.00005037070407998517
2020-10-29,7Y,7,0.0009302422610245446
2020-10-29,10Y,10,0.0028458637726234584
2020-10-29,15Y,15,0.005457627059439402
2020-10-29,20Y,20,0.00620938087867789
2020-10-29,25Y,25,0.006466001436974876
2020-10-29,30Y,30,0.0065108146362828885
2020-10-30,1Y,1,-0.0006501117434590222
2020-10-30,2Y,2,-0.0006351083080274092
2020-10-30,3Y,3,-0.0003502171543986382
2020-10-30,4Y,4,-0.000025294108988133655
2020-10-30,5Y,5,0.00012977193170619515
2020-10-30,7Y,7,0.001171012245401583
2020-10-30,10Y,10,0.0029913412156089662
2020-10-30,15Y,15,0.005680459166376834
2020-10-30,20Y,20,0.006419729309577582
2020-10-30,25Y,25,0.006632290020323695
2020-10-30,30Y,30,0.006698052965829993
2020-11-01,1Y,1,-0.0007001247167710971
2020-11-01,2Y,2,-0.0006801267644159785
2020-11-01,3Y,3,-0.0005801760583180915
2020-11-01,4Y,4,-0.00031532595324591057
2020-11-01,5Y,5,0.000019543720767871506
2020-11-01,7Y,7,0.000960326410328244
2020-11-01,10Y,10,0.0028598689068620627
2020-11-01,15Y,15,0.005527583709584837
2020-11-01,20Y,20,0.006227908065435529
2020-11-01,25Y,25,0.006455220028987223
2020-11-01,30Y,30,0.006541760824045342
2020-11-02,1Y,1,-0.0006501056478910209
2020-11-02,2Y,2,-0.000860044940351596
2020-11-02,3Y,3,-0.00039029810429698833
2020-11-02,4Y,4,0.00010955555277417268
2020-11-02,5Y,5,0.00013975623613468418
2020-11-02,7Y,7,0.0011530440961015933
2020-11-02,10Y,10,0.003031537035584886
2020-11-02,15Y,15,0.005616733165650675
2020-11-02,20Y,20,0.006347053158734711
2020-11-02,25Y,25,0.006569211957354
2020-11-02,30Y,30,0.006655913091611229
2020-11-03,1Y,1,-0.0006501056478910209
2020-11-03,2Y,2,-0.000860044940351596
2020-11-03,3Y,3,-0.0003703012490659331
2020-11-03,4Y,4,0.00015955537491749313
2020-11-03,5Y,5,0.0001497807003543048
2020-11-03,7Y,7,0.0011710997223712447
2020-11-03,10Y,10,0.002991457501848913
2020-11-03,15Y,15,0.005643188160277442
2020-11-03,20Y,20,0.006389350590870388
2020-11-03,25Y,25,0.00659019327185434
2020-11-03,30Y,30,0.006676871279709068
2020-11-04,1Y,1,-0.0007001225285907256
2020-11-04,2Y,2,-0.0009400465504959549
2020-11-04,3Y,3,-0.0007802198699123215
2020-11-04,4Y,4,-0.0003355008925175439
2020-11-04,5Y,5,-0.00008062383090933736
2020-11-04,7Y,7,0.0008599467139137527
2020-11-04,10Y,10,0.0027114842127835955
2020-11-04,15Y,15,0.005363948726448497
2020-11-04,20Y,20,0.0060874496096779565
2020-11-04,25Y,25,0.006309848652519453
2020-11-04,30Y,30,0.0063962045818755356
2020-11-05,1Y,1,-0.0007201296311123968
2020-11-05,2Y,2,-0.0009750458092628077
2020-11-05,3Y,3,-0.0006003316377968262
2020-11-05,4Y,4,-0.00011555700561133677
2020-11-05,5Y,5,-0.00009044991437447722
2020-11-05,7Y,7,0.0008100702823642345
2020-11-05,10Y,10,0.0025804085603040377
2020-11-05,15Y,15,0.0049730003744303634
2020-11-05,20Y,20,0.005672780645556638
2020-11-05,25Y,25,0.005908668801278748
2020-11-05,30Y,30,0.005982816479399887
2020-11-06,1Y,1,-0.0007101238354047209
2020-11-06,2Y,2,-0.0005651511160936858
2020-11-06,3Y,3,-0.000410183008586725
2020-11-06,4Y,4,-0.0003102318335810991
2020-11-06,5Y,5,-0.00005032225295325274
2020-11-06,7Y,7,0.0009703539607728802
2020-11-06,10Y,10,0.002768659165333409
2020-11-06,15Y,15,0.005242486820030451
2020-11-06,20Y,20,0.005977058975177407
2020-11-06,25Y,25,0.006307648122805249
2020-11-06,30Y,30,0.006394474697679414
2020-11-08,1Y,1,-0.0007501383156576719
2020-11-08,2Y,2,-0.0007851319221543412
2020-11-08,3Y,3,-0.0007101818733408153
2020-11-08,4Y,4,-0.0004453710165544982
2020-11-08,5Y,5,-0.00016055724989134349
2020-11-08,7Y,7,0.0007677229522528872
2020-11-08,10Y,10,0.00266718284590396
2020-11-08,15Y,15,0.00513063480605893
2020-11-08,20Y,20,0.005883773405263221
2020-11-08,25Y,25,0.006205466831355161
2020-11-08,30Y,30,0.006323930910362277
2020-11-09,1Y,1,-0.0007401461869448197
2020-11-09,2Y,2,-0.0006751504136348992
2020-11-09,3Y,3,-0.00020028919051762423
2020-11-09,4Y,4,0.00011469477209448821
2020-11-09,5Y,5,0.00015985628355592342
2020-11-09,7Y,7,0.0012814067465742622
2020-11-09,10Y,10,0.0031127838168794704
2020-11-09,15Y,15,0.005661774046600992
2020-11-09,20Y,20,0.006531075751710188
2020-11-09,25Y,25,0.006672112571115351
2020-11-09,30Y,30,0.006578623593498733
2020-11-10,1Y,1,-0.0006000956445589951
2020-11-10,2Y,2,-0.0005251022055734306
2020-11-10,3Y,3,-0.000440129799340705
2020-11-10,4Y,4,-0.00023521895628936728
2020-11-10,5Y,5,0.00013969908233654824
2020-11-10,7Y,7,0.0011528974973543773
2020-11-10,10Y,10,0.003004420229571329
2020-11-10,15Y,15,0.005556807283262423
2020-11-10,20Y,20,0.006351903037254589
2020-11-10,25Y,25,0.006729506349391909
2020-11-10,30Y,30,0.006903078502887491
2020-11-11,1Y,1,-0.0006501076797281284
2020-11-11,2Y,2,-0.0008550464004197427
2020-11-11,3Y,3,-0.00043029065979090556
2020-11-11,4Y,4,0.00008454696177759985
2020-11-11,5Y,5,0.0001197268590974683
2020-11-11,7Y,7,0.001012748489744068
2020-11-11,10Y,10,0.0029036906201959562
2020-11-11,15Y,15,0.005426174032751694
2020-11-11,20Y,20,0.006260721779817749
2020-11-11,25Y,25,0.00661316745752195
2020-11-11,30Y,30,0.006701550561864011
2020-11-12,1Y,1,-0.0006801177518515935
2020-11-12,2Y,2,-0.0009150427718268236
2020-11-12,3Y,3,-0.0005403043003624472
2020-11-12,4Y,4,-0.000040509858511354876
2020-11-12,5Y,5,-0.000010381858088515453
2020-11-12,7Y,7,0.000878305173060892
2020-11-12,10Y,10,0.0027421087328831873
2020-11-12,15Y,15,0.005233883323970829
2020-11-12,20Y,20,0.006081170123217119
2020-11-12,25Y,25,0.0064991405998856555
2020-11-12,30Y,30,0.006619537548785641
2020-11-13,1Y,1,-0.0007001181522910764
2020-11-13,2Y,2,-0.0009350493684433836
2020-11-13,3Y,3,-0.0005803017686289818
2020-11-13,4Y,4,-0.0001005200030971059
2020-11-13,5Y,5,-0.00007041933075258781
2020-11-13,7Y,7,0.0008981914919911978
2020-11-13,10Y,10,0.0027015777243789008
2020-11-13,15Y,15,0.005212131428868722
2020-11-13,20Y,20,0.006123389752678655
2020-11-13,25Y,25,0.006531469688055136
2020-11-13,30Y,30,0.006610077862574251
2020-11-15,1Y,1,-0.0007401369337779482
2020-11-15,2Y,2,-0.0007551332772875254
2020-11-15,3Y,3,-0.0006801801546891246
2020-11-15,4Y,4,-0.00045033954370242717
2020-11-15,5Y,5,-0.0001405402373907275
2020-11-15,7Y,7,0.0007838036709651554
2020-11-15,10Y,10,0.0026539897555353936
2020-11-15,15Y,15,0.005122591997342219
2020-11-15,20Y,20,0.006038767212750309
2020-11-15,25Y,25,0.006480886126617489
2020-11-15,30Y,30,0.006644234092509843
2020-11-16,1Y,1,-0.0006801156262093484
2020-11-16,2Y,2,-0.0009050471278926852
2020-11-16,3Y,3,-0.0005402964322724239
2020-11-16,4Y,4,-0.000055497461297763064
2020-11-16,5Y,5,-0.00007036946270907378
2020-11-16,7Y,7,0.0009382792281461609
2020-11-16,10Y,10,0.0027551861675646477
2020-11-16,15Y,15,0.005243190773592962
2020-11-16,20Y,20,0.006115210730066364
2020-11-16,25Y,25,0.006520545825115537
2020-11-16,30Y,30,0.006620018825955179
2020-11-17,1Y,1,-0.0006801156262093484
2020-11-17,2Y,2,-0.0009200411908192354
2020-11-17,3Y,3,-0.0006002835659699865
2020-11-17,4Y,4,-0.0005402164817504809
2020-11-17,5Y,5,-0.00010057590682182563
2020-11-17,7Y,7,0.0008801517148376017
2020-11-17,10Y,10,0.003042371802104667
2020-11-17,15Y,15,0.00502768801387952
2020-11-17,20Y,20,0.00606786716103693
2020-11-17,25Y,25,0.006416248807175862
2020-11-17,30Y,30,0.0065044401832184354
2020-11-18,1Y,1,-0.0006901168954917828
2020-11-18,2Y,2,-0.0009350422254310965
2020-11-18,3Y,3,-0.0005703036348954994
2020-11-18,4Y,4,-0.00010051243482285359
2020-11-18,5Y,5,-0.00012039503483537908
2020-11-18,7Y,7,0.000780015403444133
2020-11-18,10Y,10,0.002634041762854823
2020-11-18,15Y,15,0.004959396181029109
2020-11-18,20Y,20,0.005692117524491997
2020-11-18,25Y,25,0.006014197345804119
2020-11-18,30Y,30,0.006131461689378154
2020-11-19,1Y,1,-0.0007401323073230201
2020-11-19,2Y,2,-0.0007801271384333416
2020-11-19,3Y,3,-0.0007401539722061309
2020-11-19,4Y,4,-0.0005602973546479325
2020-11-19,5Y,5,-0.00029053022994536765
2020-11-19,7Y,7,0.000617403259094698
2020-11-19,10Y,10,0.002438580539281892
2020-11-19,15Y,15,0.004866498353681745
2020-11-19,20Y,20,0.005610736048325085
2020-11-19,25Y,25,0.0059323293322761095
2020-11-19,30Y,30,0.006007755974959556
2020-11-20,1Y,1,-0.0006901168954917828
2020-11-20,2Y,2,-0.0009650296627821937
2020-11-20,3Y,3,-0.0006103052859363797
2020-11-20,4Y,4,-0.0001705139170328899
2020-11-20,5Y,5,-0.00023040137413727073
2020-11-20,7Y,7,0.0006777412569232238
2020-11-20,10Y,10,0.002459267355799674
2020-11-20,15Y,15,0.004839875726590011
2020-11-20,20Y,20,0.005560243929176405
2020-11-20,25Y,25,0.005899187761646881
2020-11-20,30Y,30,0.0059637457871145275
2020-11-21,1Y,1,-0.0007401323073230201
2020-11-21,2Y,2,-0.0007801271384333416
2020-11-21,3Y,3,-0.0007601418096924326
2020-11-21,4Y,4,-0.0005852889226150109
2020-11-21,5Y,5,-0.0003305190180556061
2020-11-21,7Y,7,0.000605309582041988
2020-11-21,10Y,10,0.002331213529122778
2020-11-21,15Y,15,0.004426191263455442
2020-11-21,20Y,20,0.005418261880054975
2020-11-21,25Y,25,0.006181505512664968
2020-11-21,30Y,30,0.0058736565945846754
2020-11-23,1Y,1,-0.0006901168954917828
2020-11-23,2Y,2,-0.0006501273941001154
2020-11-23,3Y,3,-0.0006701043144120656
2020-11-23,4Y,4,-0.0005352297825464336
2020-11-23,5Y,5,-0.00026043447061241463
2020-11-23,7Y,7,0.0006675332140547277
2020-11-23,10Y,10,0.0024890318880542695
2020-11-23,15Y,15,0.004804510192524509
2020-11-23,20Y,20,0.0055395777341990925
2020-11-23,25Y,25,0.00587896079563701
2020-11-23,30Y,30,0.005996083642914305
2020-11-24,1Y,1,-0.000660106860877787
2020-11-24,2Y,2,-0.0006201168742189676
2020-11-24,3Y,3,-0.0005201518959519231
2020-11-24,4Y,4,-0.0003552449943398703
2020-11-24,5Y,5,-0.0001403499775654098
2020-11-24,7Y,7,0.0008199841232891315
2020-11-24,10Y,10,0.002660620508380336
2020-11-24,15Y,15,0.005024662238695566
2020-11-24,20Y,20,0.005728141945865182
2020-11-24,25Y,25,0.0060982553190715785
2020-11-24,30Y,30,0.00622669838895597
2020-11-25,1Y,1,-0.0006801156262093484
2020-11-25,2Y,2,-0.0009200411908192354
2020-11-25,3Y,3,-0.0005203099400566421
2020-11-25,4Y,4,-0.00004050245346065161
2020-11-25,5Y,5,-0.0001203446886174611
2020-11-25,7Y,7,0.0008200997454256367
2020-11-25,10Y,10,0.0026607890343285567
2020-11-25,15Y,15,0.005044157846758967
2020-11-25,20Y,20,0.005785525362435803
2020-11-25,25Y,25,0.006076595925849513
2020-11-25,30Y,30,0.006120283730889258
2020-11-26,1Y,1,-0.0006801113749839744
2020-11-26,2Y,2,-0.0009300379538419597
2020-11-26,3Y,3,-0.0006002827005488686
2020-11-26,4Y,4,-0.00014050008456739367
2020-11-26,5Y,5,-0.00013041350245589028
2020-11-26,7Y,7,0.0007579478844290329
2020-11-26,10Y,10,0.002597052669627029
2020-11-26,15Y,15,0.005002838372041159
2020-11-26,20Y,20,0.005783333924241083
2020-11-26,25Y,25,0.006141004303071001
2020-11-26,30Y,30,0.00622776302969294
2020-11-27,1Y,1,-0.000660106860877787
2020-11-27,2Y,2,-0.0006951011819904154
2020-11-27,3Y,3,-0.0005601723574837323
2020-11-27,4Y,4,-0.0003302920641442082
2020-11-27,5Y,5,-0.00013038560993058846
2020-11-27,7Y,7,0.0007979664263156681
2020-11-27,10Y,10,0.002650563856539489
2020-11-27,15Y,15,0.005015829053901874
2020-11-27,20Y,20,0.00577590548424909
2020-11-27,25Y,25,0.006098682724722027
2020-11-27,30Y,30,0.0062270226137253835
2020-11-28,1Y,1,-0.000710126054833869
2020-11-28,2Y,2,-0.0007251225430238836
2020-11-28,3Y,3,-0.0006701569969160048
2020-11-28,4Y,4,-0.00044531327727765344
2020-11-28,5Y,5,-0.00018048675471935287
2020-11-28,7Y,7,0.0007357120299190382
2020-11-28,10Y,10,0.002546395739383531
2020-11-28,15Y,15,0.004951490434436092
2020-11-28,20Y,20,0.005679355244472885
2020-11-28,25Y,25,0.006026075478947415
2020-11-28,30Y,30,0.006154322261731088
2020-11-29,1Y,1,-0.0007101238354047209
2020-11-29,2Y,2,-0.0007301214818411914
2020-11-29,3Y,3,-0.0006701564587112965
2020-11-29,4Y,4,-0.0004453136747065887
2020-11-29,5Y,5,-0.00018048743985224838
2020-11-29,7Y,7,0.0007597326037123282
2020-11-29,10Y,10,0.003307798585413135
2020-11-29,15Y,15,0.004972507436007273
2020-11-29,20Y,20,0.005700396537933359
2020-11-29,25Y,25,0.006057667470767444
2020-11-29,30Y,30,0.006164980210143902
2020-11-30,1Y,1,-0.0006501056478910209
2020-11-30,2Y,2,-0.0006501056478907955
2020-11-30,3Y,3,-0.00047018414505181595
2020-11-30,4Y,4,-0.00020029431355330816
2020-11-30,5Y,5,-0.000020323205743455952
2020-11-30,7Y,7,0.0008882827633058682
2020-11-30,10Y,10,0.0026712308111110097
2020-11-30,15Y,15,0.0050457257525458685
2020-11-30,20Y,20,0.005786689979615281
2020-11-30,25Y,25,0.006149982015957516
2020-11-30,30Y,30,0.006278549197402633
2020-12-01,1Y,1,-0.0006801156262093484
2020-12-01,2Y,2,-0.0005451382173369425
2020-12-01,3Y,3,-0.00034018633918035353
2020-12-01,4Y,4,-0.00019023016663423332
2020-12-01,5Y,5,0.00005973992098448871
2020-12-01,7Y,7,0.0009084937074525126
2020-12-01,10Y,10,0.0027654004637269448
2020-12-01,15Y,15,0.005041901059063762
2020-12-01,20Y,20,0.005779706287186337
2020-12-01,25Y,25,0.006084573832018411
2020-12-01,30Y,30,0.006117435756485537
2020-12-02,1Y,1,-0.0006501056478910209
2020-12-02,2Y,2,-0.0005601213830449729
2020-12-02,3Y,3,-0.00043015675796395116
2020-12-02,4Y,4,-0.0008148378062686072
2020-12-02,5Y,5,0.000029525672007860463
2020-12-02,7Y,7,0.0009505724787185522
2020-12-02,10Y,10,0.0018768253019443332
2020-12-02,15Y,15,0.004765686352949882
2020-12-02,20Y,20,0.005831150219926957
2020-12-02,25Y,25,0.006107893344200197
2020-12-02,30Y,30,0.006225662214719258
2020-12-03,1Y,1,-0.0006501056478910209
2020-12-03,2Y,2,-0.0008750393191450769
2020-12-03,3Y,3,-0.00047028818780169544
2020-12-03,4Y,4,0.000024535165388574805
2020-12-03,5Y,5,-0.00002030470726623306
2020-12-03,7Y,7,0.0009404186521879338
2020-12-03,10Y,10,0.0027418084276188094
2020-12-03,15Y,15,0.005032332465205
2020-12-03,20Y,20,0.005776407736541953
2020-12-03,25Y,25,0.006096862592624207
2020-12-03,30Y,30,0.006214277879725349
2020-12-04,1Y,1,-0.0006401044224199257
2020-12-04,2Y,2,-0.0005001238209743752
2020-12-04,3Y,3,-0.00034015689964397443
2020-12-04,4Y,4,-0.00015021465503464162
2020-12-04,5Y,5,0.0001697666419790615
2020-12-04,7Y,7,0.0009626986203386182
2020-12-04,10Y,10,0.0028261454868947792
2020-12-04,15Y,15,0.005134683222865838
2020-12-04,20Y,20,0.005856878854746749
2020-12-04,25Y,25,0.0062002793223451536
2020-12-04,30Y,30,0.006317947095204839
2020-12-06,1Y,1,-0.0006801177518515935
2020-12-06,2Y,2,-0.0006751165805701817
2020-12-06,3Y,3,-0.0005801663545137544
2020-12-06,4Y,4,-0.0003303074381570386
2020-12-06,5Y,5,-0.000060426606991279
2020-12-06,7Y,7,0.0008681020651956076
2020-12-06,10Y,10,0.0026207649428689095
2020-12-06,15Y,15,0.004937972938824976
2020-12-06,20Y,20,0.005673814604441734
2020-12-06,25Y,25,0.006013714290037848
2020-12-06,30Y,30,0.0061310574492288855
2020-12-07,1Y,1,-0.0006501056478910209
2020-12-07,2Y,2,-0.0008750393191450769
2020-12-07,3Y,3,-0.0005102774449932788
2020-12-07,4Y,4,-0.00005045808923967942
2020-12-07,5Y,5,-0.000040343203385436724
2020-12-07,7Y,7,0.0008482518085676508
2020-12-07,10Y,10,0.0027012604335780377
2020-12-07,15Y,15,0.004971932468197174
2020-12-07,20Y,20,0.00570400750901265
2020-12-07,25Y,25,0.006044796601913516
2020-12-07,30Y,30,0.006162184327217929
2020-12-08,1Y,1,-0.0006601089239640263
2020-12-08,2Y,2,-0.0009300238360997525
2020-12-08,3Y,3,-0.0005203056464861619
2020-12-08,4Y,4,-0.00001550873500473851
2020-12-08,5Y,5,-0.00011033534462998734
2020-12-08,7Y,7,0.0007900922985648663
2020-12-08,10Y,10,0.0026004300007416523
2020-12-08,15Y,15,0.004860783869822572
2020-12-08,20Y,20,0.005617909204019944
2020-12-08,25Y,25,0.005939992000494646
2020-12-08,30Y,30,0.006025441773361534
2020-12-09,1Y,1,-0.0006801177518515935
2020-12-09,2Y,2,-0.0006001306494172432
2020-12-09,3Y,3,-0.000500162238236943
2020-12-09,4Y,4,-0.00033025502997169906
2020-12-09,5Y,5,-0.000050369980168608365
2020-12-09,7Y,7,0.0008301360133431476
2020-12-09,10Y,10,0.002657614998806313
2020-12-09,15Y,15,0.004970309723617096
2020-12-09,20Y,20,0.005701122468731899
2020-12-09,25Y,25,0.005949648610768533
2020-12-09,30Y,30,0.006023943358603209
2020-12-10,1Y,1,-0.0006901190523828092
2020-12-10,2Y,2,-0.0009300438456345259
2020-12-10,3Y,3,-0.0005303166567246221
2020-12-10,4Y,4,-0.00007550339199468843
2020-12-10,5Y,5,-0.00013036474501003955
2020-12-10,7Y,7,0.0007980604721002639
2020-12-10,10Y,10,0.002530084744962301
2020-12-10,15Y,15,0.004893680854008011
2020-12-10,20Y,20,0.005607108976596888
2020-12-10,25Y,25,0.005908831119815511
2020-12-10,30Y,30,0.006014992269239699
2020-12-11,1Y,1,-0.0007001203404307903
2020-12-11,2Y,2,-0.0009900256706659148
2020-12-11,3Y,3,-0.0006802955552192364
2020-12-11,4Y,4,-0.00024052739016024996
2020-12-11,5Y,5,-0.00024046677713279643
2020-12-11,7Y,7,0.0007196954933443292
2020-12-11,10Y,10,0.002476127596521987
2020-12-11,15Y,15,0.004908539900620873
2020-12-11,20Y,20,0.00560231967336109
2020-12-11,25Y,25,0.005899475919702296
2020-12-11,30Y,30,0.005984696782270262
2020-12-12,1Y,1,-0.0007401369337779482
2020-12-12,2Y,2,-0.0007701294494374653
2020-12-12,3Y,3,-0.0007201669162480685
2020-12-12,4Y,4,-0.0005103230974078485
2020-12-12,5Y,5,-0.0002805039647699409
2020-12-12,7Y,7,0.000663465264219772
2020-12-12,10Y,10,0.0024856997867513508
2020-12-12,15Y,15,0.004872008697755838
2020-12-12,20Y,20,0.005618234184099569
2020-12-12,25Y,25,0.005868771838662778
2020-12-12,30Y,30,0.005953846384024447
2020-12-13,1Y,1,-0.0007001203404307903
2020-12-13,2Y,2,-0.0007950979338604235
2020-12-13,3Y,3,-0.0007401515545327366
2020-12-13,4Y,4,-0.0005103126853771834
2020-12-13,5Y,5,-0.0002705116942593017
2020-12-13,7Y,7,0.0006574805622366392
2020-12-13,10Y,10,0.002519056215678793
2020-12-13,15Y,15,0.004919809928793788
2020-12-13,20Y,20,0.005593642412158458
2020-12-13,25Y,25,0.005879556739334418
2020-12-13,30Y,30,0.006017273785107002
2020-12-14,1Y,1,-0.0007001203404307903
2020-12-14,2Y,2,-0.0009450449160842451
2020-12-14,3Y,3,-0.0006003028907299008
2020-12-14,4Y,4,-0.00018549657088972856
2020-12-14,5Y,5,-0.00020041478320875447
2020-12-14,7Y,7,0.0007478470177511966
2020-12-14,10Y,10,0.002566686558225332
2020-12-14,15Y,15,0.005047991516093877
2020-12-14,20Y,20,0.005818695921904232
2020-12-14,25Y,25,0.006173563424844233
2020-12-14,30Y,30,0.006292148864316213
2020-12-15,1Y,1,-0.0007301309754586579
2020-12-15,2Y,2,-0.0006901421210631215
2020-12-15,3Y,3,-0.000550199484580438
2020-12-15,4Y,4,-0.00040028449748691895
2020-12-15,5Y,5,-0.00022038842591371485
2020-12-15,7Y,7,0.0006477009454667325
2020-12-15,10Y,10,0.0024591330594472874
2020-12-15,15Y,15,0.004991510563156278
2020-12-15,20Y,20,0.005745002071650755
2020-12-15,25Y,25,0.006121220889292319
2020-12-15,30Y,30,0.0062398046565011
2020-12-16,1Y,1,-0.0006901168954917828
2020-12-16,2Y,2,-0.0006501273941001154
2020-12-16,3Y,3,-0.000630126024883031
2020-12-16,4Y,4,-0.0004852429057327209
2020-12-16,5Y,5,-0.0002104300390108108
2020-12-16,7Y,7,0.0006776534426100858
2020-12-16,10Y,10,0.0024489592298965073
2020-12-16,15Y,15,0.00488598823337817
2020-12-16,20Y,20,0.005611108561312854
2020-12-16,25Y,25,0.006005050335262389
2020-12-16,30Y,30,0.006112581301433632
2020-12-17,1Y,1,-0.0006901168954917828
2020-12-17,2Y,2,-0.0007251109783834518
2020-12-17,3Y,3,-0.0005302106031801335
2020-12-17,4Y,4,-0.00031031164871017625
2020-12-17,5Y,5,-0.00016037322782300146
2020-12-17,7Y,7,0.0007278885800371298
2020-12-17,10Y,10,0.002549679095064414
2020-12-17,15Y,15,0.004922534963777929
2020-12-17,20Y,20,0.005688902106669237
2020-12-17,25Y,25,0.00605705468857543
2020-12-17,30Y,30,0.006164618241737046
2020-12-18,1Y,1,-0.0007001203404307903
2020-12-18,2Y,2,-0.0007201180180440947
2020-12-18,3Y,3,-0.0005601997735111606
2020-12-18,4Y,4,-0.0003353161465048523
2020-12-18,5Y,5,-0.0001504016133908625
2020-12-18,7Y,7,0.0007098514768929849
2020-12-18,10Y,10,0.002539582820746302
2020-12-18,15Y,15,0.004931614829388567
2020-12-18,20Y,20,0.005709673800571228
2020-12-18,25Y,25,0.006089245092142412
2020-12-18,30Y,30,0.006228681536005612
2020-12-20,1Y,1,-0.000740125367801167
2020-12-20,2Y,2,-0.000795123484492459
2020-12-20,3Y,3,-0.0007001753234677224
2020-12-20,4Y,4,-0.0005103139281791122
2020-12-20,5Y,5,-0.00033046099359774973
2020-12-20,7Y,7,0.0006453954748508698
2020-12-20,10Y,10,0.0019441215637544822
2020-12-20,15Y,15,0.004715239889097706
2020-12-20,20Y,20,0.0056604838490875425
2020-12-20,25Y,25,0.006017535416147585
2020-12-20,30Y,30,0.006136143739845196
2020-12-21,1Y,1,-0.0007201273804137741
2020-12-21,2Y,2,-0.0009950375957781925
2020-12-21,3Y,3,-0.000560352651892807
2020-12-21,4Y,4,-0.00010055402051057315
2020-12-21,5Y,5,-0.00019039504591285652
2020-12-21,7Y,7,0.0007177450960222734
2020-12-21,10Y,10,0.0029671934478233634
2020-12-21,15Y,15,0.004921616849159196
2020-12-21,20Y,20,0.005987417105209406
2020-12-21,25Y,25,0.00636580138974603
2020-12-21,30Y,30,0.006538710318655147
2020-12-22,1Y,1,-0.0007401323073230201
2020-12-22,2Y,2,-0.0007651310446247985
2020-12-22,3Y,3,-0.0006601896841807951
2020-12-22,4Y,4,-0.00045032996446529947
2020-12-22,5Y,5,-0.0002204862457328104
2020-12-22,7Y,7,0.0006676163039257798
2020-12-22,10Y,10,0.002566122733928468
2020-12-22,15Y,15,0.00513237025926354
2020-12-22,20Y,20,0.005972634597814199
2020-12-22,25Y,25,0.006428855653534576
2020-12-22,30Y,30,0.006592066495061111
2020-12-23,1Y,1,-0.0007401323073230201
2020-12-23,2Y,2,-0.0009300786533285399
2020-12-23,3Y,3,-0.0005403313806370786
2020-12-23,4Y,4,-0.00011051306987373746
2020-12-23,5Y,5,-0.00010040802301836279
2020-12-23,7Y,7,0.00012779908808482855
2020-12-23,10Y,10,0.0017654179901234945
2020-12-23,15Y,15,0.005561470550010592
2020-12-23,20Y,20,0.004174795029953422
2020-12-23,25Y,25,0.005611404627723514
2020-12-23,30Y,30,0.00564560141601917
2020-12-24,1Y,1,-0.0007201251297361689
2020-12-24,2Y,2,-0.0007301275336663167
2020-12-24,3Y,3,-0.0006401724383714583
2020-12-24,4Y,4,-0.0003953338564249582
2020-12-24,5Y,5,-0.00011049213874632542
2020-12-24,7Y,7,0.0007698714719507275
2020-12-24,10Y,10,0.0027511303024216885
2020-12-24,15Y,15,0.005337147701346506
2020-12-24,20Y,20,0.006176111457259921
2020-12-24,25Y,25,0.006671382836615755
2020-12-24,30Y,30,0.00687815600387219
2020-12-25,1Y,1,-0.0007001203404307903
2020-12-25,2Y,2,-0.0007051215208003765
2020-12-25,3Y,3,-0.00048022260444841047
2020-12-25,4Y,4,-0.00020033693343736816
2020-12-25,5Y,5,-0.0000203578528477535
2020-12-25,7Y,7,0.0008482318710684581
2020-12-25,10Y,10,0.002842229247482086
2020-12-25,15Y,15,0.005411617332691436
2020-12-25,20Y,20,0.006296240673811792
2020-12-25,25Y,25,0.006765229699481605
2020-12-25,30Y,30,0.006972238240354978
2020-12-27,1Y,1,-0.0007501383156576719
2020-12-27,2Y,2,-0.0007401431538102526
2020-12-27,3Y,3,-0.0006501876022662243
2020-12-27,4Y,4,-0.0004403322539626791
2020-12-27,5Y,5,-0.0001605078082450315
2020-12-27,7Y,7,0.000807808173876389
2020-12-27,10Y,10,0.002680833239216548
2020-12-27,15Y,15,0.005465595022460184
2020-12-27,20Y,20,0.006341847928104782
2020-12-27,25Y,25,0.006809952948813715
2020-12-27,30Y,30,0.007007063179180164
2020-12-28,1Y,1,-0.0007401299941276981
2020-12-28,2Y,2,-0.000725140698733208
2020-12-28,3Y,3,-0.0005202281609798056
2020-12-28,4Y,4,-0.00029533757465002495
2020-12-28,5Y,5,-0.00009040799569993464
2020-12-28,7Y,7,0.0008500883766176845
2020-12-28,10Y,10,0.0027414662532333992
2020-12-28,15Y,15,0.005280976166809087
2020-12-28,20Y,20,0.006152451774734341
2020-12-28,25Y,25,0.0066174776439990295
2020-12-28,30Y,30,0.006813092401382797
2020-12-29,1Y,1,-0.0007101238354047209
2020-12-29,2Y,2,-0.00070012841243655
2020-12-29,3Y,3,-0.0004902204911067137
2020-12-29,4Y,4,-0.0002253343125130931
2020-12-29,5Y,5,-0.000030370908705877088
2020-12-29,7Y,7,0.0008782384759045722
2020-12-29,10Y,10,0.0028561270918442353
2020-12-29,15Y,15,0.0057653138443186465
2020-12-29,20Y,20,0.006676055542002865
2020-12-29,25Y,25,0.007212009845414355
2020-12-29,30Y,30,0.0074436348033319
2020-12-30,1Y,1,-0.0006601089239640263
2020-12-30,2Y,2,-0.0006151177075958123
2020-12-30,3Y,3,-0.0005201521910717785
2020-12-30,4Y,4,-0.0003302565937330108
2020-12-30,5Y,5,-0.00005037565632279653
2020-12-30,7Y,7,0.0009302328178161203
2020-12-30,10Y,10,0.0028996497517955336
2020-12-30,15Y,15,0.005805567419833416
2020-12-30,20Y,20,0.0066623756791031885
2020-12-30,25Y,25,0.0071049228686921925
2020-12-30,30Y,30,0.007313743516219923
2020-12-31,1Y,1,-0.0006601089239640263
2020-12-31,2Y,2,-0.0006151177075958123
2020-12-31,3Y,3,-0.0004401815294791771
2020-12-31,4Y,4,-0.0002302655669785751
2020-12-31,5Y,5,-0.00004030897968820379
2020-12-31,7Y,7,0.0009883910136069235
2020-12-31,10Y,10,0.002906740822756054
2020-12-31,15Y,15,0.005836186267582852
2020-12-31,20Y,20,0.006706470425420875
2020-12-31,25Y,25,0.007146697427600364
2020-12-31,30Y,30,0.007355654907237344
2021-01-01,1Y,1,-0.0006601089239640263
2021-01-01,2Y,2,-0.0006151177075958123
2021-01-01,3Y,3,-0.0004401815294791771
2021-01-01,4Y,4,-0.0002302655669785751
2021-01-01,5Y,5,-0.00004030897968820379
2021-01-01,7Y,7,0.0009883910136069235
2021-01-01,10Y,10,0.002906740822756054
2021-01-01,15Y,15,0.005836186267582852
2021-01-01,20Y,20,0.006706470425420875
2021-01-01,25Y,25,0.007146697427600364
2021-01-01,30Y,30,0.007355654907237344
2021-01-03,1Y,1,-0.0007301355394162426
2021-01-03,2Y,2,-0.000710137680599523
2021-01-03,3Y,3,-0.0006501695843931354
2021-01-03,4Y,4,-0.0004453123644902171
2021-01-03,5Y,5,-0.0001205132779151445
2021-01-03,7Y,7,0.0007998730191294711
2021-01-03,10Y,10,0.002815181990396088
2021-01-03,15Y,15,0.005695340574660768
2021-01-03,20Y,20,0.0065605646444582555
2021-01-03,25Y,25,0.0070329868733815
2021-01-03,30Y,30,0.007273736900578809
2021-01-04,1Y,1,-0.0007001225285907256
2021-01-04,2Y,2,-0.0006251372757157825
2021-01-04,3Y,3,-0.0005801439835120599
2021-01-04,4Y,4,-0.0004252570187228032
2021-01-04,5Y,5,-0.00010043794901109571
2021-01-04,7Y,7,0.0008800323933378693
2021-01-04,10Y,10,0.0028555551747780177
2021-01-04,15Y,15,0.005755778576897518
2021-01-04,20Y,20,0.006659528137356488
2021-01-04,25Y,25,0.007117151557552263
2021-01-04,30Y,30,0.007337138345255952
2021-01-05,1Y,1,-0.000710126054833869
2021-01-05,2Y,2,-0.000935055387045305
2021-01-05,3Y,3,-0.0005703158694813916
2021-01-05,4Y,4,-0.00011051883678970913
2021-01-05,5Y,5,-0.00013040339455378772
2021-01-05,7Y,7,0.0008100181229631603
2021-01-05,10Y,10,0.0028354316492402694
2021-01-05,15Y,15,0.0056411684849123145
2021-01-05,20Y,20,0.006599194681784519
2021-01-05,25Y,25,0.007064520306205157
2021-01-05,30Y,30,0.0072844307457962275
2021-01-06,1Y,1,-0.0006901212092939117
2021-01-06,2Y,2,-0.0006101343310006439
2021-01-06,3Y,3,-0.0005101665273380744
2021-01-06,4Y,4,-0.00031527281535654434
2021-01-06,5Y,5,-0.000030382281604020723
2021-01-06,7Y,7,0.0009302599547564146
2021-01-06,10Y,10,0.0028996895820526843
2021-01-06,15Y,15,0.005807044736806196
2021-01-06,20Y,20,0.006826168748209269
2021-01-06,25Y,25,0.007307734774892537
2021-01-06,30Y,30,0.0074974688980822355
2021-01-07,1Y,1,-0.0006601151133369408
2021-01-07,2Y,2,-0.0005701248213823267
2021-01-07,3Y,3,-0.0004601614893553601
2021-01-07,4Y,4,-0.00023526166043746541
2021-01-07,5Y,5,0.00006966590233338922
2021-01-07,7Y,7,0.001102687198337418
2021-01-07,10Y,10,0.003138602162647807
2021-01-07,15Y,15,0.006151606601455155
2021-01-07,20Y,20,0.007131244743264141
2021-01-07,25Y,25,0.0075620876497838295
2021-01-07,30Y,30,0.007784429975321938
2021-01-08,1Y,1,-0.0007001247167710971
2021-01-08,2Y,2,-0.0005901426832756939
2021-01-08,3Y,3,-0.00046017916716369924
2021-01-08,4Y,4,-0.00023028386135455514
2021-01-08,5Y,5,0.00007964814689795483
2021-01-08,7Y,7,0.001028580391175306
2021-01-08,10Y,10,0.0031555020607875388
2021-01-08,15Y,15,0.006315211326844079
2021-01-08,20Y,20,0.00731946016099265
2021-01-08,25Y,25,0.007754650130438105
2021-01-08,30Y,30,0.007946447621153607
2021-01-11,1Y,1,-0.0007001247167710971
2021-01-11,2Y,2,-0.0008900656289703732
2021-01-11,3Y,3,-0.0008201692513384588
2021-01-11,4Y,4,-0.0004054587837475094
2021-01-11,5Y,5,-0.0001306361020684023
2021-01-11,7Y,7,0.0007977461348808076
2021-01-11,10Y,10,0.004271010517059391
2021-01-11,15Y,15,0.005504701050989659
2021-01-11,20Y,20,0.007063404268983147
2021-01-11,25Y,25,0.008705997272617496
2021-01-11,30Y,30,0.007957416310231105
2021-01-12,1Y,1,-0.0007001225285907256
2021-01-12,2Y,2,-0.0008950641370099758
2021-01-12,3Y,3,-0.00038033821537257386
2021-01-12,4Y,4,0.00011951996153171602
2021-01-12,5Y,5,0.00005973946804794074
2021-01-12,7Y,7,0.0010728014103256424
2021-01-12,10Y,10,0.003024524644774455
2021-01-12,15Y,15,0.006187596734981421
2021-01-12,20Y,20,0.007047783134089283
2021-01-12,25Y,25,0.007444219635460797
2021-01-12,30Y,30,0.007622661972875963
2021-01-13,1Y,1,-0.0007201296311123968
2021-01-13,2Y,2,-0.0006601421574813969
2021-01-13,3Y,3,-0.0005601785757477591
2021-01-13,4Y,4,-0.0003553019626471967
2021-01-13,5Y,5,-0.00004044339549542355
2021-01-13,7Y,7,0.0009201900994211369
2021-01-13,10Y,10,0.0029231754563381228
2021-01-13,15Y,15,0.005933254764951422
2021-01-13,20Y,20,0.006842127702680508
2021-01-13,25Y,25,0.007222378580542671
2021-01-13,30Y,30,0.00738920245760563
2021-01-14,1Y,1,-0.0007201341325719477
2021-01-14,2Y,2,-0.0009350614125793244
2021-01-14,3Y,3,-0.0005803231442413164
2021-01-14,4Y,4,-0.00007054699158369634
2021-01-14,5Y,5,-0.000020432011151072602
2021-01-14,7Y,7,0.0009202964821839537
2021-01-14,10Y,10,0.0029502382738776462
2021-01-14,15Y,15,0.006050147549037106
2021-01-14,20Y,20,0.007004823581886644
2021-01-14,25Y,25,0.00743593440566442
2021-01-14,30Y,30,0.007604598665809412
2021-01-15,1Y,1,-0.000710128274283495
2021-01-15,2Y,2,-0.0006001465614136944
2021-01-15,3Y,3,-0.0005101682921812333
2021-01-15,4Y,4,-0.00031527990923120195
2021-01-15,5Y,5,0.000019598841042305472
2021-01-15,7Y,7,0.0009483446187708172
2021-01-15,10Y,10,0.0030778580933905823
2021-01-15,15Y,15,0.006109259910581028
2021-01-15,20Y,20,0.00712668930881109
2021-01-15,25Y,25,0.007509638753851451
2021-01-15,30Y,30,0.0076783674253516855
2021-01-17,1Y,1,-0.0007201386341147811
2021-01-17,2Y,2,-0.000640145425607357
2021-01-17,3Y,3,-0.0005002040081588183
2021-01-17,4Y,4,-0.00020533459270644788
2021-01-17,5Y,5,0.00016960774898145455
2021-01-17,7Y,7,0.0011749347443134324
2021-01-17,10Y,10,0.0032771484976790604
2021-01-17,15Y,15,0.006316241261215761
2021-01-17,20Y,20,0.007383488105105918
2021-01-17,25Y,25,0.007774556370350043
2021-01-17,30Y,30,0.007933974812708878
2021-01-18,1Y,1,-0.000700126904971484
2021-01-18,2Y,2,-0.0006751276830432023
2021-01-18,3Y,3,-0.0004802158078894693
2021-01-18,4Y,4,-0.0001403484248459774
2021-01-18,5Y,5,0.0001596424379755306
2021-01-18,7Y,7,0.001221024345404377
2021-01-18,10Y,10,0.0033745665376102053
2021-01-18,15Y,15,0.006494583775276984
2021-01-18,20Y,20,0.007491461088778037
2021-01-18,25Y,25,0.007794329665495137
2021-01-18,30Y,30,0.007888636184470143
2021-01-19,1Y,1,-0.0007601491882155183
2021-01-19,2Y,2,-0.0009750734392997502
2021-01-19,3Y,3,-0.0005403766941543541
2021-01-19,4Y,4,0.00006438815635337629
2021-01-19,5Y,5,0.00012959527078422223
2021-01-19,7Y,7,0.0012230206029567464
2021-01-19,10Y,10,0.003294293147664697
2021-01-19,15Y,15,0.006669350661380946
2021-01-19,20Y,20,0.00751952621812403
2021-01-19,25Y,25,0.0077738074143577475
2021-01-19,30Y,30,0.0079099753507192
2021-01-20,1Y,1,-0.000830167083327503
2021-01-20,2Y,2,-0.001095075695532341
2021-01-20,3Y,3,-0.0006104469530222964
2021-01-20,4Y,4,-7.316041921478274e-7
2021-01-20,5Y,5,0.00008947304792235799
2021-01-20,7Y,7,0.0011988660434353504
2021-01-20,10Y,10,0.003385085758755236
2021-01-20,15Y,15,0.006585152857371292
2021-01-20,20Y,20,0.007537239163028409
2021-01-20,25Y,25,0.007818574899780911
2021-01-20,30Y,30,0.008019722871966239
2021-01-21,1Y,1,-0.0008501806761934161
2021-01-21,2Y,2,-0.0010301191266587836
2021-01-21,3Y,3,-0.0006304179095797685
2021-01-21,4Y,4,-0.0005203921729517611
2021-01-21,5Y,5,9.27003659306324e-6
2021-01-21,7Y,7,0.000618001568547198
2021-01-21,10Y,10,0.0027716177743064524
2021-01-21,15Y,15,0.006140501556277425
2021-01-21,20Y,20,0.007883436141349339
2021-01-21,25Y,25,0.008397176161816733
2021-01-21,30Y,30,0.007818159778500805
2021-01-22,1Y,1,-0.0008101691336417116
2021-01-22,2Y,2,-0.0010400831136130446
2021-01-22,3Y,3,-0.0006304095036248216
2021-01-22,4Y,4,-0.00007067637511285266
2021-01-22,5Y,5,0.00002946256047917312
2021-01-22,7Y,7,0.0011105990428244392
2021-01-22,10Y,10,0.0032904424105869865
2021-01-22,15Y,15,0.006557065668240265
2021-01-22,20Y,20,0.007475697815180684
2021-01-22,25Y,25,0.007636714325419119
2021-01-22,30Y,30,0.007761118076976495
2021-01-24,1Y,1,-0.0008902008661131555
2021-01-24,2Y,2,-0.0008851993367098986
2021-01-24,3Y,3,-0.0007702783614977911
2021-01-24,4Y,4,-0.00044052801309334665
2021-01-24,5Y,5,-0.000020769026734087726
2021-01-24,7Y,7,0.001028139923833975
2021-01-24,10Y,10,0.0032261098524147746
2021-01-24,15Y,15,0.0064641328084727254
2021-01-24,20Y,20,0.0073302097459258374
2021-01-24,25Y,25,0.007530334817081706
2021-01-24,30Y,30,0.00754778304175025
2021-01-25,1Y,1,-0.0008501859907188003
2021-01-25,2Y,2,-0.0011250756882825786
2021-01-25,3Y,3,-0.000710452086905952
2021-01-25,4Y,4,-0.00006579737950630424
2021-01-25,5Y,5,0.000029368589157137024
2021-01-25,7Y,7,0.0010784768902959425
2021-01-25,10Y,10,0.003287124546701864
2021-01-25,15Y,15,0.006547291540473124
2021-01-25,20Y,20,0.0074562735883195504
2021-01-25,25Y,25,0.007647805263554519
2021-01-25,30Y,30,0.007751158179200809
2021-01-26,1Y,1,-0.0008501833334438205
2021-01-26,2Y,2,-0.0008451818722638939
2021-01-26,3Y,3,-0.00065029883748282
2021-01-26,4Y,4,-0.00032548948430207976
2021-01-26,5Y,5,-6.088533207537165e-7
2021-01-26,7Y,7,0.0011004169143065583
2021-01-26,10Y,10,0.0033240161309634076
2021-01-26,15Y,15,0.0065034373492393075
2021-01-26,20Y,20,0.007522719726386967
2021-01-26,25Y,25,0.007743288835902801
2021-01-26,30Y,30,0.007783586306152571
2021-01-27,1Y,1,-0.0007801570162667777
2021-01-27,2Y,2,-0.0009950797529519014
2021-01-27,3Y,3,-0.0005803853944856042
2021-01-27,4Y,4,-0.0005053188206714401
2021-01-27,5Y,5,0.00006935883875313015
2021-01-27,7Y,7,0.0011388826355952762
2021-01-27,10Y,10,0.002589353198325873
2021-01-27,15Y,15,0.006471145677909726
2021-01-27,20Y,20,0.007735228945408448
2021-01-27,25Y,25,0.007947209601516781
2021-01-27,30Y,30,0.008031760269516186
2021-01-28,1Y,1,-0.0007801594546552621
2021-01-28,2Y,2,-0.0009600934761165992
2021-01-28,3Y,3,-0.000500392508219021
2021-01-28,4Y,4,0.00006440601458904431
2021-01-28,5Y,5,0.00007961738607884699
2021-01-28,7Y,7,0.0010486882919178808
2021-01-28,10Y,10,0.0032601359588116242
2021-01-28,15Y,15,0.006668622440393114
2021-01-28,20Y,20,0.007616503826184251
2021-01-28,25Y,25,0.007817794351971075
2021-01-28,30Y,30,0.007911574894710196
2021-01-29,1Y,1,-0.0007501594170144205
2021-01-29,2Y,2,-0.0009200853206702236
2021-01-29,3Y,3,-0.000530362601764566
2021-01-29,4Y,4,0.00005942328628794026
2021-01-29,5Y,5,0.00019961771421760695
2021-01-29,7Y,7,0.0012331720890266813
2021-01-29,10Y,10,0.0034893343236264123
2021-01-29,15Y,15,0.006953286361727432
2021-01-29,20Y,20,0.00791902615202824
2021-01-29,25Y,25,0.008126253252140933
2021-01-29,30Y,30,0.008189232282347303
2021-01-31,1Y,1,-0.0008001775493732719
2021-01-31,2Y,2,-0.0007501708929725546
2021-01-31,3Y,3,-0.0006402448918551326
2021-01-31,4Y,4,-0.0002904451424377485
2021-01-31,5Y,5,0.00008943554110594858
2021-01-31,7Y,7,0.0011746870577147657
2021-01-31,10Y,10,0.003374672881021298
2021-01-31,15Y,15,0.006859859842602459
2021-01-31,20Y,20,0.007838098479419766
2021-01-31,25Y,25,0.008042492145981463
2021-01-31,30Y,30,0.008105376869209471
2021-02-01,1Y,1,-0.0007801667699559787
2021-02-01,2Y,2,-0.0006301810891449684
2021-02-01,3Y,3,-0.0005202186382547445
2021-02-01,4Y,4,-0.0002503536110839901
2021-02-01,5Y,5,0.00015955805655552802
2021-02-01,7Y,7,0.0013411797915003417
2021-02-01,10Y,10,0.00354689001881881
2021-02-01,15Y,15,0.007044703409215907
2021-02-01,20Y,20,0.007998631304100452
2021-02-01,25Y,25,0.008222451765543856
2021-02-01,30Y,30,0.008318095533195017
2021-02-02,1Y,1,-0.0007601610676597981
2021-02-02,2Y,2,-0.0006201709408557088
2021-02-02,3Y,3,-0.0004602306050484551
2021-02-02,4Y,4,-0.0001403486625935256
2021-02-02,5Y,5,0.0002896506732154448
2021-02-02,7Y,7,0.0014316555686461076
2021-02-02,10Y,10,0.0035946950125953043
2021-02-02,15Y,15,0.007022290338966789
2021-02-02,20Y,20,0.008018090887907042
2021-02-02,25Y,25,0.008176792270037002
2021-02-02,30Y,30,0.008228390325625817
2021-02-03,1Y,1,-0.0007201476374504084
2021-02-03,2Y,2,-0.0009050703300313456
2021-02-03,3Y,3,-0.0004003675600851861
2021-02-03,4Y,4,0.0002294724841237388
2021-02-03,5Y,5,0.0003398035389240013
2021-02-03,7Y,7,0.0014820514259825954
2021-02-03,10Y,10,0.003591598094218383
2021-02-03,15Y,15,0.007048511094042452
2021-02-03,20Y,20,0.007960891360569995
2021-02-03,25Y,25,0.008035013748274322
2021-02-03,30Y,30,0.008030984498110693
2021-02-04,1Y,1,-0.0006901341511794421
2021-02-04,2Y,2,-0.0008950544873949492
2021-02-04,3Y,3,-0.0004103446792929035
2021-02-04,4Y,4,0.0002494861112054632
2021-02-04,5Y,5,0.00034981340831945684
2021-02-04,7Y,7,0.0015040961806126337
2021-02-04,10Y,10,0.003574696421678143
2021-02-04,15Y,15,0.0068827755091308476
2021-02-04,20Y,20,0.0077396869498109686
2021-02-04,25Y,25,0.007863195828244953
2021-02-04,30Y,30,0.007869299228475943
2021-02-05,1Y,1,-0.0007001684846272787
2021-02-05,2Y,2,-0.0007600994433234522
2021-02-05,3Y,3,-0.00040032158806469896
2021-02-05,4Y,4,0.00018955798266489252
2021-02-05,5Y,5,0.00034982217132426517
2021-02-05,7Y,7,0.0016043381789452326
2021-02-05,10Y,10,0.0037160109988402822
2021-02-05,15Y,15,0.00685564027345986
2021-02-05,20Y,20,0.00774492157087199
2021-02-05,25Y,25,0.007819346600701091
2021-02-05,30Y,30,0.007814001370868184
2021-02-07,1Y,1,-0.0007201498883362738
2021-02-07,2Y,2,-0.0006601408685223988
2021-02-07,3Y,3,-0.0005402130471586518
2021-02-07,4Y,4,-0.00016037707565913213
2021-02-07,5Y,5,0.00032960252792581224
2021-02-07,7Y,7,0.0015078580818445675
2021-02-07,10Y,10,0.0036551704821966313
2021-02-07,15Y,15,0.006831250046881853
2021-02-07,20Y,20,0.007686731400179473
2021-02-07,25Y,25,0.007799916394245897
2021-02-07,30Y,30,0.007827101951715423
2021-02-08,1Y,1,-0.0006401224283774316
2021-02-08,2Y,2,-0.0005001233665413606
2021-02-08,3Y,3,-0.0004401473158159487
2021-02-08,4Y,4,-0.00008026635084014172
2021-02-08,5Y,5,0.0005097968908566639
2021-02-08,7Y,7,0.0016726018245905006
2021-02-08,10Y,10,0.003884745300174146
2021-02-08,15Y,15,0.0071853036885002695
2021-02-08,20Y,20,0.008105484596184253
2021-02-08,25Y,25,0.008215038510415109
2021-02-08,30Y,30,0.008297606730930693
2021-02-09,1Y,1,-0.0006501259671087329
2021-02-09,2Y,2,-0.0008100584165056406
2021-02-09,3Y,3,-0.0003902985776554946
2021-02-09,4Y,4,0.00023455983064768092
2021-02-09,5Y,5,0.00046989660381272554
2021-02-09,7Y,7,0.0017250296422639103
2021-02-09,10Y,10,0.0032319766062390517
2021-02-09,15Y,15,0.0063567219361841
2021-02-09,20Y,20,0.008957001935637619
2021-02-09,25Y,25,0.008156548255573288
2021-02-09,30Y,30,0.008150902170291153
2021-02-10,1Y,1,-0.0006001125251609898
2021-02-10,2Y,2,-0.0008849973450186835
2021-02-10,3Y,3,-0.000480298512732473
2021-02-10,4Y,4,0.0002694820499053426
2021-02-10,5Y,5,0.0004498415086018738
2021-02-10,7Y,7,0.001732811689060239
2021-02-10,10Y,10,0.0038244690673154124
2021-02-10,15Y,15,0.007018348515331353
2021-02-10,20Y,20,0.007934640646774394
2021-02-10,25Y,25,0.008010240935795188
2021-02-10,30Y,30,0.008016203245522047
2021-02-11,1Y,1,-0.0006001125251609898
2021-02-11,2Y,2,-0.0008849973450186835
2021-02-11,3Y,3,-0.0005202897813987264
2021-02-11,4Y,4,-0.00028033858533364027
2021-02-11,5Y,5,0.000399677229317059
2021-02-11,7Y,7,0.001674740214247183
2021-02-11,10Y,10,0.0037840705716185876
2021-02-11,15Y,15,0.006977206877663953
2021-02-11,20Y,20,0.007893117983919494
2021-02-11,25Y,25,0.007968597263568158
2021-02-11,30Y,30,0.007974513962303906
2021-02-12,1Y,1,-0.0006901341511794421
2021-02-12,2Y,2,-0.0005201458642779958
2021-02-12,3Y,3,-0.00029020357788798036
2021-02-12,4Y,4,0.00004975290425723931
2021-02-12,5Y,5,0.0005299411011246843
2021-02-12,7Y,7,0.0018051291226302752
2021-02-12,10Y,10,0.003999773588612185
2021-02-12,15Y,15,0.007176728485881533
2021-02-12,20Y,20,0.008178790246963549
2021-02-12,25Y,25,0.008298323657812577
2021-02-12,30Y,30,0.008305988462210206
2021-02-14,1Y,1,-0.0007201476374504084
2021-02-14,2Y,2,-0.0006501430002805837
2021-02-14,3Y,3,-0.0005002198704512628
2021-02-14,4Y,4,-0.00005037926562805029
2021-02-14,5Y,5,0.0004997132788843809
2021-02-14,7Y,7,0.001722715847267658
2021-02-14,10Y,10,0.003952352978996676
2021-02-14,15Y,15,0.007104905004209981
2021-02-14,20Y,20,0.008092967452703811
2021-02-14,25Y,25,0.008247533201099264
2021-02-14,30Y,30,0.008287828593398598
2021-02-15,1Y,1,-0.0006001087737946559
2021-02-15,2Y,2,-0.00043011184321291285
2021-02-15,3Y,3,-0.00032013975869869295
2021-02-15,4Y,4,0.000054801566621895284
2021-02-15,5Y,5,0.0006500128197320573
2021-02-15,7Y,7,0.0020259651423200236
2021-02-15,10Y,10,0.004297202152544647
2021-02-15,15Y,15,0.007544152547394217
2021-02-15,20Y,20,0.008513818973095172
2021-02-15,25Y,25,0.00867110308460019
2021-02-15,30Y,30,0.008701681918249809
2021-02-16,1Y,1,-0.0006301130313379528
2021-02-16,2Y,2,-0.0007300730687337973
2021-02-16,3Y,3,-0.00013026287852537606
2021-02-16,4Y,4,0.0006047795067648951
2021-02-16,5Y,5,0.0008204412803127042
2021-02-16,7Y,7,0.0020967877343232187
2021-02-16,10Y,10,0.004321584675105369
2021-02-16,15Y,15,0.00746957049868018
2021-02-16,20Y,20,0.008418779789022675
2021-02-16,25Y,25,0.00853860450812659
2021-02-16,30Y,30,0.008567629449912318
2021-02-17,1Y,1,-0.0005400914809557679
2021-02-17,2Y,2,-0.000620053328851273
2021-02-17,3Y,3,-0.00008019292861351592
2021-02-17,4Y,4,0.0006699058222273656
2021-02-17,5Y,5,0.0009506449485391893
2021-02-17,7Y,7,0.002275636935423584
2021-02-17,10Y,10,0.004460345987821201
2021-02-17,15Y,15,0.007642115338350229
2021-02-17,20Y,20,0.00849587606225417
2021-02-17,25Y,25,0.008642259554996336
2021-02-17,30Y,30,0.008692756672840229
2021-02-18,1Y,1,-0.0005200871172394685
2021-02-18,2Y,2,-0.000565056208860699
2021-02-18,3Y,3,-0.0000801724641882307
2021-02-18,4Y,4,0.0006099180985516911
2021-02-18,5Y,5,0.0009005706983078345
2021-02-18,7Y,7,0.0021570723583007245
2021-02-18,10Y,10,0.004382124731423054
2021-02-18,15Y,15,0.007491950611860512
2021-02-18,20Y,20,0.00833756391661593
2021-02-18,25Y,25,0.008417198905431618
2021-02-18,30Y,30,0.008444595813706934
2021-02-19,1Y,1,-0.00047007433247885273
2021-02-19,2Y,2,-0.0004500557607449688
2021-02-19,3Y,3,0.00026996275488135204
2021-02-19,4Y,4,0.0009752785419462771
2021-02-19,5Y,5,0.0011311672182396477
2021-02-19,7Y,7,0.002376415919265921
2021-02-19,10Y,10,0.004595280148010351
2021-02-19,15Y,15,0.007631906873665288
2021-02-19,20Y,20,0.008461924632866966
2021-02-19,25Y,25,0.008506220714297812
2021-02-19,30Y,30,0.008489538074741265
2021-02-20,1Y,1,-0.00047007433247885273
2021-02-20,2Y,2,-0.0004500557607449688
2021-02-20,3Y,3,-0.000030124345580811876
2021-02-20,4Y,4,0.000349902087983677
2021-02-20,5Y,5,0.001040812835544568
2021-02-20,7Y,7,0.0021655704913738955
2021-02-20,10Y,10,0.0040235870134195904
2021-02-20,15Y,15,0.007969018654119274
2021-02-20,20Y,20,0.007572859989374198
2021-02-20,25Y,25,0.007578396961616064
2021-02-20,30Y,30,0.00788822743807213
2021-02-21,1Y,1,-0.0005000843916215862
2021-02-21,2Y,2,-0.0002500800412514407
2021-02-21,3Y,3,0.000019913169990684924
2021-02-21,4Y,4,0.00047006862701669727
2021-02-21,5Y,5,0.0010507547826419357
2021-02-21,7Y,7,0.002259606608189073
2021-02-21,10Y,10,0.0044229877376875
2021-02-21,15Y,15,0.00748498228056996
2021-02-21,20Y,20,0.008306133713538052
2021-02-21,25Y,25,0.00837032506282355
2021-02-21,30Y,30,0.008353713216935598
2021-02-22,1Y,1,-0.0004300623605559185
2021-02-22,2Y,2,-0.0004300439766627262
2021-02-22,3Y,3,0.00004990543784472065
2021-02-22,4Y,4,0.0007300988487204749
2021-02-22,5Y,5,0.0011309745471886601
2021-02-22,7Y,7,0.0024084322407846876
2021-02-22,10Y,10,0.004629473308979971
2021-02-22,15Y,15,0.007693019021399394
2021-02-22,20Y,20,0.00847441090468624
2021-02-22,25Y,25,0.00856055053043439
2021-02-22,30Y,30,0.008576691152788057
2021-02-23,1Y,1,-0.0004300623605559185
2021-02-23,2Y,2,-0.0004300439766627262
2021-02-23,3Y,3,0.00014993175155897061
2021-02-23,4Y,4,0.0008551909223452523
2021-02-23,5Y,5,0.001181144301064625
2021-02-23,7Y,7,0.002458777364153371
2021-02-23,10Y,10,0.004730686277964991
2021-02-23,15Y,15,0.0077479318851886815
2021-02-23,20Y,20,0.008525687954878184
2021-02-23,25Y,25,0.00861271809958385
2021-02-23,30Y,30,0.008628878533434354
2021-02-24,1Y,1,-0.0004500661051782934
2021-02-24,2Y,2,-0.0004850426277268602
2021-02-24,3Y,3,-0.000010121089665748601
2021-02-24,4Y,4,0.0007901003870535666
2021-02-24,5Y,5,0.001211045745961187
2021-02-24,7Y,7,0.002408521344636424
2021-02-24,10Y,10,0.004721147238366024
2021-02-24,15Y,15,0.00794240984461938
2021-02-24,20Y,20,0.008772865407887354
2021-02-24,25Y,25,0.00888310335340668
2021-02-24,30Y,30,0.008879338184842439
2021-02-25,1Y,1,-0.0004300663930680611
2021-02-25,2Y,2,-0.00031005628129233514
2021-02-25,3Y,3,0.00045007818607697904
2021-02-25,4Y,4,0.0012506871130334276
2021-02-25,5Y,5,0.0015420389212857444
2021-02-25,7Y,7,0.0029014762980097393
2021-02-25,10Y,10,0.00519520968025553
2021-02-25,15Y,15,0.008304191198870183
2021-02-25,20Y,20,0.009138503838383357
2021-02-25,25Y,25,0.009315591401625486
2021-02-25,30Y,30,0.009378311819743173
2021-02-26,1Y,1,-0.00047007580171431194
2021-02-26,2Y,2,-0.00038506377380985777
2021-02-26,3Y,3,0.0004500631726022186
2021-02-26,4Y,4,0.0013407444954998834
2021-02-26,5Y,5,0.0016423081256360036
2021-02-26,7Y,7,0.002941950445997464
2021-02-26,10Y,10,0.005110902027798792
2021-02-26,15Y,15,0.008141412422415374
2021-02-26,20Y,20,0.008914437483329964
2021-02-26,25Y,25,0.009043019274176382
2021-02-26,30Y,30,0.009016599789507274
2021-02-27,1Y,1,-0.0005200903683699167
2021-02-27,2Y,2,-0.00021008493957488635
2021-02-27,3Y,3,0.00023996007565563817
2021-02-27,4Y,4,0.0008403826754910185
2021-02-27,5Y,5,0.0014516063960065978
2021-02-27,7Y,7,0.0027384333370010115
2021-02-27,10Y,10,0.005032235391360018
2021-02-27,15Y,15,0.007989707841490213
2021-02-27,20Y,20,0.008771209369153203
2021-02-27,25Y,25,0.008941283957129929
2021-02-27,30Y,30,0.008926414656837222
2021-02-28,1Y,1,-0.0005300934317885548
2021-02-28,2Y,2,-0.0002500896629603436
2021-02-28,3Y,3,0.00018993743283640874
2021-02-28,4Y,4,0.0007853040573429481
2021-02-28,5Y,5,0.0013914641099319587
2021-02-28,7Y,7,0.002682099476476499
2021-02-28,10Y,10,0.004958025714393518
2021-02-28,15Y,15,0.00791804617824073
2021-02-28,20Y,20,0.008727352313522726
2021-02-28,25Y,25,0.008888096908480534
2021-02-28,30Y,30,0.008818927758115425
2021-03-01,1Y,1,-0.0005200887427971542
2021-03-01,2Y,2,-0.0005000683393125939
2021-03-01,3Y,3,0.00019990964645568403
2021-03-01,4Y,4,0.0009752472662714097
2021-03-01,5Y,5,0.0012813934136262455
2021-03-01,7Y,7,0.0026479217411341633
2021-03-01,10Y,10,0.004714544255285394
2021-03-01,15Y,15,0.007590955815273521
2021-03-01,20Y,20,0.008320161990623756
2021-03-01,25Y,25,0.008404904391770824
2021-03-01,30Y,30,0.008311578745995507
2021-03-02,1Y,1,-0.0005800986204797505
2021-03-02,2Y,2,-0.0006150753431812905
2021-03-02,3Y,3,-0.000020196243761703633
2021-03-02,4Y,4,0.0007699893520163952
2021-03-02,5Y,5,0.001140952807460518
2021-03-02,7Y,7,0.0023141300812625954
2021-03-02,10Y,10,0.004467222950457074
2021-03-02,15Y,15,0.007197115164764614
2021-03-02,20Y,20,0.007905802653827149
2021-03-02,25Y,25,0.00798199823641043
2021-03-02,30Y,30,0.007866428421197369
2021-03-03,1Y,1,-0.0005200806151588722
2021-03-03,2Y,2,-0.00021008447810813986
2021-03-03,3Y,3,0.00021995154526676395
2021-03-03,4Y,4,0.0006852550508301248
2021-03-03,5Y,5,0.0012612229440443611
2021-03-03,7Y,7,0.0025472094592631483
2021-03-03,10Y,10,0.004568740244326954
2021-03-03,15Y,15,0.007137100674913744
2021-03-03,20Y,20,0.0077584243080668445
2021-03-03,25Y,25,0.007827063240552259
2021-03-03,30Y,30,0.007753010858614906
2021-03-04,1Y,1,-0.0005600941691531762
2021-03-04,2Y,2,-0.0005150845684782862
2021-03-04,3Y,3,0.00017988373239865402
2021-03-04,4Y,4,0.0009402225276062479
2021-03-04,5Y,5,0.001251302128309794
2021-03-04,7Y,7,0.0025373029791371828
2021-03-04,10Y,10,0.004707504927188731
2021-03-04,15Y,15,0.007486418419089745
2021-03-04,20Y,20,0.008299905890230705
2021-03-04,25Y,25,0.008353747671120387
2021-03-04,30Y,30,0.008314463063574251
2021-03-05,1Y,1,-0.0006001068981374808
2021-03-05,2Y,2,-0.00031511542445624606
2021-03-05,3Y,3,0.00007988198788118806
2021-03-05,4Y,4,0.0005350864583411451
2021-03-05,5Y,5,0.0010908601362534225
2021-03-05,7Y,7,0.0023882892535999154
2021-03-05,10Y,10,0.004608672638148853
2021-03-05,15Y,15,0.007169465873653541
2021-03-05,20Y,20,0.007830802650775553
2021-03-05,25Y,25,0.007874318581965623
2021-03-05,30Y,30,0.007843779288840707
2021-03-07,1Y,1,-0.0006301150007673959
2021-03-07,2Y,2,-0.00044012430885674624
2021-03-07,3Y,3,-0.00013017296775527664
2021-03-07,4Y,4,0.00034489397723487996
2021-03-07,5Y,5,0.0009705173905195762
2021-03-07,7Y,7,0.0023197715039631286
2021-03-07,10Y,10,0.004511141265556997
2021-03-07,15Y,15,0.00708894956198097
2021-03-07,20Y,20,0.007810764380009394
2021-03-07,25Y,25,0.00783425846227369
2021-03-07,30Y,30,0.007782371701117427
2021-03-08,1Y,1,-0.000360054909514645
2021-03-08,2Y,2,-0.0003950221140368775
2021-03-08,3Y,3,0.00023999411032800999
2021-03-08,4Y,4,0.0010503527686091816
2021-03-08,5Y,5,0.0013515456852892366
2021-03-08,7Y,7,0.0027303560338438155
2021-03-08,10Y,10,0.005100202326464737
2021-03-08,15Y,15,0.007631771183905793
2021-03-08,20Y,20,0.008306059623452317
2021-03-08,25Y,25,0.008291474453493082
2021-03-08,30Y,30,0.008260579332314739
2021-03-09,1Y,1,-0.0004300690814715101
2021-03-09,2Y,2,-0.0001650575745334237
2021-03-09,3Y,3,0.00014996343416968125
2021-03-09,4Y,4,0.0006902573764362819
2021-03-09,5Y,5,0.0013012430256991586
2021-03-09,7Y,7,0.0026396320911138485
2021-03-09,10Y,10,0.004930790950659104
2021-03-09,15Y,15,0.007473492740662178
2021-03-09,20Y,20,0.008106155293375755
2021-03-09,25Y,25,0.008089786132737503
2021-03-09,30Y,30,0.007993653014748714
2021-03-10,1Y,1,-0.0004900845418728124
2021-03-10,2Y,2,-0.0005000544696106533
2021-03-10,3Y,3,0.000029868460239459668
2021-03-10,4Y,4,0.0008501272025742615
2021-03-10,5Y,5,0.0012712138511252746
2021-03-10,7Y,7,0.002698027738551229
2021-03-10,10Y,10,0.004984983000188671
2021-03-10,15Y,15,0.007650451251922862
2021-03-10,20Y,20,0.008270007856580395
2021-03-10,25Y,25,0.008143917168063898
2021-03-10,30Y,30,0.008047004203711289
2021-03-11,1Y,1,-0.0005400965452375433
2021-03-11,2Y,2,-0.0002750934710557797
2021-03-11,3Y,3,-1.0391004702070116e-7
2021-03-11,4Y,4,0.0004400393890872904
2021-03-11,5Y,5,0.0010206977228111116
2021-03-11,7Y,7,0.0024262669985721263
2021-03-11,10Y,10,0.004744198704579772
2021-03-11,15Y,15,0.0072475939065127035
2021-03-11,20Y,20,0.00783679189208025
2021-03-11,25Y,25,0.0077422645182380866
2021-03-11,30Y,30,0.00762350780721823
2021-03-12,1Y,1,-0.0005901054852320464
2021-03-12,2Y,2,-0.0003001115226474393
2021-03-12,3Y,3,0.00010989297926019859
2021-03-12,4Y,4,0.0007452536700741026
2021-03-12,5Y,5,0.0014414609608135523
2021-03-12,7Y,7,0.002800743269590655
2021-03-12,10Y,10,0.0050835220567909695
2021-03-12,15Y,15,0.007648762083725318
2021-03-12,20Y,20,0.008314446105581543
2021-03-12,25Y,25,0.008227443221795812
2021-03-12,30Y,30,0.00810933255004725
2021-03-14,1Y,1,-0.000630120909164909
2021-03-14,2Y,2,-0.0004701216519937757
2021-03-14,3Y,3,-0.00015018546955900892
2021-03-14,4Y,4,0.000489929730159389
2021-03-14,5Y,5,0.0012008253918409236
2021-03-14,7Y,7,0.0026395610823173356
2021-03-14,10Y,10,0.00492772936453641
2021-03-14,15Y,15,0.007426799031217173
2021-03-14,20Y,20,0.008130226468006558
2021-03-14,25Y,25,0.008159566492825556
2021-03-14,30Y,30,0.008064709726760905
2021-03-15,1Y,1,-0.0006101082985547678
2021-03-15,2Y,2,-0.0007650505064364945
2021-03-15,3Y,3,-0.00025027139830257293
2021-03-15,4Y,4,0.0006597509081663385
2021-03-15,5Y,5,0.0011307206653247551
2021-03-15,7Y,7,0.002537041501182958
2021-03-15,10Y,10,0.00488361343891102
2021-03-15,15Y,15,0.0076264123951490445
2021-03-15,20Y,20,0.008329711338697214
2021-03-15,25Y,25,0.008366358196663686
2021-03-15,30Y,30,0.008326590425622999
2021-03-16,1Y,1,-0.0006401164262249243
2021-03-16,2Y,2,-0.0005151219793140775
2021-03-16,3Y,3,-0.00024019219324088615
2021-03-16,4Y,4,0.0003448289252997931
2021-03-16,5Y,5,0.0010605175190805264
2021-03-16,7Y,7,0.0025267486785723625
2021-03-16,10Y,10,0.004873483968897524
2021-03-16,15Y,15,0.007653853593642674
2021-03-16,20Y,20,0.008323530619029787
2021-03-16,25Y,25,0.008366484875918167
2021-03-16,30Y,30,0.00832669404254201
2021-03-17,1Y,1,-0.0006301130313379528
2021-03-17,2Y,2,-0.00043012495832908887
2021-03-17,3Y,3,-0.00013016870909354306
2021-03-17,4Y,4,0.0004049268877503685
2021-03-17,5Y,5,0.0010606200358518223
2021-03-17,7Y,7,0.0024584626933155437
2021-03-17,10Y,10,0.0048394276945527516
2021-03-17,15Y,15,0.00771989856726239
2021-03-17,20Y,20,0.00844689680591067
2021-03-17,25Y,25,0.008561420852796915
2021-03-17,30Y,30,0.008577462395763824
2021-03-18,1Y,1,-0.0006401164262249243
2021-03-18,2Y,2,-0.0006950882089481485
2021-03-18,3Y,3,-0.000040245356245324966
2021-03-18,4Y,4,0.0007999372913487601
2021-03-18,5Y,5,0.0012210787072057501
2021-03-18,7Y,7,0.0026197376132048957
2021-03-18,10Y,10,0.004985487222367411
2021-03-18,15Y,15,0.00790228456093819
2021-03-18,20Y,20,0.00867551472235482
2021-03-18,25Y,25,0.008827584885852795
2021-03-18,30Y,30,0.00881242186036108
2021-03-19,1Y,1,-0.0005801022467017326
2021-03-19,2Y,2,-0.00036510722026302856
2021-03-19,3Y,3,-0.0002001317780239277
2021-03-19,4Y,4,0.00032992311776844043
2021-03-19,5Y,5,0.0011706832704075705
2021-03-19,7Y,7,0.0025168171701320137
2021-03-19,10Y,10,0.00497830788394523
2021-03-19,15Y,15,0.007923082643592368
2021-03-19,20Y,20,0.008731916170030316
2021-03-19,25Y,25,0.008916290941522345
2021-03-19,30Y,30,0.0089455734430692
2021-03-21,1Y,1,-0.0006401184269240577
2021-03-21,2Y,2,-0.0005851115912616943
2021-03-21,3Y,3,-0.0003402051683925612
2021-03-21,4Y,4,0.00029474478064712203
2021-03-21,5Y,5,0.0010103581189346196
2021-03-21,7Y,7,0.002351884531965267
2021-03-21,10Y,10,0.004775207263571694
2021-03-21,15Y,15,0.007803952874002465
2021-03-21,20Y,20,0.008639655597463096
2021-03-21,25Y,25,0.008781012136505279
2021-03-21,30Y,30,0.008809979581696142
2021-03-22,1Y,1,-0.0005200854916967829
2021-03-22,2Y,2,-0.0004350780467211022
2021-03-22,3Y,3,-0.00020013820933084485
2021-03-22,4Y,4,0.0002998741265012865
2021-03-22,5Y,5,0.0008703699430069995
2021-03-22,7Y,7,0.002207084814950367
2021-03-22,10Y,10,0.004578489165929876
2021-03-22,15Y,15,0.007498213377128616
2021-03-22,20Y,20,0.008286283194849874
2021-03-22,25Y,25,0.008480052130318685
2021-03-22,30Y,30,0.008486548061867749
2021-03-23,1Y,1,-0.0005400897928929319
2021-03-23,2Y,2,-0.0004150882695438445
2021-03-23,3Y,3,-0.00028012589166043005
2021-03-23,4Y,4,0.0001598394073503911
2021-03-23,5Y,5,0.0007601616595359209
2021-03-23,7Y,7,0.0020161230748945713
2021-03-23,10Y,10,0.004331034875546456
2021-03-23,15Y,15,0.007081274182904045
2021-03-23,20Y,20,0.007845572738520037
2021-03-23,25Y,25,0.00816272062792424
2021-03-23,30Y,30,0.00819100465931015
2021-03-24,1Y,1,-0.0005200871172394685
2021-03-24,2Y,2,-0.0003700838344179953
2021-03-24,3Y,3,-0.00026011243242921186
2021-03-24,4Y,4,0.00011485748349255849
2021-03-24,5Y,5,0.0007201476235891018
2021-03-24,7Y,7,0.001963913821306421
2021-03-24,10Y,10,0.004293769816621267
2021-03-24,15Y,15,0.006929522811216144
2021-03-24,20Y,20,0.007869787333799923
2021-03-24,25Y,25,0.008141660470625218
2021-03-24,30Y,30,0.008094922258934304
2021-03-25,1Y,1,-0.0005100841663863528
2021-03-25,2Y,2,-0.00033008238026010405
2021-03-25,3Y,3,-0.00021010471286779867
2021-03-25,4Y,4,0.00011988482235641984
2021-03-25,5Y,5,0.0006901638950381396
2021-03-25,7Y,7,0.0020341009769462887
2021-03-25,10Y,10,0.004270183903111321
2021-03-25,15Y,15,0.006858186489167633
2021-03-25,20Y,20,0.0076711597822492605
2021-03-25,25Y,25,0.007980848040172968
2021-03-25,30Y,30,0.008019123631308033
2021-03-26,1Y,1,-0.0004900768830247143
2021-03-26,2Y,2,-0.0002700770841333247
2021-03-26,3Y,3,-0.00019008410633080818
2021-03-26,4Y,4,0.00011991410325124636
2021-03-26,5Y,5,0.0007402105067921662
2021-03-26,7Y,7,0.0019438556527671745
2021-03-26,10Y,10,0.004155303520545992
2021-03-26,15Y,15,0.006897127968273673
2021-03-26,20Y,20,0.00775785444994845
2021-03-26,25Y,25,0.008046143614029886
2021-03-26,30Y,30,0.008095699374451986
2021-03-28,1Y,1,-0.0005400830407983283
2021-03-28,2Y,2,-0.00043508678203806706
2021-03-28,3Y,3,-0.00028012608739835733
2021-03-28,4Y,4,0.00013483192075455688
2021-03-28,5Y,5,0.0007001058641318297
2021-03-28,7Y,7,0.0019478097452391482
2021-03-28,10Y,10,0.00416531015060979
2021-03-28,15Y,15,0.0068969805508614255
2021-03-28,20Y,20,0.007719933381929481
2021-03-28,25Y,25,0.008015140930301944
2021-03-28,30Y,30,0.008064593392671798
2021-03-29,1Y,1,-0.0005100809778505197
2021-03-29,2Y,2,-0.00031008315955598453
2021-03-29,3Y,3,-0.00011010466320235987
2021-03-29,4Y,4,0.00021492921466108263
2021-03-29,5Y,5,0.0006802345267419127
2021-03-29,7Y,7,0.0019960040930822255
2021-03-29,10Y,10,0.004138428529592764
2021-03-29,15Y,15,0.0068849049418059265
2021-03-29,20Y,20,0.0076978508844771495
2021-03-29,25Y,25,0.007905332499771659
2021-03-29,30Y,30,0.007878201686449347
2021-03-30,1Y,1,-0.00047007433247885273
2021-03-30,2Y,2,-0.00024007078245543058
2021-03-30,3Y,3,-0.00011008100963295366
2021-03-30,4Y,4,0.00026497305653424224
2021-03-30,5Y,5,0.0008804232494843956
2021-03-30,7Y,7,0.0021046628160769324
2021-03-30,10Y,10,0.004273742530827931
2021-03-30,15Y,15,0.0070486260715793515
2021-03-30,20Y,20,0.007840534281119254
2021-03-30,25Y,25,0.00809551195768078
2021-03-30,30Y,30,0.00807983303363368
2021-03-31,1Y,1,-0.0004500717319624542
2021-03-31,2Y,2,-0.00018006351893232062
2021-03-31,3Y,3,0.00002993791174855416
2021-03-31,4Y,4,0.0004550937457599652
2021-03-31,5Y,5,0.0011408788087492949
2021-03-31,7Y,7,0.0024384537777329307
2021-03-31,10Y,10,0.004788172960579761
2021-03-31,15Y,15,0.007464792387081731
2021-03-31,20Y,20,0.00836348799112235
2021-03-31,25Y,25,0.008625985906717435
2021-03-31,30Y,30,0.008665863211771523
2021-04-01,1Y,1,-0.0004300677372636554
2021-04-01,2Y,2,-0.00048503283592141356
2021-04-01,3Y,3,9.88691333606614e-6
2021-04-01,4Y,4,0.0008050946408772221
2021-04-01,5Y,5,0.0012010813543885425
2021-04-01,7Y,7,0.002478889675074857
2021-04-01,10Y,10,0.004754503718756864
2021-04-01,15Y,15,0.007576364309841669
2021-04-01,20Y,20,0.008539273285702868
2021-04-01,25Y,25,0.008864428195648364
2021-04-01,30Y,30,0.008938940330307916
2021-04-02,1Y,1,-0.0004500731386910923
2021-04-02,2Y,2,-0.00026506428276395843
2021-04-02,3Y,3,-0.000010081604515813547
2021-04-02,4Y,4,0.0006701828341068637
2021-04-02,5Y,5,0.0011508612811224814
2021-04-02,7Y,7,0.002516774526378415
2021-04-02,10Y,10,0.00471721328566397
2021-04-02,15Y,15,0.007768697649119896
2021-04-02,20Y,20,0.008859674473618202
2021-04-02,25Y,25,0.009134865652029533
2021-04-02,30Y,30,0.009135234543725146
2021-04-03,1Y,1,-0.0005000875177391795
2021-04-03,2Y,2,-0.0003000794874291814
2021-04-03,3Y,3,-0.00004010331802713142
2021-04-03,4Y,4,0.0004800377104180161
2021-04-03,5Y,5,0.0011108065237914247
2021-04-03,7Y,7,0.0024364587149933383
2021-04-03,10Y,10,0.004676786725777437
2021-04-03,15Y,15,0.007745603221165562
2021-04-03,20Y,20,0.008683296135916608
2021-04-03,25Y,25,0.008963479174273242
2021-04-03,30Y,30,0.00904917603437086
2021-04-04,1Y,1,-0.0005000875177391795
2021-04-04,2Y,2,-0.0003000794874291814
2021-04-04,3Y,3,-0.00004010331802713142
2021-04-04,4Y,4,0.0004800377104180161
2021-04-04,5Y,5,0.0011108065237914247
2021-04-04,7Y,7,0.0024364587149933383
2021-04-04,10Y,10,0.004676786725777437
2021-04-04,15Y,15,0.007745603221165562
2021-04-04,20Y,20,0.008683296135916608
2021-04-04,25Y,25,0.008996489296571045
2021-04-04,30Y,30,0.00911519627896647
2021-04-05,1Y,1,-0.0004500731386910923
2021-04-05,2Y,2,-0.00026506428276395843
2021-04-05,3Y,3,-0.000010081604515813547
2021-04-05,4Y,4,0.0005200795073198736
2021-04-05,5Y,5,0.001090799845599429
2021-04-05,7Y,7,0.002428368490940078
2021-04-05,10Y,10,0.0047474245923375185
2021-04-05,15Y,15,0.007808778357772851
2021-04-05,20Y,20,0.008659407790601807
2021-04-05,25Y,25,0.008909717437289995
2021-04-05,30Y,30,0.0091135690900505
2021-04-06,1Y,1,-0.0004400635357816435
2021-04-06,2Y,2,-0.000565021122786342
2021-04-06,3Y,3,-0.00008014385192154559
2021-04-06,4Y,4,0.0006649434169705474
2021-04-06,5Y,5,0.0009706720960619734
2021-04-06,7Y,7,0.0023077558440207924
2021-04-06,10Y,10,0.004693132602156412
2021-04-06,15Y,15,0.007556767253635791
2021-04-06,20Y,20,0.008561014842939307
2021-04-06,25Y,25,0.008836219465444767
2021-04-06,30Y,30,0.008943200469192964
2021-04-07,1Y,1,-0.00047007286325681595
2021-04-07,2Y,2,-0.000590027533001005
2021-04-07,3Y,3,-0.00011016396228879729
2021-04-07,4Y,4,0.0006098913400078978
2021-04-07,5Y,5,0.0008805388972902217
2021-04-07,7Y,7,0.002157025610178275
2021-04-07,10Y,10,0.004473530259404426
2021-04-07,15Y,15,0.0073574153189641545
2021-04-07,20Y,20,0.00838380208950473
2021-04-07,25Y,25,0.008654678524522483
2021-04-07,30Y,30,0.008674696256391525
2021-04-08,1Y,1,-0.00046007016254272573
2021-04-08,2Y,2,-0.0003100663696588739
2021-04-08,3Y,3,-0.00014009358686621436
2021-04-08,4Y,4,0.0002499351968654355
2021-04-08,5Y,5,0.0008103468999058962
2021-04-08,7Y,7,0.0021949187157899487
2021-04-08,10Y,10,0.004463304800869065
2021-04-08,15Y,15,0.007423986364645439
2021-04-08,20Y,20,0.00844081814551465
2021-04-08,25Y,25,0.008709274885705413
2021-04-08,30Y,30,0.00876200017645894
2021-04-09,1Y,1,-0.0004900814782909833
2021-04-09,2Y,2,-0.0001950752903812166
2021-04-09,3Y,3,-0.000010075635731623066
2021-04-09,4Y,4,0.00033502754149330007
2021-04-09,5Y,5,0.0009505816424949007
2021-04-09,7Y,7,0.0022554087633578305
2021-04-09,10Y,10,0.004638855443643162
2021-04-09,15Y,15,0.007570297692402387
2021-04-09,20Y,20,0.008594687756990061
2021-04-09,25Y,25,0.008825160010273071
2021-04-09,30Y,30,0.00887780434865254
2021-04-11,1Y,1,-0.00045007595218740003
2021-04-11,2Y,2,-0.0003750565479820472
2021-04-11,3Y,3,-0.00023010920923899624
2021-04-11,4Y,4,0.0003149017259002986
2021-04-11,5Y,5,0.0008903823104224289
2021-04-11,7Y,7,0.0021950281130655226
2021-04-11,10Y,10,0.004557634902000228
2021-04-11,15Y,15,0.007505745725971603
2021-04-11,20Y,20,0.008564251805109908
2021-04-11,25Y,25,0.008805132481566467
2021-04-11,30Y,30,0.008760936359370492
2021-04-12,1Y,1,-0.0004400676620529154
2021-04-12,2Y,2,-0.0001900612679903189
2021-04-12,3Y,3,0.000059941876510249677
2021-04-12,4Y,4,0.00045508905737193716
2021-04-12,5Y,5,0.0010107262981691823
2021-04-12,7Y,7,0.002376009462698983
2021-04-12,10Y,10,0.004676381177643408
2021-04-12,15Y,15,0.007612316906943586
2021-04-12,20Y,20,0.008638609084018306
2021-04-12,25Y,25,0.00888764004131746
2021-04-12,30Y,30,0.00894048623419052
2021-04-13,1Y,1,-0.0004400676620529154
2021-04-13,2Y,2,-0.000250061828171766
2021-04-13,3Y,3,-0.00014007665848841125
2021-04-13,4Y,4,0.0002899740422859861
2021-04-13,5Y,5,0.0009104393608992344
2021-04-13,7Y,7,0.002174939305168041
2021-04-13,10Y,10,0.00455057994576544
2021-04-13,15Y,15,0.007465769221949248
2021-04-13,20Y,20,0.008483093173603611
2021-04-13,25Y,25,0.008729393213802675
2021-04-13,30Y,30,0.008727935560334271
2021-04-14,1Y,1,-0.00045006891854440067
2021-04-14,2Y,2,-0.0005350316422176335
2021-04-14,3Y,3,0.00006988707643477976
2021-04-14,4Y,4,0.0007250073274409724
2021-04-14,5Y,5,0.0008606564649310503
2021-04-14,7Y,7,0.002177175920662679
2021-04-14,10Y,10,0.004432680501551442
2021-04-14,15Y,15,0.007179899846425448
2021-04-14,20Y,20,0.008223095383569018
2021-04-14,25Y,25,0.008525529374006009
2021-04-14,30Y,30,0.008588377341959674
2021-04-15,1Y,1,-0.00044006903750215467
2021-04-15,2Y,2,-0.0003050597504146116
2021-04-15,3Y,3,-0.00016008990937322004
2021-04-15,4Y,4,0.0002499323273760703
2021-04-15,5Y,5,0.0007803112237170771
2021-04-15,7Y,7,0.0020764180167520017
2021-04-15,10Y,10,0.004303941225130035
2021-04-15,15Y,15,0.007130858349219572
2021-04-15,20Y,20,0.008169054488085116
2021-04-15,25Y,25,0.008463890155360296
2021-04-15,30Y,30,0.008505289679719327
2021-04-16,1Y,1,-0.0004300690814715101
2021-04-16,2Y,2,-0.0002850572778638611
2021-04-16,3Y,3,-0.00007008551576712427
2021-04-16,4Y,4,0.0003599840732200234
2021-04-16,5Y,5,0.0008304433606946237
2021-04-16,7Y,7,0.0020745308078857416
2021-04-16,10Y,10,0.0042736266582596456
2021-04-16,15Y,15,0.007090785791483779
2021-04-16,20Y,20,0.008154649909437109
2021-04-16,25Y,25,0.008364914669468067
2021-04-16,30Y,30,0.00830811405491321
2021-04-17,1Y,1,-0.0004800846171374193
2021-04-17,2Y,2,-0.0004500580282027761
2021-04-17,3Y,3,-0.00038011680875767417
2021-04-17,4Y,4,0.00012979752538063143
2021-04-17,5Y,5,0.0009803281770295019
2021-04-17,7Y,7,0.0015831181699936393
2021-04-17,10Y,10,0.0038914447486183084
2021-04-17,15Y,15,0.006957740426644263
2021-04-17,20Y,20,0.007958666570610898
2021-04-17,25Y,25,0.00815741413986658
2021-04-17,30Y,30,0.00813304763808172
2021-04-18,1Y,1,-0.00047008167879239145
2021-04-18,2Y,2,-0.0003200680930469495
2021-04-18,3Y,3,-0.00019010207123764994
2021-04-18,4Y,4,0.00024491435816466643
2021-04-18,5Y,5,0.0007802883032888644
2021-04-18,7Y,7,0.002008185788951011
2021-04-18,10Y,10,0.0041858758236247
2021-04-18,15Y,15,0.007065261382721088
2021-04-18,20Y,20,0.008143106837726392
2021-04-18,25Y,25,0.008313349804678833
2021-04-18,30Y,30,0.008256340454294917
2021-04-19,1Y,1,-0.0004500731386910923
2021-04-19,2Y,2,-0.00023506462850397342
2021-04-19,3Y,3,-0.00009007871943259125
2021-04-19,4Y,4,0.0002649738652096956
2021-04-19,5Y,5,0.0008103823441871262
2021-04-19,7Y,7,0.0019861730338255196
2021-04-19,10Y,10,0.004172317266279936
2021-04-19,15Y,15,0.007073418327164656
2021-04-19,20Y,20,0.00813410559523111
2021-04-19,25Y,25,0.008355272352901818
2021-04-19,30Y,30,0.008277249944308328
2021-04-20,1Y,1,-0.0004500731386910923
2021-04-20,2Y,2,-0.0005650231012709716
2021-04-20,3Y,3,-0.00019015983678949975
2021-04-20,4Y,4,0.0004948447360359689
2021-04-20,5Y,5,0.0007903742081152799
2021-04-20,7Y,7,0.0020062822008334188
2021-04-20,10Y,10,0.00420266995985637
2021-04-20,15Y,15,0.006943418069393418
2021-04-20,20Y,20,0.008073375999393558
2021-04-20,25Y,25,0.008237985963745224
2021-04-20,30Y,30,0.008148490933327418
2021-04-21,1Y,1,-0.0004900830100748452
2021-04-21,2Y,2,-0.00022007628450388165
2021-04-21,3Y,3,-0.000030082309159177494
2021-04-21,4Y,4,0.0002649862528535256
2021-04-21,5Y,5,0.0007303381627244
2021-04-21,7Y,7,0.0019459342905570438
2021-04-21,10Y,10,0.004175272120057393
2021-04-21,15Y,15,0.006920514699437199
2021-04-21,20Y,20,0.007975941256608169
2021-04-21,25Y,25,0.008184990285064095
2021-04-21,30Y,30,0.008170760655544295
2021-04-22,1Y,1,-0.0005000843916215862
2021-04-22,2Y,2,-0.00029507984958203207
2021-04-22,3Y,3,-0.00004010093897944774
2021-04-22,4Y,4,0.00028996126076288306
2021-04-22,5Y,5,0.0006903098959445774
2021-04-22,7Y,7,0.0018054757423389125
2021-04-22,10Y,10,0.003966041076578566
2021-04-22,15Y,15,0.006885405475708161
2021-04-22,20Y,20,0.007890727563820712
2021-04-22,25Y,25,0.008047285361629838
2021-04-22,30Y,30,0.008021474980637815
2021-04-23,1Y,1,-0.0004700787402261927
2021-04-23,2Y,2,-0.00028507001457046165
2021-04-23,3Y,3,-0.00013009400764056036
2021-04-23,4Y,4,0.0002249354159056683
2021-04-23,5Y,5,0.0006602198715585736
2021-04-23,7Y,7,0.0017953089614852606
2021-04-23,10Y,10,0.003969035063422546
2021-04-23,15Y,15,0.00684542762183464
2021-04-23,20Y,20,0.007825342174357475
2021-04-23,25Y,25,0.00800515532983764
2021-04-23,30Y,30,0.007979414707119603
2021-04-25,1Y,1,-0.0004700787402261927
2021-04-25,2Y,2,-0.0005550342998866182
2021-04-25,3Y,3,-0.0005101135626301254
2021-04-25,4Y,4,-5.274530430667804e-6
2021-04-25,5Y,5,0.0004398010388549118
2021-04-25,7Y,7,0.0015942619977507599
2021-04-25,10Y,10,0.0034965036797636193
2021-04-25,15Y,15,0.006609275266663026
2021-04-25,20Y,20,0.00754742321069782
2021-04-25,25Y,25,0.007787826922371424
2021-04-25,30Y,30,0.007752380199631523
2021-04-26,1Y,1,-0.00045007595218740003
2021-04-26,2Y,2,-0.0003300606900233229
2021-04-26,3Y,3,-0.00007010047426962192
2021-04-26,4Y,4,0.00036996259099786387
2021-04-26,5Y,5,0.0007303535166495156
2021-04-26,7Y,7,0.0019459626054480984
2021-04-26,10Y,10,0.004087698573260851
2021-04-26,15Y,15,0.006961138617793081
2021-04-26,20Y,20,0.008016340270913929
2021-04-26,25Y,25,0.008217401473541849
2021-04-26,30Y,30,0.008181882159195249
2021-04-27,1Y,1,-0.0004700787402261927
2021-04-27,2Y,2,-0.0003300679200030181
2021-04-27,3Y,3,-0.00003010125226148594
2021-04-27,4Y,4,0.0004199892724239589
2021-04-27,5Y,5,0.0008004475418080354
2021-04-27,7Y,7,0.0020043059082454373
2021-04-27,10Y,10,0.004094885410182205
2021-04-27,15Y,15,0.005771909051888621
2021-04-27,20Y,20,0.008831240596006219
2021-04-27,25Y,25,0.008980446820472415
2021-04-27,30Y,30,0.008246597356634907
2021-04-28,1Y,1,-0.00045007595218740003
2021-04-28,2Y,2,-0.0005100348635564873
2021-04-28,3Y,3,-0.00007013913404159796
2021-04-28,4Y,4,0.00059994057742704
2021-04-28,5Y,5,0.000850536022616121
2021-04-28,7Y,7,0.002074674424675797
2021-04-28,10Y,10,0.0042467535219845535
2021-04-28,15Y,15,0.007127169092278945
2021-04-28,20Y,20,0.008178897432475433
2021-04-28,25Y,25,0.008409427972489097
2021-04-28,30Y,30,0.008439220105282762
2021-04-29,1Y,1,-0.00045007595218740003
2021-04-29,2Y,2,-0.0005100348635564873
2021-04-29,3Y,3,-0.00015014654784691132
2021-04-29,4Y,4,0.0004998884171480669
2021-04-29,5Y,5,0.0008104206633404254
2021-04-29,7Y,7,0.0020464664770345146
2021-04-29,10Y,10,0.004189347066199754
2021-04-29,15Y,15,0.007112893558485948
2021-04-29,20Y,20,0.00816695336318845
2021-04-29,25Y,25,0.008345575755043704
2021-04-29,30Y,30,0.008342467720546956
2021-04-30,1Y,1,-0.00045007595218740003
2021-04-30,2Y,2,-0.00027006381195808293
2021-04-30,3Y,3,-0.000030085277404596805
2021-04-30,4Y,4,0.00043502661308485207
2021-04-30,5Y,5,0.0009305848663660768
2021-04-30,7Y,7,0.0021068099216278134
2021-04-30,10Y,10,0.00431431175893038
2021-04-30,15Y,15,0.007228616559890162
2021-04-30,20Y,20,0.008268625755585384
2021-04-30,25Y,25,0.00845027321476825
2021-04-30,30Y,30,0.008447212166122651
2021-05-01,1Y,1,-0.0005100921379839518
2021-05-01,2Y,2,-0.0003500805840683303
2021-05-01,3Y,3,-0.0001701202278423515
2021-05-01,4Y,4,0.00026490630420190854
2021-05-01,5Y,5,0.0007702930577680687
2021-05-01,7Y,7,0.001937953625114492
2021-05-01,10Y,10,0.004155333450362113
2021-05-01,15Y,15,0.007053804630986463
2021-05-01,20Y,20,0.008116669560844933
2021-05-01,25Y,25,0.00826060391231436
2021-05-01,30Y,30,0.00822472568617908
2021-05-02,1Y,1,-0.00045007595218740003
2021-05-02,2Y,2,-0.0004950379586417639
2021-05-02,3Y,3,-0.000410118067253941
2021-05-02,4Y,4,0.00018477812236342205
2021-05-02,5Y,5,0.0012506745086636342
2021-05-02,7Y,7,0.0020674003655767517
2021-05-02,10Y,10,0.0038505797424412008
2021-05-02,15Y,15,0.006983810399161298
2021-05-02,20Y,20,0.008000797485067261
2021-05-02,25Y,25,0.008243708549945983
2021-05-02,30Y,30,0.008284673587671917
2021-05-03,1Y,1,-0.00045007595218740003
2021-05-03,2Y,2,-0.00019506385538333994
2021-05-03,3Y,3,-0.000010069230282628227
2021-05-03,4Y,4,0.000385043690006917
2021-05-03,5Y,5,0.0009405885066190798
2021-05-03,7Y,7,0.0021248684344437295
2021-05-03,10Y,10,0.00430760534305665
2021-05-03,15Y,15,0.00726435796337555
2021-05-03,20Y,20,0.008249804283035445
2021-05-03,25Y,25,0.00846044195547868
2021-05-03,30Y,30,0.008457459962235552
2021-05-04,1Y,1,-0.00045007595218740003
2021-05-04,2Y,2,-0.00019506385538333994
2021-05-04,3Y,3,-0.000010069230282628227
2021-05-04,4Y,4,0.000385043690006917
2021-05-04,5Y,5,0.0009405885066190798
2021-05-04,7Y,7,0.0021248684344437295
2021-05-04,10Y,10,0.00430760534305665
2021-05-04,15Y,15,0.00726435796337555
2021-05-04,20Y,20,0.008249804283035445
2021-05-04,25Y,25,0.00846044195547868
2021-05-04,30Y,30,0.008457459962235552
2021-05-05,1Y,1,-0.00045007595218740003
2021-05-05,2Y,2,-0.00019506385538333994
2021-05-05,3Y,3,-0.000010069230282628227
2021-05-05,4Y,4,0.000385043690006917
2021-05-05,5Y,5,0.0009405885066190798
2021-05-05,7Y,7,0.0021248684344437295
2021-05-05,10Y,10,0.00430760534305665
2021-05-05,15Y,15,0.00726435796337555
2021-05-05,20Y,20,0.008249804283035445
2021-05-05,25Y,25,0.00846044195547868
2021-05-05,30Y,30,0.008457459962235552
2021-05-06,1Y,1,-0.00046007447644942086
2021-05-06,2Y,2,-0.00022006748681224314
2021-05-06,3Y,3,-0.0001400742866606689
2021-05-06,4Y,4,0.00019995610386259338
2021-05-06,5Y,5,0.0008103260405507774
2021-05-06,7Y,7,0.001994143209042141
2021-05-06,10Y,10,0.004212566259033476
2021-05-06,15Y,15,0.007107123894278472
2021-05-06,20Y,20,0.008191617449454455
2021-05-06,25Y,25,0.008345875813108868
2021-05-06,30Y,30,0.008342698033171267
2021-05-07,1Y,1,-0.00046007303846712887
2021-05-07,2Y,2,-0.00024006775569543017
2021-05-07,3Y,3,-0.00006008031882758153
2021-05-07,4Y,4,0.00028998507377386883
2021-05-07,5Y,5,0.0007903807457621877
2021-05-07,7Y,7,0.0019339806738432642
2021-05-07,10Y,10,0.0041518618452998325
2021-05-07,15Y,15,0.007034590372187672
2021-05-07,20Y,20,0.008087126473264643
2021-05-07,25Y,25,0.008302972534028907
2021-05-07,30Y,30,0.008300082996085655
2021-05-09,1Y,1,-0.00046007303846712887
2021-05-09,2Y,2,-0.0003900596152142712
2021-05-09,3Y,3,-0.0002601068981199243
2021-05-09,4Y,4,0.00016486130096559238
2021-05-09,5Y,5,0.0006901551277594776
2021-05-09,7Y,7,0.0018856198782702853
2021-05-09,10Y,10,0.004033629288388792
2021-05-09,15Y,15,0.006997600833429932
2021-05-09,20Y,20,0.0080757993944022
2021-05-09,25Y,25,0.008230800502766698
2021-05-09,30Y,30,0.00822757808737051
2021-05-10,1Y,1,-0.0004500703252468785
2021-05-10,2Y,2,-0.00027506430183356156
2021-05-10,3Y,3,-0.00013008524169097035
2021-05-10,4Y,4,0.00024494866463609593
2021-05-10,5Y,5,0.0007903333453607066
2021-05-10,7Y,7,0.0019941464626535357
2021-05-10,10Y,10,0.004124949883598229
2021-05-10,15Y,15,0.0070136841713588595
2021-05-10,20Y,20,0.008102210434017133
2021-05-10,25Y,25,0.008292699126725209
2021-05-10,30Y,30,0.008289729149099387
2021-05-11,1Y,1,-0.0004500703252468785
2021-05-11,2Y,2,-0.0005150355882931462
2021-05-11,3Y,3,0.00006989007774573658
2021-05-11,4Y,4,0.0007100131687316228
2021-05-11,5Y,5,0.0008306142136794239
2021-05-11,7Y,7,0.0020064589925378666
2021-05-11,10Y,10,0.004121475053640723
2021-05-11,15Y,15,0.007000414111260215
2021-05-11,20Y,20,0.008008233226510127
2021-05-11,25Y,25,0.008193890510191638
2021-05-11,30Y,30,0.008146969373520612
2021-05-12,1Y,1,-0.0004500703252468785
2021-05-12,2Y,2,-0.00017006305908322467
2021-05-12,3Y,3,0.00006994423344670035
2021-05-12,4Y,4,0.000440092317878743
2021-05-12,5Y,5,0.0009206070411833306
2021-05-12,7Y,7,0.002016445624066658
2021-05-12,10Y,10,0.004162022816464089
2021-05-12,15Y,15,0.007022041711697726
2021-05-12,20Y,20,0.008018286808386045
2021-05-12,25Y,25,0.008224849458738635
2021-05-12,30Y,30,0.008178036501480395
2021-05-13,1Y,1,-0.00043006370471418783
2021-05-13,2Y,2,-0.0001550571832135923
2021-05-13,3Y,3,9.945252098836463e-6
2021-05-13,4Y,4,0.00033504520252504845
2021-05-13,5Y,5,0.0009005323808664769
2021-05-13,7Y,7,0.0020766032513367372
2021-05-13,10Y,10,0.0041621089697673015
2021-05-13,15Y,15,0.007098937319808541
2021-05-13,20Y,20,0.008085661268476724
2021-05-13,25Y,25,0.008224232545956734
2021-05-13,30Y,30,0.008144458056777997
2021-05-14,1Y,1,-0.0004400676620529154
2021-05-14,2Y,2,-0.000490036630114786
2021-05-14,3Y,3,-0.00002012192097003814
2021-05-14,4Y,4,0.0006299831309064145
2021-05-14,5Y,5,0.000850559460747941
2021-05-14,7Y,7,0.0019662792503374283
2021-05-14,10Y,10,0.00413849910307387
2021-05-14,15Y,15,0.007012786328863951
2021-05-14,20Y,20,0.00804177840630406
2021-05-14,25Y,25,0.0081720890734217
2021-05-14,30Y,30,0.008092341882594445
2021-05-15,1Y,1,-0.0004900814782909833
2021-05-15,2Y,2,-0.00033007515008195526
2021-05-15,3Y,3,-0.00013010812138257303
2021-05-15,4Y,4,0.00026992835895722094
2021-05-15,5Y,5,0.0007402922294525995
2021-05-15,7Y,7,0.0018837338915943399
2021-05-15,10Y,10,0.004047122828123118
2021-05-15,15Y,15,0.006919886710523719
2021-05-15,20Y,20,0.007948066633674086
2021-05-15,25Y,25,0.008110855479535644
2021-05-15,30Y,30,0.00806382071759323
2021-05-16,1Y,1,-0.0004900814782909833
2021-05-16,2Y,2,-0.00034507427694554317
2021-05-16,3Y,3,-0.00017011032366761507
2021-05-16,4Y,4,0.000234906495726312
2021-05-16,5Y,5,0.0007202425507531449
2021-05-16,7Y,7,0.0018676345743065938
2021-05-16,10Y,10,0.00405386005534176
2021-05-16,15Y,15,0.006864645804023359
2021-05-16,20Y,20,0.007935343397583582
2021-05-16,25Y,25,0.008089960319126866
2021-05-16,30Y,30,0.008042942764774824
2021-05-17,1Y,1,-0.00045006891854440067
2021-05-17,2Y,2,-0.00029506372610714715
2021-05-17,3Y,3,0.000029918561714630735
2021-05-17,4Y,4,0.000460034954588233
2021-05-17,5Y,5,0.0008405230160146431
2021-05-17,7Y,7,0.001984274572101305
2021-05-17,10Y,10,0.004111238393815954
2021-05-17,15Y,15,0.006970426107257875
2021-05-17,20Y,20,0.007966227127179738
2021-05-17,25Y,25,0.008172646869895377
2021-05-17,30Y,30,0.008125827970929375
2021-05-18,1Y,1,-0.0004300677372636554
2021-05-18,2Y,2,-0.00048503283592141356
2021-05-18,3Y,3,9.88691333606614e-6
2021-05-18,4Y,4,0.0006800110837133338
2021-05-18,5Y,5,0.0008706131876866404
2021-05-18,7Y,7,0.0020064543358718477
2021-05-18,10Y,10,0.004121469150763636
2021-05-18,15Y,15,0.007000408215484233
2021-05-18,20Y,20,0.008008228775858106
2021-05-18,25Y,25,0.008161176646897802
2021-05-18,30Y,30,0.00808154564865595
2021-05-19,1Y,1,-0.0004300663930680611
2021-05-19,2Y,2,-0.0001900585774716778
2021-05-19,3Y,3,-0.0000300638888935776
2021-05-19,4Y,4,0.00033002343599727564
2021-05-19,5Y,5,0.0008504597729536904
2021-05-19,7Y,7,0.001966136906123083
2021-05-19,10Y,10,0.00395286873128425
2021-05-19,15Y,15,0.006872666273907076
2021-05-19,20Y,20,0.007861689441045948
2021-05-19,25Y,25,0.008044607216848073
2021-05-19,30Y,30,0.007986478416777687
2021-05-20,1Y,1,-0.00041006381761506496
2021-05-20,2Y,2,-0.0002350531175931714
2021-05-20,3Y,3,-0.000010067725776290463
2021-05-20,4Y,4,0.00040002933609208655
2021-05-20,5Y,5,0.0008404901146398891
2021-05-20,7Y,7,0.001984228180786298
2021-05-20,10Y,10,0.004084146388614095
2021-05-20,15Y,15,0.006892168725572449
2021-05-20,20Y,20,0.007892162186386102
2021-05-20,25Y,25,0.008076809305705639
2021-05-20,30Y,30,0.008072427119837688
2021-05-21,1Y,1,-0.00041006381761506496
2021-05-21,2Y,2,-0.00044503234163388155
2021-05-21,3Y,3,0.000029903708911572472
2021-05-21,4Y,4,0.0006350132025138897
2021-05-21,5Y,5,0.0008305761262305444
2021-05-21,7Y,7,0.0019542398953558446
2021-05-21,10Y,10,0.004111246535708823
2021-05-21,15Y,15,0.007009595691082581
2021-05-21,20Y,20,0.008029296603733721
2021-05-21,25Y,25,0.00819416173422979
2021-05-21,30Y,30,0.008147155091165125
2021-05-23,1Y,1,-0.0004700787402261927
2021-05-23,2Y,2,-0.0003000694878796361
2021-05-23,3Y,3,-0.00015009697537291574
2021-05-23,4Y,4,0.00023993018065627717
2021-05-23,5Y,5,0.0007102493123253545
2021-05-23,7Y,7,0.0018375083989018066
2021-05-23,10Y,10,0.003912116241878726
2021-05-23,15Y,15,0.006879529500395247
2021-05-23,20Y,20,0.007892809083691405
2021-05-23,25Y,25,0.00812369898615746
2021-05-23,30Y,30,0.008142051202282449
2021-05-24,1Y,1,-0.0004300677372636554
2021-05-24,2Y,2,-0.0002450587510262519
2021-05-24,3Y,3,-0.000030074864206177537
2021-05-24,4Y,4,0.00039002128395850845
2021-05-24,5Y,5,0.0008504804252319116
2021-05-24,7Y,7,0.0019139911419685201
2021-05-24,10Y,10,0.0040573568881827945
2021-05-24,15Y,15,0.006960231098992093
2021-05-24,20Y,20,0.008118324617134347
2021-05-24,25Y,25,0.008335287560404565
2021-05-24,30Y,30,0.00829007604803759
2021-05-25,1Y,1,-0.0004300690814715101
2021-05-25,2Y,2,-0.00018005813781168646
2021-05-25,3Y,3,-0.00009006358679483037
2021-05-25,4Y,4,0.00020497686744378293
2021-05-25,5Y,5,0.0007302959338881444
2021-05-25,7Y,7,0.0018937036643107362
2021-05-25,10Y,10,0.003919020951160338
2021-05-25,15Y,15,0.006986787428461976
2021-05-25,20Y,20,0.008057514127154173
2021-05-25,25Y,25,0.008294485854960428
2021-05-25,30Y,30,0.008303077565441384
2021-05-26,1Y,1,-0.0004300677372636554
2021-05-26,2Y,2,-0.0002300589130981552
2021-05-26,3Y,3,-0.00007007346969187787
2021-05-26,4Y,4,0.00027498132818944344
2021-05-26,5Y,5,0.0007103045097104838
2021-05-26,7Y,7,0.0018455371023468788
2021-05-26,10Y,10,0.003932118190728654
2021-05-26,15Y,15,0.0069194499277973895
2021-05-26,20Y,20,0.007971551455112295
2021-05-26,25Y,25,0.008219988543895386
2021-05-26,30Y,30,0.008249831795629695
2021-05-27,1Y,1,-0.00044007041296411715
2021-05-27,2Y,2,-0.00013505837173125924
2021-05-27,3Y,3,0.0000799526484769992
2021-05-27,4Y,4,0.00038507668954128457
2021-05-27,5Y,5,0.0008104852620616563
2021-05-27,7Y,7,0.0018537424907992533
2021-05-27,10Y,10,0.003982608281844442
2021-05-27,15Y,15,0.0069151967483692765
2021-05-27,20Y,20,0.008046489124060582
2021-05-27,25Y,25,0.008229021950211189
2021-05-27,30Y,30,0.008226166298086387
2021-05-28,1Y,1,-0.0004000637615788353
2021-05-28,2Y,2,-0.00045502586716094875
2021-05-28,3Y,3,-0.0000601118351974893
2021-05-28,4Y,4,0.0005999778055839594
2021-05-28,5Y,5,0.0007904675535153657
2021-05-28,7Y,7,0.00192603083711914
2021-05-28,10Y,10,0.0038954585758647605
2021-05-28,15Y,15,0.006956192616384154
2021-05-28,20Y,20,0.00808720059999278
2021-05-28,25Y,25,0.008294403270309338
2021-05-28,30Y,30,0.00830295566561038
2021-05-29,1Y,1,-0.00045007735895505465
2021-05-29,2Y,2,-0.00023506420764911936
2021-05-29,3Y,3,-0.0000900810833773977
2021-05-29,4Y,4,0.00027997519258730983
2021-05-29,5Y,5,0.0007503308882985708
2021-05-29,7Y,7,0.0018696952423262257
2021-05-29,10Y,10,0.0038818814141465797
2021-05-29,15Y,15,0.006898291370368805
2021-05-29,20Y,20,0.008026294506443507
2021-05-29,25Y,25,0.008219619379244748
2021-05-29,30Y,30,0.008195519177433636
2021-05-30,1Y,1,-0.0004700846174130994
2021-05-30,2Y,2,-0.0002500699885575447
2021-05-30,3Y,3,-0.0001300892115455845
2021-05-30,4Y,4,0.0002349485140368591
2021-05-30,5Y,5,0.0007202722610075351
2021-05-30,7Y,7,0.0018355343981647499
2021-05-30,10Y,10,0.0038515016583520892
2021-05-30,15Y,15,0.006867377271534095
2021-05-30,20Y,20,0.007995073990933644
2021-05-30,25Y,25,0.008188293456928342
2021-05-30,30Y,30,0.008164176708099028
2021-05-31,1Y,1,-0.0004100715079169749
2021-05-31,2Y,2,-0.00019005216674506927
2021-05-31,3Y,3,-0.00007006620761657847
2021-05-31,4Y,4,0.0003350125788355577
2021-05-31,5Y,5,0.0008104109989009763
2021-05-31,7Y,7,0.001974131977836911
2021-05-31,10Y,10,0.003942813090116303
2021-05-31,15Y,15,0.00692268960732584
2021-05-31,20Y,20,0.008057979174050486
2021-05-31,25Y,25,0.008272408000520145
2021-05-31,30Y,30,0.008302261397131748
2021-06-01,1Y,1,-0.00041007022617035594
2021-06-01,2Y,2,-0.00009004762987703497
2021-06-01,3Y,3,0.0000899655480151064
2021-06-01,4Y,4,0.00038008432752401907
2021-06-01,5Y,5,0.0008905967902510172
2021-06-01,7Y,7,0.0020344908686736754
2021-06-01,10Y,10,0.004067728893675775
2021-06-01,15Y,15,0.007057957541761223
2021-06-01,20Y,20,0.0082179178101233
2021-06-01,25Y,25,0.00845289062568264
2021-06-01,30Y,30,0.008494324067850164
2021-06-02,1Y,1,-0.00041007022617035594
2021-06-02,2Y,2,-0.00019505242069941528
2021-06-02,3Y,3,-0.000010062913790924682
2021-06-02,4Y,4,0.0003850359479472018
2021-06-02,5Y,5,0.0008404924014070588
2021-06-02,7Y,7,0.0019842304809042956
2021-06-02,10Y,10,0.004017067195586883
2021-06-02,15Y,15,0.007081661535600342
2021-06-02,20Y,20,0.008227717596634125
2021-06-02,25Y,25,0.008518932536319409
2021-06-02,30Y,30,0.008550658307451645
2021-06-03,1Y,1,-0.0004400759149390951
2021-06-03,2Y,2,-0.00022006115033912626
2021-06-03,3Y,3,0.0001199479477943413
2021-06-03,4Y,4,0.0005150977601375675
2021-06-03,5Y,5,0.0008906523116663238
2021-06-03,7Y,7,0.0020345690085768926
2021-06-03,10Y,10,0.004161959558746609
2021-06-03,15Y,15,0.007196800458085924
2021-06-03,20Y,20,0.008323465460043847
2021-06-03,25Y,25,0.008571220475954955
2021-06-03,30Y,30,0.008624031965350406
2021-06-04,1Y,1,-0.00044007729046482465
2021-06-04,2Y,2,-0.00048503445478320666
2021-06-04,3Y,3,-0.00010013640314884489
2021-06-04,4Y,4,0.0005349200773591791
2021-06-04,5Y,5,0.0007504035892314879
2021-06-04,7Y,7,0.001946048383534111
2021-06-04,10Y,10,0.004060774131842811
2021-06-04,15Y,15,0.007093805056255664
2021-06-04,20Y,20,0.008272804528910249
2021-06-04,25Y,25,0.008498264473435537
2021-06-04,30Y,30,0.008475699554385142
2021-06-05,1Y,1,-0.00048009212013548245
2021-06-05,2Y,2,-0.0002600723999013905
2021-06-05,3Y,3,-0.00012009694260859408
2021-06-05,4Y,4,0.0002649500349130348
2021-06-05,5Y,5,0.0007803475456875108
2021-06-05,7Y,7,0.0018998566991045086
2021-06-05,10Y,10,0.004013387114732553
2021-06-05,15Y,15,0.0071077006011644635
2021-06-05,20Y,20,0.008243800460144602
2021-06-05,25Y,25,0.00844452987630756
2021-06-05,30Y,30,0.008389152266414235
2021-06-06,1Y,1,-0.0005000937701476687
2021-06-06,2Y,2,-0.00029507893374444206
2021-06-06,3Y,3,-0.00016010648077275052
2021-06-06,4Y,4,0.0001949128931224049
2021-06-06,5Y,5,0.0006902254410010633
2021-06-06,7Y,7,0.0018495489943064964
2021-06-06,10Y,10,0.003952416490848691
2021-06-06,15Y,15,0.007045629298659091
2021-06-06,20Y,20,0.00818113543145384
2021-06-06,25Y,25,0.008381693354902294
2021-06-06,30Y,30,0.008326318064836743
2021-06-07,1Y,1,-0.00045007876573574973
2021-06-07,2Y,2,-0.00015506198237393926
2021-06-07,3Y,3,-0.00042999397690749304
2021-06-07,4Y,4,-0.00019511701425311645
2021-06-07,5Y,5,0.0011503594425286187
2021-06-07,7Y,7,0.0019346004005866009
2021-06-07,10Y,10,0.004356844432479318
2021-06-07,15Y,15,0.005906665023901875
2021-06-07,20Y,20,0.008137384625693862
2021-06-07,25Y,25,0.008202981431132204
2021-06-07,30Y,30,0.00823484259919512
2021-06-08,1Y,1,-0.0004600816665601514
2021-06-08,2Y,2,-0.0005100380545547427
2021-06-08,3Y,3,-0.00008014520154580636
2021-06-08,4Y,4,0.0004898886759282453
2021-06-08,5Y,5,0.0006903621119411629
2021-06-08,7Y,7,0.0018537220540296986
2021-06-08,10Y,10,0.003982858968319833
2021-06-08,15Y,15,0.006923094328450519
2021-06-08,20Y,20,0.008024409252417757
2021-06-08,25Y,25,0.00834993634828635
2021-06-08,30Y,30,0.008402833755822074
2021-06-09,1Y,1,-0.0004700860867437353
2021-06-09,2Y,2,-0.00024506983075132016
2021-06-09,3Y,3,-0.000150088144584275
2021-06-09,4Y,4,0.000134923880412127
2021-06-09,5Y,5,0.0006501980406766697
2021-06-09,7Y,7,0.0016729624016097763
2021-06-09,10Y,10,0.003776582668921586
2021-06-09,15Y,15,0.006656868260802209
2021-06-09,20Y,20,0.0077880719217128195
2021-06-09,25Y,25,0.008191547708828541
2021-06-09,30Y,30,0.008223543099889433
2021-06-10,1Y,1,-0.0004900906692064176
2021-06-10,2Y,2,-0.00024007620606480946
2021-06-10,3Y,3,-0.00027007513124353063
2021-06-10,4Y,4,-0.0000651134290596873
2021-06-10,5Y,5,0.0004299498261673131
2021-06-10,7Y,7,0.0014319502803591606
2021-06-10,10Y,10,0.0034056741052555404
2021-06-10,15Y,15,0.006486784038517136
2021-06-10,20Y,20,0.007642620516581771
2021-06-10,25Y,25,0.008035923610088263
2021-06-10,30Y,30,0.008100227189813047
2021-06-11,1Y,1,-0.0005100953267263728
2021-06-11,2Y,2,-0.0005650485626309531
2021-06-11,3Y,3,-0.0002701821506266416
2021-06-11,4Y,4,0.00013976012372340658
2021-06-11,5Y,5,0.00020990810372856488
2021-06-11,7Y,7,0.0011712429359980684
2021-06-11,10Y,10,0.0032905299479228677
2021-06-11,15Y,15,0.006231216672067056
2021-06-11,20Y,20,0.007490590572475423
2021-06-11,25Y,25,0.007986039214671243
2021-06-11,30Y,30,0.008073331869413825
2021-06-13,1Y,1,-0.0005501014281117333
2021-06-13,2Y,2,-0.0004000927467657558
2021-06-13,3Y,3,-0.00037011270381558526
2021-06-13,4Y,4,-0.00020016801094171143
2021-06-13,5Y,5,0.00016978159713111076
2021-06-13,7Y,7,0.0012030940769238853
2021-06-13,10Y,10,0.0032333040663272213
2021-06-13,15Y,15,0.006254369014080944
2021-06-13,20Y,20,0.007535815493890929
2021-06-13,25Y,25,0.007964417269043525
2021-06-13,30Y,30,0.007944409246794607
2021-06-14,1Y,1,-0.0005000922070238371
2021-06-14,2Y,2,-0.00033007770537279063
2021-06-14,3Y,3,-0.0001401154714318828
2021-06-14,4Y,4,0.00004988801896370571
2021-06-14,5Y,5,0.0002499737090638354
2021-06-14,7Y,7,0.0012915436197218763
2021-06-14,10Y,10,0.0032572242197336796
2021-06-14,15Y,15,0.006256566028888961
2021-06-14,20Y,20,0.007535260468290158
2021-06-14,25Y,25,0.007962414250091625
2021-06-14,30Y,30,0.00798473181741208
2021-06-15,1Y,1,-0.0004900891373516527
2021-06-15,2Y,2,-0.00020007533291588038
2021-06-15,3Y,3,-0.00009008128316641273
2021-06-15,4Y,4,0.000014932186942520544
2021-06-15,5Y,5,0.00031001230262816404
2021-06-15,7Y,7,0.0013717703495875503
2021-06-15,10Y,10,0.0033682706760936637
2021-06-15,15Y,15,0.006437132289878165
2021-06-15,20Y,20,0.007727057419224746
2021-06-15,25Y,25,0.008111731647651041
2021-06-15,30Y,30,0.008166390133084001
2021-06-16,1Y,1,-0.0005000922070238371
2021-06-16,2Y,2,-0.00031507843076773436
2021-06-16,3Y,3,-0.000200108143352651
2021-06-16,4Y,4,9.879882728307081e-6
2021-06-16,5Y,5,0.00030995791681616967
2021-06-16,7Y,7,0.0013436687827743867
2021-06-16,10Y,10,0.0033649959396801826
2021-06-16,15Y,15,0.006505392170654886
2021-06-16,20Y,20,0.007860035142569367
2021-06-16,25Y,25,0.00826345741901298
2021-06-16,30Y,30,0.008340974339784497
2021-06-17,1Y,1,-0.0004700860867437353
2021-06-17,2Y,2,-0.0004850467063333766
2021-06-17,3Y,3,-0.00021015058517706797
2021-06-17,4Y,4,0.00022482066880088688
2021-06-17,5Y,5,0.00041004019006232343
2021-06-17,7Y,7,0.0014240580036142556
2021-06-17,10Y,10,0.0035098012292579766
2021-06-17,15Y,15,0.006581432661082022
2021-06-17,20Y,20,0.00789296235166743
2021-06-17,25Y,25,0.008294494298009247
2021-06-17,30Y,30,0.008393145018427214
2021-06-18,1Y,1,-0.0004700831480960191
2021-06-18,2Y,2,-0.0002100698049164575
2021-06-18,3Y,3,-0.00021007077081474713
2021-06-18,4Y,4,-0.00006009025951862529
2021-06-18,5Y,5,0.0004099838343353866
2021-06-18,7Y,7,0.0014239303993967337
2021-06-18,10Y,10,0.003455683498549224
2021-06-18,15Y,15,0.00646117187136259
2021-06-18,20Y,20,0.007770048863904939
2021-06-18,25Y,25,0.008165553143949032
2021-06-18,30Y,30,0.008252758005237646
2021-06-19,1Y,1,-0.0004700831480960191
2021-06-19,2Y,2,-0.0005100427616799257
2021-06-19,3Y,3,-0.0005300959988999546
2021-06-19,4Y,4,-0.00016023350693473765
2021-06-19,5Y,5,0.0007299236516464413
2021-06-19,7Y,7,0.0008230492711535253
2021-06-19,10Y,10,0.0029405369269656645
2021-06-19,15Y,15,0.006232760358010247
2021-06-19,20Y,20,0.007504718019462504
2021-06-19,25Y,25,0.00791253695359077
2021-06-19,30Y,30,0.007924895278373431
2021-06-20,1Y,1,-0.0005200903683699167
2021-06-20,2Y,2,-0.00039008198553648133
2021-06-20,3Y,3,-0.00032011134767485764
2021-06-20,4Y,4,-0.0000801645669580328
2021-06-20,5Y,5,0.00026985531071809844
2021-06-20,7Y,7,0.00134753642705931
2021-06-20,10Y,10,0.003270724519770223
2021-06-20,15Y,15,0.006287323853507271
2021-06-20,20Y,20,0.007633472835142848
2021-06-20,25Y,25,0.008006782377011135
2021-06-20,30Y,30,0.008061318075679441
2021-06-21,1Y,1,-0.0005000906439145206
2021-06-21,2Y,2,-0.00020007835988402104
2021-06-21,3Y,3,-0.00008008267771047247
2021-06-21,4Y,4,0.00001493308132959894
2021-06-21,5Y,5,0.000400056111437758
2021-06-21,7Y,7,0.0014340376985892739
2021-06-21,10Y,10,0.003378268330212645
2021-06-21,15Y,15,0.006378244697913217
2021-06-21,20Y,20,0.007691118580159076
2021-06-21,25Y,25,0.008089956624944739
2021-06-21,30Y,30,0.008144710909286364
2021-06-22,1Y,1,-0.00045007876573574973
2021-06-22,2Y,2,-0.0005150327889934211
2021-06-22,3Y,3,-0.0001701508386076274
2021-06-22,4Y,4,0.0002648200299732726
2021-06-22,5Y,5,0.0003500418836393155
2021-06-22,7Y,7,0.0013718929010156423
2021-06-22,10Y,10,0.0033247407301229192
2021-06-22,15Y,15,0.006309757802471002
2021-06-22,20Y,20,0.007668788045163287
2021-06-22,25Y,25,0.008058568553574626
2021-06-22,30Y,30,0.008113299700225755
2021-06-23,1Y,1,-0.00045007735895505465
2021-06-23,2Y,2,-0.0002650637541232418
2021-06-23,3Y,3,-0.00005008623938988706
2021-06-23,4Y,4,0.00018494300821337716
2021-06-23,5Y,5,0.0004401236417461505
2021-06-23,7Y,7,0.001414071341952432
2021-06-23,10Y,10,0.003321195872981541
2021-06-23,15Y,15,0.006373024427361668
2021-06-23,20Y,20,0.007615768916378463
2021-06-23,25Y,25,0.008057955874650432
2021-06-23,30Y,30,0.008187514803233986
2021-06-24,1Y,1,-0.0004600816665601514
2021-06-24,2Y,2,-0.00019506641353734947
2021-06-24,3Y,3,-0.00006007470696346679
2021-06-24,4Y,4,0.00007494595949906276
2021-06-24,5Y,5,0.0003700648438741007
2021-06-24,7Y,7,0.001403940338275848
2021-06-24,10Y,10,0.0033511990037629435
2021-06-24,15Y,15,0.006280677433700653
2021-06-24,20Y,20,0.007638713932994801
2021-06-24,25Y,25,0.008047258208791899
2021-06-24,30Y,30,0.008102106879302025
2021-06-25,1Y,1,-0.0004700860867437353
2021-06-25,2Y,2,-0.0004850467063333766
2021-06-25,3Y,3,-0.000030136079903899792
2021-06-25,4Y,4,0.00037487610495272696
2021-06-25,5Y,5,0.0003501157052842508
2021-06-25,7Y,7,0.0013038131143624373
2021-06-25,10Y,10,0.00321014813396371
2021-06-25,15Y,15,0.006327382644352772
2021-06-25,20Y,20,0.007718040340608476
2021-06-25,25Y,25,0.008263818325295377
2021-06-25,30Y,30,0.008385849910497841
2021-06-27,1Y,1,-0.0005100985155276667
2021-06-27,2Y,2,-0.0003000820199313652
2021-06-27,3Y,3,-0.00025010298261589066
2021-06-27,4Y,4,-0.0000651277009491981
2021-06-27,5Y,5,0.0002799099705429439
2021-06-27,7Y,7,0.001281463300874224
2021-06-27,10Y,10,0.003156224340472303
2021-06-27,15Y,15,0.006191103320966461
2021-06-27,20Y,20,0.007611339532338701
2021-06-27,25Y,25,0.008136418679001882
2021-06-27,30Y,30,0.008225734195650647
2021-06-28,1Y,1,-0.0005901073296372281
2021-06-28,2Y,2,-0.00013009749286934156
2021-06-28,3Y,3,9.919952667372992e-6
2021-06-28,4Y,4,4.952441462525135e-6
2021-06-28,5Y,5,0.0003700551558607344
2021-06-28,7Y,7,0.0013638327146085123
2021-06-28,10Y,10,0.0033244720770892046
2021-06-28,15Y,15,0.006309469415877022
2021-06-28,20Y,20,0.0077747310936564255
2021-06-28,25Y,25,0.00831703349144883
2021-06-28,30Y,30,0.008418067704142074
2021-06-29,1Y,1,-0.0004900937329581826
2021-06-29,2Y,2,-0.00015507255972018982
2021-06-29,3Y,3,0.000029931987444319964
2021-06-29,4Y,4,0.00023500001136750375
2021-06-29,5Y,5,0.0005202036780685966
2021-06-29,7Y,7,0.0015424815489138923
2021-06-29,10Y,10,0.00343594085717253
2021-06-29,15Y,15,0.006517439743388307
2021-06-29,20Y,20,0.007956219265229112
2021-06-29,25Y,25,0.008529647003760257
2021-06-29,30Y,30,0.008642483782257454
2021-06-30,1Y,1,-0.0005201066249249217
2021-06-30,2Y,2,-0.00016008131091759323
2021-06-30,3Y,3,-0.00012008072864437276
2021-06-30,4Y,4,-0.00006007476871576153
2021-06-30,5Y,5,0.0003399994978008773
2021-06-30,7Y,7,0.0013537583913998555
2021-06-30,10Y,10,0.0033480128788470004
2021-06-30,15Y,15,0.006341527695671137
2021-06-30,20Y,20,0.007857009209404905
2021-06-30,25Y,25,0.008425107009768697
2021-06-30,30Y,30,0.008516606849815101
2021-07-01,1Y,1,-0.0006101121123899268
2021-07-01,2Y,2,-0.00048511108447324436
2021-07-01,3Y,3,-0.000030176961863996577
2021-07-01,4Y,4,0.00021485432176580617
2021-07-01,5Y,5,0.00022000598200849368
2021-07-01,7Y,7,0.0011733562373774163
2021-07-01,10Y,10,0.00313585009484291
2021-07-01,15Y,15,0.006246760896768025
2021-07-01,20Y,20,0.007710544378069824
2021-07-01,25Y,25,0.00827694900644054
2021-07-01,30Y,30,0.00838928223670414
2021-07-02,1Y,1,-0.0004900753512976206
2021-07-02,2Y,2,-0.00015507228541483805
2021-07-02,3Y,3,-0.00011006143036030843
2021-07-02,4Y,4,-0.00015005968732765418
2021-07-02,5Y,5,0.00014993578773968172
2021-07-02,7Y,7,0.001102993665623086
2021-07-02,10Y,10,0.003024273480670261
2021-07-02,15Y,15,0.0061614949110853955
2021-07-02,20Y,20,0.007590112358353244
2021-07-02,25Y,25,0.008137896370820498
2021-07-02,30Y,30,0.008238644763637481
2021-07-05,1Y,1,-0.0003900477819685976
2021-07-05,2Y,2,-0.0004700236290019961
2021-07-05,3Y,3,-0.00009010747550523932
2021-07-05,4Y,4,0.00022987455223826572
2021-07-05,5Y,5,0.00018000181239202312
2021-07-05,7Y,7,0.001153227945715419
2021-07-05,10Y,10,0.0030479909169100735
2021-07-05,15Y,15,0.006231045475936463
2021-07-05,20Y,20,0.00785263842412191
2021-07-05,25Y,25,0.008525304679704653
2021-07-05,30Y,30,0.008684111207634003
2021-07-06,1Y,1,-0.0005000609475840494
2021-07-06,2Y,2,-0.0005050617869930061
2021-07-06,3Y,3,-0.00012014128630755128
2021-07-06,4Y,4,0.00007484987861491182
2021-07-06,5Y,5,-0.000010074871173079854
2021-07-06,7Y,7,0.000982692087168375
2021-07-06,10Y,10,0.0029032988119728305
2021-07-06,15Y,15,0.006087660808618608
2021-07-06,20Y,20,0.007682388232150767
2021-07-06,25Y,25,0.008399127155257131
2021-07-06,30Y,30,0.008611259286095746
2021-07-07,1Y,1,-0.0004900600348058989
2021-07-07,2Y,2,-0.000490060034805844
2021-07-07,3Y,3,-0.00013013525701325484
2021-07-07,4Y,4,0.000059854858805948475
2021-07-07,5Y,5,0.00004992574017371489
2021-07-07,7Y,7,0.000870604884034387
2021-07-07,10Y,10,0.00290615842534165
2021-07-07,15Y,15,0.005992229464363187
2021-07-07,20Y,20,0.0077191068446025995
2021-07-07,25Y,25,0.00850734922403553
2021-07-07,30Y,30,0.008721748657586525
2021-07-08,1Y,1,-0.0005200659863573183
2021-07-08,2Y,2,-0.0005700584420167159
2021-07-08,3Y,3,-0.0001601645818840703
2021-07-08,4Y,4,0.000049814772720258786
2021-07-08,5Y,5,-0.0001000955765916411
2021-07-08,7Y,7,0.0006802276346961302
2021-07-08,10Y,10,0.0024691334076418453
2021-07-08,15Y,15,0.005621321028599037
2021-07-08,20Y,20,0.007173354145457151
2021-07-08,25Y,25,0.00791853321006536
2021-07-08,30Y,30,0.00810693304375638
2021-07-09,1Y,1,-0.0004900600348058989
2021-07-09,2Y,2,-0.000490060034805844
2021-07-09,3Y,3,-0.0001501347113089872
2021-07-09,4Y,4,-0.000015140917021030475
2021-07-09,5Y,5,-0.00005009324144215118
2021-07-09,7Y,7,0.0008905097692645855
2021-07-09,10Y,10,0.002744931711129232
2021-07-09,15Y,15,0.005757762184905562
2021-07-09,20Y,20,0.007322167900198184
2021-07-09,25Y,25,0.008066511635515274
2021-07-09,30Y,30,0.008255295057068013
2021-07-11,1Y,1,-0.0003900502200876458
2021-07-11,2Y,2,-0.00034004232535316073
2021-07-11,3Y,3,-0.0003900414247252612
2021-07-11,4Y,4,-0.000315072112537024
2021-07-11,5Y,5,-0.0000601752391626003
2021-07-11,7Y,7,0.0008642922486396487
2021-07-11,10Y,10,0.00275459260460166
2021-07-11,15Y,15,0.0056823969195856725
2021-07-11,20Y,20,0.0073017954954054595
2021-07-11,25Y,25,0.00807819230617995
2021-07-11,30Y,30,0.008278415062597974
2021-07-12,1Y,1,-0.00042005460849333547
2021-07-12,2Y,2,-0.0002600563052657805
2021-07-12,3Y,3,-0.00012007058215030898
2021-07-12,4Y,4,-0.00011506104621623338
2021-07-12,5Y,5,-6.7097174495526e-8
2021-07-12,7Y,7,0.0009406162573568022
2021-07-12,10Y,10,0.0027350260748035347
2021-07-12,15Y,15,0.005701321865989553
2021-07-12,20Y,20,0.007350943560131725
2021-07-12,25Y,25,0.008140700032011122
2021-07-12,30Y,30,0.0083412739904139
2021-07-13,1Y,1,-0.0004400594096249126
2021-07-13,2Y,2,-0.0005800185476370825
2021-07-13,3Y,3,-0.0003401385354708059
2021-07-13,4Y,4,-0.00006020510102280126
2021-07-13,5Y,5,-0.00009015256091126364
2021-07-13,7Y,7,0.0008182933208304196
2021-07-13,10Y,10,0.0026239924577377144
2021-07-13,15Y,15,0.005588380750567133
2021-07-13,20Y,20,0.0072363910894816166
2021-07-13,25Y,25,0.008025035274102522
2021-07-13,30Y,30,0.008225199534451711
2021-07-14,1Y,1,-0.0004500731386910923
2021-07-14,2Y,2,-0.00026506428276395843
2021-07-14,3Y,3,-0.0003500505324630501
2021-07-14,4Y,4,-0.00038005381866522045
2021-07-14,5Y,5,-0.00013016200799747114
2021-07-14,7Y,7,0.0004779349747848258
2021-07-14,10Y,10,0.0025936306535256515
2021-07-14,15Y,15,0.005557471385550403
2021-07-14,20Y,20,0.007257914814517912
2021-07-14,25Y,25,0.008089791682918263
2021-07-14,30Y,30,0.00828059994760027
2021-07-15,1Y,1,-0.0005900815095174272
2021-07-15,2Y,2,-0.00032010979999064036
2021-07-15,3Y,3,-0.00023009585295377774
2021-07-15,4Y,4,-0.00042504936339252445
2021-07-15,5Y,5,-0.0002601267064868759
2021-07-15,7Y,7,0.0006278856947674629
2021-07-15,10Y,10,0.0023346072584827533
2021-07-15,15Y,15,0.005230342245388514
2021-07-15,20Y,20,0.00675090660297803
2021-07-15,25Y,25,0.007567218408598862
2021-07-15,30Y,30,0.007838666540733582
2021-07-16,1Y,1,-0.0005900999521188744
2021-07-16,2Y,2,-0.0006300772942653992
2021-07-16,3Y,3,-0.00033020500398502604
2021-07-16,4Y,4,-0.0001652301492224541
2021-07-16,5Y,5,-0.0002501786518823108
2021-07-16,7Y,7,0.0006699422208144906
2021-07-16,10Y,10,0.0023850553943214796
2021-07-16,15Y,15,0.005196671433219469
2021-07-16,20Y,20,0.006746242677408089
2021-07-16,25Y,25,0.00749228453893477
2021-07-16,30Y,30,0.007699056678692564
2021-07-17,1Y,1,-0.0005100746009559122
2021-07-17,2Y,2,-0.0004800689370179991
2021-07-17,3Y,3,-0.0005300593731090781
2021-07-17,4Y,4,-0.0004850896844136455
2021-07-17,5Y,5,-0.0002802356275479669
2021-07-17,7Y,7,0.0006437005008520354
2021-07-17,10Y,10,0.0023547037859085844
2021-07-17,15Y,15,0.005091250755125419
2021-07-17,20Y,20,0.006759027117592869
2021-07-17,25Y,25,0.00747080305042169
2021-07-17,30Y,30,0.007603576294418991
2021-07-18,1Y,1,-0.0005200773642088888
2021-07-18,2Y,2,-0.0005500611285628725
2021-07-18,3Y,3,-0.0006400417092353586
2021-07-18,4Y,4,-0.0006100546605904553
2021-07-18,5Y,5,-0.0004002536572894305
2021-07-18,7Y,7,0.00045937662141412334
2021-07-18,10Y,10,0.002233284332744151
2021-07-18,15Y,15,0.004967839122277502
2021-07-18,20Y,20,0.0066076181220811455
2021-07-18,25Y,25,0.0073451026055615515
2021-07-18,30Y,30,0.00753058472689424
2021-07-19,1Y,1,-0.0006101063916636301
2021-07-19,2Y,2,-0.0003951181936010866
2021-07-19,3Y,3,-0.0002901305408225871
2021-07-19,4Y,4,-0.00041507929609882466
2021-07-19,5Y,5,-0.0003901052353730367
2021-07-19,7Y,7,0.0005376599983703981
2021-07-19,10Y,10,0.0022537769684556567
2021-07-19,15Y,15,0.004923171107356837
2021-07-19,20Y,20,0.006531306026873381
2021-07-19,25Y,25,0.007280208711087628
2021-07-19,30Y,30,0.007528279317252643
2021-07-20,1Y,1,-0.0005100730067690873
2021-07-20,2Y,2,-0.00041007753353132476
2021-07-20,3Y,3,-0.0004900442322015893
2021-07-20,4Y,4,-0.0005850098610455309
2021-07-20,5Y,5,-0.0004101440624098354
2021-07-20,7Y,7,0.000409470930835632
2021-07-20,10Y,10,0.0021292094369422176
2021-07-20,15Y,15,0.004730804846857978
2021-07-20,20Y,20,0.006200058400946907
2021-07-20,25Y,25,0.006876274433982338
2021-07-20,30Y,30,0.007078475187382399
2021-07-21,1Y,1,-0.0005000859546731848
2021-07-21,2Y,2,-0.0003350782276206609
2021-07-21,3Y,3,-0.00044005495758201623
2021-07-21,4Y,4,-0.0004900486872929394
2021-07-21,5Y,5,-0.0002601884359549157
2021-07-21,7Y,7,0.0005997694793161271
2021-07-21,10Y,10,0.002381322031319305
2021-07-21,15Y,15,0.005093934318999261
2021-07-21,20Y,20,0.006692177733388019
2021-07-21,25Y,25,0.007385802743394379
2021-07-21,30Y,30,0.00758102904904436
2021-07-22,1Y,1,-0.0005000859546731848
2021-07-22,2Y,2,-0.0003350782276206609
2021-07-22,3Y,3,-0.00036007974222027983
2021-07-22,4Y,4,-0.0003650823860185358
2021-07-22,5Y,5,-0.00019016720785047065
2021-07-22,7Y,7,0.0006499480739341394
2021-07-22,10Y,10,0.00239844882989761
2021-07-22,15Y,15,0.005134697740736629
2021-07-22,20Y,20,0.0067467998596877615
2021-07-22,25Y,25,0.007438322670127544
2021-07-22,30Y,30,0.007633724543231466
2021-07-23,1Y,1,-0.0005000859546731848
2021-07-23,2Y,2,-0.0003350782276206609
2021-07-23,3Y,3,-0.00036007974222027983
2021-07-23,4Y,4,-0.0003650823860185358
2021-07-23,5Y,5,-0.00019016720785047065
2021-07-23,7Y,7,0.0006499480739341394
2021-07-23,10Y,10,0.00239844882989761
2021-07-23,15Y,15,0.005134697740736629
2021-07-23,20Y,20,0.0067467998596877615
2021-07-23,25Y,25,0.007438322670127544
2021-07-23,30Y,30,0.007633724543231466
2021-07-24,1Y,1,-0.0005000703248086599
2021-07-24,2Y,2,-0.0005050609753447708
2021-07-24,3Y,3,-0.0005800426877411404
2021-07-24,4Y,4,-0.0005700477655456156
2021-07-24,5Y,5,-0.00039020496185616016
2021-07-24,7Y,7,0.0005174613043496409
2021-07-24,10Y,10,0.002213449314054612
2021-07-24,15Y,15,0.00503261150361516
2021-07-24,20Y,20,0.006591249344394087
2021-07-24,25Y,25,0.007323607791107366
2021-07-24,30Y,30,0.007550765199622037
2021-07-25,1Y,1,-0.0004900676928745709
2021-07-25,2Y,2,-0.0005100559275956933
2021-07-25,3Y,3,-0.0005700471392196497
2021-07-25,4Y,4,-0.0005200735765946578
2021-07-25,5Y,5,-0.0003202347057405972
2021-07-25,7Y,7,0.000555580635243663
2021-07-25,10Y,10,0.002304026567395424
2021-07-25,15Y,15,0.005076995185939806
2021-07-25,20Y,20,0.006632211998853192
2021-07-25,25Y,25,0.00733343579916482
2021-07-25,30Y,30,0.007528474171255092
2021-07-26,1Y,1,-0.0004900830100748452
2021-07-26,2Y,2,-0.0006250259953290948
2021-07-26,3Y,3,-0.0003301832748128921
2021-07-26,4Y,4,-0.000030247478862202668
2021-07-26,5Y,5,-0.00014015850001612522
2021-07-26,7Y,7,0.0007081515698436919
2021-07-26,10Y,10,0.0025197059712092043
2021-07-26,15Y,15,0.005398215514969808
2021-07-26,20Y,20,0.0069252631081325716
2021-07-26,25Y,25,0.007640522062865137
2021-07-26,30Y,30,0.007847590161541651
2021-07-27,1Y,1,-0.0005900815095174272
2021-07-27,2Y,2,-0.0003351100071682461
2021-07-27,3Y,3,-0.00033007399815577533
2021-07-27,4Y,4,-0.00048505487091595855
2021-07-27,5Y,5,-0.00016021193691899416
2021-07-27,7Y,7,0.0007800425905618397
2021-07-27,10Y,10,0.0025531851069140977
2021-07-27,15Y,15,0.005573066537806599
2021-07-27,20Y,20,0.0071989516866532745
2021-07-27,25Y,25,0.00803778706951259
2021-07-27,30Y,30,0.008302612714842629
2021-07-28,1Y,1,-0.0005900815095174272
2021-07-28,2Y,2,-0.0004701041542041979
2021-07-28,3Y,3,-0.0004300932333439687
2021-07-28,4Y,4,-0.0005000788014439748
2021-07-28,5Y,5,-0.00030021339354952404
2021-07-28,7Y,7,0.0006197008301809658
2021-07-28,10Y,10,0.0024853879581346345
2021-07-28,15Y,15,0.0053866137766721
2021-07-28,20Y,20,0.006999296916936347
2021-07-28,25Y,25,0.007771402466410713
2021-07-28,30Y,30,0.008012628536243294
2021-07-29,1Y,1,-0.00048008311657939053
2021-07-29,2Y,2,-0.000560037073392467
2021-07-29,3Y,3,-0.0005201176098362677
2021-07-29,4Y,4,-0.000290193319370096
2021-07-29,5Y,5,-0.0002302281843681057
2021-07-29,7Y,7,0.0006778493879412013
2021-07-29,10Y,10,0.0024554905326575754
2021-07-29,15Y,15,0.0052906005220098844
2021-07-29,20Y,20,0.006949740591287862
2021-07-29,25Y,25,0.007781732769127716
2021-07-29,30Y,30,0.00805543938128638
2021-07-30,1Y,1,-0.00048006811176318107
2021-07-30,2Y,2,-0.00041506551600760773
2021-07-30,3Y,3,-0.0004600562598040434
2021-07-30,4Y,4,-0.00043507641823518374
2021-07-30,5Y,5,-0.00032014797567868943
2021-07-30,7Y,7,0.00070773633971091
2021-07-30,10Y,10,0.002368228908031074
2021-07-30,15Y,15,0.005291866737600155
2021-07-30,20Y,20,0.006900583537023445
2021-07-30,25Y,25,0.007792558545913124
2021-07-30,30Y,30,0.008098630362662389
2021-08-01,1Y,1,-0.00047008167879239145
2021-08-01,2Y,2,-0.0003950615644208822
2021-08-01,3Y,3,-0.0005100538538197505
2021-08-01,4Y,4,-0.00045507987682603544
2021-08-01,5Y,5,-0.0002502134679614983
2021-08-01,7Y,7,0.0006537829907246529
2021-08-01,10Y,10,0.00236828894122351
2021-08-01,15Y,15,0.005293353732248498
2021-08-01,20Y,20,0.00698520983586174
2021-08-01,25Y,25,0.00783557527021959
2021-08-01,30Y,30,0.00812078031104604
2021-08-02,1Y,1,-0.0005900999521188744
2021-08-02,2Y,2,-0.0003751108345580882
2021-08-02,3Y,3,-0.0004100834597997715
2021-08-02,4Y,4,-0.0005200612919680946
2021-08-02,5Y,5,-0.0003201846389449608
2021-08-02,7Y,7,0.0006677119937224214
2021-08-02,10Y,10,0.002364805901960907
2021-08-02,15Y,15,0.005301349049616543
2021-08-02,20Y,20,0.006885981690144739
2021-08-02,25Y,25,0.007749960941175084
2021-08-02,30Y,30,0.008023585377527587
2021-08-03,1Y,1,-0.0004900707562014014
2021-08-03,2Y,2,-0.0005000572561964316
2021-08-03,3Y,3,-0.0006100292914551257
2021-08-03,4Y,4,-0.0005700557207642159
2021-08-03,5Y,5,-0.0003702246143119604
2021-08-03,7Y,7,0.0004694582155880299
2021-08-03,10Y,10,0.0022671491182606907
2021-08-03,15Y,15,0.005151768717794934
2021-08-03,20Y,20,0.006844708220140338
2021-08-03,25Y,25,0.007707947459202838
2021-08-03,30Y,30,0.007939621700180874
2021-08-04,1Y,1,-0.0005100730067690873
2021-08-04,2Y,2,-0.000545057916138951
2021-08-04,3Y,3,-0.0006500284508123062
2021-08-04,4Y,4,-0.0005500992033649018
2021-08-04,5Y,5,-0.00034027141452492313
2021-08-04,7Y,7,0.0003994388382363976
2021-08-04,10Y,10,0.002183122206175241
2021-08-04,15Y,15,0.005058357422068328
2021-08-04,20Y,20,0.006700620266805049
2021-08-04,25Y,25,0.007569813275790734
2021-08-04,30Y,30,0.0078428466440351
2021-08-05,1Y,1,-0.0004900830100748452
2021-08-05,2Y,2,-0.0004150676733641574
2021-08-05,3Y,3,-0.0005300507256697742
2021-08-05,4Y,4,-0.0004900766881843692
2021-08-05,5Y,5,-0.00030020822479762273
2021-08-05,7Y,7,0.0006196636612230998
2021-08-05,10Y,10,0.0023176417670616204
2021-08-05,15Y,15,0.005167232962035869
2021-08-05,20Y,20,0.006950657308431457
2021-08-05,25Y,25,0.007793315493371722
2021-08-05,30Y,30,0.008057459514376605
2021-08-06,1Y,1,-0.0005600714130518512
2021-08-06,2Y,2,-0.0006100689682516196
2021-08-06,3Y,3,-0.000620061164691866
2021-08-06,4Y,4,-0.000530128762481774
2021-08-06,5Y,5,-0.00029032210039574334
2021-08-06,7Y,7,0.0006175671161756448
2021-08-06,10Y,10,0.0021396799742997106
2021-08-06,15Y,15,0.005226548005783295
2021-08-06,20Y,20,0.006823862151423369
2021-08-06,25Y,25,0.007729649867427843
2021-08-06,30Y,30,0.00797263332026199
2021-08-08,1Y,1,-0.0005600906680364105
2021-08-08,2Y,2,-0.0005550781764819815
2021-08-08,3Y,3,-0.0006200678431797669
2021-08-08,4Y,4,-0.0005301282354598675
2021-08-08,5Y,5,-0.00029031763877381206
2021-08-08,7Y,7,0.0006175792391884352
2021-08-08,10Y,10,0.0021396970338067862
2021-08-08,15Y,15,0.005226570670739435
2021-08-08,20Y,20,0.006823881912494651
2021-08-08,25Y,25,0.007729667027773188
2021-08-08,30Y,30,0.007972648372654736
2021-08-09,1Y,1,-0.0005600906680364105
2021-08-09,2Y,2,-0.00039009828718509257
2021-08-09,3Y,3,-0.0003600980984660437
2021-08-09,4Y,4,-0.000395094041562257
2021-08-09,5Y,5,-0.00025017080089458543
2021-08-09,7Y,7,0.0006698584630709947
2021-08-09,10Y,10,0.002465489416761498
2021-08-09,15Y,15,0.005263444701717612
2021-08-09,20Y,20,0.006982099003515623
2021-08-09,25Y,25,0.007878164081050463
2021-08-09,30Y,30,0.008195875498246907
2021-08-10,1Y,1,-0.0004400717884387731
2021-08-10,2Y,2,-0.0003400568021547957
2021-08-10,3Y,3,-0.00038006750028995187
2021-08-10,4Y,4,-0.000305091822554238
2021-08-10,5Y,5,-0.00008018121378047035
2021-08-10,7Y,7,0.0008002144704231203
2021-08-10,10Y,10,0.0024525672813217143
2021-08-10,15Y,15,0.005402030950792664
2021-08-10,20Y,20,0.007055678930248563
2021-08-10,25Y,25,0.007961628971791042
2021-08-10,30Y,30,0.008226525702778344
2021-08-11,1Y,1,-0.0004900600348058989
2021-08-11,2Y,2,-0.00034007511112089966
2021-08-11,3Y,3,-0.00029007060987457664
2021-08-11,4Y,4,-0.00031507586353629504
2021-08-11,5Y,5,-0.0000901570883270939
2021-08-11,7Y,7,0.0009223455141406483
2021-08-11,10Y,10,0.0025199264094408836
2021-08-11,15Y,15,0.005389492449513633
2021-08-11,20Y,20,0.006995068406918659
2021-08-11,25Y,25,0.007897144937508866
2021-08-11,30Y,30,0.008224731660438892
2021-08-12,1Y,1,-0.0005100761951573895
2021-08-12,2Y,2,-0.000355081509707547
2021-08-12,3Y,3,-0.0003700705857966881
2021-08-12,4Y,4,-0.0003301038743301277
2021-08-12,5Y,5,-0.00005020821402482265
2021-08-12,7Y,7,0.0007781921927901023
2021-08-12,10Y,10,0.002442508823625289
2021-08-12,15Y,15,0.005391807026164293
2021-08-12,20Y,20,0.0069662003123636355
2021-08-12,25Y,25,0.007887800562053918
2021-08-12,30Y,30,0.008247523608285989
2021-08-13,1Y,1,-0.0005000578219581157
2021-08-13,2Y,2,-0.0003950750246692759
2021-08-13,3Y,3,-0.0003600662867356343
2021-08-13,4Y,4,-0.0006199305342924917
2021-08-13,5Y,5,-0.000430107727717619
2021-08-13,7Y,7,0.0006896664831197938
2021-08-13,10Y,10,0.002426364983577618
2021-08-13,15Y,15,0.005319244169406838
2021-08-13,20Y,20,0.007020315386446265
2021-08-13,25Y,25,0.007909864265353162
2021-08-13,30Y,30,0.008248687688767057
2021-08-14,1Y,1,-0.0005000578219581157
2021-08-14,2Y,2,-0.0003950750246692759
2021-08-14,3Y,3,-0.0003600662867356343
2021-08-14,4Y,4,-0.0006199305342924917
2021-08-14,5Y,5,-0.00010026697654672099
2021-08-14,7Y,7,0.0007601719628660708
2021-08-14,10Y,10,0.002465894272565137
2021-08-14,15Y,15,0.005374251394642539
2021-08-14,20Y,20,0.007059342521143829
2021-08-14,25Y,25,0.008005676288868755
2021-08-14,30Y,30,0.008335282302735345
2021-08-15,1Y,1,-0.00041006381761506496
2021-08-15,2Y,2,-0.00037004361964621083
2021-08-15,3Y,3,-0.0005100296652632199
2021-08-15,4Y,4,-0.00044006103951478993
2021-08-15,5Y,5,-0.00022019815192711489
2021-08-15,7Y,7,0.0006878596697107485
2021-08-15,10Y,10,0.002371674713148769
2021-08-15,15Y,15,0.0052824184689782595
2021-08-15,20Y,20,0.00696791487207706
2021-08-15,25Y,25,0.007931403138189772
2021-08-15,30Y,30,0.008260744470303566
2021-08-16,1Y,1,-0.0004100650993023832
2021-08-16,2Y,2,-0.00035004558478989267
2021-08-16,3Y,3,-0.00047003944119022173
2021-08-16,4Y,4,-0.0003800778398404519
2021-08-16,5Y,5,-0.00020017587390055752
2021-08-16,7Y,7,0.0007279358517091391
2021-08-16,10Y,10,0.0024455940104594915
2021-08-16,15Y,15,0.005308886348514214
2021-08-16,20Y,20,0.007013401119063185
2021-08-16,25Y,25,0.00790896380730533
2021-08-16,30Y,30,0.008173663963301185
2021-08-17,1Y,1,-0.00042005460849333547
2021-08-17,2Y,2,-0.0004100443135939786
2021-08-17,3Y,3,-0.0004800365759683894
2021-08-17,4Y,4,-0.00041506823499579224
2021-08-17,5Y,5,-0.00024017679794956389
2021-08-17,7Y,7,0.0006878402972423062
2021-08-17,10Y,10,0.0023883477081150417
2021-08-17,15Y,15,0.005237712721021468
2021-08-17,20Y,20,0.006912729858435733
2021-08-17,25Y,25,0.00782455325413597
2021-08-17,30Y,30,0.008163050829427304
2021-08-18,1Y,1,-0.00042005329566095577
2021-08-18,2Y,2,-0.00040004583549250165
2021-08-18,3Y,3,-0.0004600380612747202
2021-08-18,4Y,4,-0.0004300527554081852
2021-08-18,5Y,5,-0.00026016189639614803
2021-08-18,7Y,7,0.0006398034759679548
2021-08-18,10Y,10,0.0023513322817576886
2021-08-18,15Y,15,0.0052810542775244525
2021-08-18,20Y,20,0.006925475469247076
2021-08-18,25Y,25,0.007824877533795547
2021-08-18,30Y,30,0.008163307075547022
2021-08-19,1Y,1,-0.0004100535645431873
2021-08-19,2Y,2,-0.0004100406149909763
2021-08-19,3Y,3,-0.0004900331204328817
2021-08-19,4Y,4,-0.0004400535502391582
2021-08-19,5Y,5,-0.00027016827153098324
2021-08-19,7Y,7,0.0005697400888005216
2021-08-19,10Y,10,0.002381194175380069
2021-08-19,15Y,15,0.0052650886071610925
2021-08-19,20Y,20,0.006962051370997683
2021-08-19,25Y,25,0.0078148736760796
2021-08-19,30Y,30,0.008153141866628586
2021-08-20,1Y,1,-0.0005400661616545815
2021-08-20,2Y,2,-0.0004100886988099513
2021-08-20,3Y,3,-0.0004000653735981855
2021-08-20,4Y,4,-0.0004650649523960433
2021-08-20,5Y,5,-0.0002901641842970884
2021-08-20,7Y,7,0.0004776628118313515
2021-08-20,10Y,10,0.0022805099547438014
2021-08-20,15Y,15,0.005134430878829324
2021-08-20,20Y,20,0.006843809475584059
2021-08-20,25Y,25,0.0076650102139397104
2021-08-20,30Y,30,0.007938341685473551
2021-08-21,1Y,1,-0.00043005563995121283
2021-08-21,2Y,2,-0.00044004372429171123
2021-08-21,3Y,3,-0.0005500187872114256
2021-08-21,4Y,4,-0.0005350255104028601
2021-08-21,5Y,5,-0.0003401791080899473
2021-08-21,7Y,7,0.00046756424749407174
2021-08-21,10Y,10,0.0022936975540461388
2021-08-21,15Y,15,0.005161732624699808
2021-08-21,20Y,20,0.006824688541573127
2021-08-21,25Y,25,0.007686914768575981
2021-08-21,30Y,30,0.007992504804603959
2021-08-22,1Y,1,-0.0004300677372636554
2021-08-22,2Y,2,-0.0003800495748723704
2021-08-22,3Y,3,-0.0005100348282938192
2021-08-22,4Y,4,-0.0005000344541367902
2021-08-22,5Y,5,-0.0003201663370461233
2021-08-22,7Y,7,0.000507643286300838
2021-08-22,10Y,10,0.0022638162831259178
2021-08-22,15Y,15,0.005179071796845998
2021-08-22,20Y,20,0.0068462686384763455
2021-08-22,25Y,25,0.007707949246390377
2021-08-22,30Y,30,0.008013646801393628
2021-08-23,1Y,1,-0.00043005563995121283
2021-08-23,2Y,2,-0.0004100480122224291
2021-08-23,3Y,3,-0.0004900323365257166
2021-08-23,4Y,4,-0.0004900327262053288
2021-08-23,5Y,5,-0.0003101625301684236
2021-08-23,7Y,7,0.0005296672474312057
2021-08-23,10Y,10,0.0027847497433403016
2021-08-23,15Y,15,0.005288304250930219
2021-08-23,20Y,20,0.006895188744302075
2021-08-23,25Y,25,0.007718357791658261
2021-08-23,30Y,30,0.00799167975596644
2021-08-24,1Y,1,-0.00042005460849333547
2021-08-24,2Y,2,-0.00038004808373520303
2021-08-24,3Y,3,-0.00044004025769333536
2021-08-24,4Y,4,-0.00039506423246203626
2021-08-24,5Y,5,-0.0002501479742213341
2021-08-24,7Y,7,0.0005857956676025956
2021-08-24,10Y,10,0.0024013918789977497
2021-08-24,15Y,15,0.005246918342553534
2021-08-24,20Y,20,0.006920386306489848
2021-08-24,25Y,25,0.007749428176039528
2021-08-24,30Y,30,0.008023072590853686
2021-08-25,1Y,1,-0.00047006257908363834
2021-08-25,2Y,2,-0.00032506935542310104
2021-08-25,3Y,3,-0.0005099928818250617
2021-08-25,4Y,4,-0.0003151345452405799
2021-08-25,5Y,5,0.00004972762912698787
2021-08-25,7Y,7,0.0007781677117441914
2021-08-25,10Y,10,0.0024424824345216124
2021-08-25,15Y,15,0.005355880717625345
2021-08-25,20Y,20,0.0070201169206653355
2021-08-25,25Y,25,0.007823348252496518
2021-08-25,30Y,30,0.008118173019121312
2021-08-26,1Y,1,-0.00041005612774006305
2021-08-26,2Y,2,-0.00035504693102436164
2021-08-26,3Y,3,-0.00043003946679267077
2021-08-26,4Y,4,-0.0003600733492792362
2021-08-26,5Y,5,-0.00018016424653963692
2021-08-26,7Y,7,0.0006679360962932107
2021-08-26,10Y,10,0.0025123342108668073
2021-08-26,15Y,15,0.00533137507212437
2021-08-26,20Y,20,0.007013641309758916
2021-08-26,25Y,25,0.007823639013995612
2021-08-26,30Y,30,0.008097494669950283
2021-08-27,1Y,1,-0.00047006551735093535
2021-08-27,2Y,2,-0.00034506817730017326
2021-08-27,3Y,3,-0.0003500644438311738
2021-08-27,4Y,4,-0.0003350802715264277
2021-08-27,5Y,5,-0.0001101734279891775
2021-08-27,7Y,7,0.0008301965760214504
2021-08-27,10Y,10,0.0025063197836040878
2021-08-27,15Y,15,0.0053720748509913045
2021-08-27,20Y,20,0.007028809542750343
2021-08-27,25Y,25,0.007855644090918084
2021-08-27,30Y,30,0.008203838327541471
2021-08-29,1Y,1,-0.00041007022617035594
2021-08-29,2Y,2,-0.00034504468509393354
2021-08-29,3Y,3,-0.0004700467975883327
2021-08-29,4Y,4,-0.000415060231399053
2021-08-29,5Y,5,-0.00023017497897647192
2021-08-29,7Y,7,0.0006578685006473278
2021-08-29,10Y,10,0.0023984995489900163
2021-08-29,15Y,15,0.005324065052815223
2021-08-29,20Y,20,0.006990015050088109
2021-08-29,25Y,25,0.007835169709870173
2021-08-29,30Y,30,0.008141334320764502
2021-08-30,1Y,1,-0.00042006117283697287
2021-08-30,2Y,2,-0.00037004815392790714
2021-08-30,3Y,3,-0.00046004073391475367
2021-08-30,4Y,4,-0.0003800786103205205
2021-08-30,5Y,5,-0.00017019041165199957
2021-08-30,7Y,7,0.0006979508800607515
2021-08-30,10Y,10,0.0024521392228928187
2021-08-30,15Y,15,0.005392541803324572
2021-08-30,20Y,20,0.006959874432880087
2021-08-30,25Y,25,0.007803066168692858
2021-08-30,30Y,30,0.008150963683088826
2021-08-31,1Y,1,-0.0005100730067690873
2021-08-31,2Y,2,-0.000335082431038051
2021-08-31,3Y,3,-0.00031007663243888973
2021-08-31,4Y,4,-0.0003600717635381817
2021-08-31,5Y,5,-0.00011017518225448202
2021-08-31,7Y,7,0.0007781657460797767
2021-08-31,10Y,10,0.0025165476565893567
2021-08-31,15Y,15,0.005513873987082558
2021-08-31,20Y,20,0.0071362995343866985
2021-08-31,25Y,25,0.007940588731106894
2021-08-31,30Y,30,0.008214798000516495
2021-09-01,1Y,1,-0.0004900676928745709
2021-09-01,2Y,2,-0.0003150763223817406
2021-09-01,3Y,3,-0.000270075322197081
2021-09-01,4Y,4,-0.00031506940076514813
2021-09-01,5Y,5,-0.00005015845137139796
2021-09-01,7Y,7,0.0008623584744405251
2021-09-01,10Y,10,0.0026441476795189566
2021-09-01,15Y,15,0.005608877587273221
2021-09-01,20Y,20,0.007151529348072241
2021-09-01,25Y,25,0.007918233491586272
2021-09-01,30Y,30,0.008201976836572658
2021-09-02,1Y,1,-0.00047008020950257203
2021-09-02,2Y,2,-0.00025007045642157883
2021-09-02,3Y,3,-0.000290065687058001
2021-09-02,4Y,4,-0.0003050708350388967
2021-09-02,5Y,5,-0.00002015636877105353
2021-09-02,7Y,7,0.0008804136083818677
2021-09-02,10Y,10,0.0025605250851279187
2021-09-02,15Y,15,0.005620391817518964
2021-09-02,20Y,20,0.007122162822190229
2021-09-02,25Y,25,0.0077888249447308185
2021-09-02,30Y,30,0.007996144717738716
2021-09-03,1Y,1,-0.0003700550468243704
2021-09-03,2Y,2,-0.0002500414668253691
2021-09-03,3Y,3,-0.00031004570524300695
2021-09-03,4Y,4,-0.00015008703220490815
2021-09-03,5Y,5,0.00010987836437190677
2021-09-03,7Y,7,0.001122896249719002
2021-09-03,10Y,10,0.0027859157243629354
2021-09-03,15Y,15,0.005848823269326192
2021-09-03,20Y,20,0.0073695299652678774
2021-09-03,25Y,25,0.00804443031338576
2021-09-03,30Y,30,0.008317122685513179
2021-09-04,1Y,1,-0.0003700550468243704
2021-09-04,2Y,2,-0.00023504211839774672
2021-09-04,3Y,3,-0.0002700495005431804
2021-09-04,4Y,4,-0.00016507342951746235
2021-09-04,5Y,5,0.00006989253068926391
2021-09-04,7Y,7,0.0009946850917746525
2021-09-04,10Y,10,0.0028157879421012335
2021-09-04,15Y,15,0.005831343079105215
2021-09-04,20Y,20,0.007347842999008167
2021-09-04,25Y,25,0.008023343766701732
2021-09-04,30Y,30,0.008295949444048097
2021-09-05,1Y,1,-0.0003700654569257735
2021-09-05,2Y,2,-0.00017504085948662478
2021-09-05,3Y,3,-0.0002500497649570308
2021-09-05,4Y,4,-0.00015506697576682892
2021-09-05,5Y,5,0.00010990773962557922
2021-09-05,7Y,7,0.0010348138871482042
2021-09-05,10Y,10,0.002869487966281712
2021-09-05,15Y,15,0.00586255930909876
2021-09-05,20Y,20,0.007392578039804915
2021-09-05,25Y,25,0.008076334962543747
2021-09-05,30Y,30,0.00832808800324463
2021-09-06,1Y,1,-0.00041007022617035594
2021-09-06,2Y,2,-0.00025505138447230806
2021-09-06,3Y,3,-0.00013007967770653077
2021-09-06,4Y,4,0.0000699227181752745
2021-09-06,5Y,5,0.000239993553605639
2021-09-06,7Y,7,0.0012013324183531527
2021-09-06,10Y,10,0.0030014261161977643
2021-09-06,15Y,15,0.006161634270343599
2021-09-06,20Y,20,0.0076733192146055534
2021-09-06,25Y,25,0.008321643863487074
2021-09-06,30Y,30,0.008606461395683052
2021-09-07,1Y,1,-0.0004300731141702158
2021-09-07,2Y,2,-0.00013505575738565194
2021-09-07,3Y,3,-0.00011005542895105183
2021-09-07,4Y,4,-0.000050053317568842035
2021-09-07,5Y,5,0.00023998217915844667
2021-09-07,7Y,7,0.0013014979190865963
2021-09-07,10Y,10,0.003055164263899024
2021-09-07,15Y,15,0.0060925804128815104
2021-09-07,20Y,20,0.00766277596439418
2021-09-07,25Y,25,0.00828942313990578
2021-09-07,30Y,30,0.008595245663671803
2021-09-08,1Y,1,-0.00041006766271271404
2021-09-08,2Y,2,-0.0002650515037036884
2021-09-08,3Y,3,-0.00013008008208093594
2021-09-08,4Y,4,0.00004492074000501088
2021-09-08,5Y,5,0.00020998119356842407
2021-09-08,7Y,7,0.001131171346314221
2021-09-08,10Y,10,0.003048092627768271
2021-09-08,15Y,15,0.006060422993164324
2021-09-08,20Y,20,0.007559892580396245
2021-09-08,25Y,25,0.008203585929404695
2021-09-08,30Y,30,0.008476694885716611
2021-09-09,1Y,1,-0.00040004750685501786
2021-09-09,2Y,2,-0.00013004814375933095
2021-09-09,3Y,3,-0.000060042039789868996
2021-09-09,4Y,4,-0.000040036977866194994
2021-09-09,5Y,5,0.00028000783019339664
2021-09-09,7Y,7,0.0011332032223839714
2021-09-09,10Y,10,0.0029035913060408533
2021-09-09,15Y,15,0.005906744967536436
2021-09-09,20Y,20,0.007444689995903267
2021-09-09,25Y,25,0.008041740946380794
2021-09-09,30Y,30,0.008270709576835945
2021-09-10,1Y,1,-0.00032004360675025166
2021-09-10,2Y,2,-0.0001850314880961187
2021-09-10,3Y,3,-0.00022003785378803595
2021-09-10,4Y,4,0.00018496194513257591
2021-09-10,5Y,5,0.0005100650845799492
2021-09-10,7Y,7,0.0011834403449642815
2021-09-10,10Y,10,0.0030044125383685617
2021-09-10,15Y,15,0.005885166887531074
2021-09-10,20Y,20,0.0074291008005756875
2021-09-10,25Y,25,0.008094528722629054
2021-09-10,30Y,30,0.008356251584533594
2021-09-12,1Y,1,-0.00032003560459382827
2021-09-12,2Y,2,0.00001498015927581031
2021-09-12,3Y,3,0.00007998852611780313
2021-09-12,4Y,4,0.000019999305891778632
2021-09-12,5Y,5,0.00027005838507122154
2021-09-12,7Y,7,0.0010951550041249044
2021-09-12,10Y,10,0.0029502723960382906
2021-09-12,15Y,15,0.005934269534679184
2021-09-12,20Y,20,0.007407810416883445
2021-09-12,25Y,25,0.008082952082601708
2021-09-12,30Y,30,0.008291226758014861
2021-09-13,1Y,1,-0.00026003234207788717
2021-09-13,2Y,2,-0.0001050200815196791
2021-09-13,3Y,3,-0.00012002581370053897
2021-09-13,4Y,4,-0.0000200293351816451
2021-09-13,5Y,5,0.0002300017656652401
2021-09-13,7Y,7,0.0011030978810895873
2021-09-13,10Y,10,0.0029369040181879383
2021-09-13,15Y,15,0.005896270140694713
2021-09-13,20Y,20,0.007378619764652848
2021-09-13,25Y,25,0.008084207626836743
2021-09-13,30Y,30,0.008324883621272932
2021-09-14,1Y,1,-0.0003600436561810991
2021-09-14,2Y,2,-0.00008503716237767515
2021-09-14,3Y,3,-0.00004003160830015525
2021-09-14,4Y,4,-0.000010024834088895036
2021-09-14,5Y,5,-0.0000500141010840763
2021-09-14,7Y,7,0.0016036037231782077
2021-09-14,10Y,10,0.00309188946609254
2021-09-14,15Y,15,0.006033603368765736
2021-09-14,20Y,20,0.007548496598636681
2021-09-14,25Y,25,0.00828788203011568
2021-09-14,30Y,30,0.008572954137153912
2021-09-15,1Y,1,-0.00026003152934637053
2021-09-15,2Y,2,-0.0000800197145297605
2021-09-15,3Y,3,-0.00014001965491378072
2021-09-15,4Y,4,-0.00007502772262915679
2021-09-15,5Y,5,0.0002499944685226395
2021-09-15,7Y,7,0.001203276242819983
2021-09-15,10Y,10,0.002923725757866947
2021-09-15,15Y,15,0.005945194902633644
2021-09-15,20Y,20,0.007491312418623662
2021-09-15,25Y,25,0.008224163812740423
2021-09-15,30Y,30,0.008509047899758782
2021-09-16,1Y,1,-0.0002300261658932353
2021-09-16,2Y,2,-0.000020012809503631388
2021-09-16,3Y,3,-0.00005001307648370352
2021-09-16,4Y,4,0.00004999351825884114
2021-09-16,5Y,5,0.0004000909097556124
2021-09-16,7Y,7,0.0012816076159530472
2021-09-16,10Y,10,0.0032228857840031775
2021-09-16,15Y,15,0.006139922477760278
2021-09-16,20Y,20,0.007773991737413385
2021-09-16,25Y,25,0.008523379507138107
2021-09-16,30Y,30,0.008832079821127204
2021-09-17,1Y,1,-0.0001900203087509621
2021-09-17,2Y,2,-0.000020008362756806028
2021-09-17,3Y,3,-0.00007001054061328975
2021-09-17,4Y,4,0.000034991983288047425
2021-09-17,5Y,5,0.0004100941792382206
2021-09-17,7Y,7,0.0013036625737529053
2021-09-17,10Y,10,0.0031827523917444685
2021-09-17,15Y,15,0.006278838418921857
2021-09-17,20Y,20,0.007829483879670099
2021-09-17,25Y,25,0.008609544637380465
2021-09-17,30Y,30,0.008951080247454881
2021-09-18,1Y,1,-0.0001900203087509621
2021-09-18,2Y,2,-0.00003500896253916575
2021-09-18,3Y,3,-0.00005001222087060769
2021-09-18,4Y,4,0.00009999858510909273
2021-09-18,5Y,5,0.00042010948015863513
2021-09-18,7Y,7,0.0012736180783726007
2021-09-18,10Y,10,0.003128836105882834
2021-09-18,15Y,15,0.0062338695728049055
2021-09-18,20Y,20,0.007741883436254977
2021-09-18,25Y,25,0.008533707603095247
2021-09-18,30Y,30,0.008842492487774533
2021-09-19,1Y,1,-0.0002900391560094893
2021-09-19,2Y,2,-0.0001300253649432297
2021-09-19,3Y,3,-0.00019002859811767764
2021-09-19,4Y,4,-0.00010004174741252048
2021-09-19,5Y,5,0.0002699769332045852
2021-09-19,7Y,7,0.0012113232321111786
2021-09-19,10Y,10,0.002752310555300031
2021-09-19,15Y,15,0.0060952413124364824
2021-09-19,20Y,20,0.007614341878101338
2021-09-19,25Y,25,0.00834335683607387
2021-09-19,30Y,30,0.008597626046190942
2021-09-20,1Y,1,-0.0002900391560094893
2021-09-20,2Y,2,0.000034985788608947666
2021-09-20,3Y,3,0.000029989587421943025
2021-09-20,4Y,4,0.000034999626297943325
2021-09-20,5Y,5,0.0004101201507067635
2021-09-20,7Y,7,0.0013037081089930403
2021-09-20,10Y,10,0.003182820139069229
2021-09-20,15Y,15,0.006278918051543845
2021-09-20,20Y,20,0.00782955273293491
2021-09-20,25Y,25,0.008609602361791271
2021-09-20,30Y,30,0.008951132282481719
2021-09-21,1Y,1,-0.0001900203087509621
2021-09-21,2Y,2,-0.00003500896253916575
2021-09-21,3Y,3,-0.00011001072901091385
2021-09-21,4Y,4,-0.000025015193016790895
2021-09-21,5Y,5,0.00033004238560981254
2021-09-21,7Y,7,0.001223407586857768
2021-09-21,10Y,10,0.002940728625387958
2021-09-21,15Y,15,0.006062276784472478
2021-09-21,20Y,20,0.007613004305725683
2021-09-21,25Y,25,0.00834175712873542
2021-09-21,30Y,30,0.008659480071361445
2021-09-22,1Y,1,-0.00020002562884111842
2021-09-22,2Y,2,-0.00006000919691425118
2021-09-22,3Y,3,-0.0001800140637351064
2021-09-22,4Y,4,-0.00011502149464846486
2021-09-22,5Y,5,0.0002299865163526251
2021-09-22,7Y,7,0.0010509957893041768
2021-09-22,10Y,10,0.002889645953352172
2021-09-22,15Y,15,0.005948852387908396
2021-09-22,20Y,20,0.007465261745802483
2021-09-22,25Y,25,0.008213934163886768
2021-09-22,30Y,30,0.008477695674663513
2021-09-23,1Y,1,-0.00020002000228191825
2021-09-23,2Y,2,-0.00010501160309179099
2021-09-23,3Y,3,-0.0002000103088551215
2021-09-23,4Y,4,-0.00016501761745494958
2021-09-23,5Y,5,0.00021996870528188635
2021-09-23,7Y,7,0.0010329423120799491
2021-09-23,10Y,10,0.002846079144366142
2021-09-23,15Y,15,0.005927951140844749
2021-09-23,20Y,20,0.007457421372398094
2021-09-23,25Y,25,0.00820345103951458
2021-09-23,30Y,30,0.008467186902079277
2021-09-24,1Y,1,-0.00026002909119694735
2021-09-24,2Y,2,0.00006999381621395747
2021-09-24,3Y,3,0.00014000466554346864
2021-09-24,4Y,4,0.00011002099540527936
2021-09-24,5Y,5,0.0005102205511819905
2021-09-24,7Y,7,0.0013639737909562264
2021-09-24,10Y,10,0.0032266101616264414
2021-09-24,15Y,15,0.006271516813178368
2021-09-24,20Y,20,0.007823006742244407
2021-09-24,25Y,25,0.008574744905912613
2021-09-24,30Y,30,0.008851174044883846
2021-09-26,1Y,1,-0.00026002096452087806
2021-09-26,2Y,2,0.000019988345995966008
2021-09-26,3Y,3,0.0001600015391023259
2021-09-26,4Y,4,0.00018503730368821957
2021-09-26,5Y,5,0.000520222278437321
2021-09-26,7Y,7,0.0013579433704373348
2021-09-26,10Y,10,0.0032366942518268793
2021-09-26,15Y,15,0.006281775236382342
2021-09-26,20Y,20,0.007806851772047897
2021-09-26,25Y,25,0.008585833500312627
2021-09-26,30Y,30,0.008916012272509244
2021-09-27,1Y,1,-0.00014001627729358235
2021-09-27,2Y,2,0.00009500498411910554
2021-09-27,3Y,3,0.00006000423491406531
2021-09-27,4Y,4,0.00018003268447798167
2021-09-27,5Y,5,0.00050019303735057
2021-09-27,7Y,7,0.0015343071990655557
2021-09-27,10Y,10,0.00327720992305073
2021-09-27,15Y,15,0.006454987278474836
2021-09-27,20Y,20,0.007972709636370553
2021-09-27,25Y,25,0.008767432545764687
2021-09-27,30Y,30,0.009034827262103456
2021-09-28,1Y,1,-0.00021001627644850787
2021-09-28,2Y,2,-0.000020011038410202328
2021-09-28,3Y,3,0.00013000120951341354
2021-09-28,4Y,4,0.0005401935647782437
2021-09-28,5Y,5,0.000980652910943777
2021-09-28,7Y,7,0.0018035801433815314
2021-09-28,10Y,10,0.003523762744318487
2021-09-28,15Y,15,0.006772930549333437
2021-09-28,20Y,20,0.008379996466724812
2021-09-28,25Y,25,0.009141201979830024
2021-09-28,30Y,30,0.009400055191266177
2021-09-29,1Y,1,-0.00025002031444509165
2021-09-29,2Y,2,-0.00008501910657585852
2021-09-29,3Y,3,0.00004998448610327242
2021-09-29,4Y,4,0.0001900170992519122
2021-09-29,5Y,5,0.0008304897100767288
2021-09-29,7Y,7,0.0015728277576497417
2021-09-29,10Y,10,0.003254450615725612
2021-09-29,15Y,15,0.006467400531644536
2021-09-29,20Y,20,0.008093440073475629
2021-09-29,25Y,25,0.008864237898348438
2021-09-29,30Y,30,0.009164579539907737
2021-09-30,1Y,1,-0.00012000997598003847
2021-09-30,2Y,2,0.000055000723937963106
2021-09-30,3Y,3,0.00010000708732703573
2021-09-30,4Y,4,0.0002650529996008677
2021-09-30,5Y,5,0.0006202917697804845
2021-09-30,7Y,7,0.0015023466376792097
2021-09-30,10Y,10,0.0032841280362262515
2021-09-30,15Y,15,0.006410537316998665
2021-09-30,20Y,20,0.007955243247979237
2021-09-30,25Y,25,0.008723884396499234
2021-09-30,30Y,30,0.009033480072402011
2021-10-01,1Y,1,-0.0002600193392759164
2021-10-01,2Y,2,9.987552015340622e-6
2021-10-01,3Y,3,0.0002400146783514382
2021-10-01,4Y,4,0.0002600592242768218
2021-10-01,5Y,5,0.000500232486214754
2021-10-01,7Y,7,0.001474230073575069
2021-10-01,10Y,10,0.0030354290382076333
2021-10-01,15Y,15,0.006231168824160864
2021-10-01,20Y,20,0.007805326686877804
2021-10-01,25Y,25,0.008542186939820666
2021-10-01,30Y,30,0.008839709508581099
2021-10-02,1Y,1,-0.0002600193392759164
2021-10-02,2Y,2,-0.0001400216581449822
2021-10-02,3Y,3,-0.00004002423772911227
2021-10-02,4Y,4,0.00010998777401732726
2021-10-02,5Y,5,0.000420097739251233
2021-10-02,7Y,7,0.001333737061617124
2021-10-02,10Y,10,0.0028531469007087636
2021-10-02,15Y,15,0.006102261741492185
2021-10-02,20Y,20,0.0076200331882999095
2021-10-02,25Y,25,0.008405176954139915
2021-10-02,30Y,30,0.00865994820312622
2021-10-03,1Y,1,-0.00013000991337482366
2021-10-03,2Y,2,-3.304979561292304e-9
2021-10-03,3Y,3,0.000029997789212109975
2021-10-03,4Y,4,0.00018502309595109172
2021-10-03,5Y,5,0.0004901732298387819
2021-10-03,7Y,7,0.0013117558999389783
2021-10-03,10Y,10,0.003118768292707978
2021-10-03,15Y,15,0.0062145905882620735
2021-10-03,20Y,20,0.007748363219700445
2021-10-03,25Y,25,0.008554012193858825
2021-10-03,30Y,30,0.008863018605083553
2021-10-04,1Y,1,-0.00024001815163272227
2021-10-04,2Y,2,0.000039992630308453156
2021-10-04,3Y,3,-0.00007999792148439481
2021-10-04,4Y,4,-0.0001200158335236404
2021-10-04,5Y,5,0.00038003788538604677
2021-10-04,7Y,7,0.0013937543616204906
2021-10-04,10Y,10,0.0028531325110708805
2021-10-04,15Y,15,0.006121693295760693
2021-10-04,20Y,20,0.007704441786877427
2021-10-04,25Y,25,0.008545493791580474
2021-10-04,30Y,30,0.008823613800770822
2021-10-05,1Y,1,-0.00011000852578261616
2021-10-05,2Y,2,0.000045000298958224424
2021-10-05,3Y,3,0.0001300116623030138
2021-10-05,4Y,4,0.00031506682104468896
2021-10-05,5Y,5,0.0005802659087692259
2021-10-05,7Y,7,0.0015544438958572915
2021-10-05,10Y,10,0.0032774470697638494
2021-10-05,15Y,15,0.0063712293708071185
2021-10-05,20Y,20,0.007981242722496854
2021-10-05,25Y,25,0.008809839743067878
2021-10-05,30Y,30,0.009110208225194531
2021-10-06,1Y,1,-0.00018001766449103973
2021-10-06,2Y,2,0.00016001251370591498
2021-10-06,3Y,3,0.0003000453052664336
2021-10-06,4Y,4,0.00036511296581668884
2021-10-06,5Y,5,0.0006904058374460989
2021-10-06,7Y,7,0.0016930074197798455
2021-10-06,10Y,10,0.0033955956616177375
2021-10-06,15Y,15,0.006543618428232036
2021-10-06,20Y,20,0.008155016763415094
2021-10-06,25Y,25,0.008915279123651164
2021-10-06,30Y,30,0.009183255852467685
2021-10-07,1Y,1,-0.00007000494418501113
2021-10-07,2Y,2,-0.00008999740260527785
2021-10-07,3Y,3,-0.00011000827493270039
2021-10-07,4Y,4,0.00018499976775354044
2021-10-07,5Y,5,0.0009005093459524927
2021-10-07,7Y,7,0.0015828292271302543
2021-10-07,10Y,10,0.0033583134159959594
2021-10-07,15Y,15,0.006368145992761235
2021-10-07,20Y,20,0.007954586460447357
2021-10-07,25Y,25,0.008766679194489247
2021-10-07,30Y,30,0.009109153704244052
2021-10-08,1Y,1,-0.00016001040076936787
2021-10-08,2Y,2,0.00018001772021143783
2021-10-08,3Y,3,0.0003800589886974947
2021-10-08,4Y,4,0.00046516605498491645
2021-10-08,5Y,5,0.0008605928723761172
2021-10-08,7Y,7,0.0018234954148638046
2021-10-08,10Y,10,0.0034967288152492745
2021-10-08,15Y,15,0.006741264492675443
2021-10-08,20Y,20,0.008326250665567931
2021-10-08,25Y,25,0.009085277165462154
2021-10-08,30Y,30,0.009332611903773767
2021-10-09,1Y,1,-0.000060004275387611874
2021-10-09,2Y,2,0.0001500104354277523
2021-10-09,3Y,3,0.00028004458472444894
2021-10-09,4Y,4,0.0004951582216859675
2021-10-09,5Y,5,0.0007704626134811116
2021-10-09,7Y,7,0.0017893049877383714
2021-10-09,10Y,10,0.003564020576928219
2021-10-09,15Y,15,0.006681699328547982
2021-10-09,20Y,20,0.008323774735053309
2021-10-09,25Y,25,0.009075634159737972
2021-10-09,30Y,30,0.009376840740571386
2021-10-10,1Y,1,-0.00004000290028027223
2021-10-10,2Y,2,-0.000014997349004402396
2021-10-10,3Y,3,0.000020000639991858464
2021-10-10,4Y,4,0.00031004378537035195
2021-10-10,5Y,5,0.0007403952126403296
2021-10-10,7Y,7,0.001783260361734821
2021-10-10,10Y,10,0.003284176230856399
2021-10-10,15Y,15,0.006613162962329534
2021-10-10,20Y,20,0.00816845356422198
2021-10-10,25Y,25,0.008916870788977073
2021-10-10,30Y,30,0.009217257325872894
2021-10-11,1Y,1,-0.00004000290028027223
2021-10-11,2Y,2,0.0001950157340751694
2021-10-11,3Y,3,0.0003600694999613582
2021-10-11,4Y,4,0.0006502627501680844
2021-10-11,5Y,5,0.0010007597235835801
2021-10-11,7Y,7,0.0019841487223591224
2021-10-11,10Y,10,0.0037226846436766024
2021-10-11,15Y,15,0.00693308823675975
2021-10-11,20Y,20,0.008570585361512086
2021-10-11,25Y,25,0.009299137960756465
2021-10-11,30Y,30,0.009579863658142292
2021-10-12,1Y,1,-0.00007000538177114496
2021-10-12,2Y,2,0.0001750140480899553
2021-10-12,3Y,3,0.0003500664568741236
2021-10-12,4Y,4,0.0005802142806772993
2021-10-12,5Y,5,0.0009206669836846245
2021-10-12,7Y,7,0.0020042053597759874
2021-10-12,10Y,10,0.003725915860788879
2021-10-12,15Y,15,0.006950438299488912
2021-10-12,20Y,20,0.008487534230129629
2021-10-12,25Y,25,0.009213584663877497
2021-10-12,30Y,30,0.009536424181236342
2021-10-13,1Y,1,-0.00016001190100612916
2021-10-13,2Y,2,0.00015001160346826264
2021-10-13,3Y,3,0.00036005884983219074
2021-10-13,4Y,4,0.0005101893984880624
2021-10-13,5Y,5,0.0008505818157433105
2021-10-13,7Y,7,0.0018536489604149416
2021-10-13,10Y,10,0.003621534107391409
2021-10-13,15Y,15,0.006867583263348609
2021-10-13,20Y,20,0.008416970550127792
2021-10-13,25Y,25,0.009106856166571302
2021-10-13,30Y,30,0.00939644927581403
2021-10-14,1Y,1,-0.00014001802785417304
2021-10-14,2Y,2,0.0001900187404473046
2021-10-14,3Y,3,0.00024004040996481474
2021-10-14,4Y,4,0.0003801193514665353
2021-10-14,5Y,5,0.000710419258576793
2021-10-14,7Y,7,0.0016930000829800166
2021-10-14,10Y,10,0.0034495536122328197
2021-10-14,15Y,15,0.006626154391684109
2021-10-14,20Y,20,0.00819378109124981
2021-10-14,25Y,25,0.008904689871651649
2021-10-14,30Y,30,0.009214847054062506
2021-10-15,1Y,1,-0.00018002104038145167
2021-10-15,2Y,2,0.0001900179793485656
2021-10-15,3Y,3,0.00030005012067396876
2021-10-15,4Y,4,0.0004151453329849905
2021-10-15,5Y,5,0.0007805032792084602
2021-10-15,7Y,7,0.0018034435398488213
2021-10-15,10Y,10,0.0036110919790320103
2021-10-15,15Y,15,0.0068104360818209125
2021-10-15,20Y,20,0.008412273366004074
2021-10-15,25Y,25,0.009021835503759427
2021-10-15,30Y,30,0.00927815012167687
2021-10-16,1Y,1,-0.00014001496441556888
2021-10-16,2Y,2,0.00015501220084796513
2021-10-16,3Y,3,0.00028004733582309975
2021-10-16,4Y,4,0.0005051851972192801
2021-10-16,5Y,5,0.0008205357786569913
2021-10-16,7Y,7,0.0017954192765382523
2021-10-16,10Y,10,0.0036080144460379823
2021-10-16,15Y,15,0.006754145440803787
2021-10-16,20Y,20,0.008378905122969738
2021-10-16,25Y,25,0.00905392079316093
2021-10-16,30Y,30,0.009343326413003589
2021-10-17,1Y,1,-0.00011001162026833058
2021-10-17,2Y,2,0.00003000141269593419
2021-10-17,3Y,3,0.00009000805617398073
2021-10-17,4Y,4,0.0004000959864771111
2021-10-17,5Y,5,0.0007404136794947
2021-10-17,7Y,7,0.001783316222726861
2021-10-17,10Y,10,0.0033753192573639777
2021-10-17,15Y,15,0.006689629867151537
2021-10-17,20Y,20,0.008251972920521008
2021-10-17,25Y,25,0.008948310250448867
2021-10-17,30Y,30,0.009216022486750942
2021-10-18,1Y,1,-0.00018001766449103973
2021-10-18,2Y,2,0.0002800397251166034
2021-10-18,3Y,3,0.0005401289657383637
2021-10-18,4Y,4,0.000620282607270895
2021-10-18,5Y,5,0.0009908140045925523
2021-10-18,7Y,7,0.001954120910747662
2021-10-18,10Y,10,0.0037497418850292214
2021-10-18,15Y,15,0.007050477449812304
2021-10-18,20Y,20,0.008628071756540547
2021-10-18,25Y,25,0.009287820104828868
2021-10-18,30Y,30,0.00955672310427284
2021-10-19,1Y,1,-0.0001800182271265474
2021-10-19,2Y,2,0.0002850408874924843
2021-10-19,3Y,3,0.0005001109518618937
2021-10-19,4Y,4,0.0006202931226328258
2021-10-19,5Y,5,0.001000803829225777
2021-10-19,7Y,7,0.001984210669394636
2021-10-19,10Y,10,0.003789920720192509
2021-10-19,15Y,15,0.007043333320423128
2021-10-19,20Y,20,0.008590074103619262
2021-10-19,25Y,25,0.00927791952962557
2021-10-19,30Y,30,0.009600891139904578
2021-10-20,1Y,1,-0.00007000756982374703
2021-10-20,2Y,2,0.00028503441207656524
2021-10-20,3Y,3,0.0004300997772066372
2021-10-20,4Y,4,0.0006202575531850229
2021-10-20,5Y,5,0.0009607378882714476
2021-10-20,7Y,7,0.001984151764400236
2021-10-20,10Y,10,0.0037767230520051403
2021-10-20,15Y,15,0.007112209112890874
2021-10-20,20Y,20,0.008762012239367484
2021-10-20,25Y,25,0.009363589475942768
2021-10-20,30Y,30,0.009611246934775507
2021-10-21,1Y,1,-0.00009000962005814542
2021-10-21,2Y,2,0.0003150426737040479
2021-10-21,3Y,3,0.0004901196784650653
2021-10-21,4Y,4,0.0006653019526300581
2021-10-21,5Y,5,0.0009807636447014857
2021-10-21,7Y,7,0.0020243147041721426
2021-10-21,10Y,10,0.003793244985589827
2021-10-21,15Y,15,0.007090855418703634
2021-10-21,20Y,20,0.008640632284934852
2021-10-21,25Y,25,0.009309805537350859
2021-10-21,30Y,30,0.009632851115194596
2021-10-22,1Y,1,-0.00014001759020792424
2021-10-22,2Y,2,0.0002450291870741525
2021-10-22,3Y,3,0.0005601722590363664
2021-10-22,4Y,4,0.0007703753547920455
2021-10-22,5Y,5,0.0009908443403756047
2021-10-22,7Y,7,0.0020424808603060306
2021-10-22,10Y,10,0.0037903282762519635
2021-10-22,15Y,15,0.007091875375776658
2021-10-22,20Y,20,0.008616518840770453
2021-10-22,25Y,25,0.009199477784586496
2021-10-22,30Y,30,0.00944490746052969
2021-10-24,1Y,1,-0.00014001759020792424
2021-10-24,2Y,2,0.0003500558445069491
2021-10-24,3Y,3,0.0005201329050349411
2021-10-24,4Y,4,0.0006653261892893858
2021-10-24,5Y,5,0.0010008036485403202
2021-10-24,7Y,7,0.0019761793385942527
2021-10-24,10Y,10,0.003820366456019705
2021-10-24,15Y,15,0.00701716750707014
2021-10-24,20Y,20,0.008558883293736635
2021-10-24,25Y,25,0.009189724719154314
2021-10-24,30Y,30,0.009468045875753856
2021-10-25,1Y,1,-0.00011001402726870545
2021-10-25,2Y,2,0.00027503493586899944
2021-10-25,3Y,3,0.00039008848765463826
2021-10-25,4Y,4,0.0005902513878326372
2021-10-25,5Y,5,0.0010408678620115258
2021-10-25,7Y,7,0.001984310036121455
2021-10-25,10Y,10,0.00371614202331642
2021-10-25,15Y,15,0.0071301134834491926
2021-10-25,20Y,20,0.008681417463713738
2021-10-25,25Y,25,0.009309513490397084
2021-10-25,30Y,30,0.009578291621197338
2021-10-26,1Y,1,-0.000030003037929428787
2021-10-26,2Y,2,0.0003750520886642005
2021-10-26,3Y,3,0.0005501446592019882
2021-10-26,4Y,4,0.0007653729424314206
2021-10-26,5Y,5,0.0011009303827845714
2021-10-26,7Y,7,0.002108716061426148
2021-10-26,10Y,10,0.003921624238708465
2021-10-26,15Y,15,0.007005929045442066
2021-10-26,20Y,20,0.00851145063105798
2021-10-26,25Y,25,0.009056165953160748
2021-10-26,30Y,30,0.009299578791304993
2021-10-27,1Y,1,-0.00013001560230345582
2021-10-27,2Y,2,0.00041507565996350647
2021-10-27,3Y,3,0.0006101677524302006
2021-10-27,4Y,4,0.0006402938777749733
2021-10-27,5Y,5,0.0009908036484434825
2021-10-27,7Y,7,0.0019340332913740654
2021-10-27,10Y,10,0.0038303542195882905
2021-10-27,15Y,15,0.00695056436713802
2021-10-27,20Y,20,0.00839491507229612
2021-10-27,25Y,25,0.00893980766161912
2021-10-27,30Y,30,0.009204045642574803
2021-10-28,1Y,1,-0.000040003900519786476
2021-10-28,2Y,2,0.00043006925698607125
2021-10-28,3Y,3,0.0005001043887906889
2021-10-28,4Y,4,0.000580234321830449
2021-10-28,5Y,5,0.0009206339370198661
2021-10-28,7Y,7,0.0019760190572595815
2021-10-28,10Y,10,0.003607839498650299
2021-10-28,15Y,15,0.0067793597909563755
2021-10-28,20Y,20,0.008245720642235319
2021-10-28,25Y,25,0.008756918783928846
2021-10-28,30Y,30,0.008955292311595217
2021-10-29,1Y,1,-0.0001000090635078937
2021-10-29,2Y,2,0.00039506689526069806
2021-10-29,3Y,3,0.0005801384578578452
2021-10-29,4Y,4,0.0006102596784484575
2021-10-29,5Y,5,0.0009006358512064984
2021-10-29,7Y,7,0.0018756736616924446
2021-10-29,10Y,10,0.0034694929874532804
2021-10-29,15Y,15,0.006538227912456782
2021-10-29,20Y,20,0.007951980711887775
2021-10-29,25Y,25,0.008445018130992105
2021-10-29,30Y,30,0.008587394566389258
2021-10-31,1Y,1,-0.000010000931375655149
2021-10-31,2Y,2,0.00036004572296726567
2021-10-31,3Y,3,0.00045009488706669864
2021-10-31,4Y,4,0.0005902259997886635
2021-10-31,5Y,5,0.0008805903323152701
2021-10-31,7Y,7,0.001735164382103421
2021-10-31,10Y,10,0.0035601876194139657
2021-10-31,15Y,15,0.006495475188168863
2021-10-31,20Y,20,0.00787725187307252
2021-10-31,25Y,25,0.008445712801409407
2021-10-31,30Y,30,0.00862084027274177
2021-11-01,1Y,1,-0.00007000800745862177
2021-11-01,2Y,2,0.0004750885437740642
2021-11-01,3Y,3,0.0005901491191962901
2021-11-01,4Y,4,0.0005652167968919805
2021-11-01,5Y,5,0.0008605840420188106
2021-11-01,7Y,7,0.0017753109790267067
2021-11-01,10Y,10,0.003324543570219203
2021-11-01,15Y,15,0.00637363213956582
2021-11-01,20Y,20,0.007814781922363638
2021-11-01,25Y,25,0.00833882637884319
2021-11-01,30Y,30,0.008481194986663443
2021-11-02,1Y,1,-0.00011001299567797678
2021-11-02,2Y,2,0.00035005352589440606
2021-11-02,3Y,3,0.0004100830293732914
2021-11-02,4Y,4,0.0004251452201137898
2021-11-02,5Y,5,0.0007204262788502227
2021-11-02,7Y,7,0.0015826286083135584
2021-11-02,10Y,10,0.0031058121318677506
2021-11-02,15Y,15,0.006127528344511813
2021-11-02,20Y,20,0.007585477115297421
2021-11-02,25Y,25,0.008235578204157941
2021-11-02,30Y,30,0.008421906320872852
2021-11-03,1Y,1,-0.00011001299567797678
2021-11-03,2Y,2,0.00035005352589440606
2021-11-03,3Y,3,0.0004100830293732914
2021-11-03,4Y,4,0.0004251452201137898
2021-11-03,5Y,5,0.0007204262788502227
2021-11-03,7Y,7,0.0015826286083135584
2021-11-03,10Y,10,0.0031058121318677506
2021-11-03,15Y,15,0.006127528344511813
2021-11-03,20Y,20,0.007585477115297421
2021-11-03,25Y,25,0.008235578204157941
2021-11-03,30Y,30,0.008421906320872852
2021-11-04,1Y,1,-0.000140011901175595
2021-11-04,2Y,2,0.00022502516608501006
2021-11-04,3Y,3,0.00026003147975167066
2021-11-04,4Y,4,0.00010001147604378282
2021-11-04,5Y,5,0.00045018992692294685
2021-11-04,7Y,7,0.0014320643432989709
2021-11-04,10Y,10,0.0025206490295562912
2021-11-04,15Y,15,0.005844904656078219
2021-11-04,20Y,20,0.00731154568183391
2021-11-04,25Y,25,0.008035986449023824
2021-11-04,30Y,30,0.008137854991498319
2021-11-05,1Y,1,-0.0002600355930792131
2021-11-05,2Y,2,-0.00005501782402734601
2021-11-05,3Y,3,-0.000060022240496083133
2021-11-05,4Y,4,0.00007498783998767639
2021-11-05,5Y,5,0.00044011823639682863
2021-11-05,7Y,7,0.001281678611029124
2021-11-05,10Y,10,0.002641594667540731
2021-11-05,15Y,15,0.0059616758535588
2021-11-05,20Y,20,0.0075926017062318395
2021-11-05,25Y,25,0.008405386528175258
2021-11-05,30Y,30,0.008597146022237455
2021-11-06,1Y,1,-0.0002600355930792131
2021-11-06,2Y,2,-0.00005501782402734601
2021-11-06,3Y,3,-0.000060022240496083133
2021-11-06,4Y,4,0.00007498783998767639
2021-11-06,5Y,5,0.00044011823639682863
2021-11-06,7Y,7,0.001281678611029124
2021-11-06,10Y,10,0.002641594667540731
2021-11-06,15Y,15,0.0059616758535588
2021-11-06,20Y,20,0.0075926017062318395
2021-11-06,25Y,25,0.008405386528175258
2021-11-06,30Y,30,0.008597146022237455
2021-11-07,1Y,1,-0.00019002090265746573
2021-11-07,2Y,2,0.000029994997166233494
2021-11-07,3Y,3,0.000049997630015997436
2021-11-07,4Y,4,0.0001400181426948093
2021-11-07,5Y,5,0.00047017235883424523
2021-11-07,7Y,7,0.0013719136550461512
2021-11-07,10Y,10,0.0030417478313566164
2021-11-07,15Y,15,0.006171143392879255
2021-11-07,20Y,20,0.007838832605775115
2021-11-07,25Y,25,0.008693947759225204
2021-11-07,30Y,30,0.008951665259980928
2021-11-08,1Y,1,-0.000260036405848317
2021-11-08,2Y,2,0.00014500642646535173
2021-11-08,3Y,3,1.4942392143491717e-9
2021-11-08,4Y,4,-0.00002000445832268843
2021-11-08,5Y,5,0.0004701303232693564
2021-11-08,7Y,7,0.0013438091528850647
2021-11-08,10Y,10,0.0026819280045087754
2021-11-08,15Y,15,0.006080564186983913
2021-11-08,20Y,20,0.00773338058945309
2021-11-08,25Y,25,0.008491688360572854
2021-11-08,30Y,30,0.008737018802759348
2021-11-09,1Y,1,-0.00019002268440985722
2021-11-09,2Y,2,0.00005999818356367632
2021-11-09,3Y,3,0.00007000147680224678
2021-11-09,4Y,4,0.00020003758712820315
2021-11-09,5Y,5,0.0005402251574242442
2021-11-09,7Y,7,0.0015343667419989125
2021-11-09,10Y,10,0.003008579934754187
2021-11-09,15Y,15,0.006267288259786737
2021-11-09,20Y,20,0.007962226120056447
2021-11-09,25Y,25,0.008714644776712526
2021-11-09,30Y,30,0.008960767833598832
2021-11-10,1Y,1,-0.00031004631412599927
2021-11-10,2Y,2,0.00007498953416633589
2021-11-10,3Y,3,0.00021001731077239009
2021-11-10,4Y,4,0.00032009697862871265
2021-11-10,5Y,5,0.000640359826785865
2021-11-10,7Y,7,0.0015144850921854475
2021-11-10,10Y,10,0.003122752121019885
2021-11-10,15Y,15,0.006159289213096794
2021-11-10,20Y,20,0.007829367873926836
2021-11-10,25Y,25,0.008714611222604807
2021-11-10,30Y,30,0.00904733839525621
2021-11-11,1Y,1,-0.00024003015433615498
2021-11-11,2Y,2,0.00016501155606995233
2021-11-11,3Y,3,0.00010000777346977984
2021-11-11,4Y,4,0.00011002728975062731
2021-11-11,5Y,5,0.0005602252475719826
2021-11-11,7Y,7,0.0013819797773193807
2021-11-11,10Y,10,0.0027322423945484757
2021-11-11,15Y,15,0.0060001802855608865
2021-11-11,20Y,20,0.007767589946537784
2021-11-11,25Y,25,0.008696671979404446
2021-11-11,30Y,30,0.009084579592060804
2021-11-12,1Y,1,-0.00021001824555237433
2021-11-12,2Y,2,0.0001900191866131187
2021-11-12,3Y,3,0.00043007858234723963
2021-11-12,4Y,4,0.0004201439456059852
2021-11-12,5Y,5,0.0006503808105723859
2021-11-12,7Y,7,0.001632783947900814
2021-11-12,10Y,10,0.0033546177514722515
2021-11-12,15Y,15,0.006395321203399627
2021-11-12,20Y,20,0.008062105732945262
2021-11-12,25Y,25,0.008960759988496717
2021-11-12,30Y,30,0.009359733859890033
2021-11-13,1Y,1,-0.00021001824555237433
2021-11-13,2Y,2,0.000024992564160558487
2021-11-13,3Y,3,0.00019001396489337557
2021-11-13,4Y,4,0.0003600961561532319
2021-11-13,5Y,5,0.0006503430590795328
2021-11-13,7Y,7,0.0014723173368998864
2021-11-13,10Y,10,0.002906949192162611
2021-11-13,15Y,15,0.0060678851158727535
2021-11-13,20Y,20,0.007769049479309158
2021-11-13,25Y,25,0.008705148332672073
2021-11-13,30Y,30,0.009081788879429929
2021-11-14,1Y,1,-0.00008000785098422078
2021-11-14,2Y,2,0.00019501789139047643
2021-11-14,3Y,3,0.00026004201918454137
2021-11-14,4Y,4,0.00042012898166032066
2021-11-14,5Y,5,0.0006903814614630104
2021-11-14,7Y,7,0.0016086963377358278
2021-11-14,10Y,10,0.0032876040853931135
2021-11-14,15Y,15,0.006318582278887949
2021-11-14,20Y,20,0.008143387369817907
2021-11-14,25Y,25,0.009014752545408466
2021-11-14,30Y,30,0.009371657757985645
2021-11-15,1Y,1,-0.00011001402726870545
2021-11-15,2Y,2,0.00018501823572422867
2021-11-15,3Y,3,0.00015002101610760865
2021-11-15,4Y,4,0.0003551075240006
2021-11-15,5Y,5,0.0006803517934338137
2021-11-15,7Y,7,0.0015826005640924125
2021-11-15,10Y,10,0.003183183469949713
2021-11-15,15Y,15,0.006318218902401407
2021-11-15,20Y,20,0.008049040664983681
2021-11-15,25Y,25,0.008897884578393855
2021-11-15,30Y,30,0.00929641309997389
2021-11-16,1Y,1,-0.0002000187519991221
2021-11-16,2Y,2,0.00011000376345192281
2021-11-16,3Y,3,0.00024002731763209779
2021-11-16,4Y,4,0.0003851244034285463
2021-11-16,5Y,5,0.0007104020279026691
2021-11-16,7Y,7,0.001705012229290257
2021-11-16,10Y,10,0.003260931770724462
2021-11-16,15Y,15,0.006447955840855903
2021-11-16,20Y,20,0.008149138982758214
2021-11-16,25Y,25,0.0090152359131058
2021-11-16,30Y,30,0.009393175885856645
2021-11-17,1Y,1,-0.0002300290417146011
2021-11-17,2Y,2,0.00016501189244613323
2021-11-17,3Y,3,0.00031005084486583075
2021-11-17,4Y,4,0.0004101471340587174
2021-11-17,5Y,5,0.0007004249972710579
2021-11-17,7Y,7,0.0017231044628957417
2021-11-17,10Y,10,0.0033082133204522385
2021-11-17,15Y,15,0.006473165866864651
2021-11-17,20Y,20,0.008267844449739636
2021-11-17,25Y,25,0.009123400313362388
2021-11-17,30Y,30,0.009513274907037919
2021-11-18,1Y,1,-0.00023002185236070772
2021-11-18,2Y,2,9.989323259666338e-6
2021-11-18,3Y,3,0.00015000502564796887
2021-11-18,4Y,4,0.0006152615879185049
2021-11-18,5Y,5,0.0009806492528453964
2021-11-18,7Y,7,0.0017032274558000425
2021-11-18,10Y,10,0.003476455229059991
2021-11-18,15Y,15,0.006638133132666756
2021-11-18,20Y,20,0.00841912214754102
2021-11-18,25Y,25,0.009318118622833296
2021-11-18,30Y,30,0.00975310891937389
2021-11-19,1Y,1,-0.0002400234025967351
2021-11-19,2Y,2,-0.00003001499997740058
2021-11-19,3Y,3,0.00009999486617297748
2021-11-19,4Y,4,0.0002600469723714254
2021-11-19,5Y,5,0.0005902723647560563
2021-11-19,7Y,7,0.0013519767816307406
2021-11-19,10Y,10,0.003041527449827266
2021-11-19,15Y,15,0.006395619606851092
2021-11-19,20Y,20,0.008077171615762936
2021-11-19,25Y,25,0.009009545247133287
2021-11-19,30Y,30,0.009442738924719354
2021-11-20,1Y,1,-0.00024003090456416705
2021-11-20,2Y,2,0.000019989759237740238
2021-11-20,3Y,3,0.00009999956950278066
2021-11-20,4Y,4,0.00026005326130367927
2021-11-20,5Y,5,0.0005902811455249369
2021-11-20,7Y,7,0.0013519887778085378
2021-11-20,10Y,10,0.0030415444472367114
2021-11-20,15Y,15,0.0063956421317400095
2021-11-20,20Y,20,0.00807719135134727
2021-11-20,25Y,25,0.00900956220652495
2021-11-20,30Y,30,0.009442754472341367
2021-11-21,1Y,1,-0.00015001640838587115
2021-11-21,2Y,2,0.00008500299444758536
2021-11-21,3Y,3,0.00017002050873845626
2021-11-21,4Y,4,0.000380105507527892
2021-11-21,5Y,5,0.000670361524206516
2021-11-21,7Y,7,0.0015645916632164606
2021-11-21,10Y,10,0.0033851421555557916
2021-11-21,15Y,15,0.0065645747825846725
2021-11-21,20Y,20,0.00838285140388274
2021-11-21,25Y,25,0.009298815107919259
2021-11-21,30Y,30,0.009745124164888083
2021-11-22,1Y,1,-0.00016001640196656232
2021-11-22,2Y,2,0.00010500456014189687
2021-11-22,3Y,3,0.0002400344598477651
2021-11-22,4Y,4,0.00040011871537290526
2021-11-22,5Y,5,0.0006103179445190071
2021-11-22,7Y,7,0.0016126731060795547
2021-11-22,10Y,10,0.0033114434288212544
2021-11-22,15Y,15,0.006503966236996851
2021-11-22,20Y,20,0.008360783196935732
2021-11-22,25Y,25,0.009287665362590803
2021-11-22,30Y,30,0.009734031969364818
2021-11-23,1Y,1,-0.00016001640196656232
2021-11-23,2Y,2,0.0001200065452339839
2021-11-23,3Y,3,0.0002800453129476104
2021-11-23,4Y,4,0.00046015261764308156
2021-11-23,5Y,5,0.0006603690438476677
2021-11-23,7Y,7,0.0017230298438862758
2021-11-23,10Y,10,0.003449543553787546
2021-11-23,15Y,15,0.006572157935248882
2021-11-23,20Y,20,0.008462049629407147
2021-11-23,25Y,25,0.009394372249548005
2021-11-23,30Y,30,0.00982014279265398
2021-11-24,1Y,1,-0.00014001408918403526
2021-11-24,2Y,2,0.00016001285005885665
2021-11-24,3Y,3,0.0002800450332350556
2021-11-24,4Y,4,0.0004901784245968336
2021-11-24,5Y,5,0.0007904930360373377
2021-11-24,7Y,7,0.0018254480507148424
2021-11-24,10Y,10,0.0033958191117962927
2021-11-24,15Y,15,0.006652033483478883
2021-11-24,20Y,20,0.008441304463133315
2021-11-24,25Y,25,0.009371986932943228
2021-11-24,30Y,30,0.009840107495484455
2021-11-25,1Y,1,-0.00023002185236070772
2021-11-25,2Y,2,0.00016001209325155414
2021-11-25,3Y,3,0.00035005249467712365
2021-11-25,4Y,4,0.00041514982220763777
2021-11-25,5Y,5,0.0007504736713148402
2021-11-25,7Y,7,0.0017331795239352282
2021-11-25,10Y,10,0.0033823248804884386
2021-11-25,15Y,15,0.006615299566320288
2021-11-25,20Y,20,0.008470568224278338
2021-11-25,25Y,25,0.00938449733157808
2021-11-25,30Y,30,0.009885317896633676
2021-11-26,1Y,1,-0.0002500312544571345
2021-11-26,2Y,2,0.0001350052013887599
2021-11-26,3Y,3,0.00023002642562573765
2021-11-26,4Y,4,0.000315100354657221
2021-11-26,5Y,5,0.0006203244925934657
2021-11-26,7Y,7,0.0014542693407609839
2021-11-26,10Y,10,0.003176461450169908
2021-11-26,15Y,15,0.006433346411628965
2021-11-26,20Y,20,0.00822492451909461
2021-11-26,25Y,25,0.009214032854185638
2021-11-26,30Y,30,0.009692666782909629
2021-11-27,1Y,1,-0.0002500312544571345
2021-11-27,2Y,2,-0.000015014592202944603
2021-11-27,3Y,3,0.00004998982930656446
2021-11-27,4Y,4,0.00021503194805509615
2021-11-27,5Y,5,0.0005902622730519556
2021-11-27,7Y,7,0.0013640200360546429
2021-11-27,10Y,10,0.002873588424845821
2021-11-27,15Y,15,0.006325364361802675
2021-11-27,20Y,20,0.008019474917584061
2021-11-27,25Y,25,0.009010428855129975
2021-11-27,30Y,30,0.00945517011357513
2021-11-28,1Y,1,-0.00015001969065575415
2021-11-28,2Y,2,0.000135010246767926
2021-11-28,3Y,3,0.00017002394695883616
2021-11-28,4Y,4,0.0003400946755936422
2021-11-28,5Y,5,0.000640339189874924
2021-11-28,7Y,7,0.0015184393361360516
2021-11-28,10Y,10,0.0033313547907164814
2021-11-28,15Y,15,0.006456716394901639
2021-11-28,20Y,20,0.008270443724076131
2021-11-28,25Y,25,0.009278442855282516
2021-11-28,30Y,30,0.009811408560107496
2021-11-29,1Y,1,-0.00027003426119338094
2021-11-29,2Y,2,0.00012500213548419275
2021-11-29,3Y,3,0.0002500290683393947
2021-11-29,4Y,4,0.00033010807594706403
2021-11-29,5Y,5,0.0006503621442102283
2021-11-29,7Y,7,0.0015245135555293032
2021-11-29,10Y,10,0.003284164568641348
2021-11-29,15Y,15,0.006527663892098681
2021-11-29,20Y,20,0.00830394796307744
2021-11-29,25Y,25,0.009377202854031395
2021-11-29,30Y,30,0.009954927982058695
2021-11-30,1Y,1,-0.0003400469698834033
2021-11-30,2Y,2,0.000044981304212550125
2021-11-30,3Y,3,0.00013999662070110586
2021-11-30,4Y,4,-0.0001150021550095469
2021-11-30,5Y,5,0.00014002834690004
2021-11-30,7Y,7,0.0011131418698907857
2021-11-30,10Y,10,0.002604315606968408
2021-11-30,15Y,15,0.0059718042842459495
2021-11-30,20Y,20,0.007706432599158016
2021-11-30,25Y,25,0.008744644044805135
2021-11-30,30Y,30,0.009241524487818903
2021-12-01,1Y,1,-0.0001900197148500181
2021-12-01,2Y,2,-0.00011500954123019308
2021-12-01,3Y,3,-0.00007002027857634519
2021-12-01,4Y,4,0.0001749938993212769
2021-12-01,5Y,5,0.0006803019086790893
2021-12-01,7Y,7,0.0013821511189974415
2021-12-01,10Y,10,0.0030890693734915765
2021-12-01,15Y,15,0.006215889161934374
2021-12-01,20Y,20,0.008015454633518538
2021-12-01,25Y,25,0.009074534805648092
2021-12-01,30Y,30,0.00955252044532132
2021-12-02,1Y,1,-0.0003000300035123061
2021-12-02,2Y,2,-0.000020021310943875035
2021-12-02,3Y,3,0.00011999104313622721
2021-12-02,4Y,4,0.0001850316353776493
2021-12-02,5Y,5,0.0005102091656197119
2021-12-02,7Y,7,0.001323864846595639
2021-12-02,10Y,10,0.0030484516102506206
2021-12-02,15Y,15,0.006211931626008885
2021-12-02,20Y,20,0.007924610984801683
2021-12-02,25Y,25,0.008912778561961092
2021-12-02,30Y,30,0.009366861135535056
2021-12-03,1Y,1,-0.0002200237904315825
2021-12-03,2Y,2,-0.000045013091349184724
2021-12-03,3Y,3,-1.348461813532268e-8
2021-12-03,4Y,4,0.00014000648692709514
2021-12-03,5Y,5,0.00040011475521575086
2021-12-03,7Y,7,0.0013217197175245906
2021-12-03,10Y,10,0.003041449222603792
2021-12-03,15Y,15,0.006104921540249747
2021-12-03,20Y,20,0.007680341793901799
2021-12-03,25Y,25,0.008546262840520673
2021-12-03,30Y,30,0.008973830393285216
2021-12-06,1Y,1,-0.00020002000228191825
2021-12-06,2Y,2,-0.00003001029168313898
2021-12-06,3Y,3,-0.00006001110808800776
2021-12-06,4Y,4,0.000059994493212157566
2021-12-06,5Y,5,0.00038007854471705976
2021-12-06,7Y,7,0.0012334872636018872
2021-12-06,10Y,10,0.0030009061609109046
2021-12-06,15Y,15,0.006083080616909295
2021-12-06,20Y,20,0.007616889418213927
2021-12-06,25Y,25,0.008418078844005897
2021-12-06,30Y,30,0.00885460819740889
2021-12-07,1Y,1,-0.00029003643644910464
2021-12-07,2Y,2,0.0000649901656280156
2021-12-07,3Y,3,0.00015000420235712687
2021-12-07,4Y,4,0.00014002911934295743
2021-12-07,5Y,5,0.00041015464336482857
2021-12-07,7Y,7,0.0013317945898586709
2021-12-07,10Y,10,0.0030754351568948153
2021-12-07,15Y,15,0.006234436792294521
2021-12-07,20Y,20,0.007862220119934654
2021-12-07,25Y,25,0.008740250133222011
2021-12-07,30Y,30,0.009212696566610386
2021-12-08,1Y,1,-0.0001900197148500181
2021-12-08,2Y,2,-0.000025008751195356328
2021-12-08,3Y,3,0.00004999439977946529
2021-12-08,4Y,4,0.0002350328903141816
2021-12-08,5Y,5,0.0004401541916073179
2021-12-08,7Y,7,0.0013017191492011022
2021-12-08,10Y,10,0.003075359342913911
2021-12-08,15Y,15,0.006328759245399731
2021-12-08,20Y,20,0.007955327906407818
2021-12-08,25Y,25,0.008869654887116885
2021-12-08,30Y,30,0.009333061806647783
2021-12-09,1Y,1,-0.00019001912095456327
2021-12-09,2Y,2,-0.00001500842171772948
2021-12-09,3Y,3,-0.000010008987443754411
2021-12-09,4Y,4,0.00006999972996772229
2021-12-09,5Y,5,0.0003200713329061136
2021-12-09,7Y,7,0.001181353959287484
2021-12-09,10Y,10,0.0030547566531058403
2021-12-09,15Y,15,0.006147424555379465
2021-12-09,20Y,20,0.007841897865782113
2021-12-09,25Y,25,0.00876406901068814
2021-12-09,30Y,30,0.009280506924548742
2021-12-10,1Y,1,-0.00026003396756342636
2021-12-10,2Y,2,0.00006999367167782514
2021-12-10,3Y,3,0.00012000355441485873
2021-12-10,4Y,4,0.00019004163491748489
2021-12-10,5Y,5,0.0004701862390808566
2021-12-10,7Y,7,0.0013719293215003203
2021-12-10,10Y,10,0.003116017222056441
2021-12-10,15Y,15,0.006238330661948484
2021-12-10,20Y,20,0.007926396577502437
2021-12-10,25Y,25,0.008869590635411024
2021-12-10,30Y,30,0.009386828980943047
2021-12-11,1Y,1,-0.00026003396756342636
2021-12-11,2Y,2,-0.00005001797192537367
2021-12-11,3Y,3,-0.000020019772172661342
2021-12-11,4Y,4,0.00013500187581805923
2021-12-11,5Y,5,0.0004001091511966592
2021-12-11,7Y,7,0.0011814142586843385
2021-12-11,10Y,10,0.00269182897232527
2021-12-11,15Y,15,0.005960359278024081
2021-12-11,20Y,20,0.00760845409271255
2021-12-11,25Y,25,0.008527112526469805
2021-12-11,30Y,30,0.008977275615751925
2021-12-12,1Y,1,-0.0001900203087509621
2021-12-12,2Y,2,9.993351532515632e-6
2021-12-12,3Y,3,0.00004999644857498864
2021-12-12,4Y,4,0.00020503146935599035
2021-12-12,5Y,5,0.0004401501325538705
2021-12-12,7Y,7,0.0013778845542162543
2021-12-12,10Y,10,0.003132782178999339
2021-12-12,15Y,15,0.00623092407140414
2021-12-12,20Y,20,0.007954804450812595
2021-12-12,25Y,25,0.008901833885861323
2021-12-12,30Y,30,0.009398125185624629
2021-12-13,1Y,1,-0.00030004125644636265
2021-12-13,2Y,2,0.00003998529981516291
2021-12-13,3Y,3,0.0000999953087169802
2021-12-13,4Y,4,0.00008501195283680053
2021-12-13,5Y,5,0.00038012917085952997
2021-12-13,7Y,7,0.0012736497183758052
2021-12-13,10Y,10,0.002994945216882225
2021-12-13,15Y,15,0.006219892235701947
2021-12-13,20Y,20,0.007889719644610296
2021-12-13,25Y,25,0.008817216048355496
2021-12-13,30Y,30,0.009334029249126654
2021-12-14,1Y,1,-0.000210022840340709
2021-12-14,2Y,2,-0.00015001139150472265
2021-12-14,3Y,3,-0.00015002501588279673
2021-12-14,4Y,4,0.0002950118347902784
2021-12-14,5Y,5,0.0006301981528254174
2021-12-14,7Y,7,0.0012837972519385364
2021-12-14,10Y,10,0.0030486933197057774
2021-12-14,15Y,15,0.006269155167799317
2021-12-14,20Y,20,0.007934068614361913
2021-12-14,25Y,25,0.008869725648482636
2021-12-14,30Y,30,0.009312030687176358
2021-12-15,1Y,1,-0.0001900203087509621
2021-12-15,2Y,2,-0.000020008362756806028
2021-12-15,3Y,3,-0.000010009838104920837
2021-12-15,4Y,4,0.00011000401987964528
2021-12-15,5Y,5,0.0004101189997439108
2021-12-15,7Y,7,0.0012916655107267482
2021-12-15,10Y,10,0.0030654051736891037
2021-12-15,15Y,15,0.0062616863571355805
2021-12-15,20Y,20,0.007962426728848905
2021-12-15,25Y,25,0.00893470151210208
2021-12-15,30Y,30,0.009388839260620134
2021-12-16,1Y,1,-0.00021003006132371528
2021-12-16,2Y,2,9.993589050823551e-6
2021-12-16,3Y,3,-0.00005001284563583758
2021-12-16,4Y,4,0.00008999994022274548
2021-12-16,5Y,5,0.0003800941793962058
2021-12-16,7Y,7,0.001181413015035445
2021-12-16,10Y,10,0.00300099445149278
2021-12-16,15Y,15,0.006140077719870001
2021-12-16,20Y,20,0.007811819793250968
2021-12-16,25Y,25,0.008795916246602241
2021-12-16,30Y,30,0.009270379413047628
2021-12-17,1Y,1,-0.00021003006132371528
2021-12-17,2Y,2,9.993589050823551e-6
2021-12-17,3Y,3,-0.00005001284563583758
2021-12-17,4Y,4,0.00008999994022274548
2021-12-17,5Y,5,0.0003800941793962058
2021-12-17,7Y,7,0.0012816029211357666
2021-12-17,10Y,10,0.003041621074367065
2021-12-17,15Y,15,0.006181492481294385
2021-12-17,20Y,20,0.007827255417590604
2021-12-17,25Y,25,0.008871719501943053
2021-12-17,30Y,30,0.009432897679239697
2021-12-18,1Y,1,-0.00031004243784745085
2021-12-18,2Y,2,-0.00011002894827678633
2021-12-18,3Y,3,-0.00009003345639593477
2021-12-18,4Y,4,0.00003497051780285517
2021-12-18,5Y,5,0.00028002431211235037
2021-12-18,7Y,7,0.0010730949161794345
2021-12-18,10Y,10,0.002530446924847834
2021-12-18,15Y,15,0.005849725615141996
2021-12-18,20Y,20,0.007509534682866458
2021-12-18,25Y,25,0.008529085226655807
2021-12-18,30Y,30,0.009002008928709396
2021-12-19,1Y,1,-0.00021002415319214138
2021-12-19,2Y,2,-0.000020010287162948497
2021-12-19,3Y,3,-0.00001001153806785661
2021-12-19,4Y,4,0.00010000209062755204
2021-12-19,5Y,5,0.00034008251513528373
2021-12-19,7Y,7,0.001205420883227171
2021-12-19,10Y,10,0.003075141248563791
2021-12-19,15Y,15,0.006091813892822828
2021-12-19,20Y,20,0.00784887619137519
2021-12-19,25Y,25,0.00881703767875001
2021-12-19,30Y,30,0.009291672481548188
2021-12-20,1Y,1,-0.00032003460436583875
2021-12-20,2Y,2,-0.0001700328261328725
2021-12-20,3Y,3,-0.0000800385728037377
2021-12-20,4Y,4,0.000024964276777271932
2021-12-20,5Y,5,0.00022000266252079792
2021-12-20,7Y,7,0.0010329729624095865
2021-12-20,10Y,10,0.002526983551021445
2021-12-20,15Y,15,0.0057455437174227094
2021-12-20,20Y,20,0.007423468670194888
2021-12-20,25Y,25,0.008475387131395045
2021-12-20,30Y,30,0.008948101591763702
2021-12-21,1Y,1,-0.00027003257321309604
2021-12-21,2Y,2,-0.00006502074634006784
2021-12-21,3Y,3,-0.000010020887899031333
2021-12-21,4Y,4,0.0001350013440354145
2021-12-21,5Y,5,0.0006703060594551435
2021-12-21,7Y,7,0.0013641181160314445
2021-12-21,10Y,10,0.0031598085140476764
2021-12-21,15Y,15,0.006257976074672577
2021-12-21,20Y,20,0.007902422522543986
2021-12-21,25Y,25,0.008934101756351604
2021-12-21,30Y,30,0.009463250396371326
2021-12-22,1Y,1,-0.00025003047298061023
2021-12-22,2Y,2,0.00011500161166031072
2021-12-22,3Y,3,0.00023002556019961998
2021-12-22,4Y,4,0.00028008025724415863
2021-12-22,5Y,5,0.000590306754535203
2021-12-22,7Y,7,0.0015846125101227466
2021-12-22,10Y,10,0.003200381493911682
2021-12-22,15Y,15,0.006272303338336949
2021-12-22,20Y,20,0.007988403538790058
2021-12-22,25Y,25,0.008942029926521187
2021-12-22,30Y,30,0.009406140190655088
2021-12-23,1Y,1,-0.0002600234024447812
2021-12-23,2Y,2,-0.00010002110173520332
2021-12-23,3Y,3,0.000059982896349211525
2021-12-23,4Y,4,0.0002450276334546819
2021-12-23,5Y,5,0.000500191363984879
2021-12-23,7Y,7,0.001201574025592418
2021-12-23,10Y,10,0.002769197576872701
2021-12-23,15Y,15,0.006059670806481022
2021-12-23,20Y,20,0.0077246318924811905
2021-12-23,25Y,25,0.008698821617575576
2021-12-23,30Y,30,0.009193818596196704
2021-12-24,1Y,1,-0.00016001490160478987
2021-12-24,2Y,2,0.00005999934077745846
2021-12-24,3Y,3,0.00018001890209659967
2021-12-24,4Y,4,0.0003300803295522725
2021-12-24,5Y,5,0.00031009228136769036
2021-12-24,7Y,7,0.0012234283975059931
2021-12-24,10Y,10,0.002779002502111219
2021-12-24,15Y,15,0.006069566360477077
2021-12-24,20Y,20,0.007761235842275317
2021-12-24,25Y,25,0.008741208492442752
2021-12-24,30Y,30,0.009215393985552966
2021-12-26,1Y,1,-0.0002600234024447812
2021-12-26,2Y,2,0.00004999178541017215
2021-12-26,3Y,3,0.00024001866553608899
2021-12-26,4Y,4,0.0003451025411398844
2021-12-26,5Y,5,0.0005902958969355739
2021-12-26,7Y,7,0.0014843260885242467
2021-12-26,10Y,10,0.0032136282272987584
2021-12-26,15Y,15,0.006275781293970368
2021-12-26,20Y,20,0.008060618555976385
2021-12-26,25Y,25,0.009040669206379456
2021-12-26,30Y,30,0.009549327931281522
2021-12-27,1Y,1,-0.00017001678941695644
2021-12-27,2Y,2,0.00006999990322622545
2021-12-27,3Y,3,0.0001500130368225277
2021-12-27,4Y,4,0.00028006488168903527
2021-12-27,5Y,5,0.0005602574790412384
2021-12-27,7Y,7,0.0014141030759791792
2021-12-27,10Y,10,0.003226830322982977
2021-12-27,15Y,15,0.0063226995793789955
2021-12-27,20Y,20,0.008046237753093306
2021-12-27,25Y,25,0.00894325675725956
2021-12-27,30Y,30,0.009407161580168587
2021-12-28,1Y,1,-0.00017001678941695644
2021-12-28,2Y,2,0.0001000034482434122
2021-12-28,3Y,3,0.00021002508261531563
2021-12-28,4Y,4,0.00035009815665996904
2021-12-28,5Y,5,0.0005902906908643363
2021-12-28,7Y,7,0.001496336474100426
2021-12-28,10Y,10,0.0032774708158496736
2021-12-28,15Y,15,0.006374284727168751
2021-12-28,20Y,20,0.008098565063209818
2021-12-28,25Y,25,0.0089961600691809
2021-12-28,30Y,30,0.009460400650994806
2021-12-29,1Y,1,-0.00017001678941695644
2021-12-29,2Y,2,0.00011500547818205025
2021-12-29,3Y,3,0.00023002949931254303
2021-12-29,4Y,4,0.000360104918205925
2021-12-29,5Y,5,0.0006303305748005504
2021-12-29,7Y,7,0.001488362934957126
2021-12-29,10Y,10,0.0032875552061766744
2021-12-29,15Y,15,0.006384553431696544
2021-12-29,20Y,20,0.008108984301626588
2021-12-29,25Y,25,0.00903954018817463
2021-12-29,30Y,30,0.009536685204879663
2021-12-30,1Y,1,-0.00006000146254060064
2021-12-30,2Y,2,0.00001499964091061697
2021-12-30,3Y,3,0.0002000203958126066
2021-12-30,4Y,4,0.00043010349917492604
2021-12-30,5Y,5,0.0007904717445964221
2021-12-30,7Y,7,0.0017733127552336902
2021-12-30,10Y,10,0.003493556241105077
2021-12-30,15Y,15,0.006736164013561534
2021-12-30,20Y,20,0.008456572689970299
2021-12-30,25Y,25,0.009328178702076938
2021-12-30,30Y,30,0.00980568607753489
2021-12-31,1Y,1,-0.00006000146254060064
2021-12-31,2Y,2,0.00001499964091061697
2021-12-31,3Y,3,0.0002000203958126066
2021-12-31,4Y,4,0.00043010349917492604
2021-12-31,5Y,5,0.0007904717445964221
2021-12-31,7Y,7,0.0017733127552336902
2021-12-31,10Y,10,0.003493556241105077
2021-12-31,15Y,15,0.006736164013561534
2021-12-31,20Y,20,0.008456572689970299
2021-12-31,25Y,25,0.009328178702076938
2021-12-31,30Y,30,0.00980568607753489
2022-01-01,1Y,1,-0.00006000146254060064
2022-01-01,2Y,2,0.000030000240928746528
2022-01-01,3Y,3,0.0001600122275481724
2022-01-01,4Y,4,0.00041510584689325895
2022-01-01,5Y,5,0.0007704193144514944
2022-01-01,7Y,7,0.001632795435122111
2022-01-01,10Y,10,0.0038540587752326433
2022-01-01,15Y,15,0.006795086457126837
2022-01-01,20Y,20,0.008182538424649489
2022-01-01,25Y,25,0.009124081360006312
2022-01-01,30Y,30,0.009621164455162326
2022-01-02,1Y,1,-0.00006000146254060064
2022-01-02,2Y,2,0.000030000240928746528
2022-01-02,3Y,3,0.0001600122275481724
2022-01-02,4Y,4,0.00041510584689325895
2022-01-02,5Y,5,0.0007704193144514944
2022-01-02,7Y,7,0.001632795435122111
2022-01-02,10Y,10,0.003216845466732322
2022-01-02,15Y,15,0.007549867622603405
2022-01-02,20Y,20,0.007646097668223709
2022-01-02,25Y,25,0.008586173791342943
2022-01-02,30Y,30,0.009610882630924366
2022-01-03,1Y,1,-0.00006000146254060064
2022-01-03,2Y,2,0.00001499964091061697
2022-01-03,3Y,3,0.0002000203958126066
2022-01-03,4Y,4,0.00043010349917492604
2022-01-03,5Y,5,0.0007904717445964221
2022-01-03,7Y,7,0.0017733127552336902
2022-01-03,10Y,10,0.003493556241105077
2022-01-03,15Y,15,0.006736164013561534
2022-01-03,20Y,20,0.008456572689970299
2022-01-03,25Y,25,0.009328178702076938
2022-01-03,30Y,30,0.00980568607753489
2022-01-04,1Y,1,-0.00013000260012080707
2022-01-04,2Y,2,0.0002700420105159885
2022-01-04,3Y,3,0.0006501420608873495
2022-01-04,4Y,4,0.000700316991749561
2022-01-04,5Y,5,0.0004700951196129928
2022-01-04,7Y,7,0.0016883049827287494
2022-01-04,10Y,10,0.0037601298188910098
2022-01-04,15Y,15,0.006839780794803715
2022-01-04,20Y,20,0.00848956591925486
2022-01-04,25Y,25,0.009344572482156694
2022-01-04,30Y,30,0.009799477011085541
2022-01-05,1Y,1,0.00006999943126768373
2022-01-05,2Y,2,0.00020500832267846146
2022-01-05,3Y,3,0.0004500744857840812
2022-01-05,4Y,4,0.0007002555468718918
2022-01-05,5Y,5,0.0010107298896719036
2022-01-05,7Y,7,0.0020623365624399
2022-01-05,10Y,10,0.0038268263834682274
2022-01-05,15Y,15,0.006922443088460164
2022-01-05,20Y,20,0.008606164443276821
2022-01-05,25Y,25,0.009451938226880317
2022-01-05,30Y,30,0.009940146872938722
2022-01-06,1Y,1,0.00009999875005178561
2022-01-06,2Y,2,0.0003000183025748757
2022-01-06,3Y,3,0.0005601033252538971
2022-01-06,4Y,4,0.00087040774779959
2022-01-06,5Y,5,0.0013212173274612053
2022-01-06,7Y,7,0.0022613064761451617
2022-01-06,10Y,10,0.00419478551806565
2022-01-06,15Y,15,0.007246699291771962
2022-01-06,20Y,20,0.008970074457243838
2022-01-06,25Y,25,0.009858613738776912
2022-01-06,30Y,30,0.010318173735015151
2022-01-07,1Y,1,0.00010999835007017223
2022-01-07,2Y,2,0.0004300458898132231
2022-01-07,3Y,3,0.0007901999165253946
2022-01-07,4Y,4,0.0011106664326733314
2022-01-07,5Y,5,0.001591759653140031
2022-01-07,7Y,7,0.002653297182661353
2022-01-07,10Y,10,0.004394400504690374
2022-01-07,15Y,15,0.007378517006924993
2022-01-07,20Y,20,0.009146516055041952
2022-01-07,25Y,25,0.010037345333661676
2022-01-07,30Y,30,0.010519609457367091
2022-01-10,1Y,1,-0.00005999846260057515
2022-01-10,2Y,2,0.0004300902076567319
2022-01-10,3Y,3,0.00015998620613937178
2022-01-10,4Y,4,0.001111149823187482
2022-01-10,5Y,5,0.0007700017405643312
2022-01-10,7Y,7,0.0016310469580510132
2022-01-10,10Y,10,0.002156108633671024
2022-01-10,15Y,15,0.007134958900572193
2022-01-10,20Y,20,0.010347553836320059
2022-01-10,25Y,25,0.009066480662926795
2022-01-10,30Y,30,0.005006279444211499
2022-01-11,1Y,1,0.00010999835007017223
2022-01-11,2Y,2,0.0004300458898132231
2022-01-11,3Y,3,0.0007501726948707453
2022-01-11,4Y,4,0.0010606161386555893
2022-01-11,5Y,5,0.0015416315698770166
2022-01-11,7Y,7,0.002546717596756398
2022-01-11,10Y,10,0.004306357745082548
2022-01-11,15Y,15,0.007252999842118549
2022-01-11,20Y,20,0.009212405610011944
2022-01-11,25Y,25,0.009645822967587332
2022-01-11,30Y,30,0.009263998555005514
2022-01-12,1Y,1,0.00010999835007017223
2022-01-12,2Y,2,0.0003700307783747629
2022-01-12,3Y,3,0.0007301805546853868
2022-01-12,4Y,4,0.0010706078941209193
2022-01-12,5Y,5,0.0012911092493303753
2022-01-12,7Y,7,0.002363660360666907
2022-01-12,10Y,10,0.0041947797091571835
2022-01-12,15Y,15,0.007139440188876946
2022-01-12,20Y,20,0.008694780398204887
2022-01-12,25Y,25,0.009474057972303933
2022-01-12,30Y,30,0.009841207562923055
2022-01-13,1Y,1,0.00010999835007017223
2022-01-13,2Y,2,0.0003700307783747629
2022-01-13,3Y,3,0.0006901549110650342
2022-01-13,4Y,4,0.0009454656098895004
2022-01-13,5Y,5,0.001361301168771359
2022-01-13,7Y,7,0.0023858785972150328
2022-01-13,10Y,10,0.00420499950386141
2022-01-13,15Y,15,0.0070533872565457624
2022-01-13,20Y,20,0.008579443069697875
2022-01-13,25Y,25,0.009342816768056468
2022-01-13,30Y,30,0.00966515999432519
2022-01-14,1Y,1,0.00010999835007017223
2022-01-14,2Y,2,0.0006401204203124403
2022-01-14,3Y,3,0.0010503179430215919
2022-01-14,4Y,4,0.001150682964406771
2022-01-14,5Y,5,0.001571668603634494
2022-01-14,7Y,7,0.002568684084000507
2022-01-14,10Y,10,0.004309439518518412
2022-01-14,15Y,15,0.0072126863224577726
2022-01-14,20Y,20,0.0086969696989153
2022-01-14,25Y,25,0.009445201299391092
2022-01-14,30Y,30,0.009756606317961103
2022-01-17,1Y,1,0.00011000385041608454
2022-01-17,2Y,2,0.00003000167002401434
2022-01-17,3Y,3,0.0012108880161859643
2022-01-17,4Y,4,0.0004149147268239057
2022-01-17,5Y,5,0.0016535248375882758
2022-01-17,7Y,7,0.0026332823252159243
2022-01-17,10Y,10,0.003213354413220241
2022-01-17,15Y,15,0.009760652505764097
2022-01-17,20Y,20,0.006157227986264241
2022-01-17,25Y,25,0.00741587838505146
2022-01-17,30Y,30,0.009581820588641285
2022-01-18,1Y,1,0.00011000385041608454
2022-01-18,2Y,2,0.0006751283873927381
2022-01-18,3Y,3,0.001030352471527826
2022-01-18,4Y,4,0.0011957664776806572
2022-01-18,5Y,5,0.0016218262341974297
2022-01-18,7Y,7,0.0026351380806263753
2022-01-18,10Y,10,0.0042793189420470695
2022-01-18,15Y,15,0.007115631057009871
2022-01-18,20Y,20,0.00859344867489917
2022-01-18,25Y,25,0.009325479854561025
2022-01-18,30Y,30,0.009646357011222883
2022-01-19,1Y,1,0.00010999835007017223
2022-01-19,2Y,2,0.0005951016150824389
2022-01-19,3Y,3,0.0010103038874188783
2022-01-19,4Y,4,0.001145679058360567
2022-01-19,5Y,5,0.0015516405819737864
2022-01-19,7Y,7,0.0026290232730792765
2022-01-19,10Y,10,0.0042824659350017315
2022-01-19,15Y,15,0.007095338333849665
2022-01-19,20Y,20,0.008532743400577088
2022-01-19,25Y,25,0.00932753436585204
2022-01-19,30Y,30,0.009735453781550153
2022-01-20,1Y,1,0.00010999835007017223
2022-01-20,2Y,2,0.0006101077116841101
2022-01-20,3Y,3,0.0010903694304005929
2022-01-20,4Y,4,0.0012558155796373338
2022-01-20,5Y,5,0.0016217906419056234
2022-01-20,7Y,7,0.002679286175378864
2022-01-20,10Y,10,0.004420848180055676
2022-01-20,15Y,15,0.00722057951224284
2022-01-20,20Y,20,0.008749855779906005
2022-01-20,25Y,25,0.00955239455567987
2022-01-20,30Y,30,0.009875932612545286
2022-01-21,1Y,1,0.00010999835007017223
2022-01-21,2Y,2,0.0005800956902808187
2022-01-21,3Y,3,0.0009702766640056682
2022-01-21,4Y,4,0.0011106418866584323
2022-01-21,5Y,5,0.001471450510580872
2022-01-21,7Y,7,0.0025485868631959334
2022-01-21,10Y,10,0.004231805308234726
2022-01-21,15Y,15,0.007063430661358048
2022-01-21,20Y,20,0.008592448407869095
2022-01-21,25Y,25,0.009415791139370857
2022-01-21,30Y,30,0.009792921520065589
2022-01-22,1Y,1,0.00010999835007017223
2022-01-22,2Y,2,0.0003700307783747629
2022-01-22,3Y,3,0.0007301805546853868
2022-01-22,4Y,4,0.0010706078941209193
2022-01-22,5Y,5,0.0014414365855116287
2022-01-22,7Y,7,0.0025506792431562895
2022-01-22,10Y,10,0.00431329353210276
2022-01-22,15Y,15,0.0073909494429958335
2022-01-22,20Y,20,0.009102997444422518
2022-01-22,25Y,25,0.009985084930598414
2022-01-22,30Y,30,0.010466893040318736
2022-01-24,1Y,1,-0.00006000146254060064
2022-01-24,2Y,2,0.000030000240928746528
2022-01-24,3Y,3,0.0001600122275481724
2022-01-24,4Y,4,0.00041510584689325895
2022-01-24,5Y,5,0.0007704193144514944
2022-01-24,7Y,7,0.003968458147589504
2022-01-24,10Y,10,0.0032153400441418114
2022-01-24,15Y,15,0.009047012759562947
2022-01-24,20Y,20,0.008025532207603622
2022-01-24,25Y,25,0.009306097075368032
2022-01-24,30Y,30,0.00966985231310456
2022-01-25,1Y,1,-0.00006000146254060064
2022-01-25,2Y,2,0.000030000240928746528
2022-01-25,3Y,3,0.0011607086814834657
2022-01-25,4Y,4,0.001766365150818432
2022-01-25,5Y,5,0.0015118869978728686
2022-01-25,7Y,7,0.002589198150866325
2022-01-25,10Y,10,0.0042290741777247795
2022-01-25,15Y,15,0.007026927757496643
2022-01-25,20Y,20,0.008564218254584373
2022-01-25,25Y,25,0.009393901758528458
2022-01-25,30Y,30,0.009792341905311717
2022-01-26,1Y,1,0.00011000385041608454
2022-01-26,2Y,2,0.000450048127247373
2022-01-26,3Y,3,0.0007302019273198516
2022-01-26,4Y,4,0.0010706285395952482
2022-01-26,5Y,5,0.0014414582459007057
2022-01-26,7Y,7,0.00255070793748305
2022-01-26,10Y,10,0.0043133262748400805
2022-01-26,15Y,15,0.007390985889747469
2022-01-26,20Y,20,0.008567074160469104
2022-01-26,25Y,25,0.009999618496796104
2022-01-26,30Y,30,0.011567842236913966
2022-01-27,1Y,1,0.00011000385041608454
2022-01-27,2Y,2,0.0007801790711834806
2022-01-27,3Y,3,0.0011904574226977737
2022-01-27,4Y,4,0.0013159222903324956
2022-01-27,5Y,5,0.0017320457233417107
2022-01-27,7Y,7,0.0027215392741486693
2022-01-27,10Y,10,0.004508650704189576
2022-01-27,15Y,15,0.0073425452732599665
2022-01-27,20Y,20,0.008833808619997687
2022-01-27,25Y,25,0.00961539450622868
2022-01-27,30Y,30,0.009960527215494914
2022-01-28,1Y,1,0.00011000385041608454
2022-01-28,2Y,2,0.000810195098989741
2022-01-28,3Y,3,0.0012304836980591063
2022-01-28,4Y,4,0.0013609934185448505
2022-01-28,5Y,5,0.0017821509709800138
2022-01-28,7Y,7,0.0027838472630729717
2022-01-28,10Y,10,0.004552708754158219
2022-01-28,15Y,15,0.007392298102833754
2022-01-28,20Y,20,0.008889859661181377
2022-01-28,25Y,25,0.009700164590339603
2022-01-28,30Y,30,0.010024392029067141
2022-01-31,1Y,1,0.00011000385041608454
2022-01-31,2Y,2,0.000810195098989741
2022-01-31,3Y,3,-0.000010033796487957135
2022-01-31,4Y,4,0.0013618696483262344
2022-01-31,5Y,5,0.003023947659142675
2022-01-31,7Y,7,0.0027844063260403923
2022-01-31,10Y,10,0.0014376425680183965
2022-01-31,15Y,15,0.004605610934643646
2022-01-31,20Y,20,0.008690594552345051
2022-01-31,25Y,25,0.011672590085724282
2022-01-31,30Y,30,0.010057739166392453
2022-02-01,1Y,1,0.00011000385041608454
2022-02-01,2Y,2,0.0008852381765562673
2022-02-01,3Y,3,0.001410648591566271
2022-02-01,4Y,4,0.0015362513979028862
2022-02-01,5Y,5,0.0019626227589482855
2022-02-01,7Y,7,0.0030252207460005013
2022-02-01,10Y,10,0.004887219692338512
2022-02-01,15Y,15,0.007736000656937489
2022-02-01,20Y,20,0.00930286640926346
2022-02-01,25Y,25,0.010164471433543569
2022-02-01,30Y,30,0.010580016872429359
2022-02-02,1Y,1,0.00011000385041608454
2022-02-02,2Y,2,0.000810195098989741
2022-02-02,3Y,3,0.0012304836980591063
2022-02-02,4Y,4,0.0013609934185448505
2022-02-02,5Y,5,0.0017821509709800138
2022-02-02,7Y,7,0.0028321098635006813
2022-02-02,10Y,10,0.004721884919867181
2022-02-02,15Y,15,0.0077259002667019495
2022-02-02,20Y,20,0.009327278214653536
2022-02-02,25Y,25,0.01017995293016012
2022-02-02,30Y,30,0.010585471835214133
2022-02-03,1Y,1,0.0001800110269875356
2022-02-03,2Y,2,0.0006951111460035601
2022-02-03,3Y,3,0.001360777395337586
2022-02-03,4Y,4,0.0018868180649806165
2022-02-03,5Y,5,0.0019726568934829124
2022-02-03,7Y,7,0.0030956194250494826
2022-02-03,10Y,10,0.00489433734568475
2022-02-03,15Y,15,0.007630701379916453
2022-02-03,20Y,20,0.009864015697704594
2022-02-03,25Y,25,0.01023162713737029
2022-02-03,30Y,30,0.010613053921842398
2022-02-04,1Y,1,0.00031001472939618066
2022-02-04,2Y,2,0.0012603817227260197
2022-02-04,3Y,3,0.0017309085502605044
2022-02-04,4Y,4,0.0019368635645925965
2022-02-04,5Y,5,0.002373511760140676
2022-02-04,7Y,7,0.0035018891799204546
2022-02-04,10Y,10,0.005553630456465139
2022-02-04,15Y,15,0.00834275148277906
2022-02-04,20Y,20,0.009822269989554539
2022-02-04,25Y,25,0.010461979263204519
2022-02-04,30Y,30,0.010755662424687652
2022-02-05,1Y,1,-0.00006000146254060064
2022-02-05,2Y,2,0.000030000240928746528
2022-02-05,3Y,3,0.0001600122275481724
2022-02-05,4Y,4,0.00041510584689325895
2022-02-05,5Y,5,0.0007704193144514944
2022-02-05,7Y,7,0.001632795435122111
2022-02-05,10Y,10,0.003216845466732322
2022-02-05,15Y,15,0.006593053666793288
2022-02-05,20Y,20,0.008232011555907137
2022-02-05,25Y,25,0.009124926973085616
2022-02-05,30Y,30,0.009622406872357837
2022-02-06,1Y,1,0.0003800161565191766
2022-02-06,2Y,2,0.0010201789689430042
2022-02-06,3Y,3,0.0013806079031099725
2022-02-06,4Y,4,0.0017865558300569307
2022-02-06,5Y,5,0.0022934275521297393
2022-02-06,7Y,7,0.003413525297192131
2022-02-06,10Y,10,0.0052427053015387205
2022-02-06,15Y,15,0.008215848027204035
2022-02-06,20Y,20,0.009735336065094233
2022-02-06,25Y,25,0.010357924737785027
2022-02-06,30Y,30,0.010629523702707089
2022-02-07,1Y,1,0.0004400107324755101
2022-02-07,2Y,2,0.0013453588356914326
2022-02-07,3Y,3,0.001780895203574774
2022-02-07,4Y,4,0.002026909683575496
2022-02-07,5Y,5,0.0025540111423010326
2022-02-07,7Y,7,0.003695086356887728
2022-02-07,10Y,10,0.005699406731696452
2022-02-07,15Y,15,0.008807077332505344
2022-02-07,20Y,20,0.010559552008684393
2022-02-07,25Y,25,0.010871539263209218
2022-02-07,30Y,30,0.011122016172807548
2022-02-08,1Y,1,0.0005400587545142763
2022-02-08,2Y,2,0.0014103325686897696
2022-02-08,3Y,3,0.0016809021861790491
2022-02-08,4Y,4,0.0021371630768035376
2022-02-08,5Y,5,0.0026443799867746478
2022-02-08,7Y,7,0.003829325971328821
2022-02-08,10Y,10,0.0058250036881952304
2022-02-08,15Y,15,0.009089855574966832
2022-02-08,20Y,20,0.010531995887784588
2022-02-08,25Y,25,0.01099749181130736
2022-02-08,30Y,30,0.011248860027988361
2022-02-09,1Y,1,0.0003800137809693111
2022-02-09,2Y,2,0.0010101735379576375
2022-02-09,3Y,3,0.0015408239056146778
2022-02-09,4Y,4,0.0019868929916319394
2022-02-09,5Y,5,0.002403812764404027
2022-02-09,7Y,7,0.0035968537293345404
2022-02-09,10Y,10,0.005777337197933939
2022-02-09,15Y,15,0.008682839537080178
2022-02-09,20Y,20,0.010210619644912954
2022-02-09,25Y,25,0.01060251313092492
2022-02-09,30Y,30,0.010862137405262595
2022-02-10,1Y,1,0.00046998296789079754
2022-02-10,2Y,2,0.0012602817201803698
2022-02-10,3Y,3,0.0018309133297821874
2022-02-10,4Y,4,0.002086941290433442
2022-02-10,5Y,5,0.0025338531918516712
2022-02-10,7Y,7,0.003787666673233105
2022-02-10,10Y,10,0.005777480895341821
2022-02-10,15Y,15,0.00918018628478007
2022-02-10,20Y,20,0.010511374190131017
2022-02-10,25Y,25,0.011065318778633855
2022-02-10,30Y,30,0.011384060794003985
2022-02-11,1Y,1,0.00046998296789079754
2022-02-11,2Y,2,0.001380374047754695
2022-02-11,3Y,3,0.0019910644918925335
2022-02-11,4Y,4,0.0021169232512219206
2022-02-11,5Y,5,0.0025839633838127154
2022-02-11,7Y,7,0.003825826700045512
2022-02-11,10Y,10,0.005865468052004585
2022-02-11,15Y,15,0.00924513240686769
2022-02-11,20Y,20,0.010586511910702864
2022-02-11,25Y,25,0.01110546750134958
2022-02-11,30Y,30,0.011390812251286535
2022-02-14,1Y,1,0.0005199827824782649
2022-02-14,2Y,2,0.001230222920800599
2022-02-14,3Y,3,0.0017408209462258812
2022-02-14,4Y,4,0.0020668772106360927
2022-02-14,5Y,5,0.002574043547557874
2022-02-14,7Y,7,0.0039893230611719455
2022-02-14,10Y,10,0.006097105477598372
2022-02-14,15Y,15,0.00952045356137924
2022-02-14,20Y,20,0.011030678770689438
2022-02-14,25Y,25,0.011478649737713122
2022-02-14,30Y,30,0.011744829681086694
2022-02-15,1Y,1,0.0005099748255196979
2022-02-15,2Y,2,0.0013403126227505206
2022-02-15,3Y,3,0.001910946044921901
2022-02-15,4Y,4,0.0022322659707117182
2022-02-15,5Y,5,0.0028349077710099124
2022-02-15,7Y,7,0.0040698160874286455
2022-02-15,10Y,10,0.006256396978542931
2022-02-15,15Y,15,0.00974353810590239
2022-02-15,20Y,20,0.011488419627987516
2022-02-15,25Y,25,0.011636837057307076
2022-02-15,30Y,30,0.011834880899361199
2022-02-16,1Y,1,0.0005400165514154362
2022-02-16,2Y,2,0.001465375634015316
2022-02-16,3Y,3,0.0017207287816387866
2022-02-16,4Y,4,0.0020569693990068654
2022-02-16,5Y,5,0.0027244718586839555
2022-02-16,7Y,7,0.004442845095748059
2022-02-16,10Y,10,0.0063254153672622285
2022-02-16,15Y,15,0.009990082905041685
2022-02-16,20Y,20,0.011625665562510785
2022-02-16,25Y,25,0.012012288759151831
2022-02-16,30Y,30,0.012259951057184842
2022-02-17,1Y,1,0.0006100194633393009
2022-02-17,2Y,2,0.0012801869889768336
2022-02-17,3Y,3,0.001811076658194378
2022-02-17,4Y,4,0.0024126374686099664
2022-02-17,5Y,5,0.002925477929904213
2022-02-17,7Y,7,0.004181075030446645
2022-02-17,10Y,10,0.006133158439256213
2022-02-17,15Y,15,0.011115880397502909
2022-02-17,20Y,20,0.012084717243004316
2022-02-17,25Y,25,0.012665949748558177
2022-02-17,30Y,30,0.012953306641456951
2022-02-18,1Y,1,0.0005499776649312631
2022-02-18,2Y,2,0.0010200798754847029
2022-02-18,3Y,3,0.0014906290265205228
2022-02-18,4Y,4,0.0021120554896624714
2022-02-18,5Y,5,0.0027649054196268
2022-02-18,7Y,7,0.004116780023195901
2022-02-18,10Y,10,0.0060395758633146395
2022-02-18,15Y,15,0.01000542941367512
2022-02-18,20Y,20,0.011457887275121372
2022-02-18,25Y,25,0.012021035684982011
2022-02-18,30Y,30,0.012326727088866419
2022-02-19,1Y,1,0.0005499776649312631
2022-02-19,2Y,2,0.0010200798754847029
2022-02-19,3Y,3,0.0014906290265205228
2022-02-19,4Y,4,0.0021120554896624714
2022-02-19,5Y,5,0.0027649054196268
2022-02-19,7Y,7,0.004116780023195901
2022-02-19,10Y,10,0.0060395758633146395
2022-02-19,15Y,15,0.01000542941367512
2022-02-19,20Y,20,0.011457887275121372
2022-02-19,25Y,25,0.012021035684982011
2022-02-19,30Y,30,0.012326727088866419
2022-02-20,1Y,1,0.0004600146717007107
2022-02-20,2Y,2,0.0011001778981840297
2022-02-20,3Y,3,0.001520735646399172
2022-02-20,4Y,4,0.0020570461628601202
2022-02-20,5Y,5,0.0026445623974520375
2022-02-20,7Y,7,0.003919283452455164
2022-02-20,10Y,10,0.006152281014966742
2022-02-20,15Y,15,0.00971059557831673
2022-02-20,20Y,20,0.011230691846180758
2022-02-20,25Y,25,0.011667671582900253
2022-02-20,30Y,30,0.011902323253996544
2022-02-21,1Y,1,0.0005000187621839358
2022-02-21,2Y,2,0.0012252290102395102
2022-02-21,3Y,3,0.0016208001841767228
2022-02-21,4Y,4,0.0020619853473263705
2022-02-21,5Y,5,0.0025942629588286254
2022-02-21,7Y,7,0.004062267316118131
2022-02-21,10Y,10,0.006070376508761668
2022-02-21,15Y,15,0.009630382246852608
2022-02-21,20Y,20,0.011080922337373605
2022-02-21,25Y,25,0.011689084009276169
2022-02-21,30Y,30,0.011936549662102499
2022-02-22,1Y,1,0.0004700196921680184
2022-02-22,2Y,2,0.0009801088415161093
2022-02-22,3Y,3,0.001230466148401519
2022-02-22,4Y,4,0.0017664868523338136
2022-02-22,5Y,5,0.0023536089467163556
2022-02-22,7Y,7,0.003715764453420386
2022-02-22,10Y,10,0.005547123873700835
2022-02-22,15Y,15,0.009050876504398616
2022-02-22,20Y,20,0.010455202847445565
2022-02-22,25Y,25,0.011121356386040098
2022-02-22,30Y,30,0.011410375720852812
2022-02-23,1Y,1,0.0003600126051256187
2022-02-23,2Y,2,0.0009051296128492191
2022-02-23,3Y,3,0.001300569138293897
2022-02-23,4Y,4,0.0018417050332578744
2022-02-23,5Y,5,0.002363702735008814
2022-02-23,7Y,7,0.003669442016439703
2022-02-23,10Y,10,0.0054969310008300114
2022-02-23,15Y,15,0.0091309155496158
2022-02-23,20Y,20,0.010486693943617663
2022-02-23,25Y,25,0.011113917391385082
2022-02-23,30Y,30,0.01101647369742994
2022-02-24,1Y,1,0.00039998500327030937
2022-02-24,2Y,2,0.0007700531049258976
2022-02-24,3Y,3,0.0013405917369237524
2022-02-24,4Y,4,0.0016561437078995978
2022-02-24,5Y,5,0.002193321478754038
2022-02-24,7Y,7,0.0033815834402213286
2022-02-24,10Y,10,0.005185849193235852
2022-02-24,15Y,15,0.009373442143654683
2022-02-24,20Y,20,0.010295762111044798
2022-02-24,25Y,25,0.011220591088198251
2022-02-24,30Y,30,0.011500728256496996
2022-02-25,1Y,1,0.0004700182230339144
2022-02-25,2Y,2,0.0012152427061111117
2022-02-25,3Y,3,0.0015507007861371074
2022-02-25,4Y,4,0.0019267405760037008
2022-02-25,5Y,5,0.0025742701523625336
2022-02-25,7Y,7,0.0038768886356200837
2022-02-25,10Y,10,0.005999522994165779
2022-02-25,15Y,15,0.00974601409101317
2022-02-25,20Y,20,0.011296897456413314
2022-02-25,25Y,25,0.011936860909294971
2022-02-25,30Y,30,0.01219900710670375
2022-02-26,1Y,1,0.0004699800303153637
2022-02-26,2Y,2,0.0009200802585514815
2022-02-26,3Y,3,0.0013304777543763544
2022-02-26,4Y,4,0.0019418215679103156
2022-02-26,5Y,5,0.0025842566293012145
2022-02-26,7Y,7,0.003887104837983861
2022-02-26,10Y,10,0.005886536354243788
2022-02-26,15Y,15,0.009633861574324842
2022-02-26,20Y,20,0.011185436871723247
2022-02-26,25Y,25,0.011809947061149163
2022-02-26,30Y,30,0.012126880958538682
2022-02-27,1Y,1,0.0003800137809693111
2022-02-27,2Y,2,0.0009501417349222593
2022-02-27,3Y,3,0.0013405950368327345
2022-02-27,4Y,4,0.0018717472405241052
2022-02-27,5Y,5,0.0024540086608908227
2022-02-27,7Y,7,0.003820722632399772
2022-02-27,10Y,10,0.005999924401023545
2022-02-27,15Y,15,0.009555020809029102
2022-02-27,20Y,20,0.011155047696973949
2022-02-27,25Y,25,0.011743698653225044
2022-02-27,30Y,30,0.012048474065316672
2022-02-28,1Y,1,0.0003800149687387083
2022-02-28,2Y,2,0.00104519325247714
2022-02-28,3Y,3,0.0013405332767546317
2022-02-28,4Y,4,0.0016813666143208888
2022-02-28,5Y,5,0.002092715920458367
2022-02-28,7Y,7,0.003804103392934544
2022-02-28,10Y,10,0.0057928464509581275
2022-02-28,15Y,15,0.009309437433463099
2022-02-28,20Y,20,0.011012813328982015
2022-02-28,25Y,25,0.011516878760693903
2022-02-28,30Y,30,0.011808634989170482
2022-03-01,1Y,1,0.000210007351463177
2022-03-01,2Y,2,0.00072511361603216
2022-03-01,3Y,3,0.0009903116477277285
2022-03-01,4Y,4,0.0012107410552491152
2022-03-01,5Y,5,0.001832349259957601
2022-03-01,7Y,7,0.003280987333369336
2022-03-01,10Y,10,0.00546802319562713
2022-03-01,15Y,15,0.00912603882733384
2022-03-01,20Y,20,0.010628591283768342
2022-03-01,25Y,25,0.011263869352944232
2022-03-01,30Y,30,0.011511327055842206
2022-03-02,1Y,1,0.0002699927447539341
2022-03-02,2Y,2,0.0005000192201942429
2022-03-02,3Y,3,0.0007501572682807555
2022-03-02,4Y,4,0.0014811994793293708
2022-03-02,5Y,5,0.002132916751742697
2022-03-02,7Y,7,0.003357718575657676
2022-03-02,10Y,10,0.005565832611266086
2022-03-02,15Y,15,0.009102634232658972
2022-03-02,20Y,20,0.010618972703428816
2022-03-02,25Y,25,0.01130871905129692
2022-03-02,30Y,30,0.011645292880743962
2022-03-03,1Y,1,0.0003099905077696805
2022-03-03,2Y,2,0.0008351252519873179
2022-03-03,3Y,3,0.001270452241090831
2022-03-03,4Y,4,0.0014860101082591242
2022-03-03,5Y,5,0.002113003314820913
2022-03-03,7Y,7,0.0034700809888444034
2022-03-03,10Y,10,0.005626571406487639
2022-03-03,15Y,15,0.009185608815507527
2022-03-03,20Y,20,0.010779633424861976
2022-03-03,25Y,25,0.011388906262519857
2022-03-03,30Y,30,0.011658736924445167
2022-03-04,1Y,1,0.00023999235072406363
2022-03-04,2Y,2,0.0004950276777671257
2022-03-04,3Y,3,0.000780170933517008
2022-03-04,4Y,4,0.0012057398112061085
2022-03-04,5Y,5,0.00183226153388989
2022-03-04,7Y,7,0.0033132258705383805
2022-03-04,10Y,10,0.005006927276371502
2022-03-04,15Y,15,0.00854405961668498
2022-03-04,20Y,20,0.010112800068624389
2022-03-04,25Y,25,0.010875707452459247
2022-03-04,30Y,30,0.011199175756383661
2022-03-06,1Y,1,0.00018000821388943421
2022-03-06,2Y,2,0.0005800687650594249
2022-03-06,3Y,3,0.0008002262812387256
2022-03-06,4Y,4,0.0012007887163393495
2022-03-06,5Y,5,0.0017521261905827762
2022-03-06,7Y,7,0.0030556353863707138
2022-03-06,10Y,10,0.005145894115205188
2022-03-06,15Y,15,0.008444756403806805
2022-03-06,20Y,20,0.010062033545255226
2022-03-06,25Y,25,0.01073290191739264
2022-03-06,30Y,30,0.01095559256638954
2022-03-07,1Y,1,0.0002900143226736557
2022-03-07,2Y,2,0.0006950719384276919
2022-03-07,3Y,3,0.0008702512971953389
2022-03-07,4Y,4,0.001305873674673953
2022-03-07,5Y,5,0.0019024662451494316
2022-03-07,7Y,7,0.0033514394584346573
2022-03-07,10Y,10,0.005148962044339625
2022-03-07,15Y,15,0.008599344225060226
2022-03-07,20Y,20,0.010083229335178457
2022-03-07,25Y,25,0.010937866357283636
2022-03-07,30Y,30,0.011262008261304923
2022-03-08,1Y,1,0.00031001472939618066
2022-03-08,2Y,2,0.0007350789373155179
2022-03-08,3Y,3,0.0009102664702166811
2022-03-08,4Y,4,0.0014110377372989946
2022-03-08,5Y,5,0.002113032975178306
2022-03-08,7Y,7,0.003482565888278104
2022-03-08,10Y,10,0.005582145749787917
2022-03-08,15Y,15,0.009023556495767443
2022-03-08,20Y,20,0.010475920264628196
2022-03-08,25Y,25,0.011326728931861966
2022-03-08,30Y,30,0.011565520866069897
2022-03-09,1Y,1,0.00026001072766665255
2022-03-09,2Y,2,0.0007601086569401605
2022-03-09,3Y,3,0.0011004191286462892
2022-03-09,4Y,4,0.001405970249780547
2022-03-09,5Y,5,0.002123229299425113
2022-03-09,7Y,7,0.0034323220903907273
2022-03-09,10Y,10,0.0054295042655171065
2022-03-09,15Y,15,0.009074196800109055
2022-03-09,20Y,20,0.010057447900717218
2022-03-09,25Y,25,0.011170521678019579
2022-03-09,30Y,30,0.011474641889600366
2022-03-10,1Y,1,0.0003899863530384837
2022-03-10,2Y,2,0.0006850272723017367
2022-03-10,3Y,3,0.0014107477277301517
2022-03-10,4Y,4,0.0020218432918991305
2022-03-10,5Y,5,0.0018920862809049966
2022-03-10,7Y,7,0.004226808419683195
2022-03-10,10Y,10,0.00649935591692805
2022-03-10,15Y,15,0.00917666250517141
2022-03-10,20Y,20,0.010759305524482059
2022-03-10,25Y,25,0.011381654871336043
2022-03-10,30Y,30,0.011683186278548674
2022-03-11,1Y,1,0.00039001804480523836
2022-03-11,2Y,2,0.001085210858224554
2022-03-11,3Y,3,0.0014706893666472593
2022-03-11,4Y,4,0.0018265967997669055
2022-03-11,5Y,5,0.0023737012175245494
2022-03-11,7Y,7,0.0038850914483836716
2022-03-11,10Y,10,0.005880840993152489
2022-03-11,15Y,15,0.009135828365553666
2022-03-11,20Y,20,0.010692445032882823
2022-03-11,25Y,25,0.011335584657470128
2022-03-11,30Y,30,0.011680952051174337
2022-03-12,1Y,1,0.0003899875718117143
2022-03-12,2Y,2,0.0007950676410473306
2022-03-12,3Y,3,0.0011303414407749048
2022-03-12,4Y,4,0.0015411090267447307
2022-03-12,5Y,5,0.0022031972788063895
2022-03-12,7Y,7,0.0037945449122167986
2022-03-12,10Y,10,0.005521183213680794
2022-03-12,15Y,15,0.009124350698201701
2022-03-12,20Y,20,0.010751538298178005
2022-03-12,25Y,25,0.011377951076873352
2022-03-12,30Y,30,0.011703131154998676
2022-03-13,1Y,1,0.0003600148556247069
2022-03-13,2Y,2,0.0009601572822181911
2022-03-13,3Y,3,0.001320567354217722
2022-03-13,4Y,4,0.0017966197310836127
2022-03-13,5Y,5,0.002433976519228202
2022-03-13,7Y,7,0.0039054557805773913
2022-03-13,10Y,10,0.005976370162060958
2022-03-13,15Y,15,0.009232825350731083
2022-03-13,20Y,20,0.010888793162913801
2022-03-13,25Y,25,0.011455586953929809
2022-03-13,30Y,30,0.011702159976819632
2022-03-14,1Y,1,0.00046002329895472236
2022-03-14,2Y,2,0.0012502727307009476
2022-03-14,3Y,3,0.0015607094610810062
2022-03-14,4Y,4,0.0020119923270165625
2022-03-14,5Y,5,0.00266453379763732
2022-03-14,7Y,7,0.003983745079890662
2022-03-14,10Y,10,0.006121453975422936
2022-03-14,15Y,15,0.009423686998618772
2022-03-14,20Y,20,0.010944843675580865
2022-03-14,25Y,25,0.011457679256664077
2022-03-14,30Y,30,0.011702256367907527
2022-03-15,1Y,1,0.0005100290219830923
2022-03-15,2Y,2,0.0011651855017753812
2022-03-15,3Y,3,0.0014105918453708077
2022-03-15,4Y,4,0.0018766466841495996
2022-03-15,5Y,5,0.0024940014804454673
2022-03-15,7Y,7,0.004058354037001943
2022-03-15,10Y,10,0.006035715090844848
2022-03-15,15Y,15,0.00956665751499927
2022-03-15,20Y,20,0.011133236200628522
2022-03-15,25Y,25,0.01163988250338545
2022-03-15,30Y,30,0.011920174967826257
2022-03-16,1Y,1,0.0005000265769141133
2022-03-16,2Y,2,0.0011451798166412367
2022-03-16,3Y,3,0.0014806955700833477
2022-03-16,4Y,4,0.0020420050374022874
2022-03-16,5Y,5,0.0026746727435916487
2022-03-16,7Y,7,0.004118908852376601
2022-03-16,10Y,10,0.0061211392178971875
2022-03-16,15Y,15,0.009853588709387635
2022-03-16,20Y,20,0.01121551850028725
2022-03-16,25Y,25,0.01179965520712437
2022-03-16,30Y,30,0.012080803587050843
2022-03-17,1Y,1,0.0005200282910683096
2022-03-17,2Y,2,0.0012202125599980445
2022-03-17,3Y,3,0.0015206976046019073
2022-03-17,4Y,4,0.0020670587833764168
2022-03-17,5Y,5,0.00273482613279065
2022-03-17,7Y,7,0.004199544308731985
2022-03-17,10Y,10,0.0061068140519855
2022-03-17,15Y,15,0.009744129066822177
2022-03-17,20Y,20,0.011264094326992921
2022-03-17,25Y,25,0.011844627195161266
2022-03-17,30Y,30,0.012137937266659515
2022-03-18,1Y,1,0.0005400300553450127
2022-03-18,2Y,2,0.0012051900532329407
2022-03-18,3Y,3,0.0014606311267744442
2022-03-18,4Y,4,0.0019567824843165545
2022-03-18,5Y,5,0.002594320232048882
2022-03-18,7Y,7,0.004126887522226047
2022-03-18,10Y,10,0.006035591531207848
2022-03-18,15Y,15,0.009613340596255477
2022-03-18,20Y,20,0.011126523920654201
2022-03-18,25Y,25,0.011681432381437143
2022-03-18,30Y,30,0.011962146394535845
2022-03-19,1Y,1,0.0005399861712278498
2022-03-19,2Y,2,0.0010601063402220663
2022-03-19,3Y,3,0.0014605833840735652
2022-03-19,4Y,4,0.0019717590651359626
2022-03-19,5Y,5,0.002594275889114743
2022-03-19,7Y,7,0.0041268293156617375
2022-03-19,10Y,10,0.006035534451637353
2022-03-19,15Y,15,0.009613278053705787
2022-03-19,20Y,20,0.011126472700953842
2022-03-19,25Y,25,0.011681391506347066
2022-03-19,30Y,30,0.011962110016796134
2022-03-20,1Y,1,0.0005399861712278498
2022-03-20,2Y,2,0.0010751143606103448
2022-03-20,3Y,3,0.0014605709779661343
2022-03-20,4Y,4,0.0019567325275123494
2022-03-20,5Y,5,0.0025942652557902966
2022-03-20,7Y,7,0.004126819554089344
2022-03-20,10Y,10,0.00603552481226545
2022-03-20,15Y,15,0.009613267489912897
2022-03-20,20Y,20,0.011126464057153937
2022-03-20,25Y,25,0.011681384602403347
2022-03-20,30Y,30,0.011962103875596913
2022-03-21,1Y,1,0.0005399861712278498
2022-03-21,2Y,2,0.001210194281019959
2022-03-21,3Y,3,0.0016607395662482736
2022-03-21,4Y,4,0.0019215281009258458
2022-03-21,5Y,5,0.002513959382101778
2022-03-21,7Y,7,0.004307948660506588
2022-03-21,10Y,10,0.0062534642367969955
2022-03-21,15Y,15,0.009435501237047051
2022-03-21,20Y,20,0.011134124193721472
2022-03-21,25Y,25,0.011632071361549368
2022-03-21,30Y,30,0.011867323779053807
2022-03-22,1Y,1,0.0006100347181578038
2022-03-22,2Y,2,0.0015453818728089462
2022-03-22,3Y,3,0.0018910121458131667
2022-03-22,4Y,4,0.002262290648976607
2022-03-22,5Y,5,0.0026038114062594416
2022-03-22,7Y,7,0.0046645038203285425
2022-03-22,10Y,10,0.006644588544556426
2022-03-22,15Y,15,0.009973178669890888
2022-03-22,20Y,20,0.011452356590644135
2022-03-22,25Y,25,0.012013411861073822
2022-03-22,30Y,30,0.0123291204084506
2022-03-23,1Y,1,0.0006599839289719842
2022-03-23,2Y,2,0.0011850921505165647
2022-03-23,3Y,3,0.001620733942187788
2022-03-23,4Y,4,0.002262273213037325
2022-03-23,5Y,5,0.0028852261702263554
2022-03-23,7Y,7,0.004382026950665779
2022-03-23,10Y,10,0.006761201106257053
2022-03-23,15Y,15,0.009420776885352042
2022-03-23,20Y,20,0.011460535960365906
2022-03-23,25Y,25,0.01238842159260611
2022-03-23,30Y,30,0.013136442616947502
2022-03-24,1Y,1,0.0006399856151106765
2022-03-24,2Y,2,0.0012351360557823461
2022-03-24,3Y,3,0.0019812994296377158
2022-03-24,4Y,4,0.0026932619116776637
2022-03-24,5Y,5,0.002844768267642368
2022-03-24,7Y,7,0.005011833529887189
2022-03-24,10Y,10,0.007223890359589209
2022-03-24,15Y,15,0.009896392567183054
2022-03-24,20Y,20,0.011840558199304647
2022-03-24,25Y,25,0.012190573928347916
2022-03-24,30Y,30,0.012438944712463101
2022-03-25,1Y,1,0.0006499837656542568
2022-03-25,2Y,2,0.0015603650515541583
2022-03-25,3Y,3,0.0021512577832021426
2022-03-25,4Y,4,0.002613079979938184
2022-03-25,5Y,5,0.0033871894895145783
2022-03-25,7Y,7,0.005198262212567969
2022-03-25,10Y,10,0.0072530030626086935
2022-03-25,15Y,15,0.010643073897922472
2022-03-25,20Y,20,0.012232213159004959
2022-03-25,25Y,25,0.01271674448410901
2022-03-25,30Y,30,0.012979488741115661
2022-03-26,1Y,1,0.0006499837656542568
2022-03-26,2Y,2,0.0013802241138630177
2022-03-26,3Y,3,0.0018909776792286797
2022-03-26,4Y,4,0.0026182744248923876
2022-03-26,5Y,5,0.003497813239141924
2022-03-26,7Y,7,0.005249321052455585
2022-03-26,10Y,10,0.007228628672050985
2022-03-26,15Y,15,0.010987462054485959
2022-03-26,20Y,20,0.012537493636187799
2022-03-26,25Y,25,0.012954283595121747
2022-03-26,30Y,30,0.013297375771705394
2022-03-27,1Y,1,0.0005700221048825232
2022-03-27,2Y,2,0.001445334774639904
2022-03-27,3Y,3,0.0020112748410666785
2022-03-27,4Y,4,0.0026383667631352595
2022-03-27,5Y,5,0.003457871023047535
2022-03-27,7Y,7,0.005071564249275559
2022-03-27,10Y,10,0.007198853720222853
2022-03-27,15Y,15,0.010568854533084298
2022-03-27,20Y,20,0.012094242965770755
2022-03-27,25Y,25,0.01259817274785302
2022-03-27,30Y,30,0.012882496177604596
2022-03-28,1Y,1,0.0007499742422443911
2022-03-28,2Y,2,0.0015802887902051051
2022-03-28,3Y,3,0.0022314000995789867
2022-03-28,4Y,4,0.0030443642394854887
2022-03-28,5Y,5,0.003869402592075729
2022-03-28,7Y,7,0.0061489756270538525
2022-03-28,10Y,10,0.00910972729571723
2022-03-28,15Y,15,0.011913006388642768
2022-03-28,20Y,20,0.01434066278674769
2022-03-28,25Y,25,0.013990986355900636
2022-03-28,30Y,30,0.014244773139439337
2022-03-29,1Y,1,0.0008900189650314412
2022-03-29,2Y,2,0.001820353406351342
2022-03-29,3Y,3,0.002531994604186834
2022-03-29,4Y,4,0.003505707796921184
2022-03-29,5Y,5,0.0042110584592093755
2022-03-29,7Y,7,0.00652202392503043
2022-03-29,10Y,10,0.0090859321495944
2022-03-29,15Y,15,0.012265584211864038
2022-03-29,20Y,20,0.014203049812131765
2022-03-29,25Y,25,0.014256152614454853
2022-03-29,30Y,30,0.014605107713849002
2022-03-30,1Y,1,0.0006700113288101613
2022-03-30,2Y,2,0.001580359727170738
2022-03-30,3Y,3,0.0021714072117616826
2022-03-30,4Y,4,0.002883977291622012
2022-03-30,5Y,5,0.0037691809271574437
2022-03-30,7Y,7,0.005380102177016267
2022-03-30,10Y,10,0.007570164792539915
2022-03-30,15Y,15,0.010824623138409522
2022-03-30,20Y,20,0.012404171272590523
2022-03-30,25Y,25,0.012702729820284062
2022-03-30,30Y,30,0.01289441469966549
2022-03-31,1Y,1,0.0005599776092009827
2022-03-31,2Y,2,0.0009600452676281346
2022-03-31,3Y,3,0.0014406139449808938
2022-03-31,4Y,4,0.002071929911128043
2022-03-31,5Y,5,0.0028353342360640655
2022-03-31,7Y,7,0.00418767918572118
2022-03-31,10Y,10,0.006069217368809613
2022-03-31,15Y,15,0.009319497290737243
2022-03-31,20Y,20,0.010560759132187944
2022-03-31,25Y,25,0.011001886553954024
2022-03-31,30Y,30,0.011152299685999784
2022-04-01,1Y,1,0.0005700630897595859
2022-04-01,2Y,2,0.0015153915129197738
2022-04-01,3Y,3,0.001911211011648599
2022-04-01,4Y,4,0.0025833246978320323
2022-04-01,5Y,5,0.003377512858294569
2022-04-01,7Y,7,0.004873577879877218
2022-04-01,10Y,10,0.006848176193196165
2022-04-01,15Y,15,0.009901184395493137
2022-04-01,20Y,20,0.011429303756423445
2022-04-01,25Y,25,0.011860322132460157
2022-04-01,30Y,30,0.012048705318012465
2022-04-03,1Y,1,0.0006800799512352474
2022-04-03,2Y,2,0.001500294316339359
2022-04-03,3Y,3,0.0017810372040986252
2022-04-03,4Y,4,0.0025481250145568853
2022-04-03,5Y,5,0.0033674352704158345
2022-04-03,7Y,7,0.004855357204959292
2022-04-03,10Y,10,0.006861487717041717
2022-04-03,15Y,15,0.009929243021485725
2022-04-03,20Y,20,0.011409778087558017
2022-04-03,25Y,25,0.011849791184568175
2022-04-03,30Y,30,0.01203808683211946
2022-04-04,1Y,1,0.0005200152874112855
2022-04-04,2Y,2,0.0013002658894122833
2022-04-04,3Y,3,0.0017809725688086601
2022-04-04,4Y,4,0.002422905557323226
2022-04-04,5Y,5,0.0031665141937559883
2022-04-04,7Y,7,0.005065437661399257
2022-04-04,10Y,10,0.007104294424183165
2022-04-04,15Y,15,0.010289509517890889
2022-04-04,20Y,20,0.01192111467007234
2022-04-04,25Y,25,0.01231045912344693
2022-04-04,30Y,30,0.012458814678884867
2022-04-05,1Y,1,0.0007100270998762688
2022-04-05,2Y,2,0.0013401508891668595
2022-04-05,3Y,3,0.0019112442080967294
2022-04-05,4Y,4,0.002552807023726635
2022-04-05,5Y,5,0.003176648034231117
2022-04-05,7Y,7,0.0054914543745285165
2022-04-05,10Y,10,0.007906924055239248
2022-04-05,15Y,15,0.010350525215780056
2022-04-05,20Y,20,0.012427940028454095
2022-04-05,25Y,25,0.012523782816898255
2022-04-05,30Y,30,0.01271546753072439
2022-04-06,1Y,1,0.0007500234719362127
2022-04-06,2Y,2,0.0015052300678670275
2022-04-06,3Y,3,0.002011245472581237
2022-04-06,4Y,4,0.002898977198697778
2022-04-06,5Y,5,0.003819503076184979
2022-04-06,7Y,7,0.005560610831976992
2022-04-06,10Y,10,0.007793000385131428
2022-04-06,15Y,15,0.010457189093631733
2022-04-06,20Y,20,0.012344363705780435
2022-04-06,25Y,25,0.012622028744102586
2022-04-06,30Y,30,0.012723621466296417
2022-04-07,1Y,1,0.0007099671814766041
2022-04-07,2Y,2,0.00132513824938178
2022-04-07,3Y,3,0.002071331936505807
2022-04-07,4Y,4,0.0029590573059331297
2022-04-07,5Y,5,0.003618346288986045
2022-04-07,7Y,7,0.005944573637817228
2022-04-07,10Y,10,0.008184202401191115
2022-04-07,15Y,15,0.010765528001088612
2022-04-07,20Y,20,0.012223550571773838
2022-04-07,25Y,25,0.012718507696930262
2022-04-07,30Y,30,0.01364156499234554
2022-04-08,1Y,1,0.0007000831800154603
2022-04-08,2Y,2,0.001680421502530832
2022-04-08,3Y,3,0.0021014621771500283
2022-04-08,4Y,4,0.0029191670332310115
2022-04-08,5Y,5,0.003869913840640202
2022-04-08,7Y,7,0.00582585848923806
2022-04-08,10Y,10,0.007473173750055502
2022-04-08,15Y,15,0.010812993047512539
2022-04-08,20Y,20,0.012147646660298751
2022-04-08,25Y,25,0.012476362437381542
2022-04-08,30Y,30,0.012687607571137887
2022-04-09,1Y,1,0.0006199717249409612
2022-04-09,2Y,2,0.0014252851825749583
2022-04-09,3Y,3,0.0021413211549587818
2022-04-09,4Y,4,0.0029191463655767677
2022-04-09,5Y,5,0.003819418224844653
2022-04-09,7Y,7,0.005637004284361153
2022-04-09,10Y,10,0.007473620399501495
2022-04-09,15Y,15,0.010426420166529973
2022-04-09,20Y,20,0.012315940661086015
2022-04-09,25Y,25,0.012745901200970175
2022-04-09,30Y,30,0.012693953238492945
2022-04-10,1Y,1,0.0007000831800154603
2022-04-10,2Y,2,0.001680421502530832
2022-04-10,3Y,3,0.0021014621771500283
2022-04-10,4Y,4,0.0029191670332310115
2022-04-10,5Y,5,0.003869913840640202
2022-04-10,7Y,7,0.00582585848923806
2022-04-10,10Y,10,0.007473173750055502
2022-04-10,15Y,15,0.010812993047512539
2022-04-10,20Y,20,0.012147646660298751
2022-04-10,25Y,25,0.012476362437381542
2022-04-10,30Y,30,0.012687607571137887
2022-04-11,1Y,1,0.000760021885124155
2022-04-11,2Y,2,0.00160529807652658
2022-04-11,3Y,3,0.002261635229144433
2022-04-11,4Y,4,0.0031446578042410313
2022-04-11,5Y,5,0.00398028271028505
2022-04-11,7Y,7,0.006147737701460025
2022-04-11,10Y,10,0.008304426197131416
2022-04-11,15Y,15,0.01102672817375313
2022-04-11,20Y,20,0.01268456185328504
2022-04-11,25Y,25,0.012698770392709047
2022-04-11,30Y,30,0.012896922371228253
2022-04-12,1Y,1,0.0006899650859042385
2022-04-12,2Y,2,0.0015002822101148861
2022-04-12,3Y,3,0.002311591312465621
2022-04-12,4Y,4,0.003179844921934057
2022-04-12,5Y,5,0.004181440865284314
2022-04-12,7Y,7,0.006042147041841429
2022-04-12,10Y,10,0.007896704014967606
2022-04-12,15Y,15,0.010832449546251012
2022-04-12,20Y,20,0.012348825438211681
2022-04-12,25Y,25,0.012435427438033643
2022-04-12,30Y,30,0.012485372798203682
2022-04-13,1Y,1,0.0007400319486100152
2022-04-13,2Y,2,0.0016303373798509649
2022-04-13,3Y,3,0.002261642117483644
2022-04-13,4Y,4,0.0031447269467796708
2022-04-13,5Y,5,0.004181615211160412
2022-04-13,7Y,7,0.005965418774940774
2022-04-13,10Y,10,0.007704510271399054
2022-04-13,15Y,15,0.010899164786877812
2022-04-13,20Y,20,0.012027112842211089
2022-04-13,25Y,25,0.01226719136213529
2022-04-13,30Y,30,0.012193041982812047
2022-04-14,1Y,1,0.0006000018897024013
2022-04-14,2Y,2,0.0014303006237122117
2022-04-14,3Y,3,0.0021013733646206584
2022-04-14,4Y,4,0.0029443031187028467
2022-04-14,5Y,5,0.003970479489350819
2022-04-14,7Y,7,0.005825959905588872
2022-04-14,10Y,10,0.007585290284565217
2022-04-14,15Y,15,0.010523678276317325
2022-04-14,20Y,20,0.011682101511776238
2022-04-14,25Y,25,0.011885225714559057
2022-04-14,30Y,30,0.012066981782701668
2022-04-15,1Y,1,0.0005400368076847202
2022-04-15,2Y,2,0.001540436122084982
2022-04-15,3Y,3,0.002261747075156867
2022-04-15,4Y,4,0.003119978649634891
2022-04-15,5Y,5,0.00408122761536024
2022-04-15,7Y,7,0.005965813023724267
2022-04-15,10Y,10,0.007795252820600581
2022-04-15,15Y,15,0.010509717007863248
2022-04-15,20Y,20,0.011865665552687202
2022-04-15,25Y,25,0.012018437620922045
2022-04-15,30Y,30,0.012032533626921244
2022-04-16,1Y,1,0.0006000018897024013
2022-04-16,2Y,2,0.0014303006237122117
2022-04-16,3Y,3,0.0021013733646206584
2022-04-16,4Y,4,0.0029443031187028467
2022-04-16,5Y,5,0.003970479489350819
2022-04-16,7Y,7,0.005825959905588872
2022-04-16,10Y,10,0.007585290284565217
2022-04-16,15Y,15,0.010523678276317325
2022-04-16,20Y,20,0.011682101511776238
2022-04-16,25Y,25,0.011885225714559057
2022-04-16,30Y,30,0.012066981782701668
2022-04-17,1Y,1,0.0006000018897024013
2022-04-17,2Y,2,0.001445312236807047
2022-04-17,3Y,3,0.0022215984397054977
2022-04-17,4Y,4,0.003129871039176846
2022-04-17,5Y,5,0.004121340333221815
2022-04-17,7Y,7,0.005957543432251549
2022-04-17,10Y,10,0.007788067293181818
2022-04-17,15Y,15,0.010527413191627345
2022-04-17,20Y,20,0.011874110273013974
2022-04-17,25Y,25,0.012028790103701437
2022-04-17,30Y,30,0.01204290758944378
2022-04-18,1Y,1,0.0005100385878346628
2022-04-18,2Y,2,0.0014804095239506067
2022-04-18,3Y,3,0.002191677402743681
2022-04-18,4Y,4,0.0030698640093918157
2022-04-18,5Y,5,0.00400083460311045
2022-04-18,7Y,7,0.0058687281625327
2022-04-18,10Y,10,0.007723982534135327
2022-04-18,15Y,15,0.010477478689857636
2022-04-18,20Y,20,0.011884626981936458
2022-04-18,25Y,25,0.012034157963974893
2022-04-18,30Y,30,0.012060137704129675
2022-04-19,1Y,1,0.0006100499741054908
2022-04-19,2Y,2,0.0016004284560163825
2022-04-19,3Y,3,0.002231684859624459
2022-04-19,4Y,4,0.0032002480154695147
2022-04-19,5Y,5,0.003950119850233564
2022-04-19,7Y,7,0.006461139276712692
2022-04-19,10Y,10,0.008747961905769111
2022-04-19,15Y,15,0.010784012471399559
2022-04-19,20Y,20,0.012491729416260793
2022-04-19,25Y,25,0.012407503190759245
2022-04-19,30Y,30,0.012590633483246873
2022-04-20,1Y,1,0.0005800355474211279
2022-04-20,2Y,2,0.001570428525839908
2022-04-20,3Y,3,0.002341882268934204
2022-04-20,4Y,4,0.003275448393409732
2022-04-20,5Y,5,0.004322660416229859
2022-04-20,7Y,7,0.006261455966562126
2022-04-20,10Y,10,0.008432024660884118
2022-04-20,15Y,15,0.01071176327890402
2022-04-20,20Y,20,0.012330056826175816
2022-04-20,25Y,25,0.012357551972021881
2022-04-20,30Y,30,0.012371461217863538
2022-04-21,1Y,1,0.0008699848151418768
2022-04-21,2Y,2,0.001715281666786564
2022-04-21,3Y,3,0.002712446853357622
2022-04-21,4Y,4,0.00395242632639082
2022-04-21,5Y,5,0.004411991735152829
2022-04-21,7Y,7,0.00762786265264488
2022-04-21,10Y,10,0.01007720598144655
2022-04-21,15Y,15,0.010807726061384769
2022-04-21,20Y,20,0.012593454358092403
2022-04-21,25Y,25,0.013272123974512624
2022-04-21,30Y,30,0.014043737256311788
2022-04-22,1Y,1,0.0008399837607136896
2022-04-22,2Y,2,0.0018204076145219839
2022-04-22,3Y,3,0.002561900586692801
2022-04-22,4Y,4,0.003571146685117329
2022-04-22,5Y,5,0.004744564133504683
2022-04-22,7Y,7,0.006815822697781025
2022-04-22,10Y,10,0.008700895064321642
2022-04-22,15Y,15,0.011203292478353537
2022-04-22,20Y,20,0.012307059390946083
2022-04-22,25Y,25,0.012456770883222314
2022-04-22,30Y,30,0.01249143638789622
2022-04-23,1Y,1,0.0008399837607136896
2022-04-23,2Y,2,0.0018204076145219839
2022-04-23,3Y,3,0.002561900586692801
2022-04-23,4Y,4,0.003571146685117329
2022-04-23,5Y,5,0.004744564133504683
2022-04-23,7Y,7,0.006815822697781025
2022-04-23,10Y,10,0.008700895064321642
2022-04-23,15Y,15,0.011203292478353537
2022-04-23,20Y,20,0.012307059390946083
2022-04-23,25Y,25,0.012456770883222314
2022-04-23,30Y,30,0.01249143638789622
2022-04-24,1Y,1,0.0008399837607136896
2022-04-24,2Y,2,0.0016252376207398782
2022-04-24,3Y,3,0.0023817498506740935
2022-04-24,4Y,4,0.0034656875303301377
2022-04-24,5Y,5,0.004503219635058011
2022-04-24,7Y,7,0.006507864236751223
2022-04-24,10Y,10,0.008511303324309936
2022-04-24,15Y,15,0.010922598150079607
2022-04-24,20Y,20,0.011987811421252272
2022-04-24,25Y,25,0.01214505147340584
2022-04-24,30Y,30,0.012189825152496217
2022-04-25,1Y,1,0.0008099777557603192
2022-04-25,2Y,2,0.001720348134595048
2022-04-25,3Y,3,0.002391606975038254
2022-04-25,4Y,4,0.0031344866919866066
2022-04-25,5Y,5,0.004221547115129642
2022-04-25,7Y,7,0.006584693456432541
2022-04-25,10Y,10,0.008745139426827971
2022-04-25,15Y,15,0.01086008019101975
2022-04-25,20Y,20,0.012081283676298847
2022-04-25,25Y,25,0.011880362604997318
2022-04-25,30Y,30,0.011696056362824381
2022-04-26,1Y,1,0.0006800353058612213
2022-04-26,2Y,2,0.0016954497822823632
2022-04-26,3Y,3,0.0023016536007243907
2022-04-26,4Y,4,0.0031248115103467335
2022-04-26,5Y,5,0.004171469105864739
2022-04-26,7Y,7,0.006173923795452986
2022-04-26,10Y,10,0.008194517717603792
2022-04-26,15Y,15,0.010494773159732063
2022-04-26,20Y,20,0.011750097891815815
2022-04-26,25Y,25,0.012019834872382772
2022-04-26,30Y,30,0.01204491643349644
2022-04-27,1Y,1,0.0007100404171085754
2022-04-27,2Y,2,0.0017454670470535632
2022-04-27,3Y,3,0.0023116403426176116
2022-04-27,4Y,4,0.0031046963627663618
2022-04-27,5Y,5,0.004161365537054609
2022-04-27,7Y,7,0.006167817857839684
2022-04-27,10Y,10,0.008177161045288848
2022-04-27,15Y,15,0.010443732974209736
2022-04-27,20Y,20,0.011628900483121764
2022-04-27,25Y,25,0.011864490555066992
2022-04-27,30Y,30,0.011921506830023887
2022-04-28,1Y,1,0.0007999900317857067
2022-04-28,2Y,2,0.0017453798183819803
2022-04-28,3Y,3,0.00232146809169893
2022-04-28,4Y,4,0.0030593371781126094
2022-04-28,5Y,5,0.004090663518966036
2022-04-28,7Y,7,0.006137021177217656
2022-04-28,10Y,10,0.007929152234141167
2022-04-28,15Y,15,0.010667264653464873
2022-04-28,20Y,20,0.011629201584353389
2022-04-28,25Y,25,0.012012495504160621
2022-04-28,30Y,30,0.01212780721363465
2022-04-29,1Y,1,0.0007999900317857067
2022-04-29,2Y,2,0.0017453798183819803
2022-04-29,3Y,3,0.00232146809169893
2022-04-29,4Y,4,0.0030593371781126094
2022-04-29,5Y,5,0.004090663518966036
2022-04-29,7Y,7,0.006137021177217656
2022-04-29,10Y,10,0.007929152234141167
2022-04-29,15Y,15,0.010667264653464873
2022-04-29,20Y,20,0.011629201584353389
2022-04-29,25Y,25,0.012012495504160621
2022-04-29,30Y,30,0.01212780721363465
2022-04-30,1Y,1,0.0007999900317857067
2022-04-30,2Y,2,0.0017453798183819803
2022-04-30,3Y,3,0.00232146809169893
2022-04-30,4Y,4,0.0030593371781126094
2022-04-30,5Y,5,0.004090663518966036
2022-04-30,7Y,7,0.006137021177217656
2022-04-30,10Y,10,0.007929152234141167
2022-04-30,15Y,15,0.010667264653464873
2022-04-30,20Y,20,0.011629201584353389
2022-04-30,25Y,25,0.012012495504160621
2022-04-30,30Y,30,0.01212780721363465
2022-05-01,1Y,1,0.0006399856151106765
2022-05-01,2Y,2,0.001520340309241597
2022-05-01,3Y,3,0.00222144786053405
2022-05-01,4Y,4,0.0029843250382219416
2022-05-01,5Y,5,0.004020612669381059
2022-05-01,7Y,7,0.005941091891373747
2022-05-01,10Y,10,0.007972760563380627
2022-05-01,15Y,15,0.01036368815743144
2022-05-01,20Y,20,0.01162422877760968
2022-05-01,25Y,25,0.011872983032978159
2022-05-01,30Y,30,0.011897781595395358
2022-05-02,1Y,1,0.0006600416938179623
2022-05-02,2Y,2,0.00168545913740408
2022-05-02,3Y,3,0.002221523775170735
2022-05-02,4Y,4,0.0029542774116200743
2022-05-02,5Y,5,0.0040005671172652826
2022-05-02,7Y,7,0.0059168925583410565
2022-05-02,10Y,10,0.008051427322985654
2022-05-02,15Y,15,0.01046853386735442
2022-05-02,20Y,20,0.011792197804785558
2022-05-02,25Y,25,0.012027598908418778
2022-05-02,30Y,30,0.01204220647869572
2022-05-03,1Y,1,0.0007899921309900288
2022-05-03,2Y,2,0.0017203673726694942
2022-05-03,3Y,3,0.002311483629464532
2022-05-03,4Y,4,0.0030392653742247282
2022-05-03,5Y,5,0.004110900280827241
2022-05-03,7Y,7,0.0061371512170750875
2022-05-03,10Y,10,0.008114534822978341
2022-05-03,15Y,15,0.010870586613863724
2022-05-03,20Y,20,0.011884285971654642
2022-05-03,25Y,25,0.012196825569882335
2022-05-03,30Y,30,0.012346056042030207
2022-05-04,1Y,1,0.0007899921309900288
2022-05-04,2Y,2,0.0017203673726694942
2022-05-04,3Y,3,0.002311483629464532
2022-05-04,4Y,4,0.0030392653742247282
2022-05-04,5Y,5,0.004110900280827241
2022-05-04,7Y,7,0.0061371512170750875
2022-05-04,10Y,10,0.008114534822978341
2022-05-04,15Y,15,0.010870586613863724
2022-05-04,20Y,20,0.011884285971654642
2022-05-04,25Y,25,0.012196825569882335
2022-05-04,30Y,30,0.012346056042030207
2022-05-05,1Y,1,0.0007899921309900288
2022-05-05,2Y,2,0.0015552304174890532
2022-05-05,3Y,3,0.002311695339983365
2022-05-05,4Y,4,0.003204718907994229
2022-05-05,5Y,5,0.0037789247813163544
2022-05-05,7Y,7,0.006470568227662152
2022-05-05,10Y,10,0.009085597919753012
2022-05-05,15Y,15,0.010605182446756685
2022-05-05,20Y,20,0.012377016079387492
2022-05-05,25Y,25,0.011586348425623042
2022-05-05,30Y,30,0.01111649944188045
2022-05-06,1Y,1,0.0009100006189793247
2022-05-06,2Y,2,0.0019804855746201706
2022-05-06,3Y,3,0.0025717956745388024
2022-05-06,4Y,4,0.003335062427114979
2022-05-06,5Y,5,0.004361931262707617
2022-05-06,7Y,7,0.006511179705503887
2022-05-06,10Y,10,0.008516134636332108
2022-05-06,15Y,15,0.011387954419252593
2022-05-06,20Y,20,0.012481169344064432
2022-05-06,25Y,25,0.012644466738213928
2022-05-06,30Y,30,0.01269276400593875
2022-05-07,1Y,1,0.0009100006189793247
2022-05-07,2Y,2,0.0019804855746201706
2022-05-07,3Y,3,0.0025717956745388024
2022-05-07,4Y,4,0.003335062427114979
2022-05-07,5Y,5,0.004361931262707617
2022-05-07,7Y,7,0.006511179705503887
2022-05-07,10Y,10,0.008516134636332108
2022-05-07,15Y,15,0.011387954419252593
2022-05-07,20Y,20,0.012481169344064432
2022-05-07,25Y,25,0.012644466738213928
2022-05-07,30Y,30,0.01269276400593875
2022-05-08,1Y,1,0.000760057523822629
2022-05-08,2Y,2,0.0019356033713872605
2022-05-08,3Y,3,0.002501904778900791
2022-05-08,4Y,4,0.003214936514759956
2022-05-08,5Y,5,0.004281955203262765
2022-05-08,7Y,7,0.006232288785632937
2022-05-08,10Y,10,0.008399215495233023
2022-05-08,15Y,15,0.011020799068423116
2022-05-08,20Y,20,0.012340571041694575
2022-05-08,25Y,25,0.012577668856245805
2022-05-08,30Y,30,0.012673011930159229
2022-05-09,1Y,1,0.0008300586775963921
2022-05-09,2Y,2,0.0023259789354382466
2022-05-09,3Y,3,0.0030527576080071183
2022-05-09,4Y,4,0.0030836407944456897
2022-05-09,5Y,5,0.003990010722441159
2022-05-09,7Y,7,0.007140500978645168
2022-05-09,10Y,10,0.009675642460791247
2022-05-09,15Y,15,0.011306836539725506
2022-05-09,20Y,20,0.01310235383034782
2022-05-09,25Y,25,0.012290377424540155
2022-05-09,30Y,30,0.011818364789079867
2022-05-10,1Y,1,0.0009500772759460893
2022-05-10,2Y,2,0.002225704662711271
2022-05-10,3Y,3,0.0027521965838152164
2022-05-10,4Y,4,0.0030385750331739054
2022-05-10,5Y,5,0.003929631026772318
2022-05-10,7Y,7,0.007079792063045323
2022-05-10,10Y,10,0.009536181409567851
2022-05-10,15Y,15,0.01123300883143773
2022-05-10,20Y,20,0.013094571229709496
2022-05-10,25Y,25,0.012261488367593543
2022-05-10,30Y,30,0.011767356200740492
2022-05-11,1Y,1,0.0007099915908698127
2022-05-11,2Y,2,0.0017704962299906275
2022-05-11,3Y,3,0.002511824087711181
2022-05-11,4Y,4,0.003169739599530993
2022-05-11,5Y,5,0.004171239411019624
2022-05-11,7Y,7,0.006157245158756045
2022-05-11,10Y,10,0.009038081174791424
2022-05-11,15Y,15,0.010079364798969623
2022-05-11,20Y,20,0.012766760511297397
2022-05-11,25Y,25,0.012794801344114703
2022-05-11,30Y,30,0.012905359662161175
2022-05-12,1Y,1,0.0007900069470035649
2022-05-12,2Y,2,0.001615277749547915
2022-05-12,3Y,3,0.0026123896788460897
2022-05-12,4Y,4,0.003500533119180739
2022-05-12,5Y,5,0.003537267273073674
2022-05-12,7Y,7,0.006765024342038031
2022-05-12,10Y,10,0.009364948904470668
2022-05-12,15Y,15,0.011129155646379105
2022-05-12,20Y,20,0.013166454254943864
2022-05-12,25Y,25,0.012864461165602909
2022-05-12,30Y,30,0.012936116138768411
2022-05-13,1Y,1,0.0005899959567147137
2022-05-13,2Y,2,0.0015654217684790842
2022-05-13,3Y,3,0.0023316516511701314
2022-05-13,4Y,4,0.003596957939705543
2022-05-13,5Y,5,0.004653924244919019
2022-05-13,7Y,7,0.006230750271474023
2022-05-13,10Y,10,0.00807991037739129
2022-05-13,15Y,15,0.011402733808450015
2022-05-13,20Y,20,0.01269692659315912
2022-05-13,25Y,25,0.012836272296265674
2022-05-13,30Y,30,0.012853949908469562
2022-05-14,1Y,1,0.0005900457520570589
2022-05-14,2Y,2,0.0017005369997158792
2022-05-14,3Y,3,0.002331759753299143
2022-05-14,4Y,4,0.002994441822457116
2022-05-14,5Y,5,0.00396044081040515
2022-05-14,7Y,7,0.005941156622858125
2022-05-14,10Y,10,0.008144271536700897
2022-05-14,15Y,15,0.011137226979429355
2022-05-14,20Y,20,0.012535407538324522
2022-05-14,25Y,25,0.01271595801334617
2022-05-14,30Y,30,0.012881014090909687
2022-05-15,1Y,1,0.0005900457520570589
2022-05-15,2Y,2,0.0017005369997158792
2022-05-15,3Y,3,0.002331759753299143
2022-05-15,4Y,4,0.003019542118847587
2022-05-15,5Y,5,0.003990590307753016
2022-05-15,7Y,7,0.005959393219583997
2022-05-15,10Y,10,0.008205535530976055
2022-05-15,15Y,15,0.011132657945810798
2022-05-15,20Y,20,0.012601109885228876
2022-05-15,25Y,25,0.012691244442854459
2022-05-15,30Y,30,0.012765094279624353
2022-05-16,1Y,1,0.0006200492433527157
2022-05-16,2Y,2,0.001970789797893017
2022-05-16,3Y,3,0.002682245493525818
2022-05-16,4Y,4,0.0026979594420635084
2022-05-16,5Y,5,0.003548251613954785
2022-05-16,7Y,7,0.006601997359992552
2022-05-16,10Y,10,0.007954403576768028
2022-05-16,15Y,15,0.011118389574730719
2022-05-16,20Y,20,0.012948253994663969
2022-05-16,25Y,25,0.012755853691892432
2022-05-16,30Y,30,0.012771992614472222
2022-05-17,1Y,1,0.0007800673310035078
2022-05-17,2Y,2,0.00202567775840639
2022-05-17,3Y,3,0.0026221154031334
2022-05-17,4Y,4,0.0026375016508193945
2022-05-17,5Y,5,0.0033872504486511046
2022-05-17,7Y,7,0.006965864879378068
2022-05-17,10Y,10,0.009521439750407966
2022-05-17,15Y,15,0.011390178360630495
2022-05-17,20Y,20,0.013497903409112652
2022-05-17,25Y,25,0.01299679262562672
2022-05-17,30Y,30,0.012988014559083171
2022-05-18,1Y,1,0.0005799938494808484
2022-05-18,2Y,2,0.0015454138506798064
2022-05-18,3Y,3,0.002301595951185303
2022-05-18,4Y,4,0.002934172283860705
2022-05-18,5Y,5,0.003879914000126852
2022-05-18,7Y,7,0.005884358088611916
2022-05-18,10Y,10,0.008086659993425142
2022-05-18,15Y,15,0.011390612269571197
2022-05-18,20Y,20,0.012714093253373969
2022-05-18,25Y,25,0.012758966275072106
2022-05-18,30Y,30,0.012888801509539949
2022-05-19,1Y,1,0.0005599881100278871
2022-05-19,2Y,2,0.0014703693699961722
2022-05-19,3Y,3,0.0022214776056311606
2022-05-19,4Y,4,0.0034212820672382517
2022-05-19,5Y,5,0.0037985008567236124
2022-05-19,7Y,7,0.0066239452955787325
2022-05-19,10Y,10,0.009279627728522984
2022-05-19,15Y,15,0.011226099216100996
2022-05-19,20Y,20,0.013166711077910287
2022-05-19,25Y,25,0.012646266180887383
2022-05-19,30Y,30,0.012714028818834381
2022-05-20,1Y,1,0.0005100385878346628
2022-05-20,2Y,2,0.0018107241636247213
2022-05-20,3Y,3,0.0025119866166859305
2022-05-20,4Y,4,0.002914166143578878
2022-05-20,5Y,5,0.0038598989346685488
2022-05-20,7Y,7,0.005762912698095705
2022-05-20,10Y,10,0.007722595677620639
2022-05-20,15Y,15,0.011224288524081099
2022-05-20,20Y,20,0.01248767922248082
2022-05-20,25Y,25,0.012573783784905094
2022-05-20,30Y,30,0.012590713075604767
2022-05-21,1Y,1,0.000709998248408136
2022-05-21,2Y,2,0.0016653971463365528
2022-05-21,3Y,3,0.0023115488569659115
2022-05-21,4Y,4,0.0029138992451563945
2022-05-21,5Y,5,0.0038596451946475655
2022-05-21,7Y,7,0.00576263153682687
2022-05-21,10Y,10,0.007722352236852012
2022-05-21,15Y,15,0.01122404643298502
2022-05-21,20Y,20,0.0124874898547515
2022-05-21,25Y,25,0.012573644920483995
2022-05-21,30Y,30,0.012590596536033533
2022-05-22,1Y,1,0.0005099923578042676
2022-05-22,2Y,2,0.001335302858114541
2022-05-22,3Y,3,0.0020312565299180946
2022-05-22,4Y,4,0.0026684996362150914
2022-05-22,5Y,5,0.003588575113058481
2022-05-22,7Y,7,0.00546185325840025
2022-05-22,10Y,10,0.0077119195673610585
2022-05-22,15Y,15,0.010963251794263858
2022-05-22,20Y,20,0.01231822877792844
2022-05-22,25Y,25,0.012453840889399008
2022-05-22,30Y,30,0.012539304824581815
2022-05-23,1Y,1,0.0004900395246407534
2022-05-23,2Y,2,0.0015054462189786478
2022-05-23,3Y,3,0.0020714153024480662
2022-05-23,4Y,4,0.0026535402051947364
2022-05-23,5Y,5,0.003598770054881013
2022-05-23,7Y,7,0.005455897465613408
2022-05-23,10Y,10,0.007694797138459712
2022-05-23,15Y,15,0.010930465823840739
2022-05-23,20Y,20,0.012251486234199678
2022-05-23,25Y,25,0.012431751707472502
2022-05-23,30Y,30,0.0125174404753085
2022-05-24,1Y,1,0.0005799974750364972
2022-05-24,2Y,2,0.0013902872208029853
2022-05-24,3Y,3,0.0019410893667547204
2022-05-24,4Y,4,0.0024728602864602708
2022-05-24,5Y,5,0.0033372775664891855
2022-05-24,7Y,7,0.005027016213644357
2022-05-24,10Y,10,0.007031966756024943
2022-05-24,15Y,15,0.010631981883338049
2022-05-24,20Y,20,0.011886536604211103
2022-05-24,25Y,25,0.012014257439827985
2022-05-24,30Y,30,0.012086999235103962
2022-05-25,1Y,1,0.00032002540762121785
2022-05-25,2Y,2,0.001145288959108079
2022-05-25,3Y,3,0.0016609719211299165
2022-05-25,4Y,4,0.0026790820352454395
2022-05-25,5Y,5,0.003156342187168181
2022-05-25,7Y,7,0.004869895506819466
2022-05-25,10Y,10,0.007308129970578666
2022-05-25,15Y,15,0.010314856533813166
2022-05-25,20Y,20,0.011936297831442792
2022-05-25,25Y,25,0.011999700840019133
2022-05-25,30Y,30,0.012084363016580108
2022-05-26,1Y,1,0.0003699958404694215
2022-05-26,2Y,2,0.0011152473972055282
2022-05-26,3Y,3,0.001831075278195342
2022-05-26,4Y,4,0.0024831701135123296
2022-05-26,5Y,5,0.0039007955539379245
2022-05-26,7Y,7,0.0049345041360811855
2022-05-26,10Y,10,0.007898081285783969
2022-05-26,15Y,15,0.011165816498509245
2022-05-26,20Y,20,0.012724020838399151
2022-05-26,25Y,25,0.012514025381900242
2022-05-26,30Y,30,0.012833257092333938
2022-05-27,1Y,1,0.0005800518664218856
2022-05-27,2Y,2,0.0014953663878862886
2022-05-27,3Y,3,0.001901159660452179
2022-05-27,4Y,4,0.002467926432427037
2022-05-27,5Y,5,0.0034078020203080783
2022-05-27,7Y,7,0.005449746175254822
2022-05-27,10Y,10,0.007424587093164691
2022-05-27,15Y,15,0.011227554254654517
2022-05-27,20Y,20,0.012523044332251848
2022-05-27,25Y,25,0.012648639937560468
2022-05-27,30Y,30,0.01271357621571772
2022-05-28,1Y,1,0.0005800011006592555
2022-05-28,2Y,2,0.0013552609562814898
2022-05-28,3Y,3,0.001901071420188593
2022-05-28,4Y,4,0.002467856617860235
2022-05-28,5Y,5,0.003407721323498241
2022-05-28,7Y,7,0.005449647428007706
2022-05-28,10Y,10,0.0074245015003337
2022-05-28,15Y,15,0.011227465477998655
2022-05-28,20Y,20,0.012522975211323202
2022-05-28,25Y,25,0.012648588885551816
2022-05-28,30Y,30,0.012713532854677292
2022-05-30,1Y,1,0.0006099984898071334
2022-05-30,2Y,2,0.0014202851209781315
2022-05-30,3Y,3,0.001971126410675613
2022-05-30,4Y,4,0.002643361269814172
2022-05-30,5Y,5,0.0030655773574491145
2022-05-30,7Y,7,0.006095128718391155
2022-05-30,10Y,10,0.008713071253867876
2022-05-30,15Y,15,0.011242338666260331
2022-05-30,20Y,20,0.013078020738292484
2022-05-30,25Y,25,0.012846526221776846
2022-05-30,30Y,30,0.012887258158556753
2022-05-31,1Y,1,0.0006999956469058529
2022-05-31,2Y,2,0.0015703253603642942
2022-05-31,3Y,3,0.0022214611973832357
2022-05-31,4Y,4,0.0029290122762897323
2022-05-31,5Y,5,0.0032360156654973483
2022-05-31,7Y,7,0.006590755627376548
2022-05-31,10Y,10,0.009251728843495427
2022-05-31,15Y,15,0.011546656182483244
2022-05-31,20Y,20,0.013505597970447125
2022-05-31,25Y,25,0.013156123485019157
2022-05-31,30Y,30,0.01319640355832515
2022-06-01,1Y,1,0.00044003411411281805
2022-06-01,2Y,2,0.0013553623066680893
2022-06-01,3Y,3,0.001941296080462091
2022-06-01,4Y,4,0.002628567083731213
2022-06-01,5Y,5,0.003629073103188547
2022-06-01,7Y,7,0.0055837316362669824
2022-06-01,10Y,10,0.008395231366790145
2022-06-01,15Y,15,0.011449804591877688
2022-06-01,20Y,20,0.013312778028772504
2022-06-01,25Y,25,0.01329497042616824
2022-06-01,30Y,30,0.013396966401956974
2022-06-02,1Y,1,0.0003400284840714576
2022-06-02,2Y,2,0.0012403431995102222
2022-06-02,3Y,3,0.0018412046361825443
2022-06-02,4Y,4,0.0025384539929766484
2022-06-02,5Y,5,0.0036493715929527474
2022-06-02,7Y,7,0.005737924876151208
2022-06-02,10Y,10,0.008336713021192169
2022-06-02,15Y,15,0.011971931346175434
2022-06-02,20Y,20,0.013434024503619066
2022-06-02,25Y,25,0.013415384094987232
2022-06-02,30Y,30,0.01351656858020701
2022-06-03,1Y,1,0.0002200257193678725
2022-06-03,2Y,2,0.001080299178356231
2022-06-03,3Y,3,0.0016210095239951206
2022-06-03,4Y,4,0.0023631577615309367
2022-06-03,5Y,5,0.003508821474068176
2022-06-03,7Y,7,0.005616909595739075
2022-06-03,10Y,10,0.008217786404558617
2022-06-03,15Y,15,0.011688694004876042
2022-06-03,20Y,20,0.013138594413233574
2022-06-03,25Y,25,0.013133326224210533
2022-06-03,30Y,30,0.013221914930236922
2022-06-04,1Y,1,0.0002200257193678725
2022-06-04,2Y,2,0.001080299178356231
2022-06-04,3Y,3,0.0016210095239951206
2022-06-04,4Y,4,0.0023631577615309367
2022-06-04,5Y,5,0.003508821474068176
2022-06-04,7Y,7,0.005616909595739075
2022-06-04,10Y,10,0.008217786404558617
2022-06-04,15Y,15,0.011688694004876042
2022-06-04,20Y,20,0.013138594413233574
2022-06-04,25Y,25,0.013133326224210533
2022-06-04,30Y,30,0.013221914930236922
2022-06-05,1Y,1,0.0002600302337472263
2022-06-05,2Y,2,0.0011503253197093864
2022-06-05,3Y,3,0.0017010945801468906
2022-06-05,4Y,4,0.002463393751740714
2022-06-05,5Y,5,0.003599216737984817
2022-06-05,7Y,7,0.005736151898724098
2022-06-05,10Y,10,0.008282375757845531
2022-06-05,15Y,15,0.01181813061497829
2022-06-05,20Y,20,0.013225535860669798
2022-06-05,25Y,25,0.01322880856073
2022-06-05,30Y,30,0.013317573225743461
2022-06-06,1Y,1,0.0002800320345944112
2022-06-06,2Y,2,0.0011753315736551442
2022-06-06,3Y,3,0.0017010771066821118
2022-06-06,4Y,4,0.002458370142782478
2022-06-06,5Y,5,0.0036092274966729103
2022-06-06,7Y,7,0.00565313194033486
2022-06-06,10Y,10,0.008166306005239623
2022-06-06,15Y,15,0.01167514971097502
2022-06-06,20Y,20,0.013099976916783072
2022-06-06,25Y,25,0.013027728503069871
2022-06-06,30Y,30,0.013091668574919373
2022-06-07,1Y,1,0.0005100577211308851
2022-06-07,2Y,2,0.0015554727867351306
2022-06-07,3Y,3,0.0020714619541128357
2022-06-07,4Y,4,0.0027287934065576944
2022-06-07,5Y,5,0.0032165373123907884
2022-06-07,7Y,7,0.006603740723176138
2022-06-07,10Y,10,0.00943686703302624
2022-06-07,15Y,15,0.011968584655629796
2022-06-07,20Y,20,0.013699461237622928
2022-06-07,25Y,25,0.013158026426339588
2022-06-07,30Y,30,0.013159932304741639
2022-06-08,1Y,1,0.0003900034168888288
2022-06-08,2Y,2,0.0011902819774396852
2022-06-08,3Y,3,0.0019112014337041195
2022-06-08,4Y,4,0.002663702458858775
2022-06-08,5Y,5,0.0037999944459704087
2022-06-08,7Y,7,0.005897548076144819
2022-06-08,10Y,10,0.009076816157685744
2022-06-08,15Y,15,0.011471400762402937
2022-06-08,20Y,20,0.0137442178434587
2022-06-08,25Y,25,0.013581766919090143
2022-06-08,30Y,30,0.013570167634484247
2022-06-09,1Y,1,0.000780001494382448
2022-06-09,2Y,2,0.001275054738321208
2022-06-09,3Y,3,0.0024424003940518024
2022-06-09,4Y,4,0.0038317479145291693
2022-06-09,5Y,5,0.0030243753560367055
2022-06-09,7Y,7,0.008017143075220818
2022-06-09,10Y,10,0.011530863869339616
2022-06-09,15Y,15,0.013124049810559
2022-06-09,20Y,20,0.014057816110832398
2022-06-09,25Y,25,0.014101052497674554
2022-06-09,30Y,30,0.014051957406216791
2022-06-10,1Y,1,0.000949976301020744
2022-06-10,2Y,2,0.0019954554291217457
2022-06-10,3Y,3,0.002712036076873087
2022-06-10,4Y,4,0.0035255998119544693
2022-06-10,5Y,5,0.004603419243083706
2022-06-10,7Y,7,0.0066930762948544595
2022-06-10,10Y,10,0.008962113879243547
2022-06-10,15Y,15,0.012961162968722779
2022-06-10,20Y,20,0.014015087687449431
2022-06-10,25Y,25,0.014008667814157043
2022-06-10,30Y,30,0.01395961613436159
2022-06-12,1Y,1,0.000780033191443327
2022-06-12,2Y,2,0.0018354825053995267
2022-06-12,3Y,3,0.002381656980555184
2022-06-12,4Y,4,0.0031346544463495265
2022-06-12,5Y,5,0.004261843120281545
2022-06-12,7Y,7,0.00638221209345575
2022-06-12,10Y,10,0.009014355027697724
2022-06-12,15Y,15,0.012675105989223343
2022-06-12,20Y,20,0.013935477850506198
2022-06-12,25Y,25,0.014061128531368799
2022-06-12,30Y,30,0.014084842332413939
2022-06-13,1Y,1,0.0013399029808939707
2022-06-13,2Y,2,0.002690736834793108
2022-06-13,3Y,3,0.003523094900637646
2022-06-13,4Y,4,0.004468613516336897
2022-06-13,5Y,5,0.005689514689118757
2022-06-13,7Y,7,0.008030371610700755
2022-06-13,10Y,10,0.010302033103337577
2022-06-13,15Y,15,0.014284468650821086
2022-06-13,20Y,20,0.015451004431517285
2022-06-13,25Y,25,0.015593780552650392
2022-06-13,30Y,30,0.015586424431675761
2022-06-14,1Y,1,0.0018397231713101969
2022-06-14,2Y,2,0.003340779654281605
2022-06-14,3Y,3,0.004243981661951186
2022-06-14,4Y,4,0.005170287298496791
2022-06-14,5Y,5,0.00630212277060958
2022-06-14,7Y,7,0.008401864872270591
2022-06-14,10Y,10,0.010505025636765232
2022-06-14,15Y,15,0.013973051463478443
2022-06-14,20Y,20,0.014877093012579284
2022-06-14,25Y,25,0.015159940742704277
2022-06-14,30Y,30,0.015170626461283653
2022-06-15,1Y,1,0.002049801883817101
2022-06-15,2Y,2,0.0036007530906884038
2022-06-15,3Y,3,0.004193537617610548
2022-06-15,4Y,4,0.005023877350251996
2022-06-15,5Y,5,0.006140179504964015
2022-06-15,7Y,7,0.008173292507210501
2022-06-15,10Y,10,0.010309291290663335
2022-06-15,15Y,15,0.013505339105931241
2022-06-15,20Y,20,0.014504454812710567
2022-06-15,25Y,25,0.014919869394578823
2022-06-15,30Y,30,0.014874165530914363
2022-06-16,1Y,1,0.0020995935983032683
2022-06-16,2Y,2,0.003335219228036615
2022-06-16,3Y,3,0.00462542964140532
2022-06-16,4Y,4,0.005883048211905025
2022-06-16,5Y,5,0.006624008796549841
2022-06-16,7Y,7,0.0086967391012164
2022-06-16,10Y,10,0.01164575709567725
2022-06-16,15Y,15,0.014314504235680649
2022-06-16,20Y,20,0.014367767221606757
2022-06-16,25Y,25,0.015115380422557365
2022-06-16,30Y,30,0.0147217464941246
2022-06-17,1Y,1,0.0014498460966760802
2022-06-17,2Y,2,0.0028507782688181474
2022-06-17,3Y,3,0.003773472460143147
2022-06-17,4Y,4,0.004593615594619195
2022-06-17,5Y,5,0.005688911605301555
2022-06-17,7Y,7,0.007716100066671604
2022-06-17,10Y,10,0.01002688982680609
2022-06-17,15Y,15,0.013674870295067072
2022-06-17,20Y,20,0.014398928742460132
2022-06-17,25Y,25,0.014257330304626309
2022-06-17,30Y,30,0.01409664111953236
2022-06-18,1Y,1,0.0012399722171396576
2022-06-18,2Y,2,0.0026608514390584082
2022-06-18,3Y,3,0.0033829102490645887
2022-06-18,4Y,4,0.004087029745333301
2022-06-18,5Y,5,0.00523654467784681
2022-06-18,7Y,7,0.00741143103305341
2022-06-18,10Y,10,0.009906854333423643
2022-06-18,15Y,15,0.013420003610978847
2022-06-18,20Y,20,0.014300606492385213
2022-06-18,25Y,25,0.01431655691204287
2022-06-18,30Y,30,0.014264132978005419
2022-06-19,1Y,1,0.001219974949627445
2022-06-19,2Y,2,0.0025757677570326046
2022-06-19,3Y,3,0.0032426445130562835
2022-06-19,4Y,4,0.003951566060701072
2022-06-19,5Y,5,0.005065435546308675
2022-06-19,7Y,7,0.007263477912385552
2022-06-19,10Y,10,0.009694696610704802
2022-06-19,15Y,15,0.01329830590977805
2022-06-19,20Y,20,0.014184785632187214
2022-06-19,25Y,25,0.014144470627067193
2022-06-19,30Y,30,0.01405664961571279
2022-06-20,1Y,1,0.0014398462556689323
2022-06-20,2Y,2,0.0024002229878009387
2022-06-20,3Y,3,0.003684114213502129
2022-06-20,4Y,4,0.004920062605797694
2022-06-20,5Y,5,0.004458901387614401
2022-06-20,7Y,7,0.009109688947449736
2022-06-20,10Y,10,0.012271637892780702
2022-06-20,15Y,15,0.013381427050392256
2022-06-20,20Y,20,0.014680418202460032
2022-06-20,25Y,25,0.014366452330543684
2022-06-20,30Y,30,0.015530209988197862
2022-06-21,1Y,1,0.001149985721315295
2022-06-21,2Y,2,0.00250578049891573
2022-06-21,3Y,3,0.003995324411920082
2022-06-21,4Y,4,0.003839500100960563
2022-06-21,5Y,5,0.004230442899278572
2022-06-21,7Y,7,0.00931978254734578
2022-06-21,10Y,10,0.011759547179447837
2022-06-21,15Y,15,0.014574066640072561
2022-06-21,20Y,20,0.014509321229255188
2022-06-21,25Y,25,0.014341214689204195
2022-06-21,30Y,30,0.0156986033617867
2022-06-22,1Y,1,0.001219974949627445
2022-06-22,2Y,2,0.0025907876492025457
2022-06-22,3Y,3,0.0032626765240615163
2022-06-22,4Y,4,0.003961594954392904
2022-06-22,5Y,5,0.005105739134295357
2022-06-22,7Y,7,0.007332463058433235
2022-06-22,10Y,10,0.009887017933318115
2022-06-22,15Y,15,0.013238400287296672
2022-06-22,20Y,20,0.014393405378262803
2022-06-22,25Y,25,0.014054980125116346
2022-06-22,30Y,30,0.013710411024221502
2022-06-23,1Y,1,0.0009700012735013984
2022-06-23,2Y,2,0.002170617966450932
2022-06-23,3Y,3,0.0033536890123415574
2022-06-23,4Y,4,0.004217949814220335
2022-06-23,5Y,5,0.004028343746133829
2022-06-23,7Y,7,0.007970359930349108
2022-06-23,10Y,10,0.010378133143922394
2022-06-23,15Y,15,0.012718362160323612
2022-06-23,20Y,20,0.014026089237071762
2022-06-23,25Y,25,0.013914478542536055
2022-06-23,30Y,30,0.013827926067668592
2022-06-24,1Y,1,0.001100013843268822
2022-06-24,2Y,2,0.002250540294961587
2022-06-24,3Y,3,0.002782018335223467
2022-06-24,4Y,4,0.003515273883688696
2022-06-24,5Y,5,0.004804656533600939
2022-06-24,7Y,7,0.007179835353954401
2022-06-24,10Y,10,0.009317945669858036
2022-06-24,15Y,15,0.012800389039984204
2022-06-24,20Y,20,0.013857198854968132
2022-06-24,25Y,25,0.013569374780537428
2022-06-24,30Y,30,0.013443335204901246
2022-06-26,1Y,1,0.0008899967084626467
2022-06-26,2Y,2,0.0019304581800105333
2022-06-26,3Y,3,0.0025117029958732807
2022-06-26,4Y,4,0.0031543881424247896
2022-06-26,5Y,5,0.004473107064018803
2022-06-26,7Y,7,0.00698797618220943
2022-06-26,10Y,10,0.009600769956935904
2022-06-26,15Y,15,0.013016565080800199
2022-06-26,20Y,20,0.014253121863366946
2022-06-26,25Y,25,0.014019219771439231
2022-06-26,30Y,30,0.01398914821979073
2022-06-27,1Y,1,0.0012398947003920066
2022-06-27,2Y,2,0.0019450559835251908
2022-06-27,3Y,3,0.003163275408471269
2022-06-27,4Y,4,0.004327731307316831
2022-06-27,5Y,5,0.004038206904936123
2022-06-27,7Y,7,0.00873932424230775
2022-06-27,10Y,10,0.011549437760876182
2022-06-27,15Y,15,0.013258419185029144
2022-06-27,20Y,20,0.014841111531853031
2022-06-27,25Y,25,0.01437887460327195
2022-06-27,30Y,30,0.014507414858265111
2022-06-28,1Y,1,0.0010199917805538167
2022-06-28,2Y,2,0.0022106000366744513
2022-06-28,3Y,3,0.0035040929808661343
2022-06-28,4Y,4,0.0036296034218214167
2022-06-28,5Y,5,0.004432882803733466
2022-06-28,7Y,7,0.007741974785693148
2022-06-28,10Y,10,0.01155488438994143
2022-06-28,15Y,15,0.014630314431102723
2022-06-28,20Y,20,0.015153777483391738
2022-06-28,25Y,25,0.014357699550461858
2022-06-28,30Y,30,0.014881307387839016
2022-06-29,1Y,1,0.0009799988371770425
2022-06-29,2Y,2,0.0021355663138192434
2022-06-29,3Y,3,0.002782102972729782
2022-06-29,4Y,4,0.003495401440837627
2022-06-29,5Y,5,0.0048653857332463975
2022-06-29,7Y,7,0.007570271836104829
2022-06-29,10Y,10,0.01021116246503637
2022-06-29,15Y,15,0.01360108150128718
2022-06-29,20Y,20,0.014971199372699449
2022-06-29,25Y,25,0.014795852297916752
2022-06-29,30Y,30,0.014758219186337318
2022-06-30,1Y,1,0.001089934670284265
2022-06-30,2Y,2,0.0017600826011945903
2022-06-30,3Y,3,0.0028727617755721657
2022-06-30,4Y,4,0.004067125279466071
2022-06-30,5Y,5,0.0040290163336268855
2022-06-30,7Y,7,0.008588107892001616
2022-06-30,10Y,10,0.011666373937385423
2022-06-30,15Y,15,0.013322504531361188
2022-06-30,20Y,20,0.015132163274841988
2022-06-30,25Y,25,0.014284555976878117
2022-06-30,30Y,30,0.01421245150488284
2022-07-01,1Y,1,0.00090996648641384
2022-07-01,2Y,2,0.0019504578524419062
2022-07-01,3Y,3,0.0026117976755920744
2022-07-01,4Y,4,0.003279748313712326
2022-07-01,5Y,5,0.004593696602057811
2022-07-01,7Y,7,0.007203034877489106
2022-07-01,10Y,10,0.009519335442100423
2022-07-01,15Y,15,0.013170542546419738
2022-07-01,20Y,20,0.014043384093382643
2022-07-01,25Y,25,0.013807832916946022
2022-07-01,30Y,30,0.013762954442447243
2022-07-03,1Y,1,0.000640023623278038
2022-07-03,2Y,2,0.001600402842011023
2022-07-03,3Y,3,0.0021413735157482243
2022-07-03,4Y,4,0.0027736836112739445
2022-07-03,5Y,5,0.0041014702221558565
2022-07-03,7Y,7,0.0067276056145641255
2022-07-03,10Y,10,0.009501049903415847
2022-07-03,15Y,15,0.012936698388713645
2022-07-03,20Y,20,0.014274399509609167
2022-07-03,25Y,25,0.014233657145739601
2022-07-03,30Y,30,0.014221132074957947
2022-07-04,1Y,1,0.0006900815593528025
2022-07-04,2Y,2,0.002326148710498243
2022-07-04,3Y,3,0.002992722729495801
2022-07-04,4Y,4,0.002446601692055141
2022-07-04,5Y,5,0.003588697476234101
2022-07-04,7Y,7,0.006983914424056729
2022-07-04,10Y,10,0.009803083797860676
2022-07-04,15Y,15,0.013090085547277698
2022-07-04,20Y,20,0.015086830221395195
2022-07-04,25Y,25,0.014234817963727671
2022-07-04,30Y,30,0.014188820020814853
2022-07-05,1Y,1,0.000660025188049389
2022-07-05,2Y,2,0.0020358281796522574
2022-07-05,3Y,3,0.0027421679159332535
2022-07-05,4Y,4,0.002311484242689478
2022-07-05,5Y,5,0.0034782597125419057
2022-07-05,7Y,7,0.006748068196968911
2022-07-05,10Y,10,0.010535627419551193
2022-07-05,15Y,15,0.013941085211008244
2022-07-05,20Y,20,0.014844828306029902
2022-07-05,25Y,25,0.014500923221310028
2022-07-05,30Y,30,0.014494387928919494
2022-07-06,1Y,1,0.000850061156773167
2022-07-06,2Y,2,0.0014701278910348628
2022-07-06,3Y,3,0.0016707963524822986
2022-07-06,4Y,4,0.0025629724615837
2022-07-06,5Y,5,0.003759423604624516
2022-07-06,7Y,7,0.00634638020989176
2022-07-06,10Y,10,0.009994648524544854
2022-07-06,15Y,15,0.013058435874827275
2022-07-06,20Y,20,0.015428877436254136
2022-07-06,25Y,25,0.015117927237557137
2022-07-06,30Y,30,0.015159492483793991
2022-07-07,1Y,1,0.0008399732588415005
2022-07-07,2Y,2,0.0014250926905947988
2022-07-07,3Y,3,0.002402021330901849
2022-07-07,4Y,4,0.0034703726770285424
2022-07-07,5Y,5,0.0033361764830985223
2022-07-07,7Y,7,0.007331838176184198
2022-07-07,10Y,10,0.010586847822048526
2022-07-07,15Y,15,0.014507488987134111
2022-07-07,20Y,20,0.015390972168969985
2022-07-07,25Y,25,0.015127724478305765
2022-07-07,30Y,30,0.015138453809068508
2022-07-08,1Y,1,0.0010100322735678762
2022-07-08,2Y,2,0.002080470648501111
2022-07-08,3Y,3,0.002571796692533444
2022-07-08,4Y,4,0.0033499451200718297
2022-07-08,5Y,5,0.004472658586214226
2022-07-08,7Y,7,0.00680499938337919
2022-07-08,10Y,10,0.009761297411708583
2022-07-08,15Y,15,0.014524985634197615
2022-07-08,20Y,20,0.01568867278472868
2022-07-08,25Y,25,0.015169911695824
2022-07-08,30Y,30,0.014945453383022866
2022-07-10,1Y,1,0.0007800063706051879
2022-07-10,2Y,2,0.001765417463597871
2022-07-10,3Y,3,0.0023415461192250213
2022-07-10,4Y,4,0.0029991179738895818
2022-07-10,5Y,5,0.0042116899320603345
2022-07-10,7Y,7,0.006700608066647337
2022-07-10,10Y,10,0.00988950715637105
2022-07-10,15Y,15,0.014493412483311983
2022-07-10,20Y,20,0.01585140164909841
2022-07-10,25Y,25,0.015529195510744605
2022-07-10,30Y,30,0.015462658269952467
2022-07-11,1Y,1,0.0010400189311799664
2022-07-11,2Y,2,0.0021905510128502116
2022-07-11,3Y,3,0.002661810045746879
2022-07-11,4Y,4,0.0033649082242220734
2022-07-11,5Y,5,0.003928580210405999
2022-07-11,7Y,7,0.007433512359252105
2022-07-11,10Y,10,0.010537412101145976
2022-07-11,15Y,15,0.01454012773414432
2022-07-11,20Y,20,0.015442201737764977
2022-07-11,25Y,25,0.01515938443593809
2022-07-11,30Y,30,0.015052249958312757
2022-07-12,1Y,1,0.0009700315964140062
2022-07-12,2Y,2,0.0020855237961726163
2022-07-12,3Y,3,0.002531683469069769
2022-07-12,4Y,4,0.0023462787702395417
2022-07-12,5Y,5,0.0032867275517569666
2022-07-12,7Y,7,0.007370665501415593
2022-07-12,10Y,10,0.010499987230126427
2022-07-12,15Y,15,0.014752629801151577
2022-07-12,20Y,20,0.01565408204559451
2022-07-12,25Y,25,0.01517112444802312
2022-07-12,30Y,30,0.014982602939245682
2022-07-13,1Y,1,0.0009700224992455916
2022-07-13,2Y,2,0.00172519066975502
2022-07-13,3Y,3,0.0020510931023897247
2022-07-13,4Y,4,0.0029187402246695186
2022-07-13,5Y,5,0.004040454964854298
2022-07-13,7Y,7,0.0063902385191457025
2022-07-13,10Y,10,0.009789970266453249
2022-07-13,15Y,15,0.014578855463364872
2022-07-13,20Y,20,0.01600929122898767
2022-07-13,25Y,25,0.01572196560791696
2022-07-13,30Y,30,0.015612346895042825
2022-07-14,1Y,1,0.0011000551108183857
2022-07-14,2Y,2,0.0024007172513602656
2022-07-14,3Y,3,0.00286213656860291
2022-07-14,4Y,4,0.003550431548042376
2022-07-14,5Y,5,0.0045122164427921895
2022-07-14,7Y,7,0.006479455077374316
2022-07-14,10Y,10,0.00942960029598603
2022-07-14,15Y,15,0.014471082025155417
2022-07-14,20Y,20,0.015456469374562555
2022-07-14,25Y,25,0.015141123600248881
2022-07-14,30Y,30,0.014989196661530913
2022-07-15,1Y,1,0.001169895514478301
2022-07-15,2Y,2,0.0022003947489468447
2022-07-15,3Y,3,0.0027115435932425283
2022-07-15,4Y,4,0.0032691271078875038
2022-07-15,5Y,5,0.004169911268860854
2022-07-15,7Y,7,0.005891832518499231
2022-07-15,10Y,10,0.008626352461511003
2022-07-15,15Y,15,0.013398349103422668
2022-07-15,20Y,20,0.014514173009777183
2022-07-15,25Y,25,0.014266815780306887
2022-07-15,30Y,30,0.014115063277995749
2022-07-17,1Y,1,0.001169895514478301
2022-07-17,2Y,2,0.0022003947489468447
2022-07-17,3Y,3,0.0026714463726916302
2022-07-17,4Y,4,0.0032692034537653656
2022-07-17,5Y,5,0.004210115211382964
2022-07-17,7Y,7,0.005891866456391243
2022-07-17,10Y,10,0.008626387359208254
2022-07-17,15Y,15,0.013398387756354274
2022-07-17,20Y,20,0.014514201737883231
2022-07-17,25Y,25,0.014266835753806124
2022-07-17,30Y,30,0.014115079506555639
2022-07-18,1Y,1,0.0011700454625711448
2022-07-18,2Y,2,0.0024056265133273664
2022-07-18,3Y,3,0.0026716116595263254
2022-07-18,4Y,4,0.0032693141612490937
2022-07-18,5Y,5,0.004210240029630933
2022-07-18,7Y,7,0.005891999951069617
2022-07-18,10Y,10,0.008626529515369272
2022-07-18,15Y,15,0.013398545327249644
2022-07-18,20Y,20,0.014514318423412349
2022-07-18,25Y,25,0.014266917187902687
2022-07-18,30Y,30,0.01411514551041304
2022-07-19,1Y,1,0.000850013325780215
2022-07-19,2Y,2,0.0019204920695345233
2022-07-19,3Y,3,0.0024315880997884012
2022-07-19,4Y,4,0.0038779771817064926
2022-07-19,5Y,5,0.004985272714435164
2022-07-19,7Y,7,0.006239569451466984
2022-07-19,10Y,10,0.009152692949087483
2022-07-19,15Y,15,0.014114630691721659
2022-07-19,20Y,20,0.015243392096063135
2022-07-19,25Y,25,0.01503341528394534
2022-07-19,30Y,30,0.014907818259320915
2022-07-20,1Y,1,0.0008300119724943792
2022-07-20,2Y,2,0.0018154119034028996
2022-07-20,3Y,3,0.0023515401623111307
2022-07-20,4Y,4,0.0030040482563304075
2022-07-20,5Y,5,0.004000208028834893
2022-07-20,7Y,7,0.006142932291576308
2022-07-20,10Y,10,0.009670052090089865
2022-07-20,15Y,15,0.01392647122811738
2022-07-20,20Y,20,0.0157755726364429
2022-07-20,25Y,25,0.015584411490963665
2022-07-20,30Y,30,0.015466924639092862
2022-07-21,1Y,1,0.0010899040106451604
2022-07-21,2Y,2,0.0020903846033341043
2022-07-21,3Y,3,0.002691649714536384
2022-07-21,4Y,4,0.003214031511167189
2022-07-21,5Y,5,0.004150169230568698
2022-07-21,7Y,7,0.006167637401117079
2022-07-21,10Y,10,0.009183171148802273
2022-07-21,15Y,15,0.014221636210502245
2022-07-21,20Y,20,0.015352097210793243
2022-07-21,25Y,25,0.01497799170402751
2022-07-21,30Y,30,0.01483840549222889
2022-07-22,1Y,1,0.0007799429867458553
2022-07-22,2Y,2,0.0014551678205131932
2022-07-22,3Y,3,0.0019809596282917134
2022-07-22,4Y,4,0.0023521262860663264
2022-07-22,5Y,5,0.0030958935630143267
2022-07-22,7Y,7,0.0050747341003036205
2022-07-22,10Y,10,0.008185313066536519
2022-07-22,15Y,15,0.013731069685982127
2022-07-22,20Y,20,0.014458944794135852
2022-07-22,25Y,25,0.014276638064106555
2022-07-22,30Y,30,0.014220034038249472
2022-07-24,1Y,1,0.0005100178624941505
2022-07-24,2Y,2,0.001190200000646698
2022-07-24,3Y,3,0.0015306937563255379
2022-07-24,4Y,4,0.0019918508178052513
2022-07-24,5Y,5,0.0027951895649554795
2022-07-24,7Y,7,0.004615250303895373
2022-07-24,10Y,10,0.008234173775118259
2022-07-24,15Y,15,0.013569132822679004
2022-07-24,20Y,20,0.015005193084704443
2022-07-24,25Y,25,0.014625697163628566
2022-07-24,30Y,30,0.0145278169692234
2022-07-25,1Y,1,0.0008000450486627046
2022-07-25,2Y,2,0.0017653973191685292
2022-07-25,3Y,3,0.0013800528646755726
2022-07-25,4Y,4,0.0025236686500515627
2022-07-25,5Y,5,0.004009292364614219
2022-07-25,7Y,7,0.0050975406229667826
2022-07-25,10Y,10,0.008258802219154154
2022-07-25,15Y,15,0.013613288953898595
2022-07-25,20Y,20,0.01466885414577172
2022-07-25,25Y,25,0.014326372376114924
2022-07-25,30Y,30,0.014176888223678852
2022-07-26,1Y,1,0.000780045383635605
2022-07-26,2Y,2,0.0016953555276572017
2022-07-26,3Y,3,0.002041169599242908
2022-07-26,4Y,4,0.002522710708289596
2022-07-26,5Y,5,0.003156041999063828
2022-07-26,7Y,7,0.00409217683707708
2022-07-26,10Y,10,0.00813005555862063
2022-07-26,15Y,15,0.012951049587171816
2022-07-26,20Y,20,0.01447309844364513
2022-07-26,25Y,25,0.013844986957648901
2022-07-26,30Y,30,0.013005845608847039
2022-07-27,1Y,1,0.0005200234145841191
2022-07-27,2Y,2,0.001325283153704101
2022-07-27,3Y,3,0.0017409214308337533
2022-07-27,4Y,4,0.0022474233628190215
2022-07-27,5Y,5,0.004082014478782165
2022-07-27,7Y,7,0.0042128215931751724
2022-07-27,10Y,10,0.00850362762823101
2022-07-27,15Y,15,0.013084301294800725
2022-07-27,20Y,20,0.014507754415856411
2022-07-27,25Y,25,0.014208937159580357
2022-07-27,30Y,30,0.013958342442019267
2022-07-28,1Y,1,0.0006299677254105851
2022-07-28,2Y,2,0.0013101938960438217
2022-07-28,3Y,3,0.0018709410321899455
2022-07-28,4Y,4,0.0023975688240748944
2022-07-28,5Y,5,0.0033272285615148145
2022-07-28,7Y,7,0.005409130160735691
2022-07-28,10Y,10,0.009269477575603079
2022-07-28,15Y,15,0.013444195061316614
2022-07-28,20Y,20,0.014459297047815825
2022-07-28,25Y,25,0.01406427541295032
2022-07-28,30Y,30,0.01387689431605597
2022-07-29,1Y,1,0.0006300464930458971
2022-07-29,2Y,2,0.0013902483484341118
2022-07-29,3Y,3,0.0016908739293680056
2022-07-29,4Y,4,0.0021670819974582657
2022-07-29,5Y,5,0.00299595299622583
2022-07-29,7Y,7,0.005116086252157597
2022-07-29,10Y,10,0.008369960015069254
2022-07-29,15Y,15,0.013643072729237085
2022-07-29,20Y,20,0.014935154732201781
2022-07-29,25Y,25,0.014541998692565766
2022-07-29,30Y,30,0.014406587892563272
2022-07-30,1Y,1,0.0003800220955863441
2022-07-30,2Y,2,0.0010752104674923257
2022-07-30,3Y,3,0.0014807325960811538
2022-07-30,4Y,4,0.0020070457467619178
2022-07-30,5Y,5,0.0029460363392977956
2022-07-30,7Y,7,0.005102578738166857
2022-07-30,10Y,10,0.008694732149478707
2022-07-30,15Y,15,0.013816672201139567
2022-07-30,20Y,20,0.015378086377113244
2022-07-30,25Y,25,0.014988130168629713
2022-07-30,30Y,30,0.014822110082721118
2022-07-31,1Y,1,0.0003799781529940197
2022-07-31,2Y,2,0.0008901186589380293
2022-07-31,3Y,3,0.0014806388412750473
2022-07-31,4Y,4,0.002006965992251168
2022-07-31,5Y,5,0.0029760787515309825
2022-07-31,7Y,7,0.005096497341641392
2022-07-31,10Y,10,0.008677427558156214
2022-07-31,15Y,15,0.01386265059941994
2022-07-31,20Y,20,0.015352182939457903
2022-07-31,25Y,25,0.015000170776227836
2022-07-31,30Y,30,0.014892114331434097
2022-08-01,1Y,1,0.00036002273269924035
2022-08-01,2Y,2,0.0013103846023876612
2022-08-01,3Y,3,0.0017609652202559287
2022-08-01,4Y,4,0.0021323237100988428
2022-08-01,5Y,5,0.0031066183596827023
2022-08-01,7Y,7,0.004904271652738799
2022-08-01,10Y,10,0.009069949622871306
2022-08-01,15Y,15,0.013779637439628933
2022-08-01,20Y,20,0.015060608754008064
2022-08-01,25Y,25,0.014795395137380395
2022-08-01,30Y,30,0.014617419661876069
2022-08-02,1Y,1,0.0005099796068750584
2022-08-02,2Y,2,0.0007249850526793978
2022-08-02,3Y,3,0.0014708348629030926
2022-08-02,4Y,4,0.0016608684575609837
2022-08-02,5Y,5,0.002103233788629207
2022-08-02,7Y,7,0.005649995876504546
2022-08-02,10Y,10,0.007344517803311844
2022-08-02,15Y,15,0.01295532871360546
2022-08-02,20Y,20,0.014845688098641044
2022-08-02,25Y,25,0.014431874835469854
2022-08-02,30Y,30,0.014048311958511856
2022-08-03,1Y,1,0.0003400210442029805
2022-08-03,2Y,2,0.001355435071750921
2022-08-03,3Y,3,0.0018410462242393504
2022-08-03,4Y,4,0.0020871732714040432
2022-08-03,5Y,5,0.0029860912189358805
2022-08-03,7Y,7,0.005118345673051239
2022-08-03,10Y,10,0.008356912354092522
2022-08-03,15Y,15,0.013588488317902783
2022-08-03,20Y,20,0.015221525284009317
2022-08-03,25Y,25,0.01490062336891895
2022-08-03,30Y,30,0.014690672871048282
2022-08-04,1Y,1,0.0003400221070117927
2022-08-04,2Y,2,0.0010151976041372153
2022-08-04,3Y,3,0.0013606189351196485
2022-08-04,4Y,4,0.0018317244943992198
2022-08-04,5Y,5,0.003408479119265268
2022-08-04,7Y,7,0.004974271924317064
2022-08-04,10Y,10,0.009083146730008616
2022-08-04,15Y,15,0.013520287610208527
2022-08-04,20Y,20,0.015302793597912525
2022-08-04,25Y,25,0.014717743648655027
2022-08-04,30Y,30,0.014227231971980758
2022-08-05,1Y,1,0.00033002125028356883
2022-08-05,2Y,2,0.0010152029040513659
2022-08-05,3Y,3,0.0013706283037471369
2022-08-05,4Y,4,0.001806669775567969
2022-08-05,5Y,5,0.0026850386820285173
2022-08-05,7Y,7,0.005907869250542524
2022-08-05,10Y,10,0.008151594185212035
2022-08-05,15Y,15,0.01324844157211957
2022-08-05,20Y,20,0.014994929237837826
2022-08-05,25Y,25,0.014970463519643817
2022-08-05,30Y,30,0.014940805724388917
2022-08-07,1Y,1,0.0003800220955863441
2022-08-07,2Y,2,0.0010752104674923257
2022-08-07,3Y,3,0.001460704765473106
2022-08-07,4Y,4,0.001956934540293595
2022-08-07,5Y,5,0.002875739184630838
2022-08-07,7Y,7,0.004866206502566421
2022-08-07,10Y,10,0.008419995711245297
2022-08-07,15Y,15,0.013446233865782631
2022-08-07,20Y,20,0.015171742804217247
2022-08-07,25Y,25,0.015014854141764036
2022-08-07,30Y,30,0.014901521665975002
2022-08-08,1Y,1,0.0003800220955863441
2022-08-08,2Y,2,0.0010451929843413015
2022-08-08,3Y,3,0.0018413345466061883
2022-08-08,4Y,4,0.001861310844069402
2022-08-08,5Y,5,0.0022536729365784814
2022-08-08,7Y,7,0.004728321299725748
2022-08-08,10Y,10,0.00816666992900521
2022-08-08,15Y,15,0.013151775665609385
2022-08-08,20Y,20,0.014951201078153484
2022-08-08,25Y,25,0.014748076251188711
2022-08-08,30Y,30,0.014564786686444703
2022-08-09,1Y,1,0.0003799781529940197
2022-08-09,2Y,2,0.0008601040836574947
2022-08-09,3Y,3,0.0018011458264887295
2022-08-09,4Y,4,0.002362572691389353
2022-08-09,5Y,5,0.002865659132590746
2022-08-09,7Y,7,0.0046821420011305456
2022-08-09,10Y,10,0.0076935332449383775
2022-08-09,15Y,15,0.012890056875492105
2022-08-09,20Y,20,0.014384087490985773
2022-08-09,25Y,25,0.014040858227074588
2022-08-09,30Y,30,0.01379271468982553
2022-08-10,1Y,1,0.0007100404171085754
2022-08-10,2Y,2,0.0015202772544831147
2022-08-10,3Y,3,0.0017508191672270116
2022-08-10,4Y,4,0.0021770019825289757
2022-08-10,5Y,5,0.0029153129479106855
2022-08-10,7Y,7,0.0046511403927952
2022-08-10,10Y,10,0.007610035665288549
2022-08-10,15Y,15,0.012649955215289905
2022-08-10,20Y,20,0.013954739362039592
2022-08-10,25Y,25,0.01359649364503589
2022-08-10,30Y,30,0.013344612520927595
2022-08-11,1Y,1,0.0004900211435499322
2022-08-11,2Y,2,0.0015204623835072058
2022-08-11,3Y,3,0.0019711095102547273
2022-08-11,4Y,4,0.0021771459467847423
2022-08-11,5Y,5,0.0029154417124407656
2022-08-11,7Y,7,0.004651302123353267
2022-08-11,10Y,10,0.007610226730769616
2022-08-11,15Y,15,0.012650173493869007
2022-08-11,20Y,20,0.01395490465003213
2022-08-11,25Y,25,0.014225744519991135
2022-08-11,30Y,30,0.014602977592747052
2022-08-12,1Y,1,0.0005600231169945937
2022-08-12,2Y,2,0.001405311855652012
2022-08-12,3Y,3,0.0017809121269891039
2022-08-12,4Y,4,0.002257402716799449
2022-08-12,5Y,5,0.0030359351625984876
2022-08-12,7Y,7,0.004827832737611037
2022-08-12,10Y,10,0.008515098003871086
2022-08-12,15Y,15,0.013014513596309627
2022-08-12,20Y,20,0.01400497110807025
2022-08-12,25Y,25,0.01405500530773849
2022-08-12,30Y,30,0.014527354899983025
2022-08-14,1Y,1,0.0005399574834729775
2022-08-14,2Y,2,0.0011251479223319107
2022-08-14,3Y,3,0.0017007532653529754
2022-08-14,4Y,4,0.0021721262751328565
2022-08-14,5Y,5,0.002925489547212327
2022-08-14,7Y,7,0.004714014152844616
2022-08-14,10Y,10,0.007983549415107833
2022-08-14,15Y,15,0.012762731125583592
2022-08-14,20Y,20,0.014337560057875377
2022-08-14,25Y,25,0.013909476418131696
2022-08-14,30Y,30,0.013601659214452203
2022-08-15,1Y,1,0.0007200369356409851
2022-08-15,2Y,2,0.001315129783537365
2022-08-15,3Y,3,0.0018812529928563843
2022-08-15,4Y,4,0.002572851764780124
2022-08-15,5Y,5,0.0029856992197723367
2022-08-15,7Y,7,0.004694432627348984
2022-08-15,10Y,10,0.007545185843338711
2022-08-15,15Y,15,0.012546605987589499
2022-08-15,20Y,20,0.01395465738143709
2022-08-15,25Y,25,0.013642464086486866
2022-08-15,30Y,30,0.01340348201894167
2022-08-16,1Y,1,0.0007900415209001599
2022-08-16,2Y,2,0.0012950668519732607
2022-08-16,3Y,3,0.001390482125409607
2022-08-16,4Y,4,0.0026887022742193714
2022-08-16,5Y,5,0.0028040955076888727
2022-08-16,7Y,7,0.005500026510959115
2022-08-16,10Y,10,0.00874557638794883
2022-08-16,15Y,15,0.012523023602117005
2022-08-16,20Y,20,0.013827577204878594
2022-08-16,25Y,25,0.013796958796471553
2022-08-16,30Y,30,0.013846311693740171
2022-08-17,1Y,1,0.0008700337670651639
2022-08-17,2Y,2,0.0017603220187230014
2022-08-17,3Y,3,0.0019508864019760692
2022-08-17,4Y,4,0.0023671997987952456
2022-08-17,5Y,5,0.0030654930673874605
2022-08-17,7Y,7,0.004793848335917309
2022-08-17,10Y,10,0.007614839851876418
2022-08-17,15Y,15,0.012334137067109226
2022-08-17,20Y,20,0.013868821141893072
2022-08-17,25Y,25,0.01351567003634848
2022-08-17,30Y,30,0.01328727074949746
2022-08-18,1Y,1,0.0006599303035820754
2022-08-18,2Y,2,0.0015053250189927866
2022-08-18,3Y,3,0.002100991224223321
2022-08-18,4Y,4,0.0022870573952496497
2022-08-18,5Y,5,0.002673765537114044
2022-08-18,7Y,7,0.005348710321039077
2022-08-18,10Y,10,0.008220506593139982
2022-08-18,15Y,15,0.012526200143350255
2022-08-18,20Y,20,0.014001669799459993
2022-08-18,25Y,25,0.013208498478338476
2022-08-18,30Y,30,0.013175473020899836
2022-08-19,1Y,1,0.0009599106451415781
2022-08-19,2Y,2,0.00170518133479497
2022-08-19,3Y,3,0.0021609807237786844
2022-08-19,4Y,4,0.0027028754137368525
2022-08-19,5Y,5,0.0035474308833179226
2022-08-19,7Y,7,0.005420022114697605
2022-08-19,10Y,10,0.008081515173304315
2022-08-19,15Y,15,0.012372204994018239
2022-08-19,20Y,20,0.013934566905926513
2022-08-19,25Y,25,0.013604684098961498
2022-08-19,30Y,30,0.013317425165125123
2022-08-21,1Y,1,0.0007300128040025591
2022-08-21,2Y,2,0.0016203381232491518
2022-08-21,3Y,3,0.00203110751530645
2022-08-21,4Y,4,0.0024876742249158048
2022-08-21,5Y,5,0.0033671996555252157
2022-08-21,7Y,7,0.005408706957920061
2022-08-21,10Y,10,0.008317713887794138
2022-08-21,15Y,15,0.012623663348580335
2022-08-21,20Y,20,0.014364627178999424
2022-08-21,25Y,25,0.013988469142810656
2022-08-21,30Y,30,0.013657063074232034
2022-08-22,1Y,1,0.000730017367788927
2022-08-22,2Y,2,0.0016303464391385072
2022-08-22,3Y,3,0.002071190439206348
2022-08-22,4Y,4,0.0026381375982986077
2022-08-22,5Y,5,0.0036587025613224492
2022-08-22,7Y,7,0.00573448328775829
2022-08-22,10Y,10,0.00845428868233477
2022-08-22,15Y,15,0.01296172919294048
2022-08-22,20Y,20,0.014483990831852683
2022-08-22,25Y,25,0.014297825980274022
2022-08-22,30Y,30,0.014128719224719515
2022-08-23,1Y,1,0.0007100137833827721
2022-08-23,2Y,2,0.001550299185995916
2022-08-23,3Y,3,0.00199111158604734
2022-08-23,4Y,4,0.003215438728045809
2022-08-23,5Y,5,0.004362117918452402
2022-08-23,7Y,7,0.005884528455747515
2022-08-23,10Y,10,0.008341899366847991
2022-08-23,15Y,15,0.012987489859400509
2022-08-23,20Y,20,0.01453101595058668
2022-08-23,25Y,25,0.014348982896889486
2022-08-23,30Y,30,0.014100154853332252
2022-08-24,1Y,1,0.0007100160027470654
2022-08-24,2Y,2,0.0016303651204874104
2022-08-24,3Y,3,0.0026925789869795013
2022-08-24,4Y,4,0.002737633724073917
2022-08-24,5Y,5,0.004112755567327651
2022-08-24,7Y,7,0.006190590940342854
2022-08-24,10Y,10,0.0076121592317163304
2022-08-24,15Y,15,0.012844324950323357
2022-08-24,20Y,20,0.014572623849151343
2022-08-24,25Y,25,0.014513690091400754
2022-08-24,30Y,30,0.014657134668882648
2022-08-25,1Y,1,0.0009700346288596897
2022-08-25,2Y,2,0.002030466824816968
2022-08-25,3Y,3,0.002471632657536289
2022-08-25,4Y,4,0.0031844521373759014
2022-08-25,5Y,5,0.004251364483437313
2022-08-25,7Y,7,0.0061078073872294185
2022-08-25,10Y,10,0.008025742760936427
2022-08-25,15Y,15,0.013796018560803086
2022-08-25,20Y,20,0.01446236687598109
2022-08-25,25Y,25,0.014216655833682593
2022-08-25,30Y,30,0.013903588319608317
2022-08-26,1Y,1,0.0009900303936799869
2022-08-26,2Y,2,0.002035448285076935
2022-08-26,3Y,3,0.002491660518542065
2022-08-26,4Y,4,0.0031693104091129885
2022-08-26,5Y,5,0.00415070941305886
2022-08-26,7Y,7,0.00611581765850356
2022-08-26,10Y,10,0.008599992038623336
2022-08-26,15Y,15,0.013180000926954533
2022-08-26,20Y,20,0.014448618783177065
2022-08-26,25Y,25,0.01414848152628322
2022-08-26,30Y,30,0.013939154838975076
2022-08-27,1Y,1,0.0007100093447159324
2022-08-27,2Y,2,0.0016303654742553311
2022-08-27,3Y,3,0.0021513100708677483
2022-08-27,4Y,4,0.0027484695752481355
2022-08-27,5Y,5,0.003809506879724235
2022-08-27,7Y,7,0.0059753291556900795
2022-08-27,10Y,10,0.008673219237525332
2022-08-27,15Y,15,0.01326668067741557
2022-08-27,20Y,20,0.014799492307645006
2022-08-27,25Y,25,0.014408966038557718
2022-08-27,30Y,30,0.014132944008808468
2022-08-28,1Y,1,0.000750009405334137
2022-08-28,2Y,2,0.0017003882919447853
2022-08-28,3Y,3,0.0022514405537975768
2022-08-28,4Y,4,0.002898864122469289
2022-08-28,5Y,5,0.003970278567426811
2022-08-28,7Y,7,0.006076418939296896
2022-08-28,10Y,10,0.00885767181017128
2022-08-28,15Y,15,0.013406949558302066
2022-08-28,20Y,20,0.014909304118667721
2022-08-28,25Y,25,0.014548871779294547
2022-08-28,30Y,30,0.014330350767432066
2022-08-29,1Y,1,0.0009300076119138795
2022-08-29,2Y,2,0.0019904723328048953
2022-08-29,3Y,3,0.002551767738863705
2022-08-29,4Y,4,0.0032095039651939996
2022-08-29,5Y,5,0.004331976018205833
2022-08-29,7Y,7,0.006517312775576364
2022-08-29,10Y,10,0.00937818635771174
2022-08-29,15Y,15,0.014203889756409661
2022-08-29,20Y,20,0.015725394277189768
2022-08-29,25Y,25,0.015176669640825709
2022-08-29,30Y,30,0.01493244022502426
2022-08-30,1Y,1,0.000760010006657038
2022-08-30,2Y,2,0.0016853652558266835
2022-08-30,3Y,3,0.002241443545857837
2022-08-30,4Y,4,0.0029389924662396724
2022-08-30,5Y,5,0.004000434247579055
2022-08-30,7Y,7,0.006070427798660152
2022-08-30,10Y,10,0.008868408601590348
2022-08-30,15Y,15,0.01376767009241514
2022-08-30,20Y,20,0.01521261810628171
2022-08-30,25Y,25,0.01480804676124467
2022-08-30,30Y,30,0.014635946234074392
2022-08-31,1Y,1,0.000760010006657038
2022-08-31,2Y,2,0.0017003784460022354
2022-08-31,3Y,3,0.0022614668764564397
2022-08-31,4Y,4,0.002949017517437047
2022-08-31,5Y,5,0.003980280765789709
2022-08-31,7Y,7,0.006021696887150236
2022-08-31,10Y,10,0.008779378002477151
2022-08-31,15Y,15,0.013611523855289262
2022-08-31,20Y,20,0.015081918244557293
2022-08-31,25Y,25,0.01476642329499396
2022-08-31,30Y,30,0.014630446592917868
2022-09-01,1Y,1,0.0010800257429862247
2022-09-01,2Y,2,0.001865188496803818
2022-09-01,3Y,3,0.0022212887725312313
2022-09-01,4Y,4,0.0031693415897780988
2022-09-01,5Y,5,0.004241340814567191
2022-09-01,7Y,7,0.006385711396169255
2022-09-01,10Y,10,0.009131324691667312
2022-09-01,15Y,15,0.014134183810780484
2022-09-01,20Y,20,0.015693104302001763
2022-09-01,25Y,25,0.015329313068528905
2022-09-01,30Y,30,0.015194899298664577
2022-09-02,1Y,1,0.001119896472422809
2022-09-02,2Y,2,0.002095350945117648
2022-09-02,3Y,3,0.00288211878758638
2022-09-02,4Y,4,0.003776166108964295
2022-09-02,5Y,5,0.004834351535252185
2022-09-02,7Y,7,0.006824162717829584
2022-09-02,10Y,10,0.009204675451676667
2022-09-02,15Y,15,0.014281510835952074
2022-09-02,20Y,20,0.015937109084433753
2022-09-02,25Y,25,0.015567438898587735
2022-09-02,30Y,30,0.015317147259834385
2022-09-03,1Y,1,0.001119896472422809
2022-09-03,2Y,2,0.002095350945117648
2022-09-03,3Y,3,0.00288211878758638
2022-09-03,4Y,4,0.003776166108964295
2022-09-03,5Y,5,0.004834351535252185
2022-09-03,7Y,7,0.006824162717829584
2022-09-03,10Y,10,0.009204675451676667
2022-09-03,15Y,15,0.014281510835952074
2022-09-03,20Y,20,0.015937109084433753
2022-09-03,25Y,25,0.015567438898587735
2022-09-03,30Y,30,0.015317147259834385
2022-09-04,1Y,1,0.0009000056750235642
2022-09-04,2Y,2,0.0019304464965444832
2022-09-04,3Y,3,0.002521765362537093
2022-09-04,4Y,4,0.0033200431213679313
2022-09-04,5Y,5,0.004422481055352232
2022-09-04,7Y,7,0.006511322080513766
2022-09-04,10Y,10,0.009295270742996731
2022-09-04,15Y,15,0.014335992464941343
2022-09-04,20Y,20,0.016056882239190384
2022-09-04,25Y,25,0.015808128530514665
2022-09-04,30Y,30,0.01576066968999288
2022-09-05,1Y,1,0.0008800099480829632
2022-09-05,2Y,2,0.0019404788261014744
2022-09-05,3Y,3,0.0031233627820075258
2022-09-05,4Y,4,0.004122815136488234
2022-09-05,5Y,5,0.00477468994611652
2022-09-05,7Y,7,0.006836955558253997
2022-09-05,10Y,10,0.00928441931065297
2022-09-05,15Y,15,0.014268308688412053
2022-09-05,20Y,20,0.015916632057412426
2022-09-05,25Y,25,0.015638902860056477
2022-09-05,30Y,30,0.015460059768917131
2022-09-06,1Y,1,0.001269862786553032
2022-09-06,2Y,2,0.0023404104967119435
2022-09-06,3Y,3,0.003152435466985233
2022-09-06,4Y,4,0.004066970735375208
2022-09-06,5Y,5,0.005045066422646327
2022-09-06,7Y,7,0.007096730123826141
2022-09-06,10Y,10,0.009552079891710934
2022-09-06,15Y,15,0.014501624184679146
2022-09-06,20Y,20,0.01615891957943822
2022-09-06,25Y,25,0.015814433020931603
2022-09-06,30Y,30,0.015622364058009399
2022-09-07,1Y,1,0.00105999411477365
2022-09-07,2Y,2,0.0027061966874179734
2022-09-07,3Y,3,0.002961654603458225
2022-09-07,4Y,4,0.0033598002495777604
2022-09-07,5Y,5,0.004934636747516719
2022-09-07,7Y,7,0.0071080401259393106
2022-09-07,10Y,10,0.009811049927049318
2022-09-07,15Y,15,0.014915726273362085
2022-09-07,20Y,20,0.016750463883920527
2022-09-07,25Y,25,0.016518828501541814
2022-09-07,30Y,30,0.016357533927270972
2022-09-08,1Y,1,0.0013100214458183156
2022-09-08,2Y,2,0.002655734062251775
2022-09-08,3Y,3,0.0032727917275934596
2022-09-08,4Y,4,0.004147320255690183
2022-09-08,5Y,5,0.0053373881845415775
2022-09-08,7Y,7,0.007505022429384925
2022-09-08,10Y,10,0.010296854730850813
2022-09-08,15Y,15,0.01531141720571263
2022-09-08,20Y,20,0.017056014565669374
2022-09-08,25Y,25,0.016493696542090402
2022-09-08,30Y,30,0.0160884387919503
2022-09-09,1Y,1,0.0012298678704662194
2022-09-09,2Y,2,0.002315440353077584
2022-09-09,3Y,3,0.0031725244733919905
2022-09-09,4Y,4,0.00402178476543566
2022-09-09,5Y,5,0.005065468760251878
2022-09-09,7Y,7,0.007352988297446775
2022-09-09,10Y,10,0.009824060170667946
2022-09-09,15Y,15,0.015072190318641883
2022-09-09,20Y,20,0.016833704238840924
2022-09-09,25Y,25,0.016268082586142776
2022-09-09,30Y,30,0.01586384087156566
2022-09-11,1Y,1,0.0009599976580985894
2022-09-11,2Y,2,0.002090541935285168
2022-09-11,3Y,3,0.0028222642364644996
2022-09-11,4Y,4,0.0036661309008933773
2022-09-11,5Y,5,0.004754342004630652
2022-09-11,7Y,7,0.006950791729296989
2022-09-11,10Y,10,0.00967950065662186
2022-09-11,15Y,15,0.014797355619092614
2022-09-11,20Y,20,0.016890679986160572
2022-09-11,25Y,25,0.01658718586640876
2022-09-11,30Y,30,0.016310850039998704
2022-09-12,1Y,1,0.0011898729050395615
2022-09-12,2Y,2,0.002245418378976892
2022-09-12,3Y,3,0.0030121829629939628
2022-09-12,4Y,4,0.0038462559205721717
2022-09-12,5Y,5,0.004995185470026568
2022-09-12,7Y,7,0.007120207792718894
2022-09-12,10Y,10,0.00942294622666233
2022-09-12,15Y,15,0.014502937847007564
2022-09-12,20Y,20,0.016303330613176476
2022-09-12,25Y,25,0.015799952173912737
2022-09-12,30Y,30,0.015291940532343607
2022-09-13,1Y,1,0.001189869186144411
2022-09-13,2Y,2,0.0022404132057058062
2022-09-13,3Y,3,0.00299212365934859
2022-09-13,4Y,4,0.003846294911035314
2022-09-13,5Y,5,0.004924557761269847
2022-09-13,7Y,7,0.006955747567447825
2022-09-13,10Y,10,0.00928531690431667
2022-09-13,15Y,15,0.01404839719830157
2022-09-13,20Y,20,0.015665986013286608
2022-09-13,25Y,25,0.015351954408775612
2022-09-13,30Y,30,0.014903435018506928
2022-09-14,1Y,1,0.00127000966486511
2022-09-14,2Y,2,0.002585703878901694
2022-09-14,3Y,3,0.0032126848167347956
2022-09-14,4Y,4,0.004057010654007171
2022-09-14,5Y,5,0.00513590561037366
2022-09-14,7Y,7,0.007200429562965072
2022-09-14,10Y,10,0.009409509074292818
2022-09-14,15Y,15,0.01361638181820943
2022-09-14,20Y,20,0.015175804084009176
2022-09-14,25Y,25,0.014691254747984921
2022-09-14,30Y,30,0.014224360608468403
2022-09-15,1Y,1,0.0013198367674857477
2022-09-15,2Y,2,0.0024604785224651665
2022-09-15,3Y,3,0.0033026030738819803
2022-09-15,4Y,4,0.0042174753125465165
2022-09-15,5Y,5,0.005326890138668498
2022-09-15,7Y,7,0.007526757450877351
2022-09-15,10Y,10,0.009217511050235131
2022-09-15,15Y,15,0.015385561591177085
2022-09-15,20Y,20,0.015961692205009727
2022-09-15,25Y,25,0.015522867923580454
2022-09-15,30Y,30,0.015122294785966764
2022-09-16,1Y,1,0.0013498355946860603
2022-09-16,2Y,2,0.0021601056363444856
2022-09-16,3Y,3,0.002912056279635029
2022-09-16,4Y,4,0.004041832202054261
2022-09-16,5Y,5,0.005176324188727129
2022-09-16,7Y,7,0.0074567798704563495
2022-09-16,10Y,10,0.010043046868741265
2022-09-16,15Y,15,0.014756576291753996
2022-09-16,20Y,20,0.01650545457928681
2022-09-16,25Y,25,0.016164632178678678
2022-09-16,30Y,30,0.015926315806610303
2022-09-18,1Y,1,0.0013498355946860603
2022-09-18,2Y,2,0.002550542769451679
2022-09-18,3Y,3,0.003452911998148591
2022-09-18,4Y,4,0.004403201028394533
2022-09-18,5Y,5,0.005568599865880887
2022-09-18,7Y,7,0.007806882725608632
2022-09-18,10Y,10,0.010116181538818252
2022-09-18,15Y,15,0.014859633386493515
2022-09-18,20Y,20,0.01632529372829364
2022-09-18,25Y,25,0.01583970072912664
2022-09-18,30Y,30,0.015488540792078996
2022-09-19,1Y,1,0.0010899857753560816
2022-09-19,2Y,2,0.002751218787812804
2022-09-19,3Y,3,0.0037137725625857685
2022-09-19,4Y,4,0.004403716226944184
2022-09-19,5Y,5,0.00556905725233336
2022-09-19,7Y,7,0.007811635634190657
2022-09-19,10Y,10,0.009535440410607124
2022-09-19,15Y,15,0.015613313224050698
2022-09-19,20Y,20,0.016151358199526223
2022-09-19,25Y,25,0.015841394824018924
2022-09-19,30Y,30,0.01548904065200699
2022-09-20,1Y,1,0.0014898036757834566
2022-09-20,2Y,2,0.002850711313772984
2022-09-20,3Y,3,0.0038737028026788337
2022-09-20,4Y,4,0.004849820438051501
2022-09-20,5Y,5,0.006122486422197328
2022-09-20,7Y,7,0.008560304699560125
2022-09-20,10Y,10,0.008984370691232427
2022-09-20,15Y,15,0.01517359847708143
2022-09-20,20Y,20,0.017065744389451826
2022-09-20,25Y,25,0.01660858008193321
2022-09-20,30Y,30,0.01662565557865543
2022-09-21,1Y,1,0.0011399708769690828
2022-09-21,2Y,2,0.0024106754838573905
2022-09-21,3Y,3,0.0032027692550736717
2022-09-21,4Y,4,0.00409244373132075
2022-09-21,5Y,5,0.005398395038527862
2022-09-21,7Y,7,0.007863736017003667
2022-09-21,10Y,10,0.01052866809487567
2022-09-21,15Y,15,0.015090663116770368
2022-09-21,20Y,20,0.01672297122298055
2022-09-21,25Y,25,0.016195277907028634
2022-09-21,30Y,30,0.015903584257696574
2022-09-22,1Y,1,0.0013198408926412327
2022-09-22,2Y,2,0.002420430029891787
2022-09-22,3Y,3,0.003262574029205996
2022-09-22,4Y,4,0.004137063078829429
2022-09-22,5Y,5,0.005337289120076956
2022-09-22,7Y,7,0.007655269103960204
2022-09-22,10Y,10,0.01012893269465582
2022-09-22,15Y,15,0.014884400863177175
2022-09-22,20Y,20,0.016310391996345156
2022-09-22,25Y,25,0.015822816408250742
2022-09-22,30Y,30,0.015448418648919182
2022-09-23,1Y,1,0.0013200141836362932
2022-09-23,2Y,2,0.0020300455534104068
2022-09-23,3Y,3,0.0023613728895201663
2022-09-23,4Y,4,0.00358545957158205
2022-09-23,5Y,5,0.004794382262999832
2022-09-23,7Y,7,0.007113068618609469
2022-09-23,10Y,10,0.008368436723982584
2022-09-23,15Y,15,0.01287484629671153
2022-09-23,20Y,20,0.016564068760085465
2022-09-23,25Y,25,0.01670139760125074
2022-09-23,30Y,30,0.017351973223637907
2022-09-24,1Y,1,0.0009699891451217766
2022-09-24,2Y,2,0.002030466753619737
2022-09-24,3Y,3,0.0027120434545588098
2022-09-24,4Y,4,0.0035858552267484943
2022-09-24,5Y,5,0.004794741520024492
2022-09-24,7Y,7,0.007113457775101683
2022-09-24,10Y,10,0.009772028077889537
2022-09-24,15Y,15,0.014543794793949795
2022-09-24,20Y,20,0.016174253770515866
2022-09-24,25Y,25,0.01573545093974405
2022-09-24,30Y,30,0.015412600151559352
2022-09-25,1Y,1,0.001079985229149546
2022-09-25,2Y,2,0.0023456792553625096
2022-09-25,3Y,3,0.0031026183111782842
2022-09-25,4Y,4,0.003931897706927159
2022-09-25,5Y,5,0.005197085764979937
2022-09-25,7Y,7,0.007620112686690278
2022-09-25,10Y,10,0.010387970934901942
2022-09-25,15Y,15,0.014997577910462911
2022-09-25,20Y,20,0.0165706989334016
2022-09-25,25Y,25,0.016162950435985805
2022-09-25,30Y,30,0.015839074080703522
2022-09-26,1Y,1,0.001489794362806463
2022-09-26,2Y,2,0.002840698152625596
2022-09-26,3Y,3,0.0038335503049577915
2022-09-26,4Y,4,0.004070337462222158
2022-09-26,5Y,5,0.006074309713122389
2022-09-26,7Y,7,0.008600577758110734
2022-09-26,10Y,10,0.009766028162051873
2022-09-26,15Y,15,0.01522160363833528
2022-09-26,20Y,20,0.01692719225900314
2022-09-26,25Y,25,0.01659829002383845
2022-09-26,30Y,30,0.016345454967866845
2022-09-27,1Y,1,0.0015897805875348542
2022-09-27,2Y,2,0.0029957400468583013
2022-09-27,3Y,3,0.0039336063775092245
2022-09-27,4Y,4,0.004884733383942946
2022-09-27,5Y,5,0.006172413644228959
2022-09-27,7Y,7,0.008801867375823835
2022-09-27,10Y,10,0.010920294959276452
2022-09-27,15Y,15,0.015734898497450273
2022-09-27,20Y,20,0.017164761161044727
2022-09-27,25Y,25,0.016813227725476342
2022-09-27,30Y,30,0.01655790574342767
2022-09-28,1Y,1,0.0013399616208799973
2022-09-28,2Y,2,0.0029110482966659286
2022-09-28,3Y,3,0.004165134878343146
2022-09-28,4Y,4,0.004743963818990766
2022-09-28,5Y,5,0.005740219112763465
2022-09-28,7Y,7,0.00865049722180068
2022-09-28,10Y,10,0.011205485791235828
2022-09-28,15Y,15,0.016214943350223145
2022-09-28,20Y,20,0.017442209656627024
2022-09-28,25Y,25,0.016876587325145766
2022-09-28,30Y,30,0.016793195173503028
2022-09-29,1Y,1,0.0014598185724694567
2022-09-29,2Y,2,0.002805699478398724
2022-09-29,3Y,3,0.003422340055480863
2022-09-29,4Y,4,0.004785631791956004
2022-09-29,5Y,5,0.0064549000441544175
2022-09-29,7Y,7,0.008661104764951282
2022-09-29,10Y,10,0.010860565015328756
2022-09-29,15Y,15,0.01588404959516241
2022-09-29,20Y,20,0.017174666996446777
2022-09-29,25Y,25,0.01665460202352443
2022-09-29,30Y,30,0.016371483885723136
2022-09-30,1Y,1,0.0011698552941776838
2022-09-30,2Y,2,0.0023555787279647376
2022-09-30,3Y,3,0.0033127604645288933
2022-09-30,4Y,4,0.004137374289532619
2022-09-30,5Y,5,0.006195572424219248
2022-09-30,7Y,7,0.006814474526577484
2022-09-30,10Y,10,0.010446254567283455
2022-09-30,15Y,15,0.014990121199663458
2022-09-30,20Y,20,0.01647273705822786
2022-09-30,25Y,25,0.015861185019924798
2022-09-30,30Y,30,0.015554415086773856
2022-10-01,1Y,1,0.0011699686527839735
2022-10-01,2Y,2,0.00251075863794333
2022-10-01,3Y,3,0.0033129253711035697
2022-10-01,4Y,4,0.00413749452932478
2022-10-01,5Y,5,0.005347726420328055
2022-10-01,7Y,7,0.007645695792491554
2022-10-01,10Y,10,0.010420636959367183
2022-10-01,15Y,15,0.014989080084936702
2022-10-01,20Y,20,0.016490211317109517
2022-10-01,25Y,25,0.015885920576280313
2022-10-01,30Y,30,0.015555963407477212
2022-10-02,1Y,1,0.0011898543109073606
2022-10-02,2Y,2,0.002370566956286041
2022-10-02,3Y,3,0.003332808453813032
2022-10-02,4Y,4,0.004197610539600808
2022-10-02,5Y,5,0.005428171926343533
2022-10-02,7Y,7,0.007726841297228103
2022-10-02,10Y,10,0.010437763616535034
2022-10-02,15Y,15,0.015030938141134488
2022-10-02,20Y,20,0.016546359271349766
2022-10-02,25Y,25,0.015939201165352707
2022-10-02,30Y,30,0.015609154554224614
2022-10-03,1Y,1,0.0012998985552620437
2022-10-03,2Y,2,0.0023854157643047316
2022-10-03,3Y,3,0.0035236573205784253
2022-10-03,4Y,4,0.004493397002780981
2022-10-03,5Y,5,0.005488810403266907
2022-10-03,7Y,7,0.007970889385865463
2022-10-03,10Y,10,0.010037468347925653
2022-10-03,15Y,15,0.015007499070872395
2022-10-03,20Y,20,0.016097422510874308
2022-10-03,25Y,25,0.015547335538660834
2022-10-03,30Y,30,0.015226187337621077
2022-10-04,1Y,1,0.0009600006589619264
2022-10-04,2Y,2,0.0021255800629281286
2022-10-04,3Y,3,0.0028422743915822446
2022-10-04,4Y,4,0.0036359931238738896
2022-10-04,5Y,5,0.004794672430931705
2022-10-04,7Y,7,0.008338601690728259
2022-10-04,10Y,10,0.01135945568944944
2022-10-04,15Y,15,0.01459815364999143
2022-10-04,20Y,20,0.01589347789356496
2022-10-04,25Y,25,0.016124271680965457
2022-10-04,30Y,30,0.01604413773894653
2022-10-05,1Y,1,0.001269886601242541
2022-10-05,2Y,2,0.0024455327833868387
2022-10-05,3Y,3,0.0032526201815311754
2022-10-05,4Y,4,0.004117151034556997
2022-10-05,5Y,5,0.005307144694124294
2022-10-05,7Y,7,0.007698151347932549
2022-10-05,10Y,10,0.010142661424313366
2022-10-05,15Y,15,0.01517977412317452
2022-10-05,20Y,20,0.01686282697748669
2022-10-05,25Y,25,0.01644041079572158
2022-10-05,30Y,30,0.016154418024585025
2022-10-06,1Y,1,0.001309861747397822
2022-10-06,2Y,2,0.0024905285543985072
2022-10-06,3Y,3,0.0033728402504057294
2022-10-06,4Y,4,0.004267650313083002
2022-10-06,5Y,5,0.005508568709459253
2022-10-06,7Y,7,0.007840258690819722
2022-10-06,10Y,10,0.010296595107193034
2022-10-06,15Y,15,0.015133769788430715
2022-10-06,20Y,20,0.016723585166009754
2022-10-06,25Y,25,0.01635697572290802
2022-10-06,30Y,30,0.015987436200202983
2022-10-07,1Y,1,0.0010598549744959605
2022-10-07,2Y,2,0.002135481881446752
2022-10-07,3Y,3,0.0031826600756755617
2022-10-07,4Y,4,0.004072357508297481
2022-10-07,5Y,5,0.005287579780853115
2022-10-07,7Y,7,0.007772349611170199
2022-10-07,10Y,10,0.010391004811428357
2022-10-07,15Y,15,0.015038933809052711
2022-10-07,20Y,20,0.016759790695482935
2022-10-07,25Y,25,0.016415667655522076
2022-10-07,30Y,30,0.016153545618502196
2022-10-09,1Y,1,0.001339840160765038
2022-10-09,2Y,2,0.0025405457441457697
2022-10-09,3Y,3,0.003462970949657632
2022-10-09,4Y,4,0.004367992170310437
2022-10-09,5Y,5,0.005629342754868439
2022-10-09,7Y,7,0.008051384002785239
2022-10-09,10Y,10,0.010364086054723682
2022-10-09,15Y,15,0.015194416436192975
2022-10-09,20Y,20,0.016731313480144536
2022-10-09,25Y,25,0.016408527394899366
2022-10-09,30Y,30,0.01612100168630561
2022-10-10,1Y,1,0.0013400118897709207
2022-10-10,2Y,2,0.0027458077122615968
2022-10-10,3Y,3,0.003463193592805878
2022-10-10,4Y,4,0.003664402975463506
2022-10-10,5Y,5,0.004723442796857629
2022-10-10,7Y,7,0.008969053556768762
2022-10-10,10Y,10,0.01141028773673085
2022-10-10,15Y,15,0.01594202410580038
2022-10-10,20Y,20,0.016558921063185558
2022-10-10,25Y,25,0.016411875534990523
2022-10-10,30Y,30,0.016121835686989293
2022-10-11,1Y,1,0.001159979071894435
2022-10-11,2Y,2,0.002495753254292045
2022-10-11,3Y,3,0.0033430817529219864
2022-10-11,4Y,4,0.004268152380440088
2022-10-11,5Y,5,0.005539298025645737
2022-10-11,7Y,7,0.008017875159022162
2022-10-11,10Y,10,0.010741466956903353
2022-10-11,15Y,15,0.015453073887971337
2022-10-11,20Y,20,0.017251782588246882
2022-10-11,25Y,25,0.01709666064035744
2022-10-11,30Y,30,0.016958783972742742
2022-10-12,1Y,1,0.0014400037999700518
2022-10-12,2Y,2,0.002485327649581728
2022-10-12,3Y,3,0.003062462142865279
2022-10-12,4Y,4,0.004333119907146056
2022-10-12,5Y,5,0.0056599682913408165
2022-10-12,7Y,7,0.008200682053857563
2022-10-12,10Y,10,0.011069389045219171
2022-10-12,15Y,15,0.015954040895019905
2022-10-12,20Y,20,0.017918807726030474
2022-10-12,25Y,25,0.017738077471040215
2022-10-12,30Y,30,0.017628461992660705
2022-10-13,1Y,1,0.0014598231353263142
2022-10-13,2Y,2,0.002810706014323876
2022-10-13,3Y,3,0.003843727306408835
2022-10-13,4Y,4,0.004885160609040364
2022-10-13,5Y,5,0.006243783544873694
2022-10-13,7Y,7,0.00885408572833912
2022-10-13,10Y,10,0.01137543153723319
2022-10-13,15Y,15,0.016454177196105944
2022-10-13,20Y,20,0.01814064139150058
2022-10-13,25Y,25,0.017674587195455484
2022-10-13,30Y,30,0.017411143714666864
2022-10-14,1Y,1,0.0013500086044948719
2022-10-14,2Y,2,0.002875976196260347
2022-10-14,3Y,3,0.0037739683269250707
2022-10-14,4Y,4,0.004785087201415687
2022-10-14,5Y,5,0.0060930739955670525
2022-10-14,7Y,7,0.00873462445759215
2022-10-14,10Y,10,0.01128686401356957
2022-10-14,15Y,15,0.01639601160590663
2022-10-14,20Y,20,0.0180134488134051
2022-10-14,25Y,25,0.0176644213119571
2022-10-14,30Y,30,0.01745118311813726
2022-10-15,1Y,1,0.001079988605130817
2022-10-15,2Y,2,0.0024558173760951653
2022-10-15,3Y,3,0.00340333754175842
2022-10-15,4Y,4,0.004378852845329529
2022-10-15,5Y,5,0.0057411789065036885
2022-10-15,7Y,7,0.008266368900671351
2022-10-15,10Y,10,0.011128665788238864
2022-10-15,15Y,15,0.016028864874154045
2022-10-15,20Y,20,0.01782397479651651
2022-10-15,25Y,25,0.017398943040781913
2022-10-15,30Y,30,0.017185499678505724
2022-10-16,1Y,1,0.001099986334114408
2022-10-16,2Y,2,0.002525880909298636
2022-10-16,3Y,3,0.0034834625848917692
2022-10-16,4Y,4,0.0044541549158583875
2022-10-16,5Y,5,0.005851957417426813
2022-10-16,7Y,7,0.008382204908173208
2022-10-16,10Y,10,0.011193403143425361
2022-10-16,15Y,15,0.01616029027404973
2022-10-16,20Y,20,0.017912568583901563
2022-10-16,25Y,25,0.017495879305925777
2022-10-16,30Y,30,0.0172823064202266
2022-10-17,1Y,1,0.0015298452769431524
2022-10-17,2Y,2,0.0025953052848383196
2022-10-17,3Y,3,0.00343294047125413
2022-10-17,4Y,4,0.004699366263871933
2022-10-17,5Y,5,0.0060726695982403645
2022-10-17,7Y,7,0.008583899097670463
2022-10-17,10Y,10,0.011463794072081864
2022-10-17,15Y,15,0.01658958798568016
2022-10-17,20Y,20,0.018428438644927235
2022-10-17,25Y,25,0.01810898714038983
2022-10-17,30Y,30,0.01794826070985036
2022-10-18,1Y,1,0.0015998352174189745
2022-10-18,2Y,2,0.003110891008984456
2022-10-18,3Y,3,0.004023870999001636
2022-10-18,4Y,4,0.00505068367567771
2022-10-18,5Y,5,0.00649530089189075
2022-10-18,7Y,7,0.009140274811325195
2022-10-18,10Y,10,0.011722942059836457
2022-10-18,15Y,15,0.017014507001917447
2022-10-18,20Y,20,0.01857709494743149
2022-10-18,25Y,25,0.017838521924721625
2022-10-18,30Y,30,0.017555591580696035
2022-10-19,1Y,1,0.0015600158598236633
2022-10-19,2Y,2,0.0032511833600839253
2022-10-19,3Y,3,0.004064324916458415
2022-10-19,4Y,4,0.005096139786657902
2022-10-19,5Y,5,0.006525941730176058
2022-10-19,7Y,7,0.009309595536159053
2022-10-19,10Y,10,0.011999768220297262
2022-10-19,15Y,15,0.01710080882121579
2022-10-19,20Y,20,0.018588471351548404
2022-10-19,25Y,25,0.01784981360577382
2022-10-19,30Y,30,0.017493547297468593
2022-10-20,1Y,1,0.001639814707035235
2022-10-20,2Y,2,0.0028204009186908637
2022-10-20,3Y,3,0.004285540392351239
2022-10-20,4Y,4,0.00574901244606715
2022-10-20,5Y,5,0.005979662308458359
2022-10-20,7Y,7,0.009295424308920231
2022-10-20,10Y,10,0.011785566258959362
2022-10-20,15Y,15,0.018019070373710002
2022-10-20,20Y,20,0.018565700975898415
2022-10-20,25Y,25,0.01796117884496442
2022-10-20,30Y,30,0.01751698972835062
2022-10-21,1Y,1,0.0019097210243956254
2022-10-21,2Y,2,0.0036261141487097764
2022-10-21,3Y,3,0.004755392788791234
2022-10-21,4Y,4,0.005914336282800941
2022-10-21,5Y,5,0.007412299848313352
2022-10-21,7Y,7,0.010207794115288776
2022-10-21,10Y,10,0.012951514319485678
2022-10-21,15Y,15,0.018165703383074012
2022-10-21,20Y,20,0.019542693782031967
2022-10-21,25Y,25,0.018676188160613297
2022-10-21,30Y,30,0.01826556918089437
2022-10-23,1Y,1,0.0016299472891358965
2022-10-23,2Y,2,0.00340130155270941
2022-10-23,3Y,3,0.0043950426889303
2022-10-23,4Y,4,0.005447673038613271
2022-10-23,5Y,5,0.006969642905270356
2022-10-23,7Y,7,0.00975330869460542
2022-10-23,10Y,10,0.012956723673660832
2022-10-23,15Y,15,0.0179134984266098
2022-10-23,20Y,20,0.019433615880848416
2022-10-23,25Y,25,0.0187870036803017
2022-10-23,30Y,30,0.018505286313081303
2022-10-24,1Y,1,0.0015097699005010572
2022-10-24,2Y,2,0.0029958938771019713
2022-10-24,3Y,3,0.004194437881530972
2022-10-24,4Y,4,0.005297124135078336
2022-10-24,5Y,5,0.0068387855893527584
2022-10-24,7Y,7,0.009805355665375213
2022-10-24,10Y,10,0.013145104592096904
2022-10-24,15Y,15,0.018557364922335975
2022-10-24,20Y,20,0.020109954719522267
2022-10-24,25Y,25,0.018984373309737863
2022-10-24,30Y,30,0.018645572340380355
2022-10-25,1Y,1,0.001609810036601388
2022-10-25,2Y,2,0.003085835181196174
2022-10-25,3Y,3,0.0040941082463294065
2022-10-25,4Y,4,0.005151094023900141
2022-10-25,5Y,5,0.006626602391744574
2022-10-25,7Y,7,0.009640071891053262
2022-10-25,10Y,10,0.012373713026031286
2022-10-25,15Y,15,0.01814965736561562
2022-10-25,20Y,20,0.019108841974174097
2022-10-25,25Y,25,0.018171398743871282
2022-10-25,30Y,30,0.017746591371539677
2022-10-26,1Y,1,0.001199988860883693
2022-10-26,2Y,2,0.002610844320216355
2022-10-26,3Y,3,0.0034633036619754172
2022-10-26,4Y,4,0.004363448134000209
2022-10-26,5Y,5,0.005862024844654221
2022-10-26,7Y,7,0.008775077696598209
2022-10-26,10Y,10,0.012240533215243345
2022-10-26,15Y,15,0.01736589573579749
2022-10-26,20Y,20,0.018933184812593297
2022-10-26,25Y,25,0.018169427663872716
2022-10-26,30Y,30,0.0178164458308978
2022-10-27,1Y,1,0.0010600073690483147
2022-10-27,2Y,2,0.002741246889303774
2022-10-27,3Y,3,0.003222352874809792
2022-10-27,4Y,4,0.003771363466158851
2022-10-27,5Y,5,0.0062157438826067075
2022-10-27,7Y,7,0.008606026981514732
2022-10-27,10Y,10,0.011675350816525706
2022-10-27,15Y,15,0.01690940050114738
2022-10-27,20Y,20,0.018118503991392244
2022-10-27,25Y,25,0.01742413544653138
2022-10-27,30Y,30,0.01700831844153591
2022-10-28,1Y,1,0.0013100296370343243
2022-10-28,2Y,2,0.0027408489933779825
2022-10-28,3Y,3,0.0033729695958486412
2022-10-28,4Y,4,0.004272910391737746
2022-10-28,5Y,5,0.0057507850969161995
2022-10-28,7Y,7,0.00856066760948903
2022-10-28,10Y,10,0.011530549629799436
2022-10-28,15Y,15,0.016239158282943034
2022-10-28,20Y,20,0.017415261030460153
2022-10-28,25Y,25,0.01665180777145237
2022-10-28,30Y,30,0.016184791977394995
2022-10-29,1Y,1,0.0010400059266312215
2022-10-29,2Y,2,0.002320702157831448
2022-10-29,3Y,3,0.00308267035438911
2022-10-29,4Y,4,0.003992327145824311
2022-10-29,5Y,5,0.005469459869919019
2022-10-29,7Y,7,0.008399527803881283
2022-10-29,10Y,10,0.011564216305590493
2022-10-29,15Y,15,0.01618088145138717
2022-10-29,20Y,20,0.017691579216538363
2022-10-29,25Y,25,0.01695705403208473
2022-10-29,30Y,30,0.01635268465814217
2022-10-30,1Y,1,0.0010800021093682153
2022-10-30,2Y,2,0.0023857272592952396
2022-10-30,3Y,3,0.0031627915109851005
2022-10-30,4Y,4,0.004067527621693527
2022-10-30,5Y,5,0.005560056091809462
2022-10-30,7Y,7,0.008442111854921759
2022-10-30,10Y,10,0.011625680672528789
2022-10-30,15Y,15,0.01628344576648
2022-10-30,20Y,20,0.017731245008642038
2022-10-30,25Y,25,0.016997156466584194
2022-10-30,30Y,30,0.01641559853263406
2022-10-31,1Y,1,0.0010900062193705427
2022-10-31,2Y,2,0.0024507949847848848
2022-10-31,3Y,3,0.003273025884219438
2022-10-31,4Y,4,0.004157839608980947
2022-10-31,5Y,5,0.005650733391947054
2022-10-31,7Y,7,0.008533567263304205
2022-10-31,10Y,10,0.011618130605338211
2022-10-31,15Y,15,0.016350921563512873
2022-10-31,20Y,20,0.01779427450824307
2022-10-31,25Y,25,0.0170245810856819
2022-10-31,30Y,30,0.016406295104130865
2022-11-01,1Y,1,0.001340032836789349
2022-11-01,2Y,2,0.002906036887529343
2022-11-01,3Y,3,0.003663613747010841
2022-11-01,4Y,4,0.004609341158719827
2022-11-01,5Y,5,0.00621452609662181
2022-11-01,7Y,7,0.009191852429057021
2022-11-01,10Y,10,0.012199759584738798
2022-11-01,15Y,15,0.016922270079942226
2022-11-01,20Y,20,0.018248704797253976
2022-11-01,25Y,25,0.017437824394265222
2022-11-01,30Y,30,0.017005718517732825
2022-11-02,1Y,1,0.0013898689603286435
2022-11-02,2Y,2,0.0027857880099848398
2022-11-02,3Y,3,0.003733507366986615
2022-11-02,4Y,4,0.004709541046099179
2022-11-02,5Y,5,0.00630490795595633
2022-11-02,7Y,7,0.009437885071895335
2022-11-02,10Y,10,0.012277965000786243
2022-11-02,15Y,15,0.017193184739830357
2022-11-02,20Y,20,0.018497592814917897
2022-11-02,25Y,25,0.01774097353006062
2022-11-02,30Y,30,0.017274324352448366
2022-11-03,1Y,1,0.0011399993856938606
2022-11-03,2Y,2,0.0025408403199978172
2022-11-03,3Y,3,0.003403258089537565
2022-11-03,4Y,4,0.004378767230381889
2022-11-03,5Y,5,0.00598328728907007
2022-11-03,7Y,7,0.009003797721831231
2022-11-03,10Y,10,0.012251257722837009
2022-11-03,15Y,15,0.0170878146296484
2022-11-03,20Y,20,0.01866986012480922
2022-11-03,25Y,25,0.01805264528746463
2022-11-03,30Y,30,0.01772538499376656
2022-11-04,1Y,1,0.001389973236626159
2022-11-04,2Y,2,0.003431837069903414
2022-11-04,3Y,3,0.003993414034387249
2022-11-04,4Y,4,0.004684621534065125
2022-11-04,5Y,5,0.006707625260793172
2022-11-04,7Y,7,0.00973082756884202
2022-11-04,10Y,10,0.011365813000490915
2022-11-04,15Y,15,0.01751170790990653
2022-11-04,20Y,20,0.019096050258933715
2022-11-04,25Y,25,0.018063298315099858
2022-11-04,30Y,30,0.017711948969592044
2022-11-06,1Y,1,0.0013798259094117997
2022-11-06,2Y,2,0.002795825727171996
2022-11-06,3Y,3,0.003984185968481201
2022-11-06,4Y,4,0.005126672457699473
2022-11-06,5Y,5,0.006698211738094192
2022-11-06,7Y,7,0.009732043058347205
2022-11-06,10Y,10,0.014127406191705182
2022-11-06,15Y,15,0.01782262376386076
2022-11-06,20Y,20,0.01892676719857736
2022-11-06,25Y,25,0.018239896682349772
2022-11-06,30Y,30,0.017638982077557964
2022-11-07,1Y,1,0.0013998120150302605
2022-11-07,2Y,2,0.0027807711161712085
2022-11-07,3Y,3,0.0039038990344062927
2022-11-07,4Y,4,0.004975794060021885
2022-11-07,5Y,5,0.007335708404009515
2022-11-07,7Y,7,0.009850884429547891
2022-11-07,10Y,10,0.011879609634395362
2022-11-07,15Y,15,0.017208735254123784
2022-11-07,20Y,20,0.018896592683179787
2022-11-07,25Y,25,0.01805430333213235
2022-11-07,30Y,30,0.017574434491919158
2022-11-08,1Y,1,0.0015699874949494134
2022-11-08,2Y,2,0.003281214360161515
2022-11-08,3Y,3,0.00413442118342417
2022-11-08,4Y,4,0.0051614236158609005
2022-11-08,5Y,5,0.0061112323592676385
2022-11-08,7Y,7,0.010566160844498487
2022-11-08,10Y,10,0.013650263025973428
2022-11-08,15Y,15,0.018198786481598506
2022-11-08,20Y,20,0.018918113377887045
2022-11-08,25Y,25,0.018188735586574332
2022-11-08,30Y,30,0.017764515272030868
2022-11-09,1Y,1,0.0012599812261215831
2022-11-09,2Y,2,0.002715895403486333
2022-11-09,3Y,3,0.003603557528387574
2022-11-09,4Y,4,0.005248671396483457
2022-11-09,5Y,5,0.006900009366375056
2022-11-09,7Y,7,0.008154033151800156
2022-11-09,10Y,10,0.012249451461813632
2022-11-09,15Y,15,0.017070213021277467
2022-11-09,20Y,20,0.018206590318146226
2022-11-09,25Y,25,0.017351852207965975
2022-11-09,30Y,30,0.016940147543376582
2022-11-10,1Y,1,0.0013799984488929633
2022-11-10,2Y,2,0.002830861074968776
2022-11-10,3Y,3,0.003583385038094012
2022-11-10,4Y,4,0.004513719443073447
2022-11-10,5Y,5,0.006012706861658834
2022-11-10,7Y,7,0.008824786345618415
2022-11-10,10Y,10,0.011701772414275731
2022-11-10,15Y,15,0.016725077852880257
2022-11-10,20Y,20,0.01794367212770971
2022-11-10,25Y,25,0.017058836233379716
2022-11-10,30Y,30,0.016601500355869537
2022-11-11,1Y,1,0.0010099154655936952
2022-11-11,2Y,2,0.0024058681767268257
2022-11-11,3Y,3,0.003393013333328264
2022-11-11,4Y,4,0.004092527155440799
2022-11-11,5Y,5,0.00561024230051417
2022-11-11,7Y,7,0.008431357506006666
2022-11-11,10Y,10,0.01137679740563506
2022-11-11,15Y,15,0.016164292974230613
2022-11-11,20Y,20,0.017389279147329066
2022-11-11,25Y,25,0.016609880679046216
2022-11-11,30Y,30,0.016214908091429815
2022-11-12,1Y,1,0.0010100038571372904
2022-11-12,2Y,2,0.0022456528179807364
2022-11-12,3Y,3,0.002972465888145759
2022-11-12,4Y,4,0.0038417634851638876
2022-11-12,5Y,5,0.005338635934003067
2022-11-12,7Y,7,0.008190301120713062
2022-11-12,10Y,10,0.011323494618044244
2022-11-12,15Y,15,0.01610920465618755
2022-11-12,20Y,20,0.01755194074658472
2022-11-12,25Y,25,0.016918832014114506
2022-11-12,30Y,30,0.016565886781575168
2022-11-13,1Y,1,0.001199913842669349
2022-11-13,2Y,2,0.002405586660141835
2022-11-13,3Y,3,0.003202595775477662
2022-11-13,4Y,4,0.004092287453872999
2022-11-13,5Y,5,0.0056100166050080625
2022-11-13,7Y,7,0.008431105522650159
2022-11-13,10Y,10,0.011376573654871248
2022-11-13,15Y,15,0.016164075870290954
2022-11-13,20Y,20,0.017389115979718067
2022-11-13,25Y,25,0.016609774576246485
2022-11-13,30Y,30,0.01621482601317976
2022-11-14,1Y,1,0.0012899025592165777
2022-11-14,2Y,2,0.0026006971699599635
2022-11-14,3Y,3,0.0034128859279477907
2022-11-14,4Y,4,0.004307990451768989
2022-11-14,5Y,5,0.00588180687995415
2022-11-14,7Y,7,0.00886832392049814
2022-11-14,10Y,10,0.011720966360694867
2022-11-14,15Y,15,0.016645792899524794
2022-11-14,20Y,20,0.017882850328721448
2022-11-14,25Y,25,0.01723384568461602
2022-11-14,30Y,30,0.016853496422083603
2022-11-15,1Y,1,0.0011899138151577164
2022-11-15,2Y,2,0.002390583167737497
2022-11-15,3Y,3,0.0031725283207888815
2022-11-15,4Y,4,0.003554647299828328
2022-11-15,5Y,5,0.0055609928953034545
2022-11-15,7Y,7,0.008320413616818744
2022-11-15,10Y,10,0.010369091151158309
2022-11-15,15Y,15,0.016316428858091
2022-11-15,20Y,20,0.017454089683643037
2022-11-15,25Y,25,0.01694542478486085
2022-11-15,30Y,30,0.016617040013005114
2022-11-16,1Y,1,0.001150021671655203
2022-11-16,2Y,2,0.002480746720753457
2022-11-16,3Y,3,0.0030323547116674014
2022-11-16,4Y,4,0.003866636484891516
2022-11-16,5Y,5,0.005438954538667693
2022-11-16,7Y,7,0.008218248111398745
2022-11-16,10Y,10,0.011053560042504382
2022-11-16,15Y,15,0.016039343942516993
2022-11-16,20Y,20,0.017342566430514773
2022-11-16,25Y,25,0.016853732264197757
2022-11-16,30Y,30,0.016538467163835065
2022-11-17,1Y,1,0.0012400109808927023
2022-11-17,2Y,2,0.0022453495585304057
2022-11-17,3Y,3,0.00314308884043431
2022-11-17,4Y,4,0.004202511979501754
2022-11-17,5Y,5,0.005267843971473478
2022-11-17,7Y,7,0.007320046991518968
2022-11-17,10Y,10,0.010683246281766463
2022-11-17,15Y,15,0.016196587080624894
2022-11-17,20Y,20,0.01694743780534208
2022-11-17,25Y,25,0.01655609546555454
2022-11-17,30Y,30,0.016238781550355418
2022-11-18,1Y,1,0.0013998557681836582
2022-11-18,2Y,2,0.002665607790964209
2022-11-18,3Y,3,0.0033825788590710624
2022-11-18,4Y,4,0.004161978209578572
2022-11-18,5Y,5,0.0055587169484265075
2022-11-18,7Y,7,0.008195792711338388
2022-11-18,10Y,10,0.010925149786027172
2022-11-18,15Y,15,0.015890661098968178
2022-11-18,20Y,20,0.017063083449564868
2022-11-18,25Y,25,0.016481937349825847
2022-11-18,30Y,30,0.016102933334695334
2022-11-20,1Y,1,0.001219974949627445
2022-11-20,2Y,2,0.002560748037276093
2022-11-20,3Y,3,0.0032627322032394547
2022-11-20,4Y,4,0.004041983144590375
2022-11-20,5Y,5,0.005408286330477957
2022-11-20,7Y,7,0.008117596011169478
2022-11-20,10Y,10,0.011250599764403567
2022-11-20,15Y,15,0.016042505443734947
2022-11-20,20Y,20,0.017394829153792122
2022-11-20,25Y,25,0.016868134683870523
2022-11-20,30Y,30,0.016539876304630087
2022-11-21,1Y,1,0.0014099834356452678
2022-11-21,2Y,2,0.002855846485703329
2022-11-21,3Y,3,0.003412741101645271
2022-11-21,4Y,4,0.004217348630540702
2022-11-21,5Y,5,0.00560904729447744
2022-11-21,7Y,7,0.008307665502446932
2022-11-21,10Y,10,0.01115624224253282
2022-11-21,15Y,15,0.016024698744204313
2022-11-21,20Y,20,0.017412511669972347
2022-11-21,25Y,25,0.01676645803324555
2022-11-21,30Y,30,0.016411861608951035
2022-11-22,1Y,1,0.0015098312482745744
2022-11-22,2Y,2,0.002805610036900374
2022-11-22,3Y,3,0.003492638350924661
2022-11-22,4Y,4,0.004347575931743963
2022-11-22,5Y,5,0.005729500229541198
2022-11-22,7Y,7,0.008408520390906645
2022-11-22,10Y,10,0.011275113575482767
2022-11-22,15Y,15,0.016049000082439466
2022-11-22,20Y,20,0.01747211010201735
2022-11-22,25Y,25,0.016876164684252477
2022-11-22,30Y,30,0.016558037168798757
2022-11-23,1Y,1,0.0012599654711069551
2022-11-23,2Y,2,0.00262076623560111
2022-11-23,3Y,3,0.0033227863072618114
2022-11-23,4Y,4,0.004117212371913462
2022-11-23,5Y,5,0.005488701574660653
2022-11-23,7Y,7,0.008214864391257227
2022-11-23,10Y,10,0.01137755361777079
2022-11-23,15Y,15,0.016096026947347433
2022-11-23,20Y,20,0.017609959685297615
2022-11-23,25Y,25,0.017161304861504335
2022-11-23,30Y,30,0.01707347385313375
2022-11-24,1Y,1,0.0015098359676396808
2022-11-24,2Y,2,0.002870700680511651
2022-11-24,3Y,3,0.003612905779756035
2022-11-24,4Y,4,0.004337307654311877
2022-11-24,5Y,5,0.00569930572843417
2022-11-24,7Y,7,0.008418450080811364
2022-11-24,10Y,10,0.011367827149109305
2022-11-24,15Y,15,0.01593530194353689
2022-11-24,20Y,20,0.0174337895660062
2022-11-24,25Y,25,0.016791035078241374
2022-11-24,30Y,30,0.01640086499832606
2022-11-25,1Y,1,0.0016498197687925106
2022-11-25,2Y,2,0.00311079549771722
2022-11-25,3Y,3,0.003873317965550631
2022-11-25,4Y,4,0.004809321756760427
2022-11-25,5Y,5,0.006293504619837868
2022-11-25,7Y,7,0.00888344304106773
2022-11-25,10Y,10,0.011719756656170772
2022-11-25,15Y,15,0.016419933079896084
2022-11-25,20Y,20,0.017826038380777405
2022-11-25,25Y,25,0.017231450623097694
2022-11-25,30Y,30,0.01681681634303164
2022-11-27,1Y,1,0.0013999564157986812
2022-11-27,2Y,2,0.0032615111581324402
2022-11-27,3Y,3,0.004124205605527192
2022-11-27,4Y,4,0.004809804240095045
2022-11-27,5Y,5,0.006293956149827637
2022-11-27,7Y,7,0.008883918276335261
2022-11-27,10Y,10,0.01172017700328037
2022-11-27,15Y,15,0.016420345524165356
2022-11-27,20Y,20,0.017826356249977082
2022-11-27,25Y,25,0.017231664848603053
2022-11-27,30Y,30,0.016816982153902548
2022-11-28,1Y,1,0.0016099811495313727
2022-11-28,2Y,2,0.0032410716973296353
2022-11-28,3Y,3,0.003913690048719354
2022-11-28,4Y,4,0.00481449641611364
2022-11-28,5Y,5,0.0063544747115448505
2022-11-28,7Y,7,0.008977558008176826
2022-11-28,10Y,10,0.013165072460327623
2022-11-28,15Y,15,0.016541785157486538
2022-11-28,20Y,20,0.01773720024426568
2022-11-28,25Y,25,0.01713377949837271
2022-11-28,30Y,30,0.016751173968295886
2022-11-29,1Y,1,0.0015899843596416936
2022-11-29,2Y,2,0.0032461181755239306
2022-11-29,3Y,3,0.003933753294767863
2022-11-29,4Y,4,0.00423600312353032
2022-11-29,5Y,5,0.006386732587547627
2022-11-29,7Y,7,0.009098981721633932
2022-11-29,10Y,10,0.013432774896490977
2022-11-29,15Y,15,0.016325255459303745
2022-11-29,20Y,20,0.017557158608489228
2022-11-29,25Y,25,0.0173612043805334
2022-11-29,30Y,30,0.01671364885663156
2022-11-30,1Y,1,0.0016998196368778206
2022-11-30,2Y,2,0.0032759574025749355
2022-11-30,3Y,3,0.004204187210096563
2022-11-30,4Y,4,0.005120505986728189
2022-11-30,5Y,5,0.006606071380836866
2022-11-30,7Y,7,0.009455296284711468
2022-11-30,10Y,10,0.012217930279304666
2022-11-30,15Y,15,0.016606480698444077
2022-11-30,20Y,20,0.017787494073743054
2022-11-30,25Y,25,0.017031317135186692
2022-11-30,30Y,30,0.016643654904321216
2022-12-01,1Y,1,0.001639983885151785
2022-12-01,2Y,2,0.0033762370541120155
2022-12-01,3Y,3,0.0036023409572075696
2022-12-01,4Y,4,0.0050319187545746335
2022-12-01,5Y,5,0.007059682244106196
2022-12-01,7Y,7,0.009311640710097054
2022-12-01,10Y,10,0.013321335842427642
2022-12-01,15Y,15,0.016402742338126084
2022-12-01,20Y,20,0.017598268760864247
2022-12-01,25Y,25,0.017225481964993985
2022-12-01,30Y,30,0.016822201772606314
2022-12-02,1Y,1,0.0016798406563124937
2022-12-02,2Y,2,0.0033260792138144293
2022-12-02,3Y,3,0.004224199326037792
2022-12-02,4Y,4,0.00511557214009376
2022-12-02,5Y,5,0.006696984132343856
2022-12-02,7Y,7,0.009412336318336344
2022-12-02,10Y,10,0.012290270309909677
2022-12-02,15Y,15,0.01654473567362784
2022-12-02,20Y,20,0.017523342762049636
2022-12-02,25Y,25,0.01689162364876546
2022-12-02,30Y,30,0.016575310516423736
2022-12-04,1Y,1,0.001419842173366303
2022-12-04,2Y,2,0.002860846770431901
2022-12-04,3Y,3,0.004486105515188439
2022-12-04,4Y,4,0.005608527083170999
2022-12-04,5Y,5,0.006728414517549101
2022-12-04,7Y,7,0.009435760326796829
2022-12-04,10Y,10,0.012301378656428138
2022-12-04,15Y,15,0.016516718790857143
2022-12-04,20Y,20,0.01755928095052177
2022-12-04,25Y,25,0.01692660557283981
2022-12-04,30Y,30,0.016586967493260572
2022-12-05,1Y,1,0.0016899781285101732
2022-12-05,2Y,2,0.003471300038883375
2022-12-05,3Y,3,0.004294618362334186
2022-12-05,4Y,4,0.005201054024450161
2022-12-05,5Y,5,0.00664641050548483
2022-12-05,7Y,7,0.0094837004623823
2022-12-05,10Y,10,0.012237376183942765
2022-12-05,15Y,15,0.016106339891860933
2022-12-05,20Y,20,0.017218627505764868
2022-12-05,25Y,25,0.01654648262068299
2022-12-05,30Y,30,0.016110544424787952
2022-12-06,1Y,1,0.001809967570597719
2022-12-06,2Y,2,0.0036764147655278592
2022-12-06,3Y,3,0.004474857816387779
2022-12-06,4Y,4,0.005376578852766177
2022-12-06,5Y,5,0.006918438647328006
2022-12-06,7Y,7,0.00956621209756693
2022-12-06,10Y,10,0.012051179425710047
2022-12-06,15Y,15,0.016007462122969295
2022-12-06,20Y,20,0.016907526484578755
2022-12-06,25Y,25,0.016033267822829184
2022-12-06,30Y,30,0.015531411979847951
2022-12-07,1Y,1,0.0015699531368183774
2022-12-07,2Y,2,0.003261182478560893
2022-12-07,3Y,3,0.004114263954271748
2022-12-07,4Y,4,0.005070857763269798
2022-12-07,5Y,5,0.007193302772939703
2022-12-07,7Y,7,0.008651302297244966
2022-12-07,10Y,10,0.012029747302209636
2022-12-07,15Y,15,0.01566049617682679
2022-12-07,20Y,20,0.016577782015372956
2022-12-07,25Y,25,0.016248767005072023
2022-12-07,30Y,30,0.01621831958671499
2022-12-08,1Y,1,0.0017098036138989278
2022-12-08,2Y,2,0.0033660880224947167
2022-12-08,3Y,3,0.004314344494805926
2022-12-08,4Y,4,0.005215963556372676
2022-12-08,5Y,5,0.006787561764394152
2022-12-08,7Y,7,0.0094547677990888
2022-12-08,10Y,10,0.011952366216338703
2022-12-08,15Y,15,0.015519294877676712
2022-12-08,20Y,20,0.0164208979710849
2022-12-08,25Y,25,0.01564972672428252
2022-12-08,30Y,30,0.015161690713191121
2022-12-09,1Y,1,0.0016499693463507207
2022-12-09,2Y,2,0.003406268783742996
2022-12-09,3Y,3,0.004134100261394581
2022-12-09,4Y,4,0.004985113100280816
2022-12-09,5Y,5,0.006394145910146593
2022-12-09,7Y,7,0.008874301423569635
2022-12-09,10Y,10,0.01133229552264061
2022-12-09,15Y,15,0.015030302326586389
2022-12-09,20Y,20,0.015864895969868915
2022-12-09,25Y,25,0.015055460434954381
2022-12-09,30Y,30,0.01454508414708069
2022-12-10,1Y,1,0.0014699560933841376
2022-12-10,2Y,2,0.0031361677015620307
2022-12-10,3Y,3,0.004054275617824705
2022-12-10,4Y,4,0.004955457900162356
2022-12-10,5Y,5,0.006384946327185658
2022-12-10,7Y,7,0.008971467357831634
2022-12-10,10Y,10,0.011676207123051615
2022-12-10,15Y,15,0.01525073660923362
2022-12-10,20Y,20,0.016298340461767678
2022-12-10,25Y,25,0.015599963491047076
2022-12-10,30Y,30,0.01515112841200533
2022-12-11,1Y,1,0.0015099492455009935
2022-12-11,2Y,2,0.0032162237487840914
2022-12-11,3Y,3,0.004154468177317763
2022-12-11,4Y,4,0.0050910634628229525
2022-12-11,5Y,5,0.0065461504449978196
2022-12-11,7Y,7,0.0091503598963659
2022-12-11,10Y,10,0.01189573055267193
2022-12-11,15Y,15,0.015401397346237682
2022-12-11,20Y,20,0.0164613409346394
2022-12-11,25Y,25,0.015735469840141313
2022-12-11,30Y,30,0.015226816370786845
2022-12-12,1Y,1,0.0016999790658600222
2022-12-12,2Y,2,0.0035313855606341096
2022-12-12,3Y,3,0.004324597622003319
2022-12-12,4Y,4,0.005140603405605057
2022-12-12,5Y,5,0.006514959826384182
2022-12-12,7Y,7,0.009322164030241196
2022-12-12,10Y,10,0.011760217487852762
2022-12-12,15Y,15,0.015452026207441513
2022-12-12,20Y,20,0.01639886273133441
2022-12-12,25Y,25,0.01551869271619951
2022-12-12,30Y,30,0.01493578014129775
2022-12-13,1Y,1,0.0014899573647819163
2022-12-13,2Y,2,0.0033164320620206653
2022-12-13,3Y,3,0.004194404546522916
2022-12-13,4Y,4,0.004899916404396656
2022-12-13,5Y,5,0.006253286578395053
2022-12-13,7Y,7,0.008964783550019452
2022-12-13,10Y,10,0.011972135424715816
2022-12-13,15Y,15,0.014396486995855176
2022-12-13,20Y,20,0.015985181224307816
2022-12-13,25Y,25,0.014977956155557724
2022-12-13,30Y,30,0.01443239956220712
2022-12-14,1Y,1,0.0014499684709064003
2022-12-14,2Y,2,0.003106155532185216
2022-12-14,3Y,3,0.003954010417965921
2022-12-14,4Y,4,0.004824898660771553
2022-12-14,5Y,5,0.006233678569070034
2022-12-14,7Y,7,0.008761959476050593
2022-12-14,10Y,10,0.01153192396863039
2022-12-14,15Y,15,0.015124228383739162
2022-12-14,20Y,20,0.016154345070171272
2022-12-14,25Y,25,0.01535731591050895
2022-12-14,30Y,30,0.01486028250510306
2022-12-15,1Y,1,0.0016097798457889367
2022-12-15,2Y,2,0.0032360787228583373
2022-12-15,3Y,3,0.00471612357148515
2022-12-15,4Y,4,0.005673269510538199
2022-12-15,5Y,5,0.00621108579340895
2022-12-15,7Y,7,0.009832449213348185
2022-12-15,10Y,10,0.011681889627813666
2022-12-15,15Y,15,0.015611665444961443
2022-12-15,20Y,20,0.016438186570103062
2022-12-15,25Y,25,0.015548801327992745
2022-12-15,30Y,30,0.015129119690680471
2022-12-16,1Y,1,0.0017499729984515465
2022-12-16,2Y,2,0.0035813703919210472
2022-12-16,3Y,3,0.004414841212258203
2022-12-16,4Y,4,0.005306363197024732
2022-12-16,5Y,5,0.006706545224017148
2022-12-16,7Y,7,0.009442355148457962
2022-12-16,10Y,10,0.011817029061169571
2022-12-16,15Y,15,0.015702113076442703
2022-12-16,20Y,20,0.01654104638138525
2022-12-16,25Y,25,0.015670597349265084
2022-12-16,30Y,30,0.01520429851128229
2022-12-18,1Y,1,0.0016099459159984945
2022-12-18,2Y,2,0.003431394937398179
2022-12-18,3Y,3,0.004374867919391572
2022-12-18,4Y,4,0.005342124038173284
2022-12-18,5Y,5,0.006797780232722258
2022-12-18,7Y,7,0.009457145304081515
2022-12-18,10Y,10,0.01221577483936177
2022-12-18,15Y,15,0.015954793588003408
2022-12-18,20Y,20,0.016965512466695844
2022-12-18,25Y,25,0.01620423473178989
2022-12-18,30Y,30,0.015823494900850856
2022-12-19,1Y,1,0.0019399386141578626
2022-12-19,2Y,2,0.0035208629563332336
2022-12-19,3Y,3,0.004686163104860927
2022-12-19,4Y,4,0.005999657905169099
2022-12-19,5Y,5,0.0071504215828004265
2022-12-19,7Y,7,0.010008223063486801
2022-12-19,10Y,10,0.011649305930586093
2022-12-19,15Y,15,0.01578845164698998
2022-12-19,20Y,20,0.017510263716146737
2022-12-19,25Y,25,0.016181184337980388
2022-12-19,30Y,30,0.015651171635214643
2022-12-20,1Y,1,0.0026997395686063374
2022-12-20,2Y,2,0.005142255034057234
2022-12-20,3Y,3,0.0059874596683789395
2022-12-20,4Y,4,0.0068514011491445734
2022-12-20,5Y,5,0.007606619244706498
2022-12-20,7Y,7,0.011758397532197398
2022-12-20,10Y,10,0.012960472317615275
2022-12-20,15Y,15,0.01628130895280083
2022-12-20,20Y,20,0.016725188806737866
2022-12-20,25Y,25,0.016234186042582577
2022-12-20,30Y,30,0.015468872865293571
2022-12-21,1Y,1,0.003109556554280293
2022-12-21,2Y,2,0.005837750747087717
2022-12-21,3Y,3,0.006759085049324208
2022-12-21,4Y,4,0.007392093814052097
2022-12-21,5Y,5,0.00841242203428505
2022-12-21,7Y,7,0.010290393236399058
2022-12-21,10Y,10,0.011866326861410984
2022-12-21,15Y,15,0.015369472115576613
2022-12-21,20Y,20,0.015352426787279218
2022-12-21,25Y,25,0.013994721134591225
2022-12-21,30Y,30,0.013230505640131318
2022-12-22,1Y,1,0.0028692424516727584
2022-12-22,2Y,2,0.004780885321156215
2022-12-22,3Y,3,0.006359531322861169
2022-12-22,4Y,4,0.0069745184940379484
2022-12-22,5Y,5,0.00836826873907654
2022-12-22,7Y,7,0.010496066752944549
2022-12-22,10Y,10,0.0131954656419505
2022-12-22,15Y,15,0.01641145345668874
2022-12-22,20Y,20,0.016303983728276662
2022-12-22,25Y,25,0.015094657250458159
2022-12-22,30Y,30,0.014374623497293681
2022-12-23,1Y,1,0.0031689654289660646
2022-12-23,2Y,2,0.005100655559596912
2022-12-23,3Y,3,0.006196998412059023
2022-12-23,4Y,4,0.007377873318619506
2022-12-23,5Y,5,0.008616733239390925
2022-12-23,7Y,7,0.01093185916436715
2022-12-23,10Y,10,0.013090155764063551
2022-12-23,15Y,15,0.01609126239565861
2022-12-23,20Y,20,0.016347568424395192
2022-12-23,25Y,25,0.015116593169475032
2022-12-23,30Y,30,0.014584745483346507
2022-12-25,1Y,1,0.0031689654289660646
2022-12-25,2Y,2,0.005070586153040466
2022-12-25,3Y,3,0.0061568882835260855
2022-12-25,4Y,4,0.007357789272772479
2022-12-25,5Y,5,0.008596618847443137
2022-12-25,7Y,7,0.01091552639592722
2022-12-25,10Y,10,0.013052018363396749
2022-12-25,15Y,15,0.01611744217153013
2022-12-25,20Y,20,0.01632870403975582
2022-12-25,25Y,25,0.015106319806086177
2022-12-25,30Y,30,0.014574485480704223
2022-12-26,1Y,1,0.0027995374286883803
2022-12-26,2Y,2,0.005397604954624857
2022-12-26,3Y,3,0.00656927536826609
2022-12-26,4Y,4,0.00742949552237583
2022-12-26,5Y,5,0.008708685412160815
2022-12-26,7Y,7,0.01099153486919869
2022-12-26,10Y,10,0.01313805178478513
2022-12-26,15Y,15,0.01606038409694011
2022-12-26,20Y,20,0.016217200969353553
2022-12-26,25Y,25,0.01490517521951365
2022-12-26,30Y,30,0.014336124680080466
2022-12-27,1Y,1,0.00286947568726136
2022-12-27,2Y,2,0.005452521881600087
2022-12-27,3Y,3,0.00669972762596458
2022-12-27,4Y,4,0.007666005697560785
2022-12-27,5Y,5,0.009022164970554077
2022-12-27,7Y,7,0.011365167677281865
2022-12-27,10Y,10,0.013406189068843298
2022-12-27,15Y,15,0.01661020375706808
2022-12-27,20Y,20,0.01683277518692967
2022-12-27,25Y,25,0.015465461630110408
2022-12-27,30Y,30,0.014893583155301749
2022-12-28,1Y,1,0.003079622431079916
2022-12-28,2Y,2,0.005466850602280692
2022-12-28,3Y,3,0.007334576434647395
2022-12-28,4Y,4,0.00903645292767185
2022-12-28,5Y,5,0.009749911270351267
2022-12-28,7Y,7,0.01176062874352931
2022-12-28,10Y,10,0.013709771085527858
2022-12-28,15Y,15,0.01684807928171537
2022-12-28,20Y,20,0.01684683406794971
2022-12-28,25Y,25,0.01533515105195351
2022-12-28,30Y,30,0.014627361091229186
2022-12-29,1Y,1,0.003049658499739901
2022-12-29,2Y,2,0.006118797077011056
2022-12-29,3Y,3,0.007623844706103541
2022-12-29,4Y,4,0.008829686716892823
2022-12-29,5Y,5,0.010123430426120896
2022-12-29,7Y,7,0.012084285514153012
2022-12-29,10Y,10,0.01415459065118356
2022-12-29,15Y,15,0.0173478576304144
2022-12-29,20Y,20,0.017323133166759992
2022-12-29,25Y,25,0.015671266542002366
2022-12-29,30Y,30,0.014922360851595063
2022-12-30,1Y,1,0.0028998202275464127
2022-12-30,2Y,2,0.006079213226126577
2022-12-30,3Y,3,0.007795638116713079
2022-12-30,4Y,4,0.009295379336558909
2022-12-30,5Y,5,0.010682387786228693
2022-12-30,7Y,7,0.012319571479221438
2022-12-30,10Y,10,0.014117027683071739
2022-12-30,15Y,15,0.017377754704229892
2022-12-30,20Y,20,0.01739654030611142
2022-12-30,25Y,25,0.015628326730934006
2022-12-30,30Y,30,0.014877096598756625
2023-01-01,1Y,1,0.002899348764419677
2023-01-01,2Y,2,0.005818466371707955
2023-01-01,3Y,3,0.007794992446943542
2023-01-01,4Y,4,0.009294946352066834
2023-01-01,5Y,5,0.010682012197948752
2023-01-01,7Y,7,0.012319288216268761
2023-01-01,10Y,10,0.014116818325705507
2023-01-01,15Y,15,0.017377570086752003
2023-01-01,20Y,20,0.017396421772831943
2023-01-01,25Y,25,0.015628274921863593
2023-01-01,30Y,30,0.014877069069967696
2023-01-02,1Y,1,0.002899348764419677
2023-01-02,2Y,2,0.005818466371707955
2023-01-02,3Y,3,0.007794992446943542
2023-01-02,4Y,4,0.009294946352066834
2023-01-02,5Y,5,0.010682012197948752
2023-01-02,7Y,7,0.012319288216268761
2023-01-02,10Y,10,0.014116818325705507
2023-01-02,15Y,15,0.017377570086752003
2023-01-02,20Y,20,0.017396421772831943
2023-01-02,25Y,25,0.015628274921863593
2023-01-02,30Y,30,0.014877069069967696
2023-01-03,1Y,1,0.0028998202275464127
2023-01-03,2Y,2,0.005522600342330312
2023-01-03,3Y,3,0.007093157541268455
2023-01-03,4Y,4,0.008846813536386826
2023-01-03,5Y,5,0.010147111786315081
2023-01-03,7Y,7,0.012023539125314169
2023-01-03,10Y,10,0.015305440602004214
2023-01-03,15Y,15,0.01773541821513362
2023-01-03,20Y,20,0.01739117219640161
2023-01-03,25Y,25,0.016014219143484262
2023-01-03,30Y,30,0.015505257511705539
2023-01-04,1Y,1,0.0031896210492214252
2023-01-04,2Y,2,0.006303849578564675
2023-01-04,3Y,3,0.007905066541867184
2023-01-04,4Y,4,0.009348987832776472
2023-01-04,5Y,5,0.010730930982855056
2023-01-04,7Y,7,0.012470419425699274
2023-01-04,10Y,10,0.014121411053746355
2023-01-04,15Y,15,0.0171227337146934
2023-01-04,20Y,20,0.017153869234073738
2023-01-04,25Y,25,0.015522153657699607
2023-01-04,30Y,30,0.014761530620752548
2023-01-05,1Y,1,0.0027598218638478778
2023-01-05,2Y,2,0.005713604953466858
2023-01-05,3Y,3,0.007353962176962726
2023-01-05,4Y,4,0.008918004228154704
2023-01-05,5Y,5,0.01039027219292832
2023-01-05,7Y,7,0.010883859335591523
2023-01-05,10Y,10,0.013992486729383448
2023-01-05,15Y,15,0.016731059751702904
2023-01-05,20Y,20,0.016801879375698565
2023-01-05,25Y,25,0.015202534381952723
2023-01-05,30Y,30,0.014243180417879964
2023-01-06,1Y,1,0.002489446765405479
2023-01-06,2Y,2,0.004736926213467439
2023-01-06,3Y,3,0.006560950386975252
2023-01-06,4Y,4,0.008440605525770353
2023-01-06,5Y,5,0.01028252690102837
2023-01-06,7Y,7,0.012632334932192669
2023-01-06,10Y,10,0.014003784476120235
2023-01-06,15Y,15,0.01698083120044193
2023-01-06,20Y,20,0.0170798842788914
2023-01-06,25Y,25,0.01546622915550129
2023-01-06,30Y,30,0.014719626859998659
2023-01-08,1Y,1,0.002489446765405479
2023-01-08,2Y,2,0.004736926213467439
2023-01-08,3Y,3,0.006560950386975252
2023-01-08,4Y,4,0.008415328231439003
2023-01-08,5Y,5,0.010252142290181832
2023-01-08,7Y,7,0.012560453423409293
2023-01-08,10Y,10,0.01416135243744546
2023-01-08,15Y,15,0.016991059566235523
2023-01-08,20Y,20,0.017077501455981352
2023-01-08,25Y,25,0.015466371225500517
2023-01-08,30Y,30,0.014719603415308558
2023-01-09,1Y,1,0.0021098238205899643
2023-01-09,2Y,2,0.0049986713971060465
2023-01-09,3Y,3,0.006943245879548568
2023-01-09,4Y,4,0.008416744930904
2023-01-09,5Y,5,0.00912475566240358
2023-01-09,7Y,7,0.012432527759956485
2023-01-09,10Y,10,0.014167137894232396
2023-01-09,15Y,15,0.016993380010947013
2023-01-09,20Y,20,0.017080021412930458
2023-01-09,25Y,25,0.015466941903857404
2023-01-09,30Y,30,0.014720220517173857
2023-01-10,1Y,1,0.0029790477491796895
2023-01-10,2Y,2,0.005236619603757618
2023-01-10,3Y,3,0.0069509004371299705
2023-01-10,4Y,4,0.008760658415199084
2023-01-10,5Y,5,0.010572898028599988
2023-01-10,7Y,7,0.013067877823090653
2023-01-10,10Y,10,0.015003843635975806
2023-01-10,15Y,15,0.018029315228646876
2023-01-10,20Y,20,0.01806548916906915
2023-01-10,25Y,25,0.016309070325584686
2023-01-10,30Y,30,0.015601336618856146
2023-01-11,1Y,1,0.0023895959092490597
2023-01-11,2Y,2,0.0046971117707648785
2023-01-11,3Y,3,0.006400540727292627
2023-01-11,4Y,4,0.008072789155529196
2023-01-11,5Y,5,0.011129523735241566
2023-01-11,7Y,7,0.011553971056514217
2023-01-11,10Y,10,0.01587998939349694
2023-01-11,15Y,15,0.01837093909068893
2023-01-11,20Y,20,0.017357768970542732
2023-01-11,25Y,25,0.015624617654313631
2023-01-11,30Y,30,0.014698651809230778
2023-01-12,1Y,1,0.003359437185178035
2023-01-12,2Y,2,0.006087556091351851
2023-01-12,3Y,3,0.007553147588341371
2023-01-12,4Y,4,0.00939452058801478
2023-01-12,5Y,5,0.011341910198494112
2023-01-12,7Y,7,0.01404913682495327
2023-01-12,10Y,10,0.015840001918648913
2023-01-12,15Y,15,0.018638893816903878
2023-01-12,20Y,20,0.018212435386545437
2023-01-12,25Y,25,0.01616375763301857
2023-01-12,30Y,30,0.015154814554849617
2023-01-13,1Y,1,0.0031288532534808353
2023-01-13,2Y,2,0.0055519357773248235
2023-01-13,3Y,3,0.007583383166647713
2023-01-13,4Y,4,0.009587336634681962
2023-01-13,5Y,5,0.011882397555236067
2023-01-13,7Y,7,0.014845224784256473
2023-01-13,10Y,10,0.016483100121046465
2023-01-13,15Y,15,0.017459506033034464
2023-01-13,20Y,20,0.016406373194274196
2023-01-13,25Y,25,0.01435334755661509
2023-01-13,30Y,30,0.01327011837591433
2023-01-14,1Y,1,0.0025196181320945427
2023-01-14,2Y,2,0.005192961816377024
2023-01-14,3Y,3,0.0072140153704087166
2023-01-14,4Y,4,0.009151808355304908
2023-01-14,5Y,5,0.011419752247339598
2023-01-14,7Y,7,0.01458600551485234
2023-01-14,10Y,10,0.016596500167490688
2023-01-14,15Y,15,0.017455177720351916
2023-01-14,20Y,20,0.01654947555819033
2023-01-14,25Y,25,0.014687904318067727
2023-01-14,30Y,30,0.013976272960952964
2023-01-15,1Y,1,0.002549578535203233
2023-01-15,2Y,2,0.0051527644540661196
2023-01-15,3Y,3,0.007163738783024886
2023-01-15,4Y,4,0.00916690514979809
2023-01-15,5Y,5,0.01140938009121398
2023-01-15,7Y,7,0.01456320079062461
2023-01-15,10Y,10,0.01655760371343427
2023-01-15,15Y,15,0.01744208748000138
2023-01-15,20Y,20,0.016526902903511054
2023-01-15,25Y,25,0.014703925360585887
2023-01-15,30Y,30,0.014028653193730025
2023-01-16,1Y,1,0.0025694740275513926
2023-01-16,2Y,2,0.005012351192832074
2023-01-16,3Y,3,0.006942496007471861
2023-01-16,4Y,4,0.00891447133574068
2023-01-16,5Y,5,0.011277757818584026
2023-01-16,7Y,7,0.014492646803352955
2023-01-16,10Y,10,0.015757285156575436
2023-01-16,15Y,15,0.017263711048316626
2023-01-16,20Y,20,0.01603630540623461
2023-01-16,25Y,25,0.01364167483524249
2023-01-16,30Y,30,0.01253728543900694
2023-01-17,1Y,1,0.002349787770406879
2023-01-17,2Y,2,0.004827525724053951
2023-01-17,3Y,3,0.006682445977615471
2023-01-17,4Y,4,0.00880508597836437
2023-01-17,5Y,5,0.010882750478306006
2023-01-17,7Y,7,0.01389990107320823
2023-01-17,10Y,10,0.01542387368098522
2023-01-17,15Y,15,0.017367341741326807
2023-01-17,20Y,20,0.016094962076903294
2023-01-17,25Y,25,0.01350102347327678
2023-01-17,30Y,30,0.01243143009800155
2023-01-18,1Y,1,0.0021097908397229685
2023-01-18,2Y,2,0.004191730405571381
2023-01-18,3Y,3,0.005678616167180484
2023-01-18,4Y,4,0.0068086590736188704
2023-01-18,5Y,5,0.008767659750060592
2023-01-18,7Y,7,0.013112889997194684
2023-01-18,10Y,10,0.015093679531465919
2023-01-18,15Y,15,0.01880316432605887
2023-01-18,20Y,20,0.017126842534364025
2023-01-18,25Y,25,0.014049201130232315
2023-01-18,30Y,30,0.013002355088804063
2023-01-19,1Y,1,0.0020596283607277354
2023-01-19,2Y,2,0.003931341009582767
2023-01-19,3Y,3,0.005306888494474065
2023-01-19,4Y,4,0.006769499886916437
2023-01-19,5Y,5,0.008858215710038156
2023-01-19,7Y,7,0.011915077737073784
2023-01-19,10Y,10,0.014110948156277961
2023-01-19,15Y,15,0.018695083786940177
2023-01-19,20Y,20,0.017434300048753914
2023-01-19,25Y,25,0.014743741657440471
2023-01-19,30Y,30,0.01379746964221943
2023-01-20,1Y,1,0.0020696666722771055
2023-01-20,2Y,2,0.003961371320439959
2023-01-20,3Y,3,0.005296901831755397
2023-01-20,4Y,4,0.006744293452534505
2023-01-20,5Y,5,0.00870615618440261
2023-01-20,7Y,7,0.011707791506144104
2023-01-20,10Y,10,0.013920697990882917
2023-01-20,15Y,15,0.018415303376475903
2023-01-20,20Y,20,0.017637986563150503
2023-01-20,25Y,25,0.015306828662735392
2023-01-20,30Y,30,0.014426526989195807
2023-01-22,1Y,1,0.001809679027366305
2023-01-22,2Y,2,0.0034961122331802433
2023-01-22,3Y,3,0.00491617818619805
2023-01-22,4Y,4,0.006357633380856202
2023-01-22,5Y,5,0.00829282756205651
2023-01-22,7Y,7,0.01124962811014696
2023-01-22,10Y,10,0.014088626120731765
2023-01-22,15Y,15,0.01845494849135032
2023-01-22,20Y,20,0.01773784930419592
2023-01-22,25Y,25,0.015484305084576325
2023-01-22,30Y,30,0.014856868783455313
2023-01-23,1Y,1,0.0020497121722047253
2023-01-23,2Y,2,0.004011516744589997
2023-01-23,3Y,3,0.0053772820911113985
2023-01-23,4Y,4,0.006804730557486668
2023-01-23,5Y,5,0.008767002118507373
2023-01-23,7Y,7,0.011740247606333427
2023-01-23,10Y,10,0.014261901499159485
2023-01-23,15Y,15,0.018620617019976044
2023-01-23,20Y,20,0.017824629760514295
2023-01-23,25Y,25,0.015524564777364018
2023-01-23,30Y,30,0.014714573122385078
2023-01-24,1Y,1,0.0017498526400382595
2023-01-24,2Y,2,0.004117466266177762
2023-01-24,3Y,3,0.00565856103882093
2023-01-24,4Y,4,0.006871150098715826
2023-01-24,5Y,5,0.008970409047880802
2023-01-24,7Y,7,0.012221000841702922
2023-01-24,10Y,10,0.014387513611263253
2023-01-24,15Y,15,0.01790756987714633
2023-01-24,20Y,20,0.01693708008815012
2023-01-24,25Y,25,0.014647722086715984
2023-01-24,30Y,30,0.013698029599440385
2023-01-25,1Y,1,0.0018098657162635141
2023-01-25,2Y,2,0.0037966489431303565
2023-01-25,3Y,3,0.005197361682926328
2023-01-25,4Y,4,0.006826241611119054
2023-01-25,5Y,5,0.008981124583620624
2023-01-25,7Y,7,0.012443031606389997
2023-01-25,10Y,10,0.014940608689919452
2023-01-25,15Y,15,0.018072914315227544
2023-01-25,20Y,20,0.01723220701010549
2023-01-25,25Y,25,0.01428177132376919
2023-01-25,30Y,30,0.013072424385059466
2023-01-26,1Y,1,0.0020598923716977206
2023-01-26,2Y,2,0.0038361475043862878
2023-01-26,3Y,3,0.005549391208289187
2023-01-26,4Y,4,0.007550228091624179
2023-01-26,5Y,5,0.009132199998816763
2023-01-26,7Y,7,0.012516071850791136
2023-01-26,10Y,10,0.015037956898392036
2023-01-26,15Y,15,0.018230139253792122
2023-01-26,20Y,20,0.01709266814079307
2023-01-26,25Y,25,0.014323633629647718
2023-01-26,30Y,30,0.01322228872482406
2023-01-27,1Y,1,0.0021598939575233553
2023-01-27,2Y,2,0.004266756645723928
2023-01-27,3Y,3,0.00568887041999484
2023-01-27,4Y,4,0.007641267398617109
2023-01-27,5Y,5,0.009799949443622998
2023-01-27,7Y,7,0.013184722552572043
2023-01-27,10Y,10,0.015974196807889807
2023-01-27,15Y,15,0.01906247374684509
2023-01-27,20Y,20,0.01822500725676626
2023-01-27,25Y,25,0.015198943764539348
2023-01-27,30Y,30,0.013962359837980054
2023-01-29,1Y,1,0.0019098822241504412
2023-01-29,2Y,2,0.004137108867168113
2023-01-29,3Y,3,0.005759345494395885
2023-01-29,4Y,4,0.007526043776870718
2023-01-29,5Y,5,0.009679210310227549
2023-01-29,7Y,7,0.012931067360404957
2023-01-29,10Y,10,0.015738266900006317
2023-01-29,15Y,15,0.01893801315082229
2023-01-29,20Y,20,0.018001521780481304
2023-01-29,25Y,25,0.015014214643622376
2023-01-29,30Y,30,0.013864914898438363
2023-01-30,1Y,1,0.0023395019427460066
2023-01-30,2Y,2,0.004526871473545319
2023-01-30,3Y,3,0.006169391298928319
2023-01-30,4Y,4,0.0078261515251008
2023-01-30,5Y,5,0.010010783364308447
2023-01-30,7Y,7,0.013416749895185088
2023-01-30,10Y,10,0.016119085926732155
2023-01-30,15Y,15,0.019586655612019305
2023-01-30,20Y,20,0.018665236684498702
2023-01-30,25Y,25,0.015693742369216446
2023-01-30,30Y,30,0.014512094245462459
2023-01-31,1Y,1,0.0023095039796344305
2023-01-31,2Y,2,0.0044367531578282625
2023-01-31,3Y,3,0.006018830582603562
2023-01-31,4Y,4,0.007639837186225796
2023-01-31,5Y,5,0.009828624598511145
2023-01-31,7Y,7,0.013224538369204689
2023-01-31,10Y,10,0.014972419907001652
2023-01-31,15Y,15,0.019254723009292953
2023-01-31,20Y,20,0.018034066528599988
2023-01-31,25Y,25,0.015240719374268612
2023-01-31,30Y,30,0.014104495883795334
2023-02-01,1Y,1,0.0018399014666416744
2023-02-01,2Y,2,0.004052095740869975
2023-02-01,3Y,3,0.005588722052143506
2023-02-01,4Y,4,0.007153274665352476
2023-02-01,5Y,5,0.009254115086289663
2023-02-01,7Y,7,0.012734849658066458
2023-02-01,10Y,10,0.015543914692206243
2023-02-01,15Y,15,0.018546996343333576
2023-02-01,20Y,20,0.01807749966734334
2023-02-01,25Y,25,0.015061667418465784
2023-02-01,30Y,30,0.01339807942417035
2023-02-02,1Y,1,0.002199945672748518
2023-02-02,2Y,2,0.0039560433599908525
2023-02-02,3Y,3,0.005830898435559409
2023-02-02,4Y,4,0.007937339796444787
2023-02-02,5Y,5,0.008400449578097453
2023-02-02,7Y,7,0.01374715331278038
2023-02-02,10Y,10,0.014847972840613177
2023-02-02,15Y,15,0.01791853478547325
2023-02-02,20Y,20,0.016869580173081863
2023-02-02,25Y,25,0.014143362866709475
2023-02-02,30Y,30,0.01284220103068655
2023-02-03,1Y,1,0.002289526870698679
2023-02-03,2Y,2,0.004346607862784685
2023-02-03,3Y,3,0.005938755318969302
2023-02-03,4Y,4,0.007594571719672663
2023-02-03,5Y,5,0.009595499914757165
2023-02-03,7Y,7,0.012893443283915323
2023-02-03,10Y,10,0.015104630557689493
2023-02-03,15Y,15,0.01826618827283624
2023-02-03,20Y,20,0.017345127389967938
2023-02-03,25Y,25,0.014755794138369114
2023-02-03,30Y,30,0.013546227583546922
2023-02-05,1Y,1,0.0017899097199718633
2023-02-05,2Y,2,0.003972045431059033
2023-02-05,3Y,3,0.0054984863821381305
2023-02-05,4Y,4,0.007067880585385123
2023-02-05,5Y,5,0.009153067182682637
2023-02-05,7Y,7,0.012468533250658654
2023-02-05,10Y,10,0.015051386326084971
2023-02-05,15Y,15,0.018079162596371344
2023-02-05,20Y,20,0.01742867593899995
2023-02-05,25Y,25,0.01469857416055564
2023-02-05,30Y,30,0.013513464752538373
2023-02-06,1Y,1,0.001939884027039755
2023-02-06,2Y,2,0.004828697051931586
2023-02-06,3Y,3,0.005586340016570941
2023-02-06,4Y,4,0.00756396453977617
2023-02-06,5Y,5,0.009114797178694397
2023-02-06,7Y,7,0.014297235455427482
2023-02-06,10Y,10,0.014982685547841199
2023-02-06,15Y,15,0.0176053792163818
2023-02-06,20Y,20,0.01784665948794562
2023-02-06,25Y,25,0.014467990130982121
2023-02-06,30Y,30,0.013158451087729405
2023-02-07,1Y,1,0.00239991836254194
2023-02-07,2Y,2,0.004115852579823978
2023-02-07,3Y,3,0.00508655739489984
2023-02-07,4Y,4,0.00708639834980124
2023-02-07,5Y,5,0.009192016252098596
2023-02-07,7Y,7,0.014324934729493494
2023-02-07,10Y,10,0.015113011804405219
2023-02-07,15Y,15,0.017970374842533346
2023-02-07,20Y,20,0.0177833493449412
2023-02-07,25Y,25,0.01510477263398223
2023-02-07,30Y,30,0.0134524195892904
2023-02-08,1Y,1,0.0019098822241504412
2023-02-08,2Y,2,0.0041070443709452465
2023-02-08,3Y,3,0.006503692857406032
2023-02-08,4Y,4,0.008285663745797655
2023-02-08,5Y,5,0.009689392211953213
2023-02-08,7Y,7,0.013029152483563691
2023-02-08,10Y,10,0.015061060694073144
2023-02-08,15Y,15,0.01796213366458793
2023-02-08,20Y,20,0.017201800789380654
2023-02-08,25Y,25,0.014751038248704208
2023-02-08,30Y,30,0.013497047649477855
2023-02-09,1Y,1,0.001939884027039755
2023-02-09,2Y,2,0.004182131563165694
2023-02-09,3Y,3,0.005708979306154122
2023-02-09,4Y,4,0.007304025020106171
2023-02-09,5Y,5,0.009395319221807946
2023-02-09,7Y,7,0.014219549684335645
2023-02-09,10Y,10,0.015120495607759889
2023-02-09,15Y,15,0.018083903183062248
2023-02-09,20Y,20,0.017476157017950255
2023-02-09,25Y,25,0.014489282989725103
2023-02-09,30Y,30,0.01315746892991573
2023-02-10,1Y,1,0.002539372185505572
2023-02-10,2Y,2,0.004766854596646359
2023-02-10,3Y,3,0.006449997602413495
2023-02-10,4Y,4,0.008011298493104767
2023-02-10,5Y,5,0.010009117152364484
2023-02-10,7Y,7,0.013434268405933782
2023-02-10,10Y,10,0.015380052356552498
2023-02-10,15Y,15,0.018313358715058767
2023-02-10,20Y,20,0.017395953634744072
2023-02-10,25Y,25,0.014840099552947066
2023-02-10,30Y,30,0.013628598487856613
2023-02-12,1Y,1,0.002079835413259626
2023-02-12,2Y,2,0.00437720906102501
2023-02-12,3Y,3,0.005969712094285684
2023-02-12,4Y,4,0.007641031668194724
2023-02-12,5Y,5,0.009688105559660471
2023-02-12,7Y,7,0.01314450323483762
2023-02-12,10Y,10,0.01545282497911081
2023-02-12,15Y,15,0.018201151813608565
2023-02-12,20Y,20,0.017547332402037943
2023-02-12,25Y,25,0.014912371380666669
2023-02-12,30Y,30,0.013676754111034561
2023-02-13,1Y,1,0.002299540624184835
2023-02-13,2Y,2,0.004461832895679809
2023-02-13,3Y,3,0.006129474586110489
2023-02-13,4Y,4,0.007892038204786032
2023-02-13,5Y,5,0.009970212305674925
2023-02-13,7Y,7,0.013129376644560944
2023-02-13,10Y,10,0.01508788311175176
2023-02-13,15Y,15,0.01772294392329205
2023-02-13,20Y,20,0.016737225889408455
2023-02-13,25Y,25,0.013946423232450073
2023-02-13,30Y,30,0.01262204411977018
2023-02-14,1Y,1,0.002279955157210633
2023-02-14,2Y,2,0.004677354310296526
2023-02-14,3Y,3,0.005929145609466974
2023-02-14,4Y,4,0.007590142799031611
2023-02-14,5Y,5,0.009524541982094698
2023-02-14,7Y,7,0.01298618322576698
2023-02-14,10Y,10,0.014820682202914437
2023-02-14,15Y,15,0.017532158426445402
2023-02-14,20Y,20,0.016530183101803823
2023-02-14,25Y,25,0.013958610406386282
2023-02-14,30Y,30,0.012793541558238208
2023-02-15,1Y,1,0.0023299469228571083
2023-02-15,2Y,2,0.004727333423304005
2023-02-15,3Y,3,0.00597926323478931
2023-02-15,4Y,4,0.007655420793366216
2023-02-15,5Y,5,0.009635886922405384
2023-02-15,7Y,7,0.013078254473969344
2023-02-15,10Y,10,0.014874625828666325
2023-02-15,15Y,15,0.01775582996483296
2023-02-15,20Y,20,0.016767355637338482
2023-02-15,25Y,25,0.014041130610482604
2023-02-15,30Y,30,0.012717481476545755
2023-02-16,1Y,1,0.001879892289118536
2023-02-16,2Y,2,0.003996884909185446
2023-02-16,3Y,3,0.006433646053494665
2023-02-16,4Y,4,0.00711940523791131
2023-02-16,5Y,5,0.0082732765254687
2023-02-16,7Y,7,0.01451975035165036
2023-02-16,10Y,10,0.016371329203947887
2023-02-16,15Y,15,0.018459311135563507
2023-02-16,20Y,20,0.017229978076990306
2023-02-16,25Y,25,0.014146352635176399
2023-02-16,30Y,30,0.012860569510101328
2023-02-17,1Y,1,0.0024099421453209623
2023-02-17,2Y,2,0.003995612287473533
2023-02-17,3Y,3,0.006102572672895608
2023-02-17,4Y,4,0.008606834720866638
2023-02-17,5Y,5,0.009830537476677389
2023-02-17,7Y,7,0.013192311771324145
2023-02-17,10Y,10,0.014816001157907294
2023-02-17,15Y,15,0.017927775126439702
2023-02-17,20Y,20,0.016855692456957904
2023-02-17,25Y,25,0.014213802388406728
2023-02-17,30Y,30,0.012960313935640622
2023-02-19,1Y,1,0.0018898929023176425
2023-02-19,2Y,2,0.004026923119270441
2023-02-19,3Y,3,0.005518458099580549
2023-02-19,4Y,4,0.007168323905307184
2023-02-19,5Y,5,0.009274254435819664
2023-02-19,7Y,7,0.01260723660039937
2023-02-19,10Y,10,0.01495703980989857
2023-02-19,15Y,15,0.017890209959418295
2023-02-19,20Y,20,0.01700473353948643
2023-02-19,25Y,25,0.014179703298248685
2023-02-19,30Y,30,0.013008705942942289
2023-02-20,1Y,1,0.0019098822241504412
2023-02-20,2Y,2,0.004076980566464917
2023-02-20,3Y,3,0.005598693212406731
2023-02-20,4Y,4,0.007284148247057946
2023-02-20,5Y,5,0.009446354908939563
2023-02-20,7Y,7,0.014519647535295492
2023-02-20,10Y,10,0.015120530415742864
2023-02-20,15Y,15,0.017994154436446412
2023-02-20,20Y,20,0.017330641412120495
2023-02-20,25Y,25,0.01420258432533843
2023-02-20,30Y,30,0.01241717760876584
2023-02-21,1Y,1,0.0019498663646066322
2023-02-21,2Y,2,0.004948998851023177
2023-02-21,3Y,3,0.006762281746685388
2023-02-21,4Y,4,0.006690835650237827
2023-02-21,5Y,5,0.010149943586374142
2023-02-21,7Y,7,0.01349216853250559
2023-02-21,10Y,10,0.015235719225343076
2023-02-21,15Y,15,0.017957434448819216
2023-02-21,20Y,20,0.016875463637762843
2023-02-21,25Y,25,0.014081077978292906
2023-02-21,30Y,30,0.01271760861654514
2023-02-22,1Y,1,0.0019398718971863182
2023-02-22,2Y,2,0.004187143771357963
2023-02-22,3Y,3,0.005829552804436629
2023-02-22,4Y,4,0.007566135688644387
2023-02-22,5Y,5,0.009760282014955553
2023-02-22,7Y,7,0.013156273512125009
2023-02-22,10Y,10,0.015243636591329015
2023-02-22,15Y,15,0.017503443345404945
2023-02-22,20Y,20,0.016503846197610198
2023-02-22,25Y,25,0.013436327824570563
2023-02-22,30Y,30,0.012041821216357385
2023-02-23,1Y,1,0.0019498663646066322
2023-02-23,2Y,2,0.004182108327846999
2023-02-23,3Y,3,0.005819503743677474
2023-02-23,4Y,4,0.007566104069728472
2023-02-23,5Y,5,0.009760253389001095
2023-02-23,7Y,7,0.013156246463369891
2023-02-23,10Y,10,0.015243617790342976
2023-02-23,15Y,15,0.01750343034636137
2023-02-23,20Y,20,0.016503839362929363
2023-02-23,25Y,25,0.013436326961581091
2023-02-23,30Y,30,0.012041822520388856
2023-02-24,1Y,1,0.0023994382048221435
2023-02-24,2Y,2,0.004411451154642734
2023-02-24,3Y,3,0.005988661504379836
2023-02-24,4Y,4,0.007750471875876776
2023-02-24,5Y,5,0.009919482585314167
2023-02-24,7Y,7,0.01311874201565513
2023-02-24,10Y,10,0.014867881477703328
2023-02-24,15Y,15,0.01724223793379585
2023-02-24,20Y,20,0.01624092924521178
2023-02-24,25Y,25,0.013429267911015168
2023-02-24,30Y,30,0.012087730623043025
2023-02-26,1Y,1,0.0018796689893484555
2023-02-26,2Y,2,0.0038365898267717817
2023-02-26,3Y,3,0.005568357129508815
2023-02-26,4Y,4,0.0072688708799189435
2023-02-26,5Y,5,0.009385417224574557
2023-02-26,7Y,7,0.012809861830514642
2023-02-26,10Y,10,0.014975537241850152
2023-02-26,15Y,15,0.017334850898413027
2023-02-26,20Y,20,0.01639710078101395
2023-02-26,25Y,25,0.01346389004408062
2023-02-26,30Y,30,0.01220348474252545
2023-02-27,1Y,1,0.002409904465185271
2023-02-27,2Y,2,0.00473713196541055
2023-02-27,3Y,3,0.005014272960351311
2023-02-27,4Y,4,0.006452395876057511
2023-02-27,5Y,5,0.009342364028090317
2023-02-27,7Y,7,0.012795805728715224
2023-02-27,10Y,10,0.015299930489880122
2023-02-27,15Y,15,0.01825447448253278
2023-02-27,20Y,20,0.0169503528593367
2023-02-27,25Y,25,0.013368313019683775
2023-02-27,30Y,30,0.011764657024490123
2023-02-28,1Y,1,0.002329466201075405
2023-02-28,2Y,2,0.0035700600212542704
2023-02-28,3Y,3,0.004795406890758079
2023-02-28,4Y,4,0.006900144877604503
2023-02-28,5Y,5,0.009009841719989932
2023-02-28,7Y,7,0.014210343375963864
2023-02-28,10Y,10,0.012381242237392436
2023-02-28,15Y,15,0.01610776235592732
2023-02-28,20Y,20,0.015531337739373995
2023-02-28,25Y,25,0.012499168905703847
2023-02-28,30Y,30,0.010644238007718887
2023-03-01,1Y,1,0.001829889411897822
2023-03-01,2Y,2,0.0038316695250257245
2023-03-01,3Y,3,0.005197376347289953
2023-03-01,4Y,4,0.006785833178440987
2023-03-01,5Y,5,0.008930542797450586
2023-03-01,7Y,7,0.012473265531224423
2023-03-01,10Y,10,0.01448670811354847
2023-03-01,15Y,15,0.01648254643339789
2023-03-01,20Y,20,0.015371683264590496
2023-03-01,25Y,25,0.012588743302657354
2023-03-01,30Y,30,0.011377590785083191
2023-03-02,1Y,1,0.002299928886512549
2023-03-02,2Y,2,0.004552011161847856
2023-03-02,3Y,3,0.005728399101779703
2023-03-02,4Y,4,0.007418819160407229
2023-03-02,5Y,5,0.009555742889167752
2023-03-02,7Y,7,0.012989275588985674
2023-03-02,10Y,10,0.014945622960298839
2023-03-02,15Y,15,0.016916682794321774
2023-03-02,20Y,20,0.015817424081354295
2023-03-02,25Y,25,0.013052442809908478
2023-03-02,30Y,30,0.011810935494528408
2023-03-03,1Y,1,0.0017499128161825187
2023-03-03,2Y,2,0.0037216346093218652
2023-03-03,3Y,3,0.006062267409140515
2023-03-03,4Y,4,0.008029508723659307
2023-03-03,5Y,5,0.00953894395534578
2023-03-03,7Y,7,0.013034103031921953
2023-03-03,10Y,10,0.014872586584765604
2023-03-03,15Y,15,0.01708510095279492
2023-03-03,20Y,20,0.015860792229994872
2023-03-03,25Y,25,0.01307111792210006
2023-03-03,30Y,30,0.011769111336213566
2023-03-05,1Y,1,0.0017897250820714985
2023-03-05,2Y,2,0.0035813037075613746
2023-03-05,3Y,3,0.005157196954971668
2023-03-05,4Y,4,0.006866442690795271
2023-03-05,5Y,5,0.009042030514429927
2023-03-05,7Y,7,0.012726095414577535
2023-03-05,10Y,10,0.014847992693027508
2023-03-05,15Y,15,0.017028032998547698
2023-03-05,20Y,20,0.015985490257694687
2023-03-05,25Y,25,0.013074633583196521
2023-03-05,30Y,30,0.011854879165986985
2023-03-06,1Y,1,0.0017399339812915124
2023-03-06,2Y,2,0.004478327566770949
2023-03-06,3Y,3,0.006150407551479798
2023-03-06,4Y,4,0.006204208374034394
2023-03-06,5Y,5,0.009705346545137597
2023-03-06,7Y,7,0.013200950855757992
2023-03-06,10Y,10,0.015078311502852153
2023-03-06,15Y,15,0.017159072213595184
2023-03-06,20Y,20,0.01599371595215968
2023-03-06,25Y,25,0.01315751331558564
2023-03-06,30Y,30,0.011876858924604827
2023-03-07,1Y,1,0.0017099532847695581
2023-03-07,2Y,2,0.004423264100060494
2023-03-07,3Y,3,0.006160703946948293
2023-03-07,4Y,4,0.007516342973422635
2023-03-07,5Y,5,0.009750331150254954
2023-03-07,7Y,7,0.013372387375099357
2023-03-07,10Y,10,0.015220147047632655
2023-03-07,15Y,15,0.017330329823574228
2023-03-07,20Y,20,0.016171190083432034
2023-03-07,25Y,25,0.013339723332902873
2023-03-07,30Y,30,0.01212769866785368
2023-03-08,1Y,1,0.0016899569939161675
2023-03-08,2Y,2,0.0037518222320983073
2023-03-08,3Y,3,0.005298238816170974
2023-03-08,4Y,4,0.007063476138589977
2023-03-08,5Y,5,0.009306129321993404
2023-03-08,7Y,7,0.013059982817334718
2023-03-08,10Y,10,0.01529160537198647
2023-03-08,15Y,15,0.01748172904141743
2023-03-08,20Y,20,0.016503368429375706
2023-03-08,25Y,25,0.013644588528424543
2023-03-08,30Y,30,0.012548602524346118
2023-03-09,1Y,1,0.0023095328569752854
2023-03-09,2Y,2,0.004411694101922817
2023-03-09,3Y,3,0.006179919618127276
2023-03-09,4Y,4,0.008063389532559586
2023-03-09,5Y,5,0.010275034362696047
2023-03-09,7Y,7,0.013890913869656862
2023-03-09,10Y,10,0.015756250025731243
2023-03-09,15Y,15,0.017673390148016454
2023-03-09,20Y,20,0.01659069482612596
2023-03-09,25Y,25,0.013871655169846966
2023-03-09,30Y,30,0.012737379831467655
2023-03-10,1Y,1,0.002029623609005195
2023-03-10,2Y,2,0.00391137680287501
2023-03-10,3Y,3,0.0054576269333744855
2023-03-10,4Y,4,0.007011244152725424
2023-03-10,5Y,5,0.008949146247450752
2023-03-10,7Y,7,0.01236328452814009
2023-03-10,10Y,10,0.014306702227635214
2023-03-10,15Y,15,0.016874935014481635
2023-03-10,20Y,20,0.016035654082738476
2023-03-10,25Y,25,0.013331820231613646
2023-03-10,30Y,30,0.012186049702180393
2023-03-11,1Y,1,0.0016599546328234845
2023-03-11,2Y,2,0.0036767420818737437
2023-03-11,3Y,3,0.005127589539571155
2023-03-11,4Y,4,0.006736099534632813
2023-03-11,5Y,5,0.008779410054250059
2023-03-11,7Y,7,0.012209651138415318
2023-03-11,10Y,10,0.014509751956606188
2023-03-11,15Y,15,0.017285276935489775
2023-03-11,20Y,20,0.016414991939549806
2023-03-11,25Y,25,0.013647780859563256
2023-03-11,30Y,30,0.012591934512558023
2023-03-12,1Y,1,0.0015899694468661455
2023-03-12,2Y,2,0.0035316153819245576
2023-03-12,3Y,3,0.004836647124670388
2023-03-12,4Y,4,0.0063487510390352105
2023-03-12,5Y,5,0.008415534721665893
2023-03-12,7Y,7,0.011821434669632114
2023-03-12,10Y,10,0.014039357571947311
2023-03-12,15Y,15,0.01663389016582846
2023-03-12,20Y,20,0.015773203890604243
2023-03-12,25Y,25,0.013003062539959413
2023-03-12,30Y,30,0.011919667935394751
2023-03-13,1Y,1,0.0012500118531156123
2023-03-13,2Y,2,0.0026057603454176913
2023-03-13,3Y,3,0.003975233448236344
2023-03-13,4Y,4,0.005599847982550592
2023-03-13,5Y,5,0.006051904935227836
2023-03-13,7Y,7,0.009692088225696874
2023-03-13,10Y,10,0.011514294432199155
2023-03-13,15Y,15,0.014510681436268498
2023-03-13,20Y,20,0.013654318394586933
2023-03-13,25Y,25,0.011119473880525511
2023-03-13,30Y,30,0.010043583107269459
2023-03-14,1Y,1,0.0008700092900845062
2023-03-14,2Y,2,0.0019705207639050975
2023-03-14,3Y,3,0.0028525405611523605
2023-03-14,4Y,4,0.004068165419891906
2023-03-14,5Y,5,0.005752366058279857
2023-03-14,7Y,7,0.008702520947758082
2023-03-14,10Y,10,0.011367668273782034
2023-03-14,15Y,15,0.014179270245291769
2023-03-14,20Y,20,0.013290442940316888
2023-03-14,25Y,25,0.01068629189307288
2023-03-14,30Y,30,0.009557649073444219
2023-03-15,1Y,1,0.001159953690170272
2023-03-15,2Y,2,0.002370599166971071
2023-03-15,3Y,3,0.00302226860544636
2023-03-15,4Y,4,0.003881613493840543
2023-03-15,5Y,5,0.005650779075122799
2023-03-15,7Y,7,0.008716813637837972
2023-03-15,10Y,10,0.009965315272527817
2023-03-15,15Y,15,0.014564024989090069
2023-03-15,20Y,20,0.01361262860804596
2023-03-15,25Y,25,0.010978681093909017
2023-03-15,30Y,30,0.009825919576930353
2023-03-16,1Y,1,0.001069807470353928
2023-03-16,2Y,2,0.002455879415435778
2023-03-16,3Y,3,0.0036532900175655744
2023-03-16,4Y,4,0.00347879037094903
2023-03-16,5Y,5,0.006136978948309594
2023-03-16,7Y,7,0.007885186070255902
2023-03-16,10Y,10,0.013294206946061798
2023-03-16,15Y,15,0.016283331465616183
2023-03-16,20Y,20,0.01534596966123459
2023-03-16,25Y,25,0.012530046145996517
2023-03-16,30Y,30,0.011027896714723739
2023-03-17,1Y,1,0.0015497144101037068
2023-03-17,2Y,2,0.0026853894727472435
2023-03-17,3Y,3,0.003532666786647427
2023-03-17,4Y,4,0.004573557164496602
2023-03-17,5Y,5,0.0062540280590853555
2023-03-17,7Y,7,0.00937431315298317
2023-03-17,10Y,10,0.012016890749965058
2023-03-17,15Y,15,0.016060173131630957
2023-03-17,20Y,20,0.015002603675259754
2023-03-17,25Y,25,0.012245114489999084
2023-03-17,30Y,30,0.011152711614209231
2023-03-19,1Y,1,0.0011799728128578154
2023-03-19,2Y,2,0.0024106179016397562
2023-03-19,3Y,3,0.003042335083571008
2023-03-19,4Y,4,0.004042388344907432
2023-03-19,5Y,5,0.00518632712790284
2023-03-19,7Y,7,0.00857894125533103
2023-03-19,10Y,10,0.011999787136687378
2023-03-19,15Y,15,0.015897784725357477
2023-03-19,20Y,20,0.015198976381345604
2023-03-19,25Y,25,0.012315348255609038
2023-03-19,30Y,30,0.011176378403827911
2023-03-20,1Y,1,0.0012998294869990424
2023-03-20,2Y,2,0.002285307020805968
2023-03-20,3Y,3,0.0030220775832285095
2023-03-20,4Y,4,0.004157587220753862
2023-03-20,5Y,5,0.0059324197199041835
2023-03-20,7Y,7,0.00900193369062519
2023-03-20,10Y,10,0.012033969176056983
2023-03-20,15Y,15,0.01595548192140185
2023-03-20,20Y,20,0.015045678423507656
2023-03-20,25Y,25,0.012442060442795642
2023-03-20,30Y,30,0.011386671968867123
2023-03-21,1Y,1,0.0012998294869990424
2023-03-21,2Y,2,0.002285307020805968
2023-03-21,3Y,3,0.0020599244836439997
2023-03-21,4Y,4,0.002853340694953256
2023-03-21,5Y,5,0.006901551691534636
2023-03-21,7Y,7,0.009013237969316306
2023-03-21,10Y,10,0.012038983470906692
2023-03-21,15Y,15,0.015149977263481204
2023-03-21,20Y,20,0.01632819538738938
2023-03-21,25Y,25,0.012455373335445115
2023-03-21,30Y,30,0.011390746746019087
2023-03-22,1Y,1,0.001589725930118335
2023-03-22,2Y,2,0.002279868996197835
2023-03-22,3Y,3,0.0030119807753377394
2023-03-22,4Y,4,0.00555017750576656
2023-03-22,5Y,5,0.006402915430247198
2023-03-22,7Y,7,0.009710400369886142
2023-03-22,10Y,10,0.013721392913308622
2023-03-22,15Y,15,0.016325488868813666
2023-03-22,20Y,20,0.015919537359929153
2023-03-22,25Y,25,0.013224928915492151
2023-03-22,30Y,30,0.012100080839562688
2023-03-23,1Y,1,0.0011699723100543778
2023-03-23,2Y,2,0.002350560348804689
2023-03-23,3Y,3,0.0030925761541897474
2023-03-23,4Y,4,0.004278505877187843
2023-03-23,5Y,5,0.006144821274947884
2023-03-23,7Y,7,0.00933083941358892
2023-03-23,10Y,10,0.012376432820064695
2023-03-23,15Y,15,0.016286073102199518
2023-03-23,20Y,20,0.015524222549786859
2023-03-23,25Y,25,0.012740182892789435
2023-03-23,30Y,30,0.011678638608087353
2023-03-24,1Y,1,0.0014697631246785954
2023-03-24,2Y,2,0.002505298551742396
2023-03-24,3Y,3,0.0032321925289608153
2023-03-24,4Y,4,0.004373098655724027
2023-03-24,5Y,5,0.006093009045346744
2023-03-24,7Y,7,0.00911042088732316
2023-03-24,10Y,10,0.011843320467552558
2023-03-24,15Y,15,0.01584512948092588
2023-03-24,20Y,20,0.015226107499093595
2023-03-24,25Y,25,0.013076649148605856
2023-03-24,30Y,30,0.012305113195583852
2023-03-26,1Y,1,0.0011498707025756898
2023-03-26,2Y,2,0.0021203391936004206
2023-03-26,3Y,3,0.00293214008646746
2023-03-26,4Y,4,0.004142913135921194
2023-03-26,5Y,5,0.0054484530997691094
2023-03-26,7Y,7,0.00891345801736413
2023-03-26,10Y,10,0.01168878173333077
2023-03-26,15Y,15,0.015827340484955207
2023-03-26,20Y,20,0.01606621503167896
2023-03-26,25Y,25,0.012478741646733463
2023-03-26,30Y,30,0.009479665424662475
2023-03-27,1Y,1,0.001619992178548136
2023-03-27,2Y,2,0.003055768059595594
2023-03-27,3Y,3,0.0036632600392192153
2023-03-27,4Y,4,0.004910428153856156
2023-03-27,5Y,5,0.006718250814168193
2023-03-27,7Y,7,0.010027597489232678
2023-03-27,10Y,10,0.012755808772419528
2023-03-27,15Y,15,0.016503829994451685
2023-03-27,20Y,20,0.015843904830512585
2023-03-27,25Y,25,0.013642676284112414
2023-03-27,30Y,30,0.012711462045482102
2023-03-28,1Y,1,0.0015699924034354945
2023-03-28,2Y,2,0.0030007777217249424
2023-03-28,3Y,3,0.0030514561903542516
2023-03-28,4Y,4,0.0049474122471424185
2023-03-28,5Y,5,0.007292222822328979
2023-03-28,7Y,7,0.00986744788770078
2023-03-28,10Y,10,0.012173172183854379
2023-03-28,15Y,15,0.015424529082435502
2023-03-28,20Y,20,0.014565435350131084
2023-03-28,25Y,25,0.012243053451752337
2023-03-28,30Y,30,0.0112621794618191
2023-03-29,1Y,1,0.0015399896503230464
2023-03-29,2Y,2,0.0029858090853809574
2023-03-29,3Y,3,0.0036031661314493563
2023-03-29,4Y,4,0.004784985505805121
2023-03-29,5Y,5,0.00634471143194435
2023-03-29,7Y,7,0.009119292375044488
2023-03-29,10Y,10,0.011521857201610636
2023-03-29,15Y,15,0.014798840770608045
2023-03-29,20Y,20,0.014005725506927351
2023-03-29,25Y,25,0.011812165037947044
2023-03-29,30Y,30,0.010851012684189486
2023-03-30,1Y,1,0.0016199972434789238
2023-03-30,2Y,2,0.0026852785400747837
2023-03-30,3Y,3,0.003965217927582837
2023-03-30,4Y,4,0.0047580491253858765
2023-03-30,5Y,5,0.006782489336193621
2023-03-30,7Y,7,0.009559171534447205
2023-03-30,10Y,10,0.010376065788660092
2023-03-30,15Y,15,0.014468489586632556
2023-03-30,20Y,20,0.014439983132664291
2023-03-30,25Y,25,0.012099267947871164
2023-03-30,30Y,30,0.011113906700125251
2023-03-31,1Y,1,0.0016997027504102322
2023-03-31,2Y,2,0.0030756540468458026
2023-03-31,3Y,3,0.004103885130536405
2023-03-31,4Y,4,0.005362193086335386
2023-03-31,5Y,5,0.007070490478594042
2023-03-31,7Y,7,0.009851637691775526
2023-03-31,10Y,10,0.012032909265789711
2023-03-31,15Y,15,0.01495342544348922
2023-03-31,20Y,20,0.014473619326549815
2023-03-31,25Y,25,0.012449270023971074
2023-03-31,30Y,30,0.011612699129367354
2023-04-01,1Y,1,0.0013499579606845462
2023-04-01,2Y,2,0.0027708272546972733
2023-04-01,3Y,3,0.003673644445733059
2023-04-01,4Y,4,0.004956301649013083
2023-04-01,5Y,5,0.006678493852074038
2023-04-01,7Y,7,0.009644715865899971
2023-04-01,10Y,10,0.01207087244702785
2023-04-01,15Y,15,0.015097511994717521
2023-04-01,20Y,20,0.014561756283341653
2023-04-01,25Y,25,0.01247034871549231
2023-04-01,30Y,30,0.011644230121330678
2023-04-02,1Y,1,0.001379834534869647
2023-04-02,2Y,2,0.0026406101848802993
2023-04-02,3Y,3,0.0036835035838860154
2023-04-02,4Y,4,0.004991264557266688
2023-04-02,5Y,5,0.006698460139458306
2023-04-02,7Y,7,0.00968510978192914
2023-04-02,10Y,10,0.012119076700414667
2023-04-02,15Y,15,0.015100471369180253
2023-04-02,20Y,20,0.014590212220179354
2023-04-02,25Y,25,0.012489010180913071
2023-04-02,30Y,30,0.011604691360872166
2023-04-03,1Y,1,0.0016797198917323768
2023-04-03,2Y,2,0.0030606693108717257
2023-04-03,3Y,3,0.004103958134262548
2023-04-03,4Y,4,0.005392451240601719
2023-04-03,5Y,5,0.007151457114105897
2023-04-03,7Y,7,0.01009711588921034
2023-04-03,10Y,10,0.012214293195901168
2023-04-03,15Y,15,0.015278613056885083
2023-04-03,20Y,20,0.014774088191113557
2023-04-03,25Y,25,0.012803767884687133
2023-04-03,30Y,30,0.012046203159459956
2023-04-04,1Y,1,0.0013399658097410798
2023-04-04,2Y,2,0.0028259219621344037
2023-04-04,3Y,3,0.0037839341562231153
2023-04-04,4Y,4,0.005162520510857551
2023-04-04,5Y,5,0.007183619172256312
2023-04-04,7Y,7,0.01046188293156785
2023-04-04,10Y,10,0.012746010225567216
2023-04-04,15Y,15,0.015897718436477026
2023-04-04,20Y,20,0.015447566496305486
2023-04-04,25Y,25,0.013214449068718988
2023-04-04,30Y,30,0.012402970125682866
2023-04-05,1Y,1,0.0016000002721282644
2023-04-05,2Y,2,0.00287054484648924
2023-04-05,3Y,3,0.0036034724461787328
2023-04-05,4Y,4,0.005257597392134227
2023-04-05,5Y,5,0.007193168872550045
2023-04-05,7Y,7,0.010500029291519166
2023-04-05,10Y,10,0.012866811346488066
2023-04-05,15Y,15,0.01574425666597356
2023-04-05,20Y,20,0.015384402081062763
2023-04-05,25Y,25,0.013368060619390117
2023-04-05,30Y,30,0.012676219736581774
2023-04-06,1Y,1,0.0016097395939787926
2023-04-06,2Y,2,0.0030007137496363087
2023-04-06,3Y,3,0.0041743559089925195
2023-04-06,4Y,4,0.005593865090471489
2023-04-06,5Y,5,0.006150318037908684
2023-04-06,7Y,7,0.010240157481741551
2023-04-06,10Y,10,0.01108503735213653
2023-04-06,15Y,15,0.0145919952718544
2023-04-06,20Y,20,0.014935976755029523
2023-04-06,25Y,25,0.012668689167091005
2023-04-06,30Y,30,0.011097510474983262
2023-04-07,1Y,1,0.0012699858433449936
2023-04-07,2Y,2,0.002795993315819855
2023-04-07,3Y,3,0.0038141403412788716
2023-04-07,4Y,4,0.005172715932777317
2023-04-07,5Y,5,0.006465970962353723
2023-04-07,7Y,7,0.009920430823945794
2023-04-07,10Y,10,0.011915990840533764
2023-04-07,15Y,15,0.014917721098202434
2023-04-07,20Y,20,0.015111879415844808
2023-04-07,25Y,25,0.01191217953416317
2023-04-07,30Y,30,0.009154635560132606
2023-04-08,1Y,1,0.0012699858433449936
2023-04-08,2Y,2,0.002795993315819855
2023-04-08,3Y,3,0.0038141403412788716
2023-04-08,4Y,4,0.005172715932777317
2023-04-08,5Y,5,0.007042279709373707
2023-04-08,7Y,7,0.010237297535714117
2023-04-08,10Y,10,0.012344501275140883
2023-04-08,15Y,15,0.015065733852324625
2023-04-08,20Y,20,0.014594030647380603
2023-04-08,25Y,25,0.01251427464416175
2023-04-08,30Y,30,0.011663848267385913
2023-04-09,1Y,1,0.0012799865342838308
2023-04-09,2Y,2,0.002826020741052576
2023-04-09,3Y,3,0.0038642644019736463
2023-04-09,4Y,4,0.005217909167947758
2023-04-09,5Y,5,0.00710287647347565
2023-04-09,7Y,7,0.01034736070087709
2023-04-09,10Y,10,0.012513413501954118
2023-04-09,15Y,15,0.015163820454692716
2023-04-09,20Y,20,0.014702325485663704
2023-04-09,25Y,25,0.012629466889958745
2023-04-09,30Y,30,0.011754793595697187
2023-04-10,1Y,1,0.0012099895264672837
2023-04-10,2Y,2,0.0027309961938842644
2023-04-10,3Y,3,0.0038343244738060743
2023-04-10,4Y,4,0.005273458248582828
2023-04-10,5Y,5,0.006597383629918528
2023-04-10,7Y,7,0.010135086700104672
2023-04-10,10Y,10,0.011874368415306178
2023-04-10,15Y,15,0.014893580546689416
2023-04-10,20Y,20,0.015334608735907548
2023-04-10,25Y,25,0.012035567807943466
2023-04-10,30Y,30,0.008914668941023631
2023-04-11,1Y,1,0.0014100319258420295
2023-04-11,2Y,2,0.003046129902704651
2023-04-11,3Y,3,0.004054746694767365
2023-04-11,4Y,4,0.0044825367848157355
2023-04-11,5Y,5,0.007267474182318263
2023-04-11,7Y,7,0.008907172287209508
2023-04-11,10Y,10,0.011052516296859553
2023-04-11,15Y,15,0.015021036741355628
2023-04-11,20Y,20,0.015133851076923945
2023-04-11,25Y,25,0.013247527304180388
2023-04-11,30Y,30,0.012515810567256223
2023-04-12,1Y,1,0.0010700147989608666
2023-04-12,2Y,2,0.0024958817124600017
2023-04-12,3Y,3,0.003593993689607791
2023-04-12,4Y,4,0.005082817032454754
2023-04-12,5Y,5,0.007012862823095981
2023-04-12,7Y,7,0.010240972867278162
2023-04-12,10Y,10,0.012468953736329003
2023-04-12,15Y,15,0.015280857404819933
2023-04-12,20Y,20,0.014843346896684019
2023-04-12,25Y,25,0.012917104815276567
2023-04-12,30Y,30,0.012299161011660942
2023-04-13,1Y,1,0.0010600139963696993
2023-04-13,2Y,2,0.0029615985786704763
2023-04-13,3Y,3,0.004265450603204922
2023-04-13,4Y,4,0.004664346726687372
2023-04-13,5Y,5,0.007287667831783681
2023-04-13,7Y,7,0.01054152982815871
2023-04-13,10Y,10,0.012326270699914089
2023-04-13,15Y,15,0.01493668825682842
2023-04-13,20Y,20,0.014416947885171385
2023-04-13,25Y,25,0.012513050703196395
2023-04-13,30Y,30,0.011722529677126694
2023-04-14,1Y,1,0.0014598048841523224
2023-04-14,2Y,2,0.0029108534756932896
2023-04-14,3Y,3,0.004184677996115488
2023-04-14,4Y,4,0.005619455818632376
2023-04-14,5Y,5,0.007475636037304237
2023-04-14,7Y,7,0.010785213974335987
2023-04-14,10Y,10,0.012710814916004454
2023-04-14,15Y,15,0.015459278411989418
2023-04-14,20Y,20,0.014967990147305522
2023-04-14,25Y,25,0.012927121552444694
2023-04-14,30Y,30,0.01202642470256805
2023-04-16,1Y,1,0.0011399958219878894
2023-04-16,2Y,2,0.002671019993511979
2023-04-16,3Y,3,0.0038645376245420252
2023-04-16,4Y,4,0.005323879736852411
2023-04-16,5Y,5,0.006729005259398215
2023-04-16,7Y,7,0.010247975463217221
2023-04-16,10Y,10,0.012173120856620222
2023-04-16,15Y,15,0.015340070964161415
2023-04-16,20Y,20,0.01564029223423071
2023-04-16,25Y,25,0.01219324252079626
2023-04-16,30Y,30,0.009246243535381504
2023-04-17,1Y,1,0.0014698044688039248
2023-04-17,2Y,2,0.0029559027582596264
2023-04-17,3Y,3,0.004335167124840588
2023-04-17,4Y,4,0.005951552084661629
2023-04-17,5Y,5,0.00792031819221009
2023-04-17,7Y,7,0.01120114380742067
2023-04-17,10Y,10,0.012956130643352194
2023-04-17,15Y,15,0.015933763799430407
2023-04-17,20Y,20,0.01534001385021433
2023-04-17,25Y,25,0.013207270622325115
2023-04-17,30Y,30,0.012347868559932617
2023-04-18,1Y,1,0.001390025383458444
2023-04-18,2Y,2,0.0030411575615546717
2023-04-18,3Y,3,0.0042354218840759015
2023-04-18,4Y,4,0.005866488428520926
2023-04-18,5Y,5,0.006767508833034031
2023-04-18,7Y,7,0.012029385729517398
2023-04-18,10Y,10,0.011037425524387606
2023-04-18,15Y,15,0.015925098247827958
2023-04-18,20Y,20,0.014897655758948332
2023-04-18,25Y,25,0.012901974374670309
2023-04-18,30Y,30,0.012035646034940506
2023-04-19,1Y,1,0.001440026310463788
2023-04-19,2Y,2,0.002720614520407015
2023-04-19,3Y,3,0.003704161420095827
2023-04-19,4Y,4,0.006411222745442962
2023-04-19,5Y,5,0.008526668940234353
2023-04-19,7Y,7,0.011053349115799228
2023-04-19,10Y,10,0.013914699452065298
2023-04-19,15Y,15,0.01623491731433447
2023-04-19,20Y,20,0.014685529217828718
2023-04-19,25Y,25,0.01276198900712842
2023-04-19,30Y,30,0.011811063714016079
2023-04-20,1Y,1,0.0010200172887552571
2023-04-20,2Y,2,0.0029266056698233375
2023-04-20,3Y,3,0.004466317589163003
2023-04-20,4Y,4,0.005867281118621845
2023-04-20,5Y,5,0.007638727750686295
2023-04-20,7Y,7,0.010733962280320185
2023-04-20,10Y,10,0.012626809950368897
2023-04-20,15Y,15,0.0158040502454493
2023-04-20,20Y,20,0.015268991642180254
2023-04-20,25Y,25,0.013039255669201354
2023-04-20,30Y,30,0.012157807143047905
2023-04-21,1Y,1,0.001259870953261049
2023-04-21,2Y,2,0.0026207767696499965
2023-04-21,3Y,3,0.004044844884031852
2023-04-21,4Y,4,0.005705640515190212
2023-04-21,5Y,5,0.007516892526645654
2023-04-21,7Y,7,0.01068463435512675
2023-04-21,10Y,10,0.012721427769433982
2023-04-21,15Y,15,0.015850947076128913
2023-04-21,20Y,20,0.015302523106648981
2023-04-21,25Y,25,0.013077003248493233
2023-04-21,30Y,30,0.012148719616400506
2023-04-23,1Y,1,0.0010100196437510002
2023-04-23,2Y,2,0.002495967279011284
2023-04-23,3Y,3,0.00379467363536845
2023-04-23,4Y,4,0.005349338384348208
2023-04-23,5Y,5,0.007204946631930657
2023-04-23,7Y,7,0.010414846846731022
2023-04-23,10Y,10,0.012758056324161111
2023-04-23,15Y,15,0.015905939296498955
2023-04-23,20Y,20,0.015456437385757428
2023-04-23,25Y,25,0.013211477377837642
2023-04-23,30Y,30,0.012282729792051871
2023-04-24,1Y,1,0.0012500587497537565
2023-04-24,2Y,2,0.0028611181461184686
2023-04-24,3Y,3,0.003974890167528929
2023-04-24,4Y,4,0.004623897292639624
2023-04-24,5Y,5,0.007419464534558343
2023-04-24,7Y,7,0.0106730176086625
2023-04-24,10Y,10,0.012813380963783538
2023-04-24,15Y,15,0.015938876830296184
2023-04-24,20Y,20,0.015536931142554227
2023-04-24,25Y,25,0.013302737669331231
2023-04-24,30Y,30,0.012373039045979185
2023-04-25,1Y,1,0.000990011824450651
2023-04-25,2Y,2,0.0023958638403322186
2023-04-25,3Y,3,0.003594123315097701
2023-04-25,4Y,4,0.005062787408753671
2023-04-25,5Y,5,0.007883554323123338
2023-04-25,7Y,7,0.01039049938365548
2023-04-25,10Y,10,0.013012359130937796
2023-04-25,15Y,15,0.015331111372207253
2023-04-25,20Y,20,0.01509942934860032
2023-04-25,25Y,25,0.012957244763648276
2023-04-25,30Y,30,0.012079716992782239
2023-04-26,1Y,1,0.0010000063183945684
2023-04-26,2Y,2,0.0023708186763085797
2023-04-26,3Y,3,0.0034436559911615364
2023-04-26,4Y,4,0.004826558604441233
2023-04-26,5Y,5,0.006629335241712429
2023-04-26,7Y,7,0.009779778951901028
2023-04-26,10Y,10,0.012324368413646297
2023-04-26,15Y,15,0.01544839360218615
2023-04-26,20Y,20,0.015051600096425349
2023-04-26,25Y,25,0.012761473473027491
2023-04-26,30Y,30,0.011919005463086463
2023-04-27,1Y,1,0.0010600073690483147
2023-04-27,2Y,2,0.0024558441143702047
2023-04-27,3Y,3,0.0035639295184658982
2023-04-27,4Y,4,0.00501239565061046
2023-04-27,5Y,5,0.00684118526381818
2023-04-27,7Y,7,0.009891680626084837
2023-04-27,10Y,10,0.012457995798816826
2023-04-27,15Y,15,0.015644710918568217
2023-04-27,20Y,20,0.015310329113858915
2023-04-27,25Y,25,0.01312246742874737
2023-04-27,30Y,30,0.012314132241950448
2023-04-28,1Y,1,0.0011998800890011335
2023-04-28,2Y,2,0.0023755540832711697
2023-04-28,3Y,3,0.0034231887018111463
2023-04-28,4Y,4,0.004654973077193186
2023-04-28,5Y,5,0.00632590691761516
2023-04-28,7Y,7,0.009468307681471071
2023-04-28,10Y,10,0.011415832127925508
2023-04-28,15Y,15,0.014334819639934602
2023-04-28,20Y,20,0.013982782190786594
2023-04-28,25Y,25,0.012126287971672454
2023-04-28,30Y,30,0.01125094513576227
2023-04-29,1Y,1,0.0011998800890011335
2023-04-29,2Y,2,0.0023755540832711697
2023-04-29,3Y,3,0.0034231887018111463
2023-04-29,4Y,4,0.004654973077193186
2023-04-29,5Y,5,0.00632590691761516
2023-04-29,7Y,7,0.009468307681471071
2023-04-29,10Y,10,0.011415832127925508
2023-04-29,15Y,15,0.014334819639934602
2023-04-29,20Y,20,0.013982782190786594
2023-04-29,25Y,25,0.012126287971672454
2023-04-29,30Y,30,0.01125094513576227
2023-04-30,1Y,1,0.0008999550395152929
2023-04-30,2Y,2,0.0020655941764959255
2023-04-30,3Y,3,0.0031229015798057615
2023-04-30,4Y,4,0.0043995832197847974
2023-04-30,5Y,5,0.00617552274452185
2023-04-30,7Y,7,0.009137979131440214
2023-04-30,10Y,10,0.01155786733606498
2023-04-30,15Y,15,0.014526523727876968
2023-04-30,20Y,20,0.014174968593396392
2023-04-30,25Y,25,0.012094186120867673
2023-04-30,30Y,30,0.01126181580765514
2023-05-01,1Y,1,0.0008999522266788278
2023-05-01,2Y,2,0.002165710037715868
2023-05-01,3Y,3,0.0033032471131329657
2023-05-01,4Y,4,0.004570377997918092
2023-05-01,5Y,5,0.006326701584387085
2023-05-01,7Y,7,0.009490409992663148
2023-05-01,10Y,10,0.011777596081506587
2023-05-01,15Y,15,0.014905606499874876
2023-05-01,20Y,20,0.014584824281240614
2023-05-01,25Y,25,0.01247488214070612
2023-05-01,30Y,30,0.01154643704896493
2023-05-02,1Y,1,0.001229887090697197
2023-05-02,2Y,2,0.0024756313596895727
2023-05-02,3Y,3,0.003593599330920713
2023-05-02,4Y,4,0.004840761861688364
2023-05-02,5Y,5,0.006487238345322986
2023-05-02,7Y,7,0.00956201833997992
2023-05-02,10Y,10,0.01154226539231558
2023-05-02,15Y,15,0.014670163880952124
2023-05-02,20Y,20,0.014413033859607407
2023-05-02,25Y,25,0.012546824190957165
2023-05-02,30Y,30,0.011645490937637348
2023-05-03,1Y,1,0.0011998875895734902
2023-05-03,2Y,2,0.002475677576738233
2023-05-03,3Y,3,0.003543408616903441
2023-05-03,4Y,4,0.004841010896336524
2023-05-03,5Y,5,0.0065678442757850395
2023-05-03,7Y,7,0.009562186595720844
2023-05-03,10Y,10,0.011514459534002229
2023-05-03,15Y,15,0.014667275140675938
2023-05-03,20Y,20,0.014400652355918251
2023-05-03,25Y,25,0.01253656890195488
2023-05-03,30Y,30,0.011635344918861654
2023-05-04,1Y,1,0.0011998875895734902
2023-05-04,2Y,2,0.002475677576738233
2023-05-04,3Y,3,0.003543408616903441
2023-05-04,4Y,4,0.004841010896336524
2023-05-04,5Y,5,0.0065678442757850395
2023-05-04,7Y,7,0.009562186595720844
2023-05-04,10Y,10,0.011514459534002229
2023-05-04,15Y,15,0.014667275140675938
2023-05-04,20Y,20,0.014400652355918251
2023-05-04,25Y,25,0.01253656890195488
2023-05-04,30Y,30,0.011635344918861654
2023-05-05,1Y,1,0.0011998875895734902
2023-05-05,2Y,2,0.002475677576738233
2023-05-05,3Y,3,0.003543408616903441
2023-05-05,4Y,4,0.004841010896336524
2023-05-05,5Y,5,0.0065678442757850395
2023-05-05,7Y,7,0.009562186595720844
2023-05-05,10Y,10,0.011514459534002229
2023-05-05,15Y,15,0.014667275140675938
2023-05-05,20Y,20,0.014400652355918251
2023-05-05,25Y,25,0.01253656890195488
2023-05-05,30Y,30,0.011635344918861654
2023-05-06,1Y,1,0.000990011824450651
2023-05-06,2Y,2,0.00230575049708628
2023-05-06,3Y,3,0.0033735719940864144
2023-05-06,4Y,4,0.004725994161056811
2023-05-06,5Y,5,0.006407412056632665
2023-05-06,7Y,7,0.009526933111336875
2023-05-06,10Y,10,0.011804559635339102
2023-05-06,15Y,15,0.014920371728920443
2023-05-06,20Y,20,0.014736607165617132
2023-05-06,25Y,25,0.01264054862620571
2023-05-06,30Y,30,0.011758101233855445
2023-05-07,1Y,1,0.0009599616499059511
2023-05-07,2Y,2,0.002195664680581534
2023-05-07,3Y,3,0.00330329160451734
2023-05-07,4Y,4,0.004630553691727827
2023-05-07,5Y,5,0.006326602789859834
2023-05-07,7Y,7,0.009428996371510892
2023-05-07,10Y,10,0.011732539906151621
2023-05-07,15Y,15,0.014865436199653456
2023-05-07,20Y,20,0.014634349635305246
2023-05-07,25Y,25,0.012568657701728329
2023-05-07,30Y,30,0.011687220129520691
2023-05-08,1Y,1,0.0009400112210606023
2023-05-08,2Y,2,0.00264127937225512
2023-05-08,3Y,3,0.0032425622720648464
2023-05-08,4Y,4,0.0049234972412799775
2023-05-08,5Y,5,0.006313789652362629
2023-05-08,7Y,7,0.010541218558950072
2023-05-08,10Y,10,0.012757202159681446
2023-05-08,15Y,15,0.015348710384813703
2023-05-08,20Y,20,0.014351538797819698
2023-05-08,25Y,25,0.012666581505933715
2023-05-08,30Y,30,0.011716238631846499
2023-05-09,1Y,1,0.0009700164346069651
2023-05-09,2Y,2,0.002345826597260843
2023-05-09,3Y,3,0.004015744474925246
2023-05-09,4Y,4,0.005524777307958972
2023-05-09,5Y,5,0.006720401692073172
2023-05-09,7Y,7,0.009825619771693113
2023-05-09,10Y,10,0.011870019706298942
2023-05-09,15Y,15,0.014902352399823113
2023-05-09,20Y,20,0.014433902445365014
2023-05-09,25Y,25,0.012751945350549264
2023-05-09,30Y,30,0.012394040533456685
2023-05-10,1Y,1,0.001150043243455747
2023-05-10,2Y,2,0.0026009037587716418
2023-05-10,3Y,3,0.003553822464117495
2023-05-10,4Y,4,0.0049317973552180545
2023-05-10,5Y,5,0.006547965652749769
2023-05-10,7Y,7,0.00952190828806769
2023-05-10,10Y,10,0.011529282604884452
2023-05-10,15Y,15,0.014546344100953481
2023-05-10,20Y,20,0.014686724621473022
2023-05-10,25Y,25,0.012516621835783719
2023-05-10,30Y,30,0.011636157890476262
2023-05-11,1Y,1,0.0008900134007347335
2023-05-11,2Y,2,0.002486125132091879
2023-05-11,3Y,3,0.003112452490030063
2023-05-11,4Y,4,0.004008086911553712
2023-05-11,5Y,5,0.006013687004533167
2023-05-11,7Y,7,0.00896637909696107
2023-05-11,10Y,10,0.010533335197891782
2023-05-11,15Y,15,0.013935533647154236
2023-05-11,20Y,20,0.013974096600695037
2023-05-11,25Y,25,0.011876817255091855
2023-05-11,30Y,30,0.011128956546548186
2023-05-12,1Y,1,0.0011000379154493321
2023-05-12,2Y,2,0.002510856911937888
2023-05-12,3Y,3,0.00340346053249871
2023-05-12,4Y,4,0.004620238339207487
2023-05-12,5Y,5,0.006174875902827095
2023-05-12,7Y,7,0.009083606087330222
2023-05-12,10Y,10,0.011409965740529998
2023-05-12,15Y,15,0.014589422582132234
2023-05-12,20Y,20,0.014296182702290135
2023-05-12,25Y,25,0.012310918480594808
2023-05-12,30Y,30,0.011433360123571124
2023-05-13,1Y,1,0.001099903818866024
2023-05-13,2Y,2,0.002315624697509389
2023-05-13,3Y,3,0.003403242866920118
2023-05-13,4Y,4,0.004620052578345605
2023-05-13,5Y,5,0.006174671162679216
2023-05-13,7Y,7,0.009083385386571873
2023-05-13,10Y,10,0.0114097929460566
2023-05-13,15Y,15,0.014589280273955325
2023-05-13,20Y,20,0.014296098136180562
2023-05-13,25Y,25,0.012310885272293893
2023-05-13,30Y,30,0.011433345909436798
2023-05-14,1Y,1,0.0008599763870725176
2023-05-14,2Y,2,0.002060633875203041
2023-05-14,3Y,3,0.00312298416188144
2023-05-14,4Y,4,0.004319223703737739
2023-05-14,5Y,5,0.005368421476100706
2023-05-14,7Y,7,0.008690071852943787
2023-05-14,10Y,10,0.010989821266652128
2023-05-14,15Y,15,0.014436881377433451
2023-05-14,20Y,20,0.014976894653941563
2023-05-14,25Y,25,0.011599411557722199
2023-05-14,30Y,30,0.008718051069108047
2023-05-15,1Y,1,0.0008900134007347335
2023-05-15,2Y,2,0.0027264869202670585
2023-05-15,3Y,3,0.004014888870468817
2023-05-15,4Y,4,0.0049722326667202554
2023-05-15,5Y,5,0.004922536736921046
2023-05-15,7Y,7,0.008856915024246315
2023-05-15,10Y,10,0.01112657374401042
2023-05-15,15Y,15,0.014461130684407925
2023-05-15,20Y,20,0.015362338329094949
2023-05-15,25Y,25,0.011635851999923993
2023-05-15,30Y,30,0.008042638240387501
2023-05-16,1Y,1,0.0011599138079249973
2023-05-16,2Y,2,0.0024807413159639974
2023-05-16,3Y,3,0.0036237353100689942
2023-05-16,4Y,4,0.004795662302208303
2023-05-16,5Y,5,0.006346049848557698
2023-05-16,7Y,7,0.009285483459894665
2023-05-16,10Y,10,0.011550139808668348
2023-05-16,15Y,15,0.014857542436537939
2023-05-16,20Y,20,0.014579517922580162
2023-05-16,25Y,25,0.0125267279159604
2023-05-16,30Y,30,0.011646042184433847
2023-05-17,1Y,1,0.0008300223507338162
2023-05-17,2Y,2,0.0020756794799728262
2023-05-17,3Y,3,0.0030128610160091236
2023-05-17,4Y,4,0.004118402185945884
2023-05-17,5Y,5,0.005661567172594877
2023-05-17,7Y,7,0.008516955723690186
2023-05-17,10Y,10,0.011107155374879194
2023-05-17,15Y,15,0.014186188763450102
2023-05-17,20Y,20,0.01399976749809931
2023-05-17,25Y,25,0.011918299754593405
2023-05-17,30Y,30,0.011089677708082436
2023-05-18,1Y,1,0.0011899063766448862
2023-05-18,2Y,2,0.0025007224835795028
2023-05-18,3Y,3,0.003673859632689614
2023-05-18,4Y,4,0.004891064280812575
2023-05-18,5Y,5,0.006416562651280967
2023-05-18,7Y,7,0.009335337044547882
2023-05-18,10Y,10,0.011517347241070862
2023-05-18,15Y,15,0.014477672532787398
2023-05-18,20Y,20,0.01421086098955322
2023-05-18,25Y,25,0.012379294648437768
2023-05-18,30Y,30,0.011503078394398635
2023-05-19,1Y,1,0.001190010528351735
2023-05-19,2Y,2,0.002685961917285095
2023-05-19,3Y,3,0.0036940063446699676
2023-05-19,4Y,4,0.004845955026032903
2023-05-19,5Y,5,0.006396488633822322
2023-05-19,7Y,7,0.00938823379776135
2023-05-19,10Y,10,0.011448062150298768
2023-05-19,15Y,15,0.014305059515076917
2023-05-19,20Y,20,0.014217341736011168
2023-05-19,25Y,25,0.01239470551894252
2023-05-19,30Y,30,0.011473499115009856
2023-05-21,1Y,1,0.0008499894132708068
2023-05-21,2Y,2,0.002250870616416197
2023-05-21,3Y,3,0.0034135928087078216
2023-05-21,4Y,4,0.004555323759807318
2023-05-21,5Y,5,0.0061452181524457705
2023-05-21,7Y,7,0.008976582124863039
2023-05-21,10Y,10,0.011406791555815539
2023-05-21,15Y,15,0.014284146916209033
2023-05-21,20Y,20,0.014218464663810458
2023-05-21,25Y,25,0.012311558075902153
2023-05-21,30Y,30,0.011482582107157769
2023-05-22,1Y,1,0.0011899212538083379
2023-05-22,2Y,2,0.0025658063505789
2023-05-22,3Y,3,0.0029516425474588742
2023-05-22,4Y,4,0.004747068915674219
2023-05-22,5Y,5,0.0069900593656948605
2023-05-22,7Y,7,0.009241248191556407
2023-05-22,10Y,10,0.01298101054226375
2023-05-22,15Y,15,0.01435634272267561
2023-05-22,20Y,20,0.014151211098853079
2023-05-22,25Y,25,0.012314639893812814
2023-05-22,30Y,30,0.01139229842241415
2023-05-23,1Y,1,0.0009899189937640882
2023-05-23,2Y,2,0.002245692654152162
2023-05-23,3Y,3,0.003433425954866213
2023-05-23,4Y,4,0.004610188071533709
2023-05-23,5Y,5,0.006225527146248807
2023-05-23,7Y,7,0.010486947558920566
2023-05-23,10Y,10,0.011553312657981396
2023-05-23,15Y,15,0.015127943634060382
2023-05-23,20Y,20,0.014301714196293641
2023-05-23,25Y,25,0.012571113785357593
2023-05-23,30Y,30,0.011646048328318703
2023-05-24,1Y,1,0.0009600306691209282
2023-05-24,2Y,2,0.0023858896723266583
2023-05-24,3Y,3,0.0034236623531064265
2023-05-24,4Y,4,0.004655691925592857
2023-05-24,5Y,5,0.006266116408146349
2023-05-24,7Y,7,0.009216680656014392
2023-05-24,10Y,10,0.011662768427759785
2023-05-24,15Y,15,0.014624348750145627
2023-05-24,20Y,20,0.014616347667861166
2023-05-24,25Y,25,0.012568288940086037
2023-05-24,30Y,30,0.01167718803350205
2023-05-25,1Y,1,0.0012900557991519044
2023-05-25,2Y,2,0.0029561965600601514
2023-05-25,3Y,3,0.0032924020405365254
2023-05-25,4Y,4,0.004394197040916042
2023-05-25,5Y,5,0.006516886930799527
2023-05-25,7Y,7,0.009590440751563576
2023-05-25,10Y,10,0.011304809037219428
2023-05-25,15Y,15,0.015841366691459864
2023-05-25,20Y,20,0.01575743148453221
2023-05-25,25Y,25,0.012316867164359445
2023-05-25,30Y,30,0.010485717635533642
2023-05-26,1Y,1,0.00126005213090381
2023-05-26,2Y,2,0.002941223938521872
2023-05-26,3Y,3,0.003944580918399445
2023-05-26,4Y,4,0.005137382635017009
2023-05-26,5Y,5,0.006769578679642285
2023-05-26,7Y,7,0.009854800693908984
2023-05-26,10Y,10,0.012054553938467147
2023-05-26,15Y,15,0.01483276413865681
2023-05-26,20Y,20,0.014692611633494156
2023-05-26,25Y,25,0.012769072825238224
2023-05-26,30Y,30,0.011887725281859685
2023-05-28,1Y,1,0.0010200268548173374
2023-05-28,2Y,2,0.0025059656672489173
2023-05-28,3Y,3,0.003583971843853622
2023-05-28,4Y,4,0.004821355743095642
2023-05-28,5Y,5,0.006498043757578597
2023-05-28,7Y,7,0.009573134663677185
2023-05-28,10Y,10,0.012048723208270214
2023-05-28,15Y,15,0.01488587682547931
2023-05-28,20Y,20,0.014812391047171676
2023-05-28,25Y,25,0.012745032909520476
2023-05-28,30Y,30,0.011839190909437835
2023-05-29,1Y,1,0.000980032536257588
2023-05-29,2Y,2,0.002491001371557222
2023-05-29,3Y,3,0.0036241433524159122
2023-05-29,4Y,4,0.004927044563765889
2023-05-29,5Y,5,0.005952401512208779
2023-05-29,7Y,7,0.009556469765566601
2023-05-29,10Y,10,0.0105348737698645
2023-05-29,15Y,15,0.014584633636026162
2023-05-29,20Y,20,0.015393384556629516
2023-05-29,25Y,25,0.011955313594868962
2023-05-29,30Y,30,0.00870165081249935
2023-05-30,1Y,1,0.0011400671023726074
2023-05-30,2Y,2,0.002816226647695007
2023-05-30,3Y,3,0.0038645736358666125
2023-05-30,4Y,4,0.004448451474755531
2023-05-30,5Y,5,0.006064584814215437
2023-05-30,7Y,7,0.010874848545383467
2023-05-30,10Y,10,0.01208907988384898
2023-05-30,15Y,15,0.0147931995648171
2023-05-30,20Y,20,0.014901824888076013
2023-05-30,25Y,25,0.012805027586678508
2023-05-30,30Y,30,0.011620787661317678
2023-05-31,1Y,1,0.0011400671023726074
2023-05-31,2Y,2,0.0027711591644565955
2023-05-31,3Y,3,0.003844594446172774
2023-05-31,4Y,4,0.0051478397838655866
2023-05-31,5Y,5,0.006871187462179512
2023-05-31,7Y,7,0.010133717963328308
2023-05-31,10Y,10,0.01219084749406486
2023-05-31,15Y,15,0.01490050423275514
2023-05-31,20Y,20,0.014714725461494348
2023-05-31,25Y,25,0.012806959951112664
2023-05-31,30Y,30,0.011947952138805784
2023-06-01,1Y,1,0.0008499655027522855
2023-06-01,2Y,2,0.0021457475917672354
2023-06-01,3Y,3,0.003935422333821104
2023-06-01,4Y,4,0.0046646114585735254
2023-06-01,5Y,5,0.006652332414423553
2023-06-01,7Y,7,0.008799802386615601
2023-06-01,10Y,10,0.011928041545920347
2023-06-01,15Y,15,0.01470270401387621
2023-06-01,20Y,20,0.014416051539894448
2023-06-01,25Y,25,0.012755999835398296
2023-06-01,30Y,30,0.012295023290926466
2023-06-02,1Y,1,0.0010599709209728116
2023-06-02,2Y,2,0.0024908952598456354
2023-06-02,3Y,3,0.003724229505281754
2023-06-02,4Y,4,0.004971868098748712
2023-06-02,5Y,5,0.0065583330086280995
2023-06-02,7Y,7,0.009886689546402263
2023-06-02,10Y,10,0.012069039902280249
2023-06-02,15Y,15,0.01487996268053439
2023-06-02,20Y,20,0.014711476047673113
2023-06-02,25Y,25,0.012903840893399156
2023-06-02,30Y,30,0.012139506912587038
2023-06-04,1Y,1,0.000840038901919077
2023-06-04,2Y,2,0.0022558795936493746
2023-06-04,3Y,3,0.0033636952014363484
2023-06-04,4Y,4,0.0046962374416605335
2023-06-04,5Y,5,0.006448206008992086
2023-06-04,7Y,7,0.009650181407548666
2023-06-04,10Y,10,0.012169740850415663
2023-06-04,15Y,15,0.014879258988609177
2023-06-04,20Y,20,0.014856723068775946
2023-06-04,25Y,25,0.012874977098855999
2023-06-04,30Y,30,0.012050994629334576
2023-06-05,1Y,1,0.0011099591481062811
2023-06-05,2Y,2,0.002590958885131087
2023-06-05,3Y,3,0.003814326818377748
2023-06-05,4Y,4,0.005127686372819272
2023-06-05,5Y,5,0.006840716209873862
2023-06-05,7Y,7,0.010021469217005403
2023-06-05,10Y,10,0.012042739946067645
2023-06-05,15Y,15,0.014823369145049507
2023-06-05,20Y,20,0.0146840055120004
2023-06-05,25Y,25,0.012849528622436688
2023-06-05,30Y,30,0.012038439966134485
2023-06-06,1Y,1,0.000840038901919077
2023-06-06,2Y,2,0.0026914976380507244
2023-06-06,3Y,3,0.003302762219571395
2023-06-06,4Y,4,0.004938893950471429
2023-06-06,5Y,5,0.0072941120549163685
2023-06-06,7Y,7,0.009801944902303586
2023-06-06,10Y,10,0.013786682867361861
2023-06-06,15Y,15,0.014777784285541586
2023-06-06,20Y,20,0.014462846840251873
2023-06-06,25Y,25,0.012651776146786475
2023-06-06,30Y,30,0.011805593247084323
2023-06-07,1Y,1,0.0008700310473000468
2023-06-07,2Y,2,0.0022658552735957786
2023-06-07,3Y,3,0.0033536163601912954
2023-06-07,4Y,4,0.004615699656875026
2023-06-07,5Y,5,0.006276551348973282
2023-06-07,7Y,7,0.009419254010665014
2023-06-07,10Y,10,0.011919961116223784
2023-06-07,15Y,15,0.014530232585502737
2023-06-07,20Y,20,0.014442050288465099
2023-06-07,25Y,25,0.012441141923586245
2023-06-07,30Y,30,0.011585109784807248
2023-06-08,1Y,1,0.0011199594817668653
2023-06-08,2Y,2,0.002575922601591841
2023-06-08,3Y,3,0.0037641926026743457
2023-06-08,4Y,4,0.0050421754651951665
2023-06-08,5Y,5,0.006760015748822296
2023-06-08,7Y,7,0.009988870316076287
2023-06-08,10Y,10,0.011984182829246456
2023-06-08,15Y,15,0.014708644289799282
2023-06-08,20Y,20,0.014513418396936742
2023-06-08,25Y,25,0.012674614467661396
2023-06-08,30Y,30,0.01187587957587851
2023-06-09,1Y,1,0.000870041926511566
2023-06-09,2Y,2,0.0026463822532931582
2023-06-09,3Y,3,0.00393492505845232
2023-06-09,4Y,4,0.004303182315847415
2023-06-09,5Y,5,0.005813046260013413
2023-06-09,7Y,7,0.00962602795588382
2023-06-09,10Y,10,0.012623508363557594
2023-06-09,15Y,15,0.014110681803323293
2023-06-09,20Y,20,0.015006483161861558
2023-06-09,25Y,25,0.012675181202415196
2023-06-09,30Y,30,0.011908906222871609
2023-06-11,1Y,1,0.0007400111296586077
2023-06-11,2Y,2,0.0022309798944802586
2023-06-11,3Y,3,0.0034839038732584417
2023-06-11,4Y,4,0.004656091817393626
2023-06-11,5Y,5,0.005549664210481813
2023-06-11,7Y,7,0.009230299114761389
2023-06-11,10Y,10,0.011440948046140032
2023-06-11,15Y,15,0.014212428907125615
2023-06-11,20Y,20,0.01519774567157695
2023-06-11,25Y,25,0.011772494701098039
2023-06-11,30Y,30,0.00832078647675868
2023-06-12,1Y,1,0.0010500624459596412
2023-06-12,2Y,2,0.002601050144465486
2023-06-12,3Y,3,0.0036542115680642914
2023-06-12,4Y,4,0.004977203303988293
2023-06-12,5Y,5,0.005851167985465736
2023-06-12,7Y,7,0.010786039660015888
2023-06-12,10Y,10,0.012585654601869051
2023-06-12,15Y,15,0.013990482398848134
2023-06-12,20Y,20,0.014746442450700233
2023-06-12,25Y,25,0.013020337157942912
2023-06-12,30Y,30,0.012619910333367767
2023-06-13,1Y,1,0.0007999675281087632
2023-06-13,2Y,2,0.0023761131111050956
2023-06-13,3Y,3,0.0037241964611144395
2023-06-13,4Y,4,0.004942495074050214
2023-06-13,5Y,5,0.006699981184161001
2023-06-13,7Y,7,0.00990865498188288
2023-06-13,10Y,10,0.013766286183163376
2023-06-13,15Y,15,0.014698748165125904
2023-06-13,20Y,20,0.014374737068179296
2023-06-13,25Y,25,0.012618605228712963
2023-06-13,30Y,30,0.011854409773157094
2023-06-14,1Y,1,0.0010000594646336525
2023-06-14,2Y,2,0.0025160045143192795
2023-06-14,3Y,3,0.0035640378514556676
2023-06-14,4Y,4,0.004791259120091942
2023-06-14,5Y,5,0.006538730987923698
2023-06-14,7Y,7,0.009826934748407169
2023-06-14,10Y,10,0.012025362545929579
2023-06-14,15Y,15,0.014535146133390802
2023-06-14,20Y,20,0.014368874742473699
2023-06-14,25Y,25,0.01251826019978743
2023-06-14,30Y,30,0.011605137312060376
2023-06-15,1Y,1,0.0008299730575170497
2023-06-15,2Y,2,0.002070682808407284
2023-06-15,3Y,3,0.003835227585833087
2023-06-15,4Y,4,0.005308771069640398
2023-06-15,5Y,5,0.005831875205045965
2023-06-15,7Y,7,0.010950729754898962
2023-06-15,10Y,10,0.01221797720755838
2023-06-15,15Y,15,0.014478675642698228
2023-06-15,20Y,20,0.014386296761998088
2023-06-15,25Y,25,0.012669234771195623
2023-06-15,30Y,30,0.01182596640772382
2023-06-16,1Y,1,0.0009899839725393757
2023-06-16,2Y,2,0.0023508101171852654
2023-06-16,3Y,3,0.003533869719175758
2023-06-16,4Y,4,0.004836438487851703
2023-06-16,5Y,5,0.006609293077787753
2023-06-16,7Y,7,0.009849324706026218
2023-06-16,10Y,10,0.011956555534663824
2023-06-16,15Y,15,0.014354545028353942
2023-06-16,20Y,20,0.014324650349158322
2023-06-16,25Y,25,0.012604907243490084
2023-06-16,30Y,30,0.011775025046769482
2023-06-17,1Y,1,0.0008000375457018853
2023-06-17,2Y,2,0.0021257706223431283
2023-06-17,3Y,3,0.0031632816196348014
2023-06-17,4Y,4,0.004429983451078656
2023-06-17,5Y,5,0.0061760309225599875
2023-06-17,7Y,7,0.00945669620685934
2023-06-17,10Y,10,0.011905034997084736
2023-06-17,15Y,15,0.014383417077092302
2023-06-17,20Y,20,0.014381049115836849
2023-06-17,25Y,25,0.012461170227130853
2023-06-17,30Y,30,0.011595288438227968
2023-06-18,1Y,1,0.0006500223675303811
2023-06-18,2Y,2,0.002120944405676543
2023-06-18,3Y,3,0.003313586803219465
2023-06-18,4Y,4,0.004430200391239807
2023-06-18,5Y,5,0.005328325989314797
2023-06-18,7Y,7,0.009108497344645486
2023-06-18,10Y,10,0.01131525942988954
2023-06-18,15Y,15,0.013978943138088866
2023-06-18,20Y,20,0.015095842060302135
2023-06-18,25Y,25,0.011663926146207506
2023-06-18,30Y,30,0.008056860786805852
2023-06-19,1Y,1,0.0007400412020337455
2023-06-19,2Y,2,0.0024012007977680136
2023-06-19,3Y,3,0.0035841233068566194
2023-06-19,4Y,4,0.004726576615420523
2023-06-19,5Y,5,0.006539114539773345
2023-06-19,7Y,7,0.009819561510803638
2023-06-19,10Y,10,0.011919819328576383
2023-06-19,15Y,15,0.01435287243486691
2023-06-19,20Y,20,0.014286357974658433
2023-06-19,25Y,25,0.012519317236360659
2023-06-19,30Y,30,0.011654572091397242
2023-06-20,1Y,1,0.0007100448563504666
2023-06-20,2Y,2,0.0022960927414641015
2023-06-20,3Y,3,0.003433838872959192
2023-06-20,4Y,4,0.004495401358904107
2023-06-20,5Y,5,0.00620633976921146
2023-06-20,7Y,7,0.009372678304510298
2023-06-20,10Y,10,0.010293270313784473
2023-06-20,15Y,15,0.014373769458128346
2023-06-20,20Y,20,0.013931300312982014
2023-06-20,25Y,25,0.01228653609428873
2023-06-20,30Y,30,0.011402567668902597
2023-06-21,1Y,1,0.0006800438090730726
2023-06-21,2Y,2,0.0019406942175232496
2023-06-21,3Y,3,0.0029028329293371465
2023-06-21,4Y,4,0.004103736308521152
2023-06-21,5Y,5,0.006651532683809611
2023-06-21,7Y,7,0.008171080183190639
2023-06-21,10Y,10,0.013124808655298952
2023-06-21,15Y,15,0.01384778284673816
2023-06-21,20Y,20,0.014494459010497791
2023-06-21,25Y,25,0.01221897784592688
2023-06-21,30Y,30,0.010868568904976405
2023-06-22,1Y,1,0.0006900470426346231
2023-06-22,2Y,2,0.001960705125153371
2023-06-22,3Y,3,0.0034143548526806627
2023-06-22,4Y,4,0.00479157421336822
2023-06-22,5Y,5,0.005187366362228638
2023-06-22,7Y,7,0.00895763254330576
2023-06-22,10Y,10,0.013136747267714551
2023-06-22,15Y,15,0.013909171734014958
2023-06-22,20Y,20,0.01460291032092396
2023-06-22,25Y,25,0.012260289111489346
2023-06-22,30Y,30,0.010770564087777657
2023-06-23,1Y,1,0.0006100480670502093
2023-06-23,2Y,2,0.002181058281960104
2023-06-23,3Y,3,0.003273540130577583
2023-06-23,4Y,4,0.0042444080200015645
2023-06-23,5Y,5,0.005016083915249672
2023-06-23,7Y,7,0.010069963559390022
2023-06-23,10Y,10,0.011552229220239985
2023-06-23,15Y,15,0.013930472662504544
2023-06-23,20Y,20,0.014636262960489537
2023-06-23,25Y,25,0.012368783246990221
2023-06-23,30Y,30,0.011584097012088278
2023-06-25,1Y,1,0.00045003235765069596
2023-06-25,2Y,2,0.0021862541331748625
2023-06-25,3Y,3,0.003433875042349069
2023-06-25,4Y,4,0.004244637493460132
2023-06-25,5Y,5,0.004230085887943585
2023-06-25,7Y,7,0.008511266575623472
2023-06-25,10Y,10,0.010888734805938965
2023-06-25,15Y,15,0.013879679538933282
2023-06-25,20Y,20,0.015155755941464672
2023-06-25,25Y,25,0.011421425274984524
2023-06-25,30Y,30,0.007428972089660158
2023-06-26,1Y,1,0.0007600694044877852
2023-06-26,2Y,2,0.002095778817755679
2023-06-26,3Y,3,0.002942861698329802
2023-06-26,4Y,4,0.0033298506964164138
2023-06-26,5Y,5,0.005562809118380861
2023-06-26,7Y,7,0.008946075267444694
2023-06-26,10Y,10,0.011280196444920315
2023-06-26,15Y,15,0.014563910699957706
2023-06-26,20Y,20,0.013479249070848555
2023-06-26,25Y,25,0.012126086956858718
2023-06-26,30Y,30,0.011968641160049198
2023-06-27,1Y,1,0.0008400152686621223
2023-06-27,2Y,2,0.002135737534634066
2023-06-27,3Y,3,0.0031431048485408442
2023-06-27,4Y,4,0.00429418103783134
2023-06-27,5Y,5,0.004944991689933407
2023-06-27,7Y,7,0.008838491430813389
2023-06-27,10Y,10,0.011675821312437376
2023-06-27,15Y,15,0.013655672751480302
2023-06-27,20Y,20,0.014716944244239527
2023-06-27,25Y,25,0.012685228237666324
2023-06-27,30Y,30,0.01157007047243096
2023-06-28,1Y,1,0.0007600480196860866
2023-06-28,2Y,2,0.0020507289512786573
2023-06-28,3Y,3,0.0029628717661338505
2023-06-28,4Y,4,0.004762360916248126
2023-06-28,5Y,5,0.0065080889654818095
2023-06-28,7Y,7,0.00934084561471767
2023-06-28,10Y,10,0.013189059425302716
2023-06-28,15Y,15,0.014463703731582856
2023-06-28,20Y,20,0.014206159755513191
2023-06-28,25Y,25,0.011925553729952226
2023-06-28,30Y,30,0.010606296869862742
2023-06-29,1Y,1,0.000790048930174933
2023-06-29,2Y,2,0.002090740357273285
2023-06-29,3Y,3,0.0035747164798782534
2023-06-29,4Y,4,0.004816290005519575
2023-06-29,5Y,5,0.006075622427582931
2023-06-29,7Y,7,0.009431780166935811
2023-06-29,10Y,10,0.011741749967335003
2023-06-29,15Y,15,0.014466133099834428
2023-06-29,20Y,20,0.01436476873054273
2023-06-29,25Y,25,0.012542043293423892
2023-06-29,30Y,30,0.011665522676001327
2023-06-30,1Y,1,0.0010200013459079472
2023-06-30,2Y,2,0.002420855804089242
2023-06-30,3Y,3,0.0034234882254446032
2023-06-30,4Y,4,0.004489589974993044
2023-06-30,5Y,5,0.006145027728006423
2023-06-30,7Y,7,0.009481664362101912
2023-06-30,10Y,10,0.011830630239719055
2023-06-30,15Y,15,0.014609413505692876
2023-06-30,20Y,20,0.014419162787408079
2023-06-30,25Y,25,0.01263561181283086
2023-06-30,30Y,30,0.011816148927078107
2023-07-01,1Y,1,0.000860048971612144
2023-07-01,2Y,2,0.0022258164177737677
2023-07-01,3Y,3,0.0031230774900816226
2023-07-01,4Y,4,0.0042640951265230966
2023-07-01,5Y,5,0.005974117279367296
2023-07-01,7Y,7,0.009281053084483909
2023-07-01,10Y,10,0.011912455789839576
2023-07-01,15Y,15,0.014633814803478126
2023-07-01,20Y,20,0.01450416715755527
2023-07-01,25Y,25,0.01257257982433247
2023-07-01,30Y,30,0.011716967004216485
2023-07-02,1Y,1,0.0008500425548848546
2023-07-02,2Y,2,0.0021857810944198295
2023-07-02,3Y,3,0.003093020792500863
2023-07-02,4Y,4,0.004218879152965921
2023-07-02,5Y,5,0.005893470992131583
2023-07-02,7Y,7,0.009228016566246076
2023-07-02,10Y,10,0.011871339342375473
2023-07-02,15Y,15,0.014573573358800839
2023-07-02,20Y,20,0.014463059224341145
2023-07-02,25Y,25,0.012533262794795788
2023-07-02,30Y,30,0.0117360047535361
2023-07-03,1Y,1,0.0010000000664454384
2023-07-03,2Y,2,0.0023758258210925627
2023-07-03,3Y,3,0.003383426808858253
2023-07-03,4Y,4,0.0038310766936053204
2023-07-03,5Y,5,0.0062075963422418765
2023-07-03,7Y,7,0.009532417601506997
2023-07-03,10Y,10,0.010188760619270707
2023-07-03,15Y,15,0.01509380245272011
2023-07-03,20Y,20,0.014390248394985988
2023-07-03,25Y,25,0.01264241716211031
2023-07-03,30Y,30,0.011787692467891164
2023-07-04,1Y,1,0.0009400082826352214
2023-07-04,2Y,2,0.0023058174273672323
2023-07-04,3Y,3,0.0033233713740626015
2023-07-04,4Y,4,0.004374216327041856
2023-07-04,5Y,5,0.0059940129321914915
2023-07-04,7Y,7,0.009308806810417647
2023-07-04,10Y,10,0.01174251661798658
2023-07-04,15Y,15,0.01464839062589912
2023-07-04,20Y,20,0.014437446341669992
2023-07-04,25Y,25,0.012679266153114602
2023-07-04,30Y,30,0.011906624008650868
2023-07-05,1Y,1,0.0007300470344593686
2023-07-05,2Y,2,0.0020107173673808722
2023-07-05,3Y,3,0.0028726751200062986
2023-07-05,4Y,4,0.003927838146114325
2023-07-05,5Y,5,0.005571227612060182
2023-07-05,7Y,7,0.008804836208701794
2023-07-05,10Y,10,0.011604653291933826
2023-07-05,15Y,15,0.014356213660523786
2023-07-05,20Y,20,0.014268203773296292
2023-07-05,25Y,25,0.01229855326448499
2023-07-05,30Y,30,0.011503248955225087
2023-07-06,1Y,1,0.0011200715242903293
2023-07-06,2Y,2,0.002270540192423708
2023-07-06,3Y,3,0.00360475121574743
2023-07-06,4Y,4,0.005031658297236433
2023-07-06,5Y,5,0.006105007670036027
2023-07-06,7Y,7,0.00948957976784551
2023-07-06,10Y,10,0.011989037267508613
2023-07-06,15Y,15,0.014670569241595736
2023-07-06,20Y,20,0.014410031514916693
2023-07-06,25Y,25,0.012466192311529335
2023-07-06,30Y,30,0.011575074119767069
2023-07-07,1Y,1,0.0012099895264672837
2023-07-07,2Y,2,0.002866197581037959
2023-07-07,3Y,3,0.003994617559646065
2023-07-07,4Y,4,0.005036711653579482
2023-07-07,5Y,5,0.006648562414687807
2023-07-07,7Y,7,0.009977489275842908
2023-07-07,10Y,10,0.012614813888109245
2023-07-07,15Y,15,0.015213536439646742
2023-07-07,20Y,20,0.014881721122564879
2023-07-07,25Y,25,0.01287964298477539
2023-07-07,30Y,30,0.012028825844575519
2023-07-08,1Y,1,0.0012099895264672837
2023-07-08,2Y,2,0.002866197581037959
2023-07-08,3Y,3,0.003994617559646065
2023-07-08,4Y,4,0.005036711653579482
2023-07-08,5Y,5,0.006648562414687807
2023-07-08,7Y,7,0.009977489275842908
2023-07-08,10Y,10,0.012614813888109245
2023-07-08,15Y,15,0.015213536439646742
2023-07-08,20Y,20,0.014881721122564879
2023-07-08,25Y,25,0.01287964298477539
2023-07-08,30Y,30,0.012028825844575519
2023-07-09,1Y,1,0.0010600537628734207
2023-07-09,2Y,2,0.002736231887503494
2023-07-09,3Y,3,0.0038044278158887706
2023-07-09,4Y,4,0.004951911937039899
2023-07-09,5Y,5,0.005871177634723919
2023-07-09,7Y,7,0.009779317997577705
2023-07-09,10Y,10,0.012212183699940964
2023-07-09,15Y,15,0.015072823818798636
2023-07-09,20Y,20,0.015613070766058742
2023-07-09,25Y,25,0.01234773920120066
2023-07-09,30Y,30,0.00930183691824462
2023-07-10,1Y,1,0.0012599812261215831
2023-07-10,2Y,2,0.002956254437646447
2023-07-10,3Y,3,0.004265446942246566
2023-07-10,4Y,4,0.004804457638414119
2023-07-10,5Y,5,0.007206282800268588
2023-07-10,7Y,7,0.01072483361324451
2023-07-10,10Y,10,0.012652138225228583
2023-07-10,15Y,15,0.01633621344823804
2023-07-10,20Y,20,0.015133765222989233
2023-07-10,25Y,25,0.013082896454356965
2023-07-10,30Y,30,0.012037251132592875
2023-07-11,1Y,1,0.0011700088846206694
2023-07-11,2Y,2,0.002896308515269213
2023-07-11,3Y,3,0.00415521855151625
2023-07-11,4Y,4,0.005489617298847618
2023-07-11,5Y,5,0.007284832615583312
2023-07-11,7Y,7,0.010743995609051458
2023-07-11,10Y,10,0.013192052226008041
2023-07-11,15Y,15,0.01558878941790666
2023-07-11,20Y,20,0.015117790748375461
2023-07-11,25Y,25,0.013100952123667485
2023-07-11,30Y,30,0.012128750071429972
2023-07-12,1Y,1,0.0009700710203949258
2023-07-12,2Y,2,0.00272134314877482
2023-07-12,3Y,3,0.004035356491508469
2023-07-12,4Y,4,0.005490303034054095
2023-07-12,5Y,5,0.008034910196239971
2023-07-12,7Y,7,0.010474522308024835
2023-07-12,10Y,10,0.013650517416615632
2023-07-12,15Y,15,0.01573534961909463
2023-07-12,20Y,20,0.01558723390927803
2023-07-12,25Y,25,0.01339449078639441
2023-07-12,30Y,30,0.012452690899131712
2023-07-13,1Y,1,0.000870012009648417
2023-07-13,2Y,2,0.002846717061210692
2023-07-13,3Y,3,0.003914272039534314
2023-07-13,4Y,4,0.005758538199463764
2023-07-13,5Y,5,0.00825450533946984
2023-07-13,7Y,7,0.009807851321478267
2023-07-13,10Y,10,0.013503979008535977
2023-07-13,15Y,15,0.01548710189903331
2023-07-13,20Y,20,0.016200076028936215
2023-07-13,25Y,25,0.012730919757898154
2023-07-13,30Y,30,0.01101716940160482
2023-07-14,1Y,1,0.0011100285452548507
2023-07-14,2Y,2,0.0029464861454287306
2023-07-14,3Y,3,0.004516613783559757
2023-07-14,4Y,4,0.006027981536584966
2023-07-14,5Y,5,0.007922085794064983
2023-07-14,7Y,7,0.01153259729098398
2023-07-14,10Y,10,0.013668859761165941
2023-07-14,15Y,15,0.016186388428612482
2023-07-14,20Y,20,0.015769705819564838
2023-07-14,25Y,25,0.013796989331583909
2023-07-14,30Y,30,0.012877071813036012
2023-07-16,1Y,1,0.0011100285452548507
2023-07-16,2Y,2,0.0029464861454287306
2023-07-16,3Y,3,0.004516613783559757
2023-07-16,4Y,4,0.006027981536584966
2023-07-16,5Y,5,0.007922085794064983
2023-07-16,7Y,7,0.01153259729098398
2023-07-16,10Y,10,0.013668859761165941
2023-07-16,15Y,15,0.016186388428612482
2023-07-16,20Y,20,0.015769705819564838
2023-07-16,25Y,25,0.013796989331583909
2023-07-16,30Y,30,0.012877071813036012
2023-07-17,1Y,1,0.0011100285452548507
2023-07-17,2Y,2,0.0029464861454287306
2023-07-17,3Y,3,0.004516613783559757
2023-07-17,4Y,4,0.005574563133671544
2023-07-17,5Y,5,0.007346490311015579
2023-07-17,7Y,7,0.011349966309965986
2023-07-17,10Y,10,0.01341966565877177
2023-07-17,15Y,15,0.01651711799282481
2023-07-17,20Y,20,0.015694529264567485
2023-07-17,25Y,25,0.013797419082344428
2023-07-17,30Y,30,0.012876924644535404
2023-07-18,1Y,1,0.0010100512191696157
2023-07-18,2Y,2,0.0027413164894234403
2023-07-18,3Y,3,0.004356477819008714
2023-07-18,4Y,4,0.005882211975165291
2023-07-18,5Y,5,0.007670030624142521
2023-07-18,7Y,7,0.011236905770758705
2023-07-18,10Y,10,0.013610323683063436
2023-07-18,15Y,15,0.01638355356490091
2023-07-18,20Y,20,0.016038699435381706
2023-07-18,25Y,25,0.014152806451405101
2023-07-18,30Y,30,0.013268549224560635
2023-07-19,1Y,1,0.0008900718309850957
2023-07-19,2Y,2,0.0025612203389412174
2023-07-19,3Y,3,0.0038349208941742888
2023-07-19,4Y,4,0.006075169300787333
2023-07-19,5Y,5,0.008164374720149841
2023-07-19,7Y,7,0.00952875885411962
2023-07-19,10Y,10,0.014112935171357595
2023-07-19,15Y,15,0.015399572975231528
2023-07-19,20Y,20,0.017020085118098556
2023-07-19,25Y,25,0.014107506228063567
2023-07-19,30Y,30,0.01319413450256498
2023-07-20,1Y,1,0.0008900134007347335
2023-07-20,2Y,2,0.0024560830130553953
2023-07-20,3Y,3,0.004497360603117207
2023-07-20,4Y,4,0.005267388905271018
2023-07-20,5Y,5,0.007562448381213424
2023-07-20,7Y,7,0.0111331712052168
2023-07-20,10Y,10,0.013494755930415357
2023-07-20,15Y,15,0.016340118444334036
2023-07-20,20Y,20,0.016077079264809276
2023-07-20,25Y,25,0.014091283111699944
2023-07-20,30Y,30,0.013147419449869946
2023-07-21,1Y,1,0.0009700315964140062
2023-07-21,2Y,2,0.0025661204670242308
2023-07-21,3Y,3,0.003714296096870499
2023-07-21,4Y,4,0.0049773472471125145
2023-07-21,5Y,5,0.006629114668142879
2023-07-21,7Y,7,0.009766974002454645
2023-07-21,10Y,10,0.012508732135111302
2023-07-21,15Y,15,0.015507565726063668
2023-07-21,20Y,20,0.01515866143313444
2023-07-21,25Y,25,0.013144957773140207
2023-07-21,30Y,30,0.012304404796146584
2023-07-23,1Y,1,0.0008400677896837391
2023-07-23,2Y,2,0.0023710241750460755
2023-07-23,3Y,3,0.003443909370772824
2023-07-23,4Y,4,0.0047113270560029535
2023-07-23,5Y,5,0.006458339481938532
2023-07-23,7Y,7,0.009709297663234093
2023-07-23,10Y,10,0.012580517809927992
2023-07-23,15Y,15,0.01538892103969271
2023-07-23,20Y,20,0.015141582191586293
2023-07-23,25Y,25,0.01311823141695824
2023-07-23,30Y,30,0.012254940376558231
2023-07-24,1Y,1,0.0009600906977693007
2023-07-24,2Y,2,0.002681294742428373
2023-07-24,3Y,3,0.003784629796707132
2023-07-24,4Y,4,0.005113252492239144
2023-07-24,5Y,5,0.005901476753419028
2023-07-24,7Y,7,0.011044923930519906
2023-07-24,10Y,10,0.012563384822507118
2023-07-24,15Y,15,0.01611668020383193
2023-07-24,20Y,20,0.015079579412693457
2023-07-24,25Y,25,0.013281125383480998
2023-07-24,30Y,30,0.01241619009103504
2023-07-25,1Y,1,0.000760021885124155
2023-07-25,2Y,2,0.0022209387281124718
2023-07-25,3Y,3,0.004025901323850057
2023-07-25,4Y,4,0.004860967365962974
2023-07-25,5Y,5,0.00613661733578854
2023-07-25,7Y,7,0.009957422073245637
2023-07-25,10Y,10,0.01268583321780227
2023-07-25,15Y,15,0.01597001413892625
2023-07-25,20Y,20,0.015374995779000401
2023-07-25,25Y,25,0.01353861962515723
2023-07-25,30Y,30,0.01158552953351547
2023-07-26,1Y,1,0.0007800770859757159
2023-07-26,2Y,2,0.0023911266814215524
2023-07-26,3Y,3,0.00350411561772018
2023-07-26,4Y,4,0.004751676069572297
2023-07-26,5Y,5,0.006488739278585278
2023-07-26,7Y,7,0.009781022568767573
2023-07-26,10Y,10,0.012583876490308817
2023-07-26,15Y,15,0.015339099567615755
2023-07-26,20Y,20,0.015266916856989514
2023-07-26,25Y,25,0.014069135748716006
2023-07-26,30Y,30,0.013928331108003678
2023-07-27,1Y,1,0.000990058249456889
2023-07-27,2Y,2,0.002636188307002191
2023-07-27,3Y,3,0.003794588092158962
2023-07-27,4Y,4,0.005097964955847514
2023-07-27,5Y,5,0.006800837581769953
2023-07-27,7Y,7,0.010099842063735131
2023-07-27,10Y,10,0.012607738402118741
2023-07-27,15Y,15,0.015458150136463539
2023-07-27,20Y,20,0.015231554592439939
2023-07-27,25Y,25,0.013377157079018445
2023-07-27,30Y,30,0.012537933225940812
2023-07-28,1Y,1,0.001160047973432062
2023-07-28,2Y,2,0.0030565815099741767
2023-07-28,3Y,3,0.004626966523826078
2023-07-28,4Y,4,0.0062645485427978865
2023-07-28,5Y,5,0.008184734597531107
2023-07-28,7Y,7,0.011872338150190963
2023-07-28,10Y,10,0.014147226914722685
2023-07-28,15Y,15,0.016840966495184847
2023-07-28,20Y,20,0.016417765064177813
2023-07-28,25Y,25,0.014208087968646317
2023-07-28,30Y,30,0.013220676883573314
2023-07-29,1Y,1,0.001160047973432062
2023-07-29,2Y,2,0.0030565815099741767
2023-07-29,3Y,3,0.004626966523826078
2023-07-29,4Y,4,0.0062645485427978865
2023-07-29,5Y,5,0.008184734597531107
2023-07-29,7Y,7,0.011872338150190963
2023-07-29,10Y,10,0.014147226914722685
2023-07-29,15Y,15,0.016840966495184847
2023-07-29,20Y,20,0.016417765064177813
2023-07-29,25Y,25,0.014208087968646317
2023-07-29,30Y,30,0.013220676883573314
2023-07-30,1Y,1,0.001060093533792594
2023-07-30,2Y,2,0.0029766073872990128
2023-07-30,3Y,3,0.004426509686290101
2023-07-30,4Y,4,0.006053639621752131
2023-07-30,5Y,5,0.008124693812181111
2023-07-30,7Y,7,0.011803742946964143
2023-07-30,10Y,10,0.014219722177384049
2023-07-30,15Y,15,0.01620393587827865
2023-07-30,20Y,20,0.016301096179936567
2023-07-30,25Y,25,0.01483556609990306
2023-07-30,30Y,30,0.013222145453092015
2023-07-31,1Y,1,0.0011600189607819968
2023-07-31,2Y,2,0.0030315444408092022
2023-07-31,3Y,3,0.004606780915992112
2023-07-31,4Y,4,0.006249475307283675
2023-07-31,5Y,5,0.008296040590129863
2023-07-31,7Y,7,0.011907366297687563
2023-07-31,10Y,10,0.014652310716985244
2023-07-31,15Y,15,0.01758893075896233
2023-07-31,20Y,20,0.017275967943657378
2023-07-31,25Y,25,0.01492456936510466
2023-07-31,30Y,30,0.014059738760911511
2023-08-01,1Y,1,0.0012100992347486809
2023-08-01,2Y,2,0.0036275577572291895
2023-08-01,3Y,3,0.005298926081673922
2023-08-01,4Y,4,0.0067577993149753775
2023-08-01,5Y,5,0.008699864142738458
2023-08-01,7Y,7,0.012249289098252838
2023-08-01,10Y,10,0.015073892044495149
2023-08-01,15Y,15,0.018423568136744603
2023-08-01,20Y,20,0.01814500615727141
2023-08-01,25Y,25,0.0157540134455951
2023-08-01,30Y,30,0.014725809547330094
2023-08-02,1Y,1,0.0013799898204023115
2023-08-02,2Y,2,0.0033316693310629646
2023-08-02,3Y,3,0.004867216607729647
2023-08-02,4Y,4,0.007651051610499216
2023-08-02,5Y,5,0.009872463196970455
2023-08-02,7Y,7,0.010402259709460904
2023-08-02,10Y,10,0.016118616865430303
2023-08-02,15Y,15,0.017618038291659123
2023-08-02,20Y,20,0.019691782896156834
2023-08-02,25Y,25,0.01595750426002516
2023-08-02,30Y,30,0.014903518198618324
2023-08-03,1Y,1,0.0018300896755064323
2023-08-03,2Y,2,0.003826654163487619
2023-08-03,3Y,3,0.005720919898297936
2023-08-03,4Y,4,0.006813983861971913
2023-08-03,5Y,5,0.008071618443254838
2023-08-03,7Y,7,0.012195739382129462
2023-08-03,10Y,10,0.015271510525811938
2023-08-03,15Y,15,0.0192392160658035
2023-08-03,20Y,20,0.018503767752225647
2023-08-03,25Y,25,0.01583061825646683
2023-08-03,30Y,30,0.012846628321552667
2023-08-04,1Y,1,0.0016899781285101732
2023-08-04,2Y,2,0.0039822926744760186
2023-08-04,3Y,3,0.005619273701284068
2023-08-04,4Y,4,0.007153762902101794
2023-08-04,5Y,5,0.00907227049455917
2023-08-04,7Y,7,0.012583746384997874
2023-08-04,10Y,10,0.015432338511106616
2023-08-04,15Y,15,0.019155489214691467
2023-08-04,20Y,20,0.018765148654542173
2023-08-04,25Y,25,0.016370082390108197
2023-08-04,30Y,30,0.01529864052864005
2023-08-06,1Y,1,0.0015100814348012572
2023-08-06,2Y,2,0.0036720399045769296
2023-08-06,3Y,3,0.005077820430220749
2023-08-06,4Y,4,0.006585588883349945
2023-08-06,5Y,5,0.008496610539255375
2023-08-06,7Y,7,0.012063668585102359
2023-08-06,10Y,10,0.015069490623439794
2023-08-06,15Y,15,0.01880240284308707
2023-08-06,20Y,20,0.018483100021030787
2023-08-06,25Y,25,0.016061228980466434
2023-08-06,30Y,30,0.015090638513680955
2023-08-07,1Y,1,0.001390081882394445
2023-08-07,2Y,2,0.0035720888750053847
2023-08-07,3Y,3,0.00511821184510179
2023-08-07,4Y,4,0.007514386656366681
2023-08-07,5Y,5,0.008604977363032194
2023-08-07,7Y,7,0.013624740633344606
2023-08-07,10Y,10,0.016019649290301412
2023-08-07,15Y,15,0.017975634278993877
2023-08-07,20Y,20,0.01979627502507122
2023-08-07,25Y,25,0.01723589229299341
2023-08-07,30Y,30,0.01553954871571931
2023-08-08,1Y,1,0.0013400831135878398
2023-08-08,2Y,2,0.003552149472132444
2023-08-08,3Y,3,0.005108193862989828
2023-08-08,4Y,4,0.006611285139496127
2023-08-08,5Y,5,0.008487079704077673
2023-08-08,7Y,7,0.011881690127394337
2023-08-08,10Y,10,0.014828700029252191
2023-08-08,15Y,15,0.018110108025999175
2023-08-08,20Y,20,0.017871485652754277
2023-08-08,25Y,25,0.015607345473695855
2023-08-08,30Y,30,0.014596026741699195
2023-08-09,1Y,1,0.0014201307265614513
2023-08-09,2Y,2,0.003757394783094766
2023-08-09,3Y,3,0.005369196682099033
2023-08-09,4Y,4,0.0068979949793089735
2023-08-09,5Y,5,0.00859776298328135
2023-08-09,7Y,7,0.012063093892169051
2023-08-09,10Y,10,0.014670690011733885
2023-08-09,15Y,15,0.01768806265869579
2023-08-09,20Y,20,0.017533268132742
2023-08-09,25Y,25,0.015612395553836207
2023-08-09,30Y,30,0.014608423028304618
2023-08-10,1Y,1,0.0015301370631335062
2023-08-10,2Y,2,0.0038924428989384236
2023-08-10,3Y,3,0.005459354753105611
2023-08-10,4Y,4,0.007074052568585032
2023-08-10,5Y,5,0.008880759631652173
2023-08-10,7Y,7,0.012234116577223397
2023-08-10,10Y,10,0.014954692558793399
2023-08-10,15Y,15,0.018119732583901007
2023-08-10,20Y,20,0.017916838011117833
2023-08-10,25Y,25,0.01596399060232369
2023-08-10,30Y,30,0.014967682007090699
2023-08-11,1Y,1,0.001170078385620316
2023-08-11,2Y,2,0.003893231901883309
2023-08-11,3Y,3,0.005820676664107059
2023-08-11,4Y,4,0.007074878538552832
2023-08-11,5Y,5,0.006935180430191945
2023-08-11,7Y,7,0.011419399203248005
2023-08-11,10Y,10,0.014201765453825253
2023-08-11,15Y,15,0.01754372472464624
2023-08-11,20Y,20,0.019215970481384008
2023-08-11,25Y,25,0.014895832278739779
2023-08-11,30Y,30,0.009839508251358287
2023-08-13,1Y,1,0.0012600600099420035
2023-08-13,2Y,2,0.0036274669599202915
2023-08-13,3Y,3,0.005369068927646032
2023-08-13,4Y,4,0.006822942326901938
2023-08-13,5Y,5,0.00812147586537745
2023-08-13,7Y,7,0.011933375253717354
2023-08-13,10Y,10,0.014631628508797255
2023-08-13,15Y,15,0.018031807321812844
2023-08-13,20Y,20,0.018613086224068563
2023-08-13,25Y,25,0.015319324947163242
2023-08-13,30Y,30,0.01232783943693847
2023-08-14,1Y,1,0.0014099966597549453
2023-08-14,2Y,2,0.004043074602996244
2023-08-14,3Y,3,0.0060612397217994505
2023-08-14,4Y,4,0.007466933831430422
2023-08-14,5Y,5,0.00936658403015938
2023-08-14,7Y,7,0.012684475281222289
2023-08-14,10Y,10,0.01539650627792008
2023-08-14,15Y,15,0.018677928257175982
2023-08-14,20Y,20,0.017471389927688277
2023-08-14,25Y,25,0.016421473724408116
2023-08-14,30Y,30,0.017319894905402367
2023-08-15,1Y,1,0.0017101457757322063
2023-08-15,2Y,2,0.003927119607831279
2023-08-15,3Y,3,0.005901775114110212
2023-08-15,4Y,4,0.007843859555073595
2023-08-15,5Y,5,0.008493488377243459
2023-08-15,7Y,7,0.01378846937783508
2023-08-15,10Y,10,0.014753132919432907
2023-08-15,15Y,15,0.019431320105362682
2023-08-15,20Y,20,0.019312846627724846
2023-08-15,25Y,25,0.016533159482869014
2023-08-15,30Y,30,0.015383085085791939
2023-08-16,1Y,1,0.0015101050436377309
2023-08-16,2Y,2,0.0038624261191078824
2023-08-16,3Y,3,0.005439168927943189
2023-08-16,4Y,4,0.006973268174355077
2023-08-16,5Y,5,0.00879982772903385
2023-08-16,7Y,7,0.012205986965367833
2023-08-16,10Y,10,0.01506486279149117
2023-08-16,15Y,15,0.018568805835862012
2023-08-16,20Y,20,0.0184038125405207
2023-08-16,25Y,25,0.01662903427988821
2023-08-16,30Y,30,0.016211650889507156
2023-08-17,1Y,1,0.001610091898350177
2023-08-17,2Y,2,0.004072659774829129
2023-08-17,3Y,3,0.005720002723876181
2023-08-17,4Y,4,0.007259966087273654
2023-08-17,5Y,5,0.010179961139025022
2023-08-17,7Y,7,0.012994742296802468
2023-08-17,10Y,10,0.014902539881327101
2023-08-17,15Y,15,0.02058345097068008
2023-08-17,20Y,20,0.01838378112739543
2023-08-17,25Y,25,0.01817160887072483
2023-08-17,30Y,30,0.018414830929268832
2023-08-18,1Y,1,0.0015601036611685016
2023-08-18,2Y,2,0.004318347717193237
2023-08-18,3Y,3,0.006131514657696598
2023-08-18,4Y,4,0.0074360856034565714
2023-08-18,5Y,5,0.009173278884975303
2023-08-18,7Y,7,0.012602992279815674
2023-08-18,10Y,10,0.015372772838294843
2023-08-18,15Y,15,0.01939136790087735
2023-08-18,20Y,20,0.01916398891358128
2023-08-18,25Y,25,0.016934881771662427
2023-08-18,30Y,30,0.0158762563609528
2023-08-20,1Y,1,0.0015701053111523984
2023-08-20,2Y,2,0.004002594718192725
2023-08-20,3Y,3,0.005559412767391482
2023-08-20,4Y,4,0.0069981117919916255
2023-08-20,5Y,5,0.008860255959348293
2023-08-20,7Y,7,0.012188429346211269
2023-08-20,10Y,10,0.015383058776087304
2023-08-20,15Y,15,0.019197305654639556
2023-08-20,20Y,20,0.01908941044454311
2023-08-20,25Y,25,0.016750238361268932
2023-08-20,30Y,30,0.015777185777519808
2023-08-21,1Y,1,0.0018301354591532739
2023-08-21,2Y,2,0.004453002336821677
2023-08-21,3Y,3,0.006101253926863728
2023-08-21,4Y,4,0.00766216181452583
2023-08-21,5Y,5,0.00841028509747698
2023-08-21,7Y,7,0.014156806484941283
2023-08-21,10Y,10,0.015976289740383176
2023-08-21,15Y,15,0.01995811468493195
2023-08-21,20Y,20,0.019722477936335952
2023-08-21,25Y,25,0.01727730788328298
2023-08-21,30Y,30,0.016220983927479782
2023-08-22,1Y,1,0.0018001298467173327
2023-08-22,2Y,2,0.004423006476274116
2023-08-22,3Y,3,0.006131477768283289
2023-08-22,4Y,4,0.007692452139069274
2023-08-22,5Y,5,0.008471278920900943
2023-08-22,7Y,7,0.014136293020538815
2023-08-22,10Y,10,0.017997599918345045
2023-08-22,15Y,15,0.02007319412231628
2023-08-22,20Y,20,0.019622216203175263
2023-08-22,25Y,25,0.017157707216193224
2023-08-22,30Y,30,0.016049749328518815
2023-08-23,1Y,1,0.001600095326491581
2023-08-23,2Y,2,0.004062660108086361
2023-08-23,3Y,3,0.0057703107665795835
2023-08-23,4Y,4,0.00724970447425011
2023-08-23,5Y,5,0.009042318344447648
2023-08-23,7Y,7,0.012499676581704526
2023-08-23,10Y,10,0.015801720461080557
2023-08-23,15Y,15,0.019733183451159222
2023-08-23,20Y,20,0.019546496012251943
2023-08-23,25Y,25,0.017140082151245954
2023-08-23,30Y,30,0.016136668319926217
2023-08-24,1Y,1,0.0018101430261672623
2023-08-24,2Y,2,0.003891826826281614
2023-08-24,3Y,3,0.00616347317449147
2023-08-24,4Y,4,0.00823606845178556
2023-08-24,5Y,5,0.007823346730671522
2023-08-24,7Y,7,0.01429041477639308
2023-08-24,10Y,10,0.01886457632745739
2023-08-24,15Y,15,0.020180470163872602
2023-08-24,20Y,20,0.01966562469471377
2023-08-24,25Y,25,0.01739034256614183
2023-08-24,30Y,30,0.016295967826307413
2023-08-25,1Y,1,0.001760133548012814
2023-08-25,2Y,2,0.004372986658877064
2023-08-25,3Y,3,0.006111517547776038
2023-08-25,4Y,4,0.007576460943915306
2023-08-25,5Y,5,0.009203058508645934
2023-08-25,7Y,7,0.012846315532344263
2023-08-25,10Y,10,0.015911933874965083
2023-08-25,15Y,15,0.019734855004225775
2023-08-25,20Y,20,0.01949191763176881
2023-08-25,25Y,25,0.017290464305776607
2023-08-25,30Y,30,0.016301311203472703
2023-08-27,1Y,1,0.0015600939047413329
2023-08-27,2Y,2,0.003992596785793163
2023-08-27,3Y,3,0.005690060018377099
2023-08-27,4Y,4,0.00714908606351951
2023-08-27,5Y,5,0.008890567410997002
2023-08-27,7Y,7,0.012444860932419307
2023-08-27,10Y,10,0.015729869488483435
2023-08-27,15Y,15,0.01961369869446771
2023-08-27,20Y,20,0.01936949344204526
2023-08-27,25Y,25,0.017069919828686154
2023-08-27,30Y,30,0.01604475284662237
2023-08-28,1Y,1,0.0015600987829322817
2023-08-28,2Y,2,0.0039825742876905094
2023-08-28,3Y,3,0.00562979801367951
2023-08-28,4Y,4,0.007088707209340097
2023-08-28,5Y,5,0.008890683902604155
2023-08-28,7Y,7,0.012403991386967347
2023-08-28,10Y,10,0.015698721562656982
2023-08-28,15Y,15,0.01954179880850439
2023-08-28,20Y,20,0.01933356897537401
2023-08-28,25Y,25,0.0170284193047503
2023-08-28,30Y,30,0.01600385282276625
2023-08-29,1Y,1,0.0015300940023543002
2023-08-29,2Y,2,0.003937544092905069
2023-08-29,3Y,3,0.005599730355150124
2023-08-29,4Y,4,0.007765469498448577
2023-08-29,5Y,5,0.008857340079662372
2023-08-29,7Y,7,0.01236765177088715
2023-08-29,10Y,10,0.015064607652539523
2023-08-29,15Y,15,0.020080380376575585
2023-08-29,20Y,20,0.019383820465197765
2023-08-29,25Y,25,0.017396129768145877
2023-08-29,30Y,30,0.017470606914259168
2023-08-30,1Y,1,0.0015600939047413329
2023-08-30,2Y,2,0.0039775639943294945
2023-08-30,3Y,3,0.005629788463108798
2023-08-30,4Y,4,0.007088699965748927
2023-08-30,5Y,5,0.008860226259218649
2023-08-30,7Y,7,0.01243486161428516
2023-08-30,10Y,10,0.01580079032367334
2023-08-30,15Y,15,0.019674240216398492
2023-08-30,20Y,20,0.019503412117475888
2023-08-30,25Y,25,0.017175034085326044
2023-08-30,30Y,30,0.01616130069797176
2023-08-31,1Y,1,0.0015400859521375507
2023-08-31,2Y,2,0.004273290362827127
2023-08-31,3Y,3,0.006071208874450755
2023-08-31,4Y,4,0.007390891183646492
2023-08-31,5Y,5,0.009193681599001042
2023-08-31,7Y,7,0.012817372205949046
2023-08-31,10Y,10,0.015869168914129365
2023-08-31,15Y,15,0.019584660681321038
2023-08-31,20Y,20,0.019512037304382106
2023-08-31,25Y,25,0.017313345193576433
2023-08-31,30Y,30,0.016252526610634054
2023-09-01,1Y,1,0.0014900878043718883
2023-09-01,2Y,2,0.004298471227155616
2023-09-01,3Y,3,0.006101269384533313
2023-09-01,4Y,4,0.007300252128056988
2023-09-01,5Y,5,0.0090619915856813
2023-09-01,7Y,7,0.0125604180940905
2023-09-01,10Y,10,0.015663062288105923
2023-09-01,15Y,15,0.01932745212703564
2023-09-01,20Y,20,0.019266189760912038
2023-09-01,25Y,25,0.017100435996687362
2023-09-01,30Y,30,0.016067068226247094
2023-09-03,1Y,1,0.0014200419224785843
2023-09-03,2Y,2,0.00394281007663363
2023-09-03,3Y,3,0.005770244767691852
2023-09-03,4Y,4,0.007088968359618877
2023-09-03,5Y,5,0.008860436031955767
2023-09-03,7Y,7,0.012381732696004202
2023-09-03,10Y,10,0.015699219823381152
2023-09-03,15Y,15,0.01937919629457141
2023-09-03,20Y,20,0.0192827371659127
2023-09-03,25Y,25,0.01704761765279628
2023-09-03,30Y,30,0.01603737266874412
2023-09-04,1Y,1,0.0017399829410783595
2023-09-04,2Y,2,0.004177602378291949
2023-09-04,3Y,3,0.005970618301887335
2023-09-04,4Y,4,0.0074101244466590445
2023-09-04,5Y,5,0.00915263439625005
2023-09-04,7Y,7,0.012754806144331755
2023-09-04,10Y,10,0.015776908435229227
2023-09-04,15Y,15,0.019585378106106704
2023-09-04,20Y,20,0.01939949786710726
2023-09-04,25Y,25,0.01718435666842636
2023-09-04,30Y,30,0.01613557449804113
2023-09-05,1Y,1,0.0017401189618813288
2023-09-05,2Y,2,0.004347978235283771
2023-09-05,3Y,3,0.006071286569703464
2023-09-05,4Y,4,0.007591842153204722
2023-09-05,5Y,5,0.009355229879806604
2023-09-05,7Y,7,0.012959945012017554
2023-09-05,10Y,10,0.016090276918331474
2023-09-05,15Y,15,0.01983798055577039
2023-09-05,20Y,20,0.019628861624622237
2023-09-05,25Y,25,0.01733492124908163
2023-09-05,30Y,30,0.016245515361564933
2023-09-06,1Y,1,0.0015300892180446378
2023-09-06,2Y,2,0.003947566444242703
2023-09-06,3Y,3,0.005619780849214119
2023-09-06,4Y,4,0.0070938790698870996
2023-09-06,5Y,5,0.008900890684558089
2023-09-06,7Y,7,0.01248434304015229
2023-09-06,10Y,10,0.01660789245385226
2023-09-06,15Y,15,0.018956006639586628
2023-09-06,20Y,20,0.020304398472252547
2023-09-06,25Y,25,0.017140737500633673
2023-09-06,30Y,30,0.0160204925251612
2023-09-07,1Y,1,0.001520092433989689
2023-09-07,2Y,2,0.003982664984176993
2023-09-07,3Y,3,0.006273304673755963
2023-09-07,4Y,4,0.007162261950797436
2023-09-07,5Y,5,0.00834474212738369
2023-09-07,7Y,7,0.012515611823559331
2023-09-07,10Y,10,0.016528351287833393
2023-09-07,15Y,15,0.019240517379180984
2023-09-07,20Y,20,0.019757693860168554
2023-09-07,25Y,25,0.017251996041536686
2023-09-07,30Y,30,0.017213180952835878
2023-09-08,1Y,1,0.0017199917336423514
2023-09-08,2Y,2,0.004202706772261458
2023-09-08,3Y,3,0.006030892174217502
2023-09-08,4Y,4,0.0074201704677547475
2023-09-08,5Y,5,0.009203489919954795
2023-09-08,7Y,7,0.012818851840154247
2023-09-08,10Y,10,0.015903833367100717
2023-09-08,15Y,15,0.019846119826475783
2023-09-08,20Y,20,0.019693839565591
2023-09-08,25Y,25,0.017380497322429894
2023-09-08,30Y,30,0.016364759508908464
2023-09-10,1Y,1,0.0017399339812915124
2023-09-10,2Y,2,0.004162576484774249
2023-09-10,3Y,3,0.006091099388579584
2023-09-10,4Y,4,0.007732873171674322
2023-09-10,5Y,5,0.009029503242364664
2023-09-10,7Y,7,0.012954955893154103
2023-09-10,10Y,10,0.016059992022699532
2023-09-10,15Y,15,0.02017312540799005
2023-09-10,20Y,20,0.020770607187316784
2023-09-10,25Y,25,0.017137357579862022
2023-09-10,30Y,30,0.014051782556783955
2023-09-11,1Y,1,0.0020599696621490153
2023-09-11,2Y,2,0.005084026684466772
2023-09-11,3Y,3,0.006873097247452441
2023-09-11,4Y,4,0.0072350734074348435
2023-09-11,5Y,5,0.009740670114882756
2023-09-11,7Y,7,0.013214626093004316
2023-09-11,10Y,10,0.016340144267637264
2023-09-11,15Y,15,0.020415208139967524
2023-09-11,20Y,20,0.020169760360533154
2023-09-11,25Y,25,0.017834734049711226
2023-09-11,30Y,30,0.01679979744533824
2023-09-12,1Y,1,0.002139952471452225
2023-09-12,2Y,2,0.005244241423782509
2023-09-12,3Y,3,0.0070536527326106845
2023-09-12,4Y,4,0.008138537968059353
2023-09-12,5Y,5,0.00980669693553134
2023-09-12,7Y,7,0.013332414881116098
2023-09-12,10Y,10,0.016585557378915733
2023-09-12,15Y,15,0.020478457011684638
2023-09-12,20Y,20,0.020227986519672295
2023-09-12,25Y,25,0.017789557684323352
2023-09-12,30Y,30,0.01666578838429449
2023-09-13,1Y,1,0.002239908289610119
2023-09-13,2Y,2,0.004903024547954179
2023-09-13,3Y,3,0.006511480164168661
2023-09-13,4Y,4,0.007861391426352463
2023-09-13,5Y,5,0.009523669491984351
2023-09-13,7Y,7,0.012894201144650952
2023-09-13,10Y,10,0.016154271685963964
2023-09-13,15Y,15,0.019985243259344584
2023-09-13,20Y,20,0.019727430585119932
2023-09-13,25Y,25,0.017184427327944188
2023-09-13,30Y,30,0.016052511932375123
2023-09-14,1Y,1,0.0022599244434257115
2023-09-14,2Y,2,0.004988184554464806
2023-09-14,3Y,3,0.007296269774430295
2023-09-14,4Y,4,0.008793158825222216
2023-09-14,5Y,5,0.008860720884642953
2023-09-14,7Y,7,0.01300705842860575
2023-09-14,10Y,10,0.016393985486483676
2023-09-14,15Y,15,0.020251763222081862
2023-09-14,20Y,20,0.019993176542324416
2023-09-14,25Y,25,0.01759122067502643
2023-09-14,30Y,30,0.016506542648541223
2023-09-15,1Y,1,0.0024597179263693737
2023-09-15,2Y,2,0.005213194539431624
2023-09-15,3Y,3,0.006992804941063802
2023-09-15,4Y,4,0.00833890980831526
2023-09-15,5Y,5,0.009845374780538287
2023-09-15,7Y,7,0.013226814086919336
2023-09-15,10Y,10,0.016264319327585566
2023-09-15,15Y,15,0.020044939378381716
2023-09-15,20Y,20,0.019744871774924344
2023-09-15,25Y,25,0.017371780861145013
2023-09-15,30Y,30,0.016277329240590666
2023-09-17,1Y,1,0.0024597179263693737
2023-09-17,2Y,2,0.005213194539431624
2023-09-17,3Y,3,0.006992804941063802
2023-09-17,4Y,4,0.00833890980831526
2023-09-17,5Y,5,0.009845374780538287
2023-09-17,7Y,7,0.013226814086919336
2023-09-17,10Y,10,0.016264319327585566
2023-09-17,15Y,15,0.020044939378381716
2023-09-17,20Y,20,0.019744871774924344
2023-09-17,25Y,25,0.017371780861145013
2023-09-17,30Y,30,0.016277329240590666
2023-09-18,1Y,1,0.0021699626798405026
2023-09-18,2Y,2,0.005399599334398377
2023-09-18,3Y,3,0.007284640120855675
2023-09-18,4Y,4,0.007430229570040943
2023-09-18,5Y,5,0.00878346567644304
2023-09-18,7Y,7,0.01431516265683724
2023-09-18,10Y,10,0.017470593046217106
2023-09-18,15Y,15,0.02113664629449006
2023-09-18,20Y,20,0.019490896778820918
2023-09-18,25Y,25,0.017374451575730282
2023-09-18,30Y,30,0.016275418380922658
2023-09-19,1Y,1,0.0024899916810134553
2023-09-19,2Y,2,0.005463768509537062
2023-09-19,3Y,3,0.006359088025389435
2023-09-19,4Y,4,0.007482837487366207
2023-09-19,5Y,5,0.009572407937960662
2023-09-19,7Y,7,0.014586849798915408
2023-09-19,10Y,10,0.016371614749849564
2023-09-19,15Y,15,0.020360733448021872
2023-09-19,20Y,20,0.020002098458539033
2023-09-19,25Y,25,0.017624900914760194
2023-09-19,30Y,30,0.01660073442955008
2023-09-20,1Y,1,0.002189965087505287
2023-09-20,2Y,2,0.005384491546923548
2023-09-20,3Y,3,0.006701054445497424
2023-09-20,4Y,4,0.007675129825525354
2023-09-20,5Y,5,0.00962367403883941
2023-09-20,7Y,7,0.012893986657784622
2023-09-20,10Y,10,0.01768495454510565
2023-09-20,15Y,15,0.02017201349314638
2023-09-20,20Y,20,0.01977378004352924
2023-09-20,25Y,25,0.01748398564937992
2023-09-20,30Y,30,0.016437507909205694
2023-09-21,1Y,1,0.002299943270324651
2023-09-21,2Y,2,0.00520865358519764
2023-09-21,3Y,3,0.007819211814980541
2023-09-21,4Y,4,0.008401743775005865
2023-09-21,5Y,5,0.009055951632519326
2023-09-21,7Y,7,0.014798291149564942
2023-09-21,10Y,10,0.016136116853220556
2023-09-21,15Y,15,0.021169359523909782
2023-09-21,20Y,20,0.01972376868194012
2023-09-21,25Y,25,0.017585278599062292
2023-09-21,30Y,30,0.01651043072697399
2023-09-22,1Y,1,0.0025596825262931577
2023-09-22,2Y,2,0.005398386411844129
2023-09-22,3Y,3,0.007273907673207243
2023-09-22,4Y,4,0.00865600628901419
2023-09-22,5Y,5,0.010128182903466733
2023-09-22,7Y,7,0.013161885914339203
2023-09-22,10Y,10,0.016002665534165683
2023-09-22,15Y,15,0.02011994063699496
2023-09-22,20Y,20,0.01975456206711402
2023-09-22,25Y,25,0.01755821079194922
2023-09-22,30Y,30,0.016551813014304417
2023-09-23,1Y,1,0.0022699681240426306
2023-09-23,2Y,2,0.005138550468423059
2023-09-23,3Y,3,0.006903309389707063
2023-09-23,4Y,4,0.0082947188411682
2023-09-23,5Y,5,0.009765697877912418
2023-09-23,7Y,7,0.012776274743480556
2023-09-23,10Y,10,0.015945780012913267
2023-09-23,15Y,15,0.020004983924823885
2023-09-23,20Y,20,0.019792370678661134
2023-09-23,25Y,25,0.017396017248847415
2023-09-23,30Y,30,0.016327521247863873
2023-09-24,1Y,1,0.0022799622867396793
2023-09-24,2Y,2,0.005148548057688798
2023-09-24,3Y,3,0.00689319358492153
2023-09-24,4Y,4,0.00830484138473363
2023-09-24,5Y,5,0.009216574570643095
2023-09-24,7Y,7,0.012545529630617083
2023-09-24,10Y,10,0.015461833374638967
2023-09-24,15Y,15,0.019809226029952408
2023-09-24,20Y,20,0.020330688351059455
2023-09-24,25Y,25,0.016715283301788654
2023-09-24,30Y,30,0.013533681408454767
2023-09-25,1Y,1,0.002500008856354448
2023-09-25,2Y,2,0.005533935934011636
2023-09-25,3Y,3,0.007335013832404798
2023-09-25,4Y,4,0.008757442612811715
2023-09-25,5Y,5,0.010189714613146297
2023-09-25,7Y,7,0.013306653872532083
2023-09-25,10Y,10,0.016353888132267246
2023-09-25,15Y,15,0.02031142319491213
2023-09-25,20Y,20,0.020058813755985033
2023-09-25,25Y,25,0.017738717332994466
2023-09-25,30Y,30,0.016642570508089448
2023-09-26,1Y,1,0.002199973189537054
2023-09-26,2Y,2,0.005479741872623788
2023-09-26,3Y,3,0.007596517912979512
2023-09-26,4Y,4,0.008818985179426843
2023-09-26,5Y,5,0.009193441510440093
2023-09-26,7Y,7,0.014509667004773685
2023-09-26,10Y,10,0.01835237107843378
2023-09-26,15Y,15,0.020324702934018085
2023-09-26,20Y,20,0.019845566524736645
2023-09-26,25Y,25,0.017527220879446234
2023-09-26,30Y,30,0.01642855612097781
2023-09-27,1Y,1,0.002500008856354448
2023-09-27,2Y,2,0.005518892655882241
2023-09-27,3Y,3,0.0066104339700078845
2023-09-27,4Y,4,0.00895320002256391
2023-09-27,5Y,5,0.011315358481870298
2023-09-27,7Y,7,0.013523835413831769
2023-09-27,10Y,10,0.018644823064223843
2023-09-27,15Y,15,0.020512245922030572
2023-09-27,20Y,20,0.020043795457276234
2023-09-27,25Y,25,0.01770489396654549
2023-09-27,30Y,30,0.016517647837833216
2023-09-28,1Y,1,0.0022699610257522636
2023-09-28,2Y,2,0.005193701904724921
2023-09-28,3Y,3,0.008091338736477903
2023-09-28,4Y,4,0.009974191662098186
2023-09-28,5Y,5,0.009597742089986984
2023-09-28,7Y,7,0.013596616437226202
2023-09-28,10Y,10,0.0185683487774277
2023-09-28,15Y,15,0.02175489862627551
2023-09-28,20Y,20,0.020195638976926986
2023-09-28,25Y,25,0.018172818379856237
2023-09-28,30Y,30,0.01910108114016429
2023-09-29,1Y,1,0.0025397374013514606
2023-09-29,2Y,2,0.005508758998905017
2023-09-29,3Y,3,0.007656257817207926
2023-09-29,4Y,4,0.00931236337308082
2023-09-29,5Y,5,0.01101147407359552
2023-09-29,7Y,7,0.014109473139999312
2023-09-29,10Y,10,0.016852200365594677
2023-09-29,15Y,15,0.0207304496775368
2023-09-29,20Y,20,0.020407935559064918
2023-09-29,25Y,25,0.018018182733401826
2023-09-29,30Y,30,0.01685285844885729
2023-09-30,1Y,1,0.0025397374013514606
2023-09-30,2Y,2,0.005508758998905017
2023-09-30,3Y,3,0.007656257817207926
2023-09-30,4Y,4,0.00931236337308082
2023-09-30,5Y,5,0.01101147407359552
2023-09-30,7Y,7,0.014109473139999312
2023-09-30,10Y,10,0.016852200365594677
2023-09-30,15Y,15,0.0207304496775368
2023-09-30,20Y,20,0.020407935559064918
2023-09-30,25Y,25,0.018018182733401826
2023-09-30,30Y,30,0.01685285844885729
2023-10-01,1Y,1,0.0022798696080072304
2023-10-01,2Y,2,0.005218752326979251
2023-10-01,3Y,3,0.007355543756721207
2023-10-01,4Y,4,0.009051568543678005
2023-10-01,5Y,5,0.010790228140931307
2023-10-01,7Y,7,0.013833258593350016
2023-10-01,10Y,10,0.01687676673433902
2023-10-01,15Y,15,0.02075445830103629
2023-10-01,20Y,20,0.020517016149462015
2023-10-01,25Y,25,0.01805689495057497
2023-10-01,30Y,30,0.016964885315855292
2023-10-02,1Y,1,0.0025700445311202845
2023-10-02,2Y,2,0.0053080864470020075
2023-10-02,3Y,3,0.007164986919174727
2023-10-02,4Y,4,0.009252820132383648
2023-10-02,5Y,5,0.010992837286392824
2023-10-02,7Y,7,0.016007587062709962
2023-10-02,10Y,10,0.018118467332409963
2023-10-02,15Y,15,0.02089528713749847
2023-10-02,20Y,20,0.021017774383440366
2023-10-02,25Y,25,0.01860535678405823
2023-10-02,30Y,30,0.017520763489369425
2023-10-03,1Y,1,0.002520035740154657
2023-10-03,2Y,2,0.0051879232666453765
2023-10-03,3Y,3,0.007094908970902668
2023-10-03,4Y,4,0.009222757775596242
2023-10-03,5Y,5,0.010962992103906583
2023-10-03,7Y,7,0.015945019269303362
2023-10-03,10Y,10,0.017155327117856795
2023-10-03,15Y,15,0.022473672009607704
2023-10-03,20Y,20,0.02025840036898907
2023-10-03,25Y,25,0.01890844685495681
2023-10-03,30Y,30,0.019471083382077935
2023-10-04,1Y,1,0.0023099805924474454
2023-10-04,2Y,2,0.005429242445243273
2023-10-04,3Y,3,0.00774797081469175
2023-10-04,4Y,4,0.009647331170078217
2023-10-04,5Y,5,0.011429813221601937
2023-10-04,7Y,7,0.014579186854119724
2023-10-04,10Y,10,0.01771595564744998
2023-10-04,15Y,15,0.022035024633131325
2023-10-04,20Y,20,0.021883940656076333
2023-10-04,25Y,25,0.019372461083793743
2023-10-04,30Y,30,0.018317330495225694
2023-10-05,1Y,1,0.0022399713272599517
2023-10-05,2Y,2,0.005805628778806308
2023-10-05,3Y,3,0.008360755112259503
2023-10-05,4Y,4,0.009139773578414627
2023-10-05,5Y,5,0.010789962113083239
2023-10-05,7Y,7,0.014774399186134619
2023-10-05,10Y,10,0.017938959525279595
2023-10-05,15Y,15,0.022309358281929325
2023-10-05,20Y,20,0.02232587353412252
2023-10-05,25Y,25,0.02033045197340174
2023-10-05,30Y,30,0.018904156414734398
2023-10-06,1Y,1,0.0024997118061122637
2023-10-06,2Y,2,0.005463765206713755
2023-10-06,3Y,3,0.007817413436870955
2023-10-06,4Y,4,0.009747163262176024
2023-10-06,5Y,5,0.011652117794029226
2023-10-06,7Y,7,0.015089054607524004
2023-10-06,10Y,10,0.01809490393593966
2023-10-06,15Y,15,0.022585815779083238
2023-10-06,20Y,20,0.022398800078325974
2023-10-06,25Y,25,0.02002748076912384
2023-10-06,30Y,30,0.018932211304218648
2023-10-07,1Y,1,0.0021500073833647065
2023-10-07,2Y,2,0.005133892117201881
2023-10-07,3Y,3,0.007386548502159938
2023-10-07,4Y,4,0.009350543145897153
2023-10-07,5Y,5,0.011258877737559524
2023-10-07,7Y,7,0.014548139191302219
2023-10-07,10Y,10,0.01786859759603277
2023-10-07,15Y,15,0.022497620703978056
2023-10-07,20Y,20,0.02237557987761227
2023-10-07,25Y,25,0.019829064761388168
2023-10-07,30Y,30,0.018796227984401837
2023-10-08,1Y,1,0.0024997118061122637
2023-10-08,2Y,2,0.005463765206713755
2023-10-08,3Y,3,0.007817413436870955
2023-10-08,4Y,4,0.009747163262176024
2023-10-08,5Y,5,0.011652117794029226
2023-10-08,7Y,7,0.015089054607524004
2023-10-08,10Y,10,0.01809490393593966
2023-10-08,15Y,15,0.022585815779083238
2023-10-08,20Y,20,0.022398800078325974
2023-10-08,25Y,25,0.02002748076912384
2023-10-08,30Y,30,0.018932211304218648
2023-10-09,1Y,1,0.0024997118061122637
2023-10-09,2Y,2,0.005463765206713755
2023-10-09,3Y,3,0.007817413436870955
2023-10-09,4Y,4,0.009747163262176024
2023-10-09,5Y,5,0.010459719258512181
2023-10-09,7Y,7,0.016292454143571982
2023-10-09,10Y,10,0.018096775356824364
2023-10-09,15Y,15,0.02215071945871521
2023-10-09,20Y,20,0.022311935914757053
2023-10-09,25Y,25,0.020528552798232562
2023-10-09,30Y,30,0.018945160902753156
2023-10-10,1Y,1,0.0023600318708779434
2023-10-10,2Y,2,0.005429078580594347
2023-10-10,3Y,3,0.007657625726365582
2023-10-10,4Y,4,0.009601752932596809
2023-10-10,5Y,5,0.011409690681713061
2023-10-10,7Y,7,0.014769547402219807
2023-10-10,10Y,10,0.017677122956366847
2023-10-10,15Y,15,0.02241508101436991
2023-10-10,20Y,20,0.022273828428136466
2023-10-10,25Y,25,0.019846580421697194
2023-10-10,30Y,30,0.018728385811218773
2023-10-11,1Y,1,0.0022900494955115265
2023-10-11,2Y,2,0.0052688404199800875
2023-10-11,3Y,3,0.007265553128364797
2023-10-11,4Y,4,0.009102497026470568
2023-10-11,5Y,5,0.010902421846924694
2023-10-11,7Y,7,0.014111934483843794
2023-10-11,10Y,10,0.01703958474396593
2023-10-11,15Y,15,0.02147632772545635
2023-10-11,20Y,20,0.02127944125287082
2023-10-11,25Y,25,0.018996110806683886
2023-10-11,30Y,30,0.017827346421914293
2023-10-12,1Y,1,0.001979991848039965
2023-10-12,2Y,2,0.004748354501202278
2023-10-12,3Y,3,0.007659661959413458
2023-10-12,4Y,4,0.008529749804255339
2023-10-12,5Y,5,0.009454932236094697
2023-10-12,7Y,7,0.01352451275629557
2023-10-12,10Y,10,0.016870716467122078
2023-10-12,15Y,15,0.021837690276084634
2023-10-12,20Y,20,0.020757476854031225
2023-10-12,25Y,25,0.019522041856927817
2023-10-12,30Y,30,0.01783586953207037
2023-10-13,1Y,1,0.0023297138089692373
2023-10-13,2Y,2,0.0050481576612407385
2023-10-13,3Y,3,0.007184469462884835
2023-10-13,4Y,4,0.00893523593656347
2023-10-13,5Y,5,0.010790516709805381
2023-10-13,7Y,7,0.014011469504870724
2023-10-13,10Y,10,0.01699068177044693
2023-10-13,15Y,15,0.021385968215592594
2023-10-13,20Y,20,0.02122631131226975
2023-10-13,25Y,25,0.018929106094528095
2023-10-13,30Y,30,0.01788561846689243
2023-10-14,1Y,1,0.00205997610340735
2023-10-14,2Y,2,0.004848391580858494
2023-10-14,3Y,3,0.006914255021239267
2023-10-14,4Y,4,0.00868964698735248
2023-10-14,5Y,5,0.010518588470977521
2023-10-14,7Y,7,0.013766044694592427
2023-10-14,10Y,10,0.017105677057966538
2023-10-14,15Y,15,0.02145452923980705
2023-10-14,20Y,20,0.021291820107243578
2023-10-14,25Y,25,0.018842539515301092
2023-10-14,30Y,30,0.01784601042933114
2023-10-15,1Y,1,0.0020399865304655596
2023-10-15,2Y,2,0.004828394619808858
2023-10-15,3Y,3,0.006853970019717666
2023-10-15,4Y,4,0.008593895445216406
2023-10-15,5Y,5,0.01038669359537201
2023-10-15,7Y,7,0.013570845841124505
2023-10-15,10Y,10,0.01699109066838716
2023-10-15,15Y,15,0.02131825217215098
2023-10-15,20Y,20,0.021204874133821425
2023-10-15,25Y,25,0.018728572232216842
2023-10-15,30Y,30,0.017733245140805244
2023-10-16,1Y,1,0.002400015929328194
2023-10-16,2Y,2,0.005413910651856795
2023-10-16,3Y,3,0.00737569714519001
2023-10-16,4Y,4,0.009121905156079885
2023-10-16,5Y,5,0.010891363801316492
2023-10-16,7Y,7,0.01252367938405384
2023-10-16,10Y,10,0.017473374804476853
2023-10-16,15Y,15,0.021267973316495943
2023-10-16,20Y,20,0.021535657325434984
2023-10-16,25Y,25,0.019893141436121607
2023-10-16,30Y,30,0.018276743780790475
2023-10-17,1Y,1,0.002600025562007073
2023-10-17,2Y,2,0.005127526406469847
2023-10-17,3Y,3,0.007759919116982176
2023-10-17,4Y,4,0.008935464097663048
2023-10-17,5Y,5,0.009847854048519435
2023-10-17,7Y,7,0.01426632480000542
2023-10-17,10Y,10,0.014909653289606018
2023-10-17,15Y,15,0.023081586943268808
2023-10-17,20Y,20,0.022378709256974563
2023-10-17,25Y,25,0.0213660704462064
2023-10-17,30Y,30,0.01945615656165014
2023-10-18,1Y,1,0.0027399482363484485
2023-10-18,2Y,2,0.005954387387306071
2023-10-18,3Y,3,0.007957669413507363
2023-10-18,4Y,4,0.009761176635734982
2023-10-18,5Y,5,0.011599358174916207
2023-10-18,7Y,7,0.015001394313291297
2023-10-18,10Y,10,0.01807342217249814
2023-10-18,15Y,15,0.0225821039044036
2023-10-18,20Y,20,0.02247638926304319
2023-10-18,25Y,25,0.020107364506939222
2023-10-18,30Y,30,0.019050106277595256
2023-10-19,1Y,1,0.0025698837879675283
2023-10-19,2Y,2,0.005734306621656299
2023-10-19,3Y,3,0.007887620225439632
2023-10-19,4Y,4,0.00970650770082281
2023-10-19,5Y,5,0.011661804802454802
2023-10-19,7Y,7,0.015140055685032603
2023-10-19,10Y,10,0.018680215942468437
2023-10-19,15Y,15,0.022269119982545053
2023-10-19,20Y,20,0.02372958855693986
2023-10-19,25Y,25,0.0210661995347727
2023-10-19,30Y,30,0.019486920447687357
2023-10-20,1Y,1,0.002869448772599308
2023-10-20,2Y,2,0.005918864830237089
2023-10-20,3Y,3,0.008147426888421424
2023-10-20,4Y,4,0.009931649332614862
2023-10-20,5Y,5,0.011882426880692866
2023-10-20,7Y,7,0.015205759368389447
2023-10-20,10Y,10,0.018438735019264584
2023-10-20,15Y,15,0.02323130280118594
2023-10-20,20Y,20,0.023007388020312085
2023-10-20,25Y,25,0.020534073714819925
2023-10-20,30Y,30,0.019443848394099995
2023-10-22,1Y,1,0.0025896189129452104
2023-10-22,2Y,2,0.0055236508261180175
2023-10-22,3Y,3,0.007806848507187951
2023-10-22,4Y,4,0.009701221996776721
2023-10-22,5Y,5,0.011294499375125939
2023-10-22,7Y,7,0.014945762535959
2023-10-22,10Y,10,0.01827388703900093
2023-10-22,15Y,15,0.02338195889511503
2023-10-22,20Y,20,0.023507727439649573
2023-10-22,25Y,25,0.020025009932332
2023-10-22,30Y,30,0.01768980792175545
2023-10-23,1Y,1,0.0029598832234414836
2023-10-23,2Y,2,0.005778103919295343
2023-10-23,3Y,3,0.00826081045228542
2023-10-23,4Y,4,0.009828082893780279
2023-10-23,5Y,5,0.01119400654611107
2023-10-23,7Y,7,0.015471943581607035
2023-10-23,10Y,10,0.017835473870956575
2023-10-23,15Y,15,0.023430302499588482
2023-10-23,20Y,20,0.02369684264791741
2023-10-23,25Y,25,0.02086753913774829
2023-10-23,30Y,30,0.019678961806551078
2023-10-24,1Y,1,0.002509829943962717
2023-10-24,2Y,2,0.006110722232708792
2023-10-24,3Y,3,0.007724553527662855
2023-10-24,4Y,4,0.00904578283181294
2023-10-24,5Y,5,0.011609981984147998
2023-10-24,7Y,7,0.016979717134379922
2023-10-24,10Y,10,0.01816308730360365
2023-10-24,15Y,15,0.024425849590040533
2023-10-24,20Y,20,0.023157366587099656
2023-10-24,25Y,25,0.02131039220331899
2023-10-24,30Y,30,0.01966253338624135
2023-10-25,1Y,1,0.002469895954094899
2023-10-25,2Y,2,0.005584190884200214
2023-10-25,3Y,3,0.007787446955215418
2023-10-25,4Y,4,0.009722478763533837
2023-10-25,5Y,5,0.011744031860298518
2023-10-25,7Y,7,0.015393850959820519
2023-10-25,10Y,10,0.0199440533022816
2023-10-25,15Y,15,0.02218620281674547
2023-10-25,20Y,20,0.02410808803085404
2023-10-25,25Y,25,0.0205371153800194
2023-10-25,30Y,30,0.01935666578398223
2023-10-26,1Y,1,0.0025398882967420434
2023-10-26,2Y,2,0.005724377539881153
2023-10-26,3Y,3,0.007998450437504023
2023-10-26,4Y,4,0.01002526601973594
2023-10-26,5Y,5,0.012068636167947231
2023-10-26,7Y,7,0.0157516945945038
2023-10-26,10Y,10,0.020477158164503823
2023-10-26,15Y,15,0.024097112605277377
2023-10-26,20Y,20,0.022557719845239875
2023-10-26,25Y,25,0.020313611777425085
2023-10-26,30Y,30,0.01916350217103788
2023-10-27,1Y,1,0.0029594019650999812
2023-10-27,2Y,2,0.006058970499936354
2023-10-27,3Y,3,0.008479293129348373
2023-10-27,4Y,4,0.010446479137186309
2023-10-27,5Y,5,0.012461452705095351
2023-10-27,7Y,7,0.016247073167289676
2023-10-27,10Y,10,0.019411169748714034
2023-10-27,15Y,15,0.023246543030095556
2023-10-27,20Y,20,0.02318535043010496
2023-10-27,25Y,25,0.020494683484807735
2023-10-27,30Y,30,0.01921708905663898
2023-10-28,1Y,1,0.0025898618434728768
2023-10-28,2Y,2,0.005749286363934359
2023-10-28,3Y,3,0.007988226096607876
2023-10-28,4Y,4,0.010004760061890591
2023-10-28,5Y,5,0.012150057187541197
2023-10-28,7Y,7,0.015863156118002184
2023-10-28,10Y,10,0.019368854043665812
2023-10-28,15Y,15,0.02325615212889367
2023-10-28,20Y,20,0.023074284814106734
2023-10-28,25Y,25,0.0203263631476494
2023-10-28,30Y,30,0.019112541195978983
2023-10-29,1Y,1,0.0026095947723941077
2023-10-29,2Y,2,0.006170607970535649
2023-10-29,3Y,3,0.008831620037066615
2023-10-29,4Y,4,0.01044784110881173
2023-10-29,5Y,5,0.010717652469515976
2023-10-29,7Y,7,0.015516210203140045
2023-10-29,10Y,10,0.018818210027346106
2023-10-29,15Y,15,0.023066242506282867
2023-10-29,20Y,20,0.024211274823230426
2023-10-29,25Y,25,0.019500436983967043
2023-10-29,30Y,30,0.014924437538085178
2023-10-30,1Y,1,0.0027597873422984575
2023-10-30,2Y,2,0.005949314639091041
2023-10-30,3Y,3,0.008118251959962314
2023-10-30,4Y,4,0.010074389743809663
2023-10-30,5Y,5,0.012209579828272041
2023-10-30,7Y,7,0.01592684656144101
2023-10-30,10Y,10,0.019504832568856496
2023-10-30,15Y,15,0.024846037951800255
2023-10-30,20Y,20,0.02347439859888194
2023-10-30,25Y,25,0.02126428216309193
2023-10-30,30Y,30,0.024061577107237792
2023-10-31,1Y,1,0.0029098123382804153
2023-10-31,2Y,2,0.006886935631841716
2023-10-31,3Y,3,0.009313670731595928
2023-10-31,4Y,4,0.010901239447718756
2023-10-31,5Y,5,0.012917006797134029
2023-10-31,7Y,7,0.01662433841634738
2023-10-31,10Y,10,0.018751308744388143
2023-10-31,15Y,15,0.024762405761237595
2023-10-31,20Y,20,0.02302820420584242
2023-10-31,25Y,25,0.020535930765432697
2023-10-31,30Y,30,0.01926195640606604
2023-11-01,1Y,1,0.0035497253613481486
2023-11-01,2Y,2,0.007265659664471162
2023-11-01,3Y,3,0.009251847704329557
2023-11-01,4Y,4,0.011034081182361606
2023-11-01,5Y,5,0.012933075428324295
2023-11-01,7Y,7,0.016568785574391804
2023-11-01,10Y,10,0.019628297461820675
2023-11-01,15Y,15,0.023681030029983192
2023-11-01,20Y,20,0.0234929039526467
2023-11-01,25Y,25,0.020675600564172822
2023-11-01,30Y,30,0.01937676056481181
2023-11-02,1Y,1,0.0033997473760889263
2023-11-02,2Y,2,0.006910020247947319
2023-11-02,3Y,3,0.008799781478791908
2023-11-02,4Y,4,0.010529670864516047
2023-11-02,5Y,5,0.012385774246741862
2023-11-02,7Y,7,0.01609742938688367
2023-11-02,10Y,10,0.01904012816605276
2023-11-02,15Y,15,0.023081506765681083
2023-11-02,20Y,20,0.022884259896292128
2023-11-02,25Y,25,0.02031795997491178
2023-11-02,30Y,30,0.019120510706145715
2023-11-03,1Y,1,0.0030397052359484953
2023-11-03,2Y,2,0.0063846771040379745
2023-11-03,3Y,3,0.00839848071621346
2023-11-03,4Y,4,0.010153164743193138
2023-11-03,5Y,5,0.01209421430153835
2023-11-03,7Y,7,0.015638273035404875
2023-11-03,10Y,10,0.01906529977495447
2023-11-03,15Y,15,0.023191821692049426
2023-11-03,20Y,20,0.022883218167425404
2023-11-03,25Y,25,0.020058474214174837
2023-11-03,30Y,30,0.018768278958099672
2023-11-04,1Y,1,0.0033991733062407998
2023-11-04,2Y,2,0.006639137028034919
2023-11-04,3Y,3,0.008799031397753438
2023-11-04,4Y,4,0.010529162546965093
2023-11-04,5Y,5,0.012385312523549456
2023-11-04,7Y,7,0.016096978068883706
2023-11-04,10Y,10,0.01903978400202965
2023-11-04,15Y,15,0.02308122292428456
2023-11-04,20Y,20,0.02288407803784595
2023-11-04,25Y,25,0.020317880483593134
2023-11-04,30Y,30,0.019120471704686285
2023-11-05,1Y,1,0.0028594488960115966
2023-11-05,2Y,2,0.005873764118607008
2023-11-05,3Y,3,0.008077091576145857
2023-11-05,4Y,4,0.00982557521036919
2023-11-05,5Y,5,0.011689268547864846
2023-11-05,7Y,7,0.01504674997310218
2023-11-05,10Y,10,0.018543565465427524
2023-11-05,15Y,15,0.022780276182481903
2023-11-05,20Y,20,0.022463247527245017
2023-11-05,25Y,25,0.019658013948687957
2023-11-05,30Y,30,0.01843778140142487
2023-11-06,1Y,1,0.002889773843117197
2023-11-06,2Y,2,0.00612941043193578
2023-11-06,3Y,3,0.008087350380095892
2023-11-06,4Y,4,0.01086506230320309
2023-11-06,5Y,5,0.011611087932339061
2023-11-06,7Y,7,0.016919516593235547
2023-11-06,10Y,10,0.021344414433407337
2023-11-06,15Y,15,0.022736614944888125
2023-11-06,20Y,20,0.022353703720014086
2023-11-06,25Y,25,0.019889963785006334
2023-11-06,30Y,30,0.01872035547949065
2023-11-07,1Y,1,0.0033991839345573482
2023-11-07,2Y,2,0.006629102490412505
2023-11-07,3Y,3,0.008637841301178607
2023-11-07,4Y,4,0.010215758254204794
2023-11-07,5Y,5,0.012029336978030155
2023-11-07,7Y,7,0.015487680708320836
2023-11-07,10Y,10,0.01854349454547028
2023-11-07,15Y,15,0.022440529509127456
2023-11-07,20Y,20,0.022194492561865464
2023-11-07,25Y,25,0.019693515527228117
2023-11-07,30Y,30,0.018605429790374127
2023-11-08,1Y,1,0.003239291017543937
2023-11-08,2Y,2,0.006378918794779483
2023-11-08,3Y,3,0.008356970015950425
2023-11-08,4Y,4,0.009863149334892917
2023-11-08,5Y,5,0.011563382354898523
2023-11-08,7Y,7,0.01487176359267214
2023-11-08,10Y,10,0.017967131376878255
2023-11-08,15Y,15,0.021910939336366224
2023-11-08,20Y,20,0.02170958321994971
2023-11-08,25Y,25,0.019183561264547726
2023-11-08,30Y,30,0.017939164545948242
2023-11-09,1Y,1,0.003209291526686281
2023-11-09,2Y,2,0.0063639891679245
2023-11-09,3Y,3,0.008387216754736923
2023-11-09,4Y,4,0.00995438647015367
2023-11-09,5Y,5,0.011624214252681052
2023-11-09,7Y,7,0.014809243400748028
2023-11-09,10Y,10,0.017703856438306548
2023-11-09,15Y,15,0.02120208995313353
2023-11-09,20Y,20,0.021009513160006463
2023-11-09,25Y,25,0.0186088579672216
2023-11-09,30Y,30,0.0173604217858243
2023-11-10,1Y,1,0.003259321314640498
2023-11-10,2Y,2,0.006499227828152867
2023-11-10,3Y,3,0.008558088072963935
2023-11-10,4Y,4,0.01013583133433885
2023-11-10,5Y,5,0.01185756583204243
2023-11-10,7Y,7,0.015115106200186718
2023-11-10,10Y,10,0.01791089037272284
2023-11-10,15Y,15,0.02164671745861127
2023-11-10,20Y,20,0.02141102297355145
2023-11-10,25Y,25,0.01895404560852839
2023-11-10,30Y,30,0.017861778104218694
2023-11-11,1Y,1,0.003259321314640498
2023-11-11,2Y,2,0.006499227828152867
2023-11-11,3Y,3,0.008558088072963935
2023-11-11,4Y,4,0.01013583133433885
2023-11-11,5Y,5,0.01185756583204243
2023-11-11,7Y,7,0.015115106200186718
2023-11-11,10Y,10,0.01791089037272284
2023-11-11,15Y,15,0.02164671745861127
2023-11-11,20Y,20,0.02141102297355145
2023-11-11,25Y,25,0.01895404560852839
2023-11-11,30Y,30,0.017861778104218694
2023-11-12,1Y,1,0.002909521181009264
2023-11-12,2Y,2,0.0066059674401102355
2023-11-12,3Y,3,0.008910467559010569
2023-11-12,4Y,4,0.010137091042779444
2023-11-12,5Y,5,0.010389975568676307
2023-11-12,7Y,7,0.014574043888560064
2023-11-12,10Y,10,0.017453260473225228
2023-11-12,15Y,15,0.021624696535092646
2023-11-12,20Y,20,0.02219944348352219
2023-11-12,25Y,25,0.018279964845666415
2023-11-12,30Y,30,0.014851475298278427
2023-11-13,1Y,1,0.003379258445732823
2023-11-13,2Y,2,0.006709447988088979
2023-11-13,3Y,3,0.00881911292300965
2023-11-13,4Y,4,0.010498986016783231
2023-11-13,5Y,5,0.012293395623418728
2023-11-13,7Y,7,0.015514834322860233
2023-11-13,10Y,10,0.01853984409927563
2023-11-13,15Y,15,0.022129651100191217
2023-11-13,20Y,20,0.021917590733729942
2023-11-13,25Y,25,0.019566507012408044
2023-11-13,30Y,30,0.018445070488866178
2023-11-14,1Y,1,0.003129401069355851
2023-11-14,2Y,2,0.006299081805736278
2023-11-14,3Y,3,0.008327327795810927
2023-11-14,4Y,4,0.009823387224753788
2023-11-14,5Y,5,0.011431957648647687
2023-11-14,7Y,7,0.014581410311963038
2023-11-14,10Y,10,0.017549947386310896
2023-11-14,15Y,15,0.02130871826548727
2023-11-14,20Y,20,0.02123242968031271
2023-11-14,25Y,25,0.01889074697793311
2023-11-14,30Y,30,0.017668532396255866
2023-11-15,1Y,1,0.0029494390178649325
2023-11-15,2Y,2,0.005913557860103254
2023-11-15,3Y,3,0.00792594127147957
2023-11-15,4Y,4,0.009526971514621308
2023-11-15,5Y,5,0.011139536041729906
2023-11-15,7Y,7,0.014402270225463792
2023-11-15,10Y,10,0.01744458811300025
2023-11-15,15Y,15,0.021077335649046652
2023-11-15,20Y,20,0.021130518486876845
2023-11-15,25Y,25,0.018837246186122376
2023-11-15,30Y,30,0.017619213324453896
2023-11-16,1Y,1,0.0028495292147975434
2023-11-16,2Y,2,0.005843699763805412
2023-11-16,3Y,3,0.007845843713787177
2023-11-16,4Y,4,0.009269703838137543
2023-11-16,5Y,5,0.010835880241506776
2023-11-16,7Y,7,0.01417761040023964
2023-11-16,10Y,10,0.0171606851264498
2023-11-16,15Y,15,0.02110981281149866
2023-11-16,20Y,20,0.02102709523617693
2023-11-16,25Y,25,0.018730356203764988
2023-11-16,30Y,30,0.01763739261070175
2023-11-17,1Y,1,0.0026596036805662505
2023-11-17,2Y,2,0.0054833024277629264
2023-11-17,3Y,3,0.007374076596740187
2023-11-17,4Y,4,0.008822018389792817
2023-11-17,5Y,5,0.01041172478055739
2023-11-17,7Y,7,0.013695770174944704
2023-11-17,10Y,10,0.01676484972341671
2023-11-17,15Y,15,0.020683814085237336
2023-11-17,20Y,20,0.020654138205359496
2023-11-17,25Y,25,0.018449445280414114
2023-11-17,30Y,30,0.017326525847196777
2023-11-18,1Y,1,0.0026596036805662505
2023-11-18,2Y,2,0.0054833024277629264
2023-11-18,3Y,3,0.007374076596740187
2023-11-18,4Y,4,0.008822018389792817
2023-11-18,5Y,5,0.01041172478055739
2023-11-18,7Y,7,0.013695770174944704
2023-11-18,10Y,10,0.01676484972341671
2023-11-18,15Y,15,0.020683814085237336
2023-11-18,20Y,20,0.020654138205359496
2023-11-18,25Y,25,0.018449445280414114
2023-11-18,30Y,30,0.017326525847196777
2023-11-19,1Y,1,0.0023497583829376984
2023-11-19,2Y,2,0.005589628017401308
2023-11-19,3Y,3,0.007685908496963619
2023-11-19,4Y,4,0.008823022961451765
2023-11-19,5Y,5,0.009374668414037689
2023-11-19,7Y,7,0.013296450425309803
2023-11-19,10Y,10,0.016341667858316963
2023-11-19,15Y,15,0.020817635353841443
2023-11-19,20Y,20,0.021186729937081
2023-11-19,25Y,25,0.017917961450406132
2023-11-19,30Y,30,0.01546000607333522
2023-11-20,1Y,1,0.0027295711213554175
2023-11-20,2Y,2,0.005583352915601591
2023-11-20,3Y,3,0.007504533184277792
2023-11-20,4Y,4,0.009003311378060774
2023-11-20,5Y,5,0.010603851850346966
2023-11-20,7Y,7,0.01380795058226866
2023-11-20,10Y,10,0.01676796461605819
2023-11-20,15Y,15,0.020703883521579848
2023-11-20,20Y,20,0.02060777851198766
2023-11-20,25Y,25,0.018498674784795707
2023-11-20,30Y,30,0.01737656657962755
2023-11-21,1Y,1,0.002479656725543929
2023-11-21,2Y,2,0.005173030786495902
2023-11-21,3Y,3,0.007053134269764467
2023-11-21,4Y,4,0.008515390512237233
2023-11-21,5Y,5,0.010098984319990541
2023-11-21,7Y,7,0.013195527404873987
2023-11-21,10Y,10,0.01612119458989107
2023-11-21,15Y,15,0.019848731627191668
2023-11-21,20Y,20,0.01983554571955209
2023-11-21,25Y,25,0.017743149804228336
2023-11-21,30Y,30,0.016728337245691616
2023-11-22,1Y,1,0.002549610419764139
2023-11-22,2Y,2,0.005293136926326666
2023-11-22,3Y,3,0.007324365225670426
2023-11-22,4Y,4,0.008918622718856102
2023-11-22,5Y,5,0.010575234654729997
2023-11-22,7Y,7,0.013853904420655323
2023-11-22,10Y,10,0.01674317343642136
2023-11-22,15Y,15,0.02065615746552656
2023-11-22,20Y,20,0.020667526941004842
2023-11-22,25Y,25,0.018632536887244235
2023-11-22,30Y,30,0.017574244541019635
2023-11-23,1Y,1,0.002549610419764139
2023-11-23,2Y,2,0.005293136926326666
2023-11-23,3Y,3,0.007324365225670426
2023-11-23,4Y,4,0.008918622718856102
2023-11-23,5Y,5,0.010575234654729997
2023-11-23,7Y,7,0.013853904420655323
2023-11-23,10Y,10,0.01674317343642136
2023-11-23,15Y,15,0.02065615746552656
2023-11-23,20Y,20,0.020667526941004842
2023-11-23,25Y,25,0.018632536887244235
2023-11-23,30Y,30,0.017574244541019635
2023-11-24,1Y,1,0.0028494846679989762
2023-11-24,2Y,2,0.005803585201892834
2023-11-24,3Y,3,0.007865991787257515
2023-11-24,4Y,4,0.00951251857263214
2023-11-24,5Y,5,0.011150533459892734
2023-11-24,7Y,7,0.014456102844895999
2023-11-24,10Y,10,0.017244416775324897
2023-11-24,15Y,15,0.02100570723384759
2023-11-24,20Y,20,0.02091970946248149
2023-11-24,25Y,25,0.018840462832367365
2023-11-24,30Y,30,0.01776305019364597
2023-11-26,1Y,1,0.0025094925415918845
2023-11-26,2Y,2,0.0058048041913168836
2023-11-26,3Y,3,0.00820781555538478
2023-11-26,4Y,4,0.009513511778528716
2023-11-26,5Y,5,0.009623706623597801
2023-11-26,7Y,7,0.013874163523505609
2023-11-26,10Y,10,0.016794325672101817
2023-11-26,15Y,15,0.021071459718769628
2023-11-26,20Y,20,0.02174568134529364
2023-11-26,25Y,25,0.018070388002842885
2023-11-26,30Y,30,0.014765916245285416
2023-11-27,1Y,1,0.0027894937193084
2023-11-27,2Y,2,0.005643326738177829
2023-11-27,3Y,3,0.007645053278090674
2023-11-27,4Y,4,0.009326295425904973
2023-11-27,5Y,5,0.011100965898921284
2023-11-27,7Y,7,0.01433221275133352
2023-11-27,10Y,10,0.017212934138170596
2023-11-27,15Y,15,0.02096131132058702
2023-11-27,20Y,20,0.020949316959538097
2023-11-27,25Y,25,0.01880556388073952
2023-11-27,30Y,30,0.017703297251820117
2023-11-28,1Y,1,0.0026795370460577415
2023-11-28,2Y,2,0.0054732146641040015
2023-11-28,3Y,3,0.007534986026869892
2023-11-28,4Y,4,0.009296758413237823
2023-11-28,5Y,5,0.011051125752763251
2023-11-28,7Y,7,0.014302942864404363
2023-11-28,10Y,10,0.01716130541763837
2023-11-28,15Y,15,0.021049902485329456
2023-11-28,20Y,20,0.021081125073591653
2023-11-28,25Y,25,0.01891272732661345
2023-11-28,30Y,30,0.017822064702329388
2023-11-29,1Y,1,0.0022796201437464618
2023-11-29,2Y,2,0.0046823939320976655
2023-11-29,3Y,3,0.006571524152768708
2023-11-29,4Y,4,0.008204130610557529
2023-11-29,5Y,5,0.009908415288189148
2023-11-29,7Y,7,0.013222330679182107
2023-11-29,10Y,10,0.016224069697562248
2023-11-29,15Y,15,0.02007410976898365
2023-11-29,20Y,20,0.020015528284373037
2023-11-29,25Y,25,0.017981379678290117
2023-11-29,30Y,30,0.017125919261947963
2023-11-30,1Y,1,0.002539530955905715
2023-11-30,2Y,2,0.005002413547529323
2023-11-30,3Y,3,0.006872255986395253
2023-11-30,4Y,4,0.008581129309230124
2023-11-30,5Y,5,0.01028173664237857
2023-11-30,7Y,7,0.013496164406157286
2023-11-30,10Y,10,0.016663315721761142
2023-11-30,15Y,15,0.020665780412621532
2023-11-30,20Y,20,0.020648006133255608
2023-11-30,25Y,25,0.018659881080554757
2023-11-30,30Y,30,0.01769000071133715
2023-12-01,1Y,1,0.0025395230166880174
2023-12-01,2Y,2,0.005087632693768539
2023-12-01,3Y,3,0.006972527211835949
2023-12-01,4Y,4,0.008616331080453964
2023-12-01,5Y,5,0.010393200609047895
2023-12-01,7Y,7,0.013741046632731981
2023-12-01,10Y,10,0.016744359007304727
2023-12-01,15Y,15,0.020548193117437108
2023-12-01,20Y,20,0.02051110131136349
2023-12-01,25Y,25,0.018545543214246306
2023-12-01,30Y,30,0.017526525225354517
2023-12-03,1Y,1,0.0020597249384899847
2023-12-03,2Y,2,0.0052244883537144494
2023-12-03,3Y,3,0.007455135353444777
2023-12-03,4Y,4,0.008617827367272974
2023-12-03,5Y,5,0.00807712856418177
2023-12-03,7Y,7,0.012673122836792672
2023-12-03,10Y,10,0.015837961127447803
2023-12-03,15Y,15,0.02020299985594381
2023-12-03,20Y,20,0.021983193251942135
2023-12-03,25Y,25,0.017334441147059333
2023-12-03,30Y,30,0.01202251694371348
2023-12-04,1Y,1,0.00248953237163065
2023-12-04,2Y,2,0.0049424171660140855
2023-12-04,3Y,3,0.0069227254519625215
2023-12-04,4Y,4,0.008692322995480322
2023-12-04,5Y,5,0.01040384482648521
2023-12-04,7Y,7,0.01378483566203284
2023-12-04,10Y,10,0.016763197314721538
2023-12-04,15Y,15,0.020831671226746694
2023-12-04,20Y,20,0.020766978160932776
2023-12-04,25Y,25,0.018689313233268116
2023-12-04,30Y,30,0.017642094521824258
2023-12-05,1Y,1,0.0023296191261659824
2023-12-05,2Y,2,0.004667212719023289
2023-12-05,3Y,3,0.006481118555319342
2023-12-05,4Y,4,0.008143487088249982
2023-12-05,5Y,5,0.009827224159259748
2023-12-05,7Y,7,0.01303750898122899
2023-12-05,10Y,10,0.015939370512806954
2023-12-05,15Y,15,0.020158691859449882
2023-12-05,20Y,20,0.0203551034996038
2023-12-05,25Y,25,0.018294816636917247
2023-12-05,30Y,30,0.017280841794588074
2023-12-06,1Y,1,0.0022396001810997207
2023-12-06,2Y,2,0.004441948490435542
2023-12-06,3Y,3,0.006190014118462179
2023-12-06,4Y,4,0.007826390192255075
2023-12-06,5Y,5,0.009391879691889668
2023-12-06,7Y,7,0.012687504662130686
2023-12-06,10Y,10,0.01569409570569262
2023-12-06,15Y,15,0.01954669073765372
2023-12-06,20Y,20,0.019504636558165932
2023-12-06,25Y,25,0.0174331993622276
2023-12-06,30Y,30,0.016386988906136914
2023-12-07,1Y,1,0.0029593279459054073
2023-12-07,2Y,2,0.005778132939508039
2023-12-07,3Y,3,0.007714639575557524
2023-12-07,4Y,4,0.009274521695796177
2023-12-07,5Y,5,0.01091648880445591
2023-12-07,7Y,7,0.014165069924083895
2023-12-07,10Y,10,0.017055024316109484
2023-12-07,15Y,15,0.020571155877622458
2023-12-07,20Y,20,0.02041254164691112
2023-12-07,25Y,25,0.018189080168224476
2023-12-07,30Y,30,0.016989816914530432
2023-12-08,1Y,1,0.0031591345934642735
2023-12-08,2Y,2,0.006028152967041204
2023-12-08,3Y,3,0.008015349207260056
2023-12-08,4Y,4,0.00965702359528247
2023-12-08,5Y,5,0.011381677747522474
2023-12-08,7Y,7,0.01466822466826945
2023-12-08,10Y,10,0.017756591954096974
2023-12-08,15Y,15,0.02146974449851636
2023-12-08,20Y,20,0.021381624481705386
2023-12-08,25Y,25,0.01906972649059928
2023-12-08,30Y,30,0.017958485506742096
2023-12-10,1Y,1,0.0029093028696232943
2023-12-10,2Y,2,0.006109333604931374
2023-12-10,3Y,3,0.00826694464496808
2023-12-10,4Y,4,0.009657890629692651
2023-12-10,5Y,5,0.01046508675759445
2023-12-10,7Y,7,0.01429729394506805
2023-12-10,10Y,10,0.01742272133547047
2023-12-10,15Y,15,0.021792672820723974
2023-12-10,20Y,20,0.021800529782399932
2023-12-10,25Y,25,0.018495840845057572
2023-12-10,30Y,30,0.016298213320966638
2023-12-11,1Y,1,0.0029393104133040907
2023-12-11,2Y,2,0.005753134388923942
2023-12-11,3Y,3,0.007674365353479243
2023-12-11,4Y,4,0.009290014992631955
2023-12-11,5Y,5,0.010977412086366725
2023-12-11,7Y,7,0.014267992626489208
2023-12-11,10Y,10,0.017374138117215086
2023-12-11,15Y,15,0.021261406966639328
2023-12-11,20Y,20,0.02101033521448589
2023-12-11,25Y,25,0.01866605497068541
2023-12-11,30Y,30,0.01754553086420274
2023-12-12,1Y,1,0.0026593708762619466
2023-12-12,2Y,2,0.005087266950197786
2023-12-12,3Y,3,0.0070526801710409336
2023-12-12,4Y,4,0.00880231790325466
2023-12-12,5Y,5,0.010432683407543431
2023-12-12,7Y,7,0.013648130209756644
2023-12-12,10Y,10,0.016835370117136206
2023-12-12,15Y,15,0.020776128303555588
2023-12-12,20Y,20,0.020594421585483136
2023-12-12,25Y,25,0.0182547194784404
2023-12-12,30Y,30,0.01715327122984034
2023-12-13,1Y,1,0.0026394052951177896
2023-12-13,2Y,2,0.004987075122069527
2023-12-13,3Y,3,0.006791515677332252
2023-12-13,4Y,4,0.008494881540091476
2023-12-13,5Y,5,0.010139055179318643
2023-12-13,7Y,7,0.013154154423551084
2023-12-13,10Y,10,0.016139464861933017
2023-12-13,15Y,15,0.019961528461782767
2023-12-13,20Y,20,0.01976045366352595
2023-12-13,25Y,25,0.017594091180086494
2023-12-13,30Y,30,0.016577057454438226
2023-12-14,1Y,1,0.002559370455726998
2023-12-14,2Y,2,0.004796865070157048
2023-12-14,3Y,3,0.006570628229678289
2023-12-14,4Y,4,0.008157253445528395
2023-12-14,5Y,5,0.009713840979198583
2023-12-14,7Y,7,0.012712008739447379
2023-12-14,10Y,10,0.01564825590260029
2023-12-14,15Y,15,0.019572058424945644
2023-12-14,20Y,20,0.019288168133340017
2023-12-14,25Y,25,0.017078176028021568
2023-12-14,30Y,30,0.01595577276532889
2023-12-15,1Y,1,0.002859171791826702
2023-12-15,2Y,2,0.005221975640626713
2023-12-15,3Y,3,0.0069712819958853214
2023-12-15,4Y,4,0.008457905650410042
2023-12-15,5Y,5,0.010005233099067066
2023-12-15,7Y,7,0.012823706907582211
2023-12-15,10Y,10,0.015730427855542937
2023-12-15,15Y,15,0.019521532237089242
2023-12-15,20Y,20,0.019176255028090772
2023-12-15,25Y,25,0.01694622413765473
2023-12-15,30Y,30,0.01581063414289141
2023-12-17,1Y,1,0.002549379283428856
2023-12-17,2Y,2,0.0053282713915155265
2023-12-17,3Y,3,0.007283019993816397
2023-12-17,4Y,4,0.00845885177801894
2023-12-17,5Y,5,0.008938492130215313
2023-12-17,7Y,7,0.012609010344415233
2023-12-17,10Y,10,0.015522502918147985
2023-12-17,15Y,15,0.0197626333460168
2023-12-17,20Y,20,0.019579175095360658
2023-12-17,25Y,25,0.01646067057621511
2023-12-17,30Y,30,0.014486011241447194
2023-12-18,1Y,1,0.002859180729431005
2023-12-18,2Y,2,0.005106684274796913
2023-12-18,3Y,3,0.006750398217433574
2023-12-18,4Y,4,0.008301896261789603
2023-12-18,5Y,5,0.009833233561355357
2023-12-18,7Y,7,0.01276110906323659
2023-12-18,10Y,10,0.015596439669515152
2023-12-18,15Y,15,0.01948858340810249
2023-12-18,20Y,20,0.0191753712324488
2023-12-18,25Y,25,0.016890209035636337
2023-12-18,30Y,30,0.015730655641415327
2023-12-19,1Y,1,0.00239945320544777
2023-12-19,2Y,2,0.004436504177656591
2023-12-19,3Y,3,0.005988627946387889
2023-12-19,4Y,4,0.007381885589862581
2023-12-19,5Y,5,0.008793668204247566
2023-12-19,7Y,7,0.011692167363695143
2023-12-19,10Y,10,0.01441016069733007
2023-12-19,15Y,15,0.01842403171321642
2023-12-19,20Y,20,0.01817188622191527
2023-12-19,25Y,25,0.01606743857294078
2023-12-19,30Y,30,0.014924724240489618
2023-12-20,1Y,1,0.002259528814867969
2023-12-20,2Y,2,0.004196370594016421
2023-12-20,3Y,3,0.005667784216016172
2023-12-20,4Y,4,0.0070653742825281555
2023-12-20,5Y,5,0.008592687284894117
2023-12-20,7Y,7,0.011448100303184775
2023-12-20,10Y,10,0.014082403614022385
2023-12-20,15Y,15,0.018013819651191542
2023-12-20,20Y,20,0.017972683748556928
2023-12-20,25Y,25,0.015910620730767808
2023-12-20,30Y,30,0.014797258831356465
2023-12-21,1Y,1,0.0025195787456781544
2023-12-21,2Y,2,0.0046566409061649565
2023-12-21,3Y,3,0.0060085792351984545
2023-12-21,4Y,4,0.007396641199450178
2023-12-21,5Y,5,0.008894592932722002
2023-12-21,7Y,7,0.011908594446886779
2023-12-21,10Y,10,0.014287996810241399
2023-12-21,15Y,15,0.018457097819236712
2023-12-21,20Y,20,0.01842009859433334
2023-12-21,25Y,25,0.016261757772305544
2023-12-21,30Y,30,0.015226313343880747
2023-12-22,1Y,1,0.002589570334931157
2023-12-22,2Y,2,0.0048168049093674946
2023-12-22,3Y,3,0.0062192528673622755
2023-12-22,4Y,4,0.007658306755936237
2023-12-22,5Y,5,0.009218041474857979
2023-12-22,7Y,7,0.012263870420006595
2023-12-22,10Y,10,0.014706336359968653
2023-12-22,15Y,15,0.018773613733953285
2023-12-22,20Y,20,0.01877076616551133
2023-12-22,25Y,25,0.016694651347679217
2023-12-22,30Y,30,0.01568075802236876
2023-12-24,1Y,1,0.0025893760498386232
2023-12-24,2Y,2,0.004696539213709657
2023-12-24,3Y,3,0.006219023070943807
2023-12-24,4Y,4,0.007658143091164408
2023-12-24,5Y,5,0.00790875010406887
2023-12-24,7Y,7,0.011833192658032732
2023-12-24,10Y,10,0.01466099100625114
2023-12-24,15Y,15,0.019129291181936174
2023-12-24,20Y,20,0.019138439968648103
2023-12-24,25Y,25,0.01627376880347125
2023-12-24,30Y,30,0.014583594204479244
2023-12-25,1Y,1,0.0020996789212158534
2023-12-25,2Y,2,0.00487339725911966
2023-12-25,3Y,3,0.006691494163339953
2023-12-25,4Y,4,0.007624220856955058
2023-12-25,5Y,5,0.007534625189158397
2023-12-25,7Y,7,0.01202708299519805
2023-12-25,10Y,10,0.014795711200102556
2023-12-25,15Y,15,0.019406827285465673
2023-12-25,20Y,20,0.01904226602014896
2023-12-25,25Y,25,0.016435420571750303
2023-12-25,30Y,30,0.0153872559120939
2023-12-26,1Y,1,0.0021396447331536537
2023-12-26,2Y,2,0.004848219380229414
2023-12-26,3Y,3,0.0066512635333149765
2023-12-26,4Y,4,0.00762409490520325
2023-12-26,5Y,5,0.00792996588066512
2023-12-26,7Y,7,0.01224585369353368
2023-12-26,10Y,10,0.015059649101081672
2023-12-26,15Y,15,0.019664575357411573
2023-12-26,20Y,20,0.018696746713625766
2023-12-26,25Y,25,0.01670551859081933
2023-12-26,30Y,30,0.01684929967108466
2023-12-27,1Y,1,0.0021995811714281945
2023-12-27,2Y,2,0.004216567259286534
2023-12-27,3Y,3,0.005808553784939213
2023-12-27,4Y,4,0.007408438321976516
2023-12-27,5Y,5,0.00905854243152346
2023-12-27,7Y,7,0.012432677824399632
2023-12-27,10Y,10,0.014728213592759318
2023-12-27,15Y,15,0.018825781896664052
2023-12-27,20Y,20,0.018881274236930753
2023-12-27,25Y,25,0.016812293311880836
2023-12-27,30Y,30,0.015738156118158052
2023-12-28,1Y,1,0.0022595994477920345
2023-12-28,2Y,2,0.004276531834059993
2023-12-28,3Y,3,0.005768298879154628
2023-12-28,4Y,4,0.007362928229446027
2023-12-28,5Y,5,0.009099043961756672
2023-12-28,7Y,7,0.012268339217204043
2023-12-28,10Y,10,0.014542783670458977
2023-12-28,15Y,15,0.018975226530199243
2023-12-28,20Y,20,0.019334590635654243
2023-12-28,25Y,25,0.01714252664314022
2023-12-28,30Y,30,0.0159942696131961
2023-12-29,1Y,1,0.002359581783966325
2023-12-29,2Y,2,0.004476693292584878
2023-12-29,3Y,3,0.005968779310365546
2023-12-29,4Y,4,0.007579150870761875
2023-12-29,5Y,5,0.009402246445249202
2023-12-29,7Y,7,0.012628175404247793
2023-12-29,10Y,10,0.014943669062074567
2023-12-29,15Y,15,0.019678447338500504
2023-12-29,20Y,20,0.019663534307622223
2023-12-29,25Y,25,0.01763767714863869
2023-12-29,30Y,30,0.016533516050209866
2023-12-31,1Y,1,0.002359581783966325
2023-12-31,2Y,2,0.004476693292584878
2023-12-31,3Y,3,0.005968779310365546
2023-12-31,4Y,4,0.007579150870761875
2023-12-31,5Y,5,0.009402246445249202
2023-12-31,7Y,7,0.012628175404247793
2023-12-31,10Y,10,0.014943669062074567
2023-12-31,15Y,15,0.019678447338500504
2023-12-31,20Y,20,0.019663534307622223
2023-12-31,25Y,25,0.01763767714863869
2023-12-31,30Y,30,0.016533516050209866
2024-01-01,1Y,1,0.002359581783966325
2024-01-01,2Y,2,0.004476693292584878
2024-01-01,3Y,3,0.005968779310365546
2024-01-01,4Y,4,0.007579150870761875
2024-01-01,5Y,5,0.009402246445249202
2024-01-01,7Y,7,0.012628175404247793
2024-01-01,10Y,10,0.014943669062074567
2024-01-01,15Y,15,0.019678447338500504
2024-01-01,20Y,20,0.019663534307622223
2024-01-01,25Y,25,0.01763767714863869
2024-01-01,30Y,30,0.016533516050209866
2024-01-02,1Y,1,0.002359581783966325
2024-01-02,2Y,2,0.004476693292584878
2024-01-02,3Y,3,0.005968779310365546
2024-01-02,4Y,4,0.007579150870761875
2024-01-02,5Y,5,0.009402246445249202
2024-01-02,7Y,7,0.012628175404247793
2024-01-02,10Y,10,0.014943669062074567
2024-01-02,15Y,15,0.019678447338500504
2024-01-02,20Y,20,0.019663534307622223
2024-01-02,25Y,25,0.01763767714863869
2024-01-02,30Y,30,0.016533516050209866
2024-01-03,1Y,1,0.002359581783966325
2024-01-03,2Y,2,0.004476693292584878
2024-01-03,3Y,3,0.005968779310365546
2024-01-03,4Y,4,0.007579150870761875
2024-01-03,5Y,5,0.009402246445249202
2024-01-03,7Y,7,0.012628175404247793
2024-01-03,10Y,10,0.014943669062074567
2024-01-03,15Y,15,0.019678447338500504
2024-01-03,20Y,20,0.019663534307622223
2024-01-03,25Y,25,0.01763767714863869
2024-01-03,30Y,30,0.016533516050209866
2024-01-04,1Y,1,0.0023496114619039896
2024-01-04,2Y,2,0.004391532496915829
2024-01-04,3Y,3,0.005798240768986368
2024-01-04,4Y,4,0.007357486777134844
2024-01-04,5Y,5,0.009068215182717996
2024-01-04,7Y,7,0.012380367969946154
2024-01-04,10Y,10,0.014959558174180428
2024-01-04,15Y,15,0.019395378757281777
2024-01-04,20Y,20,0.019795267874793177
2024-01-04,25Y,25,0.017672631437652634
2024-01-04,30Y,30,0.016509540549705447
2024-01-05,1Y,1,0.002149684742117605
2024-01-05,2Y,2,0.004201656744941121
2024-01-05,3Y,3,0.005678233309945941
2024-01-05,4Y,4,0.007171868093145186
2024-01-05,5Y,5,0.008907446856888232
2024-01-05,7Y,7,0.012259595386827617
2024-01-05,10Y,10,0.01492895107938455
2024-01-05,15Y,15,0.01906326910222756
2024-01-05,20Y,20,0.01948295061930398
2024-01-05,25Y,25,0.017462555674873242
2024-01-05,30Y,30,0.016449465188303
2024-01-08,1Y,1,0.002149684742117605
2024-01-08,2Y,2,0.004201656744941121
2024-01-08,3Y,3,0.005678233309945941
2024-01-08,4Y,4,0.007171868093145186
2024-01-08,5Y,5,0.008907446856888232
2024-01-08,7Y,7,0.012259595386827617
2024-01-08,10Y,10,0.01492895107938455
2024-01-08,15Y,15,0.01906326910222756
2024-01-08,20Y,20,0.01948295061930398
2024-01-08,25Y,25,0.017462555674873242
2024-01-08,30Y,30,0.016449465188303
2024-01-09,1Y,1,0.0020596927444134763
2024-01-09,2Y,2,0.0040565852449608725
2024-01-09,3Y,3,0.005547934442972999
2024-01-09,4Y,4,0.007046357703338443
2024-01-09,5Y,5,0.008827114661007855
2024-01-09,7Y,7,0.012158180977942419
2024-01-09,10Y,10,0.014735304343211374
2024-01-09,15Y,15,0.019065846020929075
2024-01-09,20Y,20,0.01946536852351804
2024-01-09,25Y,25,0.01735671994209501
2024-01-09,30Y,30,0.016367287851800815
2024-01-10,1Y,1,0.0019597259942950203
2024-01-10,2Y,2,0.00391654646385201
2024-01-10,3Y,3,0.005447856559809876
2024-01-10,4Y,4,0.00703683755574281
2024-01-10,5Y,5,0.008847953156493952
2024-01-10,7Y,7,0.012191779594978958
2024-01-10,10Y,10,0.014768153549929098
2024-01-10,15Y,15,0.018923829951269042
2024-01-10,20Y,20,0.01927367541815798
2024-01-10,25Y,25,0.0172466792903301
2024-01-10,30Y,30,0.016283312410907202
2024-01-11,1Y,1,0.0018897570181929076
2024-01-11,2Y,2,0.0037764360360204603
2024-01-11,3Y,3,0.005297566041436506
2024-01-11,4Y,4,0.006800261199348626
2024-01-11,5Y,5,0.008494256055160652
2024-01-11,7Y,7,0.011957243994156354
2024-01-11,10Y,10,0.014590555724604933
2024-01-11,15Y,15,0.01877393730809368
2024-01-11,20Y,20,0.0191073998235724
2024-01-11,25Y,25,0.017092166873965028
2024-01-11,30Y,30,0.01604619928409299
2024-01-12,1Y,1,0.0015397682237654736
2024-01-12,2Y,2,0.0035818572923854534
2024-01-12,3Y,3,0.005287617048410619
2024-01-12,4Y,4,0.0065445343709674
2024-01-12,5Y,5,0.00828278994566854
2024-01-12,7Y,7,0.01151866889218864
2024-01-12,10Y,10,0.014116950809810298
2024-01-12,15Y,15,0.0185492091947735
2024-01-12,20Y,20,0.019023850598753316
2024-01-12,25Y,25,0.017085925564936662
2024-01-12,30Y,30,0.01611773898780734
2024-01-14,1Y,1,0.0015098831636918345
2024-01-14,2Y,2,0.003702134123581523
2024-01-14,3Y,3,0.005317933498691188
2024-01-14,4Y,4,0.0065447504136909055
2024-01-14,5Y,5,0.007128030828387141
2024-01-14,7Y,7,0.011137279689505288
2024-01-14,10Y,10,0.014152090868437169
2024-01-14,15Y,15,0.018897899355244278
2024-01-14,20Y,20,0.019278910547964302
2024-01-14,25Y,25,0.01657684819433463
2024-01-14,30Y,30,0.0147989862535396
2024-01-15,1Y,1,0.0017997584287937059
2024-01-15,2Y,2,0.0035211688914451953
2024-01-15,3Y,3,0.004926446747842246
2024-01-15,4Y,4,0.006403003927619631
2024-01-15,5Y,5,0.008110580327088392
2024-01-15,7Y,7,0.01133191127341193
2024-01-15,10Y,10,0.014037594956174383
2024-01-15,15Y,15,0.0181172986438664
2024-01-15,20Y,20,0.018590437050906804
2024-01-15,25Y,25,0.016673741081187347
2024-01-15,30Y,30,0.015708473945789714
2024-01-16,1Y,1,0.0019896633487783647
2024-01-16,2Y,2,0.0038062663283586935
2024-01-16,3Y,3,0.005297251442570331
2024-01-16,4Y,4,0.0067695909463590725
2024-01-16,5Y,5,0.008422835581392972
2024-01-16,7Y,7,0.011720516938343847
2024-01-16,10Y,10,0.014446819311388095
2024-01-16,15Y,15,0.018376297537543662
2024-01-16,20Y,20,0.01877634804112235
2024-01-16,25Y,25,0.016902095504416997
2024-01-16,30Y,30,0.0159216793574233
2024-01-17,1Y,1,0.002069627855069337
2024-01-17,2Y,2,0.003946345689939457
2024-01-17,3Y,3,0.00543749377724065
2024-01-17,4Y,4,0.00693043465169044
2024-01-17,5Y,5,0.008594178116540466
2024-01-17,7Y,7,0.01183202049192967
2024-01-17,10Y,10,0.01480403864561599
2024-01-17,15Y,15,0.01855871655765333
2024-01-17,20Y,20,0.019035875746476628
2024-01-17,25Y,25,0.01739349062077364
2024-01-17,30Y,30,0.016500032246797747
2024-01-18,1Y,1,0.0022797199197569016
2024-01-18,2Y,2,0.0043917166012736614
2024-01-18,3Y,3,0.005848808633510009
2024-01-18,4Y,4,0.00748385145749456
2024-01-18,5Y,5,0.009179994166106095
2024-01-18,7Y,7,0.012596529184329394
2024-01-18,10Y,10,0.015261596841370545
2024-01-18,15Y,15,0.01955073472360632
2024-01-18,20Y,20,0.02001508569424868
2024-01-18,25Y,25,0.018147525693395915
2024-01-18,30Y,30,0.017218654426814316
2024-01-19,1Y,1,0.0022795702605872665
2024-01-19,2Y,2,0.0043616633550910165
2024-01-19,3Y,3,0.006029343650946772
2024-01-19,4Y,4,0.007735672262278128
2024-01-19,5Y,5,0.009483583020821492
2024-01-19,7Y,7,0.01297782334484339
2024-01-19,10Y,10,0.01586974106578489
2024-01-19,15Y,15,0.020239418953252614
2024-01-19,20Y,20,0.02094427343235407
2024-01-19,25Y,25,0.019296204183767526
2024-01-19,30Y,30,0.018479329180957783
2024-01-20,1Y,1,0.0022795702605872665
2024-01-20,2Y,2,0.0043616633550910165
2024-01-20,3Y,3,0.006029343650946772
2024-01-20,4Y,4,0.007735672262278128
2024-01-20,5Y,5,0.009483583020821492
2024-01-20,7Y,7,0.01297782334484339
2024-01-20,10Y,10,0.01586974106578489
2024-01-20,15Y,15,0.020239418953252614
2024-01-20,20Y,20,0.02094427343235407
2024-01-20,25Y,25,0.019296204183767526
2024-01-20,30Y,30,0.018479329180957783
2024-01-21,1Y,1,0.0019497444537638028
2024-01-21,2Y,2,0.00448783211884171
2024-01-21,3Y,3,0.006360963160919081
2024-01-21,4Y,4,0.007736654225418455
2024-01-21,5Y,5,0.008235614409122313
2024-01-21,7Y,7,0.012481036655963423
2024-01-21,10Y,10,0.015586452903707273
2024-01-21,15Y,15,0.02043689183159633
2024-01-21,20Y,20,0.021483794468804458
2024-01-21,25Y,25,0.018611281276998487
2024-01-21,30Y,30,0.016159385089814637
2024-01-22,1Y,1,0.0021995811714281945
2024-01-22,2Y,2,0.004201535605487732
2024-01-22,3Y,3,0.005828710470480963
2024-01-22,4Y,4,0.007448705338541142
2024-01-22,5Y,5,0.009251477423799316
2024-01-22,7Y,7,0.012681735984278374
2024-01-22,10Y,10,0.015663441437946
2024-01-22,15Y,15,0.020030100957899352
2024-01-22,20Y,20,0.020854861374784747
2024-01-22,25Y,25,0.01920604850005095
2024-01-22,30Y,30,0.018379617376865786
2024-01-23,1Y,1,0.0024294585396822063
2024-01-23,2Y,2,0.004561696246635627
2024-01-23,3Y,3,0.006279883776953776
2024-01-23,4Y,4,0.007966660248735885
2024-01-23,5Y,5,0.009746003749005307
2024-01-23,7Y,7,0.013066368665129183
2024-01-23,10Y,10,0.015751400344639198
2024-01-23,15Y,15,0.019918755127690677
2024-01-23,20Y,20,0.020594651478121038
2024-01-23,25Y,25,0.019014637837905288
2024-01-23,30Y,30,0.0181618828679485
2024-01-24,1Y,1,0.002689326812839729
2024-01-24,2Y,2,0.004986924506348832
2024-01-24,3Y,3,0.00676113454414428
2024-01-24,4Y,4,0.008398666453509781
2024-01-24,5Y,5,0.010118791820871997
2024-01-24,7Y,7,0.013412856777650941
2024-01-24,10Y,10,0.01631009131685759
2024-01-24,15Y,15,0.020485730256941673
2024-01-24,20Y,20,0.021059444309388387
2024-01-24,25Y,25,0.019180782648539278
2024-01-24,30Y,30,0.018143994862817137
2024-01-25,1Y,1,0.0027592524216351185
2024-01-25,2Y,2,0.0050969806550297475
2024-01-25,3Y,3,0.006891374906302791
2024-01-25,4Y,4,0.008625462911497586
2024-01-25,5Y,5,0.010462993740347959
2024-01-25,7Y,7,0.013831702191036861
2024-01-25,10Y,10,0.016672452376715576
2024-01-25,15Y,15,0.021270118809763598
2024-01-25,20Y,20,0.021682608023994045
2024-01-25,25Y,25,0.019662559701952506
2024-01-25,30Y,30,0.018678848253224512
2024-01-26,1Y,1,0.0025493553763125884
2024-01-26,2Y,2,0.004696661739907037
2024-01-26,3Y,3,0.0065005129724303775
2024-01-26,4Y,4,0.008324142165134135
2024-01-26,5Y,5,0.010069210352201324
2024-01-26,7Y,7,0.013363926462842877
2024-01-26,10Y,10,0.01640385915343111
2024-01-26,15Y,15,0.020910316959326904
2024-01-26,20Y,20,0.021322495003849824
2024-01-26,25Y,25,0.01958867715610832
2024-01-26,30Y,30,0.01866418944021801
2024-01-27,1Y,1,0.0025493553763125884
2024-01-27,2Y,2,0.004696661739907037
2024-01-27,3Y,3,0.0065005129724303775
2024-01-27,4Y,4,0.008324142165134135
2024-01-27,5Y,5,0.010069210352201324
2024-01-27,7Y,7,0.013363926462842877
2024-01-27,10Y,10,0.01640385915343111
2024-01-27,15Y,15,0.020910316959326904
2024-01-27,20Y,20,0.021322495003849824
2024-01-27,25Y,25,0.01958867715610832
2024-01-27,30Y,30,0.01866418944021801
2024-01-28,1Y,1,0.0025493553763125884
2024-01-28,2Y,2,0.004696661739907037
2024-01-28,3Y,3,0.0065005129724303775
2024-01-28,4Y,4,0.008324142165134135
2024-01-28,5Y,5,0.010069210352201324
2024-01-28,7Y,7,0.013363926462842877
2024-01-28,10Y,10,0.01640385915343111
2024-01-28,15Y,15,0.020910316959326904
2024-01-28,20Y,20,0.021322495003849824
2024-01-28,25Y,25,0.01958867715610832
2024-01-28,30Y,30,0.01866418944021801
2024-01-29,1Y,1,0.0026192836914612693
2024-01-29,2Y,2,0.004761607568029422
2024-01-29,3Y,3,0.006550438961378204
2024-01-29,4Y,4,0.008318623261367196
2024-01-29,5Y,5,0.01009926726378966
2024-01-29,7Y,7,0.013464171750919698
2024-01-29,10Y,10,0.01661427522969295
2024-01-29,15Y,15,0.021062448955877604
2024-01-29,20Y,20,0.021569250845284944
2024-01-29,25Y,25,0.01972570730230735
2024-01-29,30Y,30,0.018736035386760264
2024-01-30,1Y,1,0.002679235506248334
2024-01-30,2Y,2,0.004826579291137827
2024-01-30,3Y,3,0.0066306158499828145
2024-01-30,4Y,4,0.008378719080577182
2024-01-30,5Y,5,0.010139396500397678
2024-01-30,7Y,7,0.013434363930614937
2024-01-30,10Y,10,0.016534851149962792
2024-01-30,15Y,15,0.020895319172993046
2024-01-30,20Y,20,0.021364100395636906
2024-01-30,25Y,25,0.019622555092873497
2024-01-30,30Y,30,0.01866016906427084
2024-01-31,1Y,1,0.0026592461844745156
2024-01-31,2Y,2,0.00475647652307312
2024-01-31,3Y,3,0.006530281091605779
2024-01-31,4Y,4,0.008328553253758149
2024-01-31,5Y,5,0.010139762410188312
2024-01-31,7Y,7,0.013505220843408276
2024-01-31,10Y,10,0.016501244895240658
2024-01-31,15Y,15,0.020804573394826782
2024-01-31,20Y,20,0.021328948982272927
2024-01-31,25Y,25,0.019565707740159213
2024-01-31,30Y,30,0.018628163279784272
2024-02-01,1Y,1,0.0025592904557681434
2024-02-01,2Y,2,0.004566343288958818
2024-02-01,3Y,3,0.006249321155537737
2024-02-01,4Y,4,0.007986273728256391
2024-02-01,5Y,5,0.00970448980108301
2024-02-01,7Y,7,0.012954262634080463
2024-02-01,10Y,10,0.01604297777074737
2024-02-01,15Y,15,0.020227199216084103
2024-02-01,20Y,20,0.020759015004523335
2024-02-01,25Y,25,0.01905390943391593
2024-02-01,30Y,30,0.018147098622432623
2024-02-02,1Y,1,0.0028490660288018957
2024-02-02,2Y,2,0.004906244289788941
2024-02-02,3Y,3,0.006559629211397017
2024-02-02,4Y,4,0.00826193467117389
2024-02-02,5Y,5,0.009975961534427586
2024-02-02,7Y,7,0.013289469658975473
2024-02-02,10Y,10,0.016207156832615904
2024-02-02,15Y,15,0.020499004412190085
2024-02-02,20Y,20,0.020957072471375057
2024-02-02,25Y,25,0.019324620504297542
2024-02-02,30Y,30,0.018416222845410102
2024-02-04,1Y,1,0.002479362177243026
2024-02-04,2Y,2,0.005057771713669377
2024-02-04,3Y,3,0.006931648081901661
2024-02-04,4Y,4,0.00826308362409282
2024-02-04,5Y,5,0.008909695152615306
2024-02-04,7Y,7,0.012971016584625343
2024-02-04,10Y,10,0.01607100073000087
2024-02-04,15Y,15,0.020637575855490614
2024-02-04,20Y,20,0.021427124991713092
2024-02-04,25Y,25,0.018701549247291942
2024-02-04,30Y,30,0.016465831897653993
2024-02-05,1Y,1,0.0029190650454795223
2024-02-05,2Y,2,0.0050914590434279995
2024-02-05,3Y,3,0.006810553191754922
2024-02-05,4Y,4,0.008533770063343835
2024-02-05,5Y,5,0.010259139207805712
2024-02-05,7Y,7,0.013595827747690945
2024-02-05,10Y,10,0.016791592996853715
2024-02-05,15Y,15,0.020631411971991885
2024-02-05,20Y,20,0.021117862125850737
2024-02-05,25Y,25,0.019508190261342904
2024-02-05,30Y,30,0.01862244088818182
2024-02-06,1Y,1,0.002799169868850735
2024-02-06,2Y,2,0.004946490544218116
2024-02-06,3Y,3,0.006610027840309002
2024-02-06,4Y,4,0.008353083121927132
2024-02-06,5Y,5,0.010128324909105082
2024-02-06,7Y,7,0.013287268623448454
2024-02-06,10Y,10,0.016101214810845584
2024-02-06,15Y,15,0.020411383249094157
2024-02-06,20Y,20,0.020889853703239987
2024-02-06,25Y,25,0.019231633280836973
2024-02-06,30Y,30,0.0183725300908955
2024-02-07,1Y,1,0.002859127105045433
2024-02-07,2Y,2,0.005016468545249908
2024-02-07,3Y,3,0.006649962368729644
2024-02-07,4Y,4,0.008312259742073357
2024-02-07,5Y,5,0.010026410796555845
2024-02-07,7Y,7,0.013237316454713141
2024-02-07,10Y,10,0.01622272434123374
2024-02-07,15Y,15,0.020294440305757454
2024-02-07,20Y,20,0.02086605489347873
2024-02-07,25Y,25,0.01918629855407651
2024-02-07,30Y,30,0.01826580584999893
2024-02-08,1Y,1,0.0028191410436761676
2024-02-08,2Y,2,0.0050065734114669285
2024-02-08,3Y,3,0.006690217757316635
2024-02-08,4Y,4,0.008352763718198167
2024-02-08,5Y,5,0.00996537376065261
2024-02-08,7Y,7,0.01324541370515963
2024-02-08,10Y,10,0.016230358551175016
2024-02-08,15Y,15,0.020316405328661215
2024-02-08,20Y,20,0.02080160030830646
2024-02-08,25Y,25,0.019190794824602436
2024-02-08,30Y,30,0.018394585724138147
2024-02-09,1Y,1,0.0026792773807724204
2024-02-09,2Y,2,0.0052726998827060095
2024-02-09,3Y,3,0.007051620888755254
2024-02-09,4Y,4,0.008408356329030439
2024-02-09,5Y,5,0.010107210805226223
2024-02-09,7Y,7,0.013285768013776449
2024-02-09,10Y,10,0.016241706635761875
2024-02-09,15Y,15,0.02050680770179599
2024-02-09,20Y,20,0.020958194711524596
2024-02-09,25Y,25,0.019304804810509415
2024-02-09,30Y,30,0.018444935121769323
2024-02-11,1Y,1,0.0029490702149593197
2024-02-11,2Y,2,0.005171555966843444
2024-02-11,3Y,3,0.006780117976262269
2024-02-11,4Y,4,0.008407526830386362
2024-02-11,5Y,5,0.010106564869241197
2024-02-11,7Y,7,0.0132851483230595
2024-02-11,10Y,10,0.01624120873795845
2024-02-11,15Y,15,0.020506373952137426
2024-02-11,20Y,20,0.020957895543942555
2024-02-11,25Y,25,0.01930463941220322
2024-02-11,30Y,30,0.018444827054735047
2024-02-12,1Y,1,0.0029490702149593197
2024-02-12,2Y,2,0.005171555966843444
2024-02-12,3Y,3,0.006780117976262269
2024-02-12,4Y,4,0.008407526830386362
2024-02-12,5Y,5,0.010106564869241197
2024-02-12,7Y,7,0.0132851483230595
2024-02-12,10Y,10,0.01624120873795845
2024-02-12,15Y,15,0.020506373952137426
2024-02-12,20Y,20,0.020957895543942555
2024-02-12,25Y,25,0.01930463941220322
2024-02-12,30Y,30,0.018444827054735047
2024-02-13,1Y,1,0.003058951501267603
2024-02-13,2Y,2,0.005251391733002119
2024-02-13,3Y,3,0.0068701709878062345
2024-02-13,4Y,4,0.008598729330865997
2024-02-13,5Y,5,0.010389874832433527
2024-02-13,7Y,7,0.01376936241422463
2024-02-13,10Y,10,0.01686691567647931
2024-02-13,15Y,15,0.020838086183757393
2024-02-13,20Y,20,0.021281174567945746
2024-02-13,25Y,25,0.019638544065492935
2024-02-13,30Y,30,0.018713097397852353
2024-02-14,1Y,1,0.0031988316761779783
2024-02-14,2Y,2,0.005396278319051113
2024-02-14,3Y,3,0.0069902108231895245
2024-02-14,4Y,4,0.008577356556638983
2024-02-14,5Y,5,0.010277242628453342
2024-02-14,7Y,7,0.013559721397144626
2024-02-14,10Y,10,0.0166111548353863
2024-02-14,15Y,15,0.020552178371978962
2024-02-14,20Y,20,0.02106292532497792
2024-02-14,25Y,25,0.019442124170820224
2024-02-14,30Y,30,0.018544148004832006
2024-02-15,1Y,1,0.0029589856783810336
2024-02-15,2Y,2,0.0050963450346587155
2024-02-15,3Y,3,0.006689608715749953
2024-02-15,4Y,4,0.008311680752824928
2024-02-15,5Y,5,0.010035698858521598
2024-02-15,7Y,7,0.013184567550388673
2024-02-15,10Y,10,0.01623170303066062
2024-02-15,15Y,15,0.020591025961428915
2024-02-15,20Y,20,0.021065059624138138
2024-02-15,25Y,25,0.019367792451807524
2024-02-15,30Y,30,0.018458089114589113
2024-02-16,1Y,1,0.0030089685885860153
2024-02-16,2Y,2,0.005241537026473069
2024-02-16,3Y,3,0.006880233861624939
2024-02-16,4Y,4,0.00853833646303792
2024-02-16,5Y,5,0.010247802875208586
2024-02-16,7Y,7,0.013336892471557674
2024-02-16,10Y,10,0.016300540866290323
2024-02-16,15Y,15,0.020468918381291855
2024-02-16,20Y,20,0.020902042355301978
2024-02-16,25Y,25,0.019309770655097255
2024-02-16,30Y,30,0.018389022093994657
2024-02-18,1Y,1,0.0030089685885860153
2024-02-18,2Y,2,0.005241537026473069
2024-02-18,3Y,3,0.006880233861624939
2024-02-18,4Y,4,0.00853833646303792
2024-02-18,5Y,5,0.008906002910211513
2024-02-18,7Y,7,0.012984833851476831
2024-02-18,10Y,10,0.015930597296903812
2024-02-18,15Y,15,0.020576073031967942
2024-02-18,20Y,20,0.021533299416822006
2024-02-18,25Y,25,0.018650158223508045
2024-02-18,30Y,30,0.016067211817709058
2024-02-19,1Y,1,0.0030089497782316756
2024-02-19,2Y,2,0.0051864010142492235
2024-02-19,3Y,3,0.006779775962829141
2024-02-19,4Y,4,0.008331385144999566
2024-02-19,5Y,5,0.010014890384105196
2024-02-19,7Y,7,0.013162891304484552
2024-02-19,10Y,10,0.016131537071052027
2024-02-19,15Y,15,0.02036302065483415
2024-02-19,20Y,20,0.020835177678011234
2024-02-19,25Y,25,0.019157685893835846
2024-02-19,30Y,30,0.018199785055103106
2024-02-20,1Y,1,0.003048895831952743
2024-02-20,2Y,2,0.005176244589753744
2024-02-20,3Y,3,0.006719351805485513
2024-02-20,4Y,4,0.0083162238065762
2024-02-20,5Y,5,0.009973975426859034
2024-02-20,7Y,7,0.012965137989527888
2024-02-20,10Y,10,0.015875476432811793
2024-02-20,15Y,15,0.019862767124043914
2024-02-20,20Y,20,0.02026920778324583
2024-02-20,25Y,25,0.018649230933953993
2024-02-20,30Y,30,0.01780516432880567
2024-02-21,1Y,1,0.0030388785466328692
2024-02-21,2Y,2,0.005121145771918463
2024-02-21,3Y,3,0.006669195920920126
2024-02-21,4Y,4,0.008235518178243596
2024-02-21,5Y,5,0.009852498703774202
2024-02-21,7Y,7,0.01289618875738133
2024-02-21,10Y,10,0.015683353004939893
2024-02-21,15Y,15,0.019832823846556834
2024-02-21,20Y,20,0.02023249100292136
2024-02-21,25Y,25,0.018541983767930696
2024-02-21,30Y,30,0.01772198590766243
2024-02-22,1Y,1,0.0030089121585667
2024-02-22,2Y,2,0.005061099391121492
2024-02-22,3Y,3,0.006538705189788812
2024-02-22,4Y,4,0.008109809042493065
2024-02-22,5Y,5,0.008583365529922109
2024-02-22,7Y,7,0.0124827811511127
2024-02-22,10Y,10,0.015370768396258061
2024-02-22,15Y,15,0.019916330089703983
2024-02-22,20Y,20,0.020694186040387
2024-02-22,25Y,25,0.01790887808965322
2024-02-22,30Y,30,0.015517400248491995
2024-02-23,1Y,1,0.0030089121585667
2024-02-23,2Y,2,0.005061099391121492
2024-02-23,3Y,3,0.006538705189788812
2024-02-23,4Y,4,0.008109809042493065
2024-02-23,5Y,5,0.008583365529922109
2024-02-23,7Y,7,0.0124827811511127
2024-02-23,10Y,10,0.015370768396258061
2024-02-23,15Y,15,0.019916330089703983
2024-02-23,20Y,20,0.020694186040387
2024-02-23,25Y,25,0.01790887808965322
2024-02-23,30Y,30,0.015517400248491995
2024-02-25,1Y,1,0.00267918525937615
2024-02-25,2Y,2,0.00518748794729698
2024-02-25,3Y,3,0.006910740585622733
2024-02-25,4Y,4,0.008161135072136394
2024-02-25,5Y,5,0.008330068780510479
2024-02-25,7Y,7,0.012339598648211311
2024-02-25,10Y,10,0.015305784650847122
2024-02-25,15Y,15,0.01980211037887045
2024-02-25,20Y,20,0.02084539022228614
2024-02-25,25Y,25,0.017796777834385547
2024-02-25,30Y,30,0.014851828488717633
2024-02-26,1Y,1,0.002948931949049579
2024-02-26,2Y,2,0.004915954829420215
2024-02-26,3Y,3,0.006338054634474392
2024-02-26,4Y,4,0.00775707999759412
2024-02-26,5Y,5,0.009336903818991509
2024-02-26,7Y,7,0.012313316343460546
2024-02-26,10Y,10,0.015092392536164963
2024-02-26,15Y,15,0.019212442633456193
2024-02-26,20Y,20,0.019702241268069094
2024-02-26,25Y,25,0.01821933657419155
2024-02-26,30Y,30,0.017469472464874514
2024-02-27,1Y,1,0.002988887606513937
2024-02-27,2Y,2,0.004970955085079651
2024-02-27,3Y,3,0.006418239714447554
2024-02-27,4Y,4,0.007857642408354033
2024-02-27,5Y,5,0.009397150671078977
2024-02-27,7Y,7,0.012484687316360866
2024-02-27,10Y,10,0.015202831614561055
2024-02-27,15Y,15,0.019278476176216613
2024-02-27,20Y,20,0.019795348011923508
2024-02-27,25Y,25,0.01830062175685854
2024-02-27,30Y,30,0.017488903597827943
2024-02-28,1Y,1,0.0029489227320043244
2024-02-28,2Y,2,0.004925978825552864
2024-02-28,3Y,3,0.00641845034309001
2024-02-28,4Y,4,0.007918406326202599
2024-02-28,5Y,5,0.008189124062065768
2024-02-28,7Y,7,0.012095950006466814
2024-02-28,10Y,10,0.01504943282043504
2024-02-28,15Y,15,0.019679087154866173
2024-02-28,20Y,20,0.020604205230640615
2024-02-28,25Y,25,0.018024772617746116
2024-02-28,30Y,30,0.015765361896591355
2024-02-29,1Y,1,0.002998876396169923
2024-02-29,2Y,2,0.0050410883029020515
2024-02-29,3Y,3,0.006548712303510963
2024-02-29,4Y,4,0.007983473231616562
2024-02-29,5Y,5,0.009559037572699644
2024-02-29,7Y,7,0.012430760394000935
2024-02-29,10Y,10,0.0152012012481672
2024-02-29,15Y,15,0.019452846704960162
2024-02-29,20Y,20,0.020168791222572566
2024-02-29,25Y,25,0.01888278088966859
2024-02-29,30Y,30,0.018186504141859728
2024-03-01,1Y,1,0.002918937312111171
2024-03-01,2Y,2,0.004916052410342334
2024-03-01,3Y,3,0.006388304712931703
2024-03-01,4Y,4,0.007883352521541322
2024-03-01,5Y,5,0.009498950158198953
2024-03-01,7Y,7,0.012538861411456017
2024-03-01,10Y,10,0.015185247927524157
2024-03-01,15Y,15,0.019430447219812214
2024-03-01,20Y,20,0.019993853849063183
2024-03-01,25Y,25,0.018686046307808037
2024-03-01,30Y,30,0.018025023428019628
2024-03-03,1Y,1,0.0025892141785429238
2024-03-03,2Y,2,0.0050474152861049665
2024-03-03,3Y,3,0.0067200557124909984
2024-03-03,4Y,4,0.007859032963957291
2024-03-03,5Y,5,0.007946511092757763
2024-03-03,7Y,7,0.011992447005234247
2024-03-03,10Y,10,0.014918046841774987
2024-03-03,15Y,15,0.01952702904232904
2024-03-03,20Y,20,0.020624503969338535
2024-03-03,25Y,25,0.01794850068764714
2024-03-03,30Y,30,0.015336265255241177
2024-03-04,1Y,1,0.0029488950813802103
2024-03-04,2Y,2,0.004910946508071648
2024-03-04,3Y,3,0.0063178446713576634
2024-03-04,4Y,4,0.007742029325467035
2024-03-04,5Y,5,0.00938755991669839
2024-03-04,7Y,7,0.01253724650238525
2024-03-04,10Y,10,0.015337212018587152
2024-03-04,15Y,15,0.019681634193435153
2024-03-04,20Y,20,0.020285478540756286
2024-03-04,25Y,25,0.018867029156433908
2024-03-04,30Y,30,0.018154790510096917
2024-03-05,1Y,1,0.002848950267112779
2024-03-05,2Y,2,0.0047208322008933734
2024-03-05,3Y,3,0.0060772064261367335
2024-03-05,4Y,4,0.007450341734706098
2024-03-05,5Y,5,0.009003517435045546
2024-03-05,7Y,7,0.012203007754570352
2024-03-05,10Y,10,0.01495746221575724
2024-03-05,15Y,15,0.019082999971721068
2024-03-05,20Y,20,0.019835886426625298
2024-03-05,25Y,25,0.018450941654924197
2024-03-05,30Y,30,0.017682083180121384
2024-03-06,1Y,1,0.0026191281453538163
2024-03-06,2Y,2,0.004846831414356266
2024-03-06,3Y,3,0.006328291612625712
2024-03-06,4Y,4,0.00738026642185748
2024-03-06,5Y,5,0.008861935531074387
2024-03-06,7Y,7,0.012018426542233146
2024-03-06,10Y,10,0.014870327621686358
2024-03-06,15Y,15,0.01909912872585713
2024-03-06,20Y,20,0.01991994182038091
2024-03-06,25Y,25,0.018532933475769297
2024-03-06,30Y,30,0.017728867801597038
2024-03-07,1Y,1,0.0030787464275107
2024-03-07,2Y,2,0.005025795227405352
2024-03-07,3Y,3,0.006367470961066666
2024-03-07,4Y,4,0.007812009570964212
2024-03-07,5Y,5,0.009416710912822252
2024-03-07,7Y,7,0.012628009051470619
2024-03-07,10Y,10,0.015288778304916213
2024-03-07,15Y,15,0.019387751947161
2024-03-07,20Y,20,0.02012728070651751
2024-03-07,25Y,25,0.018826134367765073
2024-03-07,30Y,30,0.018154060238783652
2024-03-08,1Y,1,0.003138704403987943
2024-03-08,2Y,2,0.005070700684303115
2024-03-08,3Y,3,0.006367279199326973
2024-03-08,4Y,4,0.007826884674388652
2024-03-08,5Y,5,0.009416288088278444
2024-03-08,7Y,7,0.012615054309389886
2024-03-08,10Y,10,0.015647857959726355
2024-03-08,15Y,15,0.019647746211564177
2024-03-08,20Y,20,0.02039460135663209
2024-03-08,25Y,25,0.01900500010094828
2024-03-08,30Y,30,0.018367272658663725
2024-03-09,1Y,1,0.003138704403987943
2024-03-09,2Y,2,0.005070700684303115
2024-03-09,3Y,3,0.006367279199326973
2024-03-09,4Y,4,0.007826884674388652
2024-03-09,5Y,5,0.009416288088278444
2024-03-09,7Y,7,0.012615054309389886
2024-03-09,10Y,10,0.015647857959726355
2024-03-09,15Y,15,0.019647746211564177
2024-03-09,20Y,20,0.02039460135663209
2024-03-09,25Y,25,0.01900500010094828
2024-03-09,30Y,30,0.018367272658663725
2024-03-10,1Y,1,0.002789005446396362
2024-03-10,2Y,2,0.005197171481118521
2024-03-10,3Y,3,0.006719125539858782
2024-03-10,4Y,4,0.007827839274351042
2024-03-10,5Y,5,0.008350827428624454
2024-03-10,7Y,7,0.012351065395644227
2024-03-10,10Y,10,0.015460831695237563
2024-03-10,15Y,15,0.02020880382080178
2024-03-10,20Y,20,0.020551683031522806
2024-03-10,25Y,25,0.01873890527387819
2024-03-10,30Y,30,0.01791937129237665
2024-03-11,1Y,1,0.003038764572726805
2024-03-11,2Y,2,0.0049707996478777425
2024-03-11,3Y,3,0.006367665981451968
2024-03-11,4Y,4,0.00784750100319078
2024-03-11,5Y,5,0.00954899780075806
2024-03-11,7Y,7,0.012897723691202088
2024-03-11,10Y,10,0.015649304790179237
2024-03-11,15Y,15,0.019968163337086196
2024-03-11,20Y,20,0.020635529374696985
2024-03-11,25Y,25,0.019163066304143453
2024-03-11,30Y,30,0.018546815489024048
2024-03-12,1Y,1,0.002918864329041442
2024-03-12,2Y,2,0.004800795658124742
2024-03-12,3Y,3,0.006247716238939013
2024-03-12,4Y,4,0.007757443215695148
2024-03-12,5Y,5,0.009458907261110549
2024-03-12,7Y,7,0.012877140780487437
2024-03-12,10Y,10,0.015761458802008528
2024-03-12,15Y,15,0.019889599232515574
2024-03-12,20Y,20,0.020632964797371586
2024-03-12,25Y,25,0.019081891646260125
2024-03-12,30Y,30,0.018366079028793534
2024-03-13,1Y,1,0.002998801414106119
2024-03-13,2Y,2,0.004820586746455929
2024-03-13,3Y,3,0.006207372089274081
2024-03-13,4Y,4,0.007787472616495652
2024-03-13,5Y,5,0.009539685034237504
2024-03-13,7Y,7,0.012856380665972736
2024-03-13,10Y,10,0.01574709289478659
2024-03-13,15Y,15,0.019816482352138443
2024-03-13,20Y,20,0.020524099919696327
2024-03-13,25Y,25,0.018998630555841438
2024-03-13,30Y,30,0.018332122325482435
2024-03-14,1Y,1,0.0030487624231112964
2024-03-14,2Y,2,0.004940697090642638
2024-03-14,3Y,3,0.006377853334217205
2024-03-14,4Y,4,0.007953402966821985
2024-03-14,5Y,5,0.009650368270870957
2024-03-14,7Y,7,0.013082893561178314
2024-03-14,10Y,10,0.01617637820338512
2024-03-14,15Y,15,0.020316489836860577
2024-03-14,20Y,20,0.021006115386791226
2024-03-14,25Y,25,0.01932798620694491
2024-03-14,30Y,30,0.018594560654309956
2024-03-15,1Y,1,0.0029488489987116355
2024-03-15,2Y,2,0.004840790278892673
2024-03-15,3Y,3,0.00631797092048078
2024-03-15,4Y,4,0.007863116168119168
2024-03-15,5Y,5,0.009539657808326042
2024-03-15,7Y,7,0.012897160460095675
2024-03-15,10Y,10,0.01583504594018049
2024-03-15,15Y,15,0.020205426620982878
2024-03-15,20Y,20,0.020873872284219604
2024-03-15,25Y,25,0.019180996362005924
2024-03-15,30Y,30,0.018448608207606985
2024-03-17,1Y,1,0.0026089259933979882
2024-03-17,2Y,2,0.004841890491997073
2024-03-17,3Y,3,0.006659475990845954
2024-03-17,4Y,4,0.00786390893851488
2024-03-17,5Y,5,0.008382592919133219
2024-03-17,7Y,7,0.012568010136498865
2024-03-17,10Y,10,0.01569285714372132
2024-03-17,15Y,15,0.020616191245462812
2024-03-17,20Y,20,0.021147696941464043
2024-03-17,25Y,25,0.018735838384830367
2024-03-17,30Y,30,0.01724997338799472
2024-03-18,1Y,1,0.0029189008199012956
2024-03-18,2Y,2,0.004805803573355698
2024-03-18,3Y,3,0.006127138229442805
2024-03-18,4Y,4,0.007596342293076732
2024-03-18,5Y,5,0.009185116402724177
2024-03-18,7Y,7,0.012353598731010634
2024-03-18,10Y,10,0.015348529471621495
2024-03-18,15Y,15,0.01976863535607285
2024-03-18,20Y,20,0.02039484224976145
2024-03-18,25Y,25,0.018740580020958054
2024-03-18,30Y,30,0.01797516162660092
2024-03-19,1Y,1,0.0031287163438484607
2024-03-19,2Y,2,0.00497050207315607
2024-03-19,3Y,3,0.006257060494125371
2024-03-19,4Y,4,0.007604952166326226
2024-03-19,5Y,5,0.009143524462774062
2024-03-19,7Y,7,0.012248718797162113
2024-03-19,10Y,10,0.015251556130364375
2024-03-19,15Y,15,0.01954338945184005
2024-03-19,20Y,20,0.02025116762700476
2024-03-19,25Y,25,0.018697981115725737
2024-03-19,30Y,30,0.01791114432943136
2024-03-20,1Y,1,0.0031287163438484607
2024-03-20,2Y,2,0.00497050207315607
2024-03-20,3Y,3,0.006257060494125371
2024-03-20,4Y,4,0.007604952166326226
2024-03-20,5Y,5,0.009143524462774062
2024-03-20,7Y,7,0.012248718797162113
2024-03-20,10Y,10,0.015251556130364375
2024-03-20,15Y,15,0.01954338945184005
2024-03-20,20Y,20,0.02025116762700476
2024-03-20,25Y,25,0.018697981115725737
2024-03-20,30Y,30,0.01791114432943136
2024-03-21,1Y,1,0.0034483741952756088
2024-03-21,2Y,2,0.0053954096346503074
2024-03-21,3Y,3,0.006637164005365842
2024-03-21,4Y,4,0.007900172005055977
2024-03-21,5Y,5,0.009373310610149928
2024-03-21,7Y,7,0.012368796690335852
2024-03-21,10Y,10,0.015500763681033074
2024-03-21,15Y,15,0.01972751501909809
2024-03-21,20Y,20,0.02041012634998732
2024-03-21,25Y,25,0.01887059938975793
2024-03-21,30Y,30,0.01810670382975288
2024-03-22,1Y,1,0.003458285188751117
2024-03-22,2Y,2,0.005400391947354353
2024-03-22,3Y,3,0.00664697118003728
2024-03-22,4Y,4,0.007753595937243464
2024-03-22,5Y,5,0.00914008099667086
2024-03-22,7Y,7,0.012326380294262525
2024-03-22,10Y,10,0.015344309105702177
2024-03-22,15Y,15,0.019580484054367745
2024-03-22,20Y,20,0.02039373848198455
2024-03-22,25Y,25,0.01891427032026223
2024-03-22,30Y,30,0.018239428267196534
2024-03-25,1Y,1,0.003498339754860991
2024-03-25,2Y,2,0.005460388121354543
2024-03-25,3Y,3,0.006646947795103985
2024-03-25,4Y,4,0.007849408165018786
2024-03-25,5Y,5,0.009220720597182888
2024-03-25,7Y,7,0.012354363205446073
2024-03-25,10Y,10,0.015354199627229118
2024-03-25,15Y,15,0.01988654803198641
2024-03-25,20Y,20,0.020762713410937102
2024-03-25,25Y,25,0.019318497214300515
2024-03-25,30Y,30,0.018595581169321064
2024-03-26,1Y,1,0.0033984295683707343
2024-03-26,2Y,2,0.00531038055849905
2024-03-26,3Y,3,0.006526927304757353
2024-03-26,4Y,4,0.0077038002521357795
2024-03-26,5Y,5,0.009141023010685874
2024-03-26,7Y,7,0.012203976769404976
2024-03-26,10Y,10,0.015451297129453666
2024-03-26,15Y,15,0.019730054514090083
2024-03-26,20Y,20,0.02058970024280979
2024-03-26,25Y,25,0.01928677298097568
2024-03-26,30Y,30,0.018640790247930805
2024-03-27,1Y,1,0.0033484526113562495
2024-03-27,2Y,2,0.00522535441062499
2024-03-27,3Y,3,0.006416606454443388
2024-03-27,4Y,4,0.007542836285308054
2024-03-27,5Y,5,0.008878021713020537
2024-03-27,7Y,7,0.011971548969684304
2024-03-27,10Y,10,0.015139623013666042
2024-03-27,15Y,15,0.019492352489659092
2024-03-27,20Y,20,0.020466781314955277
2024-03-27,25Y,25,0.019184189920691687
2024-03-27,30Y,30,0.01852899354968848
2024-03-28,1Y,1,0.0033484630764367366
2024-03-28,2Y,2,0.0051100856085236285
2024-03-28,3Y,3,0.006236070842098686
2024-03-28,4Y,4,0.007462608047379739
2024-03-28,5Y,5,0.008787347827809799
2024-03-28,7Y,7,0.011990926419856995
2024-03-28,10Y,10,0.015005059489992562
2024-03-28,15Y,15,0.019401695853181498
2024-03-28,20Y,20,0.020317838938297673
2024-03-28,25Y,25,0.019050248838059922
2024-03-28,30Y,30,0.01835869052758481
2024-03-29,1Y,1,0.0029988201591019535
2024-03-29,2Y,2,0.005251614206390313
2024-03-29,3Y,3,0.006587936259256372
2024-03-29,4Y,4,0.007463501102933789
2024-03-29,5Y,5,0.007540260136057277
2024-03-29,7Y,7,0.011706034947526103
2024-03-29,10Y,10,0.015142636443320211
2024-03-29,15Y,15,0.020037942558832105
2024-03-29,20Y,20,0.02046479594431649
2024-03-29,25Y,25,0.019065995718627812
2024-03-29,30Y,30,0.018725227270919065
2024-04-01,1Y,1,0.002948885864675964
2024-04-01,2Y,2,0.005266818639377866
2024-04-01,3Y,3,0.00663828629786636
2024-04-01,4Y,4,0.007453507155415555
2024-04-01,5Y,5,0.007662118852200556
2024-04-01,7Y,7,0.011789433036609554
2024-04-01,10Y,10,0.015233861300125922
2024-04-01,15Y,15,0.0200659099526932
2024-04-01,20Y,20,0.020359119816925886
2024-04-01,25Y,25,0.019142202859566713
2024-04-01,30Y,30,0.019171619823273152
2024-04-02,1Y,1,0.0033884850104390126
2024-04-02,2Y,2,0.0053354734763854505
2024-04-02,3Y,3,0.0064364368429805155
2024-04-02,4Y,4,0.0076538090542523024
2024-04-02,5Y,5,0.009242553267712323
2024-04-02,7Y,7,0.012307339790602358
2024-04-02,10Y,10,0.01556083961284679
2024-04-02,15Y,15,0.02014057935690135
2024-04-02,20Y,20,0.021261926258069035
2024-04-02,25Y,25,0.020229208779124312
2024-04-02,30Y,30,0.01965432921450009
2024-04-03,1Y,1,0.0034284864663605657
2024-04-03,2Y,2,0.005385450755330378
2024-04-03,3Y,3,0.006436305193676325
2024-04-03,4Y,4,0.007683949024599583
2024-04-03,5Y,5,0.009231980162665038
2024-04-03,7Y,7,0.01237880066098344
2024-04-03,10Y,10,0.01563802875338103
2024-04-03,15Y,15,0.020106421236119318
2024-04-03,20Y,20,0.021270264152143302
2024-04-03,25Y,25,0.020325999561455824
2024-04-03,30Y,30,0.01982752230024599
2024-04-04,1Y,1,0.0034084803552523017
2024-04-04,2Y,2,0.005380511463518522
2024-04-04,3Y,3,0.006496623599413524
2024-04-04,4Y,4,0.007658540434244502
2024-04-04,5Y,5,0.009161176958270562
2024-04-04,7Y,7,0.012307440588028695
2024-04-04,10Y,10,0.015526134569031166
2024-04-04,15Y,15,0.020148049297701788
2024-04-04,20Y,20,0.021234477903754056
2024-04-04,25Y,25,0.02019060932330706
2024-04-04,30Y,30,0.0195780246090397
2024-04-05,1Y,1,0.003458414891230459
2024-04-05,2Y,2,0.005460530969649456
2024-04-05,3Y,3,0.006647084600894328
2024-04-05,4Y,4,0.007753664746058605
2024-04-05,5Y,5,0.009201100612675
2024-04-05,7Y,7,0.012318366230443342
2024-04-05,10Y,10,0.01553155782842474
2024-04-05,15Y,15,0.019953904584484778
2024-04-05,20Y,20,0.021098721414224215
2024-04-05,25Y,25,0.020045621484155646
2024-04-05,30Y,30,0.01944499278082872
2024-04-08,1Y,1,0.0035383407324374545
2024-04-08,2Y,2,0.005570514807380842
2024-04-08,3Y,3,0.006767282342039975
2024-04-08,4Y,4,0.00797005548638748
2024-04-08,5Y,5,0.009422980353539773
2024-04-08,7Y,7,0.012550672568302314
2024-04-08,10Y,10,0.015769697395093863
2024-04-08,15Y,15,0.020354439485458804
2024-04-08,20Y,20,0.02147223154764358
2024-04-08,25Y,25,0.020274995222085496
2024-04-08,30Y,30,0.019570802215704352
2024-04-09,1Y,1,0.0035982811907818973
2024-04-09,2Y,2,0.005625431604818443
2024-04-09,3Y,3,0.0067871132420977975
2024-04-09,4Y,4,0.00799494315480213
2024-04-09,5Y,5,0.009493566390458294
2024-04-09,7Y,7,0.012552114936784514
2024-04-09,10Y,10,0.01593047439594717
2024-04-09,15Y,15,0.02033680089761455
2024-04-09,20Y,20,0.021632636224958073
2024-04-09,25Y,25,0.02047412161437724
2024-04-09,30Y,30,0.019734821947725724
2024-04-10,1Y,1,0.0037681107357221033
2024-04-10,2Y,2,0.0058704194505470545
2024-04-10,3Y,3,0.007017312240056884
2024-04-10,4Y,4,0.008296447059010942
2024-04-10,5Y,5,0.00969389613180365
2024-04-10,7Y,7,0.012754077720884622
2024-04-10,10Y,10,0.016057434119237463
2024-04-10,15Y,15,0.020563156350007526
2024-04-10,20Y,20,0.021838234020201013
2024-04-10,25Y,25,0.020668682253832452
2024-04-10,30Y,30,0.019990106299849143
2024-04-11,1Y,1,0.004057773053691591
2024-04-11,2Y,2,0.006245273069253812
2024-04-11,3Y,3,0.00746815391562886
2024-04-11,4Y,4,0.008742945170005477
2024-04-11,5Y,5,0.010248887321005136
2024-04-11,7Y,7,0.013582553940543543
2024-04-11,10Y,10,0.01678143473224651
2024-04-11,15Y,15,0.0217611728638463
2024-04-11,20Y,20,0.022969558013998612
2024-04-11,25Y,25,0.021729021698533843
2024-04-11,30Y,30,0.02104455080655785
2024-04-12,1Y,1,0.003937846086710193
2024-04-12,2Y,2,0.006080313724908776
2024-04-12,3Y,3,0.007327958481154008
2024-04-12,4Y,4,0.008546960615256512
2024-04-12,5Y,5,0.009996444748867173
2024-04-12,7Y,7,0.013388872455870782
2024-04-12,10Y,10,0.01673574357875196
2024-04-12,15Y,15,0.021500739340278404
2024-04-12,20Y,20,0.02257064576741402
2024-04-12,25Y,25,0.021340965408409365
2024-04-12,30Y,30,0.02063101170477507
2024-04-15,1Y,1,0.00406777012654023
2024-04-15,2Y,2,0.006275315273115333
2024-04-15,3Y,3,0.0074579552767132466
2024-04-15,4Y,4,0.008636768549774885
2024-04-15,5Y,5,0.010218719089603104
2024-04-15,7Y,7,0.013510404282950344
2024-04-15,10Y,10,0.016915698617089733
2024-04-15,15Y,15,0.02185521122742422
2024-04-15,20Y,20,0.02293320918901979
2024-04-15,25Y,25,0.0215119737504256
2024-04-15,30Y,30,0.02080856272585678
2024-04-16,1Y,1,0.00415764039131747
2024-04-16,2Y,2,0.006385248823911534
2024-04-16,3Y,3,0.00762840876061709
2024-04-16,4Y,4,0.008888371242752938
2024-04-16,5Y,5,0.010440616270426495
2024-04-16,7Y,7,0.013734618322216889
2024-04-16,10Y,10,0.017086105581499346
2024-04-16,15Y,15,0.021948975448896717
2024-04-16,20Y,20,0.02298456834549627
2024-04-16,25Y,25,0.021562550109688196
2024-04-16,30Y,30,0.02084486435665401
2024-04-17,1Y,1,0.004157601408337084
2024-04-17,2Y,2,0.006340122603570676
2024-04-17,3Y,3,0.007547977542523096
2024-04-17,4Y,4,0.008792596806500456
2024-04-17,5Y,5,0.010369878845919746
2024-04-17,7Y,7,0.013580604103062818
2024-04-17,10Y,10,0.016936644468575783
2024-04-17,15Y,15,0.02179820804250383
2024-04-17,20Y,20,0.022833328706116283
2024-04-17,25Y,25,0.021433587427940576
2024-04-17,30Y,30,0.020717332073208382
2024-04-18,1Y,1,0.004107694351064296
2024-04-18,2Y,2,0.006325290358386318
2024-04-18,3Y,3,0.0074978597922173915
2024-04-18,4Y,4,0.008636381995457212
2024-04-18,5Y,5,0.010167391243508605
2024-04-18,7Y,7,0.01347823676517099
2024-04-18,10Y,10,0.016776385747188916
2024-04-18,15Y,15,0.021601598582373118
2024-04-18,20Y,20,0.02259524926525095
2024-04-18,25Y,25,0.021312742344229092
2024-04-18,30Y,30,0.0207002589124931
2024-04-19,1Y,1,0.003977834222755152
2024-04-19,2Y,2,0.006095189487742356
2024-04-19,3Y,3,0.0072876737763285515
2024-04-19,4Y,4,0.008531730187820111
2024-04-19,5Y,5,0.009965824579752388
2024-04-19,7Y,7,0.01331625911720526
2024-04-19,10Y,10,0.01654164703809696
2024-04-19,15Y,15,0.02132392854383399
2024-04-19,20Y,20,0.022358498919153588
2024-04-19,25Y,25,0.02110285607801831
2024-04-19,30Y,30,0.020467667902587694
2024-04-22,1Y,1,0.004047775993486421
2024-04-22,2Y,2,0.006290442940375508
2024-04-22,3Y,3,0.007558533728974955
2024-04-22,4Y,4,0.008798288299180501
2024-04-22,5Y,5,0.010350269896722863
2024-04-22,7Y,7,0.013548381942412733
2024-04-22,10Y,10,0.01665969407752956
2024-04-22,15Y,15,0.02165577575154185
2024-04-22,20Y,20,0.0226452190720139
2024-04-22,25Y,25,0.021253079438378876
2024-04-22,30Y,30,0.020587403065
2024-04-23,1Y,1,0.0040377537064360145
2024-04-23,2Y,2,0.006295501578763308
2024-04-23,3Y,3,0.007548359799988529
2024-04-23,4Y,4,0.008732680579319908
2024-04-23,5Y,5,0.010401366314600743
2024-04-23,7Y,7,0.013674366506472753
2024-04-23,10Y,10,0.01682175546011984
2024-04-23,15Y,15,0.02188401228176799
2024-04-23,20Y,20,0.02299037963024747
2024-04-23,25Y,25,0.021756922341128616
2024-04-23,30Y,30,0.021096569543900823
2024-04-24,1Y,1,0.004107694351064296
2024-04-24,2Y,2,0.006370419431496818
2024-04-24,3Y,3,0.007699007157340844
2024-04-24,4Y,4,0.008994586490291789
2024-04-24,5Y,5,0.010603331097935036
2024-04-24,7Y,7,0.01385748661418209
2024-04-24,10Y,10,0.017200582986749924
2024-04-24,15Y,15,0.022034981853699964
2024-04-24,20Y,20,0.023109436017992833
2024-04-24,25Y,25,0.021890719155308346
2024-04-24,30Y,30,0.02125410135168428
2024-04-25,1Y,1,0.004257464074181538
2024-04-25,2Y,2,0.0065553142373693425
2024-04-25,3Y,3,0.007828689124056435
2024-04-25,4Y,4,0.009089330002742379
2024-04-25,5Y,5,0.01068268371008781
2024-04-25,7Y,7,0.014151669715229818
2024-04-25,10Y,10,0.01739704079044606
2024-04-25,15Y,15,0.022137781515016736
2024-04-25,20Y,20,0.023275181761843573
2024-04-25,25Y,25,0.021882735800944235
2024-04-25,30Y,30,0.02117749972043801
2024-04-26,1Y,1,0.003987831288364775
2024-04-26,2Y,2,0.006170355155904898
2024-04-26,3Y,3,0.007438326439591925
2024-04-26,4Y,4,0.008758632573933955
2024-04-26,5Y,5,0.010351109096575732
2024-04-26,7Y,7,0.013788981796878097
2024-04-26,10Y,10,0.016895551716125175
2024-04-26,15Y,15,0.021656132096254114
2024-04-26,20Y,20,0.022640479399664345
2024-04-26,25Y,25,0.021257659314270462
2024-04-26,30Y,30,0.02046596800684943
2024-04-29,1Y,1,0.003987831288364775
2024-04-29,2Y,2,0.006170355155904898
2024-04-29,3Y,3,0.007438326439591925
2024-04-29,4Y,4,0.008758632573933955
2024-04-29,5Y,5,0.010351109096575732
2024-04-29,7Y,7,0.013788981796878097
2024-04-29,10Y,10,0.016895551716125175
2024-04-29,15Y,15,0.021656132096254114
2024-04-29,20Y,20,0.022640479399664345
2024-04-29,25Y,25,0.021257659314270462
2024-04-29,30Y,30,0.02046596800684943
2024-04-30,1Y,1,0.004047801296039605
2024-04-30,2Y,2,0.0062402998049430475
2024-04-30,3Y,3,0.0074380329178904804
2024-04-30,4Y,4,0.008657171603143304
2024-04-30,5Y,5,0.010259589416239962
2024-04-30,7Y,7,0.013716111190975565
2024-04-30,10Y,10,0.017033994583110328
2024-04-30,15Y,15,0.021898737615948117
2024-04-30,20Y,20,0.022896429930150466
2024-04-30,25Y,25,0.021532097757719755
2024-04-30,30Y,30,0.020828965706412808
2024-05-01,1Y,1,0.0039778590878212635
2024-05-01,2Y,2,0.006150339642127535
2024-05-01,3Y,3,0.0073680104113300485
2024-05-01,4Y,4,0.008587052632785887
2024-05-01,5Y,5,0.010158742200380374
2024-05-01,7Y,7,0.013602064610747647
2024-05-01,10Y,10,0.016867455378011136
2024-05-01,15Y,15,0.021818381988889485
2024-05-01,20Y,20,0.022843888174444327
2024-05-01,25Y,25,0.02149824250792772
2024-05-01,30Y,30,0.020746589554169904
2024-05-02,1Y,1,0.0040577476890084644
2024-05-02,2Y,2,0.006265331036207511
2024-05-02,3Y,3,0.007488123760921994
2024-05-02,4Y,4,0.00868725291424526
2024-05-02,5Y,5,0.010198138660526655
2024-05-02,7Y,7,0.01371592388455464
2024-05-02,10Y,10,0.01716139552250353
2024-05-02,15Y,15,0.02206849111625581
2024-05-02,20Y,20,0.02319410242936888
2024-05-02,25Y,25,0.021805841621318933
2024-05-02,30Y,30,0.021040577899304396
2024-05-06,1Y,1,0.0040577476890084644
2024-05-06,2Y,2,0.006265331036207511
2024-05-06,3Y,3,0.007488123760921994
2024-05-06,4Y,4,0.00868725291424526
2024-05-06,5Y,5,0.010198138660526655
2024-05-06,7Y,7,0.01371592388455464
2024-05-06,10Y,10,0.014949490344435656
2024-05-06,15Y,15,0.020378681150910464
2024-05-06,20Y,20,0.02499834126195906
2024-05-06,25Y,25,0.019866587709189164
2024-05-06,30Y,30,0.01711880437472535
2024-05-07,1Y,1,0.003548027787424945
2024-05-07,2Y,2,0.005941508087634385
2024-05-07,3Y,3,0.007378599280209518
2024-05-07,4Y,4,0.00815995466039102
2024-05-07,5Y,5,0.009643490936336345
2024-05-07,7Y,7,0.01322571740518727
2024-05-07,10Y,10,0.014640760646843179
2024-05-07,15Y,15,0.022433913844197236
2024-05-07,20Y,20,0.022733199863976577
2024-05-07,25Y,25,0.020897965611517612
2024-05-07,30Y,30,0.019506748043065902
2024-05-08,1Y,1,0.004047750691401126
2024-05-08,2Y,2,0.006190163067733673
2024-05-08,3Y,3,0.007397867374839952
2024-05-08,4Y,4,0.008687640167834354
2024-05-08,5Y,5,0.01020860112743432
2024-05-08,7Y,7,0.013500060387734658
2024-05-08,10Y,10,0.016011689453483916
2024-05-08,15Y,15,0.021208349723744097
2024-05-08,20Y,20,0.02362209341467763
2024-05-08,25Y,25,0.021133101050027865
2024-05-08,30Y,30,0.01982489190774145
2024-05-09,1Y,1,0.004227870379986071
2024-05-09,2Y,2,0.006525338561821563
2024-05-09,3Y,3,0.007557993016320847
2024-05-09,4Y,4,0.008767004048987701
2024-05-09,5Y,5,0.010318799956949468
2024-05-09,7Y,7,0.013701642907321739
2024-05-09,10Y,10,0.016092920099259972
2024-05-09,15Y,15,0.022779976762871156
2024-05-09,20Y,20,0.023610686142674194
2024-05-09,25Y,25,0.021870414471708663
2024-05-09,30Y,30,0.02119939089787387
2024-05-10,1Y,1,0.00418755274768559
2024-05-10,2Y,2,0.006385123338579448
2024-05-10,3Y,3,0.00759803000510859
2024-05-10,4Y,4,0.00875679397731425
2024-05-10,5Y,5,0.010196761509108265
2024-05-10,7Y,7,0.013570061718674302
2024-05-10,10Y,10,0.01713728629049851
2024-05-10,15Y,15,0.02208175042445255
2024-05-10,20Y,20,0.023215097806915573
2024-05-10,25Y,25,0.02194285435056703
2024-05-10,30Y,30,0.021294310947261787
2024-05-13,1Y,1,0.004027693793922475
2024-05-13,2Y,2,0.0066917451247454855
2024-05-13,3Y,3,0.0081000567838198
2024-05-13,4Y,4,0.008963397787919606
2024-05-13,5Y,5,0.01048989430180394
2024-05-13,7Y,7,0.013948837870125259
2024-05-13,10Y,10,0.015951484451052503
2024-05-13,15Y,15,0.022527543986489724
2024-05-13,20Y,20,0.0237340094722355
2024-05-13,25Y,25,0.021562211772325153
2024-05-13,30Y,30,0.020374007952238406
2024-05-14,1Y,1,0.004407195973723426
2024-05-14,2Y,2,0.006685038159097024
2024-05-14,3Y,3,0.007898131919185144
2024-05-14,4Y,4,0.009128593877437616
2024-05-14,5Y,5,0.010701402237047424
2024-05-14,7Y,7,0.014109274527427135
2024-05-14,10Y,10,0.01747618993645917
2024-05-14,15Y,15,0.022041071046589717
2024-05-14,20Y,20,0.023945776346555155
2024-05-14,25Y,25,0.022089901484303946
2024-05-14,30Y,30,0.021456201617777615
2024-05-15,1Y,1,0.004037640134518005
2024-05-15,2Y,2,0.006746882153907303
2024-05-15,3Y,3,0.008190292800469278
2024-05-15,4Y,4,0.00896294825152848
2024-05-15,5Y,5,0.010479365764678731
2024-05-15,7Y,7,0.013854954648261607
2024-05-15,10Y,10,0.014460224860095301
2024-05-15,15Y,15,0.022639753968876027
2024-05-15,20Y,20,0.024177111040393908
2024-05-15,25Y,25,0.020742328395030644
2024-05-15,30Y,30,0.018710103177502036
2024-05-16,1Y,1,0.004337546733637386
2024-05-16,2Y,2,0.006564981667266687
2024-05-16,3Y,3,0.007587357349898096
2024-05-16,4Y,4,0.008816765888508483
2024-05-16,5Y,5,0.010297030434389726
2024-05-16,7Y,7,0.013527369666243974
2024-05-16,10Y,10,0.016077202596334488
2024-05-16,15Y,15,0.02170623300752994
2024-05-16,20Y,20,0.023328267864677264
2024-05-16,25Y,25,0.02220367872941821
2024-05-16,30Y,30,0.021577256165959176
2024-05-17,1Y,1,0.004437088201930836
2024-05-17,2Y,2,0.006619714671493101
2024-05-17,3Y,3,0.007847894110768465
2024-05-17,4Y,4,0.009007057650844193
2024-05-17,5Y,5,0.010447666973214052
2024-05-17,7Y,7,0.013769627051868228
2024-05-17,10Y,10,0.01743018849251248
2024-05-17,15Y,15,0.022310035535536715
2024-05-17,20Y,20,0.02348395480137043
2024-05-17,25Y,25,0.02235229519912143
2024-05-17,30Y,30,0.021795138669084824
2024-05-20,1Y,1,0.00453696608450816
2024-05-20,2Y,2,0.00678474947371106
2024-05-20,3Y,3,0.008008081596807305
2024-05-20,4Y,4,0.009137309208567977
2024-05-20,5Y,5,0.010608779346563424
2024-05-20,7Y,7,0.013952430226235692
2024-05-20,10Y,10,0.017429316097132053
2024-05-20,15Y,15,0.02237549202296379
2024-05-20,20Y,20,0.02357296017676752
2024-05-20,25Y,25,0.022496937868672975
2024-05-20,30Y,30,0.02197901638024169
2024-05-21,1Y,1,0.00453698026346138
2024-05-21,2Y,2,0.006789763639494628
2024-05-21,3Y,3,0.007967806784784377
2024-05-21,4Y,4,0.009061630351151683
2024-05-21,5Y,5,0.010527644520966963
2024-05-21,7Y,7,0.013767861511846908
2024-05-21,10Y,10,0.017243756393267154
2024-05-21,15Y,15,0.022031302987183136
2024-05-21,20Y,20,0.023233449613388947
2024-05-21,25Y,25,0.022095301088937182
2024-05-21,30Y,30,0.02144901418863624
2024-05-22,1Y,1,0.004626859837413
2024-05-22,2Y,2,0.006924755968177992
2024-05-22,3Y,3,0.008118063973597597
2024-05-22,4Y,4,0.009222311711957277
2024-05-22,5Y,5,0.010739709247038392
2024-05-22,7Y,7,0.014125796278591854
2024-05-22,10Y,10,0.01754662732159516
2024-05-22,15Y,15,0.022557534284304525
2024-05-22,20Y,20,0.02375765783503644
2024-05-22,25Y,25,0.022658977328847786
2024-05-22,30Y,30,0.02214007133038697
2024-05-23,1Y,1,0.0045768936556270234
2024-05-23,2Y,2,0.006839731997112968
2024-05-23,3Y,3,0.008108415456963725
2024-05-23,4Y,4,0.00928839543265201
2024-05-23,5Y,5,0.010678847225112538
2024-05-23,7Y,7,0.013994269254770424
2024-05-23,10Y,10,0.017772636600092012
2024-05-23,15Y,15,0.022558245333362783
2024-05-23,20Y,20,0.02366443432879517
2024-05-23,25Y,25,0.022508236330812482
2024-05-23,30Y,30,0.0218721537037588
2024-05-24,1Y,1,0.004606853208065499
2024-05-24,2Y,2,0.006919836795125974
2024-05-24,3Y,3,0.008218757854352773
2024-05-24,4Y,4,0.009399071502113198
2024-05-24,5Y,5,0.010871336322115855
2024-05-24,7Y,7,0.01411484644760248
2024-05-24,10Y,10,0.017812200214001678
2024-05-24,15Y,15,0.022591148704517755
2024-05-24,20Y,20,0.023696266376965234
2024-05-24,25Y,25,0.022405697988746094
2024-05-24,30Y,30,0.021765077524625132
2024-05-27,1Y,1,0.004327265639309098
2024-05-27,2Y,2,0.007016445216226803
2024-05-27,3Y,3,0.008500796795848389
2024-05-27,4Y,4,0.009415081742664717
2024-05-27,5Y,5,0.009924748530185826
2024-05-27,7Y,7,0.014036548509378296
2024-05-27,10Y,10,0.01781172983838767
2024-05-27,15Y,15,0.022928479238763438
2024-05-27,20Y,20,0.023783129975788825
2024-05-27,25Y,25,0.021987536798195435
2024-05-27,30Y,30,0.021129545546339234
2024-05-28,1Y,1,0.004736714392537817
2024-05-28,2Y,2,0.007099777701474878
2024-05-28,3Y,3,0.008368839481122787
2024-05-28,4Y,4,0.009564621490914233
2024-05-28,5Y,5,0.011042329272440057
2024-05-28,7Y,7,0.014370135997685038
2024-05-28,10Y,10,0.01793318169962622
2024-05-28,15Y,15,0.022726116504773266
2024-05-28,20Y,20,0.023578879814112812
2024-05-28,25Y,25,0.0223154201728189
2024-05-28,30Y,30,0.021696704552606215
2024-05-29,1Y,1,0.004926426047077736
2024-05-29,2Y,2,0.007359681618141984
2024-05-29,3Y,3,0.008739928211184522
2024-05-29,4Y,4,0.010012214667903668
2024-05-29,5Y,5,0.011476309002005648
2024-05-29,7Y,7,0.01484090344802913
2024-05-29,10Y,10,0.018423601617849006
2024-05-29,15Y,15,0.02305263448674236
2024-05-29,20Y,20,0.023951186464712827
2024-05-29,25Y,25,0.02261953753042613
2024-05-29,30Y,30,0.021920289735857634
2024-05-30,1Y,1,0.0049463868577009655
2024-05-30,2Y,2,0.0074548953415665906
2024-05-30,3Y,3,0.008819961674646052
2024-05-30,4Y,4,0.009880033417499934
2024-05-30,5Y,5,0.011252119382400397
2024-05-30,7Y,7,0.014498089679829431
2024-05-30,10Y,10,0.017877954451946614
2024-05-30,15Y,15,0.022846059379868482
2024-05-30,20Y,20,0.023741065097272588
2024-05-30,25Y,25,0.022457942211464188
2024-05-30,30Y,30,0.02186370316604629
2024-05-31,1Y,1,0.005036239518660681
2024-05-31,2Y,2,0.007539722641865691
2024-05-31,3Y,3,0.00888986401860999
2024-05-31,4Y,4,0.010036096971444334
2024-05-31,5Y,5,0.011393052212734006
2024-05-31,7Y,7,0.01470275929424442
2024-05-31,10Y,10,0.018146415133925224
2024-05-31,15Y,15,0.022931864598171252
2024-05-31,20Y,20,0.02394525067639555
2024-05-31,25Y,25,0.02277398224040028
2024-05-31,30Y,30,0.022183200443404705
2024-06-03,1Y,1,0.0046464455417500085
2024-06-03,2Y,2,0.00744640859695991
2024-06-03,3Y,3,0.009141916282442012
2024-06-03,4Y,4,0.009916174407051614
2024-06-03,5Y,5,0.011293051497323322
2024-06-03,7Y,7,0.01453992973114739
2024-06-03,10Y,10,0.018027207493923923
2024-06-03,15Y,15,0.022807277308812053
2024-06-03,20Y,20,0.023904570831505406
2024-06-03,25Y,25,0.022662418548418613
2024-06-03,30Y,30,0.021943900418605156
2024-06-04,1Y,1,0.004656760959867395
2024-06-04,2Y,2,0.007029944806951535
2024-06-04,3Y,3,0.008328854946956945
2024-06-04,4Y,4,0.00928688781633984
2024-06-04,5Y,5,0.010616560191506731
2024-06-04,7Y,7,0.013848157915818792
2024-06-04,10Y,10,0.017381821626761287
2024-06-04,15Y,15,0.022204452672880015
2024-06-04,20Y,20,0.023192968168153975
2024-06-04,25Y,25,0.02196774409280059
2024-06-04,30Y,30,0.0213912876073284
2024-06-05,1Y,1,0.0045169596510057555
2024-06-05,2Y,2,0.0068400115236709235
2024-06-05,3Y,3,0.008108451369942163
2024-06-05,4Y,4,0.009152206983567763
2024-06-05,5Y,5,0.010557523636437268
2024-06-05,7Y,7,0.013768842552108428
2024-06-05,10Y,10,0.017312033346593793
2024-06-05,15Y,15,0.022140420101744808
2024-06-05,20Y,20,0.023190421731111573
2024-06-05,25Y,25,0.022110909944089527
2024-06-05,30Y,30,0.021489508912480526
2024-06-06,1Y,1,0.004337316272837615
2024-06-06,2Y,2,0.006675320970030884
2024-06-06,3Y,3,0.007988990343836946
2024-06-06,4Y,4,0.009047609402159167
2024-06-06,5Y,5,0.010376645617445265
2024-06-06,7Y,7,0.013545449026183438
2024-06-06,10Y,10,0.017336245685383903
2024-06-06,15Y,15,0.021657018275347602
2024-06-06,20Y,20,0.02257269621507856
2024-06-06,25Y,25,0.02134494592362706
2024-06-06,30Y,30,0.020642557720488307
2024-06-07,1Y,1,0.004606896400256604
2024-06-07,2Y,2,0.00696497339274631
2024-06-07,3Y,3,0.008339521270713444
2024-06-07,4Y,4,0.009444012253088213
2024-06-07,5Y,5,0.010748935299136234
2024-06-07,7Y,7,0.013961428849279207
2024-06-07,10Y,10,0.017503402164931365
2024-06-07,15Y,15,0.022071733794627343
2024-06-07,20Y,20,0.02299687017778364
2024-06-07,25Y,25,0.021794593748473194
2024-06-07,30Y,30,0.021254761627759623
2024-06-10,1Y,1,0.0047167812840750644
2024-06-10,2Y,2,0.007165078821094247
2024-06-10,3Y,3,0.00854997671692926
2024-06-10,4Y,4,0.009619536559791097
2024-06-10,5Y,5,0.010940240921476222
2024-06-10,7Y,7,0.014258340849049232
2024-06-10,10Y,10,0.017596266078174955
2024-06-10,15Y,15,0.02232619470676842
2024-06-10,20Y,20,0.023205925732661777
2024-06-10,25Y,25,0.021944750749455143
2024-06-10,30Y,30,0.021301235905740713
2024-06-11,1Y,1,0.004626874297412771
2024-06-11,2Y,2,0.006989956644069745
2024-06-11,3Y,3,0.008299076950064115
2024-06-11,4Y,4,0.009388451160015385
2024-06-11,5Y,5,0.010861006810196598
2024-06-11,7Y,7,0.014075389505186001
2024-06-11,10Y,10,0.017365440228296367
2024-06-11,15Y,15,0.022207275447467666
2024-06-11,20Y,20,0.023160426061370566
2024-06-11,25Y,25,0.02185536192555885
2024-06-11,30Y,30,0.021187289708606383
2024-06-12,1Y,1,0.004257317713753836
2024-06-12,2Y,2,0.0065001628896172335
2024-06-12,3Y,3,0.007868849729933415
2024-06-12,4Y,4,0.008962517719654155
2024-06-12,5Y,5,0.010367864845014469
2024-06-12,7Y,7,0.013454051622193208
2024-06-12,10Y,10,0.01699501612582933
2024-06-12,15Y,15,0.021634972659323407
2024-06-12,20Y,20,0.022636808794580285
2024-06-12,25Y,25,0.02132045671243262
2024-06-12,30Y,30,0.02059280819523479
2024-06-13,1Y,1,0.004377234149337015
2024-06-13,2Y,2,0.006695203647820553
2024-06-13,3Y,3,0.007948470528705696
2024-06-13,4Y,4,0.009027341954044884
2024-06-13,5Y,5,0.010437378590924246
2024-06-13,7Y,7,0.013585890281916466
2024-06-13,10Y,10,0.017184834836230393
2024-06-13,15Y,15,0.021755116338632963
2024-06-13,20Y,20,0.022740143418392915
2024-06-13,25Y,25,0.0214266333156135
2024-06-13,30Y,30,0.020698122644533946
2024-06-14,1Y,1,0.0040874832588746884
2024-06-14,2Y,2,0.006179983344937894
2024-06-14,3Y,3,0.007417413342778597
2024-06-14,4Y,4,0.008419271145003383
2024-06-14,5Y,5,0.009751644690783162
2024-06-14,7Y,7,0.012976385885222243
2024-06-14,10Y,10,0.016277412992122417
2024-06-14,15Y,15,0.02098126779103778
2024-06-14,20Y,20,0.021993395445886202
2024-06-14,25Y,25,0.02085791200297968
2024-06-14,30Y,30,0.020250891379359915
2024-06-17,1Y,1,0.004027618269536023
2024-06-17,2Y,2,0.006165187305866683
2024-06-17,3Y,3,0.00741771966041732
2024-06-17,4Y,4,0.008505616053450474
2024-06-17,5Y,5,0.009873632109584977
2024-06-17,7Y,7,0.01301732275135931
2024-06-17,10Y,10,0.01648747658187406
2024-06-17,15Y,15,0.020958787899684923
2024-06-17,20Y,20,0.021936639885791354
2024-06-17,25Y,25,0.020863795493168212
2024-06-17,30Y,30,0.020194972882840823
2024-06-18,1Y,1,0.0037277835448534663
2024-06-18,2Y,2,0.006176475034447899
2024-06-18,3Y,3,0.007759738542401794
2024-06-18,4Y,4,0.008622429299109547
2024-06-18,5Y,5,0.009985606288840291
2024-06-18,7Y,7,0.013221183788848387
2024-06-18,10Y,10,0.016483572924583884
2024-06-18,15Y,15,0.021218683435012972
2024-06-18,20Y,20,0.02220899134529322
2024-06-18,25Y,25,0.021066472760672392
2024-06-18,30Y,30,0.02043331181625446
2024-06-19,1Y,1,0.003928033236057493
2024-06-19,2Y,2,0.006155551517420466
2024-06-19,3Y,3,0.007358299468881386
2024-06-19,4Y,4,0.008521684127384323
2024-06-19,5Y,5,0.009762801919291414
2024-06-19,7Y,7,0.013090378441081466
2024-06-19,10Y,10,0.016271585886557804
2024-06-19,15Y,15,0.020907467076891076
2024-06-19,20Y,20,0.021878820931950295
2024-06-19,25Y,25,0.020677911333424302
2024-06-19,30Y,30,0.0199567497678226
2024-06-20,1Y,1,0.003957765912576274
2024-06-20,2Y,2,0.006125360380798261
2024-06-20,3Y,3,0.007448363858935383
2024-06-20,4Y,4,0.008596879352126597
2024-06-20,5Y,5,0.0099145648599917
2024-06-20,7Y,7,0.013272532494830486
2024-06-20,10Y,10,0.016445216166007824
2024-06-20,15Y,15,0.02120517434061291
2024-06-20,20Y,20,0.022155249000554246
2024-06-20,25Y,25,0.020893612776725988
2024-06-20,30Y,30,0.020169699179810784
2024-06-21,1Y,1,0.004117524035037018
2024-06-21,2Y,2,0.006290159280632702
2024-06-21,3Y,3,0.00758819878192272
2024-06-21,4Y,4,0.00865603460529292
2024-06-21,5Y,5,0.00997393642342487
2024-06-21,7Y,7,0.013311594170646295
2024-06-21,10Y,10,0.016578557254138652
2024-06-21,15Y,15,0.02123030216196189
2024-06-21,20Y,20,0.02223057596335206
2024-06-21,25Y,25,0.021107548867499798
2024-06-21,30Y,30,0.020474581180960426
2024-06-24,1Y,1,0.004247361160721167
2024-06-24,2Y,2,0.006440029766741177
2024-06-24,3Y,3,0.0077383366225854955
2024-06-24,4Y,4,0.00886197776541308
2024-06-24,5Y,5,0.010205795639641472
2024-06-24,7Y,7,0.013455087571617279
2024-06-24,10Y,10,0.016796917701328868
2024-06-24,15Y,15,0.02161329042488061
2024-06-24,20Y,20,0.022641685140965546
2024-06-24,25Y,25,0.02150976040957405
2024-06-24,30Y,30,0.020863477470170786
2024-06-25,1Y,1,0.004227407897016005
2024-06-25,2Y,2,0.006455158723360235
2024-06-25,3Y,3,0.007758482453190544
2024-06-25,4Y,4,0.008912641060700216
2024-06-25,5Y,5,0.010297147607430958
2024-06-25,7Y,7,0.013670844546586593
2024-06-25,10Y,10,0.016932718376673
2024-06-25,15Y,15,0.021727121023567705
2024-06-25,20Y,20,0.022827695442807376
2024-06-25,25Y,25,0.021618947569091634
2024-06-25,30Y,30,0.020970905277455966
2024-06-26,1Y,1,0.0043972270513352035
2024-06-26,2Y,2,0.006740248139422103
2024-06-26,3Y,3,0.008109414843970148
2024-06-26,4Y,4,0.009259183601191365
2024-06-26,5Y,5,0.010650000713470534
2024-06-26,7Y,7,0.01405570235512969
2024-06-26,10Y,10,0.017233576058344264
2024-06-26,15Y,15,0.022063822196618312
2024-06-26,20Y,20,0.023097784100024686
2024-06-26,25Y,25,0.021915452470122714
2024-06-26,30Y,30,0.021353710999997867
2024-06-27,1Y,1,0.004626859837413
2024-06-27,2Y,2,0.006954848642096306
2024-06-27,3Y,3,0.008299226703079556
2024-06-27,4Y,4,0.009494704260474711
2024-06-27,5Y,5,0.010860579471166485
2024-06-27,7Y,7,0.014227341504275251
2024-06-27,10Y,10,0.0173118619153648
2024-06-27,15Y,15,0.022162999152698953
2024-06-27,20Y,20,0.023248424920023627
2024-06-27,25Y,25,0.0220705699197735
2024-06-27,30Y,30,0.021445336728956377
2024-06-28,1Y,1,0.004577279900011171
2024-06-28,2Y,2,0.007065408982175357
2024-06-28,3Y,3,0.008350018960035274
2024-06-28,4Y,4,0.009550647892277801
2024-06-28,5Y,5,0.010921889742918084
2024-06-28,7Y,7,0.014218861279974553
2024-06-28,10Y,10,0.017367579691678285
2024-06-28,15Y,15,0.022170706905316105
2024-06-28,20Y,20,0.02316661685573001
2024-06-28,25Y,25,0.02195166669277443
2024-06-28,30Y,30,0.02121046867708997
2024-07-01,1Y,1,0.004756795713524544
2024-07-01,2Y,2,0.007250154703617765
2024-07-01,3Y,3,0.008670567713006092
2024-07-01,4Y,4,0.00992257993918011
2024-07-01,5Y,5,0.011233680073290264
2024-07-01,7Y,7,0.014513415299104195
2024-07-01,10Y,10,0.017747270979169512
2024-07-01,15Y,15,0.022403724733427506
2024-07-01,20Y,20,0.02351228188812498
2024-07-01,25Y,25,0.022364353512008703
2024-07-01,30Y,30,0.021674492744167242
2024-07-02,1Y,1,0.0047568700489453225
2024-07-02,2Y,2,0.00735047892178116
2024-07-02,3Y,3,0.00883146654995769
2024-07-02,4Y,4,0.01007381796191724
2024-07-02,5Y,5,0.01140593744879812
2024-07-02,7Y,7,0.014634047329810329
2024-07-02,10Y,10,0.018016229110985882
2024-07-02,15Y,15,0.022639575594306387
2024-07-02,20Y,20,0.023773392648182023
2024-07-02,25Y,25,0.022562690782465908
2024-07-02,30Y,30,0.021934029183455318
2024-07-03,1Y,1,0.0045770939184532405
2024-07-03,2Y,2,0.007150694465029695
2024-07-03,3Y,3,0.008590880182914266
2024-07-03,4Y,4,0.009752075101783124
2024-07-03,5Y,5,0.011072846118939736
2024-07-03,7Y,7,0.014380284684266276
2024-07-03,10Y,10,0.017654951591988845
2024-07-03,15Y,15,0.0223818386485271
2024-07-03,20Y,20,0.023517787112005202
2024-07-03,25Y,25,0.02234619274269451
2024-07-03,30Y,30,0.021758251252074347
2024-07-04,1Y,1,0.00453740569303744
2024-07-04,2Y,2,0.0070906734519083315
2024-07-04,3Y,3,0.008410593092582987
2024-07-04,4Y,4,0.009692461298306816
2024-07-04,5Y,5,0.011084377778873484
2024-07-04,7Y,7,0.014342445322221946
2024-07-04,10Y,10,0.017667849485902776
2024-07-04,15Y,15,0.022343718069666098
2024-07-04,20Y,20,0.023505401435641136
2024-07-04,25Y,25,0.022340603773948156
2024-07-04,30Y,30,0.02172794988041856
2024-07-05,1Y,1,0.004487111592976584
2024-07-05,2Y,2,0.0068602037689729205
2024-07-05,3Y,3,0.008300079810443475
2024-07-05,4Y,4,0.009485459706345272
2024-07-05,5Y,5,0.010851781224408406
2024-07-05,7Y,7,0.014177026139185166
2024-07-05,10Y,10,0.017558106996219642
2024-07-05,15Y,15,0.022249485427197953
2024-07-05,20Y,20,0.023483065944263484
2024-07-05,25Y,25,0.022404328810923115
2024-07-05,30Y,30,0.021859352533465028
2024-07-08,1Y,1,0.00458696143463716
2024-07-08,2Y,2,0.007015222108931242
2024-07-08,3Y,3,0.008440130922209967
2024-07-08,4Y,4,0.009615856682295705
2024-07-08,5Y,5,0.011033239247783976
2024-07-08,7Y,7,0.014207991136963988
2024-07-08,10Y,10,0.01761794122896098
2024-07-08,15Y,15,0.022256364757608154
2024-07-08,20Y,20,0.023461757575972547
2024-07-08,25Y,25,0.022400473278012492
2024-07-08,30Y,30,0.02184203232902883
2024-07-09,1Y,1,0.004607270782784368
2024-07-09,2Y,2,0.00715555383976336
2024-07-09,3Y,3,0.008440255239761784
2024-07-09,4Y,4,0.009610840125039034
2024-07-09,5Y,5,0.011012777545642387
2024-07-09,7Y,7,0.01425709636233365
2024-07-09,10Y,10,0.017617635599506964
2024-07-09,15Y,15,0.022380867524822316
2024-07-09,20Y,20,0.023478932196533842
2024-07-09,25Y,25,0.022371987058615025
2024-07-09,30Y,30,0.021862046656213087
2024-07-10,1Y,1,0.0045969433400835655
2024-07-10,2Y,2,0.006980065092306314
2024-07-10,3Y,3,0.008389917735966531
2024-07-10,4Y,4,0.009621055197116223
2024-07-10,5Y,5,0.011012927070826274
2024-07-10,7Y,7,0.014216324536578364
2024-07-10,10Y,10,0.017615187371025055
2024-07-10,15Y,15,0.02233332785220939
2024-07-10,20Y,20,0.02349026081976114
2024-07-10,25Y,25,0.022351323774243308
2024-07-10,30Y,30,0.021841202817951745
2024-07-11,1Y,1,0.004407223521311759
2024-07-11,2Y,2,0.0067101113959298145
2024-07-11,3Y,3,0.008079366071073447
2024-07-11,4Y,4,0.009264263378289249
2024-07-11,5Y,5,0.010670525827966567
2024-07-11,7Y,7,0.01390404135984536
2024-07-11,10Y,10,0.017246395799273097
2024-07-11,15Y,15,0.021924360960288745
2024-07-11,20Y,20,0.023129377557570458
2024-07-11,25Y,25,0.022030294704145227
2024-07-11,30Y,30,0.021434501675200657
2024-07-12,1Y,1,0.004377206789547446
2024-07-12,2Y,2,0.006655085486061138
2024-07-12,3Y,3,0.008009031014636889
2024-07-12,4Y,4,0.00915850088069046
2024-07-12,5Y,5,0.010528675685021943
2024-07-12,7Y,7,0.013789163245675574
2024-07-12,10Y,10,0.0172346504868182
2024-07-12,15Y,15,0.02200295097697104
2024-07-12,20Y,20,0.023162327098600728
2024-07-12,25Y,25,0.022015073554401153
2024-07-12,30Y,30,0.021481452965662395
2024-07-15,1Y,1,0.004377206789547446
2024-07-15,2Y,2,0.006655085486061138
2024-07-15,3Y,3,0.008009031014636889
2024-07-15,4Y,4,0.00915850088069046
2024-07-15,5Y,5,0.010528675685021943
2024-07-15,7Y,7,0.013789163245675574
2024-07-15,10Y,10,0.0172346504868182
2024-07-15,15Y,15,0.02200295097697104
2024-07-15,20Y,20,0.023162327098600728
2024-07-15,25Y,25,0.022015073554401153
2024-07-15,30Y,30,0.021481452965662395
2024-07-16,1Y,1,0.0042872533182191155
2024-07-16,2Y,2,0.006449888055889204
2024-07-16,3Y,3,0.007778365166698388
2024-07-16,4Y,4,0.008891850548002806
2024-07-16,5Y,5,0.01021557624324909
2024-07-16,7Y,7,0.013464696759726363
2024-07-16,10Y,10,0.017110266733726023
2024-07-16,15Y,15,0.021768524319023402
2024-07-16,20Y,20,0.023000058838496047
2024-07-16,25Y,25,0.021804169182840262
2024-07-16,30Y,30,0.02118319864294563
2024-07-17,1Y,1,0.004407044471094991
2024-07-17,2Y,2,0.006584752474996145
2024-07-17,3Y,3,0.007878101067548576
2024-07-17,4Y,4,0.008946348501059612
2024-07-17,5Y,5,0.010264936527241014
2024-07-17,7Y,7,0.013493430752453822
2024-07-17,10Y,10,0.017163472205170324
2024-07-17,15Y,15,0.02172545719004513
2024-07-17,20Y,20,0.022994244226349814
2024-07-17,25Y,25,0.02179489185250847
2024-07-17,30Y,30,0.02113583291432166
2024-07-18,1Y,1,0.004456955334154092
2024-07-18,2Y,2,0.006649720131734981
2024-07-18,3Y,3,0.00802871397569701
2024-07-18,4Y,4,0.009056580683878103
2024-07-18,5Y,5,0.010274204204922569
2024-07-18,7Y,7,0.013531323392928247
2024-07-18,10Y,10,0.017104463694101523
2024-07-18,15Y,15,0.02151687881319165
2024-07-18,20Y,20,0.022708737399056364
2024-07-18,25Y,25,0.021576959567165613
2024-07-18,30Y,30,0.020955738462454153
2024-07-19,1Y,1,0.004187382618038893
2024-07-19,2Y,2,0.006771300759723339
2024-07-19,3Y,3,0.00821999602486589
2024-07-19,4Y,4,0.008956627921313609
2024-07-19,5Y,5,0.010264919844616034
2024-07-19,7Y,7,0.01352193482948279
2024-07-19,10Y,10,0.017010804842682782
2024-07-19,15Y,15,0.021490009462429037
2024-07-19,20Y,20,0.022636242906498634
2024-07-19,25Y,25,0.021533826614005575
2024-07-19,30Y,30,0.020913145059318995
2024-07-22,1Y,1,0.004576822139472681
2024-07-22,2Y,2,0.00679961575998899
2024-07-22,3Y,3,0.008068149596321341
2024-07-22,4Y,4,0.00912658590478736
2024-07-22,5Y,5,0.010415036288938301
2024-07-22,7Y,7,0.013632489406776301
2024-07-22,10Y,10,0.017006767663380735
2024-07-22,15Y,15,0.021755560301911746
2024-07-22,20Y,20,0.022953417917437678
2024-07-22,25Y,25,0.021857663605232544
2024-07-22,30Y,30,0.0212631458973362
2024-07-23,1Y,1,0.004586789417884369
2024-07-23,2Y,2,0.00681963104354567
2024-07-23,3Y,3,0.008057910363895577
2024-07-23,4Y,4,0.009020335562873192
2024-07-23,5Y,5,0.010323773871511933
2024-07-23,7Y,7,0.013366911763806378
2024-07-23,10Y,10,0.016913137987393547
2024-07-23,15Y,15,0.021531982535160248
2024-07-23,20Y,20,0.022742621748987394
2024-07-23,25Y,25,0.021624482404687687
2024-07-23,30Y,30,0.020891523125479705
2024-07-24,1Y,1,0.004876309798509308
2024-07-24,2Y,2,0.007074034466356006
2024-07-24,3Y,3,0.008287669070953933
2024-07-24,4Y,4,0.009270297647321577
2024-07-24,5Y,5,0.01040139046330019
2024-07-24,7Y,7,0.013361719794128452
2024-07-24,10Y,10,0.016889259291392893
2024-07-24,15Y,15,0.021679495279244662
2024-07-24,20Y,20,0.022886776992570468
2024-07-24,25Y,25,0.021793696993589157
2024-07-24,30Y,30,0.021161780324125024
2024-07-25,1Y,1,0.004995960145340177
2024-07-25,2Y,2,0.007143672350677741
2024-07-25,3Y,3,0.008286695849856595
2024-07-25,4Y,4,0.009102481734573249
2024-07-25,5Y,5,0.010156711383655708
2024-07-25,7Y,7,0.012970331703959857
2024-07-25,10Y,10,0.01671112017033543
2024-07-25,15Y,15,0.021292004625823896
2024-07-25,20Y,20,0.02258458227823175
2024-07-25,25Y,25,0.021430968022024127
2024-07-25,30Y,30,0.020748961948593537
2024-07-26,1Y,1,0.004955964506879966
2024-07-26,2Y,2,0.007033535854054046
2024-07-26,3Y,3,0.008085761601851437
2024-07-26,4Y,4,0.008830536184415863
2024-07-26,5Y,5,0.009914458760081048
2024-07-26,7Y,7,0.01269310495994809
2024-07-26,10Y,10,0.016261874994052402
2024-07-26,15Y,15,0.021060100805322148
2024-07-26,20Y,20,0.022242155074424286
2024-07-26,25Y,25,0.02099959225386669
2024-07-26,30Y,30,0.020315916587242168
2024-07-29,1Y,1,0.004896056039299205
2024-07-29,2Y,2,0.006918481721806629
2024-07-29,3Y,3,0.007925329675248362
2024-07-29,4Y,4,0.00869007701966023
2024-07-29,5Y,5,0.009712502795160716
2024-07-29,7Y,7,0.012460739507962365
2024-07-29,10Y,10,0.016019351826776235
2024-07-29,15Y,15,0.020822413922392265
2024-07-29,20Y,20,0.02204865165107006
2024-07-29,25Y,25,0.020811566548538434
2024-07-29,30Y,30,0.020105088734013076
2024-07-30,1Y,1,0.004686529264654912
2024-07-30,2Y,2,0.006758994133823233
2024-07-30,3Y,3,0.00785637145315268
2024-07-30,4Y,4,0.008727163397473342
2024-07-30,5Y,5,0.009816045653707554
2024-07-30,7Y,7,0.012647834800217323
2024-07-30,10Y,10,0.016328959098114975
2024-07-30,15Y,15,0.020913217030321934
2024-07-30,20Y,20,0.022109032476648888
2024-07-30,25Y,25,0.020876835772939917
2024-07-30,30Y,30,0.020169276645314982
2024-07-31,1Y,1,0.0056644717175884296
2024-07-31,2Y,2,0.007691946390592102
2024-07-31,3Y,3,0.00861410076862177
2024-07-31,4Y,4,0.00923773900992354
2024-07-31,5Y,5,0.010200282876272183
2024-07-31,7Y,7,0.012806626836142507
2024-07-31,10Y,10,0.016339319975943324
2024-07-31,15Y,15,0.02090249848064338
2024-07-31,20Y,20,0.02210014320352889
2024-07-31,25Y,25,0.02092747759692007
2024-07-31,30Y,30,0.020181265383839294
2024-08-01,1Y,1,0.005644519383151805
2024-08-01,2Y,2,0.00764189405565774
2024-08-01,3Y,3,0.00843310439398682
2024-08-01,4Y,4,0.00902130363324684
2024-08-01,5Y,5,0.009886225093397675
2024-08-01,7Y,7,0.01230557340637032
2024-08-01,10Y,10,0.015509232757204668
2024-08-01,15Y,15,0.02023448664349405
2024-08-01,20Y,20,0.021373137207511217
2024-08-01,25Y,25,0.020242083264429975
2024-08-01,30Y,30,0.01947518998779272
2024-08-02,1Y,1,0.004815915628744029
2024-08-02,2Y,2,0.00648264089517661
2024-08-02,3Y,3,0.007343166658561371
2024-08-02,4Y,4,0.00783381890361785
2024-08-02,5Y,5,0.008712840118801014
2024-08-02,7Y,7,0.01128815353437055
2024-08-02,10Y,10,0.014690645152018796
2024-08-02,15Y,15,0.019150937990453337
2024-08-02,20Y,20,0.020210975623182494
2024-08-02,25Y,25,0.01916241959923773
2024-08-02,30Y,30,0.01840415402317743
2024-08-05,1Y,1,0.004156757042615129
2024-08-05,2Y,2,0.005518075880091559
2024-08-05,3Y,3,0.0064428166835730615
2024-08-05,4Y,4,0.007301034199725937
2024-08-05,5Y,5,0.008325594257182017
2024-08-05,7Y,7,0.010940088450077923
2024-08-05,10Y,10,0.014357562527942066
2024-08-05,15Y,15,0.018532710739370135
2024-08-05,20Y,20,0.019731715853141877
2024-08-05,25Y,25,0.01868741592521679
2024-08-05,30Y,30,0.017945975426088816
2024-08-06,1Y,1,0.0041468140552835585
2024-08-06,2Y,2,0.0054329206406091395
2024-08-06,3Y,3,0.006352793292304689
2024-08-06,4Y,4,0.00745788820467339
2024-08-06,5Y,5,0.008761664906846212
2024-08-06,7Y,7,0.011675921094347137
2024-08-06,10Y,10,0.015229157199766915
2024-08-06,15Y,15,0.019551010714929564
2024-08-06,20Y,20,0.020726965246519336
2024-08-06,25Y,25,0.01957522090993612
2024-08-06,30Y,30,0.018949847868605228
2024-08-07,1Y,1,0.004196631515143929
2024-08-07,2Y,2,0.005372599980583242
2024-08-07,3Y,3,0.006322571479998364
2024-08-07,4Y,4,0.007609123981954585
2024-08-07,5Y,5,0.009075528919867962
2024-08-07,7Y,7,0.012210967410053553
2024-08-07,10Y,10,0.016102367398813197
2024-08-07,15Y,15,0.02116932072810136
2024-08-07,20Y,20,0.022601364260713727
2024-08-07,25Y,25,0.02160333384519951
2024-08-07,30Y,30,0.020985422642779437
2024-08-08,1Y,1,0.004446250793939022
2024-08-08,2Y,2,0.00564219124781974
2024-08-08,3Y,3,0.006411535894506164
2024-08-08,4Y,4,0.007572193579795171
2024-08-08,5Y,5,0.008911164340315575
2024-08-08,7Y,7,0.011712441198597507
2024-08-08,10Y,10,0.015471826932815617
2024-08-08,15Y,15,0.020335623225273627
2024-08-08,20Y,20,0.021670658913646897
2024-08-08,25Y,25,0.02059458792482148
2024-08-08,30Y,30,0.01988662253116997
2024-08-09,1Y,1,0.0043363676982473036
2024-08-09,2Y,2,0.005482286980219783
2024-08-09,3Y,3,0.006160907636787143
2024-08-09,4Y,4,0.0070488317820461355
2024-08-09,5Y,5,0.008427260634086756
2024-08-09,7Y,7,0.011146359609135157
2024-08-09,10Y,10,0.014813615731411319
2024-08-09,15Y,15,0.01969822082187226
2024-08-09,20Y,20,0.02098089125442919
2024-08-09,25Y,25,0.019837987378908815
2024-08-09,30Y,30,0.019155543008525566
2024-08-12,1Y,1,0.0043363676982473036
2024-08-12,2Y,2,0.005482286980219783
2024-08-12,3Y,3,0.006160907636787143
2024-08-12,4Y,4,0.0070488317820461355
2024-08-12,5Y,5,0.008427260634086756
2024-08-12,7Y,7,0.011146359609135157
2024-08-12,10Y,10,0.014813615731411319
2024-08-12,15Y,15,0.01969822082187226
2024-08-12,20Y,20,0.02098089125442919
2024-08-12,25Y,25,0.019837987378908815
2024-08-12,30Y,30,0.019155543008525566
2024-08-13,1Y,1,0.004196644625697753
2024-08-13,2Y,2,0.0054076753399897514
2024-08-13,3Y,3,0.006181678960100403
2024-08-13,4Y,4,0.007125185422030274
2024-08-13,5Y,5,0.00818439653342559
2024-08-13,7Y,7,0.010847892959518438
2024-08-13,10Y,10,0.01465143258248289
2024-08-13,15Y,15,0.019650486239956584
2024-08-13,20Y,20,0.020944645801965363
2024-08-13,25Y,25,0.019875541673749088
2024-08-13,30Y,30,0.019258300843620478
2024-08-14,1Y,1,0.004236610076544579
2024-08-14,2Y,2,0.005447603742230003
2024-08-14,3Y,3,0.00614129057094378
2024-08-14,4Y,4,0.007004052535845153
2024-08-14,5Y,5,0.007941287489056292
2024-08-14,7Y,7,0.010533161094361948
2024-08-14,10Y,10,0.014133675027511654
2024-08-14,15Y,15,0.019213995004674765
2024-08-14,20Y,20,0.02064517515047642
2024-08-14,25Y,25,0.019535716369373745
2024-08-14,30Y,30,0.01888364690813364
2024-08-15,1Y,1,0.004546308732496483
2024-08-15,2Y,2,0.005877305203961691
2024-08-15,3Y,3,0.006712523183788733
2024-08-15,4Y,4,0.007651157131382431
2024-08-15,5Y,5,0.008595558659016367
2024-08-15,7Y,7,0.01126132535800015
2024-08-15,10Y,10,0.015014489235279767
2024-08-15,15Y,15,0.01993918556773292
2024-08-15,20Y,20,0.021315549347841325
2024-08-15,25Y,25,0.020149275813155596
2024-08-15,30Y,30,0.019540283821399183
2024-08-16,1Y,1,0.004646416504465264
2024-08-16,2Y,2,0.0061124348578009535
2024-08-16,3Y,3,0.006691728321457324
2024-08-16,4Y,4,0.007544831028668571
2024-08-16,5Y,5,0.008574616138368386
2024-08-16,7Y,7,0.011097048151607964
2024-08-16,10Y,10,0.014934910177910349
2024-08-16,15Y,15,0.01990615852826421
2024-08-16,20Y,20,0.02128015256479342
2024-08-16,25Y,25,0.020064668450857786
2024-08-16,30Y,30,0.01944215758952546
2024-08-19,1Y,1,0.004755933673779092
2024-08-19,2Y,2,0.006192161573334758
2024-08-19,3Y,3,0.006881634948579818
2024-08-19,4Y,4,0.007821122039850139
2024-08-19,5Y,5,0.00893738329978574
2024-08-19,7Y,7,0.011749860309447194
2024-08-19,10Y,10,0.015662362596162764
2024-08-19,15Y,15,0.020657561018796202
2024-08-19,20Y,20,0.02189744408049824
2024-08-19,25Y,25,0.020625819646063095
2024-08-19,30Y,30,0.019911453562472436
2024-08-20,1Y,1,0.004406534984428438
2024-08-20,2Y,2,0.006293971304576703
2024-08-20,3Y,3,0.007193721206235225
2024-08-20,4Y,4,0.007766489340767029
2024-08-20,5Y,5,0.008918154105421945
2024-08-20,7Y,7,0.011504915466210443
2024-08-20,10Y,10,0.015325971098914613
2024-08-20,15Y,15,0.020518862102809454
2024-08-20,20Y,20,0.021927249104217027
2024-08-20,25Y,25,0.020638069577494037
2024-08-20,30Y,30,0.019851526290624106
2024-08-21,1Y,1,0.004576221534301931
2024-08-21,2Y,2,0.00595737041884657
2024-08-21,3Y,3,0.006681837206712921
2024-08-21,4Y,4,0.007545189932058654
2024-08-21,5Y,5,0.008534394692905085
2024-08-21,7Y,7,0.011322742644977832
2024-08-21,10Y,10,0.015135364324118494
2024-08-21,15Y,15,0.02016837939923013
2024-08-21,20Y,20,0.021650683160878436
2024-08-21,25Y,25,0.020560488797002167
2024-08-21,30Y,30,0.019966993818021108
2024-08-22,1Y,1,0.004636117093727001
2024-08-22,2Y,2,0.006127529981095897
2024-08-22,3Y,3,0.006882113451154223
2024-08-22,4Y,4,0.007751120375707509
2024-08-22,5Y,5,0.008786128088354328
2024-08-22,7Y,7,0.011515016001614978
2024-08-22,10Y,10,0.015462638638757412
2024-08-22,15Y,15,0.020261695261280344
2024-08-22,20Y,20,0.021717342948855824
2024-08-22,25Y,25,0.02045357841525776
2024-08-22,30Y,30,0.01965547341310899
2024-08-23,1Y,1,0.0047359300093755535
2024-08-23,2Y,2,0.006217316046102628
2024-08-23,3Y,3,0.006901587159635764
2024-08-23,4Y,4,0.007664593637866804
2024-08-23,5Y,5,0.008663889078150673
2024-08-23,7Y,7,0.011465970916983943
2024-08-23,10Y,10,0.015140675482044931
2024-08-23,15Y,15,0.02011849050460915
2024-08-23,20Y,20,0.02152548262383608
2024-08-23,25Y,25,0.02019986514175215
2024-08-23,30Y,30,0.019437789919579417
2024-08-26,1Y,1,0.0043965538154420395
2024-08-26,2Y,2,0.0063742379057229685
2024-08-26,3Y,3,0.007243673048548255
2024-08-26,4Y,4,0.007614836883193353
2024-08-26,5Y,5,0.007538400979033825
2024-08-26,7Y,7,0.011212035219142259
2024-08-26,10Y,10,0.015360058685371238
2024-08-26,15Y,15,0.020645856983803702
2024-08-26,20Y,20,0.021670190734344248
2024-08-26,25Y,25,0.02001188269473692
2024-08-26,30Y,30,0.01943768953802739
2024-08-27,1Y,1,0.004715970721492543
2024-08-27,2Y,2,0.006227430508184458
2024-08-27,3Y,3,0.006982075741177759
2024-08-27,4Y,4,0.007714839711921207
2024-08-27,5Y,5,0.008755161631814754
2024-08-27,7Y,7,0.01166818794918573
2024-08-27,10Y,10,0.015456631264370711
2024-08-27,15Y,15,0.02028933588106942
2024-08-27,20Y,20,0.02171475933031252
2024-08-27,25Y,25,0.020451810679425128
2024-08-27,30Y,30,0.01973990464106814
2024-08-28,1Y,1,0.004805830991476197
2024-08-28,2Y,2,0.006302217585613472
2024-08-28,3Y,3,0.00703189070213122
2024-08-28,4Y,4,0.007860575600443754
2024-08-28,5Y,5,0.008916226439109255
2024-08-28,7Y,7,0.011769264943114234
2024-08-28,10Y,10,0.015122704595122896
2024-08-28,15Y,15,0.02103961418690076
2024-08-28,20Y,20,0.022038865468956982
2024-08-28,25Y,25,0.020248404889151295
2024-08-28,30Y,30,0.019149266936683108
2024-08-29,1Y,1,0.004696084593390227
2024-08-29,2Y,2,0.006217489503443557
2024-08-29,3Y,3,0.006942093590655174
2024-08-29,4Y,4,0.0077858824882454415
2024-08-29,5Y,5,0.008876867740412119
2024-08-29,7Y,7,0.01181154983700173
2024-08-29,10Y,10,0.015619246871373244
2024-08-29,15Y,15,0.020666529502427575
2024-08-29,20Y,20,0.02220258910230587
2024-08-29,25Y,25,0.021028958974310133
2024-08-29,30Y,30,0.020407286271783287
2024-08-30,1Y,1,0.004785887166059108
2024-08-30,2Y,2,0.006317345699514178
2024-08-30,3Y,3,0.007092273249088109
2024-08-30,4Y,4,0.007885676489553305
2024-08-30,5Y,5,0.008906060118333562
2024-08-30,7Y,7,0.011943160872235556
2024-08-30,10Y,10,0.015836900338319818
2024-08-30,15Y,15,0.020811497043474923
2024-08-30,20Y,20,0.02238446545880368
2024-08-30,25Y,25,0.021156036533459023
2024-08-30,30Y,30,0.020470428694642682
2024-09-02,1Y,1,0.004845808507007751
2024-09-02,2Y,2,0.006392266752718823
2024-09-02,3Y,3,0.007172352414935304
2024-09-02,4Y,4,0.007996104601368723
2024-09-02,5Y,5,0.009128477790616674
2024-09-02,7Y,7,0.011983507130056609
2024-09-02,10Y,10,0.015872374167087224
2024-09-02,15Y,15,0.020916099305618174
2024-09-02,20Y,20,0.022360148545269208
2024-09-02,25Y,25,0.02125639236460947
2024-09-02,30Y,30,0.020609714486725737
2024-09-03,1Y,1,0.004945660468505002
2024-09-03,2Y,2,0.006512120293379584
2024-09-03,3Y,3,0.007232008256961505
2024-09-03,4Y,4,0.007995245672165953
2024-09-03,5Y,5,0.009117393426654104
2024-09-03,7Y,7,0.0118819593390486
2024-09-03,10Y,10,0.015661310953249123
2024-09-03,15Y,15,0.020582722546639818
2024-09-03,20Y,20,0.022055617491330545
2024-09-03,25Y,25,0.02095158270421464
2024-09-03,30Y,30,0.02028005732119516
2024-09-04,1Y,1,0.004755948532616923
2024-09-04,2Y,2,0.006197173412070802
2024-09-04,3Y,3,0.006881643397054149
2024-09-04,4Y,4,0.007593802081159876
2024-09-04,5Y,5,0.00863404608560794
2024-09-04,7Y,7,0.011390198191146093
2024-09-04,10Y,10,0.015291791522426709
2024-09-04,15Y,15,0.020182566091645655
2024-09-04,20Y,20,0.021668188760389208
2024-09-04,25Y,25,0.02045511019155955
2024-09-04,30Y,30,0.019733712262106674
2024-09-05,1Y,1,0.004765868567759939
2024-09-05,2Y,2,0.00623222047229681
2024-09-05,3Y,3,0.006911499923364813
2024-09-05,4Y,4,0.007558284734183372
2024-09-05,5Y,5,0.008562788731870809
2024-09-05,7Y,7,0.011215715841461485
2024-09-05,10Y,10,0.0150752944979432
2024-09-05,15Y,15,0.02012364829009826
2024-09-05,20Y,20,0.021479474818131797
2024-09-05,25Y,25,0.020397274581070015
2024-09-05,30Y,30,0.01977761568418077
2024-09-06,1Y,1,0.0047159559878064755
2024-09-06,2Y,2,0.006147228896699506
2024-09-06,3Y,3,0.0067611027577748
2024-09-06,4Y,4,0.007412824297776042
2024-09-06,5Y,5,0.008340711272266866
2024-09-06,7Y,7,0.011085830808765237
2024-09-06,10Y,10,0.014871436184144573
2024-09-06,15Y,15,0.020032138484987864
2024-09-06,20Y,20,0.021102807896424127
2024-09-06,25Y,25,0.020317876324686252
2024-09-06,30Y,30,0.019876590316593397
2024-09-09,1Y,1,0.004945567760688809
2024-09-09,2Y,2,0.0064519664077008
2024-09-09,3Y,3,0.007111350359161853
2024-09-09,4Y,4,0.007722975667616287
2024-09-09,5Y,5,0.008722749583970171
2024-09-09,7Y,7,0.01153272363097375
2024-09-09,10Y,10,0.015212910254887226
2024-09-09,15Y,15,0.020238132670377187
2024-09-09,20Y,20,0.021648668485664893
2024-09-09,25Y,25,0.02048023578840656
2024-09-09,30Y,30,0.019783635363417252
2024-09-10,1Y,1,0.0049555464401491766
2024-09-10,2Y,2,0.006446907018477336
2024-09-10,3Y,3,0.007101286992834947
2024-09-10,4Y,4,0.007748213620509632
2024-09-10,5Y,5,0.008813988546034011
2024-09-10,7Y,7,0.011542683928385221
2024-09-10,10Y,10,0.015317246257043726
2024-09-10,15Y,15,0.02039655049904788
2024-09-10,20Y,20,0.021745417860127337
2024-09-10,25Y,25,0.020567094080352587
2024-09-10,30Y,30,0.019869356507640545
2024-09-11,1Y,1,0.004805710879753386
2024-09-11,2Y,2,0.006201970101556156
2024-09-11,3Y,3,0.006891260410767814
2024-09-11,4Y,4,0.007542941289748237
2024-09-11,5Y,5,0.008542430891945266
2024-09-11,7Y,7,0.011473074087934628
2024-09-11,10Y,10,0.014817394998322908
2024-09-11,15Y,15,0.02019503772488088
2024-09-11,20Y,20,0.02182826657593836
2024-09-11,25Y,25,0.02067979877677185
2024-09-11,30Y,30,0.019913554605288562
2024-09-12,1Y,1,0.004905529939253831
2024-09-12,2Y,2,0.0063418714795262145
2024-09-12,3Y,3,0.0070714852155335335
2024-09-12,4Y,4,0.007738494384944887
2024-09-12,5Y,5,0.00874351261024348
2024-09-12,7Y,7,0.011491916833295052
2024-09-12,10Y,10,0.015263131069061894
2024-09-12,15Y,15,0.02061410096590396
2024-09-12,20Y,20,0.02200827796651828
2024-09-12,25Y,25,0.020757551737602
2024-09-12,30Y,30,0.020046774576435104
2024-09-13,1Y,1,0.004945459608069271
2024-09-13,2Y,2,0.006341687500184807
2024-09-13,3Y,3,0.007031168426835483
2024-09-13,4Y,4,0.007799053902466475
2024-09-13,5Y,5,0.008742995572381599
2024-09-13,7Y,7,0.011389022228781666
2024-09-13,10Y,10,0.015249467222902362
2024-09-13,15Y,15,0.020635591845531886
2024-09-13,20Y,20,0.0220768551804205
2024-09-13,25Y,25,0.020934530633026763
2024-09-13,30Y,30,0.020289714562458493
2024-09-16,1Y,1,0.004945459608069271
2024-09-16,2Y,2,0.006341687500184807
2024-09-16,3Y,3,0.007031168426835483
2024-09-16,4Y,4,0.007799053902466475
2024-09-16,5Y,5,0.008742995572381599
2024-09-16,7Y,7,0.011389022228781666
2024-09-16,10Y,10,0.015249467222902362
2024-09-16,15Y,15,0.020635591845531886
2024-09-16,20Y,20,0.0220768551804205
2024-09-16,25Y,25,0.020934530633026763
2024-09-16,30Y,30,0.020289714562458493
2024-09-17,1Y,1,0.004845566290094979
2024-09-17,2Y,2,0.006161695048294865
2024-09-17,3Y,3,0.006850982733782713
2024-09-17,4Y,4,0.007517586033860189
2024-09-17,5Y,5,0.008420703061871444
2024-09-17,7Y,7,0.01108454266645019
2024-09-17,10Y,10,0.01500247518553375
2024-09-17,15Y,15,0.02044450663829523
2024-09-17,20Y,20,0.021921193504644693
2024-09-17,25Y,25,0.020635300446235346
2024-09-17,30Y,30,0.019914504933847964
2024-09-18,1Y,1,0.004785737649380159
2024-09-18,2Y,2,0.00613188601504848
2024-09-18,3Y,3,0.0067910171003166524
2024-09-18,4Y,4,0.007467747958706833
2024-09-18,5Y,5,0.008421368552854773
2024-09-18,7Y,7,0.011261372193022635
2024-09-18,10Y,10,0.015268894185520215
2024-09-18,15Y,15,0.020700469827830255
2024-09-18,20Y,20,0.022207766051184206
2024-09-18,25Y,25,0.0210017516316106
2024-09-18,30Y,30,0.02032037007090467
2024-09-19,1Y,1,0.0047957317649837015
2024-09-19,2Y,2,0.006191989734054478
2024-09-19,3Y,3,0.006901394545633501
2024-09-19,4Y,4,0.007684371078505876
2024-09-19,5Y,5,0.00872450392542422
2024-09-19,7Y,7,0.011546647850762714
2024-09-19,10Y,10,0.01557865602690842
2024-09-19,15Y,15,0.02122832309439752
2024-09-19,20Y,20,0.022787964924637423
2024-09-19,25Y,25,0.021446928760552302
2024-09-19,30Y,30,0.020711637018866313
2024-09-20,1Y,1,0.004755844523636871
2024-09-20,2Y,2,0.006207204191470462
2024-09-20,3Y,3,0.006941730128205066
2024-09-20,4Y,4,0.0075985764914314885
2024-09-20,5Y,5,0.008603333802823184
2024-09-20,7Y,7,0.011465238589736564
2024-09-20,10Y,10,0.015407637632648227
2024-09-20,15Y,15,0.02121581512967443
2024-09-20,20Y,20,0.022766961328379187
2024-09-20,25Y,25,0.021419167141148665
2024-09-20,30Y,30,0.020659595467925763
2024-09-23,1Y,1,0.004755844523636871
2024-09-23,2Y,2,0.006207204191470462
2024-09-23,3Y,3,0.006941730128205066
2024-09-23,4Y,4,0.0075985764914314885
2024-09-23,5Y,5,0.008603333802823184
2024-09-23,7Y,7,0.011465238589736564
2024-09-23,10Y,10,0.015407637632648227
2024-09-23,15Y,15,0.02121581512967443
2024-09-23,20Y,20,0.022766961328379187
2024-09-23,25Y,25,0.021419167141148665
2024-09-23,30Y,30,0.020659595467925763
2024-09-24,1Y,1,0.004296538028135274
2024-09-24,2Y,2,0.005687907297747678
2024-09-24,3Y,3,0.00658264294729911
2024-09-24,4Y,4,0.007400703077394994
2024-09-24,5Y,5,0.008465993760738741
2024-09-24,7Y,7,0.011274818728845889
2024-09-24,10Y,10,0.015308949830799064
2024-09-24,15Y,15,0.021532196887125193
2024-09-24,20Y,20,0.023105498495968515
2024-09-24,25Y,25,0.02190991547587654
2024-09-24,30Y,30,0.021182911231107902
2024-09-25,1Y,1,0.0044463063560104205
2024-09-25,2Y,2,0.005812581499693912
2024-09-25,3Y,3,0.006672379281868988
2024-09-25,4Y,4,0.007495408776688924
2024-09-25,5Y,5,0.008434097168682628
2024-09-25,7Y,7,0.011160069861223369
2024-09-25,10Y,10,0.015368565347012232
2024-09-25,15Y,15,0.021135261508461643
2024-09-25,20Y,20,0.02276640128596741
2024-09-25,25Y,25,0.02182556451868792
2024-09-25,30Y,30,0.021180365960334513
2024-09-26,1Y,1,0.004346443528547816
2024-09-26,2Y,2,0.005692715265463205
2024-09-26,3Y,3,0.006532219970203759
2024-09-26,4Y,4,0.007319851850306371
2024-09-26,5Y,5,0.008313924086997077
2024-09-26,7Y,7,0.011071873444573194
2024-09-26,10Y,10,0.015379719467048653
2024-09-26,15Y,15,0.021335509521641687
2024-09-26,20Y,20,0.023093993803847686
2024-09-26,25Y,25,0.022036359810629604
2024-09-26,30Y,30,0.021353358076937945
2024-09-27,1Y,1,0.004785737649380159
2024-09-27,2Y,2,0.006207072958754822
2024-09-27,3Y,3,0.006991861879524811
2024-09-27,4Y,4,0.007744608919466824
2024-09-27,5Y,5,0.008764868535790735
2024-09-27,7Y,7,0.011370048260043359
2024-09-27,10Y,10,0.015527900629780142
2024-09-27,15Y,15,0.021078069778776385
2024-09-27,20Y,20,0.02265403513294853
2024-09-27,25Y,25,0.021707031171463984
2024-09-27,30Y,30,0.021045649347176686
2024-09-30,1Y,1,0.004925471760952264
2024-09-30,2Y,2,0.006296666383829936
2024-09-30,3Y,3,0.006991130718455578
2024-09-30,4Y,4,0.007668000664820679
2024-09-30,5Y,5,0.008622133039187106
2024-09-30,7Y,7,0.011267163079737692
2024-09-30,10Y,10,0.01534923360953544
2024-09-30,15Y,15,0.021096675292312364
2024-09-30,20Y,20,0.022622003842246035
2024-09-30,25Y,25,0.021625590934717335
2024-09-30,30Y,30,0.020925727695103934
2024-10-01,1Y,1,0.004715838123219591
2024-10-01,2Y,2,0.00601691602546413
2024-10-01,3Y,3,0.006701111191198143
2024-10-01,4Y,4,0.007377631466734922
2024-10-01,5Y,5,0.008280530056975557
2024-10-01,7Y,7,0.011057797333246376
2024-10-01,10Y,10,0.015184380468473164
2024-10-01,15Y,15,0.020870165483731322
2024-10-01,20Y,20,0.022440026459057964
2024-10-01,25Y,25,0.021503251878976136
2024-10-01,30Y,30,0.02085691823946572
2024-10-02,1Y,1,0.0045860872142115755
2024-10-02,2Y,2,0.005897189957059132
2024-10-02,3Y,3,0.00659131621817149
2024-10-02,4Y,4,0.007358676584920775
2024-10-02,5Y,5,0.00831203065469685
2024-10-02,7Y,7,0.011016575756141515
2024-10-02,10Y,10,0.015060830058416103
2024-10-02,15Y,15,0.02073126709015993
2024-10-02,20Y,20,0.022296011217845798
2024-10-02,25Y,25,0.021369158514589957
2024-10-02,30Y,30,0.02074798549134378
2024-10-03,1Y,1,0.004556175369693557
2024-10-03,2Y,2,0.005922375904660979
2024-10-03,3Y,3,0.006641624656000046
2024-10-03,4Y,4,0.007484890887077049
2024-10-03,5Y,5,0.008443356062748488
2024-10-03,7Y,7,0.011120309650728744
2024-10-03,10Y,10,0.015059980538856012
2024-10-03,15Y,15,0.020738219185932712
2024-10-03,20Y,20,0.02231192624527192
2024-10-03,25Y,25,0.02139762662988085
2024-10-03,30Y,30,0.020714293607792277
2024-10-04,1Y,1,0.004815659855899404
2024-10-04,2Y,2,0.006232002558903559
2024-10-04,3Y,3,0.007021815358478405
2024-10-04,4Y,4,0.007850380345524875
2024-10-04,5Y,5,0.008855410199068154
2024-10-04,7Y,7,0.011473773961893984
2024-10-04,10Y,10,0.015320523258659593
2024-10-04,15Y,15,0.02084609422067964
2024-10-04,20Y,20,0.022579998804014276
2024-10-04,25Y,25,0.021671327442952727
2024-10-04,30Y,30,0.020925028499561276
2024-10-07,1Y,1,0.0052647456855223155
2024-10-07,2Y,2,0.006706130751084935
2024-10-07,3Y,3,0.0074108482934401206
2024-10-07,4Y,4,0.008148959562349338
2024-10-07,5Y,5,0.009032489900935409
2024-10-07,7Y,7,0.011598936645977574
2024-10-07,10Y,10,0.015433164146185271
2024-10-07,15Y,15,0.021165373188669786
2024-10-07,20Y,20,0.022677532723953397
2024-10-07,25Y,25,0.021797113870539647
2024-10-07,30Y,30,0.02112310608437651
2024-10-08,1Y,1,0.005115054724497646
2024-10-08,2Y,2,0.006561467271625999
2024-10-08,3Y,3,0.007341489647626469
2024-10-08,4Y,4,0.00808452182367526
2024-10-08,5Y,5,0.008983469490250225
2024-10-08,7Y,7,0.011623125795609757
2024-10-08,10Y,10,0.01553706163263388
2024-10-08,15Y,15,0.021246822201896075
2024-10-08,20Y,20,0.022701422324333483
2024-10-08,25Y,25,0.02177168017252527
2024-10-08,30Y,30,0.021058196634877235
2024-10-09,1Y,1,0.0051150227668059
2024-10-09,2Y,2,0.00653640323377702
2024-10-09,3Y,3,0.007341549339583869
2024-10-09,4Y,4,0.008099652636761503
2024-10-09,5Y,5,0.009013971573167424
2024-10-09,7Y,7,0.011592404305323777
2024-10-09,10Y,10,0.015502551863950116
2024-10-09,15Y,15,0.021322186407459087
2024-10-09,20Y,20,0.02284341883770368
2024-10-09,25Y,25,0.021895434461663164
2024-10-09,30Y,30,0.021257709302381314
2024-10-10,1Y,1,0.0052348474869974735
2024-10-10,2Y,2,0.006761424383983779
2024-10-10,3Y,3,0.007642226245399492
2024-10-10,4Y,4,0.00837037631781384
2024-10-10,5Y,5,0.009315979250264953
2024-10-10,7Y,7,0.011876108493433107
2024-10-10,10Y,10,0.015871570025515563
2024-10-10,15Y,15,0.021773170399288812
2024-10-10,20Y,20,0.023334208650724213
2024-10-10,25Y,25,0.022455420271621607
2024-10-10,30Y,30,0.021882161121693257
2024-10-11,1Y,1,0.005234765722643954
2024-10-11,2Y,2,0.0066611586549145275
2024-10-11,3Y,3,0.007501648903181118
2024-10-11,4Y,4,0.008345758629272575
2024-10-11,5Y,5,0.009336719726052095
2024-10-11,7Y,7,0.011946298422544292
2024-10-11,10Y,10,0.01612519832583439
2024-10-11,15Y,15,0.021705497366706614
2024-10-11,20Y,20,0.023465009295339418
2024-10-11,25Y,25,0.02259044833771595
2024-10-11,30Y,30,0.02200661695468553
2024-10-14,1Y,1,0.005234765722643954
2024-10-14,2Y,2,0.0066611586549145275
2024-10-14,3Y,3,0.007501648903181118
2024-10-14,4Y,4,0.008345758629272575
2024-10-14,5Y,5,0.009336719726052095
2024-10-14,7Y,7,0.011946298422544292
2024-10-14,10Y,10,0.01612519832583439
2024-10-14,15Y,15,0.021705497366706614
2024-10-14,20Y,20,0.023465009295339418
2024-10-14,25Y,25,0.02259044833771595
2024-10-14,30Y,30,0.02200661695468553
2024-10-15,1Y,1,0.005304570009210836
2024-10-15,2Y,2,0.006766102383370338
2024-10-15,3Y,3,0.007611553976111715
2024-10-15,4Y,4,0.008445905762525425
2024-10-15,5Y,5,0.009426680283829474
2024-10-15,7Y,7,0.01207794540621671
2024-10-15,10Y,10,0.016227801152170637
2024-10-15,15Y,15,0.021808797541451926
2024-10-15,20Y,20,0.023538621648166388
2024-10-15,25Y,25,0.02276191055404768
2024-10-15,30Y,30,0.022192803859432834
2024-10-16,1Y,1,0.0052547359369145095
2024-10-16,2Y,2,0.006671087480636153
2024-10-16,3Y,3,0.007481445868540475
2024-10-16,4Y,4,0.00830529328739033
2024-10-16,5Y,5,0.009306322131616208
2024-10-16,7Y,7,0.011874297462736657
2024-10-16,10Y,10,0.016143460076117534
2024-10-16,15Y,15,0.021741431804486924
2024-10-16,20Y,20,0.02353717407214776
2024-10-16,25Y,25,0.02273108712224512
2024-10-16,30Y,30,0.022263530794063104
2024-10-17,1Y,1,0.005424369613366509
2024-10-17,2Y,2,0.0069259413660859885
2024-10-17,3Y,3,0.007832020769613535
2024-10-17,4Y,4,0.008727160435783816
2024-10-17,5Y,5,0.00971886498891426
2024-10-17,7Y,7,0.012405480088045606
2024-10-17,10Y,10,0.016520003398837663
2024-10-17,15Y,15,0.022043316151715838
2024-10-17,20Y,20,0.02367633233497712
2024-10-17,25Y,25,0.022936154764158147
2024-10-17,30Y,30,0.02241577413153001
2024-10-18,1Y,1,0.005454263606241465
2024-10-18,2Y,2,0.006975932198953484
2024-10-18,3Y,3,0.007841654361643642
2024-10-18,4Y,4,0.008701672903326116
2024-10-18,5Y,5,0.009799805349212968
2024-10-18,7Y,7,0.012536254129843105
2024-10-18,10Y,10,0.016487529835241436
2024-10-18,15Y,15,0.022071238804471118
2024-10-18,20Y,20,0.023780507104236185
2024-10-18,25Y,25,0.02307687840409816
2024-10-18,30Y,30,0.022571032827987992
2024-10-21,1Y,1,0.0053544353558079355
2024-10-21,2Y,2,0.006856103441849084
2024-10-21,3Y,3,0.007761900337680841
2024-10-21,4Y,4,0.008677436834661571
2024-10-21,5Y,5,0.00970937387145894
2024-10-21,7Y,7,0.012457473327754227
2024-10-21,10Y,10,0.016623361729623178
2024-10-21,15Y,15,0.022240324844264147
2024-10-21,20Y,20,0.02398342276265589
2024-10-21,25Y,25,0.023264281110893577
2024-10-21,30Y,30,0.022721861093681194
2024-10-22,1Y,1,0.0054043160284779216
2024-10-22,2Y,2,0.006860867944651836
2024-10-22,3Y,3,0.007771801570985262
2024-10-22,4Y,4,0.008671944496802754
2024-10-22,5Y,5,0.00970922953593112
2024-10-22,7Y,7,0.012395636782549718
2024-10-22,10Y,10,0.016451785275012957
2024-10-22,15Y,15,0.022127545268913862
2024-10-22,20Y,20,0.023884289988108744
2024-10-22,25Y,25,0.02328923241819672
2024-10-22,30Y,30,0.02289007348103873
2024-10-23,1Y,1,0.005454246568752709
2024-10-23,2Y,2,0.006925793490293108
2024-10-23,3Y,3,0.007821756230301936
2024-10-23,4Y,4,0.008747234493991852
2024-10-23,5Y,5,0.009820194078765521
2024-10-23,7Y,7,0.012486807497862625
2024-10-23,10Y,10,0.01675183118599916
2024-10-23,15Y,15,0.022324205571085262
2024-10-23,20Y,20,0.024120351664785426
2024-10-23,25Y,25,0.023455799633526772
2024-10-23,30Y,30,0.02305509174342153
2024-10-24,1Y,1,0.00539432314337705
2024-10-24,2Y,2,0.00674059352183139
2024-10-24,3Y,3,0.00752077150755611
2024-10-24,4Y,4,0.008415384006405955
2024-10-24,5Y,5,0.009487471937525055
2024-10-24,7Y,7,0.012118773786429681
2024-10-24,10Y,10,0.016452207334712123
2024-10-24,15Y,15,0.02220003249548075
2024-10-24,20Y,20,0.024014861604341745
2024-10-24,25Y,25,0.023319207112007218
2024-10-24,30Y,30,0.022844112688126063
2024-10-25,1Y,1,0.0052845012806598994
2024-10-25,2Y,2,0.006605780009856919
2024-10-25,3Y,3,0.007410897266037087
2024-10-25,4Y,4,0.008305405824527908
2024-10-25,5Y,5,0.009377286389277904
2024-10-25,7Y,7,0.01199959050523896
2024-10-25,10Y,10,0.01627643469438151
2024-10-25,15Y,15,0.022025231945779742
2024-10-25,20Y,20,0.023784417470839387
2024-10-25,25Y,25,0.02304999640523446
2024-10-25,30Y,30,0.022522217882754724
2024-10-28,1Y,1,0.005404383554888626
2024-10-28,2Y,2,0.006850836291140022
2024-10-28,3Y,3,0.00767132702247338
2024-10-28,4Y,4,0.008576409352831755
2024-10-28,5Y,5,0.009658989133797407
2024-10-28,7Y,7,0.012344564028346446
2024-10-28,10Y,10,0.016668725961967286
2024-10-28,15Y,15,0.02268483105382027
2024-10-28,20Y,20,0.024650760479940123
2024-10-28,25Y,25,0.024076837405871812
2024-10-28,30Y,30,0.02371203535108384
2024-10-29,1Y,1,0.0055340691011564885
2024-10-29,2Y,2,0.006995581701746398
2024-10-29,3Y,3,0.007881590570577354
2024-10-29,4Y,4,0.00876660467919351
2024-10-29,5Y,5,0.009860098522946992
2024-10-29,7Y,7,0.01255502879769451
2024-10-29,10Y,10,0.01686411599590892
2024-10-29,15Y,15,0.022913019391259594
2024-10-29,20Y,20,0.024835807165434536
2024-10-29,25Y,25,0.02408128259894555
2024-10-29,30Y,30,0.023734812862584664
2024-10-30,1Y,1,0.005434277784668933
2024-10-30,2Y,2,0.006825620464574606
2024-10-30,3Y,3,0.007560573223762746
2024-10-30,4Y,4,0.008374528097520505
2024-10-30,5Y,5,0.009527793001092686
2024-10-30,7Y,7,0.012253278535129069
2024-10-30,10Y,10,0.016705990337608386
2024-10-30,15Y,15,0.022747522335636296
2024-10-30,20Y,20,0.024776078941780584
2024-10-30,25Y,25,0.02411856529416942
2024-10-30,30Y,30,0.023727593646664748
2024-10-31,1Y,1,0.005603843784524468
2024-10-31,2Y,2,0.006960130297376016
2024-10-31,3Y,3,0.007690178803994203
2024-10-31,4Y,4,0.008473818497673792
2024-10-31,5Y,5,0.009495251339556417
2024-10-31,7Y,7,0.012076109579849836
2024-10-31,10Y,10,0.016633106651087463
2024-10-31,15Y,15,0.022749300234249058
2024-10-31,20Y,20,0.024741942654504863
2024-10-31,25Y,25,0.024000713635747753
2024-10-31,30Y,30,0.02355550583349284
2024-11-01,1Y,1,0.005653683074931813
2024-11-01,2Y,2,0.006954862364397943
2024-11-01,3Y,3,0.007619520676287681
2024-11-01,4Y,4,0.008317112274187638
2024-11-01,5Y,5,0.009241705194186493
2024-11-01,7Y,7,0.011840816836301473
2024-11-01,10Y,10,0.016294107911887092
2024-11-01,15Y,15,0.022551740046831883
2024-11-01,20Y,20,0.0245602583781016
2024-11-01,25Y,25,0.023828257436791213
2024-11-01,30Y,30,0.02335917779102815
2024-11-04,1Y,1,0.005653683074931813
2024-11-04,2Y,2,0.006954862364397943
2024-11-04,3Y,3,0.007619520676287681
2024-11-04,4Y,4,0.008317112274187638
2024-11-04,5Y,5,0.009241705194186493
2024-11-04,7Y,7,0.011840816836301473
2024-11-04,10Y,10,0.016294107911887092
2024-11-04,15Y,15,0.022551740046831883
2024-11-04,20Y,20,0.0245602583781016
2024-11-04,25Y,25,0.023828257436791213
2024-11-04,30Y,30,0.02335917779102815
2024-11-05,1Y,1,0.005503970489519822
2024-11-05,2Y,2,0.0067801578502183595
2024-11-05,3Y,3,0.007409353112725063
2024-11-05,4Y,4,0.008167568840182264
2024-11-05,5Y,5,0.009152398777789285
2024-11-05,7Y,7,0.01173968021794659
2024-11-05,10Y,10,0.01610579801282252
2024-11-05,15Y,15,0.022523633753943763
2024-11-05,20Y,20,0.02441781463083288
2024-11-05,25Y,25,0.023633950942959572
2024-11-05,30Y,30,0.02314976943793251
2024-11-06,1Y,1,0.00600286208852207
2024-11-06,2Y,2,0.007404266829602205
2024-11-06,3Y,3,0.008028887120767512
2024-11-06,4Y,4,0.008792989084812575
2024-11-06,5Y,5,0.009682150675184633
2024-11-06,7Y,7,0.012395804965973495
2024-11-06,10Y,10,0.016759356435094488
2024-11-06,15Y,15,0.022821216958450238
2024-11-06,20Y,20,0.024645073128864887
2024-11-06,25Y,25,0.023784592835220233
2024-11-06,30Y,30,0.023266926245795516
2024-11-07,1Y,1,0.006032781315015491
2024-11-07,2Y,2,0.007434189789916822
2024-11-07,3Y,3,0.008038687750653858
2024-11-07,4Y,4,0.008696612380515006
2024-11-07,5Y,5,0.009641750786258915
2024-11-07,7Y,7,0.012346542234514354
2024-11-07,10Y,10,0.016576460288213496
2024-11-07,15Y,15,0.022829666052626322
2024-11-07,20Y,20,0.02473034473903686
2024-11-07,25Y,25,0.02399614249039214
2024-11-07,30Y,30,0.023586836894034412
2024-11-08,1Y,1,0.006052708312592582
2024-11-08,2Y,2,0.007419037585687401
2024-11-08,3Y,3,0.008058814042699694
2024-11-08,4Y,4,0.008772190530619067
2024-11-08,5Y,5,0.009692172092229251
2024-11-08,7Y,7,0.01230312931594369
2024-11-08,10Y,10,0.016682521857423714
2024-11-08,15Y,15,0.0228610097402155
2024-11-08,20Y,20,0.02473001818575418
2024-11-08,25Y,25,0.024056564786801717
2024-11-08,30Y,30,0.023775832666911932
2024-11-11,1Y,1,0.006172475569033924
2024-11-11,2Y,2,0.007563790595882695
2024-11-11,3Y,3,0.008198760351279562
2024-11-11,4Y,4,0.008866654621619148
2024-11-11,5Y,5,0.009761595798008187
2024-11-11,7Y,7,0.012372875686944451
2024-11-11,10Y,10,0.01678480176829964
2024-11-11,15Y,15,0.0230953598222307
2024-11-11,20Y,20,0.02504621353530272
2024-11-11,25Y,25,0.024298442210088693
2024-11-11,30Y,30,0.023966833821358037
2024-11-12,1Y,1,0.006262303655589389
2024-11-12,2Y,2,0.007763877386239319
2024-11-12,3Y,3,0.008429084419357698
2024-11-12,4Y,4,0.009117730704248199
2024-11-12,5Y,5,0.009982347963510527
2024-11-12,7Y,7,0.012587111182182024
2024-11-12,10Y,10,0.01702188601503605
2024-11-12,15Y,15,0.023181622218917217
2024-11-12,20Y,20,0.02512718171621213
2024-11-12,25Y,25,0.02439040914674344
2024-11-12,30Y,30,0.023891424287380565
2024-11-13,1Y,1,0.0063621017162099214
2024-11-13,2Y,2,0.007883666474120558
2024-11-13,3Y,3,0.008609515394280518
2024-11-13,4Y,4,0.009318350243482
2024-11-13,5Y,5,0.010214242302637587
2024-11-13,7Y,7,0.012829084946039775
2024-11-13,10Y,10,0.017125866883854646
2024-11-13,15Y,15,0.023348995482747794
2024-11-13,20Y,20,0.02521823309895173
2024-11-13,25Y,25,0.024387822803092797
2024-11-13,30Y,30,0.02394767074125793
2024-11-14,1Y,1,0.006431962901146658
2024-11-14,2Y,2,0.008028708776327992
2024-11-14,3Y,3,0.008799940230724229
2024-11-14,4Y,4,0.009529351079401867
2024-11-14,5Y,5,0.010435786482037652
2024-11-14,7Y,7,0.013002752803071057
2024-11-14,10Y,10,0.017350480719786943
2024-11-14,15Y,15,0.02355942248820996
2024-11-14,20Y,20,0.025598946388935
2024-11-14,25Y,25,0.02481076117021909
2024-11-14,30Y,30,0.024374670535197894
2024-11-15,1Y,1,0.006581550047775892
2024-11-15,2Y,2,0.008228457095710908
2024-11-15,3Y,3,0.009029981313337432
2024-11-15,4Y,4,0.009734432657955861
2024-11-15,5Y,5,0.010656560076539718
2024-11-15,7Y,7,0.013204407396157778
2024-11-15,10Y,10,0.017522469499542875
2024-11-15,15Y,15,0.023759852273685888
2024-11-15,20Y,20,0.025581813874681652
2024-11-15,25Y,25,0.024775561718317664
2024-11-15,30Y,30,0.02427022120916093
2024-11-18,1Y,1,0.006581550047775892
2024-11-18,2Y,2,0.00821340827332624
2024-11-18,3Y,3,0.009009921319728626
2024-11-18,4Y,4,0.0097497437841793
2024-11-18,5Y,5,0.010646355454606184
2024-11-18,7Y,7,0.013235913872173499
2024-11-18,10Y,10,0.01757986167122927
2024-11-18,15Y,15,0.02368539036908772
2024-11-18,20Y,20,0.025599257742130854
2024-11-18,25Y,25,0.024655560554644913
2024-11-18,30Y,30,0.024030336094031646
2024-11-19,1Y,1,0.006441833753014631
2024-11-19,2Y,2,0.007983513569077899
2024-11-19,3Y,3,0.008689143336549245
2024-11-19,4Y,4,0.009418553433716781
2024-11-19,5Y,5,0.01032440279393883
2024-11-19,7Y,7,0.01280896169971973
2024-11-19,10Y,10,0.017192901493211916
2024-11-19,15Y,15,0.0232952646914976
2024-11-19,20Y,20,0.02521823535279528
2024-11-19,25Y,25,0.02435306012409757
2024-11-19,30Y,30,0.023809245833505483
2024-11-20,1Y,1,0.006591479612317896
2024-11-20,2Y,2,0.008183253319260597
2024-11-20,3Y,3,0.008939447629846255
2024-11-20,4Y,4,0.009714640860107105
2024-11-20,5Y,5,0.010616018528503371
2024-11-20,7Y,7,0.013172129845059284
2024-11-20,10Y,10,0.017452648649665833
2024-11-20,15Y,15,0.023673022917276396
2024-11-20,20Y,20,0.025520275501811653
2024-11-20,25Y,25,0.024589662003434133
2024-11-20,30Y,30,0.023964701014239174
2024-11-21,1Y,1,0.006780913037391282
2024-11-21,2Y,2,0.00835766425561495
2024-11-21,3Y,3,0.009129140011647717
2024-11-21,4Y,4,0.009843610182849082
2024-11-21,5Y,5,0.010684395348443808
2024-11-21,7Y,7,0.013219772719589826
2024-11-21,10Y,10,0.017455615615026253
2024-11-21,15Y,15,0.02360583106808786
2024-11-21,20Y,20,0.025318750130933196
2024-11-21,25Y,25,0.024325565748956314
2024-11-21,30Y,30,0.02377204521698771
2024-11-22,1Y,1,0.006780828326236011
2024-11-22,2Y,2,0.008262361144822528
2024-11-22,3Y,3,0.008928019994716168
2024-11-22,4Y,4,0.00956628970017705
2024-11-22,5Y,5,0.010493073947662603
2024-11-22,7Y,7,0.012903617420993326
2024-11-22,10Y,10,0.017109035904146266
2024-11-22,15Y,15,0.023516757858086438
2024-11-22,20Y,20,0.02530863269975777
2024-11-22,25Y,25,0.024498192849465424
2024-11-22,30Y,30,0.023979843480138006
2024-11-25,1Y,1,0.00685061419515162
2024-11-25,2Y,2,0.008332155274690407
2024-11-25,3Y,3,0.008917236985061751
2024-11-25,4Y,4,0.009535455006402252
2024-11-25,5Y,5,0.01037007750696024
2024-11-25,7Y,7,0.012915234395316087
2024-11-25,10Y,10,0.017167488141529408
2024-11-25,15Y,15,0.023446346279383908
2024-11-25,20Y,20,0.025313363540408737
2024-11-25,25Y,25,0.02446183299658635
2024-11-25,30Y,30,0.023878879935660124
2024-11-26,1Y,1,0.006900481304345684
2024-11-26,2Y,2,0.008402070598598717
2024-11-26,3Y,3,0.009007339889704848
2024-11-26,4Y,4,0.009595250926310072
2024-11-26,5Y,5,0.010409755981940716
2024-11-26,7Y,7,0.01298359451072326
2024-11-26,10Y,10,0.017246810224898976
2024-11-26,15Y,15,0.02366822635558462
2024-11-26,20Y,20,0.025465143921108
2024-11-26,25Y,25,0.024624310588751384
2024-11-26,30Y,30,0.024079897664593453
2024-11-27,1Y,1,0.00693043142495379
2024-11-27,2Y,2,0.008411913554177603
2024-11-27,3Y,3,0.008936708151357308
2024-11-27,4Y,4,0.009428362168465413
2024-11-27,5Y,5,0.010237550483165408
2024-11-27,7Y,7,0.012789275810705526
2024-11-27,10Y,10,0.017239710388438727
2024-11-27,15Y,15,0.0236438662231498
2024-11-27,20Y,20,0.025446069339078593
2024-11-27,25Y,25,0.024662296152649095
2024-11-27,30Y,30,0.02419752439751168
2024-11-28,1Y,1,0.00684070902718152
2024-11-28,2Y,2,0.008322181425736487
2024-11-28,3Y,3,0.0089275445213438
2024-11-28,4Y,4,0.00943923507445224
2024-11-28,5Y,5,0.010218299374612841
2024-11-28,7Y,7,0.012658950365588877
2024-11-28,10Y,10,0.016960324514851816
2024-11-28,15Y,15,0.02363995841213137
2024-11-28,20Y,20,0.025447398511365175
2024-11-28,25Y,25,0.024639347828154336
2024-11-28,30Y,30,0.02421373396771792
2024-11-29,1Y,1,0.006880586145291381
2024-11-29,2Y,2,0.008331966173669148
2024-11-29,3Y,3,0.008866873233518941
2024-11-29,4Y,4,0.009383614412034556
2024-11-29,5Y,5,0.010177590856725933
2024-11-29,7Y,7,0.012515244045605903
2024-11-29,10Y,10,0.016869355223613026
2024-11-29,15Y,15,0.023568206481310947
2024-11-29,20Y,20,0.025270743431580537
2024-11-29,25Y,25,0.02447260760216311
2024-11-29,30Y,30,0.024032875573531055
2024-12-02,1Y,1,0.007129933723939863
2024-12-02,2Y,2,0.008641396829252865
2024-12-02,3Y,3,0.009156426873789194
2024-12-02,4Y,4,0.009703855892381739
2024-12-02,5Y,5,0.0104471562568552
2024-12-02,7Y,7,0.01285637887823849
2024-12-02,10Y,10,0.01721446076315563
2024-12-02,15Y,15,0.02379372435042178
2024-12-02,20Y,20,0.025483341914489324
2024-12-02,25Y,25,0.024651339662726833
2024-12-02,30Y,30,0.02413184679285144
2024-12-03,1Y,1,0.006980384464397238
2024-12-03,2Y,2,0.00850188860701139
2024-12-03,3Y,3,0.008905916102648605
2024-12-03,4Y,4,0.009387717499764203
2024-12-03,5Y,5,0.010247166013357453
2024-12-03,7Y,7,0.01255241913049955
2024-12-03,10Y,10,0.017143701690814417
2024-12-03,15Y,15,0.023571751620791948
2024-12-03,20Y,20,0.025401145708184785
2024-12-03,25Y,25,0.024597311631862358
2024-12-03,30Y,30,0.024043154645997444
2024-12-04,1Y,1,0.006781018930739143
2024-12-04,2Y,2,0.008292447708209727
2024-12-04,3Y,3,0.008787131499563176
2024-12-04,4Y,4,0.009329273282375176
2024-12-04,5Y,5,0.010178897045412336
2024-12-04,7Y,7,0.012443038226263813
2024-12-04,10Y,10,0.016998908436070718
2024-12-04,15Y,15,0.02371533985130057
2024-12-04,20Y,20,0.02568229483905897
2024-12-04,25Y,25,0.024918985476452424
2024-12-04,30Y,30,0.024486857704589672
2024-12-05,1Y,1,0.006840901316259219
2024-12-05,2Y,2,0.008427513560288036
2024-12-05,3Y,3,0.009007866263895707
2024-12-05,4Y,4,0.009555266726198124
2024-12-05,5Y,5,0.0104106145277083
2024-12-05,7Y,7,0.01273729578280847
2024-12-05,10Y,10,0.017210643949537197
2024-12-05,15Y,15,0.023937765167173594
2024-12-05,20Y,20,0.02591668917000845
2024-12-05,25Y,25,0.025244662671687852
2024-12-05,30Y,30,0.024867439082958076
2024-12-06,1Y,1,0.006671326587065572
2024-12-06,2Y,2,0.008192798315200837
2024-12-06,3Y,3,0.008697435478357277
2024-12-06,4Y,4,0.009178832178525657
2024-12-06,5Y,5,0.0100181889253952
2024-12-06,7Y,7,0.012301329099003132
2024-12-06,10Y,10,0.01680097522801691
2024-12-06,15Y,15,0.02341907632304217
2024-12-06,20Y,20,0.0253097129189232
2024-12-06,25Y,25,0.024580594277577222
2024-12-06,30Y,30,0.024160160977920807
2024-12-09,1Y,1,0.006581611718282414
2024-12-09,2Y,2,0.00816825954332847
2024-12-09,3Y,3,0.008748327630583272
2024-12-09,4Y,4,0.009356425181083063
2024-12-09,5Y,5,0.010180579306959528
2024-12-09,7Y,7,0.012539956033425548
2024-12-09,10Y,10,0.017049341868767234
2024-12-09,15Y,15,0.023442516885302155
2024-12-09,20Y,20,0.025363367506756742
2024-12-09,25Y,25,0.024623595949048775
2024-12-09,30Y,30,0.024099181477872766
2024-12-10,1Y,1,0.006691309044601414
2024-12-10,2Y,2,0.008313062398329456
2024-12-10,3Y,3,0.008898206089724794
2024-12-10,4Y,4,0.00948629867875543
2024-12-10,5Y,5,0.010371728701973386
2024-12-10,7Y,7,0.012690583592785722
2024-12-10,10Y,10,0.01710691347682203
2024-12-10,15Y,15,0.02351937688066471
2024-12-10,20Y,20,0.025343147613178605
2024-12-10,25Y,25,0.024528068667276658
2024-12-10,30Y,30,0.023998733683058052
2024-12-11,1Y,1,0.006601573953567053
2024-12-11,2Y,2,0.008223315565371082
2024-12-11,3Y,3,0.008828560460800324
2024-12-11,4Y,4,0.009446925756685067
2024-12-11,5Y,5,0.010352696130663518
2024-12-11,7Y,7,0.012721034665775247
2024-12-11,10Y,10,0.016905623308824155
2024-12-11,15Y,15,0.023331449640007277
2024-12-11,20Y,20,0.025078830876883493
2024-12-11,25Y,25,0.024264738189484478
2024-12-11,30Y,30,0.023771841885892486
2024-12-12,1Y,1,0.006511753479758203
2024-12-12,2Y,2,0.008068361633772078
2024-12-12,3Y,3,0.008698696882266866
2024-12-12,4Y,4,0.009276227098073719
2024-12-12,5Y,5,0.010151546293431126
2024-12-12,7Y,7,0.01243595538949547
2024-12-12,10Y,10,0.016684594255313705
2024-12-12,15Y,15,0.02302910062216984
2024-12-12,20Y,20,0.024736748984346104
2024-12-12,25Y,25,0.023908778743551927
2024-12-12,30Y,30,0.02342736109068213
2024-12-13,1Y,1,0.006451865455761735
2024-12-13,2Y,2,0.007978435783465021
2024-12-13,3Y,3,0.008638888881583259
2024-12-13,4Y,4,0.009307398675667935
2024-12-13,5Y,5,0.010152115565025328
2024-12-13,7Y,7,0.012560095975797669
2024-12-13,10Y,10,0.01686847535035188
2024-12-13,15Y,15,0.023355034803466297
2024-12-13,20Y,20,0.025009836689776504
2024-12-13,25Y,25,0.02432938071168724
2024-12-13,30Y,30,0.023994615620056007
2024-12-16,1Y,1,0.006591541374995094
2024-12-16,2Y,2,0.00821334683333801
2024-12-16,3Y,3,0.00883860877068237
2024-12-16,4Y,4,0.00944693969445203
2024-12-16,5Y,5,0.010413816338698798
2024-12-16,7Y,7,0.01281550976131306
2024-12-16,10Y,10,0.0170268674582172
2024-12-16,15Y,15,0.0235763455701203
2024-12-16,20Y,20,0.025371681802042082
2024-12-16,25Y,25,0.024540602350135478
2024-12-16,30Y,30,0.024010725309566626
2024-12-17,1Y,1,0.0066712640773560145
2024-12-17,2Y,2,0.00823794603476241
2024-12-17,3Y,3,0.008858239497180322
2024-12-17,4Y,4,0.00949678730672263
2024-12-17,5Y,5,0.010433223530154688
2024-12-17,7Y,7,0.012843194025927318
2024-12-17,10Y,10,0.017073749811861272
2024-12-17,15Y,15,0.023582686612075854
2024-12-17,20Y,20,0.02532826306112798
2024-12-17,25Y,25,0.02454909288797924
2024-12-17,30Y,30,0.02401987683065334
2024-12-18,1Y,1,0.006651323406142025
2024-12-18,2Y,2,0.008187906443731102
2024-12-18,3Y,3,0.0088183239285408
2024-12-18,4Y,4,0.0094566527328555
2024-12-18,5Y,5,0.01034230096829816
2024-12-18,7Y,7,0.012792690137467127
2024-12-18,10Y,10,0.016989148565686008
2024-12-18,15Y,15,0.023491954212319855
2024-12-18,20Y,20,0.02525261898547078
2024-12-18,25Y,25,0.024457733078729373
2024-12-18,30Y,30,0.02395375708471189
2024-12-19,1Y,1,0.006491871986485248
2024-12-19,2Y,2,0.008123652744793933
2024-12-19,3Y,3,0.008779150477079101
2024-12-19,4Y,4,0.009346807593089267
2024-12-19,5Y,5,0.01036480584605467
2024-12-19,7Y,7,0.012773728823035655
2024-12-19,10Y,10,0.016973225958830877
2024-12-19,15Y,15,0.023684910040560222
2024-12-19,20Y,20,0.02548362731658651
2024-12-19,25Y,25,0.024586295419403666
2024-12-19,30Y,30,0.024094308658216865
2024-12-20,1Y,1,0.006432003081073297
2024-12-20,2Y,2,0.00796350202483448
2024-12-20,3Y,3,0.008538467042001448
2024-12-20,4Y,4,0.009100654550222461
2024-12-20,5Y,5,0.010001039974716448
2024-12-20,7Y,7,0.012481702423164764
2024-12-20,10Y,10,0.01655832246908846
2024-12-20,15Y,15,0.023406095137364285
2024-12-20,20Y,20,0.025367252730141218
2024-12-20,25Y,25,0.024778031484278852
2024-12-20,30Y,30,0.024441992764922406
2024-12-23,1Y,1,0.006601470858350153
2024-12-23,2Y,2,0.008153095770143602
2024-12-23,3Y,3,0.008768338575214316
2024-12-23,4Y,4,0.009315603952388585
2024-12-23,5Y,5,0.010170589339564879
2024-12-23,7Y,7,0.012557500461169251
2024-12-23,10Y,10,0.01692867002641244
2024-12-23,15Y,15,0.02363371176018926
2024-12-23,20Y,20,0.025641042954938534
2024-12-23,25Y,25,0.024995690427591005
2024-12-23,30Y,30,0.024594192780475442
2024-12-24,1Y,1,0.006691309044601414
2024-12-24,2Y,2,0.008313062398329456
2024-12-24,3Y,3,0.008878051658116537
2024-12-24,4Y,4,0.009410476627366353
2024-12-24,5Y,5,0.010270374494792126
2024-12-24,7Y,7,0.01271176865164338
2024-12-24,10Y,10,0.016973759333544523
2024-12-24,15Y,15,0.023689909362347782
2024-12-24,20Y,20,0.02562174519733311
2024-12-24,25Y,25,0.025101477579047196
2024-12-24,30Y,30,0.02480564294316735
2024-12-25,1Y,1,0.0066813595461771924
2024-12-25,2Y,2,0.00829305697456668
2024-12-25,3Y,3,0.008888336105065009
2024-12-25,4Y,4,0.009390210946986046
2024-12-25,5Y,5,0.01027082058900069
2024-12-25,7Y,7,0.012658237111029116
2024-12-25,10Y,10,0.01690492349515028
2024-12-25,15Y,15,0.023630907635967886
2024-12-25,20Y,20,0.025689419546098956
2024-12-25,25Y,25,0.02510313403138808
2024-12-25,30Y,30,0.02480689679544984
2024-12-27,1Y,1,0.006891071838851807
2024-12-27,2Y,2,0.008718164486168948
2024-12-27,3Y,3,0.009318886017313014
2024-12-27,4Y,4,0.009867061149566068
2024-12-27,5Y,5,0.010712441606448957
2024-12-27,7Y,7,0.013238900278367775
2024-12-27,10Y,10,0.017519931748039827
2024-12-27,15Y,15,0.024242079821174416
2024-12-27,20Y,20,0.02637140912491739
2024-12-27,25Y,25,0.0257686705872779
2024-12-27,30Y,30,0.025396434686851082
2024-12-30,1Y,1,0.006741391749730254
2024-12-30,2Y,2,0.008493340970347756
2024-12-30,3Y,3,0.00906865683133248
2024-12-30,4Y,4,0.009586185486390914
2024-12-30,5Y,5,0.010482075044931767
2024-12-30,7Y,7,0.012965670125874788
2024-12-30,10Y,10,0.017219264746929405
2024-12-30,15Y,15,0.024051412889552874
2024-12-30,20Y,20,0.02614146809473853
2024-12-30,25Y,25,0.025611841501218847
2024-12-30,30Y,30,0.025384837182760585
2024-12-31,1Y,1,0.006741391749730254
2024-12-31,2Y,2,0.008493340970347756
2024-12-31,3Y,3,0.00906865683133248
2024-12-31,4Y,4,0.009586185486390914
2024-12-31,5Y,5,0.010482075044931767
2024-12-31,7Y,7,0.012965670125874788
2024-12-31,10Y,10,0.017219264746929405
2024-12-31,15Y,15,0.024051412889552874
2024-12-31,20Y,20,0.02614146809473853
2024-12-31,25Y,25,0.025611841501218847
2024-12-31,30Y,30,0.025384837182760585
2025-01-01,1Y,1,0.006741391749730254
2025-01-01,2Y,2,0.008493340970347756
2025-01-01,3Y,3,0.00906865683133248
2025-01-01,4Y,4,0.009586185486390914
2025-01-01,5Y,5,0.010482075044931767
2025-01-01,7Y,7,0.012965670125874788
2025-01-01,10Y,10,0.017219264746929405
2025-01-01,15Y,15,0.024051412889552874
2025-01-01,20Y,20,0.02614146809473853
2025-01-01,25Y,25,0.025611841501218847
2025-01-01,30Y,30,0.025384837182760585
2025-01-02,1Y,1,0.006741391749730254
2025-01-02,2Y,2,0.008493340970347756
2025-01-02,3Y,3,0.00906865683133248
2025-01-02,4Y,4,0.009586185486390914
2025-01-02,5Y,5,0.010482075044931767
2025-01-02,7Y,7,0.012965670125874788
2025-01-02,10Y,10,0.017219264746929405
2025-01-02,15Y,15,0.024051412889552874
2025-01-02,20Y,20,0.02614146809473853
2025-01-02,25Y,25,0.025611841501218847
2025-01-02,30Y,30,0.025384837182760585
2025-01-03,1Y,1,0.006741391749730254
2025-01-03,2Y,2,0.008493340970347756
2025-01-03,3Y,3,0.00906865683133248
2025-01-03,4Y,4,0.009586185486390914
2025-01-03,5Y,5,0.010482075044931767
2025-01-03,7Y,7,0.012965670125874788
2025-01-03,10Y,10,0.017219264746929405
2025-01-03,15Y,15,0.024051412889552874
2025-01-03,20Y,20,0.02614146809473853
2025-01-03,25Y,25,0.025611841501218847
2025-01-03,30Y,30,0.025384837182760585
2025-01-06,1Y,1,0.007010662987167821
2025-01-06,2Y,2,0.008842836294303337
2025-01-06,3Y,3,0.00947881631573069
2025-01-06,4Y,4,0.010047420641648114
2025-01-06,5Y,5,0.010944073077395224
2025-01-06,7Y,7,0.013480729656315298
2025-01-06,10Y,10,0.017639921800986468
2025-01-06,15Y,15,0.024487717896912346
2025-01-06,20Y,20,0.026524711065728533
2025-01-06,25Y,25,0.025888220545954806
2025-01-06,30Y,30,0.025500329126645006
2025-01-07,1Y,1,0.007060574617901969
2025-01-07,2Y,2,0.008937845589570583
2025-01-07,3Y,3,0.00960919418361688
2025-01-07,4Y,4,0.010193123240871647
2025-01-07,5Y,5,0.011064622601830602
2025-01-07,7Y,7,0.013478332361689247
2025-01-07,10Y,10,0.0177850574597106
2025-01-07,15Y,15,0.024524679451421408
2025-01-07,20Y,20,0.026550876604063887
2025-01-07,25Y,25,0.025926046126136658
2025-01-07,30Y,30,0.025563589436774392
2025-01-08,1Y,1,0.007180289507922713
2025-01-08,2Y,2,0.009107665749900736
2025-01-08,3Y,3,0.00986994942425809
2025-01-08,4Y,4,0.010408294528052227
2025-01-08,5Y,5,0.011316555438621798
2025-01-08,7Y,7,0.013805668628437042
2025-01-08,10Y,10,0.01823252196666449
2025-01-08,15Y,15,0.024858604315106482
2025-01-08,20Y,20,0.02689235635735611
2025-01-08,25Y,25,0.026246661507666934
2025-01-08,30Y,30,0.02588334690661883
2025-01-09,1Y,1,0.006950890205256863
2025-01-09,2Y,2,0.008808096542216185
2025-01-09,3Y,3,0.009580200040878577
2025-01-09,4Y,4,0.010224591220844202
2025-01-09,5Y,5,0.011117052233339184
2025-01-09,7Y,7,0.013729765001980036
2025-01-09,10Y,10,0.017943886762559785
2025-01-09,15Y,15,0.02452436641519141
2025-01-09,20Y,20,0.026471319721522665
2025-01-09,25Y,25,0.02576500239956038
2025-01-09,30Y,30,0.025396890364264003
2025-01-10,1Y,1,0.00723017701047088
2025-01-10,2Y,2,0.009212715834166038
2025-01-10,3Y,3,0.010040585643508808
2025-01-10,4Y,4,0.010741408250475938
2025-01-10,5Y,5,0.011670378605848075
2025-01-10,7Y,7,0.014142458835789535
2025-01-10,10Y,10,0.018326192520465395
2025-01-10,15Y,15,0.024951560488560242
2025-01-10,20Y,20,0.027018002232734335
2025-01-10,25Y,25,0.02630804995550475
2025-01-10,30Y,30,0.02582378189060893
2025-01-13,1Y,1,0.00723017701047088
2025-01-13,2Y,2,0.009212715834166038
2025-01-13,3Y,3,0.010040585643508808
2025-01-13,4Y,4,0.010741408250475938
2025-01-13,5Y,5,0.011670378605848075
2025-01-13,7Y,7,0.014142458835789535
2025-01-13,10Y,10,0.018326192520465395
2025-01-13,15Y,15,0.024951560488560242
2025-01-13,20Y,20,0.027018002232734335
2025-01-13,25Y,25,0.02630804995550475
2025-01-13,30Y,30,0.02582378189060893
2025-01-14,1Y,1,0.007160307495266577
2025-01-14,2Y,2,0.009152965835927866
2025-01-14,3Y,3,0.010051176798778946
2025-01-14,4Y,4,0.01074192914992593
2025-01-14,5Y,5,0.011763023877889606
2025-01-14,7Y,7,0.014215061344778741
2025-01-14,10Y,10,0.018300387261174743
2025-01-14,15Y,15,0.024981433244165144
2025-01-14,20Y,20,0.026965890945392108
2025-01-14,25Y,25,0.026139862805835717
2025-01-14,30Y,30,0.025715034113159597
2025-01-15,1Y,1,0.007229973766835806
2025-01-15,2Y,2,0.009047126220633745
2025-01-15,3Y,3,0.009859770503154818
2025-01-15,4Y,4,0.010610656741500388
2025-01-15,5Y,5,0.01161094995251171
2025-01-15,7Y,7,0.014082643395817163
2025-01-15,10Y,10,0.018312112630173405
2025-01-15,15Y,15,0.02456867882454802
2025-01-15,20Y,20,0.026703560090477058
2025-01-15,25Y,25,0.026021231667322536
2025-01-15,30Y,30,0.02554934824474019
2025-01-16,1Y,1,0.00731961629933068
2025-01-16,2Y,2,0.009136854134949926
2025-01-16,3Y,3,0.009929248603541326
2025-01-16,4Y,4,0.010507984807086831
2025-01-16,5Y,5,0.011324620575213433
2025-01-16,7Y,7,0.013842778620932552
2025-01-16,10Y,10,0.017997448566019952
2025-01-16,15Y,15,0.0243552164491455
2025-01-16,20Y,20,0.026518341584835833
2025-01-16,25Y,25,0.02599111254922662
2025-01-16,30Y,30,0.02552640786884569
2025-01-17,1Y,1,0.007319570578020851
2025-01-17,2Y,2,0.009111766532598101
2025-01-17,3Y,3,0.00984864316343231
2025-01-17,4Y,4,0.01047306456216228
2025-01-17,5Y,5,0.011253436420435942
2025-01-17,7Y,7,0.013639059398331026
2025-01-17,10Y,10,0.01783639193976807
2025-01-17,15Y,15,0.023927024964682422
2025-01-17,20Y,20,0.025993070667551882
2025-01-17,25Y,25,0.02535556166744054
2025-01-17,30Y,30,0.024882606231271205
2025-01-20,1Y,1,0.0072396479188581615
2025-01-20,2Y,2,0.008961774367826096
2025-01-20,3Y,3,0.009748783664503585
2025-01-20,4Y,4,0.010372972377311407
2025-01-20,5Y,5,0.011224853200026644
2025-01-20,7Y,7,0.013548838258490212
2025-01-20,10Y,10,0.017391415320165325
2025-01-20,15Y,15,0.023665099127182624
2025-01-20,20Y,20,0.025599835227331964
2025-01-20,25Y,25,0.025107397086408224
2025-01-20,30Y,30,0.02472712297244568
2025-01-21,1Y,1,0.00728955395280526
2025-01-21,2Y,2,0.009041722586477544
2025-01-21,3Y,3,0.009798593207440948
2025-01-21,4Y,4,0.01040772261695829
2025-01-21,5Y,5,0.011244218293458588
2025-01-21,7Y,7,0.013526810272473662
2025-01-21,10Y,10,0.017537886516002747
2025-01-21,15Y,15,0.023607863041582227
2025-01-21,20Y,20,0.02549969196742213
2025-01-21,25Y,25,0.024986640475499693
2025-01-21,30Y,30,0.024552205248397335
2025-01-22,1Y,1,0.007399262953227196
2025-01-22,2Y,2,0.009166429618237259
2025-01-22,3Y,3,0.009908362554252842
2025-01-22,4Y,4,0.010492208302043301
2025-01-22,5Y,5,0.011323807651164194
2025-01-22,7Y,7,0.013524713415520962
2025-01-22,10Y,10,0.017483845188657914
2025-01-22,15Y,15,0.02316119924501687
2025-01-22,20Y,20,0.025103788872845558
2025-01-22,25Y,25,0.024569160158961337
2025-01-22,30Y,30,0.024182384940040758
2025-01-23,1Y,1,0.0074789978702568686
2025-01-23,2Y,2,0.009291340981708585
2025-01-23,3Y,3,0.010129063697725173
2025-01-23,4Y,4,0.010728294890387985
2025-01-23,5Y,5,0.011504450280398676
2025-01-23,7Y,7,0.01374736155886305
2025-01-23,10Y,10,0.01752656580104648
2025-01-23,15Y,15,0.023386362536730463
2025-01-23,20Y,20,0.025398428218167166
2025-01-23,25Y,25,0.024788771822633317
2025-01-23,30Y,30,0.02440079342767677
2025-01-24,1Y,1,0.007728438629861574
2025-01-24,2Y,2,0.00963085735015137
2025-01-24,3Y,3,0.010358187781251069
2025-01-24,4Y,4,0.010922332259406229
2025-01-24,5Y,5,0.011713675221593917
2025-01-24,7Y,7,0.013904499665199698
2025-01-24,10Y,10,0.017624472245501566
2025-01-24,15Y,15,0.023268070357118475
2025-01-24,20Y,20,0.025303332588774322
2025-01-24,25Y,25,0.024772153577616425
2025-01-24,30Y,30,0.024436228395785707
2025-01-27,1Y,1,0.0074789511559278585
2025-01-27,2Y,2,0.00923614305502492
2025-01-27,3Y,3,0.0099679692021406
2025-01-27,4Y,4,0.010597580315499993
2025-01-27,5Y,5,0.011393333529331279
2025-01-27,7Y,7,0.013665056609700788
2025-01-27,10Y,10,0.017289740328047785
2025-01-27,15Y,15,0.022947384727270738
2025-01-27,20Y,20,0.02496571972189044
2025-01-27,25Y,25,0.024475742180077052
2025-01-27,30Y,30,0.024179778785009976
2025-01-28,1Y,1,0.007498907683443988
2025-01-28,2Y,2,0.009230987343445091
2025-01-28,3Y,3,0.00994780225188181
2025-01-28,4Y,4,0.01054681263565276
2025-01-28,5Y,5,0.011393715287192008
2025-01-28,7Y,7,0.013822033771810072
2025-01-28,10Y,10,0.017496987144933966
2025-01-28,15Y,15,0.02307658630735036
2025-01-28,20Y,20,0.025093624140217208
2025-01-28,25Y,25,0.024430602528371072
2025-01-28,30Y,30,0.02403899009769219
2025-01-29,1Y,1,0.007508756944837444
2025-01-29,2Y,2,0.009200817709337306
2025-01-29,3Y,3,0.009877139331058785
2025-01-29,4Y,4,0.010420451918553194
2025-01-29,5Y,5,0.011272098632888274
2025-01-29,7Y,7,0.013595860432161825
2025-01-29,10Y,10,0.017573173411279907
2025-01-29,15Y,15,0.022810974756490132
2025-01-29,20Y,20,0.02472618844455125
2025-01-29,25Y,25,0.02407222101125931
2025-01-29,30Y,30,0.02367769004333652
2025-01-30,1Y,1,0.007728245540668934
2025-01-30,2Y,2,0.009440157643805059
2025-01-30,3Y,3,0.010036373862268983
2025-01-30,4Y,4,0.010569504226117715
2025-01-30,5Y,5,0.011431575964055269
2025-01-30,7Y,7,0.013599545477940275
2025-01-30,10Y,10,0.017457885853093418
2025-01-30,15Y,15,0.0229611424172218
2025-01-30,20Y,20,0.02484882700948904
2025-01-30,25Y,25,0.02429911569214819
2025-01-30,30Y,30,0.02402353957874782
2025-01-31,1Y,1,0.00791763145969222
2025-01-31,2Y,2,0.0097298912359985
2025-01-31,3Y,3,0.010285727673741234
2025-01-31,4Y,4,0.010845026437432946
2025-01-31,5Y,5,0.011742471476263925
2025-01-31,7Y,7,0.013954285091883848
2025-01-31,10Y,10,0.017641838963187613
2025-01-31,15Y,15,0.023101757446248167
2025-01-31,20Y,20,0.024941040367660414
2025-01-31,25Y,25,0.02431482876969923
2025-01-31,30Y,30,0.02390636224695868
2025-02-03,1Y,1,0.007867807500448154
2025-02-03,2Y,2,0.009604777947209743
2025-02-03,3Y,3,0.01019607830254783
2025-02-03,4Y,4,0.01074460475834279
2025-02-03,5Y,5,0.011581319373462465
2025-02-03,7Y,7,0.01380417169265372
2025-02-03,10Y,10,0.01767105048684217
2025-02-03,15Y,15,0.02319593274802819
2025-02-03,20Y,20,0.025030273064546207
2025-02-03,25Y,25,0.024359706516569705
2025-02-03,30Y,30,0.02398938744062389
2025-02-04,1Y,1,0.008047318730229973
2025-02-04,2Y,2,0.009919670702225313
2025-02-04,3Y,3,0.01061702366264406
2025-02-04,4Y,4,0.011069622108715703
2025-02-04,5Y,5,0.011912596978376124
2025-02-04,7Y,7,0.01433084514372408
2025-02-04,10Y,10,0.018124219199109518
2025-02-04,15Y,15,0.023592040278680754
2025-02-04,20Y,20,0.025385728098113347
2025-02-04,25Y,25,0.024653084815972746
2025-02-04,30Y,30,0.02422738158803415
2025-02-05,1Y,1,0.008127106953767924
2025-02-05,2Y,2,0.00998433198858931
2025-02-05,3Y,3,0.010616333068160157
2025-02-05,4Y,4,0.011180536627196194
2025-02-05,5Y,5,0.011982242130200195
2025-02-05,7Y,7,0.01433071811361555
2025-02-05,10Y,10,0.01824183189965018
2025-02-05,15Y,15,0.02368163447825878
2025-02-05,20Y,20,0.02542231794363594
2025-02-05,25Y,25,0.024554161729211002
2025-02-05,30Y,30,0.02409757658633636
2025-02-06,1Y,1,0.008306604846882252
2025-02-06,2Y,2,0.010299230647863974
2025-02-06,3Y,3,0.010895997978452735
2025-02-06,4Y,4,0.0113544258075381
2025-02-06,5Y,5,0.011997684981298343
2025-02-06,7Y,7,0.014243715523773133
2025-02-06,10Y,10,0.01783055657508242
2025-02-06,15Y,15,0.023246868573714413
2025-02-06,20Y,20,0.02495280637161236
2025-02-06,25Y,25,0.024188461746160968
2025-02-06,30Y,30,0.02373235138814178
2025-02-07,1Y,1,0.00849597624820848
2025-02-07,2Y,2,0.010593984205258426
2025-02-07,3Y,3,0.01138766888144228
2025-02-07,4Y,4,0.01180568199334113
2025-02-07,5Y,5,0.01227670512518051
2025-02-07,7Y,7,0.01437496395190107
2025-02-07,10Y,10,0.018072005924749016
2025-02-07,15Y,15,0.023440968152255014
2025-02-07,20Y,20,0.02509685648389563
2025-02-07,25Y,25,0.024373949415736985
2025-02-07,30Y,30,0.02394306758112369
2025-02-10,1Y,1,0.008396376505033068
2025-02-10,2Y,2,0.010439110964902675
2025-02-10,3Y,3,0.011086502226933068
2025-02-10,4Y,4,0.011565314606796188
2025-02-10,5Y,5,0.01229084993576643
2025-02-10,7Y,7,0.014269831984930183
2025-02-10,10Y,10,0.01792601352235468
2025-02-10,15Y,15,0.023108305799556486
2025-02-10,20Y,20,0.024925417199249525
2025-02-10,25Y,25,0.024186218827281045
2025-02-10,30Y,30,0.023692047992240194
2025-02-11,1Y,1,0.008396376505033068
2025-02-11,2Y,2,0.010439110964902675
2025-02-11,3Y,3,0.011086502226933068
2025-02-11,4Y,4,0.011565314606796188
2025-02-11,5Y,5,0.01229084993576643
2025-02-11,7Y,7,0.014269831984930183
2025-02-11,10Y,10,0.01792601352235468
2025-02-11,15Y,15,0.023108305799556486
2025-02-11,20Y,20,0.024925417199249525
2025-02-11,25Y,25,0.024186218827281045
2025-02-11,30Y,30,0.023692047992240194
2025-02-12,1Y,1,0.008535878558422251
2025-02-12,2Y,2,0.010613753533784312
2025-02-12,3Y,3,0.011569239377968757
2025-02-12,4Y,4,0.012332183082473847
2025-02-12,5Y,5,0.013059875654058483
2025-02-12,7Y,7,0.015258418029269936
2025-02-12,10Y,10,0.01880614851639016
2025-02-12,15Y,15,0.023538921249292463
2025-02-12,20Y,20,0.025368447484394575
2025-02-12,25Y,25,0.024630282767042107
2025-02-12,30Y,30,0.024105900252403188
2025-02-13,1Y,1,0.008286600714988194
2025-02-13,2Y,2,0.010294366108871852
2025-02-13,3Y,3,0.011158462449668836
2025-02-13,4Y,4,0.011911116636794356
2025-02-13,5Y,5,0.01282163652500088
2025-02-13,7Y,7,0.01506094202559425
2025-02-13,10Y,10,0.018570710298842122
2025-02-13,15Y,15,0.0235823383853094
2025-02-13,20Y,20,0.025301096298426577
2025-02-13,25Y,25,0.024595933724114616
2025-02-13,30Y,30,0.0241896758342957
2025-02-14,1Y,1,0.0085358519015124
2025-02-14,2Y,2,0.01060873405205442
2025-02-14,3Y,3,0.011468218653956287
2025-02-14,4Y,4,0.012155166143564771
2025-02-14,5Y,5,0.013040774272788717
2025-02-14,7Y,7,0.015231181021885684
2025-02-14,10Y,10,0.019068751075870367
2025-02-14,15Y,15,0.023813638105408694
2025-02-14,20Y,20,0.025594168199165112
2025-02-14,25Y,25,0.024759947663298656
2025-02-14,30Y,30,0.02434848767288604
2025-02-17,1Y,1,0.008725287870950102
2025-02-17,2Y,2,0.010918544794105164
2025-02-17,3Y,3,0.011818636832117025
2025-02-17,4Y,4,0.012506254380585577
2025-02-17,5Y,5,0.013310457246405779
2025-02-17,7Y,7,0.015469707230395306
2025-02-17,10Y,10,0.019181053823281547
2025-02-17,15Y,15,0.02392473454787442
2025-02-17,20Y,20,0.0256270037840598
2025-02-17,25Y,25,0.024915136768576922
2025-02-17,30Y,30,0.02450536269773388
2025-02-18,1Y,1,0.00882506499602048
2025-02-18,2Y,2,0.011078429519009133
2025-02-18,3Y,3,0.011978804881095444
2025-02-18,4Y,4,0.012753101491167781
2025-02-18,5Y,5,0.013685478588562748
2025-02-18,7Y,7,0.015694562122891713
2025-02-18,10Y,10,0.019382341925387656
2025-02-18,15Y,15,0.024323894168190818
2025-02-18,20Y,20,0.025930204493986413
2025-02-18,25Y,25,0.025221639993519333
2025-02-18,30Y,30,0.024875949852961377
2025-02-19,1Y,1,0.008835026086188722
2025-02-19,2Y,2,0.011103458751536807
2025-02-19,3Y,3,0.01206948798425625
2025-02-19,4Y,4,0.012823414136599319
2025-02-19,5Y,5,0.013735922607766429
2025-02-19,7Y,7,0.01584853267820837
2025-02-19,10Y,10,0.019552789761047434
2025-02-19,15Y,15,0.024256441611136093
2025-02-19,20Y,20,0.02583491353772716
2025-02-19,25Y,25,0.025058578375387018
2025-02-19,30Y,30,0.02470867190470174
2025-02-20,1Y,1,0.00880506017284479
2025-02-20,2Y,2,0.01107357420554192
2025-02-20,3Y,3,0.011998977480294142
2025-02-20,4Y,4,0.012676859607262812
2025-02-20,5Y,5,0.013655484349853645
2025-02-20,7Y,7,0.01572557378276774
2025-02-20,10Y,10,0.019423293849487006
2025-02-20,15Y,15,0.023984153582523773
2025-02-20,20Y,20,0.02539165335958999
2025-02-20,25Y,25,0.024614935445230197
2025-02-20,30Y,30,0.02431295109353595
2025-02-21,1Y,1,0.008465930349490457
2025-02-21,2Y,2,0.010488788601818174
2025-02-21,3Y,3,0.011297452960214664
2025-02-21,4Y,4,0.011974314424313508
2025-02-21,5Y,5,0.012951224717917435
2025-02-21,7Y,7,0.015211385294681037
2025-02-21,10Y,10,0.018932984619479634
2025-02-21,15Y,15,0.02375522023176116
2025-02-21,20Y,20,0.025224298251341776
2025-02-21,25Y,25,0.024451213345386677
2025-02-21,30Y,30,0.0240117781735809
2025-02-24,1Y,1,0.008465930349490457
2025-02-24,2Y,2,0.010488788601818174
2025-02-24,3Y,3,0.011297452960214664
2025-02-24,4Y,4,0.011974314424313508
2025-02-24,5Y,5,0.012951224717917435
2025-02-24,7Y,7,0.015211385294681037
2025-02-24,10Y,10,0.018932984619479634
2025-02-24,15Y,15,0.02375522023176116
2025-02-24,20Y,20,0.025224298251341776
2025-02-24,25Y,25,0.024451213345386677
2025-02-24,30Y,30,0.0240117781735809
2025-02-25,1Y,1,0.008246541475361966
2025-02-25,2Y,2,0.010169175943685025
2025-02-25,3Y,3,0.010916908615520254
2025-02-25,4Y,4,0.01146136746307672
2025-02-25,5Y,5,0.012345459185767477
2025-02-25,7Y,7,0.014498668910776606
2025-02-25,10Y,10,0.018289422022150864
2025-02-25,15Y,15,0.023453632332699634
2025-02-25,20Y,20,0.025019531031061727
2025-02-25,25Y,25,0.024222401516254245
2025-02-25,30Y,30,0.02385124984260407
2025-02-26,1Y,1,0.008306423263313
2025-02-26,2Y,2,0.010264099103206133
2025-02-26,3Y,3,0.011017052363306797
2025-02-26,4Y,4,0.011683466872438524
2025-02-26,5Y,5,0.012639162159076546
2025-02-26,7Y,7,0.014703382763780304
2025-02-26,10Y,10,0.01882870452201374
2025-02-26,15Y,15,0.0236154119365108
2025-02-26,20Y,20,0.025193274020223703
2025-02-26,25Y,25,0.02451635739170869
2025-02-26,30Y,30,0.02422513111899064
2025-02-27,1Y,1,0.008625617268275512
2025-02-27,2Y,2,0.01076367658496663
2025-02-27,3Y,3,0.011476839244134677
2025-02-27,4Y,4,0.012047590569212462
2025-02-27,5Y,5,0.012937335508018045
2025-02-27,7Y,7,0.015230135300917352
2025-02-27,10Y,10,0.018943912948624783
2025-02-27,15Y,15,0.023882499253582035
2025-02-27,20Y,20,0.025483820740952796
2025-02-27,25Y,25,0.024765979761213773
2025-02-27,30Y,30,0.02439539336408515
2025-02-28,1Y,1,0.008466062540751672
2025-02-28,2Y,2,0.010468698858558965
2025-02-28,3Y,3,0.01117671331639706
2025-02-28,4Y,4,0.011792403162755188
2025-02-28,5Y,5,0.01264615601656988
2025-02-28,7Y,7,0.014924720015883214
2025-02-28,10Y,10,0.018834088068365652
2025-02-28,15Y,15,0.0238275974762396
2025-02-28,20Y,20,0.025481244271057787
2025-02-28,25Y,25,0.02481672224649671
2025-02-28,30Y,30,0.024424712339521724
2025-03-03,1Y,1,0.008675371756855116
2025-03-03,2Y,2,0.010818518630176561
2025-03-03,3Y,3,0.011627547221416847
2025-03-03,4Y,4,0.012183013214174967
2025-03-03,5Y,5,0.013129902029897219
2025-03-03,7Y,7,0.015445497360277179
2025-03-03,10Y,10,0.019293655967949595
2025-03-03,15Y,15,0.023983052257640657
2025-03-03,20Y,20,0.02565869310691489
2025-03-03,25Y,25,0.02502873964898157
2025-03-03,30Y,30,0.024738565774235333
2025-03-04,1Y,1,0.008526022827418501
2025-03-04,2Y,2,0.010578679661763978
2025-03-04,3Y,3,0.01135769035269958
2025-03-04,4Y,4,0.012013881749553939
2025-03-04,5Y,5,0.01288898949681137
2025-03-04,7Y,7,0.015203141742932927
2025-03-04,10Y,10,0.018923210636447287
2025-03-04,15Y,15,0.023727076790773384
2025-03-04,20Y,20,0.02524015743088203
2025-03-04,25Y,25,0.024446259527573545
2025-03-04,30Y,30,0.024032134147972194
2025-03-05,1Y,1,0.00864572988863644
2025-03-05,2Y,2,0.010984461264392318
2025-03-05,3Y,3,0.012000602660768057
2025-03-05,4Y,4,0.012734501681745117
2025-03-05,5Y,5,0.01360582901134607
2025-03-05,7Y,7,0.015842196000011258
2025-03-05,10Y,10,0.019755216490016186
2025-03-05,15Y,15,0.024624523146250642
2025-03-05,20Y,20,0.026147634376407172
2025-03-05,25Y,25,0.02538890390025702
2025-03-05,30Y,30,0.02504118454067348
2025-03-06,1Y,1,0.008735494796267783
2025-03-06,2Y,2,0.01107915274697191
2025-03-06,3Y,3,0.012029917246531704
2025-03-06,4Y,4,0.012687561928241754
2025-03-06,5Y,5,0.013697180745292501
2025-03-06,7Y,7,0.016088150672920812
2025-03-06,10Y,10,0.020029824755180215
2025-03-06,15Y,15,0.025047356470920434
2025-03-06,20Y,20,0.026517890232910072
2025-03-06,25Y,25,0.0257680318640663
2025-03-06,30Y,30,0.025408176839258202
2025-03-07,1Y,1,0.008725178879322528
2025-03-07,2Y,2,0.010883399691331098
2025-03-07,3Y,3,0.011758092172504366
2025-03-07,4Y,4,0.012369470938476703
2025-03-07,5Y,5,0.013311760504555605
2025-03-07,7Y,7,0.015844316775365443
2025-03-07,10Y,10,0.01972938601839722
2025-03-07,15Y,15,0.02483308530367714
2025-03-07,20Y,20,0.026362208341517063
2025-03-07,25Y,25,0.025610826212082986
2025-03-07,30Y,30,0.02526592055001322
2025-03-10,1Y,1,0.00893477377344667
2025-03-10,2Y,2,0.011348732023471605
2025-03-10,3Y,3,0.012249075724019525
2025-03-10,4Y,4,0.012826082339506462
2025-03-10,5Y,5,0.013784289089820653
2025-03-10,7Y,7,0.016279177973617373
2025-03-10,10Y,10,0.02022150633093868
2025-03-10,15Y,15,0.025241173378569577
2025-03-10,20Y,20,0.02670663533310794
2025-03-10,25Y,25,0.025802339348802605
2025-03-10,30Y,30,0.02534514889153039
2025-03-11,1Y,1,0.008745401800994356
2025-03-11,2Y,2,0.011003744235786834
2025-03-11,3Y,3,0.011899043374012782
2025-03-11,4Y,4,0.012546102904030158
2025-03-11,5Y,5,0.013575955227214928
2025-03-11,7Y,7,0.01618484367598888
2025-03-11,10Y,10,0.020101879537151125
2025-03-11,15Y,15,0.02525458044055398
2025-03-11,20Y,20,0.02681794923462719
2025-03-11,25Y,25,0.025809547339536096
2025-03-11,30Y,30,0.025299379704705926
2025-03-12,1Y,1,0.00868549602412744
2025-03-12,2Y,2,0.010858601835510922
2025-03-12,3Y,3,0.011698211375900582
2025-03-12,4Y,4,0.012370404068795719
2025-03-12,5Y,5,0.013414944812719636
2025-03-12,7Y,7,0.016002211951913467
2025-03-12,10Y,10,0.020139522645899882
2025-03-12,15Y,15,0.025115755324412077
2025-03-12,20Y,20,0.02649272789875129
2025-03-12,25Y,25,0.025359315853808448
2025-03-12,30Y,30,0.024855317053415527
2025-03-13,1Y,1,0.00888485853993055
2025-03-13,2Y,2,0.011188427426009758
2025-03-13,3Y,3,0.012098888404594204
2025-03-13,4Y,4,0.012715881988118802
2025-03-13,5Y,5,0.013715250511114531
2025-03-13,7Y,7,0.016305232756706624
2025-03-13,10Y,10,0.02017418527114557
2025-03-13,15Y,15,0.02523373325252324
2025-03-13,20Y,20,0.026448285042265745
2025-03-13,25Y,25,0.025444464506029343
2025-03-13,30Y,30,0.02492771256213495
2025-03-14,1Y,1,0.008575834136770818
2025-03-14,2Y,2,0.010794198312231787
2025-03-14,3Y,3,0.011769809078950477
2025-03-14,4Y,4,0.012452275030801516
2025-03-14,5Y,5,0.013456530362137845
2025-03-14,7Y,7,0.01621047011910779
2025-03-14,10Y,10,0.02004876938586842
2025-03-14,15Y,15,0.025104810324732083
2025-03-14,20Y,20,0.02630344859903285
2025-03-14,25Y,25,0.02535357669916897
2025-03-14,30Y,30,0.02485222660549231
2025-03-17,1Y,1,0.008466141858440074
2025-03-17,2Y,2,0.01064944680179235
2025-03-17,3Y,3,0.011700579408364975
2025-03-17,4Y,4,0.012484405705792736
2025-03-17,5Y,5,0.013519617463298751
2025-03-17,7Y,7,0.016232961567073177
2025-03-17,10Y,10,0.020326288142309332
2025-03-17,15Y,15,0.02530345191945388
2025-03-17,20Y,20,0.026667536518404148
2025-03-17,25Y,25,0.025673214245842402
2025-03-17,30Y,30,0.02517344276709112
2025-03-18,1Y,1,0.00863555213390632
2025-03-18,2Y,2,0.0108439422577181
2025-03-18,3Y,3,0.011870034113845634
2025-03-18,4Y,4,0.012664355342009695
2025-03-18,5Y,5,0.01368940052639932
2025-03-18,7Y,7,0.016321028699242256
2025-03-18,10Y,10,0.02038658593354671
2025-03-18,15Y,15,0.025657291695854498
2025-03-18,20Y,20,0.02702508172969406
2025-03-18,25Y,25,0.026049123138921673
2025-03-18,30Y,30,0.02557751907319088
2025-03-19,1Y,1,0.00889473603023757
2025-03-19,2Y,2,0.011198395125840524
2025-03-19,3Y,3,0.01216932170092019
2025-03-19,4Y,4,0.012888101634314808
2025-03-19,5Y,5,0.01384665140660719
2025-03-19,7Y,7,0.01644608971043935
2025-03-19,10Y,10,0.02084606974154768
2025-03-19,15Y,15,0.02586535012779983
2025-03-19,20Y,20,0.02727590692370465
2025-03-19,25Y,25,0.026218049554013703
2025-03-19,30Y,30,0.0257298929270936
2025-03-21,1Y,1,0.008884747553604782
2025-03-21,2Y,2,0.01110807884923392
2025-03-21,3Y,3,0.012079144700969366
2025-03-21,4Y,4,0.012751538687595406
2025-03-21,5Y,5,0.01358236279670363
2025-03-21,7Y,7,0.015992227954091276
2025-03-21,10Y,10,0.020182154963351955
2025-03-21,15Y,15,0.025393233613600494
2025-03-21,20Y,20,0.026687168513251567
2025-03-21,25Y,25,0.025655697181281058
2025-03-21,30Y,30,0.025141105285671685
2025-03-24,1Y,1,0.009064315616961404
2025-03-24,2Y,2,0.011473220293433041
2025-03-24,3Y,3,0.012500170065884981
2025-03-24,4Y,4,0.013224383207959439
2025-03-24,5Y,5,0.014035191703156334
2025-03-24,7Y,7,0.016448915141222847
2025-03-24,10Y,10,0.020615002937162688
2025-03-24,15Y,15,0.02570718844946795
2025-03-24,20Y,20,0.027108409787317177
2025-03-24,25Y,25,0.026027731729945748
2025-03-24,30Y,30,0.025445291502417568
2025-03-25,1Y,1,0.009193908118710748
2025-03-25,2Y,2,0.011698163638373704
2025-03-25,3Y,3,0.012790958255999333
2025-03-25,4Y,4,0.013480051028594614
2025-03-25,5Y,5,0.01424541219888227
2025-03-25,7Y,7,0.0165145143467908
2025-03-25,10Y,10,0.02061596742581491
2025-03-25,15Y,15,0.025755614210411844
2025-03-25,20Y,20,0.02714365577890917
2025-03-25,25Y,25,0.026028095694138983
2025-03-25,30Y,30,0.025364580391065816
2025-03-26,1Y,1,0.009333425401373139
2025-03-26,2Y,2,0.011867764274640855
2025-03-26,3Y,3,0.012890017548128848
2025-03-26,4Y,4,0.0135540346956784
2025-03-26,5Y,5,0.014365200821157123
2025-03-26,7Y,7,0.01660584689416523
2025-03-26,10Y,10,0.020670006315933444
2025-03-26,15Y,15,0.025697378384194322
2025-03-26,20Y,20,0.027087701395651042
2025-03-26,25Y,25,0.026073849697060114
2025-03-26,30Y,30,0.025544359898782298
2025-03-27,1Y,1,0.00924364787137901
2025-03-27,2Y,2,0.011692717517508892
2025-03-27,3Y,3,0.012719857884107412
2025-03-27,4Y,4,0.013449560845354565
2025-03-27,5Y,5,0.014234909494128496
2025-03-27,7Y,7,0.01639219478601351
2025-03-27,10Y,10,0.020394231502067223
2025-03-27,15Y,15,0.025410011500283526
2025-03-27,20Y,20,0.02665184522891049
2025-03-27,25Y,25,0.025480215036566542
2025-03-27,30Y,30,0.024851768778543473
2025-03-28,1Y,1,0.009044225765521283
2025-03-28,2Y,2,0.0114382368304631
2025-03-28,3Y,3,0.012378915970798083
2025-03-28,4Y,4,0.013011978457523575
2025-03-28,5Y,5,0.013842279608056687
2025-03-28,7Y,7,0.016018127453493264
2025-03-28,10Y,10,0.020031755475800272
2025-03-28,15Y,15,0.024974667990945672
2025-03-28,20Y,20,0.026141159036649073
2025-03-28,25Y,25,0.02495199606773152
2025-03-28,30Y,30,0.024362517901147584
2025-03-31,1Y,1,0.008794796910120096
2025-03-31,2Y,2,0.010902931432597091
2025-03-31,3Y,3,0.011787682230828002
2025-03-31,4Y,4,0.012419284735360168
2025-03-31,5Y,5,0.01320806487401847
2025-03-31,7Y,7,0.0155862670208975
2025-03-31,10Y,10,0.01966188667319893
2025-03-31,15Y,15,0.02480628563657937
2025-03-31,20Y,20,0.02605370359845523
2025-03-31,25Y,25,0.024908186249168573
2025-03-31,30Y,30,0.024376944806982007
2025-04-01,1Y,1,0.008784781191364593
2025-04-01,2Y,2,0.010882928951269404
2025-04-01,3Y,3,0.01177768356717723
2025-04-01,4Y,4,0.012358454562378827
2025-04-01,5Y,5,0.01322926334068305
2025-04-01,7Y,7,0.015586556262047808
2025-04-01,10Y,10,0.019693830642384877
2025-04-01,15Y,15,0.024671638576182528
2025-04-01,20Y,20,0.026002781957360326
2025-04-01,25Y,25,0.02484437878282951
2025-04-01,30Y,30,0.02427384569580262
2025-04-02,1Y,1,0.008685062061349698
2025-04-02,2Y,2,0.010687903967077068
2025-04-02,3Y,3,0.011557335734364611
2025-04-02,4Y,4,0.0121833397829648
2025-04-02,5Y,5,0.013038466602147872
2025-04-02,7Y,7,0.015444471305107274
2025-04-02,10Y,10,0.019515002309014227
2025-04-02,15Y,15,0.024133075270502465
2025-04-02,20Y,20,0.025433986856941336
2025-04-02,25Y,25,0.024131597256807566
2025-04-02,30Y,30,0.023490932249701724
2025-04-03,1Y,1,0.00783756986575637
2025-04-03,2Y,2,0.00935409501544927
2025-04-03,3Y,3,0.010126769670409088
2025-04-03,4Y,4,0.010790785195280832
2025-04-03,5Y,5,0.011317411912671271
2025-04-03,7Y,7,0.013765027982548337
2025-04-03,10Y,10,0.01788685389463153
2025-04-03,15Y,15,0.022872076652881705
2025-04-03,20Y,20,0.0242301542337064
2025-04-03,25Y,25,0.02306771717147435
2025-04-03,30Y,30,0.022441766418574406
2025-04-04,1Y,1,0.006500787490054047
2025-04-04,2Y,2,0.007556947922171762
2025-04-04,3Y,3,0.008206325745027509
2025-04-04,4Y,4,0.008641439163946269
2025-04-04,5Y,5,0.00929235001713219
2025-04-04,7Y,7,0.011622888100783001
2025-04-04,10Y,10,0.016276290669812794
2025-04-04,15Y,15,0.02122515497807851
2025-04-04,20Y,20,0.022480804231567075
2025-04-04,25Y,25,0.021299647335155714
2025-04-04,30Y,30,0.02072020871191526
2025-04-07,1Y,1,0.006231297281808655
2025-04-07,2Y,2,0.0070320573537421705
2025-04-07,3Y,3,0.007595603691034451
2025-04-07,4Y,4,0.008378789035633903
2025-04-07,5Y,5,0.00909444436429671
2025-04-07,7Y,7,0.011145393404295458
2025-04-07,10Y,10,0.015547261277165388
2025-04-07,15Y,15,0.02058999378713919
2025-04-07,20Y,20,0.022368405619712893
2025-04-07,25Y,25,0.02110299016161543
2025-04-07,30Y,30,0.02029278782833882
2025-04-08,1Y,1,0.006929587444816329
2025-04-08,2Y,2,0.008065879217889437
2025-04-08,3Y,3,0.008876841640744178
2025-04-08,4Y,4,0.009605664246582083
2025-04-08,5Y,5,0.010176354517942257
2025-04-08,7Y,7,0.01286307609469188
2025-04-08,10Y,10,0.01698298609662091
2025-04-08,15Y,15,0.022352022769372915
2025-04-08,20Y,20,0.023624747903154324
2025-04-08,25Y,25,0.02246217212701216
2025-04-08,30Y,30,0.022070126812758516
2025-04-09,1Y,1,0.005742664504902477
2025-04-09,2Y,2,0.0067789889471975805
2025-04-09,3Y,3,0.007145665058581448
2025-04-09,4Y,4,0.008127016351904114
2025-04-09,5Y,5,0.009657598830595209
2025-04-09,7Y,7,0.012323755033361219
2025-04-09,10Y,10,0.017835614625500026
2025-04-09,15Y,15,0.024793815669341947
2025-04-09,20Y,20,0.026617147373947585
2025-04-09,25Y,25,0.025195258209326006
2025-04-09,30Y,30,0.02490275351955556
2025-04-10,1Y,1,0.006590244718298124
2025-04-10,2Y,2,0.007611602438473438
2025-04-10,3Y,3,0.008517389003012086
2025-04-10,4Y,4,0.009357288749506247
2025-04-10,5Y,5,0.010436528462783626
2025-04-10,7Y,7,0.013382422481130727
2025-04-10,10Y,10,0.01835526099928247
2025-04-10,15Y,15,0.024964240825338865
2025-04-10,20Y,20,0.02666419528484907
2025-04-10,25Y,25,0.02541321917562906
2025-04-10,30Y,30,0.02476552578169281
2025-04-11,1Y,1,0.005951713158557178
2025-04-11,2Y,2,0.006602500718276359
2025-04-11,3Y,3,0.007537732517623742
2025-04-11,4Y,4,0.008825709157895545
2025-04-11,5Y,5,0.01005079381378527
2025-04-11,7Y,7,0.013304662160256338
2025-04-11,10Y,10,0.01970741726037437
2025-04-11,15Y,15,0.026878885115221685
2025-04-11,20Y,20,0.02911426829125622
2025-04-11,25Y,25,0.028376840245968968
2025-04-11,30Y,30,0.028519233845261272
2025-04-14,1Y,1,0.006290726648886228
2025-04-14,2Y,2,0.0069164678415414415
2025-04-14,3Y,3,0.007776521425605741
2025-04-14,4Y,4,0.008994090182173764
2025-04-14,5Y,5,0.010372132837911125
2025-04-14,7Y,7,0.013917579913831274
2025-04-14,10Y,10,0.020134896602443508
2025-04-14,15Y,15,0.02797905075831019
2025-04-14,20Y,20,0.03012779987924588
2025-04-14,25Y,25,0.02853273684021683
2025-04-14,30Y,30,0.027720417033690836
2025-04-15,1Y,1,0.0068795763841391164
2025-04-15,2Y,2,0.007810441600209132
2025-04-15,3Y,3,0.008626447477917656
2025-04-15,4Y,4,0.00982522397015754
2025-04-15,5Y,5,0.011032202990304376
2025-04-15,7Y,7,0.01410838146155249
2025-04-15,10Y,10,0.01976368359953754
2025-04-15,15Y,15,0.02635710594458187
2025-04-15,20Y,20,0.027983731568875073
2025-04-15,25Y,25,0.026848883266865534
2025-04-15,30Y,30,0.02595250429364835
2025-04-16,1Y,1,0.0063109612773685235
2025-04-16,2Y,2,0.007131885714454007
2025-04-16,3Y,3,0.007916707696493504
2025-04-16,4Y,4,0.008816285560126475
2025-04-16,5Y,5,0.009812754968305137
2025-04-16,7Y,7,0.012725393967101723
2025-04-16,10Y,10,0.01830948440813016
2025-04-16,15Y,15,0.02518282480427583
2025-04-16,20Y,20,0.026849190998752284
2025-04-16,25Y,25,0.025633812468337625
2025-04-16,30Y,30,0.02481078449190648
2025-04-17,1Y,1,0.006530308770746715
2025-04-17,2Y,2,0.0074615363898755255
2025-04-17,3Y,3,0.008357117679625867
2025-04-17,4Y,4,0.009282717251710095
2025-04-17,5Y,5,0.010295411070502504
2025-04-17,7Y,7,0.013035090355260542
2025-04-17,10Y,10,0.018423062026137194
2025-04-17,15Y,15,0.02494218626933791
2025-04-17,20Y,20,0.02662293226555127
2025-04-17,25Y,25,0.0256468354523963
2025-04-17,30Y,30,0.025101031045638447
2025-04-21,1Y,1,0.006530329159053492
2025-04-21,2Y,2,0.007451507161849226
2025-04-21,3Y,3,0.008337076473706365
2025-04-21,4Y,4,0.009298013592018211
2025-04-21,5Y,5,0.010315761120871432
2025-04-21,7Y,7,0.012985830799766382
2025-04-21,10Y,10,0.018447319947849476
2025-04-21,15Y,15,0.02496104390213121
2025-04-21,20Y,20,0.026609317272632885
2025-04-21,25Y,25,0.025632231461866807
2025-04-21,30Y,30,0.025020967390555406
2025-04-22,1Y,1,0.006620026843698908
2025-04-22,2Y,2,0.007445977264739948
2025-04-22,3Y,3,0.008266272787084132
2025-04-22,4Y,4,0.009302779755411517
2025-04-22,5Y,5,0.010294857697734815
2025-04-22,7Y,7,0.012985172320674164
2025-04-22,10Y,10,0.018490942507719443
2025-04-22,15Y,15,0.025411781535446477
2025-04-22,20Y,20,0.027334171164483948
2025-04-22,25Y,25,0.02639415336280216
2025-04-22,30Y,30,0.02597593408086669
2025-04-23,1Y,1,0.006979207510168408
2025-04-23,2Y,2,0.008201001420832445
2025-04-23,3Y,3,0.009086960400866751
2025-04-23,4Y,4,0.00987242829134927
2025-04-23,5Y,5,0.010794276440160504
2025-04-23,7Y,7,0.013454175125369002
2025-04-23,10Y,10,0.018872747181347106
2025-04-23,15Y,15,0.02547389850072517
2025-04-23,20Y,20,0.027297587188902576
2025-04-23,25Y,25,0.026022259500538908
2025-04-23,30Y,30,0.025401375189320265
2025-04-24,1Y,1,0.006789674110196975
2025-04-24,2Y,2,0.007735777531613152
2025-04-24,3Y,3,0.008536196436905532
2025-04-24,4Y,4,0.009497382227701953
2025-04-24,5Y,5,0.010515280389952997
2025-04-24,7Y,7,0.013173975775763215
2025-04-24,10Y,10,0.018651169332553688
2025-04-24,15Y,15,0.025567435454258998
2025-04-24,20Y,20,0.027481671192741926
2025-04-24,25Y,25,0.026248248662840562
2025-04-24,30Y,30,0.025726205268483227
2025-04-25,1Y,1,0.007079053440819953
2025-04-25,2Y,2,0.008145197125699033
2025-04-25,3Y,3,0.008986543602057702
2025-04-25,4Y,4,0.009943038304763325
2025-04-25,5Y,5,0.010977561348868157
2025-04-25,7Y,7,0.013680241558746153
2025-04-25,10Y,10,0.018950415494420253
2025-04-25,15Y,15,0.025735051699937745
2025-04-25,20Y,20,0.027798132967638597
2025-04-25,25Y,25,0.026956326581678
2025-04-25,30Y,30,0.02667251700567484
2025-04-28,1Y,1,0.007049152481110071
2025-04-28,2Y,2,0.008085202677794806
2025-04-28,3Y,3,0.008755288916747116
2025-04-28,4Y,4,0.009640930637939409
2025-04-28,5Y,5,0.010633428532107192
2025-04-28,7Y,7,0.013168550857854032
2025-04-28,10Y,10,0.018380078273570785
2025-04-28,15Y,15,0.025477550893602045
2025-04-28,20Y,20,0.027670626245144297
2025-04-28,25Y,25,0.026686274548274658
2025-04-28,30Y,30,0.026218046329685763
2025-04-30,1Y,1,0.006869630088920858
2025-04-30,2Y,2,0.007775400415410392
2025-04-30,3Y,3,0.0084152040826196
2025-04-30,4Y,4,0.009264671513983858
2025-04-30,5Y,5,0.01025170953449082
2025-04-30,7Y,7,0.01281706516253292
2025-04-30,10Y,10,0.01808465579217953
2025-04-30,15Y,15,0.02503576666800312
2025-04-30,20Y,20,0.027201712227300886
2025-04-30,25Y,25,0.026325961979991347
2025-04-30,30Y,30,0.0259002655517671
2025-05-01,1Y,1,0.006510777433029692
2025-05-01,2Y,2,0.007556889047208335
2025-05-01,3Y,3,0.008236544454219983
2025-05-01,4Y,4,0.00904588500494163
2025-05-01,5Y,5,0.01007299673341892
2025-05-01,7Y,7,0.012584037454804346
2025-05-01,10Y,10,0.018019276424385375
2025-05-01,15Y,15,0.025050644898345957
2025-05-01,20Y,20,0.027372647198674382
2025-05-01,25Y,25,0.026550855376665385
2025-05-01,30Y,30,0.02618495313015441
2025-05-02,1Y,1,0.006510838423266816
2025-05-02,2Y,2,0.007586970379511079
2025-05-02,3Y,3,0.008296907078786775
2025-05-02,4Y,4,0.009258086035217765
2025-05-02,5Y,5,0.01031586166516558
2025-05-02,7Y,7,0.012994044962196489
2025-05-02,10Y,10,0.018304715179607668
2025-05-02,15Y,15,0.02542080690978788
2025-05-02,20Y,20,0.02782509300808964
2025-05-02,25Y,25,0.027138807814095597
2025-05-02,30Y,30,0.026834362017694194
2025-05-05,1Y,1,0.006510838423266816
2025-05-05,2Y,2,0.007586970379511079
2025-05-05,3Y,3,0.008296907078786775
2025-05-05,4Y,4,0.009258086035217765
2025-05-05,5Y,5,0.01031586166516558
2025-05-05,7Y,7,0.012994044962196489
2025-05-05,10Y,10,0.018304715179607668
2025-05-05,15Y,15,0.02542080690978788
2025-05-05,20Y,20,0.02782509300808964
2025-05-05,25Y,25,0.027138807814095597
2025-05-05,30Y,30,0.026834362017694194
2025-05-07,1Y,1,0.006580748486768595
2025-05-07,2Y,2,0.007747018820756237
2025-05-07,3Y,3,0.008527592727695214
2025-05-07,4Y,4,0.009418183040240355
2025-05-07,5Y,5,0.010558285479912253
2025-05-07,7Y,7,0.013414635401344584
2025-05-07,10Y,10,0.0188573006056671
2025-05-07,15Y,15,0.026185733815767165
2025-05-07,20Y,20,0.028803244132085997
2025-05-07,25Y,25,0.028113768542227427
2025-05-07,30Y,30,0.027885472898857632
2025-05-08,1Y,1,0.0066506171984375625
2025-05-08,2Y,2,0.007912092198084695
2025-05-08,3Y,3,0.008778347602035028
2025-05-08,4Y,4,0.009638927297978196
2025-05-08,5Y,5,0.010718724571987599
2025-05-08,7Y,7,0.013637998750710367
2025-05-08,10Y,10,0.01913443219725728
2025-05-08,15Y,15,0.026466524430181087
2025-05-08,20Y,20,0.029058001698039224
2025-05-08,25Y,25,0.028471647080893343
2025-05-08,30Y,30,0.02830157080454445
2025-05-09,1Y,1,0.006740381233316864
2025-05-09,2Y,2,0.008056993397641269
2025-05-09,3Y,3,0.008968647518324614
2025-05-09,4Y,4,0.009885242547876627
2025-05-09,5Y,5,0.011041934122870176
2025-05-09,7Y,7,0.014096353492781342
2025-05-09,10Y,10,0.01964417740445299
2025-05-09,15Y,15,0.027179159272618544
2025-05-09,20Y,20,0.029934939914336316
2025-05-09,25Y,25,0.02937303015964763
2025-05-09,30Y,30,0.02917390824177235
2025-05-12,1Y,1,0.007368740200138856
2025-05-12,2Y,2,0.008895716250215173
2025-05-12,3Y,3,0.009798194219375032
2025-05-12,4Y,4,0.010670487270202617
2025-05-12,5Y,5,0.011864599272537704
2025-05-12,7Y,7,0.01477365880842527
2025-05-12,10Y,10,0.020328896524976686
2025-05-12,15Y,15,0.027523341920581732
2025-05-12,20Y,20,0.03022761610786396
2025-05-12,25Y,25,0.029538970605052513
2025-05-12,30Y,30,0.029220204824585046
2025-05-13,1Y,1,0.007508499015347776
2025-05-13,2Y,2,0.009115529866521331
2025-05-13,3Y,3,0.010099141243719478
2025-05-13,4Y,4,0.011057748797435298
2025-05-13,5Y,5,0.012207179125170792
2025-05-13,7Y,7,0.015044164076788737
2025-05-13,10Y,10,0.020511895868418038
2025-05-13,15Y,15,0.027241876757173447
2025-05-13,20Y,20,0.02976930535671346
2025-05-13,25Y,25,0.02881017210405286
2025-05-13,30Y,30,0.028280651052734095
2025-05-14,1Y,1,0.007558540767608176
2025-05-14,2Y,2,0.009315895215411209
2025-05-14,3Y,3,0.010410684027878358
2025-05-14,4Y,4,0.011481473112229247
2025-05-14,5Y,5,0.012539923478905809
2025-05-14,7Y,7,0.015517022604644007
2025-05-14,10Y,10,0.020968672416224972
2025-05-14,15Y,15,0.027928254426821585
2025-05-14,20Y,20,0.030545642661442825
2025-05-14,25Y,25,0.029702278568249307
2025-05-14,30Y,30,0.029276972673348344
2025-05-15,1Y,1,0.007478624179798984
2025-05-15,2Y,2,0.009105696305449986
2025-05-15,3Y,3,0.010190175118732919
2025-05-15,4Y,4,0.011214624228785596
2025-05-15,5Y,5,0.01232907777293801
2025-05-15,7Y,7,0.01537443909835079
2025-05-15,10Y,10,0.020744651013589875
2025-05-15,15Y,15,0.027910133854301973
2025-05-15,20Y,20,0.030534470479558217
2025-05-15,25Y,25,0.02982298009971318
2025-05-15,30Y,30,0.029378685749641736
2025-05-16,1Y,1,0.007478811018121403
2025-05-16,2Y,2,0.009251206051656791
2025-05-16,3Y,3,0.010350933097761347
2025-05-16,4Y,4,0.011335424162342159
2025-05-16,5Y,5,0.012378505997287573
2025-05-16,7Y,7,0.015312295684917324
2025-05-16,10Y,10,0.020564374750552762
2025-05-16,15Y,15,0.02739750791896286
2025-05-16,20Y,20,0.029850574683319035
2025-05-16,25Y,25,0.029249467680331848
2025-05-16,30Y,30,0.028880967062211795
2025-05-19,1Y,1,0.007508499015347776
2025-05-19,2Y,2,0.009220905823904037
2025-05-19,3Y,3,0.010360685330190224
2025-05-19,4Y,4,0.011431465940726134
2025-05-19,5Y,5,0.012581842306111403
2025-05-19,7Y,7,0.015525693261216365
2025-05-19,10Y,10,0.020643847950440584
2025-05-19,15Y,15,0.02746470488137924
2025-05-19,20Y,20,0.030004095520126933
2025-05-19,25Y,25,0.02940014921861271
2025-05-19,30Y,30,0.02900598042674367
2025-05-20,1Y,1,0.007558611581455944
2025-05-20,2Y,2,0.009406223235675259
2025-05-20,3Y,3,0.010591811577207988
2025-05-20,4Y,4,0.011708687144737455
2025-05-20,5Y,5,0.012875188732446568
2025-05-20,7Y,7,0.015917792917323724
2025-05-20,10Y,10,0.02140264290356732
2025-05-20,15Y,15,0.028718247262176054
2025-05-20,20Y,20,0.031488330521586644
2025-05-20,25Y,25,0.031259872002670656
2025-05-20,30Y,30,0.03121527934551403
2025-05-21,1Y,1,0.007528760041964338
2025-05-21,2Y,2,0.009401408951199796
2025-05-21,3Y,3,0.010561789012082073
2025-05-21,4Y,4,0.011688911062616002
2025-05-21,5Y,5,0.012936964021738807
2025-05-21,7Y,7,0.016017805505195777
2025-05-21,10Y,10,0.02190510811137853
2025-05-21,15Y,15,0.029510729041795546
2025-05-21,20Y,20,0.03222518226281866
2025-05-21,25Y,25,0.03200930073559293
2025-05-21,30Y,30,0.0319618239695653
2025-05-22,1Y,1,0.007578591043365904
2025-05-22,2Y,2,0.009481362656560438
2025-05-22,3Y,3,0.010672011159976947
2025-05-22,4Y,4,0.011834952214483444
2025-05-22,5Y,5,0.013231657001087183
2025-05-22,7Y,7,0.016485746390393602
2025-05-22,10Y,10,0.022358984105205558
2025-05-22,15Y,15,0.030395945077352354
2025-05-22,20Y,20,0.0331022563667666
2025-05-22,25Y,25,0.03282079424969903
2025-05-22,30Y,30,0.032920716653575585
2025-05-23,1Y,1,0.007389111250935245
2025-05-23,2Y,2,0.009086220935258297
2025-05-23,3Y,3,0.01024150230180142
2025-05-23,4Y,4,0.01142315343251425
2025-05-23,5Y,5,0.012584159617869038
2025-05-23,7Y,7,0.01567375856360407
2025-05-23,10Y,10,0.021395490278004616
2025-05-23,15Y,15,0.02896768630156135
2025-05-23,20Y,20,0.0313792713303851
2025-05-23,25Y,25,0.03104003076120848
2025-05-23,30Y,30,0.030821720788572836
2025-05-26,1Y,1,0.007389111250935245
2025-05-26,2Y,2,0.009086220935258297
2025-05-26,3Y,3,0.01024150230180142
2025-05-26,4Y,4,0.01142315343251425
2025-05-26,5Y,5,0.012584159617869038
2025-05-26,7Y,7,0.015623815066700929
2025-05-26,10Y,10,0.02139572548053864
2025-05-26,15Y,15,0.028967768155985195
2025-05-26,20Y,20,0.03137939995807709
2025-05-26,25Y,25,0.031040082325619722
2025-05-26,30Y,30,0.030821787343818907
2025-05-27,1Y,1,0.007578472708408067
2025-05-27,2Y,2,0.009275611977538274
2025-05-27,3Y,3,0.010289819184103495
2025-05-27,4Y,4,0.011258797883435123
2025-05-27,5Y,5,0.012245373199372567
2025-05-27,7Y,7,0.014888332398854488
2025-05-27,10Y,10,0.020062839190667987
2025-05-27,15Y,15,0.02742338185243675
2025-05-27,20Y,20,0.029691086799068452
2025-05-27,25Y,25,0.029045852945249
2025-05-27,30Y,30,0.028702130234664457
2025-05-28,1Y,1,0.007777999793519495
2025-05-28,2Y,2,0.00964055650304234
2025-05-28,3Y,3,0.01067019941227355
2025-05-28,4Y,4,0.011614784059703448
2025-05-28,5Y,5,0.012658073662714046
2025-05-28,7Y,7,0.01545726637967438
2025-05-28,10Y,10,0.020644059373117356
2025-05-28,15Y,15,0.027814506016781895
2025-05-28,20Y,20,0.029910016160579034
2025-05-28,25Y,25,0.029056652608573645
2025-05-28,30Y,30,0.028657855937165185
2025-05-29,1Y,1,0.007588272727032849
2025-05-29,2Y,2,0.009310680749819913
2025-05-29,3Y,3,0.010319443112749379
2025-05-29,4Y,4,0.011233181303731868
2025-05-29,5Y,5,0.012418563726639797
2025-05-29,7Y,7,0.015340364903612985
2025-05-29,10Y,10,0.020625271537512452
2025-05-29,15Y,15,0.028220440275122508
2025-05-29,20Y,20,0.030409007644197607
2025-05-29,25Y,25,0.02961413611276774
2025-05-29,30Y,30,0.029375993205006945
2025-05-30,1Y,1,0.007728149001425522
2025-05-30,2Y,2,0.009555590184399065
2025-05-30,3Y,3,0.01045906174106764
2025-05-30,4Y,4,0.011368072629427045
2025-05-30,5Y,5,0.012527790139051604
2025-05-30,7Y,7,0.015297587396164013
2025-05-30,10Y,10,0.02087968943972269
2025-05-30,15Y,15,0.02839481899986753
2025-05-30,20Y,20,0.030592871850027493
2025-05-30,25Y,25,0.029934254973171343
2025-05-30,30Y,30,0.029635627233747554
2025-06-02,1Y,1,0.00781783581180071
2025-06-02,2Y,2,0.00963023569568404
2025-06-02,3Y,3,0.010589321404196229
2025-06-02,4Y,4,0.01157438328758534
2025-06-02,5Y,5,0.012668281849473079
2025-06-02,7Y,7,0.01553828561996894
2025-06-02,10Y,10,0.020936307951235474
2025-06-02,15Y,15,0.028211295477053536
2025-06-02,20Y,20,0.03048009957247965
2025-06-02,25Y,25,0.0297643922296155
2025-06-02,30Y,30,0.029392733970994355
2025-06-03,1Y,1,0.0077978570536961075
2025-06-03,2Y,2,0.009585211073405748
2025-06-03,3Y,3,0.010549276114768573
2025-06-03,4Y,4,0.01146821439108252
2025-06-03,5Y,5,0.012516179320123687
2025-06-03,7Y,7,0.01534700062398242
2025-06-03,10Y,10,0.02105431165960688
2025-06-03,15Y,15,0.02838347797848833
2025-06-03,20Y,20,0.030752943988478578
2025-06-03,25Y,25,0.030053326461385477
2025-06-03,30Y,30,0.029728680650552276
2025-06-04,1Y,1,0.007847706014478501
2025-06-04,2Y,2,0.009670174824503285
2025-06-04,3Y,3,0.010659490593663144
2025-06-04,4Y,4,0.011563419345041856
2025-06-04,5Y,5,0.012719054809400096
2025-06-04,7Y,7,0.015696184522769094
2025-06-04,10Y,10,0.021444470757009518
2025-06-04,15Y,15,0.02889282936789936
2025-06-04,20Y,20,0.03126321571780974
2025-06-04,25Y,25,0.030473685850590605
2025-06-04,30Y,30,0.03002573705717566
2025-06-05,1Y,1,0.007738066070736877
2025-06-05,2Y,2,0.009495298416255448
2025-06-05,3Y,3,0.010610758827407748
2025-06-05,4Y,4,0.011513864194999857
2025-06-05,5Y,5,0.01239457227637453
2025-06-05,7Y,7,0.015265348384224886
2025-06-05,10Y,10,0.02080128928665447
2025-06-05,15Y,15,0.028463019968979056
2025-06-05,20Y,20,0.030531568952651373
2025-06-05,25Y,25,0.029713827542379875
2025-06-05,30Y,30,0.029270838856731877
2025-06-06,1Y,1,0.007867684649464857
2025-06-06,2Y,2,0.009654972250656313
2025-06-06,3Y,3,0.010498150249146538
2025-06-06,4Y,4,0.011325865318090824
2025-06-06,5Y,5,0.012373187695630065
2025-06-06,7Y,7,0.015210324569823783
2025-06-06,10Y,10,0.020662413772565134
2025-06-06,15Y,15,0.02814645500104538
2025-06-06,20Y,20,0.03026691086183121
2025-06-06,25Y,25,0.029212594888631344
2025-06-06,30Y,30,0.028595289133931855
2025-06-09,1Y,1,0.007867684649464857
2025-06-09,2Y,2,0.009715200163319022
2025-06-09,3Y,3,0.01057842430461468
2025-06-09,4Y,4,0.011467473372699929
2025-06-09,5Y,5,0.012504412768345859
2025-06-09,7Y,7,0.01530186046183431
2025-06-09,10Y,10,0.020670934106906028
2025-06-09,15Y,15,0.028098497003747426
2025-06-09,20Y,20,0.030252140628144145
2025-06-09,25Y,25,0.029396573670657983
2025-06-09,30Y,30,0.028881811948935025
2025-06-10,1Y,1,0.00777807266442689
2025-06-10,2Y,2,0.009655609236455268
2025-06-10,3Y,3,0.010589494568860134
2025-06-10,4Y,4,0.011488514587486466
2025-06-10,5Y,5,0.012648715167607134
2025-06-10,7Y,7,0.0154475720737215
2025-06-10,10Y,10,0.02127859509946022
2025-06-10,15Y,15,0.02901928795213577
2025-06-10,20Y,20,0.03141414970648955
2025-06-10,25Y,25,0.030732929298092536
2025-06-10,30Y,30,0.03030781235415041
2025-06-11,1Y,1,0.0076085365703127475
2025-06-11,2Y,2,0.009506244860710989
2025-06-11,3Y,3,0.01050023252993991
2025-06-11,4Y,4,0.01132320949335703
2025-06-11,5Y,5,0.012457778883806149
2025-06-11,7Y,7,0.015400281819706152
2025-06-11,10Y,10,0.021027757439857773
2025-06-11,15Y,15,0.028864380133492653
2025-06-11,20Y,20,0.031426587127467265
2025-06-11,25Y,25,0.030750394260526177
2025-06-11,30Y,30,0.03028909247707439
2025-06-12,1Y,1,0.007498743753444025
2025-06-12,2Y,2,0.009391586382557708
2025-06-12,3Y,3,0.010329635602327657
2025-06-12,4Y,4,0.011081882673922315
2025-06-12,5Y,5,0.01228691731810944
2025-06-12,7Y,7,0.015095573489583045
2025-06-12,10Y,10,0.02088679709814479
2025-06-12,15Y,15,0.028897996681445322
2025-06-12,20Y,20,0.03125742359464005
2025-06-12,25Y,25,0.030531362548206965
2025-06-12,30Y,30,0.02998368492043928
2025-06-13,1Y,1,0.007598428179296713
2025-06-13,2Y,2,0.009421004853650522
2025-06-13,3Y,3,0.010409790778866217
2025-06-13,4Y,4,0.011232533762484473
2025-06-13,5Y,5,0.012254490368368311
2025-06-13,7Y,7,0.014988502210405982
2025-06-13,10Y,10,0.020746750699379247
2025-06-13,15Y,15,0.02877265122463995
2025-06-13,20Y,20,0.031115123970587768
2025-06-13,25Y,25,0.03039714391317301
2025-06-13,30Y,30,0.029971165742651507
2025-06-16,1Y,1,0.007688046816443473
2025-06-16,2Y,2,0.009525774114233596
2025-06-16,3Y,3,0.010458947049040108
2025-06-16,4Y,4,0.011140055939572575
2025-06-16,5Y,5,0.012202530128776028
2025-06-16,7Y,7,0.01499721714899565
2025-06-16,10Y,10,0.020661387454014832
2025-06-16,15Y,15,0.028461331199247458
2025-06-16,20Y,20,0.030649977851437842
2025-06-16,25Y,25,0.02999001477702734
2025-06-16,30Y,30,0.029518236470063554
2025-06-17,1Y,1,0.007478787662575835
2025-06-17,2Y,2,0.009306409347037805
2025-06-17,3Y,3,0.010390836979254258
2025-06-17,4Y,4,0.01127431200098311
2025-06-17,5Y,5,0.01230690391006238
2025-06-17,7Y,7,0.015186153321294495
2025-06-17,10Y,10,0.02074318510103191
2025-06-17,15Y,15,0.02871282021131658
2025-06-17,20Y,20,0.030932638603357418
2025-06-17,25Y,25,0.030307076631474465
2025-06-17,30Y,30,0.030003184596483278
2025-06-18,1Y,1,0.007369062356939499
2025-06-18,2Y,2,0.009176687155125146
2025-06-18,3Y,3,0.01007925909723224
2025-06-18,4Y,4,0.01070933850314698
2025-06-18,5Y,5,0.011852631401116975
2025-06-18,7Y,7,0.015008412301606537
2025-06-18,10Y,10,0.02059024020477248
2025-06-18,15Y,15,0.028576417759656646
2025-06-18,20Y,20,0.031076981399196357
2025-06-18,25Y,25,0.03052690551902148
2025-06-18,30Y,30,0.030167291037471046
2025-06-19,1Y,1,0.007279245409617487
2025-06-19,2Y,2,0.008941456296296989
2025-06-19,3Y,3,0.009869234783191232
2025-06-19,4Y,4,0.010665799111897155
2025-06-19,5Y,5,0.011793779337070487
2025-06-19,7Y,7,0.014709558116527379
2025-06-19,10Y,10,0.020627935709848486
2025-06-19,15Y,15,0.0285894697794902
2025-06-19,20Y,20,0.0313365197936209
2025-06-19,25Y,25,0.030724704455452986
2025-06-19,30Y,30,0.03034357156985168
2025-06-20,1Y,1,0.007388880502414518
2025-06-20,2Y,2,0.009051110890974738
2025-06-20,3Y,3,0.009999150939945816
2025-06-20,4Y,4,0.010876959087256931
2025-06-20,5Y,5,0.011882669477422683
2025-06-20,7Y,7,0.014729423416981684
2025-06-20,10Y,10,0.020567447792776892
2025-06-20,15Y,15,0.02811375681754466
2025-06-20,20Y,20,0.03078262248246701
2025-06-20,25Y,25,0.030377007426777708
2025-06-20,30Y,30,0.030010415527876644
2025-06-23,1Y,1,0.007438805567437625
2025-06-23,2Y,2,0.00912101729821602
2025-06-23,3Y,3,0.010028905264994715
2025-06-23,4Y,4,0.010850977471123225
2025-06-23,5Y,5,0.011923068647669774
2025-06-23,7Y,7,0.01486093055254269
2025-06-23,10Y,10,0.020663646708405693
2025-06-23,15Y,15,0.028428383317431225
2025-06-23,20Y,20,0.03125752119858756
2025-06-23,25Y,25,0.030882052114481244
2025-06-23,30Y,30,0.030606340684355308
2025-06-24,1Y,1,0.0074387358782792455
2025-06-24,2Y,2,0.009105968215929416
2025-06-24,3Y,3,0.010049044542334518
2025-06-24,4Y,4,0.010876172299830934
2025-06-24,5Y,5,0.012025049380273475
2025-06-24,7Y,7,0.014790220078652171
2025-06-24,10Y,10,0.020684478804721424
2025-06-24,15Y,15,0.028624133017784024
2025-06-24,20Y,20,0.031306529571894906
2025-06-24,25Y,25,0.03064962698611034
2025-06-24,30Y,30,0.030304455355301907
2025-06-25,1Y,1,0.007448609149506783
2025-06-25,2Y,2,0.009035659163896502
2025-06-25,3Y,3,0.009918194507632552
2025-06-25,4Y,4,0.01066900642001552
2025-06-25,5Y,5,0.011751112563840725
2025-06-25,7Y,7,0.014679030758220087
2025-06-25,10Y,10,0.020254736659648005
2025-06-25,15Y,15,0.02853666317239299
2025-06-25,20Y,20,0.031208040412465433
2025-06-25,25Y,25,0.030606727188369896
2025-06-25,30Y,30,0.030320418179319696
2025-06-26,1Y,1,0.007528477911940337
2025-06-26,2Y,2,0.009190658114716383
2025-06-26,3Y,3,0.010138962884080612
2025-06-26,4Y,4,0.010879791414749838
2025-06-26,5Y,5,0.011932120800911682
2025-06-26,7Y,7,0.014799165734446854
2025-06-26,10Y,10,0.020571859009797293
2025-06-26,15Y,15,0.028676153543820294
2025-06-26,20Y,20,0.03148406698180842
2025-06-26,25Y,25,0.030975932208096586
2025-06-26,30Y,30,0.030629296811400298
2025-06-27,1Y,1,0.007628277869730474
2025-06-27,2Y,2,0.009350541389567651
2025-06-27,3Y,3,0.010238568465646577
2025-06-27,4Y,4,0.011050765179909364
2025-06-27,5Y,5,0.01212322454491993
2025-06-27,7Y,7,0.015012747294101063
2025-06-27,10Y,10,0.020756137826834768
2025-06-27,15Y,15,0.028866362215539624
2025-06-27,20Y,20,0.03163821633405901
2025-06-27,25Y,25,0.031134672884880636
2025-06-27,30Y,30,0.030883220713608783
2025-06-30,1Y,1,0.0076283493355513415
2025-06-30,2Y,2,0.009365592008613085
2025-06-30,3Y,3,0.010238604397876353
2025-06-30,4Y,4,0.010974667222898997
2025-06-30,5Y,5,0.012001267810388214
2025-06-30,7Y,7,0.014930877290679274
2025-06-30,10Y,10,0.02073294347627295
2025-06-30,15Y,15,0.028920864543708895
2025-06-30,20Y,20,0.03174066963798652
2025-06-30,25Y,25,0.031201464138221238
2025-06-30,30Y,30,0.030828142346974417
2025-07-01,1Y,1,0.0076382673390990655
2025-07-01,2Y,2,0.009320361426489579
2025-07-01,3Y,3,0.010188356602537498
2025-07-01,4Y,4,0.011005335057891353
2025-07-01,5Y,5,0.012042079283486794
2025-07-01,7Y,7,0.014723555248504428
2025-07-01,10Y,10,0.02054535100649469
2025-07-01,15Y,15,0.029006181435684012
2025-07-01,20Y,20,0.03175947052354468
2025-07-01,25Y,25,0.03119765337274922
2025-07-01,30Y,30,0.030892311385633687
2025-07-02,1Y,1,0.007678225343783229
2025-07-02,2Y,2,0.009440517601170642
2025-07-02,3Y,3,0.010348931211048757
2025-07-02,4Y,4,0.011186541889553403
2025-07-02,5Y,5,0.012233863803669795
2025-07-02,7Y,7,0.015041982707191964
2025-07-02,10Y,10,0.020738687908280807
2025-07-02,15Y,15,0.02910178690888214
2025-07-02,20Y,20,0.0317980787031284
2025-07-02,25Y,25,0.031258161401940474
2025-07-02,30Y,30,0.030937250006206996
2025-07-03,1Y,1,0.007698156341520669
2025-07-03,2Y,2,0.009505619446079576
2025-07-03,3Y,3,0.010469450591730515
2025-07-03,4Y,4,0.011439297264131159
2025-07-03,5Y,5,0.012486778769645535
2025-07-03,7Y,7,0.015409602631450962
2025-07-03,10Y,10,0.021215242902406062
2025-07-03,15Y,15,0.029624087088308583
2025-07-03,20Y,20,0.032288421272753234
2025-07-03,25Y,25,0.03177031983254745
2025-07-03,30Y,30,0.03150849652717473
2025-07-04,1Y,1,0.007498767171366282
2025-07-04,2Y,2,0.00929121412782107
2025-07-04,3Y,3,0.010229531131088713
2025-07-04,4Y,4,0.011112934416659637
2025-07-04,5Y,5,0.012175140598174136
2025-07-04,7Y,7,0.015156839445194949
2025-07-04,10Y,10,0.021014625446186867
2025-07-04,15Y,15,0.029468314298126283
2025-07-04,20Y,20,0.03218321213830469
2025-07-04,25Y,25,0.03168655022756668
2025-07-04,30Y,30,0.03148324926949335
2025-07-07,1Y,1,0.00747892779908717
2025-07-07,2Y,2,0.009336511199221739
2025-07-07,3Y,3,0.010431275825522442
2025-07-07,4Y,4,0.011426310398083105
2025-07-07,5Y,5,0.012448880066856367
2025-07-07,7Y,7,0.01556981668598113
2025-07-07,10Y,10,0.021388122843329874
2025-07-07,15Y,15,0.030106659443642582
2025-07-07,20Y,20,0.033045690703339896
2025-07-07,25Y,25,0.03269162172376679
2025-07-07,30Y,30,0.03256501692227887
2025-07-08,1Y,1,0.007548834041216938
2025-07-08,2Y,2,0.00949661888232611
2025-07-08,3Y,3,0.01072278905962987
2025-07-08,4Y,4,0.01171296593292513
2025-07-08,5Y,5,0.012752309634605507
2025-07-08,7Y,7,0.016017054108589855
2025-07-08,10Y,10,0.02206243041471197
2025-07-08,15Y,15,0.03093389976799424
2025-07-08,20Y,20,0.03422096806565704
2025-07-08,25Y,25,0.033957454540942365
2025-07-08,30Y,30,0.033716521182931426
2025-07-09,1Y,1,0.007778194120428781
2025-07-09,2Y,2,0.009801162232106798
2025-07-09,3Y,3,0.010911639638219041
2025-07-09,4Y,4,0.01187211400978874
2025-07-09,5Y,5,0.01293138673271084
2025-07-09,7Y,7,0.01601511372843238
2025-07-09,10Y,10,0.022205287213172872
2025-07-09,15Y,15,0.03095937983558146
2025-07-09,20Y,20,0.03419507717315905
2025-07-09,25Y,25,0.033788918524385286
2025-07-09,30Y,30,0.033592606585654855
2025-07-10,1Y,1,0.007837937006824273
2025-07-10,2Y,2,0.009805754018107352
2025-07-10,3Y,3,0.010850682316408657
2025-07-10,4Y,4,0.011826275433312723
2025-07-10,5Y,5,0.01296183246011115
2025-07-10,7Y,7,0.015930404123859467
2025-07-10,10Y,10,0.02213130164353579
2025-07-10,15Y,15,0.030932250999039748
2025-07-10,20Y,20,0.03409013925558844
2025-07-10,25Y,25,0.033844586460826845
2025-07-10,30Y,30,0.03371113241234326
2025-07-11,1Y,1,0.00807716068458253
2025-07-11,2Y,2,0.010060003858375934
2025-07-11,3Y,3,0.01111033354619706
2025-07-11,4Y,4,0.012040446521606683
2025-07-11,5Y,5,0.013120464602115342
2025-07-11,7Y,7,0.016225665922202342
2025-07-11,10Y,10,0.02230301054945006
2025-07-11,15Y,15,0.03075474642764541
2025-07-11,20Y,20,0.0337976354678963
2025-07-11,25Y,25,0.03347629314340705
2025-07-11,30Y,30,0.03318773186006798
2025-07-28,1Y,1,0.008545627248800201
2025-07-28,2Y,2,0.010598624801309225
2025-07-28,3Y,3,0.011639586072018848
2025-07-28,4Y,4,0.012605993943265616
2025-07-28,5Y,5,0.013589693954116095
2025-07-28,7Y,7,0.01639564533989942
2025-07-28,10Y,10,0.022286922769205936
2025-07-28,15Y,15,0.03095246404933081
2025-07-28,20Y,20,0.033943145431849786
2025-07-28,25Y,25,0.033621272735840924
2025-07-28,30Y,30,0.033414945771534185
2025-07-29,1Y,1,0.008774683347399483
2025-07-29,2Y,2,0.010802675688850717
2025-07-29,3Y,3,0.011889268733464967
2025-07-29,4Y,4,0.01277440095178934
2025-07-29,5Y,5,0.013800099486027447
2025-07-29,7Y,7,0.016764699984579773
2025-07-29,10Y,10,0.02266518644869911
2025-07-29,15Y,15,0.03135955045927314
2025-07-29,20Y,20,0.03438384604268423
2025-07-29,25Y,25,0.03401734889032172
2025-07-29,30Y,30,0.033811986034201505
2025-07-30,1Y,1,0.008784644033446776
2025-07-30,2Y,2,0.010797574643815946
2025-07-30,3Y,3,0.011879162586872839
2025-07-30,4Y,4,0.012926961392671769
2025-07-30,5Y,5,0.014044649837552062
2025-07-30,7Y,7,0.016979007026743195
2025-07-30,10Y,10,0.02293529090916259
2025-07-30,15Y,15,0.03169149149132523
2025-07-30,20Y,20,0.034808498894964776
2025-07-30,25Y,25,0.0344014290095041
2025-07-30,30Y,30,0.03411532802459559
2025-07-31,1Y,1,0.008734812831619603
2025-07-31,2Y,2,0.010742742212762666
2025-07-31,3Y,3,0.011809079379583911
2025-07-31,4Y,4,0.012826342585623682
2025-07-31,5Y,5,0.013861772482758494
2025-07-31,7Y,7,0.016827441205939188
2025-07-31,10Y,10,0.022705803993830737
2025-07-31,15Y,15,0.031617501520608084
2025-07-31,20Y,20,0.03478256861198259
2025-07-31,25Y,25,0.03439188412987245
2025-07-31,30Y,30,0.034095726659396135
2025-08-01,1Y,1,0.008166503125140808
2025-08-01,2Y,2,0.010084456251247783
2025-08-01,3Y,3,0.011199936399756196
2025-08-01,4Y,4,0.011977827976994086
2025-08-01,5Y,5,0.013058290155705487
2025-08-01,7Y,7,0.016253516014418726
2025-08-01,10Y,10,0.021966240720483074
2025-08-01,15Y,15,0.031313224778348255
2025-08-01,20Y,20,0.03471792561035966
2025-08-01,25Y,25,0.03428348430630342
2025-08-01,30Y,30,0.03409640343560207
2025-08-04,1Y,1,0.008186557137683906
2025-08-04,2Y,2,0.010009003809717722
2025-08-04,3Y,3,0.010978592740646921
2025-08-04,4Y,4,0.011943759693056813
2025-08-04,5Y,5,0.013079548206856893
2025-08-04,7Y,7,0.016234218434331302
2025-08-04,10Y,10,0.022293348297346263
2025-08-04,15Y,15,0.031680894933184524
2025-08-04,20Y,20,0.035092320094577745
2025-08-04,25Y,25,0.03488726852324289
2025-08-04,30Y,30,0.03469212729808511
2025-08-05,1Y,1,0.008146576731363347
2025-08-05,2Y,2,0.010004288653989755
2025-08-05,3Y,3,0.0109987287540616
2025-08-05,4Y,4,0.011893235692066484
2025-08-05,5Y,5,0.012946950700245614
2025-08-05,7Y,7,0.016029402151096835
2025-08-05,10Y,10,0.02200410528918787
2025-08-05,15Y,15,0.031443136772148765
2025-08-05,20Y,20,0.03487797563384541
2025-08-05,25Y,25,0.034611166649075716
2025-08-05,30Y,30,0.03429916187886302
2025-08-06,1Y,1,0.008425659725811468
2025-08-06,2Y,2,0.010308386295654295
2025-08-06,3Y,3,0.01127804362512877
2025-08-06,4Y,4,0.012147440391035675
2025-08-06,5Y,5,0.013165895061935898
2025-08-06,7Y,7,0.016146190506821152
2025-08-06,10Y,10,0.02203635215000959
2025-08-06,15Y,15,0.03145093256574923
2025-08-06,20Y,20,0.03492394935596885
2025-08-06,25Y,25,0.03458203058508974
2025-08-06,30Y,30,0.03423594421317096
2025-08-07,1Y,1,0.008246155217200388
2025-08-07,2Y,2,0.010108960997163016
2025-08-07,3Y,3,0.011098317984874418
2025-08-07,4Y,4,0.011952466580629808
2025-08-07,5Y,5,0.012955065941752355
2025-08-07,7Y,7,0.016017684668724344
2025-08-07,10Y,10,0.02201848442595087
2025-08-07,15Y,15,0.03164728066736374
2025-08-07,20Y,20,0.03515397293785804
2025-08-07,25Y,25,0.034725686488716344
2025-08-07,30Y,30,0.03426905661059243
2025-08-08,1Y,1,0.008375849043599518
2025-08-08,2Y,2,0.010318808704023758
2025-08-08,3Y,3,0.011369066171161298
2025-08-08,4Y,4,0.012238708481449066
2025-08-08,5Y,5,0.013155204713901816
2025-08-08,7Y,7,0.01616530714470698
2025-08-08,10Y,10,0.02230312917371976
2025-08-08,15Y,15,0.031778146358274986
2025-08-08,20Y,20,0.035081250616869994
2025-08-08,25Y,25,0.03477406193462848
2025-08-08,30Y,30,0.03447161934625306
2025-08-11,1Y,1,0.008375849043599518
2025-08-11,2Y,2,0.010318808704023758
2025-08-11,3Y,3,0.011369066171161298
2025-08-11,4Y,4,0.012238708481449066
2025-08-11,5Y,5,0.013155204713901816
2025-08-11,7Y,7,0.01616530714470698
2025-08-11,10Y,10,0.02230312917371976
2025-08-11,15Y,15,0.031778146358274986
2025-08-11,20Y,20,0.035081250616869994
2025-08-11,25Y,25,0.03477406193462848
2025-08-11,30Y,30,0.03447161934625306
2025-08-12,1Y,1,0.008455571942542895
2025-08-12,2Y,2,0.010418601687239848
2025-08-12,3Y,3,0.011448741194903371
2025-08-12,4Y,4,0.012354207321271321
2025-08-12,5Y,5,0.013388314204394233
2025-08-12,7Y,7,0.016380000540779677
2025-08-12,10Y,10,0.022476795227348342
2025-08-12,15Y,15,0.031956890509579276
2025-08-12,20Y,20,0.03547589399258676
2025-08-12,25Y,25,0.03516305782292248
2025-08-12,30Y,30,0.034754331780329016
2025-08-13,1Y,1,0.008445610023123303
2025-08-13,2Y,2,0.010333332476874723
2025-08-13,3Y,3,0.01131819878399693
2025-08-13,4Y,4,0.012243472080782929
2025-08-13,5Y,5,0.013287650322707643
2025-08-13,7Y,7,0.016215720761752588
2025-08-13,10Y,10,0.0222851556790834
2025-08-13,15Y,15,0.03172712620011479
2025-08-13,20Y,20,0.035235874886008
2025-08-13,25Y,25,0.034976066715507466
2025-08-13,30Y,30,0.03463915565185663
2025-08-14,1Y,1,0.008834336376881764
2025-08-14,2Y,2,0.010947822309985294
2025-08-14,3Y,3,0.012069391404161522
2025-08-14,4Y,4,0.01295547930650998
2025-08-14,5Y,5,0.01395019670560126
2025-08-14,7Y,7,0.01682166874565052
2025-08-14,10Y,10,0.022743517501628625
2025-08-14,15Y,15,0.032243052088028905
2025-08-14,20Y,20,0.03577680581349586
2025-08-14,25Y,25,0.03548968346652255
2025-08-14,30Y,30,0.03513798880019276
2025-08-15,1Y,1,0.008943952409710942
2025-08-15,2Y,2,0.0110071864826864
2025-08-15,3Y,3,0.01211900414445233
2025-08-15,4Y,4,0.013075927541449017
2025-08-15,5Y,5,0.01409149472533875
2025-08-15,7Y,7,0.017026747782105854
2025-08-15,10Y,10,0.022889548520397568
2025-08-15,15Y,15,0.032220791964449984
2025-08-15,20Y,20,0.03570804023121961
2025-08-15,25Y,25,0.035447637439247386
2025-08-15,30Y,30,0.03510681734340049
2025-08-18,1Y,1,0.008914128438470321
2025-08-18,2Y,2,0.011032535790707666
2025-08-18,3Y,3,0.012169569817799616
2025-08-18,4Y,4,0.013101303265711607
2025-08-18,5Y,5,0.01410162823918239
2025-08-18,7Y,7,0.017099253088184323
2025-08-18,10Y,10,0.023132526933573837
2025-08-18,15Y,15,0.03240351849734359
2025-08-18,20Y,20,0.03589735093883001
2025-08-18,25Y,25,0.035571374413070164
2025-08-18,30Y,30,0.03522911826655106
2025-08-19,1Y,1,0.009063692912682811
2025-08-19,2Y,2,0.01121208464671591
2025-08-19,3Y,3,0.012278805059225814
2025-08-19,4Y,4,0.013226039098168045
2025-08-19,5Y,5,0.014354411969906541
2025-08-19,7Y,7,0.017292066305838183
2025-08-19,10Y,10,0.02302701030018455
2025-08-19,15Y,15,0.03257413131371408
2025-08-19,20Y,20,0.03610299796773475
2025-08-19,25Y,25,0.03574126923185701
2025-08-19,30Y,30,0.035327777619572315
2025-08-20,1Y,1,0.009043773895787909
2025-08-20,2Y,2,0.011222294358756189
2025-08-20,3Y,3,0.012339455039098916
2025-08-20,4Y,4,0.013251179519073602
2025-08-20,5Y,5,0.014313287349992466
2025-08-20,7Y,7,0.01724175868698316
2025-08-20,10Y,10,0.02324370150654547
2025-08-20,15Y,15,0.03290135407091974
2025-08-20,20Y,20,0.036618869044028036
2025-08-20,25Y,25,0.03629931179268578
2025-08-20,30Y,30,0.03578539643610865
2025-08-21,1Y,1,0.009173329891295209
2025-08-21,2Y,2,0.01135178713635955
2025-08-21,3Y,3,0.012469262835770677
2025-08-21,4Y,4,0.013421677690392502
2025-08-21,5Y,5,0.014473921458134812
2025-08-21,7Y,7,0.01737003209250449
2025-08-21,10Y,10,0.02343436720565291
2025-08-21,15Y,15,0.03281498119251999
2025-08-21,20Y,20,0.036511741170423606
2025-08-21,25Y,25,0.03629255809752107
2025-08-21,30Y,30,0.03590832132063626
2025-08-22,1Y,1,0.009292747350930906
2025-08-22,2Y,2,0.011471321640069847
2025-08-22,3Y,3,0.01258873240118984
2025-08-22,4Y,4,0.013500766821992388
2025-08-22,5Y,5,0.014594151552426101
2025-08-22,7Y,7,0.017512367185758132
2025-08-22,10Y,10,0.02347229906977942
2025-08-22,15Y,15,0.0329093573991847
2025-08-22,20Y,20,0.036580420446010925
2025-08-22,25Y,25,0.036263329552389555
2025-08-22,30Y,30,0.035815124091390184
2025-08-25,1Y,1,0.009292776366913428
2025-08-25,2Y,2,0.011476342452579303
2025-08-25,3Y,3,0.012568527587211097
2025-08-25,4Y,4,0.013500967697841862
2025-08-25,5Y,5,0.014583828440871475
2025-08-25,7Y,7,0.01749338170243543
2025-08-25,10Y,10,0.023467597815513774
2025-08-25,15Y,15,0.03299027373195306
2025-08-25,20Y,20,0.03649354208241842
2025-08-25,25Y,25,0.03627245480869042
2025-08-25,30Y,30,0.03596973057847992
2025-08-26,1Y,1,0.009392562674871568
2025-08-26,2Y,2,0.011686437621475365
2025-08-26,3Y,3,0.012849647078935753
2025-08-26,4Y,4,0.013853871108705942
2025-08-26,5Y,5,0.014927263857305278
2025-08-26,7Y,7,0.017777507312984463
2025-08-26,10Y,10,0.02376138415009925
2025-08-26,15Y,15,0.033260048474936854
2025-08-26,20Y,20,0.03706673857511415
2025-08-26,25Y,25,0.03669147309272566
2025-08-26,30Y,30,0.03618854530253286
2025-08-27,1Y,1,0.009293037522817892
2025-08-27,2Y,2,0.011596874208768902
2025-08-27,3Y,3,0.012770190651642073
2025-08-27,4Y,4,0.013702910920820223
2025-08-27,5Y,5,0.0147456744046583
2025-08-27,7Y,7,0.01778959041682853
2025-08-27,10Y,10,0.023679618637540034
2025-08-27,15Y,15,0.03323433975051721
2025-08-27,20Y,20,0.03701683648389724
2025-08-27,25Y,25,0.03673942127384788
2025-08-27,30Y,30,0.03622813783120551
2025-08-28,1Y,1,0.009283136844699409
2025-08-28,2Y,2,0.011581886803700788
2025-08-28,3Y,3,0.012679496586364466
2025-08-28,4Y,4,0.013581659989463065
2025-08-28,5Y,5,0.0146649042288651
2025-08-28,7Y,7,0.01766729788879199
2025-08-28,10Y,10,0.023519053037982025
2025-08-28,15Y,15,0.0328165342195164
2025-08-28,20Y,20,0.03650420553362256
2025-08-28,25Y,25,0.03619245547600905
2025-08-28,30Y,30,0.035727339942438825
2025-08-29,1Y,1,0.009243128307743887
2025-08-29,2Y,2,0.011496847723174863
2025-08-29,3Y,3,0.012538559246049108
2025-08-29,4Y,4,0.013405166655310202
2025-08-29,5Y,5,0.014513232126937555
2025-08-29,7Y,7,0.017546742618353803
2025-08-29,10Y,10,0.023286871618587904
2025-08-29,15Y,15,0.032413874634874044
2025-08-29,20Y,20,0.03615973375875624
2025-08-29,25Y,25,0.03581680791310545
2025-08-29,30Y,30,0.035289471331712854
2025-09-01,1Y,1,0.009312983762077525
2025-09-01,2Y,2,0.01162181712755909
2025-09-01,3Y,3,0.012648591669985299
2025-09-01,4Y,4,0.013647873455183228
2025-09-01,5Y,5,0.014817348431276595
2025-09-01,7Y,7,0.017676868890010168
2025-09-01,10Y,10,0.023524982962989383
2025-09-01,15Y,15,0.03302589879406478
2025-09-01,20Y,20,0.036632343931307126
2025-09-01,25Y,25,0.03627515575897847
2025-09-01,30Y,30,0.036125081368123604
2025-09-02,1Y,1,0.009133778681349162
2025-09-02,2Y,2,0.01146762577681581
2025-09-02,3Y,3,0.012590329601427417
2025-09-02,4Y,4,0.013629969577509261
2025-09-02,5Y,5,0.01478980464219476
2025-09-02,7Y,7,0.01779618671693394
2025-09-02,10Y,10,0.02322264033438766
2025-09-02,15Y,15,0.0334514045841146
2025-09-02,20Y,20,0.037100531401840615
2025-09-02,25Y,25,0.03677552584228239
2025-09-02,30Y,30,0.03655265674487587
2025-09-03,1Y,1,0.009153669028280284
2025-09-03,2Y,2,0.01134691712403484
2025-09-03,3Y,3,0.012510380506293446
2025-09-03,4Y,4,0.013813545250215744
2025-09-03,5Y,5,0.014789126501114212
2025-09-03,7Y,7,0.018060128614856792
2025-09-03,10Y,10,0.023908876971098163
2025-09-03,15Y,15,0.033545880696810915
2025-09-03,20Y,20,0.03766223124701905
2025-09-03,25Y,25,0.03712628411905219
2025-09-03,30Y,30,0.03647181284149927
2025-09-04,1Y,1,0.008874454242887415
2025-09-04,2Y,2,0.011083070002563377
2025-09-04,3Y,3,0.012210091455077215
2025-09-04,4Y,4,0.013126929644051495
2025-09-04,5Y,5,0.014255332962137376
2025-09-04,7Y,7,0.01729608325550941
2025-09-04,10Y,10,0.022890426638754124
2025-09-04,15Y,15,0.03300279688790299
2025-09-04,20Y,20,0.03666105954630383
2025-09-04,25Y,25,0.03630684789421823
2025-09-04,30Y,30,0.0359805177245185
2025-09-05,1Y,1,0.008794494823915719
2025-09-05,2Y,2,0.010938101609306425
2025-09-05,3Y,3,0.012069661386780508
2025-09-05,4Y,4,0.012910146160583849
2025-09-05,5Y,5,0.014053513938158839
2025-09-05,7Y,7,0.017112688332839875
2025-09-05,10Y,10,0.023174110193729724
2025-09-05,15Y,15,0.03282115775621726
2025-09-05,20Y,20,0.03664099536508361
2025-09-05,25Y,25,0.03619395441599583
2025-09-05,30Y,30,0.03562154319434797
2025-09-08,1Y,1,0.008724960908151922
2025-09-08,2Y,2,0.010828176285873688
2025-09-08,3Y,3,0.01187934735635839
2025-09-08,4Y,4,0.01268865453410228
2025-09-08,5Y,5,0.013954806459218379
2025-09-08,7Y,7,0.016949427066945695
2025-09-08,10Y,10,0.022912633192757652
2025-09-08,15Y,15,0.033132274477228336
2025-09-08,20Y,20,0.03699202572894576
2025-09-08,25Y,25,0.03697254043862531
2025-09-08,30Y,30,0.03686713703581075
2025-09-09,1Y,1,0.00909351427662849
2025-09-09,2Y,2,0.011111402462262155
2025-09-09,3Y,3,0.012107623707056077
2025-09-09,4Y,4,0.01297266185452579
2025-09-09,5Y,5,0.014039441374834719
2025-09-09,7Y,7,0.01726246355784556
2025-09-09,10Y,10,0.023192634647689447
2025-09-09,15Y,15,0.033176050614101886
2025-09-09,20Y,20,0.03701376385281459
2025-09-09,25Y,25,0.03689218636859923
2025-09-09,30Y,30,0.036360086150649853
2025-09-10,1Y,1,0.009003710350556025
2025-09-10,2Y,2,0.010961504524942307
2025-09-10,3Y,3,0.012018067420744771
2025-09-10,4Y,4,0.012786086948982034
2025-09-10,5Y,5,0.013858455157467368
2025-09-10,7Y,7,0.016885849698962403
2025-09-10,10Y,10,0.022556987597194628
2025-09-10,15Y,15,0.03252307951163926
2025-09-10,20Y,20,0.03629478304796982
2025-09-10,25Y,25,0.036079755576494336
2025-09-10,30Y,30,0.035917691508526264
2025-09-11,1Y,1,0.009103530351400218
2025-09-11,2Y,2,0.011176599792001285
2025-09-11,3Y,3,0.012177860032297627
2025-09-11,4Y,4,0.012936391945522393
2025-09-11,5Y,5,0.01392644308867021
2025-09-11,7Y,7,0.017085873653526276
2025-09-11,10Y,10,0.022859487529198003
2025-09-11,15Y,15,0.03256512610873689
2025-09-11,20Y,20,0.036611570286765274
2025-09-11,25Y,25,0.03632269793131206
2025-09-11,30Y,30,0.03603498755919099
2025-09-12,1Y,1,0.009312896520639295
2025-09-12,2Y,2,0.01147113834544889
2025-09-12,3Y,3,0.012427369788661628
2025-09-12,4Y,4,0.01322715020886984
2025-09-12,5Y,5,0.014401895733967805
2025-09-12,7Y,7,0.017276335067582783
2025-09-12,10Y,10,0.023166759010141917
2025-09-12,15Y,15,0.03270098918795165
2025-09-12,20Y,20,0.03616801579422639
2025-09-12,25Y,25,0.03577427688937216
2025-09-12,30Y,30,0.035458975358481575
2025-09-15,1Y,1,0.00917330124728141
2025-09-15,2Y,2,0.011633073685754215
2025-09-15,3Y,3,0.012709293422687661
2025-09-15,4Y,4,0.013486148851499773
2025-09-15,5Y,5,0.01410079499256841
2025-09-15,7Y,7,0.01747463438667894
2025-09-15,10Y,10,0.022992812092702992
2025-09-15,15Y,15,0.033395996521548996
2025-09-15,20Y,20,0.036031107533042825
2025-09-15,25Y,25,0.03590198270220287
2025-09-15,30Y,30,0.035875325755368156
2025-09-16,1Y,1,0.009293095560412492
2025-09-16,2Y,2,0.011486368923598235
2025-09-16,3Y,3,0.012528661465755618
2025-09-16,4Y,4,0.013521688434085535
2025-09-16,5Y,5,0.014594421971238763
2025-09-16,7Y,7,0.01711760664323101
2025-09-16,10Y,10,0.023252254614768347
2025-09-16,15Y,15,0.0328028227693441
2025-09-16,20Y,20,0.03645712618547825
2025-09-16,25Y,25,0.03631179220323885
2025-09-16,30Y,30,0.03611826968203903
2025-09-17,1Y,1,0.009262987865600592
2025-09-17,2Y,2,0.011657419890857263
2025-09-17,3Y,3,0.012739082828161954
2025-09-17,4Y,4,0.013321858673387896
2025-09-17,5Y,5,0.014409627960355782
2025-09-17,7Y,7,0.01711548065087245
2025-09-17,10Y,10,0.023264754073806848
2025-09-17,15Y,15,0.03254616305009982
2025-09-17,20Y,20,0.0361545139887258
2025-09-17,25Y,25,0.03587158348377956
2025-09-17,30Y,30,0.035505621310031675
2025-09-18,1Y,1,0.009362425132280808
2025-09-18,2Y,2,0.011867564056280033
2025-09-18,3Y,3,0.013080155731389917
2025-09-18,4Y,4,0.01353663058098823
2025-09-18,5Y,5,0.014507258191648695
2025-09-18,7Y,7,0.017382279931716628
2025-09-18,10Y,10,0.023134423030392648
2025-09-18,15Y,15,0.03242347558375834
2025-09-18,20Y,20,0.036086269485982286
2025-09-18,25Y,25,0.03554641785395299
2025-09-18,30Y,30,0.035134488504324365
2025-09-19,1Y,1,0.009691373276855552
2025-09-19,2Y,2,0.012060576832103376
2025-09-19,3Y,3,0.013148222600843008
2025-09-19,4Y,4,0.013786712747372348
2025-09-19,5Y,5,0.014675668414078778
2025-09-19,7Y,7,0.017405202325277855
2025-09-19,10Y,10,0.02295182256142167
2025-09-19,15Y,15,0.031892874672031835
2025-09-19,20Y,20,0.035351471812070906
2025-09-19,25Y,25,0.03494477714767134
2025-09-19,30Y,30,0.03456599536738747
2025-09-22,1Y,1,0.009840779308828703
2025-09-22,2Y,2,0.012159713072733383
2025-09-22,3Y,3,0.013298360475131513
2025-09-22,4Y,4,0.014124786177872186
2025-09-22,5Y,5,0.01500935263347299
2025-09-22,7Y,7,0.01772021758093123
2025-09-22,10Y,10,0.022728042089157102
2025-09-22,15Y,15,0.03168611313559342
2025-09-22,20Y,20,0.03482618071046263
2025-09-22,25Y,25,0.03482172271959164
2025-09-22,30Y,30,0.03474620167410212
2025-09-23,1Y,1,0.009900792614990335
2025-09-23,2Y,2,0.012264662113230946
2025-09-23,3Y,3,0.013358312847549365
2025-09-23,4Y,4,0.014312133038700246
2025-09-23,5Y,5,0.01503718903895181
2025-09-23,7Y,7,0.017749874374114863
2025-09-23,10Y,10,0.023294367315542366
2025-09-23,15Y,15,0.03164091567103744
2025-09-23,20Y,20,0.03512911926927899
2025-09-23,25Y,25,0.03495037688759144
2025-09-23,30Y,30,0.034604639967474114
2025-09-24,1Y,1,0.00983103816227452
2025-09-24,2Y,2,0.012456237515527345
2025-09-24,3Y,3,0.013710829696123996
2025-09-24,4Y,4,0.014422005329720836
2025-09-24,5Y,5,0.01499345025596759
2025-09-24,7Y,7,0.017640719802888796
2025-09-24,10Y,10,0.02287193010466631
2025-09-24,15Y,15,0.03138226932601906
2025-09-24,20Y,20,0.03471246175232266
2025-09-24,25Y,25,0.03466718878122321
2025-09-24,30Y,30,0.0343342431575447
2025-09-25,1Y,1,0.010040453602558242
2025-09-25,2Y,2,0.012600019360207583
2025-09-25,3Y,3,0.013698909326938428
2025-09-25,4Y,4,0.014297221336047307
2025-09-25,5Y,5,0.015218345486224766
2025-09-25,7Y,7,0.017639758474339032
2025-09-25,10Y,10,0.022645966635442258
2025-09-25,15Y,15,0.030898039199993774
2025-09-25,20Y,20,0.03431128100984756
2025-09-25,25Y,25,0.034013457539555224
2025-09-25,30Y,30,0.033619132925797345
2025-09-26,1Y,1,0.010030623300975209
2025-09-26,2Y,2,0.012293607565939111
2025-09-26,3Y,3,0.013287366196579792
2025-09-26,4Y,4,0.01417863945102146
2025-09-26,5Y,5,0.015099831398744823
2025-09-26,7Y,7,0.017749353250864568
2025-09-26,10Y,10,0.022999318358812505
2025-09-26,15Y,15,0.031181202254879303
2025-09-26,20Y,20,0.03460250238917005
2025-09-26,25Y,25,0.03451630212058674
2025-09-26,30Y,30,0.03413847323169874
2025-09-29,1Y,1,0.010030247455760923
2025-09-29,2Y,2,0.012399134791995316
2025-09-29,3Y,3,0.013548624038886266
2025-09-29,4Y,4,0.014441263692455873
2025-09-29,5Y,5,0.015105624629645275
2025-09-29,7Y,7,0.017923853738732745
2025-09-29,10Y,10,0.022370304351386316
2025-09-29,15Y,15,0.031223002536486258
2025-09-29,20Y,20,0.03439150104358254
2025-09-29,25Y,25,0.03406178607570043
2025-09-29,30Y,30,0.03355131222661014
2025-09-30,1Y,1,0.010129672110055124
2025-09-30,2Y,2,0.01258413483139999
2025-09-30,3Y,3,0.013647197089872068
2025-09-30,4Y,4,0.014357738007537268
2025-09-30,5Y,5,0.01532937119507189
2025-09-30,7Y,7,0.017895651496822672
2025-09-30,10Y,10,0.02297727490824318
2025-09-30,15Y,15,0.031493430659873596
2025-09-30,20Y,20,0.034895274698070466
2025-09-30,25Y,25,0.03469120206943405
2025-09-30,30Y,30,0.03398323260016492
2025-10-01,1Y,1,0.010080243982861541
2025-10-01,2Y,2,0.01251422865124024
2025-10-01,3Y,3,0.013638757778999994
2025-10-01,4Y,4,0.014613221878500622
2025-10-01,5Y,5,0.015513800628496555
2025-10-01,7Y,7,0.0183548553350531
2025-10-01,10Y,10,0.023203474453068668
2025-10-01,15Y,15,0.031575516220010515
2025-10-01,20Y,20,0.034815568918086306
2025-10-01,25Y,25,0.034922345712454776
2025-10-01,30Y,30,0.034691540744282025
2025-10-02,1Y,1,0.009990363212738228
2025-10-02,2Y,2,0.012394479501571064
2025-10-02,3Y,3,0.01362970300494798
2025-10-02,4Y,4,0.014609201743542147
2025-10-02,5Y,5,0.01564910428100597
2025-10-02,7Y,7,0.018491095388123525
2025-10-02,10Y,10,0.023506139100720524
2025-10-02,15Y,15,0.031478024561254946
2025-10-02,20Y,20,0.03506950509673107
2025-10-02,25Y,25,0.034885791810595035
2025-10-02,30Y,30,0.03466077546340183
2025-10-03,1Y,1,0.009890651313590038
2025-10-03,2Y,2,0.012405450272930264
2025-10-03,3Y,3,0.013670271201193936
2025-10-03,4Y,4,0.01459997755303842
2025-10-03,5Y,5,0.015495151875085034
2025-10-03,7Y,7,0.01846304739120791
2025-10-03,10Y,10,0.023380594296087097
2025-10-03,15Y,15,0.03153056136315443
2025-10-03,20Y,20,0.03507653163430921
2025-10-03,25Y,25,0.03461866664356331
2025-10-03,30Y,30,0.0337834979230921
2025-10-06,1Y,1,0.009542017545582902
2025-10-06,2Y,2,0.012122197009926197
2025-10-06,3Y,3,0.01358342225490125
2025-10-06,4Y,4,0.014564119737563781
2025-10-06,5Y,5,0.015583376128844032
2025-10-06,7Y,7,0.01888498825643304
2025-10-06,10Y,10,0.02464864767417286
2025-10-06,15Y,15,0.033308809204743176
2025-10-06,20Y,20,0.03714357838919073
2025-10-06,25Y,25,0.0369701029679086
2025-10-06,30Y,30,0.03681306994147644
2025-10-07,1Y,1,0.009651817409029763
2025-10-07,2Y,2,0.012216667157807424
2025-10-07,3Y,3,0.013491469680205094
2025-10-07,4Y,4,0.014278301177750738
2025-10-07,5Y,5,0.015440862681934616
2025-10-07,7Y,7,0.01855332844239553
2025-10-07,10Y,10,0.02407531065377832
2025-10-07,15Y,15,0.03269723194831202
2025-10-07,20Y,20,0.03661354685045866
2025-10-07,25Y,25,0.036461430958745156
2025-10-07,30Y,30,0.03606926643800725
2025-10-08,1Y,1,0.009751386476621356
2025-10-08,2Y,2,0.012376562138904892
2025-10-08,3Y,3,0.01350964651566087
2025-10-08,4Y,4,0.01444536883959091
2025-10-08,5Y,5,0.015559612626564977
2025-10-08,7Y,7,0.01833982127426316
2025-10-08,10Y,10,0.023926193925199644
2025-10-08,15Y,15,0.03248266286088844
2025-10-08,20Y,20,0.036124710107826516
2025-10-08,25Y,25,0.03567623764782477
2025-10-08,30Y,30,0.0351551117078472
2025-10-09,1Y,1,0.00973159460964174
2025-10-09,2Y,2,0.012346584798841737
2025-10-09,3Y,3,0.013651963355046974
2025-10-09,4Y,4,0.014428790419215163
2025-10-09,5Y,5,0.015561111161426899
2025-10-09,7Y,7,0.018214900749799375
2025-10-09,10Y,10,0.024299783690035714
2025-10-09,15Y,15,0.03281167383881166
2025-10-09,20Y,20,0.0365367003155249
2025-10-09,25Y,25,0.03619382441485821
2025-10-09,30Y,30,0.035571459799549766
2025-10-10,1Y,1,0.009512293572821936
2025-10-10,2Y,2,0.01155982457092167
2025-10-10,3Y,3,0.01270914400934015
2025-10-10,4Y,4,0.013807564146031933
2025-10-10,5Y,5,0.014826226718009337
2025-10-10,7Y,7,0.017849753347366354
2025-10-10,10Y,10,0.023637875994422436
2025-10-10,15Y,15,0.03216504501870837
2025-10-10,20Y,20,0.03575618649977823
2025-10-10,25Y,25,0.03534718751491497
2025-10-10,30Y,30,0.0347873342960741
2025-10-13,1Y,1,0.009492466949023113
2025-10-13,2Y,2,0.01114822094704096
2025-10-13,3Y,3,0.012652543679884066
2025-10-13,4Y,4,0.014810943667032736
2025-10-13,5Y,5,0.014811420132820444
2025-10-13,7Y,7,0.0181000997928749
2025-10-13,10Y,10,0.02372788803559228
2025-10-13,15Y,15,0.02979632712144739
2025-10-13,20Y,20,0.035777987324148275
2025-10-13,25Y,25,0.035010614187836596
2025-10-13,30Y,30,0.03438853576994623
2025-10-14,1Y,1,0.009143481199713083
2025-10-14,2Y,2,0.01144746652696913
2025-10-14,3Y,3,0.012680913991012623
2025-10-14,4Y,4,0.013572958534882962
2025-10-14,5Y,5,0.014656764337663847
2025-10-14,7Y,7,0.017890041353144544
2025-10-14,10Y,10,0.023918232873291645
2025-10-14,15Y,15,0.032286424253807976
2025-10-14,20Y,20,0.035989525525011196
2025-10-14,25Y,25,0.035463312694618415
2025-10-14,30Y,30,0.034961368084101795
2025-10-15,1Y,1,0.009262958941937216
2025-10-15,2Y,2,0.011697609526929841
2025-10-15,3Y,3,0.01296111646359053
2025-10-15,4Y,4,0.013808633758663967
2025-10-15,5Y,5,0.014856424853975675
2025-10-15,7Y,7,0.017881013743258796
2025-10-15,10Y,10,0.023371130043023935
2025-10-15,15Y,15,0.03187596940180666
2025-10-15,20Y,20,0.035683954016375974
2025-10-15,25Y,25,0.03504166249662158
2025-10-15,30Y,30,0.03422998126250889
2025-10-16,1Y,1,0.009601761176361173
2025-10-16,2Y,2,0.011744892115678245
2025-10-16,3Y,3,0.012797679519990134
2025-10-16,4Y,4,0.013851824249414977
2025-10-16,5Y,5,0.014822618385149647
2025-10-16,7Y,7,0.01751342197510792
2025-10-16,10Y,10,0.023178391157595415
2025-10-16,15Y,15,0.03142573775548434
2025-10-16,20Y,20,0.03492596804585951
2025-10-16,25Y,25,0.034472265904894224
2025-10-16,30Y,30,0.03416705917157303
2025-10-17,1Y,1,0.009472343965273357
2025-10-17,2Y,2,0.012102714806869424
2025-10-17,3Y,3,0.013270392017177118
2025-10-17,4Y,4,0.013992195622948473
2025-10-17,5Y,5,0.015054737880163038
2025-10-17,7Y,7,0.017582463846005578
2025-10-17,10Y,10,0.023037438669519593
2025-10-17,15Y,15,0.03183115002777736
2025-10-17,20Y,20,0.0354512605939865
2025-10-17,25Y,25,0.03518873699476246
2025-10-17,30Y,30,0.03477693747580575
2025-10-20,1Y,1,0.009900761700084353
2025-10-20,2Y,2,0.012244567236688257
2025-10-20,3Y,3,0.013439382358371627
2025-10-20,4Y,4,0.014428497653438257
2025-10-20,5Y,5,0.015293307704258473
2025-10-20,7Y,7,0.017905107942343436
2025-10-20,10Y,10,0.023082578198456848
2025-10-20,15Y,15,0.03179621130442135
2025-10-20,20Y,20,0.03509975303723964
2025-10-20,25Y,25,0.03504244529204162
2025-10-20,30Y,30,0.03438640933404633
2025-10-21,1Y,1,0.00977139122989653
2025-10-21,2Y,2,0.012230661041644015
2025-10-21,3Y,3,0.013288565886681914
2025-10-21,4Y,4,0.01424312543602949
2025-10-21,5Y,5,0.015213763660780814
2025-10-21,7Y,7,0.017949721339113447
2025-10-21,10Y,10,0.023277164535207423
2025-10-21,15Y,15,0.03183061106760533
2025-10-21,20Y,20,0.03506686257025446
2025-10-21,25Y,25,0.035050515096249256
2025-10-21,30Y,30,0.03460837273950827
2025-10-22,1Y,1,0.00965175713224579
2025-10-22,2Y,2,0.011905184121162059
2025-10-22,3Y,3,0.01304919199756611
2025-10-22,4Y,4,0.01410371986902479
2025-10-22,5Y,5,0.015034459809320052
2025-10-22,7Y,7,0.01785281028975419
2025-10-22,10Y,10,0.023269436162609652
2025-10-22,15Y,15,0.03201193098469221
2025-10-22,20Y,20,0.03535149024764088
2025-10-22,25Y,25,0.035282281670047856
2025-10-22,30Y,30,0.03508747926272728
2025-10-23,1Y,1,0.009781072982847066
2025-10-23,2Y,2,0.012165273221182726
2025-10-23,3Y,3,0.01354150240046545
2025-10-23,4Y,4,0.01448497047562735
2025-10-23,5Y,5,0.015222383397415256
2025-10-23,7Y,7,0.017871975714101068
2025-10-23,10Y,10,0.023633540372692045
2025-10-23,15Y,15,0.03230726584750604
2025-10-23,20Y,20,0.03554749282302338
2025-10-23,25Y,25,0.035112671519024016
2025-10-23,30Y,30,0.034753346708592356
2025-10-24,1Y,1,0.009801199756162985
2025-10-24,2Y,2,0.012205274151251241
2025-10-24,3Y,3,0.013440281710948422
2025-10-24,4Y,4,0.01434307277696856
2025-10-24,5Y,5,0.015336519470713433
2025-10-24,7Y,7,0.01788447534585827
2025-10-24,10Y,10,0.023388761158024594
2025-10-24,15Y,15,0.03224811586834255
2025-10-24,20Y,20,0.035250426677423174
2025-10-24,25Y,25,0.034857588892850455
2025-10-24,30Y,30,0.03463462454330346
2025-10-27,1Y,1,0.00983113025535678
2025-10-27,2Y,2,0.012215049488889136
2025-10-27,3Y,3,0.013409807645340286
2025-10-27,4Y,4,0.014327708936113976
2025-10-27,5Y,5,0.01527474447113045
2025-10-27,7Y,7,0.01798760304070128
2025-10-27,10Y,10,0.02344297061012611
2025-10-27,15Y,15,0.03191912837695624
2025-10-27,20Y,20,0.035347658715337626
2025-10-27,25Y,25,0.03493586686159525
2025-10-27,30Y,30,0.03436398591234524
2025-10-28,1Y,1,0.009711498795146278
2025-10-28,2Y,2,0.012145794541113595
2025-10-28,3Y,3,0.013289369157523108
2025-10-28,4Y,4,0.014004236396135478
2025-10-28,5Y,5,0.015094165818994688
2025-10-28,7Y,7,0.017514342900793803
2025-10-28,10Y,10,0.022954251916526905
2025-10-28,15Y,15,0.0316282416256013
2025-10-28,20Y,20,0.03491383921097344
2025-10-28,25Y,25,0.0348037057523127
2025-10-28,30Y,30,0.03434308173430125
2025-10-29,1Y,1,0.009830915375468754
2025-10-29,2Y,2,0.012541676126213982
2025-10-29,3Y,3,0.013851411827068968
2025-10-29,4Y,4,0.014594107382819
2025-10-29,5Y,5,0.015494179063751872
2025-10-29,7Y,7,0.0181291862490717
2025-10-29,10Y,10,0.02363267969909534
2025-10-29,15Y,15,0.031748569622944624
2025-10-29,20Y,20,0.03509793893014228
2025-10-29,25Y,25,0.03482086906846232
2025-10-29,30Y,30,0.03419137512546315
2025-10-30,1Y,1,0.009711468470967152
2025-10-30,2Y,2,0.012261357886053856
2025-10-30,3Y,3,0.013450065888457773
2025-10-30,4Y,4,0.014186299597253222
2025-10-30,5Y,5,0.015296563383909806
2025-10-30,7Y,7,0.017886179487406943
2025-10-30,10Y,10,0.023119739755764236
2025-10-30,15Y,15,0.031764143618972264
2025-10-30,20Y,20,0.03511289077864914
2025-10-30,25Y,25,0.034808778416682104
2025-10-30,30Y,30,0.03445311822679349
2025-10-31,1Y,1,0.00974130812322134
2025-10-31,2Y,2,0.012256066101154442
2025-10-31,3Y,3,0.013621910279201434
2025-10-31,4Y,4,0.014423703052887284
2025-10-31,5Y,5,0.0153046287693532
2025-10-31,7Y,7,0.018163624543038243
2025-10-31,10Y,10,0.02305854324006664
2025-10-31,15Y,15,0.031853710181603746
2025-10-31,20Y,20,0.035020409279061
2025-10-31,25Y,25,0.0347901886231379
2025-10-31,30Y,30,0.034446287860659425
2025-11-03,1Y,1,0.009751386476621356
2025-11-03,2Y,2,0.012346412644457554
2025-11-03,3Y,3,0.013651600039872336
2025-11-03,4Y,4,0.014525412861116423
2025-11-03,5Y,5,0.015168952003265821
2025-11-03,7Y,7,0.018342676995418257
2025-11-03,10Y,10,0.02339569793017776
2025-11-03,15Y,15,0.03190501438579607
2025-11-03,20Y,20,0.03531874814443936
2025-11-03,25Y,25,0.03472819815690118
2025-11-03,30Y,30,0.03407447260400966
2025-11-04,1Y,1,0.00980104673740832
2025-11-04,2Y,2,0.012330895150145047
2025-11-04,3Y,3,0.01362087230686912
2025-11-04,4Y,4,0.014570932771143331
2025-11-04,5Y,5,0.015455818310273647
2025-11-04,7Y,7,0.01802510324963654
2025-11-04,10Y,10,0.023373951293932375
2025-11-04,15Y,15,0.0318347911132459
2025-11-04,20Y,20,0.03518142558983793
2025-11-04,25Y,25,0.03526273873552262
2025-11-04,30Y,30,0.034769759646304486
2025-11-05,1Y,1,0.00973122997301362
2025-11-05,2Y,2,0.012452138402159025
2025-11-05,3Y,3,0.013791825737129693
2025-11-05,4Y,4,0.01453980238497677
2025-11-05,5Y,5,0.015691610561973074
2025-11-05,7Y,7,0.018057590448008226
2025-11-05,10Y,10,0.02327716272462821
2025-11-05,15Y,15,0.03183395432984694
2025-11-05,20Y,20,0.035282308208719734
2025-11-05,25Y,25,0.03532126458626973
2025-11-05,30Y,30,0.03497105675500425
2025-11-06,1Y,1,0.009840963671811687
2025-11-06,2Y,2,0.01215970221089763
2025-11-06,3Y,3,0.013501096958526321
2025-11-06,4Y,4,0.014561016351136331
2025-11-06,5Y,5,0.01529348991667942
2025-11-06,7Y,7,0.018173145714544356
2025-11-06,10Y,10,0.02328195888492289
2025-11-06,15Y,15,0.03176983324729538
2025-11-06,20Y,20,0.03506788997909625
2025-11-06,25Y,25,0.0351179587465961
2025-11-06,30Y,30,0.03474960577958532
2025-11-07,1Y,1,0.00981109490314883
2025-11-07,2Y,2,0.012340848092925134
2025-11-07,3Y,3,0.013711996902516073
2025-11-07,4Y,4,0.014748337249860813
2025-11-07,5Y,5,0.015567314470615535
2025-11-07,7Y,7,0.01822178644541838
2025-11-07,10Y,10,0.023126122542845053
2025-11-07,15Y,15,0.031861985554786865
2025-11-07,20Y,20,0.035201176559193505
2025-11-07,25Y,25,0.035294695210932286
2025-11-07,30Y,30,0.03528574441592293
2025-11-10,1Y,1,0.009871109395944166
2025-11-10,2Y,2,0.01243073269629247
2025-11-10,3Y,3,0.013913824438685642
2025-11-10,4Y,4,0.015000613119897543
2025-11-10,5Y,5,0.015759642572275186
2025-11-10,7Y,7,0.018539294802267375
2025-11-10,10Y,10,0.023542798548841698
2025-11-10,15Y,15,0.03222526949360405
2025-11-10,20Y,20,0.03578482094111284
2025-11-10,25Y,25,0.03576963599014108
2025-11-10,30Y,30,0.035365329796116306
2025-11-11,1Y,1,0.009701572268664334
2025-11-11,2Y,2,0.012216222468911775
2025-11-11,3Y,3,0.01370365823683352
2025-11-11,4Y,4,0.014780195248246072
2025-11-11,5Y,5,0.015723708294241665
2025-11-11,7Y,7,0.018401158653425738
2025-11-11,10Y,10,0.023816268880144348
2025-11-11,15Y,15,0.032511123628475115
2025-11-11,20Y,20,0.03594136894109318
2025-11-11,25Y,25,0.03603249000890976
2025-11-11,30Y,30,0.03592350022975963
2025-11-12,1Y,1,0.009691615368159661
2025-11-12,2Y,2,0.012311780746804939
2025-11-12,3Y,3,0.013773623215127455
2025-11-12,4Y,4,0.014841048400928435
2025-11-12,5Y,5,0.01566023705159827
2025-11-12,7Y,7,0.018398638474820553
2025-11-12,10Y,10,0.023586727186222484
2025-11-12,15Y,15,0.03253560324404876
2025-11-12,20Y,20,0.036319438564732937
2025-11-12,25Y,25,0.036098569154889806
2025-11-12,30Y,30,0.035525563503610004
2025-11-13,1Y,1,0.00968165841809123
2025-11-13,2Y,2,0.012407346867766095
2025-11-13,3Y,3,0.013863831042940556
2025-11-13,4Y,4,0.014799679503424507
2025-11-13,5Y,5,0.015793388164407916
2025-11-13,7Y,7,0.01855434529382321
2025-11-13,10Y,10,0.024144075219747728
2025-11-13,15Y,15,0.03284128337399586
2025-11-13,20Y,20,0.036439951444451266
2025-11-13,25Y,25,0.036333955083605554
2025-11-13,30Y,30,0.03625135866995768
2025-11-14,1Y,1,0.00968165841809123
2025-11-14,2Y,2,0.012347045217817113
2025-11-14,3Y,3,0.013823935458221756
2025-11-14,4Y,4,0.014784645231369978
2025-11-14,5Y,5,0.015958926996727324
2025-11-14,7Y,7,0.01847284321174808
2025-11-14,10Y,10,0.024074601696400043
2025-11-14,15Y,15,0.03313089183975169
2025-11-14,20Y,20,0.036765938590256196
2025-11-14,25Y,25,0.036579371295899124
2025-11-14,30Y,30,0.03609562824307431
2025-11-17,1Y,1,0.009662076249824224
2025-11-17,2Y,2,0.012457756984451267
2025-11-17,3Y,3,0.01388441249927744
2025-11-17,4Y,4,0.014866113576408352
2025-11-17,5Y,5,0.01603994782850526
2025-11-17,7Y,7,0.018864732068117743
2025-11-17,10Y,10,0.02428884659575882
2025-11-17,15Y,15,0.03388900564993554
2025-11-17,20Y,20,0.03766183692295717
2025-11-17,25Y,25,0.03739856376478085
2025-11-17,30Y,30,0.036810164672774606
2025-11-18,1Y,1,0.009542434699536669
2025-11-18,2Y,2,0.012418643431328154
2025-11-18,3Y,3,0.014026793310846412
2025-11-18,4Y,4,0.015172304580784755
2025-11-18,5Y,5,0.01623358003883127
2025-11-18,7Y,7,0.019378005620914858
2025-11-18,10Y,10,0.024921492951655584
2025-11-18,15Y,15,0.034621845804547115
2025-11-18,20Y,20,0.03857288363432944
2025-11-18,25Y,25,0.03866055428737013
2025-11-18,30Y,30,0.03865068890955399
2025-11-19,1Y,1,0.009661925390841628
2025-11-19,2Y,2,0.012704038501716121
2025-11-19,3Y,3,0.0144891054147414
2025-11-19,4Y,4,0.015324717355720465
2025-11-19,5Y,5,0.016372660048733327
2025-11-19,7Y,7,0.019534771425348527
2025-11-19,10Y,10,0.025552076757584793
2025-11-19,15Y,15,0.03504841262153202
2025-11-19,20Y,20,0.03871166982456235
2025-11-19,25Y,25,0.03875602429754609
2025-11-19,30Y,30,0.038531886653545476
2025-11-20,1Y,1,0.01006045887340963
2025-11-20,2Y,2,0.012846080887819767
2025-11-20,3Y,3,0.014465934256851665
2025-11-20,4Y,4,0.01577914178595491
2025-11-20,5Y,5,0.016775495295836572
2025-11-20,7Y,7,0.01988107224538163
2025-11-20,10Y,10,0.025052577162504655
2025-11-20,15Y,15,0.03477697735091265
2025-11-20,20Y,20,0.03856030844399822
2025-11-20,25Y,25,0.03812178507184001
2025-11-20,30Y,30,0.03764276083687679
2025-11-21,1Y,1,0.009911027094139603
2025-11-21,2Y,2,0.012817327507553045
2025-11-21,3Y,3,0.014335171084311907
2025-11-21,4Y,4,0.015517115614578292
2025-11-21,5Y,5,0.016480410554533653
2025-11-21,7Y,7,0.01943791197154294
2025-11-21,10Y,10,0.02463465219617504
2025-11-21,15Y,15,0.03434025907349786
2025-11-21,20Y,20,0.03755828027815857
2025-11-21,25Y,25,0.03753653505428807
2025-11-21,30Y,30,0.0373384591889385
2025-11-24,1Y,1,0.009910934249472066
2025-11-24,2Y,2,0.012576095424837005
2025-11-24,3Y,3,0.014377905245641037
2025-11-24,4Y,4,0.015567045604926728
2025-11-24,5Y,5,0.016411286887519035
2025-11-24,7Y,7,0.01921819371936942
2025-11-24,10Y,10,0.024781589898213795
2025-11-24,15Y,15,0.03405921130233045
2025-11-24,20Y,20,0.03778717978576956
2025-11-24,25Y,25,0.03782978583069125
2025-11-24,30Y,30,0.03773539408243991
2025-11-25,1Y,1,0.01020015032617211
2025-11-25,2Y,2,0.01311113669177251
2025-11-25,3Y,3,0.014726497583465245
2025-11-25,4Y,4,0.015764739972101843
2025-11-25,5Y,5,0.01682396144106906
2025-11-25,7Y,7,0.019531232593674612
2025-11-25,10Y,10,0.02517426847582549
2025-11-25,15Y,15,0.03445436961920217
2025-11-25,20Y,20,0.038052056804227165
2025-11-25,25Y,25,0.037842628334409885
2025-11-25,30Y,30,0.03714660181427052
2025-11-26,1Y,1,0.010199895517313757
2025-11-26,2Y,2,0.013010623453307455
2025-11-26,3Y,3,0.014564912825530267
2025-11-26,4Y,4,0.015776505940181127
2025-11-26,5Y,5,0.01677259840694912
2025-11-26,7Y,7,0.01971125227742531
2025-11-26,10Y,10,0.025015771298466535
2025-11-26,15Y,15,0.034190841481872805
2025-11-26,20Y,20,0.03779513190105218
2025-11-26,25Y,25,0.03733137068835837
2025-11-26,30Y,30,0.03686352163681317
2025-11-27,1Y,1,0.010120096522414648
2025-11-27,2Y,2,0.013026470908603796
2025-11-27,3Y,3,0.014706633812436136
2025-11-27,4Y,4,0.015776167709049677
2025-11-27,5Y,5,0.016803896715610285
2025-11-27,7Y,7,0.01965831204565513
2025-11-27,10Y,10,0.024950459103235297
2025-11-27,15Y,15,0.03464532503848783
2025-11-27,20Y,20,0.03826692787641959
2025-11-27,25Y,25,0.03792084003325347
2025-11-27,30Y,30,0.03764625012246099
2025-11-28,1Y,1,0.010179826631370093
2025-11-28,2Y,2,0.01314654404765438
2025-11-28,3Y,3,0.014745584341947669
2025-11-28,4Y,4,0.015851813203373564
2025-11-28,5Y,5,0.01706892915189443
2025-11-28,7Y,7,0.019949114111862926
2025-11-28,10Y,10,0.025238359575674815
2025-11-28,15Y,15,0.03475945344066185
2025-11-28,20Y,20,0.03865656232332202
2025-11-28,25Y,25,0.03807259681874427
2025-11-28,30Y,30,0.037379534808035665
2025-12-01,1Y,1,0.010588364429142275
2025-12-01,2Y,2,0.013559801485880745
2025-12-01,3Y,3,0.015317417778666792
2025-12-01,4Y,4,0.016550681814719345
2025-12-01,5Y,5,0.017683890643147283
2025-12-01,7Y,7,0.02037838789552817
2025-12-01,10Y,10,0.026044024891468065
2025-12-01,15Y,15,0.03501025984559099
2025-12-01,20Y,20,0.038923320950189105
2025-12-01,25Y,25,0.038609895029496424
2025-12-01,30Y,30,0.03804468049069572
2025-12-02,1Y,1,0.010468823892077206
2025-12-02,2Y,2,0.01351573891570921
2025-12-02,3Y,3,0.015379154797897102
2025-12-02,4Y,4,0.01666925125674384
2025-12-02,5Y,5,0.017745917155887393
2025-12-02,7Y,7,0.020525120559158387
2025-12-02,10Y,10,0.026106714019406993
2025-12-02,15Y,15,0.03513773535209142
2025-12-02,20Y,20,0.038552390281120404
2025-12-02,25Y,25,0.0383057764867145
2025-12-02,30Y,30,0.03778751372777012
2025-12-03,1Y,1,0.010438995035781549
2025-12-03,2Y,2,0.013611560572601442
2025-12-03,3Y,3,0.015489859547867755
2025-12-03,4Y,4,0.01671984719078115
2025-12-03,5Y,5,0.017816749423345768
2025-12-03,7Y,7,0.0208287810051112
2025-12-03,10Y,10,0.0260019933083082
2025-12-03,15Y,15,0.035207536196310646
2025-12-03,20Y,20,0.038962213135146584
2025-12-03,25Y,25,0.038856616612871486
2025-12-03,30Y,30,0.03831384888231315
2025-12-04,1Y,1,0.010677874918363537
2025-12-04,2Y,2,0.013850537431258695
2025-12-04,3Y,3,0.015830594981974415
2025-12-04,4Y,4,0.017035146008461243
2025-12-04,5Y,5,0.018387134294005788
2025-12-04,7Y,7,0.0212553246347294
2025-12-04,10Y,10,0.027060951377238372
2025-12-04,15Y,15,0.034918026064210315
2025-12-04,20Y,20,0.03868019518211141
2025-12-04,25Y,25,0.038279171695081854
2025-12-04,30Y,30,0.03767135668388733
2025-12-05,1Y,1,0.010997023782010874
2025-12-05,2Y,2,0.01423948645849064
2025-12-05,3Y,3,0.016049027654906126
2025-12-05,4Y,4,0.017207689864068544
2025-12-05,5Y,5,0.018471889305669394
2025-12-05,7Y,7,0.021297893892018173
2025-12-05,10Y,10,0.026660261639575036
2025-12-05,15Y,15,0.0347719705579271
2025-12-05,20Y,20,0.037942765582776886
2025-12-05,25Y,25,0.03741290293634911
2025-12-05,30Y,30,0.03709685141429413
2025-12-08,1Y,1,0.011106663661618749
2025-12-08,2Y,2,0.014359039692632539
2025-12-08,3Y,3,0.016098122540871188
2025-12-08,4Y,4,0.017359219048281003
2025-12-08,5Y,5,0.0186745880256034
2025-12-08,7Y,7,0.021461528097800595
2025-12-08,10Y,10,0.027165634354642615
2025-12-08,15Y,15,0.03563541452648595
2025-12-08,20Y,20,0.03883838291762663
2025-12-08,25Y,25,0.03816704770564525
2025-12-08,30Y,30,0.03762069458113952
2025-12-09,1Y,1,0.011186482706617162
2025-12-09,2Y,2,0.014317961868768627
2025-12-09,3Y,3,0.01585518251356146
2025-12-09,4Y,4,0.017084404184753484
2025-12-09,5Y,5,0.018253922532105737
2025-12-09,7Y,7,0.021520028380291628
2025-12-09,10Y,10,0.02696245038523342
2025-12-09,15Y,15,0.03532773529376289
2025-12-09,20Y,20,0.03860259490943843
2025-12-09,25Y,25,0.03800512543873866
2025-12-09,30Y,30,0.03765584209794001
2025-12-10,1Y,1,0.011096642955097135
2025-12-10,2Y,2,0.014263593082119882
2025-12-10,3Y,3,0.015906421769449224
2025-12-10,4Y,4,0.017120902528419055
2025-12-10,5Y,5,0.01826483456495889
2025-12-10,7Y,7,0.021088076819275832
2025-12-10,10Y,10,0.02690642576699815
2025-12-10,15Y,15,0.0353550919052873
2025-12-10,20Y,20,0.038772790201255514
2025-12-10,25Y,25,0.03824421117884113
2025-12-10,30Y,30,0.0376990926684236
2025-12-11,1Y,1,0.010937073206381731
2025-12-11,2Y,2,0.014189828435514258
2025-12-11,3Y,3,0.015927710950474377
2025-12-11,4Y,4,0.01682117329678498
2025-12-11,5Y,5,0.018166827560170608
2025-12-11,7Y,7,0.02109546837134002
2025-12-11,10Y,10,0.027071414989052314
2025-12-11,15Y,15,0.035119208220990676
2025-12-11,20Y,20,0.038795022600367414
2025-12-11,25Y,25,0.038459686812943095
2025-12-11,30Y,30,0.03794547541174624
2025-12-12,1Y,1,0.011046678530795183
2025-12-12,2Y,2,0.014304357897319129
2025-12-12,3Y,3,0.015976785855600185
2025-12-12,4Y,4,0.016998207637685944
2025-12-12,5Y,5,0.018462173213298582
2025-12-12,7Y,7,0.021246986321193866
2025-12-12,10Y,10,0.02688241161158096
2025-12-12,15Y,15,0.03490648337852153
2025-12-12,20Y,20,0.03836587967166824
2025-12-12,25Y,25,0.0379552363644235
2025-12-12,30Y,30,0.037099087463366695
2025-12-15,1Y,1,0.011016720820307415
2025-12-15,2Y,2,0.014968729956908865
2025-12-15,3Y,3,0.016364725629402117
2025-12-15,4Y,4,0.017625577062987514
2025-12-15,5Y,5,0.018847584869226146
2025-12-15,7Y,7,0.02273290035160424
2025-12-15,10Y,10,0.028257563648730583
2025-12-15,15Y,15,0.03570510890358808
2025-12-15,20Y,20,0.039129467059178386
2025-12-15,25Y,25,0.03858245704215951
2025-12-15,30Y,30,0.037804670862260394
2025-12-16,1Y,1,0.011006425642180672
2025-12-16,2Y,2,0.014350071736716652
2025-12-16,3Y,3,0.01623919002502308
2025-12-16,4Y,4,0.017364320457985815
2025-12-16,5Y,5,0.018694723317563975
2025-12-16,7Y,7,0.021482853919133356
2025-12-16,10Y,10,0.027317290424795942
2025-12-16,15Y,15,0.035189495945953934
2025-12-16,20Y,20,0.038464293475865725
2025-12-16,25Y,25,0.03814951100768688
2025-12-16,30Y,30,0.03775064720223531
2025-12-17,1Y,1,0.011146085939450795
2025-12-17,2Y,2,0.014403914862087929
2025-12-17,3Y,3,0.01623852285665546
2025-12-17,4Y,4,0.017413389122658912
2025-12-17,5Y,5,0.018827536026091676
2025-12-17,7Y,7,0.021741094660000362
2025-12-17,10Y,10,0.027425344367974967
2025-12-17,15Y,15,0.03509650873434509
2025-12-17,20Y,20,0.03857842715154144
2025-12-17,25Y,25,0.03817315731087115
2025-12-17,30Y,30,0.03740182006621808
2025-12-18,1Y,1,0.011125767294663379
2025-12-18,2Y,2,0.014263332985802974
2025-12-18,3Y,3,0.016158171132242754
2025-12-18,4Y,4,0.017276151432459617
2025-12-18,5Y,5,0.018685595917022225
2025-12-18,7Y,7,0.0216192712345949
2025-12-18,10Y,10,0.02727160751101404
2025-12-18,15Y,15,0.03534095644465852
2025-12-18,20Y,20,0.03901950855800261
2025-12-18,25Y,25,0.03855404257807102
2025-12-18,30Y,30,0.03783505640444964
2025-12-19,1Y,1,0.011434710925599492
2025-12-19,2Y,2,0.014823361836728315
2025-12-19,3Y,3,0.016790083188982174
2025-12-19,4Y,4,0.017986902454091427
2025-12-19,5Y,5,0.01918561891977645
2025-12-19,7Y,7,0.022145461793762318
2025-12-19,10Y,10,0.027997299726637698
2025-12-19,15Y,15,0.03584788152999595
2025-12-19,20Y,20,0.039281652150364006
2025-12-19,25Y,25,0.03856847693753921
2025-12-19,30Y,30,0.03828735640272769
2025-12-22,1Y,1,0.011594728724250354
2025-12-22,2Y,2,0.01526430184203222
2025-12-22,3Y,3,0.017252633878350153
2025-12-22,4Y,4,0.018281921197009512
2025-12-22,5Y,5,0.019559921322587364
2025-12-22,7Y,7,0.02250157507790037
2025-12-22,10Y,10,0.02813490967087108
2025-12-22,15Y,15,0.03589018220201339
2025-12-22,20Y,20,0.03890341152994523
2025-12-22,25Y,25,0.03823404321119457
2025-12-22,30Y,30,0.0376387862174129
2025-12-23,1Y,1,0.01139537520320298
2025-12-23,2Y,2,0.014879093240201223
2025-12-23,3Y,3,0.0168313079820801
2025-12-23,4Y,4,0.01806909680752628
2025-12-23,5Y,5,0.019185270491462337
2025-12-23,7Y,7,0.022210174829745466
2025-12-23,10Y,10,0.02817449092299064
2025-12-23,15Y,15,0.03558351652075838
2025-12-23,20Y,20,0.03926058764430925
2025-12-23,25Y,25,0.03873682765232589
2025-12-23,30Y,30,0.03811227075996995
2025-12-24,1Y,1,0.01157475756005922
2025-12-24,2Y,2,0.014736298010202528
2025-12-24,3Y,3,0.016426629338261757
2025-12-24,4Y,4,0.017906786341342563
2025-12-24,5Y,5,0.01904273971905609
2025-12-24,7Y,7,0.022338203107670852
2025-12-24,10Y,10,0.028071581088582293
2025-12-24,15Y,15,0.035507873632914244
2025-12-24,20Y,20,0.038878232264693786
2025-12-24,25Y,25,0.038319096156743365
2025-12-24,30Y,30,0.03748917320132357
2025-12-25,1Y,1,0.011753912615456592
2025-12-25,2Y,2,0.01522732376545803
2025-12-25,3Y,3,0.01698814203510974
2025-12-25,4Y,4,0.018185144216719396
2025-12-25,5Y,5,0.019321321019393524
2025-12-25,7Y,7,0.022492234899532268
2025-12-25,10Y,10,0.027699037053792272
2025-12-25,15Y,15,0.03567917764445067
2025-12-25,20Y,20,0.03856615483106194
2025-12-25,25Y,25,0.038071458525074146
2025-12-25,30Y,30,0.037349056193499194
2025-12-26,1Y,1,0.01174367063742733
2025-12-26,2Y,2,0.015131863273991481
2025-12-26,3Y,3,0.01695824753109252
2025-12-26,4Y,4,0.018221314088982164
2025-12-26,5Y,5,0.019425281962856138
2025-12-26,7Y,7,0.022008621613875914
2025-12-26,10Y,10,0.027833271408841717
2025-12-26,15Y,15,0.03538940856260449
2025-12-26,20Y,20,0.0386234396049134
2025-12-26,25Y,25,0.038023256161090875
2025-12-26,30Y,30,0.03762725389196266
2025-12-29,1Y,1,0.011843595913712401
2025-12-29,2Y,2,0.01533700867417042
2025-12-29,3Y,3,0.016996732218101086
2025-12-29,4Y,4,0.01822483735392349
2025-12-29,5Y,5,0.01924606866019758
2025-12-29,7Y,7,0.02233129613752239
2025-12-29,10Y,10,0.027916889451859758
2025-12-29,15Y,15,0.035712016849910884
2025-12-29,20Y,20,0.038972684196533804
2025-12-29,25Y,25,0.03822654650921674
2025-12-29,30Y,30,0.03754586574246623
2025-12-30,1Y,1,0.012192364389071638
2025-12-30,2Y,2,0.015901649290089942
2025-12-30,3Y,3,0.017608215019893167
2025-12-30,4Y,4,0.018791868893278146
2025-12-30,5Y,5,0.019819790985453327
2025-12-30,7Y,7,0.022697892758679714
2025-12-30,10Y,10,0.028286857314826795
2025-12-30,15Y,15,0.03554595589288171
2025-12-30,20Y,20,0.03876394493600736
2025-12-30,25Y,25,0.03856035256913777
2025-12-30,30Y,30,0.03824045396530018
2025-12-31,1Y,1,0.012192364389071638
2025-12-31,2Y,2,0.015901649290089942
2025-12-31,3Y,3,0.017608215019893167
2025-12-31,4Y,4,0.018791868893278146
2025-12-31,5Y,5,0.019819790985453327
2025-12-31,7Y,7,0.022697892758679714
2025-12-31,10Y,10,0.028286857314826795
2025-12-31,15Y,15,0.03554595589288171
2025-12-31,20Y,20,0.03876394493600736
2025-12-31,25Y,25,0.03856035256913777
2025-12-31,30Y,30,0.03824045396530018
2026-01-01,1Y,1,0.012192364389071638
2026-01-01,2Y,2,0.015901649290089942
2026-01-01,3Y,3,0.017608215019893167
2026-01-01,4Y,4,0.018791868893278146
2026-01-01,5Y,5,0.019819790985453327
2026-01-01,7Y,7,0.022697892758679714
2026-01-01,10Y,10,0.028286857314826795
2026-01-01,15Y,15,0.03554595589288171
2026-01-01,20Y,20,0.03876394493600736
2026-01-01,25Y,25,0.03856035256913777
2026-01-01,30Y,30,0.03824045396530018
2026-01-02,1Y,1,0.012192364389071638
2026-01-02,2Y,2,0.015901649290089942
2026-01-02,3Y,3,0.017608215019893167
2026-01-02,4Y,4,0.018791868893278146
2026-01-02,5Y,5,0.019819790985453327
2026-01-02,7Y,7,0.022697892758679714
2026-01-02,10Y,10,0.028286857314826795
2026-01-02,15Y,15,0.03554595589288171
2026-01-02,20Y,20,0.03876394493600736
2026-01-02,25Y,25,0.03856035256913777
2026-01-02,30Y,30,0.03824045396530018
2026-01-05,1Y,1,0.012242137200911243
2026-01-05,2Y,2,0.016047027940260646
2026-01-05,3Y,3,0.01798197632976949
2026-01-05,4Y,4,0.019078861858149297
2026-01-05,5Y,5,0.02006311748887346
2026-01-05,7Y,7,0.02290125622172913
2026-01-05,10Y,10,0.028261557454238487
2026-01-05,15Y,15,0.03599167594006007
2026-01-05,20Y,20,0.039046747569252804
2026-01-05,25Y,25,0.03857083843793033
2026-01-05,30Y,30,0.03816153159946923
2026-01-06,1Y,1,0.012212220236925819
2026-01-06,2Y,2,0.016022213163792563
2026-01-06,3Y,3,0.017992473652817302
2026-01-06,4Y,4,0.019212583046535846
2026-01-06,5Y,5,0.02014477317997281
2026-01-06,7Y,7,0.023257357344214337
2026-01-06,10Y,10,0.02841830670990822
2026-01-06,15Y,15,0.0363066098556652
2026-01-06,20Y,20,0.039540253405551444
2026-01-06,25Y,25,0.03870104170989641
2026-01-06,30Y,30,0.03771022673516109
2026-01-07,1Y,1,0.01200313679561225
2026-01-07,2Y,2,0.01566729654224515
2026-01-07,3Y,3,0.01776419862746173
2026-01-07,4Y,4,0.01892060091999807
2026-01-07,5Y,5,0.0200208988320596
2026-01-07,7Y,7,0.023112652380633994
2026-01-07,10Y,10,0.028096989178127987
2026-01-07,15Y,15,0.03625319888746782
2026-01-07,20Y,20,0.03947498269075273
2026-01-07,25Y,25,0.03846508434277956
2026-01-07,30Y,30,0.03748136109267386
2026-01-08,1Y,1,0.01176393465442576
2026-01-08,2Y,2,0.015428471792795802
2026-01-08,3Y,3,0.017462970185200367
2026-01-08,4Y,4,0.01862028532550617
2026-01-08,5Y,5,0.01981116715128552
2026-01-08,7Y,7,0.022860094040420526
2026-01-08,10Y,10,0.0284705606756505
2026-01-08,15Y,15,0.036080101239335326
2026-01-08,20Y,20,0.03948431799136767
2026-01-08,25Y,25,0.03867581195926773
2026-01-08,30Y,30,0.03758900533540176
2026-01-09,1Y,1,0.011933053872869737
2026-01-09,2Y,2,0.016020442503480923
2026-01-09,3Y,3,0.018175736087508707
2026-01-09,4Y,4,0.018968871656720537
2026-01-09,5Y,5,0.020222184619807595
2026-01-09,7Y,7,0.023043953765154293
2026-01-09,10Y,10,0.028546168216965165
2026-01-09,15Y,15,0.03616608159623582
2026-01-09,20Y,20,0.03914060209193572
2026-01-09,25Y,25,0.03835985357111781
2026-01-09,30Y,30,0.03754181347691872
2026-01-12,1Y,1,0.011903321847716477
2026-01-12,2Y,2,0.01612649268466199
2026-01-12,3Y,3,0.018185021273518044
2026-01-12,4Y,4,0.018277232714605764
2026-01-12,5Y,5,0.020313498322960522
2026-01-12,7Y,7,0.02344384022245742
2026-01-12,10Y,10,0.028492233169937792
2026-01-12,15Y,15,0.03606422642777867
2026-01-12,20Y,20,0.03956580288902623
2026-01-12,25Y,25,0.03875170710172954
2026-01-12,30Y,30,0.038093395374706795
2026-01-13,1Y,1,0.012162181243961113
2026-01-13,2Y,2,0.01596241216712721
2026-01-13,3Y,3,0.018124944363184115
2026-01-13,4Y,4,0.019565662365188245
2026-01-13,5Y,5,0.020836391709283683
2026-01-13,7Y,7,0.023771957030855044
2026-01-13,10Y,10,0.029216827084619715
2026-01-13,15Y,15,0.036467094933447984
2026-01-13,20Y,20,0.03966449628997873
2026-01-13,25Y,25,0.03876236398060584
2026-01-13,30Y,30,0.03777233580386089
2026-01-14,1Y,1,0.012301702016406202
2026-01-14,2Y,2,0.015623633189459413
2026-01-14,3Y,3,0.017600626584662916
2026-01-14,4Y,4,0.019338003894285756
2026-01-14,5Y,5,0.020490315568056836
2026-01-14,7Y,7,0.023442284113020538
2026-01-14,10Y,10,0.029074886135246523
2026-01-14,15Y,15,0.036263253764830056
2026-01-14,20Y,20,0.039318140199797624
2026-01-14,25Y,25,0.038779142355861114
2026-01-14,30Y,30,0.03825753995025383
2026-01-15,1Y,1,0.012271096168398358
2026-01-15,2Y,2,0.01606687889707944
2026-01-15,3Y,3,0.018091299589453123
2026-01-15,4Y,4,0.019384973356563237
2026-01-15,5Y,5,0.02053353507642153
2026-01-15,7Y,7,0.023739987945939296
2026-01-15,10Y,10,0.02893348051778947
2026-01-15,15Y,15,0.03606772580332602
2026-01-15,20Y,20,0.03936557869359314
2026-01-15,25Y,25,0.038415414108918966
2026-01-15,30Y,30,0.03743826272037387
2026-01-16,1Y,1,0.012410373553086976
2026-01-16,2Y,2,0.01616591509729593
2026-01-16,3Y,3,0.01829240641275539
2026-01-16,4Y,4,0.019467335116262217
2026-01-16,5Y,5,0.020800188586137896
2026-01-16,7Y,7,0.023858426727037238
2026-01-16,10Y,10,0.02918061564124614
2026-01-16,15Y,15,0.03629040381873807
2026-01-16,20Y,20,0.03922896056259193
2026-01-16,25Y,25,0.038209745701922745
2026-01-16,30Y,30,0.03766729788726002
2026-01-19,1Y,1,0.012569766758690126
2026-01-19,2Y,2,0.016375426021323327
2026-01-19,3Y,3,0.018655129765143122
2026-01-19,4Y,4,0.02022529195860184
2026-01-19,5Y,5,0.021586205491841093
2026-01-19,7Y,7,0.024590933822499016
2026-01-19,10Y,10,0.03025607380370142
2026-01-19,15Y,15,0.03677214500589483
2026-01-19,20Y,20,0.03993317335875103
2026-01-19,25Y,25,0.039206587053015884
2026-01-19,30Y,30,0.03862151081051379
2026-01-20,1Y,1,0.012739217716036321
2026-01-20,2Y,2,0.01624755447244185
2026-01-20,3Y,3,0.018483734214827775
2026-01-20,4Y,4,0.02062476941163171
2026-01-20,5Y,5,0.02233048900953202
2026-01-20,7Y,7,0.025944957608795227
2026-01-20,10Y,10,0.03195042644416357
2026-01-20,15Y,15,0.039323661012573556
2026-01-20,20Y,20,0.04274327495212368
2026-01-20,25Y,25,0.0420113908620213
2026-01-20,30Y,30,0.0414325721576553
2026-01-21,1Y,1,0.012688386893359304
2026-01-21,2Y,2,0.016464667281334465
2026-01-21,3Y,3,0.01867188063605745
2026-01-21,4Y,4,0.01995106369856569
2026-01-21,5Y,5,0.021502436614592675
2026-01-21,7Y,7,0.0249089568745511
2026-01-21,10Y,10,0.031119457853621975
2026-01-21,15Y,15,0.03831862442884905
2026-01-21,20Y,20,0.04114374556117133
2026-01-21,25Y,25,0.040076831983103155
2026-01-21,30Y,30,0.039082048205994924
2026-01-22,1Y,1,0.012629039946380954
2026-01-22,2Y,2,0.01588656295669914
2026-01-22,3Y,3,0.017928478884122613
2026-01-22,4Y,4,0.01944176935472958
2026-01-22,5Y,5,0.02088519017352592
2026-01-22,7Y,7,0.024348631682689983
2026-01-22,10Y,10,0.030091388397077673
2026-01-22,15Y,15,0.03782290794100113
2026-01-22,20Y,20,0.040658874204120864
2026-01-22,25Y,25,0.03971581394506502
2026-01-22,30Y,30,0.03844607170250188
2026-01-23,1Y,1,0.012887771557069619
2026-01-23,2Y,2,0.01651760496819292
2026-01-23,3Y,3,0.018427050598919914
2026-01-23,4Y,4,0.019704416437615224
2026-01-23,5Y,5,0.021264526180223564
2026-01-23,7Y,7,0.024393852725094173
2026-01-23,10Y,10,0.030265415569178084
2026-01-23,15Y,15,0.03759206209087076
2026-01-23,20Y,20,0.040431816326426576
2026-01-23,25Y,25,0.03982364308853921
2026-01-23,30Y,30,0.0390700677108599
2026-01-26,1Y,1,0.013146477818263346
2026-01-26,2Y,2,0.016710760485065937
2026-01-26,3Y,3,0.01844347334571333
2026-01-26,4Y,4,0.01952035292631303
2026-01-26,5Y,5,0.020690588398040173
2026-01-26,7Y,7,0.024191849335756452
2026-01-26,10Y,10,0.029801184138542
2026-01-26,15Y,15,0.03728777340302127
2026-01-26,20Y,20,0.04024068996878766
2026-01-26,25Y,25,0.03921868978228727
2026-01-26,30Y,30,0.03848976323586277
2026-01-27,1Y,1,0.013335988737331305
2026-01-27,2Y,2,0.016899680271508767
2026-01-27,3Y,3,0.01869505949401823
2026-01-27,4Y,4,0.019965707033951133
2026-01-27,5Y,5,0.021283808687859215
2026-01-27,7Y,7,0.024600462838305186
2026-01-27,10Y,10,0.030272168014791448
2026-01-27,15Y,15,0.03730794208624866
2026-01-27,20Y,20,0.04068582293353483
2026-01-27,25Y,25,0.039613971548915
2026-01-27,30Y,30,0.03862819544130449
2026-01-28,1Y,1,0.012997709548803279
2026-01-28,2Y,2,0.0168635931557385
2026-01-28,3Y,3,0.018616090578295434
2026-01-28,4Y,4,0.01966998146854963
2026-01-28,5Y,5,0.021134977132163807
2026-01-28,7Y,7,0.024326524301979367
2026-01-28,10Y,10,0.030154282375336648
2026-01-28,15Y,15,0.03737546690666545
2026-01-28,20Y,20,0.04039392632027182
2026-01-28,25Y,25,0.03977173132073919
2026-01-28,30Y,30,0.03912565731684285
2026-01-29,1Y,1,0.012977661619608675
2026-01-29,2Y,2,0.01661213373391173
2026-01-29,3Y,3,0.018456563719354394
2026-01-29,4Y,4,0.01966153647982044
2026-01-29,5Y,5,0.020952083469897027
2026-01-29,7Y,7,0.024094067912006592
2026-01-29,10Y,10,0.029870310778663117
2026-01-29,15Y,15,0.037507459578264145
2026-01-29,20Y,20,0.04015405719904418
2026-01-29,25Y,25,0.039040812401585086
2026-01-29,30Y,30,0.03792032023875498
2026-01-30,1Y,1,0.01287770793396743
2026-01-30,2Y,2,0.016326465519992506
2026-01-30,3Y,3,0.01811434645762194
2026-01-30,4Y,4,0.0195080938540565
2026-01-30,5Y,5,0.02091628806248949
2026-01-30,7Y,7,0.024039414883252112
2026-01-30,10Y,10,0.029654775949739767
2026-01-30,15Y,15,0.0372450437357885
2026-01-30,20Y,20,0.03998050396770769
2026-01-30,25Y,25,0.03941921887730074
2026-01-30,30Y,30,0.038696687616740465
2026-02-02,1Y,1,0.012916914804122239
2026-02-02,2Y,2,0.01659783814132893
2026-02-02,3Y,3,0.018454778337592213
2026-02-02,4Y,4,0.019519021379720208
2026-02-02,5Y,5,0.020983264830495223
2026-02-02,7Y,7,0.024236761977626108
2026-02-02,10Y,10,0.02979881217052202
2026-02-02,15Y,15,0.03730636850236286
2026-02-02,20Y,20,0.04034948122000789
2026-02-02,25Y,25,0.03941192348957969
2026-02-02,30Y,30,0.03856912064799596
2026-02-03,1Y,1,0.013156337511510083
2026-02-03,2Y,2,0.016635138600826407
2026-02-03,3Y,3,0.01847470947065412
2026-02-03,4Y,4,0.019658127962036323
2026-02-03,5Y,5,0.0209910352569167
2026-02-03,7Y,7,0.02398557732566913
2026-02-03,10Y,10,0.029627270383563678
2026-02-03,15Y,15,0.03707213663368948
2026-02-03,20Y,20,0.04018604615612522
2026-02-03,25Y,25,0.03939980529008061
2026-02-03,30Y,30,0.03845794460443463
2026-02-04,1Y,1,0.013146395737209016
2026-02-04,2Y,2,0.016579892133020892
2026-02-04,3Y,3,0.018343395146486384
2026-02-04,4Y,4,0.0196188947365894
2026-02-04,5Y,5,0.020857198128699808
2026-02-04,7Y,7,0.02427406862570687
2026-02-04,10Y,10,0.029569134990818688
2026-02-04,15Y,15,0.03702862737622681
2026-02-04,20Y,20,0.040045264963512676
2026-02-04,25Y,25,0.039267515000937746
2026-02-04,30Y,30,0.03840098793314952
2026-02-05,1Y,1,0.013285907881932527
2026-02-05,2Y,2,0.016487578537678318
2026-02-05,3Y,3,0.018059822542632907
2026-02-05,4Y,4,0.019347928088211102
2026-02-05,5Y,5,0.0206641158684829
2026-02-05,7Y,7,0.023487411804606395
2026-02-05,10Y,10,0.029260730481427147
2026-02-05,15Y,15,0.03607335398360305
2026-02-05,20Y,20,0.03911206584727673
2026-02-05,25Y,25,0.03818692416577664
2026-02-05,30Y,30,0.037319003964158125
2026-02-06,1Y,1,0.013355246003252094
2026-02-06,2Y,2,0.016904507717567907
2026-02-06,3Y,3,0.0185105576519354
2026-02-06,4Y,4,0.0195675050655478
2026-02-06,5Y,5,0.02092343495499882
2026-02-06,7Y,7,0.02421679158311927
2026-02-06,10Y,10,0.02940775070944434
2026-02-06,15Y,15,0.036592834095280156
2026-02-06,20Y,20,0.03917216341144086
2026-02-06,25Y,25,0.03865715334862371
2026-02-06,30Y,30,0.03790650289493207
2026-02-09,1Y,1,0.013574313526980445
2026-02-09,2Y,2,0.016896722562883198
2026-02-09,3Y,3,0.01848955547261056
2026-02-09,4Y,4,0.01996421710122164
2026-02-09,5Y,5,0.02142575782978226
2026-02-09,7Y,7,0.024318355344830733
2026-02-09,10Y,10,0.029684332176694465
2026-02-09,15Y,15,0.036266677737153245
2026-02-09,20Y,20,0.038762619585454385
2026-02-09,25Y,25,0.0375438664499711
2026-02-09,30Y,30,0.036935966102934634
2026-02-10,1Y,1,0.013524275080299259
2026-02-10,2Y,2,0.016821860358808224
2026-02-10,3Y,3,0.018459712026242848
2026-02-10,4Y,4,0.019667541902193737
2026-02-10,5Y,5,0.020953160887703513
2026-02-10,7Y,7,0.024010612498359424
2026-02-10,10Y,10,0.029170125454870514
2026-02-10,15Y,15,0.03574805448157396
2026-02-10,20Y,20,0.03807767546719209
2026-02-10,25Y,25,0.037237577473364446
2026-02-10,30Y,30,0.03634689440832513
2026-02-11,1Y,1,0.013464802234211794
2026-02-11,2Y,2,0.016888030678889124
2026-02-11,3Y,3,0.018459618797544167
2026-02-11,4Y,4,0.019730433362561105
2026-02-11,5Y,5,0.020889568119326858
2026-02-11,7Y,7,0.024206971426159338
2026-02-11,10Y,10,0.02898843987677238
2026-02-11,15Y,15,0.035978724810438276
2026-02-11,20Y,20,0.0381911053868802
2026-02-11,25Y,25,0.03718855694377926
2026-02-11,30Y,30,0.03663142716356758
2026-02-12,1Y,1,0.013544281850890941
2026-02-12,2Y,2,0.016524669844863386
2026-02-12,3Y,3,0.017955727357488863
2026-02-12,4Y,4,0.019314031116262988
2026-02-12,5Y,5,0.020463874727054972
2026-02-12,7Y,7,0.023726631003858065
2026-02-12,10Y,10,0.02879173351650742
2026-02-12,15Y,15,0.03449196669986068
2026-02-12,20Y,20,0.03686006277330653
2026-02-12,25Y,25,0.035673678889779015
2026-02-12,30Y,30,0.03451022228453715
2026-02-13,1Y,1,0.013305250524545243
2026-02-13,2Y,2,0.016593056855884962
2026-02-13,3Y,3,0.018199401593921916
2026-02-13,4Y,4,0.019469207474595865
2026-02-13,5Y,5,0.020524449686672157
2026-02-13,7Y,7,0.023664128708279532
2026-02-13,10Y,10,0.028595046678929523
2026-02-13,15Y,15,0.03491315974930839
2026-02-13,20Y,20,0.037194312748362206
2026-02-13,25Y,25,0.03562671861951989
2026-02-13,30Y,30,0.03441801035148904
2026-02-16,1Y,1,0.013106669062389113
2026-02-16,2Y,2,0.016530041292631182
2026-02-16,3Y,3,0.018120880911834607
2026-02-16,4Y,4,0.019211930723395956
2026-02-16,5Y,5,0.020510626485543273
2026-02-16,7Y,7,0.023520495487607825
2026-02-16,10Y,10,0.028916519978374043
2026-02-16,15Y,15,0.03572131905296861
2026-02-16,20Y,20,0.03796190014629028
2026-02-16,25Y,25,0.03693134577478034
2026-02-16,30Y,30,0.03631589828956261
2026-02-17,1Y,1,0.01288732900554196
2026-02-17,2Y,2,0.016039517454443947
2026-02-17,3Y,3,0.017680489336467382
2026-02-17,4Y,4,0.018784460661944637
2026-02-17,5Y,5,0.019839988177476058
2026-02-17,7Y,7,0.02265650801196463
2026-02-17,10Y,10,0.02803871062519378
2026-02-17,15Y,15,0.03463565304427546
2026-02-17,20Y,20,0.03723552227464915
2026-02-17,25Y,25,0.03598239764658283
2026-02-17,30Y,30,0.03511150574174833
2026-02-18,1Y,1,0.01277791697251798
2026-02-18,2Y,2,0.015955273225097027
2026-02-18,3Y,3,0.017590825226029
2026-02-18,4Y,4,0.01869504565119599
2026-02-18,5Y,5,0.019957303233889365
2026-02-18,7Y,7,0.022919790284286708
2026-02-18,10Y,10,0.028050411181967938
2026-02-18,15Y,15,0.03412803814526155
2026-02-18,20Y,20,0.03664474020682867
2026-02-18,25Y,25,0.03537314794701618
2026-02-18,30Y,30,0.03421659798975803
