"日付","終値","始値","高値","安値","変化率 %"
"2026-02-18","2.729","2.726","2.747","2.691","-0.77%"
"2026-02-17","2.750","2.798","2.814","2.736","-2.34%"
"2026-02-16","2.816","2.767","2.843","2.767","1.22%"
"2026-02-13","2.782","2.755","2.828","2.761","0.29%"
"2026-02-12","2.774","2.818","2.842","2.767","-2.50%"
"2026-02-11","2.845","2.801","2.845","2.813","0.04%"
"2026-02-10","2.844","2.869","2.891","2.820","-1.25%"
"2026-02-09","2.880","2.882","2.926","2.874","-0.17%"
"2026-02-06","2.885","2.840","2.913","2.800","0.94%"
"2026-02-05","2.858","2.892","2.915","2.856","-1.72%"
"2026-02-04","2.908","2.903","2.951","2.897","-0.45%"
"2026-02-03","2.921","2.904","2.954","2.903","-0.03%"
"2026-02-02","2.922","2.902","2.953","2.887","0.48%"
"2026-01-30","2.908","2.913","2.943","2.891","-0.58%"
"2026-01-29","2.925","2.925","2.958","2.908","-0.41%"
"2026-01-28","2.937","2.933","2.979","2.912","-0.54%"
"2026-01-27","2.953","2.910","2.987","2.918","1.27%"
"2026-01-26","2.916","2.934","2.968","2.886","-0.82%"
"2026-01-23","2.940","2.922","2.975","2.923","-0.07%"
"2026-01-22","2.942","2.975","2.997","2.925","-1.64%"
"2026-01-21","2.991","3.051","3.073","2.966","-2.57%"
"2026-01-20","3.070","2.907","3.113","2.916","5.10%"
"2026-01-19","2.921","2.850","2.950","2.852","2.31%"
"2026-01-16","2.855","2.833","2.877","2.826","0.21%"
"2026-01-15","2.849","2.838","2.889","2.829","0.14%"
"2026-01-14","2.845","2.853","2.903","2.843","-0.84%"
"2026-01-13","2.869","2.821","2.903","2.813","1.09%"
"2026-01-12","2.838","2.842","2.873","2.831","0.50%"
"2026-01-09","2.824","2.774","2.869","2.784","0.28%"
"2026-01-08","2.816","2.801","2.833","2.793","-0.32%"
"2026-01-07","2.825","2.823","2.868","2.820","-0.42%"
"2026-01-06","2.837","2.800","2.862","2.801","0.89%"
"2026-01-05","2.812","2.767","2.848","2.781","0.64%"
"2026-01-02","2.794","2.794","2.794","2.794","0.00%"
"2026-01-01","2.794","2.794","2.794","2.794","0.00%"
"2025-12-31","2.794","2.794","2.794","2.794","0.00%"
"2025-12-30","2.794","2.755","2.804","2.767","0.79%"
"2025-12-29","2.772","2.752","2.802","2.757","0.58%"
"2025-12-26","2.756","2.749","2.779","2.754","-0.29%"
"2025-12-25","2.764","2.735","2.773","2.732","0.25%"
"2025-12-24","2.757","2.750","2.810","2.748","-0.43%"
"2025-12-23","2.769","2.761","2.807","2.752","-0.43%"
"2025-12-22","2.781","2.758","2.828","2.761","0.43%"
"2025-12-19","2.769","2.717","2.791","2.723","1.24%"
"2025-12-18","2.735","2.707","2.758","2.710","0.40%"
"2025-12-17","2.724","2.694","2.752","2.692","0.37%"
"2025-12-16","2.714","2.696","2.738","2.693","-1.60%"
"2025-12-15","2.758","2.689","2.758","2.682","2.26%"
"2025-12-12","2.697","2.689","2.722","2.682","-0.22%"
"2025-12-11","2.703","2.677","2.725","2.670","-0.15%"
"2025-12-10","2.707","2.693","2.735","2.697","0.07%"
"2025-12-09","2.705","2.714","2.742","2.696","-0.77%"
"2025-12-08","2.726","2.674","2.762","2.683","1.56%"
"2025-12-05","2.684","2.686","2.714","2.662","-0.45%"
"2025-12-04","2.696","2.665","2.727","2.668","0.52%"
"2025-12-03","2.682","2.653","2.716","2.653","0.71%"
"2025-12-02","2.663","2.645","2.691","2.643","-0.15%"
"2025-12-01","2.667","2.619","2.698","2.616","1.60%"
"2025-11-28","2.625","2.588","2.644","2.595","0.92%"
"2025-11-27","2.601","2.566","2.624","2.567","0.66%"
"2025-11-26","2.584","2.563","2.618","2.576","-0.54%"
"2025-11-25","2.598","2.559","2.613","2.557","1.13%"
"2025-11-24","2.569","2.545","2.582","2.564","0.04%"
"2025-11-21","2.568","2.602","2.617","2.559","-1.80%"
"2025-11-20","2.615","2.603","2.659","2.599","-0.04%"
"2025-11-19","2.616","2.555","2.633","2.562","0.85%"
"2025-11-18","2.594","2.531","2.612","2.542","1.97%"
"2025-11-17","2.544","2.477","2.573","2.497","1.68%"
"2025-11-14","2.502","2.476","2.531","2.474","0.64%"
"2025-11-13","2.486","2.445","2.514","2.459","0.65%"
"2025-11-12","2.470","2.439","2.496","2.449","0.45%"
"2025-11-11","2.459","2.434","2.488","2.446","0.00%"
"2025-11-10","2.459","2.409","2.488","2.427","1.49%"
"2025-11-07","2.423","2.405","2.454","2.409","0.33%"
"2025-11-06","2.415","2.415","2.451","2.405","-0.45%"
"2025-11-05","2.426","2.407","2.445","2.403","0.08%"
"2025-11-04","2.424","2.385","2.450","2.406","0.21%"
"2025-11-03","2.419","2.395","2.432","2.415","0.25%"
"2025-10-31","2.413","2.390","2.434","2.390","0.33%"
"2025-10-30","2.405","2.407","2.433","2.386","-0.70%"
"2025-10-29","2.422","2.379","2.431","2.388","1.13%"
"2025-10-28","2.395","2.399","2.433","2.387","-1.03%"
"2025-10-27","2.420","2.404","2.450","2.412","-0.04%"
"2025-10-24","2.421","2.409","2.441","2.404","-0.37%"
"2025-10-23","2.430","2.390","2.453","2.403","0.79%"
"2025-10-22","2.411","2.400","2.447","2.394","0.04%"
"2025-10-21","2.410","2.395","2.437","2.387","-0.17%"
"2025-10-20","2.414","2.390","2.434","2.392","0.29%"
"2025-10-17","2.407","2.371","2.418","2.360","1.13%"
"2025-10-16","2.380","2.399","2.427","2.374","-1.37%"
"2025-10-15","2.413","2.401","2.441","2.398","-0.29%"
"2025-10-14","2.420","2.389","2.460","2.404","1.00%"
"2025-10-13","2.396","2.419","2.455","2.396","-1.07%"
"2025-10-10","2.422","2.467","2.489","2.413","-2.38%"
"2025-10-09","2.481","2.447","2.503","2.445","0.73%"
"2025-10-08","2.463","2.469","2.496","2.450","-0.85%"
"2025-10-07","2.484","2.499","2.524","2.452","-1.23%"
"2025-10-06","2.515","2.402","2.535","2.380","4.01%"
"2025-10-03","2.418","2.403","2.436","2.400","0.04%"
"2025-10-02","2.417","2.395","2.443","2.393","0.21%"
"2025-10-01","2.412","2.386","2.444","2.388","0.33%"
"2025-09-30","2.404","2.362","2.423","2.356","1.18%"
"2025-09-29","2.376","2.376","2.410","2.365","-0.13%"
"2025-09-26","2.379","2.356","2.416","2.355","0.51%"
"2025-09-25","2.367","2.373","2.401","2.343","-0.88%"
"2025-09-24","2.388","2.389","2.420","2.368","-0.58%"
"2025-09-23","2.402","2.387","2.402","2.402","0.42%"
"2025-09-22","2.392","2.387","2.431","2.388","-0.21%"
"2025-09-19","2.397","2.380","2.430","2.388","-0.91%"
"2025-09-18","2.419","2.402","2.446","2.391","0.04%"
"2025-09-17","2.418","2.418","2.448","2.405","-0.49%"
"2025-09-16","2.430","2.437","2.465","2.396","0.45%"
"2025-09-15","2.419","2.393","2.429","2.412","0.21%"
"2025-09-12","2.414","2.395","2.430","2.399","0.04%"
"2025-09-11","2.413","2.384","2.430","2.391","0.71%"
"2025-09-10","2.396","2.425","2.440","2.393","-1.72%"
"2025-09-09","2.438","2.406","2.451","2.396","0.49%"
"2025-09-08","2.426","2.370","2.455","2.391","0.41%"
"2025-09-05","2.416","2.406","2.437","2.396","-0.33%"
"2025-09-04","2.424","2.464","2.480","2.417","-2.53%"
"2025-09-03","2.487","2.454","2.500","2.457","0.89%"
"2025-09-02","2.465","2.431","2.483","2.428","0.74%"
"2025-09-01","2.447","2.389","2.464","2.411","0.99%"
"2025-08-29","2.423","2.413","2.443","2.420","-0.86%"
"2025-08-28","2.444","2.438","2.468","2.443","-1.01%"
"2025-08-27","2.469","2.445","2.478","2.469","-0.20%"
"2025-08-26","2.474","2.414","2.483","2.444","1.35%"
"2025-08-25","2.441","2.413","2.443","2.441","-0.08%"
"2025-08-22","2.443","2.413","2.444","2.433","0.33%"
"2025-08-21","2.435","2.403","2.436","2.430","0.16%"
"2025-08-20","2.431","2.381","2.446","2.411","0.87%"
"2025-08-19","2.410","2.365","2.418","2.395","0.67%"
"2025-08-18","2.394","2.354","2.394","2.380","0.42%"
"2025-08-15","2.384","2.346","2.384","2.371","0.25%"
"2025-08-14","2.378","2.299","2.378","2.329","2.19%"
"2025-08-13","2.327","2.313","2.343","2.327","-0.73%"
"2025-08-12","2.344","2.293","2.346","2.323","0.99%"
"2025-08-11","2.321","2.291","2.321","2.321","0.00%"
"2025-08-08","2.321","2.281","2.321","2.310","0.48%"
"2025-08-07","2.310","2.281","2.320","2.306","0.04%"
"2025-08-06","2.309","2.269","2.315","2.299","0.48%"
"2025-08-05","2.298","2.285","2.315","2.285","-0.78%"
"2025-08-04","2.316","2.268","2.335","2.298","0.78%"
"2025-08-01","2.298","2.308","2.354","2.289","-1.75%"
"2025-07-31","2.339","2.318","2.348","2.329","-0.43%"
"2025-07-30","2.349","2.295","2.349","2.325","1.08%"
"2025-07-29","2.324","2.291","2.339","2.321","1.48%"
"2025-07-28","2.290","2.316","2.290","2.285","0.93%"
"2025-07-11","2.269","2.264","2.270","2.269","0.11%"
"2025-07-10","2.266","2.270","2.270","2.261","-0.22%"
"2025-07-09","2.271","2.264","2.273","2.249","0.28%"
"2025-07-08","2.265","2.254","2.265","2.254","2.95%"
"2025-07-07","2.200","2.154","2.201","2.154","2.15%"
"2025-07-04","2.154","2.170","2.170","2.152","-0.86%"
"2025-07-03","2.172","2.139","2.174","2.142","1.64%"
"2025-07-02","2.138","2.128","2.138","2.126","0.53%"
"2025-07-01","2.126","2.126","2.126","2.116","-0.06%"
"2025-06-30","2.128","2.126","2.138","2.126","0.06%"
"2025-06-27","2.126","2.110","2.126","2.108","0.71%"
"2025-06-26","2.111","2.094","2.111","2.094","0.90%"
"2025-06-25","2.092","2.105","2.105","2.079","-0.66%"
"2025-06-24","2.106","2.101","2.109","2.098","0.18%"
"2025-06-23","2.102","2.081","2.109","2.081","1.02%"
"2025-06-20","2.081","2.102","2.121","2.068","-0.95%"
"2025-06-19","2.101","2.101","2.118","2.101","-0.06%"
"2025-06-18","2.102","2.114","2.135","2.102","-0.47%"
"2025-06-17","2.112","2.102","2.135","2.102","0.60%"
"2025-06-16","2.100","2.116","2.125","2.100","-0.77%"
"2025-06-13","2.116","2.116","2.116","2.084","-0.35%"
"2025-06-12","2.124","2.138","2.155","2.124","-0.59%"
"2025-06-11","2.136","2.145","2.151","2.136","-0.47%"
"2025-06-10","2.146","2.092","2.151","2.092","2.63%"
"2025-06-09","2.091","2.088","2.128","2.088","0.18%"
"2025-06-06","2.088","2.101","2.101","2.071","-0.71%"
"2025-06-05","2.102","2.144","2.142","2.094","-1.98%"
"2025-06-04","2.145","2.114","2.152","2.114","1.54%"
"2025-06-03","2.112","2.108","2.112","2.105","0.29%"
"2025-06-02","2.106","2.104","2.109","2.099","0.12%"
"2025-05-30","2.104","2.090","2.108","2.090","0.71%"
"2025-05-29","2.089","2.079","2.120","2.082","0.42%"
"2025-05-28","2.080","2.046","2.100","2.047","1.71%"
"2025-05-27","2.045","2.144","2.144","2.009","-4.66%"
"2025-05-26","2.145","2.145","2.145","2.145","0.00%"
"2025-05-23","2.145","2.240","2.967","2.144","-4.30%"
"2025-05-22","2.241","2.191","2.250","2.191","2.34%"
"2025-05-21","2.190","2.149","2.190","2.149","1.86%"
"2025-05-20","2.150","2.074","2.160","2.075","3.74%"
"2025-05-19","2.072","2.061","2.082","2.060","0.55%"
"2025-05-16","2.061","2.086","2.086","2.036","-1.26%"
"2025-05-15","2.088","2.094","2.100","2.085","-0.36%"
"2025-05-14","2.095","2.046","2.095","2.046","2.44%"
"2025-05-13","2.045","2.053","2.053","2.031","-0.31%"
"2025-05-12","2.051","2.000","2.086","2.000","2.57%"
"2025-05-09","2.000","1.949","2.006","1.949","2.70%"
"2025-05-08","1.947","1.926","1.957","1.926","1.17%"
"2025-05-07","1.925","1.871","1.930","1.871","2.94%"
"2025-05-05","1.870","1.870","1.870","1.870","0.00%"
"2025-05-02","1.870","1.841","1.870","1.841","1.49%"
"2025-05-01","1.842","1.849","1.864","1.831","-0.27%"
"2025-04-30","1.847","1.881","1.881","1.847","-1.86%"
"2025-04-28","1.883","1.910","1.910","1.874","-1.44%"
"2025-04-25","1.910","1.879","1.911","1.880","1.80%"
"2025-04-24","1.876","1.884","1.881","1.861","-0.46%"
"2025-04-23","1.885","1.860","1.888","1.844","1.27%"
"2025-04-22","1.861","1.836","1.872","1.836","1.43%"
"2025-04-21","1.835","1.835","1.835","1.835","0.00%"
"2025-04-17","1.835","1.827","1.841","1.817","0.34%"
"2025-04-16","1.829","1.941","1.940","1.810","-5.80%"
"2025-04-15","1.941","2.001","2.007","1.919","-3.12%"
"2025-04-14","2.004","1.939","2.011","1.939","3.56%"
"2025-04-11","1.935","1.844","1.985","1.844","5.02%"
"2025-04-10","1.842","1.788","1.908","1.788","3.15%"
"2025-04-09","1.786","1.692","1.826","1.692","5.39%"
"2025-04-08","1.695","1.569","1.727","1.569","7.87%"
"2025-04-07","1.571","1.607","1.607","1.520","-2.10%"
"2025-04-04","1.605","1.610","1.671","1.563","-9.58%"
"2025-04-03","1.775","1.904","1.904","1.768","-6.82%"
"2025-04-02","1.905","1.939","1.939","1.895","-1.80%"
"2025-04-01","1.940","1.945","1.954","1.933","-0.13%"
"2025-03-31","1.942","1.972","1.972","1.933","-1.52%"
"2025-03-28","1.972","2.007","2.007","1.967","-1.87%"
"2025-03-27","2.010","2.035","2.034","1.999","-1.29%"
"2025-03-26","2.036","2.033","2.037","2.024","0.12%"
"2025-03-25","2.034","2.027","2.043","2.027","0.37%"
"2025-03-24","2.026","1.990","2.026","1.990","1.82%"
"2025-03-21","1.990","2.030","2.031","1.990","-1.91%"
"2025-03-19","2.029","2.006","2.030","2.003","1.06%"
"2025-03-18","2.007","1.986","2.009","1.986","1.13%"
"2025-03-17","1.985","1.971","1.985","1.971","0.69%"
"2025-03-14","1.971","1.985","1.985","1.961","-0.76%"
"2025-03-13","1.986","1.975","2.003","1.975","0.76%"
"2025-03-12","1.971","1.984","1.984","1.959","-0.88%"
"2025-03-11","1.989","1.992","1.992","1.970","-0.25%"
"2025-03-10","1.994","1.956","2.011","1.956","1.92%"
"2025-03-07","1.956","1.975","1.975","1.955","-1.07%"
"2025-03-06","1.977","1.952","1.999","1.952","1.34%"
"2025-03-05","1.951","1.881","1.951","1.881","3.79%"
"2025-03-04","1.880","1.906","1.906","1.880","-1.44%"
"2025-03-03","1.908","1.878","1.921","1.878","1.60%"
"2025-02-28","1.878","1.890","1.890","1.867","-0.73%"
"2025-02-27","1.891","1.861","1.903","1.861","1.68%"
"2025-02-26","1.860","1.841","1.869","1.841","1.09%"
"2025-02-25","1.840","1.876","1.876","1.840","-2.00%"
"2025-02-24","1.878","1.878","1.878","1.878","0.00%"
"2025-02-21","1.878","1.914","1.914","1.878","-1.96%"
"2025-02-20","1.915","1.935","1.935","1.896","-1.10%"
"2025-02-19","1.936","1.935","1.946","1.923","0.00%"
"2025-02-18","1.936","1.910","1.941","1.910","1.44%"
"2025-02-17","1.909","1.894","1.909","1.894","0.79%"
"2025-02-14","1.894","1.865","1.894","1.865","1.61%"
"2025-02-13","1.864","1.878","1.878","1.864","-0.80%"
"2025-02-12","1.879","1.827","1.879","1.832","2.95%"
"2025-02-11","1.825","1.825","1.825","1.825","0.00%"
"2025-02-10","1.825","1.841","1.841","1.825","-0.89%"
"2025-02-07","1.841","1.822","1.841","1.819","1.10%"
"2025-02-06","1.821","1.837","1.822","1.809","-0.95%"
"2025-02-05","1.839","1.837","1.841","1.831","0.14%"
"2025-02-04","1.836","1.801","1.847","1.805","2.08%"
"2025-02-03","1.799","1.799","1.803","1.793","0.00%"
"2025-01-31","1.799","1.783","1.800","1.793","1.06%"
"2025-01-30","1.780","1.771","1.789","1.771","0.56%"
"2025-01-29","1.770","1.785","1.785","1.761","-0.98%"
"2025-01-28","1.788","1.780","1.793","1.779","0.49%"
"2025-01-27","1.779","1.810","1.810","1.760","-1.72%"
"2025-01-24","1.810","1.805","1.820","1.801","0.20%"
"2025-01-23","1.806","1.788","1.806","1.788","1.12%"
"2025-01-22","1.786","1.805","1.805","1.783","-0.97%"
"2025-01-21","1.804","1.804","1.810","1.803","-0.07%"
"2025-01-20","1.805","1.826","1.826","1.805","-1.17%"
"2025-01-17","1.826","1.852","1.851","1.825","-1.48%"
"2025-01-16","1.854","1.870","1.870","1.845","-0.94%"
"2025-01-15","1.871","1.888","1.900","1.869","-0.80%"
"2025-01-14","1.886","1.889","1.889","1.879","-0.06%"
"2025-01-13","1.888","1.888","1.888","1.888","0.00%"
"2025-01-10","1.888","1.845","1.888","1.846","2.44%"
"2025-01-09","1.842","1.869","1.869","1.842","-1.54%"
"2025-01-08","1.871","1.844","1.876","1.845","1.56%"
"2025-01-07","1.842","1.835","1.842","1.834","0.34%"
"2025-01-06","1.836","1.796","1.845","1.798","2.23%"
"2025-01-03","1.796","1.796","1.796","1.796","0.00%"
"2025-01-02","1.796","1.796","1.796","1.796","0.00%"
"2025-01-01","1.796","1.796","1.796","1.796","0.00%"
"2024-12-31","1.796","1.796","1.796","1.796","0.00%"
"2024-12-30","1.796","1.819","1.820","1.795","-1.24%"
"2024-12-27","1.819","1.765","1.819","1.771","2.97%"
"2024-12-26","1.766","1.766","1.766","1.766","0.00%"
"2024-12-25","1.766","1.766","1.766","1.766","0.00%"
"2024-12-24","1.766","1.764","1.769","1.765","0.28%"
"2024-12-23","1.761","1.740","1.761","1.741","1.22%"
"2024-12-20","1.740","1.756","1.755","1.740","-1.14%"
"2024-12-19","1.760","1.754","1.760","1.730","0.28%"
"2024-12-18","1.755","1.760","1.760","1.751","-0.36%"
"2024-12-17","1.761","1.761","1.773","1.761","0.07%"
"2024-12-16","1.760","1.737","1.761","1.739","1.29%"
"2024-12-13","1.737","1.724","1.737","1.724","0.87%"
"2024-12-12","1.722","1.745","1.744","1.720","-1.36%"
"2024-12-11","1.746","1.758","1.758","1.746","-0.71%"
"2024-12-10","1.759","1.751","1.759","1.749","0.36%"
"2024-12-09","1.753","1.744","1.753","1.737","0.50%"
"2024-12-06","1.744","1.781","1.781","1.742","-2.38%"
"2024-12-05","1.786","1.768","1.788","1.768","1.13%"
"2024-12-04","1.766","1.761","1.773","1.761","0.22%"
"2024-12-03","1.763","1.778","1.778","1.756","-0.92%"
"2024-12-02","1.779","1.755","1.783","1.756","1.36%"
"2024-11-29","1.755","1.763","1.761","1.753","-0.50%"
"2024-11-28","1.764","1.769","1.773","1.764","-0.35%"
"2024-11-27","1.770","1.776","1.788","1.770","-0.21%"
"2024-11-26","1.774","1.764","1.775","1.764","0.64%"
"2024-11-25","1.763","1.765","1.773","1.763","-0.14%"
"2024-11-22","1.765","1.775","1.779","1.765","-0.64%"
"2024-11-21","1.776","1.780","1.783","1.773","-0.07%"
"2024-11-20","1.778","1.750","1.780","1.751","1.64%"
"2024-11-19","1.749","1.783","1.783","1.749","-1.96%"
"2024-11-18","1.784","1.784","1.786","1.776","0.00%"
"2024-11-15","1.784","1.773","1.784","1.774","0.71%"
"2024-11-14","1.771","1.750","1.774","1.750","1.36%"
"2024-11-13","1.747","1.735","1.755","1.735","0.79%"
"2024-11-12","1.734","1.720","1.735","1.722","0.87%"
"2024-11-11","1.719","1.702","1.719","1.702","0.96%"
"2024-11-08","1.702","1.700","1.715","1.700","0.22%"
"2024-11-07","1.699","1.701","1.711","1.699","0.00%"
"2024-11-06","1.699","1.661","1.699","1.661","2.49%"
"2024-11-05","1.658","1.669","1.669","1.650","-0.75%"
"2024-11-04","1.670","1.670","1.670","1.670","0.00%"
"2024-11-01","1.670","1.686","1.686","1.663","-1.04%"
"2024-10-31","1.688","1.690","1.692","1.678","-0.08%"
"2024-10-30","1.689","1.702","1.702","1.684","-0.95%"
"2024-10-29","1.705","1.689","1.707","1.689","1.04%"
"2024-10-28","1.688","1.638","1.688","1.683","3.05%"
"2024-10-25","1.638","1.651","1.651","1.633","-0.91%"
"2024-10-24","1.653","1.671","1.671","1.650","-1.20%"
"2024-10-23","1.673","1.659","1.674","1.659","0.90%"
"2024-10-22","1.658","1.666","1.669","1.654","-0.38%"
"2024-10-21","1.664","1.658","1.664","1.650","0.38%"
"2024-10-18","1.658","1.653","1.670","1.653","0.38%"
"2024-10-17","1.651","1.624","1.651","1.624","1.78%"
"2024-10-16","1.622","1.631","1.639","1.622","-0.46%"
"2024-10-15","1.630","1.621","1.640","1.622","0.62%"
"2024-10-14","1.620","1.620","1.620","1.620","0.00%"
"2024-10-11","1.620","1.616","1.620","1.616","0.23%"
"2024-10-10","1.616","1.581","1.628","1.581","2.30%"
"2024-10-09","1.580","1.577","1.582","1.577","0.23%"
"2024-10-08","1.576","1.574","1.579","1.566","0.08%"
"2024-10-07","1.575","1.556","1.582","1.561","1.20%"
"2024-10-04","1.556","1.530","1.556","1.524","1.80%"
"2024-10-03","1.529","1.524","1.529","1.520","0.25%"
"2024-10-02","1.525","1.534","1.533","1.516","-0.65%"
"2024-10-01","1.535","1.555","1.554","1.534","-1.37%"
"2024-09-30","1.556","1.560","1.560","1.549","-0.24%"
"2024-09-27","1.560","1.556","1.591","1.538","0.16%"
"2024-09-26","1.558","1.545","1.565","1.545","0.48%"
"2024-09-25","1.550","1.563","1.563","1.543","-0.88%"
"2024-09-24","1.564","1.559","1.571","1.559","0.24%"
"2024-09-23","1.560","1.560","1.560","1.560","0.00%"
"2024-09-20","1.560","1.567","1.572","1.553","-0.32%"
"2024-09-19","1.565","1.528","1.581","1.529","2.37%"
"2024-09-18","1.529","1.528","1.529","1.513","1.08%"
"2024-09-17","1.513","1.511","1.533","1.505","-1.39%"
"2024-09-16","1.534","1.534","1.534","1.534","0.00%"
"2024-09-13","1.534","1.534","1.534","1.521","0.08%"
"2024-09-12","1.533","1.506","1.534","1.508","1.32%"
"2024-09-11","1.513","1.506","1.521","1.504","-0.74%"
"2024-09-10","1.524","1.518","1.534","1.521","0.49%"
"2024-09-09","1.516","1.485","1.524","1.516","2.28%"
"2024-09-06","1.482","1.485","1.500","1.477","-1.25%"
"2024-09-05","1.501","1.509","1.509","1.495","-0.66%"
"2024-09-04","1.511","1.546","1.544","1.510","-2.34%"
"2024-09-03","1.548","1.563","1.565","1.548","-1.04%"
"2024-09-02","1.564","1.558","1.564","1.558","0.40%"
"2024-08-30","1.558","1.546","1.558","1.546","0.81%"
"2024-08-29","1.545","1.535","1.549","1.533","0.65%"
"2024-08-28","1.535","1.535","1.543","1.521","1.07%"
"2024-08-27","1.519","1.506","1.519","1.506","0.92%"
"2024-08-26","1.505","1.505","1.505","1.505","0.00%"
"2024-08-23","1.505","1.519","1.525","1.505","-0.82%"
"2024-08-22","1.518","1.505","1.518","1.503","0.91%"
"2024-08-21","1.504","1.505","1.521","1.504","-1.64%"
"2024-08-20","1.529","1.534","1.539","1.529","-0.40%"
"2024-08-19","1.535","1.484","1.538","1.484","3.46%"
"2024-08-16","1.484","1.487","1.492","1.477","-0.17%"
"2024-08-15","1.486","1.487","1.487","1.431","4.39%"
"2024-08-14","1.424","1.450","1.450","1.419","-1.98%"
"2024-08-13","1.452","1.462","1.469","1.452","-0.77%"
"2024-08-12","1.464","1.464","1.464","1.464","0.00%"
"2024-08-09","1.464","1.519","1.518","1.462","-3.54%"
"2024-08-08","1.518","1.519","1.567","1.485","-3.27%"
"2024-08-07","1.569","1.561","1.579","1.553","6.90%"
"2024-08-06","1.467","1.405","1.477","1.405","4.72%"
"2024-08-05","1.401","1.452","1.452","1.332","-3.52%"
"2024-08-02","1.452","1.553","1.555","1.451","-6.52%"
"2024-08-01","1.554","1.605","1.605","1.554","-3.27%"
"2024-07-31","1.606","1.584","1.622","1.585","1.50%"
"2024-07-30","1.582","1.577","1.582","1.569","0.39%"
"2024-07-29","1.576","1.596","1.596","1.572","-1.25%"
"2024-07-26","1.596","1.621","1.620","1.596","-1.61%"
"2024-07-25","1.622","1.645","1.645","1.607","-1.45%"
"2024-07-24","1.646","1.634","1.648","1.631","0.69%"
"2024-07-23","1.635","1.646","1.644","1.630","-0.76%"
"2024-07-22","1.648","1.630","1.649","1.630","1.07%"
"2024-07-19","1.630","1.630","1.630","1.630","-0.23%"
"2024-07-18","1.634","1.644","1.644","1.629","-0.53%"
"2024-07-17","1.643","1.639","1.646","1.629","0.15%"
"2024-07-16","1.640","1.660","1.651","1.630","-1.28%"
"2024-07-15","1.661","1.661","1.661","1.661","0.00%"
"2024-07-12","1.661","1.663","1.664","1.650","-0.15%"
"2024-07-11","1.664","1.694","1.692","1.663","-1.84%"
"2024-07-10","1.695","1.699","1.700","1.690","-0.15%"
"2024-07-09","1.697","1.694","1.697","1.688","0.15%"
"2024-07-08","1.695","1.689","1.700","1.689","0.37%"
"2024-07-05","1.689","1.697","1.697","1.684","-0.59%"
"2024-07-04","1.699","1.704","1.706","1.699","-0.22%"
"2024-07-03","1.702","1.725","1.724","1.702","-1.38%"
"2024-07-02","1.726","1.710","1.729","1.710","1.02%"
"2024-07-01","1.709","1.680","1.709","1.680","1.71%"
"2024-06-28","1.680","1.679","1.680","1.670","0.00%"
"2024-06-27","1.680","1.665","1.686","1.666","0.97%"
"2024-06-26","1.664","1.636","1.665","1.636","1.76%"
"2024-06-25","1.635","1.626","1.635","1.626","0.62%"
"2024-06-24","1.625","1.596","1.625","1.596","1.80%"
"2024-06-21","1.596","1.590","1.602","1.590","0.47%"
"2024-06-20","1.589","1.570","1.592","1.570","1.27%"
"2024-06-19","1.569","1.591","1.591","1.566","-1.49%"
"2024-06-18","1.592","1.579","1.592","1.579","0.95%"
"2024-06-17","1.577","1.575","1.577","1.566","0.16%"
"2024-06-14","1.575","1.638","1.636","1.575","-3.89%"
"2024-06-13","1.639","1.630","1.639","1.630","0.61%"
"2024-06-12","1.629","1.676","1.676","1.622","-2.90%"
"2024-06-11","1.678","1.688","1.691","1.678","-0.67%"
"2024-06-10","1.689","1.670","1.696","1.670","1.13%"
"2024-06-07","1.670","1.633","1.670","1.621","2.22%"
"2024-06-06","1.634","1.665","1.665","1.615","-2.10%"
"2024-06-05","1.669","1.674","1.688","1.669","-0.37%"
"2024-06-04","1.675","1.732","1.730","1.673","-3.39%"
"2024-06-03","1.734","1.732","1.744","1.732","-0.50%"
"2024-05-31","1.742","1.729","1.746","1.730","0.87%"
"2024-05-30","1.727","1.746","1.745","1.720","-1.14%"
"2024-05-29","1.747","1.746","1.750","1.714","2.12%"
"2024-05-28","1.711","1.702","1.716","1.704","0.59%"
"2024-05-27","1.701","1.702","1.701","1.701","-0.07%"
"2024-05-24","1.702","1.697","1.705","1.696","0.29%"
"2024-05-23","1.697","1.701","1.700","1.685","-0.15%"
"2024-05-22","1.700","1.701","1.706","1.666","2.10%"
"2024-05-21","1.665","1.684","1.684","1.665","-1.19%"
"2024-05-20","1.685","1.675","1.685","1.675","0.60%"
"2024-05-17","1.675","1.655","1.675","1.655","1.28%"
"2024-05-16","1.654","1.668","1.666","1.631","-0.90%"
"2024-05-15","1.669","1.679","1.680","1.669","-0.67%"
"2024-05-14","1.680","1.674","1.689","1.676","0.45%"
"2024-05-13","1.673","1.650","1.679","1.650","1.36%"
"2024-05-10","1.650","1.646","1.658","1.645","0.15%"
"2024-05-09","1.648","1.636","1.651","1.638","0.76%"
"2024-05-08","1.635","1.614","1.635","1.614","1.40%"
"2024-05-07","1.612","1.646","1.646","1.611","-2.12%"
"2024-05-06","1.648","1.648","1.648","1.648","0.00%"
"2024-05-02","1.648","1.629","1.649","1.629","1.23%"
"2024-05-01","1.628","1.638","1.641","1.628","-0.54%"
"2024-04-30","1.636","1.626","1.636","1.615","0.77%"
"2024-04-29","1.624","1.626","1.626","1.624","0.00%"
"2024-04-26","1.624","1.668","1.668","1.620","-2.70%"
"2024-04-25","1.669","1.651","1.669","1.641","0.91%"
"2024-04-24","1.654","1.640","1.654","1.633","0.92%"
"2024-04-23","1.639","1.622","1.656","1.625","1.08%"
"2024-04-22","1.621","1.595","1.635","1.595","1.65%"
"2024-04-19","1.595","1.616","1.616","1.580","-1.39%"
"2024-04-18","1.617","1.631","1.631","1.606","-0.92%"
"2024-04-17","1.633","1.646","1.650","1.633","-0.76%"
"2024-04-16","1.645","1.631","1.646","1.628","0.69%"
"2024-04-15","1.634","1.610","1.634","1.610","1.48%"
"2024-04-12","1.610","1.633","1.633","1.609","-1.46%"
"2024-04-11","1.634","1.556","1.645","1.556","5.41%"
"2024-04-10","1.550","1.531","1.550","1.534","1.14%"
"2024-04-09","1.533","1.531","1.539","1.526","0.49%"
"2024-04-08","1.525","1.499","1.526","1.499","1.75%"
"2024-04-05","1.499","1.505","1.505","1.494","-0.33%"
"2024-04-04","1.504","1.509","1.513","1.504","-0.17%"
"2024-04-03","1.506","1.503","1.506","1.495","0.17%"
"2024-04-02","1.504","1.447","1.510","1.447","3.98%"
"2024-04-01","1.446","1.446","1.446","1.446","0.00%"
"2024-03-29","1.446","1.446","1.446","1.446","-0.08%"
"2024-03-28","1.447","1.454","1.454","1.442","-0.60%"
"2024-03-27","1.456","1.475","1.475","1.456","-1.18%"
"2024-03-26","1.474","1.485","1.485","1.469","-0.67%"
"2024-03-25","1.484","1.465","1.484","1.465","1.28%"
"2024-03-22","1.465","1.476","1.479","1.462","-0.59%"
"2024-03-21","1.474","1.456","1.474","1.456","1.29%"
"2024-03-20","1.455","1.455","1.455","1.455","0.00%"
"2024-03-19","1.455","1.460","1.464","1.447","-0.43%"
"2024-03-18","1.461","1.499","1.499","1.454","-2.50%"
"2024-03-17","1.499","1.499","1.499","1.499","0.00%"
"2024-03-15","1.499","1.511","1.511","1.491","-0.91%"
"2024-03-14","1.513","1.482","1.514","1.482","2.11%"
"2024-03-13","1.481","1.482","1.482","1.462","-0.16%"
"2024-03-12","1.484","1.486","1.487","1.480","-0.26%"
"2024-03-11","1.487","1.470","1.491","1.470","1.19%"
"2024-03-10","1.470","1.470","1.470","1.470","0.00%"
"2024-03-09","1.470","1.470","1.470","1.470","0.00%"
"2024-03-08","1.470","1.455","1.470","1.447","0.86%"
"2024-03-07","1.457","1.424","1.457","1.424","2.46%"
"2024-03-06","1.423","1.425","1.428","1.420","-0.27%"
"2024-03-05","1.426","1.462","1.462","1.426","-2.56%"
"2024-03-04","1.464","1.450","1.465","1.450","0.95%"
"2024-03-03","1.450","1.450","1.450","1.450","-0.17%"
"2024-03-01","1.452","1.450","1.457","1.450","-0.51%"
"2024-02-29","1.460","1.457","1.476","1.457","0.25%"
"2024-02-28","1.456","1.445","1.459","1.445","0.87%"
"2024-02-27","1.444","1.436","1.444","1.436","0.61%"
"2024-02-26","1.435","1.476","1.476","1.430","-2.80%"
"2024-02-25","1.476","1.476","1.476","1.476","0.00%"
"2024-02-23","1.476","1.476","1.476","1.476","0.00%"
"2024-02-22","1.476","1.480","1.479","1.474","-0.34%"
"2024-02-21","1.481","1.487","1.487","1.479","-0.50%"
"2024-02-20","1.489","1.518","1.518","1.489","-1.98%"
"2024-02-19","1.519","1.530","1.530","1.519","-0.73%"
"2024-02-18","1.530","1.530","1.530","1.530","0.00%"
"2024-02-16","1.530","1.530","1.538","1.524","0.08%"
"2024-02-15","1.529","1.544","1.543","1.524","-1.05%"
"2024-02-14","1.545","1.559","1.559","1.540","-1.04%"
"2024-02-13","1.561","1.529","1.563","1.519","2.21%"
"2024-02-12","1.528","1.528","1.528","1.528","0.00%"
"2024-02-11","1.528","1.528","1.528","1.528","0.00%"
"2024-02-09","1.528","1.519","1.529","1.519","0.74%"
"2024-02-08","1.516","1.516","1.516","1.504","-0.08%"
"2024-02-07","1.518","1.520","1.526","1.510","-0.25%"
"2024-02-06","1.521","1.544","1.544","1.519","-1.53%"
"2024-02-05","1.545","1.525","1.545","1.523","1.31%"
"2024-02-04","1.525","1.525","1.525","1.525","0.00%"
"2024-02-03","1.525","1.525","1.525","1.525","0.00%"
"2024-02-02","1.525","1.497","1.525","1.474","1.75%"
"2024-02-01","1.499","1.544","1.544","1.497","-2.99%"
"2024-01-31","1.545","1.550","1.558","1.545","-0.16%"
"2024-01-30","1.548","1.554","1.554","1.540","-0.48%"
"2024-01-29","1.555","1.541","1.564","1.541","0.89%"
"2024-01-28","1.541","1.541","1.541","1.541","0.00%"
"2024-01-27","1.541","1.541","1.541","1.541","0.00%"
"2024-01-26","1.541","1.571","1.571","1.536","-1.98%"
"2024-01-25","1.572","1.529","1.577","1.529","2.95%"
"2024-01-24","1.528","1.487","1.528","1.489","2.77%"
"2024-01-23","1.486","1.476","1.503","1.459","0.60%"
"2024-01-22","1.477","1.494","1.494","1.477","-1.09%"
"2024-01-21","1.494","1.494","1.494","1.494","0.00%"
"2024-01-20","1.494","1.494","1.494","1.494","0.00%"
"2024-01-19","1.494","1.440","1.496","1.441","3.82%"
"2024-01-18","1.439","1.374","1.449","1.374","5.02%"
"2024-01-17","1.370","1.351","1.370","1.352","1.48%"
"2024-01-16","1.350","1.324","1.351","1.324","2.08%"
"2024-01-15","1.322","1.347","1.347","1.322","-1.86%"
"2024-01-14","1.347","1.347","1.347","1.347","0.00%"
"2024-01-12","1.347","1.370","1.370","1.347","-1.56%"
"2024-01-11","1.369","1.383","1.383","1.361","-1.17%"
"2024-01-10","1.385","1.391","1.391","1.381","-0.54%"
"2024-01-09","1.393","1.400","1.401","1.393","-0.63%"
"2024-01-08","1.401","1.401","1.401","1.401","0.00%"
"2024-01-05","1.401","1.401","1.401","1.401","-1.40%"
"2024-01-04","1.421","1.421","1.421","1.421","-0.71%"
"2024-01-03","1.431","1.431","1.431","1.431","0.00%"
"2024-01-02","1.431","1.431","1.431","1.431","0.00%"
"2024-01-01","1.431","1.431","1.431","1.431","0.00%"
"2023-12-31","1.431","1.431","1.431","1.431","0.00%"
"2023-12-29","1.431","1.395","1.433","1.395","2.79%"
"2023-12-28","1.393","1.384","1.393","1.383","0.72%"
"2023-12-27","1.383","1.384","1.394","1.383","-0.18%"
"2023-12-26","1.385","1.385","1.385","1.385","0.00%"
"2023-12-25","1.385","1.385","1.385","1.385","0.00%"
"2023-12-24","1.385","1.385","1.385","1.385","0.00%"
"2023-12-22","1.385","1.356","1.389","1.356","2.21%"
"2023-12-21","1.355","1.324","1.355","1.331","2.65%"
"2023-12-20","1.320","1.346","1.346","1.308","-2.04%"
"2023-12-19","1.347","1.379","1.379","1.347","-6.51%"
"2023-12-18","1.441","1.449","1.449","1.431","-0.52%"
"2023-12-17","1.449","1.449","1.449","1.449","0.00%"
"2023-12-15","1.449","1.442","1.465","1.442","0.52%"
"2023-12-14","1.441","1.479","1.479","1.420","-2.61%"
"2023-12-13","1.480","1.535","1.535","1.469","-3.66%"
"2023-12-12","1.536","1.581","1.581","1.501","-2.93%"
"2023-12-11","1.582","1.615","1.615","1.575","-2.01%"
"2023-12-10","1.615","1.615","1.615","1.615","0.00%"
"2023-12-08","1.615","1.551","1.616","1.551","4.19%"
"2023-12-07","1.550","1.570","1.570","1.545","7.73%"
"2023-12-06","1.439","1.485","1.485","1.439","-3.36%"
"2023-12-05","1.489","1.538","1.538","1.489","-3.25%"
"2023-12-04","1.539","1.528","1.539","1.523","0.74%"
"2023-12-03","1.528","1.528","1.528","1.528","0.00%"
"2023-12-01","1.528","1.530","1.541","1.526","-0.09%"
"2023-11-30","1.529","1.481","1.529","1.467","3.12%"
"2023-11-29","1.482","1.572","1.572","1.479","-6.10%"
"2023-11-28","1.579","1.576","1.581","1.570","0.24%"
"2023-11-27","1.575","1.581","1.587","1.575","-0.40%"
"2023-11-26","1.581","1.581","1.581","1.581","0.00%"
"2023-11-24","1.581","1.548","1.590","1.548","2.68%"
"2023-11-23","1.540","1.540","1.540","1.540","0.00%"
"2023-11-22","1.540","1.484","1.541","1.484","4.05%"
"2023-11-21","1.480","1.533","1.533","1.477","-4.05%"
"2023-11-20","1.543","1.538","1.549","1.538","0.33%"
"2023-11-19","1.538","1.538","1.538","1.538","0.00%"
"2023-11-18","1.538","1.538","1.538","1.538","0.00%"
"2023-11-17","1.538","1.571","1.571","1.531","-2.46%"
"2023-11-16","1.576","1.587","1.596","1.576","-0.79%"
"2023-11-15","1.589","1.606","1.606","1.584","-1.24%"
"2023-11-14","1.609","1.674","1.674","1.609","-4.10%"
"2023-11-13","1.678","1.636","1.679","1.636","2.52%"
"2023-11-12","1.636","1.636","1.636","1.636","0.00%"
"2023-11-11","1.636","1.636","1.636","1.636","0.00%"
"2023-11-10","1.636","1.610","1.644","1.612","1.72%"
"2023-11-09","1.609","1.641","1.641","1.604","-2.06%"
"2023-11-08","1.643","1.685","1.685","1.643","-2.60%"
"2023-11-07","1.686","1.674","1.696","1.668","-0.66%"
"2023-11-06","1.697","1.674","1.736","1.668","0.81%"
"2023-11-05","1.684","1.736","1.736","1.684","-3.02%"
"2023-11-04","1.736","1.724","1.736","1.724","0.73%"
"2023-11-03","1.724","1.724","1.724","1.724","-0.72%"
"2023-11-02","1.736","1.775","1.781","1.722","-2.66%"
"2023-11-01","1.784","1.775","1.801","1.751","0.64%"
"2023-10-31","1.773","1.752","1.805","1.717","1.83%"
"2023-10-30","1.741","1.741","1.806","1.727","-0.25%"
"2023-10-29","1.745","1.745","1.745","1.745","1.05%"
"2023-10-28","1.727","1.727","1.727","1.727","-1.04%"
"2023-10-27","1.745","1.726","1.747","1.709","1.16%"
"2023-10-26","1.725","1.726","1.737","1.709","-0.14%"
"2023-10-25","1.727","1.702","1.740","1.694","-0.79%"
"2023-10-24","1.741","1.721","1.750","1.701","-0.57%"
"2023-10-23","1.751","1.737","1.759","1.702","2.60%"
"2023-10-22","1.707","1.706","1.707","1.690","0.04%"
"2023-10-20","1.706","1.696","1.720","1.685","-0.58%"
"2023-10-19","1.716","1.696","1.717","1.648","2.93%"
"2023-10-18","1.668","1.651","1.675","1.645","-0.38%"
"2023-10-17","1.674","1.638","1.674","1.580","4.70%"
"2023-10-16","1.599","1.574","1.599","1.554","2.81%"
"2023-10-15","1.555","1.570","1.570","1.554","-0.72%"
"2023-10-14","1.566","1.566","1.566","1.566","-0.24%"
"2023-10-13","1.570","1.577","1.585","1.562","-0.08%"
"2023-10-12","1.571","1.551","1.577","1.537","-0.48%"
"2023-10-11","1.579","1.619","1.643","1.549","-3.95%"
"2023-10-10","1.644","1.614","1.663","1.590","-1.20%"
"2023-10-09","1.664","1.664","1.664","1.614","0.00%"
"2023-10-08","1.664","1.664","1.664","1.664","1.26%"
"2023-10-07","1.643","1.643","1.643","1.643","-1.24%"
"2023-10-06","1.664","1.644","1.666","1.636","-0.22%"
"2023-10-05","1.668","1.612","1.676","1.609","2.50%"
"2023-10-04","1.627","1.584","1.663","1.584","3.50%"
"2023-10-03","1.572","1.567","1.600","1.553","-0.98%"
"2023-10-02","1.587","1.541","1.587","1.541","3.08%"
"2023-10-01","1.540","1.544","1.544","1.530","-0.25%"
"2023-09-30","1.544","1.544","1.544","1.544","0.00%"
"2023-09-29","1.544","1.509","1.551","1.509","1.81%"
"2023-09-28","1.516","1.504","1.550","1.504","0.33%"
"2023-09-27","1.511","1.477","1.514","1.474","1.09%"
"2023-09-26","1.495","1.486","1.503","1.477","-0.42%"
"2023-09-25","1.501","1.471","1.501","1.467","2.09%"
"2023-09-24","1.471","1.485","1.485","1.471","0.04%"
"2023-09-23","1.470","1.470","1.470","1.470","-1.01%"
"2023-09-22","1.485","1.476","1.583","1.461","-1.16%"
"2023-09-21","1.503","1.489","1.504","1.467","1.43%"
"2023-09-20","1.481","1.476","1.499","1.474","-1.08%"
"2023-09-19","1.497","1.465","1.497","1.465","1.18%"
"2023-09-18","1.480","1.464","1.480","1.464","0.00%"
"2023-09-17","1.480","1.480","1.480","1.480","0.00%"
"2023-09-15","1.480","1.476","1.491","1.441","-1.00%"
"2023-09-14","1.495","1.456","1.497","1.439","2.05%"
"2023-09-13","1.465","1.486","1.501","1.457","-2.50%"
"2023-09-12","1.503","1.489","1.510","1.481","0.58%"
"2023-09-11","1.494","1.484","1.505","1.444","0.50%"
"2023-09-10","1.486","1.444","1.486","1.439","2.94%"
"2023-09-08","1.444","1.423","1.449","1.415","1.28%"
"2023-09-07","1.426","1.426","1.446","1.409","-0.92%"
"2023-09-06","1.439","1.440","1.446","1.416","-0.60%"
"2023-09-05","1.447","1.423","1.447","1.423","1.31%"
"2023-09-04","1.429","1.411","1.430","1.409","1.20%"
"2023-09-03","1.412","1.415","1.415","1.393","-0.22%"
"2023-09-01","1.415","1.411","1.431","1.393","-1.22%"
"2023-08-31","1.433","1.422","1.446","1.413","0.61%"
"2023-08-30","1.424","1.409","1.441","1.409","0.62%"
"2023-08-29","1.415","1.399","1.442","1.398","-0.04%"
"2023-08-28","1.416","1.421","1.438","1.400","-0.31%"
"2023-08-27","1.420","1.438","1.438","1.418","-1.22%"
"2023-08-25","1.438","1.418","1.450","1.410","-1.03%"
"2023-08-24","1.452","1.420","1.452","1.401","1.62%"
"2023-08-23","1.429","1.424","1.464","1.421","-1.42%"
"2023-08-22","1.450","1.434","1.460","1.424","-0.17%"
"2023-08-21","1.452","1.396","1.454","1.396","4.17%"
"2023-08-20","1.394","1.411","1.411","1.391","-1.19%"
"2023-08-18","1.411","1.416","1.450","1.388","-0.62%"
"2023-08-17","1.420","1.364","1.456","1.349","4.56%"
"2023-08-16","1.358","1.370","1.398","1.358","-2.91%"
"2023-08-15","1.399","1.354","1.404","1.344","3.81%"
"2023-08-14","1.347","1.341","1.380","1.337","0.51%"
"2023-08-13","1.341","1.337","1.341","1.310","0.23%"
"2023-08-11","1.337","1.337","1.337","1.337","0.00%"
"2023-08-10","1.337","1.298","1.337","1.296","2.19%"
"2023-08-09","1.309","1.312","1.342","1.274","-0.99%"
"2023-08-08","1.322","1.381","1.395","1.312","-5.41%"
"2023-08-07","1.398","1.357","1.400","1.354","3.04%"
"2023-08-06","1.356","1.378","1.391","1.356","-1.58%"
"2023-08-05","1.378","1.378","1.378","1.378","-0.95%"
"2023-08-04","1.391","1.362","1.419","1.362","-0.18%"
"2023-08-03","1.394","1.342","1.395","1.331","2.01%"
"2023-08-02","1.366","1.316","1.370","1.311","1.77%"
"2023-08-01","1.342","1.288","1.342","1.280","4.52%"
"2023-07-31","1.284","1.237","1.316","1.237","3.95%"
"2023-07-30","1.236","1.237","1.237","1.216","-0.15%"
"2023-07-29","1.237","1.237","1.237","1.237","0.00%"
"2023-07-28","1.237","1.189","1.245","1.143","10.49%"
"2023-07-27","1.120","1.117","1.188","1.091","0.90%"
"2023-07-26","1.110","1.124","1.143","1.103","-2.96%"
"2023-07-25","1.144","1.113","1.144","1.111","1.90%"
"2023-07-24","1.122","1.106","1.136","1.105","1.53%"
"2023-07-23","1.106","1.111","1.111","1.076","-0.51%"
"2023-07-21","1.111","1.186","1.190","1.065","-6.91%"
"2023-07-20","1.194","1.161","1.194","1.149","0.21%"
"2023-07-19","1.191","1.174","1.197","1.162","-0.63%"
"2023-07-18","1.199","1.180","1.225","1.172","0.21%"
"2023-07-17","1.196","1.196","1.196","1.179","0.00%"
"2023-07-16","1.196","1.196","1.196","1.196","0.00%"
"2023-07-14","1.196","1.169","1.211","1.153","2.03%"
"2023-07-13","1.173","1.149","1.173","1.133","0.43%"
"2023-07-12","1.168","1.125","1.189","1.120","2.19%"
"2023-07-11","1.143","1.134","1.150","1.121","-0.44%"
"2023-07-10","1.148","1.114","1.158","1.105","3.15%"
"2023-07-09","1.112","1.090","1.112","1.090","0.68%"
"2023-07-08","1.105","1.105","1.105","1.105","0.00%"
"2023-07-07","1.105","1.062","1.109","1.059","4.25%"
"2023-07-06","1.060","1.036","1.061","1.028","3.41%"
"2023-07-05","1.025","1.042","1.049","1.025","-2.50%"
"2023-07-04","1.051","1.048","1.061","1.031","-0.82%"
"2023-07-03","1.060","1.047","1.064","1.038","1.14%"
"2023-07-02","1.048","1.056","1.056","1.048","-0.42%"
"2023-07-01","1.053","1.053","1.053","1.053","-0.36%"
"2023-06-30","1.056","1.029","1.066","1.029","0.84%"
"2023-06-29","1.048","1.021","1.048","1.011","0.72%"
"2023-06-28","1.040","1.030","1.044","1.020","0.84%"
"2023-06-27","1.031","0.995","1.031","0.995","3.59%"
"2023-06-26","0.996","1.018","1.026","0.991","-2.99%"
"2023-06-25","1.026","1.026","1.026","1.026","0.00%"
"2023-06-23","1.026","1.030","1.034","1.013","-0.84%"
"2023-06-22","1.035","1.023","1.035","1.013","0.36%"
"2023-06-21","1.031","1.014","1.031","1.006","0.24%"
"2023-06-20","1.029","1.040","1.053","1.013","-2.37%"
"2023-06-19","1.054","1.047","1.059","1.036","0.60%"
"2023-06-18","1.048","1.059","1.059","1.048","0.00%"
"2023-06-17","1.048","1.048","1.048","1.048","-1.07%"
"2023-06-16","1.059","1.067","1.083","1.035","-1.17%"
"2023-06-15","1.071","1.059","1.077","1.051","0.83%"
"2023-06-14","1.063","1.066","1.074","1.058","-0.47%"
"2023-06-13","1.067","1.065","1.075","1.046","0.11%"
"2023-06-12","1.066","1.060","1.079","1.049","0.54%"
"2023-06-11","1.061","1.062","1.072","1.061","-1.11%"
"2023-06-09","1.072","1.063","1.082","1.061","-0.35%"
"2023-06-08","1.076","1.064","1.082","1.053","2.14%"
"2023-06-07","1.054","1.052","1.067","1.044","-1.40%"
"2023-06-06","1.069","1.076","1.084","1.051","-1.49%"
"2023-06-05","1.085","1.081","1.090","1.078","0.52%"
"2023-06-04","1.079","1.066","1.081","1.066","-0.18%"
"2023-06-02","1.081","1.059","1.081","1.059","1.11%"
"2023-06-01","1.069","1.076","1.094","1.061","-1.89%"
"2023-05-31","1.090","1.063","1.090","1.052","0.46%"
"2023-05-30","1.085","1.073","1.091","1.063","-0.06%"
"2023-05-29","1.086","1.080","1.087","1.072","0.57%"
"2023-05-28","1.079","1.084","1.084","1.075","-0.41%"
"2023-05-26","1.084","1.111","1.142","1.073","-2.58%"
"2023-05-25","1.112","1.057","1.112","1.056","5.32%"
"2023-05-24","1.056","1.040","1.072","1.040","-0.35%"
"2023-05-23","1.060","1.027","1.060","1.018","2.42%"
"2023-05-22","1.035","1.029","1.039","1.011","0.49%"
"2023-05-21","1.030","1.039","1.039","1.030","-1.20%"
"2023-05-19","1.043","1.043","1.045","1.028","-0.35%"
"2023-05-18","1.046","1.013","1.046","1.013","4.10%"
"2023-05-17","1.005","1.053","1.058","0.993","-5.19%"
"2023-05-16","1.060","1.054","1.061","1.042","-0.12%"
"2023-05-15","1.061","1.038","1.061","1.038","2.29%"
"2023-05-14","1.038","1.039","1.039","1.030","-0.13%"
"2023-05-13","1.039","1.039","1.039","1.039","0.00%"
"2023-05-12","1.039","1.013","1.039","0.981","2.21%"
"2023-05-11","1.016","1.047","1.055","1.009","-4.01%"
"2023-05-10","1.059","1.069","1.079","1.048","-1.22%"
"2023-05-09","1.072","1.073","1.081","1.070","0.41%"
"2023-05-08","1.067","1.063","1.072","1.056","0.29%"
"2023-05-07","1.064","1.071","1.071","1.059","-0.58%"
"2023-05-06","1.071","1.071","1.071","1.071","1.11%"
"2023-05-05","1.059","1.059","1.059","1.059","0.00%"
"2023-05-04","1.059","1.059","1.059","1.059","0.00%"
"2023-05-03","1.059","1.059","1.059","1.059","-0.11%"
"2023-05-02","1.060","1.071","1.087","1.038","-0.36%"
"2023-05-01","1.064","1.038","1.070","1.035","2.66%"
"2023-04-30","1.036","1.026","1.036","1.026","0.12%"
"2023-04-29","1.035","1.035","1.035","1.035","0.00%"
"2023-04-28","1.035","1.138","1.154","1.027","-7.49%"
"2023-04-27","1.119","1.104","1.138","1.099","1.59%"
"2023-04-26","1.101","1.099","1.117","1.094","-2.00%"
"2023-04-25","1.124","1.144","1.153","1.100","-2.49%"
"2023-04-24","1.153","1.144","1.158","1.121","0.76%"
"2023-04-23","1.144","1.145","1.145","1.141","-0.10%"
"2023-04-21","1.145","1.136","1.151","1.120","-0.11%"
"2023-04-20","1.146","1.112","1.149","1.102","0.55%"
"2023-04-19","1.140","1.129","1.146","1.113","-0.11%"
"2023-04-18","1.141","1.154","1.164","1.131","-2.03%"
"2023-04-17","1.165","1.129","1.169","1.129","3.27%"
"2023-04-16","1.128","1.133","1.133","1.113","-0.39%"
"2023-04-14","1.133","1.094","1.133","1.094","3.30%"
"2023-04-13","1.096","1.094","1.109","1.091","-0.68%"
"2023-04-12","1.104","1.128","1.128","1.093","-1.88%"
"2023-04-11","1.125","1.094","1.125","1.079","1.53%"
"2023-04-10","1.108","1.107","1.124","1.095","0.23%"
"2023-04-09","1.106","1.124","1.124","1.098","0.79%"
"2023-04-08","1.097","1.097","1.097","1.097","0.00%"
"2023-04-07","1.097","1.117","1.131","1.087","-2.39%"
"2023-04-06","1.124","1.136","1.139","1.115","-1.53%"
"2023-04-05","1.141","1.128","1.159","1.124","-0.05%"
"2023-04-04","1.142","1.092","1.154","1.092","3.11%"
"2023-04-03","1.107","1.084","1.117","1.084","2.19%"
"2023-04-02","1.084","1.085","1.085","1.082","0.23%"
"2023-04-01","1.081","1.081","1.081","1.081","-0.34%"
"2023-03-31","1.085","1.065","1.094","1.036","1.40%"
"2023-03-30","1.070","1.071","1.087","1.038","2.51%"
"2023-03-29","1.044","1.083","1.091","1.036","-4.46%"
"2023-03-28","1.092","1.162","1.162","1.079","-5.62%"
"2023-03-27","1.158","1.107","1.163","1.101","4.34%"
"2023-03-26","1.109","1.101","1.109","1.085","1.08%"
"2023-03-24","1.097","1.110","1.138","1.087","-1.90%"
"2023-03-23","1.119","1.117","1.163","1.110","-4.17%"
"2023-03-22","1.168","1.119","1.174","1.094","7.11%"
"2023-03-21","1.090","1.085","1.125","1.085","0.00%"
"2023-03-20","1.090","1.089","1.136","1.044","0.00%"
"2023-03-19","1.090","1.102","1.137","1.089","-1.13%"
"2023-03-17","1.102","1.121","1.148","1.099","0.57%"
"2023-03-16","1.096","1.025","1.131","1.018","10.74%"
"2023-03-15","0.990","1.048","1.159","0.990","-0.06%"
"2023-03-14","0.991","0.989","1.047","0.926","-4.06%"
"2023-03-13","1.033","1.221","1.256","0.979","-15.50%"
"2023-03-12","1.222","1.256","1.267","1.221","-3.60%"
"2023-03-11","1.268","1.268","1.268","1.268","0.89%"
"2023-03-10","1.256","1.303","1.339","1.223","-6.34%"
"2023-03-09","1.341","1.299","1.351","1.296","3.18%"
"2023-03-08","1.300","1.291","1.315","1.291","-0.10%"
"2023-03-07","1.301","1.280","1.301","1.269","0.88%"
"2023-03-06","1.290","1.268","1.290","1.268","1.93%"
"2023-03-05","1.266","1.279","1.279","1.266","-1.03%"
"2023-03-03","1.279","1.275","1.281","1.253","0.20%"
"2023-03-02","1.276","1.239","1.283","1.239","3.55%"
"2023-03-01","1.232","1.213","1.254","1.188","-0.31%"
"2023-02-28","1.236","1.291","1.291","1.214","-4.35%"
"2023-02-27","1.293","1.296","1.305","1.283","-0.10%"
"2023-02-26","1.294","1.305","1.305","1.292","-0.86%"
"2023-02-25","1.305","1.305","1.305","1.305","0.09%"
"2023-02-24","1.304","1.305","1.311","1.283","-0.76%"
"2023-02-23","1.314","1.314","1.314","1.306","0.00%"
"2023-02-22","1.314","1.346","1.351","1.311","-2.41%"
"2023-02-21","1.346","1.329","1.347","1.317","0.66%"
"2023-02-20","1.337","1.316","1.337","1.315","1.56%"
"2023-02-19","1.317","1.334","1.334","1.315","-1.27%"
"2023-02-17","1.334","1.318","1.340","1.314","0.76%"
"2023-02-16","1.324","1.320","1.330","1.309","0.00%"
"2023-02-15","1.324","1.307","1.324","1.294","1.05%"
"2023-02-14","1.310","1.313","1.326","1.291","-1.41%"
"2023-02-13","1.329","1.363","1.372","1.312","-2.43%"
"2023-02-12","1.362","1.367","1.372","1.362","-0.77%"
"2023-02-10","1.372","1.338","1.386","1.337","2.52%"
"2023-02-09","1.339","1.329","1.342","1.326","-0.37%"
"2023-02-08","1.344","1.331","1.344","1.324","-0.19%"
"2023-02-07","1.346","1.341","1.350","1.330","0.56%"
"2023-02-06","1.339","1.331","1.349","1.321","0.62%"
"2023-02-05","1.331","1.349","1.349","1.323","-1.34%"
"2023-02-03","1.349","1.308","1.349","1.301","1.98%"
"2023-02-02","1.322","1.336","1.360","1.305","-3.47%"
"2023-02-01","1.370","1.381","1.391","1.334","-0.95%"
"2023-01-31","1.383","1.418","1.430","1.381","-3.37%"
"2023-01-30","1.431","1.381","1.431","1.366","3.62%"
"2023-01-29","1.381","1.395","1.396","1.381","-0.98%"
"2023-01-28","1.395","1.395","1.395","1.395","-0.18%"
"2023-01-27","1.398","1.345","1.403","1.327","5.57%"
"2023-01-26","1.324","1.317","1.347","1.295","0.62%"
"2023-01-25","1.316","1.286","1.316","1.281","1.29%"
"2023-01-24","1.299","1.310","1.329","1.287","-2.16%"
"2023-01-23","1.327","1.308","1.329","1.282","1.72%"
"2023-01-22","1.305","1.313","1.313","1.303","-0.57%"
"2023-01-20","1.313","1.317","1.317","1.277","-0.29%"
"2023-01-19","1.316","1.313","1.341","1.291","-0.57%"
"2023-01-18","1.324","1.325","1.347","1.224","-0.65%"
"2023-01-17","1.332","1.347","1.359","1.321","-1.30%"
"2023-01-16","1.350","1.383","1.395","1.304","-2.48%"
"2023-01-15","1.384","1.395","1.395","1.384","-0.14%"
"2023-01-14","1.386","1.386","1.386","1.386","-0.62%"
"2023-01-13","1.395","1.444","1.469","1.378","-3.38%"
"2023-01-12","1.444","1.373","1.452","1.354","6.55%"
"2023-01-11","1.355","1.374","1.385","1.349","-2.26%"
"2023-01-10","1.386","1.306","1.390","1.301","5.52%"
"2023-01-09","1.314","1.314","1.314","1.305","0.00%"
"2023-01-08","1.314","1.314","1.314","1.314","0.00%"
"2023-01-06","1.314","1.314","1.324","1.302","0.29%"
"2023-01-05","1.310","1.346","1.351","1.305","-2.24%"
"2023-01-04","1.340","1.343","1.350","1.325","0.42%"
"2023-01-03","1.334","1.334","1.342","1.334","-0.70%"
"2023-01-02","1.344","1.344","1.344","1.344","0.00%"
"2023-01-01","1.344","1.344","1.344","1.344","0.00%"
"2022-12-30","1.344","1.329","1.349","1.327","0.75%"
"2022-12-29","1.334","1.294","1.344","1.294","2.80%"
"2022-12-28","1.298","1.278","1.312","1.245","1.86%"
"2022-12-27","1.274","1.237","1.279","1.237","3.25%"
"2022-12-26","1.234","1.235","1.240","1.211","-0.21%"
"2022-12-25","1.236","1.240","1.240","1.236","-0.10%"
"2022-12-23","1.237","1.229","1.278","1.217","1.74%"
"2022-12-22","1.216","1.187","1.230","1.174","3.51%"
"2022-12-21","1.175","1.243","1.283","1.173","-5.53%"
"2022-12-20","1.244","1.201","1.379","1.189","3.32%"
"2022-12-19","1.204","1.179","1.211","1.155","2.07%"
"2022-12-18","1.179","1.155","1.179","1.155","2.11%"
"2022-12-16","1.155","1.148","1.170","1.144","0.60%"
"2022-12-15","1.148","1.128","1.152","1.117","2.97%"
"2022-12-14","1.115","1.114","1.126","1.101","1.13%"
"2022-12-13","1.102","1.150","1.150","1.102","-3.50%"
"2022-12-12","1.143","1.143","1.153","1.106","0.00%"
"2022-12-11","1.143","1.106","1.143","1.106","1.16%"
"2022-12-10","1.129","1.129","1.129","1.129","2.09%"
"2022-12-09","1.106","1.145","1.160","1.106","-3.91%"
"2022-12-08","1.151","1.141","1.166","1.133","-0.32%"
"2022-12-07","1.155","1.180","1.184","1.142","-2.02%"
"2022-12-06","1.179","1.185","1.200","1.174","-0.52%"
"2022-12-05","1.185","1.179","1.202","1.176","-1.46%"
"2022-12-04","1.202","1.202","1.202","1.202","0.10%"
"2022-12-02","1.201","1.180","1.202","1.171","0.42%"
"2022-12-01","1.196","1.184","1.207","1.176","-0.93%"
"2022-11-30","1.207","1.193","1.209","1.186","1.26%"
"2022-11-29","1.192","1.192","1.211","1.176","0.31%"
"2022-11-28","1.189","1.181","1.198","1.176","0.11%"
"2022-11-27","1.188","1.188","1.188","1.188","0.00%"
"2022-11-25","1.188","1.155","1.188","1.150","3.37%"
"2022-11-24","1.149","1.146","1.154","1.136","-0.10%"
"2022-11-23","1.150","1.151","1.151","1.148","0.00%"
"2022-11-22","1.150","1.151","1.162","1.141","0.66%"
"2022-11-21","1.143","1.140","1.156","1.128","0.17%"
"2022-11-20","1.141","1.128","1.141","1.128","1.16%"
"2022-11-18","1.128","1.120","1.138","1.119","0.67%"
"2022-11-17","1.120","1.126","1.133","1.110","-1.22%"
"2022-11-16","1.134","1.145","1.153","1.130","-1.19%"
"2022-11-15","1.148","1.176","1.184","1.146","-3.07%"
"2022-11-14","1.184","1.144","1.196","1.144","3.39%"
"2022-11-13","1.145","1.145","1.145","1.145","0.17%"
"2022-11-12","1.143","1.143","1.143","1.143","-0.17%"
"2022-11-11","1.145","1.134","1.181","1.129","-3.58%"
"2022-11-10","1.188","1.204","1.224","1.135","-2.66%"
"2022-11-09","1.220","1.260","1.275","1.204","-4.41%"
"2022-11-08","1.276","1.262","1.290","1.258","0.89%"
"2022-11-07","1.265","1.268","1.273","1.253","-0.50%"
"2022-11-06","1.271","1.269","1.271","1.269","0.00%"
"2022-11-04","1.271","1.254","1.298","1.227","3.94%"
"2022-11-03","1.223","1.227","1.253","1.227","-0.56%"
"2022-11-02","1.230","1.209","1.234","1.207","1.44%"
"2022-11-01","1.212","1.166","1.214","1.166","3.74%"
"2022-10-31","1.169","1.163","1.175","1.101","0.49%"
"2022-10-30","1.163","1.157","1.163","1.156","0.54%"
"2022-10-29","1.157","1.157","1.157","1.157","0.05%"
"2022-10-28","1.156","1.178","1.191","1.131","-2.94%"
"2022-10-27","1.191","1.214","1.239","1.179","-3.19%"
"2022-10-26","1.231","1.248","1.268","1.170","-3.39%"
"2022-10-25","1.274","1.341","1.377","1.251","-3.68%"
"2022-10-24","1.322","1.295","1.342","1.285","2.08%"
"2022-10-23","1.296","1.316","1.316","1.296","-1.57%"
"2022-10-21","1.316","1.246","1.321","1.246","5.09%"
"2022-10-20","1.253","1.226","1.255","1.222","1.83%"
"2022-10-19","1.230","1.213","1.232","1.206","0.61%"
"2022-10-18","1.222","1.197","1.226","1.193","2.25%"
"2022-10-17","1.196","1.163","1.206","1.163","2.90%"
"2022-10-16","1.162","1.153","1.178","1.153","0.76%"
"2022-10-15","1.153","1.153","1.153","1.153","-2.07%"
"2022-10-14","1.178","1.171","1.186","1.147","-0.84%"
"2022-10-13","1.188","1.156","1.188","1.156","2.98%"
"2022-10-12","1.153","1.131","1.168","1.126","3.07%"
"2022-10-11","1.119","1.111","1.136","1.107","2.05%"
"2022-10-10","1.096","1.096","1.109","1.086","0.00%"
"2022-10-09","1.096","1.096","1.096","1.096","1.04%"
"2022-10-07","1.085","1.089","1.096","1.078","-0.46%"
"2022-10-06","1.090","1.081","1.092","1.070","0.46%"
"2022-10-05","1.085","1.052","1.085","1.044","4.14%"
"2022-10-04","1.042","1.039","1.071","1.034","-2.40%"
"2022-10-03","1.067","1.081","1.094","1.041","-1.33%"
"2022-10-02","1.082","1.077","1.087","1.077","0.41%"
"2022-10-01","1.077","1.077","1.077","1.077","0.00%"
"2022-09-30","1.077","1.128","1.146","1.077","-5.48%"
"2022-09-29","1.140","1.132","1.158","1.105","-1.62%"
"2022-09-28","1.159","1.158","1.184","1.131","1.31%"
"2022-09-27","1.144","1.140","1.170","1.124","1.78%"
"2022-09-26","1.124","1.077","1.138","1.067","4.48%"
"2022-09-25","1.076","1.067","1.076","1.037","3.86%"
"2022-09-24","1.036","1.036","1.036","1.036","0.00%"
"2022-09-23","1.036","1.036","1.036","1.036","-2.99%"
"2022-09-22","1.067","1.091","1.110","1.026","-2.01%"
"2022-09-21","1.089","1.115","1.135","1.079","-3.59%"
"2022-09-20","1.130","1.067","1.136","1.058","5.48%"
"2022-09-19","1.071","1.071","1.071","1.065","0.00%"
"2022-09-18","1.071","1.071","1.071","1.071","0.65%"
"2022-09-16","1.064","1.034","1.074","1.034","1.37%"
"2022-09-15","1.050","0.969","1.051","0.966","5.79%"
"2022-09-14","0.993","1.008","1.034","0.954","-1.62%"
"2022-09-13","1.009","1.029","1.036","0.974","-2.77%"
"2022-09-12","1.038","1.056","1.071","1.029","-1.89%"
"2022-09-11","1.058","1.071","1.071","1.058","-1.29%"
"2022-09-09","1.071","1.079","1.087","1.063","-1.94%"
"2022-09-08","1.092","1.054","1.096","1.029","2.82%"
"2022-09-07","1.063","1.057","1.092","1.038","2.54%"
"2022-09-06","1.036","1.004","1.054","0.993","2.21%"
"2022-09-05","1.014","1.008","1.014","1.000","0.57%"
"2022-09-04","1.008","1.014","1.016","1.008","-0.56%"
"2022-09-03","1.014","1.014","1.014","1.014","0.00%"
"2022-09-02","1.014","1.002","1.026","0.995","2.47%"
"2022-09-01","0.989","0.961","1.003","0.956","4.15%"
"2022-08-31","0.950","0.956","0.960","0.947","-0.72%"
"2022-08-30","0.957","0.986","0.986","0.938","-4.07%"
"2022-08-29","0.998","0.950","0.998","0.926","5.84%"
"2022-08-28","0.942","0.929","0.942","0.926","1.34%"
"2022-08-27","0.930","0.930","0.930","0.930","0.40%"
"2022-08-26","0.926","0.921","0.934","0.911","-0.27%"
"2022-08-25","0.929","0.942","0.962","0.920","0.20%"
"2022-08-24","0.927","0.925","0.942","0.914","1.43%"
"2022-08-23","0.914","0.919","0.931","0.897","0.42%"
"2022-08-22","0.910","0.892","0.920","0.874","2.03%"
"2022-08-21","0.892","0.874","0.893","0.874","2.07%"
"2022-08-20","0.874","0.874","0.874","0.874","0.00%"
"2022-08-19","0.874","0.867","0.874","0.848","2.34%"
"2022-08-18","0.854","0.860","0.871","0.836","0.29%"
"2022-08-17","0.851","0.863","0.863","0.836","0.00%"
"2022-08-16","0.851","0.866","0.868","0.841","-0.43%"
"2022-08-15","0.855","0.872","0.872","0.855","-2.01%"
"2022-08-14","0.873","0.868","0.881","0.868","0.43%"
"2022-08-12","0.869","0.884","0.891","0.858","1.46%"
"2022-08-11","0.856","0.876","0.884","0.876","0.00%"
"2022-08-10","0.856","0.881","0.882","0.856","-1.72%"
"2022-08-09","0.871","0.894","0.894","0.870","-2.71%"
"2022-08-08","0.896","0.915","0.921","0.887","-2.06%"
"2022-08-07","0.914","0.899","0.915","0.898","1.81%"
"2022-08-05","0.898","0.907","0.919","0.885","-2.05%"
"2022-08-04","0.917","0.923","0.923","0.905","-0.48%"
"2022-08-03","0.921","0.916","0.933","0.895","3.01%"
"2022-08-02","0.894","0.924","0.929","0.884","-2.92%"
"2022-08-01","0.921","0.934","0.941","0.915","-1.26%"
"2022-07-31","0.933","0.915","0.933","0.915","0.06%"
"2022-07-30","0.933","0.933","0.933","0.933","1.91%"
"2022-07-29","0.915","0.904","0.931","0.900","0.96%"
"2022-07-28","0.906","0.898","0.933","0.889","0.70%"
"2022-07-27","0.900","0.896","0.903","0.885","0.49%"
"2022-07-26","0.896","0.927","0.941","0.884","-1.99%"
"2022-07-25","0.914","0.907","0.926","0.893","0.91%"
"2022-07-24","0.906","0.902","0.923","0.902","0.07%"
"2022-07-22","0.905","0.968","0.980","0.902","-7.89%"
"2022-07-21","0.983","0.996","0.999","0.966","-1.14%"
"2022-07-20","0.994","0.998","1.002","0.984","1.15%"
"2022-07-19","0.983","0.948","0.996","0.939","4.93%"
"2022-07-18","0.936","0.936","0.947","0.936","0.00%"
"2022-07-17","0.936","0.936","0.936","0.936","0.00%"
"2022-07-15","0.936","1.014","1.014","0.935","-6.72%"
"2022-07-14","1.004","1.016","1.016","0.988","-1.04%"
"2022-07-13","1.014","1.009","1.019","0.998","1.82%"
"2022-07-12","0.996","1.018","1.026","0.995","-1.36%"
"2022-07-11","1.010","1.016","1.034","1.010","-0.43%"
"2022-07-10","1.014","1.013","1.014","1.006","0.19%"
"2022-07-08","1.013","1.003","1.027","0.993","2.14%"
"2022-07-07","0.991","0.979","1.001","0.957","2.59%"
"2022-07-06","0.966","0.968","0.982","0.966","0.13%"
"2022-07-05","0.965","0.968","0.999","0.965","-0.52%"
"2022-07-04","0.970","0.932","0.973","0.926","4.02%"
"2022-07-03","0.933","0.961","0.961","0.933","-1.20%"
"2022-07-01","0.944","0.966","0.984","0.944","-4.31%"
"2022-06-30","0.986","0.987","1.006","0.968","-1.06%"
"2022-06-29","0.997","1.009","1.028","0.993","-1.30%"
"2022-06-28","1.010","0.990","1.029","0.985","2.92%"
"2022-06-27","0.981","0.946","0.992","0.934","3.84%"
"2022-06-26","0.945","0.934","0.945","0.934","1.20%"
"2022-06-24","0.934","0.931","0.952","0.919","-0.33%"
"2022-06-23","0.937","0.968","0.975","0.920","-4.28%"
"2022-06-22","0.979","0.994","1.013","0.969","-0.32%"
"2022-06-21","0.982","0.994","1.013","0.981","-0.45%"
"2022-06-20","0.986","0.969","1.008","0.967","1.48%"
"2022-06-19","0.972","0.986","1.003","0.972","-1.33%"
"2022-06-18","0.985","0.985","0.985","0.985","-1.75%"
"2022-06-17","1.003","1.017","1.055","0.934","-5.09%"
"2022-06-16","1.056","0.973","1.074","0.946","2.55%"
"2022-06-15","1.030","0.948","1.070","0.934","-2.03%"
"2022-06-14","1.051","1.050","1.054","1.009","0.36%"
"2022-06-13","1.048","0.914","1.049","0.911","14.56%"
"2022-06-12","0.914","0.929","0.929","0.887","-1.55%"
"2022-06-10","0.929","0.891","0.930","0.876","0.54%"
"2022-06-09","0.924","0.875","0.924","0.873","5.95%"
"2022-06-08","0.872","0.843","0.894","0.843","1.38%"
"2022-06-07","0.860","0.835","0.873","0.835","3.14%"
"2022-06-06","0.834","0.842","0.853","0.829","-0.96%"
"2022-06-05","0.842","0.853","0.853","0.836","1.06%"
"2022-06-04","0.833","0.833","0.833","0.833","0.00%"
"2022-06-03","0.833","0.853","0.863","0.828","-2.49%"
"2022-06-02","0.854","0.844","0.859","0.844","1.34%"
"2022-06-01","0.843","0.835","0.855","0.832","-0.08%"
"2022-05-31","0.844","0.805","0.846","0.804","3.53%"
"2022-05-30","0.815","0.785","0.817","0.785","3.99%"
"2022-05-29","0.784","0.788","0.788","0.784","-1.89%"
"2022-05-28","0.799","0.789","0.799","0.789","0.00%"
"2022-05-27","0.799","0.809","0.814","0.783","-0.62%"
"2022-05-26","0.804","0.757","0.822","0.755","6.73%"
"2022-05-25","0.753","0.751","0.757","0.742","-0.91%"
"2022-05-24","0.760","0.794","0.804","0.752","-4.33%"
"2022-05-23","0.794","0.795","0.814","0.788","-0.15%"
"2022-05-22","0.796","0.814","0.814","0.796","-2.24%"
"2022-05-21","0.814","0.802","0.814","0.802","0.00%"
"2022-05-20","0.814","0.817","0.831","0.794","-2.25%"
"2022-05-19","0.832","0.821","0.844","0.813","0.37%"
"2022-05-18","0.829","0.839","0.850","0.820","-2.57%"
"2022-05-17","0.851","0.816","0.851","0.816","2.41%"
"2022-05-16","0.831","0.822","0.839","0.813","0.91%"
"2022-05-15","0.824","0.823","0.839","0.823","0.16%"
"2022-05-14","0.822","0.822","0.822","0.822","-1.94%"
"2022-05-13","0.839","0.816","0.841","0.808","-0.14%"
"2022-05-12","0.840","0.829","0.861","0.817","1.13%"
"2022-05-11","0.831","0.826","0.865","0.824","-2.72%"
"2022-05-10","0.854","0.830","0.863","0.817","-0.58%"
"2022-05-09","0.859","0.828","0.861","0.827","3.62%"
"2022-05-08","0.829","0.821","0.844","0.821","-1.78%"
"2022-05-07","0.844","0.821","0.844","0.821","0.00%"
"2022-05-06","0.844","0.801","0.844","0.798","4.82%"
"2022-05-05","0.805","0.791","0.801","0.791","0.00%"
"2022-05-04","0.805","0.805","0.805","0.805","0.00%"
"2022-05-03","0.805","0.793","0.805","0.793","2.07%"
"2022-05-02","0.789","0.786","0.798","0.786","0.87%"
"2022-05-01","0.782","0.774","0.791","0.774","-1.19%"
"2022-04-30","0.791","0.791","0.791","0.791","0.00%"
"2022-04-29","0.791","0.791","0.791","0.791","0.00%"
"2022-04-28","0.791","0.792","0.792","0.748","0.00%"
"2022-04-27","0.791","0.788","0.804","0.783","-0.54%"
"2022-04-26","0.796","0.806","0.819","0.787","-2.38%"
"2022-04-25","0.815","0.822","0.845","0.803","-0.98%"
"2022-04-24","0.823","0.827","0.845","0.822","-2.59%"
"2022-04-23","0.845","0.827","0.845","0.827","0.00%"
"2022-04-22","0.845","0.853","0.868","0.824","-0.37%"
"2022-04-21","0.848","0.812","0.869","0.801","3.43%"
"2022-04-20","0.820","0.811","0.841","0.805","1.55%"
"2022-04-19","0.808","0.783","0.809","0.775","3.04%"
"2022-04-18","0.784","0.788","0.791","0.772","-0.63%"
"2022-04-17","0.789","0.772","0.789","0.772","2.10%"
"2022-04-16","0.772","0.772","0.772","0.772","-1.90%"
"2022-04-15","0.788","0.776","0.788","0.768","1.94%"
"2022-04-14","0.772","0.791","0.798","0.760","-3.81%"
"2022-04-13","0.803","0.789","0.810","0.789","-1.01%"
"2022-04-12","0.811","0.799","0.822","0.791","-0.76%"
"2022-04-11","0.817","0.780","0.820","0.779","3.31%"
"2022-04-10","0.791","0.791","0.791","0.791","0.00%"
"2022-04-09","0.791","0.779","0.791","0.779","0.00%"
"2022-04-08","0.791","0.788","0.797","0.766","0.88%"
"2022-04-07","0.784","0.777","0.804","0.776","-1.18%"
"2022-04-06","0.794","0.761","0.808","0.761","3.43%"
"2022-04-05","0.767","0.731","0.769","0.723","3.37%"
"2022-04-04","0.743","0.729","0.746","0.721","1.71%"
"2022-04-03","0.730","0.741","0.741","0.730","-0.18%"
"2022-04-01","0.731","0.646","0.743","0.646","9.76%"
"2022-03-31","0.666","0.788","0.806","0.643","-16.39%"
"2022-03-30","0.797","0.833","0.895","0.754","-11.21%"
"2022-03-29","0.897","0.847","0.914","0.834","2.42%"
"2022-03-28","0.876","0.774","0.889","0.774","13.81%"
"2022-03-27","0.770","0.789","0.789","0.759","-2.37%"
"2022-03-26","0.789","0.758","0.789","0.758","1.27%"
"2022-03-25","0.779","0.734","0.789","0.731","5.96%"
"2022-03-24","0.735","0.715","0.741","0.709","3.33%"
"2022-03-23","0.711","0.709","0.729","0.709","-0.17%"
"2022-03-22","0.712","0.699","0.730","0.686","3.64%"
"2022-03-21","0.688","0.684","0.699","0.684","0.54%"
"2022-03-20","0.684","0.684","0.684","0.684","0.00%"
"2022-03-19","0.684","0.686","0.686","0.684","0.00%"
"2022-03-18","0.684","0.686","0.693","0.683","-1.44%"
"2022-03-17","0.694","0.692","0.701","0.683","-0.17%"
"2022-03-16","0.695","0.678","0.705","0.676","2.21%"
"2022-03-15","0.680","0.668","0.686","0.664","0.19%"
"2022-03-14","0.679","0.666","0.679","0.645","1.97%"
"2022-03-13","0.666","0.647","0.666","0.647","2.80%"
"2022-03-12","0.647","0.655","0.655","0.647","-1.52%"
"2022-03-11","0.658","0.664","0.664","0.647","0.00%"
"2022-03-10","0.658","0.644","0.666","0.628","4.98%"
"2022-03-09","0.626","0.649","0.651","0.623","-1.18%"
"2022-03-08","0.634","0.614","0.649","0.609","4.54%"
"2022-03-07","0.606","0.595","0.620","0.592","1.80%"
"2022-03-06","0.596","0.599","0.616","0.591","-0.53%"
"2022-03-05","0.599","0.599","0.599","0.599","-0.20%"
"2022-03-04","0.600","0.654","0.654","0.599","-7.51%"
"2022-03-03","0.649","0.641","0.656","0.615","2.17%"
"2022-03-02","0.635","0.616","0.640","0.592","0.00%"
"2022-03-01","0.635","0.653","0.670","0.615","-4.15%"
"2022-02-28","0.663","0.678","0.693","0.635","-2.40%"
"2022-02-27","0.679","0.683","0.683","0.679","-0.18%"
"2022-02-26","0.680","0.680","0.680","0.680","-1.82%"
"2022-02-25","0.693","0.664","0.701","0.644","8.00%"
"2022-02-24","0.641","0.661","0.679","0.635","-0.77%"
"2022-02-23","0.646","0.647","0.661","0.646","1.17%"
"2022-02-22","0.639","0.667","0.670","0.627","-7.10%"
"2022-02-21","0.688","0.692","0.705","0.668","-0.43%"
"2022-02-20","0.691","0.705","0.717","0.690","-2.04%"
"2022-02-19","0.705","0.705","0.705","0.705","0.00%"
"2022-02-18","0.705","0.733","0.744","0.705","-6.01%"
"2022-02-17","0.750","0.716","0.758","0.699","4.53%"
"2022-02-16","0.718","0.697","0.720","0.690","1.96%"
"2022-02-15","0.704","0.679","0.705","0.664","3.11%"
"2022-02-14","0.683","0.658","0.683","0.631","3.02%"
"2022-02-11","0.663","0.658","0.663","0.658","0.96%"
"2022-02-10","0.656","0.629","0.669","0.625","4.79%"
"2022-02-09","0.626","0.658","0.658","0.621","-4.47%"
"2022-02-08","0.656","0.656","0.697","0.656","1.83%"
"2022-02-07","0.644","0.597","0.655","0.447","7.75%"
"2022-02-06","0.598","0.447","0.603","0.447","33.52%"
"2022-02-05","0.447","0.590","0.590","0.447","-26.64%"
"2022-02-04","0.610","0.578","0.610","0.578","6.81%"
"2022-02-03","0.571","0.561","0.577","0.555","2.70%"
"2022-02-02","0.556","0.564","0.566","0.556","-1.12%"
"2022-02-01","0.562","0.565","0.569","0.559","5.14%"
"2022-01-31","0.535","0.535","0.535","0.535","0.00%"
"2022-01-28","0.535","0.530","0.539","0.530","1.19%"
"2022-01-27","0.529","0.526","0.531","0.526","4.45%"
"2022-01-26","0.506","0.526","0.526","0.506","-0.24%"
"2022-01-25","0.507","0.507","0.526","0.505","1.24%"
"2022-01-24","0.501","0.447","0.501","0.447","11.98%"
"2022-01-23","0.447","0.447","0.447","0.447","-14.86%"
"2022-01-22","0.526","0.526","0.526","0.526","3.61%"
"2022-01-21","0.507","0.510","0.511","0.507","-2.63%"
"2022-01-20","0.521","0.526","0.526","0.517","2.46%"
"2022-01-19","0.508","0.500","0.526","0.500","-0.72%"
"2022-01-18","0.512","0.507","0.526","0.507","14.46%"
"2022-01-17","0.447","0.447","0.447","0.447","0.00%"
"2022-01-16","0.447","0.447","0.447","0.447","-13.28%"
"2022-01-14","0.516","0.513","0.518","0.513","2.99%"
"2022-01-13","0.501","0.526","0.526","0.498","-0.73%"
"2022-01-12","0.505","0.501","0.526","0.501","-4.94%"
"2022-01-11","0.531","0.531","0.531","0.531","0.00%"
"2022-01-10","0.531","0.531","0.531","0.531","0.00%"
"2022-01-07","0.531","0.506","0.531","0.477","3.65%"
"2022-01-06","0.512","0.489","0.512","0.489","5.96%"
"2022-01-05","0.483","0.459","0.489","0.459","1.55%"
"2022-01-04","0.476","0.475","0.476","0.458","2.63%"
"2022-01-03","0.464","0.447","0.464","0.447","3.64%"
"2022-01-02","0.447","0.447","0.447","0.447","0.00%"
"2022-01-01","0.447","0.447","0.447","0.447","-3.51%"
"2021-12-31","0.464","0.464","0.464","0.464","0.00%"
"2021-12-30","0.464","0.442","0.464","0.431","5.55%"
"2021-12-29","0.439","0.437","0.444","0.410","0.43%"
"2021-12-28","0.438","0.432","0.438","0.432","1.16%"
"2021-12-27","0.433","0.436","0.438","0.409","-0.44%"
"2021-12-26","0.434","0.409","0.435","0.409","6.26%"
"2021-12-25","0.409","0.409","0.409","0.409","0.00%"
"2021-12-24","0.409","0.431","0.437","0.409","0.32%"
"2021-12-23","0.407","0.428","0.435","0.405","-5.78%"
"2021-12-22","0.433","0.425","0.435","0.395","1.45%"
"2021-12-21","0.426","0.414","0.426","0.387","11.07%"
"2021-12-20","0.384","0.389","0.415","0.384","-7.65%"
"2021-12-19","0.416","0.389","0.416","0.389","6.89%"
"2021-12-18","0.389","0.389","0.389","0.389","-6.87%"
"2021-12-17","0.417","0.416","0.420","0.387","0.89%"
"2021-12-16","0.414","0.424","0.424","0.386","-2.64%"
"2021-12-15","0.425","0.423","0.426","0.394","0.28%"
"2021-12-14","0.424","0.418","0.425","0.394","0.90%"
"2021-12-13","0.420","0.425","0.428","0.394","-1.32%"
"2021-12-12","0.426","0.399","0.427","0.399","6.72%"
"2021-12-11","0.399","0.428","0.428","0.399","-6.16%"
"2021-12-10","0.425","0.420","0.428","0.387","2.41%"
"2021-12-09","0.415","0.423","0.425","0.386","-2.65%"
"2021-12-08","0.426","0.419","0.426","0.385","1.19%"
"2021-12-07","0.421","0.411","0.424","0.381","3.69%"
"2021-12-06","0.406","0.406","0.411","0.374","-0.15%"
"2021-12-05","0.407","0.384","0.411","0.384","-1.07%"
"2021-12-03","0.411","0.424","0.424","0.384","-2.65%"
"2021-12-02","0.423","0.422","0.429","0.393","-1.17%"
"2021-12-01","0.428","0.431","0.433","0.396","7.20%"
"2021-11-30","0.399","0.444","0.445","0.396","-10.88%"
"2021-11-29","0.447","0.447","0.447","0.424","0.27%"
"2021-11-28","0.446","0.425","0.446","0.425","5.01%"
"2021-11-27","0.425","0.442","0.442","0.425","-3.69%"
"2021-11-26","0.441","0.453","0.456","0.421","-3.81%"
"2021-11-25","0.459","0.461","0.461","0.452","-0.54%"
"2021-11-24","0.461","0.458","0.464","0.426","0.54%"
"2021-11-23","0.459","0.452","0.459","0.448","1.66%"
"2021-11-22","0.451","0.451","0.452","0.425","-0.13%"
"2021-11-21","0.452","0.430","0.457","0.430","5.09%"
"2021-11-20","0.430","0.430","0.430","0.430","0.00%"
"2021-11-19","0.430","0.453","0.460","0.430","-6.28%"
"2021-11-18","0.459","0.445","0.460","0.429","2.23%"
"2021-11-17","0.449","0.447","0.456","0.424","1.13%"
"2021-11-16","0.444","0.442","0.447","0.410","2.02%"
"2021-11-15","0.435","0.442","0.442","0.409","-1.69%"
"2021-11-14","0.442","0.415","0.442","0.415","6.63%"
"2021-11-13","0.415","0.442","0.442","0.415","-5.96%"
"2021-11-12","0.441","0.437","0.446","0.410","7.95%"
"2021-11-11","0.409","0.436","0.439","0.401","-3.54%"
"2021-11-10","0.424","0.431","0.435","0.393","-0.87%"
"2021-11-09","0.428","0.438","0.438","0.400","4.91%"
"2021-11-08","0.407","0.420","0.437","0.399","-3.28%"
"2021-11-07","0.421","0.400","0.423","0.400","5.32%"
"2021-11-06","0.400","0.400","0.400","0.400","0.00%"
"2021-11-05","0.400","0.412","0.430","0.395","1.57%"
"2021-11-04","0.394","0.423","0.423","0.394","-6.53%"
"2021-11-03","0.421","0.423","0.424","0.421","0.00%"
"2021-11-02","0.421","0.430","0.433","0.400","-3.99%"
"2021-11-01","0.439","0.447","0.449","0.410","-1.53%"
"2021-10-31","0.446","0.446","0.446","0.446","-0.71%"
"2021-10-29","0.449","0.469","0.470","0.425","-3.48%"
"2021-10-28","0.465","0.468","0.474","0.444","-2.37%"
"2021-10-27","0.476","0.484","0.488","0.467","-1.79%"
"2021-10-26","0.485","0.488","0.491","0.479","-0.27%"
"2021-10-25","0.486","0.482","0.493","0.481","0.91%"
"2021-10-24","0.482","0.490","0.490","0.482","-0.90%"
"2021-10-22","0.486","0.493","0.493","0.482","0.27%"
"2021-10-21","0.485","0.486","0.494","0.481","-0.78%"
"2021-10-20","0.489","0.488","0.496","0.481","1.31%"
"2021-10-19","0.482","0.484","0.487","0.474","-0.27%"
"2021-10-18","0.484","0.466","0.501","0.452","6.92%"
"2021-10-17","0.452","0.464","0.464","0.452","-2.56%"
"2021-10-16","0.464","0.464","0.464","0.464","0.13%"
"2021-10-15","0.464","0.453","0.464","0.446","2.50%"
"2021-10-14","0.452","0.465","0.465","0.445","-3.48%"
"2021-10-13","0.469","0.472","0.477","0.455","-1.57%"
"2021-10-12","0.476","0.479","0.482","0.460","-0.77%"
"2021-10-11","0.480","0.462","0.482","0.446","7.55%"
"2021-10-10","0.446","0.446","0.446","0.446","-3.25%"
"2021-10-09","0.461","0.461","0.461","0.461","-0.26%"
"2021-10-08","0.463","0.449","0.463","0.444","6.01%"
"2021-10-07","0.436","0.450","0.450","0.420","-2.79%"
"2021-10-06","0.449","0.443","0.457","0.423","2.86%"
"2021-10-05","0.436","0.422","0.442","0.419","6.73%"
"2021-10-04","0.409","0.418","0.426","0.405","-2.53%"
"2021-10-03","0.419","0.423","0.423","0.406","3.22%"
"2021-10-02","0.406","0.423","0.423","0.406","-3.83%"
"2021-10-01","0.423","0.434","0.434","0.404","-2.87%"
"2021-09-30","0.435","0.443","0.446","0.416","-1.43%"
"2021-09-29","0.441","0.463","0.463","0.423","-4.58%"
"2021-09-28","0.463","0.428","0.464","0.416","6.32%"
"2021-09-27","0.435","0.424","0.435","0.407","2.50%"
"2021-09-26","0.424","0.407","0.424","0.407","4.15%"
"2021-09-25","0.407","0.407","0.407","0.407","-3.85%"
"2021-09-24","0.424","0.410","0.426","0.381","7.62%"
"2021-09-23","0.394","0.398","0.409","0.394","-0.30%"
"2021-09-22","0.395","0.404","0.404","0.379","-2.78%"
"2021-09-21","0.406","0.409","0.411","0.390","-3.56%"
"2021-09-20","0.421","0.400","0.421","0.400","5.32%"
"2021-09-19","0.400","0.400","0.400","0.400","-4.19%"
"2021-09-18","0.417","0.417","0.417","0.417","-0.90%"
"2021-09-17","0.421","0.412","0.423","0.394","1.20%"
"2021-09-16","0.416","0.399","0.421","0.380","4.73%"
"2021-09-15","0.398","0.401","0.401","0.376","-1.56%"
"2021-09-14","0.404","0.391","0.409","0.376","2.88%"
"2021-09-13","0.393","0.395","0.407","0.375","-0.78%"
"2021-09-12","0.396","0.392","0.396","0.377","-0.18%"
"2021-09-10","0.396","0.385","0.398","0.369","0.63%"
"2021-09-09","0.394","0.401","0.401","0.370","-1.87%"
"2021-09-08","0.401","0.407","0.409","0.381","-1.23%"
"2021-09-07","0.406","0.403","0.406","0.379","-0.29%"
"2021-09-06","0.407","0.388","0.411","0.366","5.32%"
"2021-09-05","0.387","0.366","0.387","0.366","0.65%"
"2021-09-04","0.384","0.384","0.384","0.384","-0.49%"
"2021-09-03","0.386","0.367","0.387","0.350","5.12%"
"2021-09-02","0.368","0.366","0.369","0.347","-0.35%"
"2021-09-01","0.369","0.361","0.373","0.339","1.37%"
"2021-08-31","0.364","0.350","0.364","0.336","3.21%"
"2021-08-30","0.352","0.349","0.357","0.339","0.54%"
"2021-08-29","0.351","0.339","0.357","0.339","-1.93%"
"2021-08-28","0.357","0.357","0.357","0.357","0.00%"
"2021-08-27","0.357","0.353","0.359","0.334","1.25%"
"2021-08-26","0.353","0.357","0.366","0.329","-0.54%"
"2021-08-25","0.355","0.349","0.357","0.327","2.51%"
"2021-08-24","0.346","0.341","0.349","0.325","1.11%"
"2021-08-23","0.343","0.340","0.343","0.317","0.91%"
"2021-08-22","0.339","0.317","0.339","0.317","0.74%"
"2021-08-21","0.337","0.337","0.337","0.337","-0.18%"
"2021-08-20","0.338","0.346","0.346","0.317","-2.54%"
"2021-08-19","0.346","0.349","0.357","0.327","-0.35%"
"2021-08-18","0.347","0.348","0.351","0.327","0.00%"
"2021-08-17","0.347","0.353","0.361","0.327","-1.78%"
"2021-08-16","0.354","0.349","0.356","0.330","1.09%"
"2021-08-15","0.350","0.357","0.357","0.339","-1.93%"
"2021-08-14","0.357","0.339","0.357","0.339","0.54%"
"2021-08-13","0.355","0.357","0.357","0.338","0.00%"
"2021-08-12","0.355","0.359","0.359","0.336","-1.06%"
"2021-08-11","0.359","0.359","0.368","0.341","0.00%"
"2021-08-10","0.359","0.357","0.359","0.335","2.51%"
"2021-08-09","0.350","0.335","0.350","0.335","4.48%"
"2021-08-08","0.335","0.335","0.335","0.335","0.00%"
"2021-08-06","0.335","0.345","0.351","0.327","-2.19%"
"2021-08-05","0.343","0.334","0.346","0.315","4.17%"
"2021-08-04","0.329","0.335","0.335","0.310","-2.58%"
"2021-08-03","0.338","0.342","0.342","0.321","-2.54%"
"2021-08-02","0.346","0.349","0.350","0.329","-0.72%"
"2021-08-01","0.349","0.330","0.349","0.330","0.37%"
"2021-07-30","0.347","0.348","0.354","0.330","-0.37%"
"2021-07-29","0.349","0.351","0.352","0.331","-0.71%"
"2021-07-28","0.351","0.359","0.366","0.331","-4.10%"
"2021-07-27","0.366","0.346","0.376","0.335","3.53%"
"2021-07-26","0.354","0.329","0.355","0.306","7.21%"
"2021-07-25","0.330","0.306","0.330","0.306","1.13%"
"2021-07-24","0.326","0.326","0.326","0.326","-4.03%"
"2021-07-23","0.340","0.340","0.340","0.340","0.00%"
"2021-07-22","0.340","0.340","0.340","0.340","1.49%"
"2021-07-21","0.335","0.296","0.345","0.290","9.37%"
"2021-07-20","0.306","0.309","0.310","0.274","-5.40%"
"2021-07-19","0.324","0.323","0.331","0.286","-0.18%"
"2021-07-18","0.324","0.305","0.336","0.305","-3.71%"
"2021-07-17","0.337","0.337","0.337","0.337","-0.91%"
"2021-07-16","0.340","0.326","0.349","0.305","-0.38%"
"2021-07-15","0.341","0.356","0.357","0.306","-7.76%"
"2021-07-14","0.370","0.367","0.375","0.338","-0.35%"
"2021-07-13","0.371","0.367","0.380","0.344","-2.93%"
"2021-07-12","0.382","0.377","0.382","0.346","1.67%"
"2021-07-11","0.376","0.354","0.376","0.354","1.84%"
"2021-07-10","0.369","0.369","0.369","0.369","-2.79%"
"2021-07-09","0.380","0.366","0.384","0.334","3.74%"
"2021-07-08","0.366","0.392","0.393","0.326","-8.15%"
"2021-07-07","0.399","0.393","0.406","0.371","-0.62%"
"2021-07-06","0.401","0.406","0.416","0.377","-3.02%"
"2021-07-05","0.414","0.393","0.414","0.373","5.43%"
"2021-07-04","0.393","0.381","0.394","0.381","-2.48%"
"2021-07-02","0.403","0.406","0.412","0.380","-2.14%"
"2021-07-01","0.411","0.416","0.421","0.386","-2.65%"
"2021-06-30","0.423","0.418","0.431","0.398","-2.87%"
"2021-06-29","0.435","0.410","0.436","0.394","3.57%"
"2021-06-28","0.420","0.407","0.428","0.385","2.92%"
"2021-06-27","0.408","0.385","0.409","0.385","-2.25%"
"2021-06-25","0.417","0.404","0.419","0.384","0.60%"
"2021-06-24","0.415","0.407","0.417","0.384","-0.60%"
"2021-06-23","0.417","0.404","0.417","0.380","0.29%"
"2021-06-22","0.416","0.410","0.424","0.384","-0.60%"
"2021-06-21","0.419","0.410","0.423","0.379","1.82%"
"2021-06-20","0.411","0.398","0.417","0.398","3.47%"
"2021-06-19","0.398","0.398","0.398","0.398","-5.92%"
"2021-06-18","0.423","0.417","0.435","0.396","-1.74%"
"2021-06-17","0.430","0.433","0.445","0.395","1.18%"
"2021-06-16","0.425","0.408","0.433","0.384","0.88%"
"2021-06-15","0.421","0.404","0.421","0.373","2.76%"
"2021-06-14","0.410","0.405","0.410","0.371","1.08%"
"2021-06-13","0.406","0.373","0.406","0.373","-0.17%"
"2021-06-11","0.406","0.403","0.410","0.369","-3.56%"
"2021-06-10","0.421","0.427","0.433","0.393","-3.99%"
"2021-06-09","0.439","0.449","0.449","0.412","-3.84%"
"2021-06-08","0.456","0.460","0.463","0.433","3.70%"
"2021-06-07","0.440","0.460","0.472","0.440","-4.47%"
"2021-06-06","0.461","0.442","0.467","0.442","-1.35%"
"2021-06-05","0.467","0.467","0.467","0.467","-0.41%"
"2021-06-04","0.469","0.469","0.482","0.442","-1.82%"
"2021-06-03","0.477","0.459","0.477","0.445","1.60%"
"2021-06-02","0.470","0.459","0.475","0.440","-0.28%"
"2021-06-01","0.471","0.458","0.471","0.436","2.72%"
"2021-05-31","0.459","0.452","0.459","0.435","1.53%"
"2021-05-30","0.452","0.435","0.454","0.435","-0.68%"
"2021-05-29","0.455","0.455","0.455","0.455","-0.83%"
"2021-05-28","0.459","0.449","0.468","0.425","0.28%"
"2021-05-27","0.458","0.444","0.458","0.423","0.82%"
"2021-05-26","0.454","0.451","0.463","0.429","-1.09%"
"2021-05-25","0.459","0.452","0.466","0.435","-1.08%"
"2021-05-24","0.464","0.450","0.466","0.438","3.07%"
"2021-05-23","0.450","0.438","0.452","0.438","-2.70%"
"2021-05-21","0.463","0.444","0.465","0.434","1.36%"
"2021-05-20","0.456","0.447","0.460","0.429","0.55%"
"2021-05-19","0.454","0.449","0.461","0.428","-1.88%"
"2021-05-18","0.463","0.452","0.464","0.431","0.26%"
"2021-05-17","0.461","0.452","0.463","0.429","1.81%"
"2021-05-16","0.453","0.435","0.454","0.435","-0.42%"
"2021-05-15","0.455","0.455","0.455","0.455","-1.90%"
"2021-05-14","0.464","0.458","0.466","0.434","-1.07%"
"2021-05-13","0.469","0.458","0.475","0.438","0.54%"
"2021-05-12","0.466","0.453","0.466","0.426","0.82%"
"2021-05-11","0.463","0.459","0.463","0.425","-0.28%"
"2021-05-10","0.464","0.459","0.472","0.438","1.24%"
"2021-05-09","0.458","0.438","0.458","0.438","-1.48%"
"2021-05-07","0.465","0.462","0.472","0.438","-0.81%"
"2021-05-06","0.469","0.463","0.476","0.442","-2.33%"
"2021-05-05","0.480","0.480","0.480","0.480","0.00%"
"2021-05-04","0.480","0.480","0.480","0.480","0.00%"
"2021-05-03","0.480","0.451","0.480","0.451","6.36%"
"2021-05-02","0.451","0.451","0.451","0.451","-2.70%"
"2021-05-01","0.464","0.464","0.464","0.464","-3.13%"
"2021-04-30","0.479","0.464","0.482","0.445","2.13%"
"2021-04-29","0.469","0.469","0.469","0.469","-0.78%"
"2021-04-28","0.472","0.454","0.481","0.435","1.61%"
"2021-04-27","0.465","0.449","0.466","0.433","1.09%"
"2021-04-26","0.460","0.441","0.463","0.419","9.84%"
"2021-04-25","0.419","0.419","0.419","0.419","-6.41%"
"2021-04-23","0.447","0.437","0.452","0.419","-0.84%"
"2021-04-22","0.451","0.444","0.451","0.419","-1.63%"
"2021-04-21","0.459","0.453","0.460","0.420","-0.80%"
"2021-04-20","0.463","0.459","0.476","0.436","-1.34%"
"2021-04-19","0.469","0.466","0.472","0.440","0.41%"
"2021-04-18","0.467","0.449","0.468","0.449","4.03%"
"2021-04-17","0.449","0.467","0.467","0.449","-5.02%"
"2021-04-16","0.472","0.464","0.476","0.446","0.00%"
"2021-04-15","0.472","0.468","0.481","0.449","-1.56%"
"2021-04-14","0.480","0.481","0.481","0.449","-2.54%"
"2021-04-13","0.493","0.498","0.502","0.470","-2.96%"
"2021-04-12","0.507","0.496","0.509","0.476","2.40%"
"2021-04-11","0.496","0.476","0.496","0.476","-1.14%"
"2021-04-09","0.501","0.481","0.507","0.466","2.31%"
"2021-04-08","0.490","0.486","0.501","0.465","0.51%"
"2021-04-07","0.488","0.490","0.493","0.459","-2.75%"
"2021-04-06","0.501","0.509","0.510","0.465","-1.96%"
"2021-04-05","0.511","0.511","0.519","0.482","0.00%"
"2021-04-04","0.511","0.482","0.512","0.482","0.00%"
"2021-04-03","0.511","0.511","0.511","0.511","-1.45%"
"2021-04-02","0.519","0.499","0.524","0.493","2.23%"
"2021-04-01","0.507","0.496","0.519","0.476","1.50%"
"2021-03-31","0.500","0.454","0.507","0.439","8.11%"
"2021-03-30","0.463","0.441","0.471","0.414","2.78%"
"2021-03-29","0.450","0.450","0.454","0.399","0.13%"
"2021-03-28","0.449","0.430","0.449","0.430","-0.69%"
"2021-03-26","0.452","0.444","0.459","0.423","0.27%"
"2021-03-25","0.451","0.449","0.456","0.423","-1.36%"
"2021-03-24","0.458","0.444","0.464","0.420","-0.82%"
"2021-03-23","0.461","0.479","0.479","0.439","-5.63%"
"2021-03-22","0.489","0.507","0.507","0.460","-3.68%"
"2021-03-21","0.507","0.498","0.515","0.498","-2.40%"
"2021-03-19","0.520","0.502","0.544","0.493","0.00%"
"2021-03-18","0.520","0.489","0.525","0.477","3.22%"
"2021-03-17","0.504","0.488","0.506","0.470","1.00%"
"2021-03-16","0.499","0.493","0.504","0.465","0.00%"
"2021-03-15","0.499","0.492","0.506","0.471","1.16%"
"2021-03-14","0.493","0.493","0.494","0.493","-3.31%"
"2021-03-12","0.510","0.464","0.514","0.449","7.08%"
"2021-03-11","0.476","0.504","0.506","0.434","-5.46%"
"2021-03-10","0.504","0.482","0.519","0.459","1.00%"
"2021-03-09","0.499","0.509","0.511","0.458","-2.67%"
"2021-03-08","0.512","0.468","0.522","0.446","9.91%"
"2021-03-07","0.466","0.444","0.466","0.444","5.24%"
"2021-03-06","0.443","0.443","0.443","0.443","-6.22%"
"2021-03-05","0.472","0.507","0.512","0.409","-5.03%"
"2021-03-04","0.498","0.471","0.507","0.451","4.45%"
"2021-03-03","0.476","0.465","0.482","0.425","0.53%"
"2021-03-02","0.474","0.491","0.491","0.438","-5.95%"
"2021-03-01","0.504","0.526","0.526","0.466","-4.38%"
"2021-02-28","0.527","0.510","0.531","0.510","-0.83%"
"2021-02-27","0.531","0.531","0.531","0.531","-2.75%"
"2021-02-26","0.546","0.553","0.560","0.506","-1.57%"
"2021-02-25","0.555","0.513","0.556","0.493","6.73%"
"2021-02-24","0.520","0.498","0.531","0.475","2.20%"
"2021-02-23","0.509","0.509","0.509","0.496","0.99%"
"2021-02-22","0.504","0.488","0.511","0.464","3.07%"
"2021-02-21","0.489","0.464","0.490","0.464","5.39%"
"2021-02-20","0.464","0.464","0.464","0.464","-7.70%"
"2021-02-19","0.502","0.484","0.502","0.455","3.61%"
"2021-02-18","0.485","0.484","0.494","0.452","-2.28%"
"2021-02-17","0.496","0.482","0.505","0.456","2.58%"
"2021-02-16","0.484","0.472","0.485","0.438","0.00%"
"2021-02-15","0.484","0.451","0.488","0.435","7.37%"
"2021-02-14","0.451","0.449","0.451","0.449","-1.79%"
"2021-02-12","0.459","0.434","0.461","0.411","4.27%"
"2021-02-11","0.440","0.440","0.444","0.433","-0.86%"
"2021-02-10","0.444","0.442","0.455","0.409","-1.38%"
"2021-02-09","0.450","0.439","0.455","0.412","-0.55%"
"2021-02-08","0.452","0.427","0.460","0.409","6.15%"
"2021-02-07","0.426","0.419","0.426","0.419","-1.16%"
"2021-02-05","0.431","0.414","0.438","0.381","0.30%"
"2021-02-04","0.430","0.426","0.430","0.379","-2.01%"
"2021-02-03","0.439","0.431","0.440","0.382","0.00%"
"2021-02-02","0.439","0.424","0.440","0.424","0.87%"
"2021-02-01","0.435","0.420","0.439","0.419","3.42%"
"2021-01-31","0.421","0.422","0.422","0.421","-1.91%"
"2021-01-29","0.429","0.402","0.433","0.402","4.89%"
"2021-01-28","0.409","0.405","0.409","0.357","-1.21%"
"2021-01-27","0.414","0.394","0.419","0.364","2.81%"
"2021-01-26","0.403","0.389","0.406","0.386","0.62%"
"2021-01-25","0.400","0.393","0.409","0.391","1.91%"
"2021-01-24","0.393","0.394","0.394","0.393","-2.19%"
"2021-01-22","0.401","0.391","0.406","0.356","0.63%"
"2021-01-21","0.399","0.394","0.403","0.352","-2.13%"
"2021-01-20","0.407","0.398","0.414","0.365","-0.32%"
"2021-01-19","0.409","0.401","0.411","0.355","0.32%"
"2021-01-18","0.407","0.403","0.415","0.361","2.18%"
"2021-01-17","0.399","0.374","0.400","0.374","4.59%"
"2021-01-15","0.381","0.366","0.385","0.364","2.01%"
"2021-01-14","0.374","0.354","0.380","0.325","2.05%"
"2021-01-13","0.366","0.360","0.370","0.315","-4.24%"
"2021-01-12","0.382","0.387","0.396","0.325","-2.87%"
"2021-01-11","0.394","0.381","0.386","0.381","0.00%"
"2021-01-08","0.394","0.376","0.396","0.341","2.29%"
"2021-01-07","0.385","0.356","0.387","0.356","5.83%"
"2021-01-06","0.364","0.338","0.368","0.309","3.94%"
"2021-01-05","0.350","0.346","0.354","0.338","-1.41%"
"2021-01-04","0.355","0.347","0.364","0.345","1.78%"
"2021-01-03","0.349","0.350","0.350","0.349","-3.78%"
"2021-01-01","0.363","0.363","0.363","0.363","0.00%"
"2020-12-31","0.363","0.363","0.363","0.363","1.03%"
"2020-12-30","0.359","0.350","0.365","0.349","0.00%"
"2020-12-29","0.359","0.336","0.363","0.299","8.73%"
"2020-12-28","0.330","0.336","0.344","0.330","-1.87%"
"2020-12-27","0.336","0.336","0.336","0.336","-0.74%"
"2020-12-25","0.339","0.319","0.340","0.319","2.67%"
"2020-12-24","0.330","0.321","0.336","0.320","20.53%"
"2020-12-23","0.274","0.305","0.330","0.269","-13.08%"
"2020-12-22","0.315","0.301","0.319","0.301","-0.38%"
"2020-12-21","0.316","0.296","0.316","0.296","6.97%"
"2020-12-20","0.296","0.295","0.296","0.295","-3.08%"
"2020-12-18","0.305","0.291","0.306","0.291","0.00%"
"2020-12-17","0.305","0.289","0.305","0.289","1.67%"
"2020-12-16","0.300","0.296","0.303","0.243","-2.06%"
"2020-12-15","0.306","0.303","0.308","0.254","-1.61%"
"2020-12-14","0.311","0.297","0.316","0.260","4.85%"
"2020-12-13","0.297","0.297","0.297","0.297","0.00%"
"2020-12-12","0.297","0.297","0.297","0.297","-1.03%"
"2020-12-11","0.300","0.291","0.308","0.284","-1.02%"
"2020-12-10","0.303","0.298","0.308","0.292","-2.23%"
"2020-12-09","0.310","0.295","0.313","0.292","2.04%"
"2020-12-08","0.304","0.301","0.305","0.289","-2.41%"
"2020-12-07","0.311","0.308","0.326","0.302","1.04%"
"2020-12-06","0.308","0.308","0.308","0.308","-5.58%"
"2020-12-04","0.326","0.306","0.326","0.298","3.19%"
"2020-12-03","0.316","0.303","0.321","0.301","-0.41%"
"2020-12-02","0.317","0.303","0.319","0.303","-0.41%"
"2020-12-01","0.319","0.308","0.319","0.296","0.82%"
"2020-11-30","0.316","0.304","0.319","0.304","3.67%"
"2020-11-29","0.305","0.311","0.311","0.305","0.20%"
"2020-11-28","0.304","0.304","0.304","0.304","-2.22%"
"2020-11-27","0.311","0.301","0.316","0.294","0.00%"
"2020-11-26","0.311","0.301","0.317","0.301","-0.38%"
"2020-11-25","0.313","0.302","0.314","0.299","0.39%"
"2020-11-24","0.311","0.291","0.313","0.255","5.53%"
"2020-11-23","0.295","0.295","0.295","0.289","2.15%"
"2020-11-21","0.289","0.289","0.289","0.289","-2.92%"
"2020-11-20","0.298","0.292","0.301","0.240","0.64%"
"2020-11-19","0.296","0.301","0.311","0.293","-3.87%"
"2020-11-18","0.308","0.316","0.316","0.259","-5.38%"
"2020-11-17","0.325","0.322","0.330","0.317","-1.52%"
"2020-11-16","0.330","0.319","0.341","0.318","3.13%"
"2020-11-15","0.320","0.320","0.320","0.320","-2.68%"
"2020-11-13","0.329","0.318","0.334","0.284","-0.36%"
"2020-11-12","0.330","0.328","0.336","0.285","-4.01%"
"2020-11-11","0.344","0.336","0.347","0.292","-2.13%"
"2020-11-10","0.351","0.332","0.361","0.299","-3.09%"
"2020-11-09","0.363","0.314","0.365","0.261","15.56%"
"2020-11-08","0.314","0.314","0.314","0.314","-4.21%"
"2020-11-06","0.327","0.291","0.330","0.291","6.92%"
"2020-11-05","0.306","0.320","0.323","0.246","-6.47%"
"2020-11-04","0.327","0.352","0.356","0.318","-7.43%"
"2020-11-03","0.354","0.354","0.354","0.343","0.37%"
"2020-11-02","0.352","0.341","0.355","0.338","3.28%"
"2020-11-01","0.341","0.340","0.341","0.340","-4.21%"
"2020-10-30","0.356","0.334","0.359","0.332","5.57%"
"2020-10-29","0.338","0.340","0.343","0.327","-1.46%"
"2020-10-28","0.343","0.339","0.347","0.329","-1.81%"
"2020-10-27","0.349","0.351","0.363","0.340","-4.12%"
"2020-10-26","0.364","0.354","0.369","0.324","2.48%"
"2020-10-25","0.355","0.361","0.361","0.355","-4.05%"
"2020-10-23","0.370","0.355","0.374","0.324","3.50%"
"2020-10-22","0.357","0.332","0.357","0.309","5.52%"
"2020-10-21","0.339","0.321","0.350","0.295","3.45%"
"2020-10-20","0.327","0.334","0.334","0.291","-4.74%"
"2020-10-19","0.344","0.327","0.347","0.294","3.00%"
"2020-10-18","0.334","0.332","0.334","0.331","0.39%"
"2020-10-16","0.333","0.339","0.344","0.291","-1.86%"
"2020-10-15","0.339","0.346","0.364","0.300","-4.91%"
"2020-10-14","0.356","0.334","0.365","0.314","4.39%"
"2020-10-13","0.341","0.324","0.349","0.301","1.49%"
"2020-10-12","0.336","0.315","0.338","0.289","6.36%"
"2020-10-11","0.316","0.319","0.319","0.316","-4.90%"
"2020-10-09","0.333","0.313","0.335","0.290","3.10%"
"2020-10-08","0.322","0.326","0.329","0.285","-4.81%"
"2020-10-07","0.339","0.324","0.339","0.292","-0.73%"
"2020-10-06","0.341","0.316","0.344","0.296","5.83%"
"2020-10-05","0.322","0.300","0.324","0.300","7.72%"
"2020-10-04","0.299","0.265","0.299","0.265","1.70%"
"2020-10-03","0.294","0.294","0.294","0.294","-2.68%"
"2020-10-02","0.303","0.297","0.308","0.260","-2.04%"
"2020-10-01","0.309","0.293","0.316","0.290","3.35%"
"2020-09-30","0.299","0.283","0.301","0.250","2.57%"
"2020-09-29","0.291","0.287","0.299","0.250","-2.90%"
"2020-09-28","0.300","0.274","0.305","0.259","8.85%"
"2020-09-27","0.276","0.274","0.276","0.274","-3.74%"
"2020-09-25","0.286","0.261","0.287","0.236","6.51%"
"2020-09-24","0.269","0.261","0.273","0.222","-0.44%"
"2020-09-23","0.270","0.271","0.278","0.231","-6.51%"
"2020-09-22","0.289","0.273","0.273","0.273","0.00%"
"2020-09-21","0.289","0.289","0.289","0.289","1.33%"
"2020-09-18","0.285","0.268","0.286","0.244","1.32%"
"2020-09-17","0.281","0.271","0.282","0.241","2.29%"
"2020-09-16","0.275","0.261","0.279","0.235","0.00%"
"2020-09-15","0.275","0.268","0.275","0.228","0.44%"
"2020-09-14","0.274","0.271","0.280","0.233","-1.33%"
"2020-09-11","0.278","0.285","0.289","0.237","-9.40%"
"2020-09-10","0.306","0.292","0.309","0.255","0.82%"
"2020-09-09","0.304","0.284","0.305","0.254","1.27%"
"2020-09-08","0.300","0.296","0.308","0.248","-4.00%"
"2020-09-07","0.313","0.315","0.319","0.271","-0.19%"
"2020-09-06","0.313","0.274","0.313","0.274","14.35%"
"2020-09-05","0.274","0.274","0.274","0.274","-11.68%"
"2020-09-04","0.310","0.303","0.310","0.264","-1.18%"
"2020-09-03","0.314","0.306","0.319","0.270","-1.97%"
"2020-09-02","0.320","0.319","0.331","0.286","-4.85%"
"2020-09-01","0.336","0.319","0.343","0.295","1.72%"
"2020-08-31","0.331","0.336","0.345","0.323","-1.31%"
"2020-08-30","0.335","0.336","0.336","0.335","-2.19%"
"2020-08-28","0.343","0.329","0.361","0.301","4.17%"
"2020-08-27","0.329","0.306","0.334","0.276","1.17%"
"2020-08-26","0.325","0.294","0.329","0.276","6.56%"
"2020-08-25","0.305","0.285","0.309","0.257","4.70%"
"2020-08-24","0.291","0.289","0.292","0.250","-4.11%"
"2020-08-21","0.304","0.286","0.308","0.261","1.67%"
"2020-08-20","0.299","0.286","0.306","0.257","3.46%"
"2020-08-19","0.289","0.294","0.294","0.243","-4.94%"
"2020-08-18","0.304","0.304","0.305","0.264","-1.62%"
"2020-08-17","0.309","0.306","0.321","0.273","1.25%"
"2020-08-16","0.305","0.306","0.306","0.305","13.47%"
"2020-08-15","0.269","0.269","0.269","0.269","-11.87%"
"2020-08-14","0.305","0.301","0.324","0.265","0.83%"
"2020-08-13","0.303","0.282","0.305","0.240","-4.72%"
"2020-08-12","0.317","0.261","0.319","0.229","17.03%"
"2020-08-11","0.271","0.239","0.276","0.196","19.25%"
"2020-08-10","0.228","0.254","0.254","0.228","-9.43%"
"2020-08-07","0.251","0.226","0.251","0.221","8.60%"
"2020-08-06","0.231","0.227","0.239","0.224","-1.57%"
"2020-08-05","0.235","0.214","0.236","0.164","5.00%"
"2020-08-04","0.224","0.231","0.237","0.213","-7.25%"
"2020-08-03","0.241","0.231","0.246","0.231","4.91%"
"2020-08-02","0.230","0.222","0.230","0.222","-1.63%"
"2020-07-31","0.234","0.229","0.235","0.153","-4.10%"
"2020-07-30","0.244","0.243","0.249","0.231","-2.01%"
"2020-07-29","0.249","0.255","0.255","0.181","-6.11%"
"2020-07-28","0.265","0.266","0.273","0.255","-2.32%"
"2020-07-27","0.271","0.269","0.276","0.266","1.19%"
"2020-07-26","0.268","0.268","0.268","0.268","0.68%"
"2020-07-24","0.266","0.278","0.278","0.266","-4.04%"
"2020-07-23","0.278","0.278","0.278","0.278","4.21%"
"2020-07-22","0.266","0.269","0.281","0.259","-1.84%"
"2020-07-21","0.271","0.287","0.290","0.219","-8.03%"
"2020-07-20","0.295","0.277","0.298","0.237","7.04%"
"2020-07-19","0.276","0.268","0.278","0.268","3.03%"
"2020-07-18","0.268","0.268","0.268","0.268","-6.57%"
"2020-07-17","0.286","0.277","0.289","0.221","-0.87%"
"2020-07-16","0.289","0.296","0.304","0.281","-5.31%"
"2020-07-15","0.305","0.298","0.315","0.295","0.83%"
"2020-07-14","0.303","0.295","0.306","0.290","-5.11%"
"2020-07-13","0.319","0.276","0.320","0.234","14.35%"
"2020-07-10","0.279","0.264","0.279","0.263","0.90%"
"2020-07-09","0.276","0.281","0.286","0.264","-6.75%"
"2020-07-08","0.296","0.301","0.301","0.224","-6.68%"
"2020-07-07","0.317","0.308","0.319","0.292","-1.18%"
"2020-07-06","0.321","0.312","0.324","0.256","3.21%"
"2020-07-05","0.311","0.307","0.311","0.307","-1.95%"
"2020-07-03","0.317","0.325","0.325","0.251","-3.05%"
"2020-07-02","0.327","0.336","0.355","0.295","-3.68%"
"2020-07-01","0.340","0.309","0.343","0.281","10.57%"
"2020-06-30","0.308","0.277","0.311","0.277","9.31%"
"2020-06-29","0.281","0.264","0.284","0.264","6.92%"
"2020-06-28","0.263","0.269","0.269","0.263","-5.63%"
"2020-06-26","0.279","0.273","0.285","0.269","0.00%"
"2020-06-25","0.279","0.279","0.289","0.268","-4.29%"
"2020-06-24","0.291","0.284","0.299","0.278","0.45%"
"2020-06-23","0.290","0.281","0.294","0.271","0.42%"
"2020-06-22","0.289","0.282","0.296","0.281","-1.70%"
"2020-06-19","0.294","0.294","0.294","0.294","-3.29%"
"2020-06-18","0.304","0.304","0.304","0.304","-2.41%"
"2020-06-17","0.311","0.311","0.311","0.311","7.34%"
"2020-06-16","0.290","0.290","0.290","0.290","6.89%"
"2020-06-15","0.271","0.271","0.271","0.271","-4.81%"
"2020-06-12","0.285","0.285","0.285","0.285","4.09%"
"2020-06-11","0.274","0.274","0.274","0.274","-10.96%"
"2020-06-10","0.308","0.308","0.308","0.308","-1.22%"
"2020-06-09","0.311","0.311","0.311","0.311","-16.99%"
"2020-06-08","0.375","0.375","0.375","0.375","-0.98%"
"2020-06-05","0.379","0.379","0.379","0.379","17.43%"
"2020-06-04","0.322","0.322","0.322","0.322","3.20%"
"2020-06-03","0.313","0.313","0.313","0.313","9.15%"
"2020-06-02","0.286","0.286","0.286","0.286","-3.37%"
"2020-06-01","0.296","0.296","0.296","0.296","18.52%"
"2020-05-29","0.250","0.250","0.250","0.250","4.69%"
"2020-05-28","0.239","0.239","0.239","0.239","5.52%"
"2020-05-27","0.226","0.226","0.226","0.226","-1.61%"
"2020-05-26","0.230","0.230","0.230","0.230","1.10%"
"2020-05-25","0.228","0.228","0.228","0.228","13.02%"
"2020-05-22","0.201","0.201","0.201","0.201","-9.04%"
"2020-05-21","0.221","0.221","0.221","0.221","-6.35%"
"2020-05-20","0.236","0.236","0.236","0.236","-6.42%"
"2020-05-19","0.252","0.252","0.252","0.252","1.49%"
"2020-05-18","0.249","0.249","0.249","0.249","4.19%"
"2020-05-15","0.239","0.239","0.239","0.239","3.83%"
"2020-05-14","0.230","0.230","0.230","0.230","-2.13%"
"2020-05-13","0.235","0.235","0.235","0.235","-3.61%"
"2020-05-12","0.244","0.244","0.244","0.244","-7.58%"
"2020-05-11","0.264","0.264","0.264","0.264","7.11%"
"2020-05-08","0.246","0.246","0.246","0.246","5.94%"
"2020-05-07","0.233","0.233","0.233","0.233","0.52%"
"2020-05-06","0.231","0.231","0.231","0.231","0.00%"
"2020-05-05","0.231","0.231","0.231","0.231","0.00%"
"2020-05-04","0.231","0.231","0.231","0.231","0.00%"
"2020-05-01","0.231","0.231","0.231","0.231","6.93%"
"2020-04-30","0.216","0.216","0.216","0.216","0.60%"
"2020-04-29","0.215","0.215","0.215","0.215","0.00%"
"2020-04-28","0.215","0.215","0.215","0.215","0.00%"
"2020-04-27","0.215","0.215","0.215","0.215","4.88%"
"2020-04-24","0.205","0.205","0.205","0.205","2.50%"
"2020-04-23","0.200","0.200","0.200","0.200","-16.25%"
"2020-04-22","0.239","0.239","0.239","0.239","-8.15%"
"2020-04-21","0.260","0.260","0.260","0.260","-10.34%"
"2020-04-20","0.290","0.290","0.290","0.290","2.18%"
"2020-04-17","0.284","0.284","0.284","0.284","12.98%"
"2020-04-16","0.251","0.251","0.251","0.251","4.10%"
"2020-04-15","0.241","0.241","0.241","0.241","-3.01%"
"2020-04-14","0.249","0.249","0.249","0.249","7.57%"
"2020-04-13","0.231","0.231","0.231","0.231","2.80%"
"2020-04-10","0.225","0.225","0.225","0.225","-0.57%"
"2020-04-09","0.226","0.226","0.226","0.226","9.06%"
"2020-04-08","0.207","0.207","0.207","0.207","5.06%"
"2020-04-07","0.198","0.198","0.198","0.198","19.70%"
"2020-04-06","0.165","0.165","0.165","0.165","14.74%"
"2020-04-03","0.144","0.144","0.144","0.144","0.00%"
"2020-04-02","0.144","0.144","0.144","0.144","-13.53%"
"2020-04-01","0.166","0.166","0.166","0.166","5.59%"
"2020-03-31","0.157","0.157","0.157","0.157","-13.13%"
"2020-03-30","0.181","0.181","0.181","0.181","-2.00%"
"2020-03-27","0.185","0.185","0.185","0.185","-7.50%"
"2020-03-26","0.200","0.200","0.200","0.200","-9.09%"
"2020-03-25","0.220","0.220","0.220","0.220","12.82%"
"2020-03-24","0.195","0.195","0.195","0.195","19.05%"
"2020-03-23","0.164","0.164","0.164","0.164","-34.48%"
"2020-03-20","0.250","0.250","0.250","0.250","-1.46%"
"2020-03-19","0.254","0.254","0.254","0.254","-6.04%"
"2020-03-18","0.270","0.270","0.270","0.270","265.85%"
"2020-03-17","0.074","0.074","0.074","0.074","-24.31%"
"2020-03-16","0.097","0.097","0.097","0.097","680.00%"
"2020-03-13","0.013","0.013","0.013","0.013","-90.48%"
"2020-03-12","0.131","0.131","0.131","0.131","16.71%"
"2020-03-11","0.112","0.112","0.112","0.112","2.27%"
"2020-03-10","0.110","0.110","0.110","0.110","485.11%"
"2020-03-09","0.019","0.019","0.019","0.019","-79.96%"
"2020-03-06","0.094","0.094","0.094","0.094","-42.74%"
"2020-03-05","0.164","0.164","0.164","0.164","8.26%"
"2020-03-04","0.151","0.151","0.151","0.151","-9.67%"
"2020-03-03","0.168","0.168","0.168","0.168","22.89%"
"2020-03-02","0.136","0.136","0.136","0.136","28.22%"
"2020-02-28","0.106","0.106","0.106","0.106","-31.42%"
"2020-02-27","0.155","0.155","0.155","0.155","-12.68%"
"2020-02-26","0.177","0.177","0.177","0.177","14.52%"
"2020-02-25","0.155","0.155","0.155","0.155","-23.91%"
"2020-02-24","0.204","0.204","0.204","0.204","-3.00%"
"2020-02-21","0.210","0.210","0.210","0.210","-1.18%"
"2020-02-20","0.213","0.213","0.213","0.213","-14.14%"
"2020-02-19","0.248","0.248","0.248","0.248","10.59%"
"2020-02-18","0.224","0.224","0.224","0.224","-17.11%"
"2020-02-17","0.270","0.270","0.270","0.270","-4.02%"
"2020-02-14","0.281","0.281","0.281","0.281","-1.30%"
"2020-02-13","0.285","0.285","0.285","0.285","2.70%"
"2020-02-12","0.278","0.278","0.278","0.278","9.38%"
"2020-02-11","0.254","0.254","0.254","0.254","0.00%"
"2020-02-10","0.254","0.254","0.254","0.254","-6.90%"
"2020-02-07","0.273","0.273","0.273","0.273","-9.56%"
"2020-02-06","0.301","0.301","0.301","0.301","-3.21%"
"2020-02-05","0.311","0.311","0.311","0.311","9.23%"
"2020-02-04","0.285","0.285","0.285","0.285","6.03%"
"2020-02-03","0.269","0.269","0.269","0.269","1.90%"
"2020-01-31","0.264","0.264","0.264","0.264","1.46%"
"2020-01-30","0.260","0.260","0.260","0.260","-6.74%"
"2020-01-29","0.279","0.279","0.279","0.279","-4.68%"
"2020-01-28","0.292","0.292","0.292","0.292","3.54%"
"2020-01-27","0.282","0.282","0.282","0.282","-11.02%"
"2020-01-24","0.317","0.317","0.317","0.317","0.79%"
"2020-01-23","0.315","0.315","0.315","0.315","-10.97%"
"2020-01-22","0.354","0.354","0.354","0.354","-1.03%"
"2020-01-21","0.357","0.357","0.357","0.357","-5.92%"
"2020-01-20","0.380","0.380","0.380","0.380","2.70%"
"2020-01-17","0.370","0.370","0.370","0.370","-3.27%"
"2020-01-16","0.382","0.382","0.382","0.382","3.38%"
"2020-01-15","0.370","0.370","0.370","0.370","0.00%"
"2020-01-14","0.370","0.370","0.370","0.370","2.41%"
"2020-01-13","0.361","0.361","0.361","0.361","4.33%"
"2020-01-10","0.346","0.346","0.346","0.346","-4.47%"
"2020-01-09","0.363","0.363","0.363","0.363","3.93%"
"2020-01-08","0.349","0.349","0.349","0.349","-2.79%"
"2020-01-07","0.359","0.359","0.359","0.359","1.41%"
"2020-01-06","0.354","0.354","0.354","0.354","-2.08%"
"2020-01-03","0.361","0.361","0.361","0.361","0.00%"
"2020-01-02","0.361","0.361","0.361","0.361","0.00%"
"2020-01-01","0.361","0.361","0.361","0.361","0.00%"
"2019-12-31","0.361","0.361","0.361","0.361","-3.34%"
"2019-12-30","0.374","0.374","0.374","0.374","-0.64%"
"2019-12-27","0.376","0.376","0.376","0.376","3.24%"
"2019-12-26","0.364","0.364","0.364","0.364","3.55%"
"2019-12-25","0.352","0.352","0.352","0.352","-7.71%"
"2019-12-24","0.381","0.381","0.381","0.381","1.68%"
"2019-12-23","0.375","0.375","0.375","0.375","-1.96%"
"2019-12-20","0.382","0.382","0.382","0.382","8.11%"
"2019-12-19","0.354","0.354","0.354","0.354","-0.70%"
"2019-12-18","0.356","0.356","0.356","0.356","2.15%"
"2019-12-17","0.349","0.349","0.349","0.349","-2.10%"
"2019-12-16","0.356","0.356","0.356","0.356","3.28%"
"2019-12-13","0.345","0.345","0.345","0.345","-8.61%"
"2019-12-12","0.377","0.377","0.377","0.377","9.01%"
"2019-12-11","0.346","0.346","0.346","0.346","-2.45%"
"2019-12-10","0.355","0.355","0.355","0.355","-4.70%"
"2019-12-09","0.373","0.373","0.373","0.373","-3.25%"
"2019-12-06","0.385","0.385","0.385","0.385","8.45%"
"2019-12-05","0.355","0.355","0.355","0.355","-4.39%"
"2019-12-04","0.371","0.371","0.371","0.371","16.03%"
"2019-12-03","0.320","0.320","0.320","0.320","-10.81%"
"2019-12-02","0.359","0.359","0.359","0.359","7.10%"
"2019-11-29","0.335","0.335","0.335","0.335","5.95%"
"2019-11-28","0.316","0.316","0.316","0.316","3.67%"
"2019-11-27","0.305","0.305","0.305","0.305","-2.40%"
"2019-11-26","0.313","0.313","0.313","0.313","-5.30%"
"2019-11-25","0.330","0.330","0.330","0.330","0.36%"
"2019-11-22","0.329","0.329","0.329","0.329","3.14%"
"2019-11-21","0.319","0.319","0.319","0.319","-4.12%"
"2019-11-20","0.333","0.333","0.333","0.333","-3.98%"
"2019-11-19","0.346","0.346","0.346","0.346","1.46%"
"2019-11-18","0.341","0.341","0.341","0.341","-3.86%"
"2019-11-15","0.355","0.355","0.355","0.355","5.19%"
"2019-11-14","0.338","0.338","0.338","0.338","-7.86%"
"2019-11-13","0.366","0.366","0.366","0.366","-6.68%"
"2019-11-12","0.393","0.393","0.393","0.393","4.33%"
"2019-11-11","0.376","0.376","0.376","0.376","-0.34%"
"2019-11-08","0.377","0.377","0.377","0.377","2.03%"
"2019-11-07","0.370","0.370","0.370","0.370","20.33%"
"2019-11-06","0.308","0.308","0.308","0.308","2.91%"
"2019-11-05","0.299","0.299","0.299","0.299","20.10%"
"2019-11-04","0.249","0.249","0.249","0.249","-0.96%"
"2019-11-01","0.251","0.251","0.251","0.251","-2.94%"
"2019-10-31","0.259","0.259","0.259","0.259","-15.15%"
"2019-10-30","0.305","0.305","0.305","0.305","-4.69%"
"2019-10-29","0.320","0.320","0.320","0.320","2.01%"
"2019-10-28","0.314","0.314","0.314","0.314","1.19%"
"2019-10-25","0.310","0.310","0.310","0.310","2.04%"
"2019-10-24","0.304","0.304","0.304","0.304","-0.39%"
"2019-10-23","0.305","0.305","0.305","0.305","-1.80%"
"2019-10-22","0.311","0.311","0.311","0.311","-5.54%"
"2019-10-21","0.329","0.329","0.329","0.329","6.93%"
"2019-10-18","0.308","0.308","0.308","0.308","4.66%"
"2019-10-17","0.294","0.294","0.294","0.294","0.00%"
"2019-10-16","0.294","0.294","0.294","0.294","-1.24%"
"2019-10-15","0.298","0.298","0.298","0.298","-1.26%"
"2019-10-14","0.301","0.301","0.301","0.301","-1.63%"
"2019-10-11","0.306","0.306","0.306","0.306","8.42%"
"2019-10-10","0.282","0.282","0.282","0.282","2.24%"
"2019-10-09","0.276","0.276","0.276","0.276","8.91%"
"2019-10-08","0.254","0.254","0.254","0.254","-0.51%"
"2019-10-07","0.255","0.255","0.255","0.255","-1.92%"
"2019-10-04","0.260","0.260","0.260","0.260","5.86%"
"2019-10-03","0.246","0.246","0.246","0.246","-16.75%"
"2019-10-02","0.295","0.295","0.295","0.295","2.15%"
"2019-10-01","0.289","0.289","0.289","0.289","-1.26%"
"2019-09-30","0.292","0.292","0.292","0.292","19.98%"
"2019-09-27","0.244","0.244","0.244","0.244","-1.02%"
"2019-09-26","0.246","0.246","0.246","0.246","-9.61%"
"2019-09-25","0.273","0.273","0.273","0.273","8.48%"
"2019-09-24","0.251","0.251","0.251","0.251","-1.49%"
"2019-09-23","0.255","0.255","0.255","0.255","-5.13%"
"2019-09-20","0.269","0.269","0.269","0.269","0.00%"
"2019-09-19","0.269","0.269","0.269","0.269","2.87%"
"2019-09-18","0.261","0.261","0.261","0.261","-8.32%"
"2019-09-17","0.285","0.285","0.285","0.285","-13.98%"
"2019-09-16","0.331","0.331","0.331","0.331","4.78%"
"2019-09-13","0.316","0.316","0.316","0.316","22.80%"
"2019-09-12","0.257","0.257","0.257","0.257","11.33%"
"2019-09-11","0.231","0.231","0.231","0.231","7.58%"
"2019-09-10","0.215","0.215","0.215","0.215","10.26%"
"2019-09-09","0.195","0.195","0.195","0.195","1.93%"
"2019-09-06","0.191","0.191","0.191","0.191","59.42%"
"2019-09-05","0.120","0.120","0.120","0.120","41.18%"
"2019-09-04","0.085","0.085","0.085","0.085","15.18%"
"2019-09-03","0.074","0.074","0.074","0.074","-36.54%"
"2019-09-02","0.116","0.116","0.116","0.116","-13.85%"
"2019-08-30","0.135","0.135","0.135","0.135","1.89%"
"2019-08-29","0.132","0.132","0.132","0.132","1.92%"
"2019-08-28","0.130","0.130","0.130","0.130","5.01%"
"2019-08-27","0.124","0.124","0.124","0.124","-1.98%"
"2019-08-26","0.126","0.126","0.126","0.126","-19.19%"
"2019-08-23","0.156","0.156","0.156","0.156","-1.57%"
"2019-08-22","0.159","0.159","0.159","0.159","0.00%"
"2019-08-21","0.159","0.159","0.159","0.159","0.00%"
"2019-08-20","0.159","0.159","0.159","0.159","-10.54%"
"2019-08-19","0.177","0.177","0.177","0.177","7.58%"
"2019-08-16","0.165","0.165","0.165","0.165","20.00%"
"2019-08-15","0.138","0.138","0.138","0.138","-12.03%"
"2019-08-14","0.156","0.156","0.156","0.156","-5.27%"
"2019-08-13","0.165","0.165","0.165","0.165","-15.94%"
"2019-08-12","0.196","0.196","0.196","0.196","2.61%"
"2019-08-09","0.191","0.191","0.191","0.191","-17.72%"
"2019-08-08","0.233","0.233","0.233","0.233","1.09%"
"2019-08-07","0.230","0.230","0.230","0.230","-14.43%"
"2019-08-06","0.269","0.269","0.269","0.269","9.14%"
"2019-08-05","0.246","0.246","0.246","0.246","-15.07%"
"2019-08-02","0.290","0.290","0.290","0.290","-12.12%"
"2019-08-01","0.330","0.330","0.330","0.330","2.33%"
"2019-07-31","0.322","0.322","0.322","0.322","-1.92%"
"2019-07-30","0.329","0.329","0.329","0.329","-3.29%"
"2019-07-29","0.340","0.340","0.340","0.340","0.74%"
"2019-07-26","0.338","0.338","0.338","0.338","0.75%"
"2019-07-25","0.335","0.335","0.335","0.335","0.36%"
"2019-07-24","0.334","0.334","0.334","0.334","-2.54%"
"2019-07-23","0.343","0.343","0.343","0.343","0.35%"
"2019-07-22","0.341","0.341","0.341","0.341","-1.07%"
"2019-07-19","0.345","0.345","0.345","0.345","-1.09%"
"2019-07-18","0.349","0.349","0.349","0.349","-1.41%"
"2019-07-17","0.354","0.354","0.354","0.354","-5.65%"
"2019-07-16","0.375","0.375","0.375","0.375","4.52%"
"2019-07-15","0.359","0.359","0.359","0.359","-1.37%"
"2019-07-12","0.364","0.364","0.364","0.364","2.48%"
"2019-07-11","0.355","0.355","0.355","0.355","0.71%"
"2019-07-10","0.352","0.352","0.352","0.352","6.02%"
"2019-07-09","0.333","0.333","0.333","0.333","-0.39%"
"2019-07-08","0.334","0.334","0.334","0.334","-0.36%"
"2019-07-05","0.335","0.335","0.335","0.335","3.46%"
"2019-07-04","0.324","0.324","0.324","0.324","-5.82%"
"2019-07-03","0.344","0.344","0.344","0.344","-8.32%"
"2019-07-02","0.375","0.375","0.375","0.375","-0.32%"
"2019-07-01","0.376","0.376","0.376","0.376","5.23%"
"2019-06-28","0.357","0.357","0.357","0.357","-5.30%"
"2019-06-27","0.377","0.377","0.377","0.377","0.99%"
"2019-06-26","0.374","0.374","0.374","0.374","9.94%"
"2019-06-25","0.340","0.340","0.340","0.340","-0.73%"
"2019-06-24","0.343","0.343","0.343","0.343","0.35%"
"2019-06-21","0.341","0.341","0.341","0.341","14.72%"
"2019-06-20","0.298","0.298","0.298","0.298","-11.85%"
"2019-06-19","0.338","0.338","0.338","0.338","1.87%"
"2019-06-18","0.331","0.331","0.331","0.331","-8.30%"
"2019-06-17","0.361","0.361","0.361","0.361","0.70%"
"2019-06-14","0.359","0.359","0.359","0.359","-4.95%"
"2019-06-13","0.377","0.377","0.377","0.377","8.23%"
"2019-06-12","0.349","0.349","0.349","0.349","-6.69%"
"2019-06-11","0.374","0.374","0.374","0.374","1.71%"
"2019-06-10","0.368","0.368","0.368","0.368","-1.69%"
"2019-06-07","0.374","0.374","0.374","0.374","-4.76%"
"2019-06-06","0.393","0.393","0.393","0.393","-0.96%"
"2019-06-05","0.396","0.396","0.396","0.396","-7.84%"
"2019-06-04","0.430","0.430","0.430","0.430","-2.27%"
"2019-06-03","0.440","0.440","0.440","0.440","-1.96%"
"2019-05-31","0.449","0.449","0.449","0.449","-2.96%"
"2019-05-30","0.463","0.463","0.463","0.463","3.63%"
"2019-05-29","0.446","0.446","0.446","0.446","-3.50%"
"2019-05-28","0.463","0.463","0.463","0.463","-1.72%"
"2019-05-27","0.471","0.471","0.471","0.471","-0.93%"
"2019-05-24","0.475","0.475","0.475","0.475","-0.79%"
"2019-05-23","0.479","0.479","0.479","0.479","-2.05%"
"2019-05-22","0.489","0.489","0.489","0.489","-3.93%"
"2019-05-21","0.509","0.509","0.509","0.509","-0.49%"
"2019-05-20","0.511","0.511","0.511","0.511","3.02%"
"2019-05-17","0.496","0.496","0.496","0.496","2.06%"
"2019-05-16","0.486","0.486","0.486","0.486","-2.51%"
"2019-05-15","0.499","0.499","0.499","0.499","-1.97%"
"2019-05-14","0.509","0.509","0.509","0.509","-0.24%"
"2019-05-13","0.510","0.510","0.510","0.510","-0.25%"
"2019-05-10","0.511","0.511","0.511","0.511","0.00%"
"2019-05-09","0.511","0.511","0.511","0.511","0.25%"
"2019-05-08","0.510","0.510","0.510","0.510","0.00%"
"2019-05-07","0.510","0.510","0.510","0.510","-2.86%"
"2019-05-06","0.525","0.525","0.525","0.525","0.00%"
"2019-05-03","0.525","0.525","0.525","0.525","0.00%"
"2019-05-02","0.525","0.525","0.525","0.525","0.00%"
"2019-05-01","0.525","0.525","0.525","0.525","0.00%"
"2019-04-30","0.525","0.525","0.525","0.525","0.00%"
"2019-04-29","0.525","0.525","0.525","0.525","0.00%"
"2019-04-26","0.525","0.525","0.525","0.525","-3.90%"
"2019-04-25","0.546","0.546","0.546","0.546","5.06%"
"2019-04-24","0.520","0.520","0.520","0.520","-2.13%"
"2019-04-23","0.531","0.531","0.531","0.531","-2.96%"
"2019-04-22","0.548","0.548","0.548","0.548","3.05%"
"2019-04-19","0.531","0.531","0.531","0.531","0.95%"
"2019-04-18","0.526","0.526","0.526","0.526","-3.66%"
"2019-04-17","0.546","0.546","0.546","0.546","3.80%"
"2019-04-16","0.526","0.526","0.526","0.526","-0.94%"
"2019-04-15","0.531","0.531","0.531","0.531","2.17%"
"2019-04-12","0.520","0.520","0.520","0.520","5.58%"
"2019-04-11","0.493","0.493","0.493","0.493","0.24%"
"2019-04-10","0.491","0.491","0.491","0.491","-0.51%"
"2019-04-09","0.494","0.494","0.494","0.494","-1.00%"
"2019-04-08","0.499","0.499","0.499","0.499","-3.15%"
"2019-04-05","0.515","0.515","0.515","0.515","2.22%"
"2019-04-04","0.504","0.504","0.504","0.504","2.29%"
"2019-04-03","0.493","0.493","0.493","0.493","-1.01%"
"2019-04-02","0.498","0.498","0.498","0.498","-1.00%"
"2019-04-01","0.502","0.502","0.502","0.502","2.55%"
"2019-03-29","0.490","0.490","0.490","0.490","0.25%"
"2019-03-28","0.489","0.489","0.489","0.489","-1.25%"
"2019-03-27","0.495","0.495","0.495","0.495","-3.66%"
"2019-03-26","0.514","0.514","0.514","0.514","8.74%"
"2019-03-25","0.472","0.472","0.472","0.472","-4.31%"
"2019-03-22","0.494","0.494","0.494","0.494","-7.70%"
"2019-03-21","0.535","0.535","0.535","0.535","-1.62%"
"2019-03-20","0.544","0.544","0.544","0.544","1.17%"
"2019-03-19","0.538","0.538","0.538","0.538","-2.27%"
"2019-03-18","0.550","0.550","0.550","0.550","0.92%"
"2019-03-15","0.545","0.545","0.545","0.545","-0.24%"
"2019-03-14","0.546","0.546","0.546","0.546","-0.22%"
"2019-03-13","0.548","0.548","0.548","0.548","-2.23%"
"2019-03-12","0.560","0.560","0.560","0.560","0.67%"
"2019-03-11","0.556","0.556","0.556","0.556","0.45%"
"2019-03-08","0.554","0.554","0.554","0.554","-2.84%"
"2019-03-07","0.570","0.570","0.570","0.570","-3.80%"
"2019-03-06","0.592","0.592","0.592","0.592","-4.44%"
"2019-03-05","0.620","0.620","0.620","0.620","1.01%"
"2019-03-04","0.614","0.614","0.614","0.614","1.45%"
"2019-03-01","0.605","0.605","0.605","0.605","0.63%"
"2019-02-28","0.601","0.601","0.601","0.601","3.42%"
"2019-02-27","0.581","0.581","0.581","0.581","2.20%"
"2019-02-26","0.569","0.569","0.569","0.569","1.79%"
"2019-02-25","0.559","0.559","0.559","0.559","1.60%"
"2019-02-22","0.550","0.550","0.550","0.550","-0.90%"
"2019-02-21","0.555","0.555","0.555","0.555","-1.56%"
"2019-02-20","0.564","0.564","0.564","0.564","-1.09%"
"2019-02-19","0.570","0.570","0.570","0.570","-2.78%"
"2019-02-18","0.586","0.586","0.586","0.586","0.43%"
"2019-02-15","0.584","0.584","0.584","0.584","-0.63%"
"2019-02-14","0.587","0.587","0.587","0.587","-2.49%"
"2019-02-13","0.603","0.603","0.603","0.603","2.76%"
"2019-02-12","0.586","0.586","0.586","0.586","3.31%"
"2019-02-11","0.567","0.567","0.567","0.567","0.00%"
"2019-02-08","0.567","0.567","0.567","0.567","-3.40%"
"2019-02-07","0.587","0.587","0.587","0.587","2.84%"
"2019-02-06","0.571","0.571","0.571","0.571","0.00%"
"2019-02-05","0.571","0.571","0.571","0.571","-1.07%"
"2019-02-04","0.577","0.577","0.577","0.577","0.00%"
"2019-02-01","0.577","0.577","0.577","0.577","-2.12%"
"2019-01-31","0.590","0.590","0.590","0.590","-3.88%"
"2019-01-30","0.614","0.614","0.614","0.614","1.24%"
"2019-01-29","0.606","0.606","0.606","0.606","0.85%"
"2019-01-28","0.601","0.601","0.601","0.601","-0.43%"
"2019-01-25","0.604","0.604","0.604","0.604","-1.23%"
"2019-01-24","0.611","0.611","0.611","0.611","-1.21%"
"2019-01-23","0.619","0.619","0.619","0.619","-1.59%"
"2019-01-22","0.629","0.629","0.629","0.629","-1.95%"
"2019-01-21","0.641","0.641","0.641","0.641","0.39%"
"2019-01-18","0.639","0.639","0.639","0.639","2.40%"
"2019-01-17","0.624","0.624","0.624","0.624","0.21%"
"2019-01-16","0.623","0.623","0.623","0.623","0.40%"
"2019-01-15","0.620","0.620","0.620","0.620","0.40%"
"2019-01-14","0.618","0.618","0.618","0.618","0.00%"
"2019-01-11","0.618","0.618","0.618","0.618","-1.98%"
"2019-01-10","0.630","0.630","0.630","0.630","-2.33%"
"2019-01-09","0.645","0.645","0.645","0.645","1.57%"
"2019-01-08","0.635","0.635","0.635","0.635","2.01%"
"2019-01-07","0.623","0.623","0.623","0.623","1.63%"
"2019-01-04","0.613","0.613","0.613","0.613","-3.92%"
"2019-01-03","0.637","0.637","0.637","0.637","0.00%"
"2019-01-02","0.637","0.637","0.637","0.637","-1.36%"
"2019-01-01","0.646","0.646","0.646","0.646","0.00%"
"2018-12-31","0.646","0.646","0.646","0.646","0.98%"
"2018-12-28","0.640","0.640","0.640","0.640","-1.92%"
"2018-12-27","0.652","0.652","0.652","0.652","-2.44%"
"2018-12-26","0.669","0.669","0.669","0.669","2.69%"
"2018-12-25","0.651","0.651","0.651","0.651","-3.15%"
"2018-12-24","0.673","0.673","0.673","0.673","-0.37%"
"2018-12-21","0.675","0.675","0.675","0.675","5.25%"
"2018-12-20","0.641","0.641","0.641","0.641","-7.06%"
"2018-12-19","0.690","0.690","0.690","0.690","-1.43%"
"2018-12-18","0.700","0.700","0.700","0.700","-3.11%"
"2018-12-17","0.723","0.723","0.723","0.723","2.66%"
"2018-12-14","0.704","0.704","0.704","0.704","-3.43%"
"2018-12-13","0.729","0.729","0.729","0.729","0.00%"
"2018-12-12","0.729","0.729","0.729","0.729","1.93%"
"2018-12-11","0.715","0.715","0.715","0.715","1.78%"
"2018-12-10","0.702","0.702","0.702","0.702","-4.10%"
"2018-12-07","0.733","0.733","0.733","0.733","1.03%"
"2018-12-06","0.725","0.725","0.725","0.725","-1.02%"
"2018-12-05","0.733","0.733","0.733","0.733","0.69%"
"2018-12-04","0.728","0.728","0.728","0.728","-4.12%"
"2018-12-03","0.759","0.759","0.759","0.759","0.00%"
"2018-11-30","0.759","0.759","0.759","0.759","2.02%"
"2018-11-29","0.744","0.744","0.744","0.744","-5.69%"
"2018-11-28","0.789","0.789","0.789","0.789","2.10%"
"2018-11-27","0.772","0.772","0.772","0.772","-0.81%"
"2018-11-26","0.779","0.779","0.779","0.779","-1.58%"
"2018-11-23","0.791","0.791","0.791","0.791","0.00%"
"2018-11-22","0.791","0.791","0.791","0.791","0.64%"
"2018-11-21","0.786","0.786","0.786","0.786","-1.56%"
"2018-11-20","0.799","0.799","0.799","0.799","1.76%"
"2018-11-19","0.785","0.785","0.785","0.785","-2.64%"
"2018-11-16","0.806","0.806","0.806","0.806","0.47%"
"2018-11-15","0.803","0.803","0.803","0.803","-1.99%"
"2018-11-14","0.819","0.819","0.819","0.819","-1.50%"
"2018-11-13","0.831","0.831","0.831","0.831","-1.33%"
"2018-11-12","0.842","0.842","0.842","0.842","-0.45%"
"2018-11-09","0.846","0.846","0.846","0.846","-1.02%"
"2018-11-08","0.855","0.855","0.855","0.855","0.88%"
"2018-11-07","0.848","0.848","0.848","0.848","0.44%"
"2018-11-06","0.844","0.844","0.844","0.844","1.20%"
"2018-11-05","0.834","0.834","0.834","0.834","-0.44%"
"2018-11-02","0.837","0.837","0.837","0.837","2.13%"
"2018-11-01","0.820","0.820","0.820","0.820","-2.67%"
"2018-10-31","0.842","0.842","0.842","0.842","2.74%"
"2018-10-30","0.820","0.820","0.820","0.820","1.23%"
"2018-10-29","0.810","0.810","0.810","0.810","0.93%"
"2018-10-26","0.803","0.803","0.803","0.803","-2.59%"
"2018-10-25","0.824","0.824","0.824","0.824","-1.20%"
"2018-10-24","0.834","0.834","0.834","0.834","-2.48%"
"2018-10-23","0.855","0.855","0.855","0.855","-1.87%"
"2018-10-22","0.871","0.871","0.871","0.871","0.58%"
"2018-10-19","0.866","0.866","0.866","0.866","-0.14%"
"2018-10-18","0.868","0.868","0.868","0.868","0.43%"
"2018-10-17","0.864","0.864","0.864","0.864","-0.71%"
"2018-10-16","0.870","0.870","0.870","0.870","1.30%"
"2018-10-15","0.859","0.859","0.859","0.859","0.15%"
"2018-10-12","0.858","0.858","0.858","0.858","0.59%"
"2018-10-11","0.853","0.853","0.853","0.853","-2.16%"
"2018-10-10","0.871","0.871","0.871","0.871","0.15%"
"2018-10-09","0.870","0.870","0.870","0.870","-0.57%"
"2018-10-08","0.875","0.875","0.875","0.875","0.00%"
"2018-10-05","0.875","0.875","0.875","0.875","-0.43%"
"2018-10-04","0.879","0.879","0.879","0.879","3.53%"
"2018-10-03","0.849","0.849","0.849","0.849","0.45%"
"2018-10-02","0.845","0.845","0.845","0.845","-1.46%"
"2018-10-01","0.858","0.858","0.858","0.858","1.32%"
"2018-09-28","0.846","0.846","0.846","0.846","1.96%"
"2018-09-27","0.830","0.830","0.830","0.830","-2.21%"
"2018-09-26","0.849","0.849","0.849","0.849","-0.88%"
"2018-09-25","0.856","0.856","0.856","0.856","1.04%"
"2018-09-24","0.848","0.848","0.848","0.848","-0.29%"
"2018-09-21","0.850","0.850","0.850","0.850","3.03%"
"2018-09-20","0.825","0.825","0.825","0.825","-0.76%"
"2018-09-19","0.831","0.831","0.831","0.831","0.46%"
"2018-09-18","0.827","0.827","0.827","0.827","0.75%"
"2018-09-17","0.821","0.821","0.821","0.821","0.61%"
"2018-09-14","0.816","0.816","0.816","0.816","1.72%"
"2018-09-13","0.803","0.803","0.803","0.803","0.15%"
"2018-09-12","0.801","0.801","0.801","0.801","0.00%"
"2018-09-11","0.801","0.801","0.801","0.801","-0.62%"
"2018-09-10","0.806","0.806","0.806","0.806","0.00%"
"2018-09-07","0.806","0.806","0.806","0.806","0.94%"
"2018-09-06","0.799","0.799","0.799","0.799","-1.99%"
"2018-09-05","0.815","0.815","0.815","0.815","-1.51%"
"2018-09-04","0.827","0.827","0.827","0.827","0.15%"
"2018-09-03","0.826","0.826","0.826","0.826","0.77%"
"2018-08-31","0.820","0.820","0.820","0.820","0.45%"
"2018-08-30","0.816","0.816","0.816","0.816","0.47%"
"2018-08-29","0.813","0.813","0.813","0.813","0.77%"
"2018-08-28","0.806","0.806","0.806","0.806","2.23%"
"2018-08-27","0.789","0.789","0.789","0.789","-2.18%"
"2018-08-24","0.806","0.806","0.806","0.806","-0.15%"
"2018-08-23","0.808","0.808","0.808","0.808","-0.92%"
"2018-08-22","0.815","0.815","0.815","0.815","0.93%"
"2018-08-21","0.808","0.808","0.808","0.808","-0.77%"
"2018-08-20","0.814","0.814","0.814","0.814","-0.45%"
"2018-08-17","0.817","0.817","0.817","0.817","-0.46%"
"2018-08-16","0.821","0.821","0.821","0.821","0.92%"
"2018-08-15","0.814","0.814","0.814","0.814","-0.61%"
"2018-08-14","0.819","0.819","0.819","0.819","2.03%"
"2018-08-13","0.803","0.803","0.803","0.803","-0.31%"
"2018-08-10","0.805","0.805","0.805","0.805","-2.58%"
"2018-08-09","0.826","0.826","0.826","0.826","-0.90%"
"2018-08-08","0.834","0.834","0.834","0.834","0.16%"
"2018-08-07","0.832","0.832","0.832","0.832","2.61%"
"2018-08-06","0.811","0.811","0.811","0.811","-0.31%"
"2018-08-03","0.814","0.814","0.814","0.814","-1.81%"
"2018-08-02","0.829","0.829","0.829","0.829","-0.74%"
"2018-08-01","0.835","0.835","0.835","0.835","8.26%"
"2018-07-31","0.771","0.771","0.771","0.771","-7.07%"
"2018-07-30","0.830","0.830","0.830","0.830","2.62%"
"2018-07-27","0.809","0.809","0.809","0.809","2.38%"
"2018-07-26","0.790","0.790","0.790","0.790","2.93%"
"2018-07-25","0.767","0.767","0.767","0.767","-2.85%"
"2018-07-24","0.790","0.790","0.790","0.790","2.60%"
"2018-07-23","0.770","0.770","0.770","0.770","5.29%"
"2018-07-20","0.731","0.731","0.731","0.731","7.73%"
"2018-07-19","0.679","0.679","0.679","0.679","-1.09%"
"2018-07-18","0.686","0.686","0.686","0.686","0.93%"
"2018-07-17","0.680","0.680","0.680","0.680","-0.37%"
"2018-07-16","0.683","0.683","0.683","0.683","0.37%"
"2018-07-13","0.680","0.680","0.680","0.680","0.55%"
"2018-07-12","0.676","0.676","0.676","0.676","-0.37%"
"2018-07-11","0.679","0.679","0.679","0.679","0.94%"
"2018-07-10","0.673","0.673","0.673","0.673","1.99%"
"2018-07-09","0.659","0.659","0.659","0.659","-1.58%"
"2018-07-06","0.670","0.670","0.670","0.670","-0.74%"
"2018-07-05","0.675","0.675","0.675","0.675","-1.29%"
"2018-07-04","0.684","0.684","0.684","0.684","-0.73%"
"2018-07-03","0.689","0.689","0.689","0.689","0.55%"
"2018-07-02","0.685","0.685","0.685","0.685","-1.27%"
"2018-06-29","0.694","0.694","0.694","0.694","0.00%"
"2018-06-28","0.694","0.694","0.694","0.694","-0.36%"
"2018-06-27","0.696","0.696","0.696","0.696","-0.53%"
"2018-06-26","0.700","0.700","0.700","0.700","0.53%"
"2018-06-25","0.696","0.696","0.696","0.696","-0.53%"
"2018-06-22","0.700","0.700","0.700","0.700","-0.36%"
"2018-06-21","0.702","0.702","0.702","0.702","0.17%"
"2018-06-20","0.701","0.701","0.701","0.701","0.36%"
"2018-06-19","0.699","0.699","0.699","0.699","-1.76%"
"2018-06-18","0.711","0.711","0.711","0.711","0.35%"
"2018-06-15","0.709","0.709","0.709","0.709","-1.21%"
"2018-06-14","0.717","0.717","0.717","0.717","0.00%"
"2018-06-13","0.717","0.717","0.717","0.717","-0.35%"
"2018-06-12","0.720","0.720","0.720","0.720","0.52%"
"2018-06-11","0.716","0.716","0.716","0.716","1.06%"
"2018-06-08","0.709","0.709","0.709","0.709","-1.05%"
"2018-06-07","0.716","0.716","0.716","0.716","-1.20%"
"2018-06-06","0.725","0.725","0.725","0.725","1.21%"
"2018-06-05","0.716","0.716","0.716","0.716","-0.86%"