"日付","終値","始値","高値","安値","変化率 %"
"2026-02-18","2.120","2.100","2.128","2.059","-0.10%"
"2026-02-17","2.122","2.162","2.178","2.109","-2.62%"
"2026-02-16","2.179","2.165","2.217","2.164","0.32%"
"2026-02-13","2.172","2.154","2.225","2.164","-0.28%"
"2026-02-12","2.178","2.184","2.232","2.165","-1.58%"
"2026-02-11","2.213","2.170","2.213","2.183","-0.05%"
"2026-02-10","2.214","2.225","2.255","2.191","-1.47%"
"2026-02-09","2.247","2.219","2.290","2.215","1.35%"
"2026-02-06","2.217","2.169","2.249","2.138","1.09%"
"2026-02-05","2.193","2.203","2.242","2.188","-1.04%"
"2026-02-04","2.216","2.212","2.261","2.209","-0.58%"
"2026-02-03","2.229","2.203","2.264","2.205","0.27%"
"2026-02-02","2.223","2.214","2.255","2.192","0.63%"
"2026-01-30","2.209","2.216","2.249","2.199","-0.76%"
"2026-01-29","2.226","2.225","2.267","2.218","-0.71%"
"2026-01-28","2.242","2.243","2.289","2.214","-0.97%"
"2026-01-27","2.264","2.208","2.295","2.222","1.98%"
"2026-01-26","2.220","2.240","2.273","2.193","-0.85%"
"2026-01-23","2.239","2.212","2.276","2.215","0.77%"
"2026-01-22","2.222","2.268","2.286","2.219","-2.59%"
"2026-01-21","2.281","2.317","2.342","2.261","-2.27%"
"2026-01-20","2.334","2.231","2.385","2.238","3.60%"
"2026-01-19","2.253","2.177","2.272","2.170","3.21%"
"2026-01-16","2.183","2.157","2.205","2.159","0.69%"
"2026-01-15","2.168","2.143","2.182","2.142","0.56%"
"2026-01-14","2.156","2.165","2.209","2.149","-1.06%"
"2026-01-13","2.179","2.083","2.212","2.100","1.59%"
"2026-01-12","2.145","2.148","2.180","2.104","0.70%"
"2026-01-09","2.130","2.071","2.182","2.088","1.33%"
"2026-01-08","2.102","2.100","2.129","2.086","-0.66%"
"2026-01-07","2.116","2.121","2.164","2.114","-0.75%"
"2026-01-06","2.132","2.111","2.168","2.109","0.61%"
"2026-01-05","2.119","2.076","2.162","2.080","0.52%"
"2026-01-02","2.108","2.108","2.108","2.108","0.00%"
"2026-01-01","2.108","2.108","2.108","2.108","0.00%"
"2025-12-31","2.108","2.108","2.108","2.108","0.00%"
"2025-12-30","2.108","2.041","2.110","2.054","2.33%"
"2025-12-29","2.060","2.034","2.091","2.051","0.15%"
"2025-12-26","2.057","2.044","2.071","2.049","0.00%"
"2025-12-25","2.057","2.039","2.069","2.024","0.88%"
"2025-12-24","2.039","2.030","2.089","2.028","-0.39%"
"2025-12-23","2.047","2.063","2.107","2.032","-1.30%"
"2025-12-22","2.074","2.041","2.125","2.040","1.37%"
"2025-12-19","2.046","1.987","2.075","1.993","2.30%"
"2025-12-18","2.000","1.980","2.033","1.989","-0.15%"
"2025-12-17","2.003","1.973","2.042","1.979","0.60%"
"2025-12-16","1.991","1.971","2.019","1.973","-1.78%"
"2025-12-15","2.027","1.967","2.027","1.960","2.95%"
"2025-12-12","1.969","1.948","2.001","1.945","0.46%"
"2025-12-11","1.960","1.942","1.988","1.938","-0.10%"
"2025-12-10","1.962","1.962","1.997","1.957","-0.36%"
"2025-12-09","1.969","1.977","2.002","1.959","-0.91%"
"2025-12-08","1.987","1.958","2.031","1.966","0.71%"
"2025-12-05","1.973","1.933","1.995","1.944","0.71%"
"2025-12-04","1.959","1.902","1.988","1.914","2.57%"
"2025-12-03","1.910","1.882","1.949","1.893","0.74%"
"2025-12-02","1.896","1.875","1.928","1.876","0.16%"
"2025-12-01","1.893","1.830","1.917","1.832","2.99%"
"2025-11-28","1.838","1.803","1.861","1.813","1.21%"
"2025-11-27","1.816","1.800","1.840","1.805","-0.06%"
"2025-11-26","1.817","1.806","1.847","1.807","0.00%"
"2025-11-25","1.817","1.776","1.837","1.787","1.40%"
"2025-11-24","1.792","1.761","1.797","1.791","0.17%"
"2025-11-21","1.789","1.813","1.831","1.782","-1.87%"
"2025-11-20","1.823","1.795","1.865","1.794","0.83%"
"2025-11-19","1.808","1.754","1.822","1.770","1.12%"
"2025-11-18","1.788","1.747","1.807","1.760","1.88%"
"2025-11-17","1.755","1.723","1.789","1.739","0.98%"
"2025-11-14","1.738","1.723","1.765","1.718","0.12%"
"2025-11-13","1.736","1.700","1.761","1.713","1.05%"
"2025-11-12","1.718","1.709","1.749","1.710","0.12%"
"2025-11-11","1.716","1.711","1.747","1.714","-0.69%"
"2025-11-10","1.728","1.692","1.763","1.708","1.53%"
"2025-11-07","1.702","1.687","1.733","1.691","0.65%"
"2025-11-06","1.691","1.660","1.733","1.680","-0.59%"
"2025-11-05","1.701","1.687","1.721","1.679","0.18%"
"2025-11-04","1.698","1.667","1.726","1.687","0.35%"
"2025-11-03","1.692","1.680","1.712","1.687","0.12%"
"2025-10-31","1.690","1.661","1.714","1.671","0.78%"
"2025-10-30","1.677","1.661","1.710","1.668","-1.58%"
"2025-10-29","1.704","1.658","1.712","1.665","2.28%"
"2025-10-28","1.666","1.672","1.703","1.662","-1.36%"
"2025-10-27","1.689","1.673","1.724","1.684","0.12%"
"2025-10-24","1.687","1.681","1.713","1.677","-0.18%"
"2025-10-23","1.690","1.651","1.716","1.663","1.32%"
"2025-10-22","1.668","1.667","1.701","1.660","-0.71%"
"2025-10-21","1.680","1.670","1.712","1.665","-0.24%"
"2025-10-20","1.684","1.648","1.714","1.648","1.26%"
"2025-10-17","1.663","1.640","1.678","1.628","0.54%"
"2025-10-16","1.654","1.639","1.693","1.650","-0.54%"
"2025-10-15","1.663","1.639","1.683","1.649","0.48%"
"2025-10-14","1.655","1.663","1.699","1.648","-2.42%"
"2025-10-13","1.696","1.663","1.701","1.639","1.68%"
"2025-10-10","1.668","1.714","1.745","1.663","-3.14%"
"2025-10-09","1.722","1.714","1.747","1.701","0.17%"
"2025-10-08","1.719","1.708","1.750","1.713","-0.46%"
"2025-10-07","1.727","1.727","1.757","1.711","-1.14%"
"2025-10-06","1.747","1.693","1.765","1.675","2.40%"
"2025-10-03","1.706","1.699","1.728","1.694","-0.29%"
"2025-10-02","1.711","1.694","1.735","1.683","0.47%"
"2025-10-01","1.703","1.680","1.736","1.680","0.95%"
"2025-09-30","1.687","1.657","1.713","1.659","1.14%"
"2025-09-29","1.668","1.658","1.698","1.657","0.12%"
"2025-09-26","1.666","1.643","1.701","1.656","-0.18%"
"2025-09-25","1.669","1.653","1.697","1.653","-0.12%"
"2025-09-24","1.671","1.655","1.685","1.647","-0.12%"
"2025-09-23","1.673","1.660","1.675","1.673","0.48%"
"2025-09-22","1.665","1.636","1.694","1.646","0.91%"
"2025-09-19","1.650","1.603","1.679","1.623","0.36%"
"2025-09-18","1.644","1.613","1.665","1.614","0.74%"
"2025-09-17","1.632","1.617","1.650","1.617","-0.12%"
"2025-09-16","1.634","1.647","1.670","1.608","1.11%"
"2025-09-15","1.616","1.613","1.647","1.615","-0.43%"
"2025-09-12","1.623","1.590","1.646","1.604","1.06%"
"2025-09-11","1.606","1.573","1.630","1.584","1.07%"
"2025-09-10","1.589","1.599","1.624","1.582","-1.37%"
"2025-09-09","1.611","1.578","1.641","1.575","1.00%"
"2025-09-08","1.595","1.575","1.626","1.579","-0.44%"
"2025-09-05","1.602","1.603","1.630","1.592","-0.56%"
"2025-09-04","1.611","1.649","1.665","1.608","-3.36%"
"2025-09-03","1.667","1.643","1.696","1.649","0.85%"
"2025-09-02","1.653","1.639","1.683","1.626","-0.12%"
"2025-09-01","1.655","1.612","1.678","1.618","0.67%"
"2025-08-29","1.644","1.625","1.655","1.640","-0.72%"
"2025-08-28","1.656","1.635","1.665","1.655","-0.60%"
"2025-08-27","1.666","1.643","1.675","1.666","-0.48%"
"2025-08-26","1.674","1.618","1.681","1.648","1.70%"
"2025-08-25","1.646","1.618","1.648","1.646","-0.12%"
"2025-08-22","1.648","1.614","1.649","1.638","0.55%"
"2025-08-21","1.639","1.595","1.640","1.625","0.92%"
"2025-08-20","1.624","1.590","1.639","1.620","0.31%"
"2025-08-19","1.619","1.576","1.626","1.606","0.87%"
"2025-08-18","1.605","1.569","1.605","1.593","0.38%"
"2025-08-15","1.599","1.556","1.599","1.585","0.88%"
"2025-08-14","1.585","1.501","1.585","1.531","3.59%"
"2025-08-13","1.530","1.514","1.545","1.530","-0.84%"
"2025-08-12","1.543","1.496","1.545","1.525","1.18%"
"2025-08-11","1.525","1.495","1.525","1.525","0.00%"
"2025-08-08","1.525","1.478","1.525","1.508","1.26%"
"2025-08-07","1.506","1.489","1.519","1.503","-0.92%"
"2025-08-06","1.520","1.473","1.523","1.503","1.27%"
"2025-08-05","1.501","1.486","1.516","1.489","-1.12%"
"2025-08-04","1.518","1.486","1.531","1.508","0.13%"
"2025-08-01","1.516","1.545","1.579","1.514","-3.81%"
"2025-07-31","1.576","1.560","1.590","1.566","-0.94%"
"2025-07-30","1.591","1.545","1.591","1.575","1.08%"
"2025-07-29","1.574","1.544","1.586","1.574","2.04%"
"2025-07-28","1.543","1.574","1.543","1.538","1.73%"
"2025-07-11","1.516","1.491","1.518","1.516","1.51%"
"2025-07-10","1.494","1.497","1.497","1.489","-0.33%"
"2025-07-09","1.499","1.484","1.500","1.477","0.93%"
"2025-07-08","1.485","1.444","1.485","1.466","2.77%"
"2025-07-07","1.445","1.418","1.447","1.418","1.94%"
"2025-07-04","1.418","1.442","1.439","1.415","-1.65%"
"2025-07-03","1.441","1.418","1.441","1.418","1.77%"
"2025-07-02","1.416","1.400","1.416","1.400","1.25%"
"2025-07-01","1.399","1.404","1.404","1.390","-0.44%"
"2025-06-30","1.405","1.409","1.415","1.405","-0.27%"
"2025-06-27","1.409","1.394","1.409","1.390","1.17%"
"2025-06-26","1.393","1.378","1.393","1.378","1.18%"
"2025-06-25","1.376","1.394","1.394","1.362","-1.34%"
"2025-06-24","1.395","1.391","1.398","1.386","0.18%"
"2025-06-23","1.393","1.384","1.396","1.384","0.63%"
"2025-06-20","1.384","1.385","1.394","1.369","0.00%"
"2025-06-19","1.384","1.395","1.398","1.384","-0.90%"
"2025-06-18","1.396","1.419","1.431","1.396","-1.50%"
"2025-06-17","1.418","1.415","1.446","1.410","0.26%"
"2025-06-16","1.414","1.415","1.440","1.414","-0.08%"
"2025-06-13","1.415","1.410","1.415","1.380","-0.18%"
"2025-06-12","1.418","1.436","1.444","1.418","-1.22%"
"2025-06-11","1.435","1.447","1.447","1.435","-0.95%"
"2025-06-10","1.449","1.430","1.454","1.430","1.40%"
"2025-06-09","1.429","1.423","1.444","1.424","0.44%"
"2025-06-06","1.423","1.428","1.423","1.406","-0.27%"
"2025-06-05","1.426","1.459","1.457","1.418","-2.31%"
"2025-06-04","1.460","1.436","1.467","1.439","1.57%"
"2025-06-03","1.438","1.442","1.442","1.426","-0.44%"
"2025-06-02","1.444","1.430","1.446","1.430","0.97%"
"2025-05-30","1.430","1.420","1.430","1.418","0.79%"
"2025-05-29","1.419","1.434","1.449","1.419","-1.13%"
"2025-05-28","1.435","1.393","1.442","1.393","3.14%"
"2025-05-27","1.391","1.446","1.446","1.369","-3.88%"
"2025-05-26","1.447","1.447","1.447","1.447","0.00%"
"2025-05-23","1.447","1.509","3.089","1.446","-4.14%"
"2025-05-22","1.510","1.480","1.519","1.480","2.11%"
"2025-05-21","1.479","1.462","1.479","1.459","1.02%"
"2025-05-20","1.464","1.425","1.466","1.426","2.63%"
"2025-05-19","1.426","1.415","1.436","1.414","0.80%"
"2025-05-16","1.415","1.416","1.415","1.390","-0.18%"
"2025-05-15","1.418","1.431","1.434","1.418","-1.05%"
"2025-05-14","1.433","1.399","1.433","1.396","2.50%"
"2025-05-13","1.398","1.379","1.403","1.379","1.45%"
"2025-05-12","1.378","1.308","1.398","1.308","5.35%"
"2025-05-09","1.308","1.274","1.314","1.274","2.75%"
"2025-05-08","1.273","1.254","1.283","1.254","1.60%"
"2025-05-07","1.253","1.220","1.258","1.221","2.77%"
"2025-05-05","1.219","1.219","1.219","1.219","0.00%"
"2025-05-02","1.219","1.199","1.219","1.199","1.57%"
"2025-05-01","1.200","1.216","1.219","1.189","-1.44%"
"2025-04-30","1.217","1.247","1.246","1.217","-2.51%"
"2025-04-28","1.249","1.285","1.284","1.240","-2.82%"
"2025-04-25","1.285","1.246","1.286","1.247","3.31%"
"2025-04-24","1.244","1.270","1.268","1.232","-2.16%"
"2025-04-23","1.271","1.224","1.274","1.224","3.78%"
"2025-04-22","1.225","1.222","1.230","1.222","0.30%"
"2025-04-21","1.221","1.222","1.221","1.221","-0.10%"
"2025-04-17","1.222","1.194","1.229","1.194","2.52%"
"2025-04-16","1.192","1.306","1.304","1.175","-8.71%"
"2025-04-15","1.306","1.280","1.311","1.276","1.86%"
"2025-04-14","1.283","1.242","1.290","1.242","3.53%"
"2025-04-11","1.239","1.237","1.278","1.204","0.20%"
"2025-04-10","1.236","1.150","1.275","1.150","7.62%"
"2025-04-09","1.149","1.191","1.191","1.148","-3.77%"
"2025-04-08","1.194","1.074","1.225","1.075","10.92%"
"2025-04-07","1.076","1.117","1.117","1.024","-3.47%"
"2025-04-04","1.115","1.097","1.180","1.072","-13.73%"
"2025-04-03","1.293","1.436","1.436","1.285","-10.09%"
"2025-04-02","1.438","1.456","1.461","1.429","-1.37%"
"2025-04-01","1.457","1.456","1.470","1.450","0.25%"
"2025-03-31","1.454","1.499","1.499","1.444","-3.00%"
"2025-03-28","1.499","1.529","1.529","1.495","-2.12%"
"2025-03-27","1.531","1.548","1.546","1.524","-1.13%"
"2025-03-26","1.549","1.543","1.550","1.538","0.57%"
"2025-03-25","1.540","1.530","1.548","1.530","0.73%"
"2025-03-24","1.529","1.492","1.529","1.492","2.43%"
"2025-03-21","1.492","1.524","1.524","1.492","-1.97%"
"2025-03-19","1.523","1.497","1.524","1.494","1.58%"
"2025-03-18","1.499","1.487","1.500","1.487","0.84%"
"2025-03-17","1.486","1.482","1.486","1.482","0.26%"
"2025-03-14","1.482","1.499","1.499","1.476","-1.17%"
"2025-03-13","1.500","1.481","1.515","1.481","1.52%"
"2025-03-12","1.477","1.484","1.484","1.466","-0.76%"
"2025-03-11","1.489","1.500","1.500","1.470","-0.91%"
"2025-03-10","1.503","1.462","1.518","1.462","2.74%"
"2025-03-07","1.462","1.484","1.484","1.462","-1.60%"
"2025-03-06","1.486","1.471","1.506","1.471","1.11%"
"2025-03-05","1.470","1.411","1.470","1.416","4.26%"
"2025-03-04","1.410","1.433","1.433","1.410","-1.66%"
"2025-03-03","1.434","1.391","1.447","1.393","3.05%"
"2025-02-28","1.391","1.415","1.415","1.381","-1.59%"
"2025-02-27","1.414","1.379","1.426","1.380","2.45%"
"2025-02-26","1.380","1.359","1.389","1.361","1.66%"
"2025-02-25","1.357","1.408","1.406","1.357","-3.47%"
"2025-02-24","1.406","1.406","1.406","1.406","0.00%"
"2025-02-21","1.406","1.460","1.460","1.406","-3.76%"
"2025-02-20","1.461","1.469","1.469","1.442","-0.59%"
"2025-02-19","1.470","1.461","1.480","1.456","0.51%"
"2025-02-18","1.462","1.440","1.467","1.440","1.65%"
"2025-02-17","1.439","1.419","1.439","1.419","1.41%"
"2025-02-14","1.419","1.386","1.419","1.389","2.44%"
"2025-02-13","1.385","1.409","1.409","1.385","-1.77%"
"2025-02-12","1.410","1.347","1.410","1.347","4.83%"
"2025-02-11","1.345","1.345","1.345","1.345","0.00%"
"2025-02-10","1.345","1.356","1.357","1.345","-0.83%"
"2025-02-07","1.356","1.334","1.356","1.334","1.79%"
"2025-02-06","1.332","1.331","1.334","1.319","0.00%"
"2025-02-05","1.332","1.330","1.336","1.325","0.28%"
"2025-02-04","1.329","1.293","1.340","1.296","3.01%"
"2025-02-03","1.290","1.296","1.296","1.285","-0.48%"
"2025-01-31","1.296","1.274","1.298","1.291","1.96%"
"2025-01-30","1.271","1.264","1.279","1.266","0.70%"
"2025-01-29","1.263","1.269","1.269","1.254","-0.69%"
"2025-01-28","1.271","1.264","1.276","1.263","0.70%"
"2025-01-27","1.263","1.294","1.294","1.244","-2.42%"
"2025-01-24","1.294","1.280","1.301","1.280","1.17%"
"2025-01-23","1.279","1.263","1.279","1.263","1.39%"
"2025-01-22","1.261","1.260","1.270","1.258","0.20%"
"2025-01-21","1.259","1.256","1.265","1.258","0.30%"
"2025-01-20","1.255","1.269","1.269","1.255","-1.09%"
"2025-01-17","1.269","1.280","1.279","1.265","-0.98%"
"2025-01-16","1.281","1.298","1.298","1.271","-1.35%"
"2025-01-15","1.299","1.306","1.326","1.296","-0.48%"
"2025-01-14","1.305","1.305","1.309","1.299","0.09%"
"2025-01-13","1.304","1.304","1.304","1.304","0.00%"
"2025-01-10","1.304","1.263","1.304","1.264","3.48%"
"2025-01-09","1.260","1.280","1.280","1.260","-1.75%"
"2025-01-08","1.283","1.256","1.289","1.256","2.19%"
"2025-01-07","1.255","1.247","1.255","1.247","0.70%"
"2025-01-06","1.246","1.205","1.255","1.205","3.43%"
"2025-01-03","1.205","1.205","1.205","1.205","0.00%"
"2025-01-02","1.205","1.205","1.205","1.205","0.00%"
"2025-01-01","1.205","1.205","1.205","1.205","0.00%"
"2024-12-31","1.205","1.205","1.205","1.205","0.00%"
"2024-12-30","1.205","1.229","1.229","1.204","-1.94%"
"2024-12-27","1.229","1.181","1.229","1.183","3.92%"
"2024-12-26","1.183","1.183","1.183","1.183","0.00%"
"2024-12-25","1.183","1.183","1.183","1.183","0.00%"
"2024-12-24","1.183","1.178","1.183","1.178","0.64%"
"2024-12-23","1.175","1.156","1.175","1.158","1.62%"
"2024-12-20","1.156","1.178","1.178","1.156","-2.12%"
"2024-12-19","1.181","1.185","1.185","1.160","-0.42%"
"2024-12-18","1.186","1.190","1.189","1.183","-0.42%"
"2024-12-17","1.191","1.189","1.202","1.189","0.32%"
"2024-12-16","1.188","1.169","1.189","1.169","1.60%"
"2024-12-13","1.169","1.163","1.169","1.159","0.33%"
"2024-12-12","1.165","1.181","1.180","1.163","-1.48%"
"2024-12-11","1.183","1.188","1.190","1.183","-0.53%"
"2024-12-10","1.189","1.179","1.189","1.179","0.96%"
"2024-12-09","1.178","1.166","1.178","1.164","0.96%"
"2024-12-06","1.166","1.195","1.192","1.165","-2.71%"
"2024-12-05","1.199","1.181","1.200","1.181","1.59%"
"2024-12-04","1.180","1.190","1.190","1.180","-0.95%"
"2024-12-03","1.191","1.209","1.209","1.185","-1.55%"
"2024-12-02","1.210","1.183","1.212","1.183","2.33%"
"2024-11-29","1.183","1.189","1.189","1.183","-0.63%"
"2024-11-28","1.190","1.199","1.199","1.190","-0.83%"
"2024-11-27","1.200","1.209","1.217","1.200","-0.52%"
"2024-11-26","1.206","1.201","1.207","1.197","0.52%"
"2024-11-25","1.200","1.201","1.207","1.200","-0.11%"
"2024-11-22","1.201","1.220","1.220","1.201","-1.64%"
"2024-11-21","1.221","1.215","1.226","1.212","0.73%"
"2024-11-20","1.212","1.186","1.215","1.188","2.32%"
"2024-11-19","1.185","1.217","1.216","1.185","-2.77%"
"2024-11-18","1.219","1.217","1.221","1.210","0.11%"
"2024-11-15","1.217","1.201","1.217","1.201","1.46%"
"2024-11-14","1.200","1.183","1.200","1.183","1.69%"
"2024-11-13","1.180","1.164","1.186","1.164","1.51%"
"2024-11-12","1.163","1.148","1.163","1.148","1.53%"
"2024-11-11","1.145","1.135","1.145","1.135","0.88%"
"2024-11-08","1.135","1.131","1.145","1.133","0.44%"
"2024-11-07","1.130","1.136","1.143","1.130","-0.34%"
"2024-11-06","1.134","1.081","1.134","1.081","5.23%"
"2024-11-05","1.077","1.091","1.091","1.070","-1.37%"
"2024-11-04","1.092","1.092","1.092","1.092","0.00%"
"2024-11-01","1.092","1.110","1.110","1.085","-1.69%"
"2024-10-31","1.111","1.110","1.114","1.104","0.00%"
"2024-10-30","1.111","1.133","1.133","1.105","-2.09%"
"2024-10-29","1.135","1.117","1.138","1.117","1.68%"
"2024-10-28","1.116","1.085","1.116","1.115","2.88%"
"2024-10-25","1.085","1.096","1.096","1.080","-1.14%"
"2024-10-24","1.097","1.125","1.124","1.095","-2.56%"
"2024-10-23","1.126","1.115","1.128","1.115","1.12%"
"2024-10-22","1.114","1.120","1.125","1.110","-0.33%"
"2024-10-21","1.117","1.121","1.121","1.104","-0.34%"
"2024-10-18","1.121","1.115","1.134","1.116","0.67%"
"2024-10-17","1.114","1.080","1.114","1.080","3.24%"
"2024-10-16","1.079","1.090","1.091","1.079","-0.92%"
"2024-10-15","1.089","1.080","1.099","1.081","0.93%"
"2024-10-14","1.079","1.079","1.079","1.079","0.00%"
"2024-10-11","1.079","1.075","1.079","1.074","0.35%"
"2024-10-10","1.075","1.075","1.087","1.048","2.75%"
"2024-10-09","1.046","1.048","1.049","1.045","0.00%"
"2024-10-08","1.046","1.046","1.049","1.035","-0.12%"
"2024-10-07","1.048","1.028","1.055","1.040","1.95%"
"2024-10-04","1.028","0.995","1.028","0.995","3.39%"
"2024-10-03","0.994","0.988","0.994","0.981","0.51%"
"2024-10-02","0.989","0.995","0.994","0.981","-0.75%"
"2024-10-01","0.996","1.018","1.016","0.995","-2.21%"
"2024-09-30","1.019","1.026","1.026","1.014","-0.73%"
"2024-09-27","1.026","0.993","1.028","0.967","3.27%"
"2024-09-26","0.994","0.995","1.001","0.993","-0.62%"
"2024-09-25","1.000","0.998","1.000","0.994","0.12%"
"2024-09-24","0.999","1.020","1.020","0.994","-2.20%"
"2024-09-23","1.021","1.021","1.021","1.021","0.00%"
"2024-09-20","1.021","1.031","1.035","1.013","-0.73%"
"2024-09-19","1.029","1.008","1.038","1.008","2.24%"
"2024-09-18","1.006","1.000","1.006","0.995","0.75%"
"2024-09-17","0.999","1.021","1.018","0.991","-2.32%"
"2024-09-16","1.023","1.023","1.023","1.023","0.00%"
"2024-09-13","1.023","1.023","1.025","1.010","-0.37%"
"2024-09-12","1.026","1.008","1.026","1.008","1.87%"
"2024-09-11","1.008","1.026","1.026","1.003","-1.95%"
"2024-09-10","1.028","1.024","1.039","1.024","0.49%"
"2024-09-09","1.023","0.990","1.030","1.023","3.54%"
"2024-09-06","0.988","0.990","1.004","0.984","-1.87%"
"2024-09-05","1.006","1.014","1.014","1.001","-0.86%"
"2024-09-04","1.015","1.050","1.046","1.015","-3.45%"
"2024-09-03","1.051","1.058","1.069","1.051","-0.47%"
"2024-09-02","1.056","1.058","1.058","1.049","0.72%"
"2024-08-30","1.049","1.015","1.049","1.018","1.09%"
"2024-08-29","1.038","1.015","1.040","1.011","1.72%"
"2024-08-28","1.020","1.040","1.044","1.004","-0.61%"
"2024-08-27","1.026","1.003","1.026","1.001","3.02%"
"2024-08-26","0.996","0.996","1.013","0.988","-1.74%"
"2024-08-23","1.014","0.994","1.034","1.001","-0.85%"
"2024-08-22","1.023","0.994","1.023","0.975","2.00%"
"2024-08-21","1.003","1.004","1.024","0.978","-2.20%"
"2024-08-20","1.025","1.013","1.035","0.998","-0.85%"
"2024-08-19","1.034","1.005","1.034","0.988","4.02%"
"2024-08-16","0.994","0.942","1.000","0.976","-0.12%"
"2024-08-15","0.995","0.942","0.998","0.919","6.70%"
"2024-08-14","0.933","0.921","0.951","0.914","-2.49%"
"2024-08-13","0.956","0.956","0.975","0.944","-1.92%"
"2024-08-12","0.975","0.971","0.975","0.962","0.00%"
"2024-08-09","0.975","0.970","1.019","0.971","-4.41%"
"2024-08-08","1.020","0.970","1.053","0.967","-2.16%"
"2024-08-07","1.043","1.020","1.053","0.947","4.25%"
"2024-08-06","1.000","0.980","1.028","0.967","4.71%"
"2024-08-05","0.955","0.904","1.005","0.868","-4.98%"
"2024-08-02","1.005","1.110","1.102","1.004","-8.95%"
"2024-08-01","1.104","1.110","1.144","1.072","-3.60%"
"2024-07-31","1.145","1.121","1.155","1.082","3.85%"
"2024-07-30","1.102","1.066","1.131","1.066","0.57%"
"2024-07-29","1.096","1.074","1.116","1.067","-1.79%"
"2024-07-26","1.116","1.109","1.138","1.096","-1.98%"
"2024-07-25","1.139","1.109","1.155","1.102","-1.51%"
"2024-07-24","1.156","1.129","1.158","1.120","0.87%"
"2024-07-23","1.146","1.124","1.154","1.119","-0.75%"
"2024-07-22","1.155","1.135","1.156","1.112","0.87%"
"2024-07-19","1.145","1.120","1.145","1.107","-0.33%"
"2024-07-18","1.149","1.120","1.151","1.116","0.22%"
"2024-07-17","1.146","1.115","1.149","1.090","0.66%"
"2024-07-16","1.139","1.104","1.161","1.095","-2.04%"
"2024-07-15","1.163","1.136","1.163","1.133","0.00%"
"2024-07-12","1.163","1.169","1.169","1.125","-0.74%"
"2024-07-11","1.171","1.169","1.199","1.149","-2.40%"
"2024-07-10","1.200","1.169","1.204","1.168","-0.21%"
"2024-07-09","1.202","1.175","1.202","1.053","0.00%"
"2024-07-08","1.202","1.180","1.207","1.170","0.94%"
"2024-07-05","1.191","1.179","1.204","1.158","-1.14%"
"2024-07-04","1.205","1.179","1.214","1.175","-0.31%"
"2024-07-03","1.209","1.204","1.232","1.174","-2.02%"
"2024-07-02","1.234","1.210","1.236","1.191","1.12%"
"2024-07-01","1.220","1.191","1.220","1.183","2.52%"
"2024-06-28","1.190","1.179","1.192","1.165","0.21%"
"2024-06-27","1.188","1.179","1.194","1.169","1.50%"
"2024-06-26","1.170","1.169","1.171","1.124","2.74%"
"2024-06-25","1.139","1.122","1.139","1.116","0.66%"
"2024-06-24","1.131","1.116","1.131","1.110","1.92%"
"2024-06-21","1.110","1.090","1.117","1.097","0.68%"
"2024-06-20","1.102","1.090","1.110","1.079","1.38%"
"2024-06-19","1.087","1.072","1.105","1.072","-1.48%"
"2024-06-18","1.104","1.091","1.104","1.079","0.68%"
"2024-06-17","1.096","1.070","1.096","1.066","0.46%"
"2024-06-14","1.091","1.122","1.149","1.069","-5.10%"
"2024-06-13","1.150","1.122","1.150","1.100","0.88%"
"2024-06-12","1.140","1.143","1.186","1.130","-4.00%"
"2024-06-11","1.188","1.170","1.201","1.159","-1.25%"
"2024-06-10","1.202","1.186","1.209","1.166","1.37%"
"2024-06-07","1.186","1.121","1.186","1.115","3.04%"
"2024-06-06","1.151","1.121","1.165","1.106","-1.50%"
"2024-06-05","1.169","1.159","1.186","1.138","-1.06%"
"2024-06-04","1.181","1.164","1.234","1.156","-4.35%"
"2024-06-03","1.235","1.209","1.246","1.194","-0.80%"
"2024-05-31","1.245","1.210","1.250","1.209","1.11%"
"2024-05-30","1.231","1.210","1.256","1.201","-1.60%"
"2024-05-29","1.251","1.250","1.255","1.212","3.20%"
"2024-05-28","1.212","1.185","1.219","1.178","2.65%"
"2024-05-27","1.181","1.181","1.194","1.165","-1.15%"
"2024-05-24","1.195","1.156","1.197","1.158","0.73%"
"2024-05-23","1.186","1.156","1.188","1.150","-0.10%"
"2024-05-22","1.188","1.189","1.192","1.145","2.04%"
"2024-05-21","1.164","1.145","1.174","1.143","-0.95%"
"2024-05-20","1.175","1.145","1.175","1.140","1.08%"
"2024-05-17","1.163","1.102","1.163","1.114","1.86%"
"2024-05-16","1.141","1.102","1.160","1.097","2.02%"
"2024-05-15","1.119","1.135","1.175","1.119","-4.90%"
"2024-05-14","1.176","1.150","1.183","1.146","2.85%"
"2024-05-13","1.144","1.138","1.169","1.110","0.55%"
"2024-05-10","1.138","1.112","1.144","1.102","2.71%"
"2024-05-09","1.107","1.112","1.144","1.102","-1.67%"
"2024-05-08","1.126","1.085","1.126","1.054","5.89%"
"2024-05-07","1.064","1.069","1.133","1.063","-6.28%"
"2024-05-06","1.135","1.099","1.135","1.074","0.00%"
"2024-05-03","1.135","1.135","1.135","1.135","0.00%"
"2024-05-02","1.135","1.124","1.138","1.081","1.11%"
"2024-05-01","1.122","1.124","1.133","1.074","-0.88%"
"2024-04-30","1.133","1.079","1.133","1.071","0.22%"
"2024-04-29","1.130","1.131","1.131","1.081","0.00%"
"2024-04-26","1.130","1.116","1.169","1.089","-3.42%"
"2024-04-25","1.170","1.116","1.170","1.100","1.62%"
"2024-04-24","1.151","1.101","1.151","1.096","1.66%"
"2024-04-23","1.133","1.107","1.149","1.089","0.55%"
"2024-04-22","1.126","1.097","1.140","1.072","2.27%"
"2024-04-19","1.101","1.079","1.121","1.040","-1.89%"
"2024-04-18","1.122","1.079","1.133","1.076","-1.00%"
"2024-04-17","1.134","1.101","1.150","1.095","-0.98%"
"2024-04-16","1.145","1.097","1.146","1.084","1.33%"
"2024-04-15","1.130","1.081","1.130","1.071","1.68%"
"2024-04-12","1.111","1.101","1.129","1.069","-1.55%"
"2024-04-11","1.129","1.101","1.140","1.060","5.86%"
"2024-04-10","1.066","1.020","1.066","1.019","1.55%"
"2024-04-09","1.050","1.049","1.056","1.004","0.72%"
"2024-04-08","1.043","1.044","1.045","0.999","1.71%"
"2024-04-05","1.025","0.994","1.026","0.985","0.36%"
"2024-04-04","1.021","0.994","1.031","0.989","-0.36%"
"2024-04-03","1.025","0.989","1.025","0.983","0.36%"
"2024-04-02","1.021","0.985","1.028","0.961","5.43%"
"2024-04-01","0.969","0.969","0.985","0.967","0.64%"
"2024-03-29","0.962","0.947","0.985","0.939","-2.41%"
"2024-03-28","0.986","0.947","0.991","0.941","-0.75%"
"2024-03-27","0.994","0.966","1.013","0.965","-1.97%"
"2024-03-26","1.014","0.974","1.021","0.974","-0.61%"
"2024-03-25","1.020","0.980","1.020","0.971","0.61%"
"2024-03-22","1.014","0.988","1.028","0.989","-0.98%"
"2024-03-21","1.024","0.988","1.024","0.976","2.25%"
"2024-03-20","1.001","0.973","0.976","0.967","0.00%"
"2024-03-19","1.001","0.978","1.006","0.951","0.13%"
"2024-03-18","1.000","0.978","1.035","0.962","-0.62%"
"2024-03-17","1.006","1.035","1.035","1.000","-2.78%"
"2024-03-15","1.035","1.005","1.050","0.999","-1.55%"
"2024-03-14","1.051","1.005","1.053","0.996","2.07%"
"2024-03-13","1.030","0.991","1.030","0.983","0.24%"
"2024-03-12","1.028","0.998","1.031","0.993","-0.37%"
"2024-03-11","1.031","1.004","1.035","0.996","3.52%"
"2024-03-10","0.996","1.021","1.021","0.975","-2.46%"
"2024-03-09","1.021","1.021","1.021","1.021","0.00%"
"2024-03-08","1.021","0.979","1.021","0.969","0.62%"
"2024-03-07","1.015","0.979","1.015","0.945","4.50%"
"2024-03-06","0.971","0.950","0.980","0.938","-1.02%"
"2024-03-05","0.981","0.961","1.010","0.955","-2.97%"
"2024-03-04","1.011","0.979","1.013","0.962","4.94%"
"2024-03-03","0.964","1.008","1.008","0.964","-4.58%"
"2024-03-01","1.010","1.008","1.014","0.978","-0.49%"
"2024-02-29","1.015","0.990","1.031","0.967","4.10%"
"2024-02-28","0.975","0.975","1.014","0.970","-3.47%"
"2024-02-27","1.010","0.973","1.010","0.970","0.87%"
"2024-02-26","1.001","0.961","1.038","0.961","0.89%"
"2024-02-25","0.993","1.038","1.038","0.993","-0.87%"
"2024-02-23","1.001","1.001","1.001","1.001","0.00%"
"2024-02-22","1.001","1.005","1.040","0.990","-3.96%"
"2024-02-21","1.043","1.005","1.051","1.005","-0.95%"
"2024-02-20","1.053","1.021","1.063","1.019","-1.06%"
"2024-02-19","1.064","1.029","1.077","1.029","2.53%"
"2024-02-18","1.038","1.077","1.077","1.035","-3.71%"
"2024-02-16","1.077","1.030","1.085","1.029","1.17%"
"2024-02-15","1.065","1.030","1.094","1.021","-2.74%"
"2024-02-14","1.095","1.061","1.101","1.041","-0.80%"
"2024-02-13","1.104","1.034","1.106","1.031","3.03%"
"2024-02-12","1.071","1.038","1.071","1.035","0.00%"
"2024-02-11","1.071","1.071","1.071","1.071","0.00%"
"2024-02-09","1.071","1.020","1.072","1.023","0.83%"
"2024-02-08","1.063","1.020","1.063","1.011","-0.12%"
"2024-02-07","1.064","1.031","1.072","1.016","0.00%"
"2024-02-06","1.064","1.036","1.089","1.024","-2.40%"
"2024-02-05","1.090","1.043","1.090","1.031","5.45%"
"2024-02-04","1.034","1.064","1.064","0.985","-2.83%"
"2024-02-03","1.064","1.064","1.064","1.064","0.00%"
"2024-02-02","1.064","1.003","1.064","0.978","2.66%"
"2024-02-01","1.036","1.003","1.074","0.991","-3.61%"
"2024-01-31","1.075","1.048","1.090","1.045","0.00%"
"2024-01-30","1.075","1.031","1.075","1.029","0.11%"
"2024-01-29","1.074","1.035","1.081","1.025","0.94%"
"2024-01-28","1.064","1.064","1.064","1.024","0.00%"
"2024-01-27","1.064","1.064","1.064","1.064","0.00%"
"2024-01-26","1.064","1.066","1.096","1.021","-3.07%"
"2024-01-25","1.097","1.066","1.102","1.025","2.69%"
"2024-01-24","1.069","1.029","1.069","1.025","3.77%"
"2024-01-23","1.030","0.996","1.038","0.944","3.12%"
"2024-01-22","0.999","0.969","1.019","0.951","1.92%"
"2024-01-21","0.980","1.019","1.019","0.980","-3.81%"
"2024-01-20","1.019","1.019","1.019","1.019","0.00%"
"2024-01-19","1.019","0.954","1.021","0.954","3.30%"
"2024-01-18","0.986","0.954","0.994","0.916","5.49%"
"2024-01-17","0.935","0.896","0.938","0.896","1.76%"
"2024-01-16","0.919","0.892","0.920","0.876","3.67%"
"2024-01-15","0.886","0.863","0.897","0.855","1.87%"
"2024-01-14","0.870","0.897","0.897","0.870","-3.06%"
"2024-01-12","0.897","0.886","0.929","0.876","-3.11%"
"2024-01-11","0.926","0.944","0.944","0.885","-1.98%"
"2024-01-10","0.945","0.918","0.952","0.905","-0.26%"
"2024-01-09","0.947","0.938","0.957","0.915","-1.18%"
"2024-01-08","0.959","0.959","0.959","0.938","0.00%"
"2024-01-05","0.959","0.959","0.959","0.959","-1.03%"
"2024-01-04","0.969","0.969","0.969","0.969","-1.39%"
"2024-01-03","0.983","0.983","0.983","0.983","0.00%"
"2024-01-02","0.983","0.983","0.983","0.983","0.00%"
"2024-01-01","0.983","0.983","0.983","0.983","0.00%"
"2023-12-31","0.983","0.983","0.983","0.983","0.00%"
"2023-12-29","0.983","0.934","0.984","0.951","2.74%"
"2023-12-28","0.956","0.934","0.961","0.928","-0.64%"
"2023-12-27","0.962","0.941","0.974","0.930","0.00%"
"2023-12-26","0.962","0.962","0.965","0.950","1.85%"
"2023-12-25","0.945","0.945","0.974","0.918","0.14%"
"2023-12-24","0.944","0.974","0.974","0.944","-3.09%"
"2023-12-22","0.974","0.919","0.976","0.936","2.78%"
"2023-12-21","0.947","0.919","0.947","0.891","3.55%"
"2023-12-20","0.915","0.876","0.939","0.869","-2.66%"
"2023-12-19","0.940","0.911","1.009","0.887","-8.96%"
"2023-12-18","1.033","0.986","1.046","0.986","1.35%"
"2023-12-17","1.019","1.046","1.046","1.008","-2.63%"
"2023-12-15","1.046","0.975","1.063","1.005","2.19%"
"2023-12-14","1.024","0.975","1.060","0.950","-3.53%"
"2023-12-13","1.061","1.025","1.096","0.965","-3.40%"
"2023-12-12","1.099","1.049","1.145","1.031","-4.25%"
"2023-12-11","1.148","1.104","1.185","1.099","-0.43%"
"2023-12-10","1.153","1.185","1.185","1.117","-2.74%"
"2023-12-08","1.185","1.096","1.186","1.105","4.18%"
"2023-12-07","1.138","1.096","1.158","0.990","12.76%"
"2023-12-06","1.009","0.965","1.038","0.954","-3.12%"
"2023-12-05","1.041","1.006","1.091","0.978","-4.69%"
"2023-12-04","1.092","1.034","1.092","1.003","8.17%"
"2023-12-03","1.010","1.092","1.092","1.010","-7.55%"
"2023-12-01","1.092","1.021","1.106","1.044","0.80%"
"2023-11-30","1.084","1.021","1.084","0.965","3.22%"
"2023-11-29","1.050","1.010","1.139","1.005","-8.20%"
"2023-11-28","1.144","1.096","1.148","1.072","-0.22%"
"2023-11-27","1.146","1.104","1.156","1.086","3.63%"
"2023-11-26","1.106","1.156","1.156","1.105","-4.33%"
"2023-11-24","1.156","1.049","1.164","1.055","4.76%"
"2023-11-23","1.104","1.049","1.059","1.049","0.00%"
"2023-11-22","1.104","1.016","1.105","1.013","4.00%"
"2023-11-21","1.061","1.016","1.099","1.000","-4.39%"
"2023-11-20","1.110","1.058","1.115","1.040","3.98%"
"2023-11-19","1.067","1.101","1.101","1.039","-3.07%"
"2023-11-18","1.101","1.101","1.101","1.101","0.00%"
"2023-11-17","1.101","1.096","1.136","1.028","-3.50%"
"2023-11-16","1.141","1.096","1.159","1.070","-1.61%"
"2023-11-15","1.160","1.095","1.181","1.067","-2.01%"
"2023-11-14","1.184","1.156","1.244","1.106","-5.58%"
"2023-11-13","1.254","1.192","1.255","1.171","7.16%"
"2023-11-12","1.170","1.219","1.219","1.160","-4.00%"
"2023-11-11","1.219","1.219","1.219","1.219","0.00%"
"2023-11-10","1.219","1.136","1.226","1.154","1.67%"
"2023-11-09","1.199","1.136","1.204","1.133","-0.72%"
"2023-11-08","1.207","1.154","1.247","1.134","-3.31%"
"2023-11-07","1.249","1.188","1.253","1.179","-0.40%"
"2023-11-06","1.254","1.216","1.286","1.174","2.77%"
"2023-11-05","1.220","1.286","1.286","1.195","-5.15%"
"2023-11-04","1.286","1.260","1.286","1.260","2.08%"
"2023-11-03","1.260","1.260","1.260","1.260","-2.04%"
"2023-11-02","1.286","1.280","1.327","1.227","-3.21%"
"2023-11-01","1.329","1.280","1.345","1.254","3.10%"
"2023-10-31","1.289","1.258","1.342","1.227","1.53%"
"2023-10-30","1.269","1.240","1.341","1.226","3.62%"
"2023-10-29","1.225","1.285","1.285","1.216","-2.49%"
"2023-10-28","1.256","1.256","1.256","1.256","-2.23%"
"2023-10-27","1.285","1.217","1.288","1.211","3.01%"
"2023-10-26","1.247","1.217","1.285","1.210","-1.09%"
"2023-10-25","1.261","1.194","1.261","1.185","3.49%"
"2023-10-24","1.219","1.186","1.255","1.169","-3.27%"
"2023-10-23","1.260","1.259","1.268","1.188","5.78%"
"2023-10-22","1.191","1.221","1.221","1.169","-2.46%"
"2023-10-20","1.221","1.211","1.240","1.158","-1.61%"
"2023-10-19","1.241","1.211","1.242","1.144","3.76%"
"2023-10-18","1.196","1.135","1.196","1.130","4.88%"
"2023-10-17","1.141","1.116","1.186","1.075","0.60%"
"2023-10-16","1.134","1.069","1.134","1.058","4.13%"
"2023-10-15","1.089","1.112","1.112","1.054","-1.02%"
"2023-10-14","1.100","1.100","1.100","1.100","-1.12%"
"2023-10-13","1.112","1.082","1.128","1.063","2.89%"
"2023-10-12","1.081","1.049","1.121","1.045","-3.46%"
"2023-10-11","1.120","1.097","1.165","1.050","-3.97%"
"2023-10-10","1.166","1.097","1.190","1.074","-2.10%"
"2023-10-09","1.191","1.191","1.191","1.099","0.00%"
"2023-10-08","1.191","1.191","1.191","1.191","2.87%"
"2023-10-07","1.158","1.158","1.158","1.158","-2.79%"
"2023-10-06","1.191","1.135","1.196","1.124","-0.63%"
"2023-10-05","1.199","1.124","1.206","1.117","2.79%"
"2023-10-04","1.166","1.114","1.211","1.114","3.67%"
"2023-10-03","1.125","1.104","1.160","1.080","-3.23%"
"2023-10-02","1.163","1.082","1.163","1.082","4.61%"
"2023-10-01","1.111","1.125","1.125","1.069","-1.22%"
"2023-09-30","1.125","1.125","1.125","1.125","0.00%"
"2023-09-29","1.125","1.051","1.133","1.050","2.97%"
"2023-09-28","1.092","1.039","1.134","1.039","0.23%"
"2023-09-27","1.090","1.018","1.090","1.015","1.16%"
"2023-09-26","1.077","1.024","1.084","1.015","0.23%"
"2023-09-25","1.075","1.013","1.075","0.998","6.31%"
"2023-09-24","1.011","1.040","1.065","1.010","-2.77%"
"2023-09-23","1.040","1.040","1.040","1.040","-2.35%"
"2023-09-22","1.065","1.023","1.154","1.004","1.06%"
"2023-09-21","1.054","1.055","1.089","1.015","-0.47%"
"2023-09-20","1.059","1.011","1.072","1.006","-1.17%"
"2023-09-19","1.071","1.036","1.071","1.005","3.51%"
"2023-09-18","1.035","1.034","1.061","1.004","-2.48%"
"2023-09-17","1.061","1.061","1.061","1.061","0.00%"
"2023-09-15","1.061","1.011","1.067","0.994","-0.93%"
"2023-09-14","1.071","1.028","1.074","0.985","3.39%"
"2023-09-13","1.036","1.041","1.065","0.994","-2.82%"
"2023-09-12","1.066","1.005","1.069","1.001","1.19%"
"2023-09-11","1.054","1.006","1.061","0.994","4.60%"
"2023-09-10","1.008","1.003","1.038","0.955","0.50%"
"2023-09-08","1.003","0.947","1.008","0.940","-0.38%"
"2023-09-07","1.006","0.954","1.010","0.941","-0.12%"
"2023-09-06","1.008","0.960","1.010","0.942","-0.38%"
"2023-09-05","1.011","0.949","1.011","0.947","1.51%"
"2023-09-04","0.996","0.940","0.996","0.938","2.12%"
"2023-09-03","0.976","0.985","0.985","0.925","-0.95%"
"2023-09-01","0.985","0.968","0.995","0.921","-1.25%"
"2023-08-31","0.998","0.978","1.005","0.934","1.91%"
"2023-08-30","0.979","0.967","1.004","0.938","0.59%"
"2023-08-29","0.973","0.926","1.003","0.925","-0.33%"
"2023-08-28","0.976","0.947","1.003","0.929","-0.32%"
"2023-08-27","0.979","0.976","1.004","0.941","-2.43%"
"2023-08-25","1.004","0.946","1.010","0.935","-0.74%"
"2023-08-24","1.011","0.939","1.011","0.930","2.53%"
"2023-08-23","0.986","0.950","1.026","0.940","-2.83%"
"2023-08-22","1.015","0.989","1.023","0.950","0.00%"
"2023-08-21","1.015","0.929","1.016","0.929","5.66%"
"2023-08-20","0.961","0.954","0.981","0.921","-2.11%"
"2023-08-18","0.981","0.976","1.010","0.921","0.19%"
"2023-08-17","0.979","0.956","1.014","0.920","3.16%"
"2023-08-16","0.949","0.925","0.989","0.914","-1.68%"
"2023-08-15","0.966","0.951","0.995","0.904","-1.47%"
"2023-08-14","0.980","0.941","0.980","0.908","7.55%"
"2023-08-13","0.911","0.944","0.944","0.875","4.14%"
"2023-08-11","0.875","0.875","0.875","0.875","-7.29%"
"2023-08-10","0.944","0.874","0.944","0.873","2.03%"
"2023-08-09","0.925","0.910","0.945","0.851","0.48%"
"2023-08-08","0.921","0.918","0.967","0.876","-4.98%"
"2023-08-07","0.969","0.935","0.973","0.896","3.68%"
"2023-08-06","0.934","0.953","0.973","0.902","-1.96%"
"2023-08-05","0.953","0.953","0.953","0.953","-1.99%"
"2023-08-04","0.973","0.918","0.988","0.918","2.16%"
"2023-08-03","0.952","0.901","0.988","0.895","-0.98%"
"2023-08-02","0.961","0.871","0.965","0.870","2.54%"
"2023-08-01","0.938","0.870","0.938","0.858","3.95%"
"2023-07-31","0.902","0.846","0.935","0.846","2.56%"
"2023-07-30","0.879","0.881","0.881","0.822","-0.22%"
"2023-07-29","0.881","0.881","0.881","0.881","0.00%"
"2023-07-28","0.881","0.791","0.887","0.761","15.38%"
"2023-07-27","0.764","0.752","0.826","0.692","2.44%"
"2023-07-26","0.746","0.721","0.776","0.704","-1.41%"
"2023-07-25","0.756","0.720","0.779","0.716","1.86%"
"2023-07-24","0.743","0.709","0.776","0.701","-0.17%"
"2023-07-23","0.744","0.751","0.751","0.681","-1.00%"
"2023-07-21","0.751","0.791","0.829","0.668","-9.62%"
"2023-07-20","0.831","0.765","0.831","0.748","0.30%"
"2023-07-19","0.829","0.813","0.837","0.764","-1.19%"
"2023-07-18","0.839","0.800","0.865","0.775","-0.89%"
"2023-07-17","0.846","0.855","0.855","0.801","-1.02%"
"2023-07-16","0.855","0.810","0.855","0.810","0.00%"
"2023-07-14","0.855","0.790","0.869","0.783","2.40%"
"2023-07-13","0.835","0.775","0.835","0.765","0.75%"
"2023-07-12","0.829","0.784","0.853","0.744","2.47%"
"2023-07-11","0.809","0.751","0.811","0.740","2.21%"
"2023-07-10","0.791","0.735","0.822","0.735","8.22%"
"2023-07-09","0.731","0.765","0.766","0.707","-4.42%"
"2023-07-08","0.765","0.765","0.765","0.765","0.00%"
"2023-07-07","0.765","0.714","0.769","0.679","6.07%"
"2023-07-06","0.721","0.649","0.721","0.642","7.24%"
"2023-07-05","0.673","0.685","0.700","0.637","-4.27%"
"2023-07-04","0.702","0.665","0.714","0.645","1.08%"
"2023-07-03","0.695","0.697","0.720","0.654","-0.54%"
"2023-07-02","0.699","0.714","0.714","0.663","-0.61%"
"2023-07-01","0.703","0.703","0.703","0.703","-1.50%"
"2023-06-30","0.714","0.647","0.723","0.647","0.89%"
"2023-06-29","0.707","0.642","0.707","0.636","0.71%"
"2023-06-28","0.702","0.680","0.704","0.640","1.81%"
"2023-06-27","0.690","0.646","0.690","0.613","6.66%"
"2023-06-26","0.647","0.629","0.685","0.605","3.31%"
"2023-06-25","0.626","0.685","0.685","0.626","-8.58%"
"2023-06-23","0.685","0.649","0.694","0.627","-1.44%"
"2023-06-22","0.695","0.642","0.696","0.634","-0.36%"
"2023-06-21","0.697","0.642","0.699","0.636","1.82%"
"2023-06-20","0.685","0.703","0.725","0.641","-5.67%"
"2023-06-19","0.726","0.709","0.733","0.664","8.60%"
"2023-06-18","0.669","0.733","0.733","0.669","-5.74%"
"2023-06-17","0.709","0.709","0.709","0.709","-3.15%"
"2023-06-16","0.733","0.737","0.746","0.666","-2.01%"
"2023-06-15","0.748","0.683","0.754","0.678","2.05%"
"2023-06-14","0.733","0.692","0.741","0.681","-0.68%"
"2023-06-13","0.738","0.688","0.741","0.669","-0.67%"
"2023-06-12","0.743","0.721","0.744","0.674","8.79%"
"2023-06-11","0.683","0.724","0.743","0.683","-8.08%"
"2023-06-09","0.743","0.724","0.752","0.689","-0.51%"
"2023-06-08","0.746","0.692","0.752","0.684","4.47%"
"2023-06-07","0.714","0.678","0.735","0.671","-2.80%"
"2023-06-06","0.735","0.731","0.749","0.675","-2.00%"
"2023-06-05","0.750","0.695","0.755","0.694","3.01%"
"2023-06-04","0.728","0.714","0.739","0.679","-1.45%"
"2023-06-02","0.739","0.715","0.739","0.679","-0.16%"
"2023-06-01","0.740","0.735","0.755","0.683","-2.16%"
"2023-05-31","0.756","0.724","0.756","0.684","2.72%"
"2023-05-30","0.736","0.729","0.759","0.689","3.89%"
"2023-05-29","0.709","0.699","0.746","0.695","-2.92%"
"2023-05-28","0.730","0.725","0.748","0.694","-2.34%"
"2023-05-26","0.748","0.755","0.781","0.691","2.31%"
"2023-05-25","0.731","0.675","0.762","0.675","3.54%"
"2023-05-24","0.706","0.666","0.731","0.664","0.61%"
"2023-05-23","0.701","0.687","0.725","0.647","0.00%"
"2023-05-22","0.701","0.654","0.707","0.639","1.92%"
"2023-05-21","0.688","0.707","0.707","0.655","-3.26%"
"2023-05-19","0.711","0.665","0.712","0.655","0.00%"
"2023-05-18","0.711","0.664","0.711","0.630","8.28%"
"2023-05-17","0.657","0.693","0.706","0.616","-7.32%"
"2023-05-16","0.709","0.669","0.717","0.646","6.19%"
"2023-05-15","0.668","0.684","0.719","0.652","2.50%"
"2023-05-14","0.651","0.692","0.692","0.641","-5.96%"
"2023-05-13","0.692","0.692","0.692","0.692","0.00%"
"2023-05-12","0.692","0.676","0.692","0.611","0.73%"
"2023-05-11","0.688","0.661","0.714","0.636","-4.18%"
"2023-05-10","0.717","0.686","0.734","0.661","-3.04%"
"2023-05-09","0.740","0.720","0.740","0.686","4.14%"
"2023-05-08","0.711","0.710","0.728","0.673","-0.10%"
"2023-05-07","0.711","0.718","0.719","0.680","-0.95%"
"2023-05-06","0.718","0.718","0.718","0.718","-0.10%"
"2023-05-05","0.719","0.719","0.719","0.719","0.00%"
"2023-05-04","0.719","0.719","0.719","0.719","0.00%"
"2023-05-03","0.719","0.719","0.719","0.719","-0.17%"
"2023-05-02","0.720","0.719","0.749","0.683","1.14%"
"2023-05-01","0.712","0.664","0.719","0.660","2.61%"
"2023-04-30","0.694","0.684","0.706","0.647","-1.77%"
"2023-04-29","0.706","0.706","0.706","0.706","0.00%"
"2023-04-28","0.706","0.743","0.797","0.647","-6.52%"
"2023-04-27","0.756","0.715","0.784","0.706","1.68%"
"2023-04-26","0.743","0.741","0.777","0.704","-4.89%"
"2023-04-25","0.781","0.741","0.798","0.706","-2.19%"
"2023-04-24","0.799","0.786","0.803","0.738","1.76%"
"2023-04-23","0.785","0.799","0.799","0.743","-1.73%"
"2023-04-21","0.799","0.746","0.805","0.735","-0.77%"
"2023-04-20","0.805","0.751","0.819","0.745","0.00%"
"2023-04-19","0.805","0.761","0.830","0.752","1.02%"
"2023-04-18","0.797","0.776","0.831","0.761","-4.28%"
"2023-04-17","0.832","0.757","0.836","0.757","10.09%"
"2023-04-16","0.756","0.805","0.805","0.741","-6.06%"
"2023-04-14","0.805","0.733","0.805","0.731","3.03%"
"2023-04-13","0.781","0.721","0.788","0.721","2.21%"
"2023-04-12","0.764","0.741","0.789","0.720","-2.62%"
"2023-04-11","0.785","0.731","0.798","0.710","5.55%"
"2023-04-10","0.744","0.748","0.800","0.734","-4.27%"
"2023-04-09","0.777","0.800","0.800","0.738","1.05%"
"2023-04-08","0.769","0.769","0.769","0.769","4.24%"
"2023-04-07","0.738","0.743","0.791","0.729","-7.81%"
"2023-04-06","0.800","0.781","0.810","0.738","1.19%"
"2023-04-05","0.791","0.772","0.819","0.731","0.55%"
"2023-04-04","0.786","0.712","0.810","0.712","1.62%"
"2023-04-03","0.774","0.712","0.783","0.706","4.03%"
"2023-04-02","0.744","0.760","0.760","0.704","0.34%"
"2023-04-01","0.741","0.741","0.741","0.741","-2.46%"
"2023-03-31","0.760","0.697","0.769","0.670","2.70%"
"2023-03-30","0.740","0.691","0.743","0.660","4.23%"
"2023-03-29","0.710","0.694","0.750","0.652","-5.50%"
"2023-03-28","0.751","0.733","0.774","0.691","-2.74%"
"2023-03-27","0.772","0.679","0.772","0.673","13.60%"
"2023-03-26","0.680","0.716","0.716","0.663","-4.56%"
"2023-03-24","0.712","0.686","0.751","0.664","-1.81%"
"2023-03-23","0.726","0.721","0.784","0.685","-7.86%"
"2023-03-22","0.788","0.700","0.794","0.690","11.70%"
"2023-03-21","0.705","0.631","0.734","0.631","0.00%"
"2023-03-20","0.705","0.666","0.734","0.626","0.63%"
"2023-03-19","0.701","0.749","0.749","0.669","-3.87%"
"2023-03-17","0.729","0.729","0.766","0.689","4.77%"
"2023-03-16","0.696","0.604","0.736","0.604","9.11%"
"2023-03-15","0.637","0.720","0.795","0.605","-4.41%"
"2023-03-14","0.667","0.661","0.724","0.571","-7.22%"
"2023-03-13","0.719","0.866","0.938","0.627","-19.80%"
"2023-03-12","0.896","0.938","0.938","0.868","-3.36%"
"2023-03-11","0.928","0.928","0.928","0.928","-1.07%"
"2023-03-10","0.938","0.989","1.040","0.874","-10.07%"
"2023-03-09","1.043","0.977","1.053","0.942","6.58%"
"2023-03-08","0.978","0.949","1.006","0.945","-2.32%"
"2023-03-07","1.001","0.970","1.001","0.934","0.75%"
"2023-03-06","0.994","0.925","0.994","0.925","4.13%"
"2023-03-05","0.954","0.981","0.981","0.921","-2.74%"
"2023-03-03","0.981","0.924","0.984","0.921","-0.38%"
"2023-03-02","0.985","0.915","0.991","0.913","5.00%"
"2023-03-01","0.938","0.897","0.975","0.879","-0.34%"
"2023-02-28","0.941","0.934","0.993","0.900","0.14%"
"2023-02-27","0.940","0.949","1.004","0.935","-3.59%"
"2023-02-26","0.975","1.004","1.004","0.941","-2.87%"
"2023-02-25","1.004","1.004","1.004","1.004","0.13%"
"2023-02-24","1.003","0.960","1.020","0.939","0.19%"
"2023-02-23","1.001","1.001","1.001","0.961","0.00%"
"2023-02-22","1.001","1.011","1.025","0.995","-2.38%"
"2023-02-21","1.025","0.982","1.025","0.981","4.45%"
"2023-02-20","0.981","0.969","1.003","0.966","1.36%"
"2023-02-19","0.968","1.003","1.003","0.966","-3.43%"
"2023-02-17","1.003","0.976","1.009","0.971","3.68%"
"2023-02-16","0.967","0.974","0.994","0.965","-2.82%"
"2023-02-15","0.995","0.967","0.995","0.955","0.76%"
"2023-02-14","0.988","0.976","1.006","0.954","-2.11%"
"2023-02-13","1.009","1.035","1.035","0.975","-0.18%"
"2023-02-12","1.011","1.034","1.034","1.011","-2.24%"
"2023-02-10","1.034","0.988","1.048","0.988","5.35%"
"2023-02-09","0.981","0.972","1.005","0.972","-2.00%"
"2023-02-08","1.001","0.971","1.001","0.966","3.03%"
"2023-02-07","0.972","0.983","1.004","0.972","-2.32%"
"2023-02-06","0.995","0.966","0.995","0.964","3.11%"
"2023-02-05","0.965","0.995","0.995","0.957","-3.02%"
"2023-02-03","0.995","0.950","0.995","0.946","1.53%"
"2023-02-02","0.980","0.964","1.006","0.946","-0.70%"
"2023-02-01","0.987","0.998","1.023","0.962","-1.31%"
"2023-01-31","1.000","1.018","1.044","0.998","-4.31%"
"2023-01-30","1.045","1.005","1.045","0.984","3.85%"
"2023-01-29","1.006","1.034","1.034","1.006","-2.66%"
"2023-01-28","1.034","1.034","1.034","1.034","1.16%"
"2023-01-27","1.022","0.969","1.036","0.966","5.75%"
"2023-01-26","0.966","0.952","0.978","0.943","1.58%"
"2023-01-25","0.951","0.909","0.967","0.904","1.87%"
"2023-01-24","0.934","0.889","0.938","0.889","1.50%"
"2023-01-23","0.920","0.889","0.921","0.866","3.51%"
"2023-01-22","0.889","0.909","0.909","0.882","0.93%"
"2023-01-21","0.881","0.881","0.881","0.881","-3.10%"
"2023-01-20","0.909","0.904","0.919","0.859","-1.09%"
"2023-01-19","0.919","0.926","0.950","0.885","-3.54%"
"2023-01-18","0.952","1.043","1.056","0.874","-10.04%"
"2023-01-17","1.059","1.079","1.096","1.038","-3.31%"
"2023-01-16","1.095","1.122","1.209","1.062","-2.61%"
"2023-01-15","1.124","1.149","1.149","1.124","-0.17%"
"2023-01-14","1.126","1.126","1.126","1.126","-1.96%"
"2023-01-13","1.149","1.102","1.159","1.097","3.14%"
"2023-01-12","1.114","1.028","1.122","1.023","11.24%"
"2023-01-11","1.001","1.006","1.036","0.989","-3.49%"
"2023-01-10","1.038","0.961","1.041","0.956","5.33%"
"2023-01-09","0.985","0.969","0.985","0.959","0.00%"
"2023-01-08","0.985","0.985","0.985","0.985","0.00%"
"2023-01-06","0.985","0.976","0.995","0.964","-1.13%"
"2023-01-05","0.996","1.011","1.023","0.974","-2.80%"
"2023-01-04","1.025","0.998","1.028","0.996","3.66%"
"2023-01-03","0.989","0.989","0.996","0.989","-2.47%"
"2023-01-02","1.014","1.014","1.014","1.014","0.00%"
"2023-01-01","1.014","1.014","1.014","1.014","0.00%"
"2022-12-30","1.014","0.980","1.014","0.980","1.50%"
"2022-12-29","0.999","0.957","1.006","0.957","2.83%"
"2022-12-28","0.971","0.936","0.977","0.925","4.23%"
"2022-12-27","0.932","0.910","0.938","0.910","2.82%"
"2022-12-26","0.906","0.900","0.920","0.881","0.55%"
"2022-12-25","0.901","0.902","0.920","0.901","-0.20%"
"2022-12-23","0.903","0.865","0.925","0.864","5.63%"
"2022-12-22","0.855","0.863","0.869","0.841","-0.73%"
"2022-12-21","0.861","0.881","0.913","0.859","-1.78%"
"2022-12-20","0.877","0.783","0.967","0.774","10.47%"
"2022-12-19","0.794","0.762","0.794","0.749","4.10%"
"2022-12-18","0.762","0.749","0.762","0.748","1.83%"
"2022-12-16","0.749","0.744","0.757","0.744","0.33%"
"2022-12-15","0.746","0.721","0.746","0.721","5.20%"
"2022-12-14","0.709","0.707","0.720","0.704","-2.15%"
"2022-12-13","0.725","0.734","0.738","0.706","-2.03%"
"2022-12-12","0.740","0.739","0.740","0.712","0.50%"
"2022-12-11","0.736","0.723","0.736","0.712","1.83%"
"2022-12-10","0.723","0.723","0.723","0.723","1.49%"
"2022-12-09","0.712","0.733","0.751","0.712","-5.32%"
"2022-12-08","0.752","0.721","0.752","0.717","1.17%"
"2022-12-07","0.744","0.756","0.766","0.721","-2.77%"
"2022-12-06","0.765","0.744","0.779","0.742","1.15%"
"2022-12-05","0.756","0.726","0.757","0.726","-0.16%"
"2022-12-04","0.757","0.757","0.757","0.757","0.16%"
"2022-12-02","0.756","0.716","0.757","0.714","1.68%"
"2022-12-01","0.744","0.725","0.752","0.716","-1.33%"
"2022-11-30","0.754","0.726","0.754","0.726","2.91%"
"2022-11-29","0.733","0.718","0.738","0.711","1.20%"
"2022-11-28","0.724","0.703","0.724","0.703","0.70%"
"2022-11-27","0.719","0.719","0.719","0.719","0.00%"
"2022-11-25","0.719","0.677","0.719","0.677","5.32%"
"2022-11-24","0.683","0.664","0.683","0.659","1.87%"
"2022-11-23","0.670","0.670","0.670","0.664","-1.30%"
"2022-11-22","0.679","0.665","0.679","0.665","1.50%"
"2022-11-21","0.669","0.661","0.670","0.659","1.13%"
"2022-11-20","0.661","0.660","0.661","0.660","0.20%"
"2022-11-18","0.660","0.644","0.666","0.644","3.43%"
"2022-11-17","0.638","0.634","0.649","0.631","-2.21%"
"2022-11-16","0.652","0.649","0.666","0.636","-0.67%"
"2022-11-15","0.657","0.680","0.699","0.650","-6.16%"
"2022-11-14","0.700","0.658","0.709","0.658","4.48%"
"2022-11-13","0.670","0.656","0.670","0.656","2.09%"
"2022-11-12","0.656","0.656","0.656","0.656","-2.04%"
"2022-11-11","0.670","0.644","0.699","0.639","-4.96%"
"2022-11-10","0.705","0.711","0.740","0.643","-4.90%"
"2022-11-09","0.741","0.749","0.780","0.711","-3.96%"
"2022-11-08","0.772","0.767","0.793","0.750","-1.04%"
"2022-11-07","0.780","0.777","0.798","0.764","0.24%"
"2022-11-06","0.778","0.779","0.798","0.778","-0.17%"
"2022-11-04","0.779","0.749","0.800","0.736","8.43%"
"2022-11-03","0.719","0.721","0.748","0.721","-2.71%"
"2022-11-02","0.739","0.711","0.741","0.708","1.55%"
"2022-11-01","0.728","0.681","0.728","0.681","6.50%"
"2022-10-31","0.683","0.676","0.701","0.641","0.92%"
"2022-10-30","0.677","0.671","0.685","0.671","0.94%"
"2022-10-29","0.671","0.671","0.671","0.671","-2.10%"
"2022-10-28","0.685","0.665","0.699","0.642","-1.08%"
"2022-10-27","0.692","0.701","0.730","0.666","-2.89%"
"2022-10-26","0.713","0.738","0.767","0.680","-6.41%"
"2022-10-25","0.762","0.800","0.816","0.740","-4.09%"
"2022-10-24","0.794","0.793","0.820","0.773","0.16%"
"2022-10-23","0.793","0.820","0.820","0.793","-3.28%"
"2022-10-21","0.820","0.749","0.825","0.749","9.42%"
"2022-10-20","0.749","0.726","0.771","0.726","1.09%"
"2022-10-19","0.741","0.711","0.744","0.706","1.37%"
"2022-10-18","0.731","0.698","0.733","0.697","4.85%"
"2022-10-17","0.697","0.675","0.726","0.675","3.43%"
"2022-10-16","0.674","0.666","0.692","0.666","1.32%"
"2022-10-15","0.666","0.666","0.666","0.666","-3.88%"
"2022-10-14","0.692","0.673","0.702","0.656","-1.61%"
"2022-10-13","0.704","0.664","0.704","0.663","6.33%"
"2022-10-12","0.662","0.653","0.686","0.646","2.32%"
"2022-10-11","0.647","0.645","0.673","0.637","3.92%"
"2022-10-10","0.623","0.641","0.644","0.623","-2.93%"
"2022-10-09","0.641","0.641","0.641","0.641","3.02%"
"2022-10-07","0.623","0.621","0.642","0.616","-1.39%"
"2022-10-06","0.631","0.604","0.631","0.600","2.43%"
"2022-10-05","0.616","0.587","0.616","0.580","3.37%"
"2022-10-04","0.596","0.591","0.623","0.576","-4.81%"
"2022-10-03","0.626","0.630","0.650","0.592","-0.68%"
"2022-10-02","0.631","0.646","0.646","0.627","0.69%"
"2022-10-01","0.626","0.626","0.626","0.626","-0.10%"
"2022-09-30","0.627","0.658","0.680","0.626","-7.98%"
"2022-09-29","0.681","0.657","0.692","0.645","-1.80%"
"2022-09-28","0.694","0.691","0.719","0.656","0.19%"
"2022-09-27","0.692","0.679","0.717","0.673","2.40%"
"2022-09-26","0.676","0.618","0.684","0.618","9.74%"
"2022-09-25","0.616","0.618","0.618","0.576","6.94%"
"2022-09-24","0.576","0.576","0.576","0.576","-6.67%"
"2022-09-23","0.618","0.618","0.618","0.618","0.00%"
"2022-09-22","0.618","0.634","0.663","0.574","-2.46%"
"2022-09-21","0.633","0.657","0.684","0.624","-7.07%"
"2022-09-20","0.681","0.609","0.685","0.599","12.37%"
"2022-09-19","0.606","0.627","0.627","0.606","-3.38%"
"2022-09-18","0.627","0.627","0.627","0.627","3.50%"
"2022-09-16","0.606","0.576","0.630","0.575","3.64%"
"2022-09-15","0.585","0.547","0.606","0.543","0.86%"
"2022-09-14","0.580","0.554","0.587","0.534","2.42%"
"2022-09-13","0.566","0.556","0.575","0.522","-1.74%"
"2022-09-12","0.576","0.573","0.595","0.556","0.77%"
"2022-09-11","0.572","0.595","0.595","0.572","-3.88%"
"2022-09-09","0.595","0.593","0.610","0.577","-3.46%"
"2022-09-08","0.616","0.576","0.620","0.563","5.35%"
"2022-09-07","0.585","0.584","0.624","0.577","0.43%"
"2022-09-06","0.582","0.533","0.582","0.526","4.24%"
"2022-09-05","0.559","0.538","0.559","0.527","3.85%"
"2022-09-04","0.538","0.558","0.558","0.538","-3.48%"
"2022-09-03","0.558","0.558","0.558","0.558","0.00%"
"2022-09-02","0.558","0.534","0.570","0.533","5.69%"
"2022-09-01","0.527","0.512","0.548","0.512","5.37%"
"2022-08-31","0.501","0.502","0.522","0.498","-0.50%"
"2022-08-30","0.503","0.529","0.531","0.502","-6.94%"
"2022-08-29","0.541","0.510","0.541","0.504","7.58%"
"2022-08-28","0.502","0.504","0.504","0.491","2.68%"
"2022-08-27","0.489","0.489","0.489","0.489","-2.86%"
"2022-08-26","0.504","0.484","0.506","0.477","3.88%"
"2022-08-25","0.485","0.502","0.515","0.481","-3.96%"
"2022-08-24","0.505","0.483","0.505","0.476","4.66%"
"2022-08-23","0.482","0.486","0.489","0.470","1.30%"
"2022-08-22","0.476","0.461","0.486","0.458","3.41%"
"2022-08-21","0.461","0.460","0.462","0.444","0.13%"
"2022-08-20","0.460","0.460","0.460","0.460","0.00%"
"2022-08-19","0.460","0.423","0.460","0.422","7.75%"
"2022-08-18","0.427","0.416","0.433","0.411","1.33%"
"2022-08-17","0.421","0.412","0.423","0.403","0.91%"
"2022-08-16","0.417","0.409","0.417","0.406","0.89%"
"2022-08-15","0.414","0.419","0.428","0.409","-1.48%"
"2022-08-14","0.420","0.428","0.429","0.420","-2.19%"
"2022-08-12","0.429","0.426","0.433","0.414","4.10%"
"2022-08-11","0.412","0.417","0.425","0.417","0.00%"
"2022-08-10","0.412","0.406","0.423","0.406","0.61%"
"2022-08-09","0.410","0.414","0.419","0.404","-1.35%"
"2022-08-08","0.416","0.430","0.436","0.416","-3.21%"
"2022-08-07","0.429","0.433","0.433","0.414","3.95%"
"2022-08-05","0.413","0.416","0.433","0.406","-4.22%"
"2022-08-04","0.431","0.427","0.435","0.415","-1.42%"
"2022-08-03","0.438","0.432","0.438","0.423","4.17%"
"2022-08-02","0.420","0.425","0.433","0.410","-4.00%"
"2022-08-01","0.438","0.445","0.451","0.423","-1.55%"
"2022-07-31","0.444","0.441","0.444","0.441","0.14%"
"2022-07-30","0.444","0.444","0.444","0.444","0.57%"
"2022-07-29","0.441","0.434","0.456","0.433","-3.14%"
"2022-07-28","0.456","0.447","0.480","0.435","1.38%"
"2022-07-27","0.449","0.436","0.469","0.435","0.69%"
"2022-07-26","0.446","0.442","0.460","0.436","-1.37%"
"2022-07-25","0.452","0.422","0.460","0.411","7.58%"
"2022-07-24","0.421","0.438","0.438","0.421","-4.41%"
"2022-07-22","0.440","0.498","0.525","0.438","-16.79%"
"2022-07-21","0.529","0.527","0.544","0.499","-0.92%"
"2022-07-20","0.534","0.534","0.540","0.525","-0.48%"
"2022-07-19","0.536","0.505","0.538","0.505","5.16%"
"2022-07-18","0.510","0.510","0.510","0.503","0.00%"
"2022-07-17","0.510","0.510","0.510","0.510","0.00%"
"2022-07-15","0.510","0.547","0.550","0.502","-7.69%"
"2022-07-14","0.553","0.540","0.556","0.529","2.56%"
"2022-07-13","0.539","0.534","0.564","0.533","2.36%"
"2022-07-12","0.526","0.551","0.560","0.526","-6.65%"
"2022-07-11","0.564","0.553","0.579","0.551","2.16%"
"2022-07-10","0.552","0.563","0.563","0.541","-1.45%"
"2022-07-08","0.560","0.529","0.563","0.529","4.93%"
"2022-07-07","0.534","0.524","0.535","0.498","-0.24%"
"2022-07-06","0.535","0.537","0.551","0.513","-0.82%"
"2022-07-05","0.539","0.560","0.576","0.539","-6.60%"
"2022-07-04","0.577","0.530","0.579","0.526","8.84%"
"2022-07-03","0.531","0.560","0.560","0.531","-5.25%"
"2022-07-01","0.560","0.564","0.596","0.557","-6.48%"
"2022-06-30","0.599","0.588","0.618","0.566","0.32%"
"2022-06-29","0.597","0.609","0.637","0.591","-2.15%"
"2022-06-28","0.610","0.596","0.639","0.595","1.24%"
"2022-06-27","0.603","0.557","0.605","0.551","8.30%"
"2022-06-26","0.556","0.564","0.564","0.550","-1.33%"
"2022-06-24","0.564","0.553","0.565","0.536","-0.44%"
"2022-06-23","0.566","0.591","0.614","0.551","-5.81%"
"2022-06-22","0.601","0.609","0.639","0.592","0.62%"
"2022-06-21","0.598","0.612","0.636","0.597","-5.91%"
"2022-06-20","0.635","0.593","0.635","0.590","6.83%"
"2022-06-19","0.594","0.632","0.632","0.594","-2.16%"
"2022-06-18","0.608","0.608","0.608","0.608","-3.95%"
"2022-06-17","0.632","0.665","0.709","0.586","-8.84%"
"2022-06-16","0.694","0.618","0.728","0.592","2.79%"
"2022-06-15","0.675","0.608","0.725","0.596","-1.29%"
"2022-06-14","0.684","0.641","0.684","0.641","6.84%"
"2022-06-13","0.640","0.519","0.640","0.486","23.22%"
"2022-06-12","0.519","0.536","0.536","0.493","-3.15%"
"2022-06-10","0.536","0.488","0.536","0.482","2.64%"
"2022-06-09","0.522","0.477","0.522","0.472","5.28%"
"2022-06-08","0.496","0.456","0.498","0.456","4.75%"
"2022-06-07","0.474","0.452","0.485","0.452","5.15%"
"2022-06-06","0.451","0.455","0.466","0.447","-0.84%"
"2022-06-05","0.454","0.465","0.465","0.446","1.97%"
"2022-06-04","0.446","0.446","0.446","0.446","0.00%"
"2022-06-03","0.446","0.459","0.465","0.441","-3.26%"
"2022-06-02","0.461","0.457","0.463","0.451","-0.95%"
"2022-06-01","0.465","0.462","0.469","0.452","-0.53%"
"2022-05-31","0.468","0.436","0.470","0.436","5.65%"
"2022-05-30","0.442","0.421","0.445","0.421","5.66%"
"2022-05-29","0.419","0.424","0.424","0.419","-2.33%"
"2022-05-28","0.429","0.424","0.429","0.424","0.00%"
"2022-05-27","0.429","0.439","0.439","0.419","-2.55%"
"2022-05-26","0.440","0.399","0.447","0.398","8.96%"
"2022-05-25","0.404","0.398","0.407","0.389","-1.22%"
"2022-05-24","0.409","0.442","0.452","0.399","-7.62%"
"2022-05-23","0.442","0.442","0.460","0.437","0.00%"
"2022-05-22","0.442","0.460","0.460","0.442","-3.80%"
"2022-05-21","0.460","0.449","0.460","0.449","0.00%"
"2022-05-20","0.460","0.464","0.477","0.445","-3.93%"
"2022-05-19","0.479","0.464","0.486","0.461","1.33%"
"2022-05-18","0.472","0.481","0.490","0.463","-3.83%"
"2022-05-17","0.491","0.465","0.491","0.465","2.08%"
"2022-05-16","0.481","0.477","0.490","0.466","0.80%"
"2022-05-15","0.477","0.490","0.490","0.476","0.25%"
"2022-05-14","0.476","0.476","0.476","0.476","-2.80%"
"2022-05-13","0.490","0.472","0.493","0.466","-0.77%"
"2022-05-12","0.494","0.492","0.520","0.473","-5.28%"
"2022-05-11","0.521","0.496","0.522","0.493","0.48%"
"2022-05-10","0.519","0.499","0.527","0.492","-1.43%"
"2022-05-09","0.526","0.500","0.529","0.499","5.13%"
"2022-05-08","0.501","0.511","0.511","0.495","-2.09%"
"2022-05-07","0.511","0.493","0.511","0.493","0.00%"
"2022-05-06","0.511","0.484","0.511","0.481","5.42%"
"2022-05-05","0.485","0.472","0.484","0.472","0.00%"
"2022-05-04","0.485","0.485","0.485","0.485","0.00%"
"2022-05-03","0.485","0.479","0.485","0.479","2.78%"
"2022-05-02","0.472","0.472","0.480","0.471","0.13%"
"2022-05-01","0.471","0.477","0.477","0.464","-1.30%"
"2022-04-30","0.477","0.477","0.477","0.477","0.00%"
"2022-04-29","0.477","0.477","0.477","0.477","0.00%"
"2022-04-28","0.477","0.486","0.488","0.447","-1.67%"
"2022-04-27","0.486","0.477","0.496","0.475","0.00%"
"2022-04-26","0.486","0.494","0.506","0.477","-2.88%"
"2022-04-25","0.500","0.512","0.529","0.491","-2.44%"
"2022-04-24","0.512","0.529","0.529","0.512","-3.08%"
"2022-04-23","0.529","0.516","0.529","0.516","0.00%"
"2022-04-22","0.529","0.531","0.544","0.514","-2.97%"
"2022-04-21","0.545","0.486","0.545","0.479","9.26%"
"2022-04-20","0.499","0.484","0.505","0.480","4.46%"
"2022-04-19","0.477","0.459","0.482","0.452","3.80%"
"2022-04-18","0.460","0.468","0.468","0.450","-1.73%"
"2022-04-17","0.468","0.450","0.468","0.450","4.02%"
"2022-04-16","0.450","0.450","0.450","0.450","-3.62%"
"2022-04-15","0.467","0.456","0.467","0.454","3.76%"
"2022-04-14","0.450","0.467","0.469","0.440","-4.26%"
"2022-04-13","0.470","0.459","0.481","0.459","-1.45%"
"2022-04-12","0.477","0.458","0.482","0.458","0.93%"
"2022-04-11","0.472","0.447","0.475","0.446","5.28%"
"2022-04-10","0.449","0.449","0.449","0.449","0.00%"
"2022-04-09","0.449","0.446","0.449","0.446","0.00%"
"2022-04-08","0.449","0.443","0.451","0.433","0.29%"
"2022-04-07","0.447","0.435","0.454","0.434","-1.65%"
"2022-04-06","0.455","0.414","0.458","0.414","9.64%"
"2022-04-05","0.415","0.386","0.416","0.381","6.93%"
"2022-04-04","0.388","0.399","0.406","0.387","-2.83%"
"2022-04-03","0.399","0.406","0.406","0.399","-0.30%"
"2022-04-01","0.401","0.334","0.406","0.334","16.96%"
"2022-03-31","0.343","0.435","0.444","0.331","-23.03%"
"2022-03-30","0.445","0.457","0.505","0.412","-11.88%"
"2022-03-29","0.505","0.465","0.509","0.458","5.47%"
"2022-03-28","0.479","0.419","0.491","0.419","14.68%"
"2022-03-27","0.417","0.420","0.420","0.407","-0.60%"
"2022-03-26","0.420","0.406","0.420","0.406","-0.90%"
"2022-03-25","0.424","0.391","0.424","0.387","7.97%"
"2022-03-24","0.393","0.372","0.394","0.368","3.64%"
"2022-03-23","0.379","0.368","0.382","0.363","4.47%"
"2022-03-22","0.363","0.361","0.387","0.340","3.19%"
"2022-03-21","0.351","0.338","0.361","0.338","4.09%"
"2022-03-20","0.338","0.338","0.338","0.338","0.00%"
"2022-03-19","0.338","0.348","0.348","0.338","0.00%"
"2022-03-18","0.338","0.346","0.354","0.338","-2.17%"
"2022-03-17","0.345","0.346","0.360","0.339","0.73%"
"2022-03-16","0.343","0.338","0.359","0.333","3.01%"
"2022-03-15","0.333","0.339","0.346","0.324","-2.92%"
"2022-03-14","0.343","0.328","0.349","0.304","4.58%"
"2022-03-13","0.327","0.304","0.327","0.304","7.80%"
"2022-03-12","0.304","0.319","0.319","0.304","-6.90%"
"2022-03-11","0.326","0.324","0.329","0.304","1.18%"
"2022-03-10","0.322","0.311","0.325","0.292","11.21%"
"2022-03-09","0.290","0.306","0.310","0.286","0.00%"
"2022-03-08","0.290","0.284","0.310","0.275","5.92%"
"2022-03-07","0.274","0.263","0.289","0.262","4.30%"
"2022-03-06","0.262","0.264","0.283","0.262","-0.49%"
"2022-03-05","0.264","0.264","0.264","0.264","-0.45%"
"2022-03-04","0.265","0.306","0.306","0.264","-12.02%"
"2022-03-03","0.301","0.289","0.307","0.265","5.72%"
"2022-03-02","0.285","0.271","0.288","0.244","0.85%"
"2022-03-01","0.282","0.304","0.314","0.268","-9.95%"
"2022-02-28","0.314","0.325","0.336","0.286","-3.65%"
"2022-02-27","0.326","0.330","0.330","0.325","0.18%"
"2022-02-26","0.325","0.325","0.325","0.325","-3.36%"
"2022-02-25","0.336","0.298","0.345","0.298","13.50%"
"2022-02-24","0.296","0.304","0.327","0.290","-2.85%"
"2022-02-23","0.305","0.314","0.321","0.314","0.00%"
"2022-02-22","0.305","0.329","0.329","0.294","-10.95%"
"2022-02-21","0.343","0.341","0.348","0.330","0.56%"
"2022-02-20","0.341","0.345","0.357","0.340","-1.28%"
"2022-02-19","0.345","0.345","0.345","0.345","0.00%"
"2022-02-18","0.345","0.358","0.373","0.345","-3.17%"
"2022-02-17","0.356","0.357","0.379","0.346","-1.74%"
"2022-02-16","0.363","0.350","0.364","0.344","1.40%"
"2022-02-15","0.358","0.338","0.359","0.326","4.01%"
"2022-02-14","0.344","0.322","0.344","0.306","12.24%"
"2022-02-12","0.306","0.306","0.306","0.306","-9.27%"
"2022-02-11","0.338","0.333","0.338","0.333","1.90%"
"2022-02-10","0.331","0.316","0.344","0.306","6.42%"
"2022-02-09","0.311","0.337","0.337","0.308","-6.91%"
"2022-02-08","0.334","0.335","0.363","0.334","2.86%"
"2022-02-07","0.325","0.294","0.334","0.145","10.20%"
"2022-02-06","0.295","0.145","0.300","0.145","103.45%"
"2022-02-05","0.145","0.287","0.287","0.145","-53.03%"
"2022-02-04","0.309","0.274","0.309","0.274","14.93%"
"2022-02-03","0.269","0.256","0.275","0.252","6.42%"
"2022-02-02","0.252","0.257","0.260","0.252","-4.72%"
"2022-02-01","0.265","0.278","0.278","0.260","7.07%"
"2022-01-31","0.247","0.247","0.247","0.247","0.00%"
"2022-01-28","0.247","0.242","0.251","0.242","2.61%"
"2022-01-27","0.241","0.240","0.244","0.240","9.59%"
"2022-01-26","0.220","0.220","0.225","0.220","-2.14%"
"2022-01-25","0.225","0.225","0.227","0.220","55.03%"
"2022-01-24","0.145","0.145","0.145","0.145","0.00%"
"2022-01-23","0.145","0.145","0.145","0.145","-34.09%"
"2022-01-22","0.220","0.220","0.220","0.220","-1.03%"
"2022-01-21","0.222","0.224","0.225","0.222","-4.80%"
"2022-01-20","0.234","0.220","0.234","0.220","2.73%"
"2022-01-19","0.227","0.221","0.232","0.220","-1.04%"
"2022-01-18","0.230","0.225","0.230","0.220","58.41%"
"2022-01-17","0.145","0.145","0.145","0.145","0.00%"
"2022-01-16","0.145","0.145","0.145","0.145","-36.54%"
"2022-01-14","0.228","0.226","0.231","0.225","8.29%"
"2022-01-13","0.211","0.220","0.220","0.207","0.62%"
"2022-01-12","0.210","0.206","0.220","0.206","-5.11%"
"2022-01-11","0.221","0.220","0.222","0.219","52.41%"
"2022-01-10","0.145","0.145","0.145","0.145","-36.51%"
"2022-01-07","0.228","0.198","0.228","0.196","11.58%"
"2022-01-06","0.205","0.187","0.205","0.187","12.35%"
"2022-01-05","0.182","0.157","0.188","0.157","2.82%"
"2022-01-04","0.177","0.175","0.177","0.142","11.59%"
"2022-01-03","0.159","0.145","0.159","0.145","9.52%"
"2022-01-02","0.145","0.145","0.145","0.145","0.00%"
"2022-01-01","0.145","0.145","0.145","0.145","-8.69%"
"2021-12-31","0.159","0.159","0.159","0.159","0.00%"
"2021-12-30","0.159","0.145","0.160","0.131","11.44%"
"2021-12-29","0.142","0.141","0.145","0.116","0.92%"
"2021-12-28","0.141","0.136","0.141","0.136","3.60%"
"2021-12-27","0.136","0.138","0.140","0.115","-0.87%"
"2021-12-26","0.138","0.115","0.138","0.115","19.57%"
"2021-12-25","0.115","0.115","0.115","0.115","0.00%"
"2021-12-24","0.115","0.138","0.141","0.115","1.05%"
"2021-12-23","0.114","0.135","0.139","0.114","-18.71%"
"2021-12-22","0.140","0.130","0.142","0.109","6.63%"
"2021-12-21","0.131","0.119","0.131","0.097","38.21%"
"2021-12-20","0.095","0.097","0.120","0.095","-21.23%"
"2021-12-19","0.121","0.097","0.121","0.097","23.69%"
"2021-12-18","0.097","0.097","0.097","0.097","-19.62%"
"2021-12-17","0.121","0.121","0.123","0.096","3.23%"
"2021-12-16","0.117","0.126","0.126","0.095","-6.00%"
"2021-12-15","0.125","0.127","0.127","0.099","0.00%"
"2021-12-14","0.125","0.122","0.126","0.099","2.04%"
"2021-12-13","0.123","0.129","0.130","0.100","-5.77%"
"2021-12-12","0.130","0.108","0.131","0.108","20.93%"
"2021-12-11","0.108","0.132","0.132","0.108","-17.31%"
"2021-12-10","0.130","0.125","0.132","0.102","9.43%"
"2021-12-09","0.119","0.129","0.129","0.099","-5.94%"
"2021-12-08","0.126","0.129","0.131","0.095","0.00%"
"2021-12-07","0.126","0.123","0.132","0.102","7.49%"
"2021-12-06","0.117","0.116","0.123","0.094","0.00%"
"2021-12-05","0.117","0.100","0.121","0.100","-3.13%"
"2021-12-03","0.121","0.126","0.126","0.100","-2.96%"
"2021-12-02","0.125","0.124","0.131","0.104","-2.95%"
"2021-12-01","0.129","0.131","0.132","0.104","27.15%"
"2021-11-30","0.101","0.139","0.139","0.099","-27.64%"
"2021-11-29","0.140","0.144","0.144","0.120","-2.17%"
"2021-11-28","0.143","0.121","0.143","0.121","17.97%"
"2021-11-27","0.121","0.139","0.139","0.121","-11.01%"
"2021-11-26","0.136","0.149","0.150","0.117","-10.62%"
"2021-11-25","0.153","0.154","0.155","0.148","-2.43%"
"2021-11-24","0.156","0.153","0.158","0.124","2.49%"
"2021-11-23","0.153","0.147","0.153","0.143","4.24%"
"2021-11-22","0.146","0.144","0.147","0.123","0.90%"
"2021-11-21","0.145","0.126","0.150","0.126","14.81%"
"2021-11-20","0.126","0.126","0.126","0.126","0.00%"
"2021-11-19","0.126","0.149","0.153","0.126","-17.88%"
"2021-11-18","0.154","0.149","0.156","0.132","3.36%"
"2021-11-17","0.149","0.151","0.156","0.129","1.71%"
"2021-11-16","0.146","0.146","0.151","0.119","4.50%"
"2021-11-15","0.140","0.146","0.147","0.117","-4.70%"
"2021-11-14","0.147","0.126","0.147","0.126","16.31%"
"2021-11-13","0.126","0.147","0.147","0.126","-14.37%"
"2021-11-12","0.147","0.141","0.150","0.119","25.53%"
"2021-11-11","0.117","0.144","0.147","0.116","-12.18%"
"2021-11-10","0.134","0.137","0.143","0.106","1.90%"
"2021-11-09","0.131","0.137","0.138","0.130","16.71%"
"2021-11-08","0.112","0.127","0.136","0.106","-10.93%"
"2021-11-07","0.126","0.108","0.127","0.108","17.49%"
"2021-11-06","0.108","0.108","0.108","0.108","0.00%"
"2021-11-05","0.108","0.134","0.136","0.108","-7.57%"
"2021-11-04","0.116","0.146","0.146","0.116","-19.12%"
"2021-11-03","0.144","0.145","0.147","0.144","0.00%"
"2021-11-02","0.144","0.154","0.154","0.125","-9.45%"
"2021-11-01","0.159","0.165","0.168","0.135","-3.05%"
"2021-10-31","0.164","0.164","0.164","0.164","-0.73%"
"2021-10-29","0.165","0.176","0.177","0.145","-4.35%"
"2021-10-28","0.172","0.171","0.176","0.151","-3.52%"
"2021-10-27","0.179","0.186","0.191","0.166","-4.64%"
"2021-10-26","0.188","0.185","0.190","0.176","6.35%"
"2021-10-25","0.176","0.179","0.188","0.175","-1.01%"
"2021-10-24","0.178","0.179","0.179","0.178","-1.06%"
"2021-10-22","0.180","0.186","0.186","0.171","1.41%"
"2021-10-21","0.177","0.177","0.187","0.170","0.00%"
"2021-10-20","0.177","0.180","0.186","0.166","1.43%"
"2021-10-19","0.175","0.176","0.179","0.164","-0.74%"
"2021-10-18","0.176","0.164","0.191","0.149","18.48%"
"2021-10-17","0.149","0.162","0.162","0.149","-8.09%"
"2021-10-16","0.162","0.162","0.162","0.162","1.95%"
"2021-10-15","0.159","0.154","0.162","0.146","4.13%"
"2021-10-14","0.153","0.164","0.164","0.145","-7.58%"
"2021-10-13","0.165","0.168","0.174","0.153","-4.35%"
"2021-10-12","0.172","0.176","0.179","0.156","-1.43%"
"2021-10-11","0.175","0.162","0.177","0.160","20.69%"
"2021-10-10","0.145","0.145","0.145","0.145","-10.11%"
"2021-10-09","0.161","0.161","0.161","0.161","0.00%"
"2021-10-08","0.161","0.153","0.162","0.142","12.17%"
"2021-10-07","0.144","0.152","0.152","0.125","-4.96%"
"2021-10-06","0.151","0.148","0.159","0.129","7.15%"
"2021-10-05","0.141","0.129","0.147","0.123","24.08%"
"2021-10-04","0.114","0.126","0.131","0.110","-10.75%"
"2021-10-03","0.127","0.131","0.131","0.114","12.04%"
"2021-10-02","0.114","0.131","0.131","0.114","-14.11%"
"2021-10-01","0.132","0.138","0.138","0.111","-5.36%"
"2021-09-30","0.140","0.142","0.150","0.119","-1.75%"
"2021-09-29","0.142","0.159","0.159","0.123","-9.52%"
"2021-09-28","0.157","0.133","0.160","0.124","15.55%"
"2021-09-27","0.136","0.132","0.136","0.111","2.87%"
"2021-09-26","0.132","0.114","0.132","0.114","16.43%"
"2021-09-25","0.114","0.114","0.114","0.114","-13.33%"
"2021-09-24","0.131","0.119","0.134","0.100","25.05%"
"2021-09-23","0.105","0.109","0.119","0.105","-1.22%"
"2021-09-22","0.106","0.112","0.112","0.090","-8.60%"
"2021-09-21","0.116","0.114","0.120","0.096","-6.96%"
"2021-09-20","0.125","0.104","0.125","0.104","20.42%"
"2021-09-19","0.104","0.104","0.104","0.104","-15.68%"
"2021-09-18","0.123","0.123","0.123","0.123","-1.52%"
"2021-09-17","0.125","0.121","0.126","0.101","0.97%"
"2021-09-16","0.124","0.110","0.129","0.091","11.23%"
"2021-09-15","0.111","0.112","0.112","0.089","-4.30%"
"2021-09-14","0.116","0.108","0.121","0.091","6.89%"
"2021-09-13","0.109","0.111","0.124","0.090","-2.77%"
"2021-09-12","0.112","0.108","0.112","0.094","-1.67%"
"2021-09-10","0.114","0.102","0.115","0.084","4.60%"
"2021-09-09","0.109","0.108","0.109","0.085","-1.09%"
"2021-09-08","0.110","0.112","0.114","0.087","-3.34%"
"2021-09-07","0.114","0.109","0.117","0.086","1.16%"
"2021-09-06","0.112","0.100","0.117","0.079","13.18%"
"2021-09-05","0.099","0.079","0.100","0.079","2.58%"
"2021-09-04","0.097","0.097","0.097","0.097","-1.92%"
"2021-09-03","0.099","0.084","0.100","0.069","16.24%"
"2021-09-02","0.085","0.081","0.086","0.068","0.00%"
"2021-09-01","0.085","0.079","0.085","0.056","7.87%"
"2021-08-31","0.079","0.069","0.080","0.054","10.67%"
"2021-08-30","0.071","0.069","0.078","0.058","3.49%"
"2021-08-29","0.069","0.058","0.075","0.058","-8.99%"
"2021-08-28","0.076","0.076","0.076","0.076","-2.45%"
"2021-08-27","0.078","0.072","0.078","0.054","7.79%"
"2021-08-26","0.072","0.075","0.081","0.050","-4.13%"
"2021-08-25","0.075","0.068","0.075","0.047","14.33%"
"2021-08-24","0.066","0.060","0.068","0.044","7.01%"
"2021-08-23","0.061","0.060","0.063","0.038","3.20%"
"2021-08-22","0.059","0.038","0.059","0.038","4.39%"
"2021-08-21","0.057","0.057","0.057","0.057","-3.23%"
"2021-08-20","0.059","0.063","0.063","0.038","-7.84%"
"2021-08-19","0.064","0.065","0.071","0.045","-3.77%"
"2021-08-18","0.066","0.065","0.069","0.047","-1.78%"
"2021-08-17","0.068","0.069","0.084","0.046","-6.90%"
"2021-08-16","0.072","0.067","0.076","0.047","7.41%"
"2021-08-15","0.068","0.074","0.074","0.058","-9.27%"
"2021-08-14","0.074","0.058","0.074","0.058","-0.80%"
"2021-08-13","0.075","0.074","0.078","0.056","0.00%"
"2021-08-12","0.075","0.076","0.076","0.056","-7.75%"
"2021-08-11","0.081","0.074","0.090","0.058","6.55%"
"2021-08-10","0.076","0.072","0.076","0.051","10.90%"
"2021-08-09","0.069","0.050","0.072","0.050","37.60%"
"2021-08-08","0.050","0.050","0.050","0.050","0.00%"
"2021-08-06","0.050","0.061","0.072","0.043","-18.43%"
"2021-08-05","0.061","0.054","0.061","0.032","19.49%"
"2021-08-04","0.051","0.052","0.053","0.027","-8.88%"
"2021-08-03","0.056","0.060","0.060","0.038","-11.76%"
"2021-08-02","0.064","0.066","0.067","0.045","-2.74%"
"2021-08-01","0.066","0.046","0.066","0.046","-1.06%"
"2021-07-30","0.066","0.066","0.070","0.046","-1.78%"
"2021-07-29","0.068","0.066","0.068","0.047","1.81%"
"2021-07-28","0.066","0.069","0.083","0.047","-13.11%"
"2021-07-27","0.076","0.064","0.086","0.052","0.00%"
"2021-07-26","0.076","0.057","0.078","0.034","32.70%"
"2021-07-25","0.058","0.054","0.058","0.054","6.88%"
"2021-07-24","0.054","0.054","0.054","0.054","-21.80%"
"2021-07-23","0.069","0.069","0.069","0.069","0.00%"
"2021-07-22","0.069","0.069","0.069","0.069","7.84%"
"2021-07-21","0.064","0.039","0.074","0.027","30.74%"
"2021-07-20","0.049","0.039","0.052","0.018","-15.13%"
"2021-07-19","0.058","0.051","0.063","0.021","13.64%"
"2021-07-18","0.051","0.062","0.062","0.051","-19.81%"
"2021-07-17","0.063","0.063","0.063","0.063","-4.83%"
"2021-07-16","0.066","0.052","0.075","0.034","0.00%"
"2021-07-15","0.066","0.066","0.072","0.035","-17.13%"
"2021-07-14","0.080","0.076","0.084","0.047","-3.03%"
"2021-07-13","0.083","0.076","0.091","0.055","-12.05%"
"2021-07-12","0.094","0.087","0.094","0.058","8.82%"
"2021-07-11","0.086","0.065","0.086","0.065","6.03%"
"2021-07-10","0.081","0.081","0.081","0.081","-9.67%"
"2021-07-09","0.090","0.074","0.094","0.054","17.96%"
"2021-07-08","0.076","0.087","0.087","0.035","-20.77%"
"2021-07-07","0.096","0.090","0.102","0.064","-2.53%"
"2021-07-06","0.099","0.102","0.112","0.071","-10.18%"
"2021-07-05","0.110","0.097","0.111","0.071","14.23%"
"2021-07-04","0.096","0.079","0.098","0.079","-9.41%"
"2021-07-02","0.106","0.106","0.116","0.078","-5.51%"
"2021-07-01","0.112","0.116","0.120","0.083","-8.16%"
"2021-06-30","0.123","0.118","0.131","0.099","-9.26%"
"2021-06-29","0.135","0.114","0.136","0.095","9.05%"
"2021-06-28","0.124","0.114","0.130","0.095","8.22%"
"2021-06-27","0.114","0.110","0.116","0.110","-5.69%"
"2021-06-25","0.121","0.114","0.124","0.087","-2.96%"
"2021-06-24","0.125","0.117","0.127","0.094","-1.96%"
"2021-06-23","0.127","0.113","0.127","0.093","2.99%"
"2021-06-22","0.124","0.116","0.131","0.113","-1.98%"
"2021-06-21","0.126","0.116","0.130","0.086","8.04%"
"2021-06-20","0.117","0.101","0.121","0.101","15.40%"
"2021-06-19","0.101","0.101","0.101","0.101","-20.55%"
"2021-06-18","0.127","0.117","0.140","0.100","-1.01%"
"2021-06-17","0.129","0.129","0.142","0.102","5.14%"
"2021-06-16","0.123","0.115","0.130","0.091","-2.00%"
"2021-06-15","0.125","0.117","0.125","0.085","5.22%"
"2021-06-14","0.119","0.112","0.119","0.083","8.00%"
"2021-06-13","0.110","0.106","0.110","0.081","3.48%"
"2021-06-12","0.106","0.106","0.106","0.106","-6.59%"
"2021-06-11","0.114","0.114","0.117","0.078","-10.75%"
"2021-06-10","0.127","0.134","0.139","0.099","-13.56%"
"2021-06-09","0.147","0.155","0.156","0.116","-7.12%"
"2021-06-08","0.159","0.164","0.165","0.131","-4.51%"
"2021-06-07","0.166","0.162","0.170","0.138","6.40%"
"2021-06-06","0.156","0.169","0.169","0.156","-3.82%"
"2021-06-05","0.162","0.169","0.169","0.162","-1.52%"
"2021-06-04","0.165","0.171","0.177","0.139","-5.71%"
"2021-06-03","0.175","0.165","0.175","0.144","3.67%"
"2021-06-02","0.169","0.166","0.174","0.141","-2.82%"
"2021-06-01","0.174","0.165","0.174","0.140","5.27%"
"2021-05-31","0.165","0.160","0.166","0.140","6.04%"
"2021-05-30","0.156","0.165","0.165","0.140","-2.02%"
"2021-05-29","0.159","0.165","0.165","0.159","-2.28%"
"2021-05-28","0.162","0.160","0.171","0.139","-0.79%"
"2021-05-27","0.164","0.157","0.164","0.129","3.15%"
"2021-05-26","0.159","0.161","0.166","0.134","-1.55%"
"2021-05-25","0.161","0.164","0.169","0.138","-3.70%"
"2021-05-24","0.168","0.165","0.170","0.140","6.35%"
"2021-05-23","0.157","0.168","0.168","0.142","-5.97%"
"2021-05-22","0.168","0.168","0.168","0.168","-1.47%"
"2021-05-21","0.170","0.165","0.172","0.141","0.71%"
"2021-05-20","0.169","0.165","0.172","0.141","1.50%"
"2021-05-19","0.166","0.165","0.174","0.138","-2.92%"
"2021-05-18","0.171","0.166","0.172","0.140","0.76%"
"2021-05-17","0.170","0.160","0.171","0.138","5.85%"
"2021-05-16","0.161","0.168","0.168","0.142","-1.17%"
"2021-05-15","0.162","0.168","0.168","0.162","-5.14%"
"2021-05-14","0.171","0.169","0.174","0.142","-2.11%"
"2021-05-13","0.175","0.171","0.181","0.146","0.00%"
"2021-05-12","0.175","0.160","0.175","0.135","2.16%"
"2021-05-11","0.171","0.166","0.171","0.132","2.27%"
"2021-05-10","0.168","0.164","0.175","0.139","5.08%"
"2021-05-09","0.159","0.164","0.164","0.139","-2.69%"
"2021-05-08","0.164","0.164","0.164","0.164","-2.96%"
"2021-05-07","0.169","0.169","0.174","0.140","-0.71%"
"2021-05-06","0.170","0.165","0.177","0.141","-6.23%"
"2021-05-05","0.181","0.181","0.181","0.181","0.00%"
"2021-05-04","0.181","0.181","0.181","0.181","0.00%"
"2021-05-03","0.181","0.151","0.181","0.151","19.83%"
"2021-05-02","0.151","0.177","0.177","0.151","-8.64%"
"2021-05-01","0.166","0.177","0.177","0.166","-8.00%"
"2021-04-30","0.180","0.172","0.184","0.145","5.08%"
"2021-04-29","0.171","0.171","0.171","0.171","-2.11%"
"2021-04-28","0.175","0.168","0.183","0.145","2.94%"
"2021-04-27","0.170","0.162","0.171","0.136","2.22%"
"2021-04-26","0.166","0.151","0.169","0.131","31.67%"
"2021-04-25","0.126","0.151","0.151","0.126","-16.52%"
"2021-04-24","0.151","0.151","0.151","0.151","-3.20%"
"2021-04-23","0.156","0.149","0.161","0.126","-1.57%"
"2021-04-22","0.159","0.155","0.159","0.126","-5.19%"
"2021-04-21","0.168","0.159","0.169","0.129","-0.77%"
"2021-04-20","0.169","0.166","0.179","0.142","-1.46%"
"2021-04-19","0.171","0.172","0.175","0.141","1.12%"
"2021-04-18","0.169","0.175","0.175","0.150","12.93%"
"2021-04-17","0.150","0.175","0.175","0.150","-14.92%"
"2021-04-16","0.176","0.171","0.181","0.149","1.50%"
"2021-04-15","0.174","0.177","0.184","0.149","-6.11%"
"2021-04-14","0.185","0.177","0.186","0.150","0.00%"
"2021-04-13","0.185","0.191","0.195","0.162","-6.94%"
"2021-04-12","0.199","0.189","0.200","0.164","7.81%"
"2021-04-11","0.184","0.189","0.189","0.164","-2.33%"
"2021-04-10","0.189","0.189","0.189","0.189","-1.92%"
"2021-04-09","0.192","0.179","0.199","0.157","5.48%"
"2021-04-08","0.183","0.183","0.194","0.156","-0.71%"
"2021-04-07","0.184","0.185","0.190","0.155","-5.16%"
"2021-04-06","0.194","0.201","0.203","0.164","-3.73%"
"2021-04-05","0.201","0.205","0.207","0.180","0.95%"
"2021-04-04","0.199","0.203","0.203","0.180","0.00%"
"2021-04-03","0.199","0.203","0.203","0.199","-1.53%"
"2021-04-02","0.203","0.203","0.213","0.191","-1.22%"
"2021-04-01","0.205","0.199","0.220","0.179","0.00%"
"2021-03-31","0.205","0.166","0.211","0.157","16.28%"
"2021-03-30","0.176","0.160","0.185","0.141","6.01%"
"2021-03-29","0.166","0.166","0.170","0.126","2.34%"
"2021-03-28","0.162","0.165","0.165","0.141","-1.52%"
"2021-03-27","0.165","0.165","0.165","0.165","-0.78%"
"2021-03-26","0.166","0.165","0.172","0.136","-1.48%"
"2021-03-25","0.169","0.161","0.172","0.136","0.78%"
"2021-03-24","0.168","0.157","0.174","0.132","-1.47%"
"2021-03-23","0.170","0.181","0.181","0.146","-8.75%"
"2021-03-22","0.186","0.196","0.196","0.155","-3.22%"
"2021-03-21","0.192","0.207","0.207","0.180","-7.23%"
"2021-03-20","0.207","0.207","0.207","0.207","0.00%"
"2021-03-19","0.207","0.193","0.234","0.175","-1.80%"
"2021-03-18","0.211","0.191","0.216","0.174","5.65%"
"2021-03-17","0.200","0.190","0.203","0.165","0.00%"
"2021-03-16","0.200","0.194","0.206","0.166","-0.65%"
"2021-03-15","0.201","0.207","0.210","0.172","-2.71%"
"2021-03-14","0.207","0.213","0.213","0.190","-2.64%"
"2021-03-13","0.213","0.213","0.213","0.213","-5.05%"
"2021-03-12","0.224","0.188","0.228","0.176","12.58%"
"2021-03-11","0.199","0.220","0.221","0.160","-8.09%"
"2021-03-10","0.216","0.205","0.233","0.183","-1.14%"
"2021-03-09","0.219","0.224","0.226","0.185","-4.37%"
"2021-03-08","0.229","0.186","0.233","0.172","23.28%"
"2021-03-07","0.186","0.172","0.186","0.154","12.08%"
"2021-03-06","0.166","0.172","0.172","0.166","-14.55%"
"2021-03-05","0.194","0.220","0.225","0.138","-6.60%"
"2021-03-04","0.207","0.200","0.219","0.176","1.22%"
"2021-03-03","0.205","0.183","0.211","0.159","7.89%"
"2021-03-02","0.190","0.203","0.203","0.161","-10.08%"
"2021-03-01","0.211","0.219","0.226","0.185","-3.95%"
"2021-02-28","0.220","0.230","0.230","0.205","-1.96%"
"2021-02-27","0.224","0.230","0.230","0.224","-6.50%"
"2021-02-26","0.240","0.248","0.255","0.201","0.00%"
"2021-02-25","0.240","0.210","0.243","0.194","17.07%"
"2021-02-24","0.205","0.200","0.218","0.175","-0.63%"
"2021-02-23","0.206","0.206","0.206","0.192","2.48%"
"2021-02-22","0.201","0.196","0.209","0.174","6.28%"
"2021-02-21","0.189","0.186","0.191","0.168","13.07%"
"2021-02-20","0.168","0.186","0.186","0.168","-16.79%"
"2021-02-19","0.201","0.184","0.201","0.159","11.83%"
"2021-02-18","0.180","0.179","0.189","0.151","-3.38%"
"2021-02-17","0.186","0.169","0.194","0.151","7.25%"
"2021-02-16","0.174","0.159","0.175","0.132","5.27%"
"2021-02-15","0.165","0.142","0.169","0.123","16.86%"
"2021-02-14","0.141","0.135","0.141","0.111","26.86%"
"2021-02-13","0.111","0.135","0.135","0.111","-25.20%"
"2021-02-12","0.149","0.135","0.151","0.108","9.17%"
"2021-02-11","0.136","0.136","0.139","0.129","-2.64%"
"2021-02-10","0.140","0.135","0.151","0.116","-0.85%"
"2021-02-09","0.141","0.132","0.146","0.112","0.00%"
"2021-02-08","0.141","0.126","0.149","0.111","12.96%"
"2021-02-07","0.125","0.120","0.125","0.099","4.17%"
"2021-02-06","0.120","0.120","0.120","0.120","-8.61%"
"2021-02-05","0.131","0.112","0.138","0.095","2.98%"
"2021-02-04","0.127","0.115","0.129","0.113","0.00%"
"2021-02-03","0.127","0.113","0.129","0.087","2.99%"
"2021-02-02","0.124","0.108","0.125","0.086","6.45%"
"2021-02-01","0.116","0.105","0.120","0.081","12.04%"
"2021-01-31","0.104","0.105","0.105","0.079","-1.14%"
"2021-01-30","0.105","0.105","0.105","0.105","-6.67%"
"2021-01-29","0.112","0.095","0.116","0.074","11.06%"
"2021-01-28","0.101","0.093","0.101","0.065","-2.41%"
"2021-01-27","0.104","0.090","0.108","0.068","5.06%"
"2021-01-26","0.099","0.093","0.102","0.063","1.33%"
"2021-01-25","0.097","0.092","0.105","0.064","6.79%"
"2021-01-24","0.091","0.095","0.095","0.069","-3.89%"
"2021-01-23","0.095","0.095","0.095","0.095","-3.85%"
"2021-01-22","0.099","0.094","0.105","0.068","38.76%"
"2021-01-21","0.071","0.090","0.102","0.064","-32.19%"
"2021-01-20","0.105","0.099","0.109","0.070","-1.22%"
"2021-01-19","0.106","0.105","0.110","0.072","-2.30%"
"2021-01-18","0.109","0.106","0.115","0.079","3.03%"
"2021-01-17","0.106","0.085","0.107","0.059","24.24%"
"2021-01-16","0.085","0.085","0.085","0.085","-8.11%"
"2021-01-15","0.093","0.081","0.096","0.059","5.71%"
"2021-01-14","0.087","0.075","0.093","0.054","1.51%"
"2021-01-13","0.086","0.078","0.090","0.051","-10.49%"
"2021-01-12","0.096","0.094","0.099","0.056","-3.70%"
"2021-01-11","0.100","0.065","0.100","0.065","53.85%"
"2021-01-10","0.065","0.087","0.087","0.065","0.00%"
"2021-01-09","0.065","0.087","0.087","0.065","-34.21%"
"2021-01-08","0.099","0.090","0.101","0.063","0.00%"
"2021-01-07","0.099","0.078","0.101","0.060","12.91%"
"2021-01-06","0.087","0.065","0.091","0.051","11.04%"
"2021-01-05","0.079","0.070","0.080","0.041","-3.08%"
"2021-01-04","0.081","0.074","0.090","0.046","5.72%"
"2021-01-03","0.077","0.076","0.078","0.051","0.79%"
"2021-01-02","0.076","0.076","0.076","0.076","-16.43%"
"2021-01-01","0.091","0.091","0.091","0.091","0.00%"
"2020-12-31","0.091","0.091","0.091","0.091","4.34%"
"2020-12-30","0.087","0.075","0.094","0.050","1.51%"
"2020-12-29","0.086","0.068","0.090","0.047","11.23%"
"2020-12-28","0.078","0.070","0.083","0.070","6.90%"
"2020-12-27","0.072","0.070","0.072","0.070","3.57%"
"2020-12-26","0.070","0.070","0.070","0.070","-15.15%"
"2020-12-25","0.083","0.061","0.084","0.060","11.79%"
"2020-12-24","0.074","0.063","0.076","0.061","78.69%"
"2020-12-23","0.041","0.050","0.076","0.031","-35.27%"
"2020-12-22","0.064","0.052","0.068","0.027","-7.27%"
"2020-12-21","0.069","0.055","0.069","0.029","20.91%"
"2020-12-20","0.057","0.054","0.057","0.029","5.76%"
"2020-12-19","0.054","0.054","0.054","0.054","-20.30%"
"2020-12-18","0.068","0.052","0.069","0.025","-1.89%"
"2020-12-17","0.069","0.047","0.069","0.027","7.84%"
"2020-12-16","0.064","0.052","0.068","0.025","-1.85%"
"2020-12-15","0.065","0.055","0.066","0.026","-5.52%"
"2020-12-14","0.069","0.058","0.074","0.031","12.23%"
"2020-12-13","0.061","0.058","0.061","0.058","1.16%"
"2020-12-12","0.061","0.058","0.061","0.058","-6.77%"
"2020-12-11","0.065","0.060","0.072","0.032","-10.34%"
"2020-12-10","0.072","0.063","0.078","0.034","-6.45%"
"2020-12-09","0.078","0.060","0.080","0.036","5.01%"
"2020-12-08","0.074","0.065","0.075","0.034","-6.35%"
"2020-12-07","0.079","0.072","0.091","0.040","3.28%"
"2020-12-06","0.076","0.069","0.076","0.050","10.90%"
"2020-12-05","0.069","0.069","0.069","0.069","-25.62%"
"2020-12-04","0.093","0.068","0.093","0.044","12.12%"
"2020-12-03","0.083","0.068","0.087","0.045","-2.94%"
"2020-12-02","0.085","0.068","0.086","0.043","-2.86%"
"2020-12-01","0.087","0.068","0.087","0.032","7.63%"
"2020-11-30","0.081","0.063","0.084","0.040","20.44%"
"2020-11-29","0.068","0.063","0.068","0.038","0.90%"
"2020-11-28","0.067","0.063","0.067","0.063","-9.35%"
"2020-11-27","0.074","0.063","0.078","0.036","1.79%"
"2020-11-26","0.072","0.060","0.079","0.036","-3.33%"
"2020-11-25","0.075","0.063","0.076","0.035","0.00%"
"2020-11-24","0.075","0.051","0.076","0.035","20.00%"
"2020-11-23","0.063","0.021","0.063","0.021","193.43%"
"2020-11-22","0.021","0.049","0.049","0.021","-60.85%"
"2020-11-21","0.054","0.049","0.054","0.049","-16.31%"
"2020-11-20","0.065","0.052","0.069","0.024","11.88%"
"2020-11-19","0.058","0.060","0.072","0.031","-21.27%"
"2020-11-18","0.074","0.068","0.075","0.034","-4.77%"
"2020-11-17","0.078","0.070","0.083","0.044","-4.67%"
"2020-11-16","0.081","0.069","0.093","0.043","15.16%"
"2020-11-15","0.071","0.068","0.071","0.068","4.59%"
"2020-11-14","0.068","0.068","0.068","0.068","-14.34%"
"2020-11-13","0.079","0.071","0.084","0.040","-4.48%"
"2020-11-12","0.083","0.072","0.089","0.047","-12.05%"
"2020-11-11","0.094","0.080","0.097","0.055","-5.06%"
"2020-11-10","0.099","0.078","0.109","0.055","-8.09%"
"2020-11-09","0.108","0.063","0.110","0.034","54.90%"
"2020-11-08","0.069","0.056","0.069","0.043","63.29%"
"2020-11-07","0.043","0.056","0.056","0.043","-49.28%"
"2020-11-06","0.084","0.052","0.086","0.031","15.59%"
"2020-11-05","0.072","0.068","0.075","0.026","-3.33%"
"2020-11-04","0.075","0.100","0.102","0.043","-25.96%"
"2020-11-03","0.101","0.101","0.101","0.097","1.30%"
"2020-11-02","0.100","0.083","0.102","0.080","13.51%"
"2020-11-01","0.088","0.080","0.088","0.059","10.13%"
"2020-10-31","0.080","0.080","0.080","0.080","-21.03%"
"2020-10-30","0.101","0.075","0.104","0.074","19.18%"
"2020-10-29","0.085","0.078","0.089","0.069","3.03%"
"2020-10-28","0.083","0.070","0.085","0.040","1.48%"
"2020-10-27","0.081","0.081","0.095","0.073","-13.33%"
"2020-10-26","0.094","0.081","0.099","0.058","9.58%"
"2020-10-25","0.086","0.089","0.091","0.064","-3.60%"
"2020-10-24","0.089","0.089","0.089","0.089","-12.34%"
"2020-10-23","0.101","0.087","0.106","0.063","3.90%"
"2020-10-22","0.097","0.076","0.097","0.052","14.71%"
"2020-10-21","0.085","0.063","0.093","0.046","15.18%"
"2020-10-20","0.074","0.070","0.078","0.043","-6.35%"
"2020-10-19","0.079","0.067","0.083","0.044","16.74%"
"2020-10-18","0.068","0.063","0.068","0.038","8.00%"
"2020-10-17","0.063","0.063","0.063","0.063","-16.67%"
"2020-10-16","0.075","0.072","0.079","0.038","-4.82%"
"2020-10-15","0.079","0.081","0.089","0.051","-13.69%"
"2020-10-14","0.091","0.078","0.097","0.058","7.41%"
"2020-10-13","0.085","0.076","0.093","0.058","-4.28%"
"2020-10-12","0.089","0.072","0.090","0.050","21.48%"
"2020-10-11","0.073","0.078","0.078","0.050","-5.68%"
"2020-10-10","0.078","0.078","0.078","0.078","-13.89%"
"2020-10-09","0.090","0.075","0.093","0.051","9.09%"
"2020-10-08","0.083","0.083","0.086","0.049","-13.16%"
"2020-10-07","0.095","0.080","0.095","0.054","-1.35%"
"2020-10-06","0.096","0.076","0.099","0.060","16.73%"
"2020-10-05","0.083","0.060","0.084","0.039","33.28%"
"2020-10-04","0.062","0.056","0.062","0.034","7.65%"
"2020-10-03","0.058","0.056","0.058","0.056","2.13%"
"2020-10-02","0.056","0.060","0.069","0.029","-20.93%"
"2020-10-01","0.071","0.056","0.079","0.035","32.34%"
"2020-09-30","0.054","0.047","0.066","0.027","-8.50%"
"2020-09-29","0.059","0.052","0.065","0.024","-7.84%"
"2020-09-28","0.064","0.041","0.069","0.030","39.91%"
"2020-09-27","0.046","0.044","0.046","0.016","4.11%"
"2020-09-26","0.044","0.044","0.044","0.044","-22.20%"
"2020-09-25","0.056","0.035","0.058","0.018","18.53%"
"2020-09-24","0.047","0.038","0.052","0.011","-2.66%"
"2020-09-23","0.049","0.050","0.056","0.014","-26.40%"
"2020-09-22","0.066","0.052","0.052","0.052","0.00%"
"2020-09-21","0.066","0.026","0.066","0.026","152.09%"
"2020-09-20","0.026","0.052","0.052","0.026","0.00%"
"2020-09-19","0.026","0.052","0.052","0.026","-57.92%"
"2020-09-18","0.063","0.049","0.064","0.046","0.00%"
"2020-09-17","0.063","0.054","0.064","0.026","1.96%"
"2020-09-16","0.061","0.045","0.065","0.024","32.40%"
"2020-09-15","0.046","0.050","0.064","0.020","-21.26%"
"2020-09-14","0.059","0.055","0.065","0.025","104.17%"
"2020-09-13","0.029","0.056","0.056","0.029","-48.85%"
"2020-09-12","0.056","0.056","0.056","0.056","-9.92%"
"2020-09-11","0.063","0.060","0.075","0.030","-21.87%"
"2020-09-10","0.080","0.065","0.083","0.036","1.52%"
"2020-09-09","0.079","0.060","0.080","0.035","3.28%"
"2020-09-08","0.076","0.072","0.083","0.043","-12.80%"
"2020-09-07","0.087","0.087","0.094","0.052","0.69%"
"2020-09-06","0.087","0.075","0.087","0.056","54.35%"
"2020-09-05","0.056","0.075","0.075","0.056","-35.66%"
"2020-09-04","0.087","0.072","0.087","0.047","1.51%"
"2020-09-03","0.086","0.080","0.091","0.050","-5.59%"
"2020-09-02","0.091","0.085","0.100","0.063","-3.89%"
"2020-09-01","0.095","0.094","0.109","0.066","-5.00%"
"2020-08-31","0.100","0.097","0.110","0.093","1.94%"
"2020-08-30","0.098","0.102","0.102","0.098","-4.29%"
"2020-08-29","0.102","0.102","0.102","0.102","-2.38%"
"2020-08-28","0.105","0.102","0.119","0.079","0.00%"
"2020-08-27","0.105","0.085","0.106","0.060","2.44%"
"2020-08-26","0.102","0.080","0.105","0.064","9.28%"
"2020-08-25","0.094","0.072","0.097","0.047","19.04%"
"2020-08-24","0.079","0.070","0.080","0.040","12.57%"
"2020-08-23","0.070","0.070","0.070","0.070","51.19%"
"2020-08-22","0.046","0.070","0.070","0.046","-44.75%"
"2020-08-21","0.084","0.065","0.087","0.065","1.58%"
"2020-08-20","0.083","0.065","0.089","0.063","10.00%"
"2020-08-19","0.075","0.074","0.078","0.038","7.14%"
"2020-08-18","0.070","0.084","0.085","0.044","-21.17%"
"2020-08-17","0.089","0.086","0.100","0.056","5.21%"
"2020-08-16","0.084","0.083","0.085","0.083","2.30%"
"2020-08-15","0.083","0.083","0.083","0.083","-5.71%"
"2020-08-14","0.087","0.080","0.104","0.080","-5.41%"
"2020-08-13","0.093","0.068","0.095","0.041","-14.98%"
"2020-08-12","0.109","0.071","0.109","0.050","28.00%"
"2020-08-11","0.085","0.057","0.090","0.021","86.40%"
"2020-08-10","0.046","0.005","0.059","0.005","65.82%"
"2020-08-09","0.027","0.027","0.027","0.027","450.00%"
"2020-08-08","0.005","0.027","0.027","0.005","-92.73%"
"2020-08-07","0.069","0.046","0.069","0.002","34.11%"
"2020-08-06","0.051","0.027","0.058","0.002","-4.65%"
"2020-08-05","0.054","0.014","0.055","0.010","34.50%"
"2020-08-04","0.040","0.030","0.052","0.021","-31.97%"
"2020-08-03","0.059","0.047","0.064","0.027","27.00%"
"2020-08-02","0.046","0.018","0.046","0.018","-3,661.54%"
"2020-08-01","-0.001","0.018","0.018","-0.001","-102.36%"
"2020-07-31","0.055","0.020","0.056","-0.007","2.23%"
"2020-07-30","0.054","0.027","0.055","0.001","-2.18%"
"2020-07-29","0.055","0.030","0.059","0.001","-12.00%"
"2020-07-28","0.063","0.038","0.066","0.032","0.00%"
"2020-07-27","0.063","0.036","0.068","0.013","8.70%"
"2020-07-26","0.058","0.036","0.058","0.036","475.00%"
"2020-07-25","0.010","0.036","0.036","0.010","-82.01%"
"2020-07-24","0.056","0.066","0.066","0.056","-16.14%"
"2020-07-23","0.066","0.066","0.066","0.066","19.24%"
"2020-07-22","0.056","0.035","0.068","0.031","-5.44%"
"2020-07-21","0.059","0.047","0.066","0.009","-20.33%"
"2020-07-20","0.074","0.043","0.076","0.023","23.00%"
"2020-07-19","0.060","0.035","0.062","0.035","380.00%"
"2020-07-18","0.013","0.035","0.052","0.013","-81.83%"
"2020-07-17","0.069","0.056","0.069","0.010","3.77%"
"2020-07-16","0.066","0.052","0.074","0.039","-15.86%"
"2020-07-15","0.079","0.079","0.089","0.026","-3.08%"
"2020-07-14","0.081","0.079","0.086","0.032","-16.62%"
"2020-07-13","0.097","0.050","0.099","0.036","498.16%"
"2020-07-12","0.016","0.038","0.038","0.016","0.00%"
"2020-07-11","0.016","0.038","0.038","0.016","-76.31%"
"2020-07-10","0.069","0.058","0.069","0.038","-1.71%"
"2020-07-09","0.070","0.071","0.079","0.021","-17.65%"
"2020-07-08","0.085","0.082","0.086","0.025","-11.73%"
"2020-07-07","0.096","0.072","0.099","0.063","-7.23%"
"2020-07-06","0.104","0.072","0.106","0.050","12.22%"
"2020-07-05","0.093","0.068","0.093","0.068","105.56%"
"2020-07-04","0.045","0.068","0.068","0.045","-54.45%"
"2020-07-03","0.099","0.100","0.100","0.044","-5.90%"
"2020-07-02","0.105","0.096","0.123","0.060","-11.62%"
"2020-07-01","0.119","0.085","0.121","0.066","13.14%"
"2020-06-30","0.105","0.084","0.109","0.044","21.81%"
"2020-06-29","0.086","0.051","0.089","0.027","24.21%"
"2020-06-28","0.069","0.055","0.072","0.055","152.36%"
"2020-06-27","0.027","0.055","0.055","0.027","-66.17%"
"2020-06-26","0.081","0.058","0.085","0.030","-1.45%"
"2020-06-25","0.083","0.078","0.090","0.052","-5.71%"
"2020-06-24","0.087","0.066","0.095","0.036","-1.46%"
"2020-06-23","0.089","0.063","0.093","0.034","1.49%"
"2020-06-22","0.087","0.061","0.095","0.061","-2.78%"
"2020-06-19","0.090","0.090","0.090","0.090","-2.70%"
"2020-06-18","0.093","0.093","0.093","0.093","-3.95%"
"2020-06-17","0.096","0.096","0.096","0.096","14.92%"
"2020-06-16","0.084","0.084","0.084","0.084","21.80%"
"2020-06-15","0.069","0.069","0.069","0.069","-9.83%"
"2020-06-12","0.076","0.076","0.076","0.076","10.90%"
"2020-06-11","0.069","0.069","0.069","0.069","-29.44%"
"2020-06-10","0.097","0.097","0.097","0.097","3.94%"
"2020-06-09","0.094","0.094","0.094","0.094","-29.21%"
"2020-06-08","0.132","0.132","0.132","0.132","-15.23%"
"2020-06-05","0.156","0.156","0.156","0.156","38.93%"
"2020-06-04","0.112","0.112","0.112","0.112","9.76%"
"2020-06-03","0.102","0.102","0.102","0.102","20.59%"
"2020-06-02","0.085","0.085","0.085","0.085","-12.82%"
"2020-06-01","0.097","0.097","0.097","0.097","34.48%"
"2020-05-29","0.072","0.072","0.072","0.072","9.35%"
"2020-05-28","0.066","0.066","0.066","0.066","12.76%"
"2020-05-27","0.059","0.059","0.059","0.059","-5.92%"
"2020-05-26","0.063","0.063","0.063","0.063","-7.41%"
"2020-05-25","0.068","0.068","0.068","0.068","35.00%"
"2020-05-22","0.050","0.050","0.050","0.050","-14.97%"
"2020-05-21","0.059","0.059","0.059","0.059","-5.92%"
"2020-05-20","0.063","0.063","0.063","0.063","-13.79%"
"2020-05-19","0.072","0.072","0.072","0.072","3.57%"
"2020-05-18","0.070","0.070","0.070","0.070","14.19%"
"2020-05-15","0.061","0.061","0.061","0.061","2.17%"
"2020-05-14","0.060","0.060","0.060","0.060","-4.00%"
"2020-05-13","0.063","0.063","0.063","0.063","-10.71%"
"2020-05-12","0.070","0.070","0.070","0.070","-16.47%"
"2020-05-11","0.084","0.084","0.084","0.084","19.71%"
"2020-05-08","0.070","0.070","0.070","0.070","19.05%"
"2020-05-07","0.059","0.059","0.059","0.059","-492.00%"
"2020-05-06","-0.015","-0.015","-0.015","-0.015","0.00%"
"2020-05-05","-0.015","-0.015","-0.015","-0.015","0.00%"
"2020-05-04","-0.015","-0.015","-0.015","-0.015","-124.47%"
"2020-05-01","0.061","0.061","0.061","0.061","57.99%"
"2020-04-30","0.039","0.039","0.039","0.039","-11.42%"
"2020-04-29","0.044","0.044","0.044","0.044","0.00%"
"2020-04-28","0.044","0.044","0.044","0.044","-2.67%"
"2020-04-27","0.045","0.045","0.045","0.045","5.88%"
"2020-04-24","0.043","0.043","0.043","0.043","-2.97%"
"2020-04-23","0.044","0.044","0.044","0.044","-33.94%"
"2020-04-22","0.066","0.066","0.066","0.066","-5.29%"
"2020-04-21","0.070","0.070","0.070","0.070","-25.37%"
"2020-04-20","0.094","0.094","0.094","0.094","11.93%"
"2020-04-17","0.084","0.084","0.084","0.084","19.71%"
"2020-04-16","0.070","0.070","0.070","0.070","12.00%"
"2020-04-15","0.063","0.063","0.063","0.063","-20.69%"
"2020-04-14","0.079","0.079","0.079","0.079","-5.97%"
"2020-04-13","0.084","0.084","0.084","0.084","139.43%"
"2020-04-10","0.035","0.035","0.035","0.035","-61.66%"
"2020-04-09","0.091","0.091","0.091","0.091","-1.30%"
"2020-04-08","0.093","0.093","0.093","0.093","1.31%"
"2020-04-07","0.091","0.091","0.091","0.091","40.46%"
"2020-04-06","0.065","0.065","0.065","0.065","44.44%"
"2020-04-03","0.045","0.045","0.045","0.045","8.96%"
"2020-04-02","0.041","0.041","0.041","0.041","-21.33%"
"2020-04-01","0.052","0.052","0.052","0.052","23.53%"
"2020-03-31","0.043","0.043","0.043","0.043","-35.90%"
"2020-03-30","0.066","0.066","0.066","0.066","6.08%"
"2020-03-27","0.063","0.063","0.063","0.063","-5.73%"
"2020-03-26","0.066","0.066","0.066","0.066","-27.38%"
"2020-03-25","0.091","0.091","0.091","0.091","23.71%"
"2020-03-24","0.074","0.074","0.074","0.074","15.67%"
"2020-03-23","0.064","0.064","0.064","0.064","-52.74%"
"2020-03-20","0.135","0.135","0.135","0.135","-2.74%"
"2020-03-19","0.139","0.139","0.139","0.139","-1.70%"
"2020-03-18","0.141","0.141","0.141","0.141","303.43%"
"2020-03-17","0.035","0.035","0.035","0.035","-3.58%"
"2020-03-16","0.036","0.036","0.036","0.036","-245.20%"
"2020-03-13","-0.025","-0.025","-0.025","-0.025","-16.67%"
"2020-03-12","-0.030","-0.030","-0.030","-0.030","-48.98%"
"2020-03-11","-0.059","-0.059","-0.059","-0.059","0.00%"
"2020-03-10","-0.059","-0.059","-0.059","-0.059","-60.80%"
"2020-03-09","-0.150","-0.150","-0.150","-0.150","41.11%"
"2020-03-06","-0.106","-0.106","-0.106","-0.106","157.38%"
"2020-03-05","-0.041","-0.041","-0.041","-0.041","-13.05%"
"2020-03-04","-0.047","-0.047","-0.047","-0.047","90.00%"
"2020-03-03","-0.025","-0.025","-0.025","-0.025","-44.44%"
"2020-03-02","-0.045","-0.045","-0.045","-0.045","-35.71%"
"2020-02-28","-0.070","-0.070","-0.070","-0.070","133.33%"
"2020-02-27","-0.030","-0.030","-0.030","-0.030","2,207.69%"
"2020-02-26","-0.001","-0.001","-0.001","-0.001","-94.54%"
"2020-02-25","-0.024","-0.024","-0.024","-0.024","-200.00%"
"2020-02-24","0.024","0.024","0.024","0.024","-20.67%"
"2020-02-21","0.030","0.030","0.030","0.030","0.00%"
"2020-02-20","0.030","0.030","0.030","0.030","-50.00%"
"2020-02-19","0.060","0.060","0.060","0.060","50.00%"
"2020-02-18","0.040","0.040","0.040","0.040","-50.80%"
"2020-02-17","0.081","0.081","0.081","0.081","-7.09%"
"2020-02-14","0.087","0.087","0.087","0.087","-2.78%"
"2020-02-13","0.090","0.090","0.090","0.090","9.09%"
"2020-02-12","0.083","0.083","0.083","0.083","43.48%"
"2020-02-11","0.058","0.058","0.058","0.058","-2.21%"
"2020-02-10","0.059","0.059","0.059","0.059","-20.33%"
"2020-02-07","0.074","0.074","0.074","0.074","-24.31%"
"2020-02-06","0.097","0.097","0.097","0.097","-3.75%"
"2020-02-05","0.101","0.101","0.101","0.101","32.77%"
"2020-02-04","0.076","0.076","0.076","0.076","38.73%"
"2020-02-03","0.055","0.055","0.055","0.055","0.00%"
"2020-01-31","0.055","0.055","0.055","0.055","-13.79%"
"2020-01-30","0.064","0.064","0.064","0.064","-23.87%"
"2020-01-29","0.084","0.084","0.084","0.084","-10.66%"
"2020-01-28","0.094","0.094","0.094","0.094","15.38%"
"2020-01-27","0.081","0.081","0.081","0.081","-24.37%"
"2020-01-24","0.108","0.108","0.108","0.108","1.13%"
"2020-01-23","0.106","0.106","0.106","0.106","-24.07%"
"2020-01-22","0.140","0.140","0.140","0.140","0.00%"
"2020-01-21","0.140","0.140","0.140","0.140","-9.68%"
"2020-01-20","0.155","0.155","0.155","0.155","3.33%"
"2020-01-17","0.150","0.150","0.150","0.150","-8.42%"
"2020-01-16","0.164","0.164","0.164","0.164","7.41%"
"2020-01-15","0.153","0.153","0.153","0.153","-1.61%"
"2020-01-14","0.155","0.155","0.155","0.155","6.90%"
"2020-01-13","0.145","0.145","0.145","0.145","-4.16%"
"2020-01-10","0.151","0.151","0.151","0.151","-0.79%"
"2020-01-09","0.153","0.153","0.153","0.153","7.02%"
"2020-01-08","0.142","0.142","0.142","0.142","0.00%"
"2020-01-07","0.142","0.142","0.142","0.142","0.92%"
"2020-01-06","0.141","0.141","0.141","0.141","5.53%"
"2020-01-03","0.134","0.134","0.134","0.134","0.00%"
"2020-01-02","0.134","0.134","0.134","0.134","0.00%"
"2020-01-01","0.134","0.134","0.134","0.134","0.00%"
"2019-12-31","0.134","0.134","0.134","0.134","-14.40%"
"2019-12-30","0.156","0.156","0.156","0.156","-1.57%"
"2019-12-27","0.159","0.159","0.159","0.159","-3.76%"
"2019-12-26","0.165","0.165","0.165","0.165","5.57%"
"2019-12-25","0.156","0.156","0.156","0.156","-15.51%"
"2019-12-24","0.185","0.185","0.185","0.185","22.27%"
"2019-12-23","0.151","0.151","0.151","0.151","-7.63%"
"2019-12-20","0.164","0.164","0.164","0.164","12.97%"
"2019-12-19","0.145","0.145","0.145","0.145","0.83%"
"2019-12-18","0.144","0.144","0.144","0.144","1.84%"
"2019-12-17","0.141","0.141","0.141","0.141","-0.91%"
"2019-12-16","0.142","0.142","0.142","0.142","12.83%"
"2019-12-13","0.126","0.126","0.126","0.126","-18.52%"
"2019-12-12","0.155","0.155","0.155","0.155","21.57%"
"2019-12-11","0.127","0.127","0.127","0.127","-5.56%"
"2019-12-10","0.135","0.135","0.135","0.135","-8.47%"
"2019-12-09","0.147","0.147","0.147","0.147","-6.35%"
"2019-12-06","0.157","0.157","0.157","0.157","19.95%"
"2019-12-05","0.131","0.131","0.131","0.131","-7.86%"
"2019-12-04","0.142","0.142","0.142","0.142","50.00%"
"2019-12-03","0.095","0.095","0.095","0.095","-29.63%"
"2019-12-02","0.135","0.135","0.135","0.135","24.08%"
"2019-11-29","0.109","0.109","0.109","0.109","12.98%"
"2019-11-28","0.096","0.096","0.096","0.096","11.72%"
"2019-11-27","0.086","0.086","0.086","0.086","-6.81%"
"2019-11-26","0.093","0.093","0.093","0.093","-8.69%"
"2019-11-25","0.101","0.101","0.101","0.101","-2.41%"
"2019-11-22","0.104","0.104","0.104","0.104","6.46%"
"2019-11-21","0.097","0.097","0.097","0.097","-4.88%"
"2019-11-20","0.102","0.102","0.102","0.102","-8.89%"
"2019-11-19","0.112","0.112","0.112","0.112","5.83%"
"2019-11-18","0.106","0.106","0.106","0.106","-10.52%"
"2019-11-15","0.119","0.119","0.119","0.119","15.90%"
"2019-11-14","0.102","0.102","0.102","0.102","-20.42%"
"2019-11-13","0.129","0.129","0.129","0.129","-20.15%"
"2019-11-12","0.161","0.161","0.161","0.161","13.19%"
"2019-11-11","0.142","0.142","0.142","0.142","-5.00%"
"2019-11-08","0.150","0.150","0.150","0.150","-2.47%"
"2019-11-07","0.154","0.154","0.154","0.154","68.46%"
"2019-11-06","0.091","0.091","0.091","0.091","12.30%"
"2019-11-05","0.081","0.081","0.081","0.081","123.97%"
"2019-11-04","0.036","0.036","0.036","0.036","-6.44%"
"2019-11-01","0.039","0.039","0.039","0.039","-16.20%"
"2019-10-31","0.046","0.046","0.046","0.046","-42.12%"
"2019-10-30","0.080","0.080","0.080","0.080","-7.19%"
"2019-10-29","0.086","0.086","0.086","0.086","1.41%"
"2019-10-28","0.085","0.085","0.085","0.085","19.38%"
"2019-10-25","0.071","0.071","0.071","0.071","16.15%"
"2019-10-24","0.061","0.061","0.061","0.061","6.61%"
"2019-10-23","0.058","0.058","0.058","0.058","-5.12%"
"2019-10-22","0.061","0.061","0.061","0.061","-23.10%"
"2019-10-21","0.079","0.079","0.079","0.079","23.51%"
"2019-10-18","0.064","0.064","0.064","0.064","6.33%"
"2019-10-17","0.060","0.060","0.060","0.060","4.35%"
"2019-10-16","0.058","0.058","0.058","0.058","-6.20%"
"2019-10-15","0.061","0.061","0.061","0.061","2.17%"
"2019-10-14","0.060","0.060","0.060","0.060","-7.69%"
"2019-10-11","0.065","0.065","0.065","0.065","67.53%"
"2019-10-10","0.039","0.039","0.039","0.039","34.72%"
"2019-10-09","0.029","0.029","0.029","0.029","284.00%"
"2019-10-08","0.007","0.007","0.007","0.007","19.05%"
"2019-10-07","0.006","0.006","0.006","0.006","-61.35%"
"2019-10-04","0.016","0.016","0.016","0.016","226.00%"
"2019-10-03","0.005","0.005","0.005","0.005","-88.58%"
"2019-10-02","0.044","0.044","0.044","0.044","12.89%"
"2019-10-01","0.039","0.039","0.039","0.039","19.38%"
"2019-09-30","0.032","0.032","0.032","0.032","550.00%"
"2019-09-27","0.005","0.005","0.005","0.005","-179.37%"
"2019-09-26","-0.006","-0.006","-0.006","-0.006","384.62%"
"2019-09-25","-0.001","-0.001","-0.001","-0.001","-88.50%"
"2019-09-24","-0.011","-0.011","-0.011","-0.011","769.23%"
"2019-09-23","-0.001","-0.001","-0.001","-0.001","-110.40%"
"2019-09-20","0.013","0.013","0.013","0.013","-37.50%"
"2019-09-19","0.020","0.020","0.020","0.020","-44.90%"
"2019-09-18","0.036","0.036","0.036","0.036","-44.15%"
"2019-09-17","0.065","0.065","0.065","0.065","-41.60%"
"2019-09-16","0.111","0.111","0.111","0.111","15.58%"
"2019-09-13","0.096","0.096","0.096","0.096","133.17%"
"2019-09-12","0.041","0.041","0.041","0.041","50.18%"
"2019-09-11","0.027","0.027","0.027","0.027","450.00%"
"2019-09-10","0.005","0.005","0.005","0.005","-156.82%"
"2019-09-09","-0.009","-0.009","-0.009","-0.009","0.00%"
"2019-09-06","-0.009","-0.009","-0.009","-0.009","-72.92%"
"2019-09-05","-0.032","-0.032","-0.032","-0.032","-51.85%"
"2019-09-04","-0.068","-0.068","-0.068","-0.068","-11.53%"
"2019-09-03","-0.076","-0.076","-0.076","-0.076","29.76%"
"2019-09-02","-0.059","-0.059","-0.059","-0.059","42.37%"
"2019-08-30","-0.041","-0.041","-0.041","-0.041","-15.37%"
"2019-08-29","-0.049","-0.049","-0.049","-0.049","-13.32%"
"2019-08-28","-0.056","-0.056","-0.056","-0.056","-8.16%"
"2019-08-27","-0.061","-0.061","-0.061","-0.061","6.61%"
"2019-08-26","-0.058","-0.058","-0.058","-0.058","53.33%"
"2019-08-23","-0.038","-0.038","-0.038","-0.038","19.81%"
"2019-08-22","-0.031","-0.031","-0.031","-0.031","13.82%"
"2019-08-21","-0.027","-0.027","-0.027","-0.027","0.00%"
"2019-08-20","-0.027","-0.027","-0.027","-0.027","46.28%"
"2019-08-19","-0.019","-0.019","-0.019","-0.019","-16.44%"
"2019-08-16","-0.023","-0.023","-0.023","-0.023","-47.06%"
"2019-08-15","-0.043","-0.043","-0.043","-0.043","17.08%"
"2019-08-14","-0.036","-0.036","-0.036","-0.036","21.00%"
"2019-08-13","-0.030","-0.030","-0.030","-0.030","140.00%"
"2019-08-12","-0.013","-0.013","-0.013","-0.013","-9.42%"
"2019-08-09","-0.014","-0.014","-0.014","-0.014","-284.00%"
"2019-08-08","0.007","0.007","0.007","0.007","476.92%"
"2019-08-07","0.001","0.001","0.001","0.001","-95.06%"
"2019-08-06","0.026","0.026","0.026","0.026","317.46%"
"2019-08-05","0.006","0.006","0.006","0.006","-84.25%"
"2019-08-02","0.040","0.040","0.040","0.040","-42.86%"
"2019-08-01","0.070","0.070","0.070","0.070","19.05%"
"2019-07-31","0.059","0.059","0.059","0.059","-7.84%"
"2019-07-30","0.064","0.064","0.064","0.064","-13.55%"
"2019-07-29","0.074","0.074","0.074","0.074","0.00%"
"2019-07-26","0.074","0.074","0.074","0.074","0.00%"
"2019-07-25","0.074","0.074","0.074","0.074","3.65%"
"2019-07-24","0.071","0.071","0.071","0.071","-3.52%"
"2019-07-23","0.074","0.074","0.074","0.074","5.43%"
"2019-07-22","0.070","0.070","0.070","0.070","-6.67%"
"2019-07-19","0.075","0.075","0.075","0.075","-10.50%"
"2019-07-18","0.084","0.084","0.084","0.084","-5.63%"
"2019-07-17","0.089","0.089","0.089","0.089","-16.46%"
"2019-07-16","0.106","0.106","0.106","0.106","19.71%"
"2019-07-15","0.089","0.089","0.089","0.089","-5.33%"
"2019-07-12","0.094","0.094","0.094","0.094","2.74%"
"2019-07-11","0.091","0.091","0.091","0.091","8.95%"
"2019-07-10","0.084","0.084","0.084","0.084","17.70%"
"2019-07-09","0.071","0.071","0.071","0.071","1.71%"
"2019-07-08","0.070","0.070","0.070","0.070","3.70%"
"2019-07-05","0.068","0.068","0.068","0.068","12.50%"
"2019-07-04","0.060","0.060","0.060","0.060","-14.29%"
"2019-07-03","0.070","0.070","0.070","0.070","-20.00%"
"2019-07-02","0.087","0.087","0.087","0.087","-5.41%"
"2019-07-01","0.093","0.093","0.093","0.093","15.63%"
"2019-06-28","0.080","0.080","0.080","0.080","-14.71%"
"2019-06-27","0.094","0.094","0.094","0.094","-3.79%"
"2019-06-26","0.097","0.097","0.097","0.097","34.48%"
"2019-06-25","0.072","0.072","0.072","0.072","-3.33%"
"2019-06-24","0.075","0.075","0.075","0.075","0.00%"
"2019-06-21","0.075","0.075","0.075","0.075","27.55%"
"2019-06-20","0.059","0.059","0.059","0.059","-31.79%"
"2019-06-19","0.086","0.086","0.086","0.086","7.75%"
"2019-06-18","0.080","0.080","0.080","0.080","-21.95%"
"2019-06-17","0.102","0.102","0.102","0.102","0.00%"
"2019-06-14","0.102","0.102","0.102","0.102","-5.79%"
"2019-06-13","0.109","0.109","0.109","0.109","6.15%"
"2019-06-12","0.102","0.102","0.102","0.102","-6.82%"
"2019-06-11","0.110","0.110","0.110","0.110","8.59%"
"2019-06-10","0.101","0.101","0.101","0.101","3.90%"
"2019-06-07","0.097","0.097","0.097","0.097","-8.28%"
"2019-06-06","0.106","0.106","0.106","0.106","1.24%"
"2019-06-05","0.105","0.105","0.105","0.105","-20.75%"
"2019-06-04","0.132","0.132","0.132","0.132","2.40%"
"2019-06-03","0.129","0.129","0.129","0.129","-5.89%"
"2019-05-31","0.138","0.138","0.138","0.138","-8.33%"
"2019-05-30","0.150","0.150","0.150","0.150","11.11%"
"2019-05-29","0.135","0.135","0.135","0.135","-8.47%"
"2019-05-28","0.147","0.147","0.147","0.147","-2.51%"
"2019-05-27","0.151","0.151","0.151","0.151","-3.20%"
"2019-05-24","0.156","0.156","0.156","0.156","-2.31%"
"2019-05-23","0.160","0.160","0.160","0.160","-5.88%"
"2019-05-22","0.170","0.170","0.170","0.170","-7.51%"
"2019-05-21","0.184","0.184","0.184","0.184","-1.34%"
"2019-05-20","0.186","0.186","0.186","0.186","6.46%"
"2019-05-17","0.175","0.175","0.175","0.175","2.16%"
"2019-05-16","0.171","0.171","0.171","0.171","-4.19%"
"2019-05-15","0.179","0.179","0.179","0.179","-3.35%"
"2019-05-14","0.185","0.185","0.185","0.185","1.37%"
"2019-05-13","0.183","0.183","0.183","0.183","-1.35%"
"2019-05-10","0.185","0.185","0.185","0.185","-0.70%"
"2019-05-09","0.186","0.186","0.186","0.186","0.00%"
"2019-05-08","0.186","0.186","0.186","0.186","2.76%"
"2019-05-07","0.181","0.181","0.181","0.181","-3.97%"
"2019-05-06","0.189","0.189","0.189","0.189","0.00%"
"2019-05-03","0.189","0.189","0.189","0.189","0.00%"
"2019-05-02","0.189","0.189","0.189","0.189","0.00%"
"2019-05-01","0.189","0.189","0.189","0.189","0.00%"
"2019-04-30","0.189","0.189","0.189","0.189","0.00%"
"2019-04-29","0.189","0.189","0.189","0.189","0.00%"
"2019-04-26","0.189","0.189","0.189","0.189","-8.48%"
"2019-04-25","0.206","0.206","0.206","0.206","6.45%"
"2019-04-24","0.194","0.194","0.194","0.194","-4.30%"
"2019-04-23","0.203","0.203","0.203","0.203","-5.81%"
"2019-04-22","0.215","0.215","0.215","0.215","1.18%"
"2019-04-19","0.213","0.213","0.213","0.213","2.41%"
"2019-04-18","0.207","0.207","0.207","0.207","-6.24%"
"2019-04-17","0.221","0.221","0.221","0.221","3.51%"
"2019-04-16","0.214","0.214","0.214","0.214","0.00%"
"2019-04-15","0.214","0.214","0.214","0.214","3.64%"
"2019-04-12","0.206","0.206","0.206","0.206","13.79%"
"2019-04-11","0.181","0.181","0.181","0.181","2.14%"
"2019-04-10","0.177","0.177","0.177","0.177","-0.73%"
"2019-04-09","0.179","0.179","0.179","0.179","-4.03%"
"2019-04-08","0.186","0.186","0.186","0.186","-3.22%"
"2019-04-05","0.192","0.192","0.192","0.192","3.33%"
"2019-04-04","0.186","0.186","0.186","0.186","7.25%"
"2019-04-03","0.174","0.174","0.174","0.174","2.18%"
"2019-04-02","0.170","0.170","0.170","0.170","0.71%"
"2019-04-01","0.169","0.169","0.169","0.169","2.30%"
"2019-03-29","0.165","0.165","0.165","0.165","2.29%"
"2019-03-28","0.161","0.161","0.161","0.161","-3.01%"
"2019-03-27","0.166","0.166","0.166","0.166","-5.67%"
"2019-03-26","0.176","0.176","0.176","0.176","16.52%"
"2019-03-25","0.151","0.151","0.151","0.151","-5.44%"
"2019-03-22","0.160","0.160","0.160","0.160","-14.67%"
"2019-03-21","0.188","0.188","0.188","0.188","-4.48%"
"2019-03-20","0.196","0.196","0.196","0.196","2.61%"
"2019-03-19","0.191","0.191","0.191","0.191","-3.14%"
"2019-03-18","0.198","0.198","0.198","0.198","1.91%"
"2019-03-15","0.194","0.194","0.194","0.194","-2.52%"
"2019-03-14","0.199","0.199","0.199","0.199","0.00%"
"2019-03-13","0.199","0.199","0.199","0.199","-3.64%"
"2019-03-12","0.206","0.206","0.206","0.206","-0.58%"
"2019-03-11","0.207","0.207","0.207","0.207","1.22%"
"2019-03-08","0.205","0.205","0.205","0.205","-3.53%"
"2019-03-07","0.213","0.213","0.213","0.213","-7.12%"
"2019-03-06","0.229","0.229","0.229","0.229","-8.04%"
"2019-03-05","0.249","0.249","0.249","0.249","2.05%"
"2019-03-04","0.244","0.244","0.244","0.244","1.04%"
"2019-03-01","0.241","0.241","0.241","0.241","1.05%"
"2019-02-28","0.239","0.239","0.239","0.239","7.91%"
"2019-02-27","0.221","0.221","0.221","0.221","5.38%"
"2019-02-26","0.210","0.210","0.210","0.210","1.20%"
"2019-02-25","0.207","0.207","0.207","0.207","5.06%"
"2019-02-22","0.198","0.198","0.198","0.198","-3.04%"
"2019-02-21","0.204","0.204","0.204","0.204","-1.26%"
"2019-02-20","0.206","0.206","0.206","0.206","-0.58%"
"2019-02-19","0.207","0.207","0.207","0.207","-6.24%"
"2019-02-18","0.221","0.221","0.221","0.221","1.75%"
"2019-02-15","0.218","0.218","0.218","0.218","0.00%"
"2019-02-14","0.218","0.218","0.218","0.218","-5.97%"
"2019-02-13","0.231","0.231","0.231","0.231","4.52%"
"2019-02-12","0.221","0.221","0.221","0.221","7.95%"
"2019-02-11","0.205","0.205","0.205","0.205","0.00%"
"2019-02-08","0.205","0.205","0.205","0.205","-6.82%"
"2019-02-07","0.220","0.220","0.220","0.220","4.76%"
"2019-02-06","0.210","0.210","0.210","0.210","0.00%"
"2019-02-05","0.210","0.210","0.210","0.210","-0.62%"
"2019-02-04","0.211","0.211","0.211","0.211","0.62%"
"2019-02-01","0.210","0.210","0.210","0.210","-1.18%"
"2019-01-31","0.213","0.213","0.213","0.213","-8.13%"
"2019-01-30","0.231","0.231","0.231","0.231","2.80%"
"2019-01-29","0.225","0.225","0.225","0.225","2.27%"
"2019-01-28","0.220","0.220","0.220","0.220","-0.59%"
"2019-01-25","0.221","0.221","0.221","0.221","-2.73%"
"2019-01-24","0.228","0.228","0.228","0.228","-2.15%"
"2019-01-23","0.233","0.233","0.233","0.233","-2.64%"
"2019-01-22","0.239","0.239","0.239","0.239","-2.05%"
"2019-01-21","0.244","0.244","0.244","0.244","-1.49%"
"2019-01-18","0.248","0.248","0.248","0.248","5.86%"
"2019-01-17","0.234","0.234","0.234","0.234","-1.06%"
"2019-01-16","0.236","0.236","0.236","0.236","-1.05%"
"2019-01-15","0.239","0.239","0.239","0.239","-0.50%"
"2019-01-14","0.240","0.240","0.240","0.240","0.00%"
"2019-01-11","0.240","0.240","0.240","0.240","-2.56%"
"2019-01-10","0.246","0.246","0.246","0.246","-5.27%"
"2019-01-09","0.260","0.260","0.260","0.260","2.97%"
"2019-01-08","0.252","0.252","0.252","0.252","6.32%"
"2019-01-07","0.237","0.237","0.237","0.237","1.06%"
"2019-01-04","0.235","0.235","0.235","0.235","-2.08%"
"2019-01-03","0.240","0.240","0.240","0.240","0.00%"
"2019-01-02","0.240","0.240","0.240","0.240","-3.03%"
"2019-01-01","0.248","0.248","0.248","0.248","0.00%"
"2018-12-31","0.248","0.248","0.248","0.248","2.57%"
"2018-12-28","0.241","0.241","0.241","0.241","-4.89%"
"2018-12-27","0.254","0.254","0.254","0.254","-2.91%"
"2018-12-26","0.261","0.261","0.261","0.261","7.18%"
"2018-12-25","0.244","0.244","0.244","0.244","-8.00%"
"2018-12-24","0.265","0.265","0.265","0.265","-0.93%"
"2018-12-21","0.268","0.268","0.268","0.268","9.18%"
"2018-12-20","0.245","0.245","0.245","0.245","-5.77%"
"2018-12-19","0.260","0.260","0.260","0.260","-1.89%"
"2018-12-18","0.265","0.265","0.265","0.265","-6.19%"
"2018-12-17","0.282","0.282","0.282","0.282","4.63%"
"2018-12-14","0.270","0.270","0.270","0.270","-8.10%"
"2018-12-13","0.294","0.294","0.294","0.294","0.00%"
"2018-12-12","0.294","0.294","0.294","0.294","4.93%"
"2018-12-11","0.280","0.280","0.280","0.280","5.66%"
"2018-12-10","0.265","0.265","0.265","0.265","-7.44%"
"2018-12-07","0.286","0.286","0.286","0.286","0.00%"
"2018-12-06","0.286","0.286","0.286","0.286","-4.18%"
"2018-12-05","0.299","0.299","0.299","0.299","0.84%"
"2018-12-04","0.296","0.296","0.296","0.296","-6.68%"
"2018-12-03","0.317","0.317","0.317","0.317","-1.95%"
"2018-11-30","0.324","0.324","0.324","0.324","3.62%"
"2018-11-29","0.313","0.313","0.313","0.313","-11.67%"
"2018-11-28","0.354","0.354","0.354","0.354","3.30%"
"2018-11-27","0.343","0.343","0.343","0.343","-1.10%"
"2018-11-26","0.346","0.346","0.346","0.346","-2.81%"
"2018-11-23","0.356","0.356","0.356","0.356","0.00%"
"2018-11-22","0.356","0.356","0.356","0.356","1.08%"
"2018-11-21","0.352","0.352","0.352","0.352","-1.40%"
"2018-11-20","0.357","0.357","0.357","0.357","2.49%"
"2018-11-19","0.349","0.349","0.349","0.349","-4.44%"
"2018-11-16","0.365","0.365","0.365","0.365","0.69%"
"2018-11-15","0.363","0.363","0.363","0.363","-4.28%"
"2018-11-14","0.379","0.379","0.379","0.379","-2.27%"
"2018-11-13","0.387","0.387","0.387","0.387","-0.64%"
"2018-11-12","0.390","0.390","0.390","0.390","-0.96%"
"2018-11-09","0.394","0.394","0.394","0.394","-2.16%"
"2018-11-08","0.403","0.403","0.403","0.403","0.93%"
"2018-11-07","0.399","0.399","0.399","0.399","-0.30%"
"2018-11-06","0.400","0.400","0.400","0.400","1.57%"
"2018-11-05","0.394","0.394","0.394","0.394","-1.55%"
"2018-11-02","0.400","0.400","0.400","0.400","1.91%"
"2018-11-01","0.393","0.393","0.393","0.393","-3.40%"
"2018-10-31","0.406","0.406","0.406","0.406","3.52%"
"2018-10-30","0.393","0.393","0.393","0.393","1.60%"
"2018-10-29","0.386","0.386","0.386","0.386","1.66%"
"2018-10-26","0.380","0.380","0.380","0.380","-5.31%"
"2018-10-25","0.401","0.401","0.401","0.401","-1.23%"
"2018-10-24","0.406","0.406","0.406","0.406","-3.83%"
"2018-10-23","0.423","0.423","0.423","0.423","-2.87%"
"2018-10-22","0.435","0.435","0.435","0.435","0.86%"
"2018-10-19","0.431","0.431","0.431","0.431","-1.15%"
"2018-10-18","0.436","0.436","0.436","0.436","0.88%"
"2018-10-17","0.433","0.433","0.433","0.433","-1.14%"
"2018-10-16","0.438","0.438","0.438","0.438","2.63%"
"2018-10-15","0.426","0.426","0.426","0.426","-1.43%"
"2018-10-12","0.433","0.433","0.433","0.433","0.28%"
"2018-10-11","0.431","0.431","0.431","0.431","-3.08%"
"2018-10-10","0.445","0.445","0.445","0.445","0.27%"
"2018-10-09","0.444","0.444","0.444","0.444","-0.27%"
"2018-10-08","0.445","0.445","0.445","0.445","0.00%"
"2018-10-05","0.445","0.445","0.445","0.445","-0.85%"
"2018-10-04","0.449","0.449","0.449","0.449","5.28%"
"2018-10-03","0.426","0.426","0.426","0.426","0.00%"
"2018-10-02","0.426","0.426","0.426","0.426","-2.29%"
"2018-10-01","0.436","0.436","0.436","0.436","2.06%"
"2018-09-28","0.428","0.428","0.428","0.428","2.08%"
"2018-09-27","0.419","0.419","0.419","0.419","-2.33%"
"2018-09-26","0.429","0.429","0.429","0.429","-1.72%"
"2018-09-25","0.436","0.436","0.436","0.436","2.06%"
"2018-09-24","0.428","0.428","0.428","0.428","-0.58%"
"2018-09-21","0.430","0.430","0.430","0.430","3.29%"
"2018-09-20","0.416","0.416","0.416","0.416","-2.05%"
"2018-09-19","0.425","0.425","0.425","0.425","1.19%"
"2018-09-18","0.420","0.420","0.420","0.420","1.20%"
"2018-09-17","0.415","0.415","0.415","0.415","1.22%"
"2018-09-14","0.410","0.410","0.410","0.410","3.14%"
"2018-09-13","0.398","0.398","0.398","0.398","0.00%"
"2018-09-12","0.398","0.398","0.398","0.398","-0.62%"
"2018-09-11","0.400","0.400","0.400","0.400","0.00%"
"2018-09-10","0.400","0.400","0.400","0.400","0.00%"
"2018-09-07","0.400","0.400","0.400","0.400","1.91%"
"2018-09-06","0.393","0.393","0.393","0.393","-3.09%"
"2018-09-05","0.405","0.405","0.405","0.405","-2.41%"
"2018-09-04","0.415","0.415","0.415","0.415","0.61%"
"2018-09-03","0.412","0.412","0.412","0.412","1.53%"
"2018-08-31","0.406","0.406","0.406","0.406","1.25%"
"2018-08-30","0.401","0.401","0.401","0.401","0.96%"
"2018-08-29","0.398","0.398","0.398","0.398","0.94%"
"2018-08-28","0.394","0.394","0.394","0.394","3.99%"
"2018-08-27","0.379","0.379","0.379","0.379","-3.52%"
"2018-08-24","0.393","0.393","0.393","0.393","0.00%"
"2018-08-23","0.393","0.393","0.393","0.393","-1.87%"
"2018-08-22","0.400","0.400","0.400","0.400","0.93%"
"2018-08-21","0.396","0.396","0.396","0.396","0.33%"
"2018-08-20","0.395","0.395","0.395","0.395","-1.25%"
"2018-08-17","0.400","0.400","0.400","0.400","-1.55%"
"2018-08-16","0.406","0.406","0.406","0.406","1.88%"
"2018-08-15","0.399","0.399","0.399","0.399","-2.45%"
"2018-08-14","0.409","0.409","0.409","0.409","3.15%"
"2018-08-13","0.396","0.396","0.396","0.396","0.00%"
"2018-08-10","0.396","0.396","0.396","0.396","-5.08%"
"2018-08-09","0.417","0.417","0.417","0.417","-0.60%"
"2018-08-08","0.420","0.420","0.420","0.420","-0.59%"
"2018-08-07","0.423","0.423","0.423","0.423","4.63%"
"2018-08-06","0.404","0.404","0.404","0.404","-0.91%"
"2018-08-03","0.407","0.407","0.407","0.407","-4.41%"
"2018-08-02","0.426","0.426","0.426","0.426","-3.40%"
"2018-08-01","0.441","0.441","0.441","0.441","18.06%"
"2018-07-31","0.374","0.374","0.374","0.374","-8.56%"
"2018-07-30","0.409","0.409","0.409","0.409","2.84%"
"2018-07-27","0.398","0.398","0.398","0.398","7.26%"
"2018-07-26","0.371","0.371","0.371","0.371","1.87%"
"2018-07-25","0.364","0.364","0.364","0.364","0.19%"
"2018-07-24","0.363","0.363","0.363","0.363","1.57%"
"2018-07-23","0.357","0.357","0.357","0.357","-0.36%"
"2018-07-20","0.359","0.359","0.359","0.359","14.82%"
"2018-07-19","0.313","0.313","0.313","0.313","-2.34%"
"2018-07-18","0.320","0.320","0.320","0.320","1.20%"
"2018-07-17","0.316","0.316","0.316","0.316","-0.41%"
"2018-07-16","0.317","0.317","0.317","0.317","0.79%"
"2018-07-13","0.315","0.315","0.315","0.315","1.19%"
"2018-07-12","0.311","0.311","0.311","0.311","-0.77%"
"2018-07-11","0.314","0.314","0.314","0.314","1.19%"
"2018-07-10","0.310","0.310","0.310","0.310","4.62%"
"2018-07-09","0.296","0.296","0.296","0.296","-2.47%"
"2018-07-06","0.304","0.304","0.304","0.304","-1.20%"
"2018-07-05","0.308","0.308","0.308","0.308","-1.22%"
"2018-07-04","0.311","0.311","0.311","0.311","-0.77%"
"2018-07-03","0.314","0.314","0.314","0.314","1.19%"
"2018-07-02","0.310","0.310","0.310","0.310","-2.76%"
"2018-06-29","0.319","0.319","0.319","0.319","0.00%"
"2018-06-28","0.319","0.319","0.319","0.319","-0.78%"
"2018-06-27","0.321","0.321","0.321","0.321","0.00%"
"2018-06-26","0.321","0.321","0.321","0.321","0.78%"
"2018-06-25","0.319","0.319","0.319","0.319","-1.15%"
"2018-06-22","0.322","0.322","0.322","0.322","-0.40%"
"2018-06-21","0.324","0.324","0.324","0.324","0.00%"
"2018-06-20","0.324","0.324","0.324","0.324","0.40%"
"2018-06-19","0.322","0.322","0.322","0.322","-2.66%"
"2018-06-18","0.331","0.331","0.331","0.331","1.16%"
"2018-06-15","0.327","0.327","0.327","0.327","-2.24%"
"2018-06-14","0.335","0.335","0.335","0.335","-0.74%"
"2018-06-13","0.338","0.338","0.338","0.338","-1.46%"
"2018-06-12","0.343","0.343","0.343","0.343","0.74%"
"2018-06-11","0.340","0.340","0.340","0.340","1.86%"
"2018-06-08","0.334","0.334","0.334","0.334","-1.48%"
"2018-06-07","0.339","0.339","0.339","0.339","-1.45%"
"2018-06-06","0.344","0.344","0.344","0.344","2.63%"
"2018-06-05","0.335","0.335","0.335","0.335","-1.47%"