"日付","終値","始値","高値","安値","変化率 %"
"2026-02-18","2.571","2.567","2.583","2.527","-0.78%"
"2026-02-17","2.591","2.636","2.652","2.574","-2.52%"
"2026-02-16","2.658","2.610","2.686","2.620","1.10%"
"2026-02-13","2.629","2.606","2.673","2.614","0.38%"
"2026-02-12","2.619","2.655","2.684","2.617","-2.60%"
"2026-02-11","2.689","2.637","2.689","2.652","0.30%"
"2026-02-10","2.681","2.701","2.725","2.658","-1.58%"
"2026-02-09","2.724","2.709","2.764","2.707","0.55%"
"2026-02-06","2.709","2.671","2.739","2.627","0.97%"
"2026-02-05","2.683","2.709","2.735","2.681","-1.54%"
"2026-02-04","2.725","2.727","2.771","2.719","-0.44%"
"2026-02-03","2.737","2.728","2.772","2.722","-0.11%"
"2026-02-02","2.740","2.727","2.772","2.707","0.55%"
"2026-01-30","2.725","2.733","2.762","2.711","-0.73%"
"2026-01-29","2.745","2.744","2.775","2.729","-0.36%"
"2026-01-28","2.755","2.756","2.796","2.732","-0.58%"
"2026-01-27","2.771","2.722","2.804","2.735","1.21%"
"2026-01-26","2.738","2.755","2.785","2.707","-0.65%"
"2026-01-23","2.756","2.743","2.793","2.742","0.15%"
"2026-01-22","2.752","2.795","2.813","2.749","-2.03%"
"2026-01-21","2.809","2.858","2.886","2.787","-2.43%"
"2026-01-20","2.879","2.733","2.927","2.740","4.84%"
"2026-01-19","2.746","2.676","2.772","2.673","2.27%"
"2026-01-16","2.685","2.658","2.706","2.653","0.67%"
"2026-01-15","2.667","2.660","2.705","2.651","0.11%"
"2026-01-14","2.664","2.672","2.720","2.661","-0.78%"
"2026-01-13","2.685","2.642","2.720","2.631","1.17%"
"2026-01-12","2.654","2.662","2.692","2.654","0.49%"
"2026-01-09","2.641","2.612","2.687","2.602","0.72%"
"2026-01-08","2.622","2.622","2.648","2.608","-0.61%"
"2026-01-07","2.638","2.637","2.681","2.637","-0.38%"
"2026-01-06","2.648","2.619","2.681","2.620","0.68%"
"2026-01-05","2.630","2.584","2.665","2.595","0.77%"
"2026-01-02","2.610","2.610","2.610","2.610","0.00%"
"2026-01-01","2.610","2.610","2.610","2.610","0.00%"
"2025-12-31","2.610","2.610","2.610","2.610","0.00%"
"2025-12-30","2.610","2.568","2.618","2.581","1.01%"
"2025-12-29","2.584","2.558","2.613","2.569","0.43%"
"2025-12-26","2.573","2.570","2.593","2.568","-0.12%"
"2025-12-25","2.576","2.541","2.587","2.543","0.55%"
"2025-12-24","2.562","2.562","2.604","2.558","-0.43%"
"2025-12-23","2.573","2.579","2.618","2.561","-0.89%"
"2025-12-22","2.596","2.566","2.641","2.569","0.54%"
"2025-12-19","2.582","2.521","2.600","2.528","1.89%"
"2025-12-18","2.534","2.518","2.563","2.520","0.32%"
"2025-12-17","2.526","2.499","2.556","2.501","0.20%"
"2025-12-16","2.521","2.495","2.541","2.499","-1.52%"
"2025-12-15","2.560","2.489","2.560","2.484","2.56%"
"2025-12-12","2.496","2.471","2.526","2.483","-0.20%"
"2025-12-11","2.501","2.479","2.526","2.474","-0.32%"
"2025-12-10","2.509","2.502","2.540","2.500","-0.20%"
"2025-12-09","2.514","2.515","2.545","2.502","-0.75%"
"2025-12-08","2.533","2.482","2.565","2.492","1.36%"
"2025-12-05","2.499","2.478","2.518","2.473","0.20%"
"2025-12-04","2.494","2.457","2.525","2.468","1.01%"
"2025-12-03","2.469","2.444","2.504","2.446","0.53%"
"2025-12-02","2.456","2.443","2.483","2.435","0.04%"
"2025-12-01","2.455","2.407","2.491","2.406","1.78%"
"2025-11-28","2.412","2.359","2.434","2.379","0.79%"
"2025-11-27","2.393","2.358","2.411","2.362","0.59%"
"2025-11-26","2.379","2.352","2.410","2.370","-0.17%"
"2025-11-25","2.383","2.345","2.402","2.351","1.02%"
"2025-11-24","2.359","2.335","2.370","2.354","-0.08%"
"2025-11-21","2.361","2.388","2.404","2.350","-1.75%"
"2025-11-20","2.403","2.384","2.441","2.382","0.21%"
"2025-11-19","2.398","2.343","2.412","2.348","0.88%"
"2025-11-18","2.377","2.317","2.393","2.331","2.10%"
"2025-11-17","2.328","2.278","2.361","2.295","1.53%"
"2025-11-14","2.293","2.272","2.325","2.273","0.35%"
"2025-11-13","2.285","2.248","2.308","2.256","1.06%"
"2025-11-12","2.261","2.243","2.287","2.247","0.18%"
"2025-11-11","2.257","2.236","2.284","2.247","0.04%"
"2025-11-10","2.256","2.210","2.286","2.229","1.26%"
"2025-11-07","2.228","2.203","2.253","2.208","0.59%"
"2025-11-06","2.215","2.184","2.250","2.204","-0.45%"
"2025-11-05","2.225","2.212","2.244","2.203","0.18%"
"2025-11-04","2.221","2.195","2.249","2.211","-0.05%"
"2025-11-03","2.222","2.200","2.236","2.218","0.14%"
"2025-10-31","2.219","2.195","2.238","2.195","0.45%"
"2025-10-30","2.209","2.179","2.236","2.194","-0.67%"
"2025-10-29","2.224","2.184","2.234","2.192","1.32%"
"2025-10-28","2.195","2.205","2.233","2.189","-1.17%"
"2025-10-27","2.221","2.207","2.253","2.215","-0.40%"
"2025-10-24","2.230","2.220","2.252","2.209","-0.18%"
"2025-10-23","2.234","2.202","2.254","2.206","1.04%"
"2025-10-22","2.211","2.196","2.245","2.195","0.09%"
"2025-10-21","2.209","2.192","2.238","2.187","-0.05%"
"2025-10-20","2.210","2.184","2.239","2.183","0.27%"
"2025-10-17","2.204","2.198","2.228","2.164","0.82%"
"2025-10-16","2.186","2.198","2.230","2.179","-0.95%"
"2025-10-15","2.207","2.201","2.237","2.198","-0.32%"
"2025-10-14","2.214","2.218","2.257","2.207","1.10%"
"2025-10-13","2.190","2.220","2.251","2.190","-1.22%"
"2025-10-10","2.217","2.270","2.301","2.214","-2.42%"
"2025-10-09","2.272","2.252","2.296","2.243","0.49%"
"2025-10-08","2.261","2.259","2.292","2.248","-0.62%"
"2025-10-07","2.275","2.290","2.311","2.249","-1.43%"
"2025-10-06","2.308","2.212","2.324","2.186","4.01%"
"2025-10-03","2.219","2.205","2.239","2.208","-0.22%"
"2025-10-02","2.224","2.202","2.251","2.197","0.32%"
"2025-10-01","2.217","2.188","2.251","2.194","0.64%"
"2025-09-30","2.203","2.182","2.227","2.163","0.87%"
"2025-09-29","2.184","2.182","2.214","2.173","0.09%"
"2025-09-26","2.182","2.147","2.222","2.165","0.28%"
"2025-09-25","2.176","2.179","2.208","2.155","-0.68%"
"2025-09-24","2.191","2.191","2.221","2.174","-0.54%"
"2025-09-23","2.203","2.188","2.203","2.203","0.23%"
"2025-09-22","2.198","2.186","2.232","2.190","0.05%"
"2025-09-19","2.197","2.172","2.227","2.189","-0.72%"
"2025-09-18","2.213","2.194","2.235","2.183","0.27%"
"2025-09-17","2.207","2.201","2.239","2.193","-0.45%"
"2025-09-16","2.217","2.226","2.253","2.186","0.14%"
"2025-09-15","2.214","2.183","2.222","2.204","0.41%"
"2025-09-12","2.205","2.181","2.218","2.188","0.46%"
"2025-09-11","2.195","2.162","2.212","2.175","0.64%"
"2025-09-10","2.181","2.204","2.219","2.174","-1.36%"
"2025-09-09","2.211","2.186","2.232","2.177","0.36%"
"2025-09-08","2.203","2.153","2.230","2.173","0.32%"
"2025-09-05","2.196","2.184","2.221","2.183","-0.54%"
"2025-09-04","2.208","2.247","2.262","2.203","-2.47%"
"2025-09-03","2.264","2.238","2.285","2.244","0.58%"
"2025-09-02","2.251","2.218","2.268","2.216","0.54%"
"2025-09-01","2.239","2.178","2.253","2.199","1.27%"
"2025-08-29","2.211","2.200","2.230","2.209","-0.90%"
"2025-08-28","2.231","2.220","2.250","2.230","-0.89%"
"2025-08-27","2.251","2.226","2.260","2.251","-0.31%"
"2025-08-26","2.258","2.201","2.266","2.231","1.30%"
"2025-08-25","2.229","2.199","2.229","2.229","0.00%"
"2025-08-22","2.229","2.195","2.230","2.219","0.41%"
"2025-08-21","2.220","2.184","2.221","2.214","0.32%"
"2025-08-20","2.213","2.170","2.229","2.200","0.64%"
"2025-08-19","2.199","2.153","2.206","2.183","0.69%"
"2025-08-18","2.184","2.144","2.184","2.170","0.46%"
"2025-08-15","2.174","2.135","2.174","2.161","0.37%"
"2025-08-14","2.166","2.085","2.166","2.115","2.46%"
"2025-08-13","2.114","2.099","2.129","2.114","-0.75%"
"2025-08-12","2.130","2.083","2.133","2.113","0.90%"
"2025-08-11","2.111","2.081","2.111","2.111","0.00%"
"2025-08-08","2.111","2.068","2.111","2.098","0.72%"
"2025-08-07","2.096","2.071","2.106","2.093","-0.14%"
"2025-08-06","2.099","2.058","2.105","2.088","0.62%"
"2025-08-05","2.086","2.074","2.104","2.074","-0.90%"
"2025-08-04","2.105","2.064","2.122","2.094","0.53%"
"2025-08-01","2.094","2.108","2.150","2.085","-2.10%"
"2025-07-31","2.139","2.120","2.150","2.129","-0.56%"
"2025-07-30","2.151","2.098","2.151","2.128","1.03%"
"2025-07-29","2.129","2.095","2.144","2.125","1.62%"
"2025-07-28","2.095","2.095","2.095","2.089","1.14%"
"2025-07-11","2.071","2.061","2.072","2.071","0.36%"
"2025-07-10","2.064","2.069","2.069","2.059","-0.30%"
"2025-07-09","2.070","2.057","2.071","2.047","0.54%"
"2025-07-08","2.059","2.047","2.059","2.047","2.68%"
"2025-07-07","2.005","1.966","2.006","1.966","1.97%"
"2025-07-04","1.966","1.982","1.981","1.965","-0.94%"
"2025-07-03","1.985","1.954","1.986","1.954","1.66%"
"2025-07-02","1.952","1.940","1.952","1.940","0.71%"
"2025-07-01","1.939","1.941","1.940","1.930","-0.06%"
"2025-06-30","1.940","1.941","1.950","1.940","-0.07%"
"2025-06-27","1.941","1.923","1.941","1.923","0.91%"
"2025-06-26","1.924","1.910","1.924","1.910","0.79%"
"2025-06-25","1.909","1.923","1.923","1.895","-0.78%"
"2025-06-24","1.924","1.915","1.926","1.914","0.39%"
"2025-06-23","1.916","1.898","1.923","1.898","0.99%"
"2025-06-20","1.898","1.918","1.933","1.884","-0.98%"
"2025-06-19","1.916","1.920","1.931","1.916","-0.26%"
"2025-06-18","1.921","1.939","1.954","1.921","-0.84%"
"2025-06-17","1.938","1.929","1.961","1.929","0.58%"
"2025-06-16","1.926","1.939","1.951","1.926","-0.64%"
"2025-06-13","1.939","1.936","1.939","1.908","-0.26%"
"2025-06-12","1.944","1.957","1.974","1.944","-0.64%"
"2025-06-11","1.956","1.967","1.970","1.956","-0.63%"
"2025-06-10","1.969","1.926","1.974","1.926","2.28%"
"2025-06-09","1.925","1.923","1.954","1.923","0.13%"
"2025-06-06","1.923","1.933","1.933","1.906","-0.58%"
"2025-06-05","1.934","1.971","1.971","1.925","-1.96%"
"2025-06-04","1.972","1.944","1.981","1.944","1.54%"
"2025-06-03","1.942","1.938","1.942","1.935","0.19%"
"2025-06-02","1.939","1.935","1.941","1.931","0.20%"
"2025-05-30","1.935","1.925","1.939","1.923","0.58%"
"2025-05-29","1.924","1.923","1.954","1.923","0.20%"
"2025-05-28","1.920","1.880","1.938","1.880","2.19%"
"2025-05-27","1.879","1.965","1.965","1.847","-4.45%"
"2025-05-26","1.966","1.966","1.966","1.966","0.00%"
"2025-05-23","1.966","2.055","2.967","1.965","-4.38%"
"2025-05-22","2.056","2.007","2.064","2.009","2.49%"
"2025-05-21","2.006","1.970","2.006","1.970","1.78%"
"2025-05-20","1.971","1.905","1.981","1.906","3.55%"
"2025-05-19","1.904","1.894","1.914","1.891","0.53%"
"2025-05-16","1.894","1.914","1.913","1.870","-1.11%"
"2025-05-15","1.915","1.925","1.928","1.915","-0.59%"
"2025-05-14","1.926","1.881","1.926","1.881","2.46%"
"2025-05-13","1.880","1.879","1.880","1.866","0.13%"
"2025-05-12","1.878","1.822","1.911","1.822","3.02%"
"2025-05-09","1.822","1.776","1.829","1.778","2.68%"
"2025-05-08","1.775","1.755","1.786","1.755","1.21%"
"2025-05-07","1.754","1.705","1.759","1.705","2.93%"
"2025-05-05","1.704","1.704","1.704","1.704","0.00%"
"2025-05-02","1.704","1.679","1.704","1.679","1.42%"
"2025-05-01","1.680","1.690","1.701","1.669","-0.52%"
"2025-04-30","1.689","1.724","1.724","1.689","-2.10%"
"2025-04-28","1.725","1.756","1.756","1.716","-1.78%"
"2025-04-25","1.756","1.726","1.758","1.727","1.89%"
"2025-04-24","1.724","1.736","1.736","1.707","-0.79%"
"2025-04-23","1.737","1.704","1.740","1.697","1.91%"
"2025-04-22","1.705","1.685","1.714","1.685","1.26%"
"2025-04-21","1.684","1.684","1.684","1.684","-0.07%"
"2025-04-17","1.685","1.674","1.691","1.669","0.75%"
"2025-04-16","1.673","1.785","1.783","1.654","-6.24%"
"2025-04-15","1.784","1.830","1.836","1.760","-2.66%"
"2025-04-14","1.832","1.773","1.840","1.773","3.60%"
"2025-04-11","1.769","1.697","1.817","1.697","4.27%"
"2025-04-10","1.696","1.641","1.761","1.641","3.43%"
"2025-04-09","1.640","1.577","1.680","1.576","3.88%"
"2025-04-08","1.579","1.450","1.614","1.451","9.07%"
"2025-04-07","1.447","1.491","1.491","1.401","-2.77%"
"2025-04-04","1.489","1.467","1.555","1.446","-10.25%"
"2025-04-03","1.659","1.794","1.794","1.651","-7.59%"
"2025-04-02","1.795","1.824","1.824","1.784","-1.64%"
"2025-04-01","1.825","1.830","1.839","1.817","-0.14%"
"2025-03-31","1.827","1.861","1.861","1.819","-1.82%"
"2025-03-28","1.861","1.894","1.894","1.856","-1.85%"
"2025-03-27","1.896","1.916","1.915","1.885","-1.11%"
"2025-03-26","1.918","1.913","1.919","1.905","0.19%"
"2025-03-25","1.914","1.908","1.923","1.908","0.39%"
"2025-03-24","1.906","1.871","1.906","1.871","1.87%"
"2025-03-21","1.871","1.909","1.909","1.871","-1.90%"
"2025-03-19","1.908","1.884","1.909","1.880","1.19%"
"2025-03-18","1.885","1.866","1.886","1.866","1.07%"
"2025-03-17","1.865","1.854","1.865","1.854","0.60%"
"2025-03-14","1.854","1.869","1.869","1.844","-0.87%"
"2025-03-13","1.870","1.857","1.885","1.857","0.87%"
"2025-03-12","1.854","1.862","1.862","1.841","-0.73%"
"2025-03-11","1.867","1.871","1.871","1.849","-0.34%"
"2025-03-10","1.874","1.834","1.891","1.834","2.18%"
"2025-03-07","1.834","1.854","1.852","1.834","-1.21%"
"2025-03-06","1.856","1.834","1.876","1.834","1.30%"
"2025-03-05","1.832","1.761","1.832","1.769","3.97%"
"2025-03-04","1.763","1.786","1.786","1.763","-1.40%"
"2025-03-03","1.788","1.754","1.801","1.755","1.92%"
"2025-02-28","1.754","1.770","1.770","1.744","-0.99%"
"2025-02-27","1.771","1.739","1.783","1.740","1.80%"
"2025-02-26","1.740","1.721","1.747","1.722","1.16%"
"2025-02-25","1.720","1.761","1.760","1.720","-2.27%"
"2025-02-24","1.760","1.760","1.760","1.760","0.00%"
"2025-02-21","1.760","1.803","1.803","1.760","-2.43%"
"2025-02-20","1.804","1.819","1.819","1.784","-0.89%"
"2025-02-19","1.820","1.816","1.830","1.806","0.14%"
"2025-02-18","1.817","1.790","1.822","1.790","1.60%"
"2025-02-17","1.789","1.774","1.789","1.774","0.85%"
"2025-02-14","1.774","1.742","1.774","1.742","1.87%"
"2025-02-13","1.741","1.758","1.756","1.741","-0.85%"
"2025-02-12","1.756","1.702","1.756","1.702","3.31%"
"2025-02-11","1.700","1.700","1.700","1.700","0.00%"
"2025-02-10","1.700","1.717","1.717","1.700","-1.02%"
"2025-02-07","1.717","1.697","1.717","1.695","1.25%"
"2025-02-06","1.696","1.710","1.697","1.685","-0.88%"
"2025-02-05","1.711","1.707","1.714","1.704","0.29%"
"2025-02-04","1.706","1.670","1.717","1.674","2.33%"
"2025-02-03","1.668","1.668","1.671","1.661","0.00%"
"2025-01-31","1.668","1.650","1.669","1.663","1.21%"
"2025-01-30","1.648","1.639","1.655","1.639","0.61%"
"2025-01-29","1.638","1.650","1.650","1.629","-0.91%"
"2025-01-28","1.653","1.644","1.658","1.644","0.61%"
"2025-01-27","1.643","1.674","1.674","1.624","-1.87%"
"2025-01-24","1.674","1.666","1.684","1.665","0.38%"
"2025-01-23","1.668","1.649","1.668","1.649","1.21%"
"2025-01-22","1.648","1.663","1.663","1.644","-0.83%"
"2025-01-21","1.661","1.663","1.668","1.660","0.00%"
"2025-01-20","1.661","1.680","1.680","1.661","-1.11%"
"2025-01-17","1.680","1.701","1.700","1.679","-1.32%"
"2025-01-16","1.702","1.721","1.721","1.694","-1.16%"
"2025-01-15","1.722","1.740","1.751","1.720","-0.94%"
"2025-01-14","1.739","1.739","1.741","1.731","0.07%"
"2025-01-13","1.737","1.737","1.737","1.737","0.00%"
"2025-01-10","1.737","1.696","1.737","1.697","2.58%"
"2025-01-09","1.694","1.717","1.714","1.694","-1.52%"
"2025-01-08","1.720","1.692","1.725","1.694","1.70%"
"2025-01-07","1.691","1.683","1.691","1.683","0.45%"
"2025-01-06","1.684","1.644","1.692","1.644","2.43%"
"2025-01-03","1.644","1.644","1.644","1.644","0.00%"
"2025-01-02","1.644","1.644","1.644","1.644","0.00%"
"2025-01-01","1.644","1.644","1.644","1.644","0.00%"
"2024-12-31","1.644","1.644","1.644","1.644","0.00%"
"2024-12-30","1.644","1.666","1.666","1.643","-1.35%"
"2024-12-27","1.666","1.614","1.666","1.615","3.09%"
"2024-12-26","1.616","1.616","1.616","1.616","0.00%"
"2024-12-25","1.616","1.616","1.616","1.616","0.00%"
"2024-12-24","1.616","1.611","1.619","1.614","0.39%"
"2024-12-23","1.610","1.590","1.610","1.590","1.26%"
"2024-12-20","1.590","1.611","1.611","1.590","-1.55%"
"2024-12-19","1.615","1.610","1.615","1.586","0.23%"
"2024-12-18","1.611","1.615","1.615","1.607","-0.31%"
"2024-12-17","1.616","1.616","1.628","1.616","0.08%"
"2024-12-16","1.615","1.595","1.616","1.595","1.25%"
"2024-12-13","1.595","1.584","1.595","1.581","0.79%"
"2024-12-12","1.582","1.602","1.601","1.580","-1.33%"
"2024-12-11","1.604","1.612","1.612","1.604","-0.62%"
"2024-12-10","1.614","1.602","1.614","1.602","0.55%"
"2024-12-09","1.605","1.597","1.605","1.590","0.47%"
"2024-12-06","1.597","1.631","1.631","1.596","-2.37%"
"2024-12-05","1.636","1.619","1.638","1.619","1.16%"
"2024-12-04","1.617","1.616","1.624","1.616","0.00%"
"2024-12-03","1.617","1.635","1.635","1.611","-1.15%"
"2024-12-02","1.636","1.612","1.640","1.612","1.48%"
"2024-11-29","1.612","1.619","1.617","1.610","-0.46%"
"2024-11-28","1.620","1.628","1.629","1.620","-0.39%"
"2024-11-27","1.626","1.633","1.644","1.626","-0.23%"
"2024-11-26","1.630","1.620","1.631","1.620","0.69%"
"2024-11-25","1.619","1.622","1.629","1.619","-0.23%"
"2024-11-22","1.622","1.636","1.636","1.622","-0.92%"
"2024-11-21","1.638","1.636","1.644","1.634","0.23%"
"2024-11-20","1.634","1.606","1.636","1.607","1.79%"
"2024-11-19","1.605","1.639","1.638","1.605","-2.13%"
"2024-11-18","1.640","1.640","1.643","1.633","0.00%"
"2024-11-15","1.640","1.626","1.640","1.628","0.92%"
"2024-11-14","1.625","1.606","1.628","1.606","1.32%"
"2024-11-13","1.604","1.589","1.611","1.590","1.03%"
"2024-11-12","1.587","1.576","1.589","1.576","0.87%"
"2024-11-11","1.574","1.559","1.574","1.559","0.96%"
"2024-11-08","1.559","1.555","1.571","1.556","0.32%"
"2024-11-07","1.554","1.558","1.566","1.554","-0.16%"
"2024-11-06","1.556","1.514","1.556","1.514","3.07%"
"2024-11-05","1.510","1.520","1.520","1.503","-0.74%"
"2024-11-04","1.521","1.521","1.521","1.521","0.00%"
"2024-11-01","1.521","1.539","1.539","1.514","-1.21%"
"2024-10-31","1.540","1.541","1.544","1.530","0.00%"
"2024-10-30","1.540","1.560","1.550","1.535","-1.36%"
"2024-10-29","1.561","1.541","1.564","1.543","1.38%"
"2024-10-28","1.540","1.496","1.540","1.539","2.92%"
"2024-10-25","1.496","1.509","1.509","1.491","-0.91%"
"2024-10-24","1.510","1.531","1.531","1.508","-1.47%"
"2024-10-23","1.533","1.519","1.533","1.521","0.99%"
"2024-10-22","1.518","1.525","1.529","1.514","-0.33%"
"2024-10-21","1.523","1.520","1.523","1.509","0.16%"
"2024-10-18","1.520","1.515","1.533","1.515","0.41%"
"2024-10-17","1.514","1.485","1.514","1.485","2.03%"
"2024-10-16","1.484","1.492","1.500","1.484","-0.51%"
"2024-10-15","1.491","1.484","1.501","1.485","0.59%"
"2024-10-14","1.482","1.482","1.482","1.482","0.00%"
"2024-10-11","1.482","1.480","1.482","1.479","0.17%"
"2024-10-10","1.480","1.447","1.491","1.447","2.33%"
"2024-10-09","1.446","1.444","1.449","1.444","0.26%"
"2024-10-08","1.442","1.440","1.445","1.433","0.08%"
"2024-10-07","1.441","1.424","1.449","1.429","1.59%"
"2024-10-04","1.419","1.424","1.424","1.391","1.89%"
"2024-10-03","1.393","1.389","1.393","1.384","0.18%"
"2024-10-02","1.390","1.398","1.398","1.381","-0.63%"
"2024-10-01","1.399","1.420","1.419","1.398","-1.58%"
"2024-09-30","1.421","1.425","1.425","1.414","-0.27%"
"2024-09-27","1.425","1.415","1.449","1.393","0.61%"
"2024-09-26","1.416","1.406","1.425","1.406","0.36%"
"2024-09-25","1.411","1.424","1.424","1.405","-0.97%"
"2024-09-24","1.425","1.428","1.433","1.420","-0.27%"
"2024-09-23","1.429","1.429","1.429","1.429","0.00%"
"2024-09-20","1.429","1.438","1.441","1.421","-0.43%"
"2024-09-19","1.435","1.403","1.450","1.403","2.40%"
"2024-09-18","1.401","1.389","1.401","1.389","0.99%"
"2024-09-17","1.388","1.408","1.408","1.380","-1.51%"
"2024-09-16","1.409","1.409","1.409","1.409","0.00%"
"2024-09-13","1.409","1.409","1.409","1.396","-0.09%"
"2024-09-12","1.410","1.386","1.410","1.386","1.71%"
"2024-09-11","1.386","1.401","1.401","1.381","-1.16%"
"2024-09-10","1.403","1.396","1.413","1.396","0.54%"
"2024-09-09","1.395","1.365","1.403","1.395","2.39%"
"2024-09-06","1.362","1.365","1.379","1.357","-1.27%"
"2024-09-05","1.380","1.388","1.388","1.375","-0.63%"
"2024-09-04","1.389","1.424","1.424","1.389","-2.54%"
"2024-09-03","1.425","1.440","1.442","1.425","-0.96%"
"2024-09-02","1.439","1.433","1.439","1.433","0.44%"
"2024-08-30","1.433","1.419","1.438","1.420","0.80%"
"2024-08-29","1.421","1.419","1.434","1.409","0.44%"
"2024-08-28","1.415","1.414","1.423","1.398","1.16%"
"2024-08-27","1.399","1.396","1.400","1.388","0.37%"
"2024-08-26","1.394","1.394","1.400","1.384","0.53%"
"2024-08-23","1.386","1.389","1.408","1.386","-0.72%"
"2024-08-22","1.396","1.389","1.401","1.374","1.09%"
"2024-08-21","1.381","1.384","1.405","1.376","-1.78%"
"2024-08-20","1.406","1.415","1.423","1.399","-0.61%"
"2024-08-19","1.415","1.408","1.424","1.366","3.56%"
"2024-08-16","1.366","1.332","1.383","1.360","-0.09%"
"2024-08-15","1.367","1.332","1.386","1.310","4.99%"
"2024-08-14","1.303","1.311","1.342","1.298","-2.16%"
"2024-08-13","1.331","1.351","1.374","1.331","-1.02%"
"2024-08-12","1.345","1.346","1.360","1.345","0.00%"
"2024-08-09","1.345","1.362","1.395","1.344","-3.58%"
"2024-08-08","1.395","1.362","1.480","1.362","-3.04%"
"2024-08-07","1.439","1.434","1.449","1.339","6.18%"
"2024-08-06","1.355","1.354","1.409","1.294","5.04%"
"2024-08-05","1.290","1.259","1.351","1.221","-3.91%"
"2024-08-02","1.342","1.472","1.446","1.341","-7.02%"
"2024-08-01","1.444","1.472","1.495","1.435","-3.35%"
"2024-07-31","1.494","1.489","1.521","1.455","1.79%"
"2024-07-30","1.467","1.450","1.515","1.450","0.42%"
"2024-07-29","1.461","1.457","1.482","1.451","-1.43%"
"2024-07-26","1.482","1.496","1.504","1.482","-1.50%"
"2024-07-25","1.505","1.496","1.533","1.489","-1.47%"
"2024-07-24","1.528","1.523","1.543","1.511","0.74%"
"2024-07-23","1.516","1.515","1.541","1.510","-0.90%"
"2024-07-22","1.530","1.529","1.538","1.501","1.07%"
"2024-07-19","1.514","1.506","1.514","1.494","-0.24%"
"2024-07-18","1.518","1.506","1.534","1.504","-0.41%"
"2024-07-17","1.524","1.510","1.528","1.490","0.16%"
"2024-07-16","1.521","1.504","1.543","1.495","-1.46%"
"2024-07-15","1.544","1.535","1.544","1.531","0.00%"
"2024-07-12","1.544","1.563","1.548","1.524","-0.16%"
"2024-07-11","1.546","1.563","1.577","1.543","-2.06%"
"2024-07-10","1.579","1.565","1.584","1.564","-0.16%"
"2024-07-09","1.581","1.571","1.581","1.445","0.24%"
"2024-07-08","1.577","1.572","1.582","1.566","0.48%"
"2024-07-05","1.570","1.574","1.581","1.554","-0.79%"
"2024-07-04","1.582","1.574","1.590","1.570","-0.24%"
"2024-07-03","1.586","1.587","1.609","1.570","-1.47%"
"2024-07-02","1.610","1.602","1.612","1.581","1.10%"
"2024-07-01","1.592","1.581","1.595","1.564","1.84%"
"2024-06-28","1.564","1.572","1.584","1.554","0.00%"
"2024-06-27","1.564","1.572","1.586","1.549","0.97%"
"2024-06-26","1.549","1.548","1.565","1.520","2.06%"
"2024-06-25","1.518","1.519","1.524","1.510","0.66%"
"2024-06-24","1.508","1.513","1.520","1.481","1.77%"
"2024-06-21","1.481","1.482","1.506","1.476","0.43%"
"2024-06-20","1.475","1.482","1.503","1.457","1.37%"
"2024-06-19","1.455","1.460","1.490","1.452","-1.52%"
"2024-06-18","1.477","1.485","1.485","1.464","1.03%"
"2024-06-17","1.462","1.456","1.466","1.451","0.08%"
"2024-06-14","1.461","1.515","1.524","1.454","-4.18%"
"2024-06-13","1.525","1.515","1.531","1.492","0.66%"
"2024-06-12","1.515","1.535","1.563","1.509","-3.19%"
"2024-06-11","1.565","1.564","1.579","1.553","-0.79%"
"2024-06-10","1.577","1.579","1.585","1.556","1.20%"
"2024-06-07","1.559","1.509","1.559","1.503","2.46%"
"2024-06-06","1.521","1.509","1.550","1.496","-1.85%"
"2024-06-05","1.550","1.559","1.570","1.530","-0.72%"
"2024-06-04","1.561","1.560","1.614","1.554","-3.40%"
"2024-06-03","1.616","1.609","1.626","1.594","-0.61%"
"2024-05-31","1.626","1.609","1.631","1.607","0.77%"
"2024-05-30","1.614","1.609","1.655","1.600","-1.15%"
"2024-05-29","1.633","1.622","1.641","1.601","2.19%"
"2024-05-28","1.597","1.587","1.610","1.584","0.63%"
"2024-05-27","1.587","1.587","1.594","1.571","0.23%"
"2024-05-24","1.584","1.564","1.586","1.563","0.48%"
"2024-05-23","1.576","1.564","1.577","1.558","-0.16%"
"2024-05-22","1.579","1.575","1.584","1.544","2.19%"
"2024-05-21","1.545","1.545","1.561","1.543","-1.20%"
"2024-05-20","1.564","1.563","1.564","1.548","0.64%"
"2024-05-17","1.554","1.510","1.554","1.521","1.56%"
"2024-05-16","1.530","1.510","1.549","1.504","-1.29%"
"2024-05-15","1.550","1.540","1.563","1.524","-0.88%"
"2024-05-14","1.564","1.554","1.571","1.550","0.57%"
"2024-05-13","1.555","1.545","1.561","1.521","1.63%"
"2024-05-10","1.530","1.519","1.538","1.509","0.08%"
"2024-05-09","1.529","1.519","1.533","1.509","0.91%"
"2024-05-08","1.515","1.492","1.515","1.466","1.68%"
"2024-05-07","1.490","1.484","1.526","1.477","-2.45%"
"2024-05-06","1.528","1.510","1.528","1.485","0.00%"
"2024-05-03","1.528","1.528","1.528","1.528","0.00%"
"2024-05-02","1.528","1.499","1.530","1.486","1.16%"
"2024-05-01","1.510","1.499","1.524","1.479","-0.66%"
"2024-04-30","1.520","1.484","1.520","1.475","0.74%"
"2024-04-29","1.509","1.511","1.511","1.479","0.00%"
"2024-04-26","1.509","1.518","1.554","1.486","-2.81%"
"2024-04-25","1.553","1.518","1.553","1.500","1.06%"
"2024-04-24","1.536","1.505","1.536","1.497","1.07%"
"2024-04-23","1.520","1.515","1.538","1.490","0.83%"
"2024-04-22","1.508","1.499","1.521","1.471","1.86%"
"2024-04-19","1.480","1.479","1.501","1.434","-1.50%"
"2024-04-18","1.503","1.479","1.516","1.475","-0.99%"
"2024-04-17","1.518","1.505","1.535","1.499","-0.82%"
"2024-04-16","1.530","1.503","1.531","1.491","0.82%"
"2024-04-15","1.518","1.490","1.518","1.475","1.68%"
"2024-04-12","1.492","1.508","1.515","1.472","-1.41%"
"2024-04-11","1.514","1.508","1.526","1.450","5.68%"
"2024-04-10","1.433","1.410","1.455","1.408","1.24%"
"2024-04-09","1.415","1.409","1.421","1.396","0.35%"
"2024-04-08","1.410","1.401","1.411","1.385","1.81%"
"2024-04-05","1.385","1.385","1.396","1.371","-0.18%"
"2024-04-04","1.388","1.385","1.398","1.379","-0.18%"
"2024-04-03","1.390","1.380","1.396","1.372","0.18%"
"2024-04-02","1.388","1.378","1.394","1.340","2.59%"
"2024-04-01","1.352","1.352","1.370","1.339","0.47%"
"2024-03-29","1.346","1.322","1.346","1.314","0.46%"
"2024-03-28","1.340","1.322","1.347","1.315","-0.65%"
"2024-03-27","1.349","1.342","1.370","1.341","-1.47%"
"2024-03-26","1.369","1.350","1.378","1.350","-0.73%"
"2024-03-25","1.379","1.359","1.379","1.346","1.01%"
"2024-03-22","1.365","1.361","1.379","1.362","-0.73%"
"2024-03-21","1.375","1.361","1.375","1.354","1.48%"
"2024-03-20","1.355","1.350","1.355","1.345","0.00%"
"2024-03-19","1.355","1.364","1.367","1.334","-0.55%"
"2024-03-18","1.362","1.364","1.400","1.346","-2.24%"
"2024-03-17","1.394","1.400","1.400","1.388","-0.45%"
"2024-03-15","1.400","1.391","1.423","1.386","-0.98%"
"2024-03-14","1.414","1.391","1.416","1.375","2.26%"
"2024-03-13","1.383","1.367","1.388","1.359","-0.09%"
"2024-03-12","1.384","1.378","1.393","1.372","-0.27%"
"2024-03-11","1.388","1.384","1.394","1.370","1.09%"
"2024-03-10","1.372","1.370","1.372","1.349","0.18%"
"2024-03-09","1.370","1.370","1.370","1.370","0.00%"
"2024-03-08","1.370","1.345","1.370","1.337","0.92%"
"2024-03-07","1.357","1.345","1.357","1.315","2.93%"
"2024-03-06","1.319","1.320","1.337","1.308","-0.47%"
"2024-03-05","1.325","1.327","1.362","1.321","-2.84%"
"2024-03-04","1.364","1.351","1.365","1.326","2.73%"
"2024-03-03","1.327","1.351","1.351","1.327","-1.94%"
"2024-03-01","1.354","1.351","1.361","1.340","-0.36%"
"2024-02-29","1.359","1.354","1.379","1.332","1.40%"
"2024-02-28","1.340","1.340","1.359","1.335","-0.65%"
"2024-02-27","1.349","1.331","1.350","1.329","0.55%"
"2024-02-26","1.341","1.319","1.383","1.319","-1.01%"
"2024-02-25","1.355","1.383","1.383","1.355","-0.64%"
"2024-02-23","1.364","1.364","1.364","1.364","0.00%"
"2024-02-22","1.364","1.369","1.386","1.357","-1.81%"
"2024-02-21","1.389","1.369","1.395","1.367","-0.54%"
"2024-02-20","1.396","1.384","1.419","1.381","-1.67%"
"2024-02-19","1.420","1.404","1.431","1.403","0.62%"
"2024-02-18","1.411","1.431","1.431","1.409","-1.40%"
"2024-02-16","1.431","1.413","1.439","1.403","0.17%"
"2024-02-15","1.429","1.413","1.446","1.398","-1.29%"
"2024-02-14","1.447","1.434","1.460","1.415","-1.03%"
"2024-02-13","1.462","1.410","1.464","1.409","2.27%"
"2024-02-12","1.430","1.415","1.430","1.413","0.00%"
"2024-02-11","1.430","1.430","1.430","1.430","0.00%"
"2024-02-09","1.430","1.395","1.431","1.395","0.79%"
"2024-02-08","1.419","1.395","1.424","1.385","0.00%"
"2024-02-07","1.419","1.405","1.428","1.391","-0.26%"
"2024-02-06","1.423","1.414","1.445","1.401","-1.65%"
"2024-02-05","1.446","1.419","1.446","1.409","2.49%"
"2024-02-04","1.411","1.425","1.425","1.362","-0.97%"
"2024-02-02","1.425","1.384","1.425","1.356","1.87%"
"2024-02-01","1.399","1.384","1.456","1.372","-3.12%"
"2024-01-31","1.444","1.435","1.461","1.433","-0.17%"
"2024-01-30","1.446","1.421","1.451","1.420","-0.43%"
"2024-01-29","1.452","1.434","1.461","1.419","0.95%"
"2024-01-28","1.439","1.439","1.439","1.418","0.00%"
"2024-01-27","1.439","1.439","1.439","1.439","0.00%"
"2024-01-26","1.439","1.462","1.472","1.414","-2.37%"
"2024-01-25","1.474","1.462","1.479","1.416","3.14%"
"2024-01-24","1.429","1.409","1.456","1.386","3.16%"
"2024-01-23","1.385","1.371","1.405","1.324","1.00%"
"2024-01-22","1.371","1.362","1.390","1.342","0.00%"
"2024-01-21","1.371","1.390","1.390","1.371","-1.35%"
"2024-01-20","1.390","1.390","1.390","1.390","0.00%"
"2024-01-19","1.390","1.331","1.393","1.332","3.44%"
"2024-01-18","1.344","1.331","1.354","1.280","5.29%"
"2024-01-17","1.276","1.258","1.284","1.258","1.29%"
"2024-01-16","1.260","1.255","1.268","1.234","2.33%"
"2024-01-15","1.231","1.253","1.253","1.224","-1.30%"
"2024-01-14","1.247","1.253","1.255","1.247","-0.40%"
"2024-01-12","1.253","1.260","1.280","1.253","-1.96%"
"2024-01-11","1.278","1.303","1.310","1.259","-1.44%"
"2024-01-10","1.296","1.295","1.304","1.278","-0.48%"
"2024-01-09","1.303","1.317","1.317","1.293","-0.57%"
"2024-01-08","1.310","1.310","1.319","1.310","0.00%"
"2024-01-05","1.310","1.310","1.310","1.310","-1.32%"
"2024-01-04","1.327","1.327","1.327","1.327","-1.03%"
"2024-01-03","1.341","1.341","1.341","1.341","0.00%"
"2024-01-02","1.341","1.341","1.341","1.341","0.00%"
"2024-01-01","1.341","1.341","1.341","1.341","0.00%"
"2023-12-31","1.341","1.341","1.341","1.341","0.00%"
"2023-12-29","1.341","1.313","1.346","1.308","2.88%"
"2023-12-28","1.304","1.313","1.329","1.294","0.29%"
"2023-12-27","1.300","1.310","1.319","1.299","-2.26%"
"2023-12-26","1.330","1.330","1.332","1.316","1.43%"
"2023-12-25","1.311","1.311","1.313","1.264","0.77%"
"2023-12-24","1.301","1.306","1.306","1.301","-0.39%"
"2023-12-22","1.306","1.274","1.313","1.276","2.25%"
"2023-12-21","1.278","1.274","1.298","1.236","2.92%"
"2023-12-20","1.241","1.226","1.269","1.219","-2.26%"
"2023-12-19","1.270","1.264","1.362","1.241","-7.13%"
"2023-12-18","1.367","1.341","1.381","1.341","-0.09%"
"2023-12-17","1.369","1.376","1.376","1.357","-0.55%"
"2023-12-15","1.376","1.334","1.393","1.350","0.92%"
"2023-12-14","1.364","1.334","1.404","1.304","-2.76%"
"2023-12-13","1.403","1.386","1.455","1.326","-3.69%"
"2023-12-12","1.456","1.429","1.500","1.408","-3.07%"
"2023-12-11","1.503","1.481","1.535","1.476","-1.48%"
"2023-12-10","1.525","1.535","1.535","1.489","-0.65%"
"2023-12-08","1.535","1.454","1.550","1.461","4.24%"
"2023-12-07","1.472","1.454","1.494","1.349","8.57%"
"2023-12-06","1.356","1.334","1.399","1.322","-3.12%"
"2023-12-05","1.400","1.386","1.451","1.355","-3.61%"
"2023-12-04","1.452","1.414","1.452","1.372","5.25%"
"2023-12-03","1.380","1.442","1.442","1.380","-4.33%"
"2023-12-01","1.442","1.398","1.456","1.413","0.00%"
"2023-11-30","1.442","1.398","1.442","1.334","2.94%"
"2023-11-29","1.401","1.379","1.486","1.374","-6.27%"
"2023-11-28","1.495","1.465","1.497","1.441","0.17%"
"2023-11-27","1.492","1.471","1.505","1.454","1.53%"
"2023-11-26","1.470","1.499","1.499","1.469","-1.92%"
"2023-11-24","1.499","1.419","1.508","1.425","3.10%"
"2023-11-23","1.454","1.419","1.429","1.419","0.00%"
"2023-11-22","1.454","1.375","1.455","1.372","3.84%"
"2023-11-21","1.400","1.375","1.439","1.360","-4.03%"
"2023-11-20","1.459","1.428","1.465","1.408","1.48%"
"2023-11-19","1.438","1.454","1.454","1.409","-1.12%"
"2023-11-18","1.454","1.454","1.454","1.454","0.00%"
"2023-11-17","1.454","1.467","1.490","1.395","-2.76%"
"2023-11-16","1.495","1.467","1.514","1.441","-0.75%"
"2023-11-15","1.506","1.459","1.525","1.428","-1.47%"
"2023-11-14","1.529","1.519","1.592","1.469","-4.53%"
"2023-11-13","1.601","1.558","1.602","1.531","4.66%"
"2023-11-12","1.530","1.563","1.563","1.520","-2.08%"
"2023-11-11","1.563","1.563","1.563","1.563","0.00%"
"2023-11-10","1.563","1.489","1.570","1.506","1.87%"
"2023-11-09","1.534","1.489","1.560","1.486","-1.92%"
"2023-11-08","1.564","1.526","1.607","1.499","-2.79%"
"2023-11-07","1.609","1.563","1.616","1.554","-0.54%"
"2023-11-06","1.617","1.565","1.655","1.559","0.78%"
"2023-11-05","1.605","1.655","1.655","1.577","-3.02%"
"2023-11-04","1.655","1.644","1.655","1.644","0.64%"
"2023-11-03","1.644","1.644","1.644","1.644","-0.64%"
"2023-11-02","1.655","1.670","1.702","1.615","-2.86%"
"2023-11-01","1.704","1.670","1.721","1.644","0.59%"
"2023-10-31","1.694","1.645","1.722","1.615","-1.67%"
"2023-10-30","1.722","1.636","1.722","1.617","6.58%"
"2023-10-29","1.616","1.661","1.661","1.607","-1.71%"
"2023-10-28","1.644","1.644","1.644","1.644","-1.02%"
"2023-10-27","1.661","1.602","1.664","1.599","1.14%"
"2023-10-26","1.643","1.602","1.655","1.595","0.07%"
"2023-10-25","1.641","1.587","1.653","1.581","0.54%"
"2023-10-24","1.633","1.602","1.659","1.585","-1.80%"
"2023-10-23","1.663","1.622","1.670","1.597","3.67%"
"2023-10-22","1.604","1.617","1.617","1.576","-0.85%"
"2023-10-20","1.617","1.584","1.630","1.564","0.55%"
"2023-10-19","1.609","1.584","1.630","1.535","1.82%"
"2023-10-18","1.580","1.531","1.584","1.523","2.27%"
"2023-10-17","1.545","1.525","1.582","1.469","3.77%"
"2023-10-16","1.489","1.461","1.513","1.444","1.15%"
"2023-10-15","1.472","1.485","1.485","1.440","-0.76%"
"2023-10-14","1.483","1.483","1.483","1.483","-0.13%"
"2023-10-13","1.485","1.465","1.500","1.447","1.67%"
"2023-10-12","1.461","1.431","1.491","1.423","-2.14%"
"2023-10-11","1.492","1.499","1.554","1.434","-4.02%"
"2023-10-10","1.555","1.496","1.575","1.470","-0.04%"
"2023-10-09","1.556","1.576","1.576","1.497","-1.31%"
"2023-10-08","1.576","1.576","1.576","1.576","1.33%"
"2023-10-07","1.556","1.556","1.556","1.556","-1.31%"
"2023-10-06","1.576","1.530","1.577","1.520","0.52%"
"2023-10-05","1.568","1.503","1.590","1.496","1.50%"
"2023-10-04","1.545","1.486","1.580","1.486","1.64%"
"2023-10-03","1.520","1.464","1.520","1.447","0.58%"
"2023-10-02","1.511","1.440","1.511","1.440","3.16%"
"2023-10-01","1.465","1.469","1.469","1.425","-0.26%"
"2023-09-30","1.469","1.469","1.469","1.469","0.00%"
"2023-09-29","1.469","1.403","1.476","1.401","-0.42%"
"2023-09-28","1.475","1.395","1.475","1.395","2.79%"
"2023-09-27","1.435","1.372","1.436","1.369","0.97%"
"2023-09-26","1.421","1.384","1.428","1.370","-0.18%"
"2023-09-25","1.424","1.367","1.424","1.359","4.22%"
"2023-09-24","1.366","1.410","1.410","1.365","-1.98%"
"2023-09-23","1.394","1.394","1.394","1.394","-1.15%"
"2023-09-22","1.410","1.372","1.507","1.356","-1.40%"
"2023-09-21","1.430","1.381","1.430","1.365","1.69%"
"2023-09-20","1.406","1.371","1.424","1.365","-1.14%"
"2023-09-19","1.423","1.389","1.423","1.361","1.15%"
"2023-09-18","1.406","1.389","1.406","1.357","0.00%"
"2023-09-17","1.406","1.406","1.406","1.406","0.00%"
"2023-09-15","1.406","1.370","1.416","1.349","-0.96%"
"2023-09-14","1.420","1.383","1.423","1.332","2.06%"
"2023-09-13","1.391","1.409","1.424","1.349","-2.36%"
"2023-09-12","1.425","1.375","1.430","1.369","0.71%"
"2023-09-11","1.415","1.376","1.425","1.360","2.72%"
"2023-09-10","1.378","1.364","1.406","1.325","1.00%"
"2023-09-08","1.364","1.314","1.369","1.305","-0.09%"
"2023-09-07","1.365","1.316","1.369","1.304","0.27%"
"2023-09-06","1.361","1.325","1.362","1.306","-0.45%"
"2023-09-05","1.367","1.310","1.367","1.310","1.39%"
"2023-09-04","1.349","1.299","1.350","1.299","1.22%"
"2023-09-03","1.332","1.334","1.334","1.284","-0.10%"
"2023-09-01","1.334","1.331","1.351","1.280","-1.30%"
"2023-08-31","1.351","1.342","1.365","1.298","0.51%"
"2023-08-30","1.344","1.329","1.360","1.304","-0.51%"
"2023-08-29","1.351","1.289","1.362","1.289","1.03%"
"2023-08-28","1.337","1.311","1.359","1.291","-0.28%"
"2023-08-27","1.341","1.337","1.359","1.305","-1.28%"
"2023-08-25","1.359","1.314","1.371","1.299","-1.01%"
"2023-08-24","1.372","1.306","1.372","1.291","1.57%"
"2023-08-23","1.351","1.315","1.385","1.308","-1.64%"
"2023-08-22","1.374","1.356","1.383","1.315","-0.09%"
"2023-08-21","1.375","1.288","1.376","1.288","4.41%"
"2023-08-20","1.317","1.332","1.332","1.280","-1.17%"
"2023-08-18","1.332","1.340","1.370","1.279","-0.84%"
"2023-08-17","1.344","1.293","1.378","1.250","4.42%"
"2023-08-16","1.287","1.268","1.322","1.251","-2.79%"
"2023-08-15","1.324","1.282","1.329","1.237","1.44%"
"2023-08-14","1.305","1.268","1.305","1.239","5.24%"
"2023-08-13","1.240","1.263","1.267","1.201","3.23%"
"2023-08-11","1.201","1.201","1.201","1.201","-4.86%"
"2023-08-10","1.263","1.227","1.263","1.194","2.12%"
"2023-08-09","1.236","1.242","1.269","1.166","-1.25%"
"2023-08-08","1.252","1.275","1.320","1.209","-3.47%"
"2023-08-07","1.297","1.286","1.324","1.253","0.93%"
"2023-08-06","1.285","1.306","1.319","1.254","-1.63%"
"2023-08-05","1.306","1.306","1.306","1.306","-0.95%"
"2023-08-04","1.319","1.266","1.345","1.266","1.89%"
"2023-08-03","1.294","1.242","1.326","1.232","-0.24%"
"2023-08-02","1.298","1.211","1.301","1.210","1.96%"
"2023-08-01","1.273","1.192","1.273","1.185","4.04%"
"2023-07-31","1.223","1.148","1.254","1.148","6.36%"
"2023-07-30","1.150","1.178","1.178","1.122","-2.34%"
"2023-07-29","1.178","1.178","1.178","1.178","0.00%"
"2023-07-28","1.178","1.087","1.184","1.051","11.47%"
"2023-07-27","1.056","1.019","1.124","0.991","1.14%"
"2023-07-26","1.044","1.025","1.075","1.005","-1.29%"
"2023-07-25","1.058","1.019","1.076","1.016","-0.18%"
"2023-07-24","1.060","1.011","1.072","1.000","1.55%"
"2023-07-23","1.044","1.050","1.050","0.984","-0.59%"
"2023-07-21","1.050","1.095","1.126","0.970","-6.98%"
"2023-07-20","1.129","1.066","1.129","1.049","0.22%"
"2023-07-19","1.126","1.111","1.134","1.066","-0.77%"
"2023-07-18","1.135","1.087","1.161","1.075","-0.22%"
"2023-07-17","1.138","1.138","1.138","1.089","0.00%"
"2023-07-16","1.138","1.097","1.138","1.097","0.00%"
"2023-07-14","1.138","1.076","1.153","1.064","1.90%"
"2023-07-13","1.116","1.064","1.116","1.046","0.34%"
"2023-07-12","1.112","1.070","1.134","1.030","2.30%"
"2023-07-11","1.087","1.044","1.094","1.033","-0.46%"
"2023-07-10","1.092","1.025","1.101","1.024","6.98%"
"2023-07-09","1.021","1.032","1.054","0.998","-2.51%"
"2023-07-08","1.048","1.048","1.048","1.048","0.00%"
"2023-07-07","1.048","1.003","1.051","0.967","4.61%"
"2023-07-06","1.001","0.941","1.001","0.934","3.89%"
"2023-07-05","0.964","0.979","0.986","0.929","-2.40%"
"2023-07-04","0.988","0.954","0.998","0.935","-1.00%"
"2023-07-03","0.998","0.986","1.001","0.944","1.07%"
"2023-07-02","0.987","0.994","0.994","0.951","-0.44%"
"2023-07-01","0.991","0.991","0.991","0.991","-0.25%"
"2023-06-30","0.994","0.934","1.004","0.934","0.89%"
"2023-06-29","0.985","0.928","0.985","0.920","0.63%"
"2023-06-28","0.979","0.969","0.983","0.925","2.35%"
"2023-06-27","0.956","0.934","0.970","0.901","1.06%"
"2023-06-26","0.946","0.918","0.964","0.894","3.42%"
"2023-06-25","0.915","0.964","0.964","0.915","-5.06%"
"2023-06-23","0.964","0.938","0.973","0.918","0.14%"
"2023-06-22","0.962","0.925","0.973","0.918","0.12%"
"2023-06-21","0.961","0.920","0.970","0.911","-0.64%"
"2023-06-20","0.967","0.980","0.991","0.918","-2.52%"
"2023-06-19","0.993","0.986","0.998","0.940","5.03%"
"2023-06-18","0.945","0.998","0.998","0.945","-4.25%"
"2023-06-17","0.987","0.987","0.987","0.987","-1.06%"
"2023-06-16","0.998","1.008","1.022","0.936","-1.36%"
"2023-06-15","1.011","0.962","1.018","0.957","0.88%"
"2023-06-14","1.003","0.974","1.014","0.961","-0.62%"
"2023-06-13","1.009","0.971","1.016","0.951","0.19%"
"2023-06-12","1.007","1.001","1.019","0.954","4.61%"
"2023-06-11","0.962","1.003","1.014","0.962","-5.06%"
"2023-06-09","1.014","1.003","1.024","0.969","-0.36%"
"2023-06-08","1.018","0.974","1.024","0.961","2.26%"
"2023-06-07","0.995","0.961","1.006","0.950","-1.37%"
"2023-06-06","1.009","1.016","1.024","0.957","-1.58%"
"2023-06-05","1.025","0.985","1.030","0.978","0.80%"
"2023-06-04","1.017","1.003","1.020","0.969","-0.30%"
"2023-06-02","1.020","0.999","1.020","0.964","0.49%"
"2023-06-01","1.015","1.017","1.032","0.966","-1.58%"
"2023-05-31","1.031","0.966","1.031","0.960","1.36%"
"2023-05-30","1.018","1.014","1.033","0.967","2.52%"
"2023-05-29","0.993","0.985","1.028","0.978","-2.51%"
"2023-05-28","1.018","1.024","1.024","0.980","-0.56%"
"2023-05-26","1.024","1.048","1.077","0.979","-2.26%"
"2023-05-25","1.048","0.962","1.048","0.962","5.34%"
"2023-05-24","0.994","0.949","1.011","0.947","-0.31%"
"2023-05-23","0.998","0.966","0.998","0.924","2.57%"
"2023-05-22","0.973","0.934","0.978","0.916","0.38%"
"2023-05-21","0.969","0.978","0.978","0.935","-1.27%"
"2023-05-19","0.981","0.949","0.985","0.935","-0.51%"
"2023-05-18","0.986","0.954","0.986","0.920","4.16%"
"2023-05-17","0.947","0.993","0.998","0.902","-5.31%"
"2023-05-16","1.000","0.964","1.001","0.947","3.90%"
"2023-05-15","0.962","0.981","1.004","0.950","1.32%"
"2023-05-14","0.950","0.979","0.980","0.939","-2.94%"
"2023-05-13","0.979","0.979","0.979","0.979","0.00%"
"2023-05-12","0.979","0.957","0.979","0.889","1.63%"
"2023-05-11","0.963","0.955","0.994","0.916","-3.57%"
"2023-05-10","0.999","0.979","1.019","0.955","-2.20%"
"2023-05-09","1.021","1.013","1.021","0.979","1.74%"
"2023-05-08","1.004","1.003","1.012","0.965","0.00%"
"2023-05-07","1.004","1.011","1.011","0.974","-0.67%"
"2023-05-06","1.011","1.011","1.011","1.011","1.31%"
"2023-05-05","0.998","0.998","0.998","0.998","0.00%"
"2023-05-04","0.998","0.998","0.998","0.998","0.00%"
"2023-05-03","0.998","0.998","0.998","0.998","-0.13%"
"2023-05-02","0.999","1.013","1.028","0.976","-0.62%"
"2023-05-01","1.005","0.951","1.012","0.947","2.49%"
"2023-04-30","0.981","0.971","0.981","0.933","0.32%"
"2023-04-29","0.978","0.978","0.978","0.978","0.00%"
"2023-04-28","0.978","1.045","1.096","0.933","-7.84%"
"2023-04-27","1.061","1.018","1.079","1.010","1.38%"
"2023-04-26","1.046","1.045","1.067","1.005","-2.11%"
"2023-04-25","1.069","1.054","1.096","1.010","-2.51%"
"2023-04-24","1.096","1.091","1.101","1.039","0.81%"
"2023-04-23","1.087","1.091","1.091","1.049","-0.35%"
"2023-04-21","1.091","1.049","1.097","1.035","-0.23%"
"2023-04-20","1.094","1.033","1.096","1.023","0.23%"
"2023-04-19","1.091","1.049","1.097","1.034","0.00%"
"2023-04-18","1.091","1.071","1.111","1.049","-2.02%"
"2023-04-17","1.114","1.048","1.117","1.048","6.46%"
"2023-04-16","1.046","1.080","1.080","1.030","-3.13%"
"2023-04-14","1.080","1.013","1.080","1.011","3.23%"
"2023-04-13","1.046","1.010","1.056","1.005","-0.49%"
"2023-04-12","1.051","1.039","1.071","1.009","-1.52%"
"2023-04-11","1.067","1.009","1.069","0.999","4.53%"
"2023-04-10","1.021","1.028","1.071","1.011","-3.15%"
"2023-04-09","1.054","1.046","1.071","1.018","0.78%"
"2023-04-08","1.046","1.046","1.046","1.046","2.82%"
"2023-04-07","1.018","1.029","1.080","1.004","-4.01%"
"2023-04-06","1.060","1.080","1.082","1.024","-2.30%"
"2023-04-05","1.085","1.073","1.102","1.033","-0.17%"
"2023-04-04","1.087","1.010","1.096","1.010","3.14%"
"2023-04-03","1.054","0.998","1.063","0.998","2.31%"
"2023-04-02","1.030","1.033","1.033","0.991","0.24%"
"2023-04-01","1.028","1.028","1.028","1.028","-0.48%"
"2023-03-31","1.033","0.990","1.041","0.955","1.34%"
"2023-03-30","1.019","0.986","1.034","0.951","2.52%"
"2023-03-29","0.994","0.998","1.041","0.947","-4.67%"
"2023-03-28","1.043","1.069","1.099","0.993","-4.79%"
"2023-03-27","1.095","1.015","1.100","1.009","7.75%"
"2023-03-26","1.016","1.040","1.046","0.999","-1.93%"
"2023-03-24","1.036","1.025","1.076","0.999","-2.59%"
"2023-03-23","1.064","1.063","1.107","1.023","-4.38%"
"2023-03-22","1.112","1.036","1.119","1.026","7.49%"
"2023-03-21","1.035","0.967","1.070","0.967","0.00%"
"2023-03-20","1.035","1.004","1.081","0.960","-0.06%"
"2023-03-19","1.036","1.053","1.083","1.006","-1.61%"
"2023-03-17","1.053","1.030","1.094","1.018","2.12%"
"2023-03-16","1.031","0.920","1.067","0.920","9.35%"
"2023-03-15","0.942","1.007","1.107","0.925","-0.79%"
"2023-03-14","0.950","0.947","1.006","0.855","-4.28%"
"2023-03-13","0.993","1.153","1.216","0.913","-16.07%"
"2023-03-12","1.183","1.216","1.224","1.154","-3.52%"
"2023-03-11","1.226","1.226","1.226","1.226","0.76%"
"2023-03-10","1.216","1.267","1.305","1.154","-6.98%"
"2023-03-09","1.308","1.263","1.317","1.229","3.41%"
"2023-03-08","1.264","1.230","1.279","1.230","-0.35%"
"2023-03-07","1.269","1.247","1.269","1.210","0.90%"
"2023-03-06","1.258","1.204","1.258","1.204","2.03%"
"2023-03-05","1.232","1.246","1.246","1.200","-1.11%"
"2023-03-04","1.246","1.246","1.246","1.246","0.00%"
"2023-03-03","1.246","1.196","1.249","1.195","0.20%"
"2023-03-02","1.244","1.178","1.250","1.178","3.60%"
"2023-03-01","1.201","1.151","1.224","1.124","0.57%"
"2023-02-28","1.194","1.211","1.256","1.153","-4.54%"
"2023-02-27","1.251","1.230","1.269","1.212","-0.50%"
"2023-02-26","1.257","1.269","1.269","1.222","-0.84%"
"2023-02-24","1.268","1.236","1.280","1.217","-0.93%"
"2023-02-23","1.279","1.279","1.279","1.237","0.00%"
"2023-02-22","1.279","1.305","1.311","1.277","-1.96%"
"2023-02-21","1.305","1.283","1.305","1.274","1.75%"
"2023-02-20","1.283","1.271","1.293","1.270","0.83%"
"2023-02-19","1.272","1.290","1.290","1.270","-1.40%"
"2023-02-17","1.290","1.273","1.296","1.268","0.88%"
"2023-02-16","1.279","1.274","1.284","1.264","-0.09%"
"2023-02-15","1.280","1.263","1.280","1.248","0.99%"
"2023-02-14","1.268","1.269","1.286","1.247","-1.55%"
"2023-02-13","1.288","1.311","1.324","1.268","-1.72%"
"2023-02-12","1.310","1.324","1.324","1.310","-1.04%"
"2023-02-10","1.324","1.285","1.337","1.285","2.72%"
"2023-02-09","1.289","1.273","1.291","1.272","-0.19%"
"2023-02-08","1.291","1.277","1.294","1.269","1.08%"
"2023-02-07","1.278","1.289","1.300","1.276","-0.97%"
"2023-02-06","1.290","1.279","1.298","1.269","0.93%"
"2023-02-05","1.278","1.298","1.298","1.271","-1.50%"
"2023-02-03","1.298","1.257","1.298","1.248","1.66%"
"2023-02-02","1.276","1.284","1.315","1.254","-2.39%"
"2023-02-01","1.308","1.329","1.344","1.282","-1.79%"
"2023-01-31","1.331","1.358","1.378","1.329","-3.45%"
"2023-01-30","1.379","1.332","1.379","1.316","3.43%"
"2023-01-29","1.333","1.350","1.350","1.333","-1.11%"
"2023-01-27","1.348","1.294","1.355","1.283","5.42%"
"2023-01-26","1.279","1.269","1.296","1.252","0.89%"
"2023-01-25","1.268","1.230","1.271","1.225","1.81%"
"2023-01-24","1.245","1.246","1.266","1.231","-1.49%"
"2023-01-23","1.264","1.244","1.265","1.220","1.76%"
"2023-01-22","1.242","1.250","1.250","1.235","-0.65%"
"2023-01-21","1.250","1.250","1.250","1.250","0.00%"
"2023-01-20","1.250","1.261","1.263","1.217","-1.09%"
"2023-01-19","1.264","1.269","1.294","1.239","-1.74%"
"2023-01-18","1.286","1.296","1.317","1.194","-1.54%"
"2023-01-17","1.306","1.317","1.326","1.293","-1.32%"
"2023-01-16","1.324","1.351","1.364","1.271","-2.12%"
"2023-01-15","1.352","1.364","1.364","1.352","-0.10%"
"2023-01-14","1.354","1.354","1.354","1.354","-0.73%"
"2023-01-13","1.364","1.387","1.421","1.344","-1.71%"
"2023-01-12","1.388","1.309","1.396","1.291","7.35%"
"2023-01-11","1.293","1.302","1.320","1.282","-2.18%"
"2023-01-10","1.321","1.237","1.325","1.233","5.70%"
"2023-01-09","1.250","1.246","1.250","1.236","0.00%"
"2023-01-08","1.250","1.250","1.250","1.250","0.00%"
"2023-01-06","1.250","1.247","1.260","1.233","0.30%"
"2023-01-05","1.246","1.281","1.285","1.246","-2.63%"
"2023-01-04","1.280","1.276","1.284","1.260","0.94%"
"2023-01-03","1.268","1.269","1.276","1.268","-1.12%"
"2023-01-02","1.283","1.283","1.283","1.283","0.00%"
"2023-01-01","1.283","1.283","1.283","1.283","0.00%"
"2022-12-30","1.283","1.262","1.283","1.261","0.98%"
"2022-12-29","1.270","1.227","1.279","1.227","2.94%"
"2022-12-28","1.234","1.209","1.245","1.179","2.38%"
"2022-12-27","1.205","1.171","1.211","1.171","3.21%"
"2022-12-26","1.168","1.166","1.174","1.144","0.05%"
"2022-12-25","1.167","1.174","1.174","1.167","-0.10%"
"2022-12-23","1.168","1.148","1.196","1.140","2.57%"
"2022-12-22","1.139","1.116","1.149","1.109","2.47%"
"2022-12-21","1.111","1.149","1.191","1.109","-3.15%"
"2022-12-20","1.148","1.099","1.279","1.089","3.72%"
"2022-12-19","1.106","1.077","1.108","1.058","2.62%"
"2022-12-18","1.078","1.058","1.078","1.058","1.95%"
"2022-12-16","1.058","1.052","1.069","1.050","0.48%"
"2022-12-15","1.053","1.027","1.054","1.021","3.69%"
"2022-12-14","1.015","1.014","1.026","1.006","0.86%"
"2022-12-13","1.006","1.046","1.046","1.006","-3.59%"
"2022-12-12","1.044","1.043","1.049","1.010","0.24%"
"2022-12-11","1.041","1.010","1.041","1.010","1.28%"
"2022-12-10","1.028","1.028","1.028","1.028","1.79%"
"2022-12-09","1.010","1.041","1.056","1.010","-4.04%"
"2022-12-08","1.053","1.037","1.059","1.032","-0.24%"
"2022-12-07","1.055","1.074","1.079","1.038","-2.21%"
"2022-12-06","1.079","1.074","1.094","1.066","0.12%"
"2022-12-05","1.077","1.067","1.092","1.065","-1.37%"
"2022-12-04","1.092","1.092","1.092","1.092","0.00%"
"2022-12-02","1.092","1.063","1.092","1.061","1.45%"
"2022-12-01","1.077","1.071","1.094","1.061","-1.65%"
"2022-11-30","1.095","1.075","1.095","1.071","2.93%"
"2022-11-29","1.064","1.070","1.091","1.061","-0.70%"
"2022-11-28","1.071","1.058","1.075","1.057","0.36%"
"2022-11-27","1.067","1.067","1.067","1.067","0.00%"
"2022-11-25","1.067","1.031","1.067","1.030","3.76%"
"2022-11-24","1.029","1.022","1.030","1.014","-0.06%"
"2022-11-23","1.029","1.029","1.029","1.024","-0.06%"
"2022-11-22","1.030","1.028","1.037","1.025","0.73%"
"2022-11-21","1.023","1.018","1.032","1.010","0.36%"
"2022-11-20","1.019","1.010","1.019","1.010","0.87%"
"2022-11-18","1.010","0.999","1.016","0.998","1.00%"
"2022-11-17","1.000","0.999","1.008","0.990","-1.12%"
"2022-11-16","1.011","1.018","1.026","1.003","-1.46%"
"2022-11-15","1.026","1.049","1.061","1.019","-3.41%"
"2022-11-14","1.063","1.022","1.071","1.022","3.41%"
"2022-11-13","1.028","1.028","1.028","1.028","0.74%"
"2022-11-12","1.020","1.020","1.020","1.020","-0.73%"
"2022-11-11","1.028","1.011","1.064","1.006","-3.97%"
"2022-11-10","1.070","1.081","1.102","1.011","-3.06%"
"2022-11-09","1.104","1.132","1.154","1.080","-4.43%"
"2022-11-08","1.155","1.136","1.168","1.129","1.09%"
"2022-11-07","1.143","1.144","1.153","1.129","-0.17%"
"2022-11-06","1.144","1.145","1.153","1.144","-0.70%"
"2022-11-04","1.153","1.124","1.170","1.107","5.25%"
"2022-11-03","1.095","1.096","1.124","1.096","-1.13%"
"2022-11-02","1.107","1.082","1.110","1.080","1.37%"
"2022-11-01","1.092","1.042","1.094","1.041","4.67%"
"2022-10-31","1.044","1.036","1.058","0.979","0.61%"
"2022-10-30","1.038","1.031","1.039","1.031","0.60%"
"2022-10-29","1.031","1.031","1.031","1.031","-0.72%"
"2022-10-28","1.039","1.048","1.069","1.007","-2.69%"
"2022-10-27","1.067","1.087","1.115","1.048","-3.17%"
"2022-10-26","1.102","1.123","1.151","1.051","-4.34%"
"2022-10-25","1.153","1.209","1.242","1.126","-3.76%"
"2022-10-24","1.197","1.169","1.210","1.158","2.35%"
"2022-10-23","1.170","1.194","1.194","1.170","-1.99%"
"2022-10-21","1.194","1.120","1.199","1.120","5.52%"
"2022-10-20","1.131","1.099","1.134","1.099","2.15%"
"2022-10-19","1.107","1.085","1.110","1.079","0.80%"
"2022-10-18","1.099","1.066","1.100","1.063","3.28%"
"2022-10-17","1.064","1.034","1.079","1.034","2.90%"
"2022-10-16","1.034","1.025","1.050","1.025","0.86%"
"2022-10-15","1.025","1.025","1.025","1.025","-2.38%"
"2022-10-14","1.050","1.041","1.060","1.019","-1.06%"
"2022-10-13","1.061","1.023","1.061","1.023","4.05%"
"2022-10-12","1.020","1.001","1.040","0.994","2.97%"
"2022-10-11","0.991","0.986","1.011","0.976","1.73%"
"2022-10-10","0.974","0.974","0.984","0.961","0.00%"
"2022-10-09","0.974","0.974","0.974","0.974","1.37%"
"2022-10-07","0.961","0.962","0.974","0.954","-0.59%"
"2022-10-06","0.966","0.953","0.966","0.944","0.66%"
"2022-10-05","0.960","0.928","0.960","0.920","4.56%"
"2022-10-04","0.918","0.921","0.950","0.918","-3.99%"
"2022-10-03","0.956","0.963","0.979","0.923","-0.96%"
"2022-10-02","0.966","0.975","0.975","0.964","0.45%"
"2022-10-01","0.961","0.961","0.961","0.961","-0.06%"
"2022-09-30","0.962","1.004","1.024","0.960","-5.93%"
"2022-09-29","1.023","1.005","1.035","0.982","-2.27%"
"2022-09-28","1.046","1.033","1.061","1.004","2.07%"
"2022-09-27","1.025","1.014","1.051","1.006","1.99%"
"2022-09-26","1.005","0.956","1.014","0.949","5.30%"
"2022-09-25","0.954","0.949","0.955","0.916","4.37%"
"2022-09-24","0.914","0.914","0.914","0.914","0.00%"
"2022-09-23","0.914","0.914","0.914","0.914","-3.63%"
"2022-09-22","0.949","0.971","0.995","0.907","-2.19%"
"2022-09-21","0.970","0.994","1.016","0.960","-4.67%"
"2022-09-20","1.018","0.944","1.019","0.934","6.68%"
"2022-09-19","0.954","0.954","0.954","0.942","0.00%"
"2022-09-18","0.954","0.954","0.954","0.954","1.33%"
"2022-09-16","0.941","0.911","0.956","0.911","0.80%"
"2022-09-15","0.934","0.853","0.934","0.849","6.11%"
"2022-09-14","0.880","0.881","0.908","0.837","-0.71%"
"2022-09-13","0.886","0.897","0.910","0.848","-2.74%"
"2022-09-12","0.911","0.923","0.944","0.897","-1.42%"
"2022-09-11","0.924","0.944","0.944","0.924","-2.06%"
"2022-09-09","0.944","0.947","0.960","0.931","-2.20%"
"2022-09-08","0.965","0.926","0.967","0.903","3.27%"
"2022-09-07","0.934","0.929","0.969","0.916","2.12%"
"2022-09-06","0.915","0.879","0.928","0.868","2.52%"
"2022-09-05","0.892","0.884","0.892","0.874","0.92%"
"2022-09-04","0.884","0.892","0.892","0.884","-0.91%"
"2022-09-03","0.892","0.892","0.892","0.892","0.00%"
"2022-09-02","0.892","0.882","0.905","0.880","2.66%"
"2022-09-01","0.869","0.844","0.883","0.842","4.36%"
"2022-08-31","0.833","0.839","0.848","0.831","-0.82%"
"2022-08-30","0.840","0.869","0.869","0.817","-4.69%"
"2022-08-29","0.881","0.834","0.881","0.815","6.66%"
"2022-08-28","0.826","0.815","0.826","0.814","1.62%"
"2022-08-27","0.813","0.813","0.813","0.813","-0.23%"
"2022-08-26","0.815","0.806","0.817","0.797","0.00%"
"2022-08-25","0.815","0.822","0.841","0.804","-0.16%"
"2022-08-24","0.816","0.804","0.821","0.794","2.68%"
"2022-08-23","0.795","0.802","0.812","0.785","0.32%"
"2022-08-22","0.793","0.773","0.803","0.761","2.42%"
"2022-08-21","0.774","0.761","0.774","0.757","1.64%"
"2022-08-19","0.761","0.747","0.761","0.735","1.33%"
"2022-08-18","0.751","0.741","0.751","0.721","2.04%"
"2022-08-17","0.736","0.741","0.742","0.721","0.00%"
"2022-08-16","0.736","0.744","0.746","0.726","-0.16%"
"2022-08-15","0.738","0.752","0.754","0.738","-2.07%"
"2022-08-14","0.753","0.751","0.762","0.751","-1.23%"
"2022-08-12","0.762","0.762","0.768","0.741","3.04%"
"2022-08-11","0.740","0.753","0.762","0.753","0.00%"
"2022-08-10","0.740","0.754","0.759","0.740","-1.18%"
"2022-08-09","0.749","0.764","0.764","0.748","-2.28%"
"2022-08-08","0.766","0.784","0.791","0.762","-2.22%"
"2022-08-07","0.784","0.779","0.784","0.769","2.11%"
"2022-08-05","0.767","0.776","0.788","0.756","-2.39%"
"2022-08-04","0.786","0.789","0.791","0.775","-0.78%"
"2022-08-03","0.793","0.787","0.799","0.770","3.51%"
"2022-08-02","0.766","0.794","0.799","0.759","-3.86%"
"2022-08-01","0.796","0.808","0.814","0.793","-1.39%"
"2022-07-31","0.808","0.795","0.808","0.795","0.07%"
"2022-07-30","0.807","0.807","0.807","0.807","1.50%"
"2022-07-29","0.795","0.783","0.807","0.781","0.32%"
"2022-07-28","0.793","0.779","0.814","0.770","1.43%"
"2022-07-27","0.781","0.776","0.784","0.772","1.30%"
"2022-07-26","0.771","0.804","0.817","0.771","-3.29%"
"2022-07-25","0.798","0.784","0.806","0.769","1.92%"
"2022-07-24","0.783","0.786","0.799","0.783","-0.95%"
"2022-07-22","0.790","0.849","0.866","0.786","-9.07%"
"2022-07-21","0.869","0.873","0.885","0.845","-0.14%"
"2022-07-20","0.870","0.876","0.879","0.867","0.29%"
"2022-07-19","0.868","0.832","0.874","0.827","4.99%"
"2022-07-18","0.826","0.826","0.832","0.826","0.00%"
"2022-07-17","0.826","0.826","0.826","0.826","0.00%"
"2022-07-15","0.826","0.895","0.895","0.825","-7.29%"
"2022-07-14","0.891","0.893","0.896","0.874","-0.13%"
"2022-07-13","0.892","0.887","0.905","0.879","1.42%"
"2022-07-12","0.880","0.898","0.904","0.879","-2.09%"
"2022-07-11","0.899","0.899","0.917","0.899","0.21%"
"2022-07-10","0.897","0.900","0.900","0.887","-0.34%"
"2022-07-08","0.900","0.885","0.911","0.880","2.41%"
"2022-07-07","0.879","0.862","0.884","0.842","3.46%"
"2022-07-06","0.849","0.856","0.867","0.849","-1.23%"
"2022-07-05","0.860","0.862","0.892","0.858","-1.30%"
"2022-07-04","0.871","0.825","0.874","0.820","5.45%"
"2022-07-03","0.826","0.848","0.853","0.826","-2.50%"
"2022-07-01","0.848","0.860","0.885","0.848","-4.65%"
"2022-06-30","0.889","0.884","0.908","0.862","-0.41%"
"2022-06-29","0.892","0.905","0.929","0.888","-4.03%"
"2022-06-28","0.930","0.887","0.930","0.886","5.08%"
"2022-06-27","0.885","0.846","0.889","0.839","4.73%"
"2022-06-26","0.845","0.839","0.845","0.839","0.74%"
"2022-06-24","0.839","0.830","0.850","0.820","0.30%"
"2022-06-23","0.836","0.868","0.880","0.827","-4.84%"
"2022-06-22","0.879","0.892","0.916","0.869","-3.83%"
"2022-06-21","0.914","0.893","0.916","0.879","0.00%"
"2022-06-20","0.914","0.871","0.914","0.869","4.58%"
"2022-06-19","0.874","0.908","0.908","0.874","-1.48%"
"2022-06-18","0.887","0.887","0.887","0.887","-2.27%"
"2022-06-17","0.908","0.921","0.961","0.839","-4.41%"
"2022-06-16","0.949","0.873","0.981","0.846","2.15%"
"2022-06-15","0.929","0.854","0.976","0.841","-2.30%"
"2022-06-14","0.951","0.940","0.951","0.910","1.47%"
"2022-06-13","0.938","0.806","0.939","0.803","16.19%"
"2022-06-12","0.807","0.825","0.825","0.780","-2.19%"
"2022-06-10","0.825","0.782","0.826","0.768","0.92%"
"2022-06-09","0.817","0.768","0.817","0.766","6.86%"
"2022-06-08","0.765","0.742","0.790","0.742","0.66%"
"2022-06-07","0.760","0.733","0.772","0.733","3.84%"
"2022-06-06","0.732","0.739","0.751","0.727","-0.84%"
"2022-06-05","0.738","0.750","0.750","0.730","1.19%"
"2022-06-04","0.729","0.729","0.729","0.729","0.00%"
"2022-06-03","0.729","0.748","0.756","0.724","-2.67%"
"2022-06-02","0.749","0.739","0.752","0.739","1.53%"
"2022-06-01","0.738","0.733","0.752","0.729","-0.43%"
"2022-05-31","0.741","0.702","0.744","0.702","4.04%"
"2022-05-30","0.712","0.684","0.715","0.684","4.40%"
"2022-05-29","0.683","0.688","0.688","0.683","-2.15%"
"2022-05-28","0.697","0.688","0.697","0.688","0.00%"
"2022-05-27","0.697","0.707","0.711","0.682","-2.11%"
"2022-05-26","0.712","0.658","0.720","0.656","8.78%"
"2022-05-25","0.655","0.652","0.661","0.644","-1.13%"
"2022-05-24","0.663","0.694","0.705","0.654","-4.85%"
"2022-05-23","0.696","0.696","0.716","0.691","-0.26%"
"2022-05-22","0.698","0.716","0.716","0.698","-2.54%"
"2022-05-21","0.716","0.704","0.716","0.704","0.00%"
"2022-05-20","0.716","0.722","0.735","0.698","-2.87%"
"2022-05-19","0.738","0.724","0.748","0.717","0.68%"
"2022-05-18","0.733","0.743","0.751","0.723","-2.66%"
"2022-05-17","0.752","0.718","0.752","0.718","2.73%"
"2022-05-16","0.733","0.726","0.741","0.716","0.77%"
"2022-05-15","0.727","0.741","0.741","0.726","0.18%"
"2022-05-14","0.726","0.726","0.726","0.726","-2.12%"
"2022-05-13","0.741","0.719","0.744","0.711","-0.16%"
"2022-05-12","0.743","0.733","0.767","0.720","1.10%"
"2022-05-11","0.734","0.733","0.770","0.731","-3.53%"
"2022-05-10","0.761","0.737","0.770","0.725","-0.81%"
"2022-05-09","0.767","0.735","0.770","0.734","4.34%"
"2022-05-08","0.736","0.752","0.752","0.729","-2.25%"
"2022-05-07","0.752","0.728","0.752","0.728","0.00%"
"2022-05-06","0.752","0.710","0.752","0.707","5.05%"
"2022-05-05","0.716","0.698","0.709","0.698","0.00%"
"2022-05-04","0.716","0.716","0.716","0.716","0.00%"
"2022-05-03","0.716","0.704","0.716","0.704","2.70%"
"2022-05-02","0.697","0.694","0.706","0.694","0.72%"
"2022-05-01","0.692","0.684","0.702","0.684","-1.42%"
"2022-04-30","0.702","0.702","0.702","0.702","0.00%"
"2022-04-29","0.702","0.702","0.702","0.702","0.00%"
"2022-04-28","0.702","0.704","0.706","0.661","-0.18%"
"2022-04-27","0.704","0.698","0.715","0.694","-0.35%"
"2022-04-26","0.706","0.718","0.731","0.697","-2.91%"
"2022-04-25","0.728","0.736","0.757","0.716","-1.28%"
"2022-04-24","0.737","0.757","0.757","0.736","-2.72%"
"2022-04-23","0.757","0.741","0.757","0.741","0.00%"
"2022-04-22","0.757","0.764","0.779","0.738","-0.25%"
"2022-04-21","0.759","0.721","0.780","0.711","4.30%"
"2022-04-20","0.728","0.717","0.750","0.714","1.65%"
"2022-04-19","0.716","0.690","0.716","0.685","3.72%"
"2022-04-18","0.691","0.696","0.698","0.683","-0.90%"
"2022-04-17","0.697","0.683","0.697","0.683","2.11%"
"2022-04-16","0.683","0.683","0.683","0.683","-1.88%"
"2022-04-15","0.696","0.684","0.696","0.677","1.92%"
"2022-04-14","0.683","0.699","0.706","0.669","-3.53%"
"2022-04-13","0.707","0.695","0.717","0.695","-1.13%"
"2022-04-12","0.716","0.700","0.729","0.697","-0.78%"
"2022-04-11","0.721","0.683","0.724","0.682","3.95%"
"2022-04-10","0.694","0.694","0.694","0.694","1.75%"
"2022-04-09","0.682","0.682","0.682","0.682","-1.72%"
"2022-04-08","0.694","0.688","0.696","0.668","-0.36%"
"2022-04-07","0.696","0.678","0.701","0.677","0.55%"
"2022-04-06","0.692","0.658","0.706","0.658","4.53%"
"2022-04-05","0.663","0.627","0.664","0.619","3.92%"
"2022-04-04","0.637","0.631","0.642","0.622","0.89%"
"2022-04-03","0.632","0.642","0.642","0.632","-0.19%"
"2022-04-01","0.633","0.553","0.642","0.553","10.82%"
"2022-03-31","0.571","0.688","0.702","0.549","-17.95%"
"2022-03-30","0.696","0.727","0.788","0.656","-11.72%"
"2022-03-29","0.789","0.742","0.801","0.728","2.76%"
"2022-03-28","0.767","0.671","0.780","0.671","15.08%"
"2022-03-27","0.667","0.684","0.684","0.656","-2.47%"
"2022-03-26","0.684","0.655","0.684","0.655","1.30%"
"2022-03-25","0.675","0.631","0.684","0.629","6.72%"
"2022-03-24","0.632","0.613","0.639","0.607","3.89%"
"2022-03-23","0.609","0.607","0.625","0.607","0.00%"
"2022-03-22","0.609","0.598","0.614","0.585","3.84%"
"2022-03-21","0.586","0.581","0.597","0.581","0.86%"
"2022-03-20","0.581","0.581","0.581","0.581","0.00%"
"2022-03-19","0.581","0.584","0.584","0.581","0.00%"
"2022-03-18","0.581","0.584","0.591","0.581","-1.47%"
"2022-03-17","0.590","0.589","0.598","0.581","-0.32%"
"2022-03-16","0.592","0.577","0.601","0.574","2.49%"
"2022-03-15","0.577","0.568","0.584","0.565","-0.21%"
"2022-03-14","0.579","0.563","0.580","0.543","2.88%"
"2022-03-13","0.563","0.543","0.563","0.543","3.69%"
"2022-03-12","0.543","0.552","0.552","0.543","-2.69%"
"2022-03-11","0.558","0.561","0.561","0.543","0.23%"
"2022-03-10","0.556","0.540","0.563","0.524","6.69%"
"2022-03-09","0.521","0.544","0.546","0.517","-0.95%"
"2022-03-08","0.526","0.512","0.544","0.504","4.74%"
"2022-03-07","0.502","0.491","0.517","0.489","2.15%"
"2022-03-06","0.492","0.495","0.512","0.488","-0.89%"
"2022-03-04","0.496","0.549","0.549","0.495","-8.72%"
"2022-03-03","0.544","0.535","0.549","0.510","2.60%"
"2022-03-02","0.530","0.512","0.534","0.488","0.21%"
"2022-03-01","0.529","0.549","0.564","0.512","-5.37%"
"2022-02-28","0.559","0.573","0.586","0.531","-2.61%"
"2022-02-27","0.574","0.578","0.578","0.574","0.00%"
"2022-02-26","0.574","0.574","0.574","0.574","-2.13%"
"2022-02-25","0.586","0.561","0.595","0.540","9.08%"
"2022-02-24","0.538","0.558","0.574","0.531","0.00%"
"2022-02-23","0.538","0.548","0.558","0.548","0.00%"
"2022-02-22","0.538","0.566","0.569","0.526","-8.14%"
"2022-02-21","0.585","0.590","0.600","0.567","-0.63%"
"2022-02-20","0.589","0.600","0.612","0.588","-1.87%"
"2022-02-19","0.600","0.600","0.600","0.600","0.00%"
"2022-02-18","0.600","0.625","0.637","0.600","-6.45%"
"2022-02-17","0.641","0.614","0.649","0.598","4.28%"
"2022-02-16","0.615","0.599","0.618","0.591","1.65%"
"2022-02-15","0.605","0.581","0.606","0.565","3.65%"
"2022-02-14","0.584","0.562","0.584","0.535","2.85%"
"2022-02-11","0.568","0.563","0.568","0.563","1.12%"
"2022-02-10","0.561","0.538","0.574","0.533","5.39%"
"2022-02-09","0.533","0.564","0.564","0.529","-5.11%"
"2022-02-08","0.561","0.560","0.599","0.560","2.28%"
"2022-02-07","0.549","0.503","0.559","0.350","8.80%"
"2022-02-06","0.504","0.350","0.509","0.350","44.11%"
"2022-02-05","0.350","0.497","0.497","0.350","-32.37%"
"2022-02-04","0.517","0.481","0.517","0.481","8.70%"
"2022-02-03","0.476","0.463","0.482","0.459","3.82%"
"2022-02-02","0.459","0.465","0.467","0.459","-1.88%"
"2022-02-01","0.467","0.470","0.474","0.464","33.54%"
"2022-01-31","0.350","0.350","0.350","0.350","-20.89%"
"2022-01-28","0.442","0.439","0.446","0.439","1.14%"
"2022-01-27","0.437","0.435","0.440","0.435","2.17%"
"2022-01-26","0.428","0.428","0.428","0.416","2.88%"
"2022-01-25","0.416","0.416","0.428","0.415","1.54%"
"2022-01-24","0.410","0.350","0.410","0.350","-4.27%"
"2022-01-22","0.428","0.428","0.428","0.428","3.21%"
"2022-01-21","0.415","0.417","0.419","0.415","-3.20%"
"2022-01-20","0.428","0.428","0.429","0.425","2.37%"
"2022-01-19","0.419","0.411","0.428","0.411","-0.85%"
"2022-01-18","0.422","0.428","0.428","0.417","-1.49%"
"2022-01-17","0.429","0.424","0.430","0.424","1.20%"
"2022-01-14","0.424","0.422","0.426","0.421","3.67%"
"2022-01-13","0.408","0.428","0.428","0.406","-0.61%"
"2022-01-12","0.411","0.407","0.428","0.407","-2.65%"
"2022-01-11","0.422","0.424","0.424","0.420","20.63%"
"2022-01-10","0.350","0.350","0.350","0.350","-19.24%"
"2022-01-07","0.433","0.407","0.433","0.381","4.84%"
"2022-01-06","0.413","0.392","0.413","0.392","6.77%"
"2022-01-05","0.387","0.361","0.391","0.361","1.98%"
"2022-01-04","0.380","0.379","0.380","0.360","3.66%"
"2022-01-03","0.366","0.375","0.375","0.350","-2.32%"
"2022-01-02","0.375","0.350","0.375","0.350","7.14%"
"2022-01-01","0.350","0.375","0.375","0.350","-4.45%"
"2021-12-31","0.366","0.366","0.366","0.366","0.00%"
"2021-12-30","0.366","0.343","0.366","0.333","7.14%"
"2021-12-29","0.342","0.340","0.346","0.313","0.38%"
"2021-12-28","0.341","0.335","0.341","0.335","1.49%"
"2021-12-27","0.336","0.337","0.340","0.311","0.00%"
"2021-12-26","0.336","0.311","0.336","0.311","7.81%"
"2021-12-25","0.311","0.311","0.311","0.311","0.00%"
"2021-12-24","0.311","0.334","0.338","0.311","0.42%"
"2021-12-23","0.310","0.331","0.338","0.308","-7.82%"
"2021-12-22","0.336","0.324","0.339","0.300","2.28%"
"2021-12-21","0.329","0.317","0.329","0.290","14.84%"
"2021-12-20","0.286","0.291","0.317","0.286","-10.00%"
"2021-12-19","0.318","0.291","0.318","0.291","9.20%"
"2021-12-18","0.291","0.291","0.291","0.291","-8.97%"
"2021-12-17","0.320","0.318","0.322","0.290","1.20%"
"2021-12-16","0.316","0.326","0.327","0.289","-3.10%"
"2021-12-15","0.326","0.327","0.328","0.295","0.00%"
"2021-12-14","0.326","0.321","0.327","0.296","0.77%"
"2021-12-13","0.324","0.328","0.331","0.298","-1.52%"
"2021-12-12","0.329","0.303","0.330","0.303","8.69%"
"2021-12-11","0.303","0.331","0.331","0.303","-8.00%"
"2021-12-10","0.329","0.324","0.331","0.294","3.14%"
"2021-12-09","0.319","0.327","0.327","0.290","-3.04%"
"2021-12-08","0.329","0.325","0.329","0.287","0.77%"
"2021-12-07","0.326","0.317","0.331","0.292","4.02%"
"2021-12-06","0.314","0.311","0.317","0.282","0.58%"
"2021-12-05","0.312","0.290","0.316","0.290","-1.76%"
"2021-12-03","0.317","0.324","0.324","0.290","-1.95%"
"2021-12-02","0.324","0.322","0.329","0.295","-1.13%"
"2021-12-01","0.327","0.331","0.333","0.296","9.61%"
"2021-11-30","0.299","0.343","0.343","0.296","-13.72%"
"2021-11-29","0.346","0.346","0.346","0.322","0.20%"
"2021-11-28","0.346","0.324","0.346","0.324","6.73%"
"2021-11-27","0.324","0.342","0.342","0.324","-4.76%"
"2021-11-26","0.340","0.354","0.356","0.320","-5.24%"
"2021-11-25","0.359","0.359","0.360","0.351","-0.69%"
"2021-11-24","0.361","0.357","0.363","0.326","1.06%"
"2021-11-23","0.357","0.351","0.357","0.347","2.14%"
"2021-11-22","0.350","0.349","0.351","0.325","-0.17%"
"2021-11-21","0.351","0.330","0.356","0.330","6.24%"
"2021-11-20","0.330","0.330","0.330","0.330","0.00%"
"2021-11-19","0.330","0.352","0.359","0.330","-8.03%"
"2021-11-18","0.359","0.347","0.360","0.330","2.51%"
"2021-11-17","0.350","0.349","0.357","0.325","1.07%"
"2021-11-16","0.346","0.343","0.349","0.313","2.61%"
"2021-11-15","0.338","0.342","0.344","0.311","-1.46%"
"2021-11-14","0.343","0.317","0.343","0.317","7.87%"
"2021-11-13","0.317","0.343","0.343","0.317","-7.65%"
"2021-11-12","0.344","0.337","0.346","0.311","10.90%"
"2021-11-11","0.310","0.337","0.341","0.306","-5.34%"
"2021-11-10","0.327","0.334","0.336","0.296","-0.76%"
"2021-11-09","0.330","0.338","0.338","0.304","6.87%"
"2021-11-08","0.309","0.322","0.338","0.300","-4.25%"
"2021-11-07","0.322","0.301","0.324","0.301","7.04%"
"2021-11-06","0.301","0.301","0.301","0.301","0.00%"
"2021-11-05","0.301","0.321","0.331","0.301","0.43%"
"2021-11-04","0.300","0.333","0.333","0.300","-9.45%"
"2021-11-03","0.331","0.333","0.334","0.331","0.00%"
"2021-11-02","0.331","0.343","0.343","0.308","-5.34%"
"2021-11-01","0.350","0.358","0.361","0.322","-1.93%"
"2021-10-31","0.357","0.357","0.357","0.357","-0.86%"
"2021-10-29","0.360","0.379","0.379","0.336","-3.69%"
"2021-10-28","0.374","0.376","0.382","0.351","-2.91%"
"2021-10-27","0.385","0.392","0.397","0.375","-1.91%"
"2021-10-26","0.393","0.394","0.403","0.386","0.95%"
"2021-10-25","0.389","0.388","0.397","0.386","0.34%"
"2021-10-24","0.387","0.391","0.391","0.387","-0.97%"
"2021-10-22","0.391","0.397","0.397","0.386","0.64%"
"2021-10-21","0.389","0.389","0.398","0.385","-0.64%"
"2021-10-20","0.391","0.391","0.397","0.381","1.29%"
"2021-10-19","0.386","0.386","0.389","0.377","-0.31%"
"2021-10-18","0.387","0.371","0.404","0.355","9.15%"
"2021-10-17","0.355","0.368","0.368","0.355","-3.40%"
"2021-10-16","0.368","0.368","0.368","0.368","0.00%"
"2021-10-15","0.368","0.357","0.370","0.350","2.80%"
"2021-10-14","0.357","0.369","0.369","0.349","-4.03%"
"2021-10-13","0.373","0.375","0.381","0.357","-1.97%"
"2021-10-12","0.380","0.382","0.386","0.363","-0.65%"
"2021-10-11","0.382","0.365","0.385","0.349","9.66%"
"2021-10-10","0.349","0.349","0.349","0.349","-4.28%"
"2021-10-09","0.364","0.364","0.364","0.364","-0.16%"
"2021-10-08","0.365","0.352","0.365","0.346","6.94%"
"2021-10-07","0.341","0.353","0.353","0.324","-3.18%"
"2021-10-06","0.352","0.346","0.360","0.324","3.86%"
"2021-10-05","0.339","0.327","0.345","0.321","9.03%"
"2021-10-04","0.311","0.323","0.330","0.306","-4.04%"
"2021-10-03","0.324","0.327","0.327","0.310","4.65%"
"2021-10-02","0.310","0.327","0.327","0.310","-5.72%"
"2021-10-01","0.329","0.338","0.338","0.308","-3.29%"
"2021-09-30","0.340","0.347","0.351","0.320","-1.11%"
"2021-09-29","0.344","0.366","0.366","0.325","-5.50%"
"2021-09-28","0.364","0.333","0.366","0.321","7.79%"
"2021-09-27","0.338","0.329","0.338","0.311","2.27%"
"2021-09-26","0.330","0.311","0.330","0.311","0.36%"
"2021-09-24","0.329","0.316","0.331","0.290","9.60%"
"2021-09-23","0.300","0.304","0.315","0.300","-0.43%"
"2021-09-22","0.301","0.309","0.309","0.284","-3.58%"
"2021-09-21","0.313","0.314","0.316","0.294","-4.23%"
"2021-09-20","0.326","0.304","0.326","0.304","7.41%"
"2021-09-19","0.304","0.304","0.304","0.304","-5.80%"
"2021-09-18","0.322","0.322","0.322","0.322","-1.16%"
"2021-09-17","0.326","0.318","0.327","0.299","1.56%"
"2021-09-16","0.321","0.305","0.326","0.285","5.34%"
"2021-09-15","0.305","0.308","0.308","0.282","-2.02%"
"2021-09-14","0.311","0.300","0.316","0.284","3.32%"
"2021-09-13","0.301","0.304","0.316","0.282","-1.02%"
"2021-09-12","0.304","0.301","0.304","0.285","-0.20%"
"2021-09-10","0.305","0.295","0.306","0.276","0.83%"
"2021-09-09","0.303","0.308","0.309","0.278","-2.04%"
"2021-09-08","0.309","0.314","0.316","0.287","-1.56%"
"2021-09-07","0.314","0.309","0.314","0.284","0.00%"
"2021-09-06","0.314","0.296","0.317","0.273","6.56%"
"2021-09-05","0.294","0.273","0.295","0.273","0.86%"
"2021-09-04","0.292","0.292","0.292","0.292","-0.65%"
"2021-09-03","0.294","0.276","0.295","0.259","6.33%"
"2021-09-02","0.276","0.272","0.278","0.255","0.00%"
"2021-09-01","0.276","0.268","0.278","0.244","2.79%"
"2021-08-31","0.269","0.256","0.269","0.241","3.86%"
"2021-08-30","0.259","0.255","0.264","0.244","0.98%"
"2021-08-29","0.256","0.244","0.262","0.244","-2.58%"
"2021-08-28","0.263","0.263","0.263","0.263","-0.27%"
"2021-08-27","0.264","0.258","0.265","0.239","2.21%"
"2021-08-26","0.258","0.262","0.270","0.234","-1.22%"
"2021-08-25","0.261","0.254","0.262","0.233","4.02%"
"2021-08-24","0.251","0.246","0.254","0.230","1.49%"
"2021-08-23","0.248","0.245","0.248","0.221","1.27%"
"2021-08-22","0.244","0.221","0.244","0.221","1.03%"
"2021-08-21","0.242","0.242","0.242","0.242","-0.25%"
"2021-08-20","0.243","0.250","0.250","0.221","-3.23%"
"2021-08-19","0.251","0.252","0.260","0.231","-0.75%"
"2021-08-18","0.252","0.252","0.268","0.231","0.00%"
"2021-08-17","0.252","0.257","0.268","0.231","-1.94%"
"2021-08-16","0.257","0.252","0.260","0.234","1.74%"
"2021-08-15","0.253","0.260","0.260","0.243","-2.65%"
"2021-08-14","0.260","0.243","0.260","0.243","0.00%"
"2021-08-13","0.260","0.260","0.262","0.241","-0.50%"
"2021-08-12","0.261","0.262","0.262","0.240","-1.40%"
"2021-08-11","0.265","0.262","0.274","0.244","0.95%"
"2021-08-10","0.262","0.260","0.262","0.237","3.47%"
"2021-08-09","0.254","0.237","0.259","0.237","6.82%"
"2021-08-08","0.237","0.237","0.237","0.237","-4.77%"
"2021-08-07","0.249","0.249","0.249","0.249","5.01%"
"2021-08-06","0.237","0.248","0.256","0.231","-3.57%"
"2021-08-05","0.246","0.237","0.249","0.219","5.35%"
"2021-08-04","0.234","0.238","0.239","0.214","-3.11%"
"2021-08-03","0.241","0.246","0.246","0.225","-3.94%"
"2021-08-02","0.251","0.254","0.254","0.233","-0.75%"
"2021-08-01","0.253","0.234","0.253","0.234","0.24%"
"2021-07-30","0.252","0.252","0.258","0.234","-0.47%"
"2021-07-29","0.254","0.255","0.256","0.235","-1.01%"
"2021-07-28","0.256","0.261","0.271","0.236","-4.65%"
"2021-07-27","0.269","0.254","0.279","0.239","2.40%"
"2021-07-26","0.262","0.238","0.264","0.214","9.92%"
"2021-07-25","0.239","0.214","0.239","0.214","1.62%"
"2021-07-24","0.235","0.235","0.235","0.235","-5.55%"
"2021-07-23","0.249","0.249","0.249","0.249","0.00%"
"2021-07-22","0.249","0.249","0.249","0.249","2.05%"
"2021-07-21","0.244","0.209","0.254","0.201","10.82%"
"2021-07-20","0.220","0.217","0.224","0.188","-5.90%"
"2021-07-19","0.234","0.229","0.240","0.198","1.39%"
"2021-07-18","0.231","0.214","0.242","0.214","-5.14%"
"2021-07-17","0.243","0.243","0.243","0.243","-1.78%"
"2021-07-16","0.248","0.232","0.256","0.214","-0.52%"
"2021-07-15","0.249","0.257","0.257","0.213","-8.29%"
"2021-07-14","0.271","0.269","0.276","0.239","-0.91%"
"2021-07-13","0.274","0.269","0.282","0.246","-3.93%"
"2021-07-12","0.285","0.279","0.285","0.249","2.22%"
"2021-07-11","0.279","0.257","0.279","0.257","2.09%"
"2021-07-10","0.273","0.273","0.273","0.273","-3.77%"
"2021-07-09","0.284","0.269","0.287","0.239","5.11%"
"2021-07-08","0.270","0.290","0.290","0.228","-9.24%"
"2021-07-07","0.298","0.292","0.305","0.269","-1.65%"
"2021-07-06","0.303","0.306","0.316","0.278","-3.97%"
"2021-07-05","0.315","0.299","0.315","0.276","5.67%"
"2021-07-04","0.298","0.285","0.300","0.285","-3.47%"
"2021-07-02","0.309","0.311","0.319","0.284","-2.34%"
"2021-07-01","0.316","0.321","0.326","0.290","-3.45%"
"2021-06-30","0.327","0.323","0.336","0.301","-3.68%"
"2021-06-29","0.340","0.316","0.341","0.300","4.20%"
"2021-06-28","0.326","0.314","0.334","0.291","3.59%"
"2021-06-27","0.315","0.291","0.316","0.291","-2.72%"
"2021-06-25","0.324","0.314","0.325","0.290","-0.37%"
"2021-06-24","0.325","0.318","0.327","0.294","-1.16%"
"2021-06-23","0.329","0.314","0.329","0.291","0.77%"
"2021-06-22","0.326","0.319","0.334","0.295","-0.76%"
"2021-06-21","0.329","0.319","0.333","0.289","2.56%"
"2021-06-20","0.321","0.306","0.326","0.306","4.67%"
"2021-06-19","0.306","0.306","0.306","0.306","-7.88%"
"2021-06-18","0.333","0.326","0.345","0.305","-1.86%"
"2021-06-17","0.339","0.339","0.352","0.305","1.89%"
"2021-06-16","0.333","0.319","0.340","0.295","0.36%"
"2021-06-15","0.331","0.316","0.331","0.284","3.53%"
"2021-06-14","0.320","0.313","0.320","0.282","2.01%"
"2021-06-13","0.314","0.306","0.314","0.284","2.42%"
"2021-06-12","0.306","0.306","0.306","0.306","-3.13%"
"2021-06-11","0.316","0.319","0.320","0.280","-4.90%"
"2021-06-10","0.333","0.341","0.344","0.304","-5.35%"
"2021-06-09","0.351","0.368","0.369","0.325","-4.75%"
"2021-06-08","0.369","0.377","0.380","0.344","4.62%"
"2021-06-07","0.352","0.379","0.384","0.352","-5.22%"
"2021-06-06","0.372","0.385","0.385","0.355","-1.64%"
"2021-06-05","0.378","0.385","0.385","0.378","-0.50%"
"2021-06-04","0.380","0.389","0.394","0.355","-2.56%"
"2021-06-03","0.390","0.377","0.390","0.357","1.96%"
"2021-06-02","0.382","0.379","0.387","0.354","-0.65%"
"2021-06-01","0.385","0.374","0.385","0.351","3.00%"
"2021-05-31","0.374","0.370","0.376","0.350","2.24%"
"2021-05-30","0.366","0.375","0.375","0.350","-0.87%"
"2021-05-29","0.369","0.375","0.375","0.369","-0.99%"
"2021-05-28","0.373","0.370","0.381","0.343","0.00%"
"2021-05-27","0.373","0.368","0.373","0.338","1.00%"
"2021-05-26","0.369","0.371","0.376","0.343","-0.99%"
"2021-05-25","0.373","0.375","0.380","0.347","-1.32%"
"2021-05-24","0.377","0.374","0.380","0.351","3.25%"
"2021-05-23","0.366","0.376","0.376","0.351","-2.84%"
"2021-05-22","0.376","0.376","0.376","0.376","-0.63%"
"2021-05-21","0.379","0.370","0.381","0.350","1.31%"
"2021-05-20","0.374","0.371","0.377","0.345","0.67%"
"2021-05-19","0.371","0.373","0.379","0.344","-1.95%"
"2021-05-18","0.379","0.375","0.380","0.346","0.32%"
"2021-05-17","0.377","0.369","0.379","0.345","2.19%"
"2021-05-16","0.369","0.376","0.376","0.351","-0.51%"
"2021-05-15","0.371","0.376","0.376","0.371","-2.29%"
"2021-05-14","0.380","0.379","0.382","0.350","-1.30%"
"2021-05-13","0.385","0.380","0.391","0.355","0.65%"
"2021-05-12","0.382","0.368","0.382","0.343","1.00%"
"2021-05-11","0.379","0.377","0.379","0.341","0.00%"
"2021-05-10","0.379","0.376","0.387","0.351","1.66%"
"2021-05-09","0.373","0.376","0.376","0.351","-1.01%"
"2021-05-08","0.376","0.376","0.376","0.376","-0.97%"
"2021-05-07","0.380","0.384","0.387","0.351","-0.99%"
"2021-05-06","0.384","0.377","0.391","0.356","-2.84%"
"2021-05-05","0.395","0.395","0.395","0.395","0.00%"
"2021-05-04","0.395","0.395","0.395","0.395","0.00%"
"2021-05-03","0.395","0.365","0.395","0.365","8.22%"
"2021-05-02","0.365","0.390","0.390","0.365","-3.62%"
"2021-05-01","0.379","0.390","0.390","0.379","-3.83%"
"2021-04-30","0.394","0.385","0.398","0.360","2.61%"
"2021-04-29","0.384","0.384","0.384","0.384","-0.95%"
"2021-04-28","0.387","0.377","0.396","0.350","11.51%"
"2021-04-27","0.347","0.371","0.381","0.346","-7.33%"
"2021-04-26","0.375","0.359","0.377","0.334","12.34%"
"2021-04-25","0.334","0.359","0.359","0.334","-6.97%"
"2021-04-24","0.359","0.359","0.359","0.359","-1.37%"
"2021-04-23","0.364","0.357","0.369","0.334","-1.01%"
"2021-04-22","0.368","0.365","0.368","0.335","-2.00%"
"2021-04-21","0.375","0.368","0.376","0.336","-0.66%"
"2021-04-20","0.377","0.377","0.390","0.351","-1.31%"
"2021-04-19","0.382","0.385","0.386","0.354","0.50%"
"2021-04-18","0.381","0.386","0.386","0.363","4.99%"
"2021-04-17","0.363","0.386","0.386","0.363","-6.16%"
"2021-04-16","0.386","0.385","0.390","0.360","0.00%"
"2021-04-15","0.386","0.389","0.395","0.363","-2.20%"
"2021-04-14","0.395","0.396","0.398","0.363","-2.47%"
"2021-04-13","0.405","0.414","0.415","0.382","-3.57%"
"2021-04-12","0.420","0.412","0.421","0.387","3.37%"
"2021-04-11","0.406","0.412","0.412","0.387","-1.50%"
"2021-04-10","0.412","0.412","0.412","0.412","-0.31%"
"2021-04-09","0.414","0.400","0.420","0.379","2.81%"
"2021-04-08","0.403","0.403","0.415","0.377","0.30%"
"2021-04-07","0.401","0.407","0.411","0.371","-3.30%"
"2021-04-06","0.415","0.428","0.428","0.380","-2.92%"
"2021-04-05","0.428","0.429","0.431","0.398","0.87%"
"2021-04-04","0.424","0.428","0.428","0.398","0.00%"
"2021-04-03","0.424","0.428","0.428","0.424","-0.87%"
"2021-04-02","0.428","0.419","0.436","0.406","1.47%"
"2021-04-01","0.421","0.412","0.434","0.394","0.91%"
"2021-03-31","0.417","0.373","0.425","0.363","9.15%"
"2021-03-30","0.382","0.363","0.391","0.336","3.38%"
"2021-03-29","0.370","0.371","0.374","0.321","0.68%"
"2021-03-28","0.368","0.370","0.370","0.346","-0.68%"
"2021-03-27","0.370","0.370","0.370","0.370","-0.35%"
"2021-03-26","0.371","0.370","0.377","0.340","0.00%"
"2021-03-25","0.371","0.370","0.377","0.341","-0.67%"
"2021-03-24","0.374","0.368","0.380","0.338","-1.29%"
"2021-03-23","0.379","0.403","0.403","0.355","-6.79%"
"2021-03-22","0.406","0.425","0.425","0.376","-3.70%"
"2021-03-21","0.422","0.438","0.438","0.411","-3.57%"
"2021-03-20","0.438","0.438","0.438","0.438","0.57%"
"2021-03-19","0.435","0.419","0.461","0.406","-0.30%"
"2021-03-18","0.436","0.415","0.446","0.397","3.27%"
"2021-03-17","0.423","0.411","0.425","0.389","0.60%"
"2021-03-16","0.420","0.412","0.424","0.386","0.00%"
"2021-03-15","0.420","0.417","0.430","0.393","0.89%"
"2021-03-14","0.416","0.423","0.423","0.400","-1.47%"
"2021-03-13","0.423","0.423","0.423","0.423","-2.87%"
"2021-03-12","0.435","0.392","0.439","0.380","7.73%"
"2021-03-11","0.404","0.431","0.433","0.364","-6.09%"
"2021-03-10","0.430","0.409","0.445","0.385","1.18%"
"2021-03-09","0.425","0.435","0.435","0.386","-2.86%"
"2021-03-08","0.438","0.392","0.445","0.373","11.81%"
"2021-03-07","0.391","0.370","0.391","0.354","6.30%"
"2021-03-06","0.368","0.370","0.370","0.368","-7.40%"
"2021-03-05","0.398","0.428","0.434","0.335","-5.09%"
"2021-03-04","0.419","0.393","0.429","0.375","4.05%"
"2021-03-03","0.403","0.387","0.409","0.352","1.56%"
"2021-03-02","0.396","0.415","0.415","0.361","-6.49%"
"2021-03-01","0.424","0.442","0.446","0.389","-4.23%"
"2021-02-28","0.442","0.452","0.452","0.428","-0.98%"
"2021-02-27","0.447","0.452","0.452","0.447","-3.37%"
"2021-02-26","0.463","0.475","0.481","0.424","-1.60%"
"2021-02-25","0.470","0.438","0.471","0.412","8.05%"
"2021-02-24","0.435","0.420","0.447","0.395","1.75%"
"2021-02-23","0.428","0.428","0.428","0.414","1.18%"
"2021-02-22","0.423","0.412","0.430","0.391","3.53%"
"2021-02-21","0.408","0.403","0.409","0.385","1.39%"
"2021-02-20","0.403","0.403","0.403","0.403","-4.46%"
"2021-02-19","0.421","0.405","0.421","0.376","4.67%"
"2021-02-18","0.403","0.404","0.411","0.373","-2.42%"
"2021-02-17","0.412","0.397","0.420","0.371","3.44%"
"2021-02-16","0.399","0.385","0.400","0.355","0.63%"
"2021-02-15","0.396","0.360","0.400","0.339","8.58%"
"2021-02-14","0.365","0.352","0.365","0.331","10.17%"
"2021-02-13","0.331","0.352","0.352","0.331","-11.06%"
"2021-02-12","0.373","0.350","0.375","0.322","4.20%"
"2021-02-11","0.357","0.357","0.357","0.349","-1.05%"
"2021-02-10","0.361","0.355","0.373","0.327","-1.01%"
"2021-02-09","0.365","0.352","0.370","0.330","-0.68%"
"2021-02-08","0.368","0.339","0.375","0.330","6.89%"
"2021-02-07","0.344","0.333","0.344","0.311","3.40%"
"2021-02-06","0.333","0.333","0.333","0.333","-4.67%"
"2021-02-05","0.349","0.322","0.355","0.304","0.37%"
"2021-02-04","0.347","0.335","0.347","0.301","-1.78%"
"2021-02-03","0.354","0.344","0.355","0.305","0.37%"
"2021-02-02","0.352","0.331","0.354","0.308","1.44%"
"2021-02-01","0.347","0.325","0.351","0.298","4.51%"
"2021-01-31","0.333","0.325","0.334","0.299","2.31%"
"2021-01-30","0.325","0.325","0.325","0.325","-4.78%"
"2021-01-29","0.341","0.317","0.345","0.286","5.40%"
"2021-01-28","0.324","0.309","0.324","0.276","-1.13%"
"2021-01-27","0.327","0.300","0.333","0.280","3.15%"
"2021-01-26","0.317","0.304","0.321","0.274","0.00%"
"2021-01-25","0.317","0.310","0.326","0.275","2.62%"
"2021-01-24","0.309","0.305","0.311","0.279","1.44%"
"2021-01-23","0.305","0.305","0.305","0.305","-4.33%"
"2021-01-22","0.319","0.301","0.324","0.278","12.85%"
"2021-01-21","0.282","0.299","0.319","0.273","-12.75%"
"2021-01-20","0.324","0.314","0.330","0.281","-0.77%"
"2021-01-19","0.326","0.313","0.329","0.280","1.18%"
"2021-01-18","0.322","0.306","0.330","0.274","2.81%"
"2021-01-17","0.314","0.280","0.315","0.255","12.04%"
"2021-01-16","0.280","0.280","0.280","0.280","-5.88%"
"2021-01-15","0.298","0.275","0.301","0.255","2.13%"
"2021-01-14","0.291","0.265","0.296","0.248","1.75%"
"2021-01-13","0.286","0.268","0.290","0.243","-4.98%"
"2021-01-12","0.301","0.292","0.311","0.250","14.22%"
"2021-01-11","0.264","0.264","0.303","0.264","0.00%"
"2021-01-10","0.264","0.285","0.285","0.264","0.00%"
"2021-01-09","0.264","0.285","0.285","0.264","-14.57%"
"2021-01-08","0.309","0.282","0.311","0.260","2.08%"
"2021-01-07","0.303","0.261","0.305","0.240","7.08%"
"2021-01-06","0.282","0.245","0.286","0.226","4.13%"
"2021-01-05","0.271","0.252","0.275","0.221","-1.81%"
"2021-01-04","0.276","0.255","0.285","0.229","2.11%"
"2021-01-03","0.271","0.257","0.272","0.233","5.09%"
"2021-01-02","0.257","0.257","0.257","0.257","-9.65%"
"2021-01-01","0.285","0.285","0.285","0.285","0.00%"
"2020-12-31","0.285","0.285","0.285","0.285","1.32%"
"2020-12-30","0.281","0.256","0.287","0.255","0.90%"
"2020-12-29","0.279","0.240","0.282","0.230","8.78%"
"2020-12-28","0.256","0.240","0.265","0.240","-0.97%"
"2020-12-27","0.259","0.240","0.259","0.205","7.83%"
"2020-12-26","0.240","0.240","0.240","0.240","-9.02%"
"2020-12-25","0.264","0.229","0.265","0.228","3.45%"
"2020-12-24","0.255","0.246","0.257","0.206","23.61%"
"2020-12-23","0.206","0.215","0.252","0.194","-14.50%"
"2020-12-22","0.241","0.215","0.245","0.191","-1.03%"
"2020-12-21","0.244","0.211","0.244","0.185","7.73%"
"2020-12-20","0.226","0.210","0.226","0.185","7.76%"
"2020-12-19","0.210","0.210","0.210","0.210","-11.13%"
"2020-12-18","0.236","0.207","0.237","0.181","0.00%"
"2020-12-17","0.236","0.203","0.236","0.181","2.16%"
"2020-12-16","0.231","0.213","0.234","0.181","-2.12%"
"2020-12-15","0.236","0.219","0.237","0.188","-2.07%"
"2020-12-14","0.241","0.218","0.246","0.186","4.64%"
"2020-12-13","0.231","0.218","0.231","0.186","0.26%"
"2020-12-12","0.230","0.218","0.230","0.218","-1.08%"
"2020-12-11","0.233","0.213","0.240","0.186","-2.11%"
"2020-12-10","0.237","0.218","0.243","0.186","-2.58%"
"2020-12-09","0.244","0.213","0.246","0.190","2.65%"
"2020-12-08","0.237","0.218","0.239","0.184","-2.58%"
"2020-12-07","0.244","0.225","0.245","0.191","1.33%"
"2020-12-06","0.241","0.222","0.241","0.204","8.13%"
"2020-12-05","0.222","0.222","0.222","0.222","-14.03%"
"2020-12-04","0.259","0.221","0.259","0.196","4.02%"
"2020-12-03","0.249","0.221","0.254","0.199","-0.48%"
"2020-12-02","0.250","0.220","0.251","0.195","-0.48%"
"2020-12-01","0.251","0.222","0.251","0.185","1.49%"
"2020-11-30","0.248","0.220","0.250","0.196","4.74%"
"2020-11-29","0.236","0.220","0.236","0.196","0.30%"
"2020-11-28","0.236","0.220","0.236","0.220","-2.85%"
"2020-11-27","0.243","0.232","0.248","0.195","0.50%"
"2020-11-26","0.241","0.218","0.248","0.192","-1.03%"
"2020-11-25","0.244","0.219","0.245","0.191","0.54%"
"2020-11-24","0.243","0.205","0.244","0.191","6.59%"
"2020-11-23","0.228","0.175","0.228","0.175","30.00%"
"2020-11-22","0.175","0.203","0.203","0.175","-13.58%"
"2020-11-21","0.203","0.203","0.203","0.203","-11.96%"
"2020-11-20","0.230","0.213","0.234","0.177","1.37%"
"2020-11-19","0.227","0.220","0.243","0.191","-5.97%"
"2020-11-18","0.241","0.233","0.245","0.192","-4.44%"
"2020-11-17","0.252","0.237","0.257","0.209","-1.48%"
"2020-11-16","0.256","0.237","0.268","0.210","4.36%"
"2020-11-15","0.246","0.235","0.246","0.210","4.51%"
"2020-11-14","0.235","0.235","0.235","0.235","-7.37%"
"2020-11-13","0.254","0.246","0.259","0.206","-1.48%"
"2020-11-12","0.257","0.243","0.264","0.216","-5.09%"
"2020-11-11","0.271","0.264","0.275","0.225","-2.69%"
"2020-11-10","0.279","0.248","0.289","0.229","-3.46%"
"2020-11-09","0.289","0.229","0.291","0.196","18.46%"
"2020-11-08","0.244","0.221","0.244","0.213","14.73%"
"2020-11-07","0.213","0.221","0.221","0.213","-17.48%"
"2020-11-06","0.257","0.211","0.260","0.195","7.29%"
"2020-11-05","0.240","0.248","0.252","0.181","-6.80%"
"2020-11-04","0.257","0.282","0.285","0.220","-9.27%"
"2020-11-03","0.284","0.284","0.284","0.279","0.46%"
"2020-11-02","0.282","0.257","0.285","0.234","4.13%"
"2020-11-01","0.271","0.255","0.271","0.233","6.39%"
"2020-10-31","0.255","0.255","0.255","0.255","-10.53%"
"2020-10-30","0.285","0.248","0.287","0.248","7.02%"
"2020-10-29","0.266","0.251","0.270","0.215","-1.37%"
"2020-10-28","0.270","0.250","0.273","0.220","-0.92%"
"2020-10-27","0.273","0.275","0.286","0.236","-5.22%"
"2020-10-26","0.287","0.268","0.292","0.243","2.90%"
"2020-10-25","0.279","0.275","0.285","0.250","1.60%"
"2020-10-24","0.275","0.275","0.275","0.275","-6.40%"
"2020-10-23","0.294","0.273","0.299","0.249","3.52%"
"2020-10-22","0.284","0.256","0.284","0.230","6.57%"
"2020-10-21","0.266","0.243","0.278","0.225","3.90%"
"2020-10-20","0.256","0.256","0.260","0.216","-4.65%"
"2020-10-19","0.269","0.256","0.273","0.220","4.15%"
"2020-10-18","0.258","0.245","0.258","0.220","5.35%"
"2020-10-17","0.245","0.245","0.245","0.245","-5.77%"
"2020-10-16","0.260","0.257","0.269","0.219","-1.44%"
"2020-10-15","0.264","0.268","0.285","0.226","-6.22%"
"2020-10-14","0.281","0.257","0.289","0.240","4.65%"
"2020-10-13","0.269","0.251","0.278","0.239","0.94%"
"2020-10-12","0.266","0.244","0.268","0.221","7.34%"
"2020-10-11","0.248","0.248","0.250","0.221","0.24%"
"2020-10-10","0.248","0.248","0.248","0.248","-6.18%"
"2020-10-09","0.264","0.245","0.266","0.222","3.45%"
"2020-10-08","0.255","0.255","0.261","0.219","-6.01%"
"2020-10-07","0.271","0.255","0.271","0.226","-0.91%"
"2020-10-06","0.274","0.246","0.275","0.229","6.33%"
"2020-10-05","0.257","0.228","0.259","0.201","9.85%"
"2020-10-04","0.234","0.224","0.234","0.201","1.91%"
"2020-10-03","0.230","0.224","0.230","0.224","2.77%"
"2020-10-02","0.224","0.226","0.243","0.195","-8.20%"
"2020-10-01","0.244","0.221","0.251","0.201","12.09%"
"2020-09-30","0.218","0.210","0.236","0.188","-3.89%"
"2020-09-29","0.226","0.219","0.234","0.186","-3.70%"
"2020-09-28","0.235","0.204","0.240","0.194","10.90%"
"2020-09-27","0.212","0.206","0.213","0.176","2.71%"
"2020-09-26","0.206","0.206","0.206","0.206","-7.82%"
"2020-09-25","0.224","0.200","0.225","0.175","7.18%"
"2020-09-24","0.209","0.194","0.213","0.164","0.00%"
"2020-09-23","0.209","0.207","0.218","0.170","-8.22%"
"2020-09-22","0.228","0.213","0.213","0.213","0.00%"
"2020-09-21","0.228","0.184","0.228","0.184","23.78%"
"2020-09-20","0.184","0.210","0.210","0.184","0.00%"
"2020-09-19","0.184","0.210","0.210","0.184","-17.87%"
"2020-09-18","0.224","0.205","0.225","0.184","1.13%"
"2020-09-17","0.221","0.207","0.222","0.183","1.75%"
"2020-09-16","0.218","0.198","0.221","0.176","10.13%"
"2020-09-15","0.198","0.205","0.218","0.172","-9.20%"
"2020-09-14","0.218","0.210","0.224","0.179","18.34%"
"2020-09-13","0.184","0.211","0.211","0.184","-13.01%"
"2020-09-12","0.211","0.211","0.211","0.211","-4.52%"
"2020-09-11","0.221","0.224","0.233","0.184","-10.15%"
"2020-09-10","0.246","0.228","0.249","0.199","1.03%"
"2020-09-09","0.244","0.221","0.245","0.198","0.54%"
"2020-09-08","0.243","0.233","0.249","0.205","-4.41%"
"2020-09-07","0.254","0.252","0.260","0.210","-0.74%"
"2020-09-06","0.256","0.237","0.256","0.219","16.82%"
"2020-09-05","0.219","0.237","0.237","0.219","-13.35%"
"2020-09-04","0.252","0.235","0.252","0.214","-0.98%"
"2020-09-03","0.255","0.244","0.260","0.214","-2.41%"
"2020-09-02","0.261","0.257","0.271","0.229","-3.22%"
"2020-09-01","0.270","0.261","0.282","0.236","0.93%"
"2020-08-31","0.268","0.273","0.282","0.241","-2.05%"
"2020-08-30","0.273","0.276","0.276","0.273","13.18%"
"2020-08-29","0.241","0.276","0.276","0.241","-14.22%"
"2020-08-28","0.281","0.273","0.299","0.241","4.19%"
"2020-08-27","0.270","0.248","0.274","0.213","1.39%"
"2020-08-26","0.266","0.237","0.269","0.220","7.03%"
"2020-08-25","0.249","0.228","0.252","0.201","5.87%"
"2020-08-24","0.235","0.228","0.236","0.196","1.34%"
"2020-08-23","0.232","0.228","0.232","0.228","13.84%"
"2020-08-22","0.204","0.228","0.228","0.204","-17.30%"
"2020-08-21","0.246","0.222","0.250","0.201","1.57%"
"2020-08-20","0.243","0.219","0.250","0.201","4.30%"
"2020-08-19","0.233","0.237","0.237","0.188","1.09%"
"2020-08-18","0.230","0.247","0.247","0.228","-8.44%"
"2020-08-17","0.251","0.249","0.262","0.215","1.49%"
"2020-08-16","0.248","0.240","0.248","0.240","17.13%"
"2020-08-15","0.211","0.240","0.240","0.211","-15.07%"
"2020-08-14","0.249","0.235","0.266","0.216","0.53%"
"2020-08-13","0.248","0.229","0.250","0.184","-5.28%"
"2020-08-12","0.261","0.209","0.262","0.179","17.44%"
"2020-08-11","0.222","0.191","0.228","0.150","24.02%"
"2020-08-10","0.179","0.131","0.193","0.131","17.64%"
"2020-08-09","0.153","0.153","0.153","0.153","16.15%"
"2020-08-08","0.131","0.153","0.153","0.131","-35.16%"
"2020-08-07","0.203","0.178","0.203","0.129","10.17%"
"2020-08-06","0.184","0.179","0.190","0.127","-2.65%"
"2020-08-05","0.189","0.140","0.190","0.120","7.09%"
"2020-08-04","0.176","0.154","0.190","0.121","-9.03%"
"2020-08-03","0.194","0.183","0.199","0.129","6.54%"
"2020-08-02","0.182","0.140","0.182","0.140","45.52%"
"2020-08-01","0.125","0.140","0.140","0.125","-33.33%"
"2020-07-31","0.188","0.179","0.189","0.109","-3.25%"
"2020-07-30","0.194","0.192","0.196","0.129","-2.52%"
"2020-07-29","0.199","0.200","0.204","0.134","-6.45%"
"2020-07-28","0.213","0.185","0.218","0.153","-1.76%"
"2020-07-27","0.216","0.185","0.221","0.160","1.79%"
"2020-07-26","0.213","0.185","0.213","0.185","33.82%"
"2020-07-25","0.159","0.185","0.185","0.159","-24.60%"
"2020-07-24","0.211","0.222","0.222","0.211","-5.35%"
"2020-07-23","0.222","0.222","0.222","0.222","5.65%"
"2020-07-22","0.211","0.185","0.225","0.159","-2.05%"
"2020-07-21","0.215","0.205","0.232","0.162","-9.47%"
"2020-07-20","0.237","0.198","0.240","0.166","8.25%"
"2020-07-19","0.219","0.190","0.221","0.190","31.93%"
"2020-07-18","0.166","0.190","0.211","0.166","-27.70%"
"2020-07-17","0.230","0.219","0.230","0.164","-0.56%"
"2020-07-16","0.231","0.215","0.244","0.177","-6.55%"
"2020-07-15","0.248","0.242","0.257","0.189","1.02%"
"2020-07-14","0.245","0.240","0.250","0.190","-6.67%"
"2020-07-13","0.262","0.200","0.264","0.192","59.09%"
"2020-07-12","0.165","0.188","0.188","0.165","0.00%"
"2020-07-11","0.165","0.188","0.188","0.165","-26.67%"
"2020-07-10","0.225","0.211","0.225","0.162","1.12%"
"2020-07-09","0.222","0.226","0.231","0.168","-7.79%"
"2020-07-08","0.241","0.246","0.246","0.172","-7.65%"
"2020-07-07","0.261","0.254","0.262","0.213","-1.88%"
"2020-07-06","0.266","0.228","0.269","0.205","3.90%"
"2020-07-05","0.256","0.222","0.256","0.222","28.92%"
"2020-07-04","0.199","0.222","0.222","0.199","-24.27%"
"2020-07-03","0.262","0.269","0.269","0.198","-3.24%"
"2020-07-02","0.271","0.255","0.298","0.221","-4.40%"
"2020-07-01","0.284","0.256","0.286","0.219","10.73%"
"2020-06-30","0.256","0.228","0.260","0.188","10.81%"
"2020-06-29","0.231","0.191","0.234","0.166","8.19%"
"2020-06-28","0.214","0.195","0.219","0.195","27.64%"
"2020-06-27","0.168","0.195","0.195","0.168","-26.37%"
"2020-06-26","0.228","0.196","0.233","0.169","-0.57%"
"2020-06-25","0.229","0.228","0.237","0.169","-4.19%"
"2020-06-24","0.239","0.210","0.246","0.180","0.00%"
"2020-06-23","0.239","0.205","0.243","0.175","0.55%"
"2020-06-22","0.237","0.207","0.245","0.176","-2.06%"
"2020-06-19","0.243","0.243","0.243","0.243","-3.46%"
"2020-06-18","0.251","0.251","0.251","0.251","-2.94%"
"2020-06-17","0.259","0.259","0.259","0.259","7.83%"
"2020-06-16","0.240","0.240","0.240","0.240","8.45%"
"2020-06-15","0.221","0.221","0.221","0.221","-5.83%"
"2020-06-12","0.235","0.235","0.235","0.235","5.62%"
"2020-06-11","0.222","0.222","0.222","0.222","-13.19%"
"2020-06-10","0.256","0.256","0.256","0.256","-0.47%"
"2020-06-09","0.257","0.257","0.257","0.257","-18.25%"
"2020-06-08","0.315","0.315","0.315","0.315","-2.72%"
"2020-06-05","0.324","0.324","0.324","0.324","18.83%"
"2020-06-04","0.273","0.273","0.273","0.273","3.81%"
"2020-06-03","0.262","0.262","0.262","0.262","10.53%"
"2020-06-02","0.237","0.237","0.237","0.237","-4.04%"
"2020-06-01","0.248","0.248","0.248","0.248","19.28%"
"2020-05-29","0.207","0.207","0.207","0.207","5.06%"
"2020-05-28","0.198","0.198","0.198","0.198","6.01%"
"2020-05-27","0.186","0.186","0.186","0.186","-1.32%"
"2020-05-26","0.189","0.189","0.189","0.189","-0.63%"
"2020-05-25","0.190","0.190","0.190","0.190","14.25%"
"2020-05-22","0.166","0.166","0.166","0.166","-10.11%"
"2020-05-21","0.185","0.185","0.185","0.185","-6.33%"
"2020-05-20","0.198","0.198","0.198","0.198","-7.06%"
"2020-05-19","0.213","0.213","0.213","0.213","1.77%"
"2020-05-18","0.209","0.209","0.209","0.209","4.40%"
"2020-05-15","0.200","0.200","0.200","0.200","3.20%"
"2020-05-14","0.194","0.194","0.194","0.194","-1.87%"
"2020-05-13","0.198","0.198","0.198","0.198","-4.27%"
"2020-05-12","0.206","0.206","0.206","0.206","-8.31%"
"2020-05-11","0.225","0.225","0.225","0.225","7.76%"
"2020-05-08","0.209","0.209","0.209","0.209","6.37%"
"2020-05-07","0.196","0.196","0.196","0.196","80.42%"
"2020-05-06","0.109","0.109","0.109","0.109","0.00%"
"2020-05-05","0.109","0.109","0.109","0.109","0.00%"
"2020-05-04","0.109","0.109","0.109","0.109","-44.57%"
"2020-05-01","0.196","0.196","0.196","0.196","9.06%"
"2020-04-30","0.180","0.180","0.180","0.180","0.67%"
"2020-04-29","0.179","0.179","0.179","0.179","0.00%"
"2020-04-28","0.179","0.179","0.179","0.179","-0.67%"
"2020-04-27","0.180","0.180","0.180","0.180","5.08%"
"2020-04-24","0.171","0.171","0.171","0.171","2.27%"
"2020-04-23","0.168","0.168","0.168","0.168","-16.25%"
"2020-04-22","0.200","0.200","0.200","0.200","-7.54%"
"2020-04-21","0.216","0.216","0.216","0.216","-11.71%"
"2020-04-20","0.245","0.245","0.245","0.245","3.16%"
"2020-04-17","0.237","0.237","0.237","0.237","13.75%"
"2020-04-16","0.209","0.209","0.209","0.209","5.72%"
"2020-04-15","0.198","0.198","0.198","0.198","-5.41%"
"2020-04-14","0.209","0.209","0.209","0.209","6.37%"
"2020-04-13","0.196","0.196","0.196","0.196","40.21%"
"2020-04-10","0.140","0.140","0.140","0.140","-27.27%"
"2020-04-09","0.192","0.192","0.192","0.192","5.48%"
"2020-04-08","0.183","0.183","0.183","0.183","3.52%"
"2020-04-07","0.176","0.176","0.176","0.176","21.59%"
"2020-04-06","0.145","0.145","0.145","0.145","18.37%"
"2020-04-03","0.123","0.123","0.123","0.123","3.11%"
"2020-04-02","0.119","0.119","0.119","0.119","-12.84%"
"2020-04-01","0.136","0.136","0.136","0.136","6.90%"
"2020-03-31","0.127","0.127","0.127","0.127","-15.73%"
"2020-03-30","0.151","0.151","0.151","0.151","0.00%"
"2020-03-27","0.151","0.151","0.151","0.151","-6.20%"
"2020-03-26","0.161","0.161","0.161","0.161","-12.81%"
"2020-03-25","0.185","0.185","0.185","0.185","13.85%"
"2020-03-24","0.162","0.162","0.162","0.162","18.18%"
"2020-03-23","0.138","0.138","0.138","0.138","-37.50%"
"2020-03-20","0.220","0.220","0.220","0.220","-1.70%"
"2020-03-19","0.224","0.224","0.224","0.224","-5.77%"
"2020-03-18","0.237","0.237","0.237","0.237","272.26%"
"2020-03-17","0.064","0.064","0.064","0.064","-22.67%"
"2020-03-16","0.083","0.083","0.083","0.083","-6,446.15%"
"2020-03-13","-0.001","-0.001","-0.001","-0.001","-101.51%"
"2020-03-12","0.086","0.086","0.086","0.086","32.62%"
"2020-03-11","0.065","0.065","0.065","0.065","1.88%"
"2020-03-10","0.064","0.064","0.064","0.064","-342.59%"
"2020-03-09","-0.026","-0.026","-0.026","-0.026","-165.75%"
"2020-03-06","0.040","0.040","0.040","0.040","-63.24%"
"2020-03-05","0.109","0.109","0.109","0.109","11.59%"
"2020-03-04","0.097","0.097","0.097","0.097","-15.22%"
"2020-03-03","0.115","0.115","0.115","0.115","33.41%"
"2020-03-02","0.086","0.086","0.086","0.086","49.91%"
"2020-02-28","0.058","0.058","0.058","0.058","-45.24%"
"2020-02-27","0.105","0.105","0.105","0.105","-18.48%"
"2020-02-26","0.129","0.129","0.129","0.129","21.17%"
"2020-02-25","0.106","0.106","0.106","0.106","-31.99%"
"2020-02-24","0.156","0.156","0.156","0.156","-3.82%"
"2020-02-21","0.162","0.162","0.162","0.162","-0.79%"
"2020-02-20","0.164","0.164","0.164","0.164","-17.06%"
"2020-02-19","0.198","0.198","0.198","0.198","12.86%"
"2020-02-18","0.175","0.175","0.175","0.175","-20.02%"
"2020-02-17","0.219","0.219","0.219","0.219","-4.37%"
"2020-02-14","0.229","0.229","0.229","0.229","-1.59%"
"2020-02-13","0.233","0.233","0.233","0.233","3.33%"
"2020-02-12","0.225","0.225","0.225","0.225","11.77%"
"2020-02-11","0.201","0.201","0.201","0.201","0.00%"
"2020-02-10","0.201","0.201","0.201","0.201","-7.45%"
"2020-02-07","0.218","0.218","0.218","0.218","-11.22%"
"2020-02-06","0.245","0.245","0.245","0.245","-3.43%"
"2020-02-05","0.254","0.254","0.254","0.254","10.88%"
"2020-02-04","0.229","0.229","0.229","0.229","8.95%"
"2020-02-03","0.210","0.210","0.210","0.210","2.44%"
"2020-01-31","0.205","0.205","0.205","0.205","0.00%"
"2020-01-30","0.205","0.205","0.205","0.205","-8.89%"
"2020-01-29","0.225","0.225","0.225","0.225","-5.26%"
"2020-01-28","0.237","0.237","0.237","0.237","4.95%"
"2020-01-27","0.226","0.226","0.226","0.226","-12.56%"
"2020-01-24","0.259","0.259","0.259","0.259","1.49%"
"2020-01-23","0.255","0.255","0.255","0.255","-12.46%"
"2020-01-22","0.291","0.291","0.291","0.291","-1.25%"
"2020-01-21","0.295","0.295","0.295","0.295","-6.35%"
"2020-01-20","0.315","0.315","0.315","0.315","2.44%"
"2020-01-17","0.308","0.308","0.308","0.308","-3.91%"
"2020-01-16","0.320","0.320","0.320","0.320","3.63%"
"2020-01-15","0.309","0.309","0.309","0.309","-0.39%"
"2020-01-14","0.310","0.310","0.310","0.310","2.89%"
"2020-01-13","0.301","0.301","0.301","0.301","-3.58%"
"2020-01-10","0.313","0.313","0.313","0.313","2.86%"
"2020-01-09","0.304","0.304","0.304","0.304","4.29%"
"2020-01-08","0.291","0.291","0.291","0.291","-2.51%"
"2020-01-07","0.299","0.299","0.299","0.299","1.29%"
"2020-01-06","0.295","0.295","0.295","0.295","-2.09%"
"2020-01-03","0.301","0.301","0.301","0.301","0.00%"
"2020-01-02","0.301","0.301","0.301","0.301","0.00%"
"2020-01-01","0.301","0.301","0.301","0.301","0.00%"
"2019-12-31","0.301","0.301","0.301","0.301","-4.35%"
"2019-12-30","0.315","0.315","0.315","0.315","-0.79%"
"2019-12-27","0.317","0.317","0.317","0.317","-3.44%"
"2019-12-26","0.329","0.329","0.329","0.329","4.38%"
"2019-12-25","0.315","0.315","0.315","0.315","-9.35%"
"2019-12-24","0.347","0.347","0.347","0.347","9.90%"
"2019-12-23","0.316","0.316","0.316","0.316","-1.59%"
"2019-12-20","0.321","0.321","0.321","0.321","8.44%"
"2019-12-19","0.296","0.296","0.296","0.296","0.00%"
"2019-12-18","0.296","0.296","0.296","0.296","1.72%"
"2019-12-17","0.291","0.291","0.291","0.291","-1.69%"
"2019-12-16","0.296","0.296","0.296","0.296","4.40%"
"2019-12-13","0.284","0.284","0.284","0.284","-9.90%"
"2019-12-12","0.315","0.315","0.315","0.315","10.53%"
"2019-12-11","0.285","0.285","0.285","0.285","-3.00%"
"2019-12-10","0.294","0.294","0.294","0.294","-4.86%"
"2019-12-09","0.309","0.309","0.309","0.309","-3.89%"
"2019-12-06","0.321","0.321","0.321","0.321","9.85%"
"2019-12-05","0.292","0.292","0.292","0.292","-4.88%"
"2019-12-04","0.308","0.308","0.308","0.308","19.42%"
"2019-12-03","0.257","0.257","0.257","0.257","-13.09%"
"2019-12-02","0.296","0.296","0.296","0.296","9.21%"
"2019-11-29","0.271","0.271","0.271","0.271","6.39%"
"2019-11-28","0.255","0.255","0.255","0.255","4.59%"
"2019-11-27","0.244","0.244","0.244","0.244","-2.95%"
"2019-11-26","0.251","0.251","0.251","0.251","-6.09%"
"2019-11-25","0.268","0.268","0.268","0.268","-0.48%"
"2019-11-22","0.269","0.269","0.269","0.269","3.86%"
"2019-11-21","0.259","0.259","0.259","0.259","-4.15%"
"2019-11-20","0.270","0.270","0.270","0.270","-4.42%"
"2019-11-19","0.282","0.282","0.282","0.282","2.24%"
"2019-11-18","0.276","0.276","0.276","0.276","-4.72%"
"2019-11-15","0.290","0.290","0.290","0.290","6.42%"
"2019-11-14","0.273","0.273","0.273","0.273","-9.56%"
"2019-11-13","0.301","0.301","0.301","0.301","-8.00%"
"2019-11-12","0.327","0.327","0.327","0.327","5.20%"
"2019-11-11","0.311","0.311","0.311","0.311","-1.17%"
"2019-11-08","0.315","0.315","0.315","0.315","1.61%"
"2019-11-07","0.310","0.310","0.310","0.310","25.25%"
"2019-11-06","0.248","0.248","0.248","0.248","3.64%"
"2019-11-05","0.239","0.239","0.239","0.239","26.48%"
"2019-11-04","0.189","0.189","0.189","0.189","-1.31%"
"2019-11-01","0.191","0.191","0.191","0.191","-4.35%"
"2019-10-31","0.200","0.200","0.200","0.200","-17.53%"
"2019-10-30","0.243","0.243","0.243","0.243","-5.38%"
"2019-10-29","0.256","0.256","0.256","0.256","1.50%"
"2019-10-28","0.252","0.252","0.252","0.252","3.06%"
"2019-10-25","0.245","0.245","0.245","0.245","3.16%"
"2019-10-24","0.237","0.237","0.237","0.237","0.00%"
"2019-10-23","0.237","0.237","0.237","0.237","-1.57%"
"2019-10-22","0.241","0.241","0.241","0.241","-6.76%"
"2019-10-21","0.259","0.259","0.259","0.259","8.38%"
"2019-10-18","0.239","0.239","0.239","0.239","4.37%"
"2019-10-17","0.229","0.229","0.229","0.229","0.57%"
"2019-10-16","0.228","0.228","0.228","0.228","-1.64%"
"2019-10-15","0.231","0.231","0.231","0.231","-1.07%"
"2019-10-14","0.234","0.234","0.234","0.234","-2.09%"
"2019-10-11","0.239","0.239","0.239","0.239","11.07%"
"2019-10-10","0.215","0.215","0.215","0.215","4.22%"
"2019-10-09","0.206","0.206","0.206","0.206","12.24%"
"2019-10-08","0.184","0.184","0.184","0.184","0.00%"
"2019-10-07","0.184","0.184","0.184","0.184","-3.92%"
"2019-10-04","0.191","0.191","0.191","0.191","6.99%"
"2019-10-03","0.179","0.179","0.179","0.179","-20.53%"
"2019-10-02","0.225","0.225","0.225","0.225","1.67%"
"2019-10-01","0.221","0.221","0.221","0.221","0.00%"
"2019-09-30","0.221","0.221","0.221","0.221","25.52%"
"2019-09-27","0.176","0.176","0.176","0.176","0.00%"
"2019-09-26","0.176","0.176","0.176","0.176","-9.03%"
"2019-09-25","0.194","0.194","0.194","0.194","9.18%"
"2019-09-24","0.177","0.177","0.177","0.177","-2.74%"
"2019-09-23","0.183","0.183","0.183","0.183","-7.03%"
"2019-09-20","0.196","0.196","0.196","0.196","-1.85%"
"2019-09-19","0.200","0.200","0.200","0.200","-0.65%"
"2019-09-18","0.201","0.201","0.201","0.201","-11.05%"
"2019-09-17","0.226","0.226","0.226","0.226","-16.95%"
"2019-09-16","0.273","0.273","0.273","0.273","5.83%"
"2019-09-13","0.257","0.257","0.257","0.257","29.53%"
"2019-09-12","0.199","0.199","0.199","0.199","12.76%"
"2019-09-11","0.176","0.176","0.176","0.176","11.94%"
"2019-09-10","0.157","0.157","0.157","0.157","9.53%"
"2019-09-09","0.144","0.144","0.144","0.144","3.60%"
"2019-09-06","0.139","0.139","0.139","0.139","65.63%"
"2019-09-05","0.084","0.084","0.084","0.084","76.42%"
"2019-09-04","0.047","0.047","0.047","0.047","26.67%"
"2019-09-03","0.038","0.038","0.038","0.038","-49.19%"
"2019-09-02","0.074","0.074","0.074","0.074","-20.22%"
"2019-08-30","0.093","0.093","0.093","0.093","4.17%"
"2019-08-29","0.089","0.089","0.089","0.089","4.47%"
"2019-08-28","0.085","0.085","0.085","0.085","7.87%"
"2019-08-27","0.079","0.079","0.079","0.079","-3.08%"
"2019-08-26","0.081","0.081","0.081","0.081","-25.28%"
"2019-08-23","0.109","0.109","0.109","0.109","-3.29%"
"2019-08-22","0.112","0.112","0.112","0.112","-1.14%"
"2019-08-21","0.114","0.114","0.114","0.114","0.00%"
"2019-08-20","0.114","0.114","0.114","0.114","-11.65%"
"2019-08-19","0.129","0.129","0.129","0.129","9.62%"
"2019-08-16","0.117","0.117","0.117","0.117","25.27%"
"2019-08-15","0.094","0.094","0.094","0.094","-12.74%"
"2019-08-14","0.108","0.108","0.108","0.108","-6.52%"
"2019-08-13","0.115","0.115","0.115","0.115","-19.30%"
"2019-08-12","0.142","0.142","0.142","0.142","3.64%"
"2019-08-09","0.138","0.138","0.138","0.138","-22.54%"
"2019-08-08","0.177","0.177","0.177","0.177","3.62%"
"2019-08-07","0.171","0.171","0.171","0.171","-17.96%"
"2019-08-06","0.209","0.209","0.209","0.209","12.08%"
"2019-08-05","0.186","0.186","0.186","0.186","-18.58%"
"2019-08-02","0.229","0.229","0.229","0.229","-13.66%"
"2019-08-01","0.265","0.265","0.265","0.265","3.92%"
"2019-07-31","0.255","0.255","0.255","0.255","-2.41%"
"2019-07-30","0.261","0.261","0.261","0.261","-4.11%"
"2019-07-29","0.273","0.273","0.273","0.273","0.44%"
"2019-07-26","0.271","0.271","0.271","0.271","0.93%"
"2019-07-25","0.269","0.269","0.269","0.269","0.94%"
"2019-07-24","0.266","0.266","0.266","0.266","-2.74%"
"2019-07-23","0.274","0.274","0.274","0.274","0.92%"
"2019-07-22","0.271","0.271","0.271","0.271","-1.81%"
"2019-07-19","0.276","0.276","0.276","0.276","-1.78%"
"2019-07-18","0.281","0.281","0.281","0.281","-1.75%"
"2019-07-17","0.286","0.286","0.286","0.286","-6.89%"
"2019-07-16","0.308","0.308","0.308","0.308","6.48%"
"2019-07-15","0.289","0.289","0.289","0.289","-1.70%"
"2019-07-12","0.294","0.294","0.294","0.294","1.73%"
"2019-07-11","0.289","0.289","0.289","0.289","1.33%"
"2019-07-10","0.285","0.285","0.285","0.285","7.02%"
"2019-07-09","0.266","0.266","0.266","0.266","0.49%"
"2019-07-08","0.265","0.265","0.265","0.265","-0.93%"
"2019-07-05","0.268","0.268","0.268","0.268","3.88%"
"2019-07-04","0.257","0.257","0.257","0.257","-6.80%"
"2019-07-03","0.276","0.276","0.276","0.276","-9.05%"
"2019-07-02","0.304","0.304","0.304","0.304","-0.39%"
"2019-07-01","0.305","0.305","0.305","0.305","5.61%"
"2019-06-28","0.289","0.289","0.289","0.289","-5.71%"
"2019-06-27","0.306","0.306","0.306","0.306","0.00%"
"2019-06-26","0.306","0.306","0.306","0.306","10.86%"
"2019-06-25","0.276","0.276","0.276","0.276","0.47%"
"2019-06-24","0.275","0.275","0.275","0.275","-0.47%"
"2019-06-21","0.276","0.276","0.276","0.276","16.34%"
"2019-06-20","0.237","0.237","0.237","0.237","-13.64%"
"2019-06-19","0.275","0.275","0.275","0.275","2.31%"
"2019-06-18","0.269","0.269","0.269","0.269","-9.28%"
"2019-06-17","0.296","0.296","0.296","0.296","0.44%"
"2019-06-14","0.295","0.295","0.295","0.295","-6.35%"
"2019-06-13","0.315","0.315","0.315","0.315","7.22%"
"2019-06-12","0.294","0.294","0.294","0.294","-5.98%"
"2019-06-11","0.313","0.313","0.313","0.313","3.72%"
"2019-06-10","0.301","0.301","0.301","0.301","-0.82%"
"2019-06-07","0.304","0.304","0.304","0.304","-4.31%"
"2019-06-06","0.317","0.317","0.317","0.317","-0.78%"
"2019-06-05","0.320","0.320","0.320","0.320","-9.22%"
"2019-06-04","0.352","0.352","0.352","0.352","-1.76%"
"2019-06-03","0.359","0.359","0.359","0.359","-2.71%"
"2019-05-31","0.369","0.369","0.369","0.369","-3.28%"
"2019-05-30","0.381","0.381","0.381","0.381","4.10%"
"2019-05-29","0.366","0.366","0.366","0.366","-3.93%"
"2019-05-28","0.381","0.381","0.381","0.381","-1.60%"
"2019-05-27","0.387","0.387","0.387","0.387","-1.27%"
"2019-05-24","0.393","0.393","0.393","0.393","-0.96%"
"2019-05-23","0.396","0.396","0.396","0.396","-2.15%"
"2019-05-22","0.405","0.405","0.405","0.405","-4.44%"
"2019-05-21","0.424","0.424","0.424","0.424","-0.87%"
"2019-05-20","0.428","0.428","0.428","0.428","3.31%"
"2019-05-17","0.414","0.414","0.414","0.414","2.17%"
"2019-05-16","0.405","0.405","0.405","0.405","-2.71%"
"2019-05-15","0.416","0.416","0.416","0.416","-2.05%"
"2019-05-14","0.425","0.425","0.425","0.425","0.00%"
"2019-05-13","0.425","0.425","0.425","0.425","-0.58%"
"2019-05-10","0.428","0.428","0.428","0.428","0.00%"
"2019-05-09","0.428","0.428","0.428","0.428","0.28%"
"2019-05-08","0.426","0.426","0.426","0.426","0.31%"
"2019-05-07","0.425","0.425","0.425","0.425","-2.86%"
"2019-05-06","0.438","0.438","0.438","0.438","0.00%"
"2019-05-03","0.438","0.438","0.438","0.438","0.00%"
"2019-05-02","0.438","0.438","0.438","0.438","0.00%"
"2019-05-01","0.438","0.438","0.438","0.438","0.00%"
"2019-04-30","0.438","0.438","0.438","0.438","0.00%"
"2019-04-29","0.438","0.438","0.438","0.438","0.00%"
"2019-04-26","0.438","0.438","0.438","0.438","-4.37%"
"2019-04-25","0.458","0.458","0.458","0.458","5.17%"
"2019-04-24","0.435","0.435","0.435","0.435","-2.25%"
"2019-04-23","0.445","0.445","0.445","0.445","-3.26%"
"2019-04-22","0.460","0.460","0.460","0.460","2.22%"
"2019-04-19","0.450","0.450","0.450","0.450","1.12%"
"2019-04-18","0.445","0.445","0.445","0.445","-4.05%"
"2019-04-17","0.464","0.464","0.464","0.464","3.64%"
"2019-04-16","0.447","0.447","0.447","0.447","-1.10%"
"2019-04-15","0.452","0.452","0.452","0.452","2.26%"
"2019-04-12","0.442","0.442","0.442","0.442","6.63%"
"2019-04-11","0.415","0.415","0.415","0.415","0.61%"
"2019-04-10","0.412","0.412","0.412","0.412","-0.60%"
"2019-04-09","0.415","0.415","0.415","0.415","-1.50%"
"2019-04-08","0.421","0.421","0.421","0.421","-3.15%"
"2019-04-05","0.435","0.435","0.435","0.435","2.35%"
"2019-04-04","0.425","0.425","0.425","0.425","2.71%"
"2019-04-03","0.414","0.414","0.414","0.414","0.32%"
"2019-04-02","0.412","0.412","0.412","0.412","-0.91%"
"2019-04-01","0.416","0.416","0.416","0.416","2.46%"
"2019-03-29","0.406","0.406","0.406","0.406","0.94%"
"2019-03-28","0.403","0.403","0.403","0.403","-2.14%"
"2019-03-27","0.411","0.411","0.411","0.411","-3.52%"
"2019-03-26","0.426","0.426","0.426","0.426","9.65%"
"2019-03-25","0.389","0.389","0.389","0.389","-4.59%"
"2019-03-22","0.407","0.407","0.407","0.407","-8.43%"
"2019-03-21","0.445","0.445","0.445","0.445","-1.94%"
"2019-03-20","0.454","0.454","0.454","0.454","1.41%"
"2019-03-19","0.447","0.447","0.447","0.447","-2.46%"
"2019-03-18","0.459","0.459","0.459","0.459","0.84%"
"2019-03-15","0.455","0.455","0.455","0.455","-0.55%"
"2019-03-14","0.458","0.458","0.458","0.458","0.00%"
"2019-03-13","0.458","0.458","0.458","0.458","-2.14%"
"2019-03-12","0.468","0.468","0.468","0.468","0.54%"
"2019-03-11","0.465","0.465","0.465","0.465","0.54%"
"2019-03-08","0.463","0.463","0.463","0.463","-2.90%"
"2019-03-07","0.476","0.476","0.476","0.476","-4.26%"
"2019-03-06","0.498","0.498","0.498","0.498","-4.78%"
"2019-03-05","0.522","0.522","0.522","0.522","1.20%"
"2019-03-04","0.516","0.516","0.516","0.516","1.24%"
"2019-03-01","0.510","0.510","0.510","0.510","0.49%"
"2019-02-28","0.507","0.507","0.507","0.507","4.10%"
"2019-02-27","0.488","0.488","0.488","0.488","2.35%"
"2019-02-26","0.476","0.476","0.476","0.476","1.60%"
"2019-02-25","0.469","0.469","0.469","0.469","2.18%"
"2019-02-22","0.459","0.459","0.459","0.459","-1.33%"
"2019-02-21","0.465","0.465","0.465","0.465","-1.34%"
"2019-02-20","0.471","0.471","0.471","0.471","-0.78%"
"2019-02-19","0.475","0.475","0.475","0.475","-3.32%"
"2019-02-18","0.491","0.491","0.491","0.491","0.78%"
"2019-02-15","0.488","0.488","0.488","0.488","-0.27%"
"2019-02-14","0.489","0.489","0.489","0.489","-3.21%"
"2019-02-13","0.505","0.505","0.505","0.505","3.06%"
"2019-02-12","0.490","0.490","0.490","0.490","3.97%"
"2019-02-11","0.471","0.471","0.471","0.471","0.00%"
"2019-02-08","0.471","0.471","0.471","0.471","-3.82%"
"2019-02-07","0.490","0.490","0.490","0.490","2.88%"
"2019-02-06","0.476","0.476","0.476","0.476","0.00%"
"2019-02-05","0.476","0.476","0.476","0.476","-1.04%"
"2019-02-04","0.481","0.481","0.481","0.481","0.27%"
"2019-02-01","0.480","0.480","0.480","0.480","-1.54%"
"2019-01-31","0.488","0.488","0.488","0.488","-4.41%"
"2019-01-30","0.510","0.510","0.510","0.510","1.23%"
"2019-01-29","0.504","0.504","0.504","0.504","1.00%"
"2019-01-28","0.499","0.499","0.499","0.499","-0.24%"
"2019-01-25","0.500","0.500","0.500","0.500","-1.48%"
"2019-01-24","0.507","0.507","0.507","0.507","-1.23%"
"2019-01-23","0.514","0.514","0.514","0.514","-1.44%"
"2019-01-22","0.521","0.521","0.521","0.521","-2.10%"
"2019-01-21","0.533","0.533","0.533","0.533","0.00%"
"2019-01-18","0.533","0.533","0.533","0.533","2.90%"
"2019-01-17","0.517","0.517","0.517","0.517","0.00%"
"2019-01-16","0.517","0.517","0.517","0.517","0.23%"
"2019-01-15","0.516","0.516","0.516","0.516","0.49%"
"2019-01-14","0.514","0.514","0.514","0.514","0.00%"
"2019-01-11","0.514","0.514","0.514","0.514","-2.13%"
"2019-01-10","0.525","0.525","0.525","0.525","-3.01%"
"2019-01-09","0.541","0.541","0.541","0.541","1.88%"
"2019-01-08","0.531","0.531","0.531","0.531","2.41%"
"2019-01-07","0.519","0.519","0.519","0.519","1.73%"
"2019-01-04","0.510","0.510","0.510","0.510","-3.56%"
"2019-01-03","0.529","0.529","0.529","0.529","0.00%"
"2019-01-02","0.529","0.529","0.529","0.529","-1.84%"
"2019-01-01","0.539","0.539","0.539","0.539","0.00%"
"2018-12-31","0.539","0.539","0.539","0.539","1.16%"
"2018-12-28","0.533","0.533","0.533","0.533","-2.08%"
"2018-12-27","0.544","0.544","0.544","0.544","-2.46%"
"2018-12-26","0.558","0.558","0.558","0.558","3.24%"
"2018-12-25","0.540","0.540","0.540","0.540","-3.79%"
"2018-12-24","0.561","0.561","0.561","0.561","-0.44%"
"2018-12-21","0.564","0.564","0.564","0.564","5.88%"
"2018-12-20","0.533","0.533","0.533","0.533","-6.99%"
"2018-12-19","0.572","0.572","0.572","0.572","-1.29%"
"2018-12-18","0.580","0.580","0.580","0.580","-3.53%"
"2018-12-17","0.601","0.601","0.601","0.601","3.21%"
"2018-12-14","0.582","0.582","0.582","0.582","-4.12%"
"2018-12-13","0.608","0.608","0.608","0.608","0.00%"
"2018-12-12","0.608","0.608","0.608","0.608","2.10%"
"2018-12-11","0.595","0.595","0.595","0.595","2.36%"
"2018-12-10","0.581","0.581","0.581","0.581","-4.52%"
"2018-12-07","0.609","0.609","0.609","0.609","0.83%"
"2018-12-06","0.604","0.604","0.604","0.604","-1.42%"
"2018-12-05","0.613","0.613","0.613","0.613","0.61%"
"2018-12-04","0.609","0.609","0.609","0.609","-4.32%"
"2018-12-03","0.636","0.636","0.636","0.636","-0.39%"
"2018-11-30","0.639","0.639","0.639","0.639","2.21%"
"2018-11-29","0.625","0.625","0.625","0.625","-6.72%"
"2018-11-28","0.670","0.670","0.670","0.670","2.29%"
"2018-11-27","0.655","0.655","0.655","0.655","-0.95%"
"2018-11-26","0.661","0.661","0.661","0.661","-1.67%"
"2018-11-23","0.673","0.673","0.673","0.673","0.00%"
"2018-11-22","0.673","0.673","0.673","0.673","0.75%"
"2018-11-21","0.668","0.668","0.668","0.668","-1.48%"
"2018-11-20","0.678","0.678","0.678","0.678","1.68%"
"2018-11-19","0.666","0.666","0.666","0.666","-2.91%"
"2018-11-16","0.686","0.686","0.686","0.686","0.37%"
"2018-11-15","0.684","0.684","0.684","0.684","-2.31%"
"2018-11-14","0.700","0.700","0.700","0.700","-1.93%"
"2018-11-13","0.714","0.714","0.714","0.714","-1.20%"
"2018-11-12","0.723","0.723","0.723","0.723","-0.51%"
"2018-11-09","0.726","0.726","0.726","0.726","-1.20%"
"2018-11-08","0.735","0.735","0.735","0.735","0.85%"
"2018-11-07","0.729","0.729","0.729","0.729","0.36%"
"2018-11-06","0.726","0.726","0.726","0.726","1.38%"
"2018-11-05","0.716","0.716","0.716","0.716","-0.68%"
"2018-11-02","0.721","0.721","0.721","0.721","2.11%"
"2018-11-01","0.706","0.706","0.706","0.706","-2.58%"
"2018-10-31","0.725","0.725","0.725","0.725","2.84%"
"2018-10-30","0.705","0.705","0.705","0.705","1.44%"
"2018-10-29","0.695","0.695","0.695","0.695","1.09%"
"2018-10-26","0.688","0.688","0.688","0.688","-3.01%"
"2018-10-25","0.709","0.709","0.709","0.709","-1.21%"
"2018-10-24","0.717","0.717","0.717","0.717","-2.88%"
"2018-10-23","0.739","0.739","0.739","0.739","-2.15%"
"2018-10-22","0.755","0.755","0.755","0.755","0.67%"
"2018-10-19","0.750","0.750","0.750","0.750","-0.33%"
"2018-10-18","0.752","0.752","0.752","0.752","0.83%"
"2018-10-17","0.746","0.746","0.746","0.746","-0.82%"
"2018-10-16","0.752","0.752","0.752","0.752","1.51%"
"2018-10-15","0.741","0.741","0.741","0.741","-0.16%"
"2018-10-12","0.743","0.743","0.743","0.743","0.50%"
"2018-10-11","0.739","0.739","0.739","0.739","-2.31%"
"2018-10-10","0.756","0.756","0.756","0.756","0.33%"
"2018-10-09","0.754","0.754","0.754","0.754","-0.49%"
"2018-10-08","0.757","0.757","0.757","0.757","0.00%"
"2018-10-05","0.757","0.757","0.757","0.757","-0.50%"
"2018-10-04","0.761","0.761","0.761","0.761","3.93%"
"2018-10-03","0.733","0.733","0.733","0.733","0.51%"
"2018-10-02","0.729","0.729","0.729","0.729","-1.51%"
"2018-10-01","0.740","0.740","0.740","0.740","1.19%"
"2018-09-28","0.731","0.731","0.731","0.731","1.92%"
"2018-09-27","0.717","0.717","0.717","0.717","-2.05%"
"2018-09-26","0.733","0.733","0.733","0.733","-1.19%"
"2018-09-25","0.741","0.741","0.741","0.741","1.02%"
"2018-09-24","0.734","0.734","0.734","0.734","-0.34%"
"2018-09-21","0.736","0.736","0.736","0.736","2.98%"
"2018-09-20","0.715","0.715","0.715","0.715","-0.86%"
"2018-09-19","0.721","0.721","0.721","0.721","0.52%"
"2018-09-18","0.717","0.717","0.717","0.717","0.87%"
"2018-09-17","0.711","0.711","0.711","0.711","0.71%"
"2018-09-14","0.706","0.706","0.706","0.706","1.99%"
"2018-09-13","0.692","0.692","0.692","0.692","0.17%"
"2018-09-12","0.691","0.691","0.691","0.691","-0.17%"
"2018-09-11","0.692","0.692","0.692","0.692","-0.55%"
"2018-09-10","0.696","0.696","0.696","0.696","0.00%"
"2018-09-07","0.696","0.696","0.696","0.696","1.09%"
"2018-09-06","0.689","0.689","0.689","0.689","-2.30%"
"2018-09-05","0.705","0.705","0.705","0.705","-1.58%"
"2018-09-04","0.716","0.716","0.716","0.716","0.18%"
"2018-09-03","0.715","0.715","0.715","0.715","0.87%"
"2018-08-31","0.709","0.709","0.709","0.709","0.54%"
"2018-08-30","0.705","0.705","0.705","0.705","0.53%"
"2018-08-29","0.701","0.701","0.701","0.701","0.72%"
"2018-08-28","0.696","0.696","0.696","0.696","2.58%"
"2018-08-27","0.679","0.679","0.679","0.679","-2.33%"
"2018-08-24","0.695","0.695","0.695","0.695","-0.19%"
"2018-08-23","0.696","0.696","0.696","0.696","-1.07%"
"2018-08-22","0.704","0.704","0.704","0.704","0.90%"
"2018-08-21","0.697","0.697","0.697","0.697","-0.71%"
"2018-08-20","0.702","0.702","0.702","0.702","-0.54%"
"2018-08-17","0.706","0.706","0.706","0.706","-0.52%"
"2018-08-16","0.710","0.710","0.710","0.710","1.07%"
"2018-08-15","0.702","0.702","0.702","0.702","-0.89%"
"2018-08-14","0.709","0.709","0.709","0.709","2.16%"
"2018-08-13","0.694","0.694","0.694","0.694","-0.36%"
"2018-08-10","0.696","0.696","0.696","0.696","-2.95%"
"2018-08-09","0.717","0.717","0.717","0.717","-0.87%"
"2018-08-08","0.724","0.724","0.724","0.724","-0.17%"
"2018-08-07","0.725","0.725","0.725","0.725","3.20%"
"2018-08-06","0.702","0.702","0.702","0.702","-0.54%"
"2018-08-03","0.706","0.706","0.706","0.706","-1.90%"
"2018-08-02","0.720","0.720","0.720","0.720","1.05%"
"2018-08-01","0.712","0.712","0.712","0.712","7.35%"
"2018-07-31","0.664","0.664","0.664","0.664","-7.67%"
"2018-07-30","0.719","0.719","0.719","0.719","3.05%"
"2018-07-27","0.697","0.697","0.697","0.697","2.57%"
"2018-07-26","0.680","0.680","0.680","0.680","3.42%"
"2018-07-25","0.658","0.658","0.658","0.658","-2.78%"
"2018-07-24","0.676","0.676","0.676","0.676","1.90%"
"2018-07-23","0.664","0.664","0.664","0.664","5.35%"
"2018-07-20","0.630","0.630","0.630","0.630","8.62%"
"2018-07-19","0.580","0.580","0.580","0.580","-1.28%"
"2018-07-18","0.587","0.587","0.587","0.587","0.86%"
"2018-07-17","0.582","0.582","0.582","0.582","-0.43%"
"2018-07-16","0.585","0.585","0.585","0.585","0.43%"
"2018-07-13","0.582","0.582","0.582","0.582","0.64%"
"2018-07-12","0.579","0.579","0.579","0.579","-0.43%"
"2018-07-11","0.581","0.581","0.581","0.581","0.87%"
"2018-07-10","0.576","0.576","0.576","0.576","2.45%"
"2018-07-09","0.563","0.563","0.563","0.563","-1.75%"
"2018-07-06","0.572","0.572","0.572","0.572","-0.66%"
"2018-07-05","0.576","0.576","0.576","0.576","-1.28%"
"2018-07-04","0.584","0.584","0.584","0.584","-0.43%"
"2018-07-03","0.586","0.586","0.586","0.586","0.65%"
"2018-07-02","0.582","0.582","0.582","0.582","-1.49%"
"2018-06-29","0.591","0.591","0.591","0.591","0.00%"
"2018-06-28","0.591","0.591","0.591","0.591","-0.42%"
"2018-06-27","0.594","0.594","0.594","0.594","-0.40%"
"2018-06-26","0.596","0.596","0.596","0.596","0.40%"
"2018-06-25","0.594","0.594","0.594","0.594","-0.62%"
"2018-06-22","0.598","0.598","0.598","0.598","-0.22%"
"2018-06-21","0.599","0.599","0.599","0.599","0.00%"
"2018-06-20","0.599","0.599","0.599","0.599","0.44%"
"2018-06-19","0.596","0.596","0.596","0.596","-1.86%"
"2018-06-18","0.608","0.608","0.608","0.608","0.41%"
"2018-06-15","0.605","0.605","0.605","0.605","-1.22%"
"2018-06-14","0.613","0.613","0.613","0.613","-0.21%"
"2018-06-13","0.614","0.614","0.614","0.614","-0.60%"
"2018-06-12","0.618","0.618","0.618","0.618","0.60%"
"2018-06-11","0.614","0.614","0.614","0.614","1.04%"
"2018-06-08","0.608","0.608","0.608","0.608","-1.03%"
"2018-06-07","0.614","0.614","0.614","0.614","-1.40%"
"2018-06-06","0.623","0.623","0.623","0.623","1.42%"
"2018-06-05","0.614","0.614","0.614","0.614","-1.00%"