"日付","終値","始値","高値","安値","変化率 %"
"2026-02-18","1.419","1.415","1.420","1.384","-0.64%"
"2026-02-17","1.428","1.447","1.464","1.418","-2.39%"
"2026-02-16","1.463","1.463","1.494","1.453","-0.88%"
"2026-02-13","1.476","1.454","1.511","1.469","0.00%"
"2026-02-12","1.476","1.459","1.523","1.469","-1.40%"
"2026-02-11","1.497","1.449","1.498","1.458","0.07%"
"2026-02-10","1.496","1.483","1.518","1.471","-0.27%"
"2026-02-09","1.500","1.469","1.535","1.482","0.27%"
"2026-02-06","1.496","1.452","1.508","1.430","2.19%"
"2026-02-05","1.464","1.456","1.496","1.460","-0.27%"
"2026-02-04","1.468","1.462","1.497","1.460","-0.27%"
"2026-02-03","1.472","1.446","1.501","1.446","0.27%"
"2026-02-02","1.468","1.434","1.481","1.438","1.66%"
"2026-01-30","1.444","1.446","1.471","1.433","-1.23%"
"2026-01-29","1.462","1.437","1.483","1.450","-1.08%"
"2026-01-28","1.478","1.478","1.507","1.451","-0.81%"
"2026-01-27","1.490","1.463","1.512","1.473","0.95%"
"2026-01-26","1.476","1.443","1.497","1.435","1.37%"
"2026-01-23","1.456","1.400","1.477","1.406","3.48%"
"2026-01-22","1.407","1.436","1.452","1.407","-2.97%"
"2026-01-21","1.450","1.414","1.461","1.423","1.54%"
"2026-01-20","1.428","1.421","1.468","1.421","-0.42%"
"2026-01-19","1.434","1.389","1.456","1.408","1.20%"
"2026-01-16","1.417","1.389","1.428","1.395","0.78%"
"2026-01-15","1.406","1.366","1.418","1.375","2.55%"
"2026-01-14","1.371","1.381","1.414","1.369","-1.44%"
"2026-01-13","1.391","1.377","1.410","1.365","-0.29%"
"2026-01-12","1.395","1.391","1.421","1.357","0.36%"
"2026-01-09","1.390","1.331","1.423","1.337","3.35%"
"2026-01-08","1.345","1.347","1.370","1.327","-1.47%"
"2026-01-07","1.365","1.374","1.400","1.360","-2.08%"
"2026-01-06","1.394","1.385","1.419","1.380","-0.14%"
"2026-01-05","1.396","1.355","1.420","1.372","0.79%"
"2026-01-02","1.385","1.385","1.385","1.385","0.00%"
"2026-01-01","1.385","1.385","1.385","1.385","0.00%"
"2025-12-31","1.385","1.385","1.385","1.385","0.00%"
"2025-12-30","1.385","1.320","1.390","1.333","3.28%"
"2025-12-29","1.341","1.278","1.360","1.308","0.98%"
"2025-12-26","1.328","1.315","1.339","1.323","-0.30%"
"2025-12-25","1.332","1.281","1.336","1.291","2.94%"
"2025-12-24","1.294","1.275","1.334","1.285","-0.46%"
"2025-12-23","1.300","1.312","1.342","1.289","-2.18%"
"2025-12-22","1.329","1.289","1.366","1.297","2.07%"
"2025-12-19","1.302","1.250","1.321","1.252","3.42%"
"2025-12-18","1.259","1.243","1.281","1.250","-0.47%"
"2025-12-17","1.265","1.238","1.288","1.250","0.40%"
"2025-12-16","1.260","1.239","1.278","1.244","-2.93%"
"2025-12-15","1.298","1.237","1.298","1.240","3.51%"
"2025-12-12","1.254","1.226","1.270","1.232","0.80%"
"2025-12-11","1.244","1.230","1.259","1.231","-0.56%"
"2025-12-10","1.251","1.243","1.279","1.245","-0.32%"
"2025-12-09","1.255","1.241","1.283","1.243","-0.16%"
"2025-12-08","1.257","1.224","1.283","1.240","0.80%"
"2025-12-05","1.247","1.196","1.261","1.204","2.47%"
"2025-12-04","1.217","1.179","1.233","1.191","2.01%"
"2025-12-03","1.193","1.173","1.212","1.181","0.42%"
"2025-12-02","1.188","1.173","1.211","1.177","-0.50%"
"2025-12-01","1.194","1.132","1.213","1.150","3.20%"
"2025-11-28","1.157","1.121","1.170","1.140","0.87%"
"2025-11-27","1.147","1.133","1.163","1.137","0.00%"
"2025-11-26","1.147","1.135","1.173","1.139","-0.35%"
"2025-11-25","1.151","1.114","1.163","1.118","3.60%"
"2025-11-24","1.111","1.078","1.111","1.107","-1.33%"
"2025-11-21","1.126","1.114","1.140","1.100","-0.53%"
"2025-11-20","1.132","1.098","1.155","1.098","1.80%"
"2025-11-19","1.112","1.057","1.120","1.076","2.11%"
"2025-11-18","1.089","1.081","1.106","1.069","-0.46%"
"2025-11-17","1.094","1.070","1.109","1.083","0.27%"
"2025-11-14","1.091","1.062","1.111","1.074","-0.37%"
"2025-11-13","1.095","1.077","1.108","1.078","0.55%"
"2025-11-12","1.089","1.070","1.107","1.079","0.55%"
"2025-11-11","1.083","1.083","1.111","1.083","-1.55%"
"2025-11-10","1.100","1.077","1.122","1.091","0.46%"
"2025-11-07","1.095","1.080","1.116","1.087","1.01%"
"2025-11-06","1.084","1.085","1.116","1.080","-1.63%"
"2025-11-05","1.102","1.083","1.114","1.076","0.64%"
"2025-11-04","1.095","1.084","1.115","1.087","0.18%"
"2025-11-03","1.093","1.064","1.103","1.086","0.46%"
"2025-10-31","1.088","1.063","1.104","1.073","0.09%"
"2025-10-30","1.087","1.068","1.112","1.073","-2.07%"
"2025-10-29","1.110","1.060","1.118","1.072","2.87%"
"2025-10-28","1.079","1.071","1.099","1.067","-0.64%"
"2025-10-27","1.086","1.067","1.112","1.076","0.09%"
"2025-10-24","1.085","1.075","1.104","1.073","0.09%"
"2025-10-23","1.084","1.043","1.105","1.062","2.17%"
"2025-10-22","1.061","1.065","1.097","1.058","-2.21%"
"2025-10-21","1.085","1.069","1.103","1.070","-0.55%"
"2025-10-20","1.091","1.041","1.111","1.058","1.96%"
"2025-10-17","1.070","1.045","1.079","1.030","1.81%"
"2025-10-16","1.051","1.013","1.084","1.033","1.15%"
"2025-10-15","1.039","1.000","1.053","1.018","2.06%"
"2025-10-14","1.018","1.032","1.062","1.010","1.29%"
"2025-10-13","1.005","1.032","1.062","1.005","-2.80%"
"2025-10-10","1.034","1.079","1.095","1.027","-5.22%"
"2025-10-09","1.091","1.073","1.109","1.077","-0.37%"
"2025-10-08","1.095","1.062","1.109","1.074","1.30%"
"2025-10-07","1.081","1.061","1.097","1.063","0.65%"
"2025-10-06","1.074","1.077","1.114","1.029","-2.63%"
"2025-10-03","1.103","1.093","1.125","1.089","-0.09%"
"2025-10-02","1.104","1.102","1.129","1.091","-0.72%"
"2025-10-01","1.112","1.102","1.135","1.104","-0.89%"
"2025-09-30","1.122","1.099","1.136","1.103","1.54%"
"2025-09-29","1.105","1.079","1.132","1.083","1.01%"
"2025-09-26","1.094","1.098","1.129","1.084","-1.97%"
"2025-09-25","1.116","1.088","1.131","1.093","1.18%"
"2025-09-24","1.103","1.075","1.114","1.083","1.01%"
"2025-09-23","1.092","1.085","1.100","1.092","0.55%"
"2025-09-22","1.086","1.053","1.110","1.068","1.02%"
"2025-09-19","1.075","1.035","1.095","1.030","1.90%"
"2025-09-18","1.055","1.007","1.059","1.020","1.83%"
"2025-09-17","1.036","1.001","1.045","1.014","1.27%"
"2025-09-16","1.023","1.047","1.062","1.006","-0.87%"
"2025-09-15","1.032","0.998","1.038","1.022","0.78%"
"2025-09-12","1.024","0.988","1.038","1.001","2.40%"
"2025-09-11","1.000","0.974","1.022","0.987","1.52%"
"2025-09-10","0.985","0.980","1.017","0.982","-1.10%"
"2025-09-09","0.996","0.950","1.013","0.953","3.21%"
"2025-09-08","0.965","0.943","0.988","0.955","-1.23%"
"2025-09-05","0.977","0.970","0.995","0.967","-0.91%"
"2025-09-04","0.986","0.997","1.018","0.979","-2.28%"
"2025-09-03","1.009","0.992","1.031","1.001","-0.69%"
"2025-09-02","1.016","1.013","1.043","1.001","-1.65%"
"2025-09-01","1.033","0.993","1.044","1.010","0.88%"
"2025-08-29","1.024","0.998","1.028","1.020","-0.49%"
"2025-08-28","1.029","1.000","1.034","1.028","-0.19%"
"2025-08-27","1.031","1.013","1.043","1.031","-0.96%"
"2025-08-26","1.041","0.998","1.045","1.028","1.46%"
"2025-08-25","1.026","0.996","1.026","1.026","0.00%"
"2025-08-22","1.026","0.990","1.028","1.019","1.28%"
"2025-08-21","1.013","0.973","1.014","1.003","1.20%"
"2025-08-20","1.001","0.973","1.011","1.001","0.00%"
"2025-08-19","1.001","0.958","1.006","0.988","1.52%"
"2025-08-18","0.986","0.956","0.986","0.980","0.00%"
"2025-08-15","0.986","0.950","0.986","0.980","0.72%"
"2025-08-14","0.979","0.899","0.979","0.929","5.50%"
"2025-08-13","0.928","0.905","0.938","0.928","-0.64%"
"2025-08-12","0.934","0.896","0.934","0.920","0.97%"
"2025-08-11","0.925","0.895","0.925","0.925","0.00%"
"2025-08-08","0.925","0.880","0.925","0.910","1.76%"
"2025-08-07","0.909","0.895","0.925","0.908","-1.84%"
"2025-08-06","0.926","0.869","0.929","0.899","3.12%"
"2025-08-05","0.898","0.866","0.898","0.890","0.00%"
"2025-08-04","0.898","0.874","0.905","0.891","-0.66%"
"2025-08-01","0.904","0.930","0.960","0.904","-5.93%"
"2025-07-31","0.961","0.935","0.965","0.951","-0.52%"
"2025-07-30","0.966","0.935","0.966","0.960","0.00%"
"2025-07-29","0.966","0.943","0.972","0.966","2.35%"
"2025-07-28","0.944","0.968","0.944","0.939","5.45%"
"2025-07-11","0.895","0.873","0.896","0.895","2.72%"
"2025-07-10","0.871","0.869","0.871","0.869","0.44%"
"2025-07-09","0.868","0.844","0.869","0.844","2.97%"
"2025-07-08","0.842","0.829","0.842","0.829","1.35%"
"2025-07-07","0.831","0.830","0.832","0.827","0.16%"
"2025-07-04","0.830","0.849","0.849","0.827","-2.35%"
"2025-07-03","0.850","0.846","0.850","0.837","0.59%"
"2025-07-02","0.845","0.836","0.845","0.835","0.90%"
"2025-07-01","0.837","0.837","0.837","0.832","-0.15%"
"2025-06-30","0.839","0.839","0.846","0.839","0.00%"
"2025-06-27","0.839","0.829","0.840","0.827","1.37%"
"2025-06-26","0.827","0.819","0.827","0.819","1.37%"
"2025-06-25","0.816","0.817","0.817","0.804","-0.31%"
"2025-06-24","0.819","0.817","0.821","0.814","0.00%"
"2025-06-23","0.819","0.814","0.821","0.813","0.61%"
"2025-06-20","0.814","0.804","0.814","0.799","1.41%"
"2025-06-19","0.803","0.819","0.819","0.803","-2.13%"
"2025-06-18","0.820","0.830","0.836","0.820","-1.36%"
"2025-06-17","0.831","0.854","0.866","0.827","-2.49%"
"2025-06-16","0.853","0.842","0.868","0.842","1.19%"
"2025-06-13","0.842","0.839","0.842","0.819","0.60%"
"2025-06-12","0.837","0.848","0.851","0.837","-1.04%"
"2025-06-11","0.846","0.859","0.858","0.845","-1.59%"
"2025-06-10","0.860","0.869","0.869","0.860","-0.86%"
"2025-06-09","0.868","0.864","0.873","0.864","0.43%"
"2025-06-06","0.864","0.851","0.864","0.853","1.62%"
"2025-06-05","0.850","0.866","0.863","0.848","-1.73%"
"2025-06-04","0.865","0.856","0.865","0.859","0.87%"
"2025-06-03","0.858","0.860","0.860","0.854","-0.44%"
"2025-06-02","0.861","0.853","0.861","0.853","1.03%"
"2025-05-30","0.853","0.839","0.853","0.840","1.79%"
"2025-05-29","0.837","0.859","0.866","0.837","-2.62%"
"2025-05-28","0.860","0.834","0.865","0.834","3.30%"
"2025-05-27","0.832","0.814","0.832","0.814","2.46%"
"2025-05-26","0.813","0.813","0.813","0.813","0.00%"
"2025-05-23","0.813","0.842","54.153","0.813","-3.71%"
"2025-05-22","0.844","0.840","0.848","0.831","0.75%"
"2025-05-21","0.837","0.837","0.837","0.824","-0.15%"
"2025-05-20","0.839","0.827","0.839","0.825","1.21%"
"2025-05-19","0.829","0.827","0.835","0.820","0.16%"
"2025-05-16","0.827","0.819","0.827","0.806","0.91%"
"2025-05-15","0.820","0.835","0.832","0.820","-1.66%"
"2025-05-14","0.834","0.821","0.834","0.806","1.37%"
"2025-05-13","0.822","0.805","0.825","0.806","2.01%"
"2025-05-12","0.806","0.735","0.808","0.735","9.70%"
"2025-05-09","0.735","0.724","0.739","0.724","1.73%"
"2025-05-08","0.723","0.712","0.728","0.712","1.57%"
"2025-05-07","0.711","0.701","0.716","0.701","1.61%"
"2025-05-05","0.700","0.700","0.700","0.700","0.00%"
"2025-05-02","0.700","0.697","0.705","0.689","0.17%"
"2025-05-01","0.699","0.725","0.725","0.689","-3.77%"
"2025-04-30","0.726","0.750","0.750","0.724","-3.34%"
"2025-04-28","0.751","0.756","0.756","0.744","-0.66%"
"2025-04-25","0.756","0.725","0.756","0.726","4.49%"
"2025-04-24","0.724","0.757","0.757","0.715","-4.61%"
"2025-04-23","0.759","0.704","0.761","0.704","8.01%"
"2025-04-22","0.702","0.700","0.706","0.700","0.53%"
"2025-04-21","0.699","0.699","0.699","0.699","-0.17%"
"2025-04-17","0.700","0.670","0.705","0.671","4.28%"
"2025-04-16","0.671","0.730","0.729","0.656","-7.89%"
"2025-04-15","0.729","0.660","0.733","0.660","10.21%"
"2025-04-14","0.661","0.629","0.671","0.630","5.17%"
"2025-04-11","0.629","0.709","0.709","0.605","-11.44%"
"2025-04-10","0.710","0.629","0.721","0.631","13.15%"
"2025-04-09","0.627","0.744","0.744","0.618","-15.77%"
"2025-04-08","0.745","0.664","0.751","0.664","12.88%"
"2025-04-07","0.660","0.699","0.699","0.625","-5.55%"
"2025-04-04","0.699","0.848","0.849","0.660","-17.43%"
"2025-04-03","0.846","0.954","0.952","0.846","-11.38%"
"2025-04-02","0.955","0.969","0.969","0.951","-1.55%"
"2025-04-01","0.970","0.973","0.975","0.965","-0.13%"
"2025-03-31","0.971","1.010","1.010","0.964","-3.83%"
"2025-03-28","1.010","1.033","1.033","1.009","-2.07%"
"2025-03-27","1.031","1.043","1.043","1.026","-1.20%"
"2025-03-26","1.044","1.030","1.044","1.030","1.46%"
"2025-03-25","1.029","1.010","1.035","1.010","1.73%"
"2025-03-24","1.011","0.984","1.011","0.984","2.80%"
"2025-03-21","0.984","0.991","0.995","0.984","-0.63%"
"2025-03-19","0.990","0.959","0.996","0.959","3.13%"
"2025-03-18","0.960","0.941","0.961","0.941","1.86%"
"2025-03-17","0.942","0.954","0.954","0.941","-1.18%"
"2025-03-14","0.954","0.985","0.985","0.949","-3.41%"
"2025-03-13","0.988","0.962","0.995","0.962","2.73%"
"2025-03-12","0.961","0.970","0.966","0.952","-1.03%"
"2025-03-11","0.971","0.998","0.998","0.956","-2.75%"
"2025-03-10","0.999","0.966","1.009","0.966","3.36%"
"2025-03-07","0.966","0.974","0.974","0.966","-0.89%"
"2025-03-06","0.975","0.973","0.991","0.973","0.78%"
"2025-03-05","0.967","0.940","0.967","0.940","3.20%"
"2025-03-04","0.938","0.959","0.959","0.936","-2.34%"
"2025-03-03","0.960","0.931","0.973","0.931","3.08%"
"2025-02-28","0.931","0.952","0.952","0.925","-2.36%"
"2025-02-27","0.954","0.914","0.962","0.915","4.24%"
"2025-02-26","0.915","0.909","0.925","0.909","0.83%"
"2025-02-25","0.908","0.933","0.933","0.908","-2.82%"
"2025-02-24","0.934","0.934","0.934","0.934","0.00%"
"2025-02-21","0.934","0.978","0.978","0.934","-4.60%"
"2025-02-20","0.979","0.980","0.980","0.964","-0.25%"
"2025-02-19","0.981","0.978","0.988","0.971","0.26%"
"2025-02-18","0.979","0.969","0.981","0.970","1.17%"
"2025-02-17","0.967","0.942","0.967","0.942","2.65%"
"2025-02-14","0.942","0.918","0.942","0.918","3.01%"
"2025-02-13","0.915","0.941","0.941","0.915","-2.92%"
"2025-02-12","0.942","0.925","0.942","0.916","1.75%"
"2025-02-11","0.926","0.926","0.926","0.926","0.00%"
"2025-02-10","0.926","0.940","0.940","0.924","-1.46%"
"2025-02-07","0.940","0.916","0.940","0.916","2.73%"
"2025-02-06","0.915","0.889","0.915","0.899","2.81%"
"2025-02-05","0.890","0.882","0.895","0.882","0.70%"
"2025-02-04","0.884","0.861","0.891","0.861","2.91%"
"2025-02-03","0.859","0.869","0.869","0.855","-1.15%"
"2025-01-31","0.869","0.845","0.871","0.868","2.96%"
"2025-01-30","0.844","0.822","0.849","0.822","2.43%"
"2025-01-29","0.824","0.821","0.825","0.820","0.00%"
"2025-01-28","0.824","0.822","0.826","0.817","0.00%"
"2025-01-27","0.824","0.854","0.854","0.817","-3.51%"
"2025-01-24","0.854","0.829","0.860","0.829","3.18%"
"2025-01-23","0.827","0.819","0.827","0.819","1.37%"
"2025-01-22","0.816","0.806","0.824","0.808","1.40%"
"2025-01-21","0.805","0.800","0.809","0.801","0.78%"
"2025-01-20","0.799","0.809","0.810","0.799","-1.24%"
"2025-01-17","0.809","0.809","0.809","0.804","-0.15%"
"2025-01-16","0.810","0.799","0.810","0.800","1.25%"
"2025-01-15","0.800","0.804","0.825","0.800","-0.31%"
"2025-01-14","0.803","0.809","0.808","0.799","-0.62%"
"2025-01-13","0.808","0.808","0.808","0.808","0.00%"
"2025-01-10","0.808","0.776","0.808","0.775","4.36%"
"2025-01-09","0.774","0.799","0.798","0.774","-3.27%"
"2025-01-08","0.800","0.788","0.804","0.788","1.74%"
"2025-01-07","0.786","0.780","0.786","0.780","0.96%"
"2025-01-06","0.779","0.748","0.784","0.749","4.19%"
"2025-01-03","0.748","0.748","0.748","0.748","0.00%"
"2025-01-02","0.748","0.748","0.748","0.748","0.00%"
"2025-01-01","0.748","0.748","0.748","0.748","0.00%"
"2024-12-31","0.748","0.748","0.748","0.748","0.00%"
"2024-12-30","0.748","0.766","0.767","0.748","-2.45%"
"2024-12-27","0.766","0.734","0.766","0.734","4.07%"
"2024-12-25","0.736","0.736","0.736","0.736","-0.16%"
"2024-12-24","0.738","0.728","0.738","0.731","1.56%"
"2024-12-23","0.726","0.707","0.726","0.709","2.64%"
"2024-12-20","0.707","0.717","0.717","0.707","-1.57%"
"2024-12-19","0.719","0.729","0.726","0.709","-1.53%"
"2024-12-18","0.730","0.731","0.731","0.728","-0.52%"
"2024-12-17","0.734","0.730","0.738","0.730","0.69%"
"2024-12-16","0.729","0.710","0.729","0.711","2.65%"
"2024-12-13","0.710","0.716","0.716","0.709","-1.05%"
"2024-12-12","0.717","0.728","0.726","0.716","-1.55%"
"2024-12-11","0.729","0.735","0.735","0.728","-1.18%"
"2024-12-10","0.738","0.728","0.738","0.728","1.72%"
"2024-12-09","0.725","0.730","0.731","0.720","-0.68%"
"2024-12-06","0.730","0.749","0.749","0.730","-2.67%"
"2024-12-05","0.750","0.739","0.750","0.740","1.35%"
"2024-12-04","0.740","0.760","0.759","0.740","-2.80%"
"2024-12-03","0.761","0.774","0.772","0.761","-1.77%"
"2024-12-02","0.775","0.748","0.777","0.749","3.68%"
"2024-11-29","0.748","0.748","0.749","0.748","0.16%"
"2024-11-28","0.746","0.754","0.752","0.745","-1.15%"
"2024-11-27","0.755","0.755","0.764","0.755","0.16%"
"2024-11-26","0.754","0.749","0.755","0.749","0.84%"
"2024-11-25","0.748","0.741","0.750","0.743","0.84%"
"2024-11-22","0.741","0.748","0.750","0.741","-0.67%"
"2024-11-21","0.746","0.729","0.749","0.728","2.58%"
"2024-11-20","0.728","0.710","0.729","0.711","2.28%"
"2024-11-19","0.711","0.728","0.728","0.711","-2.40%"
"2024-11-18","0.729","0.730","0.731","0.725","-0.16%"
"2024-11-15","0.730","0.714","0.730","0.714","2.46%"
"2024-11-14","0.712","0.702","0.712","0.702","1.60%"
"2024-11-13","0.701","0.690","0.706","0.691","1.45%"
"2024-11-12","0.691","0.678","0.691","0.678","2.22%"
"2024-11-11","0.676","0.664","0.676","0.664","1.90%"
"2024-11-08","0.664","0.665","0.673","0.663","0.00%"
"2024-11-07","0.664","0.663","0.676","0.663","0.36%"
"2024-11-06","0.661","0.609","0.661","0.609","9.07%"
"2024-11-05","0.606","0.623","0.621","0.604","-2.41%"
"2024-11-04","0.621","0.621","0.621","0.621","0.00%"
"2024-11-01","0.621","0.620","0.623","0.619","0.40%"
"2024-10-31","0.619","0.603","0.619","0.605","2.48%"
"2024-10-30","0.604","0.616","0.616","0.601","-2.22%"
"2024-10-29","0.618","0.605","0.618","0.605","2.27%"
"2024-10-28","0.604","0.587","0.606","0.589","2.77%"
"2024-10-25","0.587","0.596","0.596","0.586","-1.67%"
"2024-10-24","0.598","0.610","0.609","0.598","-2.26%"
"2024-10-23","0.611","0.610","0.613","0.608","0.82%"
"2024-10-22","0.606","0.605","0.614","0.605","0.41%"
"2024-10-21","0.604","0.614","0.614","0.596","-1.63%"
"2024-10-18","0.614","0.610","0.619","0.611","0.82%"
"2024-10-17","0.609","0.610","0.610","0.589","3.63%"
"2024-10-16","0.587","0.595","0.594","0.587","-1.46%"
"2024-10-15","0.596","0.595","0.603","0.589","1.69%"
"2024-10-14","0.586","0.587","0.587","0.586","0.00%"
"2024-10-11","0.586","0.590","0.589","0.584","-0.85%"
"2024-10-10","0.591","0.575","0.598","0.574","3.05%"
"2024-10-09","0.574","0.574","0.575","0.572","-0.21%"
"2024-10-08","0.575","0.574","0.586","0.569","-2.34%"
"2024-10-07","0.589","0.544","0.592","0.548","8.28%"
"2024-10-04","0.544","0.516","0.544","0.516","5.59%"
"2024-10-03","0.515","0.514","0.515","0.509","0.00%"
"2024-10-02","0.515","0.526","0.526","0.507","-2.37%"
"2024-10-01","0.527","0.550","0.549","0.526","-4.32%"
"2024-09-30","0.551","0.550","0.554","0.541","1.85%"
"2024-09-27","0.541","0.495","0.543","0.480","9.07%"
"2024-09-26","0.496","0.505","0.505","0.496","-1.98%"
"2024-09-25","0.506","0.495","0.507","0.495","2.53%"
"2024-09-24","0.494","0.538","0.538","0.494","-8.33%"
"2024-09-23","0.539","0.539","0.539","0.539","0.00%"
"2024-09-20","0.539","0.541","0.544","0.530","-0.24%"
"2024-09-19","0.540","0.538","0.543","0.536","0.69%"
"2024-09-18","0.536","0.540","0.540","0.531","-0.92%"
"2024-09-17","0.541","0.555","0.554","0.536","-2.26%"
"2024-09-16","0.554","0.555","0.555","0.554","0.00%"
"2024-09-13","0.554","0.554","0.554","0.548","0.24%"
"2024-09-12","0.553","0.543","0.553","0.543","2.07%"
"2024-09-11","0.541","0.558","0.556","0.539","-3.13%"
"2024-09-10","0.559","0.558","0.564","0.558","0.00%"
"2024-09-09","0.559","0.533","0.561","0.559","4.94%"
"2024-09-06","0.533","0.539","0.539","0.530","-1.39%"
"2024-09-05","0.540","0.538","0.540","0.535","0.69%"
"2024-09-04","0.536","0.560","0.559","0.536","-4.45%"
"2024-09-03","0.561","0.560","0.566","0.554","1.81%"
"2024-09-02","0.551","0.553","0.553","0.545","1.16%"
"2024-08-30","0.545","0.536","0.545","0.536","1.87%"
"2024-08-29","0.535","0.545","0.545","0.534","-1.83%"
"2024-08-28","0.545","0.545","0.548","0.539","1.40%"
"2024-08-27","0.538","0.539","0.539","0.535","0.00%"
"2024-08-26","0.538","0.538","0.538","0.538","0.00%"
"2024-08-23","0.538","0.530","0.541","0.530","1.65%"
"2024-08-22","0.529","0.517","0.529","0.519","2.42%"
"2024-08-21","0.516","0.517","0.531","0.516","-3.04%"
"2024-08-20","0.533","0.535","0.535","0.531","-0.71%"
"2024-08-19","0.536","0.521","0.538","0.521","2.88%"
"2024-08-16","0.521","0.510","0.524","0.510","2.46%"
"2024-08-15","0.509","0.479","0.509","0.479","6.55%"
"2024-08-14","0.477","0.472","0.480","0.472","0.78%"
"2024-08-13","0.474","0.482","0.482","0.474","-2.07%"
"2024-08-12","0.484","0.484","0.484","0.484","0.00%"
"2024-08-09","0.484","0.495","0.495","0.482","-2.52%"
"2024-08-08","0.496","0.475","0.500","0.460","5.04%"
"2024-08-07","0.472","0.474","0.476","0.452","0.00%"
"2024-08-06","0.472","0.472","0.474","0.463","-1.32%"
"2024-08-05","0.479","0.556","0.556","0.430","-13.73%"
"2024-08-02","0.555","0.556","0.650","0.554","-14.79%"
"2024-08-01","0.651","0.656","0.668","0.651","-0.56%"
"2024-07-31","0.655","0.656","0.656","0.564","16.69%"
"2024-07-30","0.561","0.579","0.577","0.555","-3.22%"
"2024-07-29","0.580","0.579","0.590","0.579","-1.49%"
"2024-07-26","0.589","0.595","0.596","0.589","-1.24%"
"2024-07-25","0.596","0.586","0.601","0.587","1.91%"
"2024-07-24","0.585","0.561","0.585","0.561","4.46%"
"2024-07-23","0.560","0.559","0.561","0.556","0.45%"
"2024-07-22","0.558","0.546","0.558","0.546","2.05%"
"2024-07-19","0.546","0.546","0.546","0.546","0.00%"
"2024-07-18","0.546","0.541","0.550","0.544","1.17%"
"2024-07-17","0.540","0.541","0.544","0.529","2.37%"
"2024-07-16","0.527","0.540","0.540","0.522","-2.55%"
"2024-07-15","0.541","0.541","0.541","0.541","0.00%"
"2024-07-12","0.541","0.543","0.543","0.535","-0.46%"
"2024-07-11","0.544","0.566","0.565","0.544","-4.18%"
"2024-07-10","0.567","0.570","0.570","0.564","-0.67%"
"2024-07-09","0.571","0.566","0.571","0.563","0.44%"
"2024-07-08","0.569","0.556","0.570","0.556","2.25%"
"2024-07-05","0.556","0.563","0.563","0.555","-1.33%"
"2024-07-04","0.564","0.576","0.575","0.564","-1.95%"
"2024-07-03","0.575","0.576","0.591","0.575","-2.95%"
"2024-07-02","0.592","0.586","0.594","0.585","0.85%"
"2024-07-01","0.587","0.586","0.587","0.567","3.98%"
"2024-06-28","0.565","0.566","0.566","0.558","-0.44%"
"2024-06-27","0.567","0.544","0.571","0.546","3.88%"
"2024-06-26","0.546","0.544","0.546","0.525","4.30%"
"2024-06-25","0.524","0.522","0.524","0.521","0.00%"
"2024-06-24","0.524","0.511","0.525","0.511","2.44%"
"2024-06-21","0.511","0.496","0.515","0.496","3.29%"
"2024-06-20","0.495","0.491","0.496","0.491","1.02%"
"2024-06-19","0.490","0.499","0.498","0.490","-2.00%"
"2024-06-18","0.500","0.499","0.500","0.495","-0.26%"
"2024-06-17","0.501","0.505","0.505","0.491","-0.73%"
"2024-06-14","0.505","0.541","0.541","0.505","-6.91%"
"2024-06-13","0.543","0.530","0.543","0.530","2.59%"
"2024-06-12","0.529","0.567","0.566","0.527","-7.03%"
"2024-06-11","0.569","0.567","0.581","0.567","-2.35%"
"2024-06-10","0.582","0.567","0.585","0.567","2.64%"
"2024-06-07","0.567","0.541","0.567","0.540","5.09%"
"2024-06-06","0.540","0.559","0.558","0.524","-3.14%"
"2024-06-05","0.558","0.559","0.571","0.558","-2.84%"
"2024-06-04","0.574","0.608","0.608","0.572","-5.75%"
"2024-06-03","0.609","0.616","0.618","0.609","-1.22%"
"2024-05-31","0.616","0.609","0.619","0.609","1.45%"
"2024-05-30","0.608","0.603","0.614","0.601","1.05%"
"2024-05-29","0.601","0.580","0.605","0.580","3.87%"
"2024-05-28","0.579","0.565","0.580","0.565","2.66%"
"2024-05-27","0.564","0.565","0.564","0.564","-0.21%"
"2024-05-24","0.565","0.560","0.567","0.561","1.11%"
"2024-05-23","0.559","0.560","0.564","0.556","-1.10%"
"2024-05-22","0.565","0.566","0.566","0.555","2.02%"
"2024-05-21","0.554","0.555","0.558","0.554","0.00%"
"2024-05-20","0.554","0.541","0.554","0.541","2.31%"
"2024-05-17","0.541","0.529","0.541","0.529","2.62%"
"2024-05-16","0.527","0.538","0.538","0.520","-2.08%"
"2024-05-15","0.539","0.544","0.545","0.539","-0.70%"
"2024-05-14","0.543","0.535","0.548","0.535","1.65%"
"2024-05-13","0.534","0.516","0.535","0.516","3.37%"
"2024-05-10","0.516","0.516","0.516","0.511","-0.23%"
"2024-05-09","0.517","0.500","0.517","0.501","3.75%"
"2024-05-08","0.499","0.500","0.500","0.480","4.18%"
"2024-05-07","0.479","0.502","0.502","0.479","-4.96%"
"2024-05-06","0.504","0.504","0.504","0.504","0.00%"
"2024-05-02","0.504","0.495","0.504","0.495","2.03%"
"2024-05-01","0.494","0.500","0.500","0.494","-1.50%"
"2024-04-30","0.501","0.498","0.501","0.491","1.01%"
"2024-04-29","0.496","0.498","0.498","0.496","0.00%"
"2024-04-26","0.496","0.527","0.526","0.495","-6.15%"
"2024-04-25","0.529","0.527","0.529","0.507","3.18%"
"2024-04-24","0.512","0.505","0.512","0.505","1.22%"
"2024-04-23","0.506","0.505","0.512","0.505","0.26%"
"2024-04-22","0.505","0.491","0.514","0.491","2.79%"
"2024-04-19","0.491","0.510","0.509","0.482","-3.44%"
"2024-04-18","0.509","0.510","0.510","0.502","-0.72%"
"2024-04-17","0.512","0.515","0.526","0.512","-0.25%"
"2024-04-16","0.514","0.502","0.515","0.504","1.98%"
"2024-04-15","0.504","0.502","0.504","0.491","2.82%"
"2024-04-12","0.490","0.501","0.501","0.490","-2.49%"
"2024-04-11","0.502","0.474","0.510","0.474","6.91%"
"2024-04-10","0.470","0.451","0.470","0.451","4.44%"
"2024-04-09","0.450","0.446","0.454","0.446","1.12%"
"2024-04-08","0.445","0.436","0.446","0.436","1.99%"
"2024-04-05","0.436","0.430","0.436","0.430","1.75%"
"2024-04-04","0.429","0.428","0.433","0.428","0.00%"
"2024-04-03","0.429","0.425","0.429","0.423","0.59%"
"2024-04-02","0.426","0.412","0.431","0.412","3.65%"
"2024-04-01","0.411","0.412","0.411","0.411","-0.29%"
"2024-03-29","0.412","0.412","0.412","0.412","0.00%"
"2024-03-28","0.412","0.419","0.419","0.407","-1.79%"
"2024-03-27","0.420","0.429","0.429","0.420","-1.48%"
"2024-03-26","0.426","0.436","0.436","0.423","-2.56%"
"2024-03-25","0.438","0.436","0.438","0.434","0.28%"
"2024-03-22","0.436","0.434","0.445","0.434","0.88%"
"2024-03-21","0.433","0.398","0.433","0.398","9.13%"
"2024-03-20","0.396","0.396","0.396","0.396","0.00%"
"2024-03-19","0.396","0.381","0.401","0.381","4.29%"
"2024-03-18","0.380","0.384","0.384","0.373","-0.99%"
"2024-03-17","0.384","0.384","0.384","0.384","0.00%"
"2024-03-15","0.384","0.394","0.394","0.377","-2.22%"
"2024-03-14","0.393","0.382","0.394","0.377","2.27%"
"2024-03-13","0.384","0.382","0.384","0.375","0.66%"
"2024-03-12","0.381","0.394","0.394","0.379","-3.47%"
"2024-03-11","0.395","0.403","0.403","0.390","-1.86%"
"2024-03-10","0.403","0.403","0.403","0.403","0.00%"
"2024-03-09","0.403","0.403","0.403","0.403","0.00%"
"2024-03-08","0.403","0.398","0.403","0.390","0.93%"
"2024-03-07","0.399","0.377","0.399","0.377","6.01%"
"2024-03-06","0.376","0.374","0.379","0.374","0.99%"
"2024-03-05","0.373","0.386","0.386","0.373","-3.87%"
"2024-03-04","0.387","0.386","0.387","0.384","0.31%"
"2024-03-03","0.386","0.386","0.386","0.386","0.00%"
"2024-03-01","0.386","0.398","0.398","0.386","-2.52%"
"2024-02-29","0.396","0.389","0.401","0.389","2.27%"
"2024-02-28","0.387","0.390","0.390","0.387","-0.97%"
"2024-02-27","0.391","0.387","0.393","0.387","1.29%"
"2024-02-26","0.386","0.396","0.398","0.384","-2.52%"
"2024-02-25","0.396","0.396","0.396","0.396","0.00%"
"2024-02-23","0.396","0.396","0.396","0.396","0.00%"
"2024-02-22","0.396","0.403","0.403","0.394","-1.25%"
"2024-02-21","0.401","0.403","0.403","0.400","-0.62%"
"2024-02-20","0.404","0.401","0.405","0.401","0.32%"
"2024-02-19","0.403","0.406","0.406","0.403","-0.94%"
"2024-02-18","0.406","0.406","0.406","0.406","0.00%"
"2024-02-16","0.406","0.398","0.415","0.398","2.52%"
"2024-02-15","0.396","0.419","0.419","0.394","-5.64%"
"2024-02-14","0.420","0.409","0.423","0.409","3.07%"
"2024-02-13","0.407","0.399","0.431","0.394","2.52%"
"2024-02-12","0.398","0.398","0.398","0.398","0.00%"
"2024-02-11","0.398","0.398","0.398","0.398","0.00%"
"2024-02-09","0.398","0.386","0.399","0.387","3.25%"
"2024-02-08","0.385","0.385","0.385","0.377","-0.34%"
"2024-02-07","0.386","0.379","0.390","0.379","1.66%"
"2024-02-06","0.380","0.391","0.391","0.376","-3.18%"
"2024-02-05","0.393","0.381","0.393","0.381","2.94%"
"2024-02-04","0.381","0.381","0.381","0.381","0.00%"
"2024-02-03","0.381","0.381","0.381","0.381","0.00%"
"2024-02-02","0.381","0.352","0.381","0.347","8.54%"
"2024-02-01","0.351","0.364","0.364","0.351","-3.75%"
"2024-01-31","0.365","0.373","0.374","0.365","-1.35%"
"2024-01-30","0.370","0.363","0.370","0.363","1.70%"
"2024-01-29","0.364","0.357","0.366","0.359","1.76%"
"2024-01-28","0.357","0.357","0.357","0.357","0.00%"
"2024-01-27","0.357","0.357","0.357","0.357","0.00%"
"2024-01-26","0.357","0.386","0.386","0.357","-7.74%"
"2024-01-25","0.387","0.379","0.389","0.379","2.65%"
"2024-01-24","0.377","0.345","0.377","0.345","9.80%"
"2024-01-23","0.344","0.316","0.347","0.316","9.14%"
"2024-01-22","0.315","0.326","0.326","0.314","-3.46%"
"2024-01-21","0.326","0.326","0.326","0.326","0.00%"
"2024-01-20","0.326","0.326","0.326","0.326","0.00%"
"2024-01-19","0.326","0.322","0.327","0.322","1.56%"
"2024-01-18","0.321","0.298","0.324","0.299","8.44%"
"2024-01-17","0.296","0.284","0.300","0.284","3.96%"
"2024-01-16","0.285","0.260","0.285","0.260","9.07%"
"2024-01-15","0.261","0.265","0.266","0.261","-1.40%"
"2024-01-14","0.265","0.265","0.265","0.265","0.00%"
"2024-01-12","0.265","0.279","0.279","0.265","-4.50%"
"2024-01-11","0.278","0.287","0.287","0.275","-3.91%"
"2024-01-10","0.289","0.299","0.299","0.287","-3.73%"
"2024-01-09","0.300","0.309","0.309","0.300","-3.23%"
"2024-01-08","0.310","0.310","0.310","0.310","0.00%"
"2024-01-05","0.310","0.310","0.310","0.310","-5.00%"
"2024-01-04","0.326","0.326","0.326","0.326","-1.86%"
"2024-01-03","0.333","0.333","0.333","0.333","0.00%"
"2024-01-02","0.333","0.333","0.333","0.333","0.00%"
"2024-01-01","0.333","0.333","0.333","0.333","0.00%"
"2023-12-31","0.333","0.333","0.333","0.333","0.00%"
"2023-12-29","0.333","0.320","0.333","0.320","4.30%"
"2023-12-28","0.319","0.315","0.319","0.314","0.82%"
"2023-12-27","0.316","0.354","0.354","0.316","-10.93%"
"2023-12-26","0.355","0.355","0.355","0.355","0.00%"
"2023-12-25","0.355","0.356","0.355","0.355","-0.36%"
"2023-12-24","0.356","0.356","0.356","0.356","0.00%"
"2023-12-22","0.356","0.346","0.357","0.346","3.28%"
"2023-12-21","0.345","0.319","0.345","0.319","8.66%"
"2023-12-20","0.317","0.335","0.335","0.314","-5.59%"
"2023-12-19","0.336","0.389","0.389","0.336","-13.77%"
"2023-12-18","0.390","0.398","0.398","0.386","-1.89%"
"2023-12-17","0.398","0.398","0.398","0.398","0.00%"
"2023-12-15","0.398","0.364","0.401","0.364","9.66%"
"2023-12-14","0.363","0.373","0.373","0.346","-3.02%"
"2023-12-13","0.374","0.381","0.381","0.368","-2.27%"
"2023-12-12","0.382","0.426","0.426","0.364","-10.53%"
"2023-12-11","0.428","0.452","0.452","0.425","-5.52%"
"2023-12-10","0.452","0.452","0.452","0.452","0.00%"
"2023-12-08","0.452","0.430","0.458","0.430","5.53%"
"2023-12-07","0.429","0.452","0.452","0.424","29.94%"
"2023-12-06","0.330","0.343","0.343","0.330","-4.01%"
"2023-12-05","0.344","0.365","0.365","0.344","-6.14%"
"2023-12-04","0.366","0.376","0.375","0.359","-2.63%"
"2023-12-03","0.376","0.376","0.376","0.376","0.00%"
"2023-12-01","0.376","0.373","0.385","0.373","1.68%"
"2023-11-30","0.370","0.344","0.370","0.333","7.25%"
"2023-11-29","0.345","0.399","0.399","0.340","-14.03%"
"2023-11-28","0.401","0.412","0.412","0.398","-3.02%"
"2023-11-27","0.414","0.425","0.425","0.414","-2.64%"
"2023-11-26","0.425","0.425","0.425","0.425","0.00%"
"2023-11-24","0.425","0.387","0.431","0.389","10.02%"
"2023-11-23","0.386","0.386","0.386","0.386","0.00%"
"2023-11-22","0.386","0.377","0.387","0.377","2.68%"
"2023-11-21","0.376","0.406","0.406","0.376","-7.68%"
"2023-11-20","0.407","0.399","0.410","0.400","2.18%"
"2023-11-19","0.399","0.399","0.399","0.399","0.00%"
"2023-11-18","0.399","0.399","0.399","0.399","0.00%"
"2023-11-17","0.399","0.425","0.425","0.396","-6.45%"
"2023-11-16","0.426","0.435","0.436","0.426","-1.73%"
"2023-11-15","0.434","0.459","0.459","0.433","-5.96%"
"2023-11-14","0.461","0.491","0.491","0.461","-6.34%"
"2023-11-13","0.493","0.477","0.493","0.477","3.14%"
"2023-11-12","0.477","0.477","0.477","0.477","0.00%"
"2023-11-11","0.477","0.477","0.477","0.477","0.00%"
"2023-11-10","0.477","0.470","0.480","0.470","1.86%"
"2023-11-09","0.469","0.469","0.469","0.461","-0.26%"
"2023-11-08","0.470","0.489","0.489","0.470","-4.08%"
"2023-11-07","0.490","0.437","0.490","0.438","12.31%"
"2023-11-06","0.436","0.437","0.493","0.425","1.16%"
"2023-11-05","0.431","0.491","0.491","0.430","-12.21%"
"2023-11-04","0.491","0.491","0.491","0.491","7.84%"
"2023-11-03","0.456","0.456","0.456","0.456","-7.27%"
"2023-11-02","0.491","0.482","0.517","0.451","-4.84%"
"2023-11-01","0.516","0.482","0.522","0.451","6.45%"
"2023-10-31","0.485","0.448","0.502","0.421","14.63%"
"2023-10-30","0.423","0.423","0.485","0.407","-4.92%"
"2023-10-29","0.445","0.445","0.445","0.445","9.52%"
"2023-10-28","0.406","0.406","0.406","0.406","-8.70%"
"2023-10-27","0.445","0.440","0.445","0.396","10.39%"
"2023-10-26","0.403","0.440","0.444","0.396","2.54%"
"2023-10-25","0.393","0.394","0.433","0.385","-8.86%"
"2023-10-24","0.431","0.394","0.440","0.385","5.35%"
"2023-10-23","0.409","0.441","0.445","0.399","2.20%"
"2023-10-22","0.401","0.434","0.434","0.396","-7.65%"
"2023-10-20","0.434","0.403","0.440","0.391","7.43%"
"2023-10-19","0.404","0.403","0.442","0.389","-3.28%"
"2023-10-18","0.417","0.419","0.419","0.374","16.59%"
"2023-10-17","0.358","0.359","0.401","0.341","-4.81%"
"2023-10-16","0.376","0.343","0.376","0.336","12.10%"
"2023-10-15","0.336","0.365","0.365","0.333","-0.74%"
"2023-10-14","0.338","0.338","0.338","0.338","-7.37%"
"2023-10-13","0.365","0.347","0.371","0.338","10.61%"
"2023-10-12","0.330","0.327","0.369","0.326","-9.29%"
"2023-10-11","0.364","0.343","0.375","0.327","-3.30%"
"2023-10-10","0.376","0.349","0.391","0.333","-4.15%"
"2023-10-09","0.393","0.393","0.393","0.345","0.00%"
"2023-10-08","0.393","0.393","0.393","0.393","10.38%"
"2023-10-07","0.356","0.356","0.356","0.356","-9.40%"
"2023-10-06","0.393","0.368","0.401","0.354","-2.48%"
"2023-10-05","0.403","0.373","0.410","0.368","6.45%"
"2023-10-04","0.378","0.371","0.421","0.371","4.65%"
"2023-10-03","0.361","0.373","0.401","0.354","-2.19%"
"2023-10-02","0.369","0.370","0.403","0.369","0.16%"
"2023-10-01","0.369","0.395","0.395","0.363","-6.63%"
"2023-09-30","0.395","0.395","0.395","0.395","0.00%"
"2023-09-29","0.395","0.361","0.401","0.359","8.97%"
"2023-09-28","0.363","0.359","0.403","0.357","-5.55%"
"2023-09-27","0.384","0.349","0.384","0.344","0.66%"
"2023-09-26","0.381","0.355","0.386","0.349","-0.96%"
"2023-09-25","0.385","0.361","0.391","0.343","6.94%"
"2023-09-24","0.360","0.390","0.391","0.360","0.17%"
"2023-09-23","0.359","0.359","0.359","0.359","-7.85%"
"2023-09-22","0.390","0.366","0.403","0.348","6.85%"
"2023-09-21","0.365","0.352","0.401","0.352","-2.67%"
"2023-09-20","0.375","0.349","0.379","0.346","-1.65%"
"2023-09-19","0.381","0.346","0.382","0.346","1.36%"
"2023-09-18","0.376","0.344","0.376","0.344","0.00%"
"2023-09-17","0.376","0.376","0.376","0.376","0.00%"
"2023-09-15","0.376","0.349","0.380","0.338","7.09%"
"2023-09-14","0.351","0.340","0.382","0.339","1.44%"
"2023-09-13","0.346","0.336","0.381","0.333","-5.46%"
"2023-09-12","0.366","0.332","0.368","0.331","3.53%"
"2023-09-11","0.354","0.294","0.355","0.292","20.71%"
"2023-09-10","0.293","0.292","0.303","0.271","0.21%"
"2023-09-08","0.292","0.268","0.294","0.264","8.82%"
"2023-09-07","0.269","0.271","0.295","0.266","0.71%"
"2023-09-06","0.267","0.275","0.294","0.266","-9.16%"
"2023-09-05","0.294","0.271","0.294","0.267","0.86%"
"2023-09-04","0.291","0.269","0.292","0.265","8.13%"
"2023-09-03","0.269","0.290","0.290","0.263","-7.10%"
"2023-09-01","0.290","0.264","0.290","0.258","0.42%"
"2023-08-31","0.289","0.268","0.295","0.262","7.44%"
"2023-08-30","0.269","0.266","0.295","0.264","0.94%"
"2023-08-29","0.266","0.261","0.292","0.260","-0.93%"
"2023-08-28","0.269","0.269","0.294","0.261","-0.44%"
"2023-08-27","0.270","0.295","0.295","0.269","-8.47%"
"2023-08-25","0.295","0.268","0.300","0.264","12.12%"
"2023-08-24","0.263","0.269","0.301","0.263","-4.33%"
"2023-08-23","0.275","0.273","0.308","0.270","-7.97%"
"2023-08-22","0.299","0.278","0.304","0.273","-0.83%"
"2023-08-21","0.301","0.271","0.303","0.269","11.59%"
"2023-08-20","0.270","0.291","0.291","0.269","-7.31%"
"2023-08-18","0.291","0.273","0.301","0.267","5.43%"
"2023-08-17","0.276","0.263","0.306","0.263","6.27%"
"2023-08-16","0.260","0.260","0.287","0.258","-1.66%"
"2023-08-15","0.264","0.254","0.289","0.251","-5.16%"
"2023-08-14","0.279","0.246","0.279","0.245","13.80%"
"2023-08-13","0.245","0.233","0.260","0.233","-5.77%"
"2023-08-11","0.260","0.260","0.260","0.260","0.00%"
"2023-08-10","0.260","0.232","0.261","0.230","4.00%"
"2023-08-09","0.250","0.231","0.259","0.221","4.69%"
"2023-08-08","0.239","0.247","0.268","0.230","-1.04%"
"2023-08-07","0.241","0.250","0.278","0.234","-3.25%"
"2023-08-06","0.249","0.259","0.278","0.246","-10.13%"
"2023-08-04","0.278","0.264","0.287","0.255","5.71%"
"2023-08-03","0.262","0.241","0.296","0.241","13.20%"
"2023-08-02","0.232","0.215","0.266","0.215","-3.90%"
"2023-08-01","0.241","0.209","0.241","0.206","15.95%"
"2023-07-31","0.208","0.198","0.235","0.196","6.01%"
"2023-07-30","0.196","0.207","0.207","0.192","-5.40%"
"2023-07-29","0.207","0.207","0.207","0.207","0.00%"
"2023-07-28","0.207","0.188","0.211","0.175","17.70%"
"2023-07-27","0.176","0.157","0.205","0.147","14.63%"
"2023-07-26","0.154","0.149","0.174","0.146","2.53%"
"2023-07-25","0.150","0.157","0.174","0.147","-14.29%"
"2023-07-24","0.175","0.156","0.179","0.149","12.90%"
"2023-07-23","0.155","0.174","0.174","0.146","-10.77%"
"2023-07-21","0.174","0.179","0.194","0.136","3.33%"
"2023-07-20","0.168","0.167","0.195","0.160","0.00%"
"2023-07-19","0.168","0.168","0.198","0.166","-8.84%"
"2023-07-18","0.184","0.183","0.210","0.162","-8.40%"
"2023-07-17","0.201","0.201","0.201","0.177","0.00%"
"2023-07-16","0.201","0.201","0.201","0.201","0.00%"
"2023-07-14","0.201","0.177","0.207","0.174","3.87%"
"2023-07-13","0.194","0.179","0.196","0.166","7.67%"
"2023-07-12","0.180","0.176","0.206","0.173","-10.00%"
"2023-07-11","0.200","0.178","0.205","0.171","-3.61%"
"2023-07-10","0.207","0.184","0.210","0.146","12.53%"
"2023-07-09","0.184","0.176","0.200","0.176","-7.80%"
"2023-07-08","0.200","0.200","0.200","0.200","0.00%"
"2023-07-07","0.200","0.160","0.201","0.160","31.67%"
"2023-07-06","0.152","0.139","0.183","0.136","15.16%"
"2023-07-05","0.132","0.138","0.157","0.132","-16.94%"
"2023-07-04","0.159","0.146","0.164","0.136","-3.76%"
"2023-07-03","0.165","0.145","0.169","0.141","13.32%"
"2023-07-02","0.146","0.168","0.168","0.146","-1.69%"
"2023-07-01","0.148","0.148","0.148","0.148","-11.58%"
"2023-06-30","0.168","0.139","0.170","0.138","21.82%"
"2023-06-29","0.138","0.130","0.160","0.130","1.85%"
"2023-06-28","0.135","0.129","0.159","0.129","-7.72%"
"2023-06-27","0.146","0.112","0.146","0.112","8.37%"
"2023-06-26","0.135","0.119","0.141","0.111","-4.39%"
"2023-06-25","0.141","0.141","0.141","0.141","0.00%"
"2023-06-23","0.141","0.130","0.147","0.116","10.23%"
"2023-06-22","0.128","0.127","0.150","0.123","0.95%"
"2023-06-21","0.127","0.129","0.151","0.126","-16.13%"
"2023-06-20","0.151","0.138","0.157","0.126","-4.72%"
"2023-06-19","0.159","0.141","0.165","0.134","11.91%"
"2023-06-18","0.142","0.165","0.165","0.142","0.00%"
"2023-06-17","0.142","0.142","0.142","0.142","-14.00%"
"2023-06-16","0.165","0.154","0.171","0.129","11.86%"
"2023-06-15","0.147","0.145","0.176","0.143","-11.94%"
"2023-06-14","0.168","0.150","0.172","0.146","0.00%"
"2023-06-13","0.168","0.149","0.170","0.139","-3.57%"
"2023-06-12","0.174","0.151","0.177","0.147","14.35%"
"2023-06-11","0.152","0.153","0.177","0.152","-14.42%"
"2023-06-09","0.177","0.156","0.181","0.151","-2.74%"
"2023-06-08","0.183","0.156","0.185","0.151","19.20%"
"2023-06-07","0.153","0.151","0.180","0.147","-14.94%"
"2023-06-06","0.180","0.154","0.183","0.149","-2.07%"
"2023-06-05","0.184","0.152","0.185","0.151","22.05%"
"2023-06-04","0.151","0.146","0.176","0.146","-14.58%"
"2023-06-02","0.176","0.146","0.176","0.144","15.61%"
"2023-06-01","0.153","0.157","0.185","0.147","-18.14%"
"2023-05-31","0.186","0.157","0.188","0.152","-1.32%"
"2023-05-30","0.189","0.162","0.198","0.157","11.85%"
"2023-05-29","0.169","0.172","0.199","0.158","-1.46%"
"2023-05-28","0.171","0.169","0.200","0.169","-14.35%"
"2023-05-26","0.200","0.183","0.204","0.168","-0.65%"
"2023-05-25","0.201","0.162","0.205","0.162","23.88%"
"2023-05-24","0.162","0.164","0.194","0.161","-1.52%"
"2023-05-23","0.165","0.156","0.195","0.154","-11.43%"
"2023-05-22","0.186","0.156","0.186","0.150","18.74%"
"2023-05-21","0.157","0.185","0.185","0.157","-15.78%"
"2023-05-19","0.186","0.161","0.190","0.156","2.08%"
"2023-05-18","0.183","0.144","0.183","0.144","29.25%"
"2023-05-17","0.141","0.151","0.180","0.134","-22.12%"
"2023-05-16","0.181","0.159","0.185","0.146","-2.68%"
"2023-05-15","0.186","0.147","0.186","0.147","27.34%"
"2023-05-14","0.146","0.171","0.171","0.142","-14.59%"
"2023-05-13","0.171","0.171","0.171","0.171","0.00%"
"2023-05-12","0.171","0.144","0.171","0.134","0.76%"
"2023-05-11","0.170","0.149","0.175","0.143","-4.23%"
"2023-05-10","0.177","0.159","0.188","0.149","10.04%"
"2023-05-09","0.161","0.159","0.191","0.159","-11.03%"
"2023-05-08","0.181","0.158","0.183","0.151","15.11%"
"2023-05-07","0.157","0.159","0.183","0.156","-1.19%"
"2023-05-06","0.159","0.159","0.159","0.159","-12.66%"
"2023-05-05","0.183","0.183","0.183","0.183","0.00%"
"2023-05-04","0.183","0.183","0.183","0.183","0.00%"
"2023-05-03","0.183","0.183","0.183","0.183","0.00%"
"2023-05-02","0.183","0.161","0.189","0.156","16.76%"
"2023-05-01","0.156","0.150","0.179","0.149","5.04%"
"2023-04-30","0.149","0.145","0.179","0.144","-16.17%"
"2023-04-29","0.177","0.177","0.177","0.177","0.00%"
"2023-04-28","0.177","0.181","0.201","0.145","4.41%"
"2023-04-27","0.170","0.162","0.203","0.161","3.79%"
"2023-04-26","0.164","0.153","0.195","0.153","-0.73%"
"2023-04-25","0.165","0.162","0.196","0.149","-14.86%"
"2023-04-24","0.194","0.171","0.195","0.158","13.13%"
"2023-04-23","0.171","0.194","0.194","0.169","-11.61%"
"2023-04-21","0.194","0.172","0.199","0.160","-3.10%"
"2023-04-20","0.200","0.181","0.216","0.169","5.60%"
"2023-04-19","0.189","0.181","0.220","0.179","-9.81%"
"2023-04-18","0.210","0.191","0.221","0.181","-5.11%"
"2023-04-17","0.221","0.188","0.225","0.188","18.79%"
"2023-04-16","0.186","0.218","0.218","0.179","-14.34%"
"2023-04-14","0.218","0.176","0.218","0.176","7.41%"
"2023-04-13","0.203","0.168","0.204","0.166","17.80%"
"2023-04-12","0.172","0.181","0.209","0.167","-18.14%"
"2023-04-11","0.210","0.184","0.226","0.171","9.78%"
"2023-04-10","0.191","0.199","0.229","0.183","-3.14%"
"2023-04-09","0.198","0.195","0.229","0.195","0.97%"
"2023-04-08","0.196","0.196","0.196","0.196","0.00%"
"2023-04-07","0.196","0.195","0.198","0.189","-14.02%"
"2023-04-06","0.228","0.196","0.231","0.191","12.68%"
"2023-04-05","0.202","0.192","0.236","0.191","0.95%"
"2023-04-04","0.200","0.193","0.235","0.190","-13.98%"
"2023-04-03","0.233","0.199","0.237","0.192","17.36%"
"2023-04-02","0.198","0.235","0.235","0.198","0.61%"
"2023-04-01","0.197","0.197","0.197","0.197","-16.21%"
"2023-03-31","0.235","0.194","0.239","0.188","23.68%"
"2023-03-30","0.190","0.189","0.224","0.181","-9.52%"
"2023-03-29","0.210","0.176","0.216","0.166","-0.62%"
"2023-03-28","0.211","0.188","0.216","0.172","-1.72%"
"2023-03-27","0.215","0.161","0.218","0.161","33.29%"
"2023-03-26","0.161","0.194","0.194","0.153","-16.77%"
"2023-03-24","0.194","0.163","0.201","0.150","16.12%"
"2023-03-23","0.167","0.216","0.216","0.160","-7.94%"
"2023-03-22","0.181","0.177","0.219","0.149","3.60%"
"2023-03-21","0.175","0.165","0.200","0.165","0.00%"
"2023-03-20","0.175","0.169","0.209","0.127","2.58%"
"2023-03-19","0.171","0.209","0.209","0.159","-18.30%"
"2023-03-17","0.209","0.175","0.220","0.167","9.89%"
"2023-03-16","0.190","0.125","0.198","0.123","11.76%"
"2023-03-15","0.170","0.165","0.234","0.098","24.72%"
"2023-03-14","0.136","0.131","0.188","0.103","-24.82%"
"2023-03-13","0.181","0.247","0.294","0.106","-26.92%"
"2023-03-12","0.248","0.294","0.294","0.241","-4.13%"
"2023-03-11","0.259","0.259","0.259","0.259","-11.91%"
"2023-03-10","0.294","0.281","0.306","0.239","-11.32%"
"2023-03-09","0.331","0.262","0.339","0.262","25.59%"
"2023-03-08","0.264","0.272","0.308","0.262","-14.57%"
"2023-03-07","0.309","0.271","0.313","0.259","-1.56%"
"2023-03-06","0.314","0.268","0.314","0.266","17.53%"
"2023-03-05","0.267","0.311","0.311","0.266","0.72%"
"2023-03-03","0.265","0.274","0.321","0.264","-17.83%"
"2023-03-02","0.322","0.277","0.324","0.273","17.53%"
"2023-03-01","0.274","0.274","0.324","0.266","-1.12%"
"2023-02-28","0.278","0.282","0.335","0.271","-17.48%"
"2023-02-27","0.336","0.286","0.336","0.283","17.22%"
"2023-02-26","0.287","0.284","0.335","0.284","-14.36%"
"2023-02-25","0.335","0.335","0.335","0.335","0.00%"
"2023-02-24","0.335","0.294","0.343","0.284","12.12%"
"2023-02-23","0.299","0.299","0.299","0.294","0.00%"
"2023-02-22","0.299","0.308","0.349","0.292","-14.63%"
"2023-02-21","0.350","0.292","0.350","0.289","20.15%"
"2023-02-20","0.291","0.287","0.344","0.286","1.53%"
"2023-02-19","0.287","0.344","0.344","0.285","0.67%"
"2023-02-17","0.285","0.344","0.344","0.344","0.00%"
"2023-02-16","0.285","0.289","0.333","0.282","-14.29%"
"2023-02-15","0.333","0.288","0.333","0.276","1.13%"
"2023-02-14","0.329","0.285","0.331","0.278","-1.50%"
"2023-02-13","0.334","0.316","0.360","0.283","6.17%"
"2023-02-12","0.314","0.317","0.360","0.314","-12.98%"
"2023-02-10","0.361","0.336","0.365","0.300","21.45%"
"2023-02-09","0.298","0.290","0.340","0.290","1.50%"
"2023-02-08","0.293","0.293","0.338","0.289","-0.24%"
"2023-02-07","0.294","0.306","0.340","0.294","-13.92%"
"2023-02-06","0.341","0.282","0.341","0.281","20.81%"
"2023-02-05","0.282","0.327","0.327","0.275","-13.74%"
"2023-02-03","0.327","0.271","0.327","0.270","16.42%"
"2023-02-02","0.281","0.278","0.333","0.269","-2.36%"
"2023-02-01","0.288","0.289","0.334","0.275","-13.69%"
"2023-01-31","0.334","0.296","0.339","0.281","-1.82%"
"2023-01-30","0.340","0.296","0.340","0.281","15.25%"
"2023-01-29","0.295","0.330","0.330","0.295","-10.61%"
"2023-01-28","0.330","0.330","0.330","0.330","8.41%"
"2023-01-27","0.304","0.305","0.330","0.285","10.69%"
"2023-01-26","0.275","0.275","0.304","0.268","0.70%"
"2023-01-25","0.273","0.261","0.301","0.260","-7.42%"
"2023-01-24","0.295","0.263","0.296","0.260","-0.44%"
"2023-01-23","0.296","0.265","0.296","0.251","12.07%"
"2023-01-22","0.264","0.295","0.295","0.261","-10.37%"
"2023-01-20","0.295","0.268","0.295","0.251","0.00%"
"2023-01-19","0.295","0.262","0.300","0.231","-2.90%"
"2023-01-18","0.304","0.320","0.635","0.222","-12.58%"
"2023-01-17","0.347","0.348","0.371","0.314","-6.71%"
"2023-01-16","0.373","0.378","0.429","0.325","-1.48%"
"2023-01-15","0.378","0.429","0.429","0.377","-0.16%"
"2023-01-14","0.379","0.379","0.379","0.379","-11.93%"
"2023-01-13","0.430","0.404","0.444","0.369","-3.65%"
"2023-01-12","0.446","0.359","0.450","0.354","28.65%"
"2023-01-11","0.347","0.352","0.400","0.340","-13.81%"
"2023-01-10","0.403","0.318","0.405","0.318","12.97%"
"2023-01-09","0.356","0.323","0.356","0.317","0.00%"
"2023-01-08","0.356","0.356","0.356","0.356","0.00%"
"2023-01-06","0.356","0.369","0.405","0.314","-12.31%"
"2023-01-05","0.406","0.419","0.452","0.369","-10.47%"
"2023-01-04","0.454","0.399","0.456","0.396","15.06%"
"2023-01-03","0.394","0.394","0.401","0.394","-8.56%"
"2023-01-02","0.431","0.431","0.431","0.431","0.00%"
"2023-01-01","0.431","0.431","0.431","0.431","0.00%"
"2022-12-30","0.431","0.407","0.439","0.392","-1.98%"
"2022-12-29","0.440","0.404","0.446","0.399","10.69%"
"2022-12-28","0.398","0.405","0.438","0.396","-1.09%"
"2022-12-27","0.402","0.395","0.411","0.395","1.59%"
"2022-12-26","0.396","0.393","0.429","0.375","0.46%"
"2022-12-25","0.394","0.395","0.429","0.394","-0.46%"
"2022-12-23","0.396","0.374","0.435","0.374","8.00%"
"2022-12-22","0.366","0.398","0.424","0.361","-13.81%"
"2022-12-21","0.425","0.344","0.445","0.344","14.46%"
"2022-12-20","0.371","0.251","0.386","0.246","48.16%"
"2022-12-19","0.251","0.242","0.274","0.241","3.34%"
"2022-12-18","0.243","0.252","0.252","0.236","-3.96%"
"2022-12-16","0.252","0.240","0.260","0.232","4.95%"
"2022-12-15","0.241","0.224","0.261","0.224","9.96%"
"2022-12-14","0.219","0.216","0.244","0.216","-6.42%"
"2022-12-13","0.234","0.226","0.245","0.216","-5.54%"
"2022-12-12","0.248","0.229","0.248","0.222","8.51%"
"2022-12-11","0.228","0.222","0.240","0.222","2.79%"
"2022-12-10","0.222","0.222","0.222","0.222","-7.54%"
"2022-12-09","0.240","0.227","0.246","0.221","-3.03%"
"2022-12-08","0.248","0.222","0.252","0.220","7.00%"
"2022-12-07","0.231","0.233","0.256","0.219","-10.63%"
"2022-12-06","0.259","0.224","0.264","0.223","6.15%"
"2022-12-05","0.244","0.214","0.244","0.213","15.05%"
"2022-12-04","0.212","0.243","0.243","0.212","-12.62%"
"2022-12-02","0.243","0.207","0.243","0.206","2.11%"
"2022-12-01","0.237","0.211","0.237","0.204","-1.57%"
"2022-11-30","0.241","0.211","0.243","0.210","6.07%"
"2022-11-29","0.228","0.229","0.231","0.203","0.00%"
"2022-11-28","0.228","0.207","0.230","0.205","-1.09%"
"2022-11-27","0.230","0.230","0.230","0.230","0.00%"
"2022-11-25","0.230","0.195","0.230","0.194","8.24%"
"2022-11-24","0.213","0.183","0.213","0.181","14.49%"
"2022-11-23","0.186","0.186","0.186","0.181","-11.11%"
"2022-11-22","0.209","0.183","0.210","0.183","3.73%"
"2022-11-21","0.201","0.199","0.204","0.177","11.03%"
"2022-11-20","0.181","0.198","0.198","0.180","-8.20%"
"2022-11-18","0.198","0.168","0.201","0.168","25.40%"
"2022-11-17","0.157","0.144","0.179","0.144","-8.06%"
"2022-11-16","0.171","0.153","0.176","0.145","-2.11%"
"2022-11-15","0.175","0.166","0.189","0.153","-7.89%"
"2022-11-14","0.190","0.177","0.195","0.157","7.77%"
"2022-11-13","0.176","0.176","0.176","0.176","13.30%"
"2022-11-12","0.156","0.156","0.156","0.156","-11.74%"
"2022-11-11","0.176","0.196","0.196","0.148","-10.73%"
"2022-11-10","0.198","0.182","0.216","0.139","3.24%"
"2022-11-09","0.191","0.194","0.229","0.183","-16.83%"
"2022-11-08","0.230","0.208","0.233","0.190","10.15%"
"2022-11-07","0.209","0.209","0.240","0.204","-0.29%"
"2022-11-06","0.209","0.211","0.240","0.209","-12.75%"
"2022-11-04","0.240","0.204","0.240","0.190","35.21%"
"2022-11-03","0.177","0.179","0.189","0.179","-13.41%"
"2022-11-02","0.205","0.175","0.207","0.174","2.50%"
"2022-11-01","0.200","0.168","0.201","0.166","17.65%"
"2022-10-31","0.170","0.190","0.198","0.159","2.66%"
"2022-10-30","0.166","0.161","0.189","0.161","3.11%"
"2022-10-29","0.161","0.161","0.161","0.161","-14.94%"
"2022-10-28","0.189","0.157","0.189","0.151","0.00%"
"2022-10-27","0.189","0.180","0.209","0.152","3.11%"
"2022-10-26","0.183","0.194","0.228","0.172","-19.97%"
"2022-10-25","0.229","0.226","0.251","0.193","1.42%"
"2022-10-24","0.226","0.239","0.270","0.215","-6.23%"
"2022-10-23","0.241","0.270","0.270","0.241","-10.89%"
"2022-10-21","0.270","0.211","0.271","0.211","28.21%"
"2022-10-20","0.211","0.204","0.240","0.203","-6.94%"
"2022-10-19","0.226","0.198","0.228","0.192","-1.09%"
"2022-10-18","0.229","0.196","0.230","0.195","17.70%"
"2022-10-17","0.194","0.178","0.222","0.178","9.89%"
"2022-10-16","0.177","0.172","0.201","0.172","2.91%"
"2022-10-15","0.172","0.172","0.172","0.172","-14.05%"
"2022-10-14","0.200","0.176","0.209","0.168","-4.76%"
"2022-10-13","0.210","0.176","0.214","0.173","20.00%"
"2022-10-12","0.175","0.176","0.204","0.172","-0.74%"
"2022-10-11","0.176","0.173","0.207","0.126","-7.84%"
"2022-10-10","0.191","0.191","0.191","0.165","0.00%"
"2022-10-09","0.191","0.191","0.191","0.191","16.36%"
"2022-10-07","0.164","0.168","0.191","0.159","-11.76%"
"2022-10-06","0.186","0.159","0.188","0.153","2.76%"
"2022-10-05","0.181","0.153","0.181","0.149","22.42%"
"2022-10-04","0.148","0.158","0.188","0.146","-16.00%"
"2022-10-03","0.176","0.178","0.204","0.155","-1.73%"
"2022-10-02","0.179","0.201","0.203","0.179","0.73%"
"2022-10-01","0.178","0.178","0.178","0.178","0.00%"
"2022-09-30","0.178","0.184","0.209","0.177","-15.19%"
"2022-09-29","0.210","0.181","0.221","0.179","2.14%"
"2022-09-28","0.206","0.201","0.231","0.179","-8.62%"
"2022-09-27","0.225","0.192","0.234","0.192","5.24%"
"2022-09-26","0.214","0.167","0.215","0.167","29.58%"
"2022-09-25","0.165","0.183","0.184","0.144","15.30%"
"2022-09-24","0.143","0.143","0.143","0.143","0.00%"
"2022-09-23","0.143","0.143","0.143","0.143","-21.59%"
"2022-09-22","0.183","0.172","0.203","0.141","6.54%"
"2022-09-21","0.171","0.183","0.213","0.165","-19.88%"
"2022-09-20","0.214","0.166","0.214","0.162","11.06%"
"2022-09-19","0.192","0.192","0.192","0.167","0.00%"
"2022-09-18","0.192","0.192","0.192","0.192","15.75%"
"2022-09-16","0.166","0.156","0.194","0.155","-10.74%"
"2022-09-15","0.186","0.146","0.188","0.146","3.50%"
"2022-09-14","0.180","0.151","0.184","0.144","6.64%"
"2022-09-13","0.169","0.141","0.169","0.133","0.00%"
"2022-09-12","0.169","0.147","0.174","0.138","15.38%"
"2022-09-11","0.146","0.172","0.174","0.146","-15.77%"
"2022-09-09","0.174","0.159","0.180","0.146","-5.50%"
"2022-09-08","0.184","0.154","0.186","0.146","-1.97%"
"2022-09-07","0.188","0.162","0.192","0.151","6.35%"
"2022-09-06","0.176","0.134","0.176","0.130","31.18%"
"2022-09-05","0.134","0.133","0.160","0.129","0.00%"
"2022-09-04","0.134","0.157","0.159","0.132","-14.67%"
"2022-09-03","0.157","0.157","0.157","0.157","0.00%"
"2022-09-02","0.157","0.131","0.165","0.130","21.72%"
"2022-09-01","0.129","0.122","0.154","0.120","10.13%"
"2022-08-31","0.117","0.116","0.147","0.115","1.03%"
"2022-08-30","0.116","0.131","0.150","0.116","-15.79%"
"2022-08-29","0.138","0.121","0.140","0.120","17.53%"
"2022-08-28","0.117","0.139","0.139","0.113","5.00%"
"2022-08-27","0.112","0.112","0.112","0.112","-19.38%"
"2022-08-26","0.139","0.106","0.141","0.104","0.95%"
"2022-08-25","0.138","0.120","0.140","0.103","23.54%"
"2022-08-24","0.111","0.111","0.139","0.102","5.40%"
"2022-08-23","0.106","0.116","0.131","0.104","-4.52%"
"2022-08-22","0.111","0.110","0.134","0.107","0.00%"
"2022-08-21","0.111","0.130","0.130","0.105","-14.92%"
"2022-08-20","0.130","0.130","0.130","0.130","0.00%"
"2022-08-19","0.130","0.095","0.130","0.094","11.78%"
"2022-08-18","0.116","0.098","0.120","0.091","-2.10%"
"2022-08-17","0.119","0.089","0.121","0.086","38.79%"
"2022-08-16","0.086","0.083","0.110","0.081","-1.50%"
"2022-08-15","0.087","0.086","0.114","0.080","0.00%"
"2022-08-14","0.087","0.112","0.114","0.086","-6.05%"
"2022-08-12","0.093","0.086","0.114","0.084","-7.50%"
"2022-08-11","0.100","0.083","0.087","0.083","0.00%"
"2022-08-10","0.100","0.065","0.106","0.065","50.83%"
"2022-08-09","0.066","0.066","0.086","0.063","0.00%"
"2022-08-08","0.066","0.069","0.091","0.066","-2.64%"
"2022-08-07","0.068","0.089","0.090","0.066","7.92%"
"2022-08-05","0.063","0.059","0.089","0.057","0.00%"
"2022-08-04","0.063","0.062","0.085","0.058","-26.80%"
"2022-08-03","0.086","0.066","0.086","0.061","55.04%"
"2022-08-02","0.056","0.057","0.080","0.052","-32.61%"
"2022-08-01","0.083","0.069","0.089","0.058","21.15%"
"2022-07-31","0.068","0.089","0.089","0.068","0.89%"
"2022-07-30","0.068","0.068","0.068","0.068","-23.99%"
"2022-07-29","0.089","0.068","0.095","0.059","-8.92%"
"2022-07-28","0.097","0.085","0.114","0.066","12.20%"
"2022-07-27","0.087","0.082","0.121","0.082","-22.76%"
"2022-07-26","0.112","0.087","0.116","0.082","-4.26%"
"2022-07-25","0.117","0.080","0.121","0.074","47.98%"
"2022-07-24","0.079","0.110","0.111","0.079","-27.82%"
"2022-07-22","0.110","0.110","0.154","0.087","-29.62%"
"2022-07-21","0.156","0.127","0.162","0.111","25.04%"
"2022-07-20","0.125","0.134","0.162","0.125","-5.23%"
"2022-07-19","0.132","0.130","0.164","0.126","-19.47%"
"2022-07-18","0.164","0.164","0.164","0.129","0.00%"
"2022-07-17","0.164","0.164","0.164","0.164","0.00%"
"2022-07-15","0.164","0.134","0.166","0.126","0.80%"
"2022-07-14","0.162","0.119","0.164","0.117","36.78%"
"2022-07-13","0.119","0.118","0.151","0.117","-16.63%"
"2022-07-12","0.142","0.121","0.147","0.114","-5.82%"
"2022-07-11","0.151","0.123","0.157","0.121","24.12%"
"2022-07-10","0.122","0.142","0.144","0.119","-14.46%"
"2022-07-08","0.142","0.105","0.142","0.104","37.28%"
"2022-07-07","0.104","0.099","0.129","0.088","8.58%"
"2022-07-06","0.096","0.106","0.135","0.096","-29.86%"
"2022-07-05","0.136","0.117","0.146","0.107","-7.59%"
"2022-07-04","0.147","0.106","0.149","0.102","37.98%"
"2022-07-03","0.107","0.140","0.141","0.107","-23.64%"
"2022-07-01","0.140","0.126","0.157","0.116","6.63%"
"2022-06-30","0.131","0.149","0.179","0.127","-11.76%"
"2022-06-29","0.149","0.154","0.184","0.145","-4.00%"
"2022-06-28","0.155","0.154","0.185","0.147","5.51%"
"2022-06-27","0.147","0.136","0.179","0.128","8.81%"
"2022-06-26","0.135","0.133","0.156","0.133","-13.63%"
"2022-06-24","0.156","0.147","0.172","0.124","3.78%"
"2022-06-23","0.151","0.179","0.205","0.146","-17.75%"
"2022-06-22","0.183","0.181","0.214","0.180","3.86%"
"2022-06-21","0.176","0.184","0.211","0.176","-2.76%"
"2022-06-20","0.181","0.181","0.213","0.178","-0.33%"
"2022-06-19","0.182","0.189","0.213","0.181","-3.30%"
"2022-06-18","0.188","0.188","0.188","0.188","-10.98%"
"2022-06-17","0.211","0.241","0.281","0.184","-17.94%"
"2022-06-16","0.257","0.229","0.291","0.196","-2.39%"
"2022-06-15","0.264","0.211","0.296","0.207","5.02%"
"2022-06-14","0.251","0.198","0.251","0.198","27.97%"
"2022-06-13","0.196","0.122","0.196","0.114","60.24%"
"2022-06-12","0.123","0.142","0.142","0.111","-14.04%"
"2022-06-10","0.142","0.092","0.142","0.092","58.33%"
"2022-06-09","0.090","0.084","0.123","0.079","11.66%"
"2022-06-08","0.081","0.072","0.105","0.072","-15.16%"
"2022-06-07","0.095","0.069","0.099","0.069","40.74%"
"2022-06-06","0.068","0.067","0.104","0.062","1.81%"
"2022-06-05","0.066","0.104","0.104","0.061","9.41%"
"2022-06-04","0.061","0.061","0.061","0.061","0.00%"
"2022-06-03","0.061","0.074","0.076","0.055","-19.84%"
"2022-06-02","0.076","0.085","0.087","0.070","-11.06%"
"2022-06-01","0.085","0.094","0.110","0.083","-22.73%"
"2022-05-31","0.110","0.082","0.111","0.081","11.34%"
"2022-05-30","0.099","0.076","0.101","0.076","31.73%"
"2022-05-29","0.075","0.078","0.078","0.073","-20.04%"
"2022-05-28","0.094","0.079","0.094","0.079","0.00%"
"2022-05-27","0.094","0.081","0.096","0.075","20.10%"
"2022-05-26","0.078","0.069","0.099","0.068","11.57%"
"2022-05-25","0.070","0.076","0.096","0.065","-28.21%"
"2022-05-24","0.097","0.093","0.114","0.076","2.63%"
"2022-05-23","0.095","0.095","0.119","0.093","0.64%"
"2022-05-22","0.094","0.116","0.117","0.094","-18.83%"
"2022-05-21","0.116","0.096","0.116","0.096","0.00%"
"2022-05-20","0.116","0.106","0.123","0.094","11.40%"
"2022-05-19","0.104","0.107","0.125","0.104","-2.88%"
"2022-05-18","0.108","0.111","0.130","0.099","-18.13%"
"2022-05-17","0.131","0.107","0.131","0.107","2.98%"
"2022-05-16","0.127","0.108","0.130","0.106","16.54%"
"2022-05-15","0.109","0.127","0.129","0.109","0.55%"
"2022-05-14","0.109","0.109","0.109","0.109","0.00%"
"2022-05-13","0.109","0.111","0.129","0.108","-3.29%"
"2022-05-12","0.112","0.122","0.147","0.111","-9.13%"
"2022-05-11","0.124","0.127","0.150","0.123","-15.38%"
"2022-05-10","0.146","0.129","0.151","0.126","-4.07%"
"2022-05-09","0.153","0.129","0.154","0.129","20.74%"
"2022-05-08","0.126","0.138","0.139","0.126","-8.15%"
"2022-05-07","0.138","0.125","0.138","0.125","0.00%"
"2022-05-06","0.138","0.113","0.138","0.111","25.00%"
"2022-05-05","0.110","0.111","0.120","0.110","-9.32%"
"2022-05-04","0.121","0.121","0.121","0.121","0.00%"
"2022-05-03","0.121","0.121","0.121","0.121","10.27%"
"2022-05-02","0.110","0.109","0.113","0.108","2.33%"
"2022-05-01","0.108","0.106","0.123","0.106","-12.24%"
"2022-04-30","0.123","0.123","0.123","0.123","0.00%"
"2022-04-29","0.123","0.123","0.123","0.123","0.00%"
"2022-04-28","0.123","0.116","0.124","0.100","6.52%"
"2022-04-27","0.115","0.109","0.126","0.105","2.77%"
"2022-04-26","0.112","0.113","0.126","0.108","-8.65%"
"2022-04-25","0.123","0.114","0.130","0.111","5.33%"
"2022-04-24","0.116","0.118","0.130","0.114","-9.70%"
"2022-04-23","0.129","0.117","0.129","0.117","0.00%"
"2022-04-22","0.129","0.124","0.142","0.116","5.66%"
"2022-04-21","0.122","0.102","0.135","0.100","18.93%"
"2022-04-20","0.102","0.104","0.114","0.100","0.00%"
"2022-04-19","0.102","0.094","0.102","0.092","8.58%"
"2022-04-18","0.094","0.099","0.100","0.094","-5.60%"
"2022-04-17","0.100","0.099","0.100","0.099","1.21%"
"2022-04-16","0.099","0.099","0.099","0.099","0.00%"
"2022-04-15","0.099","0.095","0.099","0.094","0.00%"
"2022-04-14","0.099","0.104","0.109","0.088","-9.19%"
"2022-04-13","0.109","0.104","0.114","0.104","-1.09%"
"2022-04-12","0.110","0.107","0.117","0.101","0.55%"
"2022-04-11","0.109","0.101","0.115","0.101","5.39%"
"2022-04-10","0.104","0.104","0.104","0.104","0.00%"
"2022-04-09","0.104","0.101","0.104","0.101","0.00%"
"2022-04-08","0.104","0.099","0.106","0.095","5.81%"
"2022-04-07","0.098","0.097","0.106","0.096","-3.73%"
"2022-04-06","0.102","0.097","0.111","0.094","13.22%"
"2022-04-05","0.090","0.081","0.101","0.079","2.86%"
"2022-04-04","0.087","0.091","0.099","0.083","-4.79%"
"2022-04-03","0.092","0.099","0.099","0.092","-0.65%"
"2022-04-01","0.093","0.073","0.099","0.072","28.65%"
"2022-03-31","0.072","0.104","0.111","0.066","-33.12%"
"2022-03-30","0.108","0.113","0.135","0.095","-14.00%"
"2022-03-29","0.125","0.108","0.134","0.099","9.84%"
"2022-03-28","0.114","0.096","0.121","0.096","19.04%"
"2022-03-27","0.096","0.099","0.099","0.091","-3.24%"
"2022-03-26","0.099","0.093","0.099","0.093","-11.23%"
"2022-03-25","0.111","0.093","0.111","0.091","25.34%"
"2022-03-24","0.089","0.088","0.105","0.086","3.02%"
"2022-03-23","0.086","0.087","0.104","0.085","-14.74%"
"2022-03-22","0.101","0.081","0.101","0.079","15.54%"
"2022-03-21","0.087","0.078","0.087","0.078","12.90%"
"2022-03-20","0.078","0.078","0.078","0.078","0.78%"
"2022-03-19","0.077","0.077","0.077","0.077","-0.77%"
"2022-03-18","0.078","0.080","0.089","0.072","-1.65%"
"2022-03-17","0.079","0.073","0.090","0.071","5.91%"
"2022-03-16","0.074","0.074","0.093","0.064","-0.80%"
"2022-03-15","0.075","0.071","0.084","0.064","-7.64%"
"2022-03-14","0.081","0.063","0.081","0.059","31.18%"
"2022-03-13","0.062","0.059","0.063","0.059","5.27%"
"2022-03-12","0.059","0.058","0.059","0.058","-16.00%"
"2022-03-11","0.070","0.057","0.072","0.056","33.33%"
"2022-03-10","0.052","0.051","0.071","0.046","9.15%"
"2022-03-09","0.048","0.049","0.061","0.044","3.89%"
"2022-03-08","0.046","0.043","0.061","0.039","8.94%"
"2022-03-07","0.043","0.034","0.055","0.032","21.43%"
"2022-03-06","0.035","0.038","0.043","0.032","-6.67%"
"2022-03-05","0.038","0.038","0.038","0.038","0.00%"
"2022-03-04","0.038","0.051","0.061","0.033","-38.73%"
"2022-03-03","0.061","0.042","0.063","0.039","63.20%"
"2022-03-02","0.038","0.035","0.047","0.027","-19.01%"
"2022-03-01","0.046","0.056","0.065","0.028","-31.41%"
"2022-02-28","0.068","0.061","0.080","0.051","9.05%"
"2022-02-27","0.062","0.064","0.069","0.061","-10.03%"
"2022-02-26","0.069","0.069","0.069","0.069","-14.11%"
"2022-02-25","0.080","0.061","0.084","0.058","37.87%"
"2022-02-24","0.058","0.063","0.072","0.052","-2.19%"
"2022-02-23","0.059","0.059","0.064","0.059","-6.90%"
"2022-02-22","0.064","0.072","0.079","0.056","-21.62%"
"2022-02-21","0.081","0.074","0.085","0.068","11.35%"
"2022-02-20","0.073","0.079","0.079","0.069","-4.19%"
"2022-02-19","0.076","0.076","0.076","0.076","0.00%"
"2022-02-18","0.076","0.084","0.093","0.076","-10.86%"
"2022-02-17","0.086","0.084","0.099","0.081","-12.30%"
"2022-02-16","0.098","0.086","0.099","0.081","0.00%"
"2022-02-15","0.098","0.074","0.099","0.074","9.91%"
"2022-02-14","0.089","0.069","0.089","0.068","-10.12%"
"2022-02-11","0.099","0.095","0.101","0.095","8.21%"
"2022-02-10","0.091","0.069","0.093","0.064","39.18%"
"2022-02-09","0.066","0.086","0.086","0.065","-23.36%"
"2022-02-08","0.086","0.081","0.100","0.080","-4.99%"
"2022-02-07","0.090","0.064","0.090","-0.001","37.35%"
"2022-02-06","0.066","-0.001","0.069","-0.001","-5,146.15%"
"2022-02-05","-0.001","0.058","0.058","-0.001","-101.60%"
"2022-02-04","0.081","0.049","0.081","0.049","96.61%"
"2022-02-03","0.041","0.041","0.059","0.040","-19.18%"
"2022-02-02","0.051","0.052","0.054","0.051","-8.91%"
"2022-02-01","0.056","0.057","0.059","0.056","9.78%"
"2022-01-31","0.051","0.051","0.051","0.051","0.00%"
"2022-01-28","0.051","0.050","0.052","0.050","5.14%"
"2022-01-27","0.049","0.049","0.050","0.049","76.73%"
"2022-01-26","0.027","0.027","0.027","0.027","-2,215.38%"
"2022-01-25","-0.001","-0.001","-0.001","-0.001","0.00%"
"2022-01-24","-0.001","-0.001","-0.001","-0.001","0.00%"
"2022-01-23","-0.001","-0.001","-0.001","-0.001","-104.73%"
"2022-01-22","0.027","0.027","0.027","0.027","-33.09%"
"2022-01-21","0.041","0.040","0.042","0.040","-5.52%"
"2022-01-20","0.043","0.027","0.043","0.027","2.84%"
"2022-01-19","0.042","0.038","0.044","0.027","0.00%"
"2022-01-18","0.042","0.041","0.043","0.041","-3,346.15%"
"2022-01-17","-0.001","-0.001","-0.001","-0.001","0.00%"
"2022-01-16","-0.001","-0.001","-0.001","-0.001","-102.90%"
"2022-01-14","0.045","0.042","0.046","0.041","64.71%"
"2022-01-13","0.027","0.027","0.027","0.025","0.00%"
"2022-01-12","0.027","0.027","0.027","0.027","-11.00%"
"2022-01-11","0.031","0.031","0.031","0.031","0.00%"
"2022-01-10","0.031","0.031","0.031","0.031","0.00%"
"2022-01-07","0.031","0.019","0.039","0.015","39.19%"
"2022-01-06","0.022","0.018","0.022","0.016","48.00%"
"2022-01-05","0.015","0.006","0.027","0.006","0.00%"
"2022-01-04","0.015","0.014","0.015","0.006","-688.00%"
"2022-01-03","-0.002","-0.001","0.006","-0.002","92.31%"
"2022-01-02","-0.001","-0.001","-0.001","-0.001","0.00%"
"2022-01-01","-0.001","-0.001","-0.001","-0.001","-48.00%"
"2021-12-31","-0.002","-0.002","-0.002","-0.002","0.00%"
"2021-12-30","-0.002","-0.003","0.007","-0.013","-34.21%"
"2021-12-29","-0.004","-0.006","-0.004","-0.016","-24.00%"
"2021-12-28","-0.005","-0.007","-0.004","-0.007","-33.33%"
"2021-12-27","-0.007","-0.007","-0.006","-0.018","-7.41%"
"2021-12-26","-0.008","-0.018","-0.007","-0.018","-53.71%"
"2021-12-25","-0.018","-0.018","-0.018","-0.018","153.62%"
"2021-12-24","-0.007","-0.006","-0.004","-0.007","-60.57%"
"2021-12-23","-0.018","-0.007","-0.004","-0.018","133.33%"
"2021-12-22","-0.007","-0.008","-0.005","-0.018","-60.11%"
"2021-12-21","-0.019","-0.013","-0.010","-0.023","-24.80%"
"2021-12-20","-0.025","-0.024","-0.014","-0.025","66.67%"
"2021-12-19","-0.015","-0.024","-0.015","-0.024","-36.97%"
"2021-12-18","-0.024","-0.024","-0.024","-0.024","46.01%"
"2021-12-17","-0.016","-0.016","-0.014","-0.016","0.00%"
"2021-12-16","-0.016","-0.013","-0.012","-0.017","18.12%"
"2021-12-15","-0.014","-0.013","-0.013","-0.024","-38.67%"
"2021-12-14","-0.023","-0.015","-0.011","-0.024","63.04%"
"2021-12-13","-0.014","-0.013","-0.011","-0.024","15.97%"
"2021-12-12","-0.012","-0.019","-0.011","-0.019","-36.70%"
"2021-12-11","-0.019","-0.010","-0.010","-0.019","66.37%"
"2021-12-10","-0.011","-0.013","-0.008","-0.021","-13.74%"
"2021-12-09","-0.013","-0.007","-0.007","-0.023","-5.07%"
"2021-12-08","-0.014","-0.009","-0.007","-0.023","22.12%"
"2021-12-07","-0.011","-0.011","-0.008","-0.023","-21.53%"
"2021-12-06","-0.014","-0.017","-0.011","-0.024","-7.69%"
"2021-12-05","-0.016","-0.024","-0.015","-0.024","-4.29%"
"2021-12-03","-0.016","-0.016","-0.007","-0.024","18.12%"
"2021-12-02","-0.014","-0.015","-0.010","-0.024","-31.00%"
"2021-12-01","-0.020","-0.014","-0.012","-0.025","44.93%"
"2021-11-30","-0.014","-0.009","-0.009","-0.026","84.00%"
"2021-11-29","-0.007","-0.005","-0.005","-0.018","33.93%"
"2021-11-28","-0.006","-0.016","-0.004","-0.016","-65.64%"
"2021-11-27","-0.016","-0.007","-0.007","-0.016","158.73%"
"2021-11-26","-0.006","-0.003","-0.003","-0.018","384.62%"
"2021-11-25","-0.001","-0.003","-0.001","-0.005","0.00%"
"2021-11-24","-0.001","0.002","0.002","-0.014","-65.79%"
"2021-11-23","-0.004","-0.004","0.004","-0.005","-24.00%"
"2021-11-22","-0.005","-0.009","-0.005","-0.015","-33.33%"
"2021-11-21","-0.007","-0.014","-0.002","-0.014","-45.65%"
"2021-11-20","-0.014","-0.014","-0.014","-0.014","0.00%"
"2021-11-19","-0.014","-0.002","-0.001","-0.014","22.12%"
"2021-11-18","-0.011","-0.002","0.003","-0.011","197.37%"
"2021-11-17","-0.004","0.001","0.001","-0.013","0.00%"
"2021-11-16","-0.004","0.001","0.003","-0.013","52.00%"
"2021-11-15","-0.002","0.001","0.003","-0.013","-231.58%"
"2021-11-14","0.002","-0.009","0.002","-0.009","-121.59%"
"2021-11-13","-0.009","0.002","0.002","-0.009","-452.00%"
"2021-11-12","0.002","-0.003","0.004","-0.013","-165.79%"
"2021-11-11","-0.004","-0.004","-0.001","-0.015","-69.60%"
"2021-11-10","-0.013","-0.007","-0.004","-0.023","25.00%"
"2021-11-09","-0.010","-0.006","-0.006","-0.018","33.33%"
"2021-11-08","-0.007","-0.011","-0.006","-0.021","-29.25%"
"2021-11-07","-0.011","-0.020","-0.010","-0.020","-47.00%"
"2021-11-06","-0.020","-0.020","-0.020","-0.020","0.00%"
"2021-11-05","-0.020","0.002","0.005","-0.020","-500.00%"
"2021-11-04","0.005","0.011","0.011","-0.004","-50.00%"
"2021-11-03","0.010","0.011","0.011","0.010","0.00%"
"2021-11-02","0.010","0.016","0.018","0.001","-46.81%"
"2021-11-01","0.019","0.014","0.021","0.005","36.23%"
"2021-10-31","0.014","0.013","0.014","0.013","-15.34%"
"2021-10-29","0.016","0.014","0.016","0.004","-6.86%"
"2021-10-28","0.018","0.012","0.018","0.001","26.81%"
"2021-10-27","0.014","0.013","0.016","0.002","0.00%"
"2021-10-26","0.014","0.012","0.016","0.005","263.16%"
"2021-10-25","0.004","0.010","0.015","0.002","-59.57%"
"2021-10-24","0.009","0.002","0.009","0.002","276.00%"
"2021-10-22","0.002","0.011","0.013","0.001","-71.59%"
"2021-10-21","0.009","0.008","0.014","-0.002","17.33%"
"2021-10-20","0.007","0.009","0.012","-0.002","0.00%"
"2021-10-19","0.007","0.005","0.010","-0.006","0.00%"
"2021-10-18","0.007","0.001","0.009","-0.010","-175.00%"
"2021-10-17","-0.010","-0.002","-0.002","-0.010","426.32%"
"2021-10-16","-0.002","-0.002","-0.002","-0.002","46.15%"
"2021-10-15","-0.001","-0.002","-0.001","-0.011","-48.00%"
"2021-10-14","-0.002","-0.001","-0.001","-0.013","-292.31%"
"2021-10-13","0.001","0.002","0.006","-0.009","-58.06%"
"2021-10-12","0.003","0.006","0.006","-0.007","-38.00%"
"2021-10-11","0.005","0.003","0.008","-0.009","-156.82%"
"2021-10-10","-0.009","-0.009","-0.009","-0.009","-452.00%"
"2021-10-09","0.002","0.002","0.002","0.002","-34.21%"
"2021-10-08","0.004","0.002","0.004","-0.015","-127.54%"
"2021-10-07","-0.014","-0.002","0.004","-0.016","961.54%"
"2021-10-06","-0.001","-0.002","0.002","-0.015","-76.79%"
"2021-10-05","-0.006","-0.008","-0.001","-0.016","-25.33%"
"2021-10-04","-0.007","-0.011","-0.007","-0.021","-20.21%"
"2021-10-03","-0.009","-0.008","-0.008","-0.019","-50.00%"
"2021-10-02","-0.019","-0.008","-0.008","-0.019","113.64%"
"2021-10-01","-0.009","-0.007","-0.006","-0.023","57.14%"
"2021-09-30","-0.006","-0.006","-0.002","-0.018","-65.64%"
"2021-09-29","-0.016","-0.002","-0.002","-0.016","44.25%"
"2021-09-28","-0.011","-0.007","-0.001","-0.014","50.67%"
"2021-09-27","-0.007","-0.009","-0.007","-0.019","-14.77%"
"2021-09-26","-0.009","-0.019","-0.007","-0.019","-53.19%"
"2021-09-25","-0.019","-0.019","-0.019","-0.019","113.64%"
"2021-09-24","-0.009","-0.012","-0.007","-0.025","-53.19%"
"2021-09-23","-0.019","-0.019","-0.012","-0.020","0.00%"
"2021-09-22","-0.019","-0.018","-0.016","-0.027","25.33%"
"2021-09-21","-0.015","-0.018","-0.014","-0.019","8.70%"
"2021-09-20","-0.014","-0.025","-0.014","-0.025","-44.80%"
"2021-09-19","-0.025","-0.025","-0.025","-0.025","66.67%"
"2021-09-18","-0.015","-0.015","-0.015","-0.015","8.70%"
"2021-09-17","-0.014","-0.017","-0.013","-0.025","-8.00%"
"2021-09-16","-0.015","-0.021","-0.015","-0.030","-25.00%"
"2021-09-15","-0.020","-0.018","-0.018","-0.031","-6.10%"
"2021-09-14","-0.021","-0.023","-0.018","-0.031","-2.74%"
"2021-09-13","-0.022","-0.014","-0.014","-0.032","67.18%"
"2021-09-12","-0.013","-0.017","-0.013","-0.029","-54.51%"
"2021-09-10","-0.029","-0.025","-0.016","-0.038","21.01%"
"2021-09-09","-0.024","-0.029","-0.024","-0.036","-36.53%"
"2021-09-08","-0.038","-0.027","-0.027","-0.039","25.00%"
"2021-09-07","-0.030","-0.029","-0.027","-0.041","-20.00%"
"2021-09-06","-0.038","-0.032","-0.026","-0.043","13.29%"
"2021-09-05","-0.033","-0.043","-0.032","-0.043","-3.78%"
"2021-09-04","-0.034","-0.034","-0.034","-0.034","-1.71%"
"2021-09-03","-0.035","-0.038","-0.031","-0.045","-6.67%"
"2021-09-02","-0.038","-0.039","-0.037","-0.046","-3.35%"
"2021-09-01","-0.039","-0.039","-0.038","-0.050","-6.05%"
"2021-08-31","-0.041","-0.043","-0.036","-0.052","-2.82%"
"2021-08-30","-0.043","-0.043","-0.041","-0.049","-2.97%"
"2021-08-29","-0.044","-0.049","-0.041","-0.049","7.88%"
"2021-08-28","-0.041","-0.041","-0.041","-0.041","0.00%"
"2021-08-27","-0.041","-0.041","-0.039","-0.049","-1.69%"
"2021-08-26","-0.041","-0.039","-0.038","-0.052","6.44%"
"2021-08-25","-0.039","-0.042","-0.039","-0.052","-7.40%"
"2021-08-24","-0.042","-0.046","-0.041","-0.052","-5.63%"
"2021-08-23","-0.044","-0.044","-0.043","-0.056","-1.33%"
"2021-08-22","-0.045","-0.056","-0.044","-0.056","-2.81%"
"2021-08-21","-0.046","-0.046","-0.046","-0.046","5.71%"
"2021-08-20","-0.044","-0.044","-0.039","-0.056","0.00%"
"2021-08-19","-0.044","-0.044","-0.041","-0.054","3.06%"
"2021-08-18","-0.043","-0.044","-0.039","-0.054","-2.97%"
"2021-08-17","-0.044","-0.044","-0.041","-0.045","3.06%"
"2021-08-16","-0.043","-0.045","-0.041","-0.056","-4.28%"
"2021-08-15","-0.044","-0.042","-0.042","-0.052","5.97%"
"2021-08-14","-0.042","-0.052","-0.042","-0.052","0.00%"
"2021-08-13","-0.042","-0.042","-0.041","-0.052","-1.41%"
"2021-08-12","-0.043","-0.041","-0.041","-0.054","9.54%"
"2021-08-11","-0.039","-0.044","-0.038","-0.054","-8.71%"
"2021-08-10","-0.043","-0.044","-0.042","-0.056","-10.53%"
"2021-08-09","-0.047","-0.058","-0.043","-0.058","-17.39%"
"2021-08-08","-0.058","-0.058","-0.058","-0.058","17.83%"
"2021-08-07","-0.049","-0.049","-0.049","-0.049","-15.13%"
"2021-08-06","-0.058","-0.051","-0.043","-0.063","17.83%"
"2021-08-05","-0.049","-0.053","-0.048","-0.066","-11.27%"
"2021-08-04","-0.055","-0.053","-0.050","-0.070","4.76%"
"2021-08-03","-0.052","-0.049","-0.049","-0.065","10.53%"
"2021-08-02","-0.047","-0.047","-0.047","-0.059","-1.25%"
"2021-08-01","-0.048","-0.059","-0.047","-0.059","3.89%"
"2021-07-30","-0.046","-0.049","-0.046","-0.050","-21.26%"
"2021-07-29","-0.059","-0.050","-0.047","-0.061","17.60%"
"2021-07-28","-0.050","-0.049","-0.039","-0.061","21.07%"
"2021-07-27","-0.041","-0.049","-0.039","-0.059","-33.92%"
"2021-07-26","-0.063","-0.051","-0.041","-0.064","20.42%"
"2021-07-25","-0.052","-0.064","-0.051","-0.064","0.00%"
"2021-07-24","-0.052","-0.052","-0.052","-0.052","18.49%"
"2021-07-23","-0.044","-0.044","-0.044","-0.044","0.00%"
"2021-07-22","-0.044","-0.044","-0.044","-0.044","0.00%"
"2021-07-21","-0.044","-0.054","-0.041","-0.065","-5.40%"
"2021-07-20","-0.046","-0.056","-0.044","-0.057","-5.12%"
"2021-07-19","-0.049","-0.055","-0.043","-0.068","-12.23%"
"2021-07-18","-0.056","-0.064","-0.052","-0.064","9.88%"
"2021-07-17","-0.051","-0.051","-0.051","-0.051","-20.69%"
"2021-07-16","-0.064","-0.052","-0.041","-0.064","59.50%"
"2021-07-15","-0.040","-0.049","-0.039","-0.063","6.67%"
"2021-07-14","-0.038","-0.044","-0.035","-0.058","-33.39%"
"2021-07-13","-0.056","-0.043","-0.041","-0.056","66.57%"
"2021-07-12","-0.034","-0.038","-0.031","-0.054","-12.89%"
"2021-07-11","-0.039","-0.049","-0.037","-0.049","-20.49%"
"2021-07-09","-0.049","-0.039","-0.029","-0.052","-11.27%"
"2021-07-08","-0.055","-0.039","-0.031","-0.058","12.70%"
"2021-07-07","-0.049","-0.042","-0.030","-0.050","-2.40%"
"2021-07-06","-0.050","-0.036","-0.025","-0.050","5.26%"
"2021-07-05","-0.047","-0.039","-0.027","-0.050","20.56%"
"2021-07-04","-0.039","-0.047","-0.038","-0.047","31.33%"
"2021-07-02","-0.030","-0.039","-0.027","-0.055","-46.71%"
"2021-07-01","-0.056","-0.043","-0.034","-0.058","55.10%"
"2021-06-30","-0.036","-0.042","-0.032","-0.055","7.40%"
"2021-06-29","-0.034","-0.043","-0.030","-0.051","4.00%"
"2021-06-28","-0.032","-0.044","-0.031","-0.055","-25.80%"
"2021-06-27","-0.044","-0.055","-0.042","-0.055","-20.36%"
"2021-06-25","-0.055","-0.045","-0.034","-0.056","57.14%"
"2021-06-24","-0.035","-0.038","-0.035","-0.054","-9.79%"
"2021-06-23","-0.039","-0.040","-0.034","-0.055","-31.08%"
"2021-06-22","-0.056","-0.043","-0.034","-0.058","55.10%"
"2021-06-21","-0.036","-0.043","-0.034","-0.059","-24.53%"
"2021-06-20","-0.048","-0.041","-0.041","-0.056","-14.56%"
"2021-06-19","-0.056","-0.041","-0.041","-0.056","55.10%"
"2021-06-18","-0.036","-0.047","-0.036","-0.056","-34.00%"
"2021-06-17","-0.055","-0.039","-0.032","-0.058","25.57%"
"2021-06-16","-0.044","-0.043","-0.039","-0.059","20.66%"
"2021-06-15","-0.036","-0.045","-0.036","-0.059","-19.33%"
"2021-06-14","-0.045","-0.046","-0.040","-0.061","-10.00%"
"2021-06-13","-0.050","-0.049","-0.049","-0.061","2.46%"
"2021-06-12","-0.049","-0.049","-0.049","-0.049","-20.39%"
"2021-06-11","-0.061","-0.047","-0.041","-0.064","57.99%"
"2021-06-10","-0.039","-0.049","-0.038","-0.059","0.00%"
"2021-06-09","-0.039","-0.043","-0.038","-0.059","-31.08%"
"2021-06-08","-0.056","-0.039","-0.035","-0.056","73.23%"
"2021-06-07","-0.032","-0.039","-0.032","-0.055","-24.59%"
"2021-06-06","-0.043","-0.036","-0.036","-0.054","6.16%"
"2021-06-05","-0.041","-0.036","-0.036","-0.041","-24.54%"
"2021-06-04","-0.054","-0.035","-0.030","-0.054","48.21%"
"2021-06-03","-0.036","-0.036","-0.030","-0.050","7.40%"
"2021-06-02","-0.034","-0.034","-0.029","-0.040","22.91%"
"2021-06-01","-0.027","-0.034","-0.027","-0.049","-18.64%"
"2021-05-31","-0.034","-0.036","-0.029","-0.050","-14.21%"
"2021-05-30","-0.039","-0.032","-0.032","-0.050","6.78%"
"2021-05-29","-0.037","-0.032","-0.032","-0.037","-26.20%"
"2021-05-28","-0.050","-0.035","-0.026","-0.051","73.61%"
"2021-05-27","-0.029","-0.039","-0.029","-0.054","-17.71%"
"2021-05-26","-0.035","-0.038","-0.030","-0.052","7.69%"
"2021-05-25","-0.032","-0.038","-0.031","-0.052","-10.47%"
"2021-05-24","-0.036","-0.036","-0.031","-0.051","-12.11%"
"2021-05-23","-0.041","-0.034","-0.034","-0.049","22.19%"
"2021-05-22","-0.034","-0.034","-0.034","-0.034","-30.74%"
"2021-05-21","-0.049","-0.035","-0.031","-0.050","39.43%"
"2021-05-20","-0.035","-0.035","-0.030","-0.050","7.69%"
"2021-05-19","-0.032","-0.038","-0.030","-0.051","-38.10%"
"2021-05-18","-0.052","-0.038","-0.030","-0.054","35.31%"
"2021-05-17","-0.039","-0.044","-0.034","-0.055","-11.42%"
"2021-05-16","-0.044","-0.038","-0.038","-0.052","3.06%"
"2021-05-15","-0.043","-0.038","-0.038","-0.043","-19.05%"
"2021-05-14","-0.052","-0.036","-0.032","-0.054","82.29%"
"2021-05-13","-0.029","-0.038","-0.029","-0.051","-7.99%"
"2021-05-12","-0.031","-0.043","-0.031","-0.056","-41.82%"
"2021-05-11","-0.054","-0.039","-0.034","-0.056","43.47%"
"2021-05-10","-0.038","-0.041","-0.032","-0.056","-19.01%"
"2021-05-09","-0.046","-0.041","-0.041","-0.056","12.11%"
"2021-05-08","-0.041","-0.041","-0.041","-0.041","13.77%"
"2021-05-07","-0.036","-0.040","-0.035","-0.047","3.71%"
"2021-05-06","-0.035","-0.045","-0.034","-0.056","3.55%"
"2021-05-05","-0.034","-0.034","-0.034","-0.034","0.00%"
"2021-05-04","-0.034","-0.034","-0.034","-0.034","0.00%"
"2021-05-03","-0.034","-0.054","-0.034","-0.054","-37.17%"
"2021-05-02","-0.054","-0.039","-0.039","-0.054","17.98%"
"2021-05-01","-0.046","-0.039","-0.039","-0.046","17.53%"
"2021-04-30","-0.039","-0.040","-0.032","-0.054","-29.45%"
"2021-04-29","-0.055","-0.055","-0.055","-0.055","0.00%"
"2021-04-28","-0.055","-0.040","-0.034","-0.056","29.41%"
"2021-04-27","-0.043","-0.041","-0.036","-0.047","0.00%"
"2021-04-26","-0.043","-0.044","-0.038","-0.058","-26.09%"
"2021-04-25","-0.058","-0.045","-0.045","-0.058","27.78%"
"2021-04-24","-0.045","-0.045","-0.045","-0.045","12.50%"
"2021-04-23","-0.040","-0.046","-0.039","-0.059","-3.15%"
"2021-04-22","-0.041","-0.045","-0.039","-0.061","13.77%"
"2021-04-21","-0.036","-0.047","-0.036","-0.059","-36.87%"
"2021-04-20","-0.058","-0.043","-0.035","-0.058","58.40%"
"2021-04-19","-0.036","-0.039","-0.036","-0.058","-15.78%"
"2021-04-18","-0.043","-0.039","-0.039","-0.052","-17.90%"
"2021-04-17","-0.052","-0.039","-0.039","-0.052","35.31%"
"2021-04-16","-0.039","-0.040","-0.032","-0.052","-3.00%"
"2021-04-15","-0.040","-0.040","-0.032","-0.054","-27.27%"
"2021-04-14","-0.055","-0.043","-0.034","-0.056","51.52%"
"2021-04-13","-0.036","-0.038","-0.031","-0.052","11.69%"
"2021-04-12","-0.032","-0.041","-0.032","-0.056","-28.73%"
"2021-04-11","-0.046","-0.041","-0.041","-0.056","10.41%"
"2021-04-10","-0.041","-0.041","-0.041","-0.041","22.19%"
"2021-04-09","-0.034","-0.045","-0.032","-0.058","-15.50%"
"2021-04-08","-0.040","-0.044","-0.035","-0.059","-31.97%"
"2021-04-07","-0.059","-0.043","-0.038","-0.059","4.44%"
"2021-04-06","-0.056","-0.038","-0.034","-0.059","50.13%"
"2021-04-05","-0.038","-0.036","-0.032","-0.052","-10.50%"
"2021-04-04","-0.042","-0.038","-0.038","-0.052","0.00%"
"2021-04-03","-0.042","-0.038","-0.038","-0.042","11.73%"
"2021-04-02","-0.038","-0.036","-0.032","-0.046","-28.57%"
"2021-04-01","-0.052","-0.039","-0.029","-0.052","61.54%"
"2021-03-31","-0.032","-0.044","-0.030","-0.058","-10.47%"
"2021-03-30","-0.036","-0.046","-0.035","-0.059","-12.11%"
"2021-03-29","-0.041","-0.044","-0.041","-0.063","-16.40%"
"2021-03-28","-0.049","-0.044","-0.044","-0.059","12.79%"
"2021-03-27","-0.044","-0.044","-0.044","-0.044","16.80%"
"2021-03-26","-0.038","-0.047","-0.038","-0.063","-11.76%"
"2021-03-25","-0.043","-0.050","-0.041","-0.064","-8.21%"
"2021-03-24","-0.046","-0.054","-0.044","-0.066","-5.12%"
"2021-03-23","-0.049","-0.052","-0.044","-0.064","-2.40%"
"2021-03-22","-0.050","-0.056","-0.045","-0.068","-20.00%"
"2021-03-21","-0.063","-0.054","-0.054","-0.068","16.17%"
"2021-03-20","-0.054","-0.054","-0.054","-0.054","13.26%"
"2021-03-19","-0.047","-0.064","-0.046","-0.070","-32.14%"
"2021-03-18","-0.070","-0.060","-0.047","-0.078","33.33%"
"2021-03-17","-0.052","-0.063","-0.052","-0.075","-8.70%"
"2021-03-16","-0.058","-0.064","-0.055","-0.078","-22.09%"
"2021-03-15","-0.074","-0.054","-0.052","-0.074","32.73%"
"2021-03-14","-0.056","-0.052","-0.052","-0.066","5.90%"
"2021-03-13","-0.052","-0.052","-0.052","-0.052","23.53%"
"2021-03-12","-0.043","-0.054","-0.039","-0.068","2.91%"
"2021-03-11","-0.041","-0.040","-0.038","-0.068","-24.91%"
"2021-03-10","-0.055","-0.039","-0.031","-0.056","75.72%"
"2021-03-09","-0.031","-0.027","-0.027","-0.054","-30.44%"
"2021-03-08","-0.045","-0.052","-0.023","-0.056","-15.25%"
"2021-03-07","-0.053","-0.055","-0.051","-0.068","-10.61%"
"2021-03-06","-0.059","-0.055","-0.055","-0.059","35.62%"
"2021-03-05","-0.044","-0.034","-0.034","-0.074","-22.20%"
"2021-03-04","-0.056","-0.038","-0.034","-0.058","66.57%"
"2021-03-03","-0.034","-0.054","-0.034","-0.059","-45.92%"
"2021-03-02","-0.063","-0.040","-0.039","-0.065","13.64%"
"2021-03-01","-0.055","-0.039","-0.027","-0.055","41.75%"
"2021-02-28","-0.039","-0.032","-0.032","-0.046","6.89%"
"2021-02-27","-0.036","-0.032","-0.032","-0.036","-21.60%"
"2021-02-26","-0.046","-0.018","-0.013","-0.047","15.75%"
"2021-02-25","-0.040","-0.034","-0.018","-0.052","-22.03%"
"2021-02-24","-0.051","-0.034","-0.026","-0.052","8.00%"
"2021-02-23","-0.047","-0.038","-0.038","-0.039","0.00%"
"2021-02-22","-0.047","-0.035","-0.025","-0.050","26.67%"
"2021-02-21","-0.038","-0.039","-0.036","-0.050","-25.00%"
"2021-02-20","-0.050","-0.039","-0.039","-0.050","0.00%"
"2021-02-19","-0.050","-0.043","-0.029","-0.056","-14.97%"
"2021-02-18","-0.059","-0.049","-0.039","-0.061","-5.92%"
"2021-02-17","-0.063","-0.056","-0.040","-0.065","-13.79%"
"2021-02-16","-0.072","-0.060","-0.052","-0.074","38.10%"
"2021-02-15","-0.052","-0.065","-0.052","-0.080","-25.00%"
"2021-02-14","-0.070","-0.068","-0.068","-0.080","-12.50%"
"2021-02-13","-0.080","-0.068","-0.068","-0.080","33.33%"
"2021-02-12","-0.060","-0.065","-0.060","-0.084","-27.27%"
"2021-02-11","-0.083","-0.066","-0.066","-0.071","0.00%"
"2021-02-10","-0.083","-0.063","-0.052","-0.084","4.70%"
"2021-02-09","-0.079","-0.064","-0.056","-0.079","37.04%"
"2021-02-08","-0.058","-0.066","-0.056","-0.081","-19.24%"
"2021-02-07","-0.071","-0.070","-0.070","-0.081","1.71%"
"2021-02-06","-0.070","-0.070","-0.070","-0.070","-13.90%"
"2021-02-05","-0.081","-0.072","-0.059","-0.085","-4.35%"
"2021-02-04","-0.085","-0.071","-0.063","-0.086","-2.86%"
"2021-02-03","-0.087","-0.079","-0.065","-0.089","27.18%"
"2021-02-02","-0.069","-0.075","-0.069","-0.083","-1.71%"
"2021-02-01","-0.070","-0.074","-0.070","-0.091","-11.17%"
"2021-01-31","-0.079","-0.075","-0.075","-0.089","5.07%"
"2021-01-30","-0.075","-0.075","-0.075","-0.075","-15.54%"
"2021-01-29","-0.089","-0.080","-0.069","-0.090","-2.74%"
"2021-01-28","-0.091","-0.079","-0.072","-0.093","-1.30%"
"2021-01-27","-0.093","-0.085","-0.070","-0.094","8.82%"
"2021-01-26","-0.085","-0.085","-0.080","-0.101","-18.11%"
"2021-01-25","-0.104","-0.088","-0.080","-0.104","16.89%"
"2021-01-24","-0.089","-0.081","-0.081","-0.097","9.23%"
"2021-01-23","-0.081","-0.081","-0.081","-0.081","-16.62%"
"2021-01-22","-0.097","-0.083","-0.076","-0.097","0.00%"
"2021-01-21","-0.097","-0.087","-0.078","-0.101","-2.50%"
"2021-01-20","-0.100","-0.075","-0.075","-0.100","9.53%"
"2021-01-19","-0.091","-0.069","-0.069","-0.091","32.70%"
"2021-01-18","-0.069","-0.064","-0.064","-0.085","1.03%"
"2021-01-17","-0.068","-0.070","-0.066","-0.085","-2.71%"
"2021-01-16","-0.070","-0.070","-0.070","-0.070","9.72%"
"2021-01-15","-0.064","-0.071","-0.064","-0.085","-27.09%"
"2021-01-14","-0.087","-0.072","-0.066","-0.087","29.63%"
"2021-01-13","-0.068","-0.071","-0.066","-0.087","-18.18%"
"2021-01-12","-0.083","-0.066","-0.061","-0.085","0.00%"
"2021-01-11","-0.083","-0.083","-0.069","-0.083","0.00%"
"2021-01-10","-0.083","-0.070","-0.070","-0.083","0.00%"
"2021-01-09","-0.083","-0.070","-0.070","-0.083","32.00%"
"2021-01-08","-0.063","-0.065","-0.063","-0.085","1.96%"
"2021-01-07","-0.061","-0.068","-0.061","-0.083","-3.92%"
"2021-01-06","-0.064","-0.072","-0.064","-0.085","-25.99%"
"2021-01-05","-0.086","-0.070","-0.066","-0.087","32.62%"
"2021-01-04","-0.065","-0.069","-0.064","-0.086","-10.34%"
"2021-01-03","-0.072","-0.066","-0.066","-0.081","9.35%"
"2021-01-02","-0.066","-0.066","-0.066","-0.066","6.08%"
"2021-01-01","-0.063","-0.063","-0.063","-0.063","0.00%"
"2020-12-31","-0.063","-0.063","-0.063","-0.063","0.00%"
"2020-12-30","-0.063","-0.068","-0.061","-0.083","-10.71%"
"2020-12-29","-0.070","-0.072","-0.064","-0.086","-3.45%"
"2020-12-28","-0.072","-0.070","-0.069","-0.078","-2.55%"
"2020-12-27","-0.074","-0.070","-0.070","-0.089","6.29%"
"2020-12-26","-0.070","-0.070","-0.070","-0.070","0.00%"
"2020-12-25","-0.070","-0.072","-0.070","-0.079","-3.45%"
"2020-12-24","-0.072","-0.072","-0.072","-0.089","-15.89%"
"2020-12-23","-0.086","-0.076","-0.075","-0.091","14.93%"
"2020-12-22","-0.075","-0.075","-0.074","-0.091","-16.67%"
"2020-12-21","-0.090","-0.071","-0.069","-0.091","19.05%"
"2020-12-20","-0.076","-0.071","-0.071","-0.086","6.03%"
"2020-12-19","-0.071","-0.071","-0.071","-0.071","0.00%"
"2020-12-18","-0.071","-0.071","-0.070","-0.086","0.00%"
"2020-12-17","-0.071","-0.072","-0.070","-0.086","7.54%"
"2020-12-16","-0.066","-0.070","-0.066","-0.086","-5.29%"
"2020-12-15","-0.070","-0.071","-0.070","-0.085","-18.79%"
"2020-12-14","-0.086","-0.071","-0.071","-0.086","14.02%"
"2020-12-13","-0.076","-0.071","-0.071","-0.089","0.00%"
"2020-12-12","-0.076","-0.071","-0.071","-0.076","-14.86%"
"2020-12-11","-0.089","-0.070","-0.066","-0.089","4.47%"
"2020-12-10","-0.085","-0.068","-0.064","-0.085","36.00%"
"2020-12-09","-0.063","-0.068","-0.063","-0.083","-25.42%"
"2020-12-08","-0.084","-0.065","-0.061","-0.084","4.75%"
"2020-12-07","-0.080","-0.063","-0.055","-0.081","18.52%"
"2020-12-06","-0.068","-0.064","-0.064","-0.076","5.80%"
"2020-12-05","-0.064","-0.064","-0.064","-0.064","16.00%"
"2020-12-04","-0.055","-0.065","-0.055","-0.076","-31.25%"
"2020-12-03","-0.080","-0.065","-0.059","-0.080","36.05%"
"2020-12-02","-0.059","-0.065","-0.059","-0.081","0.00%"
"2020-12-01","-0.059","-0.065","-0.059","-0.084","-9.54%"
"2020-11-30","-0.065","-0.068","-0.060","-0.083","-9.60%"
"2020-11-29","-0.072","-0.068","-0.068","-0.083","0.00%"
"2020-11-28","-0.072","-0.068","-0.068","-0.072","6.52%"
"2020-11-27","-0.068","-0.074","-0.061","-0.075","-19.45%"
"2020-11-26","-0.084","-0.070","-0.064","-0.084","0.00%"
"2020-11-25","-0.084","-0.068","-0.065","-0.086","34.08%"
"2020-11-24","-0.063","-0.071","-0.063","-0.086","-5.73%"
"2020-11-23","-0.066","-0.087","-0.066","-0.087","-7.01%"
"2020-11-22","-0.071","-0.071","-0.071","-0.071","-6.55%"
"2020-11-21","-0.076","-0.071","-0.071","-0.076","-12.80%"
"2020-11-20","-0.087","-0.071","-0.065","-0.087","14.68%"
"2020-11-19","-0.076","-0.070","-0.066","-0.078","-10.24%"
"2020-11-18","-0.085","-0.069","-0.065","-0.086","1.43%"
"2020-11-17","-0.084","-0.068","-0.063","-0.085","1.58%"
"2020-11-16","-0.083","-0.070","-0.061","-0.085","10.00%"
"2020-11-15","-0.075","-0.070","-0.070","-0.075","7.14%"
"2020-11-14","-0.070","-0.070","-0.070","-0.070","-17.65%"
"2020-11-13","-0.085","-0.070","-0.065","-0.086","1.43%"
"2020-11-12","-0.084","-0.065","-0.060","-0.084","6.35%"
"2020-11-11","-0.079","-0.063","-0.058","-0.080","39.96%"
"2020-11-10","-0.056","-0.065","-0.052","-0.079","-20.93%"
"2020-11-09","-0.071","-0.070","-0.056","-0.089","-7.41%"
"2020-11-08","-0.077","-0.072","-0.072","-0.083","-6.79%"
"2020-11-07","-0.083","-0.072","-0.072","-0.083","34.58%"
"2020-11-06","-0.061","-0.075","-0.059","-0.090","-30.97%"
"2020-11-05","-0.089","-0.078","-0.070","-0.091","3.02%"
"2020-11-04","-0.086","-0.063","-0.058","-0.086","9.39%"
"2020-11-03","-0.079","-0.061","-0.061","-0.063","0.00%"
"2020-11-02","-0.079","-0.064","-0.058","-0.079","14.53%"
"2020-11-01","-0.069","-0.065","-0.065","-0.078","5.85%"
"2020-10-31","-0.065","-0.065","-0.065","-0.065","0.00%"
"2020-10-30","-0.065","-0.071","-0.060","-0.080","4.00%"
"2020-10-29","-0.063","-0.068","-0.063","-0.085","-12.34%"
"2020-10-28","-0.071","-0.071","-0.069","-0.087","-19.71%"
"2020-10-27","-0.089","-0.071","-0.060","-0.089","11.00%"
"2020-10-26","-0.080","-0.065","-0.058","-0.081","16.28%"
"2020-10-25","-0.069","-0.061","-0.061","-0.076","12.23%"
"2020-10-24","-0.061","-0.061","-0.061","-0.061","0.00%"
"2020-10-23","-0.061","-0.066","-0.056","-0.076","-19.66%"
"2020-10-22","-0.076","-0.065","-0.060","-0.081","27.17%"
"2020-10-21","-0.060","-0.071","-0.058","-0.083","-11.11%"
"2020-10-20","-0.068","-0.071","-0.068","-0.087","1.81%"
"2020-10-19","-0.066","-0.072","-0.065","-0.086","-14.45%"
"2020-10-18","-0.078","-0.074","-0.074","-0.089","5.01%"
"2020-10-17","-0.074","-0.074","-0.074","-0.074","-16.89%"
"2020-10-16","-0.089","-0.078","-0.068","-0.090","0.00%"
"2020-10-15","-0.089","-0.068","-0.065","-0.091","7.64%"
"2020-10-14","-0.083","-0.068","-0.063","-0.084","1.48%"
"2020-10-13","-0.081","-0.065","-0.059","-0.081","27.43%"
"2020-10-12","-0.064","-0.065","-0.059","-0.080","-7.27%"
"2020-10-11","-0.069","-0.063","-0.063","-0.079","10.08%"
"2020-10-10","-0.063","-0.063","-0.063","-0.063","-20.69%"
"2020-10-09","-0.079","-0.063","-0.056","-0.080","3.28%"
"2020-10-08","-0.076","-0.059","-0.055","-0.078","41.82%"
"2020-10-07","-0.054","-0.066","-0.052","-0.075","-28.27%"
"2020-10-06","-0.075","-0.064","-0.054","-0.076","-7.75%"
"2020-10-05","-0.081","-0.076","-0.060","-0.086","4.90%"
"2020-10-04","-0.078","-0.074","-0.074","-0.086","-3.12%"
"2020-10-03","-0.080","-0.074","-0.074","-0.080","8.40%"
"2020-10-02","-0.074","-0.071","-0.069","-0.090","-13.18%"
"2020-10-01","-0.085","-0.075","-0.065","-0.086","13.33%"
"2020-09-30","-0.075","-0.076","-0.069","-0.093","5.34%"
"2020-09-29","-0.071","-0.072","-0.070","-0.094","-1.79%"
"2020-09-28","-0.072","-0.081","-0.068","-0.087","-10.82%"
"2020-09-27","-0.081","-0.076","-0.076","-0.093","6.55%"
"2020-09-26","-0.076","-0.076","-0.076","-0.076","-17.51%"
"2020-09-25","-0.093","-0.079","-0.069","-0.093","25.34%"
"2020-09-24","-0.074","-0.078","-0.072","-0.094","0.00%"
"2020-09-23","-0.074","-0.070","-0.069","-0.091","18.08%"
"2020-09-22","-0.063","-0.073","-0.073","-0.074","0.00%"
"2020-09-21","-0.063","-0.083","-0.063","-0.083","-24.24%"
"2020-09-20","-0.083","-0.068","-0.068","-0.083","0.00%"
"2020-09-19","-0.083","-0.068","-0.068","-0.083","22.22%"
"2020-09-18","-0.068","-0.068","-0.068","-0.083","0.00%"
"2020-09-17","-0.068","-0.061","-0.060","-0.072","-15.62%"
"2020-09-16","-0.080","-0.068","-0.056","-0.083","18.52%"
"2020-09-15","-0.068","-0.065","-0.065","-0.074","3.85%"
"2020-09-14","-0.065","-0.065","-0.065","-0.080","-18.75%"
"2020-09-13","-0.080","-0.064","-0.064","-0.080","25.39%"
"2020-09-12","-0.064","-0.064","-0.064","-0.064","-20.25%"
"2020-09-11","-0.080","-0.063","-0.058","-0.080","8.40%"
"2020-09-10","-0.074","-0.060","-0.052","-0.078","-3.28%"
"2020-09-09","-0.076","-0.061","-0.052","-0.076","-3.17%"
"2020-09-08","-0.079","-0.055","-0.050","-0.079","16.74%"
"2020-09-07","-0.068","-0.050","-0.047","-0.069","19.89%"
"2020-09-06","-0.056","-0.054","-0.054","-0.068","-16.59%"
"2020-09-05","-0.068","-0.054","-0.054","-0.068","25.46%"
"2020-09-04","-0.054","-0.058","-0.047","-0.070","-24.44%"
"2020-09-03","-0.071","-0.054","-0.047","-0.071","49.89%"
"2020-09-02","-0.047","-0.052","-0.045","-0.068","2.59%"
"2020-09-01","-0.046","-0.047","-0.046","-0.065","0.00%"
"2020-08-31","-0.046","-0.047","-0.041","-0.063","-10.79%"
"2020-08-30","-0.052","-0.045","-0.045","-0.052","-16.96%"
"2020-08-29","-0.063","-0.045","-0.045","-0.063","51.33%"
"2020-08-28","-0.041","-0.043","-0.036","-0.064","18.00%"
"2020-08-27","-0.035","-0.047","-0.035","-0.065","-37.83%"
"2020-08-26","-0.056","-0.050","-0.038","-0.061","36.32%"
"2020-08-25","-0.041","-0.052","-0.041","-0.068","-17.40%"
"2020-08-24","-0.050","-0.054","-0.050","-0.070","-7.06%"
"2020-08-23","-0.054","-0.054","-0.054","-0.054","-23.14%"
"2020-08-22","-0.070","-0.054","-0.054","-0.070","36.45%"
"2020-08-21","-0.051","-0.055","-0.046","-0.070","-26.71%"
"2020-08-20","-0.070","-0.055","-0.047","-0.070","21.74%"
"2020-08-19","-0.058","-0.058","-0.051","-0.062","12.09%"
"2020-08-18","-0.051","-0.051","-0.047","-0.068","10.80%"
"2020-08-17","-0.046","-0.047","-0.040","-0.064","-3.74%"
"2020-08-16","-0.048","-0.043","-0.043","-0.049","13.18%"
"2020-08-15","-0.043","-0.043","-0.043","-0.043","-27.72%"
"2020-08-14","-0.059","-0.043","-0.035","-0.063","42.37%"
"2020-08-13","-0.041","-0.049","-0.038","-0.065","-29.76%"
"2020-08-12","-0.059","-0.055","-0.038","-0.066","-4.08%"
"2020-08-11","-0.061","-0.060","-0.043","-0.072","-10.90%"
"2020-08-10","-0.069","-0.079","-0.055","-0.079","5.85%"
"2020-08-09","-0.065","-0.065","-0.065","-0.065","-17.51%"
"2020-08-08","-0.079","-0.065","-0.065","-0.079","43.27%"
"2020-08-07","-0.055","-0.069","-0.055","-0.081","-12.00%"
"2020-08-06","-0.063","-0.065","-0.060","-0.083","4.17%"
"2020-08-05","-0.060","-0.072","-0.056","-0.085","-32.43%"
"2020-08-04","-0.089","-0.065","-0.060","-0.089","11.00%"
"2020-08-03","-0.080","-0.072","-0.056","-0.084","10.34%"
"2020-08-02","-0.072","-0.071","-0.071","-0.074","-13.48%"
"2020-08-01","-0.084","-0.071","-0.071","-0.084","31.35%"
"2020-07-31","-0.064","-0.070","-0.064","-0.087","2.08%"
"2020-07-30","-0.063","-0.068","-0.061","-0.085","-25.42%"
"2020-07-29","-0.084","-0.072","-0.063","-0.084","1.58%"
"2020-07-28","-0.083","-0.068","-0.060","-0.083","40.31%"
"2020-07-27","-0.059","-0.068","-0.059","-0.083","-15.27%"
"2020-07-26","-0.069","-0.068","-0.068","-0.069","-15.88%"
"2020-07-25","-0.083","-0.068","-0.068","-0.083","16.86%"
"2020-07-24","-0.071","-0.061","-0.061","-0.071","0.00%"
"2020-07-23","-0.071","-0.071","-0.071","-0.071","0.00%"
"2020-07-22","-0.071","-0.070","-0.061","-0.084","-18.10%"
"2020-07-21","-0.086","-0.065","-0.060","-0.086","49.91%"
"2020-07-20","-0.058","-0.065","-0.058","-0.083","-17.86%"
"2020-07-19","-0.070","-0.068","-0.068","-0.072","-15.15%"
"2020-07-18","-0.083","-0.068","-0.068","-0.083","22.22%"
"2020-07-17","-0.068","-0.074","-0.063","-0.084","3.85%"
"2020-07-16","-0.065","-0.063","-0.063","-0.090","15.45%"
"2020-07-15","-0.056","-0.059","-0.054","-0.079","-23.71%"
"2020-07-14","-0.074","-0.059","-0.051","-0.074","9.33%"
"2020-07-13","-0.068","-0.061","-0.046","-0.071","-15.62%"
"2020-07-12","-0.080","-0.068","-0.068","-0.080","0.00%"
"2020-07-11","-0.080","-0.068","-0.068","-0.080","0.00%"
"2020-07-10","-0.080","-0.066","-0.059","-0.083","1.52%"
"2020-07-09","-0.079","-0.058","-0.054","-0.079","6.78%"
"2020-07-08","-0.074","-0.059","-0.051","-0.076","59.40%"
"2020-07-07","-0.046","-0.047","-0.044","-0.068","-25.92%"
"2020-07-06","-0.063","-0.054","-0.039","-0.065","19.05%"
"2020-07-05","-0.052","-0.050","-0.050","-0.053","-19.23%"
"2020-07-04","-0.065","-0.050","-0.050","-0.065","30.00%"
"2020-07-03","-0.050","-0.049","-0.044","-0.056","37.74%"
"2020-07-02","-0.036","-0.039","-0.034","-0.059","11.69%"
"2020-07-01","-0.032","-0.043","-0.032","-0.058","-43.48%"
"2020-06-30","-0.058","-0.049","-0.035","-0.061","-9.87%"
"2020-06-29","-0.064","-0.050","-0.039","-0.065","20.15%"
"2020-06-28","-0.053","-0.049","-0.049","-0.054","-18.31%"
"2020-06-27","-0.065","-0.049","-0.049","-0.065","0.00%"
"2020-06-26","-0.065","-0.047","-0.041","-0.065","-1.96%"
"2020-06-25","-0.066","-0.049","-0.040","-0.066","56.00%"
"2020-06-24","-0.043","-0.047","-0.039","-0.064","-32.00%"
"2020-06-23","-0.063","-0.049","-0.043","-0.065","-3.85%"
"2020-06-22","-0.065","-0.050","-0.043","-0.065","4.00%"
"2020-06-19","-0.063","-0.063","-0.063","-0.063","-2.04%"
"2020-06-18","-0.064","-0.064","-0.064","-0.064","-5.48%"
"2020-06-17","-0.068","-0.068","-0.068","-0.068","-5.20%"
"2020-06-16","-0.071","-0.071","-0.071","-0.071","-9.64%"
"2020-06-15","-0.079","-0.079","-0.079","-0.079","39.96%"
"2020-06-12","-0.056","-0.056","-0.056","-0.056","-4.25%"
"2020-06-11","-0.059","-0.059","-0.059","-0.059","27.00%"
"2020-06-10","-0.046","-0.046","-0.046","-0.046","-13.94%"
"2020-06-09","-0.054","-0.054","-0.054","-0.054","-6.43%"
"2020-06-08","-0.058","-0.058","-0.058","-0.058","155.56%"
"2020-06-05","-0.023","-0.023","-0.023","-0.023","-63.30%"
"2020-06-04","-0.061","-0.061","-0.061","-0.061","44.24%"
"2020-06-03","-0.043","-0.043","-0.043","-0.043","-22.73%"
"2020-06-02","-0.055","-0.055","-0.055","-0.055","-25.47%"
"2020-06-01","-0.074","-0.074","-0.074","-0.074","-7.75%"
"2020-05-29","-0.080","-0.080","-0.080","-0.080","36.05%"
"2020-05-28","-0.059","-0.059","-0.059","-0.059","-27.68%"
"2020-05-27","-0.081","-0.081","-0.081","-0.081","-1.45%"
"2020-05-26","-0.083","-0.083","-0.083","-0.083","26.92%"
"2020-05-25","-0.065","-0.065","-0.065","-0.065","-10.34%"
"2020-05-22","-0.072","-0.072","-0.072","-0.072","18.27%"
"2020-05-21","-0.061","-0.061","-0.061","-0.061","-24.60%"
"2020-05-20","-0.081","-0.081","-0.081","-0.081","1.62%"
"2020-05-19","-0.080","-0.080","-0.080","-0.080","28.00%"
"2020-05-18","-0.063","-0.063","-0.063","-0.063","-28.57%"
"2020-05-15","-0.087","-0.087","-0.087","-0.087","0.00%"
"2020-05-14","-0.087","-0.087","-0.087","-0.087","0.00%"
"2020-05-13","-0.087","-0.087","-0.087","-0.087","9.38%"
"2020-05-12","-0.080","-0.080","-0.080","-0.080","3.23%"
"2020-05-11","-0.078","-0.078","-0.078","-0.078","29.17%"
"2020-05-08","-0.060","-0.060","-0.060","-0.060","-5.96%"
"2020-05-07","-0.064","-0.064","-0.064","-0.064","0.00%"
"2020-05-06","-0.064","-0.064","-0.064","-0.064","-3.77%"
"2020-05-05","-0.066","-0.066","-0.066","-0.066","0.00%"
"2020-05-04","-0.066","-0.066","-0.066","-0.066","-24.23%"
"2020-05-01","-0.087","-0.087","-0.087","-0.087","-9.14%"
"2020-04-30","-0.096","-0.096","-0.096","-0.096","0.00%"
"2020-04-29","-0.096","-0.096","-0.096","-0.096","0.00%"
"2020-04-28","-0.096","-0.096","-0.096","-0.096","37.57%"
"2020-04-27","-0.070","-0.070","-0.070","-0.070","7.69%"
"2020-04-24","-0.065","-0.065","-0.065","-0.065","-11.92%"
"2020-04-23","-0.074","-0.074","-0.074","-0.074","51.23%"
"2020-04-22","-0.049","-0.049","-0.049","-0.049","-9.29%"
"2020-04-21","-0.054","-0.054","-0.054","-0.054","-23.14%"
"2020-04-20","-0.070","-0.070","-0.070","-0.070","47.37%"
"2020-04-17","-0.047","-0.047","-0.047","-0.047","-36.67%"
"2020-04-16","-0.075","-0.075","-0.075","-0.075","-3.23%"
"2020-04-15","-0.078","-0.078","-0.078","-0.078","1.57%"
"2020-04-14","-0.076","-0.076","-0.076","-0.076","22.08%"
"2020-04-13","-0.063","-0.063","-0.063","-0.063","-5.73%"
"2020-04-10","-0.066","-0.066","-0.066","-0.066","6.08%"
"2020-04-09","-0.063","-0.063","-0.063","-0.063","72.18%"
"2020-04-08","-0.036","-0.036","-0.036","-0.036","21.00%"
"2020-04-07","-0.030","-0.030","-0.030","-0.030","-51.06%"
"2020-04-06","-0.061","-0.061","-0.061","-0.061","13.94%"
"2020-04-03","-0.054","-0.054","-0.054","-0.054","-6.43%"
"2020-04-02","-0.058","-0.058","-0.058","-0.058","-6.20%"
"2020-04-01","-0.061","-0.061","-0.061","-0.061","2.17%"
"2020-03-31","-0.060","-0.060","-0.060","-0.060","-11.11%"
"2020-03-30","-0.068","-0.068","-0.068","-0.068","8.00%"
"2020-03-27","-0.063","-0.063","-0.063","-0.063","-37.50%"
"2020-03-26","-0.100","-0.100","-0.100","-0.100","12.61%"
"2020-03-25","-0.089","-0.089","-0.089","-0.089","-2.74%"
"2020-03-24","-0.091","-0.091","-0.091","-0.091","2.82%"
"2020-03-23","-0.089","-0.089","-0.089","-0.089","77.60%"
"2020-03-20","-0.050","-0.050","-0.050","-0.050","0.00%"
"2020-03-19","-0.050","-0.050","-0.050","-0.050","42.86%"
"2020-03-18","-0.035","-0.035","-0.035","-0.035","-65.45%"
"2020-03-17","-0.101","-0.101","-0.101","-0.101","-28.91%"
"2020-03-16","-0.142","-0.142","-0.142","-0.142","-1.72%"
"2020-03-13","-0.145","-0.145","-0.145","-0.145","-21.62%"
"2020-03-12","-0.185","-0.185","-0.185","-0.185","-4.54%"
"2020-03-11","-0.194","-0.194","-0.194","-0.194","-5.46%"
"2020-03-10","-0.205","-0.205","-0.205","-0.205","-29.91%"
"2020-03-09","-0.292","-0.292","-0.292","-0.292","27.84%"
"2020-03-06","-0.229","-0.229","-0.229","-0.229","12.32%"
"2020-03-05","-0.204","-0.204","-0.204","-0.204","0.59%"
"2020-03-04","-0.203","-0.203","-0.203","-0.203","31.66%"
"2020-03-03","-0.154","-0.154","-0.154","-0.154","-5.35%"
"2020-03-02","-0.162","-0.162","-0.162","-0.162","-5.14%"
"2020-02-28","-0.171","-0.171","-0.171","-0.171","26.89%"
"2020-02-27","-0.135","-0.135","-0.135","-0.135","16.08%"
"2020-02-26","-0.116","-0.116","-0.116","-0.116","-19.79%"
"2020-02-25","-0.145","-0.145","-0.145","-0.145","63.29%"
"2020-02-24","-0.089","-0.089","-0.089","-0.089","4.47%"
"2020-02-21","-0.085","-0.085","-0.085","-0.085","7.87%"
"2020-02-20","-0.079","-0.079","-0.079","-0.079","5.07%"
"2020-02-19","-0.075","-0.075","-0.075","-0.075","-1.70%"
"2020-02-18","-0.076","-0.076","-0.076","-0.076","35.52%"
"2020-02-17","-0.056","-0.056","-0.056","-0.056","15.37%"
"2020-02-14","-0.049","-0.049","-0.049","-0.049","0.00%"
"2020-02-13","-0.049","-0.049","-0.049","-0.049","-2.40%"
"2020-02-12","-0.050","-0.050","-0.050","-0.050","-20.00%"
"2020-02-11","-0.063","-0.063","-0.063","-0.063","0.00%"
"2020-02-10","-0.063","-0.063","-0.063","-0.063","28.07%"
"2020-02-07","-0.049","-0.049","-0.049","-0.049","25.77%"
"2020-02-06","-0.039","-0.039","-0.039","-0.039","-3.00%"
"2020-02-05","-0.040","-0.040","-0.040","-0.040","-18.03%"
"2020-02-04","-0.049","-0.049","-0.049","-0.049","-23.51%"
"2020-02-03","-0.064","-0.064","-0.064","-0.064","-3.77%"
"2020-01-31","-0.066","-0.066","-0.066","-0.066","3.92%"
"2020-01-30","-0.064","-0.064","-0.064","-0.064","121.53%"
"2020-01-29","-0.029","-0.029","-0.029","-0.029","9.51%"
"2020-01-28","-0.026","-0.026","-0.026","-0.026","-47.40%"
"2020-01-27","-0.050","-0.050","-0.050","-0.050","134.74%"
"2020-01-24","-0.021","-0.021","-0.021","-0.021","-45.10%"
"2020-01-23","-0.039","-0.039","-0.039","-0.039","41.09%"
"2020-01-22","-0.027","-0.027","-0.027","-0.027","-12.14%"
"2020-01-21","-0.031","-0.031","-0.031","-0.031","31.51%"
"2020-01-20","-0.024","-0.024","-0.024","-0.024","-9.51%"
"2020-01-17","-0.026","-0.026","-0.026","-0.026","952.00%"
"2020-01-16","-0.002","-0.002","-0.002","-0.002","-60.32%"
"2020-01-15","-0.006","-0.006","-0.006","-0.006","-74.80%"
"2020-01-14","-0.025","-0.025","-0.025","-0.025","150.00%"
"2020-01-13","-0.010","-0.010","-0.010","-0.010","-33.33%"
"2020-01-10","-0.015","-0.015","-0.015","-0.015","20.00%"
"2020-01-09","-0.013","-0.013","-0.013","-0.013","-28.57%"
"2020-01-08","-0.018","-0.018","-0.018","-0.018","75.00%"
"2020-01-07","-0.010","-0.010","-0.010","-0.010","-72.45%"
"2020-01-06","-0.036","-0.036","-0.036","-0.036","81.50%"
"2020-01-03","-0.020","-0.020","-0.020","-0.020","0.00%"
"2020-01-02","-0.020","-0.020","-0.020","-0.020","0.00%"
"2020-01-01","-0.020","-0.020","-0.020","-0.020","0.00%"
"2019-12-31","-0.020","-0.020","-0.020","-0.020","33.33%"
"2019-12-30","-0.015","-0.015","-0.015","-0.015","0.00%"
"2019-12-27","-0.015","-0.015","-0.015","-0.015","1,053.85%"
"2019-12-26","-0.001","-0.001","-0.001","-0.001","-65.79%"
"2019-12-25","-0.004","-0.004","-0.004","-0.004","-138.00%"
"2019-12-24","0.010","0.010","0.010","0.010","-300.00%"
"2019-12-23","-0.005","-0.005","-0.005","-0.005","-20.63%"
"2019-12-20","-0.006","-0.006","-0.006","-0.006","384.62%"
"2019-12-19","-0.001","-0.001","-0.001","-0.001","-88.50%"
"2019-12-18","-0.011","-0.011","-0.011","-0.011","-68.87%"
"2019-12-17","-0.036","-0.036","-0.036","-0.036","-19.33%"
"2019-12-16","-0.045","-0.045","-0.045","-0.045","43.77%"
"2019-12-13","-0.031","-0.031","-0.031","-0.031","78.86%"
"2019-12-12","-0.018","-0.018","-0.018","-0.018","-36.36%"
"2019-12-11","-0.027","-0.027","-0.027","-0.027","-47.62%"
"2019-12-10","-0.052","-0.052","-0.052","-0.052","82.29%"
"2019-12-09","-0.029","-0.029","-0.029","-0.029","-4.00%"
"2019-12-06","-0.030","-0.030","-0.030","-0.030","-33.33%"
"2019-12-05","-0.045","-0.045","-0.045","-0.045","-33.33%"
"2019-12-04","-0.068","-0.068","-0.068","-0.068","-20.59%"
"2019-12-03","-0.085","-0.085","-0.085","-0.085","36.00%"
"2019-12-02","-0.063","-0.063","-0.063","-0.063","-25.42%"
"2019-11-29","-0.084","-0.084","-0.084","-0.084","-4.23%"
"2019-11-28","-0.087","-0.087","-0.087","-0.087","-12.50%"
"2019-11-27","-0.100","-0.100","-0.100","-0.100","-1.28%"
"2019-11-26","-0.101","-0.101","-0.101","-0.101","32.77%"
"2019-11-25","-0.076","-0.076","-0.076","-0.076","7.16%"
"2019-11-22","-0.071","-0.071","-0.071","-0.071","-8.13%"
"2019-11-21","-0.078","-0.078","-0.078","-0.078","0.00%"
"2019-11-20","-0.078","-0.078","-0.078","-0.078","-18.42%"
"2019-11-19","-0.095","-0.095","-0.095","-0.095","24.51%"
"2019-11-18","-0.076","-0.076","-0.076","-0.076","10.90%"
"2019-11-15","-0.069","-0.069","-0.069","-0.069","-12.69%"
"2019-11-14","-0.079","-0.079","-0.079","-0.079","18.85%"
"2019-11-13","-0.066","-0.066","-0.066","-0.066","65.75%"
"2019-11-12","-0.040","-0.040","-0.040","-0.040","-47.58%"
"2019-11-11","-0.076","-0.076","-0.076","-0.076","56.35%"
"2019-11-08","-0.049","-0.049","-0.049","-0.049","-30.29%"
"2019-11-07","-0.070","-0.070","-0.070","-0.070","-31.71%"
"2019-11-06","-0.102","-0.102","-0.102","-0.102","-15.50%"
"2019-11-05","-0.121","-0.121","-0.121","-0.121","-14.09%"
"2019-11-04","-0.141","-0.141","-0.141","-0.141","-12.46%"
"2019-11-01","-0.161","-0.161","-0.161","-0.161","6.61%"
"2019-10-31","-0.151","-0.151","-0.151","-0.151","39.06%"
"2019-10-30","-0.109","-0.109","-0.109","-0.109","-11.18%"
"2019-10-29","-0.123","-0.123","-0.123","-0.123","-3.01%"
"2019-10-28","-0.126","-0.126","-0.126","-0.126","-0.94%"
"2019-10-25","-0.127","-0.127","-0.127","-0.127","-18.43%"
"2019-10-24","-0.156","-0.156","-0.156","-0.156","-3.82%"
"2019-10-23","-0.162","-0.162","-0.162","-0.162","12.53%"
"2019-10-22","-0.144","-0.144","-0.144","-0.144","-6.11%"
"2019-10-21","-0.154","-0.154","-0.154","-0.154","-3.15%"
"2019-10-18","-0.159","-0.159","-0.159","-0.159","11.44%"
"2019-10-17","-0.142","-0.142","-0.142","-0.142","0.00%"
"2019-10-16","-0.142","-0.142","-0.142","-0.142","-9.52%"
"2019-10-15","-0.157","-0.157","-0.157","-0.157","-7.35%"
"2019-10-14","-0.170","-0.170","-0.170","-0.170","15.25%"
"2019-10-11","-0.147","-0.147","-0.147","-0.147","-11.30%"
"2019-10-10","-0.166","-0.166","-0.166","-0.166","-5.67%"
"2019-10-09","-0.176","-0.176","-0.176","-0.176","-6.62%"
"2019-10-08","-0.189","-0.189","-0.189","-0.189","-5.60%"
"2019-10-07","-0.200","-0.200","-0.200","-0.200","10.31%"
"2019-10-04","-0.181","-0.181","-0.181","-0.181","-4.58%"
"2019-10-03","-0.190","-0.190","-0.190","-0.190","14.25%"
"2019-10-02","-0.166","-0.166","-0.166","-0.166","9.91%"
"2019-10-01","-0.151","-0.151","-0.151","-0.151","-15.38%"
"2019-09-30","-0.179","-0.179","-0.179","-0.179","-3.35%"
"2019-09-27","-0.185","-0.185","-0.185","-0.185","-3.29%"
"2019-09-26","-0.191","-0.191","-0.191","-0.191","5.52%"
"2019-09-25","-0.181","-0.181","-0.181","-0.181","2.14%"
"2019-09-24","-0.177","-0.177","-0.177","-0.177","5.15%"
"2019-09-23","-0.169","-0.169","-0.169","-0.169","0.00%"
"2019-09-20","-0.169","-0.169","-0.169","-0.169","2.30%"
"2019-09-19","-0.165","-0.165","-0.165","-0.165","15.79%"
"2019-09-18","-0.142","-0.142","-0.142","-0.142","16.33%"
"2019-09-17","-0.123","-0.123","-0.123","-0.123","7.64%"
"2019-09-16","-0.114","-0.114","-0.114","-0.114","0.00%"
"2019-09-13","-0.114","-0.114","-0.114","-0.114","-21.52%"
"2019-09-12","-0.145","-0.145","-0.145","-0.145","2.69%"
"2019-09-11","-0.141","-0.141","-0.141","-0.141","-8.19%"
"2019-09-10","-0.154","-0.154","-0.154","-0.154","0.00%"
"2019-09-09","-0.154","-0.154","-0.154","-0.154","0.85%"
"2019-09-06","-0.153","-0.153","-0.153","-0.153","8.00%"
"2019-09-05","-0.141","-0.141","-0.141","-0.141","-15.70%"
"2019-09-04","-0.168","-0.168","-0.168","-0.168","-5.63%"
"2019-09-03","-0.177","-0.177","-0.177","-0.177","5.97%"
"2019-09-02","-0.168","-0.168","-0.168","-0.168","3.08%"
"2019-08-30","-0.162","-0.162","-0.162","-0.162","-5.14%"
"2019-08-29","-0.171","-0.171","-0.171","-0.171","-0.70%"
"2019-08-28","-0.172","-0.172","-0.172","-0.172","-2.16%"
"2019-08-27","-0.176","-0.176","-0.176","-0.176","-4.08%"
"2019-08-26","-0.184","-0.184","-0.184","-0.184","9.73%"
"2019-08-23","-0.168","-0.168","-0.168","-0.168","2.26%"
"2019-08-22","-0.164","-0.164","-0.164","-0.164","-0.73%"
"2019-08-21","-0.165","-0.165","-0.165","-0.165","-1.49%"
"2019-08-20","-0.168","-0.168","-0.168","-0.168","2.26%"
"2019-08-19","-0.164","-0.164","-0.164","-0.164","-4.38%"
"2019-08-16","-0.171","-0.171","-0.171","-0.171","-3.49%"
"2019-08-15","-0.177","-0.177","-0.177","-0.177","0.68%"
"2019-08-14","-0.176","-0.176","-0.176","-0.176","0.00%"
"2019-08-13","-0.176","-0.176","-0.176","-0.176","4.44%"
"2019-08-12","-0.169","-0.169","-0.169","-0.169","-1.46%"
"2019-08-09","-0.171","-0.171","-0.171","-0.171","12.33%"
"2019-08-08","-0.153","-0.153","-0.153","-0.153","-1.61%"
"2019-08-07","-0.155","-0.155","-0.155","-0.155","9.77%"
"2019-08-06","-0.141","-0.141","-0.141","-0.141","-2.62%"
"2019-08-05","-0.145","-0.145","-0.145","-0.145","13.73%"
"2019-08-02","-0.127","-0.127","-0.127","-0.127","21.43%"
"2019-08-01","-0.105","-0.105","-0.105","-0.105","-11.62%"
"2019-07-31","-0.119","-0.119","-0.119","-0.119","0.00%"
"2019-07-30","-0.119","-0.119","-0.119","-0.119","5.60%"
"2019-07-29","-0.112","-0.112","-0.112","-0.112","0.00%"
"2019-07-26","-0.112","-0.112","-0.112","-0.112","3.40%"
"2019-07-25","-0.109","-0.109","-0.109","-0.109","-4.39%"
"2019-07-24","-0.114","-0.114","-0.114","-0.114","-6.18%"
"2019-07-23","-0.121","-0.121","-0.121","-0.121","5.48%"
"2019-07-22","-0.115","-0.115","-0.115","-0.115","-1.12%"
"2019-07-19","-0.116","-0.116","-0.116","-0.116","10.76%"
"2019-07-18","-0.105","-0.105","-0.105","-0.105","2.44%"
"2019-07-17","-0.102","-0.102","-0.102","-0.102","3.74%"
"2019-07-16","-0.099","-0.099","-0.099","-0.099","1.33%"
"2019-07-15","-0.097","-0.097","-0.097","-0.097","0.00%"
"2019-07-12","-0.097","-0.097","-0.097","-0.097","-8.28%"
"2019-07-11","-0.106","-0.106","-0.106","-0.106","4.94%"
"2019-07-10","-0.101","-0.101","-0.101","-0.101","-10.98%"
"2019-07-09","-0.114","-0.114","-0.114","-0.114","-7.10%"
"2019-07-08","-0.123","-0.123","-0.123","-0.123","-2.00%"
"2019-07-05","-0.125","-0.125","-0.125","-0.125","-9.09%"
"2019-07-04","-0.138","-0.138","-0.138","-0.138","4.72%"
"2019-07-03","-0.131","-0.131","-0.131","-0.131","1.00%"
"2019-07-02","-0.130","-0.130","-0.130","-0.130","2.93%"
"2019-07-01","-0.126","-0.126","-0.126","-0.126","-1.94%"
"2019-06-28","-0.129","-0.129","-0.129","-0.129","1.02%"
"2019-06-27","-0.127","-0.127","-0.127","-0.127","2.00%"
"2019-06-26","-0.125","-0.125","-0.125","-0.125","-8.29%"
"2019-06-25","-0.136","-0.136","-0.136","-0.136","0.00%"
"2019-06-24","-0.136","-0.136","-0.136","-0.136","-9.13%"
"2019-06-21","-0.150","-0.150","-0.150","-0.150","7.14%"
"2019-06-20","-0.140","-0.140","-0.140","-0.140","13.09%"
"2019-06-19","-0.124","-0.124","-0.124","-0.124","4.21%"
"2019-06-18","-0.119","-0.119","-0.119","-0.119","11.76%"
"2019-06-17","-0.106","-0.106","-0.106","-0.106","-4.49%"
"2019-06-14","-0.111","-0.111","-0.111","-0.111","0.00%"
"2019-06-13","-0.111","-0.111","-0.111","-0.111","7.23%"
"2019-06-12","-0.104","-0.104","-0.104","-0.104","5.06%"
"2019-06-11","-0.099","-0.099","-0.099","-0.099","-4.82%"
"2019-06-10","-0.104","-0.104","-0.104","-0.104","-1.14%"
"2019-06-07","-0.105","-0.105","-0.105","-0.105","-2.33%"
"2019-06-06","-0.108","-0.108","-0.108","-0.108","-13.17%"
"2019-06-05","-0.124","-0.124","-0.124","-0.124","47.73%"
"2019-06-04","-0.084","-0.084","-0.084","-0.084","7.30%"
"2019-06-03","-0.078","-0.078","-0.078","-0.078","13.52%"
"2019-05-31","-0.069","-0.069","-0.069","-0.069","17.01%"
"2019-05-30","-0.059","-0.059","-0.059","-0.059","-5.92%"
"2019-05-29","-0.063","-0.063","-0.063","-0.063","25.00%"
"2019-05-28","-0.050","-0.050","-0.050","-0.050","-4.76%"
"2019-05-27","-0.052","-0.052","-0.052","-0.052","10.53%"
"2019-05-24","-0.047","-0.047","-0.047","-0.047","0.00%"
"2019-05-23","-0.047","-0.047","-0.047","-0.047","0.00%"
"2019-05-22","-0.047","-0.047","-0.047","-0.047","2.59%"
"2019-05-21","-0.046","-0.046","-0.046","-0.046","19.33%"
"2019-05-20","-0.039","-0.039","-0.039","-0.039","-20.49%"
"2019-05-17","-0.049","-0.049","-0.049","-0.049","2.74%"
"2019-05-16","-0.047","-0.047","-0.047","-0.047","2.59%"
"2019-05-15","-0.046","-0.046","-0.046","-0.046","8.94%"
"2019-05-14","-0.043","-0.043","-0.043","-0.043","-2.97%"
"2019-05-13","-0.044","-0.044","-0.044","-0.044","-2.67%"
"2019-05-10","-0.045","-0.045","-0.045","-0.045","-2.81%"
"2019-05-09","-0.046","-0.046","-0.046","-0.046","2.89%"
"2019-05-08","-0.045","-0.045","-0.045","-0.045","12.50%"
"2019-05-07","-0.040","-0.040","-0.040","-0.040","3.09%"
"2019-05-06","-0.039","-0.039","-0.039","-0.039","0.00%"
"2019-05-03","-0.039","-0.039","-0.039","-0.039","0.00%"
"2019-05-02","-0.039","-0.039","-0.039","-0.039","0.00%"
"2019-05-01","-0.039","-0.039","-0.039","-0.039","0.00%"
"2019-04-30","-0.039","-0.039","-0.039","-0.039","0.00%"
"2019-04-29","-0.039","-0.039","-0.039","-0.039","-13.78%"
"2019-04-26","-0.045","-0.045","-0.045","-0.045","33.14%"
"2019-04-25","-0.034","-0.034","-0.034","-0.034","-3.43%"
"2019-04-24","-0.035","-0.035","-0.035","-0.035","3.55%"
"2019-04-23","-0.034","-0.034","-0.034","-0.034","-6.89%"
"2019-04-22","-0.036","-0.036","-0.036","-0.036","3.71%"
"2019-04-19","-0.035","-0.035","-0.035","-0.035","7.69%"
"2019-04-18","-0.032","-0.032","-0.032","-0.032","52.58%"
"2019-04-17","-0.021","-0.021","-0.021","-0.021","-19.01%"
"2019-04-16","-0.026","-0.026","-0.026","-0.026","-19.08%"
"2019-04-15","-0.032","-0.032","-0.032","-0.032","-7.14%"
"2019-04-12","-0.035","-0.035","-0.035","-0.035","-26.32%"
"2019-04-11","-0.047","-0.047","-0.047","-0.047","-11.71%"
"2019-04-10","-0.054","-0.054","-0.054","-0.054","10.25%"
"2019-04-09","-0.049","-0.049","-0.049","-0.049","-2.40%"
"2019-04-08","-0.050","-0.050","-0.050","-0.050","21.07%"
"2019-04-05","-0.041","-0.041","-0.041","-0.041","-5.71%"
"2019-04-04","-0.044","-0.044","-0.044","-0.044","-18.59%"
"2019-04-03","-0.054","-0.054","-0.054","-0.054","-18.85%"
"2019-04-02","-0.066","-0.066","-0.066","-0.066","8.16%"
"2019-04-01","-0.061","-0.061","-0.061","-0.061","-18.27%"
"2019-03-29","-0.075","-0.075","-0.075","-0.075","22.35%"
"2019-03-28","-0.061","-0.061","-0.061","-0.061","8.88%"
"2019-03-27","-0.056","-0.056","-0.056","-0.056","7.24%"
"2019-03-26","-0.052","-0.052","-0.052","-0.052","-8.70%"
"2019-03-25","-0.058","-0.058","-0.058","-0.058","0.00%"
"2019-03-22","-0.058","-0.058","-0.058","-0.058","17.83%"
"2019-03-21","-0.049","-0.049","-0.049","-0.049","8.44%"
"2019-03-20","-0.045","-0.045","-0.045","-0.045","-18.18%"
"2019-03-19","-0.055","-0.055","-0.055","-0.055","12.70%"
"2019-03-18","-0.049","-0.049","-0.049","-0.049","0.00%"
"2019-03-15","-0.049","-0.049","-0.049","-0.049","-7.05%"
"2019-03-14","-0.052","-0.052","-0.052","-0.052","-4.55%"
"2019-03-13","-0.055","-0.055","-0.055","-0.055","25.57%"
"2019-03-12","-0.044","-0.044","-0.044","-0.044","-12.40%"
"2019-03-11","-0.050","-0.050","-0.050","-0.050","7.99%"
"2019-03-08","-0.046","-0.046","-0.046","-0.046","2.89%"
"2019-03-07","-0.045","-0.045","-0.045","-0.045","15.98%"
"2019-03-06","-0.039","-0.039","-0.039","-0.039","19.38%"
"2019-03-05","-0.032","-0.032","-0.032","-0.032","-21.31%"
"2019-03-04","-0.041","-0.041","-0.041","-0.041","6.44%"
"2019-03-01","-0.039","-0.039","-0.039","-0.039","-3.00%"
"2019-02-28","-0.040","-0.040","-0.040","-0.040","-8.68%"
"2019-02-27","-0.044","-0.044","-0.044","-0.044","-2.67%"
"2019-02-26","-0.045","-0.045","-0.045","-0.045","0.00%"
"2019-02-25","-0.045","-0.045","-0.045","-0.045","-2.81%"
"2019-02-22","-0.046","-0.046","-0.046","-0.046","15.75%"
"2019-02-21","-0.040","-0.040","-0.040","-0.040","-5.88%"
"2019-02-20","-0.043","-0.043","-0.043","-0.043","-5.56%"
"2019-02-19","-0.045","-0.045","-0.045","-0.045","8.96%"
"2019-02-18","-0.041","-0.041","-0.041","-0.041","6.44%"
"2019-02-15","-0.039","-0.039","-0.039","-0.039","29.33%"
"2019-02-14","-0.030","-0.030","-0.030","-0.030","26.05%"
"2019-02-13","-0.024","-0.024","-0.024","-0.024","-13.45%"
"2019-02-12","-0.027","-0.027","-0.027","-0.027","-21.43%"
"2019-02-11","-0.035","-0.035","-0.035","-0.035","-12.50%"
"2019-02-08","-0.040","-0.040","-0.040","-0.040","45.45%"
"2019-02-07","-0.027","-0.027","-0.027","-0.027","-18.64%"
"2019-02-06","-0.034","-0.034","-0.034","-0.034","4.00%"
"2019-02-05","-0.032","-0.032","-0.032","-0.032","8.33%"
"2019-02-04","-0.030","-0.030","-0.030","-0.030","-7.69%"
"2019-02-01","-0.032","-0.032","-0.032","-0.032","-3.85%"
"2019-01-31","-0.034","-0.034","-0.034","-0.034","17.36%"
"2019-01-30","-0.029","-0.029","-0.029","-0.029","-16.28%"
"2019-01-29","-0.034","-0.034","-0.034","-0.034","19.44%"
"2019-01-28","-0.029","-0.029","-0.029","-0.029","-17.71%"
"2019-01-25","-0.035","-0.035","-0.035","-0.035","27.27%"
"2019-01-24","-0.027","-0.027","-0.027","-0.027","29.11%"
"2019-01-23","-0.021","-0.021","-0.021","-0.021","-26.04%"
"2019-01-22","-0.029","-0.029","-0.029","-0.029","-7.99%"
"2019-01-21","-0.031","-0.031","-0.031","-0.031","25.20%"
"2019-01-18","-0.025","-0.025","-0.025","-0.025","17.37%"
"2019-01-17","-0.021","-0.021","-0.021","-0.021","13.30%"
"2019-01-16","-0.019","-0.019","-0.019","-0.019","66.37%"
"2019-01-15","-0.011","-0.011","-0.011","-0.011","13.00%"
"2019-01-14","-0.010","-0.010","-0.010","-0.010","-33.33%"
"2019-01-11","-0.015","-0.015","-0.015","-0.015","200.00%"
"2019-01-10","-0.005","-0.005","-0.005","-0.005","100.00%"
"2019-01-09","-0.002","-0.002","-0.002","-0.002","0.00%"
"2019-01-08","-0.002","-0.002","-0.002","-0.002","-66.67%"
"2019-01-07","-0.007","-0.007","-0.007","-0.007","476.92%"
"2019-01-04","-0.001","-0.001","-0.001","-0.001","-48.00%"
"2019-01-03","-0.002","-0.002","-0.002","-0.002","-80.00%"
"2019-01-02","-0.013","-0.013","-0.013","-0.013","228.95%"
"2019-01-01","-0.004","-0.004","-0.004","-0.004","0.00%"
"2018-12-31","-0.004","-0.004","-0.004","-0.004","-49.33%"
"2018-12-28","-0.007","-0.007","-0.007","-0.007","-676.92%"
"2018-12-27","0.001","0.001","0.001","0.001","-120.63%"
"2018-12-26","-0.006","-0.006","-0.006","-0.006","-44.25%"
"2018-12-25","-0.011","-0.011","-0.011","-0.011","-397.37%"
"2018-12-24","0.004","0.004","0.004","0.004","0.00%"
"2018-12-21","0.004","0.004","0.004","0.004","-150.67%"
"2018-12-20","-0.007","-0.007","-0.007","-0.007","0.00%"
"2018-12-19","-0.007","-0.007","-0.007","-0.007","50.00%"
"2018-12-18","-0.005","-0.005","-0.005","-0.005","284.62%"
"2018-12-17","-0.001","-0.001","-0.001","-0.001","-200.00%"
"2018-12-14","0.001","0.001","0.001","0.001","-74.00%"
"2018-12-13","0.005","0.005","0.005","0.005","-33.33%"
"2018-12-12","0.007","0.007","0.007","0.007","476.92%"
"2018-12-11","0.001","0.001","0.001","0.001","-120.63%"
"2018-12-10","-0.006","-0.006","-0.006","-0.006","-265.79%"
"2018-12-07","0.004","0.004","0.004","0.004","-392.31%"
"2018-12-06","-0.001","-0.001","-0.001","-0.001","-134.21%"
"2018-12-05","0.004","0.004","0.004","0.004","-69.60%"
"2018-12-04","0.013","0.013","0.013","0.013","-41.31%"
"2018-12-03","0.021","0.021","0.021","0.021","-10.50%"
"2018-11-30","0.024","0.024","0.024","0.024","5.78%"
"2018-11-29","0.023","0.023","0.023","0.023","-38.02%"
"2018-11-28","0.036","0.036","0.036","0.036","15.97%"
"2018-11-27","0.031","0.031","0.031","0.031","-16.53%"
"2018-11-26","0.038","0.038","0.038","0.038","7.14%"
"2018-11-23","0.035","0.035","0.035","0.035","0.00%"
"2018-11-22","0.035","0.035","0.035","0.035","-3.58%"
"2018-11-21","0.036","0.036","0.036","0.036","-6.44%"
"2018-11-20","0.039","0.039","0.039","0.039","6.89%"
"2018-11-19","0.036","0.036","0.036","0.036","-3.20%"
"2018-11-16","0.038","0.038","0.038","0.038","-9.20%"
"2018-11-15","0.041","0.041","0.041","0.041","-10.80%"
"2018-11-14","0.046","0.046","0.046","0.046","2.89%"
"2018-11-13","0.045","0.045","0.045","0.045","5.88%"
"2018-11-12","0.043","0.043","0.043","0.043","0.00%"
"2018-11-09","0.043","0.043","0.043","0.043","-8.21%"
"2018-11-08","0.046","0.046","0.046","0.046","-7.40%"
"2018-11-07","0.050","0.050","0.050","0.050","-4.76%"
"2018-11-06","0.052","0.052","0.052","0.052","5.00%"
"2018-11-05","0.050","0.050","0.050","0.050","0.00%"
"2018-11-02","0.050","0.050","0.050","0.050","-9.09%"
"2018-11-01","0.055","0.055","0.055","0.055","-8.33%"
"2018-10-31","0.060","0.060","0.060","0.060","9.09%"
"2018-10-30","0.055","0.055","0.055","0.055","-4.35%"
"2018-10-29","0.058","0.058","0.058","0.058","6.88%"
"2018-10-26","0.054","0.054","0.054","0.054","-13.92%"
"2018-10-25","0.063","0.063","0.063","0.063","-3.85%"
"2018-10-24","0.065","0.065","0.065","0.065","-8.71%"
"2018-10-23","0.071","0.071","0.071","0.071","-5.07%"
"2018-10-22","0.075","0.075","0.075","0.075","5.19%"
"2018-10-19","0.071","0.071","0.071","0.071","-3.39%"
"2018-10-18","0.074","0.074","0.074","0.074","-1.60%"
"2018-10-17","0.075","0.075","0.075","0.075","-3.23%"
"2018-10-16","0.078","0.078","0.078","0.078","14.81%"
"2018-10-15","0.068","0.068","0.068","0.068","-6.90%"
"2018-10-12","0.072","0.072","0.072","0.072","-3.33%"
"2018-10-11","0.075","0.075","0.075","0.075","0.00%"
"2018-10-10","0.075","0.075","0.075","0.075","-4.82%"
"2018-10-09","0.079","0.079","0.079","0.079","-1.50%"
"2018-10-08","0.080","0.080","0.080","0.080","15.27%"
"2018-10-05","0.069","0.069","0.069","0.069","-14.64%"
"2018-10-04","0.081","0.081","0.081","0.081","18.17%"
"2018-10-03","0.069","0.069","0.069","0.069","-3.37%"
"2018-10-02","0.071","0.071","0.071","0.071","-6.68%"
"2018-10-01","0.076","0.076","0.076","0.076","1.73%"
"2018-09-28","0.075","0.075","0.075","0.075","11.11%"
"2018-09-27","0.068","0.068","0.068","0.068","-8.54%"
"2018-09-26","0.074","0.074","0.074","0.074","-1.60%"
"2018-09-25","0.075","0.075","0.075","0.075","3.45%"
"2018-09-24","0.072","0.072","0.072","0.072","0.00%"
"2018-09-21","0.072","0.072","0.072","0.072","3.57%"
"2018-09-20","0.070","0.070","0.070","0.070","-3.45%"
"2018-09-19","0.072","0.072","0.072","0.072","0.00%"
"2018-09-18","0.072","0.072","0.072","0.072","5.38%"
"2018-09-17","0.069","0.069","0.069","0.069","1.93%"
"2018-09-14","0.068","0.068","0.068","0.068","5.80%"
"2018-09-13","0.064","0.064","0.064","0.064","0.00%"
"2018-09-12","0.064","0.064","0.064","0.064","-1.85%"
"2018-09-11","0.065","0.065","0.065","0.065","0.00%"
"2018-09-10","0.065","0.065","0.065","0.065","0.00%"
"2018-09-07","0.065","0.065","0.065","0.065","4.00%"
"2018-09-06","0.063","0.063","0.063","0.063","-5.73%"
"2018-09-05","0.066","0.066","0.066","0.066","-1.78%"
"2018-09-04","0.068","0.068","0.068","0.068","0.00%"
"2018-09-03","0.068","0.068","0.068","0.068","1.81%"
"2018-08-31","0.066","0.066","0.066","0.066","0.00%"
"2018-08-30","0.066","0.066","0.066","0.066","8.16%"
"2018-08-29","0.061","0.061","0.061","0.061","2.17%"
"2018-08-28","0.060","0.060","0.060","0.060","4.35%"
"2018-08-27","0.058","0.058","0.058","0.058","-2.21%"
"2018-08-24","0.059","0.059","0.059","0.059","0.00%"
"2018-08-23","0.059","0.059","0.059","0.059","-2.00%"
"2018-08-22","0.060","0.060","0.060","0.060","2.04%"
"2018-08-21","0.059","0.059","0.059","0.059","-2.00%"
"2018-08-20","0.060","0.060","0.060","0.060","-2.12%"
"2018-08-17","0.061","0.061","0.061","0.061","-3.92%"
"2018-08-16","0.064","0.064","0.064","0.064","0.00%"
"2018-08-15","0.064","0.064","0.064","0.064","-5.48%"
"2018-08-14","0.068","0.068","0.068","0.068","3.85%"
"2018-08-13","0.065","0.065","0.065","0.065","1.88%"
"2018-08-10","0.064","0.064","0.064","0.064","-5.48%"
"2018-08-09","0.068","0.068","0.068","0.068","1.81%"
"2018-08-08","0.066","0.066","0.066","0.066","2.00%"
"2018-08-07","0.065","0.065","0.065","0.065","0.00%"
"2018-08-06","0.065","0.065","0.065","0.065","1.88%"
"2018-08-03","0.064","0.064","0.064","0.064","-13.55%"
"2018-08-02","0.074","0.074","0.074","0.074","0.00%"
"2018-08-01","0.074","0.074","0.074","0.074","34.18%"
"2018-07-31","0.055","0.055","0.055","0.055","-8.33%"
"2018-07-30","0.060","0.060","0.060","0.060","11.52%"
"2018-07-27","0.054","0.054","0.054","0.054","2.48%"
"2018-07-26","0.052","0.052","0.052","0.052","10.53%"
"2018-07-25","0.047","0.047","0.047","0.047","-2.66%"
"2018-07-24","0.049","0.049","0.049","0.049","-20.39%"
"2018-07-23","0.061","0.061","0.061","0.061","2.17%"
"2018-07-20","0.060","0.060","0.060","0.060","33.33%"
"2018-07-19","0.045","0.045","0.045","0.045","-5.26%"
"2018-07-18","0.047","0.047","0.047","0.047","2.59%"
"2018-07-17","0.046","0.046","0.046","0.046","2.89%"
"2018-07-16","0.045","0.045","0.045","0.045","0.00%"
"2018-07-13","0.045","0.045","0.045","0.045","-2.81%"
"2018-07-12","0.046","0.046","0.046","0.046","2.89%"
"2018-07-11","0.045","0.045","0.045","0.045","2.74%"
"2018-07-10","0.044","0.044","0.044","0.044","34.77%"
"2018-07-09","0.032","0.032","0.032","0.032","-23.53%"
"2018-07-06","0.043","0.043","0.043","0.043","23.55%"
"2018-07-05","0.034","0.034","0.034","0.034","-23.56%"
"2018-07-04","0.045","0.045","0.045","0.045","2.74%"
"2018-07-03","0.044","0.044","0.044","0.044","0.00%"
"2018-07-02","0.044","0.044","0.044","0.044","-7.79%"
"2018-06-29","0.047","0.047","0.047","0.047","0.00%"
"2018-06-28","0.047","0.047","0.047","0.047","-7.41%"
"2018-06-27","0.051","0.051","0.051","0.051","0.00%"
"2018-06-26","0.051","0.051","0.051","0.051","10.80%"
"2018-06-25","0.046","0.046","0.046","0.046","-11.81%"
"2018-06-22","0.052","0.052","0.052","0.052","-2.42%"
"2018-06-21","0.054","0.054","0.054","0.054","0.00%"
"2018-06-20","0.054","0.054","0.054","0.054","0.00%"
"2018-06-19","0.054","0.054","0.054","0.054","-2.18%"
"2018-06-18","0.055","0.055","0.055","0.055","0.00%"
"2018-06-15","0.055","0.055","0.055","0.055","-4.35%"
"2018-06-14","0.058","0.058","0.058","0.058","-2.21%"
"2018-06-13","0.059","0.059","0.059","0.059","-2.00%"
"2018-06-12","0.060","0.060","0.060","0.060","0.00%"
"2018-06-11","0.060","0.060","0.060","0.060","-2.12%"
"2018-06-08","0.061","0.061","0.061","0.061","2.17%"
"2018-06-07","0.060","0.060","0.060","0.060","-7.69%"
"2018-06-06","0.065","0.065","0.065","0.065","8.33%"
"2018-06-05","0.060","0.060","0.060","0.060","0.00%"