"日付","終値","始値","高値","安値","変化率 %"
"2026-02-18","1.973","1.954","1.982","1.912","0.10%"
"2026-02-17","1.971","2.012","2.029","1.963","-3.19%"
"2026-02-16","2.036","2.018","2.061","2.022","0.30%"
"2026-02-13","2.030","2.017","2.079","2.025","-0.10%"
"2026-02-12","2.032","2.040","2.091","2.023","-1.84%"
"2026-02-11","2.070","2.025","2.072","2.035","0.24%"
"2026-02-10","2.065","2.078","2.106","2.043","-1.57%"
"2026-02-09","2.098","2.064","2.138","2.064","1.55%"
"2026-02-06","2.066","2.032","2.098","1.989","1.42%"
"2026-02-05","2.037","2.037","2.088","2.036","-1.36%"
"2026-02-04","2.065","2.056","2.104","2.054","-0.15%"
"2026-02-03","2.068","2.045","2.107","2.047","0.05%"
"2026-02-02","2.067","2.049","2.096","2.035","0.68%"
"2026-01-30","2.053","2.059","2.089","2.041","-0.73%"
"2026-01-29","2.068","2.064","2.108","2.060","-0.48%"
"2026-01-28","2.078","2.084","2.129","2.056","-1.05%"
"2026-01-27","2.100","2.053","2.132","2.064","1.69%"
"2026-01-26","2.065","2.078","2.109","2.034","-0.82%"
"2026-01-23","2.082","2.039","2.112","2.048","1.36%"
"2026-01-22","2.054","2.097","2.114","2.051","-2.61%"
"2026-01-21","2.109","2.138","2.169","2.091","-2.23%"
"2026-01-20","2.157","2.073","2.210","2.084","3.21%"
"2026-01-19","2.090","2.022","2.121","2.024","3.16%"
"2026-01-16","2.026","2.002","2.050","2.007","0.65%"
"2026-01-15","2.013","1.997","2.047","1.987","0.85%"
"2026-01-14","1.996","2.013","2.053","1.994","-1.38%"
"2026-01-13","2.024","1.974","2.059","1.971","1.61%"
"2026-01-12","1.992","2.001","2.031","1.992","0.45%"
"2026-01-09","1.983","1.914","2.030","1.934","1.85%"
"2026-01-08","1.947","1.945","1.971","1.930","-0.76%"
"2026-01-07","1.962","1.960","2.009","1.961","-1.11%"
"2026-01-06","1.984","1.955","2.013","1.959","0.61%"
"2026-01-05","1.972","1.925","2.011","1.929","0.92%"
"2026-01-02","1.954","1.954","1.954","1.954","0.00%"
"2026-01-01","1.954","1.954","1.954","1.954","0.00%"
"2025-12-31","1.954","1.954","1.954","1.954","0.00%"
"2025-12-30","1.954","1.891","1.959","1.902","2.41%"
"2025-12-29","1.908","1.882","1.935","1.898","0.16%"
"2025-12-26","1.905","1.891","1.916","1.898","-0.21%"
"2025-12-25","1.909","1.866","1.914","1.871","1.27%"
"2025-12-24","1.885","1.860","1.933","1.873","-0.37%"
"2025-12-23","1.892","1.903","1.950","1.876","-1.82%"
"2025-12-22","1.927","1.882","1.970","1.883","1.74%"
"2025-12-19","1.894","1.830","1.916","1.837","2.71%"
"2025-12-18","1.844","1.837","1.871","1.832","-0.27%"
"2025-12-17","1.849","1.815","1.884","1.825","0.54%"
"2025-12-16","1.839","1.815","1.859","1.820","-1.87%"
"2025-12-15","1.874","1.813","1.874","1.805","2.85%"
"2025-12-12","1.822","1.780","1.847","1.792","1.00%"
"2025-12-11","1.804","1.786","1.828","1.783","-0.17%"
"2025-12-10","1.807","1.806","1.839","1.801","-0.28%"
"2025-12-09","1.812","1.819","1.845","1.801","-1.25%"
"2025-12-08","1.835","1.808","1.872","1.814","0.99%"
"2025-12-05","1.817","1.780","1.844","1.791","0.61%"
"2025-12-04","1.806","1.744","1.836","1.757","2.61%"
"2025-12-03","1.760","1.724","1.795","1.737","0.74%"
"2025-12-02","1.747","1.720","1.777","1.723","0.58%"
"2025-12-01","1.737","1.678","1.767","1.678","3.21%"
"2025-11-28","1.683","1.642","1.706","1.657","1.14%"
"2025-11-27","1.664","1.645","1.687","1.653","-0.06%"
"2025-11-26","1.665","1.639","1.697","1.655","-0.18%"
"2025-11-25","1.668","1.623","1.680","1.633","1.96%"
"2025-11-24","1.636","1.611","1.641","1.636","-0.18%"
"2025-11-21","1.639","1.645","1.668","1.627","-1.50%"
"2025-11-20","1.664","1.629","1.707","1.630","0.91%"
"2025-11-19","1.649","1.589","1.659","1.608","1.79%"
"2025-11-18","1.620","1.588","1.641","1.601","1.12%"
"2025-11-17","1.602","1.568","1.634","1.585","1.14%"
"2025-11-14","1.584","1.571","1.615","1.564","0.25%"
"2025-11-13","1.580","1.560","1.606","1.563","0.45%"
"2025-11-12","1.573","1.561","1.599","1.563","0.06%"
"2025-11-11","1.572","1.564","1.605","1.568","-0.82%"
"2025-11-10","1.585","1.550","1.619","1.564","1.54%"
"2025-11-07","1.561","1.548","1.591","1.549","0.71%"
"2025-11-06","1.550","1.544","1.592","1.546","-0.64%"
"2025-11-05","1.560","1.539","1.577","1.535","0.26%"
"2025-11-04","1.556","1.542","1.582","1.550","-0.06%"
"2025-11-03","1.557","1.532","1.568","1.552","0.71%"
"2025-10-31","1.546","1.516","1.568","1.527","0.78%"
"2025-10-30","1.534","1.545","1.566","1.523","-1.67%"
"2025-10-29","1.560","1.510","1.568","1.522","2.43%"
"2025-10-28","1.523","1.530","1.559","1.514","-1.55%"
"2025-10-27","1.547","1.528","1.578","1.539","0.39%"
"2025-10-24","1.541","1.522","1.567","1.531","-0.39%"
"2025-10-23","1.547","1.502","1.567","1.514","1.91%"
"2025-10-22","1.518","1.525","1.552","1.513","-1.36%"
"2025-10-21","1.539","1.524","1.567","1.520","-0.32%"
"2025-10-20","1.544","1.502","1.567","1.506","1.98%"
"2025-10-17","1.514","1.498","1.530","1.480","0.46%"
"2025-10-16","1.507","1.484","1.545","1.500","-0.07%"
"2025-10-15","1.508","1.482","1.532","1.494","0.47%"
"2025-10-14","1.501","1.521","1.542","1.493","0.60%"
"2025-10-13","1.492","1.510","1.544","1.486","-1.58%"
"2025-10-10","1.516","1.556","1.577","1.513","-3.62%"
"2025-10-09","1.573","1.553","1.594","1.551","0.13%"
"2025-10-08","1.571","1.552","1.597","1.562","0.06%"
"2025-10-07","1.570","1.571","1.606","1.558","-1.13%"
"2025-10-06","1.588","1.558","1.605","1.533","1.28%"
"2025-10-03","1.568","1.560","1.587","1.554","-0.06%"
"2025-10-02","1.569","1.543","1.598","1.544","0.32%"
"2025-10-01","1.564","1.538","1.591","1.542","0.64%"
"2025-09-30","1.554","1.522","1.574","1.521","1.50%"
"2025-09-29","1.531","1.520","1.562","1.516","0.33%"
"2025-09-26","1.526","1.518","1.561","1.519","-0.59%"
"2025-09-25","1.535","1.509","1.563","1.517","0.20%"
"2025-09-24","1.532","1.505","1.545","1.509","0.33%"
"2025-09-23","1.527","1.515","1.531","1.524","0.53%"
"2025-09-22","1.519","1.495","1.549","1.501","1.00%"
"2025-09-19","1.504","1.455","1.533","1.470","1.08%"
"2025-09-18","1.488","1.457","1.512","1.462","0.95%"
"2025-09-17","1.474","1.462","1.494","1.458","-0.07%"
"2025-09-16","1.475","1.460","1.514","1.454","-0.20%"
"2025-09-15","1.478","1.453","1.490","1.472","0.48%"
"2025-09-12","1.471","1.430","1.491","1.445","1.87%"
"2025-09-11","1.444","1.418","1.471","1.428","1.12%"
"2025-09-10","1.428","1.443","1.464","1.426","-1.99%"
"2025-09-09","1.457","1.416","1.479","1.415","1.67%"
"2025-09-08","1.433","1.414","1.464","1.422","-0.97%"
"2025-09-05","1.447","1.443","1.470","1.434","-0.62%"
"2025-09-04","1.456","1.486","1.504","1.452","-3.32%"
"2025-09-03","1.506","1.485","1.529","1.489","0.94%"
"2025-09-02","1.492","1.476","1.522","1.470","-0.27%"
"2025-09-01","1.496","1.454","1.521","1.462","0.67%"
"2025-08-29","1.486","1.466","1.496","1.483","-0.80%"
"2025-08-28","1.498","1.474","1.506","1.496","-0.47%"
"2025-08-27","1.505","1.481","1.514","1.505","-0.53%"
"2025-08-26","1.513","1.460","1.520","1.490","1.68%"
"2025-08-25","1.488","1.458","1.488","1.488","0.00%"
"2025-08-22","1.488","1.454","1.489","1.478","0.61%"
"2025-08-21","1.479","1.434","1.480","1.464","1.09%"
"2025-08-20","1.463","1.433","1.479","1.463","0.14%"
"2025-08-19","1.461","1.419","1.469","1.449","0.90%"
"2025-08-18","1.448","1.413","1.448","1.435","0.35%"
"2025-08-15","1.443","1.400","1.443","1.430","0.98%"
"2025-08-14","1.429","1.343","1.429","1.373","4.23%"
"2025-08-13","1.371","1.353","1.386","1.371","-0.72%"
"2025-08-12","1.381","1.339","1.384","1.364","0.95%"
"2025-08-11","1.368","1.338","1.368","1.368","0.00%"
"2025-08-08","1.368","1.319","1.368","1.349","1.48%"
"2025-08-07","1.348","1.331","1.361","1.344","-1.10%"
"2025-08-06","1.363","1.313","1.365","1.343","1.64%"
"2025-08-05","1.341","1.324","1.354","1.329","-1.03%"
"2025-08-04","1.355","1.325","1.368","1.345","0.00%"
"2025-08-01","1.355","1.389","1.419","1.354","-4.58%"
"2025-07-31","1.420","1.403","1.433","1.410","-0.98%"
"2025-07-30","1.434","1.390","1.434","1.420","1.06%"
"2025-07-29","1.419","1.393","1.433","1.419","1.99%"
"2025-07-28","1.391","1.420","1.391","1.384","2.30%"
"2025-07-11","1.360","1.332","1.361","1.360","1.87%"
"2025-07-10","1.335","1.335","1.335","1.329","-0.10%"
"2025-07-09","1.336","1.321","1.337","1.315","1.04%"
"2025-07-08","1.322","1.289","1.322","1.304","2.52%"
"2025-07-07","1.290","1.265","1.293","1.265","1.98%"
"2025-07-04","1.265","1.288","1.286","1.263","-1.94%"
"2025-07-03","1.290","1.269","1.290","1.268","1.78%"
"2025-07-02","1.268","1.250","1.268","1.250","1.50%"
"2025-07-01","1.249","1.253","1.251","1.240","-0.40%"
"2025-06-30","1.254","1.259","1.264","1.254","-0.40%"
"2025-06-27","1.259","1.242","1.259","1.241","1.21%"
"2025-06-26","1.244","1.227","1.244","1.227","1.43%"
"2025-06-25","1.226","1.242","1.242","1.212","-1.41%"
"2025-06-24","1.244","1.241","1.246","1.235","0.10%"
"2025-06-23","1.242","1.236","1.246","1.235","0.50%"
"2025-06-20","1.236","1.231","1.241","1.221","0.51%"
"2025-06-19","1.230","1.244","1.244","1.230","-1.20%"
"2025-06-18","1.245","1.273","1.281","1.245","-2.07%"
"2025-06-17","1.271","1.271","1.299","1.264","0.20%"
"2025-06-16","1.269","1.266","1.294","1.266","0.20%"
"2025-06-13","1.266","1.261","1.266","1.230","-0.20%"
"2025-06-12","1.269","1.286","1.293","1.269","-1.26%"
"2025-06-11","1.285","1.298","1.298","1.285","-1.06%"
"2025-06-10","1.299","1.288","1.305","1.288","0.98%"
"2025-06-09","1.286","1.280","1.298","1.280","0.48%"
"2025-06-06","1.280","1.281","1.281","1.264","-0.19%"
"2025-06-05","1.283","1.311","1.311","1.273","-2.29%"
"2025-06-04","1.313","1.293","1.319","1.294","1.64%"
"2025-06-03","1.291","1.300","1.300","1.281","-0.77%"
"2025-06-02","1.301","1.288","1.304","1.288","1.07%"
"2025-05-30","1.288","1.278","1.288","1.275","0.88%"
"2025-05-29","1.276","1.293","1.306","1.276","-1.35%"
"2025-05-28","1.294","1.253","1.301","1.254","3.40%"
"2025-05-27","1.251","1.289","1.289","1.232","-3.00%"
"2025-05-26","1.290","1.290","1.290","1.290","0.00%"
"2025-05-23","1.290","1.350","1.350","1.289","-4.54%"
"2025-05-22","1.351","1.325","1.359","1.326","2.08%"
"2025-05-21","1.324","1.315","1.324","1.305","0.57%"
"2025-05-20","1.316","1.288","1.316","1.288","2.34%"
"2025-05-19","1.286","1.276","1.296","1.275","0.78%"
"2025-05-16","1.276","1.270","1.276","1.253","0.39%"
"2025-05-15","1.271","1.286","1.290","1.271","-1.26%"
"2025-05-14","1.288","1.259","1.288","1.254","2.39%"
"2025-05-13","1.258","1.232","1.263","1.232","2.13%"
"2025-05-12","1.231","1.159","1.250","1.159","6.26%"
"2025-05-09","1.159","1.130","1.165","1.130","2.66%"
"2025-05-08","1.129","1.109","1.139","1.111","1.92%"
"2025-05-07","1.107","1.080","1.112","1.081","2.42%"
"2025-05-05","1.081","1.081","1.081","1.081","0.00%"
"2025-05-02","1.081","1.060","1.081","1.060","1.88%"
"2025-05-01","1.061","1.080","1.080","1.050","-1.85%"
"2025-04-30","1.081","1.111","1.111","1.081","-2.80%"
"2025-04-28","1.112","1.146","1.146","1.102","-2.95%"
"2025-04-25","1.146","1.106","1.148","1.106","3.85%"
"2025-04-24","1.104","1.133","1.133","1.094","-2.65%"
"2025-04-23","1.134","1.085","1.136","1.085","4.37%"
"2025-04-22","1.086","1.086","1.090","1.084","0.12%"
"2025-04-21","1.085","1.085","1.085","1.085","0.00%"
"2025-04-17","1.085","1.051","1.091","1.053","3.09%"
"2025-04-16","1.053","1.163","1.160","1.035","-9.36%"
"2025-04-15","1.161","1.115","1.168","1.116","4.26%"
"2025-04-14","1.114","1.077","1.125","1.077","3.73%"
"2025-04-11","1.074","1.104","1.110","1.038","-2.60%"
"2025-04-10","1.102","1.008","1.134","1.009","9.56%"
"2025-04-09","1.006","1.081","1.080","1.005","-7.04%"
"2025-04-08","1.082","0.961","1.130","0.962","12.90%"
"2025-04-07","0.959","1.005","1.006","0.913","-4.36%"
"2025-04-04","1.003","1.186","1.186","0.960","-15.32%"
"2025-04-03","1.184","1.329","1.329","1.176","-10.99%"
"2025-04-02","1.330","1.346","1.352","1.321","-1.30%"
"2025-04-01","1.347","1.346","1.359","1.340","0.28%"
"2025-03-31","1.344","1.391","1.391","1.335","-3.41%"
"2025-03-28","1.391","1.421","1.420","1.388","-2.28%"
"2025-03-27","1.424","1.439","1.439","1.416","-1.13%"
"2025-03-26","1.440","1.431","1.441","1.429","0.78%"
"2025-03-25","1.429","1.414","1.436","1.414","0.98%"
"2025-03-24","1.415","1.378","1.415","1.378","2.72%"
"2025-03-21","1.378","1.406","1.406","1.378","-1.96%"
"2025-03-19","1.405","1.380","1.406","1.376","1.72%"
"2025-03-18","1.381","1.369","1.383","1.370","1.01%"
"2025-03-17","1.367","1.367","1.367","1.364","0.00%"
"2025-03-14","1.367","1.386","1.386","1.361","-1.44%"
"2025-03-13","1.388","1.364","1.400","1.364","2.02%"
"2025-03-12","1.360","1.367","1.367","1.349","-0.91%"
"2025-03-11","1.372","1.388","1.388","1.354","-1.26%"
"2025-03-10","1.390","1.350","1.406","1.350","2.96%"
"2025-03-07","1.350","1.371","1.370","1.350","-1.73%"
"2025-03-06","1.374","1.362","1.394","1.362","0.92%"
"2025-03-05","1.361","1.305","1.361","1.310","4.41%"
"2025-03-04","1.304","1.326","1.326","1.304","-1.79%"
"2025-03-03","1.327","1.285","1.341","1.285","3.31%"
"2025-02-28","1.285","1.308","1.308","1.275","-1.82%"
"2025-02-27","1.309","1.275","1.320","1.275","2.75%"
"2025-02-26","1.274","1.254","1.281","1.254","1.70%"
"2025-02-25","1.253","1.301","1.301","1.253","-3.84%"
"2025-02-24","1.303","1.303","1.303","1.303","0.00%"
"2025-02-21","1.303","1.357","1.356","1.303","-4.14%"
"2025-02-20","1.359","1.365","1.365","1.340","-0.56%"
"2025-02-19","1.366","1.356","1.378","1.352","0.65%"
"2025-02-18","1.357","1.336","1.362","1.337","1.69%"
"2025-02-17","1.335","1.313","1.335","1.313","1.71%"
"2025-02-14","1.313","1.291","1.314","1.293","1.74%"
"2025-02-13","1.290","1.315","1.315","1.290","-2.00%"
"2025-02-12","1.316","1.253","1.316","1.255","5.19%"
"2025-02-11","1.251","1.251","1.251","1.251","0.00%"
"2025-02-10","1.251","1.263","1.265","1.251","-0.89%"
"2025-02-07","1.263","1.237","1.263","1.237","2.12%"
"2025-02-06","1.236","1.232","1.237","1.222","0.21%"
"2025-02-05","1.234","1.231","1.237","1.226","0.30%"
"2025-02-04","1.230","1.194","1.241","1.197","3.25%"
"2025-02-03","1.191","1.199","1.199","1.186","-0.63%"
"2025-01-31","1.199","1.175","1.200","1.194","2.24%"
"2025-01-30","1.173","1.164","1.180","1.164","0.86%"
"2025-01-29","1.163","1.169","1.169","1.155","-0.74%"
"2025-01-28","1.171","1.165","1.176","1.163","0.64%"
"2025-01-27","1.164","1.194","1.194","1.146","-2.51%"
"2025-01-24","1.194","1.180","1.201","1.180","1.27%"
"2025-01-23","1.179","1.160","1.179","1.160","1.73%"
"2025-01-22","1.159","1.154","1.168","1.154","0.55%"
"2025-01-21","1.153","1.150","1.159","1.150","0.32%"
"2025-01-20","1.149","1.161","1.161","1.149","-1.07%"
"2025-01-17","1.161","1.170","1.170","1.156","-0.85%"
"2025-01-16","1.171","1.184","1.184","1.160","-1.16%"
"2025-01-15","1.185","1.196","1.212","1.183","-0.84%"
"2025-01-14","1.195","1.194","1.199","1.189","0.21%"
"2025-01-13","1.192","1.192","1.192","1.192","0.00%"
"2025-01-10","1.192","1.153","1.192","1.154","3.70%"
"2025-01-09","1.150","1.170","1.170","1.150","-1.92%"
"2025-01-08","1.173","1.146","1.179","1.146","2.40%"
"2025-01-07","1.145","1.138","1.145","1.138","0.77%"
"2025-01-06","1.136","1.095","1.145","1.096","3.77%"
"2025-01-03","1.095","1.095","1.095","1.095","0.00%"
"2025-01-02","1.095","1.095","1.095","1.095","0.00%"
"2025-01-01","1.095","1.095","1.095","1.095","0.00%"
"2024-12-31","1.095","1.095","1.095","1.095","0.00%"
"2024-12-30","1.095","1.116","1.116","1.094","-1.91%"
"2024-12-27","1.116","1.071","1.116","1.071","4.08%"
"2024-12-25","1.072","1.072","1.072","1.072","-0.12%"
"2024-12-24","1.074","1.067","1.074","1.067","0.94%"
"2024-12-23","1.064","1.046","1.064","1.048","1.68%"
"2024-12-20","1.046","1.067","1.067","1.046","-2.34%"
"2024-12-19","1.071","1.076","1.075","1.050","-0.34%"
"2024-12-18","1.075","1.081","1.081","1.072","-0.81%"
"2024-12-17","1.084","1.080","1.094","1.082","0.46%"
"2024-12-16","1.079","1.058","1.080","1.058","2.01%"
"2024-12-13","1.058","1.054","1.058","1.049","0.11%"
"2024-12-12","1.056","1.071","1.071","1.054","-1.51%"
"2024-12-11","1.072","1.077","1.079","1.072","-0.58%"
"2024-12-10","1.079","1.066","1.079","1.066","1.30%"
"2024-12-09","1.065","1.054","1.065","1.051","1.06%"
"2024-12-06","1.054","1.082","1.082","1.053","-2.99%"
"2024-12-05","1.086","1.066","1.087","1.066","2.00%"
"2024-12-04","1.065","1.079","1.077","1.065","-1.39%"
"2024-12-03","1.080","1.099","1.099","1.074","-1.82%"
"2024-12-02","1.100","1.071","1.102","1.071","2.68%"
"2024-11-29","1.071","1.076","1.075","1.071","-0.58%"
"2024-11-28","1.077","1.085","1.086","1.077","-0.81%"
"2024-11-27","1.086","1.097","1.104","1.086","-0.79%"
"2024-11-26","1.095","1.089","1.096","1.087","0.46%"
"2024-11-25","1.090","1.089","1.097","1.090","0.11%"
"2024-11-22","1.089","1.111","1.110","1.089","-1.91%"
"2024-11-21","1.110","1.101","1.116","1.101","0.68%"
"2024-11-20","1.102","1.072","1.104","1.074","2.67%"
"2024-11-19","1.074","1.105","1.105","1.074","-2.94%"
"2024-11-18","1.106","1.106","1.109","1.099","0.00%"
"2024-11-15","1.106","1.087","1.106","1.087","1.84%"
"2024-11-14","1.086","1.070","1.086","1.070","1.76%"
"2024-11-13","1.067","1.050","1.074","1.050","1.78%"
"2024-11-12","1.049","1.034","1.049","1.034","1.70%"
"2024-11-11","1.031","1.021","1.031","1.021","0.98%"
"2024-11-08","1.021","1.020","1.034","1.021","0.25%"
"2024-11-07","1.019","1.024","1.031","1.019","-0.24%"
"2024-11-06","1.021","0.967","1.021","0.967","6.11%"
"2024-11-05","0.962","0.976","0.976","0.955","-1.53%"
"2024-11-04","0.978","0.978","0.978","0.978","0.00%"
"2024-11-01","0.978","0.994","0.994","0.970","-1.76%"
"2024-10-31","0.995","0.993","0.996","0.986","0.12%"
"2024-10-30","0.994","1.018","1.018","0.989","-2.57%"
"2024-10-29","1.020","1.003","1.021","1.003","1.87%"
"2024-10-28","1.001","0.974","1.001","0.999","2.82%"
"2024-10-25","0.974","0.985","0.985","0.969","-1.27%"
"2024-10-24","0.986","1.014","1.013","0.984","-2.83%"
"2024-10-23","1.015","1.005","1.016","1.008","1.12%"
"2024-10-22","1.004","1.010","1.015","1.001","-0.37%"
"2024-10-21","1.008","1.013","1.013","0.994","-0.49%"
"2024-10-18","1.013","1.008","1.025","1.008","0.62%"
"2024-10-17","1.006","0.970","1.006","0.970","3.87%"
"2024-10-16","0.969","0.981","0.981","0.969","-1.14%"
"2024-10-15","0.980","0.971","0.990","0.971","1.03%"
"2024-10-14","0.970","0.970","0.970","0.970","0.00%"
"2024-10-11","0.970","0.967","0.970","0.965","0.12%"
"2024-10-10","0.969","0.942","0.981","0.944","2.92%"
"2024-10-09","0.941","0.941","0.942","0.940","-0.13%"
"2024-10-08","0.942","0.941","0.945","0.930","-0.26%"
"2024-10-07","0.945","0.923","0.952","0.928","2.44%"
"2024-10-04","0.923","0.889","0.923","0.889","3.94%"
"2024-10-03","0.887","0.881","0.887","0.875","0.57%"
"2024-10-02","0.882","0.887","0.886","0.874","-0.71%"
"2024-10-01","0.889","0.911","0.911","0.887","-2.60%"
"2024-09-30","0.913","0.920","0.920","0.906","-0.82%"
"2024-09-27","0.920","0.880","0.921","0.855","4.39%"
"2024-09-26","0.881","0.886","0.889","0.880","-1.12%"
"2024-09-25","0.891","0.889","0.891","0.885","0.43%"
"2024-09-24","0.887","0.911","0.911","0.882","-2.74%"
"2024-09-23","0.913","0.913","0.913","0.913","0.00%"
"2024-09-20","0.913","0.921","0.925","0.904","-0.69%"
"2024-09-19","0.919","0.901","0.928","0.901","2.09%"
"2024-09-18","0.900","0.894","0.900","0.889","0.56%"
"2024-09-17","0.895","0.918","0.918","0.887","-2.59%"
"2024-09-16","0.919","0.919","0.919","0.919","0.00%"
"2024-09-13","0.919","0.919","0.921","0.906","-0.40%"
"2024-09-12","0.923","0.904","0.923","0.905","2.22%"
"2024-09-11","0.902","0.925","0.924","0.899","-2.57%"
"2024-09-10","0.926","0.925","0.936","0.925","0.54%"
"2024-09-09","0.921","0.887","0.929","0.921","4.10%"
"2024-09-06","0.885","0.887","0.901","0.881","-1.94%"
"2024-09-05","0.902","0.909","0.909","0.897","-0.82%"
"2024-09-04","0.910","0.945","0.942","0.910","-3.84%"
"2024-09-03","0.946","0.952","0.964","0.946","-0.53%"
"2024-09-02","0.951","0.942","0.951","0.944","0.93%"
"2024-08-30","0.942","0.901","0.942","0.905","1.20%"
"2024-08-29","0.931","0.901","0.934","0.900","-0.53%"
"2024-08-28","0.936","0.936","0.940","0.894","1.35%"
"2024-08-27","0.924","0.892","0.924","0.890","4.38%"
"2024-08-26","0.885","0.885","0.911","0.876","-2.89%"
"2024-08-23","0.911","0.882","0.929","0.891","-0.82%"
"2024-08-22","0.919","0.882","0.919","0.864","2.37%"
"2024-08-21","0.897","0.899","0.914","0.866","-2.58%"
"2024-08-20","0.921","0.900","0.930","0.885","-1.07%"
"2024-08-19","0.931","0.930","0.931","0.879","4.49%"
"2024-08-16","0.891","0.835","0.897","0.868","-0.28%"
"2024-08-15","0.894","0.835","0.894","0.811","7.52%"
"2024-08-14","0.831","0.813","0.850","0.805","-2.49%"
"2024-08-13","0.853","0.845","0.870","0.832","-2.16%"
"2024-08-12","0.871","0.861","0.871","0.853","0.00%"
"2024-08-09","0.871","0.859","0.910","0.861","-4.65%"
"2024-08-08","0.914","0.859","0.931","0.858","-1.74%"
"2024-08-07","0.930","0.902","0.941","0.834","3.47%"
"2024-08-06","0.899","0.874","0.924","0.861","4.66%"
"2024-08-05","0.859","0.805","0.911","0.769","-5.63%"
"2024-08-02","0.910","1.008","1.006","0.909","-9.68%"
"2024-08-01","1.008","1.008","1.043","0.970","-3.48%"
"2024-07-31","1.044","1.015","1.051","0.975","4.64%"
"2024-07-30","0.998","0.956","1.021","0.956","0.63%"
"2024-07-29","0.991","0.964","1.009","0.956","-1.73%"
"2024-07-26","1.009","0.995","1.026","0.984","-1.94%"
"2024-07-25","1.029","0.995","1.045","0.989","-1.66%"
"2024-07-24","1.046","1.014","1.048","1.005","1.08%"
"2024-07-23","1.035","1.008","1.043","1.004","-0.84%"
"2024-07-22","1.044","1.019","1.045","0.998","0.97%"
"2024-07-19","1.034","1.005","1.034","0.993","-0.36%"
"2024-07-18","1.038","1.005","1.039","1.001","0.48%"
"2024-07-17","1.033","0.996","1.035","0.971","0.73%"
"2024-07-16","1.025","0.985","1.049","0.976","-2.38%"
"2024-07-15","1.050","1.019","1.050","1.015","0.00%"
"2024-07-12","1.050","1.051","1.058","1.009","-0.83%"
"2024-07-11","1.059","1.051","1.086","1.031","-2.64%"
"2024-07-10","1.087","1.051","1.089","1.050","-0.23%"
"2024-07-09","1.090","1.058","1.090","0.935","0.00%"
"2024-07-08","1.090","1.063","1.095","1.053","1.04%"
"2024-07-05","1.079","1.061","1.091","1.040","-1.25%"
"2024-07-04","1.092","1.061","1.101","1.058","-0.35%"
"2024-07-03","1.096","1.086","1.122","1.056","-2.45%"
"2024-07-02","1.124","1.092","1.126","1.075","1.12%"
"2024-07-01","1.111","1.075","1.111","1.067","2.66%"
"2024-06-28","1.082","1.063","1.082","1.050","0.34%"
"2024-06-27","1.079","1.063","1.085","1.051","1.65%"
"2024-06-26","1.061","1.059","1.063","1.006","3.16%"
"2024-06-25","1.029","1.005","1.029","0.999","0.73%"
"2024-06-24","1.021","0.999","1.021","0.996","1.88%"
"2024-06-21","1.003","0.975","1.010","0.983","0.75%"
"2024-06-20","0.995","0.975","0.998","0.965","1.40%"
"2024-06-19","0.981","0.959","0.999","0.959","-1.51%"
"2024-06-18","0.996","0.976","0.996","0.965","0.76%"
"2024-06-17","0.989","0.956","0.989","0.952","0.51%"
"2024-06-14","0.984","1.008","1.040","0.954","-5.52%"
"2024-06-13","1.041","1.008","1.041","0.985","1.10%"
"2024-06-12","1.030","1.026","1.076","1.014","-4.52%"
"2024-06-11","1.079","1.055","1.092","1.044","-1.37%"
"2024-06-10","1.094","1.092","1.100","1.051","1.51%"
"2024-06-07","1.077","1.006","1.077","1.000","3.36%"
"2024-06-06","1.043","1.006","1.051","0.991","-1.42%"
"2024-06-05","1.058","1.041","1.075","1.021","-1.17%"
"2024-06-04","1.070","1.046","1.120","1.039","-4.68%"
"2024-06-03","1.122","1.090","1.134","1.075","-1.00%"
"2024-05-31","1.134","1.092","1.139","1.092","1.11%"
"2024-05-30","1.121","1.092","1.138","1.084","-1.64%"
"2024-05-29","1.140","1.139","1.144","1.094","3.64%"
"2024-05-28","1.100","1.066","1.106","1.058","3.66%"
"2024-05-27","1.061","1.061","1.080","1.045","-1.74%"
"2024-05-24","1.080","1.036","1.082","1.039","0.81%"
"2024-05-23","1.071","1.036","1.071","1.030","-0.11%"
"2024-05-22","1.072","1.074","1.077","1.028","2.02%"
"2024-05-21","1.051","1.028","1.060","1.025","-0.94%"
"2024-05-20","1.061","1.026","1.061","1.020","1.32%"
"2024-05-17","1.048","0.984","1.048","0.995","5.28%"
"2024-05-16","0.995","0.984","1.045","0.979","-0.50%"
"2024-05-15","1.000","1.016","1.061","1.000","-5.88%"
"2024-05-14","1.063","1.031","1.067","1.026","3.79%"
"2024-05-13","1.024","1.018","1.054","0.991","-0.13%"
"2024-05-10","1.025","0.995","1.030","0.984","-0.24%"
"2024-05-09","1.028","0.995","1.031","0.985","4.72%"
"2024-05-08","0.981","0.966","1.011","0.935","4.11%"
"2024-05-07","0.942","0.947","1.018","0.941","-1.31%"
"2024-05-06","0.955","0.979","1.019","0.955","-6.26%"
"2024-05-03","1.019","1.019","1.019","1.019","0.00%"
"2024-05-02","1.019","1.010","1.021","0.962","0.99%"
"2024-05-01","1.009","1.010","1.019","0.956","-1.10%"
"2024-04-30","1.020","0.961","1.023","0.954","0.00%"
"2024-04-29","1.020","1.021","1.021","0.966","0.00%"
"2024-04-26","1.020","0.999","1.056","0.974","-3.55%"
"2024-04-25","1.058","0.999","1.058","0.984","1.80%"
"2024-04-24","1.039","0.985","1.039","0.980","1.84%"
"2024-04-23","1.020","0.991","1.036","0.974","0.49%"
"2024-04-22","1.015","0.983","1.029","0.959","2.39%"
"2024-04-19","0.991","0.964","1.010","0.928","-1.98%"
"2024-04-18","1.011","0.964","1.020","0.961","-0.98%"
"2024-04-17","1.021","0.985","1.038","0.979","-1.08%"
"2024-04-16","1.033","0.981","1.034","0.966","1.59%"
"2024-04-15","1.016","0.964","1.016","0.955","1.75%"
"2024-04-12","0.999","0.985","1.015","0.952","-1.72%"
"2024-04-11","1.016","0.985","1.028","0.946","6.14%"
"2024-04-10","0.957","0.908","0.957","0.906","1.99%"
"2024-04-09","0.939","0.905","0.945","0.891","0.54%"
"2024-04-08","0.934","0.897","0.935","0.887","1.91%"
"2024-04-05","0.916","0.882","0.918","0.874","0.42%"
"2024-04-04","0.913","0.882","0.923","0.876","-0.41%"
"2024-04-03","0.916","0.876","0.916","0.870","0.27%"
"2024-04-02","0.914","0.874","0.920","0.851","6.42%"
"2024-04-01","0.859","0.859","0.881","0.858","0.73%"
"2024-03-29","0.853","0.840","0.853","0.831","-3.27%"
"2024-03-28","0.881","0.840","0.887","0.834","-0.84%"
"2024-03-27","0.889","0.858","0.910","0.856","-2.20%"
"2024-03-26","0.909","0.865","0.916","0.865","-0.68%"
"2024-03-25","0.915","0.871","0.915","0.864","0.68%"
"2024-03-22","0.909","0.880","0.924","0.881","-1.09%"
"2024-03-21","0.919","0.880","0.919","0.865","3.09%"
"2024-03-20","0.891","0.860","0.865","0.855","0.00%"
"2024-03-19","0.891","0.865","0.896","0.840","0.15%"
"2024-03-18","0.890","0.865","0.924","0.850","-0.28%"
"2024-03-17","0.892","0.924","0.924","0.886","-3.39%"
"2024-03-15","0.924","0.890","0.938","0.884","-1.60%"
"2024-03-14","0.939","0.890","0.940","0.884","1.90%"
"2024-03-13","0.921","0.880","0.921","0.873","0.14%"
"2024-03-12","0.920","0.887","0.924","0.882","-0.54%"
"2024-03-11","0.925","0.895","0.929","0.887","4.08%"
"2024-03-10","0.889","0.918","0.918","0.869","-3.14%"
"2024-03-09","0.918","0.918","0.918","0.918","0.00%"
"2024-03-08","0.918","0.874","0.918","0.864","0.68%"
"2024-03-07","0.911","0.874","0.911","0.841","5.05%"
"2024-03-06","0.868","0.845","0.875","0.834","-1.00%"
"2024-03-05","0.876","0.855","0.904","0.849","-3.17%"
"2024-03-04","0.905","0.873","0.906","0.859","5.23%"
"2024-03-03","0.860","0.904","0.904","0.860","-5.11%"
"2024-03-01","0.906","0.904","0.910","0.874","-0.41%"
"2024-02-29","0.910","0.885","0.926","0.863","4.60%"
"2024-02-28","0.870","0.870","0.909","0.865","-3.87%"
"2024-02-27","0.905","0.868","0.905","0.865","0.84%"
"2024-02-26","0.897","0.858","0.935","0.858","1.13%"
"2024-02-25","0.887","0.934","0.934","0.887","-0.97%"
"2024-02-23","0.896","0.896","0.896","0.896","0.00%"
"2024-02-22","0.896","0.900","0.938","0.884","-4.54%"
"2024-02-21","0.939","0.900","0.945","0.900","-0.92%"
"2024-02-20","0.947","0.915","0.955","0.913","-0.92%"
"2024-02-19","0.956","0.919","0.970","0.919","2.97%"
"2024-02-18","0.929","0.970","0.970","0.926","-4.26%"
"2024-02-16","0.970","0.919","0.978","0.916","1.57%"
"2024-02-15","0.955","0.919","0.981","0.910","-2.93%"
"2024-02-14","0.984","0.950","0.988","0.930","-0.63%"
"2024-02-13","0.990","0.923","0.996","0.919","2.99%"
"2024-02-12","0.961","0.928","0.961","0.925","0.00%"
"2024-02-11","0.961","0.961","0.961","0.961","0.00%"
"2024-02-09","0.961","0.910","0.962","0.913","0.92%"
"2024-02-08","0.952","0.910","0.952","0.902","-0.14%"
"2024-02-07","0.954","0.921","0.962","0.906","0.14%"
"2024-02-06","0.952","0.925","0.976","0.913","-2.56%"
"2024-02-05","0.978","0.930","0.978","0.919","6.11%"
"2024-02-04","0.921","0.952","0.952","0.874","-3.29%"
"2024-02-03","0.952","0.952","0.952","0.952","0.00%"
"2024-02-02","0.952","0.889","0.952","0.866","3.25%"
"2024-02-01","0.923","0.889","0.960","0.877","-3.79%"
"2024-01-31","0.959","0.931","0.974","0.929","-0.12%"
"2024-01-30","0.960","0.915","0.960","0.911","0.26%"
"2024-01-29","0.957","0.918","0.965","0.909","0.79%"
"2024-01-28","0.950","0.950","0.950","0.908","0.00%"
"2024-01-27","0.950","0.950","0.950","0.950","0.00%"
"2024-01-26","0.950","0.951","0.983","0.905","-3.44%"
"2024-01-25","0.984","0.951","0.989","0.910","2.48%"
"2024-01-24","0.960","0.918","0.960","0.913","4.20%"
"2024-01-23","0.921","0.886","0.928","0.831","3.95%"
"2024-01-22","0.886","0.855","0.906","0.839","2.32%"
"2024-01-21","0.866","0.906","0.906","0.866","-4.42%"
"2024-01-20","0.906","0.906","0.906","0.906","0.00%"
"2024-01-19","0.906","0.844","0.909","0.844","3.13%"
"2024-01-18","0.879","0.844","0.886","0.810","5.88%"
"2024-01-17","0.830","0.790","0.835","0.790","1.68%"
"2024-01-16","0.816","0.786","0.817","0.769","4.16%"
"2024-01-15","0.784","0.794","0.794","0.746","2.96%"
"2024-01-14","0.761","0.794","0.794","0.761","-4.11%"
"2024-01-12","0.794","0.824","0.825","0.767","-3.49%"
"2024-01-11","0.822","0.819","0.839","0.776","-2.37%"
"2024-01-10","0.842","0.808","0.850","0.796","-0.15%"
"2024-01-09","0.844","0.827","0.854","0.805","-1.31%"
"2024-01-08","0.855","0.855","0.855","0.827","0.00%"
"2024-01-05","0.855","0.855","0.855","0.855","-1.30%"
"2024-01-04","0.866","0.866","0.866","0.866","-2.26%"
"2024-01-03","0.886","0.886","0.886","0.886","0.00%"
"2024-01-02","0.886","0.886","0.886","0.886","0.00%"
"2024-01-01","0.886","0.886","0.886","0.886","0.00%"
"2023-12-31","0.886","0.886","0.886","0.886","0.00%"
"2023-12-29","0.886","0.824","0.887","0.841","3.06%"
"2023-12-28","0.860","0.824","0.864","0.817","-0.58%"
"2023-12-27","0.865","0.834","0.877","0.822","0.87%"
"2023-12-26","0.858","0.858","0.860","0.845","2.08%"
"2023-12-25","0.840","0.840","0.877","0.815","0.00%"
"2023-12-24","0.840","0.879","0.879","0.840","-4.42%"
"2023-12-22","0.879","0.816","0.882","0.834","2.93%"
"2023-12-21","0.854","0.816","0.854","0.791","3.96%"
"2023-12-20","0.821","0.775","0.841","0.769","-2.52%"
"2023-12-19","0.842","0.810","0.905","0.788","-9.54%"
"2023-12-18","0.931","0.881","0.944","0.881","2.06%"
"2023-12-17","0.913","0.944","0.944","0.901","-3.32%"
"2023-12-15","0.944","0.868","0.961","0.897","2.59%"
"2023-12-14","0.920","0.868","0.949","0.841","-3.29%"
"2023-12-13","0.951","0.913","0.980","0.854","-3.30%"
"2023-12-12","0.984","0.934","1.033","0.916","-4.84%"
"2023-12-11","1.034","0.990","1.071","0.985","-0.47%"
"2023-12-10","1.039","1.071","1.071","1.004","-3.04%"
"2023-12-08","1.071","0.986","1.072","0.995","4.01%"
"2023-12-07","1.030","0.986","1.051","0.879","14.76%"
"2023-12-06","0.897","0.853","0.924","0.841","-2.97%"
"2023-12-05","0.925","0.890","0.979","0.863","-5.61%"
"2023-12-04","0.980","0.919","0.981","0.889","9.35%"
"2023-12-03","0.896","0.981","0.981","0.896","-8.67%"
"2023-12-01","0.981","0.905","0.995","0.928","1.16%"
"2023-11-30","0.970","0.905","0.970","0.850","3.47%"
"2023-11-29","0.938","0.895","1.023","0.890","-8.76%"
"2023-11-28","1.028","0.980","1.034","0.956","-0.61%"
"2023-11-27","1.034","0.991","1.045","0.974","4.04%"
"2023-11-26","0.994","1.045","1.045","0.993","-4.91%"
"2023-11-24","1.045","0.936","1.053","0.942","5.15%"
"2023-11-23","0.994","0.936","0.946","0.936","0.00%"
"2023-11-22","0.994","0.905","0.995","0.902","4.34%"
"2023-11-21","0.952","0.905","0.988","0.887","-4.64%"
"2023-11-20","0.999","0.944","1.004","0.926","4.86%"
"2023-11-19","0.952","0.988","0.988","0.924","-3.54%"
"2023-11-18","0.988","0.988","0.988","0.988","0.00%"
"2023-11-17","0.988","0.980","1.021","0.914","-3.78%"
"2023-11-16","1.026","0.980","1.045","0.954","-1.90%"
"2023-11-15","1.046","0.980","1.067","0.955","-2.11%"
"2023-11-14","1.069","1.041","1.135","0.991","-6.15%"
"2023-11-13","1.139","1.076","1.140","1.059","7.69%"
"2023-11-12","1.058","1.107","1.107","1.048","-4.51%"
"2023-11-11","1.107","1.107","1.107","1.107","0.00%"
"2023-11-10","1.107","1.024","1.116","1.041","1.84%"
"2023-11-09","1.087","1.024","1.090","1.018","-0.35%"
"2023-11-08","1.091","1.036","1.133","1.019","-3.75%"
"2023-11-07","1.134","1.069","1.136","1.060","0.00%"
"2023-11-06","1.134","1.084","1.166","1.050","4.37%"
"2023-11-05","1.086","1.165","1.165","1.072","-6.76%"
"2023-11-04","1.165","1.126","1.165","1.126","3.44%"
"2023-11-03","1.126","1.126","1.126","1.126","-3.32%"
"2023-11-02","1.165","1.155","1.205","1.102","-3.42%"
"2023-11-01","1.206","1.155","1.222","1.129","0.73%"
"2023-10-31","1.197","1.154","1.220","1.104","5.85%"
"2023-10-30","1.131","1.112","1.216","1.100","2.97%"
"2023-10-29","1.099","1.161","1.161","1.090","-1.95%"
"2023-10-28","1.121","1.121","1.121","1.121","-3.50%"
"2023-10-27","1.161","1.094","1.164","1.086","0.86%"
"2023-10-26","1.151","1.094","1.164","1.086","5.68%"
"2023-10-25","1.089","1.069","1.139","1.060","-3.28%"
"2023-10-24","1.126","1.059","1.134","1.041","2.34%"
"2023-10-23","1.101","1.136","1.145","1.060","3.10%"
"2023-10-22","1.067","1.102","1.102","1.046","-3.17%"
"2023-10-20","1.102","1.122","1.121","1.034","-1.68%"
"2023-10-19","1.121","1.122","1.122","1.025","4.06%"
"2023-10-18","1.077","1.014","1.077","1.009","6.95%"
"2023-10-17","1.008","0.993","1.065","0.955","-0.87%"
"2023-10-16","1.016","0.949","1.016","0.939","5.86%"
"2023-10-15","0.960","0.996","0.996","0.935","-1.16%"
"2023-10-14","0.971","0.971","0.971","0.971","-2.51%"
"2023-10-13","0.996","0.965","1.011","0.944","4.46%"
"2023-10-12","0.954","0.930","1.006","0.928","-4.86%"
"2023-10-11","1.003","0.975","1.045","0.931","-4.18%"
"2023-10-10","1.046","0.975","1.070","0.951","-2.34%"
"2023-10-09","1.071","1.071","1.071","0.976","0.00%"
"2023-10-08","1.071","1.071","1.071","1.071","4.46%"
"2023-10-07","1.026","1.026","1.026","1.026","-4.27%"
"2023-10-06","1.071","1.034","1.079","1.001","-0.92%"
"2023-10-05","1.081","1.008","1.089","1.001","4.16%"
"2023-10-04","1.038","0.998","1.096","0.998","3.75%"
"2023-10-03","1.001","0.993","1.051","0.966","-0.68%"
"2023-10-02","1.008","0.973","1.054","0.973","1.83%"
"2023-10-01","0.989","1.018","1.018","0.959","-2.76%"
"2023-09-30","1.018","1.018","1.018","1.018","0.00%"
"2023-09-29","1.018","0.942","1.025","0.941","-0.86%"
"2023-09-28","1.026","0.928","1.026","0.928","4.72%"
"2023-09-27","0.980","0.906","0.980","0.904","1.29%"
"2023-09-26","0.967","0.911","0.974","0.905","0.38%"
"2023-09-25","0.964","0.902","0.964","0.886","6.95%"
"2023-09-24","0.901","0.920","0.957","0.900","-2.04%"
"2023-09-23","0.920","0.920","0.920","0.920","-3.80%"
"2023-09-22","0.956","0.913","1.034","0.894","2.41%"
"2023-09-21","0.934","0.932","0.980","0.905","-1.45%"
"2023-09-20","0.947","0.899","0.959","0.894","-1.30%"
"2023-09-19","0.960","0.915","0.960","0.892","1.05%"
"2023-09-18","0.950","0.913","0.950","0.891","0.00%"
"2023-09-17","0.950","0.950","0.950","0.950","0.00%"
"2023-09-15","0.950","0.899","0.951","0.881","-0.92%"
"2023-09-14","0.959","0.905","0.961","0.874","4.92%"
"2023-09-13","0.914","0.913","0.952","0.880","-3.69%"
"2023-09-12","0.949","0.889","0.951","0.885","1.21%"
"2023-09-11","0.938","0.889","0.945","0.877","5.34%"
"2023-09-10","0.890","0.885","0.911","0.837","0.56%"
"2023-09-08","0.885","0.831","0.890","0.824","3.21%"
"2023-09-07","0.858","0.839","0.894","0.826","0.43%"
"2023-09-06","0.854","0.845","0.895","0.827","-4.74%"
"2023-09-05","0.896","0.834","0.896","0.832","1.70%"
"2023-09-04","0.881","0.825","0.881","0.822","3.61%"
"2023-09-03","0.851","0.870","0.870","0.810","-2.23%"
"2023-09-01","0.870","0.842","0.880","0.806","-1.42%"
"2023-08-31","0.882","0.830","0.890","0.817","3.52%"
"2023-08-30","0.853","0.842","0.887","0.820","-2.72%"
"2023-08-29","0.876","0.810","0.886","0.809","2.94%"
"2023-08-28","0.851","0.831","0.887","0.813","-0.29%"
"2023-08-27","0.854","0.850","0.889","0.825","-3.94%"
"2023-08-25","0.889","0.830","0.895","0.820","-0.84%"
"2023-08-24","0.896","0.824","0.896","0.814","4.06%"
"2023-08-23","0.861","0.835","0.913","0.825","-4.44%"
"2023-08-22","0.901","0.866","0.908","0.835","0.14%"
"2023-08-21","0.900","0.817","0.901","0.817","7.22%"
"2023-08-20","0.839","0.871","0.871","0.810","-3.66%"
"2023-08-18","0.871","0.854","0.899","0.810","-3.19%"
"2023-08-17","0.900","0.839","0.902","0.814","8.11%"
"2023-08-16","0.832","0.817","0.881","0.809","-5.67%"
"2023-08-15","0.882","0.833","0.887","0.798","1.00%"
"2023-08-14","0.874","0.826","0.874","0.800","8.55%"
"2023-08-13","0.805","0.839","0.839","0.769","4.72%"
"2023-08-11","0.769","0.769","0.769","0.769","-8.36%"
"2023-08-10","0.839","0.769","0.839","0.767","1.98%"
"2023-08-09","0.822","0.794","0.837","0.748","2.25%"
"2023-08-08","0.804","0.805","0.858","0.769","-1.76%"
"2023-08-07","0.819","0.814","0.861","0.785","0.61%"
"2023-08-06","0.814","0.832","0.861","0.791","-5.51%"
"2023-08-04","0.861","0.806","0.875","0.805","3.61%"
"2023-08-03","0.831","0.793","0.876","0.788","3.83%"
"2023-08-02","0.801","0.761","0.856","0.760","-3.11%"
"2023-08-01","0.826","0.764","0.827","0.748","5.01%"
"2023-07-31","0.787","0.749","0.830","0.749","1.94%"
"2023-07-30","0.772","0.785","0.785","0.726","-1.67%"
"2023-07-29","0.785","0.785","0.785","0.785","0.00%"
"2023-07-28","0.785","0.695","0.793","0.665","17.37%"
"2023-07-27","0.669","0.646","0.721","0.598","4.60%"
"2023-07-26","0.639","0.624","0.680","0.608","-1.54%"
"2023-07-25","0.649","0.624","0.681","0.620","2.27%"
"2023-07-24","0.635","0.611","0.680","0.605","-0.20%"
"2023-07-23","0.636","0.654","0.654","0.584","-2.68%"
"2023-07-21","0.654","0.694","0.731","0.570","-10.90%"
"2023-07-20","0.734","0.666","0.734","0.651","6.35%"
"2023-07-19","0.690","0.702","0.739","0.665","-6.76%"
"2023-07-18","0.740","0.704","0.767","0.676","-2.48%"
"2023-07-17","0.759","0.759","0.759","0.705","0.00%"
"2023-07-16","0.759","0.714","0.759","0.714","0.00%"
"2023-07-14","0.759","0.695","0.774","0.688","2.54%"
"2023-07-13","0.740","0.681","0.740","0.671","2.86%"
"2023-07-12","0.719","0.680","0.760","0.651","0.43%"
"2023-07-11","0.716","0.658","0.719","0.644","0.18%"
"2023-07-10","0.715","0.642","0.729","0.641","11.95%"
"2023-07-09","0.639","0.641","0.673","0.615","-5.03%"
"2023-07-08","0.673","0.673","0.673","0.673","0.00%"
"2023-07-07","0.673","0.613","0.676","0.587","6.75%"
"2023-07-06","0.630","0.556","0.630","0.550","10.53%"
"2023-07-05","0.570","0.582","0.610","0.545","-6.76%"
"2023-07-04","0.611","0.574","0.623","0.554","2.84%"
"2023-07-03","0.594","0.598","0.630","0.564","-0.73%"
"2023-07-02","0.599","0.625","0.625","0.572","-0.71%"
"2023-07-01","0.603","0.603","0.603","0.603","-3.50%"
"2023-06-30","0.625","0.558","0.634","0.558","1.00%"
"2023-06-29","0.619","0.553","0.619","0.548","1.23%"
"2023-06-28","0.611","0.579","0.615","0.550","2.09%"
"2023-06-27","0.599","0.546","0.599","0.522","9.49%"
"2023-06-26","0.547","0.539","0.595","0.516","2.00%"
"2023-06-25","0.536","0.595","0.595","0.536","-9.88%"
"2023-06-23","0.595","0.559","0.605","0.539","-1.86%"
"2023-06-22","0.606","0.554","0.609","0.544","-0.61%"
"2023-06-21","0.610","0.555","0.613","0.549","3.94%"
"2023-06-20","0.587","0.604","0.637","0.554","-8.12%"
"2023-06-19","0.639","0.609","0.645","0.575","10.14%"
"2023-06-18","0.580","0.645","0.645","0.580","-4.92%"
"2023-06-17","0.610","0.610","0.610","0.610","-5.43%"
"2023-06-16","0.645","0.637","0.659","0.579","-2.27%"
"2023-06-15","0.660","0.592","0.666","0.589","1.93%"
"2023-06-14","0.647","0.604","0.656","0.594","-0.38%"
"2023-06-13","0.650","0.599","0.654","0.581","4.00%"
"2023-06-12","0.625","0.624","0.656","0.586","5.04%"
"2023-06-11","0.595","0.626","0.656","0.595","-4.89%"
"2023-06-09","0.626","0.629","0.665","0.601","-5.40%"
"2023-06-08","0.661","0.605","0.668","0.596","7.20%"
"2023-06-07","0.617","0.613","0.650","0.584","-5.09%"
"2023-06-06","0.650","0.632","0.663","0.587","-2.06%"
"2023-06-05","0.664","0.605","0.669","0.605","5.67%"
"2023-06-04","0.628","0.614","0.651","0.589","-3.56%"
"2023-06-02","0.651","0.616","0.651","0.589","-0.18%"
"2023-06-01","0.652","0.637","0.670","0.592","-2.80%"
"2023-05-31","0.671","0.626","0.671","0.596","4.99%"
"2023-05-30","0.639","0.632","0.674","0.601","2.71%"
"2023-05-29","0.623","0.611","0.663","0.610","-1.58%"
"2023-05-28","0.632","0.627","0.663","0.606","-4.53%"
"2023-05-26","0.663","0.635","0.682","0.604","-2.04%"
"2023-05-25","0.676","0.590","0.676","0.590","10.87%"
"2023-05-24","0.610","0.581","0.646","0.579","0.41%"
"2023-05-23","0.608","0.594","0.641","0.565","-2.22%"
"2023-05-22","0.621","0.570","0.626","0.556","4.31%"
"2023-05-21","0.596","0.626","0.626","0.571","-5.46%"
"2023-05-19","0.630","0.580","0.631","0.571","0.19%"
"2023-05-18","0.629","0.569","0.629","0.545","12.03%"
"2023-05-17","0.561","0.595","0.620","0.531","-10.02%"
"2023-05-16","0.624","0.581","0.632","0.559","7.55%"
"2023-05-15","0.580","0.586","0.634","0.565","2.89%"
"2023-05-14","0.564","0.577","0.608","0.554","-7.21%"
"2023-05-13","0.608","0.608","0.608","0.608","0.00%"
"2023-05-12","0.608","0.581","0.608","0.529","3.40%"
"2023-05-11","0.587","0.575","0.631","0.553","-7.11%"
"2023-05-10","0.632","0.599","0.652","0.575","-3.44%"
"2023-05-09","0.655","0.622","0.656","0.600","2.14%"
"2023-05-08","0.641","0.613","0.644","0.586","4.38%"
"2023-05-07","0.614","0.621","0.636","0.594","-1.00%"
"2023-05-06","0.621","0.621","0.621","0.621","-2.47%"
"2023-05-05","0.636","0.636","0.636","0.636","0.00%"
"2023-05-04","0.636","0.636","0.636","0.636","0.00%"
"2023-05-03","0.636","0.636","0.636","0.636","0.00%"
"2023-05-02","0.636","0.624","0.665","0.596","3.36%"
"2023-05-01","0.616","0.576","0.623","0.572","3.13%"
"2023-04-30","0.597","0.587","0.621","0.560","-3.93%"
"2023-04-29","0.621","0.621","0.621","0.621","0.00%"
"2023-04-28","0.621","0.650","0.695","0.560","-4.87%"
"2023-04-27","0.653","0.621","0.692","0.615","2.05%"
"2023-04-26","0.640","0.638","0.688","0.613","-3.22%"
"2023-04-25","0.661","0.646","0.702","0.615","-6.04%"
"2023-04-24","0.704","0.683","0.709","0.644","3.21%"
"2023-04-23","0.682","0.709","0.709","0.651","-3.80%"
"2023-04-21","0.709","0.655","0.715","0.645","-0.87%"
"2023-04-20","0.715","0.665","0.738","0.656","-3.22%"
"2023-04-19","0.739","0.674","0.745","0.666","5.83%"
"2023-04-18","0.698","0.689","0.744","0.674","-6.30%"
"2023-04-17","0.745","0.670","0.749","0.670","11.41%"
"2023-04-16","0.669","0.674","0.719","0.654","-6.97%"
"2023-04-14","0.719","0.649","0.719","0.647","3.05%"
"2023-04-13","0.697","0.636","0.704","0.636","4.40%"
"2023-04-12","0.668","0.654","0.704","0.635","1.52%"
"2023-04-11","0.658","0.649","0.714","0.625","-0.47%"
"2023-04-10","0.661","0.665","0.716","0.651","-3.21%"
"2023-04-09","0.683","0.716","0.716","0.655","1.29%"
"2023-04-08","0.674","0.674","0.674","0.674","2.96%"
"2023-04-07","0.655","0.656","0.694","0.645","-2.88%"
"2023-04-06","0.674","0.684","0.725","0.651","-2.80%"
"2023-04-05","0.694","0.676","0.734","0.645","0.55%"
"2023-04-04","0.690","0.629","0.726","0.627","-0.36%"
"2023-04-03","0.692","0.632","0.701","0.623","6.03%"
"2023-04-02","0.653","0.683","0.683","0.624","0.38%"
"2023-04-01","0.651","0.651","0.651","0.651","-4.67%"
"2023-03-31","0.683","0.614","0.691","0.590","10.29%"
"2023-03-30","0.619","0.606","0.661","0.576","-1.78%"
"2023-03-29","0.630","0.604","0.663","0.567","-5.08%"
"2023-03-28","0.664","0.634","0.678","0.603","-2.22%"
"2023-03-27","0.679","0.581","0.679","0.575","16.53%"
"2023-03-26","0.582","0.621","0.621","0.565","-5.67%"
"2023-03-24","0.618","0.586","0.652","0.566","0.19%"
"2023-03-23","0.616","0.611","0.684","0.584","-4.36%"
"2023-03-22","0.644","0.600","0.694","0.589","6.51%"
"2023-03-21","0.605","0.531","0.627","0.531","0.00%"
"2023-03-20","0.605","0.566","0.635","0.525","2.65%"
"2023-03-19","0.589","0.637","0.637","0.569","-7.18%"
"2023-03-17","0.635","0.601","0.668","0.589","1.60%"
"2023-03-16","0.625","0.510","0.641","0.510","13.12%"
"2023-03-15","0.553","0.617","0.702","0.510","-2.21%"
"2023-03-14","0.565","0.559","0.634","0.482","-10.32%"
"2023-03-13","0.630","0.770","0.842","0.536","-20.38%"
"2023-03-12","0.791","0.842","0.842","0.771","-3.57%"
"2023-03-11","0.821","0.821","0.821","0.821","-2.60%"
"2023-03-10","0.842","0.884","0.947","0.777","-11.32%"
"2023-03-09","0.950","0.908","0.960","0.845","9.12%"
"2023-03-08","0.871","0.853","0.911","0.848","-4.07%"
"2023-03-07","0.908","0.864","0.908","0.837","0.55%"
"2023-03-06","0.902","0.831","0.902","0.831","6.25%"
"2023-03-05","0.849","0.890","0.890","0.827","-4.56%"
"2023-03-03","0.890","0.831","0.892","0.827","-0.56%"
"2023-03-02","0.895","0.825","0.900","0.821","6.79%"
"2023-03-01","0.838","0.811","0.887","0.794","-0.59%"
"2023-02-28","0.843","0.840","0.902","0.813","-6.72%"
"2023-02-27","0.904","0.911","0.911","0.841","4.03%"
"2023-02-26","0.869","0.913","0.913","0.845","-4.79%"
"2023-02-25","0.913","0.913","0.913","0.913","0.27%"
"2023-02-24","0.910","0.866","0.931","0.842","1.68%"
"2023-02-23","0.895","0.895","0.895","0.868","0.00%"
"2023-02-22","0.895","0.902","0.933","0.889","-4.02%"
"2023-02-21","0.933","0.909","0.933","0.874","6.80%"
"2023-02-20","0.873","0.859","0.910","0.858","1.59%"
"2023-02-19","0.859","0.910","0.910","0.858","-5.56%"
"2023-02-17","0.910","0.868","0.916","0.863","0.97%"
"2023-02-16","0.901","0.865","0.901","0.858","0.14%"
"2023-02-15","0.900","0.860","0.900","0.847","0.84%"
"2023-02-14","0.892","0.869","0.914","0.846","-2.60%"
"2023-02-13","0.916","0.940","0.940","0.868","1.53%"
"2023-02-12","0.902","0.908","0.939","0.902","-3.87%"
"2023-02-10","0.939","0.879","0.954","0.879","7.52%"
"2023-02-09","0.873","0.865","0.910","0.865","-3.52%"
"2023-02-08","0.905","0.902","0.905","0.857","5.00%"
"2023-02-07","0.862","0.901","0.908","0.862","-4.23%"
"2023-02-06","0.900","0.853","0.900","0.853","5.65%"
"2023-02-05","0.852","0.896","0.896","0.844","-4.95%"
"2023-02-03","0.896","0.839","0.896","0.835","1.70%"
"2023-02-02","0.881","0.847","0.901","0.834","1.23%"
"2023-02-01","0.871","0.880","0.919","0.845","-5.37%"
"2023-01-31","0.920","0.897","0.935","0.877","-1.74%"
"2023-01-30","0.936","0.929","0.936","0.868","4.84%"
"2023-01-29","0.893","0.930","0.930","0.893","-3.97%"
"2023-01-28","0.930","0.930","0.930","0.930","2.41%"
"2023-01-27","0.908","0.864","0.933","0.853","5.29%"
"2023-01-26","0.863","0.844","0.875","0.836","2.45%"
"2023-01-25","0.842","0.804","0.870","0.799","0.23%"
"2023-01-24","0.840","0.775","0.841","0.775","2.59%"
"2023-01-23","0.819","0.777","0.820","0.754","5.39%"
"2023-01-22","0.777","0.809","0.809","0.769","1.05%"
"2023-01-21","0.769","0.769","0.769","0.769","-4.95%"
"2023-01-20","0.809","0.793","0.819","0.744","-1.37%"
"2023-01-19","0.820","0.817","0.856","0.774","-4.37%"
"2023-01-18","0.858","0.938","0.952","0.768","-11.60%"
"2023-01-17","0.970","0.975","1.009","0.934","-3.72%"
"2023-01-16","1.008","1.022","1.064","0.962","-1.59%"
"2023-01-15","1.024","1.064","1.064","1.024","-0.12%"
"2023-01-14","1.025","1.025","1.025","1.025","-3.65%"
"2023-01-13","1.064","1.001","1.067","0.995","3.91%"
"2023-01-12","1.024","0.928","1.034","0.928","9.50%"
"2023-01-11","0.935","0.908","0.951","0.891","-1.97%"
"2023-01-10","0.954","0.868","0.957","0.864","5.24%"
"2023-01-09","0.906","0.877","0.906","0.868","0.00%"
"2023-01-08","0.906","0.906","0.906","0.906","0.00%"
"2023-01-06","0.906","0.887","0.920","0.872","-1.63%"
"2023-01-05","0.921","0.923","0.947","0.886","-3.02%"
"2023-01-04","0.950","0.908","0.952","0.906","1.46%"
"2023-01-03","0.936","0.902","0.907","0.902","0.00%"
"2023-01-02","0.936","0.936","0.936","0.936","0.00%"
"2023-01-01","0.936","0.936","0.936","0.936","0.00%"
"2022-12-30","0.936","0.892","0.936","0.892","1.22%"
"2022-12-29","0.925","0.871","0.931","0.871","2.78%"
"2022-12-28","0.900","0.851","0.900","0.851","6.27%"
"2022-12-27","0.847","0.827","0.853","0.827","2.80%"
"2022-12-26","0.824","0.817","0.850","0.798","0.70%"
"2022-12-25","0.818","0.850","0.850","0.818","-0.16%"
"2022-12-23","0.819","0.781","0.855","0.781","3.72%"
"2022-12-22","0.790","0.779","0.796","0.758","-0.63%"
"2022-12-21","0.795","0.791","0.827","0.779","-1.71%"
"2022-12-20","0.809","0.683","0.871","0.674","18.61%"
"2022-12-19","0.682","0.664","0.706","0.663","2.63%"
"2022-12-18","0.664","0.663","0.664","0.651","0.29%"
"2022-12-16","0.663","0.647","0.671","0.647","0.00%"
"2022-12-15","0.663","0.626","0.663","0.626","8.06%"
"2022-12-14","0.613","0.610","0.635","0.608","-2.39%"
"2022-12-13","0.628","0.637","0.649","0.611","-3.74%"
"2022-12-12","0.652","0.641","0.652","0.629","1.86%"
"2022-12-11","0.641","0.627","0.641","0.627","2.09%"
"2022-12-10","0.627","0.627","0.627","0.627","-0.21%"
"2022-12-09","0.629","0.637","0.665","0.623","-5.63%"
"2022-12-08","0.666","0.624","0.666","0.621","3.09%"
"2022-12-07","0.646","0.656","0.675","0.624","-4.61%"
"2022-12-06","0.678","0.642","0.692","0.641","1.50%"
"2022-12-05","0.668","0.624","0.668","0.624","0.18%"
"2022-12-04","0.666","0.666","0.666","0.666","0.20%"
"2022-12-02","0.665","0.613","0.666","0.611","1.92%"
"2022-12-01","0.652","0.622","0.661","0.611","-1.51%"
"2022-11-30","0.663","0.623","0.663","0.623","3.52%"
"2022-11-29","0.640","0.617","0.641","0.608","1.19%"
"2022-11-28","0.632","0.601","0.632","0.601","0.80%"
"2022-11-27","0.627","0.627","0.627","0.627","0.00%"
"2022-11-25","0.627","0.574","0.627","0.574","6.36%"
"2022-11-24","0.590","0.558","0.590","0.554","4.31%"
"2022-11-23","0.566","0.566","0.566","0.560","-3.53%"
"2022-11-22","0.586","0.559","0.586","0.559","2.18%"
"2022-11-21","0.574","0.555","0.575","0.553","3.15%"
"2022-11-20","0.556","0.567","0.567","0.554","-1.97%"
"2022-11-18","0.567","0.540","0.574","0.539","2.25%"
"2022-11-17","0.555","0.526","0.555","0.524","-0.23%"
"2022-11-16","0.556","0.539","0.570","0.527","1.72%"
"2022-11-15","0.547","0.569","0.599","0.540","-8.85%"
"2022-11-14","0.600","0.549","0.609","0.549","4.80%"
"2022-11-13","0.572","0.547","0.572","0.547","4.68%"
"2022-11-12","0.547","0.547","0.547","0.547","-4.47%"
"2022-11-11","0.572","0.534","0.605","0.529","-5.57%"
"2022-11-10","0.606","0.599","0.640","0.533","-5.46%"
"2022-11-09","0.641","0.635","0.676","0.599","-5.34%"
"2022-11-08","0.678","0.654","0.689","0.636","3.34%"
"2022-11-07","0.656","0.665","0.699","0.651","-6.18%"
"2022-11-06","0.699","0.666","0.699","0.666","4.88%"
"2022-11-04","0.666","0.636","0.701","0.636","9.90%"
"2022-11-03","0.606","0.608","0.636","0.608","-5.09%"
"2022-11-02","0.639","0.598","0.641","0.596","2.00%"
"2022-11-01","0.626","0.574","0.626","0.574","8.68%"
"2022-10-31","0.576","0.568","0.606","0.546","1.32%"
"2022-10-30","0.569","0.563","0.587","0.563","1.12%"
"2022-10-29","0.563","0.563","0.563","0.563","-4.26%"
"2022-10-28","0.587","0.553","0.598","0.533","-0.42%"
"2022-10-27","0.590","0.586","0.625","0.551","-1.16%"
"2022-10-26","0.597","0.622","0.663","0.569","-10.06%"
"2022-10-25","0.664","0.681","0.696","0.624","-1.95%"
"2022-10-24","0.677","0.681","0.720","0.660","-0.82%"
"2022-10-23","0.683","0.720","0.720","0.683","-5.21%"
"2022-10-21","0.720","0.642","0.725","0.642","7.25%"
"2022-10-20","0.671","0.621","0.675","0.621","3.87%"
"2022-10-19","0.646","0.606","0.649","0.600","1.38%"
"2022-10-18","0.637","0.595","0.639","0.595","7.14%"
"2022-10-17","0.595","0.575","0.627","0.575","3.69%"
"2022-10-16","0.574","0.565","0.603","0.565","1.56%"
"2022-10-15","0.565","0.565","0.565","0.565","-6.22%"
"2022-10-14","0.603","0.570","0.613","0.554","-1.84%"
"2022-10-13","0.614","0.565","0.614","0.563","9.24%"
"2022-10-12","0.562","0.556","0.598","0.549","2.05%"
"2022-10-11","0.551","0.553","0.589","0.539","-1.68%"
"2022-10-10","0.560","0.560","0.560","0.531","0.00%"
"2022-10-09","0.560","0.560","0.560","0.560","5.66%"
"2022-10-07","0.530","0.526","0.561","0.523","-3.20%"
"2022-10-06","0.548","0.508","0.548","0.504","2.82%"
"2022-10-05","0.533","0.493","0.533","0.486","3.64%"
"2022-10-04","0.514","0.498","0.543","0.482","-5.95%"
"2022-10-03","0.546","0.534","0.567","0.499","1.75%"
"2022-10-02","0.537","0.564","0.564","0.535","0.83%"
"2022-10-01","0.533","0.533","0.533","0.533","-0.11%"
"2022-09-30","0.533","0.561","0.596","0.533","-10.78%"
"2022-09-29","0.598","0.559","0.608","0.551","-0.32%"
"2022-09-28","0.599","0.594","0.634","0.558","-1.54%"
"2022-09-27","0.609","0.586","0.634","0.576","6.81%"
"2022-09-26","0.570","0.526","0.603","0.526","9.09%"
"2022-09-25","0.522","0.534","0.534","0.484","8.29%"
"2022-09-24","0.482","0.482","0.482","0.482","0.00%"
"2022-09-23","0.482","0.482","0.482","0.482","-9.59%"
"2022-09-22","0.534","0.539","0.580","0.481","-0.71%"
"2022-09-21","0.538","0.563","0.600","0.529","-1.61%"
"2022-09-20","0.546","0.517","0.600","0.507","0.00%"
"2022-09-19","0.546","0.546","0.546","0.515","0.00%"
"2022-09-18","0.546","0.546","0.546","0.546","6.20%"
"2022-09-16","0.514","0.486","0.549","0.485","-2.02%"
"2022-09-15","0.525","0.462","0.526","0.458","3.69%"
"2022-09-14","0.506","0.464","0.514","0.450","3.86%"
"2022-09-13","0.488","0.463","0.495","0.435","-1.77%"
"2022-09-12","0.496","0.476","0.512","0.463","4.48%"
"2022-09-11","0.475","0.512","0.512","0.475","-7.32%"
"2022-09-09","0.512","0.497","0.527","0.481","-3.76%"
"2022-09-08","0.533","0.482","0.536","0.468","8.39%"
"2022-09-07","0.491","0.492","0.541","0.483","-1.99%"
"2022-09-06","0.501","0.441","0.501","0.434","4.98%"
"2022-09-05","0.477","0.445","0.477","0.435","7.16%"
"2022-09-04","0.446","0.477","0.477","0.446","-6.68%"
"2022-09-03","0.477","0.477","0.477","0.477","0.00%"
"2022-09-02","0.477","0.441","0.490","0.439","9.77%"
"2022-09-01","0.435","0.422","0.468","0.422","5.76%"
"2022-08-31","0.411","0.411","0.446","0.408","-0.15%"
"2022-08-30","0.412","0.434","0.449","0.411","-7.56%"
"2022-08-29","0.446","0.422","0.446","0.421","7.53%"
"2022-08-28","0.414","0.429","0.429","0.403","3.26%"
"2022-08-27","0.401","0.401","0.401","0.401","-6.41%"
"2022-08-26","0.429","0.396","0.431","0.390","0.00%"
"2022-08-25","0.429","0.415","0.436","0.393","7.52%"
"2022-08-24","0.399","0.396","0.430","0.388","-2.45%"
"2022-08-23","0.409","0.399","0.410","0.383","4.82%"
"2022-08-22","0.390","0.374","0.409","0.372","4.17%"
"2022-08-21","0.374","0.386","0.386","0.358","-3.08%"
"2022-08-20","0.386","0.386","0.386","0.386","0.00%"
"2022-08-19","0.386","0.336","0.386","0.336","10.75%"
"2022-08-18","0.349","0.328","0.357","0.325","1.10%"
"2022-08-17","0.345","0.324","0.346","0.316","1.08%"
"2022-08-16","0.341","0.318","0.341","0.315","1.88%"
"2022-08-15","0.335","0.327","0.349","0.317","2.10%"
"2022-08-14","0.328","0.349","0.349","0.328","-6.26%"
"2022-08-12","0.350","0.333","0.354","0.324","5.64%"
"2022-08-11","0.331","0.322","0.331","0.322","0.00%"
"2022-08-10","0.331","0.309","0.341","0.309","1.53%"
"2022-08-09","0.326","0.316","0.333","0.307","2.97%"
"2022-08-08","0.317","0.329","0.345","0.317","-3.62%"
"2022-08-07","0.329","0.313","0.345","0.313","5.22%"
"2022-08-05","0.313","0.314","0.345","0.308","-8.44%"
"2022-08-04","0.341","0.323","0.346","0.313","-1.78%"
"2022-08-03","0.347","0.330","0.347","0.322","12.53%"
"2022-08-02","0.309","0.319","0.338","0.308","-10.18%"
"2022-08-01","0.344","0.341","0.359","0.318","0.94%"
"2022-07-31","0.341","0.351","0.351","0.341","0.18%"
"2022-07-30","0.340","0.340","0.340","0.340","-3.22%"
"2022-07-29","0.351","0.334","0.369","0.333","-5.05%"
"2022-07-28","0.370","0.351","0.393","0.336","4.79%"
"2022-07-27","0.353","0.339","0.386","0.339","-2.94%"
"2022-07-26","0.364","0.342","0.376","0.339","-0.68%"
"2022-07-25","0.366","0.321","0.375","0.311","14.25%"
"2022-07-24","0.321","0.355","0.355","0.321","-10.94%"
"2022-07-22","0.360","0.396","0.438","0.338","-18.42%"
"2022-07-21","0.441","0.427","0.458","0.398","3.98%"
"2022-07-20","0.424","0.434","0.454","0.424","-5.96%"
"2022-07-19","0.451","0.409","0.452","0.409","4.64%"
"2022-07-18","0.431","0.431","0.431","0.407","0.00%"
"2022-07-17","0.431","0.431","0.431","0.431","0.00%"
"2022-07-15","0.431","0.446","0.463","0.406","-7.25%"
"2022-07-14","0.465","0.435","0.469","0.426","7.19%"
"2022-07-13","0.434","0.429","0.472","0.428","-3.34%"
"2022-07-12","0.449","0.446","0.471","0.422","-5.02%"
"2022-07-11","0.472","0.450","0.488","0.446","5.14%"
"2022-07-10","0.449","0.471","0.471","0.439","-4.14%"
"2022-07-08","0.469","0.425","0.471","0.425","5.94%"
"2022-07-07","0.442","0.423","0.444","0.398","7.12%"
"2022-07-06","0.413","0.437","0.464","0.413","-11.16%"
"2022-07-05","0.465","0.464","0.493","0.439","-5.83%"
"2022-07-04","0.494","0.437","0.495","0.433","12.87%"
"2022-07-03","0.438","0.480","0.480","0.438","-8.85%"
"2022-07-01","0.480","0.471","0.512","0.464","-7.03%"
"2022-06-30","0.516","0.496","0.536","0.472","2.24%"
"2022-06-29","0.505","0.517","0.554","0.498","-9.01%"
"2022-06-28","0.555","0.506","0.555","0.505","5.45%"
"2022-06-27","0.526","0.468","0.529","0.460","12.87%"
"2022-06-26","0.466","0.486","0.486","0.460","-4.11%"
"2022-06-24","0.486","0.466","0.491","0.449","-1.26%"
"2022-06-23","0.493","0.502","0.540","0.464","-3.90%"
"2022-06-22","0.512","0.518","0.561","0.503","-8.29%"
"2022-06-21","0.559","0.523","0.559","0.506","0.00%"
"2022-06-20","0.559","0.505","0.559","0.502","10.37%"
"2022-06-19","0.506","0.556","0.556","0.506","-2.52%"
"2022-06-18","0.519","0.519","0.519","0.519","-6.63%"
"2022-06-17","0.556","0.583","0.640","0.504","-13.25%"
"2022-06-16","0.641","0.539","0.659","0.512","7.67%"
"2022-06-15","0.596","0.530","0.654","0.517","-1.96%"
"2022-06-14","0.608","0.558","0.608","0.558","9.20%"
"2022-06-13","0.556","0.431","0.556","0.416","28.80%"
"2022-06-12","0.432","0.459","0.459","0.406","-5.86%"
"2022-06-10","0.459","0.398","0.459","0.396","3.68%"
"2022-06-09","0.442","0.389","0.442","0.383","14.55%"
"2022-06-08","0.386","0.371","0.417","0.371","-2.82%"
"2022-06-07","0.398","0.368","0.409","0.368","8.34%"
"2022-06-06","0.367","0.371","0.394","0.365","-1.00%"
"2022-06-05","0.371","0.394","0.394","0.363","2.40%"
"2022-06-04","0.362","0.362","0.362","0.362","0.00%"
"2022-06-03","0.362","0.374","0.379","0.357","-3.65%"
"2022-06-02","0.376","0.374","0.377","0.366","0.67%"
"2022-06-01","0.373","0.382","0.400","0.371","-6.44%"
"2022-05-31","0.399","0.357","0.401","0.357","6.69%"
"2022-05-30","0.374","0.344","0.376","0.344","9.14%"
"2022-05-29","0.343","0.348","0.348","0.343","-5.52%"
"2022-05-28","0.363","0.349","0.363","0.349","0.00%"
"2022-05-27","0.363","0.361","0.369","0.343","1.94%"
"2022-05-26","0.356","0.325","0.377","0.322","9.82%"
"2022-05-25","0.324","0.324","0.343","0.316","-6.14%"
"2022-05-24","0.345","0.366","0.387","0.325","-6.12%"
"2022-05-23","0.368","0.366","0.395","0.362","0.16%"
"2022-05-22","0.367","0.395","0.395","0.367","-7.11%"
"2022-05-21","0.395","0.373","0.395","0.373","0.00%"
"2022-05-20","0.395","0.389","0.410","0.370","-4.24%"
"2022-05-19","0.412","0.388","0.419","0.386","4.09%"
"2022-05-18","0.396","0.404","0.421","0.387","-6.20%"
"2022-05-17","0.423","0.391","0.423","0.391","1.81%"
"2022-05-16","0.415","0.402","0.425","0.391","2.95%"
"2022-05-15","0.403","0.425","0.425","0.401","0.30%"
"2022-05-14","0.402","0.402","0.402","0.402","-5.44%"
"2022-05-13","0.425","0.398","0.428","0.392","-0.58%"
"2022-05-12","0.428","0.417","0.454","0.399","1.93%"
"2022-05-11","0.419","0.421","0.456","0.418","-7.31%"
"2022-05-10","0.452","0.426","0.461","0.419","-1.91%"
"2022-05-09","0.461","0.426","0.464","0.425","8.06%"
"2022-05-08","0.427","0.445","0.445","0.423","-4.07%"
"2022-05-07","0.445","0.419","0.445","0.419","0.00%"
"2022-05-06","0.445","0.413","0.445","0.409","5.63%"
"2022-05-05","0.421","0.403","0.412","0.403","0.00%"
"2022-05-04","0.421","0.421","0.421","0.421","0.00%"
"2022-05-03","0.421","0.417","0.421","0.417","5.17%"
"2022-05-02","0.401","0.403","0.416","0.400","-0.17%"
"2022-05-01","0.401","0.393","0.416","0.393","-3.60%"
"2022-04-30","0.416","0.416","0.416","0.416","0.00%"
"2022-04-29","0.416","0.416","0.416","0.416","0.00%"
"2022-04-28","0.416","0.417","0.424","0.380","0.00%"
"2022-04-27","0.416","0.407","0.433","0.404","0.31%"
"2022-04-26","0.415","0.422","0.442","0.406","-4.60%"
"2022-04-25","0.435","0.440","0.463","0.419","-1.27%"
"2022-04-24","0.441","0.463","0.463","0.440","-4.74%"
"2022-04-23","0.463","0.444","0.463","0.444","0.00%"
"2022-04-22","0.463","0.461","0.479","0.442","-3.65%"
"2022-04-21","0.480","0.415","0.480","0.409","13.77%"
"2022-04-20","0.422","0.414","0.442","0.411","1.35%"
"2022-04-19","0.416","0.391","0.416","0.387","6.23%"
"2022-04-18","0.392","0.400","0.400","0.391","-2.17%"
"2022-04-17","0.401","0.393","0.401","0.393","2.06%"
"2022-04-16","0.393","0.393","0.393","0.393","-1.73%"
"2022-04-15","0.399","0.391","0.399","0.388","1.76%"
"2022-04-14","0.393","0.399","0.407","0.376","-3.99%"
"2022-04-13","0.409","0.393","0.417","0.393","-0.15%"
"2022-04-12","0.409","0.390","0.423","0.390","-0.15%"
"2022-04-11","0.410","0.382","0.412","0.381","5.45%"
"2022-04-10","0.389","0.389","0.389","0.389","0.00%"
"2022-04-09","0.389","0.381","0.389","0.381","0.00%"
"2022-04-08","0.389","0.375","0.391","0.364","0.65%"
"2022-04-07","0.386","0.368","0.391","0.367","1.66%"
"2022-04-06","0.380","0.349","0.395","0.349","6.29%"
"2022-04-05","0.357","0.321","0.359","0.317","7.10%"
"2022-04-04","0.334","0.335","0.351","0.322","-0.54%"
"2022-04-03","0.336","0.351","0.351","0.336","-0.39%"
"2022-04-01","0.337","0.277","0.351","0.277","16.17%"
"2022-03-31","0.290","0.364","0.380","0.273","-22.42%"
"2022-03-30","0.374","0.384","0.436","0.346","-14.56%"
"2022-03-29","0.438","0.389","0.440","0.385","6.71%"
"2022-03-28","0.410","0.352","0.423","0.352","16.94%"
"2022-03-27","0.351","0.360","0.360","0.340","-2.61%"
"2022-03-26","0.360","0.339","0.360","0.339","1.04%"
"2022-03-25","0.356","0.327","0.360","0.324","8.40%"
"2022-03-24","0.329","0.308","0.330","0.305","8.20%"
"2022-03-23","0.304","0.304","0.319","0.303","-1.56%"
"2022-03-22","0.309","0.299","0.310","0.287","6.86%"
"2022-03-21","0.289","0.284","0.298","0.284","1.76%"
"2022-03-20","0.284","0.284","0.284","0.284","0.00%"
"2022-03-19","0.284","0.286","0.286","0.284","0.00%"
"2022-03-18","0.284","0.282","0.291","0.282","-2.57%"
"2022-03-17","0.291","0.281","0.292","0.279","2.43%"
"2022-03-16","0.284","0.273","0.295","0.269","2.01%"
"2022-03-15","0.279","0.277","0.283","0.270","-0.85%"
"2022-03-14","0.281","0.265","0.282","0.251","6.35%"
"2022-03-13","0.264","0.251","0.264","0.251","5.25%"
"2022-03-12","0.251","0.256","0.256","0.251","-5.21%"
"2022-03-11","0.265","0.261","0.268","0.251","1.45%"
"2022-03-10","0.261","0.249","0.262","0.239","7.71%"
"2022-03-09","0.243","0.244","0.249","0.234","2.11%"
"2022-03-08","0.237","0.226","0.249","0.220","6.74%"
"2022-03-07","0.222","0.203","0.230","0.202","9.55%"
"2022-03-06","0.203","0.211","0.222","0.202","-3.88%"
"2022-03-05","0.211","0.211","0.211","0.211","-0.56%"
"2022-03-04","0.213","0.244","0.244","0.204","-11.46%"
"2022-03-03","0.240","0.226","0.246","0.213","7.29%"
"2022-03-02","0.224","0.209","0.226","0.191","2.24%"
"2022-03-01","0.219","0.241","0.249","0.209","-12.90%"
"2022-02-28","0.251","0.261","0.271","0.224","-3.87%"
"2022-02-27","0.261","0.266","0.269","0.261","-2.79%"
"2022-02-26","0.269","0.269","0.269","0.269","-0.92%"
"2022-02-25","0.271","0.244","0.280","0.244","11.88%"
"2022-02-24","0.243","0.252","0.263","0.236","-3.23%"
"2022-02-23","0.251","0.251","0.259","0.251","-1.22%"
"2022-02-22","0.254","0.266","0.274","0.243","-9.84%"
"2022-02-21","0.281","0.277","0.286","0.268","1.85%"
"2022-02-20","0.276","0.286","0.291","0.276","-3.49%"
"2022-02-19","0.286","0.286","0.286","0.286","0.00%"
"2022-02-18","0.286","0.288","0.303","0.286","-5.01%"
"2022-02-17","0.301","0.289","0.309","0.284","2.13%"
"2022-02-16","0.295","0.284","0.298","0.281","0.44%"
"2022-02-15","0.294","0.276","0.295","0.273","4.44%"
"2022-02-14","0.281","0.259","0.281","0.256","0.90%"
"2022-02-11","0.279","0.274","0.279","0.274","2.27%"
"2022-02-10","0.273","0.256","0.284","0.251","7.92%"
"2022-02-09","0.253","0.278","0.278","0.248","-8.15%"
"2022-02-08","0.275","0.275","0.298","0.275","2.77%"
"2022-02-07","0.268","0.241","0.274","0.106","10.90%"
"2022-02-06","0.241","0.106","0.246","0.106","127.00%"
"2022-02-05","0.106","0.234","0.234","0.106","-58.10%"
"2022-02-04","0.254","0.221","0.254","0.220","16.70%"
"2022-02-03","0.217","0.203","0.222","0.199","8.75%"
"2022-02-02","0.200","0.205","0.207","0.200","-6.41%"
"2022-02-01","0.214","0.214","0.216","0.209","100.94%"
"2022-01-31","0.106","0.106","0.106","0.106","-46.48%"
"2022-01-28","0.199","0.194","0.202","0.194","3.22%"
"2022-01-27","0.192","0.191","0.195","0.191","13.18%"
"2022-01-26","0.170","0.170","0.180","0.170","-4.12%"
"2022-01-25","0.177","0.177","0.180","0.170","66.79%"
"2022-01-24","0.106","0.106","0.106","0.106","0.00%"
"2022-01-23","0.106","0.106","0.106","0.106","-37.47%"
"2022-01-22","0.170","0.170","0.170","0.170","-2.75%"
"2022-01-21","0.175","0.176","0.177","0.175","-6.02%"
"2022-01-20","0.186","0.170","0.186","0.170","3.45%"
"2022-01-19","0.180","0.174","0.185","0.170","-1.32%"
"2022-01-18","0.182","0.177","0.182","0.170","71.40%"
"2022-01-17","0.106","0.106","0.106","0.106","0.00%"
"2022-01-16","0.106","0.106","0.106","0.106","-40.88%"
"2022-01-14","0.180","0.177","0.182","0.176","10.85%"
"2022-01-13","0.162","0.170","0.170","0.159","0.75%"
"2022-01-12","0.161","0.157","0.170","0.157","-6.50%"
"2022-01-11","0.172","0.172","0.172","0.172","-3.48%"
"2022-01-10","0.178","0.178","0.178","0.178","0.00%"
"2022-01-07","0.178","0.149","0.178","0.128","14.43%"
"2022-01-06","0.156","0.139","0.156","0.139","15.74%"
"2022-01-05","0.135","0.112","0.139","0.112","2.82%"
"2022-01-04","0.131","0.127","0.131","0.111","16.44%"
"2022-01-03","0.112","0.125","0.125","0.106","5.83%"
"2022-01-02","0.106","0.125","0.125","0.106","-14.96%"
"2022-01-01","0.125","0.106","0.125","0.106","11.11%"
"2021-12-31","0.112","0.112","0.112","0.112","0.00%"
"2021-12-30","0.112","0.100","0.114","0.094","15.38%"
"2021-12-29","0.097","0.099","0.101","0.083","1.25%"
"2021-12-28","0.096","0.091","0.096","0.091","5.48%"
"2021-12-27","0.091","0.093","0.095","0.081","-0.65%"
"2021-12-26","0.092","0.081","0.092","0.081","13.04%"
"2021-12-25","0.081","0.081","0.081","0.081","0.00%"
"2021-12-24","0.081","0.094","0.096","0.081","1.62%"
"2021-12-23","0.080","0.092","0.095","0.080","-16.93%"
"2021-12-22","0.096","0.083","0.099","0.070","10.06%"
"2021-12-21","0.087","0.076","0.087","0.065","42.74%"
"2021-12-20","0.061","0.064","0.076","0.061","-18.92%"
"2021-12-19","0.076","0.064","0.076","0.064","18.50%"
"2021-12-18","0.064","0.064","0.064","0.064","-17.68%"
"2021-12-17","0.078","0.076","0.079","0.063","5.01%"
"2021-12-16","0.074","0.080","0.081","0.061","-7.75%"
"2021-12-15","0.080","0.082","0.082","0.064","-1.60%"
"2021-12-14","0.081","0.077","0.083","0.065","4.90%"
"2021-12-13","0.078","0.084","0.085","0.065","-8.18%"
"2021-12-12","0.084","0.072","0.086","0.072","16.41%"
"2021-12-11","0.072","0.086","0.086","0.072","-14.71%"
"2021-12-10","0.085","0.079","0.087","0.066","15.18%"
"2021-12-09","0.074","0.083","0.084","0.063","-9.23%"
"2021-12-08","0.081","0.084","0.086","0.061","0.00%"
"2021-12-07","0.081","0.078","0.087","0.063","10.16%"
"2021-12-06","0.074","0.073","0.078","0.061","0.00%"
"2021-12-05","0.074","0.066","0.078","0.066","-4.77%"
"2021-12-03","0.078","0.081","0.097","0.066","-4.67%"
"2021-12-02","0.081","0.079","0.086","0.070","-4.35%"
"2021-12-01","0.085","0.086","0.087","0.064","28.21%"
"2021-11-30","0.066","0.093","0.093","0.064","-29.32%"
"2021-11-29","0.094","0.097","0.097","0.084","-2.60%"
"2021-11-28","0.096","0.085","0.096","0.085","13.29%"
"2021-11-27","0.085","0.093","0.093","0.085","-6.90%"
"2021-11-26","0.091","0.102","0.102","0.081","-14.11%"
"2021-11-25","0.106","0.108","0.108","0.102","-3.36%"
"2021-11-24","0.110","0.106","0.111","0.086","4.76%"
"2021-11-23","0.105","0.100","0.106","0.096","6.28%"
"2021-11-22","0.099","0.097","0.100","0.085","0.00%"
"2021-11-21","0.099","0.089","0.104","0.089","11.26%"
"2021-11-20","0.089","0.089","0.089","0.089","0.00%"
"2021-11-19","0.089","0.102","0.106","0.089","-17.40%"
"2021-11-18","0.108","0.104","0.109","0.096","3.56%"
"2021-11-17","0.104","0.106","0.111","0.095","1.27%"
"2021-11-16","0.102","0.102","0.106","0.086","5.13%"
"2021-11-15","0.097","0.102","0.104","0.085","-4.88%"
"2021-11-14","0.102","0.094","0.102","0.094","9.28%"
"2021-11-13","0.094","0.102","0.102","0.094","-9.63%"
"2021-11-12","0.104","0.096","0.108","0.085","23.87%"
"2021-11-11","0.084","0.099","0.103","0.078","-8.21%"
"2021-11-10","0.091","0.092","0.099","0.074","4.34%"
"2021-11-09","0.087","0.091","0.093","0.080","11.04%"
"2021-11-08","0.079","0.083","0.090","0.074","-5.17%"
"2021-11-07","0.083","0.075","0.084","0.075","10.80%"
"2021-11-06","0.075","0.075","0.075","0.075","0.00%"
"2021-11-05","0.075","0.093","0.094","0.075","-12.99%"
"2021-11-04","0.086","0.103","0.103","0.086","-15.90%"
"2021-11-03","0.102","0.104","0.104","0.102","0.00%"
"2021-11-02","0.102","0.110","0.111","0.094","-11.87%"
"2021-11-01","0.116","0.120","0.122","0.101","-2.10%"
"2021-10-31","0.119","0.118","0.119","0.118","-1.00%"
"2021-10-29","0.120","0.127","0.128","0.109","-4.99%"
"2021-10-28","0.126","0.121","0.126","0.112","-2.85%"
"2021-10-27","0.130","0.138","0.142","0.120","-6.34%"
"2021-10-26","0.139","0.136","0.146","0.132","4.75%"
"2021-10-25","0.132","0.129","0.139","0.128","2.87%"
"2021-10-24","0.129","0.135","0.135","0.129","-1.90%"
"2021-10-22","0.131","0.136","0.136","0.129","1.94%"
"2021-10-21","0.129","0.128","0.137","0.124","1.02%"
"2021-10-20","0.127","0.129","0.136","0.123","0.95%"
"2021-10-19","0.126","0.126","0.129","0.117","-0.94%"
"2021-10-18","0.127","0.115","0.130","0.109","17.19%"
"2021-10-17","0.109","0.113","0.113","0.109","-3.80%"
"2021-10-16","0.113","0.113","0.113","0.113","1.62%"
"2021-10-15","0.111","0.107","0.114","0.106","6.00%"
"2021-10-14","0.105","0.116","0.116","0.105","-10.64%"
"2021-10-13","0.117","0.118","0.126","0.112","-6.00%"
"2021-10-12","0.125","0.127","0.131","0.115","-1.96%"
"2021-10-11","0.127","0.114","0.130","0.108","18.60%"
"2021-10-10","0.108","0.108","0.108","0.108","-5.54%"
"2021-10-09","0.114","0.114","0.114","0.114","-1.04%"
"2021-10-08","0.115","0.107","0.115","0.105","16.40%"
"2021-10-07","0.099","0.106","0.106","0.089","-5.90%"
"2021-10-06","0.105","0.103","0.112","0.087","9.03%"
"2021-10-05","0.096","0.085","0.102","0.084","24.26%"
"2021-10-04","0.078","0.081","0.086","0.072","-6.06%"
"2021-10-03","0.083","0.086","0.086","0.078","6.45%"
"2021-10-02","0.078","0.086","0.086","0.078","-11.43%"
"2021-10-01","0.087","0.091","0.091","0.075","-6.72%"
"2021-09-30","0.094","0.097","0.104","0.083","-2.60%"
"2021-09-29","0.096","0.111","0.111","0.085","-12.45%"
"2021-09-28","0.110","0.087","0.114","0.084","20.48%"
"2021-09-27","0.091","0.086","0.091","0.075","5.06%"
"2021-09-26","0.087","0.078","0.087","0.078","12.13%"
"2021-09-25","0.078","0.078","0.078","0.078","-10.09%"
"2021-09-24","0.086","0.076","0.089","0.059","40.62%"
"2021-09-23","0.061","0.066","0.076","0.061","-1.92%"
"2021-09-22","0.063","0.068","0.068","0.055","-10.71%"
"2021-09-21","0.070","0.070","0.074","0.060","-11.17%"
"2021-09-20","0.079","0.068","0.079","0.068","16.74%"
"2021-09-19","0.068","0.068","0.068","0.068","-14.34%"
"2021-09-18","0.079","0.079","0.079","0.079","0.00%"
"2021-09-17","0.079","0.076","0.080","0.065","1.68%"
"2021-09-16","0.078","0.066","0.083","0.056","16.89%"
"2021-09-15","0.066","0.066","0.066","0.054","-5.29%"
"2021-09-14","0.070","0.064","0.075","0.056","7.69%"
"2021-09-13","0.065","0.068","0.079","0.055","-5.52%"
"2021-09-12","0.069","0.065","0.069","0.059","0.00%"
"2021-09-10","0.069","0.060","0.070","0.049","7.84%"
"2021-09-09","0.064","0.062","0.064","0.050","2.08%"
"2021-09-08","0.063","0.066","0.067","0.051","-5.73%"
"2021-09-07","0.066","0.063","0.070","0.049","0.00%"
"2021-09-06","0.066","0.057","0.066","0.044","19.24%"
"2021-09-05","0.056","0.044","0.056","0.044","4.71%"
"2021-09-04","0.053","0.053","0.053","0.053","-3.45%"
"2021-09-03","0.055","0.042","0.056","0.035","29.41%"
"2021-09-02","0.043","0.038","0.044","0.034","2.91%"
"2021-09-01","0.041","0.038","0.043","0.024","13.77%"
"2021-08-31","0.036","0.027","0.039","0.021","21.00%"
"2021-08-30","0.030","0.028","0.035","0.025","9.09%"
"2021-08-29","0.027","0.025","0.034","0.025","-20.06%"
"2021-08-28","0.034","0.034","0.034","0.034","-1.71%"
"2021-08-27","0.035","0.031","0.036","0.023","14.38%"
"2021-08-26","0.031","0.034","0.039","0.018","-9.47%"
"2021-08-25","0.034","0.027","0.034","0.016","35.20%"
"2021-08-24","0.025","0.019","0.027","0.013","21.36%"
"2021-08-23","0.021","0.020","0.022","0.006","6.19%"
"2021-08-22","0.019","0.006","0.019","0.006","14.79%"
"2021-08-21","0.017","0.017","0.017","0.017","-3.43%"
"2021-08-20","0.018","0.023","0.023","0.006","-24.24%"
"2021-08-19","0.023","0.025","0.030","0.014","-7.60%"
"2021-08-18","0.025","0.025","0.041","0.016","-4.94%"
"2021-08-17","0.026","0.029","0.030","0.015","-8.68%"
"2021-08-16","0.029","0.027","0.034","0.015","4.73%"
"2021-08-15","0.027","0.034","0.034","0.024","-20.06%"
"2021-08-14","0.034","0.024","0.034","0.024","5.85%"
"2021-08-13","0.032","0.034","0.035","0.023","-3.85%"
"2021-08-12","0.034","0.036","0.036","0.019","-12.89%"
"2021-08-11","0.039","0.034","0.047","0.024","10.86%"
"2021-08-10","0.035","0.032","0.035","0.018","33.08%"
"2021-08-09","0.026","0.018","0.031","0.018","50.29%"
"2021-08-08","0.018","0.018","0.018","0.018","-17.84%"
"2021-08-07","0.021","0.021","0.021","0.021","21.71%"
"2021-08-06","0.018","0.020","0.030","0.009","-6.91%"
"2021-08-05","0.019","0.014","0.021","0.001","66.37%"
"2021-08-04","0.011","0.011","0.014","-0.005","-18.12%"
"2021-08-03","0.014","0.019","0.019","0.002","-35.21%"
"2021-08-02","0.021","0.025","0.025","0.011","-12.70%"
"2021-08-01","0.024","0.013","0.024","0.013","2.52%"
"2021-07-30","0.024","0.024","0.028","0.013","-4.80%"
"2021-07-29","0.025","0.024","0.026","0.014","11.11%"
"2021-07-28","0.023","0.025","0.039","0.013","-30.77%"
"2021-07-27","0.032","0.024","0.043","0.014","-3.85%"
"2021-07-26","0.034","0.017","0.035","0.004","93.14%"
"2021-07-25","0.018","0.004","0.018","0.004","26.81%"
"2021-07-24","0.014","0.014","0.014","0.014","-49.82%"
"2021-07-23","0.027","0.027","0.027","0.027","0.00%"
"2021-07-22","0.027","0.027","0.027","0.027","22.22%"
"2021-07-21","0.023","0.002","0.032","-0.007","99.12%"
"2021-07-20","0.011","0.003","0.015","-0.013","-35.43%"
"2021-07-19","0.018","0.011","0.023","-0.007","65.09%"
"2021-07-18","0.011","0.005","0.022","0.005","-54.11%"
"2021-07-17","0.023","0.023","0.023","0.023","-12.17%"
"2021-07-16","0.026","0.013","0.035","0.004","0.00%"
"2021-07-15","0.026","0.023","0.032","0.002","-27.55%"
"2021-07-14","0.036","0.034","0.040","0.014","-6.44%"
"2021-07-13","0.039","0.032","0.047","0.021","-22.40%"
"2021-07-12","0.050","0.043","0.050","0.024","19.33%"
"2021-07-11","0.042","0.031","0.042","0.031","13.55%"
"2021-07-10","0.037","0.037","0.037","0.037","-20.30%"
"2021-07-09","0.046","0.029","0.050","0.014","36.98%"
"2021-07-08","0.034","0.040","0.040","0.001","-30.74%"
"2021-07-07","0.049","0.042","0.055","0.026","-4.87%"
"2021-07-06","0.051","0.054","0.065","0.034","-17.92%"
"2021-07-05","0.063","0.049","0.064","0.034","29.94%"
"2021-07-04","0.048","0.041","0.050","0.041","-16.35%"
"2021-07-02","0.058","0.057","0.068","0.040","-9.87%"
"2021-07-01","0.064","0.068","0.071","0.044","-12.00%"
"2021-06-30","0.072","0.070","0.081","0.055","-15.89%"
"2021-06-29","0.086","0.065","0.089","0.056","14.93%"
"2021-06-28","0.075","0.066","0.081","0.050","13.12%"
"2021-06-27","0.066","0.050","0.068","0.050","-10.16%"
"2021-06-25","0.074","0.066","0.076","0.049","-4.77%"
"2021-06-24","0.078","0.069","0.079","0.056","-3.12%"
"2021-06-23","0.080","0.064","0.080","0.056","6.67%"
"2021-06-22","0.075","0.067","0.083","0.055","-3.23%"
"2021-06-21","0.078","0.066","0.081","0.047","15.84%"
"2021-06-20","0.067","0.061","0.071","0.061","9.14%"
"2021-06-19","0.061","0.061","0.061","0.061","-20.90%"
"2021-06-18","0.078","0.067","0.090","0.060","0.00%"
"2021-06-17","0.078","0.078","0.090","0.054","8.85%"
"2021-06-16","0.071","0.065","0.079","0.050","-3.52%"
"2021-06-15","0.074","0.066","0.074","0.043","9.33%"
"2021-06-14","0.068","0.060","0.068","0.039","17.39%"
"2021-06-13","0.058","0.054","0.058","0.039","6.88%"
"2021-06-12","0.054","0.054","0.054","0.054","-12.23%"
"2021-06-11","0.061","0.061","0.065","0.035","-18.27%"
"2021-06-10","0.075","0.080","0.086","0.056","-20.04%"
"2021-06-09","0.094","0.100","0.101","0.072","-9.63%"
"2021-06-08","0.104","0.108","0.109","0.086","12.22%"
"2021-06-07","0.093","0.106","0.114","0.093","-8.05%"
"2021-06-06","0.101","0.112","0.112","0.093","-5.89%"
"2021-06-05","0.107","0.112","0.112","0.107","-1.75%"
"2021-06-04","0.109","0.115","0.121","0.093","-8.42%"
"2021-06-03","0.119","0.109","0.119","0.100","5.60%"
"2021-06-02","0.112","0.110","0.117","0.096","-4.26%"
"2021-06-01","0.117","0.110","0.117","0.095","6.82%"
"2021-05-31","0.110","0.105","0.111","0.095","8.59%"
"2021-05-30","0.101","0.110","0.110","0.095","-2.97%"
"2021-05-29","0.104","0.110","0.110","0.104","-2.88%"
"2021-05-28","0.108","0.104","0.116","0.087","-1.19%"
"2021-05-27","0.109","0.101","0.109","0.084","4.82%"
"2021-05-26","0.104","0.104","0.110","0.087","-1.14%"
"2021-05-25","0.105","0.108","0.112","0.090","-5.66%"
"2021-05-24","0.111","0.109","0.114","0.094","9.22%"
"2021-05-23","0.102","0.111","0.111","0.096","-8.45%"
"2021-05-22","0.111","0.111","0.111","0.111","-2.20%"
"2021-05-21","0.114","0.109","0.116","0.095","0.00%"
"2021-05-20","0.114","0.110","0.117","0.094","2.25%"
"2021-05-19","0.111","0.109","0.119","0.093","-3.22%"
"2021-05-18","0.115","0.109","0.116","0.093","1.05%"
"2021-05-17","0.114","0.102","0.115","0.090","10.38%"
"2021-05-16","0.103","0.110","0.110","0.095","-1.81%"
"2021-05-15","0.105","0.110","0.110","0.105","-7.73%"
"2021-05-14","0.114","0.111","0.116","0.095","-4.21%"
"2021-05-13","0.119","0.115","0.125","0.101","0.00%"
"2021-05-12","0.119","0.103","0.119","0.089","3.30%"
"2021-05-11","0.115","0.109","0.115","0.086","4.55%"
"2021-05-10","0.110","0.106","0.116","0.091","8.59%"
"2021-05-09","0.101","0.106","0.106","0.091","-4.70%"
"2021-05-08","0.106","0.106","0.106","0.106","-3.36%"
"2021-05-07","0.110","0.111","0.115","0.090","-1.17%"
"2021-05-06","0.111","0.106","0.119","0.094","-9.14%"
"2021-05-05","0.123","0.123","0.123","0.123","0.00%"
"2021-05-04","0.123","0.123","0.123","0.123","0.00%"
"2021-05-03","0.123","0.102","0.123","0.102","19.51%"
"2021-05-02","0.102","0.119","0.119","0.102","-4.65%"
"2021-05-01","0.108","0.119","0.119","0.108","-11.38%"
"2021-04-30","0.121","0.115","0.125","0.097","6.59%"
"2021-04-29","0.114","0.114","0.114","0.114","-3.15%"
"2021-04-28","0.117","0.110","0.125","0.091","4.44%"
"2021-04-27","0.112","0.105","0.114","0.089","3.40%"
"2021-04-26","0.109","0.095","0.111","0.080","36.00%"
"2021-04-25","0.080","0.095","0.095","0.080","-15.79%"
"2021-04-24","0.095","0.095","0.095","0.095","-5.00%"
"2021-04-23","0.100","0.093","0.105","0.080","-2.44%"
"2021-04-22","0.102","0.099","0.102","0.080","-6.82%"
"2021-04-21","0.110","0.101","0.111","0.083","0.00%"
"2021-04-20","0.110","0.108","0.120","0.093","-2.22%"
"2021-04-19","0.112","0.115","0.116","0.094","1.72%"
"2021-04-18","0.111","0.115","0.115","0.101","9.18%"
"2021-04-17","0.101","0.115","0.115","0.101","-13.79%"
"2021-04-16","0.117","0.112","0.123","0.100","2.17%"
"2021-04-15","0.115","0.117","0.124","0.101","-8.00%"
"2021-04-14","0.125","0.117","0.126","0.100","0.97%"
"2021-04-13","0.124","0.129","0.134","0.111","-9.17%"
"2021-04-12","0.136","0.127","0.138","0.112","11.81%"
"2021-04-11","0.122","0.127","0.127","0.112","-4.39%"
"2021-04-10","0.127","0.127","0.127","0.127","-1.92%"
"2021-04-09","0.130","0.116","0.136","0.105","8.33%"
"2021-04-08","0.120","0.120","0.130","0.104","-1.07%"
"2021-04-07","0.121","0.123","0.126","0.101","-6.69%"
"2021-04-06","0.130","0.138","0.139","0.111","-5.45%"
"2021-04-05","0.138","0.142","0.145","0.129","0.88%"
"2021-04-04","0.136","0.140","0.140","0.129","0.00%"
"2021-04-03","0.136","0.140","0.140","0.136","-2.64%"
"2021-04-02","0.140","0.141","0.150","0.129","-2.64%"
"2021-04-01","0.144","0.138","0.159","0.129","0.91%"
"2021-03-31","0.142","0.110","0.150","0.104","21.28%"
"2021-03-30","0.117","0.105","0.126","0.089","8.00%"
"2021-03-29","0.109","0.108","0.112","0.083","4.82%"
"2021-03-28","0.104","0.106","0.106","0.093","-2.35%"
"2021-03-27","0.106","0.106","0.106","0.106","-1.12%"
"2021-03-26","0.108","0.105","0.114","0.087","-1.19%"
"2021-03-25","0.109","0.101","0.112","0.086","2.35%"
"2021-03-24","0.106","0.097","0.112","0.083","-3.36%"
"2021-03-23","0.110","0.116","0.119","0.093","-9.32%"
"2021-03-22","0.121","0.129","0.129","0.101","-2.96%"
"2021-03-21","0.125","0.139","0.139","0.124","-9.94%"
"2021-03-20","0.139","0.139","0.139","0.139","-0.86%"
"2021-03-19","0.140","0.127","0.166","0.117","-4.31%"
"2021-03-18","0.146","0.125","0.151","0.111","9.34%"
"2021-03-17","0.134","0.125","0.136","0.110","-0.89%"
"2021-03-16","0.135","0.129","0.140","0.112","-0.95%"
"2021-03-15","0.136","0.144","0.145","0.119","-4.75%"
"2021-03-14","0.143","0.149","0.149","0.136","-3.83%"
"2021-03-13","0.149","0.149","0.149","0.149","-7.75%"
"2021-03-12","0.161","0.127","0.165","0.116","17.31%"
"2021-03-11","0.138","0.157","0.159","0.108","-10.60%"
"2021-03-10","0.154","0.144","0.170","0.131","-1.60%"
"2021-03-09","0.156","0.162","0.162","0.131","-5.27%"
"2021-03-08","0.165","0.126","0.169","0.125","32.00%"
"2021-03-07","0.125","0.114","0.125","0.106","15.63%"
"2021-03-06","0.108","0.114","0.114","0.108","-19.93%"
"2021-03-05","0.135","0.160","0.164","0.090","-8.47%"
"2021-03-04","0.147","0.144","0.157","0.125","0.82%"
"2021-03-03","0.146","0.123","0.153","0.112","11.42%"
"2021-03-02","0.131","0.144","0.145","0.111","-12.47%"
"2021-03-01","0.150","0.156","0.165","0.127","-4.03%"
"2021-02-28","0.156","0.168","0.168","0.151","-2.68%"
"2021-02-27","0.161","0.168","0.168","0.161","-8.91%"
"2021-02-26","0.176","0.184","0.190","0.147","1.50%"
"2021-02-25","0.174","0.145","0.177","0.131","24.07%"
"2021-02-24","0.140","0.139","0.153","0.121","-2.64%"
"2021-02-23","0.144","0.144","0.144","0.131","3.60%"
"2021-02-22","0.139","0.136","0.147","0.119","7.26%"
"2021-02-21","0.129","0.126","0.131","0.119","8.92%"
"2021-02-20","0.119","0.126","0.126","0.119","-15.86%"
"2021-02-19","0.141","0.124","0.141","0.110","17.67%"
"2021-02-18","0.120","0.116","0.129","0.101","-4.00%"
"2021-02-17","0.125","0.109","0.132","0.105","9.84%"
"2021-02-16","0.114","0.099","0.115","0.085","9.63%"
"2021-02-15","0.104","0.085","0.108","0.065","25.82%"
"2021-02-14","0.083","0.078","0.083","0.065","26.92%"
"2021-02-13","0.065","0.078","0.078","0.065","-27.78%"
"2021-02-12","0.090","0.080","0.093","0.061","14.21%"
"2021-02-11","0.079","0.079","0.082","0.072","-4.48%"
"2021-02-10","0.083","0.080","0.094","0.060","24.43%"
"2021-02-09","0.066","0.078","0.089","0.065","-20.88%"
"2021-02-08","0.084","0.072","0.091","0.055","21.80%"
"2021-02-07","0.069","0.066","0.069","0.055","3.77%"
"2021-02-06","0.066","0.066","0.066","0.066","-11.60%"
"2021-02-05","0.075","0.060","0.081","0.051","5.34%"
"2021-02-04","0.071","0.061","0.072","0.049","1.71%"
"2021-02-03","0.070","0.055","0.071","0.043","7.69%"
"2021-02-02","0.065","0.052","0.066","0.041","13.04%"
"2021-02-01","0.058","0.051","0.061","0.032","24.19%"
"2021-01-31","0.046","0.050","0.050","0.035","-7.40%"
"2021-01-30","0.050","0.050","0.050","0.050","-9.09%"
"2021-01-29","0.055","0.043","0.059","0.023","22.22%"
"2021-01-28","0.045","0.039","0.045","0.019","89.08%"
"2021-01-27","0.024","0.038","0.050","0.024","-42.37%"
"2021-01-26","0.041","0.039","0.045","0.020","3.25%"
"2021-01-25","0.040","0.035","0.047","0.019","16.28%"
"2021-01-24","0.034","0.041","0.041","0.025","-16.71%"
"2021-01-23","0.041","0.041","0.041","0.041","-2.82%"
"2021-01-22","0.043","0.040","0.049","0.024","47.57%"
"2021-01-21","0.029","0.036","0.046","0.021","-39.37%"
"2021-01-20","0.047","0.046","0.051","0.024","-7.41%"
"2021-01-19","0.051","0.052","0.055","0.029","-4.65%"
"2021-01-18","0.054","0.055","0.060","0.030","3.66%"
"2021-01-17","0.052","0.035","0.053","0.020","48.29%"
"2021-01-16","0.035","0.035","0.035","0.035","-12.50%"
"2021-01-15","0.040","0.032","0.044","0.020","14.29%"
"2021-01-14","0.035","0.027","0.040","0.015","0.00%"
"2021-01-13","0.035","0.029","0.039","0.014","-22.22%"
"2021-01-12","0.045","0.044","0.047","0.018","-2.81%"
"2021-01-11","0.046","0.025","0.046","0.025","85.20%"
"2021-01-10","0.025","0.038","0.038","0.025","0.00%"
"2021-01-09","0.025","0.038","0.038","0.025","-44.44%"
"2021-01-08","0.045","0.043","0.047","0.020","-2.81%"
"2021-01-07","0.046","0.031","0.049","0.016","23.47%"
"2021-01-06","0.038","0.020","0.041","0.011","30.21%"
"2021-01-05","0.029","0.025","0.029","0.005","-7.99%"
"2021-01-04","0.031","0.027","0.039","0.011","16.36%"
"2021-01-03","0.027","0.030","0.030","0.016","-10.33%"
"2021-01-02","0.030","0.030","0.030","0.030","-27.36%"
"2021-01-01","0.041","0.041","0.041","0.041","0.00%"
"2020-12-31","0.041","0.041","0.041","0.041","10.13%"
"2020-12-30","0.038","0.029","0.044","0.026","3.31%"
"2020-12-29","0.036","0.023","0.040","0.007","21.00%"
"2020-12-28","0.030","0.025","0.035","0.005","22.95%"
"2020-12-27","0.024","0.025","0.025","0.005","-2.40%"
"2020-12-26","0.025","0.025","0.025","0.025","-28.57%"
"2020-12-25","0.035","0.019","0.036","0.016","33.08%"
"2020-12-24","0.026","0.019","0.030","0.004","-8.68%"
"2020-12-23","0.029","0.009","0.031","-0.002","64.57%"
"2020-12-22","0.018","0.010","0.023","-0.005","-560.53%"
"2020-12-21","-0.004","0.015","0.023","-0.006","192.31%"
"2020-12-20","-0.001","0.013","0.013","-0.001","-110.40%"
"2020-12-19","0.013","0.013","0.013","0.013","-44.44%"
"2020-12-18","0.023","0.011","0.024","-0.005","-5.46%"
"2020-12-17","0.024","0.006","0.024","-0.005","26.60%"
"2020-12-16","0.019","0.010","0.023","-0.005","-6.00%"
"2020-12-15","0.020","0.013","0.021","-0.005","-11.11%"
"2020-12-14","0.023","0.015","0.027","-0.004","44.23%"
"2020-12-13","0.016","0.015","0.016","-0.004","4.00%"
"2020-12-12","0.015","0.015","0.015","0.015","-20.21%"
"2020-12-11","0.019","0.018","0.032","-0.004","-31.64%"
"2020-12-10","0.027","0.021","0.032","0.002","-15.38%"
"2020-12-09","0.032","0.019","0.035","0.006","12.85%"
"2020-12-08","0.029","0.024","0.030","0.002","-14.79%"
"2020-12-07","0.034","0.031","0.046","0.009","7.99%"
"2020-12-06","0.031","0.027","0.031","0.019","13.82%"
"2020-12-05","0.027","0.027","0.027","0.027","-40.60%"
"2020-12-04","0.046","0.025","0.046","0.013","23.47%"
"2020-12-03","0.038","0.026","0.043","0.014","150.00%"
"2020-12-02","0.015","0.027","0.040","0.011","-64.71%"
"2020-12-01","0.043","0.025","0.043","0.004","17.08%"
"2020-11-30","0.036","0.021","0.039","0.006","65.75%"
"2020-11-29","0.022","0.021","0.022","0.006","2.82%"
"2020-11-28","0.021","0.021","0.021","0.021","-26.04%"
"2020-11-27","0.029","0.018","0.032","0.005","9.51%"
"2020-11-26","0.026","0.018","0.032","0.002","-12.33%"
"2020-11-25","0.030","0.020","0.031","-0.001","0.00%"
"2020-11-24","0.030","0.010","0.031","0.001","71.43%"
"2020-11-23","0.018","-0.010","0.018","-0.010","-275.00%"
"2020-11-22","-0.010","0.007","0.007","-0.010","-200.00%"
"2020-11-21","0.010","0.007","0.010","0.007","-50.00%"
"2020-11-20","0.020","0.010","0.024","-0.009","60.00%"
"2020-11-19","0.013","0.018","0.027","-0.001","-54.55%"
"2020-11-18","0.027","0.023","0.029","0.001","212.50%"
"2020-11-17","0.009","0.027","0.035","0.007","-73.96%"
"2020-11-16","0.034","0.025","0.045","0.009","42.02%"
"2020-11-15","0.024","0.024","0.024","0.024","0.00%"
"2020-11-14","0.024","0.024","0.024","0.024","-23.96%"
"2020-11-13","0.031","0.023","0.036","0.006","-10.57%"
"2020-11-12","0.035","0.030","0.041","0.011","-24.41%"
"2020-11-11","0.046","0.035","0.050","0.021","-9.75%"
"2020-11-10","0.051","0.032","0.061","0.020","-12.76%"
"2020-11-09","0.059","0.020","0.061","-0.004","161.33%"
"2020-11-08","0.023","0.014","0.023","0.010","125.00%"
"2020-11-07","0.010","0.014","0.014","0.010","-73.33%"
"2020-11-06","0.038","0.011","0.040","-0.005","36.36%"
"2020-11-05","0.027","0.020","0.030","-0.009","0.00%"
"2020-11-04","0.027","0.051","0.054","0.007","-47.62%"
"2020-11-03","0.052","0.052","0.052","0.043","2.34%"
"2020-11-02","0.051","0.038","0.055","0.023","30.20%"
"2020-11-01","0.039","0.036","0.039","0.025","8.54%"
"2020-10-31","0.036","0.036","0.036","0.036","-30.86%"
"2020-10-30","0.052","0.031","0.055","0.030","40.00%"
"2020-10-29","0.038","0.028","0.041","0.009","15.38%"
"2020-10-28","0.032","0.024","0.034","0.004","8.33%"
"2020-10-27","0.030","0.031","0.044","0.009","-29.41%"
"2020-10-26","0.043","0.034","0.047","0.018","23.55%"
"2020-10-25","0.034","0.041","0.041","0.026","-16.71%"
"2020-10-24","0.041","0.041","0.041","0.041","-17.40%"
"2020-10-23","0.050","0.040","0.055","0.025","7.99%"
"2020-10-22","0.046","0.030","0.046","0.014","27.55%"
"2020-10-21","0.036","0.018","0.043","0.011","45.20%"
"2020-10-20","0.025","0.023","0.029","0.001","-13.19%"
"2020-10-19","0.029","0.020","0.032","0.005","70.41%"
"2020-10-18","0.017","0.018","0.018","0.001","-3.43%"
"2020-10-17","0.018","0.018","0.018","0.018","-36.36%"
"2020-10-16","0.027","0.021","0.030","-0.001","-4.51%"
"2020-10-15","0.029","0.032","0.038","-0.001","-28.00%"
"2020-10-14","0.040","0.030","0.046","0.014","14.29%"
"2020-10-13","0.035","0.031","0.044","0.014","-15.25%"
"2020-10-12","0.041","0.027","0.043","0.014","57.03%"
"2020-10-11","0.026","0.032","0.032","0.015","-19.08%"
"2020-10-10","0.032","0.032","0.032","0.032","-23.53%"
"2020-10-09","0.043","0.030","0.044","0.013","21.43%"
"2020-10-08","0.035","0.035","0.040","0.014","-26.32%"
"2020-10-07","0.047","0.031","0.047","0.019","0.00%"
"2020-10-06","0.047","0.031","0.050","0.020","320.35%"
"2020-10-05","0.011","0.016","0.036","0.001","-21.53%"
"2020-10-04","0.014","0.013","0.014","0.013","44.00%"
"2020-10-03","0.010","0.013","0.013","0.010","-20.00%"
"2020-10-02","0.013","0.016","0.024","-0.005","-50.00%"
"2020-10-01","0.025","0.013","0.032","0.001","150.00%"
"2020-09-30","0.010","0.005","0.020","-0.009","-20.00%"
"2020-09-29","0.013","0.010","0.019","-0.013","-28.57%"
"2020-09-28","0.018","-0.001","0.023","-0.006","-207.36%"
"2020-09-27","-0.016","0.001","0.001","-0.016","-1,353.85%"
"2020-09-26","0.001","0.001","0.001","0.001","-88.50%"
"2020-09-25","0.011","-0.005","0.013","-0.016","197.37%"
"2020-09-24","0.004","-0.002","0.010","-0.020","-24.00%"
"2020-09-23","0.005","0.007","0.011","-0.019","-76.53%"
"2020-09-22","0.021","0.007","0.007","0.006","0.00%"
"2020-09-21","0.021","-0.006","0.021","-0.006","-438.10%"
"2020-09-20","-0.006","0.010","0.010","-0.006","0.00%"
"2020-09-19","-0.006","0.010","0.010","-0.006","-136.00%"
"2020-09-18","0.018","0.005","0.019","-0.006","0.00%"
"2020-09-17","0.018","0.011","0.019","-0.006","7.36%"
"2020-09-16","0.016","0.005","0.020","-0.013","-285.23%"
"2020-09-15","-0.009","0.009","0.020","-0.011","-158.67%"
"2020-09-14","0.015","0.013","0.021","-0.009","-494.74%"
"2020-09-13","-0.004","0.014","0.014","-0.004","-127.54%"
"2020-09-12","0.014","0.014","0.014","0.014","-21.14%"
"2020-09-11","0.018","0.018","0.029","-0.004","-50.00%"
"2020-09-10","0.035","0.020","0.038","0.002","7.69%"
"2020-09-09","0.032","0.018","0.034","0.001","8.33%"
"2020-09-08","0.030","0.029","0.036","-0.001","-27.36%"
"2020-09-07","0.041","0.043","0.047","0.015","3.25%"
"2020-09-06","0.040","0.032","0.040","0.023","77.78%"
"2020-09-05","0.023","0.032","0.032","0.023","-45.52%"
"2020-09-04","0.041","0.027","0.041","0.014","6.44%"
"2020-09-03","0.039","0.036","0.044","0.013","-11.42%"
"2020-09-02","0.044","0.040","0.052","0.025","-7.79%"
"2020-09-01","0.047","0.047","0.061","0.031","-11.71%"
"2020-08-31","0.054","0.052","0.064","0.032","8.91%"
"2020-08-30","0.049","0.056","0.056","0.049","52.00%"
"2020-08-29","0.032","0.056","0.056","0.032","-44.73%"
"2020-08-28","0.059","0.056","0.074","0.032","-2.00%"
"2020-08-27","0.060","0.040","0.061","0.018","6.57%"
"2020-08-26","0.056","0.039","0.059","0.030","15.37%"
"2020-08-25","0.049","0.032","0.052","0.016","39.43%"
"2020-08-24","0.035","0.027","0.036","0.009","27.27%"
"2020-08-23","0.027","0.027","0.027","0.027","120.00%"
"2020-08-22","0.013","0.027","0.027","0.013","-67.78%"
"2020-08-21","0.039","0.023","0.043","0.010","3.47%"
"2020-08-20","0.038","0.023","0.044","0.009","19.81%"
"2020-08-19","0.031","0.029","0.034","0.005","13.82%"
"2020-08-18","0.027","0.038","0.040","0.011","-37.21%"
"2020-08-17","0.044","0.040","0.052","0.023","12.89%"
"2020-08-16","0.039","0.039","0.039","0.039","94.00%"
"2020-08-15","0.020","0.039","0.039","0.020","-52.94%"
"2020-08-14","0.043","0.040","0.058","0.016","-15.00%"
"2020-08-13","0.050","0.029","0.052","0.006","-20.00%"
"2020-08-12","0.063","0.031","0.064","0.009","38.89%"
"2020-08-11","0.045","0.017","0.050","-0.005","703.57%"
"2020-08-10","0.006","-0.020","0.019","-0.020","-174.67%"
"2020-08-09","-0.007","-0.007","-0.007","-0.007","-62.50%"
"2020-08-08","-0.020","-0.007","-0.007","-0.020","-169.44%"
"2020-08-07","0.029","0.006","0.029","-0.023","154.87%"
"2020-08-06","0.011","-0.007","0.018","-0.023","-18.12%"
"2020-08-05","0.014","-0.021","0.015","-0.032","-1,161.54%"
"2020-08-04","-0.001","-0.005","0.013","-0.029","-106.91%"
"2020-08-03","0.019","0.007","0.024","-0.025","172.46%"
"2020-08-02","0.007","-0.018","0.007","-0.018","-127.60%"
"2020-08-01","-0.025","-0.018","-0.018","-0.025","-253.37%"
"2020-07-31","0.016","-0.015","0.018","-0.034","18.12%"
"2020-07-30","0.014","-0.007","0.016","-0.027","0.00%"
"2020-07-29","0.014","-0.009","0.018","-0.024","-31.00%"
"2020-07-28","0.020","-0.002","0.024","-0.020","6.38%"
"2020-07-27","0.019","-0.004","0.023","-0.019","36.23%"
"2020-07-26","0.014","-0.004","0.014","-0.004","-169.00%"
"2020-07-25","-0.020","-0.004","-0.004","-0.020","-268.07%"
"2020-07-24","0.012","0.023","0.023","0.012","-47.11%"
"2020-07-23","0.023","0.023","0.023","0.023","89.08%"
"2020-07-22","0.012","-0.005","0.024","-0.018","-20.67%"
"2020-07-21","0.015","0.005","0.021","-0.021","-45.45%"
"2020-07-20","0.027","0.001","0.030","-0.019","90.97%"
"2020-07-19","0.014","-0.005","0.016","-0.005","-176.60%"
"2020-07-18","-0.019","-0.005","0.006","-0.019","-178.99%"
"2020-07-17","0.024","0.009","0.024","-0.021","19.00%"
"2020-07-16","0.020","0.009","0.026","-0.020","-36.10%"
"2020-07-15","0.031","0.032","0.039","-0.007","-7.40%"
"2020-07-14","0.034","0.031","0.040","-0.001","-32.40%"
"2020-07-13","0.050","0.009","0.051","0.001","-433.33%"
"2020-07-12","-0.015","-0.002","-0.002","-0.015","0.00%"
"2020-07-11","-0.015","-0.002","-0.002","-0.015","-163.03%"
"2020-07-10","0.024","0.013","0.024","-0.018","-4.80%"
"2020-07-09","0.025","0.026","0.035","-0.006","-37.50%"
"2020-07-08","0.040","0.035","0.041","-0.006","-20.00%"
"2020-07-07","0.050","0.030","0.051","0.010","-13.04%"
"2020-07-06","0.058","0.031","0.061","0.013","27.78%"
"2020-07-05","0.045","0.025","0.045","0.025","260.00%"
"2020-07-04","0.013","0.025","0.025","0.013","-76.19%"
"2020-07-03","0.052","0.051","0.052","0.010","-8.70%"
"2020-07-02","0.058","0.051","0.074","0.024","-17.86%"
"2020-07-01","0.070","0.043","0.072","0.027","16.67%"
"2020-06-30","0.060","0.041","0.064","0.014","36.99%"
"2020-06-29","0.044","0.013","0.046","-0.001","66.54%"
"2020-06-28","0.026","0.016","0.029","0.016","61.35%"
"2020-06-27","0.016","0.016","0.016","0.016","-56.53%"
"2020-06-26","0.038","0.020","0.043","0.001","-6.25%"
"2020-06-25","0.040","0.032","0.047","0.002","-5.88%"
"2020-06-24","0.043","0.039","0.050","0.006","-5.56%"
"2020-06-23","0.045","0.036","0.049","0.004","5.88%"
"2020-06-22","0.043","0.020","0.050","0.006","-5.56%"
"2020-06-19","0.045","0.045","0.045","0.045","-5.26%"
"2020-06-18","0.047","0.047","0.047","0.047","-2.66%"
"2020-06-17","0.049","0.049","0.049","0.049","25.77%"
"2020-06-16","0.039","0.039","0.039","0.039","63.03%"
"2020-06-15","0.024","0.024","0.024","0.024","-23.96%"
"2020-06-12","0.031","0.031","0.031","0.031","31.51%"
"2020-06-11","0.024","0.024","0.024","0.024","-53.61%"
"2020-06-10","0.051","0.051","0.051","0.051","14.00%"
"2020-06-09","0.045","0.045","0.045","0.045","-43.75%"
"2020-06-08","0.080","0.080","0.080","0.080","-25.58%"
"2020-06-05","0.108","0.108","0.108","0.108","65.38%"
"2020-06-04","0.065","0.065","0.065","0.065","20.82%"
"2020-06-03","0.054","0.054","0.054","0.054","43.47%"
"2020-06-02","0.038","0.038","0.038","0.038","-25.00%"
"2020-06-01","0.050","0.050","0.050","0.050","73.61%"
"2020-05-29","0.029","0.029","0.029","0.029","21.01%"
"2020-05-28","0.024","0.024","0.024","0.024","46.01%"
"2020-05-27","0.016","0.016","0.016","0.016","-18.50%"
"2020-05-26","0.020","0.020","0.020","0.020","-23.95%"
"2020-05-25","0.026","0.026","0.026","0.026","132.74%"
"2020-05-22","0.011","0.011","0.011","0.011","-35.43%"
"2020-05-21","0.018","0.018","0.018","0.018","-17.84%"
"2020-05-20","0.021","0.021","0.021","0.021","-22.55%"
"2020-05-19","0.027","0.027","0.027","0.027","10.00%"
"2020-05-18","0.025","0.025","0.025","0.025","42.86%"
"2020-05-15","0.018","0.018","0.018","0.018","0.00%"
"2020-05-14","0.018","0.018","0.018","0.018","-12.50%"
"2020-05-13","0.020","0.020","0.020","0.020","-23.95%"
"2020-05-12","0.026","0.026","0.026","0.026","-32.22%"
"2020-05-11","0.039","0.039","0.039","0.039","55.20%"
"2020-05-08","0.025","0.025","0.025","0.025","66.67%"
"2020-05-07","0.015","0.015","0.015","0.015","-20.21%"
"2020-05-06","0.019","0.019","0.019","0.019","0.00%"
"2020-05-05","0.019","0.019","0.019","0.019","0.00%"
"2020-05-04","0.019","0.019","0.019","0.019","0.00%"
"2020-05-01","0.019","0.019","0.019","0.019","-476.00%"
"2020-04-30","-0.005","-0.005","-0.005","-0.005","284.62%"
"2020-04-29","-0.001","-0.001","-0.001","-0.001","0.00%"
"2020-04-28","-0.001","-0.001","-0.001","-0.001","-200.00%"
"2020-04-27","0.001","0.001","0.001","0.001","0.00%"
"2020-04-24","0.001","0.001","0.001","0.001","-74.00%"
"2020-04-23","0.005","0.005","0.005","0.005","-78.99%"
"2020-04-22","0.024","0.024","0.024","0.024","0.00%"
"2020-04-21","0.024","0.024","0.024","0.024","-48.60%"
"2020-04-20","0.046","0.046","0.046","0.046","32.29%"
"2020-04-17","0.035","0.035","0.035","0.035","33.08%"
"2020-04-16","0.026","0.026","0.026","0.026","39.89%"
"2020-04-15","0.019","0.019","0.019","0.019","-46.29%"
"2020-04-14","0.035","0.035","0.035","0.035","-15.25%"
"2020-04-13","0.041","0.041","0.041","0.041","18.00%"
"2020-04-10","0.035","0.035","0.035","0.035","-31.77%"
"2020-04-09","0.051","0.051","0.051","0.051","-8.88%"
"2020-04-08","0.056","0.056","0.056","0.056","-2.09%"
"2020-04-07","0.058","0.058","0.058","0.058","76.92%"
"2020-04-06","0.032","0.032","0.032","0.032","160.00%"
"2020-04-03","0.013","0.013","0.013","0.013","66.67%"
"2020-04-02","0.007","0.007","0.007","0.007","-53.99%"
"2020-04-01","0.016","0.016","0.016","0.016","226.00%"
"2020-03-31","0.005","0.005","0.005","0.005","-82.64%"
"2020-03-30","0.029","0.029","0.029","0.029","9.51%"
"2020-03-27","0.026","0.026","0.026","0.026","39.89%"
"2020-03-26","0.019","0.019","0.019","0.019","-64.19%"
"2020-03-25","0.052","0.052","0.052","0.052","44.63%"
"2020-03-24","0.036","0.036","0.036","0.036","32.00%"
"2020-03-23","0.027","0.027","0.027","0.027","-71.79%"
"2020-03-20","0.097","0.097","0.097","0.097","-3.75%"
"2020-03-19","0.101","0.101","0.101","0.101","3.90%"
"2020-03-18","0.097","0.097","0.097","0.097","606.52%"
"2020-03-17","0.014","0.014","0.014","0.014","56.82%"
"2020-03-16","0.009","0.009","0.009","0.009","-119.56%"
"2020-03-13","-0.045","-0.045","-0.045","-0.045","-34.59%"
"2020-03-12","-0.069","-0.069","-0.069","-0.069","-30.36%"
"2020-03-11","-0.099","-0.099","-0.099","-0.099","0.00%"
"2020-03-10","-0.099","-0.099","-0.099","-0.099","-47.67%"
"2020-03-09","-0.189","-0.189","-0.189","-0.189","25.87%"
"2020-03-06","-0.150","-0.150","-0.150","-0.150","68.92%"
"2020-03-05","-0.089","-0.089","-0.089","-0.089","-4.00%"
"2020-03-04","-0.093","-0.093","-0.093","-0.093","34.45%"
"2020-03-03","-0.069","-0.069","-0.069","-0.069","-20.19%"
"2020-03-02","-0.086","-0.086","-0.086","-0.086","-19.81%"
"2020-02-28","-0.108","-0.108","-0.108","-0.108","50.98%"
"2020-02-27","-0.071","-0.071","-0.071","-0.071","72.40%"
"2020-02-26","-0.041","-0.041","-0.041","-0.041","-35.27%"
"2020-02-25","-0.064","-0.064","-0.064","-0.064","291.41%"
"2020-02-24","-0.016","-0.016","-0.016","-0.016","63.00%"
"2020-02-21","-0.010","-0.010","-0.010","-0.010","0.00%"
"2020-02-20","-0.010","-0.010","-0.010","-0.010","-153.19%"
"2020-02-19","0.019","0.019","0.019","0.019","-1,546.15%"
"2020-02-18","-0.001","-0.001","-0.001","-0.001","-103.25%"
"2020-02-17","0.040","0.040","0.040","0.040","-11.11%"
"2020-02-14","0.045","0.045","0.045","0.045","-5.26%"
"2020-02-13","0.047","0.047","0.047","0.047","15.01%"
"2020-02-12","0.041","0.041","0.041","0.041","136.00%"
"2020-02-11","0.018","0.018","0.018","0.018","-6.91%"
"2020-02-10","0.019","0.019","0.019","0.019","-42.15%"
"2020-02-07","0.032","0.032","0.032","0.032","-40.91%"
"2020-02-06","0.055","0.055","0.055","0.055","-4.35%"
"2020-02-05","0.058","0.058","0.058","0.058","70.12%"
"2020-02-04","0.034","0.034","0.034","0.034","238.00%"
"2020-02-03","0.010","0.010","0.010","0.010","0.00%"
"2020-01-31","0.010","0.010","0.010","0.010","-55.56%"
"2020-01-30","0.023","0.023","0.023","0.023","-47.06%"
"2020-01-29","0.043","0.043","0.043","0.043","-17.15%"
"2020-01-28","0.051","0.051","0.051","0.051","32.22%"
"2020-01-27","0.039","0.039","0.039","0.039","-39.18%"
"2020-01-24","0.064","0.064","0.064","0.064","2.08%"
"2020-01-23","0.063","0.063","0.063","0.063","-34.21%"
"2020-01-22","0.095","0.095","0.095","0.095","0.00%"
"2020-01-21","0.095","0.095","0.095","0.095","-12.68%"
"2020-01-20","0.109","0.109","0.109","0.109","4.82%"
"2020-01-17","0.104","0.104","0.104","0.104","-11.66%"
"2020-01-16","0.117","0.117","0.117","0.117","10.54%"
"2020-01-15","0.106","0.106","0.106","0.106","-4.49%"
"2020-01-14","0.111","0.111","0.111","0.111","9.87%"
"2020-01-13","0.101","0.101","0.101","0.101","-2.41%"
"2020-01-10","0.104","0.104","0.104","0.104","-4.60%"
"2020-01-09","0.109","0.109","0.109","0.109","8.80%"
"2020-01-08","0.100","0.100","0.100","0.100","2.56%"
"2020-01-07","0.097","0.097","0.097","0.097","0.00%"
"2020-01-06","0.097","0.097","0.097","0.097","1.25%"
"2020-01-03","0.096","0.096","0.096","0.096","0.00%"
"2020-01-02","0.096","0.096","0.096","0.096","0.00%"
"2020-01-01","0.096","0.096","0.096","0.096","0.00%"
"2019-12-31","0.096","0.096","0.096","0.096","-13.48%"
"2019-12-30","0.111","0.111","0.111","0.111","-2.20%"
"2019-12-27","0.114","0.114","0.114","0.114","-3.15%"
"2019-12-26","0.117","0.117","0.117","0.117","6.82%"
"2019-12-25","0.110","0.110","0.110","0.110","-20.00%"
"2019-12-24","0.138","0.138","0.138","0.138","19.57%"
"2019-12-23","0.115","0.115","0.115","0.115","-3.20%"
"2019-12-20","0.119","0.119","0.119","0.119","18.80%"
"2019-12-19","0.100","0.100","0.100","0.100","2.56%"
"2019-12-18","0.097","0.097","0.097","0.097","1.25%"
"2019-12-17","0.096","0.096","0.096","0.096","1.37%"
"2019-12-16","0.095","0.095","0.095","0.095","20.56%"
"2019-12-13","0.079","0.079","0.079","0.079","-25.87%"
"2019-12-12","0.106","0.106","0.106","0.106","32.87%"
"2019-12-11","0.080","0.080","0.080","0.080","-8.57%"
"2019-12-10","0.087","0.087","0.087","0.087","-10.26%"
"2019-12-09","0.097","0.097","0.097","0.097","-9.30%"
"2019-12-06","0.108","0.108","0.108","0.108","32.23%"
"2019-12-05","0.081","0.081","0.081","0.081","-10.95%"
"2019-12-04","0.091","0.091","0.091","0.091","108.45%"
"2019-12-03","0.044","0.044","0.044","0.044","-47.73%"
"2019-12-02","0.084","0.084","0.084","0.084","42.52%"
"2019-11-29","0.059","0.059","0.059","0.059","23.79%"
"2019-11-28","0.047","0.047","0.047","0.047","26.67%"
"2019-11-27","0.038","0.038","0.038","0.038","-11.76%"
"2019-11-26","0.043","0.043","0.043","0.043","-15.00%"
"2019-11-25","0.050","0.050","0.050","0.050","-4.76%"
"2019-11-22","0.052","0.052","0.052","0.052","10.53%"
"2019-11-21","0.047","0.047","0.047","0.047","-5.00%"
"2019-11-20","0.050","0.050","0.050","0.050","-16.67%"
"2019-11-19","0.060","0.060","0.060","0.060","11.52%"
"2019-11-18","0.054","0.054","0.054","0.054","-18.85%"
"2019-11-15","0.066","0.066","0.066","0.066","32.60%"
"2019-11-14","0.050","0.050","0.050","0.050","-34.47%"
"2019-11-13","0.076","0.076","0.076","0.076","-29.02%"
"2019-11-12","0.108","0.108","0.108","0.108","21.06%"
"2019-11-11","0.089","0.089","0.089","0.089","-7.79%"
"2019-11-08","0.096","0.096","0.096","0.096","-7.23%"
"2019-11-07","0.104","0.104","0.104","0.104","159.50%"
"2019-11-06","0.040","0.040","0.040","0.040","33.33%"
"2019-11-05","0.030","0.030","0.030","0.030","-300.00%"
"2019-11-04","-0.015","-0.015","-0.015","-0.015","20.00%"
"2019-11-01","-0.013","-0.013","-0.013","-0.013","150.00%"
"2019-10-31","-0.005","-0.005","-0.005","-0.005","-119.01%"
"2019-10-30","0.026","0.026","0.026","0.026","-12.33%"
"2019-10-29","0.030","0.030","0.030","0.030","0.00%"
"2019-10-28","0.030","0.030","0.030","0.030","100.00%"
"2019-10-25","0.015","0.015","0.015","0.015","294.74%"
"2019-10-24","0.004","0.004","0.004","0.004","-392.31%"
"2019-10-23","-0.001","-0.001","-0.001","-0.001","-200.00%"
"2019-10-22","0.001","0.001","0.001","0.001","-93.09%"
"2019-10-21","0.019","0.019","0.019","0.019","276.00%"
"2019-10-18","0.005","0.005","0.005","0.005","100.00%"
"2019-10-17","0.002","0.002","0.002","0.002","-292.31%"
"2019-10-16","-0.001","-0.001","-0.001","-0.001","-126.00%"
"2019-10-15","0.005","0.005","0.005","0.005","284.62%"
"2019-10-14","0.001","0.001","0.001","0.001","-79.37%"
"2019-10-11","0.006","0.006","0.006","0.006","-133.51%"
"2019-10-10","-0.019","-0.019","-0.019","-0.019","-39.94%"
"2019-10-09","-0.031","-0.031","-0.031","-0.031","-41.82%"
"2019-10-08","-0.054","-0.054","-0.054","-0.054","2.48%"
"2019-10-07","-0.052","-0.052","-0.052","-0.052","23.53%"
"2019-10-04","-0.043","-0.043","-0.043","-0.043","-21.00%"
"2019-10-03","-0.054","-0.054","-0.054","-0.054","230.06%"
"2019-10-02","-0.016","-0.016","-0.016","-0.016","-13.30%"
"2019-10-01","-0.019","-0.019","-0.019","-0.019","-31.64%"
"2019-09-30","-0.027","-0.027","-0.027","-0.027","-47.62%"
"2019-09-27","-0.052","-0.052","-0.052","-0.052","-17.71%"
"2019-09-26","-0.064","-0.064","-0.064","-0.064","8.50%"
"2019-09-25","-0.059","-0.059","-0.059","-0.059","-14.53%"
"2019-09-24","-0.069","-0.069","-0.069","-0.069","19.65%"
"2019-09-23","-0.058","-0.058","-0.058","-0.058","31.28%"
"2019-09-20","-0.044","-0.044","-0.044","-0.044","25.14%"
"2019-09-19","-0.035","-0.035","-0.035","-0.035","133.33%"
"2019-09-18","-0.015","-0.015","-0.015","-0.015","-200.00%"
"2019-09-17","0.015","0.015","0.015","0.015","-75.00%"
"2019-09-16","0.060","0.060","0.060","0.060","33.33%"
"2019-09-13","0.045","0.045","0.045","0.045","-611.36%"
"2019-09-12","-0.009","-0.009","-0.009","-0.009","-58.69%"
"2019-09-11","-0.021","-0.021","-0.021","-0.021","-51.37%"
"2019-09-10","-0.044","-0.044","-0.044","-0.044","-23.83%"
"2019-09-09","-0.058","-0.058","-0.058","-0.058","-6.20%"
"2019-09-06","-0.061","-0.061","-0.061","-0.061","-15.45%"
"2019-09-05","-0.072","-0.072","-0.072","-0.072","-31.80%"
"2019-09-04","-0.106","-0.106","-0.106","-0.106","-7.57%"
"2019-09-03","-0.115","-0.115","-0.115","-0.115","12.20%"
"2019-09-02","-0.102","-0.102","-0.102","-0.102","20.59%"
"2019-08-30","-0.085","-0.085","-0.085","-0.085","-8.11%"
"2019-08-29","-0.093","-0.093","-0.093","-0.093","-8.69%"
"2019-08-28","-0.101","-0.101","-0.101","-0.101","-4.70%"
"2019-08-27","-0.106","-0.106","-0.106","-0.106","3.71%"
"2019-08-26","-0.102","-0.102","-0.102","-0.102","20.59%"
"2019-08-23","-0.085","-0.085","-0.085","-0.085","7.87%"
"2019-08-22","-0.079","-0.079","-0.079","-0.079","6.78%"
"2019-08-21","-0.074","-0.074","-0.074","-0.074","0.00%"
"2019-08-20","-0.074","-0.074","-0.074","-0.074","7.27%"
"2019-08-19","-0.069","-0.069","-0.069","-0.069","-1.71%"
"2019-08-16","-0.070","-0.070","-0.070","-0.070","-20.00%"
"2019-08-15","-0.087","-0.087","-0.087","-0.087","6.06%"
"2019-08-14","-0.083","-0.083","-0.083","-0.083","6.45%"
"2019-08-13","-0.078","-0.078","-0.078","-0.078","26.43%"
"2019-08-12","-0.061","-0.061","-0.061","-0.061","-5.69%"
"2019-08-09","-0.065","-0.065","-0.065","-0.065","44.44%"
"2019-08-08","-0.045","-0.045","-0.045","-0.045","-12.28%"
"2019-08-07","-0.051","-0.051","-0.051","-0.051","86.55%"
"2019-08-06","-0.027","-0.027","-0.027","-0.027","-38.89%"
"2019-08-05","-0.045","-0.045","-0.045","-0.045","200.00%"
"2019-08-02","-0.015","-0.015","-0.015","-0.015","-220.00%"
"2019-08-01","0.013","0.013","0.013","0.013","861.54%"
"2019-07-31","0.001","0.001","0.001","0.001","-74.00%"
"2019-07-30","0.005","0.005","0.005","0.005","-66.67%"
"2019-07-29","0.015","0.015","0.015","0.015","-7.98%"
"2019-07-26","0.016","0.016","0.016","0.016","0.00%"
"2019-07-25","0.016","0.016","0.016","0.016","30.40%"
"2019-07-24","0.013","0.013","0.013","0.013","-9.42%"
"2019-07-23","0.014","0.014","0.014","0.014","38.00%"
"2019-07-22","0.010","0.010","0.010","0.010","-33.33%"
"2019-07-19","0.015","0.015","0.015","0.015","-40.00%"
"2019-07-18","0.025","0.025","0.025","0.025","-13.19%"
"2019-07-17","0.029","0.029","0.029","0.029","-37.80%"
"2019-07-16","0.046","0.046","0.046","0.046","60.76%"
"2019-07-15","0.029","0.029","0.029","0.029","-14.79%"
"2019-07-12","0.034","0.034","0.034","0.034","7.99%"
"2019-07-11","0.031","0.031","0.031","0.031","31.51%"
"2019-07-10","0.024","0.024","0.024","0.024","90.40%"
"2019-07-09","0.013","0.013","0.013","0.013","25.00%"
"2019-07-08","0.010","0.010","0.010","0.010","33.33%"
"2019-07-05","0.007","0.007","0.007","0.007","-676.92%"
"2019-07-04","-0.001","-0.001","-0.001","-0.001","-134.21%"
"2019-07-03","0.004","0.004","0.004","0.004","-82.16%"
"2019-07-02","0.021","0.021","0.021","0.021","-14.80%"
"2019-07-01","0.025","0.025","0.025","0.025","66.67%"
"2019-06-28","0.015","0.015","0.015","0.015","-45.45%"
"2019-06-27","0.027","0.027","0.027","0.027","-12.14%"
"2019-06-26","0.031","0.031","0.031","0.031","255.68%"
"2019-06-25","0.009","0.009","0.009","0.009","-12.00%"
"2019-06-24","0.010","0.010","0.010","0.010","-11.50%"
"2019-06-21","0.011","0.011","0.011","0.011","-969.23%"
"2019-06-20","-0.001","-0.001","-0.001","-0.001","-105.20%"
"2019-06-19","0.025","0.025","0.025","0.025","25.00%"
"2019-06-18","0.020","0.020","0.020","0.020","-51.57%"
"2019-06-17","0.041","0.041","0.041","0.041","3.25%"
"2019-06-14","0.040","0.040","0.040","0.040","-13.61%"
"2019-06-13","0.046","0.046","0.046","0.046","8.94%"
"2019-06-12","0.043","0.043","0.043","0.043","-15.00%"
"2019-06-11","0.050","0.050","0.050","0.050","21.07%"
"2019-06-10","0.041","0.041","0.041","0.041","13.77%"
"2019-06-07","0.036","0.036","0.036","0.036","-17.12%"
"2019-06-06","0.044","0.044","0.044","0.044","6.05%"
"2019-06-05","0.041","0.041","0.041","0.041","-39.97%"
"2019-06-04","0.069","0.069","0.069","0.069","5.85%"
"2019-06-03","0.065","0.065","0.065","0.065","-11.92%"
"2019-05-31","0.074","0.074","0.074","0.074","-13.18%"
"2019-05-30","0.085","0.085","0.085","0.085","19.38%"
"2019-05-29","0.071","0.071","0.071","0.071","-12.42%"
"2019-05-28","0.081","0.081","0.081","0.081","-4.35%"
"2019-05-27","0.085","0.085","0.085","0.085","-5.56%"
"2019-05-24","0.090","0.090","0.090","0.090","-2.70%"
"2019-05-23","0.093","0.093","0.093","0.093","-9.76%"
"2019-05-22","0.102","0.102","0.102","0.102","-10.87%"
"2019-05-21","0.115","0.115","0.115","0.115","-2.13%"
"2019-05-20","0.117","0.117","0.117","0.117","9.30%"
"2019-05-17","0.108","0.108","0.108","0.108","3.56%"
"2019-05-16","0.104","0.104","0.104","0.104","-6.74%"
"2019-05-15","0.111","0.111","0.111","0.111","-4.30%"
"2019-05-14","0.116","0.116","0.116","0.116","3.38%"
"2019-05-13","0.112","0.112","0.112","0.112","-2.17%"
"2019-05-10","0.115","0.115","0.115","0.115","-1.12%"
"2019-05-09","0.116","0.116","0.116","0.116","-1.02%"
"2019-05-08","0.117","0.117","0.117","0.117","6.82%"
"2019-05-07","0.110","0.110","0.110","0.110","-6.38%"
"2019-05-06","0.117","0.117","0.117","0.117","0.00%"
"2019-05-03","0.117","0.117","0.117","0.117","0.00%"
"2019-05-02","0.117","0.117","0.117","0.117","0.00%"
"2019-05-01","0.117","0.117","0.117","0.117","0.00%"
"2019-04-30","0.117","0.117","0.117","0.117","0.00%"
"2019-04-29","0.117","0.117","0.117","0.117","0.00%"
"2019-04-26","0.117","0.117","0.117","0.117","-12.18%"
"2019-04-25","0.134","0.134","0.134","0.134","8.08%"
"2019-04-24","0.124","0.124","0.124","0.124","-6.57%"
"2019-04-23","0.132","0.132","0.132","0.132","-7.86%"
"2019-04-22","0.144","0.144","0.144","0.144","0.91%"
"2019-04-19","0.142","0.142","0.142","0.142","3.64%"
"2019-04-18","0.138","0.138","0.138","0.138","-9.12%"
"2019-04-17","0.151","0.151","0.151","0.151","4.34%"
"2019-04-16","0.145","0.145","0.145","0.145","0.83%"
"2019-04-15","0.144","0.144","0.144","0.144","5.50%"
"2019-04-12","0.136","0.136","0.136","0.136","21.16%"
"2019-04-11","0.112","0.112","0.112","0.112","4.65%"
"2019-04-10","0.108","0.108","0.108","0.108","-1.19%"
"2019-04-09","0.109","0.109","0.109","0.109","-5.39%"
"2019-04-08","0.115","0.115","0.115","0.115","-5.19%"
"2019-04-05","0.121","0.121","0.121","0.121","4.30%"
"2019-04-04","0.116","0.116","0.116","0.116","9.41%"
"2019-04-03","0.106","0.106","0.106","0.106","7.59%"
"2019-04-02","0.099","0.099","0.099","0.099","1.33%"
"2019-04-01","0.097","0.097","0.097","0.097","2.63%"
"2019-03-29","0.095","0.095","0.095","0.095","5.56%"
"2019-03-28","0.090","0.090","0.090","0.090","-5.26%"
"2019-03-27","0.095","0.095","0.095","0.095","-8.48%"
"2019-03-26","0.104","0.104","0.104","0.104","27.68%"
"2019-03-25","0.081","0.081","0.081","0.081","-7.09%"
"2019-03-22","0.087","0.087","0.087","0.087","-21.38%"
"2019-03-21","0.111","0.111","0.111","0.111","-7.25%"
"2019-03-20","0.120","0.120","0.120","0.120","2.13%"
"2019-03-19","0.117","0.117","0.117","0.117","-2.08%"
"2019-03-18","0.120","0.120","0.120","0.120","3.18%"
"2019-03-15","0.116","0.116","0.116","0.116","-4.12%"
"2019-03-14","0.121","0.121","0.121","0.121","0.00%"
"2019-03-13","0.121","0.121","0.121","0.121","-4.86%"
"2019-03-12","0.127","0.127","0.127","0.127","-2.89%"
"2019-03-11","0.131","0.131","0.131","0.131","1.94%"
"2019-03-08","0.129","0.129","0.129","0.129","-3.74%"
"2019-03-07","0.134","0.134","0.134","0.134","-9.29%"
"2019-03-06","0.147","0.147","0.147","0.147","-11.30%"
"2019-03-05","0.166","0.166","0.166","0.166","3.10%"
"2019-03-04","0.161","0.161","0.161","0.161","0.81%"
"2019-03-01","0.160","0.160","0.160","0.160","0.76%"
"2019-02-28","0.159","0.159","0.159","0.159","11.44%"
"2019-02-27","0.142","0.142","0.142","0.142","8.53%"
"2019-02-26","0.131","0.131","0.131","0.131","0.00%"
"2019-02-25","0.131","0.131","0.131","0.131","9.42%"
"2019-02-22","0.120","0.120","0.120","0.120","-5.88%"
"2019-02-21","0.127","0.127","0.127","0.127","0.00%"
"2019-02-20","0.127","0.127","0.127","0.127","0.00%"
"2019-02-19","0.127","0.127","0.127","0.127","-8.93%"
"2019-02-18","0.140","0.140","0.140","0.140","1.82%"
"2019-02-15","0.138","0.138","0.138","0.138","0.00%"
"2019-02-14","0.138","0.138","0.138","0.138","-8.33%"
"2019-02-13","0.150","0.150","0.150","0.150","6.23%"
"2019-02-12","0.141","0.141","0.141","0.141","12.96%"
"2019-02-11","0.125","0.125","0.125","0.125","0.00%"
"2019-02-08","0.125","0.125","0.125","0.125","-10.71%"
"2019-02-07","0.140","0.140","0.140","0.140","6.63%"
"2019-02-06","0.131","0.131","0.131","0.131","-0.91%"
"2019-02-05","0.132","0.132","0.132","0.132","-0.97%"
"2019-02-04","0.134","0.134","0.134","0.134","1.90%"
"2019-02-01","0.131","0.131","0.131","0.131","-0.91%"
"2019-01-31","0.132","0.132","0.132","0.132","-11.67%"
"2019-01-30","0.150","0.150","0.150","0.150","3.45%"
"2019-01-29","0.145","0.145","0.145","0.145","4.47%"
"2019-01-28","0.139","0.139","0.139","0.139","-1.70%"
"2019-01-25","0.141","0.141","0.141","0.141","-3.49%"
"2019-01-24","0.146","0.146","0.146","0.146","-3.30%"
"2019-01-23","0.151","0.151","0.151","0.151","-3.20%"
"2019-01-22","0.156","0.156","0.156","0.156","-2.31%"
"2019-01-21","0.160","0.160","0.160","0.160","-3.03%"
"2019-01-18","0.165","0.165","0.165","0.165","8.20%"
"2019-01-17","0.153","0.153","0.153","0.153","-2.43%"
"2019-01-16","0.156","0.156","0.156","0.156","-2.31%"
"2019-01-15","0.160","0.160","0.160","0.160","-0.81%"
"2019-01-14","0.161","0.161","0.161","0.161","0.00%"
"2019-01-11","0.161","0.161","0.161","0.161","-3.70%"
"2019-01-10","0.168","0.168","0.168","0.168","-6.94%"
"2019-01-09","0.180","0.180","0.180","0.180","3.63%"
"2019-01-08","0.174","0.174","0.174","0.174","8.56%"
"2019-01-07","0.160","0.160","0.160","0.160","0.76%"
"2019-01-04","0.159","0.159","0.159","0.159","0.00%"
"2019-01-03","0.159","0.159","0.159","0.159","0.00%"
"2019-01-02","0.159","0.159","0.159","0.159","-4.51%"
"2019-01-01","0.166","0.166","0.166","0.166","0.00%"
"2018-12-31","0.166","0.166","0.166","0.166","3.94%"
"2018-12-28","0.160","0.160","0.160","0.160","-6.60%"
"2018-12-27","0.171","0.171","0.171","0.171","-4.19%"
"2018-12-26","0.179","0.179","0.179","0.179","10.85%"
"2018-12-25","0.161","0.161","0.161","0.161","-11.62%"
"2018-12-24","0.183","0.183","0.183","0.183","-1.35%"
"2018-12-21","0.185","0.185","0.185","0.185","12.94%"
"2018-12-20","0.164","0.164","0.164","0.164","-5.70%"
"2018-12-19","0.174","0.174","0.174","0.174","-2.85%"
"2018-12-18","0.179","0.179","0.179","0.179","-8.91%"
"2018-12-17","0.196","0.196","0.196","0.196","6.80%"
"2018-12-14","0.184","0.184","0.184","0.184","-11.42%"
"2018-12-13","0.207","0.207","0.207","0.207","0.00%"
"2018-12-12","0.207","0.207","0.207","0.207","6.41%"
"2018-12-11","0.195","0.195","0.195","0.195","9.06%"
"2018-12-10","0.179","0.179","0.179","0.179","-10.06%"
"2018-12-07","0.199","0.199","0.199","0.199","-1.24%"
"2018-12-06","0.201","0.201","0.201","0.201","-5.27%"
"2018-12-05","0.213","0.213","0.213","0.213","0.00%"
"2018-12-04","0.213","0.213","0.213","0.213","-7.61%"
"2018-12-03","0.230","0.230","0.230","0.230","-2.67%"
"2018-11-30","0.236","0.236","0.236","0.236","4.42%"
"2018-11-29","0.226","0.226","0.226","0.226","-14.60%"
"2018-11-28","0.265","0.265","0.265","0.265","3.92%"
"2018-11-27","0.255","0.255","0.255","0.255","-1.47%"
"2018-11-26","0.259","0.259","0.259","0.259","-3.25%"
"2018-11-23","0.268","0.268","0.268","0.268","0.00%"
"2018-11-22","0.268","0.268","0.268","0.268","1.40%"
"2018-11-21","0.264","0.264","0.264","0.264","-1.38%"
"2018-11-20","0.268","0.268","0.268","0.268","2.88%"
"2018-11-19","0.260","0.260","0.260","0.260","-5.45%"
"2018-11-16","0.275","0.275","0.275","0.275","0.92%"
"2018-11-15","0.273","0.273","0.273","0.273","-5.22%"
"2018-11-14","0.287","0.287","0.287","0.287","-2.54%"
"2018-11-13","0.295","0.295","0.295","0.295","-0.44%"
"2018-11-12","0.296","0.296","0.296","0.296","-1.23%"
"2018-11-09","0.300","0.300","0.300","0.300","-2.44%"
"2018-11-08","0.308","0.308","0.308","0.308","0.82%"
"2018-11-07","0.305","0.305","0.305","0.305","-0.81%"
"2018-11-06","0.308","0.308","0.308","0.308","2.06%"
"2018-11-05","0.301","0.301","0.301","0.301","-2.43%"
"2018-11-02","0.309","0.309","0.309","0.309","2.08%"
"2018-11-01","0.303","0.303","0.303","0.303","-3.97%"
"2018-10-31","0.315","0.315","0.315","0.315","3.69%"
"2018-10-30","0.304","0.304","0.304","0.304","2.12%"
"2018-10-29","0.298","0.298","0.298","0.298","1.26%"
"2018-10-26","0.294","0.294","0.294","0.294","-6.34%"
"2018-10-25","0.314","0.314","0.314","0.314","-0.79%"
"2018-10-24","0.316","0.316","0.316","0.316","-4.90%"
"2018-10-23","0.333","0.333","0.333","0.333","-3.29%"
"2018-10-22","0.344","0.344","0.344","0.344","0.73%"
"2018-10-19","0.341","0.341","0.341","0.341","-1.44%"
"2018-10-18","0.346","0.346","0.346","0.346","1.11%"
"2018-10-17","0.343","0.343","0.343","0.343","-1.44%"
"2018-10-16","0.347","0.347","0.347","0.347","3.33%"
"2018-10-15","0.336","0.336","0.336","0.336","-1.81%"
"2018-10-12","0.343","0.343","0.343","0.343","0.00%"
"2018-10-11","0.343","0.343","0.343","0.343","-3.52%"
"2018-10-10","0.355","0.355","0.355","0.355","0.00%"
"2018-10-09","0.355","0.355","0.355","0.355","-0.36%"
"2018-10-08","0.356","0.356","0.356","0.356","0.00%"
"2018-10-05","0.356","0.356","0.356","0.356","-1.03%"
"2018-10-04","0.360","0.360","0.360","0.360","6.26%"
"2018-10-03","0.339","0.339","0.339","0.339","0.00%"
"2018-10-02","0.339","0.339","0.339","0.339","-2.87%"
"2018-10-01","0.349","0.349","0.349","0.349","2.59%"
"2018-09-28","0.340","0.340","0.340","0.340","2.26%"
"2018-09-27","0.333","0.333","0.333","0.333","-2.58%"
"2018-09-26","0.341","0.341","0.341","0.341","-1.78%"
"2018-09-25","0.347","0.347","0.347","0.347","2.21%"
"2018-09-24","0.340","0.340","0.340","0.340","-0.73%"
"2018-09-21","0.343","0.343","0.343","0.343","3.79%"
"2018-09-20","0.330","0.330","0.330","0.330","-2.60%"
"2018-09-19","0.339","0.339","0.339","0.339","1.13%"
"2018-09-18","0.335","0.335","0.335","0.335","1.52%"
"2018-09-17","0.330","0.330","0.330","0.330","1.54%"
"2018-09-14","0.325","0.325","0.325","0.325","3.60%"
"2018-09-13","0.314","0.314","0.314","0.314","0.38%"
"2018-09-12","0.313","0.313","0.313","0.313","-0.79%"
"2018-09-11","0.315","0.315","0.315","0.315","-0.38%"
"2018-09-10","0.316","0.316","0.316","0.316","0.00%"
"2018-09-07","0.316","0.316","0.316","0.316","2.83%"
"2018-09-06","0.308","0.308","0.308","0.308","-3.91%"
"2018-09-05","0.320","0.320","0.320","0.320","-2.68%"
"2018-09-04","0.329","0.329","0.329","0.329","0.77%"
"2018-09-03","0.326","0.326","0.326","0.326","2.35%"
"2018-08-31","0.319","0.319","0.319","0.319","1.63%"
"2018-08-30","0.314","0.314","0.314","0.314","0.77%"
"2018-08-29","0.311","0.311","0.311","0.311","1.24%"
"2018-08-28","0.308","0.308","0.308","0.308","4.66%"
"2018-08-27","0.294","0.294","0.294","0.294","-4.08%"
"2018-08-24","0.306","0.306","0.306","0.306","0.43%"
"2018-08-23","0.305","0.305","0.305","0.305","-2.40%"
"2018-08-22","0.313","0.313","0.313","0.313","0.81%"
"2018-08-21","0.310","0.310","0.310","0.310","1.21%"
"2018-08-20","0.306","0.306","0.306","0.306","-1.61%"
"2018-08-17","0.311","0.311","0.311","0.311","-2.35%"
"2018-08-16","0.319","0.319","0.319","0.319","2.41%"
"2018-08-15","0.311","0.311","0.311","0.311","-3.47%"
"2018-08-14","0.322","0.322","0.322","0.322","3.60%"
"2018-08-13","0.311","0.311","0.311","0.311","0.42%"
"2018-08-10","0.310","0.310","0.310","0.310","-6.06%"
"2018-08-09","0.330","0.330","0.330","0.330","-0.39%"
"2018-08-08","0.331","0.331","0.331","0.331","-0.36%"
"2018-08-07","0.333","0.333","0.333","0.333","5.15%"
"2018-08-06","0.316","0.316","0.316","0.316","-1.19%"
"2018-08-03","0.320","0.320","0.320","0.320","-5.55%"
"2018-08-02","0.339","0.339","0.339","0.339","-4.56%"
"2018-08-01","0.355","0.355","0.355","0.355","22.41%"
"2018-07-31","0.290","0.290","0.290","0.290","-3.75%"
"2018-07-30","0.301","0.301","0.301","0.301","1.69%"
"2018-07-27","0.296","0.296","0.296","0.296","0.44%"
"2018-07-26","0.295","0.295","0.295","0.295","5.36%"
"2018-07-25","0.280","0.280","0.280","0.280","-2.20%"
"2018-07-24","0.286","0.286","0.286","0.286","-2.12%"
"2018-07-23","0.292","0.292","0.292","0.292","2.63%"
"2018-07-20","0.285","0.285","0.285","0.285","20.00%"
"2018-07-19","0.237","0.237","0.237","0.237","-3.06%"
"2018-07-18","0.245","0.245","0.245","0.245","1.53%"
"2018-07-17","0.241","0.241","0.241","0.241","-0.49%"
"2018-07-16","0.243","0.243","0.243","0.243","1.04%"
"2018-07-13","0.240","0.240","0.240","0.240","1.57%"
"2018-07-12","0.236","0.236","0.236","0.236","-1.05%"
"2018-07-11","0.239","0.239","0.239","0.239","1.06%"
"2018-07-10","0.236","0.236","0.236","0.236","6.20%"
"2018-07-09","0.222","0.222","0.222","0.222","-3.26%"
"2018-07-06","0.230","0.230","0.230","0.230","-1.63%"
"2018-07-05","0.234","0.234","0.234","0.234","-1.06%"
"2018-07-04","0.236","0.236","0.236","0.236","-0.51%"
"2018-07-03","0.237","0.237","0.237","0.237","1.06%"
"2018-07-02","0.235","0.235","0.235","0.235","-3.09%"
"2018-06-29","0.243","0.243","0.243","0.243","-0.53%"
"2018-06-28","0.244","0.244","0.244","0.244","-0.49%"
"2018-06-27","0.245","0.245","0.245","0.245","0.00%"
"2018-06-26","0.245","0.245","0.245","0.245","1.03%"
"2018-06-25","0.243","0.243","0.243","0.243","-1.54%"
"2018-06-22","0.246","0.246","0.246","0.246","-0.48%"
"2018-06-21","0.248","0.248","0.248","0.248","0.00%"
"2018-06-20","0.248","0.248","0.248","0.248","0.49%"
"2018-06-19","0.246","0.246","0.246","0.246","-3.41%"
"2018-06-18","0.255","0.255","0.255","0.255","1.51%"
"2018-06-15","0.251","0.251","0.251","0.251","-2.94%"
"2018-06-14","0.259","0.259","0.259","0.259","-0.96%"
"2018-06-13","0.261","0.261","0.261","0.261","-1.88%"
"2018-06-12","0.266","0.266","0.266","0.266","0.95%"
"2018-06-11","0.264","0.264","0.264","0.264","2.45%"
"2018-06-08","0.257","0.257","0.257","0.257","-1.90%"
"2018-06-07","0.262","0.262","0.262","0.262","-1.43%"
"2018-06-06","0.266","0.266","0.266","0.266","2.90%"
"2018-06-05","0.259","0.259","0.259","0.259","-1.41%"