"日付","終値","始値","高値","安値","変化率 %"
"2026-02-18","1.676","1.660","1.683","1.627","-0.18%"
"2026-02-17","1.679","1.704","1.722","1.669","-2.55%"
"2026-02-16","1.723","1.716","1.754","1.715","-0.58%"
"2026-02-13","1.733","1.712","1.772","1.726","0.12%"
"2026-02-12","1.731","1.725","1.788","1.725","-1.59%"
"2026-02-11","1.759","1.710","1.765","1.724","-0.23%"
"2026-02-10","1.763","1.766","1.793","1.739","-1.01%"
"2026-02-09","1.781","1.743","1.817","1.751","1.31%"
"2026-02-06","1.758","1.717","1.780","1.687","1.50%"
"2026-02-05","1.732","1.727","1.771","1.728","-0.63%"
"2026-02-04","1.743","1.734","1.782","1.736","-0.51%"
"2026-02-03","1.752","1.716","1.782","1.724","0.52%"
"2026-02-02","1.743","1.723","1.769","1.714","0.87%"
"2026-01-30","1.728","1.733","1.759","1.715","-0.92%"
"2026-01-29","1.744","1.743","1.777","1.732","-0.68%"
"2026-01-28","1.756","1.763","1.802","1.731","-1.07%"
"2026-01-27","1.775","1.733","1.807","1.745","1.95%"
"2026-01-26","1.741","1.741","1.775","1.713","-0.51%"
"2026-01-23","1.750","1.700","1.774","1.706","2.22%"
"2026-01-22","1.712","1.743","1.763","1.708","-2.67%"
"2026-01-21","1.759","1.769","1.793","1.740","-1.24%"
"2026-01-20","1.781","1.736","1.827","1.748","1.37%"
"2026-01-19","1.757","1.698","1.777","1.706","2.51%"
"2026-01-16","1.714","1.682","1.729","1.690","1.18%"
"2026-01-15","1.694","1.666","1.722","1.666","1.01%"
"2026-01-14","1.677","1.680","1.727","1.672","-1.41%"
"2026-01-13","1.701","1.672","1.727","1.664","1.43%"
"2026-01-12","1.677","1.679","1.709","1.641","0.12%"
"2026-01-09","1.675","1.599","1.714","1.618","2.63%"
"2026-01-08","1.632","1.635","1.659","1.615","-1.51%"
"2026-01-07","1.657","1.664","1.698","1.654","-1.13%"
"2026-01-06","1.676","1.652","1.708","1.659","0.12%"
"2026-01-05","1.674","1.625","1.705","1.633","1.33%"
"2026-01-02","1.652","1.652","1.652","1.652","0.00%"
"2026-01-01","1.652","1.652","1.652","1.652","0.00%"
"2025-12-31","1.652","1.652","1.652","1.652","0.00%"
"2025-12-30","1.652","1.583","1.659","1.603","3.19%"
"2025-12-29","1.601","1.558","1.629","1.586","-0.06%"
"2025-12-26","1.602","1.591","1.611","1.593","0.12%"
"2025-12-25","1.600","1.553","1.607","1.562","2.17%"
"2025-12-24","1.566","1.562","1.617","1.561","-0.76%"
"2025-12-23","1.578","1.595","1.630","1.564","-2.05%"
"2025-12-22","1.611","1.563","1.655","1.572","2.09%"
"2025-12-19","1.578","1.516","1.598","1.516","3.14%"
"2025-12-18","1.530","1.506","1.558","1.519","-0.52%"
"2025-12-17","1.538","1.501","1.563","1.514","0.59%"
"2025-12-16","1.529","1.502","1.545","1.506","-0.65%"
"2025-12-15","1.539","1.502","1.545","1.498","1.65%"
"2025-12-12","1.514","1.484","1.532","1.482","1.00%"
"2025-12-11","1.499","1.493","1.522","1.479","-0.53%"
"2025-12-10","1.507","1.502","1.536","1.500","-0.07%"
"2025-12-09","1.508","1.510","1.541","1.498","-1.24%"
"2025-12-08","1.527","1.501","1.558","1.509","0.79%"
"2025-12-05","1.515","1.470","1.531","1.480","1.41%"
"2025-12-04","1.494","1.447","1.517","1.458","2.61%"
"2025-12-03","1.456","1.434","1.486","1.445","0.34%"
"2025-12-02","1.451","1.435","1.474","1.434","0.00%"
"2025-12-01","1.451","1.384","1.469","1.393","3.79%"
"2025-11-28","1.398","1.368","1.418","1.380","0.87%"
"2025-11-27","1.386","1.368","1.404","1.376","0.22%"
"2025-11-26","1.383","1.362","1.411","1.375","-0.50%"
"2025-11-25","1.390","1.349","1.402","1.354","2.58%"
"2025-11-24","1.355","1.328","1.362","1.352","-0.07%"
"2025-11-21","1.356","1.358","1.384","1.346","-1.38%"
"2025-11-20","1.375","1.331","1.409","1.335","1.93%"
"2025-11-19","1.349","1.296","1.362","1.312","1.81%"
"2025-11-18","1.325","1.305","1.343","1.308","0.53%"
"2025-11-17","1.318","1.293","1.343","1.306","0.30%"
"2025-11-14","1.314","1.298","1.335","1.289","0.31%"
"2025-11-13","1.310","1.290","1.328","1.295","0.54%"
"2025-11-12","1.303","1.292","1.330","1.298","0.00%"
"2025-11-11","1.303","1.311","1.335","1.300","-1.06%"
"2025-11-10","1.317","1.288","1.347","1.304","1.15%"
"2025-11-07","1.302","1.284","1.327","1.291","1.17%"
"2025-11-06","1.287","1.283","1.327","1.285","-1.45%"
"2025-11-05","1.306","1.285","1.317","1.275","0.85%"
"2025-11-04","1.295","1.276","1.320","1.288","0.78%"
"2025-11-03","1.285","1.272","1.307","1.285","-0.23%"
"2025-10-31","1.288","1.260","1.309","1.270","0.55%"
"2025-10-30","1.281","1.278","1.311","1.267","-1.84%"
"2025-10-29","1.305","1.251","1.312","1.263","2.84%"
"2025-10-28","1.269","1.275","1.299","1.259","-1.09%"
"2025-10-27","1.283","1.262","1.313","1.276","-0.16%"
"2025-10-24","1.285","1.272","1.302","1.270","0.08%"
"2025-10-23","1.284","1.245","1.306","1.255","2.15%"
"2025-10-22","1.257","1.257","1.290","1.251","-1.41%"
"2025-10-21","1.275","1.268","1.301","1.263","-0.93%"
"2025-10-20","1.287","1.240","1.307","1.243","2.22%"
"2025-10-17","1.259","1.233","1.270","1.221","1.53%"
"2025-10-16","1.240","1.227","1.281","1.235","0.40%"
"2025-10-15","1.235","1.206","1.254","1.216","1.65%"
"2025-10-14","1.215","1.235","1.259","1.210","-1.30%"
"2025-10-13","1.231","1.232","1.262","1.231","-0.24%"
"2025-10-10","1.234","1.280","1.300","1.229","-4.86%"
"2025-10-09","1.297","1.279","1.313","1.278","0.31%"
"2025-10-08","1.293","1.271","1.316","1.284","0.62%"
"2025-10-07","1.285","1.273","1.306","1.274","-0.31%"
"2025-10-06","1.289","1.284","1.318","1.248","-0.92%"
"2025-10-03","1.301","1.297","1.318","1.290","-0.54%"
"2025-10-02","1.308","1.290","1.332","1.290","0.08%"
"2025-10-01","1.307","1.286","1.330","1.292","0.31%"
"2025-09-30","1.303","1.278","1.323","1.282","1.09%"
"2025-09-29","1.289","1.264","1.314","1.271","0.70%"
"2025-09-26","1.280","1.267","1.312","1.273","-1.39%"
"2025-09-25","1.298","1.269","1.319","1.278","1.09%"
"2025-09-24","1.284","1.265","1.301","1.265","0.63%"
"2025-09-23","1.276","1.267","1.283","1.272","0.39%"
"2025-09-22","1.271","1.238","1.296","1.247","1.68%"
"2025-09-19","1.250","1.216","1.277","1.210","1.54%"
"2025-09-18","1.231","1.188","1.245","1.199","1.48%"
"2025-09-17","1.213","1.191","1.227","1.196","0.00%"
"2025-09-16","1.213","1.184","1.232","1.184","1.17%"
"2025-09-15","1.199","1.187","1.217","1.197","-0.42%"
"2025-09-12","1.204","1.159","1.218","1.174","2.64%"
"2025-09-11","1.173","1.147","1.199","1.159","0.95%"
"2025-09-10","1.162","1.165","1.190","1.157","-1.02%"
"2025-09-09","1.174","1.131","1.196","1.133","2.00%"
"2025-09-08","1.151","1.127","1.176","1.144","-1.03%"
"2025-09-05","1.163","1.165","1.191","1.154","-1.19%"
"2025-09-04","1.177","1.196","1.217","1.172","-3.05%"
"2025-09-03","1.214","1.200","1.236","1.202","-0.16%"
"2025-09-02","1.216","1.204","1.235","1.195","-0.73%"
"2025-09-01","1.225","1.177","1.239","1.193","1.32%"
"2025-08-29","1.209","1.189","1.219","1.205","-0.90%"
"2025-08-28","1.220","1.195","1.229","1.219","-0.49%"
"2025-08-27","1.226","1.209","1.239","1.226","-0.97%"
"2025-08-26","1.238","1.186","1.241","1.216","1.98%"
"2025-08-25","1.214","1.185","1.215","1.214","-0.08%"
"2025-08-22","1.215","1.180","1.216","1.206","1.00%"
"2025-08-21","1.203","1.160","1.204","1.190","1.18%"
"2025-08-20","1.189","1.160","1.203","1.189","0.00%"
"2025-08-19","1.189","1.144","1.196","1.174","1.45%"
"2025-08-18","1.172","1.141","1.172","1.164","0.09%"
"2025-08-15","1.171","1.130","1.171","1.160","0.86%"
"2025-08-14","1.161","1.073","1.161","1.103","5.45%"
"2025-08-13","1.101","1.080","1.116","1.101","-0.72%"
"2025-08-12","1.109","1.065","1.111","1.091","1.19%"
"2025-08-11","1.096","1.066","1.096","1.096","0.00%"
"2025-08-08","1.096","1.048","1.096","1.078","1.86%"
"2025-08-07","1.076","1.064","1.094","1.074","-1.74%"
"2025-08-06","1.095","1.040","1.096","1.070","2.43%"
"2025-08-05","1.069","1.043","1.073","1.059","-0.47%"
"2025-08-04","1.074","1.050","1.085","1.064","-0.56%"
"2025-08-01","1.080","1.118","1.148","1.079","-5.76%"
"2025-07-31","1.146","1.125","1.155","1.135","-0.87%"
"2025-07-30","1.156","1.119","1.156","1.146","0.70%"
"2025-07-29","1.148","1.124","1.160","1.148","2.04%"
"2025-07-28","1.125","1.153","1.125","1.119","4.52%"
"2025-07-11","1.076","1.051","1.077","1.076","2.14%"
"2025-07-10","1.054","1.051","1.054","1.049","0.12%"
"2025-07-09","1.053","1.034","1.054","1.034","1.94%"
"2025-07-08","1.033","1.015","1.033","1.015","2.10%"
"2025-07-07","1.011","0.996","1.013","0.996","1.51%"
"2025-07-04","0.996","1.019","1.019","0.994","-2.45%"
"2025-07-03","1.021","1.009","1.021","1.003","1.37%"
"2025-07-02","1.008","0.994","1.008","0.994","1.26%"
"2025-07-01","0.995","0.996","0.995","0.986","0.00%"
"2025-06-30","0.995","0.999","1.004","0.995","-0.38%"
"2025-06-27","0.999","0.985","0.999","0.984","1.27%"
"2025-06-26","0.986","0.971","0.986","0.971","1.68%"
"2025-06-25","0.970","0.981","0.981","0.957","-1.27%"
"2025-06-24","0.983","0.978","0.985","0.974","0.38%"
"2025-06-23","0.979","0.975","0.983","0.973","0.39%"
"2025-06-20","0.975","0.965","0.975","0.959","1.16%"
"2025-06-19","0.964","0.975","0.976","0.964","-1.28%"
"2025-06-18","0.976","1.006","1.011","0.976","-2.86%"
"2025-06-17","1.005","1.014","1.034","0.998","-0.62%"
"2025-06-16","1.011","1.008","1.033","1.008","0.38%"
"2025-06-13","1.008","0.995","1.008","0.974","0.50%"
"2025-06-12","1.003","1.019","1.023","1.003","-1.47%"
"2025-06-11","1.018","1.031","1.031","1.016","-1.45%"
"2025-06-10","1.033","1.033","1.038","1.031","0.12%"
"2025-06-09","1.031","1.024","1.039","1.024","0.73%"
"2025-06-06","1.024","1.023","1.024","1.010","0.00%"
"2025-06-05","1.024","1.039","1.039","1.013","-1.56%"
"2025-06-04","1.040","1.029","1.046","1.029","1.22%"
"2025-06-03","1.028","1.034","1.034","1.021","-0.72%"
"2025-06-02","1.035","1.023","1.036","1.023","1.22%"
"2025-05-30","1.023","1.011","1.023","1.011","1.24%"
"2025-05-29","1.010","1.035","1.039","1.010","-2.53%"
"2025-05-28","1.036","1.004","1.043","1.004","3.36%"
"2025-05-27","1.003","1.005","1.004","0.985","-0.38%"
"2025-05-26","1.006","1.006","1.006","1.006","0.00%"
"2025-05-23","1.006","1.046","3.957","1.005","-3.93%"
"2025-05-22","1.048","1.034","1.054","1.030","1.45%"
"2025-05-21","1.033","1.031","1.033","1.014","0.00%"
"2025-05-20","1.033","1.015","1.033","1.013","1.84%"
"2025-05-19","1.014","1.006","1.023","1.004","0.75%"
"2025-05-16","1.006","0.998","1.006","0.985","0.75%"
"2025-05-15","0.999","1.015","1.015","0.999","-1.72%"
"2025-05-14","1.016","0.994","1.016","0.985","2.40%"
"2025-05-13","0.993","0.969","0.998","0.969","2.58%"
"2025-05-12","0.967","0.891","0.975","0.891","8.55%"
"2025-05-09","0.891","0.873","0.897","0.873","2.30%"
"2025-05-08","0.871","0.856","0.880","0.856","1.91%"
"2025-05-07","0.855","0.839","0.860","0.839","2.09%"
"2025-05-05","0.837","0.837","0.837","0.837","0.00%"
"2025-05-02","0.837","0.826","0.837","0.821","1.21%"
"2025-05-01","0.827","0.850","0.850","0.816","-2.80%"
"2025-04-30","0.851","0.880","0.880","0.851","-3.40%"
"2025-04-28","0.881","0.901","0.901","0.868","-2.22%"
"2025-04-25","0.901","0.864","0.902","0.865","4.64%"
"2025-04-24","0.861","0.894","0.891","0.853","-3.77%"
"2025-04-23","0.895","0.837","0.897","0.837","6.70%"
"2025-04-22","0.839","0.840","0.842","0.836","0.00%"
"2025-04-21","0.839","0.839","0.839","0.839","0.00%"
"2025-04-17","0.839","0.800","0.846","0.801","4.68%"
"2025-04-16","0.801","0.884","0.881","0.784","-9.33%"
"2025-04-15","0.884","0.811","0.889","0.811","8.60%"
"2025-04-14","0.814","0.788","0.821","0.788","3.84%"
"2025-04-11","0.784","0.850","0.850","0.752","-7.94%"
"2025-04-10","0.851","0.750","0.875","0.751","13.31%"
"2025-04-09","0.751","0.864","0.864","0.750","-13.27%"
"2025-04-08","0.866","0.766","0.896","0.767","13.42%"
"2025-04-07","0.764","0.803","0.803","0.720","-4.52%"
"2025-04-04","0.800","0.979","0.979","0.752","-18.06%"
"2025-04-03","0.976","1.107","1.106","0.969","-11.94%"
"2025-04-02","1.109","1.125","1.125","1.101","-1.56%"
"2025-04-01","1.126","1.129","1.134","1.120","0.00%"
"2025-03-31","1.126","1.175","1.175","1.117","-4.14%"
"2025-03-28","1.175","1.204","1.204","1.171","-2.59%"
"2025-03-27","1.206","1.217","1.216","1.199","-1.03%"
"2025-03-26","1.219","1.210","1.220","1.209","0.94%"
"2025-03-25","1.207","1.188","1.215","1.188","1.79%"
"2025-03-24","1.186","1.151","1.186","1.151","3.04%"
"2025-03-21","1.151","1.164","1.165","1.151","-0.96%"
"2025-03-19","1.163","1.138","1.164","1.134","2.08%"
"2025-03-18","1.139","1.121","1.140","1.121","1.45%"
"2025-03-17","1.122","1.126","1.126","1.119","-0.34%"
"2025-03-14","1.126","1.155","1.155","1.120","-2.59%"
"2025-03-13","1.156","1.130","1.166","1.130","2.66%"
"2025-03-12","1.126","1.135","1.135","1.116","-1.20%"
"2025-03-11","1.140","1.163","1.163","1.122","-2.15%"
"2025-03-10","1.165","1.126","1.179","1.126","3.44%"
"2025-03-07","1.126","1.145","1.145","1.126","-1.85%"
"2025-03-06","1.148","1.143","1.165","1.143","0.54%"
"2025-03-05","1.141","1.091","1.141","1.092","4.47%"
"2025-03-04","1.092","1.112","1.112","1.092","-1.91%"
"2025-03-03","1.114","1.076","1.128","1.077","3.48%"
"2025-02-28","1.076","1.100","1.099","1.067","-2.27%"
"2025-02-27","1.101","1.064","1.112","1.065","3.41%"
"2025-02-26","1.065","1.051","1.074","1.051","1.43%"
"2025-02-25","1.050","1.091","1.090","1.050","-3.67%"
"2025-02-24","1.090","1.090","1.090","1.090","0.00%"
"2025-02-21","1.090","1.146","1.145","1.090","-5.01%"
"2025-02-20","1.148","1.153","1.153","1.131","-0.55%"
"2025-02-19","1.154","1.148","1.163","1.140","0.44%"
"2025-02-18","1.149","1.129","1.153","1.130","1.89%"
"2025-02-17","1.128","1.101","1.128","1.101","2.38%"
"2025-02-14","1.101","1.076","1.101","1.076","2.45%"
"2025-02-13","1.075","1.104","1.105","1.075","-2.71%"
"2025-02-12","1.105","1.061","1.105","1.066","4.36%"
"2025-02-11","1.059","1.059","1.059","1.059","0.00%"
"2025-02-10","1.059","1.072","1.072","1.059","-1.28%"
"2025-02-07","1.072","1.041","1.072","1.041","3.13%"
"2025-02-06","1.040","1.023","1.040","1.025","1.58%"
"2025-02-05","1.024","1.020","1.030","1.019","0.49%"
"2025-02-04","1.019","0.990","1.029","0.990","3.17%"
"2025-02-03","0.988","0.998","0.998","0.983","-1.00%"
"2025-01-31","0.998","0.975","0.999","0.994","2.57%"
"2025-01-30","0.973","0.956","0.979","0.956","1.83%"
"2025-01-29","0.955","0.959","0.957","0.951","-0.66%"
"2025-01-28","0.961","0.960","0.965","0.954","0.00%"
"2025-01-27","0.961","0.993","0.993","0.947","-3.14%"
"2025-01-24","0.993","0.971","0.999","0.973","2.32%"
"2025-01-23","0.970","0.952","0.970","0.954","1.70%"
"2025-01-22","0.954","0.942","0.962","0.942","1.06%"
"2025-01-21","0.944","0.939","0.949","0.939","0.40%"
"2025-01-20","0.940","0.947","0.949","0.940","-0.79%"
"2025-01-17","0.947","0.951","0.951","0.944","-0.52%"
"2025-01-16","0.952","0.955","0.952","0.944","-0.40%"
"2025-01-15","0.956","0.966","0.984","0.956","-0.90%"
"2025-01-14","0.965","0.965","0.969","0.960","0.12%"
"2025-01-13","0.964","0.964","0.964","0.964","0.00%"
"2025-01-10","0.964","0.924","0.964","0.924","4.61%"
"2025-01-09","0.921","0.942","0.942","0.921","-2.51%"
"2025-01-08","0.945","0.925","0.955","0.925","2.29%"
"2025-01-07","0.924","0.915","0.924","0.915","1.09%"
"2025-01-06","0.914","0.876","0.923","0.877","4.28%"
"2025-01-03","0.876","0.876","0.876","0.876","0.00%"
"2025-01-02","0.876","0.876","0.876","0.876","0.00%"
"2025-01-01","0.876","0.876","0.876","0.876","0.00%"
"2024-12-31","0.876","0.876","0.876","0.876","0.00%"
"2024-12-30","0.876","0.897","0.897","0.876","-2.36%"
"2024-12-27","0.897","0.859","0.897","0.860","4.20%"
"2024-12-26","0.861","0.861","0.861","0.861","0.00%"
"2024-12-25","0.861","0.861","0.861","0.861","0.00%"
"2024-12-24","0.861","0.854","0.861","0.854","1.17%"
"2024-12-23","0.851","0.832","0.851","0.832","2.26%"
"2024-12-20","0.832","0.850","0.850","0.832","-2.49%"
"2024-12-19","0.854","0.859","0.859","0.840","-0.72%"
"2024-12-18","0.860","0.864","0.863","0.856","-0.58%"
"2024-12-17","0.865","0.863","0.874","0.863","0.43%"
"2024-12-16","0.861","0.841","0.861","0.841","2.38%"
"2024-12-13","0.841","0.842","0.842","0.835","-0.44%"
"2024-12-12","0.845","0.858","0.858","0.844","-1.61%"
"2024-12-11","0.859","0.864","0.864","0.859","-0.72%"
"2024-12-10","0.865","0.851","0.865","0.851","1.76%"
"2024-12-09","0.850","0.846","0.850","0.841","0.44%"
"2024-12-06","0.846","0.871","0.871","0.846","-3.28%"
"2024-12-05","0.875","0.859","0.876","0.859","2.04%"
"2024-12-04","0.858","0.870","0.870","0.858","-1.58%"
"2024-12-03","0.871","0.890","0.890","0.866","-2.24%"
"2024-12-02","0.891","0.864","0.894","0.864","3.18%"
"2024-11-29","0.864","0.865","0.865","0.864","-0.29%"
"2024-11-28","0.866","0.871","0.873","0.866","-0.43%"
"2024-11-27","0.870","0.880","0.887","0.870","-0.85%"
"2024-11-26","0.877","0.873","0.879","0.873","0.71%"
"2024-11-25","0.871","0.873","0.879","0.871","-0.14%"
"2024-11-22","0.873","0.885","0.885","0.873","-1.56%"
"2024-11-21","0.886","0.874","0.890","0.871","1.72%"
"2024-11-20","0.871","0.849","0.873","0.849","2.81%"
"2024-11-19","0.848","0.873","0.873","0.848","-3.01%"
"2024-11-18","0.874","0.875","0.875","0.866","-0.14%"
"2024-11-15","0.875","0.856","0.875","0.856","2.34%"
"2024-11-14","0.855","0.841","0.855","0.841","1.93%"
"2024-11-13","0.839","0.824","0.844","0.825","1.98%"
"2024-11-12","0.822","0.806","0.822","0.806","2.33%"
"2024-11-11","0.804","0.793","0.804","0.794","1.43%"
"2024-11-08","0.793","0.791","0.803","0.791","0.32%"
"2024-11-07","0.790","0.793","0.803","0.790","0.00%"
"2024-11-06","0.790","0.739","0.790","0.739","7.48%"
"2024-11-05","0.735","0.749","0.749","0.729","-2.00%"
"2024-11-04","0.750","0.750","0.750","0.750","0.00%"
"2024-11-01","0.750","0.757","0.756","0.745","-1.16%"
"2024-10-31","0.759","0.749","0.759","0.750","1.17%"
"2024-10-30","0.750","0.772","0.772","0.746","-3.23%"
"2024-10-29","0.775","0.759","0.776","0.759","2.31%"
"2024-10-28","0.757","0.735","0.757","0.757","3.06%"
"2024-10-25","0.735","0.745","0.745","0.730","-1.51%"
"2024-10-24","0.746","0.767","0.767","0.744","-2.93%"
"2024-10-23","0.769","0.764","0.770","0.764","0.83%"
"2024-10-22","0.762","0.762","0.771","0.759","0.33%"
"2024-10-21","0.760","0.769","0.769","0.750","-1.14%"
"2024-10-18","0.769","0.766","0.779","0.767","0.50%"
"2024-10-17","0.765","0.735","0.765","0.735","4.25%"
"2024-10-16","0.734","0.743","0.743","0.734","-1.34%"
"2024-10-15","0.744","0.736","0.752","0.738","1.20%"
"2024-10-14","0.735","0.735","0.735","0.735","0.00%"
"2024-10-11","0.735","0.738","0.738","0.731","-0.51%"
"2024-10-10","0.739","0.716","0.746","0.716","3.33%"
"2024-10-09","0.715","0.715","0.716","0.712","0.17%"
"2024-10-08","0.714","0.721","0.721","0.705","-1.20%"
"2024-10-07","0.723","0.689","0.728","0.694","4.89%"
"2024-10-04","0.689","0.655","0.689","0.655","5.35%"
"2024-10-03","0.654","0.647","0.654","0.642","0.77%"
"2024-10-02","0.649","0.655","0.654","0.641","-1.14%"
"2024-10-01","0.656","0.683","0.683","0.655","-4.02%"
"2024-09-30","0.684","0.684","0.685","0.679","0.00%"
"2024-09-27","0.684","0.637","0.685","0.616","7.04%"
"2024-09-26","0.639","0.646","0.646","0.639","-1.92%"
"2024-09-25","0.651","0.645","0.651","0.645","1.16%"
"2024-09-24","0.644","0.678","0.676","0.642","-4.81%"
"2024-09-23","0.676","0.678","0.678","0.676","0.00%"
"2024-09-20","0.676","0.684","0.685","0.669","-0.54%"
"2024-09-19","0.680","0.668","0.686","0.668","2.06%"
"2024-09-18","0.666","0.669","0.668","0.660","-0.55%"
"2024-09-17","0.670","0.669","0.689","0.663","-2.90%"
"2024-09-16","0.690","0.690","0.690","0.690","0.00%"
"2024-09-13","0.690","0.690","0.690","0.676","0.00%"
"2024-09-12","0.690","0.673","0.690","0.674","2.40%"
"2024-09-11","0.674","0.673","0.694","0.671","-3.05%"
"2024-09-10","0.695","0.694","0.704","0.694","0.36%"
"2024-09-09","0.692","0.660","0.696","0.692","4.92%"
"2024-09-06","0.660","0.660","0.673","0.655","-2.05%"
"2024-09-05","0.674","0.674","0.675","0.668","-0.18%"
"2024-09-04","0.675","0.707","0.707","0.674","-4.77%"
"2024-09-03","0.709","0.705","0.717","0.705","0.71%"
"2024-09-02","0.704","0.692","0.704","0.694","1.63%"
"2024-08-30","0.692","0.646","0.692","0.651","1.47%"
"2024-08-29","0.683","0.646","0.689","0.646","-1.27%"
"2024-08-28","0.691","0.691","0.692","0.646","1.47%"
"2024-08-27","0.681","0.644","0.681","0.642","6.67%"
"2024-08-26","0.639","0.639","0.676","0.632","-5.56%"
"2024-08-23","0.676","0.635","0.686","0.642","0.00%"
"2024-08-22","0.676","0.635","0.676","0.619","2.67%"
"2024-08-21","0.659","0.660","0.674","0.621","-3.49%"
"2024-08-20","0.683","0.681","0.686","0.636","-0.36%"
"2024-08-19","0.685","0.644","0.689","0.637","3.40%"
"2024-08-16","0.663","0.594","0.666","0.627","0.18%"
"2024-08-15","0.661","0.594","0.661","0.577","8.41%"
"2024-08-14","0.610","0.580","0.623","0.572","-1.21%"
"2024-08-13","0.618","0.595","0.629","0.585","-1.98%"
"2024-08-12","0.630","0.605","0.630","0.598","0.00%"
"2024-08-09","0.630","0.594","0.656","0.605","-4.18%"
"2024-08-08","0.658","0.594","0.658","0.589","0.77%"
"2024-08-07","0.652","0.620","0.661","0.564","1.75%"
"2024-08-06","0.641","0.609","0.673","0.606","1.79%"
"2024-08-05","0.630","0.572","0.695","0.551","-9.35%"
"2024-08-02","0.695","0.799","0.798","0.695","-12.85%"
"2024-08-01","0.798","0.799","0.819","0.744","-2.15%"
"2024-07-31","0.815","0.816","0.819","0.731","9.57%"
"2024-07-30","0.744","0.699","0.756","0.699","-0.83%"
"2024-07-29","0.750","0.714","0.764","0.707","-1.81%"
"2024-07-26","0.764","0.736","0.779","0.729","-2.08%"
"2024-07-25","0.780","0.736","0.786","0.730","-0.47%"
"2024-07-24","0.784","0.743","0.784","0.730","2.61%"
"2024-07-23","0.764","0.726","0.766","0.724","-0.48%"
"2024-07-22","0.767","0.731","0.767","0.712","1.82%"
"2024-07-19","0.754","0.717","0.754","0.707","-0.49%"
"2024-07-18","0.757","0.717","0.759","0.715","1.00%"
"2024-07-17","0.750","0.709","0.755","0.685","1.17%"
"2024-07-16","0.741","0.696","0.752","0.688","-2.78%"
"2024-07-15","0.762","0.724","0.762","0.721","0.00%"
"2024-07-12","0.762","0.752","0.769","0.715","-0.97%"
"2024-07-11","0.770","0.752","0.796","0.738","-3.45%"
"2024-07-10","0.798","0.755","0.799","0.754","-0.31%"
"2024-07-09","0.800","0.760","0.800","0.637","0.00%"
"2024-07-08","0.800","0.764","0.804","0.754","1.74%"
"2024-07-05","0.786","0.760","0.798","0.744","-1.56%"
"2024-07-04","0.799","0.760","0.806","0.756","-0.93%"
"2024-07-03","0.806","0.808","0.830","0.761","-3.01%"
"2024-07-02","0.831","0.793","0.834","0.777","1.38%"
"2024-07-01","0.820","0.775","0.820","0.770","3.47%"
"2024-06-28","0.793","0.765","0.793","0.751","0.15%"
"2024-06-27","0.791","0.765","0.798","0.750","2.77%"
"2024-06-26","0.770","0.769","0.770","0.711","3.87%"
"2024-06-25","0.741","0.710","0.741","0.705","0.52%"
"2024-06-24","0.738","0.706","0.738","0.704","2.26%"
"2024-06-21","0.721","0.710","0.728","0.691","1.75%"
"2024-06-20","0.709","0.710","0.711","0.674","1.26%"
"2024-06-19","0.700","0.669","0.714","0.669","-1.93%"
"2024-06-18","0.714","0.712","0.714","0.674","0.71%"
"2024-06-17","0.709","0.669","0.709","0.665","0.18%"
"2024-06-14","0.707","0.715","0.756","0.668","-6.60%"
"2024-06-13","0.757","0.715","0.757","0.697","1.34%"
"2024-06-12","0.748","0.731","0.790","0.721","-5.54%"
"2024-06-11","0.791","0.756","0.804","0.746","-1.70%"
"2024-06-10","0.805","0.770","0.808","0.752","2.22%"
"2024-06-07","0.788","0.714","0.788","0.707","4.30%"
"2024-06-06","0.755","0.714","0.767","0.697","-2.11%"
"2024-06-05","0.771","0.744","0.786","0.728","-1.75%"
"2024-06-04","0.785","0.750","0.832","0.744","-5.85%"
"2024-06-03","0.834","0.793","0.844","0.779","-1.03%"
"2024-05-31","0.842","0.793","0.848","0.793","1.20%"
"2024-05-30","0.832","0.793","0.844","0.786","-0.45%"
"2024-05-29","0.836","0.835","0.841","0.783","4.21%"
"2024-05-28","0.803","0.760","0.806","0.754","5.94%"
"2024-05-27","0.757","0.757","0.786","0.744","-3.81%"
"2024-05-24","0.788","0.779","0.790","0.739","1.29%"
"2024-05-23","0.777","0.779","0.780","0.730","-0.49%"
"2024-05-22","0.781","0.783","0.785","0.730","1.96%"
"2024-05-21","0.766","0.730","0.771","0.725","-0.48%"
"2024-05-20","0.770","0.725","0.770","0.720","1.81%"
"2024-05-17","0.756","0.689","0.756","0.700","2.37%"
"2024-05-16","0.739","0.689","0.752","0.685","-2.15%"
"2024-05-15","0.755","0.715","0.765","0.702","-1.31%"
"2024-05-14","0.765","0.724","0.770","0.719","1.66%"
"2024-05-13","0.752","0.711","0.756","0.688","2.90%"
"2024-05-10","0.731","0.692","0.734","0.681","-0.50%"
"2024-05-09","0.735","0.692","0.736","0.683","2.08%"
"2024-05-08","0.720","0.669","0.720","0.639","5.29%"
"2024-05-07","0.684","0.649","0.723","0.645","-5.36%"
"2024-05-06","0.723","0.724","0.724","0.660","0.00%"
"2024-05-03","0.723","0.723","0.723","0.723","0.00%"
"2024-05-02","0.723","0.676","0.724","0.665","1.05%"
"2024-05-01","0.715","0.676","0.721","0.660","-1.04%"
"2024-04-30","0.723","0.664","0.724","0.658","-0.18%"
"2024-04-29","0.724","0.725","0.725","0.668","0.00%"
"2024-04-26","0.724","0.756","0.757","0.674","-4.45%"
"2024-04-25","0.757","0.756","0.757","0.684","1.68%"
"2024-04-24","0.745","0.686","0.745","0.681","1.87%"
"2024-04-23","0.731","0.692","0.744","0.680","0.18%"
"2024-04-22","0.730","0.690","0.743","0.669","3.36%"
"2024-04-19","0.706","0.671","0.724","0.642","-2.42%"
"2024-04-18","0.724","0.671","0.731","0.669","-1.36%"
"2024-04-17","0.734","0.690","0.748","0.684","-0.68%"
"2024-04-16","0.739","0.684","0.740","0.670","2.26%"
"2024-04-15","0.723","0.668","0.723","0.659","2.12%"
"2024-04-12","0.707","0.685","0.723","0.655","-2.25%"
"2024-04-11","0.724","0.685","0.733","0.659","6.24%"
"2024-04-10","0.681","0.625","0.681","0.619","3.02%"
"2024-04-09","0.661","0.618","0.666","0.606","0.76%"
"2024-04-08","0.656","0.611","0.658","0.603","2.15%"
"2024-04-05","0.642","0.592","0.642","0.587","1.37%"
"2024-04-04","0.634","0.592","0.641","0.586","-0.19%"
"2024-04-03","0.635","0.586","0.635","0.581","0.19%"
"2024-04-02","0.634","0.585","0.640","0.571","10.48%"
"2024-04-01","0.574","0.574","0.611","0.574","0.65%"
"2024-03-29","0.570","0.564","0.570","0.558","-6.76%"
"2024-03-28","0.611","0.564","0.618","0.559","-1.40%"
"2024-03-27","0.620","0.577","0.635","0.576","-2.18%"
"2024-03-26","0.634","0.585","0.641","0.585","-1.55%"
"2024-03-25","0.644","0.594","0.644","0.591","0.59%"
"2024-03-22","0.640","0.603","0.654","0.604","-1.16%"
"2024-03-21","0.647","0.603","0.647","0.582","5.06%"
"2024-03-20","0.616","0.576","0.581","0.571","0.00%"
"2024-03-19","0.616","0.570","0.621","0.553","1.65%"
"2024-03-18","0.606","0.570","0.624","0.442","3.20%"
"2024-03-17","0.587","0.625","0.625","0.581","-6.00%"
"2024-03-15","0.625","0.579","0.632","0.577","-1.39%"
"2024-03-14","0.634","0.579","0.635","0.575","1.82%"
"2024-03-13","0.623","0.577","0.623","0.571","0.60%"
"2024-03-12","0.619","0.580","0.629","0.576","-1.78%"
"2024-03-11","0.630","0.592","0.632","0.585","6.11%"
"2024-03-10","0.594","0.629","0.629","0.579","-5.58%"
"2024-03-09","0.629","0.629","0.629","0.629","0.00%"
"2024-03-08","0.629","0.585","0.629","0.576","0.21%"
"2024-03-07","0.627","0.585","0.627","0.555","5.91%"
"2024-03-06","0.592","0.561","0.598","0.553","-0.62%"
"2024-03-05","0.596","0.565","0.619","0.559","-3.84%"
"2024-03-04","0.620","0.581","0.624","0.572","8.07%"
"2024-03-03","0.574","0.624","0.624","0.574","-8.21%"
"2024-03-01","0.625","0.624","0.634","0.585","-1.57%"
"2024-02-29","0.635","0.598","0.644","0.576","8.79%"
"2024-02-28","0.584","0.584","0.627","0.579","-6.61%"
"2024-02-27","0.625","0.582","0.625","0.580","1.00%"
"2024-02-26","0.619","0.574","0.644","0.574","3.79%"
"2024-02-25","0.596","0.644","0.644","0.596","-1.05%"
"2024-02-23","0.603","0.603","0.603","0.603","0.00%"
"2024-02-22","0.603","0.608","0.649","0.592","-7.31%"
"2024-02-21","0.650","0.608","0.654","0.608","-0.96%"
"2024-02-20","0.656","0.619","0.661","0.615","-0.18%"
"2024-02-19","0.658","0.618","0.669","0.618","5.20%"
"2024-02-18","0.625","0.669","0.669","0.623","-6.55%"
"2024-02-16","0.669","0.615","0.676","0.613","2.29%"
"2024-02-15","0.654","0.615","0.678","0.610","-3.85%"
"2024-02-14","0.680","0.645","0.684","0.627","0.74%"
"2024-02-13","0.675","0.618","0.690","0.614","2.47%"
"2024-02-12","0.659","0.623","0.659","0.620","0.00%"
"2024-02-11","0.659","0.659","0.659","0.659","0.00%"
"2024-02-09","0.659","0.606","0.659","0.610","1.73%"
"2024-02-08","0.647","0.606","0.647","0.599","-0.20%"
"2024-02-07","0.649","0.614","0.655","0.599","0.00%"
"2024-02-06","0.649","0.615","0.663","0.604","-2.24%"
"2024-02-05","0.664","0.619","0.664","0.606","9.04%"
"2024-02-04","0.609","0.644","0.644","0.570","-5.45%"
"2024-02-02","0.644","0.579","0.644","0.563","4.68%"
"2024-02-01","0.615","0.579","0.641","0.570","-4.28%"
"2024-01-31","0.642","0.613","0.654","0.610","-0.59%"
"2024-01-30","0.646","0.600","0.646","0.595","0.98%"
"2024-01-29","0.640","0.600","0.647","0.595","0.79%"
"2024-01-28","0.635","0.635","0.635","0.594","0.00%"
"2024-01-27","0.635","0.635","0.635","0.635","0.00%"
"2024-01-26","0.635","0.634","0.666","0.592","-4.87%"
"2024-01-25","0.668","0.634","0.671","0.598","2.69%"
"2024-01-24","0.650","0.608","0.650","0.603","6.12%"
"2024-01-23","0.613","0.575","0.618","0.522","6.74%"
"2024-01-22","0.574","0.540","0.592","0.527","4.33%"
"2024-01-21","0.550","0.591","0.591","0.550","-6.98%"
"2024-01-20","0.591","0.591","0.591","0.591","0.00%"
"2024-01-19","0.591","0.538","0.594","0.538","2.83%"
"2024-01-18","0.575","0.538","0.580","0.510","7.48%"
"2024-01-17","0.535","0.496","0.540","0.496","2.39%"
"2024-01-16","0.522","0.489","0.524","0.471","6.09%"
"2024-01-15","0.493","0.502","0.502","0.452","6.21%"
"2024-01-14","0.464","0.502","0.502","0.464","-7.72%"
"2024-01-12","0.502","0.476","0.524","0.469","-3.61%"
"2024-01-11","0.521","0.510","0.538","0.475","-3.46%"
"2024-01-10","0.540","0.505","0.546","0.495","-1.15%"
"2024-01-09","0.546","0.521","0.555","0.501","-1.80%"
"2024-01-08","0.556","0.556","0.556","0.521","0.00%"
"2024-01-05","0.556","0.556","0.556","0.556","-2.83%"
"2024-01-04","0.572","0.572","0.572","0.572","-2.77%"
"2024-01-03","0.589","0.589","0.589","0.589","0.00%"
"2024-01-02","0.589","0.589","0.589","0.589","0.00%"
"2024-01-01","0.589","0.589","0.589","0.589","0.00%"
"2023-12-31","0.589","0.589","0.589","0.589","0.00%"
"2023-12-29","0.589","0.524","0.590","0.538","3.52%"
"2023-12-28","0.569","0.524","0.569","0.517","0.23%"
"2023-12-27","0.567","0.531","0.598","0.521","2.03%"
"2023-12-26","0.556","0.556","0.560","0.546","2.53%"
"2023-12-25","0.543","0.543","0.599","0.531","-2.46%"
"2023-12-24","0.556","0.599","0.599","0.556","-7.11%"
"2023-12-22","0.599","0.539","0.603","0.550","3.46%"
"2023-12-21","0.579","0.539","0.579","0.520","5.47%"
"2023-12-20","0.549","0.505","0.570","0.501","-3.94%"
"2023-12-19","0.571","0.536","0.624","0.520","-11.60%"
"2023-12-18","0.646","0.599","0.659","0.599","3.62%"
"2023-12-17","0.624","0.659","0.659","0.616","-5.31%"
"2023-12-15","0.659","0.576","0.669","0.601","5.17%"
"2023-12-14","0.626","0.576","0.649","0.554","-3.65%"
"2023-12-13","0.650","0.610","0.668","0.561","-2.81%"
"2023-12-12","0.669","0.621","0.716","0.606","-6.79%"
"2023-12-11","0.717","0.675","0.749","0.671","-0.17%"
"2023-12-10","0.719","0.749","0.749","0.691","-4.02%"
"2023-12-08","0.749","0.675","0.754","0.683","4.36%"
"2023-12-07","0.717","0.675","0.741","0.575","21.10%"
"2023-12-06","0.592","0.550","0.618","0.541","-4.25%"
"2023-12-05","0.619","0.581","0.656","0.558","-5.89%"
"2023-12-04","0.658","0.603","0.661","0.577","12.39%"
"2023-12-03","0.585","0.661","0.661","0.585","-11.54%"
"2023-12-01","0.661","0.596","0.674","0.614","1.15%"
"2023-11-30","0.654","0.596","0.654","0.545","5.03%"
"2023-11-29","0.623","0.584","0.699","0.580","-11.86%"
"2023-11-28","0.706","0.658","0.714","0.637","-1.22%"
"2023-11-27","0.715","0.671","0.728","0.656","5.74%"
"2023-11-26","0.676","0.726","0.726","0.675","-6.89%"
"2023-11-24","0.726","0.626","0.731","0.631","6.98%"
"2023-11-23","0.679","0.626","0.634","0.626","0.00%"
"2023-11-22","0.679","0.606","0.680","0.604","4.03%"
"2023-11-21","0.652","0.606","0.679","0.594","-5.78%"
"2023-11-20","0.692","0.640","0.696","0.626","7.36%"
"2023-11-19","0.645","0.679","0.679","0.623","-4.98%"
"2023-11-18","0.679","0.679","0.679","0.679","0.00%"
"2023-11-17","0.679","0.671","0.706","0.615","-5.06%"
"2023-11-16","0.715","0.671","0.730","0.650","-2.23%"
"2023-11-15","0.731","0.673","0.759","0.654","-3.78%"
"2023-11-14","0.760","0.726","0.803","0.683","-6.46%"
"2023-11-13","0.813","0.755","0.814","0.739","10.17%"
"2023-11-12","0.738","0.786","0.786","0.730","-6.21%"
"2023-11-11","0.786","0.786","0.786","0.786","0.00%"
"2023-11-10","0.786","0.711","0.791","0.726","1.94%"
"2023-11-09","0.771","0.711","0.771","0.701","0.33%"
"2023-11-08","0.769","0.716","0.798","0.702","-3.76%"
"2023-11-07","0.799","0.740","0.800","0.733","6.51%"
"2023-11-06","0.750","0.730","0.817","0.719","-0.08%"
"2023-11-05","0.751","0.816","0.816","0.738","-8.05%"
"2023-11-04","0.816","0.781","0.816","0.781","4.48%"
"2023-11-03","0.781","0.781","0.781","0.781","-4.29%"
"2023-11-02","0.816","0.805","0.853","0.761","-4.39%"
"2023-11-01","0.854","0.805","0.865","0.781","2.40%"
"2023-10-31","0.834","0.776","0.856","0.750","8.91%"
"2023-10-30","0.766","0.748","0.840","0.736","3.99%"
"2023-10-29","0.736","0.793","0.793","0.730","-2.33%"
"2023-10-28","0.754","0.754","0.754","0.754","-4.88%"
"2023-10-27","0.793","0.733","0.794","0.725","5.67%"
"2023-10-26","0.750","0.733","0.795","0.725","2.74%"
"2023-10-25","0.730","0.775","0.775","0.704","0.69%"
"2023-10-24","0.725","0.705","0.775","0.691","-2.61%"
"2023-10-23","0.744","0.724","0.781","0.710","3.39%"
"2023-10-22","0.720","0.760","0.760","0.705","-5.26%"
"2023-10-20","0.760","0.717","0.772","0.694","3.57%"
"2023-10-19","0.734","0.717","0.775","0.692","-0.84%"
"2023-10-18","0.740","0.681","0.740","0.676","10.35%"
"2023-10-17","0.671","0.658","0.723","0.631","-2.29%"
"2023-10-16","0.686","0.626","0.686","0.619","7.23%"
"2023-10-15","0.640","0.674","0.674","0.615","-1.07%"
"2023-10-14","0.647","0.647","0.647","0.647","-3.99%"
"2023-10-13","0.674","0.641","0.683","0.623","6.21%"
"2023-10-12","0.634","0.613","0.681","0.611","-6.54%"
"2023-10-11","0.679","0.645","0.710","0.614","-4.57%"
"2023-10-10","0.711","0.668","0.726","0.626","3.09%"
"2023-10-09","0.690","0.729","0.729","0.647","-5.32%"
"2023-10-08","0.729","0.729","0.729","0.729","5.62%"
"2023-10-07","0.690","0.690","0.690","0.690","-5.32%"
"2023-10-06","0.729","0.701","0.743","0.668","2.65%"
"2023-10-05","0.710","0.686","0.750","0.680","-0.43%"
"2023-10-04","0.713","0.679","0.766","0.678","4.39%"
"2023-10-03","0.683","0.675","0.728","0.651","-0.73%"
"2023-10-02","0.688","0.660","0.730","0.660","1.56%"
"2023-10-01","0.678","0.704","0.704","0.647","-3.74%"
"2023-09-30","0.704","0.704","0.704","0.704","0.00%"
"2023-09-29","0.704","0.636","0.710","0.635","6.23%"
"2023-09-28","0.663","0.627","0.711","0.627","-2.21%"
"2023-09-27","0.678","0.611","0.678","0.608","7.32%"
"2023-09-26","0.631","0.618","0.671","0.610","-5.07%"
"2023-09-25","0.665","0.613","0.665","0.595","8.80%"
"2023-09-24","0.611","0.663","0.663","0.610","-2.89%"
"2023-09-23","0.629","0.629","0.629","0.629","-5.00%"
"2023-09-22","0.663","0.620","0.680","0.601","3.92%"
"2023-09-21","0.637","0.624","0.681","0.605","3.66%"
"2023-09-20","0.615","0.595","0.651","0.592","0.51%"
"2023-09-19","0.612","0.607","0.650","0.591","0.92%"
"2023-09-18","0.606","0.606","0.641","0.587","-5.46%"
"2023-09-17","0.641","0.641","0.641","0.641","0.00%"
"2023-09-15","0.641","0.611","0.642","0.579","4.80%"
"2023-09-14","0.612","0.599","0.650","0.572","0.82%"
"2023-09-13","0.607","0.598","0.642","0.574","-3.87%"
"2023-09-12","0.631","0.574","0.634","0.572","1.82%"
"2023-09-11","0.620","0.559","0.625","0.553","10.71%"
"2023-09-10","0.560","0.563","0.577","0.515","-0.44%"
"2023-09-08","0.563","0.512","0.566","0.505","4.89%"
"2023-09-07","0.536","0.517","0.569","0.507","0.60%"
"2023-09-06","0.533","0.521","0.566","0.509","-6.47%"
"2023-09-05","0.570","0.515","0.570","0.511","1.79%"
"2023-09-04","0.560","0.509","0.560","0.505","5.05%"
"2023-09-03","0.533","0.553","0.553","0.498","-3.51%"
"2023-09-01","0.553","0.500","0.555","0.494","-0.90%"
"2023-08-31","0.558","0.511","0.565","0.500","4.58%"
"2023-08-30","0.533","0.527","0.565","0.504","0.34%"
"2023-08-29","0.531","0.496","0.566","0.496","-0.58%"
"2023-08-28","0.534","0.515","0.567","0.499","-0.35%"
"2023-08-27","0.536","0.533","0.567","0.509","-5.50%"
"2023-08-25","0.567","0.512","0.574","0.506","8.10%"
"2023-08-24","0.525","0.510","0.575","0.500","-3.67%"
"2023-08-23","0.545","0.521","0.591","0.511","0.00%"
"2023-08-22","0.545","0.549","0.586","0.521","0.35%"
"2023-08-21","0.543","0.510","0.580","0.510","2.36%"
"2023-08-20","0.531","0.560","0.560","0.502","-5.25%"
"2023-08-18","0.560","0.542","0.580","0.502","-3.66%"
"2023-08-17","0.581","0.528","0.584","0.506","11.13%"
"2023-08-16","0.523","0.506","0.565","0.500","-2.22%"
"2023-08-15","0.535","0.521","0.571","0.489","-4.26%"
"2023-08-14","0.559","0.511","0.559","0.490","14.04%"
"2023-08-13","0.490","0.527","0.527","0.463","5.95%"
"2023-08-11","0.463","0.463","0.463","0.463","-12.32%"
"2023-08-10","0.527","0.486","0.527","0.460","3.17%"
"2023-08-09","0.511","0.486","0.531","0.445","3.17%"
"2023-08-08","0.496","0.488","0.541","0.463","-1.37%"
"2023-08-07","0.502","0.502","0.544","0.471","0.24%"
"2023-08-06","0.501","0.518","0.544","0.479","-3.24%"
"2023-08-05","0.518","0.518","0.518","0.518","-4.73%"
"2023-08-04","0.544","0.495","0.554","0.490","4.82%"
"2023-08-03","0.519","0.475","0.559","0.475","-3.03%"
"2023-08-02","0.535","0.444","0.539","0.444","5.94%"
"2023-08-01","0.505","0.444","0.505","0.431","8.16%"
"2023-07-31","0.467","0.426","0.504","0.426","3.32%"
"2023-07-30","0.452","0.464","0.464","0.410","-2.57%"
"2023-07-29","0.464","0.464","0.464","0.464","0.00%"
"2023-07-28","0.464","0.396","0.470","0.369","20.47%"
"2023-07-27","0.385","0.363","0.423","0.320","7.51%"
"2023-07-26","0.358","0.338","0.389","0.326","-1.21%"
"2023-07-25","0.363","0.341","0.391","0.335","2.46%"
"2023-07-24","0.354","0.334","0.393","0.327","-0.87%"
"2023-07-23","0.357","0.376","0.376","0.313","-5.13%"
"2023-07-21","0.376","0.389","0.426","0.303","-12.51%"
"2023-07-20","0.430","0.369","0.430","0.356","0.58%"
"2023-07-19","0.428","0.402","0.431","0.368","-1.16%"
"2023-07-18","0.433","0.400","0.458","0.377","0.28%"
"2023-07-17","0.431","0.450","0.450","0.399","-4.16%"
"2023-07-16","0.450","0.406","0.450","0.406","0.00%"
"2023-07-14","0.450","0.387","0.461","0.387","4.05%"
"2023-07-13","0.433","0.382","0.433","0.370","0.00%"
"2023-07-12","0.433","0.389","0.449","0.361","3.27%"
"2023-07-11","0.419","0.368","0.421","0.356","-0.88%"
"2023-07-10","0.423","0.361","0.431","0.361","18.18%"
"2023-07-09","0.357","0.367","0.394","0.343","-9.22%"
"2023-07-08","0.394","0.394","0.394","0.394","0.00%"
"2023-07-07","0.394","0.342","0.399","0.319","9.39%"
"2023-07-06","0.360","0.290","0.360","0.287","18.03%"
"2023-07-05","0.305","0.316","0.340","0.281","-10.64%"
"2023-07-04","0.341","0.303","0.349","0.287","-3.18%"
"2023-07-03","0.352","0.326","0.355","0.294","7.83%"
"2023-07-02","0.327","0.352","0.352","0.301","-1.12%"
"2023-07-01","0.331","0.331","0.331","0.331","-6.21%"
"2023-06-30","0.352","0.290","0.359","0.290","1.44%"
"2023-06-29","0.347","0.285","0.347","0.282","2.21%"
"2023-06-28","0.340","0.308","0.345","0.281","14.52%"
"2023-06-27","0.297","0.282","0.326","0.257","-3.45%"
"2023-06-26","0.308","0.273","0.322","0.254","13.89%"
"2023-06-25","0.270","0.322","0.322","0.269","-8.88%"
"2023-06-23","0.296","0.291","0.336","0.271","-4.05%"
"2023-06-22","0.309","0.286","0.339","0.280","-9.18%"
"2023-06-21","0.340","0.289","0.340","0.284","-1.11%"
"2023-06-20","0.344","0.331","0.359","0.287","-4.84%"
"2023-06-19","0.361","0.336","0.370","0.303","17.04%"
"2023-06-18","0.309","0.370","0.370","0.309","-8.37%"
"2023-06-17","0.337","0.337","0.337","0.337","-8.95%"
"2023-06-16","0.370","0.359","0.377","0.309","6.08%"
"2023-06-15","0.349","0.317","0.385","0.316","-5.42%"
"2023-06-14","0.369","0.329","0.376","0.319","-0.99%"
"2023-06-13","0.373","0.326","0.376","0.313","6.25%"
"2023-06-12","0.351","0.351","0.381","0.320","7.88%"
"2023-06-11","0.325","0.353","0.381","0.325","-7.96%"
"2023-06-09","0.353","0.356","0.389","0.329","-8.88%"
"2023-06-08","0.387","0.335","0.393","0.325","11.10%"
"2023-06-07","0.349","0.346","0.380","0.320","-8.21%"
"2023-06-06","0.380","0.359","0.390","0.322","-2.89%"
"2023-06-05","0.391","0.333","0.394","0.333","10.41%"
"2023-06-04","0.354","0.344","0.377","0.320","-6.12%"
"2023-06-02","0.377","0.346","0.379","0.320","-0.66%"
"2023-06-01","0.380","0.362","0.393","0.321","-3.50%"
"2023-05-31","0.394","0.358","0.394","0.329","7.16%"
"2023-05-30","0.368","0.364","0.399","0.334","4.64%"
"2023-05-29","0.351","0.347","0.398","0.343","-4.77%"
"2023-05-28","0.369","0.398","0.398","0.345","-7.22%"
"2023-05-26","0.398","0.368","0.407","0.343","7.61%"
"2023-05-25","0.369","0.334","0.409","0.334","4.23%"
"2023-05-24","0.354","0.330","0.390","0.327","0.00%"
"2023-05-23","0.354","0.342","0.386","0.317","-4.22%"
"2023-05-22","0.370","0.321","0.375","0.311","7.06%"
"2023-05-21","0.346","0.375","0.375","0.322","-7.84%"
"2023-05-19","0.375","0.329","0.381","0.322","0.00%"
"2023-05-18","0.375","0.322","0.375","0.299","18.82%"
"2023-05-17","0.316","0.338","0.368","0.289","-14.70%"
"2023-05-16","0.370","0.329","0.377","0.309","12.98%"
"2023-05-15","0.327","0.331","0.379","0.313","5.24%"
"2023-05-14","0.311","0.322","0.355","0.304","-12.34%"
"2023-05-13","0.355","0.355","0.355","0.355","0.00%"
"2023-05-12","0.355","0.305","0.355","0.284","6.77%"
"2023-05-11","0.333","0.319","0.371","0.301","-11.05%"
"2023-05-10","0.374","0.336","0.384","0.319","-3.86%"
"2023-05-09","0.389","0.356","0.391","0.336","11.28%"
"2023-05-08","0.349","0.352","0.381","0.325","-0.88%"
"2023-05-07","0.352","0.358","0.376","0.331","-1.56%"
"2023-05-06","0.358","0.358","0.358","0.358","-4.81%"
"2023-05-05","0.376","0.376","0.376","0.376","0.00%"
"2023-05-04","0.376","0.376","0.376","0.376","0.00%"
"2023-05-03","0.376","0.376","0.376","0.376","0.00%"
"2023-05-02","0.376","0.356","0.395","0.334","7.49%"
"2023-05-01","0.350","0.320","0.365","0.316","3.31%"
"2023-04-30","0.339","0.332","0.364","0.306","-6.87%"
"2023-04-29","0.364","0.364","0.364","0.364","0.00%"
"2023-04-28","0.364","0.396","0.416","0.306","-4.41%"
"2023-04-27","0.381","0.350","0.417","0.347","3.56%"
"2023-04-26","0.368","0.363","0.411","0.345","-11.19%"
"2023-04-25","0.414","0.365","0.419","0.345","-1.48%"
"2023-04-24","0.420","0.399","0.426","0.363","5.16%"
"2023-04-23","0.399","0.426","0.426","0.371","-6.31%"
"2023-04-21","0.426","0.377","0.435","0.368","-2.29%"
"2023-04-20","0.436","0.406","0.449","0.379","-3.86%"
"2023-04-19","0.454","0.390","0.458","0.385","10.17%"
"2023-04-18","0.412","0.401","0.454","0.389","-9.73%"
"2023-04-17","0.456","0.391","0.460","0.391","17.00%"
"2023-04-16","0.390","0.436","0.436","0.376","-10.61%"
"2023-04-14","0.436","0.373","0.436","0.371","4.18%"
"2023-04-13","0.419","0.361","0.425","0.333","7.91%"
"2023-04-12","0.388","0.379","0.425","0.360","-8.14%"
"2023-04-11","0.423","0.377","0.439","0.359","9.03%"
"2023-04-10","0.387","0.391","0.440","0.380","-4.91%"
"2023-04-09","0.407","0.440","0.440","0.384","1.24%"
"2023-04-08","0.403","0.403","0.403","0.403","4.90%"
"2023-04-07","0.384","0.381","0.411","0.377","-3.33%"
"2023-04-06","0.397","0.404","0.446","0.376","-3.78%"
"2023-04-05","0.412","0.396","0.454","0.371","0.76%"
"2023-04-04","0.409","0.370","0.446","0.368","-4.79%"
"2023-04-03","0.430","0.376","0.436","0.364","9.89%"
"2023-04-02","0.391","0.428","0.428","0.370","0.64%"
"2023-04-01","0.389","0.389","0.389","0.389","-9.05%"
"2023-03-31","0.428","0.368","0.434","0.350","3.94%"
"2023-03-30","0.411","0.355","0.412","0.344","7.53%"
"2023-03-29","0.382","0.339","0.398","0.320","-3.48%"
"2023-03-28","0.396","0.357","0.403","0.335","-0.63%"
"2023-03-27","0.399","0.316","0.399","0.313","25.61%"
"2023-03-26","0.317","0.360","0.360","0.304","-11.51%"
"2023-03-24","0.359","0.319","0.381","0.304","3.82%"
"2023-03-23","0.346","0.341","0.403","0.315","-5.65%"
"2023-03-22","0.366","0.331","0.411","0.320","7.32%"
"2023-03-21","0.341","0.271","0.358","0.271","0.00%"
"2023-03-20","0.341","0.310","0.377","0.266","9.22%"
"2023-03-19","0.313","0.364","0.377","0.311","-17.22%"
"2023-03-17","0.377","0.334","0.398","0.324","4.48%"
"2023-03-16","0.361","0.329","0.376","0.264","10.32%"
"2023-03-15","0.327","0.356","0.430","0.269","3.97%"
"2023-03-14","0.315","0.316","0.380","0.246","-16.00%"
"2023-03-13","0.375","0.474","0.548","0.294","-23.86%"
"2023-03-12","0.493","0.546","0.546","0.475","-4.72%"
"2023-03-11","0.517","0.517","0.517","0.517","-5.38%"
"2023-03-10","0.546","0.559","0.620","0.479","-12.24%"
"2023-03-09","0.623","0.584","0.631","0.520","15.00%"
"2023-03-08","0.541","0.584","0.586","0.521","-7.47%"
"2023-03-07","0.585","0.542","0.586","0.515","0.21%"
"2023-03-06","0.584","0.517","0.584","0.516","9.88%"
"2023-03-05","0.531","0.576","0.576","0.514","-7.81%"
"2023-03-04","0.576","0.576","0.576","0.576","0.00%"
"2023-03-03","0.576","0.521","0.584","0.514","-1.28%"
"2023-03-02","0.584","0.581","0.589","0.514","10.15%"
"2023-03-01","0.530","0.527","0.580","0.495","-1.17%"
"2023-02-28","0.536","0.601","0.601","0.511","-3.70%"
"2023-02-27","0.557","0.545","0.608","0.535","-0.45%"
"2023-02-26","0.559","0.557","0.608","0.539","-7.92%"
"2023-02-24","0.608","0.556","0.625","0.535","4.40%"
"2023-02-23","0.582","0.582","0.582","0.558","0.00%"
"2023-02-22","0.582","0.590","0.626","0.576","-7.09%"
"2023-02-21","0.626","0.564","0.626","0.564","11.22%"
"2023-02-20","0.563","0.554","0.609","0.552","1.57%"
"2023-02-19","0.554","0.609","0.609","0.554","-8.94%"
"2023-02-17","0.609","0.559","0.614","0.557","10.43%"
"2023-02-16","0.551","0.556","0.599","0.551","-7.53%"
"2023-02-15","0.596","0.554","0.596","0.541","1.26%"
"2023-02-14","0.589","0.559","0.609","0.541","-3.68%"
"2023-02-13","0.611","0.591","0.631","0.558","3.72%"
"2023-02-12","0.589","0.594","0.631","0.589","-6.64%"
"2023-02-10","0.631","0.603","0.642","0.571","11.48%"
"2023-02-09","0.566","0.556","0.609","0.556","-5.81%"
"2023-02-08","0.601","0.554","0.601","0.551","8.44%"
"2023-02-07","0.554","0.567","0.601","0.554","0.24%"
"2023-02-06","0.553","0.546","0.600","0.546","1.37%"
"2023-02-05","0.546","0.592","0.592","0.538","-7.92%"
"2023-02-03","0.592","0.580","0.592","0.531","8.60%"
"2023-02-02","0.546","0.537","0.591","0.532","-1.59%"
"2023-02-01","0.554","0.559","0.605","0.536","-7.98%"
"2023-01-31","0.603","0.574","0.614","0.553","-2.03%"
"2023-01-30","0.615","0.574","0.666","0.563","6.85%"
"2023-01-29","0.576","0.611","0.611","0.576","-1.83%"
"2023-01-27","0.586","0.546","0.611","0.544","5.39%"
"2023-01-26","0.556","0.533","0.563","0.527","4.71%"
"2023-01-25","0.531","0.511","0.561","0.507","-2.30%"
"2023-01-24","0.544","0.498","0.545","0.498","1.17%"
"2023-01-23","0.538","0.501","0.539","0.479","7.63%"
"2023-01-22","0.499","0.534","0.534","0.494","-6.43%"
"2023-01-21","0.534","0.534","0.534","0.534","0.00%"
"2023-01-20","0.534","0.507","0.568","0.472","-0.93%"
"2023-01-19","0.539","0.530","0.570","0.479","-2.05%"
"2023-01-18","0.550","0.627","0.639","0.485","-16.83%"
"2023-01-17","0.661","0.651","0.691","0.619","-4.16%"
"2023-01-16","0.690","0.700","0.750","0.640","-1.51%"
"2023-01-15","0.701","0.702","0.750","0.701","-0.19%"
"2023-01-14","0.702","0.702","0.702","0.702","-6.41%"
"2023-01-13","0.750","0.702","0.754","0.692","1.52%"
"2023-01-12","0.739","0.642","0.744","0.642","11.72%"
"2023-01-11","0.661","0.631","0.704","0.614","-2.94%"
"2023-01-10","0.681","0.597","0.685","0.595","12.84%"
"2023-01-09","0.604","0.604","0.641","0.596","-5.85%"
"2023-01-08","0.641","0.641","0.641","0.641","-0.19%"
"2023-01-06","0.642","0.642","0.680","0.599","-5.69%"
"2023-01-05","0.681","0.690","0.723","0.642","-6.03%"
"2023-01-04","0.725","0.676","0.728","0.674","8.31%"
"2023-01-03","0.669","0.670","0.676","0.669","-5.72%"
"2023-01-02","0.710","0.710","0.710","0.710","0.00%"
"2023-01-01","0.710","0.710","0.710","0.710","0.00%"
"2022-12-30","0.710","0.656","0.710","0.656","2.71%"
"2022-12-29","0.691","0.639","0.695","0.639","3.18%"
"2022-12-28","0.670","0.622","0.670","0.622","8.50%"
"2022-12-27","0.618","0.604","0.623","0.604","2.71%"
"2022-12-26","0.601","0.596","0.635","0.579","0.84%"
"2022-12-25","0.596","0.635","0.635","0.596","-0.22%"
"2022-12-23","0.598","0.568","0.640","0.568","2.14%"
"2022-12-22","0.585","0.584","0.606","0.554","-3.70%"
"2022-12-21","0.608","0.545","0.631","0.545","12.11%"
"2022-12-20","0.542","0.437","0.598","0.429","18.45%"
"2022-12-19","0.458","0.425","0.458","0.425","7.65%"
"2022-12-18","0.425","0.426","0.426","0.413","-0.58%"
"2022-12-16","0.428","0.417","0.433","0.412","2.40%"
"2022-12-15","0.417","0.397","0.434","0.396","7.91%"
"2022-12-14","0.387","0.382","0.409","0.381","-2.52%"
"2022-12-13","0.397","0.402","0.414","0.382","-4.93%"
"2022-12-12","0.417","0.408","0.417","0.398","2.93%"
"2022-12-11","0.406","0.396","0.406","0.396","2.53%"
"2022-12-10","0.396","0.396","0.396","0.396","-2.32%"
"2022-12-09","0.405","0.403","0.425","0.392","-5.00%"
"2022-12-08","0.426","0.390","0.426","0.388","-0.28%"
"2022-12-07","0.428","0.415","0.440","0.390","-2.58%"
"2022-12-06","0.439","0.400","0.447","0.400","4.48%"
"2022-12-05","0.420","0.380","0.420","0.380","0.00%"
"2022-12-04","0.420","0.420","0.420","0.420","0.29%"
"2022-12-02","0.419","0.372","0.420","0.371","2.45%"
"2022-12-01","0.409","0.379","0.415","0.371","-1.80%"
"2022-11-30","0.416","0.379","0.416","0.379","5.05%"
"2022-11-29","0.396","0.378","0.400","0.367","0.33%"
"2022-11-28","0.395","0.367","0.395","0.367","0.64%"
"2022-11-27","0.393","0.393","0.393","0.393","0.00%"
"2022-11-25","0.393","0.343","0.393","0.343","9.03%"
"2022-11-24","0.360","0.329","0.360","0.326","7.46%"
"2022-11-23","0.335","0.335","0.335","0.330","-6.29%"
"2022-11-22","0.357","0.331","0.357","0.331","2.88%"
"2022-11-21","0.347","0.329","0.349","0.326","5.49%"
"2022-11-20","0.329","0.344","0.344","0.329","-4.19%"
"2022-11-18","0.344","0.314","0.347","0.314","7.00%"
"2022-11-17","0.321","0.294","0.321","0.294","0.41%"
"2022-11-16","0.320","0.304","0.334","0.294","-3.03%"
"2022-11-15","0.330","0.324","0.351","0.304","-6.38%"
"2022-11-14","0.352","0.313","0.361","0.313","6.02%"
"2022-11-13","0.333","0.333","0.333","0.333","7.26%"
"2022-11-12","0.310","0.310","0.310","0.310","-6.77%"
"2022-11-11","0.333","0.299","0.359","0.297","-8.90%"
"2022-11-10","0.365","0.352","0.389","0.298","-6.72%"
"2022-11-09","0.391","0.376","0.414","0.353","-0.46%"
"2022-11-08","0.393","0.394","0.423","0.376","-6.40%"
"2022-11-07","0.420","0.401","0.433","0.391","4.66%"
"2022-11-06","0.401","0.402","0.433","0.401","-0.15%"
"2022-11-04","0.402","0.372","0.434","0.372","14.83%"
"2022-11-03","0.350","0.352","0.371","0.352","-7.89%"
"2022-11-02","0.380","0.346","0.382","0.344","2.01%"
"2022-11-01","0.373","0.331","0.373","0.330","12.03%"
"2022-10-31","0.333","0.324","0.361","0.317","2.12%"
"2022-10-30","0.326","0.319","0.347","0.319","1.94%"
"2022-10-29","0.319","0.319","0.319","0.319","-8.09%"
"2022-10-28","0.347","0.313","0.352","0.300","-0.37%"
"2022-10-27","0.349","0.344","0.377","0.311","-0.34%"
"2022-10-26","0.350","0.370","0.429","0.334","-14.63%"
"2022-10-25","0.410","0.418","0.438","0.373","-1.80%"
"2022-10-24","0.417","0.431","0.468","0.404","-3.33%"
"2022-10-23","0.432","0.468","0.468","0.432","-7.61%"
"2022-10-21","0.468","0.396","0.472","0.396","18.17%"
"2022-10-20","0.396","0.380","0.428","0.380","-2.03%"
"2022-10-19","0.404","0.373","0.406","0.366","0.32%"
"2022-10-18","0.403","0.366","0.404","0.366","9.70%"
"2022-10-17","0.367","0.348","0.398","0.348","5.77%"
"2022-10-16","0.347","0.340","0.373","0.340","2.03%"
"2022-10-15","0.340","0.340","0.340","0.340","-8.72%"
"2022-10-14","0.373","0.344","0.382","0.332","-2.94%"
"2022-10-13","0.384","0.341","0.387","0.338","13.52%"
"2022-10-12","0.338","0.337","0.371","0.331","1.29%"
"2022-10-11","0.334","0.331","0.370","0.311","5.13%"
"2022-10-10","0.317","0.347","0.347","0.317","-8.63%"
"2022-10-09","0.347","0.347","0.347","0.347","9.45%"
"2022-10-07","0.317","0.318","0.349","0.312","-6.29%"
"2022-10-06","0.339","0.304","0.339","0.298","3.45%"
"2022-10-05","0.327","0.292","0.327","0.287","14.67%"
"2022-10-04","0.286","0.297","0.338","0.285","-16.61%"
"2022-10-03","0.343","0.328","0.359","0.296","3.60%"
"2022-10-02","0.331","0.355","0.355","0.329","1.13%"
"2022-10-01","0.327","0.327","0.327","0.327","-7.92%"
"2022-09-30","0.355","0.344","0.376","0.327","-5.96%"
"2022-09-29","0.377","0.340","0.387","0.337","0.99%"
"2022-09-28","0.374","0.371","0.406","0.338","-3.86%"
"2022-09-27","0.389","0.364","0.420","0.358","2.67%"
"2022-09-26","0.379","0.316","0.384","0.316","21.42%"
"2022-09-25","0.312","0.330","0.330","0.286","10.64%"
"2022-09-24","0.282","0.282","0.282","0.282","0.00%"
"2022-09-23","0.282","0.282","0.282","0.282","-14.58%"
"2022-09-22","0.330","0.326","0.361","0.281","1.73%"
"2022-09-21","0.324","0.347","0.381","0.316","-15.19%"
"2022-09-20","0.382","0.316","0.382","0.309","10.87%"
"2022-09-19","0.345","0.345","0.345","0.315","0.00%"
"2022-09-18","0.345","0.345","0.345","0.345","9.73%"
"2022-09-16","0.314","0.296","0.347","0.295","-5.10%"
"2022-09-15","0.331","0.280","0.331","0.278","3.53%"
"2022-09-14","0.320","0.281","0.326","0.274","5.79%"
"2022-09-13","0.303","0.273","0.305","0.258","-1.24%"
"2022-09-12","0.306","0.286","0.315","0.274","7.70%"
"2022-09-11","0.284","0.315","0.315","0.284","-9.71%"
"2022-09-09","0.315","0.300","0.327","0.287","-4.55%"
"2022-09-08","0.330","0.292","0.334","0.281","10.92%"
"2022-09-07","0.298","0.303","0.343","0.291","-5.56%"
"2022-09-06","0.315","0.255","0.315","0.251","7.69%"
"2022-09-05","0.292","0.259","0.294","0.251","12.24%"
"2022-09-04","0.261","0.294","0.294","0.260","-11.30%"
"2022-09-03","0.294","0.294","0.294","0.294","0.00%"
"2022-09-02","0.294","0.254","0.303","0.253","17.24%"
"2022-09-01","0.251","0.241","0.284","0.240","7.78%"
"2022-08-31","0.233","0.232","0.269","0.230","0.00%"
"2022-08-30","0.233","0.250","0.271","0.232","-10.58%"
"2022-08-29","0.260","0.237","0.260","0.237","12.12%"
"2022-08-28","0.232","0.254","0.254","0.224","4.22%"
"2022-08-27","0.222","0.222","0.222","0.222","-12.30%"
"2022-08-26","0.254","0.218","0.256","0.212","-1.01%"
"2022-08-25","0.256","0.234","0.257","0.214","2.52%"
"2022-08-24","0.250","0.218","0.250","0.212","6.38%"
"2022-08-23","0.235","0.224","0.236","0.206","9.30%"
"2022-08-22","0.215","0.204","0.239","0.204","5.19%"
"2022-08-21","0.204","0.191","0.222","0.191","-8.13%"
"2022-08-19","0.222","0.177","0.222","0.176","22.72%"
"2022-08-18","0.181","0.178","0.200","0.172","-7.64%"
"2022-08-17","0.196","0.171","0.199","0.167","18.04%"
"2022-08-16","0.166","0.166","0.188","0.162","-10.74%"
"2022-08-15","0.186","0.172","0.198","0.164","8.00%"
"2022-08-14","0.172","0.198","0.198","0.172","-3.85%"
"2022-08-12","0.179","0.172","0.201","0.168","0.34%"
"2022-08-11","0.179","0.164","0.171","0.164","0.00%"
"2022-08-10","0.179","0.147","0.186","0.147","6.75%"
"2022-08-09","0.168","0.148","0.169","0.145","12.12%"
"2022-08-08","0.149","0.157","0.176","0.149","-4.78%"
"2022-08-07","0.157","0.176","0.176","0.149","7.25%"
"2022-08-05","0.146","0.142","0.176","0.141","-13.94%"
"2022-08-04","0.170","0.150","0.172","0.141","-1.45%"
"2022-08-03","0.172","0.153","0.175","0.149","26.56%"
"2022-08-02","0.136","0.143","0.166","0.136","-21.53%"
"2022-08-01","0.174","0.161","0.180","0.143","8.16%"
"2022-07-31","0.161","0.177","0.177","0.161","0.38%"
"2022-07-30","0.160","0.160","0.160","0.160","-9.86%"
"2022-07-29","0.177","0.155","0.192","0.151","-8.41%"
"2022-07-28","0.194","0.179","0.213","0.156","-8.28%"
"2022-07-27","0.211","0.172","0.215","0.171","6.29%"
"2022-07-26","0.199","0.177","0.209","0.172","-3.64%"
"2022-07-25","0.206","0.161","0.213","0.154","28.46%"
"2022-07-24","0.161","0.195","0.195","0.161","-17.64%"
"2022-07-22","0.195","0.216","0.259","0.174","-26.08%"
"2022-07-21","0.264","0.241","0.274","0.217","10.19%"
"2022-07-20","0.239","0.249","0.274","0.239","-12.95%"
"2022-07-19","0.275","0.236","0.276","0.235","2.80%"
"2022-07-18","0.268","0.268","0.268","0.234","0.00%"
"2022-07-17","0.268","0.268","0.268","0.268","0.00%"
"2022-07-15","0.268","0.253","0.281","0.233","-5.31%"
"2022-07-14","0.282","0.236","0.286","0.234","20.21%"
"2022-07-13","0.235","0.232","0.273","0.230","4.17%"
"2022-07-12","0.226","0.243","0.273","0.226","-11.08%"
"2022-07-11","0.254","0.246","0.286","0.243","4.06%"
"2022-07-10","0.244","0.270","0.270","0.237","-8.86%"
"2022-07-08","0.268","0.222","0.270","0.222","21.92%"
"2022-07-07","0.219","0.216","0.249","0.198","4.78%"
"2022-07-06","0.209","0.226","0.254","0.209","-8.72%"
"2022-07-05","0.229","0.248","0.275","0.228","-5.17%"
"2022-07-04","0.242","0.226","0.281","0.224","5.73%"
"2022-07-03","0.229","0.248","0.270","0.229","-15.26%"
"2022-07-01","0.270","0.256","0.298","0.246","1.39%"
"2022-06-30","0.266","0.284","0.322","0.258","-7.37%"
"2022-06-29","0.287","0.298","0.334","0.282","-3.56%"
"2022-06-28","0.298","0.290","0.335","0.287","6.24%"
"2022-06-27","0.281","0.263","0.320","0.254","7.14%"
"2022-06-26","0.262","0.256","0.289","0.256","-9.31%"
"2022-06-24","0.289","0.271","0.306","0.249","3.85%"
"2022-06-23","0.278","0.312","0.350","0.271","-12.93%"
"2022-06-22","0.319","0.321","0.363","0.313","2.40%"
"2022-06-21","0.312","0.326","0.360","0.311","-2.35%"
"2022-06-20","0.319","0.316","0.363","0.313","0.60%"
"2022-06-19","0.317","0.363","0.363","0.317","-3.23%"
"2022-06-18","0.328","0.328","0.328","0.328","-9.49%"
"2022-06-17","0.363","0.394","0.441","0.319","-18.32%"
"2022-06-16","0.444","0.363","0.459","0.339","7.59%"
"2022-06-15","0.412","0.349","0.468","0.346","0.00%"
"2022-06-14","0.412","0.352","0.412","0.352","17.42%"
"2022-06-13","0.351","0.246","0.351","0.239","42.28%"
"2022-06-12","0.247","0.227","0.275","0.226","-10.22%"
"2022-06-10","0.275","0.214","0.275","0.214","32.15%"
"2022-06-09","0.208","0.206","0.256","0.202","2.46%"
"2022-06-08","0.203","0.190","0.234","0.190","5.18%"
"2022-06-07","0.193","0.187","0.222","0.187","4.04%"
"2022-06-06","0.186","0.186","0.220","0.181","0.32%"
"2022-06-05","0.185","0.179","0.220","0.178","3.87%"
"2022-06-04","0.178","0.178","0.178","0.178","0.00%"
"2022-06-03","0.178","0.192","0.194","0.172","-8.10%"
"2022-06-02","0.194","0.201","0.203","0.187","-3.10%"
"2022-06-01","0.200","0.210","0.228","0.198","-2.44%"
"2022-05-31","0.205","0.191","0.226","0.191","9.33%"
"2022-05-30","0.188","0.181","0.210","0.181","4.17%"
"2022-05-29","0.180","0.184","0.184","0.179","-8.30%"
"2022-05-28","0.196","0.184","0.196","0.184","0.00%"
"2022-05-27","0.196","0.193","0.201","0.180","-3.06%"
"2022-05-26","0.203","0.171","0.207","0.169","18.70%"
"2022-05-25","0.171","0.174","0.192","0.164","-12.51%"
"2022-05-24","0.195","0.203","0.222","0.174","-4.88%"
"2022-05-23","0.205","0.204","0.229","0.200","0.64%"
"2022-05-22","0.204","0.209","0.229","0.204","-10.97%"
"2022-05-21","0.229","0.208","0.229","0.208","0.00%"
"2022-05-20","0.229","0.221","0.237","0.206","4.57%"
"2022-05-19","0.219","0.221","0.245","0.219","-2.76%"
"2022-05-18","0.225","0.231","0.251","0.216","-0.57%"
"2022-05-17","0.226","0.224","0.252","0.224","-0.53%"
"2022-05-16","0.228","0.229","0.252","0.222","-1.09%"
"2022-05-15","0.230","0.229","0.252","0.229","0.52%"
"2022-05-14","0.229","0.229","0.229","0.229","-9.39%"
"2022-05-13","0.252","0.228","0.252","0.222","9.17%"
"2022-05-12","0.231","0.244","0.274","0.228","-5.82%"
"2022-05-11","0.246","0.248","0.276","0.244","-3.46%"
"2022-05-10","0.254","0.251","0.279","0.246","-2.86%"
"2022-05-09","0.262","0.252","0.284","0.252","4.51%"
"2022-05-08","0.251","0.246","0.261","0.246","-4.09%"
"2022-05-07","0.261","0.246","0.261","0.246","0.00%"
"2022-05-06","0.261","0.238","0.261","0.235","14.20%"
"2022-05-05","0.229","0.229","0.238","0.229","-4.67%"
"2022-05-04","0.240","0.240","0.240","0.240","0.00%"
"2022-05-03","0.240","0.240","0.240","0.240","4.90%"
"2022-05-02","0.229","0.231","0.240","0.228","0.00%"
"2022-05-01","0.229","0.224","0.240","0.224","-4.67%"
"2022-04-30","0.240","0.240","0.240","0.240","0.00%"
"2022-04-29","0.240","0.240","0.240","0.240","0.00%"
"2022-04-28","0.240","0.240","0.243","0.216","0.25%"
"2022-04-27","0.239","0.233","0.251","0.229","0.55%"
"2022-04-26","0.238","0.243","0.257","0.231","-3.56%"
"2022-04-25","0.247","0.257","0.271","0.242","-4.12%"
"2022-04-24","0.257","0.261","0.271","0.257","-5.09%"
"2022-04-23","0.271","0.261","0.271","0.261","0.00%"
"2022-04-22","0.271","0.271","0.282","0.258","1.88%"
"2022-04-21","0.266","0.237","0.284","0.233","10.68%"
"2022-04-20","0.241","0.239","0.256","0.236","6.32%"
"2022-04-19","0.226","0.222","0.237","0.218","1.43%"
"2022-04-18","0.223","0.230","0.230","0.222","-3.25%"
"2022-04-17","0.231","0.222","0.231","0.222","3.64%"
"2022-04-16","0.222","0.222","0.222","0.222","-3.01%"
"2022-04-15","0.229","0.223","0.229","0.222","3.10%"
"2022-04-14","0.222","0.231","0.237","0.211","-6.83%"
"2022-04-13","0.239","0.228","0.245","0.228","0.00%"
"2022-04-12","0.239","0.226","0.245","0.226","2.71%"
"2022-04-11","0.233","0.220","0.239","0.219","4.49%"
"2022-04-10","0.222","0.220","0.222","0.219","1.41%"
"2022-04-09","0.219","0.219","0.219","0.219","-1.39%"
"2022-04-08","0.222","0.216","0.225","0.208","4.41%"
"2022-04-07","0.213","0.211","0.224","0.210","-2.87%"
"2022-04-06","0.219","0.203","0.229","0.203","13.62%"
"2022-04-05","0.193","0.180","0.203","0.176","6.16%"
"2022-04-04","0.182","0.194","0.201","0.181","-6.43%"
"2022-04-03","0.194","0.196","0.201","0.194","-0.31%"
"2022-04-01","0.195","0.152","0.201","0.152","21.42%"
"2022-03-31","0.161","0.214","0.222","0.149","-27.00%"
"2022-03-30","0.220","0.229","0.261","0.198","-13.28%"
"2022-03-29","0.254","0.228","0.262","0.226","11.22%"
"2022-03-28","0.228","0.202","0.244","0.200","13.71%"
"2022-03-27","0.201","0.193","0.201","0.193","-0.35%"
"2022-03-26","0.201","0.192","0.201","0.192","-2.42%"
"2022-03-25","0.206","0.188","0.206","0.185","13.41%"
"2022-03-24","0.182","0.176","0.200","0.174","5.45%"
"2022-03-23","0.172","0.173","0.186","0.172","1.47%"
"2022-03-22","0.170","0.166","0.196","0.155","7.94%"
"2022-03-21","0.157","0.153","0.166","0.153","3.28%"
"2022-03-20","0.153","0.153","0.153","0.153","0.00%"
"2022-03-19","0.153","0.157","0.157","0.153","0.00%"
"2022-03-18","0.153","0.154","0.164","0.153","-3.97%"
"2022-03-17","0.159","0.153","0.170","0.151","2.45%"
"2022-03-16","0.155","0.146","0.168","0.141","5.08%"
"2022-03-15","0.147","0.145","0.154","0.141","-5.57%"
"2022-03-14","0.156","0.138","0.160","0.124","14.10%"
"2022-03-13","0.137","0.131","0.137","0.124","10.58%"
"2022-03-12","0.124","0.131","0.131","0.124","-12.38%"
"2022-03-11","0.141","0.127","0.144","0.124","14.78%"
"2022-03-10","0.123","0.111","0.139","0.111","5.85%"
"2022-03-09","0.116","0.119","0.125","0.108","5.15%"
"2022-03-08","0.111","0.107","0.126","0.095","8.54%"
"2022-03-07","0.102","0.091","0.114","0.089","11.61%"
"2022-03-06","0.091","0.106","0.106","0.089","-3.89%"
"2022-03-04","0.095","0.110","0.124","0.091","-22.45%"
"2022-03-03","0.123","0.094","0.126","0.094","16.78%"
"2022-03-02","0.105","0.097","0.106","0.078","3.55%"
"2022-03-01","0.101","0.123","0.130","0.096","-20.55%"
"2022-02-28","0.127","0.145","0.153","0.123","-8.54%"
"2022-02-27","0.139","0.143","0.146","0.139","-4.72%"
"2022-02-26","0.146","0.146","0.146","0.146","-4.13%"
"2022-02-25","0.153","0.129","0.156","0.127","16.22%"
"2022-02-24","0.131","0.141","0.142","0.123","-2.31%"
"2022-02-23","0.134","0.134","0.141","0.134","-0.44%"
"2022-02-22","0.135","0.153","0.153","0.127","-13.96%"
"2022-02-21","0.157","0.159","0.165","0.147","1.62%"
"2022-02-20","0.154","0.165","0.165","0.154","-3.50%"
"2022-02-19","0.160","0.160","0.160","0.160","0.00%"
"2022-02-18","0.160","0.165","0.174","0.160","-9.91%"
"2022-02-17","0.178","0.169","0.185","0.164","6.79%"
"2022-02-16","0.166","0.164","0.176","0.162","-5.03%"
"2022-02-15","0.175","0.156","0.176","0.151","8.56%"
"2022-02-14","0.161","0.144","0.161","0.140","-3.76%"
"2022-02-11","0.168","0.163","0.168","0.163","3.91%"
"2022-02-10","0.161","0.144","0.166","0.139","12.17%"
"2022-02-09","0.144","0.164","0.164","0.138","-11.51%"
"2022-02-08","0.162","0.160","0.174","0.160","2.33%"
"2022-02-07","0.159","0.134","0.161","0.029","17.63%"
"2022-02-06","0.135","0.029","0.139","0.029","368.75%"
"2022-02-05","0.029","0.128","0.128","0.029","-80.47%"
"2022-02-04","0.147","0.116","0.149","0.116","25.64%"
"2022-02-03","0.117","0.102","0.117","0.099","13.32%"
"2022-02-02","0.104","0.106","0.107","0.102","-10.77%"
"2022-02-01","0.116","0.115","0.117","0.112","12.07%"
"2022-01-31","0.104","0.104","0.104","0.104","0.00%"
"2022-01-28","0.104","0.102","0.107","0.102","2.47%"
"2022-01-27","0.101","0.101","0.102","0.100","32.50%"
"2022-01-26","0.076","0.076","0.091","0.076","-12.60%"
"2022-01-25","0.087","0.087","0.090","0.076","203.13%"
"2022-01-24","0.029","0.029","0.029","0.029","-62.25%"
"2022-01-22","0.076","0.076","0.076","0.076","-10.02%"
"2022-01-21","0.085","0.086","0.087","0.085","-9.30%"
"2022-01-20","0.094","0.076","0.094","0.076","5.53%"
"2022-01-19","0.089","0.085","0.094","0.076","-3.90%"
"2022-01-18","0.092","0.090","0.094","0.089","-6.49%"
"2022-01-17","0.099","0.091","0.100","0.091","8.35%"
"2022-01-14","0.091","0.091","0.092","0.089","26.04%"
"2022-01-13","0.072","0.076","0.076","0.068","1.69%"
"2022-01-12","0.071","0.067","0.076","0.067","-10.92%"
"2022-01-11","0.080","0.080","0.081","0.077","176.74%"
"2022-01-10","0.029","0.029","0.029","0.029","-65.47%"
"2022-01-07","0.083","0.061","0.083","0.059","26.56%"
"2022-01-06","0.066","0.055","0.066","0.055","29.47%"
"2022-01-05","0.051","0.034","0.056","0.034","53.78%"
"2022-01-04","0.033","0.020","0.033","0.020","5.75%"
"2022-01-03","0.031","0.029","0.033","0.029","8.68%"
"2022-01-02","0.029","0.029","0.029","0.029","0.00%"
"2022-01-01","0.029","0.029","0.029","0.029","-7.99%"
"2021-12-31","0.031","0.031","0.031","0.031","0.00%"
"2021-12-30","0.031","0.025","0.034","0.018","39.11%"
"2021-12-29","0.023","0.021","0.024","0.013","5.63%"
"2021-12-28","0.021","0.017","0.021","0.017","21.71%"
"2021-12-27","0.018","0.021","0.021","0.011","-9.79%"
"2021-12-26","0.019","0.011","0.019","0.011","71.68%"
"2021-12-25","0.011","0.011","0.011","0.011","0.00%"
"2021-12-24","0.011","0.019","0.022","0.011","13.00%"
"2021-12-23","0.010","0.019","0.020","0.010","-46.81%"
"2021-12-22","0.019","0.011","0.020","0.004","50.40%"
"2021-12-21","0.013","0.004","0.013","-0.004","-298.41%"
"2021-12-20","-0.006","-0.004","0.004","-0.006","-265.79%"
"2021-12-19","0.004","-0.004","0.004","-0.004","-200.00%"
"2021-12-18","-0.004","-0.004","-0.004","-0.004","-200.00%"
"2021-12-17","0.004","0.004","0.007","-0.004","0.00%"
"2021-12-16","0.004","0.007","0.007","-0.002","-49.33%"
"2021-12-15","0.007","0.009","0.009","-0.005","-14.77%"
"2021-12-14","0.009","0.004","0.010","-0.004","39.68%"
"2021-12-13","0.006","0.009","0.011","-0.004","-37.00%"
"2021-12-12","0.010","0.004","0.011","0.004","163.16%"
"2021-12-11","0.004","0.012","0.012","0.004","-66.37%"
"2021-12-10","0.011","0.007","0.014","-0.002","197.37%"
"2021-12-09","0.004","0.011","0.011","-0.004","-62.00%"
"2021-12-08","0.010","0.013","0.013","-0.005","13.64%"
"2021-12-07","0.009","0.007","0.013","-0.002","131.58%"
"2021-12-06","0.004","0.003","0.007","-0.006","-13.64%"
"2021-12-05","0.004","-0.002","0.007","-0.002","-30.16%"
"2021-12-03","0.006","0.009","0.011","-0.002","-44.25%"
"2021-12-02","0.011","0.008","0.013","-0.001","-18.12%"
"2021-12-01","0.014","0.013","0.014","-0.001","-652.00%"
"2021-11-30","-0.002","0.019","0.019","-0.004","-111.74%"
"2021-11-29","0.021","0.023","0.023","0.010","-2.74%"
"2021-11-28","0.022","0.013","0.023","0.013","75.20%"
"2021-11-27","0.013","0.019","0.019","0.013","-37.50%"
"2021-11-26","0.020","0.027","0.027","0.009","-30.56%"
"2021-11-25","0.029","0.029","0.030","0.026","-7.99%"
"2021-11-24","0.031","0.031","0.032","0.013","19.01%"
"2021-11-23","0.026","0.024","0.031","0.022","16.89%"
"2021-11-22","0.023","0.022","0.024","0.011","-2.60%"
"2021-11-21","0.023","0.015","0.028","0.015","54.00%"
"2021-11-20","0.015","0.015","0.015","0.015","0.00%"
"2021-11-19","0.015","0.027","0.029","0.015","-50.00%"
"2021-11-18","0.030","0.027","0.033","0.019","14.07%"
"2021-11-17","0.026","0.030","0.034","0.018","5.20%"
"2021-11-16","0.025","0.029","0.031","0.015","5.04%"
"2021-11-15","0.024","0.029","0.030","0.014","-19.05%"
"2021-11-14","0.029","0.021","0.029","0.021","38.03%"
"2021-11-13","0.021","0.029","0.029","0.021","-26.04%"
"2021-11-12","0.029","0.023","0.032","0.015","108.70%"
"2021-11-11","0.014","0.024","0.027","0.013","-21.14%"
"2021-11-10","0.018","0.018","0.023","0.004","26.81%"
"2021-11-09","0.014","0.017","0.018","0.009","84.00%"
"2021-11-08","0.007","0.010","0.018","0.002","-29.25%"
"2021-11-07","0.011","0.004","0.012","0.004","178.95%"
"2021-11-06","0.004","0.004","0.004","0.004","0.00%"
"2021-11-05","0.004","0.025","0.025","0.004","-79.79%"
"2021-11-04","0.019","0.035","0.035","0.018","-44.38%"
"2021-11-03","0.034","0.035","0.036","0.034","0.00%"
"2021-11-02","0.034","0.041","0.042","0.025","-27.00%"
"2021-11-01","0.046","0.044","0.049","0.031","5.71%"
"2021-10-31","0.044","0.043","0.044","0.043","-5.40%"
"2021-10-29","0.046","0.047","0.049","0.035","0.00%"
"2021-10-28","0.046","0.043","0.046","0.032","-5.12%"
"2021-10-27","0.049","0.053","0.057","0.040","-10.29%"
"2021-10-26","0.054","0.051","0.063","0.044","24.20%"
"2021-10-25","0.044","0.047","0.054","0.043","-5.40%"
"2021-10-24","0.046","0.045","0.046","0.045","-2.53%"
"2021-10-22","0.047","0.051","0.051","0.041","4.17%"
"2021-10-21","0.046","0.046","0.052","0.038","4.11%"
"2021-10-20","0.044","0.046","0.051","0.038","0.00%"
"2021-10-19","0.044","0.042","0.046","0.034","-2.67%"
"2021-10-18","0.045","0.035","0.046","0.027","89.08%"
"2021-10-17","0.024","0.032","0.032","0.024","-26.77%"
"2021-10-16","0.032","0.032","0.032","0.032","8.33%"
"2021-10-15","0.030","0.029","0.032","0.023","9.09%"
"2021-10-14","0.027","0.034","0.034","0.021","-21.43%"
"2021-10-13","0.035","0.036","0.044","0.026","-12.50%"
"2021-10-12","0.040","0.042","0.046","0.029","-8.68%"
"2021-10-11","0.044","0.034","0.045","0.032","84.03%"
"2021-10-10","0.024","0.024","0.024","0.024","-28.10%"
"2021-10-09","0.033","0.033","0.033","0.033","-8.82%"
"2021-10-08","0.036","0.029","0.036","0.023","52.52%"
"2021-10-07","0.024","0.027","0.029","0.010","-13.45%"
"2021-10-06","0.027","0.025","0.032","0.016","37.50%"
"2021-10-05","0.020","0.013","0.024","0.009","700.00%"
"2021-10-04","0.002","0.011","0.014","0.001","-80.00%"
"2021-10-03","0.013","0.015","0.015","0.004","228.95%"
"2021-10-02","0.004","0.015","0.015","0.004","-76.69%"
"2021-10-01","0.016","0.018","0.019","0.002","-18.50%"
"2021-09-30","0.020","0.021","0.026","0.007","-6.10%"
"2021-09-29","0.021","0.031","0.031","0.009","-29.00%"
"2021-09-28","0.030","0.014","0.031","0.013","117.39%"
"2021-09-27","0.014","0.013","0.014","0.001","0.00%"
"2021-09-26","0.014","0.001","0.014","0.001","10.40%"
"2021-09-24","0.013","0.004","0.015","-0.004","-298.41%"
"2021-09-23","-0.006","-0.004","0.004","-0.006","26.00%"
"2021-09-22","-0.005","-0.002","-0.002","-0.015","-484.62%"
"2021-09-21","0.001","-0.001","0.002","-0.011","-74.00%"
"2021-09-20","0.005","-0.007","0.005","-0.007","-166.67%"
"2021-09-19","-0.007","-0.007","-0.007","-0.007","-233.93%"
"2021-09-18","0.006","0.006","0.006","0.006","12.00%"
"2021-09-17","0.005","0.003","0.006","-0.007","31.58%"
"2021-09-16","0.004","-0.005","0.005","-0.015","-176.00%"
"2021-09-15","-0.005","-0.002","-0.002","-0.016","-66.67%"
"2021-09-14","-0.015","-0.006","0.002","-0.015","200.00%"
"2021-09-13","-0.005","-0.001","-0.001","-0.016","-933.33%"
"2021-09-12","0.001","-0.003","0.001","-0.013","-146.15%"
"2021-09-10","-0.001","-0.009","-0.001","-0.020","-79.37%"
"2021-09-09","-0.006","-0.011","-0.006","-0.020","-44.25%"
"2021-09-08","-0.011","-0.009","-0.007","-0.023","13.00%"
"2021-09-07","-0.010","-0.012","-0.009","-0.025","0.00%"
"2021-09-06","-0.010","-0.016","-0.005","-0.027","-40.83%"
"2021-09-05","-0.017","-0.027","-0.016","-0.027","-10.11%"
"2021-09-04","-0.019","-0.019","-0.019","-0.019","0.00%"
"2021-09-03","-0.019","-0.026","-0.018","-0.032","-28.52%"
"2021-09-02","-0.026","-0.029","-0.025","-0.035","-4.36%"
"2021-09-01","-0.027","-0.029","-0.026","-0.043","-12.14%"
"2021-08-31","-0.031","-0.037","-0.027","-0.045","-10.57%"
"2021-08-30","-0.035","-0.036","-0.031","-0.041","-5.15%"
"2021-08-29","-0.037","-0.041","-0.032","-0.041","15.67%"
"2021-08-28","-0.032","-0.032","-0.032","-0.032","1.92%"
"2021-08-27","-0.031","-0.034","-0.031","-0.041","-9.01%"
"2021-08-26","-0.034","-0.031","-0.029","-0.046","9.90%"
"2021-08-25","-0.031","-0.036","-0.031","-0.046","-15.18%"
"2021-08-24","-0.037","-0.042","-0.035","-0.047","-9.11%"
"2021-08-23","-0.041","-0.041","-0.039","-0.054","-3.10%"
"2021-08-22","-0.042","-0.054","-0.042","-0.054","-5.63%"
"2021-08-21","-0.044","-0.044","-0.044","-0.044","7.51%"
"2021-08-20","-0.041","-0.041","-0.041","-0.054","4.82%"
"2021-08-19","-0.039","-0.038","-0.034","-0.049","5.07%"
"2021-08-18","-0.038","-0.039","-0.036","-0.049","0.00%"
"2021-08-17","-0.038","-0.037","-0.026","-0.049","3.31%"
"2021-08-16","-0.036","-0.038","-0.031","-0.049","-3.20%"
"2021-08-15","-0.038","-0.032","-0.032","-0.043","15.38%"
"2021-08-14","-0.032","-0.043","-0.032","-0.043","-23.53%"
"2021-08-13","-0.043","-0.032","-0.032","-0.044","35.78%"
"2021-08-12","-0.031","-0.031","-0.031","-0.047","8.68%"
"2021-08-11","-0.029","-0.033","-0.020","-0.043","-4.00%"
"2021-08-10","-0.030","-0.035","-0.030","-0.049","-22.68%"
"2021-08-09","-0.039","-0.049","-0.035","-0.049","-20.49%"
"2021-08-08","-0.049","-0.049","-0.049","-0.049","13.23%"
"2021-08-07","-0.043","-0.043","-0.043","-0.043","-11.68%"
"2021-08-06","-0.049","-0.044","-0.035","-0.055","11.42%"
"2021-08-05","-0.044","-0.048","-0.044","-0.059","-12.40%"
"2021-08-04","-0.050","-0.051","-0.048","-0.065","2.46%"
"2021-08-03","-0.049","-0.044","-0.044","-0.060","11.42%"
"2021-08-02","-0.044","-0.041","-0.041","-0.052","7.88%"
"2021-08-01","-0.041","-0.051","-0.041","-0.051","-3.10%"
"2021-07-30","-0.042","-0.042","-0.041","-0.042","1.45%"
"2021-07-29","-0.041","-0.043","-0.041","-0.054","-5.71%"
"2021-07-28","-0.044","-0.043","-0.029","-0.055","20.66%"
"2021-07-27","-0.036","-0.042","-0.026","-0.043","11.69%"
"2021-07-26","-0.032","-0.047","-0.031","-0.060","-29.81%"
"2021-07-25","-0.046","-0.048","-0.046","-0.048","-5.12%"
"2021-07-24","-0.049","-0.049","-0.049","-0.049","39.43%"
"2021-07-23","-0.035","-0.035","-0.035","-0.035","0.00%"
"2021-07-22","-0.035","-0.035","-0.035","-0.035","-12.50%"
"2021-07-21","-0.040","-0.056","-0.030","-0.056","-15.79%"
"2021-07-20","-0.047","-0.056","-0.044","-0.060","11.76%"
"2021-07-19","-0.043","-0.052","-0.039","-0.066","-19.05%"
"2021-07-18","-0.052","-0.045","-0.045","-0.052","19.86%"
"2021-07-17","-0.044","-0.044","-0.044","-0.044","12.89%"
"2021-07-16","-0.039","-0.050","-0.029","-0.060","6.89%"
"2021-07-15","-0.036","-0.043","-0.031","-0.055","15.97%"
"2021-07-14","-0.031","-0.035","-0.027","-0.049","8.68%"
"2021-07-13","-0.029","-0.036","-0.021","-0.038","64.57%"
"2021-07-12","-0.018","-0.027","-0.018","-0.043","-37.72%"
"2021-07-11","-0.028","-0.031","-0.027","-0.031","-11.91%"
"2021-07-10","-0.032","-0.032","-0.032","-0.032","41.78%"
"2021-07-09","-0.023","-0.035","-0.019","-0.045","-14.45%"
"2021-07-08","-0.026","-0.030","-0.026","-0.055","39.89%"
"2021-07-07","-0.019","-0.028","-0.014","-0.041","-11.74%"
"2021-07-06","-0.021","-0.019","-0.007","-0.035","113.00%"
"2021-07-05","-0.010","-0.024","-0.007","-0.036","-60.00%"
"2021-07-04","-0.025","-0.023","-0.023","-0.026","66.67%"
"2021-07-02","-0.015","-0.019","-0.007","-0.030","8.70%"
"2021-07-01","-0.014","-0.014","-0.007","-0.032","38.00%"
"2021-06-30","-0.010","-0.012","-0.001","-0.023","-500.00%"
"2021-06-29","0.002","-0.016","0.004","-0.025","-133.33%"
"2021-06-28","-0.007","-0.016","-0.001","-0.029","-51.92%"
"2021-06-27","-0.016","-0.018","-0.014","-0.018","212.00%"
"2021-06-25","-0.005","-0.017","-0.004","-0.027","0.00%"
"2021-06-24","-0.005","-0.009","-0.004","-0.025","100.00%"
"2021-06-23","-0.002","-0.014","-0.002","-0.026","-71.59%"
"2021-06-22","-0.009","-0.013","-0.001","-0.026","39.68%"
"2021-06-21","-0.006","-0.014","-0.002","-0.035","-66.49%"
"2021-06-20","-0.019","-0.009","-0.009","-0.019","113.64%"
"2021-06-19","-0.009","-0.009","-0.009","-0.009","0.00%"
"2021-06-18","-0.009","-0.018","0.004","-0.026","0.00%"
"2021-06-17","-0.009","-0.005","0.011","-0.023","-29.60%"
"2021-06-16","-0.013","-0.016","-0.009","-0.032","42.05%"
"2021-06-15","-0.009","-0.018","-0.009","-0.024","-29.60%"
"2021-06-14","-0.013","-0.021","-0.013","-0.028","-50.00%"
"2021-06-13","-0.025","-0.026","-0.025","-0.041","-4.94%"
"2021-06-12","-0.026","-0.026","-0.026","-0.026","39.89%"
"2021-06-11","-0.019","-0.021","-0.016","-0.041","66.37%"
"2021-06-10","-0.011","-0.013","-0.001","-0.029","-969.23%"
"2021-06-09","0.001","0.001","0.004","-0.019","-74.00%"
"2021-06-08","0.005","0.006","0.010","-0.013","-43.18%"
"2021-06-07","0.009","0.006","0.013","-0.009","576.92%"
"2021-06-06","0.001","0.010","0.010","0.001","-76.79%"
"2021-06-05","0.006","0.010","0.010","0.006","-25.33%"
"2021-06-04","0.007","0.013","0.020","0.006","-60.11%"
"2021-06-03","0.019","0.009","0.019","0.002","36.23%"
"2021-06-02","0.014","0.011","0.019","-0.002","-26.60%"
"2021-06-01","0.019","0.011","0.019","-0.004","66.37%"
"2021-05-31","0.011","0.007","0.013","0.004","197.37%"
"2021-05-30","0.004","0.011","0.011","0.004","-44.93%"
"2021-05-29","0.007","0.011","0.011","0.007","-38.94%"
"2021-05-28","0.011","0.007","0.019","0.002","-24.67%"
"2021-05-27","0.015","0.004","0.015","-0.010","100.00%"
"2021-05-26","0.007","0.005","0.013","-0.009","0.00%"
"2021-05-25","0.007","0.007","0.014","-0.009","-40.00%"
"2021-05-24","0.013","0.009","0.015","-0.006","303.23%"
"2021-05-23","0.003","0.011","0.011","0.003","-72.57%"
"2021-05-22","0.011","0.011","0.011","0.011","-24.67%"
"2021-05-21","0.015","0.010","0.018","-0.005","8.70%"
"2021-05-20","0.014","0.011","0.018","-0.002","10.40%"
"2021-05-19","0.013","0.009","0.020","-0.005","-16.67%"
"2021-05-18","0.015","0.009","0.016","-0.006","8.70%"
"2021-05-17","0.014","0.001","0.015","-0.007","626.32%"
"2021-05-16","0.002","0.009","0.009","0.002","-50.00%"
"2021-05-15","0.004","0.009","0.009","0.004","-69.60%"
"2021-05-14","0.013","0.010","0.015","-0.009","-23.31%"
"2021-05-13","0.016","0.011","0.023","0.006","-6.86%"
"2021-05-12","0.018","0.002","0.018","-0.009","16.67%"
"2021-05-11","0.015","0.006","0.015","-0.013","100.00%"
"2021-05-10","0.007","0.004","0.014","-0.010","-676.92%"
"2021-05-09","-0.001","0.004","0.004","-0.002","-134.21%"
"2021-05-08","0.004","0.004","0.004","0.004","-56.82%"
"2021-05-07","0.009","0.007","0.013","-0.010","17.33%"
"2021-05-06","0.007","0.002","0.015","-0.010","-53.99%"
"2021-05-05","0.016","0.016","0.016","0.016","0.00%"
"2021-05-04","0.016","0.016","0.016","0.016","0.00%"
"2021-05-03","0.016","0.016","0.016","0.016","30.40%"
"2021-05-02","0.013","0.013","0.013","0.013","303.23%"
"2021-05-01","0.003","0.013","0.013","0.003","-79.33%"
"2021-04-30","0.015","0.007","0.020","0.003","100.00%"
"2021-04-29","0.007","0.007","0.007","0.007","-33.63%"
"2021-04-28","0.011","0.007","0.019","-0.005","13.00%"
"2021-04-27","0.010","0.004","0.011","-0.011","33.33%"
"2021-04-26","0.007","-0.002","0.010","-0.013","-142.86%"
"2021-04-25","-0.018","-0.002","-0.002","-0.018","600.00%"
"2021-04-24","-0.002","-0.002","-0.002","-0.002","-200.00%"
"2021-04-23","0.002","-0.006","0.006","-0.016","-50.00%"
"2021-04-22","0.005","-0.002","0.005","-0.019","-33.33%"
"2021-04-21","0.007","-0.002","0.010","-0.018","50.00%"
"2021-04-20","0.005","0.004","0.016","-0.009","-43.18%"
"2021-04-19","0.009","0.007","0.013","-0.010","131.58%"
"2021-04-18","0.004","0.009","0.009","0.003","0.00%"
"2021-04-17","0.004","0.009","0.009","0.004","-66.37%"
"2021-04-16","0.011","0.005","0.016","-0.006","79.37%"
"2021-04-15","0.006","0.007","0.016","-0.007","-61.35%"
"2021-04-14","0.016","0.006","0.018","-0.009","44.25%"
"2021-04-13","0.011","0.015","0.021","0.002","-46.95%"
"2021-04-12","0.021","0.013","0.023","-0.002","208.70%"
"2021-04-11","0.007","0.013","0.013","-0.002","-44.80%"
"2021-04-10","0.013","0.013","0.013","0.013","-16.67%"
"2021-04-09","0.015","0.002","0.021","-0.006","100.00%"
"2021-04-08","0.007","0.007","0.018","-0.006","-25.00%"
"2021-04-07","0.010","0.010","0.015","-0.007","-33.33%"
"2021-04-06","0.015","0.021","0.024","-0.004","-29.58%"
"2021-04-05","0.021","0.025","0.027","0.010","13.30%"
"2021-04-04","0.019","0.023","0.023","0.010","0.00%"
"2021-04-03","0.019","0.023","0.023","0.019","-16.44%"
"2021-04-02","0.023","0.023","0.032","0.013","-14.45%"
"2021-04-01","0.026","0.020","0.040","0.010","10.50%"
"2021-03-31","0.024","0.002","0.035","-0.004","138.00%"
"2021-03-30","0.010","-0.006","0.019","-0.011","300.00%"
"2021-03-29","0.002","0.002","0.007","-0.020","-165.79%"
"2021-03-28","-0.004","-0.006","-0.004","-0.006","-252.00%"
"2021-03-26","0.002","-0.002","0.009","-0.019","-292.31%"
"2021-03-25","-0.001","-0.005","0.004","-0.019","-48.00%"
"2021-03-24","-0.002","-0.010","0.004","-0.024","0.00%"
"2021-03-23","-0.002","-0.006","0.006","-0.016","-150.00%"
"2021-03-22","0.005","0.005","0.013","-0.015","733.33%"
"2021-03-21","0.001","0.013","0.013","-0.001","-95.20%"
"2021-03-20","0.013","0.013","0.013","0.013","0.00%"
"2021-03-19","0.013","0.001","0.031","-0.005","-28.57%"
"2021-03-18","0.018","0.002","0.023","-0.011","75.00%"
"2021-03-17","0.010","-0.006","0.013","-0.013","58.73%"
"2021-03-16","0.006","0.001","0.013","-0.015","-28.41%"
"2021-03-15","0.009","0.015","0.016","-0.009","-38.89%"
"2021-03-14","0.014","0.020","0.020","0.007","-28.00%"
"2021-03-13","0.020","0.020","0.020","0.020","-38.46%"
"2021-03-12","0.032","0.006","0.036","0.004","99.39%"
"2021-03-11","0.016","0.029","0.030","-0.006","-40.73%"
"2021-03-10","0.027","0.023","0.044","0.007","-18.64%"
"2021-03-09","0.034","0.035","0.038","0.011","-18.16%"
"2021-03-08","0.041","0.007","0.044","0.006","498.55%"
"2021-03-07","0.007","0.002","0.007","0.002","-63.30%"
"2021-03-05","0.019","0.040","0.040","-0.021","-34.72%"
"2021-03-04","0.029","0.030","0.038","0.013","-11.38%"
"2021-03-03","0.032","0.008","0.040","0.001","85.71%"
"2021-03-02","0.018","0.027","0.029","0.001","-46.15%"
"2021-03-01","0.032","0.034","0.047","0.021","-7.14%"
"2021-02-28","0.035","0.043","0.043","0.030","-11.17%"
"2021-02-27","0.039","0.043","0.043","0.039","-26.77%"
"2021-02-26","0.054","0.060","0.065","0.027","2.48%"
"2021-02-25","0.052","0.027","0.058","0.018","110.00%"
"2021-02-24","0.025","0.025","0.038","0.006","-16.67%"
"2021-02-23","0.030","0.030","0.030","0.017","20.00%"
"2021-02-22","0.025","0.025","0.034","0.017","32.98%"
"2021-02-21","0.019","0.018","0.019","0.006","7.43%"
"2021-02-20","0.018","0.018","0.018","0.018","-44.09%"
"2021-02-19","0.031","0.011","0.031","0.001","213.00%"
"2021-02-18","0.010","0.004","0.019","-0.009","-11.50%"
"2021-02-17","0.011","-0.004","0.019","-0.005","352.00%"
"2021-02-16","0.002","-0.010","0.004","-0.025","-128.41%"
"2021-02-15","-0.009","-0.020","-0.004","-0.029","-63.93%"
"2021-02-14","-0.024","-0.025","-0.024","-0.039","-37.11%"
"2021-02-13","-0.039","-0.025","-0.025","-0.039","158.67%"
"2021-02-12","-0.015","-0.023","-0.013","-0.040","-36.97%"
"2021-02-11","-0.024","-0.024","-0.023","-0.029","11.74%"
"2021-02-10","-0.021","-0.023","-0.010","-0.030","13.30%"
"2021-02-09","-0.019","-0.023","-0.014","-0.035","0.00%"
"2021-02-08","-0.019","-0.026","-0.011","-0.035","-39.94%"
"2021-02-07","-0.031","-0.032","-0.031","-0.044","-3.69%"
"2021-02-06","-0.032","-0.032","-0.032","-0.032","30.00%"
"2021-02-05","-0.025","-0.035","-0.019","-0.045","0.00%"
"2021-02-04","-0.025","-0.035","-0.024","-0.046","-4.94%"
"2021-02-03","-0.026","-0.042","-0.025","-0.052","-15.97%"
"2021-02-02","-0.031","-0.040","-0.030","-0.052","-16.53%"
"2021-02-01","-0.038","-0.040","-0.034","-0.056","-16.67%"
"2021-01-31","-0.045","-0.040","-0.040","-0.055","12.50%"
"2021-01-30","-0.040","-0.040","-0.040","-0.040","10.19%"
"2021-01-29","-0.036","-0.050","-0.031","-0.058","-9.25%"
"2021-01-28","-0.040","-0.049","-0.040","-0.063","-5.88%"
"2021-01-27","-0.043","-0.052","-0.039","-0.063","-15.00%"
"2021-01-26","-0.050","-0.051","-0.046","-0.070","-2.53%"
"2021-01-25","-0.051","-0.056","-0.044","-0.065","-8.88%"
"2021-01-24","-0.056","-0.047","-0.047","-0.056","18.53%"
"2021-01-23","-0.047","-0.047","-0.047","-0.047","0.00%"
"2021-01-22","-0.047","-0.050","-0.043","-0.063","-2.66%"
"2021-01-21","-0.049","-0.055","-0.044","-0.070","8.44%"
"2021-01-20","-0.045","-0.044","-0.044","-0.066","15.98%"
"2021-01-19","-0.039","-0.036","-0.034","-0.059","14.79%"
"2021-01-18","-0.034","-0.030","-0.029","-0.043","-3.43%"
"2021-01-17","-0.035","-0.044","-0.033","-0.059","-20.09%"
"2021-01-16","-0.044","-0.044","-0.044","-0.044","9.50%"
"2021-01-15","-0.040","-0.045","-0.036","-0.052","-8.68%"
"2021-01-14","-0.044","-0.050","-0.040","-0.054","0.00%"
"2021-01-13","-0.044","-0.049","-0.040","-0.063","29.59%"
"2021-01-12","-0.034","-0.038","-0.032","-0.059","-38.55%"
"2021-01-11","-0.055","-0.055","-0.042","-0.055","0.00%"
"2021-01-10","-0.055","-0.043","-0.043","-0.055","0.00%"
"2021-01-09","-0.055","-0.043","-0.043","-0.055","51.52%"
"2021-01-08","-0.036","-0.038","-0.034","-0.059","3.71%"
"2021-01-07","-0.035","-0.044","-0.032","-0.055","-15.25%"
"2021-01-06","-0.041","-0.052","-0.038","-0.059","-13.05%"
"2021-01-05","-0.047","-0.047","-0.046","-0.066","2.59%"
"2021-01-04","-0.046","-0.046","-0.038","-0.061","-7.40%"
"2021-01-03","-0.050","-0.044","-0.044","-0.059","14.16%"
"2021-01-02","-0.044","-0.044","-0.044","-0.044","16.80%"
"2021-01-01","-0.038","-0.038","-0.038","-0.038","0.00%"
"2020-12-31","-0.038","-0.038","-0.038","-0.038","-9.20%"
"2020-12-30","-0.041","-0.045","-0.035","-0.051","0.00%"
"2020-12-29","-0.041","-0.050","-0.038","-0.056","-8.22%"
"2020-12-28","-0.045","-0.047","-0.040","-0.054","-13.29%"
"2020-12-27","-0.052","-0.047","-0.047","-0.052","9.26%"
"2020-12-26","-0.047","-0.047","-0.047","-0.047","18.75%"
"2020-12-25","-0.040","-0.052","-0.039","-0.058","-18.03%"
"2020-12-24","-0.049","-0.052","-0.046","-0.058","5.40%"
"2020-12-23","-0.046","-0.059","-0.043","-0.070","-13.94%"
"2020-12-22","-0.054","-0.058","-0.050","-0.064","10.25%"
"2020-12-21","-0.049","-0.052","-0.049","-0.071","-17.01%"
"2020-12-20","-0.059","-0.054","-0.054","-0.069","9.29%"
"2020-12-19","-0.054","-0.054","-0.054","-0.054","13.26%"
"2020-12-18","-0.047","-0.054","-0.046","-0.070","2.59%"
"2020-12-17","-0.046","-0.058","-0.046","-0.066","-9.75%"
"2020-12-16","-0.051","-0.055","-0.047","-0.070","2.60%"
"2020-12-15","-0.050","-0.054","-0.049","-0.070","0.00%"
"2020-12-14","-0.050","-0.054","-0.045","-0.069","-12.13%"
"2020-12-13","-0.057","-0.054","-0.054","-0.058","-1.04%"
"2020-12-12","-0.058","-0.054","-0.054","-0.058","6.88%"
"2020-12-11","-0.054","-0.050","-0.046","-0.068","19.56%"
"2020-12-10","-0.045","-0.047","-0.040","-0.065","8.96%"
"2020-12-09","-0.041","-0.047","-0.039","-0.054","-2.82%"
"2020-12-08","-0.043","-0.045","-0.041","-0.064","6.25%"
"2020-12-07","-0.040","-0.039","-0.038","-0.059","-8.68%"
"2020-12-06","-0.044","-0.041","-0.041","-0.052","6.05%"
"2020-12-05","-0.041","-0.041","-0.041","-0.041","50.18%"
"2020-12-04","-0.027","-0.043","-0.027","-0.056","-26.67%"
"2020-12-03","-0.038","-0.043","-0.032","-0.050","7.14%"
"2020-12-02","-0.035","-0.043","-0.034","-0.059","7.69%"
"2020-12-01","-0.032","-0.043","-0.032","-0.065","-13.33%"
"2020-11-30","-0.038","-0.047","-0.035","-0.059","-27.75%"
"2020-11-29","-0.052","-0.047","-0.047","-0.063","0.00%"
"2020-11-28","-0.052","-0.047","-0.047","-0.052","15.33%"
"2020-11-27","-0.045","-0.056","-0.041","-0.058","-5.26%"
"2020-11-26","-0.047","-0.050","-0.041","-0.064","8.45%"
"2020-11-25","-0.044","-0.047","-0.043","-0.065","0.00%"
"2020-11-24","-0.044","-0.055","-0.043","-0.064","-18.59%"
"2020-11-23","-0.054","-0.054","-0.054","-0.060","-6.43%"
"2020-11-22","-0.058","-0.058","-0.058","-0.058","-5.12%"
"2020-11-21","-0.061","-0.058","-0.058","-0.061","18.13%"
"2020-11-20","-0.051","-0.056","-0.047","-0.071","-13.64%"
"2020-11-19","-0.059","-0.051","-0.045","-0.061","28.29%"
"2020-11-18","-0.046","-0.049","-0.045","-0.068","0.00%"
"2020-11-17","-0.046","-0.045","-0.041","-0.053","8.94%"
"2020-11-16","-0.043","-0.047","-0.031","-0.063","-18.11%"
"2020-11-15","-0.052","-0.047","-0.047","-0.063","9.26%"
"2020-11-14","-0.047","-0.047","-0.047","-0.047","5.56%"
"2020-11-13","-0.045","-0.049","-0.039","-0.066","8.96%"
"2020-11-12","-0.041","-0.043","-0.036","-0.058","27.08%"
"2020-11-11","-0.032","-0.038","-0.029","-0.052","8.33%"
"2020-11-10","-0.030","-0.040","-0.021","-0.054","14.07%"
"2020-11-09","-0.026","-0.049","-0.024","-0.069","-51.65%"
"2020-11-08","-0.054","-0.055","-0.054","-0.061","-11.26%"
"2020-11-07","-0.061","-0.055","-0.055","-0.061","57.99%"
"2020-11-06","-0.039","-0.058","-0.036","-0.072","-18.32%"
"2020-11-05","-0.047","-0.057","-0.044","-0.074","-9.52%"
"2020-11-04","-0.052","-0.032","-0.026","-0.058","82.29%"
"2020-11-03","-0.029","-0.029","-0.029","-0.036","-4.00%"
"2020-11-02","-0.030","-0.038","-0.026","-0.054","-28.40%"
"2020-11-01","-0.042","-0.040","-0.040","-0.051","4.75%"
"2020-10-31","-0.040","-0.040","-0.040","-0.040","38.89%"
"2020-10-30","-0.029","-0.043","-0.026","-0.047","-30.27%"
"2020-10-29","-0.041","-0.047","-0.038","-0.051","-10.80%"
"2020-10-28","-0.046","-0.051","-0.044","-0.058","-2.53%"
"2020-10-27","-0.047","-0.048","-0.035","-0.055","26.67%"
"2020-10-26","-0.038","-0.043","-0.032","-0.056","-16.67%"
"2020-10-25","-0.045","-0.036","-0.036","-0.051","23.97%"
"2020-10-24","-0.036","-0.036","-0.036","-0.036","15.97%"
"2020-10-23","-0.031","-0.038","-0.026","-0.042","-3.69%"
"2020-10-22","-0.032","-0.045","-0.032","-0.058","-21.31%"
"2020-10-21","-0.041","-0.054","-0.035","-0.059","-17.40%"
"2020-10-20","-0.050","-0.050","-0.046","-0.068","5.26%"
"2020-10-19","-0.047","-0.052","-0.044","-0.065","-17.39%"
"2020-10-18","-0.058","-0.055","-0.055","-0.070","4.55%"
"2020-10-17","-0.055","-0.055","-0.055","-0.055","15.79%"
"2020-10-16","-0.047","-0.051","-0.045","-0.070","-2.66%"
"2020-10-15","-0.049","-0.044","-0.041","-0.064","30.13%"
"2020-10-14","-0.038","-0.046","-0.034","-0.054","-11.76%"
"2020-10-13","-0.043","-0.043","-0.035","-0.050","21.43%"
"2020-10-12","-0.035","-0.045","-0.034","-0.058","-29.15%"
"2020-10-11","-0.049","-0.041","-0.041","-0.049","19.61%"
"2020-10-10","-0.041","-0.041","-0.041","-0.041","22.19%"
"2020-10-09","-0.034","-0.043","-0.031","-0.049","-12.89%"
"2020-10-08","-0.039","-0.038","-0.035","-0.058","29.33%"
"2020-10-07","-0.030","-0.040","-0.029","-0.052","0.00%"
"2020-10-06","-0.030","-0.044","-0.027","-0.051","-27.36%"
"2020-10-05","-0.041","-0.054","-0.040","-0.065","-31.17%"
"2020-10-04","-0.060","-0.058","-0.058","-0.070","-4.91%"
"2020-10-03","-0.063","-0.058","-0.058","-0.063","9.74%"
"2020-10-02","-0.058","-0.052","-0.050","-0.075","21.05%"
"2020-10-01","-0.047","-0.058","-0.041","-0.063","-19.22%"
"2020-09-30","-0.059","-0.063","-0.051","-0.075","0.00%"
"2020-09-29","-0.059","-0.058","-0.054","-0.078","9.29%"
"2020-09-28","-0.054","-0.066","-0.049","-0.068","-22.48%"
"2020-09-27","-0.069","-0.064","-0.064","-0.069","8.78%"
"2020-09-26","-0.064","-0.064","-0.064","-0.064","10.96%"
"2020-09-25","-0.058","-0.068","-0.056","-0.078","-9.87%"
"2020-09-24","-0.064","-0.065","-0.059","-0.085","4.08%"
"2020-09-23","-0.061","-0.058","-0.056","-0.079","29.05%"
"2020-09-22","-0.047","-0.061","-0.061","-0.061","0.00%"
"2020-09-21","-0.047","-0.070","-0.047","-0.070","-32.14%"
"2020-09-20","-0.070","-0.055","-0.055","-0.070","0.00%"
"2020-09-19","-0.070","-0.055","-0.055","-0.070","36.45%"
"2020-09-18","-0.051","-0.058","-0.047","-0.069","5.12%"
"2020-09-17","-0.049","-0.051","-0.047","-0.069","0.00%"
"2020-09-16","-0.049","-0.058","-0.045","-0.071","-30.29%"
"2020-09-15","-0.070","-0.052","-0.047","-0.074","36.45%"
"2020-09-14","-0.051","-0.052","-0.045","-0.068","0.00%"
"2020-09-13","-0.051","-0.051","-0.051","-0.051","0.00%"
"2020-09-12","-0.051","-0.051","-0.051","-0.051","0.00%"
"2020-09-11","-0.051","-0.047","-0.040","-0.065","41.32%"
"2020-09-10","-0.036","-0.047","-0.032","-0.063","-3.20%"
"2020-09-09","-0.038","-0.050","-0.036","-0.065","-6.25%"
"2020-09-08","-0.040","-0.039","-0.034","-0.059","23.08%"
"2020-09-07","-0.032","-0.030","-0.026","-0.047","-8.71%"
"2020-09-06","-0.036","-0.038","-0.036","-0.047","-25.05%"
"2020-09-05","-0.047","-0.038","-0.038","-0.047","51.76%"
"2020-09-04","-0.031","-0.041","-0.031","-0.054","-10.57%"
"2020-09-03","-0.035","-0.035","-0.030","-0.052","7.69%"
"2020-09-02","-0.032","-0.032","-0.024","-0.046","12.85%"
"2020-09-01","-0.029","-0.026","-0.015","-0.039","35.21%"
"2020-08-31","-0.021","-0.025","-0.015","-0.031","-26.04%"
"2020-08-30","-0.029","-0.021","-0.021","-0.029","35.21%"
"2020-08-29","-0.021","-0.021","-0.021","-0.021","0.00%"
"2020-08-28","-0.021","-0.019","-0.009","-0.036","54.35%"
"2020-08-27","-0.014","-0.031","-0.013","-0.039","-21.14%"
"2020-08-26","-0.018","-0.038","-0.015","-0.043","-33.46%"
"2020-08-25","-0.026","-0.038","-0.021","-0.052","-27.55%"
"2020-08-24","-0.036","-0.040","-0.035","-0.058","-9.25%"
"2020-08-23","-0.040","-0.040","-0.040","-0.040","-27.27%"
"2020-08-22","-0.055","-0.040","-0.040","-0.055","62.72%"
"2020-08-21","-0.034","-0.044","-0.030","-0.046","-3.43%"
"2020-08-20","-0.035","-0.043","-0.029","-0.050","-9.79%"
"2020-08-19","-0.039","-0.043","-0.038","-0.061","3.47%"
"2020-08-18","-0.038","-0.035","-0.032","-0.052","25.00%"
"2020-08-17","-0.030","-0.032","-0.021","-0.043","-9.37%"
"2020-08-16","-0.033","-0.027","-0.027","-0.034","20.36%"
"2020-08-15","-0.027","-0.027","-0.027","-0.027","-8.33%"
"2020-08-14","-0.030","-0.027","-0.016","-0.041","40.85%"
"2020-08-13","-0.021","-0.038","-0.018","-0.047","88.50%"
"2020-08-12","-0.011","-0.041","-0.010","-0.045","-57.03%"
"2020-08-11","-0.026","-0.054","-0.021","-0.059","-56.60%"
"2020-08-10","-0.061","-0.076","-0.052","-0.076","-6.77%"
"2020-08-09","-0.065","-0.065","-0.065","-0.065","-14.81%"
"2020-08-08","-0.076","-0.065","-0.065","-0.076","103.47%"
"2020-08-07","-0.038","-0.061","-0.038","-0.080","-31.82%"
"2020-08-06","-0.055","-0.063","-0.049","-0.080","4.76%"
"2020-08-05","-0.052","-0.075","-0.050","-0.078","-19.23%"
"2020-08-04","-0.065","-0.061","-0.052","-0.072","33.20%"
"2020-08-03","-0.049","-0.061","-0.044","-0.065","-21.92%"
"2020-08-02","-0.063","-0.071","-0.063","-0.071","-21.87%"
"2020-08-01","-0.080","-0.071","-0.071","-0.080","60.00%"
"2020-07-31","-0.050","-0.070","-0.049","-0.078","-7.06%"
"2020-07-30","-0.054","-0.064","-0.051","-0.069","0.00%"
"2020-07-29","-0.054","-0.063","-0.050","-0.070","4.87%"
"2020-07-28","-0.051","-0.064","-0.047","-0.065","-2.29%"
"2020-07-27","-0.052","-0.065","-0.047","-0.065","-9.64%"
"2020-07-26","-0.058","-0.065","-0.058","-0.065","-27.37%"
"2020-07-25","-0.080","-0.065","-0.065","-0.080","33.33%"
"2020-07-24","-0.060","-0.049","-0.049","-0.060","22.95%"
"2020-07-23","-0.049","-0.049","-0.049","-0.049","-18.67%"
"2020-07-22","-0.060","-0.068","-0.047","-0.069","6.57%"
"2020-07-21","-0.056","-0.060","-0.050","-0.083","21.60%"
"2020-07-20","-0.046","-0.063","-0.044","-0.064","-20.31%"
"2020-07-19","-0.058","-0.066","-0.058","-0.066","-27.37%"
"2020-07-18","-0.080","-0.066","-0.064","-0.080","72.79%"
"2020-07-17","-0.046","-0.063","-0.046","-0.068","-7.40%"
"2020-07-16","-0.050","-0.058","-0.046","-0.066","7.99%"
"2020-07-15","-0.046","-0.043","-0.038","-0.072","12.11%"
"2020-07-14","-0.041","-0.044","-0.035","-0.066","50.18%"
"2020-07-13","-0.027","-0.055","-0.026","-0.055","-63.96%"
"2020-07-12","-0.076","-0.065","-0.065","-0.076","0.00%"
"2020-07-11","-0.076","-0.065","-0.065","-0.076","60.63%"
"2020-07-10","-0.047","-0.063","-0.047","-0.065","0.00%"
"2020-07-09","-0.047","-0.048","-0.039","-0.059","35.71%"
"2020-07-08","-0.035","-0.043","-0.034","-0.070","27.27%"
"2020-07-07","-0.027","-0.038","-0.026","-0.045","29.11%"
"2020-07-06","-0.021","-0.038","-0.018","-0.038","-38.08%"
"2020-07-05","-0.034","-0.043","-0.034","-0.043","-37.45%"
"2020-07-04","-0.055","-0.043","-0.043","-0.055","120.00%"
"2020-07-03","-0.025","-0.028","-0.025","-0.045","0.00%"
"2020-07-02","-0.025","-0.023","-0.009","-0.032","121.24%"
"2020-07-01","-0.011","-0.027","-0.009","-0.030","-35.43%"
"2020-06-30","-0.018","-0.034","-0.011","-0.041","-41.67%"
"2020-06-29","-0.030","-0.049","-0.026","-0.061","-32.43%"
"2020-06-28","-0.044","-0.045","-0.043","-0.045","-1.33%"
"2020-06-27","-0.045","-0.045","-0.045","-0.045","33.14%"
"2020-06-26","-0.034","-0.043","-0.029","-0.046","4.00%"
"2020-06-25","-0.032","-0.045","-0.026","-0.047","3.83%"
"2020-06-24","-0.031","-0.038","-0.024","-0.043","8.68%"
"2020-06-23","-0.029","-0.043","-0.025","-0.058","-11.38%"
"2020-06-22","-0.032","-0.045","-0.025","-0.058","12.85%"
"2020-06-19","-0.029","-0.029","-0.029","-0.029","4.73%"
"2020-06-18","-0.027","-0.027","-0.027","-0.027","0.00%"
"2020-06-17","-0.027","-0.027","-0.027","-0.027","-31.25%"
"2020-06-16","-0.040","-0.040","-0.040","-0.040","-15.79%"
"2020-06-15","-0.047","-0.047","-0.047","-0.047","8.45%"
"2020-06-12","-0.044","-0.044","-0.044","-0.044","-14.62%"
"2020-06-11","-0.051","-0.051","-0.051","-0.051","86.55%"
"2020-06-10","-0.027","-0.027","-0.027","-0.027","-12.14%"
"2020-06-09","-0.031","-0.031","-0.031","-0.031","317.33%"
"2020-06-08","-0.007","-0.007","-0.007","-0.007","-146.01%"
"2020-06-05","0.016","0.016","0.016","0.016","-186.70%"
"2020-06-04","-0.019","-0.019","-0.019","-0.019","-31.64%"
"2020-06-03","-0.027","-0.027","-0.027","-0.027","-33.41%"
"2020-06-02","-0.041","-0.041","-0.041","-0.041","37.67%"
"2020-06-01","-0.030","-0.030","-0.030","-0.030","-33.33%"
"2020-05-29","-0.045","-0.045","-0.045","-0.045","-5.26%"
"2020-05-28","-0.047","-0.047","-0.047","-0.047","-9.52%"
"2020-05-27","-0.052","-0.052","-0.052","-0.052","7.58%"
"2020-05-26","-0.049","-0.049","-0.049","-0.049","11.42%"
"2020-05-25","-0.044","-0.044","-0.044","-0.044","-23.83%"
"2020-05-22","-0.058","-0.058","-0.058","-0.058","6.88%"
"2020-05-21","-0.054","-0.054","-0.054","-0.054","4.87%"
"2020-05-20","-0.051","-0.051","-0.051","-0.051","10.80%"
"2020-05-19","-0.046","-0.046","-0.046","-0.046","-2.53%"
"2020-05-18","-0.047","-0.047","-0.047","-0.047","-15.63%"
"2020-05-15","-0.056","-0.056","-0.056","-0.056","0.00%"
"2020-05-14","-0.056","-0.056","-0.056","-0.056","2.36%"
"2020-05-13","-0.055","-0.055","-0.055","-0.055","15.79%"
"2020-05-12","-0.047","-0.047","-0.047","-0.047","22.42%"
"2020-05-11","-0.039","-0.039","-0.039","-0.039","-22.40%"
"2020-05-08","-0.050","-0.050","-0.050","-0.050","-16.67%"
"2020-05-07","-0.060","-0.060","-0.060","-0.060","-36.03%"
"2020-05-06","-0.094","-0.094","-0.094","-0.094","0.00%"
"2020-05-05","-0.094","-0.094","-0.094","-0.094","0.00%"
"2020-05-04","-0.094","-0.094","-0.094","-0.094","74.35%"
"2020-05-01","-0.054","-0.054","-0.054","-0.054","-31.73%"
"2020-04-30","-0.079","-0.079","-0.079","-0.079","10.67%"
"2020-04-29","-0.071","-0.071","-0.071","-0.071","0.00%"
"2020-04-28","-0.071","-0.071","-0.071","-0.071","1.71%"
"2020-04-27","-0.070","-0.070","-0.070","-0.070","5.58%"
"2020-04-24","-0.066","-0.066","-0.066","-0.066","10.50%"
"2020-04-23","-0.060","-0.060","-0.060","-0.060","29.59%"
"2020-04-22","-0.046","-0.046","-0.046","-0.046","-13.94%"
"2020-04-21","-0.054","-0.054","-0.054","-0.054","65.54%"
"2020-04-20","-0.032","-0.032","-0.032","-0.032","-23.53%"
"2020-04-17","-0.043","-0.043","-0.043","-0.043","-10.53%"
"2020-04-16","-0.047","-0.047","-0.047","-0.047","-9.52%"
"2020-04-15","-0.052","-0.052","-0.052","-0.052","31.25%"
"2020-04-14","-0.040","-0.040","-0.040","-0.040","27.80%"
"2020-04-13","-0.031","-0.031","-0.031","-0.031","-47.83%"
"2020-04-10","-0.060","-0.060","-0.060","-0.060","166.67%"
"2020-04-09","-0.023","-0.023","-0.023","-0.023","38.04%"
"2020-04-08","-0.016","-0.016","-0.016","-0.016","8.67%"
"2020-04-07","-0.015","-0.015","-0.015","-0.015","-57.14%"
"2020-04-06","-0.035","-0.035","-0.035","-0.035","-36.36%"
"2020-04-03","-0.055","-0.055","-0.055","-0.055","-4.35%"
"2020-04-02","-0.058","-0.058","-0.058","-0.058","6.88%"
"2020-04-01","-0.054","-0.054","-0.054","-0.054","-18.85%"
"2020-03-31","-0.066","-0.066","-0.066","-0.066","47.33%"
"2020-03-30","-0.045","-0.045","-0.045","-0.045","-10.00%"
"2020-03-27","-0.050","-0.050","-0.050","-0.050","-16.67%"
"2020-03-26","-0.060","-0.060","-0.060","-0.060","91.69%"
"2020-03-25","-0.031","-0.031","-0.031","-0.031","-19.33%"
"2020-03-24","-0.039","-0.039","-0.039","-0.039","-18.32%"
"2020-03-23","-0.047","-0.047","-0.047","-0.047","-444.20%"
"2020-03-20","0.014","0.014","0.014","0.014","-21.14%"
"2020-03-19","0.018","0.018","0.018","0.018","54.87%"
"2020-03-18","0.011","0.011","0.011","0.011","-121.52%"
"2020-03-17","-0.052","-0.052","-0.052","-0.052","-25.00%"
"2020-03-16","-0.070","-0.070","-0.070","-0.070","-37.78%"
"2020-03-13","-0.112","-0.112","-0.112","-0.112","-21.05%"
"2020-03-12","-0.142","-0.142","-0.142","-0.142","-20.30%"
"2020-03-11","-0.179","-0.179","-0.179","-0.179","-3.35%"
"2020-03-10","-0.185","-0.185","-0.185","-0.185","-30.53%"
"2020-03-09","-0.266","-0.266","-0.266","-0.266","19.69%"
"2020-03-06","-0.222","-0.222","-0.222","-0.222","28.09%"
"2020-03-05","-0.174","-0.174","-0.174","-0.174","-0.74%"
"2020-03-04","-0.175","-0.175","-0.175","-0.175","19.62%"
"2020-03-03","-0.146","-0.146","-0.146","-0.146","-7.87%"
"2020-03-02","-0.159","-0.159","-0.159","-0.159","-9.93%"
"2020-02-28","-0.176","-0.176","-0.176","-0.176","25.93%"
"2020-02-27","-0.140","-0.140","-0.140","-0.140","23.02%"
"2020-02-26","-0.114","-0.114","-0.114","-0.114","-13.33%"
"2020-02-25","-0.131","-0.131","-0.131","-0.131","54.47%"
"2020-02-24","-0.085","-0.085","-0.085","-0.085","6.25%"
"2020-02-21","-0.080","-0.080","-0.080","-0.080","3.23%"
"2020-02-20","-0.078","-0.078","-0.078","-0.078","37.66%"
"2020-02-19","-0.056","-0.056","-0.056","-0.056","-19.57%"
"2020-02-18","-0.070","-0.070","-0.070","-0.070","107.10%"
"2020-02-17","-0.034","-0.034","-0.034","-0.034","7.99%"
"2020-02-14","-0.031","-0.031","-0.031","-0.031","8.68%"
"2020-02-13","-0.029","-0.029","-0.029","-0.029","-11.38%"
"2020-02-12","-0.032","-0.032","-0.032","-0.032","-39.59%"
"2020-02-11","-0.054","-0.054","-0.054","-0.054","2.48%"
"2020-02-10","-0.052","-0.052","-0.052","-0.052","31.25%"
"2020-02-07","-0.040","-0.040","-0.040","-0.040","68.07%"
"2020-02-06","-0.024","-0.024","-0.024","-0.024","11.74%"
"2020-02-05","-0.021","-0.021","-0.021","-0.021","-48.43%"
"2020-02-04","-0.041","-0.041","-0.041","-0.041","-36.46%"
"2020-02-03","-0.065","-0.065","-0.065","-0.065","6.04%"
"2020-01-31","-0.061","-0.061","-0.061","-0.061","39.95%"
"2020-01-30","-0.044","-0.044","-0.044","-0.044","66.54%"
"2020-01-29","-0.026","-0.026","-0.026","-0.026","50.29%"
"2020-01-28","-0.018","-0.018","-0.018","-0.018","-44.09%"
"2020-01-27","-0.031","-0.031","-0.031","-0.031","150.40%"
"2020-01-24","-0.013","-0.013","-0.013","-0.013","-16.67%"
"2020-01-23","-0.015","-0.015","-0.015","-0.015","-200.00%"
"2020-01-22","0.015","0.015","0.015","0.015","0.00%"
"2020-01-21","0.015","0.015","0.015","0.015","-36.97%"
"2020-01-20","0.024","0.024","0.024","0.024","26.60%"
"2020-01-17","0.019","0.019","0.019","0.019","-42.15%"
"2020-01-16","0.032","0.032","0.032","0.032","44.44%"
"2020-01-15","0.023","0.023","0.023","0.023","-18.18%"
"2020-01-14","0.027","0.027","0.027","0.027","37.50%"
"2020-01-13","0.020","0.020","0.020","0.020","14.29%"
"2020-01-10","0.018","0.018","0.018","0.018","-39.24%"
"2020-01-09","0.029","0.029","0.029","0.029","28.00%"
"2020-01-08","0.023","0.023","0.023","0.023","28.57%"
"2020-01-07","0.018","0.018","0.018","0.018","0.00%"
"2020-01-06","0.018","0.018","0.018","0.018","75.00%"
"2020-01-03","0.010","0.010","0.010","0.010","0.00%"
"2020-01-02","0.010","0.010","0.010","0.010","0.00%"
"2020-01-01","0.010","0.010","0.010","0.010","0.00%"
"2019-12-31","0.010","0.010","0.010","0.010","-66.67%"
"2019-12-30","0.030","0.030","0.030","0.030","-7.69%"
"2019-12-27","0.032","0.032","0.032","0.032","3.83%"
"2019-12-26","0.031","0.031","0.031","0.031","19.01%"
"2019-12-25","0.026","0.026","0.026","0.026","-46.11%"
"2019-12-24","0.049","0.049","0.049","0.049","69.44%"
"2019-12-23","0.029","0.029","0.029","0.029","-23.20%"
"2019-12-20","0.038","0.038","0.038","0.038","76.06%"
"2019-12-19","0.021","0.021","0.021","0.021","21.71%"
"2019-12-18","0.018","0.018","0.018","0.018","16.67%"
"2019-12-17","0.015","0.015","0.015","0.015","50.00%"
"2019-12-16","0.010","0.010","0.010","0.010","-213.64%"
"2019-12-13","-0.009","-0.009","-0.009","-0.009","-146.81%"
"2019-12-12","0.019","0.019","0.019","0.019","-594.74%"
"2019-12-11","-0.004","-0.004","-0.004","-0.004","192.31%"
"2019-12-10","-0.001","-0.001","-0.001","-0.001","-134.21%"
"2019-12-09","0.004","0.004","0.004","0.004","-62.00%"
"2019-12-06","0.010","0.010","0.010","0.010","-188.50%"
"2019-12-05","-0.011","-0.011","-0.011","-0.011","79.37%"
"2019-12-04","-0.006","-0.006","-0.006","-0.006","-88.55%"
"2019-12-03","-0.055","-0.055","-0.055","-0.055","340.00%"
"2019-12-02","-0.013","-0.013","-0.013","-0.013","-64.29%"
"2019-11-29","-0.035","-0.035","-0.035","-0.035","-24.41%"
"2019-11-28","-0.046","-0.046","-0.046","-0.046","-17.76%"
"2019-11-27","-0.056","-0.056","-0.056","-0.056","7.24%"
"2019-11-26","-0.052","-0.052","-0.052","-0.052","10.53%"
"2019-11-25","-0.047","-0.047","-0.047","-0.047","8.45%"
"2019-11-22","-0.044","-0.044","-0.044","-0.044","-5.40%"
"2019-11-21","-0.046","-0.046","-0.046","-0.046","0.00%"
"2019-11-20","-0.046","-0.046","-0.046","-0.046","15.75%"
"2019-11-19","-0.040","-0.040","-0.040","-0.040","-11.11%"
"2019-11-18","-0.045","-0.045","-0.045","-0.045","28.57%"
"2019-11-15","-0.035","-0.035","-0.035","-0.035","-28.28%"
"2019-11-14","-0.049","-0.049","-0.049","-0.049","85.55%"
"2019-11-13","-0.026","-0.026","-0.026","-0.026","-2,123.08%"
"2019-11-12","0.001","0.001","0.001","0.001","-109.42%"
"2019-11-11","-0.014","-0.014","-0.014","-0.014","176.00%"
"2019-11-08","-0.005","-0.005","-0.005","-0.005","-166.67%"
"2019-11-07","0.007","0.007","0.007","0.007","-112.50%"
"2019-11-06","-0.060","-0.060","-0.060","-0.060","-14.29%"
"2019-11-05","-0.070","-0.070","-0.070","-0.070","-39.81%"
"2019-11-04","-0.116","-0.116","-0.116","-0.116","2.20%"
"2019-11-01","-0.114","-0.114","-0.114","-0.114","5.86%"
"2019-10-31","-0.108","-0.108","-0.108","-0.108","36.42%"
"2019-10-30","-0.079","-0.079","-0.079","-0.079","1.68%"
"2019-10-29","-0.078","-0.078","-0.078","-0.078","1.57%"
"2019-10-28","-0.076","-0.076","-0.076","-0.076","-18.66%"
"2019-10-25","-0.094","-0.094","-0.094","-0.094","-12.74%"
"2019-10-24","-0.108","-0.108","-0.108","-0.108","-4.44%"
"2019-10-23","-0.112","-0.112","-0.112","-0.112","-0.53%"
"2019-10-22","-0.113","-0.113","-0.113","-0.113","16.00%"
"2019-10-21","-0.097","-0.097","-0.097","-0.097","-10.39%"
"2019-10-18","-0.109","-0.109","-0.109","-0.109","-2.25%"
"2019-10-17","-0.111","-0.111","-0.111","-0.111","-1.07%"
"2019-10-16","-0.112","-0.112","-0.112","-0.112","3.40%"
"2019-10-15","-0.109","-0.109","-0.109","-0.109","-5.39%"
"2019-10-14","-0.115","-0.115","-0.115","-0.115","4.55%"
"2019-10-11","-0.110","-0.110","-0.110","-0.110","-17.79%"
"2019-10-10","-0.134","-0.134","-0.134","-0.134","-7.72%"
"2019-10-09","-0.145","-0.145","-0.145","-0.145","-14.10%"
"2019-10-08","-0.169","-0.169","-0.169","-0.169","0.00%"
"2019-10-07","-0.169","-0.169","-0.169","-0.169","7.17%"
"2019-10-04","-0.157","-0.157","-0.157","-0.157","-8.06%"
"2019-10-03","-0.171","-0.171","-0.171","-0.171","23.41%"
"2019-10-02","-0.139","-0.139","-0.139","-0.139","-4.28%"
"2019-10-01","-0.145","-0.145","-0.145","-0.145","-0.89%"
"2019-09-30","-0.146","-0.146","-0.146","-0.146","-9.30%"
"2019-09-27","-0.161","-0.161","-0.161","-0.161","-6.49%"
"2019-09-26","-0.172","-0.172","-0.172","-0.172","4.55%"
"2019-09-25","-0.165","-0.165","-0.165","-0.165","-3.68%"
"2019-09-24","-0.171","-0.171","-0.171","-0.171","3.82%"
"2019-09-23","-0.165","-0.165","-0.165","-0.165","9.05%"
"2019-09-20","-0.151","-0.151","-0.151","-0.151","10.04%"
"2019-09-19","-0.138","-0.138","-0.138","-0.138","17.02%"
"2019-09-18","-0.117","-0.117","-0.117","-0.117","30.56%"
"2019-09-17","-0.090","-0.090","-0.090","-0.090","53.06%"
"2019-09-16","-0.059","-0.059","-0.059","-0.059","0.00%"
"2019-09-13","-0.059","-0.059","-0.059","-0.059","-44.00%"
"2019-09-12","-0.105","-0.105","-0.105","-0.105","-8.70%"
"2019-09-11","-0.115","-0.115","-0.115","-0.115","-15.63%"
"2019-09-10","-0.136","-0.136","-0.136","-0.136","-5.22%"
"2019-09-09","-0.144","-0.144","-0.144","-0.144","-1.71%"
"2019-09-06","-0.146","-0.146","-0.146","-0.146","-1.68%"
"2019-09-05","-0.149","-0.149","-0.149","-0.149","-16.78%"
"2019-09-04","-0.179","-0.179","-0.179","-0.179","-4.03%"
"2019-09-03","-0.186","-0.186","-0.186","-0.186","2.76%"
"2019-09-02","-0.181","-0.181","-0.181","-0.181","12.40%"
"2019-08-30","-0.161","-0.161","-0.161","-0.161","-5.12%"
"2019-08-29","-0.170","-0.170","-0.170","-0.170","-6.23%"
"2019-08-28","-0.181","-0.181","-0.181","-0.181","-3.31%"
"2019-08-27","-0.188","-0.188","-0.188","-0.188","2.01%"
"2019-08-26","-0.184","-0.184","-0.184","-0.184","6.55%"
"2019-08-23","-0.172","-0.172","-0.172","-0.172","5.31%"
"2019-08-22","-0.164","-0.164","-0.164","-0.164","1.55%"
"2019-08-21","-0.161","-0.161","-0.161","-0.161","0.00%"
"2019-08-20","-0.161","-0.161","-0.161","-0.161","0.81%"
"2019-08-19","-0.160","-0.160","-0.160","-0.160","-0.81%"
"2019-08-16","-0.161","-0.161","-0.161","-0.161","-9.79%"
"2019-08-15","-0.179","-0.179","-0.179","-0.179","3.65%"
"2019-08-14","-0.172","-0.172","-0.172","-0.172","2.19%"
"2019-08-13","-0.169","-0.169","-0.169","-0.169","7.17%"
"2019-08-12","-0.157","-0.157","-0.157","-0.157","-2.36%"
"2019-08-09","-0.161","-0.161","-0.161","-0.161","13.19%"
"2019-08-08","-0.142","-0.142","-0.142","-0.142","-2.60%"
"2019-08-07","-0.146","-0.146","-0.146","-0.146","18.17%"
"2019-08-06","-0.124","-0.124","-0.124","-0.124","-10.81%"
"2019-08-05","-0.139","-0.139","-0.139","-0.139","23.38%"
"2019-08-02","-0.112","-0.112","-0.112","-0.112","26.69%"
"2019-08-01","-0.089","-0.089","-0.089","-0.089","-12.34%"
"2019-07-31","-0.101","-0.101","-0.101","-0.101","2.53%"
"2019-07-30","-0.099","-0.099","-0.099","-0.099","8.21%"
"2019-07-29","-0.091","-0.091","-0.091","-0.091","1.44%"
"2019-07-26","-0.090","-0.090","-0.090","-0.090","1.35%"
"2019-07-25","-0.089","-0.089","-0.089","-0.089","-2.74%"
"2019-07-24","-0.091","-0.091","-0.091","-0.091","-1.30%"
"2019-07-23","-0.093","-0.093","-0.093","-0.093","-5.13%"
"2019-07-22","-0.097","-0.097","-0.097","-0.097","6.79%"
"2019-07-19","-0.091","-0.091","-0.091","-0.091","12.30%"
"2019-07-18","-0.081","-0.081","-0.081","-0.081","4.90%"
"2019-07-17","-0.078","-0.078","-0.078","-0.078","19.23%"
"2019-07-16","-0.065","-0.065","-0.065","-0.065","-20.05%"
"2019-07-15","-0.081","-0.081","-0.081","-0.081","6.55%"
"2019-07-12","-0.076","-0.076","-0.076","-0.076","3.39%"
"2019-07-11","-0.074","-0.074","-0.074","-0.074","-10.55%"
"2019-07-10","-0.083","-0.083","-0.083","-0.083","-9.64%"
"2019-07-09","-0.091","-0.091","-0.091","-0.091","-5.19%"
"2019-07-08","-0.096","-0.096","-0.096","-0.096","-4.94%"
"2019-07-05","-0.101","-0.101","-0.101","-0.101","-7.91%"
"2019-07-04","-0.110","-0.110","-0.110","-0.110","1.10%"
"2019-07-03","-0.109","-0.109","-0.109","-0.109","10.12%"
"2019-07-02","-0.099","-0.099","-0.099","-0.099","0.00%"
"2019-07-01","-0.099","-0.099","-0.099","-0.099","-7.06%"
"2019-06-28","-0.106","-0.106","-0.106","-0.106","9.03%"
"2019-06-27","-0.097","-0.097","-0.097","-0.097","8.33%"
"2019-06-26","-0.090","-0.090","-0.090","-0.090","-20.00%"
"2019-06-25","-0.112","-0.112","-0.112","-0.112","1.08%"
"2019-06-24","-0.111","-0.111","-0.111","-0.111","2.30%"
"2019-06-21","-0.109","-0.109","-0.109","-0.109","-7.40%"
"2019-06-20","-0.117","-0.117","-0.117","-0.117","23.68%"
"2019-06-19","-0.095","-0.095","-0.095","-0.095","-1.35%"
"2019-06-18","-0.096","-0.096","-0.096","-0.096","22.21%"
"2019-06-17","-0.079","-0.079","-0.079","-0.079","-1.50%"
"2019-06-14","-0.080","-0.080","-0.080","-0.080","8.40%"
"2019-06-13","-0.074","-0.074","-0.074","-0.074","0.00%"
"2019-06-12","-0.074","-0.074","-0.074","-0.074","11.31%"
"2019-06-11","-0.066","-0.066","-0.066","-0.066","-8.55%"
"2019-06-10","-0.072","-0.072","-0.072","-0.072","-6.45%"
"2019-06-07","-0.078","-0.078","-0.078","-0.078","6.90%"
"2019-06-06","-0.072","-0.072","-0.072","-0.072","-10.82%"
"2019-06-05","-0.081","-0.081","-0.081","-0.081","71.16%"
"2019-06-04","-0.047","-0.047","-0.047","-0.047","-3.85%"
"2019-06-03","-0.049","-0.049","-0.049","-0.049","36.09%"
"2019-05-31","-0.036","-0.036","-0.036","-0.036","32.00%"
"2019-05-30","-0.027","-0.027","-0.027","-0.027","-21.43%"
"2019-05-29","-0.035","-0.035","-0.035","-0.035","33.08%"
"2019-05-28","-0.026","-0.026","-0.026","-0.026","0.00%"
"2019-05-27","-0.026","-0.026","-0.026","-0.026","39.89%"
"2019-05-24","-0.019","-0.019","-0.019","-0.019","0.00%"
"2019-05-23","-0.019","-0.019","-0.019","-0.019","88.00%"
"2019-05-22","-0.010","-0.010","-0.010","-0.010","669.23%"
"2019-05-21","-0.001","-0.001","-0.001","-0.001","-200.00%"
"2019-05-20","0.001","0.001","0.001","0.001","-114.77%"
"2019-05-17","-0.009","-0.009","-0.009","-0.009","-29.60%"
"2019-05-16","-0.013","-0.013","-0.013","-0.013","98.41%"
"2019-05-15","-0.006","-0.006","-0.006","-0.006","26.00%"
"2019-05-14","-0.005","-0.005","-0.005","-0.005","-43.18%"
"2019-05-13","-0.009","-0.009","-0.009","-0.009","76.00%"
"2019-05-10","-0.005","-0.005","-0.005","-0.005","31.58%"
"2019-05-09","-0.004","-0.004","-0.004","-0.004","52.00%"
"2019-05-08","-0.002","-0.002","-0.002","-0.002","-60.32%"
"2019-05-07","-0.006","-0.006","-0.006","-0.006","26.00%"
"2019-05-06","-0.005","-0.005","-0.005","-0.005","0.00%"
"2019-05-03","-0.005","-0.005","-0.005","-0.005","0.00%"
"2019-05-02","-0.005","-0.005","-0.005","-0.005","0.00%"
"2019-05-01","-0.005","-0.005","-0.005","-0.005","0.00%"
"2019-04-30","-0.005","-0.005","-0.005","-0.005","0.00%"
"2019-04-29","-0.005","-0.005","-0.005","-0.005","0.00%"
"2019-04-26","-0.005","-0.005","-0.005","-0.005","-166.67%"
"2019-04-25","0.007","0.007","0.007","0.007","200.00%"
"2019-04-24","0.002","0.002","0.002","0.002","-75.00%"
"2019-04-23","0.010","0.010","0.010","0.010","-46.81%"
"2019-04-22","0.019","0.019","0.019","0.019","7.43%"
"2019-04-19","0.018","0.018","0.018","0.018","40.00%"
"2019-04-18","0.013","0.013","0.013","0.013","-50.00%"
"2019-04-17","0.025","0.025","0.025","0.025","5.04%"
"2019-04-16","0.024","0.024","0.024","0.024","26.60%"
"2019-04-15","0.019","0.019","0.019","0.019","50.40%"
"2019-04-12","0.013","0.013","0.013","0.013","-266.67%"
"2019-04-11","-0.007","-0.007","-0.007","-0.007","-45.65%"
"2019-04-10","-0.014","-0.014","-0.014","-0.014","10.40%"
"2019-04-09","-0.013","-0.013","-0.013","-0.013","98.41%"
"2019-04-08","-0.006","-0.006","-0.006","-0.006","152.00%"
"2019-04-05","-0.002","-0.002","-0.002","-0.002","-66.67%"
"2019-04-04","-0.007","-0.007","-0.007","-0.007","-60.11%"
"2019-04-03","-0.019","-0.019","-0.019","-0.019","-28.52%"
"2019-04-02","-0.026","-0.026","-0.026","-0.026","-12.33%"
"2019-04-01","-0.030","-0.030","-0.030","-0.030","0.00%"
"2019-03-29","-0.030","-0.030","-0.030","-0.030","-4.15%"
"2019-03-28","-0.031","-0.031","-0.031","-0.031","4.33%"
"2019-03-27","-0.030","-0.030","-0.030","-0.030","33.33%"
"2019-03-26","-0.023","-0.023","-0.023","-0.023","-38.02%"
"2019-03-25","-0.036","-0.036","-0.036","-0.036","0.00%"
"2019-03-22","-0.036","-0.036","-0.036","-0.036","93.09%"
"2019-03-21","-0.019","-0.019","-0.019","-0.019","66.37%"
"2019-03-20","-0.011","-0.011","-0.011","-0.011","-30.67%"
"2019-03-19","-0.016","-0.016","-0.016","-0.016","18.12%"
"2019-03-18","-0.014","-0.014","-0.014","-0.014","-15.34%"
"2019-03-15","-0.016","-0.016","-0.016","-0.016","30.40%"
"2019-03-14","-0.013","-0.013","-0.013","-0.013","0.00%"
"2019-03-13","-0.013","-0.013","-0.013","-0.013","98.41%"
"2019-03-12","-0.006","-0.006","-0.006","-0.006","26.00%"
"2019-03-11","-0.005","-0.005","-0.005","-0.005","-20.63%"
"2019-03-08","-0.006","-0.006","-0.006","-0.006","0.00%"
"2019-03-07","-0.006","-0.006","-0.006","-0.006","-265.79%"
"2019-03-06","0.004","0.004","0.004","0.004","-79.79%"
"2019-03-05","0.019","0.019","0.019","0.019","276.00%"
"2019-03-04","0.005","0.005","0.005","0.005","-66.67%"
"2019-03-01","0.015","0.015","0.015","0.015","20.00%"
"2019-02-28","0.013","0.013","0.013","0.013","861.54%"
"2019-02-27","0.001","0.001","0.001","0.001","-134.21%"
"2019-02-26","-0.004","-0.004","-0.004","-0.004","192.31%"
"2019-02-25","-0.001","-0.001","-0.001","-0.001","-85.23%"
"2019-02-22","-0.009","-0.009","-0.009","-0.009","131.58%"
"2019-02-21","-0.004","-0.004","-0.004","-0.004","-39.68%"
"2019-02-20","-0.006","-0.006","-0.006","-0.006","0.00%"
"2019-02-19","-0.006","-0.006","-0.006","-0.006","-265.79%"
"2019-02-18","0.004","0.004","0.004","0.004","192.31%"
"2019-02-15","0.001","0.001","0.001","0.001","-74.00%"
"2019-02-14","0.005","0.005","0.005","0.005","-66.67%"
"2019-02-13","0.015","0.015","0.015","0.015","70.45%"
"2019-02-12","0.009","0.009","0.009","0.009","-331.58%"
"2019-02-11","-0.004","-0.004","-0.004","-0.004","0.00%"
"2019-02-08","-0.004","-0.004","-0.004","-0.004","-150.67%"
"2019-02-07","0.007","0.007","0.007","0.007","476.92%"
"2019-02-06","0.001","0.001","0.001","0.001","-65.79%"
"2019-02-05","0.004","0.004","0.004","0.004","52.00%"
"2019-02-04","0.002","0.002","0.002","0.002","92.31%"
"2019-02-01","0.001","0.001","0.001","0.001","0.00%"
"2019-01-31","0.001","0.001","0.001","0.001","-91.33%"
"2019-01-30","0.015","0.015","0.015","0.015","32.74%"
"2019-01-29","0.011","0.011","0.011","0.011","197.37%"
"2019-01-28","0.004","0.004","0.004","0.004","-49.33%"
"2019-01-25","0.007","0.007","0.007","0.007","-25.00%"
"2019-01-24","0.010","0.010","0.010","0.010","-27.54%"
"2019-01-23","0.014","0.014","0.014","0.014","-8.00%"
"2019-01-22","0.015","0.015","0.015","0.015","0.00%"
"2019-01-21","0.015","0.015","0.015","0.015","-29.58%"
"2019-01-18","0.021","0.021","0.021","0.021","30.67%"
"2019-01-17","0.016","0.016","0.016","0.016","-27.56%"
"2019-01-16","0.023","0.023","0.023","0.023","-18.18%"
"2019-01-15","0.027","0.027","0.027","0.027","-4.51%"
"2019-01-14","0.029","0.029","0.029","0.029","0.00%"
"2019-01-11","0.029","0.029","0.029","0.029","-11.38%"
"2019-01-10","0.032","0.032","0.032","0.032","-25.80%"
"2019-01-09","0.044","0.044","0.044","0.044","12.89%"
"2019-01-08","0.039","0.039","0.039","0.039","29.33%"
"2019-01-07","0.030","0.030","0.030","0.030","-7.69%"
"2019-01-04","0.032","0.032","0.032","0.032","36.55%"
"2019-01-03","0.024","0.024","0.024","0.024","0.00%"
"2019-01-02","0.024","0.024","0.024","0.024","-26.77%"
"2019-01-01","0.032","0.032","0.032","0.032","0.00%"
"2018-12-31","0.032","0.032","0.032","0.032","23.57%"
"2018-12-28","0.026","0.026","0.026","0.026","-27.55%"
"2018-12-27","0.036","0.036","0.036","0.036","-9.25%"
"2018-12-26","0.040","0.040","0.040","0.040","77.78%"
"2018-12-25","0.023","0.023","0.023","0.023","-48.63%"
"2018-12-24","0.044","0.044","0.044","0.044","-5.40%"
"2018-12-21","0.046","0.046","0.046","0.046","60.76%"
"2018-12-20","0.029","0.029","0.029","0.029","-7.99%"
"2018-12-19","0.031","0.031","0.031","0.031","-13.77%"
"2018-12-18","0.036","0.036","0.036","0.036","-29.24%"
"2018-12-17","0.051","0.051","0.051","0.051","17.12%"
"2018-12-14","0.044","0.044","0.044","0.044","-31.35%"
"2018-12-13","0.064","0.064","0.064","0.064","-1.85%"
"2018-12-12","0.065","0.065","0.065","0.065","18.18%"
"2018-12-11","0.055","0.055","0.055","0.055","33.17%"
"2018-12-10","0.041","0.041","0.041","0.041","-26.64%"
"2018-12-07","0.056","0.056","0.056","0.056","-4.25%"
"2018-12-06","0.059","0.059","0.059","0.059","-16.00%"
"2018-12-05","0.070","0.070","0.070","0.070","5.58%"
"2018-12-04","0.066","0.066","0.066","0.066","-18.45%"
"2018-12-03","0.081","0.081","0.081","0.081","-9.67%"
"2018-11-30","0.090","0.090","0.090","0.090","9.09%"
"2018-11-29","0.083","0.083","0.083","0.083","-26.67%"
"2018-11-28","0.112","0.112","0.112","0.112","7.14%"
"2018-11-27","0.105","0.105","0.105","0.105","-3.49%"
"2018-11-26","0.109","0.109","0.109","0.109","-4.39%"
"2018-11-23","0.114","0.114","0.114","0.114","0.00%"
"2018-11-22","0.114","0.114","0.114","0.114","3.45%"
"2018-11-21","0.110","0.110","0.110","0.110","-3.34%"
"2018-11-20","0.114","0.114","0.114","0.114","7.06%"
"2018-11-19","0.106","0.106","0.106","0.106","-8.60%"
"2018-11-16","0.116","0.116","0.116","0.116","1.13%"
"2018-11-15","0.115","0.115","0.115","0.115","-9.80%"
"2018-11-14","0.127","0.127","0.127","0.127","-2.89%"
"2018-11-13","0.131","0.131","0.131","0.131","1.94%"
"2018-11-12","0.129","0.129","0.129","0.129","-1.90%"
"2018-11-09","0.131","0.131","0.131","0.131","-6.21%"
"2018-11-08","0.140","0.140","0.140","0.140","-0.85%"
"2018-11-07","0.141","0.141","0.141","0.141","-1.81%"
"2018-11-06","0.144","0.144","0.144","0.144","3.60%"
"2018-11-05","0.139","0.139","0.139","0.139","-5.13%"
"2018-11-02","0.146","0.146","0.146","0.146","2.67%"
"2018-11-01","0.142","0.142","0.142","0.142","-5.00%"
"2018-10-31","0.150","0.150","0.150","0.150","5.26%"
"2018-10-30","0.142","0.142","0.142","0.142","2.67%"
"2018-10-29","0.139","0.139","0.139","0.139","0.00%"
"2018-10-26","0.139","0.139","0.139","0.139","-8.98%"
"2018-10-25","0.153","0.153","0.153","0.153","-0.85%"
"2018-10-24","0.154","0.154","0.154","0.154","-6.79%"
"2018-10-23","0.165","0.165","0.165","0.165","-5.01%"
"2018-10-22","0.174","0.174","0.174","0.174","0.70%"
"2018-10-19","0.172","0.172","0.172","0.172","-2.16%"
"2018-10-18","0.176","0.176","0.176","0.176","0.74%"
"2018-10-17","0.175","0.175","0.175","0.175","-2.13%"
"2018-10-16","0.179","0.179","0.179","0.179","5.18%"
"2018-10-15","0.170","0.170","0.170","0.170","-2.86%"
"2018-10-12","0.175","0.175","0.175","0.175","0.00%"
"2018-10-11","0.175","0.175","0.175","0.175","-4.79%"
"2018-10-10","0.184","0.184","0.184","0.184","0.00%"
"2018-10-09","0.184","0.184","0.184","0.184","-1.97%"
"2018-10-08","0.188","0.188","0.188","0.188","0.00%"
"2018-10-05","0.188","0.188","0.188","0.188","-0.69%"
"2018-10-04","0.189","0.189","0.189","0.189","8.69%"
"2018-10-03","0.174","0.174","0.174","0.174","1.40%"
"2018-10-02","0.171","0.171","0.171","0.171","-4.83%"
"2018-10-01","0.180","0.180","0.180","0.180","3.63%"
"2018-09-28","0.174","0.174","0.174","0.174","2.90%"
"2018-09-27","0.169","0.169","0.169","0.169","-3.54%"
"2018-09-26","0.175","0.175","0.175","0.175","-2.78%"
"2018-09-25","0.180","0.180","0.180","0.180","4.35%"
"2018-09-24","0.172","0.172","0.172","0.172","-1.43%"
"2018-09-21","0.175","0.175","0.175","0.175","3.67%"
"2018-09-20","0.169","0.169","0.169","0.169","-3.54%"
"2018-09-19","0.175","0.175","0.175","0.175","2.16%"
"2018-09-18","0.171","0.171","0.171","0.171","2.27%"
"2018-09-17","0.168","0.168","0.168","0.168","3.08%"
"2018-09-14","0.162","0.162","0.162","0.162","3.97%"
"2018-09-13","0.156","0.156","0.156","0.156","0.84%"
"2018-09-12","0.155","0.155","0.155","0.155","-1.59%"
"2018-09-11","0.157","0.157","0.157","0.157","0.00%"
"2018-09-10","0.157","0.157","0.157","0.157","0.00%"
"2018-09-07","0.157","0.157","0.157","0.157","4.10%"
"2018-09-06","0.151","0.151","0.151","0.151","-6.20%"
"2018-09-05","0.161","0.161","0.161","0.161","-3.70%"
"2018-09-04","0.168","0.168","0.168","0.168","1.52%"
"2018-09-03","0.165","0.165","0.165","0.165","4.76%"
"2018-08-31","0.157","0.157","0.157","0.157","2.41%"
"2018-08-30","0.154","0.154","0.154","0.154","0.85%"
"2018-08-29","0.153","0.153","0.153","0.153","1.67%"
"2018-08-28","0.150","0.150","0.150","0.150","9.09%"
"2018-08-27","0.138","0.138","0.138","0.138","-6.78%"
"2018-08-24","0.147","0.147","0.147","0.147","0.00%"
"2018-08-23","0.147","0.147","0.147","0.147","-4.10%"
"2018-08-22","0.154","0.154","0.154","0.154","-0.77%"
"2018-08-21","0.155","0.155","0.155","0.155","5.08%"
"2018-08-20","0.147","0.147","0.147","0.147","-2.51%"
"2018-08-17","0.151","0.151","0.151","0.151","-5.44%"
"2018-08-16","0.160","0.160","0.160","0.160","4.92%"
"2018-08-15","0.153","0.153","0.153","0.153","-6.15%"
"2018-08-14","0.162","0.162","0.162","0.162","5.66%"
"2018-08-13","0.154","0.154","0.154","0.154","2.53%"
"2018-08-10","0.150","0.150","0.150","0.150","-9.09%"
"2018-08-09","0.165","0.165","0.165","0.165","0.00%"
"2018-08-08","0.165","0.165","0.165","0.165","-1.49%"
"2018-08-07","0.168","0.168","0.168","0.168","8.06%"
"2018-08-06","0.155","0.155","0.155","0.155","-2.39%"
"2018-08-03","0.159","0.159","0.159","0.159","-7.94%"
"2018-08-02","0.172","0.172","0.172","0.172","-5.48%"
"2018-08-01","0.183","0.183","0.183","0.183","33.90%"
"2018-07-31","0.136","0.136","0.136","0.136","-7.59%"
"2018-07-30","0.147","0.147","0.147","0.147","3.51%"
"2018-07-27","0.142","0.142","0.142","0.142","6.50%"
"2018-07-26","0.134","0.134","0.134","0.134","5.94%"
"2018-07-25","0.126","0.126","0.126","0.126","-2.85%"
"2018-07-24","0.130","0.130","0.130","0.130","-8.77%"
"2018-07-23","0.142","0.142","0.142","0.142","-2.60%"
"2018-07-20","0.146","0.146","0.146","0.146","34.47%"
"2018-07-19","0.109","0.109","0.109","0.109","-4.39%"
"2018-07-18","0.114","0.114","0.114","0.114","0.00%"
"2018-07-17","0.114","0.114","0.114","0.114","0.00%"
"2018-07-16","0.114","0.114","0.114","0.114","2.25%"
"2018-07-13","0.111","0.111","0.111","0.111","2.30%"
"2018-07-12","0.109","0.109","0.109","0.109","-2.25%"
"2018-07-11","0.111","0.111","0.111","0.111","2.30%"
"2018-07-10","0.109","0.109","0.109","0.109","4.82%"
"2018-07-09","0.104","0.104","0.104","0.104","-1.14%"
"2018-07-06","0.105","0.105","0.105","0.105","-1.22%"
"2018-07-05","0.106","0.106","0.106","0.106","-2.30%"
"2018-07-04","0.109","0.109","0.109","0.109","-1.09%"
"2018-07-03","0.110","0.110","0.110","0.110","2.33%"
"2018-07-02","0.108","0.108","0.108","0.108","-5.54%"
"2018-06-29","0.114","0.114","0.114","0.114","-1.04%"
"2018-06-28","0.115","0.115","0.115","0.115","-1.12%"
"2018-06-27","0.116","0.116","0.116","0.116","0.00%"
"2018-06-26","0.116","0.116","0.116","0.116","2.20%"
"2018-06-25","0.114","0.114","0.114","0.114","-3.15%"
"2018-06-22","0.117","0.117","0.117","0.117","-1.09%"
"2018-06-21","0.119","0.119","0.119","0.119","0.00%"
"2018-06-20","0.119","0.119","0.119","0.119","1.11%"
"2018-06-19","0.117","0.117","0.117","0.117","-5.09%"
"2018-06-18","0.124","0.124","0.124","0.124","3.17%"
"2018-06-15","0.120","0.120","0.120","0.120","-5.88%"
"2018-06-14","0.127","0.127","0.127","0.127","-1.01%"
"2018-06-13","0.129","0.129","0.129","0.129","-2.79%"
"2018-06-12","0.132","0.132","0.132","0.132","0.00%"
"2018-06-11","0.132","0.132","0.132","0.132","2.87%"
"2018-06-08","0.129","0.129","0.129","0.129","-1.90%"
"2018-06-07","0.131","0.131","0.131","0.131","-2.74%"
"2018-06-06","0.135","0.135","0.135","0.135","5.88%"
"2018-06-05","0.127","0.127","0.127","0.127","-1.92%"