"日付","終値","始値","高値","安値","変化率 %"
"2026-02-18","1.520","1.504","1.522","1.480","-0.66%"
"2026-02-17","1.530","1.549","1.566","1.516","-2.11%"
"2026-02-16","1.563","1.561","1.596","1.557","-0.89%"
"2026-02-13","1.577","1.556","1.612","1.571","0.00%"
"2026-02-12","1.577","1.562","1.627","1.570","-1.31%"
"2026-02-11","1.598","1.552","1.601","1.561","-0.19%"
"2026-02-10","1.601","1.594","1.623","1.574","-0.25%"
"2026-02-09","1.605","1.579","1.648","1.586","0.63%"
"2026-02-06","1.595","1.555","1.615","1.531","1.66%"
"2026-02-05","1.569","1.559","1.602","1.565","-0.44%"
"2026-02-04","1.576","1.571","1.607","1.567","-0.44%"
"2026-02-03","1.583","1.547","1.611","1.552","0.83%"
"2026-02-02","1.570","1.544","1.595","1.547","1.23%"
"2026-01-30","1.551","1.557","1.584","1.543","-1.40%"
"2026-01-29","1.573","1.568","1.596","1.562","-0.57%"
"2026-01-28","1.582","1.585","1.617","1.560","-1.31%"
"2026-01-27","1.603","1.566","1.629","1.578","1.39%"
"2026-01-26","1.581","1.556","1.605","1.542","0.89%"
"2026-01-23","1.567","1.519","1.591","1.521","2.49%"
"2026-01-22","1.529","1.550","1.569","1.521","-2.55%"
"2026-01-21","1.569","1.560","1.584","1.546","0.45%"
"2026-01-20","1.562","1.547","1.603","1.551","0.00%"
"2026-01-19","1.562","1.515","1.583","1.525","1.69%"
"2026-01-16","1.536","1.505","1.547","1.512","1.12%"
"2026-01-15","1.519","1.483","1.538","1.491","1.54%"
"2026-01-14","1.496","1.488","1.542","1.489","-1.25%"
"2026-01-13","1.515","1.479","1.536","1.484","0.66%"
"2026-01-12","1.505","1.512","1.542","1.488","-0.07%"
"2026-01-09","1.506","1.433","1.542","1.450","3.01%"
"2026-01-08","1.462","1.465","1.491","1.443","-1.81%"
"2026-01-07","1.489","1.493","1.521","1.480","-1.46%"
"2026-01-06","1.511","1.494","1.533","1.495","-0.07%"
"2026-01-05","1.512","1.462","1.534","1.478","1.41%"
"2026-01-02","1.491","1.491","1.491","1.491","0.00%"
"2026-01-01","1.491","1.491","1.491","1.491","0.00%"
"2025-12-31","1.491","1.491","1.491","1.491","0.00%"
"2025-12-30","1.491","1.434","1.501","1.445","3.33%"
"2025-12-29","1.443","1.390","1.469","1.420","0.49%"
"2025-12-26","1.436","1.419","1.448","1.431","-0.14%"
"2025-12-25","1.438","1.404","1.445","1.399","2.64%"
"2025-12-24","1.401","1.399","1.448","1.395","-0.78%"
"2025-12-23","1.412","1.425","1.458","1.398","-2.15%"
"2025-12-22","1.443","1.395","1.482","1.404","2.20%"
"2025-12-19","1.412","1.353","1.431","1.354","3.44%"
"2025-12-18","1.365","1.343","1.385","1.354","-0.36%"
"2025-12-17","1.370","1.343","1.393","1.352","0.51%"
"2025-12-16","1.363","1.335","1.382","1.344","-0.51%"
"2025-12-15","1.370","1.338","1.381","1.342","1.33%"
"2025-12-12","1.352","1.327","1.371","1.330","0.60%"
"2025-12-11","1.344","1.333","1.361","1.330","-0.52%"
"2025-12-10","1.351","1.347","1.382","1.346","-0.15%"
"2025-12-09","1.353","1.352","1.382","1.346","-0.59%"
"2025-12-08","1.361","1.335","1.386","1.344","0.59%"
"2025-12-05","1.353","1.303","1.367","1.314","2.04%"
"2025-12-04","1.326","1.283","1.344","1.295","2.24%"
"2025-12-03","1.297","1.275","1.321","1.286","0.31%"
"2025-12-02","1.293","1.276","1.315","1.279","-0.23%"
"2025-12-01","1.296","1.231","1.314","1.244","3.93%"
"2025-11-28","1.247","1.225","1.267","1.235","0.40%"
"2025-11-27","1.242","1.223","1.255","1.231","0.24%"
"2025-11-26","1.239","1.213","1.268","1.232","-0.64%"
"2025-11-25","1.247","1.205","1.259","1.211","2.63%"
"2025-11-24","1.215","1.175","1.218","1.203","0.16%"
"2025-11-21","1.213","1.213","1.237","1.196","-1.14%"
"2025-11-20","1.227","1.183","1.252","1.186","1.57%"
"2025-11-19","1.208","1.148","1.214","1.166","2.46%"
"2025-11-18","1.179","1.163","1.196","1.160","0.08%"
"2025-11-17","1.178","1.159","1.198","1.170","0.17%"
"2025-11-14","1.176","1.161","1.196","1.155","-0.17%"
"2025-11-13","1.178","1.156","1.193","1.162","0.34%"
"2025-11-12","1.174","1.159","1.194","1.165","0.26%"
"2025-11-11","1.171","1.175","1.201","1.167","-1.60%"
"2025-11-10","1.190","1.158","1.211","1.176","1.10%"
"2025-11-07","1.177","1.156","1.198","1.167","0.77%"
"2025-11-06","1.168","1.155","1.199","1.161","-0.76%"
"2025-11-05","1.177","1.152","1.191","1.154","0.43%"
"2025-11-04","1.172","1.150","1.194","1.163","0.09%"
"2025-11-03","1.171","1.144","1.183","1.165","0.17%"
"2025-10-31","1.169","1.140","1.183","1.152","0.86%"
"2025-10-30","1.159","1.164","1.190","1.150","-2.19%"
"2025-10-29","1.185","1.132","1.194","1.145","2.95%"
"2025-10-28","1.151","1.153","1.176","1.141","-1.03%"
"2025-10-27","1.163","1.139","1.190","1.157","0.00%"
"2025-10-24","1.163","1.140","1.180","1.150","-0.34%"
"2025-10-23","1.167","1.129","1.183","1.135","2.73%"
"2025-10-22","1.136","1.142","1.175","1.132","-1.56%"
"2025-10-21","1.154","1.155","1.181","1.145","-1.20%"
"2025-10-20","1.168","1.122","1.186","1.126","2.64%"
"2025-10-17","1.138","1.117","1.153","1.104","1.52%"
"2025-10-16","1.121","1.087","1.158","1.107","0.81%"
"2025-10-15","1.112","1.077","1.130","1.090","1.83%"
"2025-10-14","1.092","1.110","1.134","1.084","-1.44%"
"2025-10-13","1.108","1.100","1.130","1.108","-0.36%"
"2025-10-10","1.112","1.148","1.167","1.103","-4.96%"
"2025-10-09","1.170","1.150","1.187","1.153","0.52%"
"2025-10-08","1.164","1.140","1.186","1.152","0.52%"
"2025-10-07","1.158","1.139","1.174","1.143","0.09%"
"2025-10-06","1.157","1.157","1.193","1.112","-1.87%"
"2025-10-03","1.179","1.174","1.193","1.166","-0.25%"
"2025-10-02","1.182","1.170","1.204","1.169","-0.42%"
"2025-10-01","1.187","1.171","1.209","1.177","-0.25%"
"2025-09-30","1.190","1.164","1.210","1.171","0.85%"
"2025-09-29","1.180","1.151","1.198","1.159","1.11%"
"2025-09-26","1.167","1.173","1.201","1.158","-1.77%"
"2025-09-25","1.188","1.154","1.207","1.165","0.85%"
"2025-09-24","1.178","1.156","1.188","1.153","1.20%"
"2025-09-23","1.164","1.151","1.168","1.164","0.52%"
"2025-09-22","1.158","1.124","1.183","1.138","1.31%"
"2025-09-19","1.143","1.104","1.163","1.100","1.78%"
"2025-09-18","1.123","1.077","1.131","1.086","2.00%"
"2025-09-17","1.101","1.076","1.112","1.083","0.82%"
"2025-09-16","1.092","1.073","1.112","1.070","-0.27%"
"2025-09-15","1.095","1.068","1.105","1.089","0.64%"
"2025-09-12","1.088","1.052","1.105","1.064","2.16%"
"2025-09-11","1.065","1.037","1.085","1.047","1.24%"
"2025-09-10","1.052","1.046","1.076","1.045","-0.85%"
"2025-09-09","1.061","1.009","1.078","1.018","2.91%"
"2025-09-08","1.031","1.009","1.055","1.025","-1.25%"
"2025-09-05","1.044","1.044","1.069","1.034","-1.04%"
"2025-09-04","1.055","1.067","1.084","1.048","-2.68%"
"2025-09-03","1.084","1.077","1.105","1.073","-0.28%"
"2025-09-02","1.087","1.075","1.110","1.071","-1.09%"
"2025-09-01","1.099","1.059","1.116","1.077","0.83%"
"2025-08-29","1.090","1.066","1.096","1.086","-0.82%"
"2025-08-28","1.099","1.073","1.105","1.098","-0.45%"
"2025-08-27","1.104","1.084","1.115","1.104","-0.81%"
"2025-08-26","1.113","1.065","1.118","1.095","1.74%"
"2025-08-25","1.094","1.065","1.095","1.094","-0.09%"
"2025-08-22","1.095","1.059","1.096","1.088","1.11%"
"2025-08-21","1.083","1.041","1.083","1.071","1.21%"
"2025-08-20","1.070","1.039","1.081","1.069","0.19%"
"2025-08-19","1.068","1.026","1.075","1.056","1.23%"
"2025-08-18","1.055","1.024","1.055","1.047","0.09%"
"2025-08-15","1.054","1.018","1.054","1.047","0.76%"
"2025-08-14","1.046","0.960","1.046","0.990","5.76%"
"2025-08-13","0.989","0.968","1.001","0.989","-0.70%"
"2025-08-12","0.996","0.956","0.996","0.981","0.81%"
"2025-08-11","0.988","0.958","0.988","0.988","0.00%"
"2025-08-08","0.988","0.939","0.988","0.969","2.07%"
"2025-08-07","0.968","0.955","0.985","0.966","-1.83%"
"2025-08-06","0.986","0.929","0.989","0.959","2.92%"
"2025-08-05","0.958","0.928","0.958","0.949","-0.10%"
"2025-08-04","0.959","0.939","0.970","0.950","-1.03%"
"2025-08-01","0.969","0.999","1.029","0.959","-5.74%"
"2025-07-31","1.028","1.003","1.033","1.016","-0.58%"
"2025-07-30","1.034","1.003","1.034","1.026","0.00%"
"2025-07-29","1.034","1.009","1.041","1.034","2.38%"
"2025-07-28","1.010","1.036","1.010","1.005","5.21%"
"2025-07-11","0.960","0.936","0.961","0.960","2.67%"
"2025-07-10","0.935","0.934","0.935","0.931","0.00%"
"2025-07-09","0.935","0.915","0.936","0.915","2.32%"
"2025-07-08","0.914","0.897","0.914","0.896","1.95%"
"2025-07-07","0.896","0.887","0.897","0.886","0.99%"
"2025-07-04","0.887","0.910","0.909","0.885","-2.34%"
"2025-07-03","0.909","0.901","0.909","0.895","0.70%"
"2025-07-02","0.902","0.894","0.902","0.894","1.12%"
"2025-07-01","0.892","0.892","0.892","0.886","-0.15%"
"2025-06-30","0.894","0.894","0.901","0.894","0.00%"
"2025-06-27","0.894","0.882","0.895","0.881","1.13%"
"2025-06-26","0.884","0.871","0.884","0.871","1.73%"
"2025-06-25","0.869","0.874","0.873","0.856","-0.71%"
"2025-06-24","0.875","0.873","0.877","0.869","0.14%"
"2025-06-23","0.874","0.870","0.877","0.868","0.44%"
"2025-06-20","0.870","0.859","0.870","0.853","1.46%"
"2025-06-19","0.858","0.871","0.871","0.858","-1.72%"
"2025-06-18","0.873","0.895","0.897","0.873","-2.38%"
"2025-06-17","0.894","0.909","0.926","0.886","-1.51%"
"2025-06-16","0.908","0.901","0.928","0.901","0.69%"
"2025-06-13","0.901","0.891","0.901","0.871","0.99%"
"2025-06-12","0.892","0.908","0.910","0.892","-1.52%"
"2025-06-11","0.906","0.918","0.918","0.905","-1.36%"
"2025-06-10","0.919","0.924","0.926","0.919","-0.40%"
"2025-06-09","0.923","0.919","0.931","0.919","0.40%"
"2025-06-06","0.919","0.919","0.920","0.906","0.14%"
"2025-06-05","0.918","0.925","0.925","0.902","-0.95%"
"2025-06-04","0.926","0.919","0.929","0.919","0.96%"
"2025-06-03","0.918","0.920","0.920","0.911","-0.41%"
"2025-06-02","0.921","0.910","0.923","0.910","1.24%"
"2025-05-30","0.910","0.897","0.910","0.899","1.53%"
"2025-05-29","0.896","0.921","0.925","0.896","-2.84%"
"2025-05-28","0.923","0.895","0.929","0.895","3.21%"
"2025-05-27","0.894","0.884","0.894","0.881","1.28%"
"2025-05-26","0.882","0.882","0.882","0.882","0.00%"
"2025-05-23","0.882","0.911","4.762","0.882","-3.29%"
"2025-05-22","0.913","0.906","0.918","0.899","0.83%"
"2025-05-21","0.905","0.906","0.906","0.889","-0.28%"
"2025-05-20","0.908","0.895","0.908","0.890","1.53%"
"2025-05-19","0.894","0.892","0.900","0.885","0.15%"
"2025-05-16","0.892","0.885","0.892","0.870","0.98%"
"2025-05-15","0.884","0.896","0.896","0.884","-1.67%"
"2025-05-14","0.899","0.880","0.899","0.868","1.99%"
"2025-05-13","0.881","0.860","0.885","0.860","2.62%"
"2025-05-12","0.859","0.786","0.861","0.786","9.22%"
"2025-05-09","0.786","0.771","0.790","0.772","1.79%"
"2025-05-08","0.772","0.757","0.779","0.760","2.14%"
"2025-05-07","0.756","0.743","0.761","0.743","2.02%"
"2025-05-05","0.741","0.741","0.741","0.741","0.00%"
"2025-05-02","0.741","0.736","0.746","0.730","0.52%"
"2025-05-01","0.738","0.764","0.764","0.728","-3.59%"
"2025-04-30","0.765","0.790","0.790","0.762","-3.32%"
"2025-04-28","0.791","0.804","0.803","0.784","-1.56%"
"2025-04-25","0.804","0.769","0.804","0.769","4.73%"
"2025-04-24","0.767","0.803","0.803","0.759","-4.52%"
"2025-04-23","0.804","0.746","0.806","0.746","7.89%"
"2025-04-22","0.745","0.745","0.749","0.745","0.16%"
"2025-04-21","0.744","0.744","0.744","0.744","-0.16%"
"2025-04-17","0.745","0.711","0.751","0.712","4.56%"
"2025-04-16","0.712","0.779","0.777","0.696","-8.22%"
"2025-04-15","0.776","0.702","0.780","0.702","10.30%"
"2025-04-14","0.704","0.675","0.715","0.675","4.27%"
"2025-04-11","0.675","0.755","0.755","0.650","-10.75%"
"2025-04-10","0.756","0.646","0.771","0.649","17.26%"
"2025-04-09","0.645","0.790","0.789","0.644","-18.49%"
"2025-04-08","0.791","0.695","0.799","0.696","14.27%"
"2025-04-07","0.692","0.736","0.736","0.659","-5.95%"
"2025-04-04","0.736","0.901","0.901","0.690","-18.08%"
"2025-04-03","0.899","1.011","1.011","0.895","-11.23%"
"2025-04-02","1.013","1.028","1.028","1.008","-1.58%"
"2025-04-01","1.029","1.031","1.035","1.024","-0.12%"
"2025-03-31","1.030","1.072","1.072","1.023","-3.96%"
"2025-03-28","1.072","1.100","1.100","1.070","-2.38%"
"2025-03-27","1.099","1.111","1.111","1.094","-1.24%"
"2025-03-26","1.112","1.101","1.114","1.101","1.14%"
"2025-03-25","1.100","1.080","1.106","1.081","1.97%"
"2025-03-24","1.079","1.049","1.080","1.049","2.86%"
"2025-03-21","1.049","1.055","1.060","1.049","-0.47%"
"2025-03-19","1.054","1.025","1.061","1.023","2.68%"
"2025-03-18","1.026","1.008","1.028","1.008","1.73%"
"2025-03-17","1.009","1.018","1.018","1.005","-0.86%"
"2025-03-14","1.018","1.048","1.048","1.011","-3.10%"
"2025-03-13","1.050","1.019","1.059","1.019","2.94%"
"2025-03-12","1.020","1.031","1.028","1.013","-1.21%"
"2025-03-11","1.033","1.059","1.059","1.018","-2.59%"
"2025-03-10","1.060","1.025","1.071","1.025","3.41%"
"2025-03-07","1.025","1.038","1.038","1.025","-1.33%"
"2025-03-06","1.039","1.036","1.055","1.036","0.61%"
"2025-03-05","1.033","0.994","1.033","0.994","3.77%"
"2025-03-04","0.995","1.015","1.015","0.995","-2.10%"
"2025-03-03","1.016","0.983","1.028","0.984","3.44%"
"2025-02-28","0.983","1.008","1.006","0.976","-2.37%"
"2025-02-27","1.006","0.966","1.015","0.969","4.01%"
"2025-02-26","0.967","0.960","0.979","0.960","0.91%"
"2025-02-25","0.959","0.988","0.988","0.959","-3.03%"
"2025-02-24","0.989","0.989","0.989","0.989","0.00%"
"2025-02-21","0.989","1.040","1.040","0.989","-5.04%"
"2025-02-20","1.041","1.045","1.045","1.025","-0.47%"
"2025-02-19","1.046","1.040","1.053","1.034","0.47%"
"2025-02-18","1.041","1.029","1.045","1.030","1.34%"
"2025-02-17","1.028","1.001","1.029","1.001","2.62%"
"2025-02-14","1.001","0.974","1.001","0.976","2.96%"
"2025-02-13","0.973","1.005","1.006","0.973","-3.36%"
"2025-02-12","1.006","0.976","1.006","0.971","3.21%"
"2025-02-11","0.975","0.975","0.975","0.975","0.00%"
"2025-02-10","0.975","0.995","0.995","0.975","-2.01%"
"2025-02-07","0.995","0.962","0.995","0.962","3.51%"
"2025-02-06","0.961","0.939","0.961","0.946","2.54%"
"2025-02-05","0.938","0.933","0.945","0.933","0.40%"
"2025-02-04","0.934","0.906","0.942","0.906","3.32%"
"2025-02-03","0.904","0.911","0.911","0.900","-0.82%"
"2025-01-31","0.911","0.890","0.915","0.911","2.53%"
"2025-01-30","0.889","0.871","0.896","0.871","2.16%"
"2025-01-29","0.870","0.870","0.871","0.866","-0.29%"
"2025-01-28","0.873","0.871","0.876","0.866","0.00%"
"2025-01-27","0.873","0.905","0.905","0.863","-3.59%"
"2025-01-24","0.905","0.882","0.910","0.882","2.69%"
"2025-01-23","0.881","0.869","0.882","0.869","1.73%"
"2025-01-22","0.866","0.856","0.875","0.856","1.32%"
"2025-01-21","0.855","0.851","0.861","0.851","0.59%"
"2025-01-20","0.850","0.859","0.860","0.848","-1.02%"
"2025-01-17","0.859","0.861","0.861","0.855","-0.43%"
"2025-01-16","0.863","0.854","0.863","0.854","0.88%"
"2025-01-15","0.855","0.863","0.882","0.855","-0.73%"
"2025-01-14","0.861","0.865","0.865","0.856","-0.29%"
"2025-01-13","0.864","0.864","0.864","0.864","0.00%"
"2025-01-10","0.864","0.830","0.864","0.830","4.39%"
"2025-01-09","0.827","0.851","0.850","0.827","-2.93%"
"2025-01-08","0.853","0.832","0.859","0.835","2.24%"
"2025-01-07","0.834","0.826","0.834","0.826","1.07%"
"2025-01-06","0.825","0.791","0.834","0.793","4.26%"
"2025-01-03","0.791","0.791","0.791","0.791","0.00%"
"2025-01-02","0.791","0.791","0.791","0.791","0.00%"
"2025-01-01","0.791","0.791","0.791","0.791","0.00%"
"2024-12-31","0.791","0.791","0.791","0.791","0.00%"
"2024-12-30","0.791","0.811","0.813","0.791","-2.47%"
"2024-12-27","0.811","0.776","0.811","0.779","4.17%"
"2024-12-26","0.779","0.779","0.779","0.779","0.00%"
"2024-12-25","0.779","0.779","0.779","0.779","0.00%"
"2024-12-24","0.779","0.771","0.779","0.772","1.30%"
"2024-12-23","0.769","0.749","0.769","0.750","2.67%"
"2024-12-20","0.749","0.762","0.762","0.749","-1.96%"
"2024-12-19","0.764","0.771","0.767","0.754","-1.29%"
"2024-12-18","0.774","0.775","0.775","0.770","-0.48%"
"2024-12-17","0.777","0.774","0.783","0.774","0.65%"
"2024-12-16","0.772","0.755","0.772","0.755","2.32%"
"2024-12-13","0.755","0.760","0.760","0.751","-0.83%"
"2024-12-12","0.761","0.771","0.771","0.760","-1.45%"
"2024-12-11","0.772","0.777","0.779","0.771","-0.96%"
"2024-12-10","0.780","0.770","0.780","0.770","1.63%"
"2024-12-09","0.767","0.769","0.769","0.761","-0.17%"
"2024-12-06","0.769","0.791","0.791","0.769","-2.99%"
"2024-12-05","0.793","0.780","0.794","0.780","1.76%"
"2024-12-04","0.779","0.794","0.794","0.779","-2.04%"
"2024-12-03","0.795","0.814","0.814","0.793","-2.45%"
"2024-12-02","0.815","0.788","0.819","0.788","3.49%"
"2024-11-29","0.788","0.788","0.788","0.788","-0.15%"
"2024-11-28","0.789","0.793","0.793","0.788","-0.64%"
"2024-11-27","0.794","0.798","0.806","0.794","-0.31%"
"2024-11-26","0.796","0.790","0.799","0.790","0.96%"
"2024-11-25","0.789","0.786","0.793","0.786","0.31%"
"2024-11-22","0.786","0.798","0.798","0.786","-1.26%"
"2024-11-21","0.796","0.779","0.799","0.777","2.42%"
"2024-11-20","0.777","0.759","0.779","0.759","2.64%"
"2024-11-19","0.757","0.779","0.779","0.757","-2.88%"
"2024-11-18","0.780","0.781","0.781","0.774","-0.17%"
"2024-11-15","0.781","0.764","0.781","0.764","2.47%"
"2024-11-14","0.762","0.750","0.762","0.750","1.83%"
"2024-11-13","0.749","0.736","0.754","0.736","1.88%"
"2024-11-12","0.735","0.720","0.735","0.720","2.25%"
"2024-11-11","0.719","0.706","0.719","0.706","1.77%"
"2024-11-08","0.706","0.705","0.716","0.704","0.36%"
"2024-11-07","0.704","0.704","0.717","0.704","0.19%"
"2024-11-06","0.702","0.649","0.702","0.649","8.70%"
"2024-11-05","0.646","0.663","0.663","0.644","-2.62%"
"2024-11-04","0.664","0.664","0.664","0.664","0.00%"
"2024-11-01","0.664","0.664","0.665","0.660","-0.20%"
"2024-10-31","0.665","0.649","0.665","0.651","2.31%"
"2024-10-30","0.650","0.670","0.669","0.646","-3.17%"
"2024-10-29","0.671","0.655","0.671","0.655","2.68%"
"2024-10-28","0.654","0.635","0.654","0.654","2.96%"
"2024-10-25","0.635","0.645","0.645","0.634","-1.75%"
"2024-10-24","0.646","0.663","0.663","0.645","-2.62%"
"2024-10-23","0.664","0.660","0.665","0.660","0.76%"
"2024-10-22","0.659","0.658","0.666","0.656","0.37%"
"2024-10-21","0.656","0.665","0.666","0.647","-1.31%"
"2024-10-18","0.665","0.664","0.673","0.664","0.38%"
"2024-10-17","0.663","0.639","0.663","0.639","3.92%"
"2024-10-16","0.637","0.645","0.645","0.637","-1.36%"
"2024-10-15","0.646","0.639","0.654","0.639","1.38%"
"2024-10-14","0.637","0.637","0.637","0.637","0.00%"
"2024-10-11","0.637","0.642","0.642","0.634","-0.98%"
"2024-10-10","0.644","0.624","0.650","0.623","3.42%"
"2024-10-09","0.623","0.624","0.624","0.620","0.00%"
"2024-10-08","0.623","0.632","0.632","0.615","-1.78%"
"2024-10-07","0.634","0.594","0.637","0.595","6.97%"
"2024-10-04","0.592","0.594","0.594","0.564","5.80%"
"2024-10-03","0.560","0.561","0.561","0.554","0.21%"
"2024-10-02","0.559","0.570","0.570","0.551","-2.19%"
"2024-10-01","0.571","0.595","0.595","0.570","-4.18%"
"2024-09-30","0.596","0.589","0.599","0.589","1.26%"
"2024-09-27","0.589","0.543","0.590","0.524","8.28%"
"2024-09-26","0.544","0.555","0.554","0.544","-2.25%"
"2024-09-25","0.556","0.555","0.556","0.544","2.30%"
"2024-09-24","0.544","0.543","0.584","0.543","-7.04%"
"2024-09-23","0.585","0.585","0.585","0.585","0.00%"
"2024-09-20","0.585","0.586","0.591","0.576","0.00%"
"2024-09-19","0.585","0.586","0.590","0.579","1.07%"
"2024-09-18","0.579","0.577","0.584","0.572","-1.06%"
"2024-09-17","0.585","0.598","0.598","0.579","-2.30%"
"2024-09-16","0.599","0.599","0.599","0.599","0.00%"
"2024-09-13","0.599","0.599","0.599","0.591","0.00%"
"2024-09-12","0.599","0.586","0.599","0.586","2.36%"
"2024-09-11","0.585","0.601","0.601","0.582","-2.90%"
"2024-09-10","0.603","0.604","0.609","0.603","0.00%"
"2024-09-09","0.603","0.574","0.605","0.603","5.00%"
"2024-09-06","0.574","0.582","0.582","0.571","-1.71%"
"2024-09-05","0.584","0.581","0.585","0.579","0.22%"
"2024-09-04","0.582","0.608","0.608","0.582","-4.32%"
"2024-09-03","0.609","0.603","0.615","0.603","1.26%"
"2024-09-02","0.601","0.594","0.601","0.594","1.25%"
"2024-08-30","0.594","0.584","0.594","0.585","1.94%"
"2024-08-29","0.582","0.584","0.592","0.581","-1.69%"
"2024-08-28","0.592","0.592","0.595","0.586","1.28%"
"2024-08-27","0.585","0.584","0.585","0.581","0.43%"
"2024-08-26","0.582","0.582","0.582","0.582","0.00%"
"2024-08-23","0.582","0.577","0.589","0.577","1.08%"
"2024-08-22","0.576","0.564","0.576","0.565","2.45%"
"2024-08-21","0.563","0.564","0.579","0.563","-3.02%"
"2024-08-20","0.580","0.581","0.581","0.580","-0.43%"
"2024-08-19","0.582","0.567","0.586","0.567","2.64%"
"2024-08-16","0.567","0.564","0.577","0.564","0.89%"
"2024-08-15","0.563","0.520","0.563","0.520","8.42%"
"2024-08-14","0.519","0.517","0.526","0.514","0.00%"
"2024-08-13","0.519","0.526","0.527","0.519","-1.18%"
"2024-08-12","0.525","0.525","0.525","0.525","0.00%"
"2024-08-09","0.525","0.541","0.541","0.524","-3.23%"
"2024-08-08","0.543","0.529","0.549","0.507","3.08%"
"2024-08-07","0.526","0.526","0.531","0.506","0.25%"
"2024-08-06","0.525","0.526","0.530","0.514","-0.94%"
"2024-08-05","0.530","0.609","0.609","0.481","-12.76%"
"2024-08-02","0.608","0.609","0.702","0.606","-13.68%"
"2024-08-01","0.704","0.715","0.724","0.704","-1.40%"
"2024-07-31","0.714","0.715","0.715","0.629","13.75%"
"2024-07-30","0.627","0.626","0.640","0.621","-2.15%"
"2024-07-29","0.641","0.652","0.652","0.639","-1.72%"
"2024-07-26","0.652","0.663","0.663","0.652","-1.69%"
"2024-07-25","0.664","0.659","0.668","0.651","0.94%"
"2024-07-24","0.658","0.634","0.658","0.634","3.95%"
"2024-07-23","0.632","0.634","0.634","0.629","0.00%"
"2024-07-22","0.632","0.620","0.632","0.620","2.02%"
"2024-07-19","0.620","0.620","0.620","0.620","-0.61%"
"2024-07-18","0.624","0.615","0.626","0.618","1.63%"
"2024-07-17","0.614","0.615","0.619","0.604","1.88%"
"2024-07-16","0.603","0.618","0.618","0.598","-2.63%"
"2024-07-15","0.619","0.619","0.619","0.619","0.00%"
"2024-07-12","0.619","0.623","0.621","0.613","-0.80%"
"2024-07-11","0.624","0.623","0.649","0.623","-3.85%"
"2024-07-10","0.649","0.650","0.651","0.646","-0.57%"
"2024-07-09","0.652","0.650","0.652","0.645","0.18%"
"2024-07-08","0.651","0.650","0.655","0.639","1.96%"
"2024-07-05","0.639","0.646","0.646","0.636","-1.34%"
"2024-07-04","0.647","0.659","0.658","0.647","-1.52%"
"2024-07-03","0.658","0.659","0.678","0.658","-3.14%"
"2024-07-02","0.679","0.670","0.680","0.669","1.12%"
"2024-07-01","0.671","0.670","0.671","0.646","3.87%"
"2024-06-28","0.646","0.647","0.646","0.636","0.00%"
"2024-06-27","0.646","0.647","0.651","0.625","3.41%"
"2024-06-26","0.625","0.623","0.625","0.601","4.38%"
"2024-06-25","0.599","0.600","0.600","0.596","0.00%"
"2024-06-24","0.599","0.585","0.600","0.585","2.36%"
"2024-06-21","0.585","0.571","0.589","0.571","2.63%"
"2024-06-20","0.570","0.565","0.572","0.565","1.10%"
"2024-06-19","0.564","0.572","0.572","0.564","-1.74%"
"2024-06-18","0.574","0.571","0.574","0.569","0.23%"
"2024-06-17","0.572","0.575","0.575","0.563","-0.43%"
"2024-06-14","0.575","0.618","0.616","0.575","-6.70%"
"2024-06-13","0.616","0.618","0.618","0.608","1.65%"
"2024-06-12","0.606","0.645","0.644","0.603","-6.19%"
"2024-06-11","0.646","0.645","0.661","0.645","-2.45%"
"2024-06-10","0.663","0.647","0.664","0.647","2.32%"
"2024-06-07","0.647","0.618","0.647","0.614","5.06%"
"2024-06-06","0.616","0.618","0.631","0.598","-2.38%"
"2024-06-05","0.631","0.632","0.649","0.631","-2.70%"
"2024-06-04","0.649","0.647","0.688","0.647","-5.81%"
"2024-06-03","0.689","0.696","0.696","0.688","-1.08%"
"2024-05-31","0.696","0.689","0.700","0.689","1.28%"
"2024-05-30","0.688","0.684","0.695","0.680","0.73%"
"2024-05-29","0.683","0.656","0.686","0.658","4.20%"
"2024-05-28","0.655","0.642","0.658","0.642","2.14%"
"2024-05-27","0.641","0.641","0.641","0.641","0.00%"
"2024-05-24","0.641","0.635","0.644","0.635","1.18%"
"2024-05-23","0.634","0.639","0.636","0.630","-0.58%"
"2024-05-22","0.637","0.639","0.641","0.626","2.00%"
"2024-05-21","0.625","0.626","0.631","0.625","-0.40%"
"2024-05-20","0.627","0.626","0.627","0.614","2.23%"
"2024-05-17","0.614","0.596","0.614","0.598","2.95%"
"2024-05-16","0.596","0.596","0.610","0.589","-2.47%"
"2024-05-15","0.611","0.611","0.618","0.610","-0.60%"
"2024-05-14","0.615","0.606","0.620","0.608","1.43%"
"2024-05-13","0.606","0.606","0.610","0.589","2.97%"
"2024-05-10","0.589","0.589","0.589","0.582","0.00%"
"2024-05-09","0.589","0.589","0.590","0.574","2.85%"
"2024-05-08","0.572","0.548","0.572","0.548","4.80%"
"2024-05-07","0.546","0.576","0.576","0.545","-5.40%"
"2024-05-06","0.577","0.577","0.577","0.577","0.00%"
"2024-05-03","0.577","0.577","0.577","0.577","0.00%"
"2024-05-02","0.577","0.569","0.577","0.569","1.76%"
"2024-05-01","0.567","0.575","0.575","0.567","-1.10%"
"2024-04-30","0.574","0.572","0.574","0.563","0.44%"
"2024-04-29","0.571","0.572","0.572","0.571","0.00%"
"2024-04-26","0.571","0.603","0.603","0.569","-5.38%"
"2024-04-25","0.604","0.589","0.604","0.582","2.34%"
"2024-04-24","0.590","0.580","0.590","0.580","1.94%"
"2024-04-23","0.579","0.581","0.589","0.579","-0.21%"
"2024-04-22","0.580","0.561","0.591","0.561","3.11%"
"2024-04-19","0.563","0.561","0.580","0.553","-3.02%"
"2024-04-18","0.580","0.581","0.581","0.574","-0.85%"
"2024-04-17","0.585","0.590","0.600","0.585","-0.65%"
"2024-04-16","0.589","0.575","0.590","0.576","2.17%"
"2024-04-15","0.576","0.575","0.576","0.563","2.45%"
"2024-04-12","0.563","0.575","0.575","0.563","-2.39%"
"2024-04-11","0.576","0.543","0.585","0.544","6.98%"
"2024-04-10","0.539","0.543","0.543","0.519","3.84%"
"2024-04-09","0.519","0.517","0.524","0.516","0.74%"
"2024-04-08","0.515","0.505","0.516","0.505","1.98%"
"2024-04-05","0.505","0.496","0.505","0.496","2.02%"
"2024-04-04","0.495","0.494","0.500","0.493","0.51%"
"2024-04-03","0.493","0.494","0.494","0.486","0.24%"
"2024-04-02","0.491","0.490","0.498","0.480","2.61%"
"2024-04-01","0.479","0.479","0.479","0.479","0.00%"
"2024-03-29","0.479","0.479","0.479","0.479","0.00%"
"2024-03-28","0.479","0.486","0.486","0.474","-1.78%"
"2024-03-27","0.488","0.498","0.498","0.488","-1.77%"
"2024-03-26","0.496","0.506","0.506","0.491","-2.21%"
"2024-03-25","0.507","0.505","0.507","0.502","0.50%"
"2024-03-22","0.505","0.505","0.514","0.502","0.24%"
"2024-03-21","0.504","0.470","0.504","0.470","7.47%"
"2024-03-20","0.469","0.469","0.469","0.469","0.00%"
"2024-03-19","0.469","0.454","0.474","0.454","3.60%"
"2024-03-18","0.452","0.463","0.463","0.446","-2.16%"
"2024-03-17","0.463","0.463","0.463","0.463","0.00%"
"2024-03-15","0.463","0.470","0.469","0.456","-1.87%"
"2024-03-14","0.471","0.459","0.472","0.454","2.46%"
"2024-03-13","0.460","0.459","0.460","0.450","0.55%"
"2024-03-12","0.458","0.469","0.469","0.455","-2.66%"
"2024-03-11","0.470","0.475","0.475","0.465","-1.05%"
"2024-03-10","0.475","0.475","0.475","0.475","0.00%"
"2024-03-09","0.475","0.475","0.475","0.475","0.00%"
"2024-03-08","0.475","0.471","0.475","0.463","0.53%"
"2024-03-07","0.472","0.449","0.475","0.449","5.59%"
"2024-03-06","0.447","0.447","0.450","0.447","0.27%"
"2024-03-05","0.446","0.461","0.460","0.446","-3.50%"
"2024-03-04","0.463","0.465","0.465","0.460","-0.54%"
"2024-03-03","0.465","0.465","0.465","0.465","0.00%"
"2024-03-01","0.465","0.476","0.476","0.465","-2.62%"
"2024-02-29","0.477","0.469","0.484","0.469","2.14%"
"2024-02-28","0.468","0.469","0.469","0.466","-0.53%"
"2024-02-27","0.470","0.465","0.471","0.465","1.34%"
"2024-02-26","0.464","0.479","0.480","0.460","-3.13%"
"2024-02-25","0.479","0.479","0.479","0.479","0.27%"
"2024-02-23","0.477","0.477","0.477","0.477","0.00%"
"2024-02-22","0.477","0.484","0.484","0.476","-1.55%"
"2024-02-21","0.485","0.486","0.486","0.482","-0.51%"
"2024-02-20","0.488","0.488","0.491","0.488","-0.27%"
"2024-02-19","0.489","0.494","0.495","0.489","-1.01%"
"2024-02-18","0.494","0.494","0.494","0.494","0.00%"
"2024-02-16","0.494","0.484","0.504","0.484","2.34%"
"2024-02-15","0.482","0.507","0.507","0.480","-5.17%"
"2024-02-14","0.509","0.498","0.511","0.498","2.52%"
"2024-02-13","0.496","0.484","0.520","0.480","2.06%"
"2024-02-12","0.486","0.486","0.486","0.486","0.00%"
"2024-02-11","0.486","0.486","0.486","0.486","0.00%"
"2024-02-09","0.486","0.476","0.486","0.477","2.38%"
"2024-02-08","0.475","0.474","0.475","0.465","0.00%"
"2024-02-07","0.475","0.469","0.480","0.468","1.06%"
"2024-02-06","0.470","0.485","0.485","0.468","-3.35%"
"2024-02-05","0.486","0.470","0.486","0.470","3.47%"
"2024-02-04","0.470","0.470","0.470","0.470","0.00%"
"2024-02-02","0.470","0.441","0.470","0.434","6.82%"
"2024-02-01","0.440","0.458","0.458","0.440","-4.10%"
"2024-01-31","0.459","0.468","0.469","0.459","-1.33%"
"2024-01-30","0.465","0.456","0.465","0.456","1.64%"
"2024-01-29","0.458","0.452","0.463","0.452","1.10%"
"2024-01-28","0.452","0.452","0.452","0.452","0.00%"
"2024-01-27","0.452","0.452","0.452","0.452","0.00%"
"2024-01-26","0.452","0.481","0.481","0.451","-6.22%"
"2024-01-25","0.482","0.474","0.486","0.474","2.12%"
"2024-01-24","0.472","0.436","0.472","0.436","8.62%"
"2024-01-23","0.435","0.403","0.439","0.403","8.40%"
"2024-01-22","0.401","0.415","0.415","0.401","-3.30%"
"2024-01-21","0.415","0.415","0.415","0.415","0.00%"
"2024-01-20","0.415","0.415","0.415","0.415","0.00%"
"2024-01-19","0.415","0.407","0.416","0.407","2.14%"
"2024-01-18","0.406","0.376","0.410","0.376","8.35%"
"2024-01-17","0.375","0.365","0.379","0.365","3.08%"
"2024-01-16","0.364","0.338","0.364","0.338","8.18%"
"2024-01-15","0.336","0.341","0.344","0.336","-1.46%"
"2024-01-14","0.341","0.341","0.341","0.341","0.00%"
"2024-01-12","0.341","0.360","0.360","0.341","-4.88%"
"2024-01-11","0.359","0.369","0.369","0.354","-3.03%"
"2024-01-10","0.370","0.379","0.379","0.369","-2.63%"
"2024-01-09","0.380","0.390","0.390","0.380","-2.89%"
"2024-01-08","0.391","0.391","0.391","0.391","0.00%"
"2024-01-05","0.391","0.391","0.391","0.391","-3.98%"
"2024-01-04","0.407","0.407","0.407","0.407","-2.11%"
"2024-01-03","0.416","0.416","0.416","0.416","0.00%"
"2024-01-02","0.416","0.416","0.416","0.416","0.00%"
"2024-01-01","0.416","0.416","0.416","0.416","0.00%"
"2023-12-31","0.416","0.416","0.416","0.416","0.00%"
"2023-12-29","0.416","0.403","0.417","0.403","3.74%"
"2023-12-28","0.401","0.399","0.401","0.395","0.33%"
"2023-12-27","0.400","0.438","0.438","0.400","-8.84%"
"2023-12-26","0.439","0.439","0.439","0.439","0.00%"
"2023-12-25","0.439","0.440","0.439","0.439","-0.27%"
"2023-12-24","0.440","0.440","0.440","0.440","0.00%"
"2023-12-22","0.440","0.428","0.442","0.428","3.21%"
"2023-12-21","0.426","0.399","0.426","0.399","7.57%"
"2023-12-20","0.396","0.417","0.417","0.390","-5.37%"
"2023-12-19","0.419","0.442","0.442","0.419","-12.75%"
"2023-12-18","0.480","0.491","0.490","0.475","-2.30%"
"2023-12-17","0.491","0.491","0.491","0.491","0.00%"
"2023-12-15","0.491","0.458","0.498","0.458","7.67%"
"2023-12-14","0.456","0.470","0.470","0.439","-3.18%"
"2023-12-13","0.471","0.484","0.482","0.464","-2.82%"
"2023-12-12","0.485","0.529","0.529","0.464","-8.49%"
"2023-12-11","0.530","0.558","0.558","0.529","-4.93%"
"2023-12-10","0.558","0.558","0.558","0.558","0.00%"
"2023-12-08","0.558","0.534","0.566","0.534","4.69%"
"2023-12-07","0.533","0.420","0.586","0.420","26.39%"
"2023-12-06","0.421","0.439","0.439","0.421","-4.25%"
"2023-12-05","0.440","0.469","0.469","0.440","-6.38%"
"2023-12-04","0.470","0.475","0.475","0.458","-1.05%"
"2023-12-03","0.475","0.475","0.475","0.475","0.00%"
"2023-12-01","0.475","0.471","0.486","0.471","1.06%"
"2023-11-30","0.470","0.441","0.470","0.426","6.21%"
"2023-11-29","0.442","0.506","0.506","0.439","-13.24%"
"2023-11-28","0.510","0.520","0.520","0.505","-2.17%"
"2023-11-27","0.521","0.535","0.535","0.521","-2.56%"
"2023-11-26","0.535","0.535","0.535","0.535","0.00%"
"2023-11-24","0.535","0.494","0.540","0.494","8.63%"
"2023-11-23","0.493","0.493","0.493","0.493","0.00%"
"2023-11-22","0.493","0.477","0.494","0.477","3.40%"
"2023-11-21","0.476","0.510","0.510","0.476","-6.85%"
"2023-11-20","0.511","0.501","0.514","0.501","1.99%"
"2023-11-19","0.501","0.501","0.501","0.501","0.00%"
"2023-11-18","0.501","0.501","0.501","0.501","0.00%"
"2023-11-17","0.501","0.533","0.530","0.498","-6.07%"
"2023-11-16","0.534","0.544","0.544","0.534","-1.62%"
"2023-11-15","0.543","0.569","0.569","0.540","-5.24%"
"2023-11-14","0.572","0.608","0.608","0.572","-5.96%"
"2023-11-13","0.609","0.590","0.609","0.590","3.19%"
"2023-11-12","0.590","0.590","0.590","0.590","0.00%"
"2023-11-11","0.590","0.590","0.590","0.590","0.00%"
"2023-11-10","0.590","0.580","0.594","0.580","1.94%"
"2023-11-09","0.579","0.577","0.579","0.571","0.00%"
"2023-11-08","0.579","0.600","0.600","0.579","-3.73%"
"2023-11-07","0.601","0.548","0.601","0.550","9.81%"
"2023-11-06","0.548","0.548","0.611","0.535","0.35%"
"2023-11-05","0.546","0.609","0.609","0.545","-10.38%"
"2023-11-04","0.609","0.571","0.609","0.571","6.56%"
"2023-11-03","0.571","0.571","0.571","0.571","-6.16%"
"2023-11-02","0.609","0.603","0.641","0.568","-4.70%"
"2023-11-01","0.639","0.603","0.646","0.574","4.72%"
"2023-10-31","0.610","0.571","0.632","0.543","12.44%"
"2023-10-30","0.543","0.542","0.614","0.529","-5.04%"
"2023-10-29","0.571","0.571","0.571","0.571","8.18%"
"2023-10-28","0.528","0.528","0.528","0.528","-7.56%"
"2023-10-27","0.571","0.527","0.571","0.518","8.55%"
"2023-10-26","0.526","0.527","0.572","0.519","2.81%"
"2023-10-25","0.512","0.555","0.555","0.504","0.12%"
"2023-10-24","0.511","0.512","0.558","0.500","-8.70%"
"2023-10-23","0.560","0.559","0.565","0.516","7.94%"
"2023-10-22","0.519","0.550","0.550","0.511","-5.67%"
"2023-10-20","0.550","0.521","0.560","0.505","5.38%"
"2023-10-19","0.522","0.521","0.563","0.504","-2.21%"
"2023-10-18","0.534","0.535","0.535","0.488","3.13%"
"2023-10-17","0.517","0.470","0.517","0.451","6.15%"
"2023-10-16","0.488","0.451","0.488","0.446","9.70%"
"2023-10-15","0.444","0.475","0.475","0.442","-0.83%"
"2023-10-14","0.448","0.448","0.448","0.448","-5.66%"
"2023-10-13","0.475","0.461","0.484","0.448","-1.31%"
"2023-10-12","0.481","0.438","0.481","0.435","0.80%"
"2023-10-11","0.477","0.458","0.498","0.436","-4.50%"
"2023-10-10","0.500","0.462","0.514","0.447","-2.91%"
"2023-10-09","0.515","0.515","0.515","0.458","0.00%"
"2023-10-08","0.515","0.515","0.515","0.515","8.28%"
"2023-10-07","0.476","0.476","0.476","0.476","-7.65%"
"2023-10-06","0.515","0.489","0.527","0.472","-2.61%"
"2023-10-05","0.529","0.495","0.536","0.489","5.36%"
"2023-10-04","0.502","0.491","0.549","0.491","4.56%"
"2023-10-03","0.480","0.491","0.521","0.471","-1.30%"
"2023-10-02","0.486","0.482","0.522","0.482","1.04%"
"2023-10-01","0.481","0.509","0.509","0.474","-5.40%"
"2023-09-30","0.509","0.509","0.509","0.509","0.00%"
"2023-09-29","0.509","0.471","0.515","0.469","-1.68%"
"2023-09-28","0.517","0.466","0.517","0.464","13.74%"
"2023-09-27","0.455","0.452","0.493","0.449","-6.91%"
"2023-09-26","0.489","0.458","0.493","0.452","-0.51%"
"2023-09-25","0.491","0.459","0.493","0.444","7.25%"
"2023-09-24","0.458","0.491","0.493","0.458","0.13%"
"2023-09-23","0.458","0.458","0.458","0.458","-6.88%"
"2023-09-22","0.491","0.467","0.507","0.447","-2.71%"
"2023-09-21","0.505","0.450","0.505","0.449","13.79%"
"2023-09-20","0.444","0.444","0.479","0.441","0.43%"
"2023-09-19","0.442","0.439","0.480","0.439","-6.48%"
"2023-09-18","0.472","0.438","0.472","0.438","0.00%"
"2023-09-17","0.472","0.472","0.472","0.472","0.00%"
"2023-09-15","0.472","0.441","0.475","0.430","-1.05%"
"2023-09-14","0.477","0.430","0.477","0.426","9.29%"
"2023-09-13","0.437","0.427","0.472","0.424","-4.77%"
"2023-09-12","0.459","0.421","0.461","0.421","2.80%"
"2023-09-11","0.446","0.392","0.449","0.386","14.06%"
"2023-09-10","0.391","0.386","0.394","0.364","0.98%"
"2023-09-08","0.387","0.359","0.389","0.355","-0.33%"
"2023-09-07","0.389","0.364","0.391","0.358","8.76%"
"2023-09-06","0.357","0.367","0.390","0.357","-8.33%"
"2023-09-05","0.390","0.364","0.390","0.359","1.30%"
"2023-09-04","0.385","0.358","0.385","0.356","7.12%"
"2023-09-03","0.359","0.349","0.380","0.349","-5.10%"
"2023-09-01","0.379","0.352","0.380","0.347","-0.34%"
"2023-08-31","0.380","0.358","0.389","0.351","5.73%"
"2023-08-30","0.359","0.355","0.387","0.353","0.87%"
"2023-08-29","0.356","0.350","0.391","0.349","-0.86%"
"2023-08-28","0.359","0.361","0.393","0.350","-0.69%"
"2023-08-27","0.362","0.359","0.393","0.359","-7.80%"
"2023-08-25","0.393","0.360","0.396","0.355","-1.26%"
"2023-08-24","0.398","0.362","0.398","0.352","8.16%"
"2023-08-23","0.368","0.366","0.407","0.363","-7.27%"
"2023-08-22","0.396","0.368","0.403","0.365","0.00%"
"2023-08-21","0.396","0.356","0.398","0.356","11.45%"
"2023-08-20","0.356","0.353","0.384","0.353","-7.35%"
"2023-08-18","0.384","0.363","0.395","0.352","4.78%"
"2023-08-17","0.366","0.351","0.403","0.351","5.59%"
"2023-08-16","0.347","0.349","0.381","0.346","-8.71%"
"2023-08-15","0.380","0.341","0.384","0.337","2.01%"
"2023-08-14","0.373","0.332","0.373","0.332","12.44%"
"2023-08-13","0.331","0.349","0.349","0.316","-5.02%"
"2023-08-11","0.349","0.349","0.349","0.349","0.00%"
"2023-08-10","0.349","0.314","0.349","0.313","2.95%"
"2023-08-09","0.339","0.314","0.350","0.302","5.05%"
"2023-08-08","0.322","0.332","0.360","0.313","-0.77%"
"2023-08-07","0.325","0.330","0.365","0.317","-1.34%"
"2023-08-06","0.329","0.341","0.365","0.327","-3.49%"
"2023-08-05","0.341","0.341","0.341","0.341","-6.49%"
"2023-08-04","0.365","0.346","0.375","0.338","-3.31%"
"2023-08-03","0.377","0.321","0.385","0.321","21.03%"
"2023-08-02","0.312","0.294","0.355","0.294","-4.03%"
"2023-08-01","0.325","0.289","0.325","0.284","12.81%"
"2023-07-31","0.288","0.276","0.320","0.276","4.99%"
"2023-07-30","0.274","0.289","0.289","0.266","-4.99%"
"2023-07-29","0.289","0.289","0.289","0.289","0.00%"
"2023-07-28","0.289","0.261","0.292","0.237","20.94%"
"2023-07-27","0.239","0.219","0.264","0.206","11.38%"
"2023-07-26","0.214","0.213","0.241","0.209","-10.22%"
"2023-07-25","0.239","0.218","0.239","0.211","0.55%"
"2023-07-24","0.237","0.215","0.244","0.210","10.77%"
"2023-07-23","0.214","0.234","0.234","0.203","-8.30%"
"2023-07-21","0.234","0.249","0.268","0.194","-13.02%"
"2023-07-20","0.269","0.234","0.269","0.226","13.75%"
"2023-07-19","0.236","0.239","0.271","0.235","-11.66%"
"2023-07-18","0.268","0.257","0.289","0.237","-4.91%"
"2023-07-17","0.281","0.281","0.281","0.252","0.00%"
"2023-07-16","0.281","0.281","0.281","0.281","0.00%"
"2023-07-14","0.281","0.247","0.289","0.246","17.80%"
"2023-07-13","0.239","0.248","0.269","0.234","-4.48%"
"2023-07-12","0.250","0.239","0.286","0.236","-6.12%"
"2023-07-11","0.266","0.243","0.274","0.233","-3.62%"
"2023-07-10","0.276","0.244","0.279","0.213","13.94%"
"2023-07-09","0.243","0.232","0.260","0.232","-6.73%"
"2023-07-08","0.260","0.260","0.260","0.260","0.00%"
"2023-07-07","0.260","0.214","0.261","0.214","10.03%"
"2023-07-06","0.236","0.188","0.236","0.185","31.28%"
"2023-07-05","0.180","0.188","0.211","0.180","-15.29%"
"2023-07-04","0.213","0.196","0.218","0.186","-2.88%"
"2023-07-03","0.219","0.196","0.224","0.191","11.12%"
"2023-07-02","0.197","0.222","0.222","0.197","-1.25%"
"2023-07-01","0.199","0.199","0.199","0.199","-10.38%"
"2023-06-30","0.222","0.188","0.225","0.188","2.30%"
"2023-06-29","0.218","0.180","0.218","0.180","17.19%"
"2023-06-28","0.186","0.179","0.211","0.179","-6.64%"
"2023-06-27","0.199","0.158","0.199","0.158","7.46%"
"2023-06-26","0.185","0.168","0.194","0.157","-4.54%"
"2023-06-25","0.194","0.194","0.194","0.194","0.00%"
"2023-06-23","0.194","0.182","0.204","0.166","-5.46%"
"2023-06-22","0.205","0.179","0.205","0.174","14.65%"
"2023-06-21","0.179","0.180","0.206","0.176","-13.83%"
"2023-06-20","0.207","0.191","0.215","0.179","-4.07%"
"2023-06-19","0.216","0.197","0.226","0.188","9.52%"
"2023-06-18","0.198","0.226","0.226","0.197","0.00%"
"2023-06-17","0.198","0.198","0.198","0.198","-12.73%"
"2023-06-16","0.226","0.214","0.231","0.188","-2.67%"
"2023-06-15","0.233","0.203","0.239","0.200","2.20%"
"2023-06-14","0.228","0.209","0.233","0.204","0.53%"
"2023-06-13","0.226","0.207","0.231","0.196","-3.70%"
"2023-06-12","0.235","0.210","0.239","0.205","11.59%"
"2023-06-11","0.211","0.212","0.240","0.211","-12.25%"
"2023-06-09","0.240","0.216","0.246","0.210","-1.56%"
"2023-06-08","0.244","0.216","0.249","0.209","15.76%"
"2023-06-07","0.211","0.208","0.240","0.205","1.79%"
"2023-06-06","0.207","0.215","0.245","0.206","-16.00%"
"2023-06-05","0.246","0.211","0.249","0.211","17.29%"
"2023-06-04","0.210","0.203","0.239","0.203","-12.06%"
"2023-06-02","0.239","0.206","0.239","0.203","0.00%"
"2023-06-01","0.239","0.218","0.249","0.206","-4.02%"
"2023-05-31","0.249","0.217","0.250","0.211","-0.48%"
"2023-05-30","0.250","0.222","0.257","0.218","8.70%"
"2023-05-29","0.230","0.231","0.260","0.219","0.00%"
"2023-05-28","0.230","0.260","0.260","0.228","-11.54%"
"2023-05-26","0.260","0.244","0.266","0.224","13.64%"
"2023-05-25","0.229","0.220","0.266","0.219","4.57%"
"2023-05-24","0.219","0.219","0.254","0.216","-0.82%"
"2023-05-23","0.221","0.211","0.252","0.208","6.62%"
"2023-05-22","0.207","0.212","0.244","0.205","-2.91%"
"2023-05-21","0.213","0.243","0.244","0.213","-12.59%"
"2023-05-19","0.244","0.220","0.250","0.213","0.54%"
"2023-05-18","0.243","0.198","0.243","0.196","25.97%"
"2023-05-17","0.192","0.206","0.236","0.186","-19.39%"
"2023-05-16","0.239","0.216","0.244","0.201","-2.53%"
"2023-05-15","0.245","0.199","0.246","0.199","23.24%"
"2023-05-14","0.199","0.225","0.225","0.194","-11.64%"
"2023-05-13","0.225","0.225","0.225","0.225","0.00%"
"2023-05-12","0.225","0.196","0.225","0.183","12.50%"
"2023-05-11","0.200","0.204","0.233","0.195","-14.89%"
"2023-05-10","0.235","0.216","0.248","0.205","-5.55%"
"2023-05-09","0.249","0.215","0.251","0.215","18.82%"
"2023-05-08","0.209","0.212","0.240","0.207","-1.74%"
"2023-05-07","0.213","0.218","0.239","0.213","-2.02%"
"2023-05-06","0.218","0.218","0.218","0.218","-8.42%"
"2023-05-05","0.237","0.237","0.237","0.237","0.00%"
"2023-05-04","0.237","0.237","0.237","0.237","0.00%"
"2023-05-03","0.237","0.237","0.237","0.237","-1.57%"
"2023-05-02","0.241","0.215","0.249","0.212","14.90%"
"2023-05-01","0.210","0.203","0.231","0.201","4.32%"
"2023-04-30","0.201","0.196","0.231","0.196","-12.97%"
"2023-04-29","0.231","0.231","0.231","0.231","0.00%"
"2023-04-28","0.231","0.243","0.262","0.197","0.00%"
"2023-04-27","0.231","0.222","0.265","0.221","4.24%"
"2023-04-26","0.222","0.214","0.256","0.214","-3.02%"
"2023-04-25","0.229","0.228","0.262","0.213","-12.44%"
"2023-04-24","0.261","0.240","0.266","0.226","8.88%"
"2023-04-23","0.240","0.236","0.265","0.236","-9.43%"
"2023-04-21","0.265","0.239","0.273","0.229","-3.21%"
"2023-04-20","0.274","0.246","0.289","0.237","6.33%"
"2023-04-19","0.257","0.246","0.292","0.246","-8.46%"
"2023-04-18","0.281","0.257","0.291","0.248","-3.00%"
"2023-04-17","0.290","0.251","0.295","0.251","16.00%"
"2023-04-16","0.250","0.282","0.282","0.240","-11.50%"
"2023-04-14","0.282","0.236","0.282","0.236","6.08%"
"2023-04-13","0.266","0.228","0.270","0.148","14.24%"
"2023-04-12","0.233","0.244","0.271","0.228","-14.46%"
"2023-04-11","0.273","0.244","0.289","0.231","7.92%"
"2023-04-10","0.252","0.261","0.290","0.245","-1.71%"
"2023-04-09","0.257","0.290","0.290","0.254","0.98%"
"2023-04-08","0.254","0.254","0.254","0.254","0.00%"
"2023-04-07","0.254","0.252","0.257","0.249","-11.91%"
"2023-04-06","0.289","0.253","0.294","0.249","11.08%"
"2023-04-05","0.260","0.247","0.300","0.246","1.44%"
"2023-04-04","0.256","0.247","0.295","0.244","-11.25%"
"2023-04-03","0.289","0.254","0.294","0.246","14.11%"
"2023-04-02","0.253","0.290","0.290","0.251","1.00%"
"2023-04-01","0.251","0.251","0.251","0.251","-13.59%"
"2023-03-31","0.290","0.248","0.295","0.241","4.02%"
"2023-03-30","0.279","0.241","0.280","0.231","8.27%"
"2023-03-29","0.257","0.224","0.266","0.213","11.67%"
"2023-03-28","0.231","0.237","0.265","0.220","-12.59%"
"2023-03-27","0.264","0.204","0.264","0.203","29.06%"
"2023-03-26","0.204","0.235","0.235","0.193","-13.02%"
"2023-03-24","0.235","0.207","0.248","0.191","10.59%"
"2023-03-23","0.213","0.210","0.262","0.206","-7.61%"
"2023-03-22","0.230","0.222","0.271","0.198","37.31%"
"2023-03-21","0.168","0.168","0.237","0.168","-22.56%"
"2023-03-20","0.216","0.210","0.254","0.165","2.37%"
"2023-03-19","0.211","0.233","0.254","0.204","-16.71%"
"2023-03-17","0.254","0.222","0.296","0.213","7.36%"
"2023-03-16","0.236","0.170","0.245","0.168","13.17%"
"2023-03-15","0.209","0.219","0.291","0.153","12.50%"
"2023-03-14","0.186","0.183","0.244","0.143","-28.97%"
"2023-03-13","0.261","0.320","0.374","0.168","-18.67%"
"2023-03-12","0.321","0.374","0.374","0.320","-5.17%"
"2023-03-11","0.339","0.339","0.339","0.339","-9.36%"
"2023-03-10","0.374","0.366","0.389","0.319","-11.80%"
"2023-03-09","0.424","0.347","0.431","0.347","21.50%"
"2023-03-08","0.349","0.355","0.394","0.347","-11.13%"
"2023-03-07","0.393","0.354","0.394","0.341","-0.33%"
"2023-03-06","0.394","0.347","0.394","0.347","13.52%"
"2023-03-05","0.347","0.390","0.390","0.346","-11.05%"
"2023-03-04","0.390","0.390","0.390","0.390","0.00%"
"2023-03-03","0.390","0.355","0.400","0.345","-2.82%"
"2023-03-02","0.401","0.354","0.403","0.351","14.23%"
"2023-03-01","0.351","0.400","0.403","0.341","-1.40%"
"2023-02-28","0.356","0.364","0.416","0.349","-3.86%"
"2023-02-27","0.371","0.371","0.419","0.366","-0.35%"
"2023-02-26","0.372","0.369","0.419","0.369","-11.20%"
"2023-02-24","0.419","0.382","0.431","0.369","7.91%"
"2023-02-23","0.388","0.388","0.388","0.382","0.00%"
"2023-02-22","0.388","0.396","0.434","0.381","-10.78%"
"2023-02-21","0.435","0.376","0.435","0.375","16.00%"
"2023-02-20","0.375","0.369","0.425","0.369","1.35%"
"2023-02-19","0.370","0.425","0.425","0.369","-12.94%"
"2023-02-17","0.425","0.416","0.429","0.416","2.41%"
"2023-02-16","0.415","0.372","0.415","0.366","0.00%"
"2023-02-15","0.415","0.369","0.415","0.358","1.22%"
"2023-02-14","0.410","0.373","0.420","0.359","-2.68%"
"2023-02-13","0.421","0.403","0.447","0.371","4.83%"
"2023-02-12","0.402","0.447","0.447","0.402","-10.45%"
"2023-02-10","0.449","0.387","0.459","0.387","17.52%"
"2023-02-09","0.382","0.373","0.428","0.373","-9.07%"
"2023-02-08","0.420","0.374","0.420","0.371","12.18%"
"2023-02-07","0.374","0.386","0.423","0.374","-0.48%"
"2023-02-06","0.376","0.365","0.424","0.363","3.24%"
"2023-02-05","0.364","0.411","0.411","0.357","-11.40%"
"2023-02-03","0.411","0.351","0.411","0.351","2.49%"
"2023-02-02","0.401","0.359","0.415","0.351","8.08%"
"2023-02-01","0.371","0.372","0.416","0.357","-10.81%"
"2023-01-31","0.416","0.382","0.424","0.364","-2.05%"
"2023-01-30","0.425","0.382","0.425","0.370","10.94%"
"2023-01-29","0.383","0.416","0.416","0.383","-2.25%"
"2023-01-27","0.392","0.366","0.417","0.363","3.13%"
"2023-01-26","0.380","0.351","0.381","0.347","8.57%"
"2023-01-25","0.350","0.369","0.381","0.335","-5.41%"
"2023-01-24","0.370","0.333","0.371","0.333","-0.35%"
"2023-01-23","0.371","0.337","0.371","0.319","10.41%"
"2023-01-22","0.336","0.369","0.369","0.331","1.91%"
"2023-01-21","0.330","0.369","0.369","0.330","-10.20%"
"2023-01-20","0.368","0.369","0.369","0.315","0.00%"
"2023-01-19","0.368","0.347","0.385","0.304","-5.48%"
"2023-01-18","0.389","0.420","0.431","0.308","-13.85%"
"2023-01-17","0.451","0.442","0.474","0.414","-4.99%"
"2023-01-16","0.475","0.484","0.534","0.428","-2.06%"
"2023-01-15","0.485","0.486","0.534","0.484","-0.12%"
"2023-01-14","0.486","0.486","0.486","0.486","-9.23%"
"2023-01-13","0.535","0.504","0.551","0.477","-1.83%"
"2023-01-12","0.545","0.456","0.549","0.456","24.20%"
"2023-01-11","0.439","0.446","0.495","0.431","-11.59%"
"2023-01-10","0.496","0.413","0.499","0.412","9.68%"
"2023-01-09","0.452","0.419","0.452","0.412","0.00%"
"2023-01-08","0.452","0.452","0.452","0.452","0.00%"
"2023-01-06","0.452","0.470","0.504","0.412","-10.40%"
"2023-01-05","0.505","0.520","0.553","0.468","-8.81%"
"2023-01-04","0.554","0.504","0.556","0.501","11.03%"
"2023-01-03","0.499","0.499","0.505","0.499","-6.54%"
"2023-01-02","0.534","0.534","0.534","0.534","0.00%"
"2023-01-01","0.534","0.534","0.534","0.534","0.00%"
"2022-12-30","0.534","0.500","0.534","0.496","0.23%"
"2022-12-29","0.533","0.489","0.539","0.487","2.40%"
"2022-12-28","0.520","0.481","0.522","0.481","8.76%"
"2022-12-27","0.478","0.469","0.486","0.469","2.14%"
"2022-12-26","0.468","0.465","0.501","0.447","0.39%"
"2022-12-25","0.466","0.501","0.501","0.466","-0.26%"
"2022-12-23","0.468","0.442","0.507","0.442","1.34%"
"2022-12-22","0.461","0.464","0.491","0.434","-6.34%"
"2022-12-21","0.493","0.407","0.516","0.407","13.53%"
"2022-12-20","0.434","0.309","0.451","0.303","30.94%"
"2022-12-19","0.331","0.299","0.331","0.299","10.65%"
"2022-12-18","0.299","0.308","0.308","0.290","-2.63%"
"2022-12-16","0.308","0.295","0.315","0.287","-2.75%"
"2022-12-15","0.316","0.277","0.316","0.277","17.11%"
"2022-12-14","0.270","0.266","0.295","0.266","-4.86%"
"2022-12-13","0.284","0.281","0.296","0.266","-5.81%"
"2022-12-12","0.301","0.284","0.301","0.276","6.43%"
"2022-12-11","0.283","0.289","0.289","0.278","2.72%"
"2022-12-10","0.276","0.276","0.276","0.276","-4.57%"
"2022-12-09","0.289","0.279","0.300","0.273","-4.15%"
"2022-12-08","0.301","0.271","0.305","0.269","6.17%"
"2022-12-07","0.284","0.287","0.311","0.271","-9.53%"
"2022-12-06","0.314","0.276","0.320","0.276","4.99%"
"2022-12-05","0.299","0.264","0.299","0.264","1.29%"
"2022-12-04","0.295","0.295","0.295","0.295","0.00%"
"2022-12-02","0.295","0.256","0.295","0.254","12.38%"
"2022-12-01","0.262","0.261","0.292","0.254","-11.02%"
"2022-11-30","0.295","0.261","0.295","0.260","6.77%"
"2022-11-29","0.276","0.278","0.281","0.252","0.00%"
"2022-11-28","0.276","0.255","0.276","0.253","0.00%"
"2022-11-27","0.276","0.276","0.276","0.276","0.00%"
"2022-11-25","0.276","0.237","0.276","0.237","7.80%"
"2022-11-24","0.256","0.226","0.256","0.222","11.73%"
"2022-11-23","0.229","0.229","0.229","0.224","-8.24%"
"2022-11-22","0.250","0.226","0.251","0.225","3.61%"
"2022-11-21","0.241","0.223","0.245","0.219","7.82%"
"2022-11-20","0.224","0.239","0.239","0.224","-6.28%"
"2022-11-18","0.239","0.211","0.243","0.209","9.14%"
"2022-11-17","0.219","0.186","0.219","0.186","4.79%"
"2022-11-16","0.209","0.196","0.221","0.188","-4.00%"
"2022-11-15","0.218","0.211","0.234","0.196","-7.45%"
"2022-11-14","0.235","0.201","0.241","0.201","6.82%"
"2022-11-13","0.220","0.220","0.220","0.220","10.66%"
"2022-11-12","0.199","0.199","0.199","0.199","-9.64%"
"2022-11-11","0.220","0.189","0.246","0.189","-11.11%"
"2022-11-10","0.248","0.233","0.269","0.185","1.81%"
"2022-11-09","0.243","0.248","0.284","0.233","-14.70%"
"2022-11-08","0.285","0.264","0.290","0.246","7.55%"
"2022-11-07","0.265","0.268","0.300","0.261","-1.16%"
"2022-11-06","0.268","0.269","0.300","0.268","-0.26%"
"2022-11-04","0.269","0.243","0.300","0.243","18.47%"
"2022-11-03","0.227","0.228","0.242","0.228","-11.47%"
"2022-11-02","0.256","0.225","0.259","0.224","2.52%"
"2022-11-01","0.250","0.216","0.250","0.214","14.94%"
"2022-10-31","0.218","0.211","0.245","0.205","2.64%"
"2022-10-30","0.212","0.206","0.234","0.206","3.06%"
"2022-10-29","0.206","0.206","0.206","0.206","-12.06%"
"2022-10-28","0.234","0.201","0.236","0.193","9.05%"
"2022-10-27","0.214","0.228","0.259","0.198","-7.78%"
"2022-10-26","0.233","0.247","0.284","0.219","-18.42%"
"2022-10-25","0.285","0.285","0.311","0.248","0.00%"
"2022-10-24","0.285","0.299","0.333","0.274","-5.19%"
"2022-10-23","0.301","0.333","0.333","0.301","-9.59%"
"2022-10-21","0.333","0.269","0.333","0.269","12.22%"
"2022-10-20","0.296","0.259","0.299","0.259","5.33%"
"2022-10-19","0.281","0.252","0.282","0.246","0.00%"
"2022-10-18","0.281","0.248","0.282","0.248","13.38%"
"2022-10-17","0.248","0.231","0.276","0.231","8.15%"
"2022-10-16","0.229","0.224","0.256","0.224","2.50%"
"2022-10-15","0.224","0.224","0.224","0.224","-12.68%"
"2022-10-14","0.256","0.228","0.264","0.219","-3.28%"
"2022-10-13","0.265","0.227","0.268","0.224","17.78%"
"2022-10-12","0.225","0.226","0.255","0.221","0.00%"
"2022-10-11","0.225","0.222","0.257","0.188","-6.25%"
"2022-10-10","0.240","0.240","0.240","0.213","0.00%"
"2022-10-09","0.240","0.240","0.240","0.240","13.26%"
"2022-10-07","0.212","0.215","0.240","0.207","-9.37%"
"2022-10-06","0.234","0.203","0.234","0.197","3.31%"
"2022-10-05","0.226","0.196","0.226","0.191","19.11%"
"2022-10-04","0.190","0.201","0.234","0.188","-21.26%"
"2022-10-03","0.241","0.225","0.252","0.198","6.63%"
"2022-10-02","0.226","0.250","0.250","0.226","0.85%"
"2022-10-01","0.224","0.224","0.224","0.224","0.00%"
"2022-09-30","0.224","0.234","0.262","0.224","-8.18%"
"2022-09-29","0.244","0.230","0.274","0.228","-11.13%"
"2022-09-28","0.275","0.255","0.286","0.228","-0.47%"
"2022-09-27","0.276","0.248","0.289","0.246","3.76%"
"2022-09-26","0.266","0.211","0.270","0.211","27.17%"
"2022-09-25","0.209","0.229","0.229","0.186","13.56%"
"2022-09-24","0.184","0.184","0.184","0.184","0.00%"
"2022-09-23","0.184","0.184","0.184","0.184","-19.41%"
"2022-09-22","0.229","0.218","0.251","0.184","5.49%"
"2022-09-21","0.217","0.237","0.266","0.210","-18.92%"
"2022-09-20","0.268","0.213","0.268","0.208","11.46%"
"2022-09-19","0.240","0.240","0.240","0.213","0.00%"
"2022-09-18","0.240","0.240","0.240","0.240","12.94%"
"2022-09-16","0.213","0.199","0.243","0.199","-8.13%"
"2022-09-15","0.231","0.188","0.233","0.186","3.35%"
"2022-09-14","0.224","0.191","0.229","0.184","7.18%"
"2022-09-13","0.209","0.180","0.209","0.171","-0.57%"
"2022-09-12","0.210","0.191","0.219","0.179","10.88%"
"2022-09-11","0.189","0.219","0.219","0.189","-13.91%"
"2022-09-09","0.220","0.204","0.228","0.190","-3.85%"
"2022-09-08","0.229","0.197","0.234","0.188","14.06%"
"2022-09-07","0.201","0.207","0.241","0.194","-9.35%"
"2022-09-06","0.221","0.169","0.221","0.165","10.65%"
"2022-09-05","0.200","0.171","0.201","0.165","16.75%"
"2022-09-04","0.171","0.200","0.200","0.169","-14.35%"
"2022-09-03","0.200","0.200","0.200","0.200","0.00%"
"2022-09-02","0.200","0.168","0.207","0.166","21.21%"
"2022-09-01","0.165","0.156","0.192","0.156","9.05%"
"2022-08-31","0.151","0.149","0.184","0.149","0.87%"
"2022-08-30","0.150","0.166","0.186","0.150","-13.64%"
"2022-08-29","0.174","0.154","0.175","0.153","15.80%"
"2022-08-28","0.150","0.174","0.174","0.144","4.82%"
"2022-08-27","0.143","0.143","0.143","0.143","-17.62%"
"2022-08-26","0.174","0.137","0.176","0.134","0.70%"
"2022-08-25","0.172","0.153","0.174","0.135","1.47%"
"2022-08-24","0.170","0.142","0.170","0.133","25.93%"
"2022-08-23","0.135","0.147","0.161","0.132","-3.57%"
"2022-08-22","0.140","0.137","0.165","0.136","1.82%"
"2022-08-21","0.138","0.156","0.156","0.130","-12.03%"
"2022-08-19","0.156","0.118","0.156","0.117","13.67%"
"2022-08-18","0.138","0.122","0.142","0.115","-2.62%"
"2022-08-17","0.141","0.114","0.144","0.110","29.07%"
"2022-08-16","0.109","0.108","0.132","0.105","-15.85%"
"2022-08-15","0.130","0.111","0.139","0.105","16.18%"
"2022-08-14","0.112","0.138","0.139","0.111","-4.77%"
"2022-08-12","0.117","0.111","0.139","0.108","-4.08%"
"2022-08-11","0.123","0.105","0.111","0.105","0.00%"
"2022-08-10","0.123","0.088","0.131","0.087","12.59%"
"2022-08-09","0.109","0.087","0.110","0.085","-2.25%"
"2022-08-08","0.111","0.093","0.115","0.088","21.11%"
"2022-08-07","0.092","0.115","0.115","0.088","8.12%"
"2022-08-05","0.085","0.079","0.115","0.078","0.00%"
"2022-08-04","0.085","0.084","0.109","0.078","-21.88%"
"2022-08-03","0.109","0.087","0.110","0.083","10.12%"
"2022-08-02","0.099","0.079","0.104","0.073","-7.06%"
"2022-08-01","0.106","0.094","0.116","0.080","14.18%"
"2022-07-31","0.093","0.115","0.116","0.093","0.65%"
"2022-07-30","0.093","0.093","0.093","0.093","-20.46%"
"2022-07-29","0.116","0.091","0.120","0.083","-6.96%"
"2022-07-28","0.125","0.111","0.144","0.090","10.52%"
"2022-07-27","0.113","0.107","0.150","0.107","-19.90%"
"2022-07-26","0.141","0.112","0.144","0.107","29.07%"
"2022-07-25","0.109","0.103","0.150","0.097","6.73%"
"2022-07-24","0.102","0.134","0.135","0.102","-25.45%"
"2022-07-22","0.138","0.141","0.188","0.112","-27.17%"
"2022-07-21","0.189","0.161","0.196","0.141","18.89%"
"2022-07-20","0.159","0.168","0.195","0.159","-3.05%"
"2022-07-19","0.164","0.161","0.196","0.158","-14.91%"
"2022-07-18","0.192","0.192","0.192","0.160","0.00%"
"2022-07-17","0.192","0.192","0.192","0.192","-0.67%"
"2022-07-15","0.194","0.170","0.199","0.158","-1.87%"
"2022-07-14","0.198","0.152","0.200","0.150","30.54%"
"2022-07-13","0.151","0.150","0.185","0.149","-13.54%"
"2022-07-12","0.175","0.156","0.181","0.145","-5.41%"
"2022-07-11","0.185","0.157","0.194","0.156","18.36%"
"2022-07-10","0.156","0.179","0.179","0.152","-12.58%"
"2022-07-08","0.179","0.139","0.179","0.139","10.03%"
"2022-07-07","0.162","0.130","0.164","0.117","29.38%"
"2022-07-06","0.126","0.137","0.169","0.126","-26.12%"
"2022-07-05","0.170","0.153","0.183","0.138","-7.51%"
"2022-07-04","0.184","0.138","0.185","0.134","32.42%"
"2022-07-03","0.139","0.176","0.176","0.139","-21.27%"
"2022-07-01","0.176","0.161","0.196","0.150","-10.73%"
"2022-06-30","0.198","0.186","0.219","0.162","5.33%"
"2022-06-29","0.188","0.195","0.226","0.183","-17.15%"
"2022-06-28","0.226","0.192","0.228","0.186","2.86%"
"2022-06-27","0.220","0.171","0.222","0.162","29.41%"
"2022-06-26","0.170","0.194","0.194","0.167","-12.28%"
"2022-06-24","0.194","0.183","0.216","0.159","-10.40%"
"2022-06-23","0.216","0.219","0.254","0.181","-3.61%"
"2022-06-22","0.224","0.223","0.261","0.220","-12.85%"
"2022-06-21","0.257","0.227","0.257","0.216","0.47%"
"2022-06-20","0.256","0.219","0.261","0.219","14.88%"
"2022-06-19","0.223","0.261","0.261","0.222","-3.25%"
"2022-06-18","0.231","0.231","0.231","0.231","-11.75%"
"2022-06-17","0.261","0.290","0.335","0.225","-22.30%"
"2022-06-16","0.336","0.271","0.345","0.241","7.82%"
"2022-06-15","0.312","0.254","0.355","0.252","2.67%"
"2022-06-14","0.304","0.244","0.304","0.244","25.28%"
"2022-06-13","0.243","0.157","0.243","0.151","53.38%"
"2022-06-12","0.158","0.183","0.183","0.143","-13.37%"
"2022-06-10","0.183","0.126","0.183","0.126","13.14%"
"2022-06-09","0.161","0.118","0.162","0.114","40.26%"
"2022-06-08","0.115","0.104","0.140","0.104","-10.71%"
"2022-06-07","0.129","0.101","0.134","0.101","29.58%"
"2022-06-06","0.099","0.099","0.138","0.094","1.33%"
"2022-06-05","0.098","0.136","0.138","0.093","6.75%"
"2022-06-04","0.092","0.092","0.092","0.092","0.00%"
"2022-06-03","0.092","0.108","0.109","0.086","-15.53%"
"2022-06-02","0.109","0.119","0.121","0.102","-8.42%"
"2022-06-01","0.119","0.129","0.146","0.117","-18.80%"
"2022-05-31","0.146","0.114","0.147","0.113","13.59%"
"2022-05-30","0.129","0.107","0.131","0.106","21.97%"
"2022-05-29","0.106","0.108","0.108","0.104","-14.70%"
"2022-05-28","0.124","0.109","0.124","0.109","0.00%"
"2022-05-27","0.124","0.114","0.129","0.106","12.55%"
"2022-05-26","0.110","0.099","0.130","0.097","10.66%"
"2022-05-25","0.099","0.106","0.125","0.094","-21.30%"
"2022-05-24","0.126","0.126","0.147","0.106","-1.41%"
"2022-05-23","0.128","0.128","0.153","0.125","0.47%"
"2022-05-22","0.127","0.151","0.153","0.127","-15.73%"
"2022-05-21","0.151","0.131","0.151","0.131","0.00%"
"2022-05-20","0.151","0.142","0.159","0.128","8.54%"
"2022-05-19","0.139","0.142","0.164","0.139","-3.06%"
"2022-05-18","0.144","0.148","0.169","0.135","-15.41%"
"2022-05-17","0.170","0.142","0.170","0.142","3.03%"
"2022-05-16","0.165","0.145","0.169","0.141","12.78%"
"2022-05-15","0.146","0.169","0.169","0.146","0.48%"
"2022-05-14","0.146","0.146","0.146","0.146","0.00%"
"2022-05-13","0.146","0.145","0.169","0.142","-14.35%"
"2022-05-12","0.170","0.159","0.188","0.146","5.85%"
"2022-05-11","0.161","0.164","0.190","0.159","-13.19%"
"2022-05-10","0.185","0.166","0.192","0.161","-4.54%"
"2022-05-09","0.194","0.165","0.195","0.165","18.82%"
"2022-05-08","0.163","0.174","0.174","0.163","-6.10%"
"2022-05-07","0.174","0.161","0.174","0.161","0.00%"
"2022-05-06","0.174","0.150","0.174","0.147","12.06%"
"2022-05-05","0.155","0.147","0.151","0.145","0.00%"
"2022-05-04","0.155","0.155","0.155","0.155","0.00%"
"2022-05-03","0.155","0.155","0.155","0.155","7.79%"
"2022-05-02","0.144","0.145","0.156","0.142","0.49%"
"2022-05-01","0.143","0.141","0.156","0.141","-8.45%"
"2022-04-30","0.156","0.156","0.156","0.156","0.00%"
"2022-04-29","0.156","0.156","0.156","0.156","0.00%"
"2022-04-28","0.156","0.152","0.160","0.134","3.30%"
"2022-04-27","0.151","0.146","0.162","0.142","1.27%"
"2022-04-26","0.149","0.153","0.164","0.144","-6.63%"
"2022-04-25","0.160","0.159","0.170","0.151","-0.37%"
"2022-04-24","0.161","0.170","0.170","0.159","-5.53%"
"2022-04-23","0.170","0.162","0.170","0.162","0.00%"
"2022-04-22","0.170","0.171","0.184","0.161","-4.92%"
"2022-04-21","0.179","0.143","0.180","0.141","22.80%"
"2022-04-20","0.146","0.146","0.157","0.142","2.18%"
"2022-04-19","0.142","0.134","0.145","0.131","5.56%"
"2022-04-18","0.135","0.140","0.141","0.134","-3.98%"
"2022-04-17","0.141","0.135","0.141","0.135","4.15%"
"2022-04-16","0.135","0.135","0.135","0.135","-3.57%"
"2022-04-15","0.140","0.135","0.141","0.134","3.70%"
"2022-04-14","0.135","0.144","0.147","0.126","-10.00%"
"2022-04-13","0.150","0.143","0.153","0.142","0.00%"
"2022-04-12","0.150","0.144","0.155","0.141","-0.86%"
"2022-04-11","0.151","0.138","0.154","0.138","8.07%"
"2022-04-10","0.140","0.140","0.140","0.140","1.82%"
"2022-04-09","0.138","0.138","0.138","0.138","-1.79%"
"2022-04-08","0.140","0.135","0.142","0.130","0.86%"
"2022-04-07","0.139","0.131","0.141","0.131","0.95%"
"2022-04-06","0.138","0.129","0.145","0.129","4.72%"
"2022-04-05","0.131","0.111","0.131","0.108","14.17%"
"2022-04-04","0.115","0.123","0.130","0.112","-6.58%"
"2022-04-03","0.123","0.129","0.130","0.123","-1.05%"
"2022-04-01","0.124","0.093","0.129","0.093","24.40%"
"2022-03-31","0.100","0.138","0.144","0.089","-29.82%"
"2022-03-30","0.142","0.150","0.174","0.126","-16.81%"
"2022-03-29","0.171","0.147","0.172","0.139","15.12%"
"2022-03-28","0.149","0.130","0.159","0.127","14.99%"
"2022-03-27","0.129","0.127","0.129","0.123","1.49%"
"2022-03-26","0.127","0.124","0.127","0.124","-8.93%"
"2022-03-25","0.140","0.121","0.144","0.121","6.71%"
"2022-03-24","0.131","0.116","0.132","0.114","15.29%"
"2022-03-23","0.114","0.114","0.129","0.112","-8.89%"
"2022-03-22","0.125","0.108","0.141","0.101","13.55%"
"2022-03-21","0.110","0.100","0.110","0.100","10.00%"
"2022-03-20","0.100","0.100","0.100","0.100","0.00%"
"2022-03-19","0.100","0.102","0.102","0.100","0.00%"
"2022-03-18","0.100","0.104","0.111","0.097","-2.44%"
"2022-03-17","0.102","0.097","0.116","0.095","3.12%"
"2022-03-16","0.099","0.095","0.115","0.087","3.22%"
"2022-03-15","0.096","0.093","0.104","0.088","-4.84%"
"2022-03-14","0.101","0.086","0.109","0.076","19.91%"
"2022-03-13","0.084","0.076","0.085","0.076","10.62%"
"2022-03-12","0.076","0.080","0.080","0.076","-17.51%"
"2022-03-11","0.093","0.079","0.095","0.076","2.78%"
"2022-03-10","0.090","0.071","0.090","0.065","33.33%"
"2022-03-09","0.068","0.069","0.079","0.061","10.11%"
"2022-03-08","0.061","0.061","0.080","0.052","6.61%"
"2022-03-07","0.058","0.050","0.070","0.047","16.40%"
"2022-03-06","0.049","0.051","0.061","0.047","-3.70%"
"2022-03-04","0.051","0.071","0.079","0.049","-34.82%"
"2022-03-03","0.079","0.060","0.080","0.052","53.41%"
"2022-03-02","0.051","0.053","0.064","0.039","-14.50%"
"2022-03-01","0.060","0.074","0.083","0.047","-30.39%"
"2022-02-28","0.086","0.086","0.101","0.059","0.00%"
"2022-02-27","0.086","0.089","0.090","0.086","-4.22%"
"2022-02-26","0.090","0.090","0.090","0.090","-11.15%"
"2022-02-25","0.101","0.084","0.105","0.078","15.77%"
"2022-02-24","0.087","0.084","0.091","0.072","6.06%"
"2022-02-23","0.083","0.083","0.088","0.083","-2.94%"
"2022-02-22","0.085","0.097","0.099","0.076","-20.11%"
"2022-02-21","0.106","0.101","0.110","0.093","7.69%"
"2022-02-20","0.099","0.102","0.104","0.097","-3.61%"
"2022-02-19","0.102","0.102","0.102","0.102","0.00%"
"2022-02-18","0.102","0.111","0.116","0.102","-15.57%"
"2022-02-17","0.121","0.110","0.126","0.109","7.34%"
"2022-02-16","0.113","0.108","0.124","0.108","-6.76%"
"2022-02-15","0.121","0.101","0.123","0.101","7.73%"
"2022-02-14","0.113","0.093","0.113","0.093","-8.16%"
"2022-02-11","0.123","0.118","0.123","0.118","6.52%"
"2022-02-10","0.115","0.093","0.115","0.089","19.52%"
"2022-02-09","0.096","0.112","0.112","0.089","-13.48%"
"2022-02-08","0.111","0.108","0.124","0.108","0.00%"
"2022-02-07","0.111","0.087","0.114","0.005","26.33%"
"2022-02-06","0.088","0.005","0.091","0.005","1,662.00%"
"2022-02-05","0.005","0.081","0.081","0.005","-95.12%"
"2022-02-04","0.102","0.071","0.104","0.071","32.43%"
"2022-02-03","0.077","0.061","0.077","0.058","14.84%"
"2022-02-02","0.067","0.069","0.070","0.065","-11.43%"
"2022-02-01","0.076","0.077","0.077","0.072","1,422.00%"
"2022-01-31","0.005","0.005","0.005","0.005","-92.57%"
"2022-01-28","0.067","0.066","0.070","0.066","3.70%"
"2022-01-27","0.065","0.065","0.066","0.065","54.89%"
"2022-01-26","0.042","0.042","0.056","0.042","-23.54%"
"2022-01-25","0.055","0.042","0.056","0.042","996.00%"
"2022-01-24","0.005","0.005","0.005","0.005","-88.07%"
"2022-01-22","0.042","0.042","0.042","0.042","-21.83%"
"2022-01-21","0.054","0.054","0.055","0.054","-10.37%"
"2022-01-20","0.060","0.042","0.060","0.042","6.60%"
"2022-01-19","0.056","0.052","0.060","0.042","-1.92%"
"2022-01-18","0.057","0.042","0.058","0.042","-13.46%"
"2022-01-17","0.066","0.058","0.066","0.058","12.99%"
"2022-01-14","0.058","0.056","0.061","0.055","47.36%"
"2022-01-13","0.040","0.042","0.042","0.036","-5.25%"
"2022-01-12","0.042","0.037","0.042","0.037","-3.68%"
"2022-01-11","0.043","0.045","0.045","0.042","770.00%"
"2022-01-10","0.005","0.005","0.005","0.005","-88.81%"
"2022-01-07","0.045","0.030","0.050","0.022","33.83%"
"2022-01-06","0.033","0.028","0.034","0.028","28.96%"
"2022-01-05","0.026","0.013","0.034","0.013","0.00%"
"2022-01-04","0.026","0.022","0.026","0.013","246.67%"
"2022-01-03","0.007","0.005","0.013","0.005","50.00%"
"2022-01-02","0.005","0.005","0.005","0.005","0.00%"
"2022-01-01","0.005","0.005","0.005","0.005","-33.33%"
"2021-12-31","0.007","0.007","0.007","0.007","0.00%"
"2021-12-30","0.007","0.004","0.014","-0.005","141.94%"
"2021-12-29","0.003","0.001","0.003","-0.009","63.16%"
"2021-12-28","0.002","-0.001","0.002","-0.001","-246.15%"
"2021-12-27","-0.001","0.001","0.001","-0.010","116.67%"
"2021-12-26","-0.001","-0.010","-0.001","-0.010","-94.00%"
"2021-12-25","-0.010","-0.010","-0.010","-0.010","-1,766.67%"
"2021-12-24","0.001","0.001","0.003","0.001","-106.00%"
"2021-12-23","-0.010","0.001","0.002","-0.011","669.23%"
"2021-12-22","-0.001","-0.002","0.002","-0.013","-90.58%"
"2021-12-21","-0.014","-0.009","-0.006","-0.018","-31.00%"
"2021-12-20","-0.020","-0.020","-0.009","-0.023","88.68%"
"2021-12-19","-0.011","-0.020","-0.011","-0.020","-47.00%"
"2021-12-18","-0.020","-0.020","-0.020","-0.020","60.00%"
"2021-12-17","-0.013","-0.011","-0.010","-0.020","0.00%"
"2021-12-16","-0.013","-0.009","-0.008","-0.019","25.00%"
"2021-12-15","-0.010","-0.007","-0.007","-0.020","-42.86%"
"2021-12-14","-0.018","-0.011","-0.007","-0.019","75.00%"
"2021-12-13","-0.010","-0.007","-0.006","-0.019","44.93%"
"2021-12-12","-0.007","-0.014","-0.006","-0.014","-50.00%"
"2021-12-11","-0.014","-0.005","-0.005","-0.014","84.00%"
"2021-12-10","-0.007","-0.008","-0.004","-0.018","-25.00%"
"2021-12-09","-0.010","-0.004","0.001","-0.019","33.33%"
"2021-12-08","-0.007","-0.004","-0.003","-0.019","0.00%"
"2021-12-07","-0.007","-0.007","-0.004","-0.019","-40.00%"
"2021-12-06","-0.013","-0.012","-0.007","-0.020","17.92%"
"2021-12-05","-0.011","-0.019","-0.009","-0.019","-6.19%"
"2021-12-03","-0.011","-0.010","0.001","-0.019","28.41%"
"2021-12-02","-0.009","-0.009","-0.005","-0.021","-29.60%"
"2021-12-01","-0.013","-0.007","-0.006","-0.020","25.00%"
"2021-11-30","-0.010","-0.002","-0.002","-0.021","669.23%"
"2021-11-29","-0.001","0.001","0.001","-0.011","-316.67%"
"2021-11-28","0.001","-0.010","0.002","-0.010","-106.00%"
"2021-11-27","-0.010","-0.001","-0.001","-0.010","669.23%"
"2021-11-26","-0.001","0.005","0.005","-0.011","-120.63%"
"2021-11-25","0.006","0.006","0.006","0.003","-16.00%"
"2021-11-24","0.007","0.010","0.011","-0.007","19.05%"
"2021-11-23","0.006","0.005","0.011","0.002","65.79%"
"2021-11-22","0.004","0.001","0.004","-0.009","533.33%"
"2021-11-21","0.001","-0.007","0.006","-0.007","-108.00%"
"2021-11-20","-0.007","-0.007","-0.007","-0.007","0.00%"
"2021-11-19","-0.007","0.006","0.007","-0.007","97.37%"
"2021-11-18","-0.004","0.006","0.011","-0.004","-200.00%"
"2021-11-17","0.004","0.008","0.011","-0.005","52.00%"
"2021-11-16","0.002","0.008","0.010","-0.006","0.00%"
"2021-11-15","0.002","0.008","0.011","-0.006","-71.59%"
"2021-11-14","0.009","-0.001","0.009","-0.001","-776.92%"
"2021-11-13","-0.001","0.009","0.009","-0.001","-111.50%"
"2021-11-12","0.011","0.002","0.013","-0.006","-250.67%"
"2021-11-11","-0.007","0.002","0.005","-0.009","50.00%"
"2021-11-10","-0.005","-0.002","0.002","-0.018","-20.63%"
"2021-11-09","-0.006","-0.002","-0.001","-0.006","-49.60%"
"2021-11-08","-0.013","-0.007","-0.002","-0.018","81.16%"
"2021-11-07","-0.007","-0.016","-0.006","-0.016","-57.67%"
"2021-11-06","-0.016","-0.016","-0.016","-0.016","0.00%"
"2021-11-05","-0.016","0.008","0.009","-0.016","-358.73%"
"2021-11-04","0.006","0.017","0.017","-0.001","-58.00%"
"2021-11-03","0.015","0.016","0.018","0.015","0.00%"
"2021-11-02","0.015","0.023","0.024","0.005","-42.97%"
"2021-11-01","0.026","0.023","0.028","0.011","20.09%"
"2021-10-31","0.022","0.021","0.022","0.021","-7.98%"
"2021-10-29","0.024","0.023","0.026","0.011","5.78%"
"2021-10-28","0.023","0.021","0.024","0.007","-5.46%"
"2021-10-27","0.024","0.025","0.027","0.011","-9.51%"
"2021-10-26","0.026","0.023","0.035","0.014","90.58%"
"2021-10-25","0.014","0.020","0.026","0.013","-28.87%"
"2021-10-24","0.019","0.015","0.019","0.015","-8.92%"
"2021-10-22","0.021","0.023","0.025","0.011","6.50%"
"2021-10-21","0.020","0.019","0.027","0.009","14.29%"
"2021-10-20","0.018","0.020","0.024","0.007","7.36%"
"2021-10-19","0.016","0.015","0.020","0.005","-6.86%"
"2021-10-18","0.018","0.009","0.019","-0.001","-1,446.15%"
"2021-10-17","-0.001","0.007","0.007","-0.001","-117.33%"
"2021-10-16","0.007","0.007","0.007","0.007","19.05%"
"2021-10-15","0.006","0.006","0.009","-0.002","26.00%"
"2021-10-14","0.005","0.009","0.009","-0.004","-50.00%"
"2021-10-13","0.010","0.011","0.016","0.001","-27.54%"
"2021-10-12","0.014","0.016","0.020","0.001","-15.34%"
"2021-10-11","0.016","0.011","0.019","-0.001","-1,353.85%"
"2021-10-10","-0.001","-0.001","-0.001","-0.001","-112.26%"
"2021-10-09","0.011","0.011","0.011","0.011","-6.19%"
"2021-10-08","0.011","0.009","0.011","-0.002","-228.41%"
"2021-10-07","-0.009","0.005","0.010","-0.011","-239.68%"
"2021-10-06","0.006","0.004","0.011","-0.010","950.00%"
"2021-10-05","0.001","-0.004","0.004","-0.011","-103.68%"
"2021-10-04","-0.016","-0.006","-0.002","-0.019","226.00%"
"2021-10-03","-0.005","-0.003","-0.003","-0.015","-66.67%"
"2021-10-02","-0.015","-0.003","-0.003","-0.015","1,053.85%"
"2021-10-01","-0.001","-0.001","0.001","-0.016","0.00%"
"2021-09-30","-0.001","0.001","0.006","-0.013","-87.00%"
"2021-09-29","-0.010","0.006","0.010","-0.011","163.16%"
"2021-09-28","-0.004","-0.003","0.007","-0.010","0.00%"
"2021-09-27","-0.004","-0.006","-0.004","-0.018","-24.00%"
"2021-09-26","-0.005","-0.018","-0.004","-0.018","-20.63%"
"2021-09-24","-0.006","-0.011","-0.005","-0.026","-68.50%"
"2021-09-23","-0.020","-0.018","-0.010","-0.020","6.38%"
"2021-09-22","-0.019","-0.016","-0.016","-0.027","25.33%"
"2021-09-21","-0.015","-0.015","-0.013","-0.025","20.00%"
"2021-09-20","-0.013","-0.024","-0.012","-0.024","-47.48%"
"2021-09-19","-0.024","-0.024","-0.024","-0.024","100.00%"
"2021-09-18","-0.012","-0.012","-0.012","-0.012","-4.80%"
"2021-09-17","-0.013","-0.014","-0.011","-0.024","-9.42%"
"2021-09-16","-0.014","-0.019","-0.007","-0.030","-31.00%"
"2021-09-15","-0.020","-0.016","-0.016","-0.031","0.00%"
"2021-09-14","-0.020","-0.021","-0.014","-0.030","3.09%"
"2021-09-13","-0.019","-0.013","-0.013","-0.031","63.03%"
"2021-09-12","-0.012","-0.016","-0.012","-0.027","-56.73%"
"2021-09-10","-0.027","-0.023","-0.015","-0.036","22.22%"
"2021-09-09","-0.023","-0.026","-0.023","-0.035","-18.18%"
"2021-09-08","-0.027","-0.024","-0.024","-0.038","0.00%"
"2021-09-07","-0.027","-0.027","-0.023","-0.040","0.00%"
"2021-09-06","-0.027","-0.029","-0.010","-0.041","-10.13%"
"2021-09-05","-0.031","-0.041","-0.030","-0.041","-5.85%"
"2021-09-04","-0.032","-0.032","-0.032","-0.032","-3.85%"
"2021-09-03","-0.034","-0.037","-0.030","-0.045","-9.87%"
"2021-09-02","-0.038","-0.039","-0.036","-0.046","0.00%"
"2021-09-01","-0.038","-0.039","-0.038","-0.051","-9.20%"
"2021-08-31","-0.041","-0.044","-0.036","-0.054","-5.71%"
"2021-08-30","-0.044","-0.044","-0.043","-0.050","-1.35%"
"2021-08-29","-0.044","-0.050","-0.041","-0.050","9.36%"
"2021-08-28","-0.041","-0.041","-0.041","-0.041","0.00%"
"2021-08-27","-0.041","-0.042","-0.041","-0.050","-3.10%"
"2021-08-26","-0.042","-0.039","-0.038","-0.054","-14.14%"
"2021-08-25","-0.049","-0.043","-0.039","-0.054","14.82%"
"2021-08-24","-0.043","-0.047","-0.041","-0.054","-8.21%"
"2021-08-23","-0.046","-0.047","-0.045","-0.059","-2.53%"
"2021-08-22","-0.047","-0.059","-0.046","-0.059","-2.66%"
"2021-08-21","-0.049","-0.049","-0.049","-0.049","2.74%"
"2021-08-20","-0.047","-0.046","-0.046","-0.059","5.56%"
"2021-08-19","-0.045","-0.046","-0.042","-0.055","2.74%"
"2021-08-18","-0.044","-0.046","-0.043","-0.055","-2.67%"
"2021-08-17","-0.045","-0.045","-0.039","-0.055","2.74%"
"2021-08-16","-0.044","-0.046","-0.041","-0.058","-3.95%"
"2021-08-15","-0.046","-0.043","-0.043","-0.052","7.29%"
"2021-08-14","-0.043","-0.052","-0.043","-0.052","0.00%"
"2021-08-13","-0.043","-0.043","-0.043","-0.052","-2.97%"
"2021-08-12","-0.044","-0.041","-0.041","-0.059","12.89%"
"2021-08-11","-0.039","-0.044","-0.032","-0.054","-6.05%"
"2021-08-10","-0.041","-0.044","-0.041","-0.058","-10.80%"
"2021-08-09","-0.046","-0.059","-0.044","-0.059","-21.26%"
"2021-08-08","-0.059","-0.059","-0.059","-0.059","16.21%"
"2021-08-07","-0.051","-0.051","-0.051","-0.051","-13.95%"
"2021-08-06","-0.059","-0.052","-0.044","-0.063","14.62%"
"2021-08-05","-0.051","-0.055","-0.050","-0.068","-10.78%"
"2021-08-04","-0.058","-0.056","-0.053","-0.071","4.55%"
"2021-08-03","-0.055","-0.051","-0.051","-0.066","10.00%"
"2021-08-02","-0.050","-0.048","-0.048","-0.059","2.46%"
"2021-08-01","-0.049","-0.059","-0.048","-0.059","2.74%"
"2021-07-30","-0.047","-0.050","-0.047","-0.051","-5.00%"
"2021-07-29","-0.050","-0.051","-0.048","-0.061","-2.53%"
"2021-07-28","-0.051","-0.051","-0.036","-0.063","10.80%"
"2021-07-27","-0.046","-0.050","-0.036","-0.063","12.11%"
"2021-07-26","-0.041","-0.054","-0.040","-0.066","-22.22%"
"2021-07-25","-0.053","-0.054","-0.053","-0.054","-2.39%"
"2021-07-24","-0.054","-0.054","-0.054","-0.054","28.00%"
"2021-07-23","-0.043","-0.043","-0.043","-0.043","0.00%"
"2021-07-22","-0.043","-0.043","-0.043","-0.043","-10.53%"
"2021-07-21","-0.047","-0.058","-0.038","-0.069","-5.00%"
"2021-07-20","-0.050","-0.059","-0.045","-0.063","11.11%"
"2021-07-19","-0.045","-0.058","-0.043","-0.070","-22.55%"
"2021-07-18","-0.058","-0.065","-0.053","-0.065","11.95%"
"2021-07-17","-0.052","-0.052","-0.052","-0.052","12.10%"
"2021-07-16","-0.046","-0.055","-0.036","-0.065","12.11%"
"2021-07-15","-0.041","-0.051","-0.038","-0.065","3.25%"
"2021-07-14","-0.040","-0.044","-0.038","-0.059","3.09%"
"2021-07-13","-0.039","-0.044","-0.030","-0.056","41.09%"
"2021-07-12","-0.027","-0.038","-0.027","-0.055","-29.12%"
"2021-07-11","-0.039","-0.049","-0.038","-0.049","-4.43%"
"2021-07-10","-0.041","-0.041","-0.041","-0.041","24.92%"
"2021-07-09","-0.032","-0.041","-0.029","-0.058","-3.85%"
"2021-07-08","-0.034","-0.039","-0.031","-0.063","7.99%"
"2021-07-07","-0.031","-0.041","-0.026","-0.052","0.00%"
"2021-07-06","-0.031","-0.034","-0.023","-0.049","31.51%"
"2021-07-05","-0.024","-0.038","-0.021","-0.050","-38.66%"
"2021-07-04","-0.039","-0.046","-0.038","-0.046","29.33%"
"2021-07-02","-0.030","-0.037","-0.021","-0.050","-7.69%"
"2021-07-01","-0.032","-0.036","-0.026","-0.052","0.00%"
"2021-06-30","-0.032","-0.036","-0.025","-0.049","44.44%"
"2021-06-29","-0.023","-0.037","-0.019","-0.046","-21.87%"
"2021-06-28","-0.029","-0.039","-0.024","-0.050","-24.41%"
"2021-06-27","-0.038","-0.039","-0.037","-0.039","52.40%"
"2021-06-25","-0.025","-0.039","-0.024","-0.050","-4.94%"
"2021-06-24","-0.026","-0.031","-0.025","-0.047","5.20%"
"2021-06-23","-0.025","-0.035","-0.025","-0.049","-20.13%"
"2021-06-22","-0.031","-0.036","-0.024","-0.051","8.68%"
"2021-06-21","-0.029","-0.036","-0.025","-0.056","-31.26%"
"2021-06-20","-0.042","-0.034","-0.034","-0.050","-16.20%"
"2021-06-19","-0.050","-0.034","-0.034","-0.050","47.93%"
"2021-06-18","-0.034","-0.041","-0.021","-0.050","0.00%"
"2021-06-17","-0.034","-0.031","-0.023","-0.054","-3.43%"
"2021-06-16","-0.035","-0.038","-0.032","-0.056","21.53%"
"2021-06-15","-0.029","-0.040","-0.029","-0.056","-11.38%"
"2021-06-14","-0.032","-0.043","-0.032","-0.060","-28.73%"
"2021-06-13","-0.046","-0.045","-0.045","-0.060","1.33%"
"2021-06-12","-0.045","-0.045","-0.045","-0.045","15.98%"
"2021-06-11","-0.039","-0.043","-0.035","-0.061","3.47%"
"2021-06-10","-0.038","-0.043","-0.026","-0.055","19.81%"
"2021-06-09","-0.031","-0.034","-0.027","-0.052","13.82%"
"2021-06-08","-0.027","-0.029","-0.024","-0.046","-37.21%"
"2021-06-07","-0.044","-0.029","-0.021","-0.044","32.33%"
"2021-06-06","-0.033","-0.025","-0.025","-0.043","10.33%"
"2021-06-05","-0.030","-0.025","-0.025","-0.030","9.09%"
"2021-06-04","-0.027","-0.024","-0.016","-0.043","68.71%"
"2021-06-03","-0.016","-0.026","-0.016","-0.040","-23.47%"
"2021-06-02","-0.021","-0.024","-0.016","-0.038","30.67%"
"2021-06-01","-0.016","-0.024","-0.016","-0.039","-31.51%"
"2021-05-31","-0.024","-0.026","-0.023","-0.039","-20.67%"
"2021-05-30","-0.030","-0.023","-0.023","-0.039","11.52%"
"2021-05-29","-0.027","-0.023","-0.023","-0.027","19.56%"
"2021-05-28","-0.023","-0.025","-0.016","-0.041","28.57%"
"2021-05-27","-0.018","-0.029","-0.018","-0.044","-30.00%"
"2021-05-26","-0.025","-0.027","-0.021","-0.043","-4.94%"
"2021-05-25","-0.026","-0.027","-0.021","-0.043","16.89%"
"2021-05-24","-0.023","-0.026","-0.021","-0.041","-28.12%"
"2021-05-23","-0.031","-0.024","-0.024","-0.039","31.51%"
"2021-05-22","-0.024","-0.024","-0.024","-0.024","26.60%"
"2021-05-21","-0.019","-0.025","-0.018","-0.040","-11.74%"
"2021-05-20","-0.021","-0.024","-0.018","-0.040","-5.33%"
"2021-05-19","-0.023","-0.026","-0.015","-0.041","5.63%"
"2021-05-18","-0.021","-0.026","-0.019","-0.041","0.00%"
"2021-05-17","-0.021","-0.034","-0.021","-0.044","-35.65%"
"2021-05-16","-0.033","-0.026","-0.026","-0.041","5.75%"
"2021-05-15","-0.031","-0.026","-0.026","-0.031","39.11%"
"2021-05-14","-0.023","-0.025","-0.021","-0.043","5.63%"
"2021-05-13","-0.021","-0.026","-0.015","-0.039","13.30%"
"2021-05-12","-0.019","-0.032","-0.018","-0.044","0.00%"
"2021-05-11","-0.019","-0.029","-0.019","-0.046","-34.72%"
"2021-05-10","-0.029","-0.031","-0.023","-0.046","-20.66%"
"2021-05-09","-0.036","-0.031","-0.031","-0.046","15.97%"
"2021-05-08","-0.031","-0.031","-0.031","-0.031","19.01%"
"2021-05-07","-0.026","-0.029","-0.023","-0.046","-12.33%"
"2021-05-06","-0.030","-0.034","-0.021","-0.046","33.33%"
"2021-05-05","-0.023","-0.023","-0.023","-0.023","0.00%"
"2021-05-04","-0.023","-0.023","-0.023","-0.023","0.00%"
"2021-05-03","-0.023","-0.043","-0.023","-0.043","-47.06%"
"2021-05-02","-0.043","-0.026","-0.026","-0.043","25.74%"
"2021-05-01","-0.034","-0.026","-0.026","-0.034","42.02%"
"2021-04-30","-0.024","-0.029","-0.018","-0.043","-20.67%"
"2021-04-29","-0.030","-0.030","-0.030","-0.030","14.07%"
"2021-04-28","-0.026","-0.030","-0.019","-0.046","5.20%"
"2021-04-27","-0.025","-0.031","-0.024","-0.047","-4.94%"
"2021-04-26","-0.026","-0.035","-0.024","-0.049","-46.11%"
"2021-04-25","-0.049","-0.035","-0.035","-0.049","39.43%"
"2021-04-24","-0.035","-0.035","-0.035","-0.035","16.67%"
"2021-04-23","-0.030","-0.038","-0.026","-0.050","9.09%"
"2021-04-22","-0.027","-0.036","-0.027","-0.051","4.56%"
"2021-04-21","-0.026","-0.038","-0.024","-0.051","-19.08%"
"2021-04-20","-0.032","-0.032","-0.021","-0.046","18.18%"
"2021-04-19","-0.027","-0.029","-0.024","-0.047","-16.92%"
"2021-04-18","-0.033","-0.027","-0.027","-0.043","-22.12%"
"2021-04-17","-0.043","-0.027","-0.027","-0.043","70.00%"
"2021-04-16","-0.025","-0.030","-0.021","-0.043","-16.67%"
"2021-04-15","-0.030","-0.036","-0.021","-0.044","59.57%"
"2021-04-14","-0.019","-0.032","-0.019","-0.046","-34.72%"
"2021-04-13","-0.029","-0.026","-0.019","-0.041","53.19%"
"2021-04-12","-0.019","-0.029","-0.018","-0.044","-44.38%"
"2021-04-11","-0.034","-0.029","-0.029","-0.044","17.36%"
"2021-04-10","-0.029","-0.029","-0.029","-0.029","15.20%"
"2021-04-09","-0.025","-0.036","-0.019","-0.047","-16.67%"
"2021-04-08","-0.030","-0.032","-0.021","-0.049","4.17%"
"2021-04-07","-0.029","-0.031","-0.024","-0.049","9.51%"
"2021-04-06","-0.026","-0.023","-0.018","-0.046","16.89%"
"2021-04-05","-0.023","-0.020","-0.018","-0.038","-18.18%"
"2021-04-04","-0.027","-0.023","-0.023","-0.038","0.00%"
"2021-04-03","-0.027","-0.023","-0.023","-0.027","22.22%"
"2021-04-02","-0.023","-0.021","-0.013","-0.031","5.63%"
"2021-04-01","-0.021","-0.025","-0.005","-0.038","0.00%"
"2021-03-31","-0.021","-0.034","-0.006","-0.046","-26.04%"
"2021-03-30","-0.029","-0.036","-0.021","-0.050","-7.99%"
"2021-03-29","-0.031","-0.035","-0.026","-0.054","-22.91%"
"2021-03-28","-0.041","-0.035","-0.035","-0.050","16.00%"
"2021-03-27","-0.035","-0.035","-0.035","-0.035","3.55%"
"2021-03-26","-0.034","-0.040","-0.027","-0.054","-6.89%"
"2021-03-25","-0.036","-0.041","-0.032","-0.056","-6.44%"
"2021-03-24","-0.039","-0.047","-0.031","-0.059","-6.05%"
"2021-03-23","-0.041","-0.043","-0.034","-0.055","13.77%"
"2021-03-22","-0.036","-0.043","-0.029","-0.055","-25.61%"
"2021-03-21","-0.049","-0.040","-0.040","-0.052","22.00%"
"2021-03-20","-0.040","-0.040","-0.040","-0.040","3.09%"
"2021-03-19","-0.039","-0.050","-0.010","-0.056","14.79%"
"2021-03-18","-0.034","-0.047","-0.027","-0.063","-9.87%"
"2021-03-17","-0.038","-0.050","-0.035","-0.063","-14.38%"
"2021-03-16","-0.044","-0.050","-0.038","-0.065","3.06%"
"2021-03-15","-0.043","-0.038","-0.035","-0.063","7.87%"
"2021-03-14","-0.039","-0.035","-0.035","-0.049","12.57%"
"2021-03-13","-0.035","-0.035","-0.035","-0.035","47.06%"
"2021-03-12","-0.024","-0.041","-0.018","-0.051","-13.45%"
"2021-03-11","-0.027","-0.024","-0.020","-0.055","22.22%"
"2021-03-10","-0.023","-0.025","-0.006","-0.041","63.04%"
"2021-03-09","-0.014","-0.013","-0.011","-0.039","119.05%"
"2021-03-08","-0.006","-0.038","-0.002","-0.039","-83.46%"
"2021-03-07","-0.038","-0.043","-0.038","-0.052","-18.76%"
"2021-03-06","-0.047","-0.043","-0.043","-0.047","78.33%"
"2021-03-05","-0.026","-0.013","-0.013","-0.063","39.89%"
"2021-03-04","-0.019","-0.018","-0.010","-0.041","25.33%"
"2021-03-03","-0.015","-0.038","-0.005","-0.043","-50.00%"
"2021-03-02","-0.030","-0.020","-0.016","-0.047","84.05%"
"2021-03-01","-0.016","-0.018","-0.002","-0.036","-3.55%"
"2021-02-28","-0.017","-0.010","-0.010","-0.025","22.46%"
"2021-02-27","-0.014","-0.010","-0.010","-0.014","961.54%"
"2021-02-26","-0.001","0.005","0.010","-0.027","-200.00%"
"2021-02-25","0.001","-0.019","0.005","-0.034","-105.78%"
"2021-02-24","-0.023","-0.019","-0.007","-0.039","63.04%"
"2021-02-23","-0.014","-0.014","-0.014","-0.025","-26.60%"
"2021-02-22","-0.019","-0.020","-0.010","-0.035","-22.95%"
"2021-02-21","-0.024","-0.025","-0.023","-0.036","-2.40%"
"2021-02-20","-0.025","-0.025","-0.025","-0.025","150.00%"
"2021-02-19","-0.010","-0.030","-0.010","-0.043","-66.67%"
"2021-02-18","-0.030","-0.036","-0.021","-0.049","-4.15%"
"2021-02-17","-0.031","-0.044","-0.024","-0.052","-16.53%"
"2021-02-16","-0.038","-0.050","-0.036","-0.063","-19.01%"
"2021-02-15","-0.046","-0.055","-0.041","-0.072","-24.47%"
"2021-02-14","-0.061","-0.060","-0.059","-0.072","-15.45%"
"2021-02-13","-0.072","-0.060","-0.060","-0.072","48.57%"
"2021-02-12","-0.049","-0.056","-0.046","-0.076","-13.32%"
"2021-02-11","-0.056","-0.056","-0.056","-0.062","4.65%"
"2021-02-10","-0.054","-0.055","-0.044","-0.074","2.48%"
"2021-02-09","-0.052","-0.056","-0.047","-0.070","-2.42%"
"2021-02-08","-0.054","-0.058","-0.046","-0.074","-14.74%"
"2021-02-07","-0.063","-0.063","-0.063","-0.074","0.96%"
"2021-02-06","-0.063","-0.063","-0.063","-0.063","13.64%"
"2021-02-05","-0.055","-0.065","-0.049","-0.076","0.00%"
"2021-02-04","-0.055","-0.065","-0.054","-0.078","-2.31%"
"2021-02-03","-0.056","-0.065","-0.055","-0.081","-8.16%"
"2021-02-02","-0.061","-0.068","-0.060","-0.081","-5.69%"
"2021-02-01","-0.065","-0.068","-0.061","-0.084","-9.60%"
"2021-01-31","-0.072","-0.068","-0.068","-0.083","6.52%"
"2021-01-30","-0.068","-0.068","-0.068","-0.068","5.80%"
"2021-01-29","-0.064","-0.074","-0.058","-0.085","0.00%"
"2021-01-28","-0.064","-0.072","-0.064","-0.087","-5.48%"
"2021-01-27","-0.068","-0.079","-0.063","-0.089","-10.00%"
"2021-01-26","-0.075","-0.078","-0.071","-0.095","-3.23%"
"2021-01-25","-0.078","-0.082","-0.071","-0.097","-6.06%"
"2021-01-24","-0.083","-0.074","-0.074","-0.091","11.79%"
"2021-01-23","-0.074","-0.074","-0.074","-0.074","1.79%"
"2021-01-22","-0.072","-0.078","-0.068","-0.093","-1.76%"
"2021-01-21","-0.074","-0.080","-0.069","-0.095","1.79%"
"2021-01-20","-0.072","-0.070","-0.070","-0.094","11.54%"
"2021-01-19","-0.065","-0.063","-0.060","-0.085","10.54%"
"2021-01-18","-0.059","-0.056","-0.055","-0.080","-2.97%"
"2021-01-17","-0.061","-0.065","-0.059","-0.080","-6.77%"
"2021-01-16","-0.065","-0.065","-0.065","-0.065","6.04%"
"2021-01-15","-0.061","-0.066","-0.058","-0.080","-5.69%"
"2021-01-14","-0.065","-0.069","-0.060","-0.083","1.88%"
"2021-01-13","-0.064","-0.071","-0.060","-0.083","18.59%"
"2021-01-12","-0.054","-0.060","-0.052","-0.080","-29.49%"
"2021-01-11","-0.076","-0.076","-0.064","-0.076","0.00%"
"2021-01-10","-0.076","-0.065","-0.065","-0.076","0.00%"
"2021-01-09","-0.076","-0.065","-0.065","-0.076","32.70%"
"2021-01-08","-0.058","-0.060","-0.055","-0.080","2.13%"
"2021-01-07","-0.056","-0.064","-0.054","-0.079","-6.17%"
"2021-01-06","-0.060","-0.070","-0.056","-0.083","-5.96%"
"2021-01-05","-0.064","-0.068","-0.063","-0.085","0.00%"
"2021-01-04","-0.064","-0.065","-0.055","-0.083","-7.27%"
"2021-01-03","-0.069","-0.063","-0.063","-0.078","10.08%"
"2021-01-02","-0.063","-0.063","-0.063","-0.063","13.64%"
"2021-01-01","-0.055","-0.055","-0.055","-0.055","0.00%"
"2020-12-31","-0.055","-0.055","-0.055","-0.055","-6.46%"
"2020-12-30","-0.059","-0.064","-0.052","-0.079","-2.00%"
"2020-12-29","-0.060","-0.069","-0.056","-0.084","-4.00%"
"2020-12-28","-0.063","-0.068","-0.059","-0.085","-10.71%"
"2020-12-27","-0.070","-0.068","-0.068","-0.085","3.70%"
"2020-12-26","-0.068","-0.068","-0.068","-0.068","14.80%"
"2020-12-25","-0.059","-0.070","-0.058","-0.076","-12.89%"
"2020-12-24","-0.068","-0.069","-0.056","-0.084","5.80%"
"2020-12-23","-0.064","-0.079","-0.059","-0.089","-8.86%"
"2020-12-22","-0.070","-0.072","-0.066","-0.089","9.72%"
"2020-12-21","-0.064","-0.069","-0.064","-0.090","-12.00%"
"2020-12-20","-0.072","-0.069","-0.069","-0.084","5.38%"
"2020-12-19","-0.069","-0.069","-0.069","-0.069","10.08%"
"2020-12-18","-0.063","-0.069","-0.061","-0.085","1.96%"
"2020-12-17","-0.061","-0.071","-0.061","-0.083","-7.54%"
"2020-12-16","-0.066","-0.068","-0.063","-0.085","3.92%"
"2020-12-15","-0.064","-0.073","-0.063","-0.084","-1.85%"
"2020-12-14","-0.065","-0.069","-0.060","-0.087","-10.34%"
"2020-12-13","-0.072","-0.069","-0.069","-0.087","-0.82%"
"2020-12-12","-0.073","-0.069","-0.069","-0.073","6.25%"
"2020-12-11","-0.069","-0.068","-0.063","-0.087","12.23%"
"2020-12-10","-0.061","-0.064","-0.056","-0.081","4.25%"
"2020-12-09","-0.059","-0.064","-0.056","-0.071","0.00%"
"2020-12-08","-0.059","-0.063","-0.058","-0.080","2.26%"
"2020-12-07","-0.058","-0.058","-0.049","-0.078","-8.87%"
"2020-12-06","-0.063","-0.060","-0.060","-0.071","5.17%"
"2020-12-05","-0.060","-0.060","-0.060","-0.060","22.95%"
"2020-12-04","-0.049","-0.061","-0.047","-0.075","-13.32%"
"2020-12-03","-0.056","-0.063","-0.051","-0.075","4.65%"
"2020-12-02","-0.054","-0.061","-0.052","-0.078","4.87%"
"2020-12-01","-0.051","-0.061","-0.051","-0.081","-8.88%"
"2020-11-30","-0.056","-0.064","-0.054","-0.079","-18.17%"
"2020-11-29","-0.069","-0.064","-0.064","-0.079","0.00%"
"2020-11-28","-0.069","-0.064","-0.064","-0.069","12.23%"
"2020-11-27","-0.061","-0.072","-0.058","-0.080","-3.92%"
"2020-11-26","-0.064","-0.068","-0.058","-0.081","6.33%"
"2020-11-25","-0.060","-0.065","-0.058","-0.084","2.04%"
"2020-11-24","-0.059","-0.070","-0.059","-0.083","-12.89%"
"2020-11-23","-0.068","-0.086","-0.068","-0.086","-21.69%"
"2020-11-22","-0.086","-0.070","-0.070","-0.086","14.93%"
"2020-11-21","-0.075","-0.070","-0.070","-0.075","15.38%"
"2020-11-20","-0.065","-0.070","-0.061","-0.086","-12.63%"
"2020-11-19","-0.074","-0.068","-0.061","-0.084","19.04%"
"2020-11-18","-0.063","-0.066","-0.061","-0.084","-2.04%"
"2020-11-17","-0.064","-0.065","-0.060","-0.081","4.08%"
"2020-11-16","-0.061","-0.066","-0.050","-0.081","-13.90%"
"2020-11-15","-0.071","-0.068","-0.068","-0.081","5.48%"
"2020-11-14","-0.068","-0.068","-0.068","-0.068","5.80%"
"2020-11-13","-0.064","-0.068","-0.059","-0.084","4.08%"
"2020-11-12","-0.061","-0.061","-0.056","-0.080","13.94%"
"2020-11-11","-0.054","-0.059","-0.051","-0.074","2.48%"
"2020-11-10","-0.052","-0.060","-0.041","-0.075","10.53%"
"2020-11-09","-0.047","-0.068","-0.045","-0.087","-35.02%"
"2020-11-08","-0.073","-0.070","-0.070","-0.079","-7.23%"
"2020-11-07","-0.079","-0.070","-0.070","-0.079","39.96%"
"2020-11-06","-0.056","-0.072","-0.054","-0.087","-15.08%"
"2020-11-05","-0.066","-0.075","-0.064","-0.090","-10.16%"
"2020-11-04","-0.074","-0.056","-0.050","-0.084","43.86%"
"2020-11-03","-0.051","-0.051","-0.051","-0.057","-2.29%"
"2020-11-02","-0.052","-0.059","-0.050","-0.074","-17.71%"
"2020-11-01","-0.064","-0.060","-0.060","-0.071","6.33%"
"2020-10-31","-0.060","-0.060","-0.060","-0.060","20.00%"
"2020-10-30","-0.050","-0.063","-0.047","-0.074","-14.97%"
"2020-10-29","-0.059","-0.069","-0.055","-0.083","-7.84%"
"2020-10-28","-0.064","-0.068","-0.061","-0.084","-3.77%"
"2020-10-27","-0.066","-0.067","-0.054","-0.079","15.30%"
"2020-10-26","-0.058","-0.060","-0.052","-0.078","-11.54%"
"2020-10-25","-0.065","-0.056","-0.056","-0.071","15.45%"
"2020-10-24","-0.056","-0.056","-0.056","-0.056","7.24%"
"2020-10-23","-0.052","-0.056","-0.047","-0.071","5.00%"
"2020-10-22","-0.050","-0.061","-0.050","-0.076","-14.97%"
"2020-10-21","-0.059","-0.070","-0.054","-0.080","-12.89%"
"2020-10-20","-0.068","-0.068","-0.064","-0.086","1.81%"
"2020-10-19","-0.066","-0.070","-0.063","-0.084","-11.60%"
"2020-10-18","-0.075","-0.071","-0.071","-0.086","5.19%"
"2020-10-17","-0.071","-0.071","-0.071","-0.071","9.69%"
"2020-10-16","-0.065","-0.069","-0.063","-0.087","-1.96%"
"2020-10-15","-0.066","-0.064","-0.060","-0.089","12.76%"
"2020-10-14","-0.059","-0.065","-0.055","-0.081","-4.08%"
"2020-10-13","-0.061","-0.061","-0.054","-0.076","13.94%"
"2020-10-12","-0.054","-0.063","-0.052","-0.078","-18.85%"
"2020-10-11","-0.066","-0.060","-0.060","-0.076","10.50%"
"2020-10-10","-0.060","-0.060","-0.060","-0.060","14.29%"
"2020-10-09","-0.052","-0.060","-0.050","-0.078","-6.75%"
"2020-10-08","-0.056","-0.056","-0.052","-0.075","18.53%"
"2020-10-07","-0.047","-0.058","-0.047","-0.072","-2.66%"
"2020-10-06","-0.049","-0.061","-0.047","-0.074","-17.01%"
"2020-10-05","-0.059","-0.070","-0.058","-0.085","-22.94%"
"2020-10-04","-0.076","-0.072","-0.072","-0.085","-3.17%"
"2020-10-03","-0.079","-0.072","-0.072","-0.079","8.69%"
"2020-10-02","-0.072","-0.070","-0.066","-0.090","11.54%"
"2020-10-01","-0.065","-0.074","-0.059","-0.085","-11.92%"
"2020-09-30","-0.074","-0.078","-0.066","-0.093","1.79%"
"2020-09-29","-0.072","-0.072","-0.069","-0.093","7.41%"
"2020-09-28","-0.068","-0.079","-0.064","-0.087","-17.58%"
"2020-09-27","-0.082","-0.076","-0.076","-0.094","7.34%"
"2020-09-26","-0.076","-0.076","-0.076","-0.076","9.00%"
"2020-09-25","-0.070","-0.080","-0.069","-0.093","-8.26%"
"2020-09-24","-0.076","-0.078","-0.071","-0.096","1.73%"
"2020-09-23","-0.075","-0.070","-0.069","-0.093","25.00%"
"2020-09-22","-0.060","-0.074","-0.074","-0.074","0.00%"
"2020-09-21","-0.060","-0.083","-0.060","-0.083","-27.27%"
"2020-09-20","-0.083","-0.068","-0.068","-0.083","0.00%"
"2020-09-19","-0.083","-0.068","-0.068","-0.083","29.31%"
"2020-09-18","-0.064","-0.068","-0.061","-0.083","4.08%"
"2020-09-17","-0.061","-0.063","-0.060","-0.074","4.25%"
"2020-09-16","-0.059","-0.070","-0.055","-0.085","-12.89%"
"2020-09-15","-0.068","-0.065","-0.059","-0.084","5.80%"
"2020-09-14","-0.064","-0.065","-0.058","-0.083","-20.25%"
"2020-09-13","-0.080","-0.064","-0.064","-0.080","25.39%"
"2020-09-12","-0.064","-0.064","-0.064","-0.064","0.00%"
"2020-09-11","-0.064","-0.063","-0.052","-0.079","27.60%"
"2020-09-10","-0.050","-0.060","-0.046","-0.078","0.00%"
"2020-09-09","-0.050","-0.063","-0.049","-0.078","-4.76%"
"2020-09-08","-0.052","-0.054","-0.049","-0.076","10.53%"
"2020-09-07","-0.047","-0.047","-0.041","-0.069","-11.71%"
"2020-09-06","-0.054","-0.052","-0.052","-0.065","-17.23%"
"2020-09-05","-0.065","-0.052","-0.052","-0.065","40.39%"
"2020-09-04","-0.046","-0.056","-0.046","-0.069","-7.40%"
"2020-09-03","-0.050","-0.052","-0.045","-0.071","2.46%"
"2020-09-02","-0.049","-0.050","-0.039","-0.065","2.74%"
"2020-09-01","-0.047","-0.045","-0.032","-0.061","15.01%"
"2020-08-31","-0.041","-0.044","-0.035","-0.061","-15.37%"
"2020-08-30","-0.049","-0.041","-0.041","-0.049","-20.39%"
"2020-08-29","-0.061","-0.041","-0.041","-0.061","57.99%"
"2020-08-28","-0.039","-0.039","-0.027","-0.061","19.38%"
"2020-08-27","-0.032","-0.046","-0.029","-0.065","-7.14%"
"2020-08-26","-0.035","-0.047","-0.032","-0.059","-20.09%"
"2020-08-25","-0.044","-0.052","-0.038","-0.068","-12.40%"
"2020-08-24","-0.050","-0.054","-0.047","-0.071","-14.97%"
"2020-08-23","-0.059","-0.054","-0.054","-0.059","-16.00%"
"2020-08-22","-0.070","-0.054","-0.054","-0.070","47.37%"
"2020-08-21","-0.047","-0.056","-0.044","-0.071","-2.66%"
"2020-08-20","-0.049","-0.055","-0.043","-0.070","-7.05%"
"2020-08-19","-0.052","-0.052","-0.051","-0.062","2.34%"
"2020-08-18","-0.051","-0.051","-0.046","-0.068","8.00%"
"2020-08-17","-0.047","-0.047","-0.038","-0.064","-1.25%"
"2020-08-16","-0.048","-0.043","-0.043","-0.049","13.18%"
"2020-08-15","-0.043","-0.043","-0.043","-0.043","-2.97%"
"2020-08-14","-0.044","-0.043","-0.032","-0.058","29.59%"
"2020-08-13","-0.034","-0.050","-0.031","-0.068","22.91%"
"2020-08-12","-0.027","-0.055","-0.026","-0.063","-31.25%"
"2020-08-11","-0.040","-0.063","-0.035","-0.074","-43.34%"
"2020-08-10","-0.071","-0.083","-0.064","-0.083","0.86%"
"2020-08-09","-0.070","-0.070","-0.070","-0.070","-15.15%"
"2020-08-08","-0.083","-0.070","-0.070","-0.083","78.19%"
"2020-08-07","-0.046","-0.071","-0.046","-0.085","-30.17%"
"2020-08-06","-0.066","-0.068","-0.061","-0.086","8.16%"
"2020-08-05","-0.061","-0.078","-0.059","-0.089","-16.94%"
"2020-08-04","-0.074","-0.068","-0.061","-0.089","23.00%"
"2020-08-03","-0.060","-0.074","-0.055","-0.086","-19.35%"
"2020-08-02","-0.074","-0.076","-0.074","-0.078","-13.69%"
"2020-08-01","-0.086","-0.076","-0.076","-0.086","40.62%"
"2020-07-31","-0.061","-0.075","-0.060","-0.093","-5.69%"
"2020-07-30","-0.065","-0.070","-0.063","-0.089","0.00%"
"2020-07-29","-0.065","-0.074","-0.061","-0.087","4.00%"
"2020-07-28","-0.063","-0.070","-0.059","-0.085","-3.85%"
"2020-07-27","-0.065","-0.071","-0.060","-0.087","-8.84%"
"2020-07-26","-0.071","-0.071","-0.071","-0.071","-17.29%"
"2020-07-25","-0.086","-0.071","-0.071","-0.086","19.89%"
"2020-07-24","-0.072","-0.060","-0.060","-0.072","19.83%"
"2020-07-23","-0.060","-0.060","-0.060","-0.060","-16.55%"
"2020-07-22","-0.072","-0.075","-0.059","-0.087","6.52%"
"2020-07-21","-0.068","-0.068","-0.061","-0.090","12.50%"
"2020-07-20","-0.060","-0.070","-0.055","-0.086","-15.01%"
"2020-07-19","-0.071","-0.072","-0.070","-0.075","-18.10%"
"2020-07-18","-0.086","-0.072","-0.072","-0.086","49.91%"
"2020-07-17","-0.058","-0.075","-0.058","-0.089","-6.20%"
"2020-07-16","-0.061","-0.065","-0.060","-0.090","2.17%"
"2020-07-15","-0.060","-0.059","-0.052","-0.081","9.09%"
"2020-07-14","-0.055","-0.059","-0.049","-0.076","25.57%"
"2020-07-13","-0.044","-0.064","-0.043","-0.074","-47.73%"
"2020-07-12","-0.084","-0.070","-0.070","-0.084","0.00%"
"2020-07-11","-0.084","-0.070","-0.070","-0.084","42.52%"
"2020-07-10","-0.059","-0.070","-0.059","-0.086","-5.92%"
"2020-07-09","-0.063","-0.063","-0.051","-0.078","28.07%"
"2020-07-08","-0.049","-0.059","-0.047","-0.083","11.42%"
"2020-07-07","-0.044","-0.050","-0.043","-0.070","12.89%"
"2020-07-06","-0.039","-0.054","-0.036","-0.066","-24.37%"
"2020-07-05","-0.051","-0.052","-0.051","-0.053","-22.62%"
"2020-07-04","-0.066","-0.052","-0.052","-0.066","56.00%"
"2020-07-03","-0.043","-0.046","-0.041","-0.069","-2.97%"
"2020-07-02","-0.044","-0.039","-0.029","-0.058","46.00%"
"2020-07-01","-0.030","-0.043","-0.027","-0.059","-14.29%"
"2020-06-30","-0.035","-0.050","-0.026","-0.052","-20.09%"
"2020-06-29","-0.044","-0.055","-0.039","-0.070","-22.20%"
"2020-06-28","-0.056","-0.054","-0.054","-0.056","-19.57%"
"2020-06-27","-0.070","-0.054","-0.054","-0.070","51.19%"
"2020-06-26","-0.046","-0.052","-0.041","-0.069","0.00%"
"2020-06-25","-0.046","-0.054","-0.040","-0.069","-2.53%"
"2020-06-24","-0.047","-0.052","-0.039","-0.068","8.45%"
"2020-06-23","-0.044","-0.052","-0.040","-0.070","-7.79%"
"2020-06-22","-0.047","-0.052","-0.040","-0.068","5.56%"
"2020-06-19","-0.045","-0.045","-0.045","-0.045","2.74%"
"2020-06-18","-0.044","-0.044","-0.044","-0.044","0.00%"
"2020-06-17","-0.044","-0.044","-0.044","-0.044","-20.36%"
"2020-06-16","-0.055","-0.055","-0.055","-0.055","-8.33%"
"2020-06-15","-0.060","-0.060","-0.060","-0.060","4.35%"
"2020-06-12","-0.058","-0.058","-0.058","-0.058","-9.87%"
"2020-06-11","-0.064","-0.064","-0.064","-0.064","37.80%"
"2020-06-10","-0.046","-0.046","-0.046","-0.046","-2.53%"
"2020-06-09","-0.047","-0.047","-0.047","-0.047","58.33%"
"2020-06-08","-0.030","-0.030","-0.030","-0.030","100.00%"
"2020-06-05","-0.015","-0.015","-0.015","-0.015","-63.68%"
"2020-06-04","-0.041","-0.041","-0.041","-0.041","-10.80%"
"2020-06-03","-0.046","-0.046","-0.046","-0.046","-21.26%"
"2020-06-02","-0.059","-0.059","-0.059","-0.059","20.49%"
"2020-06-01","-0.049","-0.049","-0.049","-0.049","-17.01%"
"2020-05-29","-0.059","-0.059","-0.059","-0.059","-2.00%"
"2020-05-28","-0.060","-0.060","-0.060","-0.060","-4.00%"
"2020-05-27","-0.063","-0.063","-0.063","-0.063","4.17%"
"2020-05-26","-0.060","-0.060","-0.060","-0.060","6.57%"
"2020-05-25","-0.056","-0.056","-0.056","-0.056","-18.17%"
"2020-05-22","-0.069","-0.069","-0.069","-0.069","3.77%"
"2020-05-21","-0.066","-0.066","-0.066","-0.066","3.92%"
"2020-05-20","-0.064","-0.064","-0.064","-0.064","6.33%"
"2020-05-19","-0.060","-0.060","-0.060","-0.060","0.00%"
"2020-05-18","-0.060","-0.060","-0.060","-0.060","-12.79%"
"2020-05-15","-0.069","-0.069","-0.069","-0.069","0.00%"
"2020-05-14","-0.069","-0.069","-0.069","-0.069","1.93%"
"2020-05-13","-0.068","-0.068","-0.068","-0.068","12.50%"
"2020-05-12","-0.060","-0.060","-0.060","-0.060","14.29%"
"2020-05-11","-0.052","-0.052","-0.052","-0.052","-14.36%"
"2020-05-08","-0.061","-0.061","-0.061","-0.061","-15.45%"
"2020-05-07","-0.072","-0.072","-0.072","-0.072","-23.68%"
"2020-05-06","-0.095","-0.095","-0.095","-0.095","0.00%"
"2020-05-05","-0.095","-0.095","-0.095","-0.095","0.00%"
"2020-05-04","-0.095","-0.095","-0.095","-0.095","52.00%"
"2020-05-01","-0.063","-0.063","-0.063","-0.063","-29.62%"
"2020-04-30","-0.089","-0.089","-0.089","-0.089","14.58%"
"2020-04-29","-0.078","-0.078","-0.078","-0.078","0.00%"
"2020-04-28","-0.078","-0.078","-0.078","-0.078","-1.65%"
"2020-04-27","-0.079","-0.079","-0.079","-0.079","12.57%"
"2020-04-24","-0.070","-0.070","-0.070","-0.070","12.00%"
"2020-04-23","-0.063","-0.063","-0.063","-0.063","19.05%"
"2020-04-22","-0.052","-0.052","-0.052","-0.052","-12.50%"
"2020-04-21","-0.060","-0.060","-0.060","-0.060","36.99%"
"2020-04-20","-0.044","-0.044","-0.044","-0.044","-18.59%"
"2020-04-17","-0.054","-0.054","-0.054","-0.054","-8.50%"
"2020-04-16","-0.059","-0.059","-0.059","-0.059","-7.84%"
"2020-04-15","-0.064","-0.064","-0.064","-0.064","18.59%"
"2020-04-14","-0.054","-0.054","-0.054","-0.054","19.56%"
"2020-04-13","-0.045","-0.045","-0.045","-0.045","-20.07%"
"2020-04-10","-0.056","-0.056","-0.056","-0.056","45.10%"
"2020-04-09","-0.039","-0.039","-0.039","-0.039","19.38%"
"2020-04-08","-0.032","-0.032","-0.032","-0.032","18.18%"
"2020-04-07","-0.027","-0.027","-0.027","-0.027","-40.60%"
"2020-04-06","-0.046","-0.046","-0.046","-0.046","-24.47%"
"2020-04-03","-0.061","-0.061","-0.061","-0.061","0.00%"
"2020-04-02","-0.061","-0.061","-0.061","-0.061","-1.92%"
"2020-04-01","-0.063","-0.063","-0.063","-0.063","-18.09%"
"2020-03-31","-0.076","-0.076","-0.076","-0.076","29.76%"
"2020-03-30","-0.059","-0.059","-0.059","-0.059","-7.84%"
"2020-03-27","-0.064","-0.064","-0.064","-0.064","-17.68%"
"2020-03-26","-0.078","-0.078","-0.078","-0.078","40.91%"
"2020-03-25","-0.055","-0.055","-0.055","-0.055","-10.28%"
"2020-03-24","-0.061","-0.061","-0.061","-0.061","-10.90%"
"2020-03-23","-0.069","-0.069","-0.069","-0.069","450.40%"
"2020-03-20","-0.013","-0.013","-0.013","-0.013","42.05%"
"2020-03-19","-0.009","-0.009","-0.009","-0.009","-36.23%"
"2020-03-18","-0.014","-0.014","-0.014","-0.014","-78.77%"
"2020-03-17","-0.065","-0.065","-0.065","-0.065","-26.80%"
"2020-03-16","-0.089","-0.089","-0.089","-0.089","-30.35%"
"2020-03-13","-0.127","-0.127","-0.127","-0.127","-19.05%"
"2020-03-12","-0.157","-0.157","-0.157","-0.157","-19.23%"
"2020-03-11","-0.195","-0.195","-0.195","-0.195","-6.61%"
"2020-03-10","-0.209","-0.209","-0.209","-0.209","-24.43%"
"2020-03-09","-0.276","-0.276","-0.276","-0.276","20.13%"
"2020-03-06","-0.230","-0.230","-0.230","-0.230","18.68%"
"2020-03-05","-0.194","-0.194","-0.194","-0.194","0.68%"
"2020-03-04","-0.192","-0.192","-0.192","-0.192","22.22%"
"2020-03-03","-0.157","-0.157","-0.157","-0.157","-8.06%"
"2020-03-02","-0.171","-0.171","-0.171","-0.171","-4.19%"
"2020-02-28","-0.179","-0.179","-0.179","-0.179","23.31%"
"2020-02-27","-0.145","-0.145","-0.145","-0.145","16.00%"
"2020-02-26","-0.125","-0.125","-0.125","-0.125","-10.71%"
"2020-02-25","-0.140","-0.140","-0.140","-0.140","47.37%"
"2020-02-24","-0.095","-0.095","-0.095","-0.095","4.05%"
"2020-02-21","-0.091","-0.091","-0.091","-0.091","4.34%"
"2020-02-20","-0.087","-0.087","-0.087","-0.087","16.67%"
"2020-02-19","-0.075","-0.075","-0.075","-0.075","-9.09%"
"2020-02-18","-0.083","-0.083","-0.083","-0.083","65.00%"
"2020-02-17","-0.050","-0.050","-0.050","-0.050","5.26%"
"2020-02-14","-0.047","-0.047","-0.047","-0.047","0.00%"
"2020-02-13","-0.047","-0.047","-0.047","-0.047","-2.66%"
"2020-02-12","-0.049","-0.049","-0.049","-0.049","-24.92%"
"2020-02-11","-0.065","-0.065","-0.065","-0.065","1.88%"
"2020-02-10","-0.064","-0.064","-0.064","-0.064","18.59%"
"2020-02-07","-0.054","-0.054","-0.054","-0.054","34.50%"
"2020-02-06","-0.040","-0.040","-0.040","-0.040","6.67%"
"2020-02-05","-0.038","-0.038","-0.038","-0.038","-30.30%"
"2020-02-04","-0.054","-0.054","-0.054","-0.054","-29.49%"
"2020-02-03","-0.076","-0.076","-0.076","-0.076","9.00%"
"2020-01-31","-0.070","-0.070","-0.070","-0.070","43.44%"
"2020-01-30","-0.049","-0.049","-0.049","-0.049","39.43%"
"2020-01-29","-0.035","-0.035","-0.035","-0.035","27.27%"
"2020-01-28","-0.027","-0.027","-0.027","-0.027","-29.12%"
"2020-01-27","-0.039","-0.039","-0.039","-0.039","47.53%"
"2020-01-24","-0.026","-0.026","-0.026","-0.026","-12.33%"
"2020-01-23","-0.030","-0.030","-0.030","-0.030","500.00%"
"2020-01-22","-0.005","-0.005","-0.005","-0.005","0.00%"
"2020-01-21","-0.005","-0.005","-0.005","-0.005","284.62%"
"2020-01-20","-0.001","-0.001","-0.001","-0.001","-79.37%"
"2020-01-17","-0.006","-0.006","-0.006","-0.006","-184.00%"
"2020-01-16","0.007","0.007","0.007","0.007","-676.92%"
"2020-01-15","-0.001","-0.001","-0.001","-0.001","-152.00%"
"2020-01-14","0.002","0.002","0.002","0.002","-165.79%"
"2020-01-13","-0.004","-0.004","-0.004","-0.004","-56.82%"
"2020-01-10","-0.009","-0.009","-0.009","-0.009","-331.58%"
"2020-01-09","0.004","0.004","0.004","0.004","-392.31%"
"2020-01-08","-0.001","-0.001","-0.001","-0.001","-74.00%"
"2020-01-07","-0.005","-0.005","-0.005","-0.005","31.58%"
"2020-01-06","-0.004","-0.004","-0.004","-0.004","-74.67%"
"2020-01-03","-0.015","-0.015","-0.015","-0.015","0.00%"
"2020-01-02","-0.015","-0.015","-0.015","-0.015","0.00%"
"2020-01-01","-0.015","-0.015","-0.015","-0.015","0.00%"
"2019-12-31","-0.015","-0.015","-0.015","-0.015","-338.10%"
"2019-12-30","0.006","0.006","0.006","0.006","-28.41%"
"2019-12-27","0.009","0.009","0.009","0.009","76.00%"
"2019-12-26","0.005","0.005","0.005","0.005","284.62%"
"2019-12-25","0.001","0.001","0.001","0.001","-93.50%"
"2019-12-24","0.020","0.020","0.020","0.020","700.00%"
"2019-12-23","0.002","0.002","0.002","0.002","-81.88%"
"2019-12-20","0.014","0.014","0.014","0.014","-1,161.54%"
"2019-12-19","-0.001","-0.001","-0.001","-0.001","-74.00%"
"2019-12-18","-0.005","-0.005","-0.005","-0.005","-43.18%"
"2019-12-17","-0.009","-0.009","-0.009","-0.009","-41.33%"
"2019-12-16","-0.015","-0.015","-0.015","-0.015","-50.00%"
"2019-12-13","-0.030","-0.030","-0.030","-0.030","200.00%"
"2019-12-12","-0.010","-0.010","-0.010","-0.010","-65.28%"
"2019-12-11","-0.029","-0.029","-0.029","-0.029","15.20%"
"2019-12-10","-0.025","-0.025","-0.025","-0.025","0.00%"
"2019-12-09","-0.025","-0.025","-0.025","-0.025","17.37%"
"2019-12-06","-0.021","-0.021","-0.021","-0.021","-45.10%"
"2019-12-05","-0.039","-0.039","-0.039","-0.039","19.38%"
"2019-12-04","-0.032","-0.032","-0.032","-0.032","-60.02%"
"2019-12-03","-0.081","-0.081","-0.081","-0.081","96.85%"
"2019-12-02","-0.041","-0.041","-0.041","-0.041","-29.76%"
"2019-11-29","-0.059","-0.059","-0.059","-0.059","-14.53%"
"2019-11-28","-0.069","-0.069","-0.069","-0.069","-14.00%"
"2019-11-27","-0.080","-0.080","-0.080","-0.080","4.85%"
"2019-11-26","-0.076","-0.076","-0.076","-0.076","3.39%"
"2019-11-25","-0.074","-0.074","-0.074","-0.074","3.65%"
"2019-11-22","-0.071","-0.071","-0.071","-0.071","-3.52%"
"2019-11-21","-0.074","-0.074","-0.074","-0.074","0.00%"
"2019-11-20","-0.074","-0.074","-0.074","-0.074","9.33%"
"2019-11-19","-0.068","-0.068","-0.068","-0.068","-5.20%"
"2019-11-18","-0.071","-0.071","-0.071","-0.071","9.54%"
"2019-11-15","-0.065","-0.065","-0.065","-0.065","-17.51%"
"2019-11-14","-0.079","-0.079","-0.079","-0.079","31.33%"
"2019-11-13","-0.060","-0.060","-0.060","-0.060","60.00%"
"2019-11-12","-0.038","-0.038","-0.038","-0.038","-19.01%"
"2019-11-11","-0.046","-0.046","-0.046","-0.046","8.94%"
"2019-11-08","-0.043","-0.043","-0.043","-0.043","99.53%"
"2019-11-07","-0.021","-0.021","-0.021","-0.021","-76.33%"
"2019-11-06","-0.090","-0.090","-0.090","-0.090","-7.69%"
"2019-11-05","-0.097","-0.097","-0.097","-0.097","-40.91%"
"2019-11-04","-0.165","-0.165","-0.165","-0.165","21.06%"
"2019-11-01","-0.136","-0.136","-0.136","-0.136","1.87%"
"2019-10-31","-0.134","-0.134","-0.134","-0.134","27.43%"
"2019-10-30","-0.105","-0.105","-0.105","-0.105","1.16%"
"2019-10-29","-0.104","-0.104","-0.104","-0.104","-1.14%"
"2019-10-28","-0.105","-0.105","-0.105","-0.105","-12.50%"
"2019-10-25","-0.120","-0.120","-0.120","-0.120","-11.11%"
"2019-10-24","-0.135","-0.135","-0.135","-0.135","-4.39%"
"2019-10-23","-0.141","-0.141","-0.141","-0.141","-1.33%"
"2019-10-22","-0.143","-0.143","-0.143","-0.143","11.10%"
"2019-10-21","-0.129","-0.129","-0.129","-0.129","-8.00%"
"2019-10-18","-0.140","-0.140","-0.140","-0.140","-0.85%"
"2019-10-17","-0.141","-0.141","-0.141","-0.141","0.00%"
"2019-10-16","-0.141","-0.141","-0.141","-0.141","0.86%"
"2019-10-15","-0.140","-0.140","-0.140","-0.140","-17.06%"
"2019-10-14","-0.169","-0.169","-0.169","-0.169","19.55%"
"2019-10-11","-0.141","-0.141","-0.141","-0.141","-13.11%"
"2019-10-10","-0.162","-0.162","-0.162","-0.162","-6.45%"
"2019-10-09","-0.174","-0.174","-0.174","-0.174","-10.37%"
"2019-10-08","-0.194","-0.194","-0.194","-0.194","-0.62%"
"2019-10-07","-0.195","-0.195","-0.195","-0.195","6.85%"
"2019-10-04","-0.183","-0.183","-0.183","-0.183","-7.59%"
"2019-10-03","-0.198","-0.198","-0.198","-0.198","16.18%"
"2019-10-02","-0.170","-0.170","-0.170","-0.170","-7.51%"
"2019-10-01","-0.184","-0.184","-0.184","-0.184","1.38%"
"2019-09-30","-0.181","-0.181","-0.181","-0.181","-2.00%"
"2019-09-27","-0.185","-0.185","-0.185","-0.185","-3.90%"
"2019-09-26","-0.192","-0.192","-0.192","-0.192","5.48%"
"2019-09-25","-0.183","-0.183","-0.183","-0.183","-2.67%"
"2019-09-24","-0.188","-0.188","-0.188","-0.188","0.00%"
"2019-09-23","-0.188","-0.188","-0.188","-0.188","7.94%"
"2019-09-20","-0.174","-0.174","-0.174","-0.174","6.89%"
"2019-09-19","-0.162","-0.162","-0.162","-0.162","14.04%"
"2019-09-18","-0.142","-0.142","-0.142","-0.142","16.33%"
"2019-09-17","-0.123","-0.123","-0.123","-0.123","-2.00%"
"2019-09-16","-0.125","-0.125","-0.125","-0.125","36.91%"
"2019-09-13","-0.091","-0.091","-0.091","-0.091","-29.77%"
"2019-09-12","-0.130","-0.130","-0.130","-0.130","-7.14%"
"2019-09-11","-0.140","-0.140","-0.140","-0.140","-8.97%"
"2019-09-10","-0.154","-0.154","-0.154","-0.154","-3.15%"
"2019-09-09","-0.159","-0.159","-0.159","-0.159","0.83%"
"2019-09-06","-0.157","-0.157","-0.157","-0.157","1.61%"
"2019-09-05","-0.155","-0.155","-0.155","-0.155","-15.07%"
"2019-09-04","-0.183","-0.183","-0.183","-0.183","-3.34%"
"2019-09-03","-0.189","-0.189","-0.189","-0.189","0.69%"
"2019-09-02","-0.188","-0.188","-0.188","-0.188","11.94%"
"2019-08-30","-0.168","-0.168","-0.168","-0.168","-4.29%"
"2019-08-29","-0.175","-0.175","-0.175","-0.175","-6.07%"
"2019-08-28","-0.186","-0.186","-0.186","-0.186","-3.87%"
"2019-08-27","-0.194","-0.194","-0.194","-0.194","-1.87%"
"2019-08-26","-0.198","-0.198","-0.198","-0.198","8.22%"
"2019-08-23","-0.183","-0.183","-0.183","-0.183","5.80%"
"2019-08-22","-0.172","-0.172","-0.172","-0.172","0.00%"
"2019-08-21","-0.172","-0.172","-0.172","-0.172","-0.69%"
"2019-08-20","-0.174","-0.174","-0.174","-0.174","-0.74%"
"2019-08-19","-0.175","-0.175","-0.175","-0.175","0.00%"
"2019-08-16","-0.175","-0.175","-0.175","-0.175","-7.89%"
"2019-08-15","-0.190","-0.190","-0.190","-0.190","2.70%"
"2019-08-14","-0.185","-0.185","-0.185","-0.185","0.65%"
"2019-08-13","-0.184","-0.184","-0.184","-0.184","5.81%"
"2019-08-12","-0.174","-0.174","-0.174","-0.174","-2.14%"
"2019-08-09","-0.177","-0.177","-0.177","-0.177","10.94%"
"2019-08-08","-0.160","-0.160","-0.160","-0.160","-0.81%"
"2019-08-07","-0.161","-0.161","-0.161","-0.161","13.19%"
"2019-08-06","-0.142","-0.142","-0.142","-0.142","-7.35%"
"2019-08-05","-0.154","-0.154","-0.154","-0.154","18.31%"
"2019-08-02","-0.130","-0.130","-0.130","-0.130","15.56%"
"2019-08-01","-0.112","-0.112","-0.112","-0.112","-8.16%"
"2019-07-31","-0.123","-0.123","-0.123","-0.123","2.08%"
"2019-07-30","-0.120","-0.120","-0.120","-0.120","4.35%"
"2019-07-29","-0.115","-0.115","-0.115","-0.115","1.05%"
"2019-07-26","-0.114","-0.114","-0.114","-0.114","1.16%"
"2019-07-25","-0.112","-0.112","-0.112","-0.112","-1.14%"
"2019-07-24","-0.114","-0.114","-0.114","-0.114","-2.15%"
"2019-07-23","-0.116","-0.116","-0.116","-0.116","-5.06%"
"2019-07-22","-0.123","-0.123","-0.123","-0.123","4.26%"
"2019-07-19","-0.117","-0.117","-0.117","-0.117","11.90%"
"2019-07-18","-0.105","-0.105","-0.105","-0.105","2.44%"
"2019-07-17","-0.102","-0.102","-0.102","-0.102","9.28%"
"2019-07-16","-0.094","-0.094","-0.094","-0.094","-12.74%"
"2019-07-15","-0.108","-0.108","-0.108","-0.108","4.88%"
"2019-07-12","-0.102","-0.102","-0.102","-0.102","5.13%"
"2019-07-11","-0.097","-0.097","-0.097","-0.097","-8.28%"
"2019-07-10","-0.106","-0.106","-0.106","-0.106","-6.59%"
"2019-07-09","-0.114","-0.114","-0.114","-0.114","-6.18%"
"2019-07-08","-0.121","-0.121","-0.121","-0.121","-5.82%"
"2019-07-05","-0.129","-0.129","-0.129","-0.129","-4.59%"
"2019-07-04","-0.135","-0.135","-0.135","-0.135","0.90%"
"2019-07-03","-0.134","-0.134","-0.134","-0.134","3.88%"
"2019-07-02","-0.129","-0.129","-0.129","-0.129","-1.90%"
"2019-07-01","-0.131","-0.131","-0.131","-0.131","-2.74%"
"2019-06-28","-0.135","-0.135","-0.135","-0.135","3.85%"
"2019-06-27","-0.130","-0.130","-0.130","-0.130","4.00%"
"2019-06-26","-0.125","-0.125","-0.125","-0.125","-11.47%"
"2019-06-25","-0.141","-0.141","-0.141","-0.141","-0.91%"
"2019-06-24","-0.142","-0.142","-0.142","-0.142","1.79%"
"2019-06-21","-0.140","-0.140","-0.140","-0.140","-4.31%"
"2019-06-20","-0.146","-0.146","-0.146","-0.146","14.75%"
"2019-06-19","-0.127","-0.127","-0.127","-0.127","2.99%"
"2019-06-18","-0.124","-0.124","-0.124","-0.124","13.79%"
"2019-06-17","-0.109","-0.109","-0.109","-0.109","-1.09%"
"2019-06-14","-0.110","-0.110","-0.110","-0.110","3.48%"
"2019-06-13","-0.106","-0.106","-0.106","-0.106","0.00%"
"2019-06-12","-0.106","-0.106","-0.106","-0.106","6.30%"
"2019-06-11","-0.100","-0.100","-0.100","-0.100","-3.66%"
"2019-06-10","-0.104","-0.104","-0.104","-0.104","-6.74%"
"2019-06-07","-0.111","-0.111","-0.111","-0.111","6.00%"
"2019-06-06","-0.105","-0.105","-0.105","-0.105","-12.50%"
"2019-06-05","-0.120","-0.120","-0.120","-0.120","47.60%"
"2019-06-04","-0.081","-0.081","-0.081","-0.081","4.10%"
"2019-06-03","-0.078","-0.078","-0.078","-0.078","20.15%"
"2019-05-31","-0.065","-0.065","-0.065","-0.065","15.45%"
"2019-05-30","-0.056","-0.056","-0.056","-0.056","-6.17%"
"2019-05-29","-0.060","-0.060","-0.060","-0.060","14.29%"
"2019-05-28","-0.052","-0.052","-0.052","-0.052","2.34%"
"2019-05-27","-0.051","-0.051","-0.051","-0.051","5.12%"
"2019-05-24","-0.049","-0.049","-0.049","-0.049","2.74%"
"2019-05-23","-0.047","-0.047","-0.047","-0.047","15.01%"
"2019-05-22","-0.041","-0.041","-0.041","-0.041","18.00%"
"2019-05-21","-0.035","-0.035","-0.035","-0.035","7.69%"
"2019-05-20","-0.032","-0.032","-0.032","-0.032","-18.75%"
"2019-05-17","-0.040","-0.040","-0.040","-0.040","-8.68%"
"2019-05-16","-0.044","-0.044","-0.044","-0.044","9.50%"
"2019-05-15","-0.040","-0.040","-0.040","-0.040","3.09%"
"2019-05-14","-0.039","-0.039","-0.039","-0.039","-8.71%"
"2019-05-13","-0.043","-0.043","-0.043","-0.043","13.33%"
"2019-05-10","-0.038","-0.038","-0.038","-0.038","0.00%"
"2019-05-09","-0.038","-0.038","-0.038","-0.038","3.31%"
"2019-05-08","-0.036","-0.036","-0.036","-0.036","-9.25%"
"2019-05-07","-0.040","-0.040","-0.040","-0.040","3.09%"
"2019-05-06","-0.039","-0.039","-0.039","-0.039","0.00%"
"2019-05-03","-0.039","-0.039","-0.039","-0.039","0.00%"
"2019-05-02","-0.039","-0.039","-0.039","-0.039","0.00%"
"2019-05-01","-0.039","-0.039","-0.039","-0.039","0.00%"
"2019-04-30","-0.039","-0.039","-0.039","-0.039","0.00%"
"2019-04-29","-0.039","-0.039","-0.039","-0.039","0.00%"
"2019-04-26","-0.039","-0.039","-0.039","-0.039","23.96%"
"2019-04-25","-0.031","-0.031","-0.031","-0.031","-3.69%"
"2019-04-24","-0.032","-0.032","-0.032","-0.032","12.85%"
"2019-04-23","-0.029","-0.029","-0.029","-0.029","53.19%"
"2019-04-22","-0.019","-0.019","-0.019","-0.019","-11.74%"
"2019-04-19","-0.021","-0.021","-0.021","-0.021","-19.01%"
"2019-04-18","-0.026","-0.026","-0.026","-0.026","50.29%"
"2019-04-17","-0.018","-0.018","-0.018","-0.018","0.00%"
"2019-04-16","-0.018","-0.018","-0.018","-0.018","-22.22%"
"2019-04-15","-0.023","-0.023","-0.023","-0.023","-10.00%"
"2019-04-12","-0.025","-0.025","-0.025","-0.025","-39.47%"
"2019-04-11","-0.041","-0.041","-0.041","-0.041","-13.05%"
"2019-04-10","-0.047","-0.047","-0.047","-0.047","2.59%"
"2019-04-09","-0.046","-0.046","-0.046","-0.046","15.75%"
"2019-04-08","-0.040","-0.040","-0.040","-0.040","10.19%"
"2019-04-05","-0.036","-0.036","-0.036","-0.036","-12.11%"
"2019-04-04","-0.041","-0.041","-0.041","-0.041","-21.33%"
"2019-04-03","-0.052","-0.052","-0.052","-0.052","-14.36%"
"2019-04-02","-0.061","-0.061","-0.061","-0.061","-1.92%"
"2019-04-01","-0.063","-0.063","-0.063","-0.063","-3.85%"
"2019-03-29","-0.065","-0.065","-0.065","-0.065","10.54%"
"2019-03-28","-0.059","-0.059","-0.059","-0.059","2.26%"
"2019-03-27","-0.058","-0.058","-0.058","-0.058","9.52%"
"2019-03-26","-0.052","-0.052","-0.052","-0.052","-14.36%"
"2019-03-25","-0.061","-0.061","-0.061","-0.061","-1.92%"
"2019-03-22","-0.063","-0.063","-0.063","-0.063","28.07%"
"2019-03-21","-0.049","-0.049","-0.049","-0.049","11.42%"
"2019-03-20","-0.044","-0.044","-0.044","-0.044","-7.79%"
"2019-03-19","-0.047","-0.047","-0.047","-0.047","0.00%"
"2019-03-18","-0.047","-0.047","-0.047","-0.047","-5.00%"
"2019-03-15","-0.050","-0.050","-0.050","-0.050","2.46%"
"2019-03-14","-0.049","-0.049","-0.049","-0.049","5.40%"
"2019-03-13","-0.046","-0.046","-0.046","-0.046","8.94%"
"2019-03-12","-0.043","-0.043","-0.043","-0.043","2.91%"
"2019-03-11","-0.041","-0.041","-0.041","-0.041","-2.82%"
"2019-03-08","-0.043","-0.043","-0.043","-0.043","-2.97%"
"2019-03-07","-0.044","-0.044","-0.044","-0.044","20.66%"
"2019-03-06","-0.036","-0.036","-0.036","-0.036","52.52%"
"2019-03-05","-0.024","-0.024","-0.024","-0.024","-29.59%"
"2019-03-04","-0.034","-0.034","-0.034","-0.034","17.36%"
"2019-03-01","-0.029","-0.029","-0.029","-0.029","-14.79%"
"2019-02-28","-0.034","-0.034","-0.034","-0.034","-15.50%"
"2019-02-27","-0.040","-0.040","-0.040","-0.040","0.00%"
"2019-02-26","-0.040","-0.040","-0.040","-0.040","18.34%"
"2019-02-25","-0.034","-0.034","-0.034","-0.034","-18.16%"
"2019-02-22","-0.041","-0.041","-0.041","-0.041","13.77%"
"2019-02-21","-0.036","-0.036","-0.036","-0.036","-9.25%"
"2019-02-20","-0.040","-0.040","-0.040","-0.040","6.67%"
"2019-02-19","-0.038","-0.038","-0.038","-0.038","25.00%"
"2019-02-18","-0.030","-0.030","-0.030","-0.030","0.00%"
"2019-02-15","-0.030","-0.030","-0.030","-0.030","9.09%"
"2019-02-14","-0.027","-0.027","-0.027","-0.027","29.11%"
"2019-02-13","-0.021","-0.021","-0.021","-0.021","-10.50%"
"2019-02-12","-0.024","-0.024","-0.024","-0.024","-29.59%"
"2019-02-11","-0.034","-0.034","-0.034","-0.034","0.00%"
"2019-02-08","-0.034","-0.034","-0.034","-0.034","28.52%"
"2019-02-07","-0.026","-0.026","-0.026","-0.026","0.00%"
"2019-02-06","-0.026","-0.026","-0.026","-0.026","0.00%"
"2019-02-05","-0.026","-0.026","-0.026","-0.026","-4.36%"
"2019-02-04","-0.027","-0.027","-0.027","-0.027","-8.33%"
"2019-02-01","-0.030","-0.030","-0.030","-0.030","4.17%"
"2019-01-31","-0.029","-0.029","-0.029","-0.029","76.69%"
"2019-01-30","-0.016","-0.016","-0.016","-0.016","-23.47%"
"2019-01-29","-0.021","-0.021","-0.021","-0.021","-22.55%"
"2019-01-28","-0.027","-0.027","-0.027","-0.027","15.55%"
"2019-01-25","-0.024","-0.024","-0.024","-0.024","0.00%"
"2019-01-24","-0.024","-0.024","-0.024","-0.024","26.60%"
"2019-01-23","-0.019","-0.019","-0.019","-0.019","0.00%"
"2019-01-22","-0.019","-0.019","-0.019","-0.019","-16.44%"
"2019-01-21","-0.023","-0.023","-0.023","-0.023","38.04%"
"2019-01-18","-0.016","-0.016","-0.016","-0.016","8.67%"
"2019-01-17","-0.015","-0.015","-0.015","-0.015","20.00%"
"2019-01-16","-0.013","-0.013","-0.013","-0.013","98.41%"
"2019-01-15","-0.006","-0.006","-0.006","-0.006","26.00%"
"2019-01-14","-0.005","-0.005","-0.005","-0.005","0.00%"
"2019-01-11","-0.005","-0.005","-0.005","-0.005","284.62%"
"2019-01-10","-0.001","-0.001","-0.001","-0.001","-117.33%"
"2019-01-09","0.007","0.007","0.007","0.007","200.00%"
"2019-01-08","0.002","0.002","0.002","0.002","-292.31%"
"2019-01-07","-0.001","-0.001","-0.001","-0.001","-200.00%"
"2019-01-04","0.001","0.001","0.001","0.001","-116.05%"
"2019-01-03","-0.008","-0.008","-0.008","-0.008","0.00%"
"2019-01-02","-0.008","-0.008","-0.008","-0.008","-424.00%"
"2019-01-01","0.002","0.002","0.002","0.002","0.00%"
"2018-12-31","0.002","0.002","0.002","0.002","-165.79%"
"2018-12-28","-0.004","-0.004","-0.004","-0.004","-200.00%"
"2018-12-27","0.004","0.004","0.004","0.004","0.00%"
"2018-12-26","0.004","0.004","0.004","0.004","-160.32%"
"2018-12-25","-0.006","-0.006","-0.006","-0.006","-184.00%"
"2018-12-24","0.007","0.007","0.007","0.007","-25.00%"
"2018-12-21","0.010","0.010","0.010","0.010","-869.23%"
"2018-12-20","-0.001","-0.001","-0.001","-0.001","-65.79%"
"2018-12-19","-0.004","-0.004","-0.004","-0.004","192.31%"
"2018-12-18","-0.001","-0.001","-0.001","-0.001","-113.00%"
"2018-12-17","0.010","0.010","0.010","0.010","163.16%"
"2018-12-14","0.004","0.004","0.004","0.004","-79.79%"
"2018-12-13","0.019","0.019","0.019","0.019","0.00%"
"2018-12-12","0.019","0.019","0.019","0.019","66.37%"
"2018-12-11","0.011","0.011","0.011","0.011","197.37%"
"2018-12-10","0.004","0.004","0.004","0.004","-69.60%"
"2018-12-07","0.013","0.013","0.013","0.013","-28.57%"
"2018-12-06","0.018","0.018","0.018","0.018","-26.47%"
"2018-12-05","0.024","0.024","0.024","0.024","11.74%"
"2018-12-04","0.021","0.021","0.021","0.021","-34.46%"
"2018-12-03","0.032","0.032","0.032","0.032","-18.75%"
"2018-11-30","0.040","0.040","0.040","0.040","6.67%"
"2018-11-29","0.038","0.038","0.038","0.038","-34.78%"
"2018-11-28","0.058","0.058","0.058","0.058","9.52%"
"2018-11-27","0.052","0.052","0.052","0.052","-6.75%"
"2018-11-26","0.056","0.056","0.056","0.056","-4.25%"
"2018-11-23","0.059","0.059","0.059","0.059","0.00%"
"2018-11-22","0.059","0.059","0.059","0.059","6.91%"
"2018-11-21","0.055","0.055","0.055","0.055","-6.46%"
"2018-11-20","0.059","0.059","0.059","0.059","14.62%"
"2018-11-19","0.051","0.051","0.051","0.051","-12.76%"
"2018-11-16","0.059","0.059","0.059","0.059","2.26%"
"2018-11-15","0.058","0.058","0.058","0.058","-14.81%"
"2018-11-14","0.068","0.068","0.068","0.068","-1.89%"
"2018-11-13","0.069","0.069","0.069","0.069","3.77%"
"2018-11-12","0.066","0.066","0.066","0.066","0.00%"
"2018-11-09","0.066","0.066","0.066","0.066","-11.60%"
"2018-11-08","0.075","0.075","0.075","0.075","1.63%"
"2018-11-07","0.074","0.074","0.074","0.074","-6.35%"
"2018-11-06","0.079","0.079","0.079","0.079","6.78%"
"2018-11-05","0.074","0.074","0.074","0.074","-9.23%"
"2018-11-02","0.081","0.081","0.081","0.081","1.62%"
"2018-11-01","0.080","0.080","0.080","0.080","-7.19%"
"2018-10-31","0.086","0.086","0.086","0.086","7.75%"
"2018-10-30","0.080","0.080","0.080","0.080","3.23%"
"2018-10-29","0.078","0.078","0.078","0.078","-4.67%"
"2018-10-26","0.081","0.081","0.081","0.081","-9.67%"
"2018-10-25","0.090","0.090","0.090","0.090","-1.42%"
"2018-10-24","0.091","0.091","0.091","0.091","-5.19%"
"2018-10-23","0.096","0.096","0.096","0.096","-4.94%"
"2018-10-22","0.101","0.101","0.101","0.101","-1.17%"
"2018-10-19","0.102","0.102","0.102","0.102","-2.38%"
"2018-10-18","0.105","0.105","0.105","0.105","0.00%"
"2018-10-17","0.105","0.105","0.105","0.105","-2.33%"
"2018-10-16","0.108","0.108","0.108","0.108","8.81%"
"2018-10-15","0.099","0.099","0.099","0.099","-4.82%"
"2018-10-12","0.104","0.104","0.104","0.104","0.00%"
"2018-10-11","0.104","0.104","0.104","0.104","-5.64%"
"2018-10-10","0.110","0.110","0.110","0.110","0.00%"
"2018-10-09","0.110","0.110","0.110","0.110","-3.34%"
"2018-10-08","0.114","0.114","0.114","0.114","0.00%"
"2018-10-05","0.114","0.114","0.114","0.114","0.00%"
"2018-10-04","0.114","0.114","0.114","0.114","11.02%"
"2018-10-03","0.102","0.102","0.102","0.102","2.50%"
"2018-10-02","0.100","0.100","0.100","0.100","-6.98%"
"2018-10-01","0.108","0.108","0.108","0.108","4.88%"
"2018-09-28","0.102","0.102","0.102","0.102","3.74%"
"2018-09-27","0.099","0.099","0.099","0.099","-4.82%"
"2018-09-26","0.104","0.104","0.104","0.104","-3.44%"
"2018-09-25","0.108","0.108","0.108","0.108","6.12%"
"2018-09-24","0.101","0.101","0.101","0.101","-2.41%"
"2018-09-21","0.104","0.104","0.104","0.104","5.06%"
"2018-09-20","0.099","0.099","0.099","0.099","-4.82%"
"2018-09-19","0.104","0.104","0.104","0.104","1.27%"
"2018-09-18","0.102","0.102","0.102","0.102","3.74%"
"2018-09-17","0.099","0.099","0.099","0.099","4.00%"
"2018-09-14","0.095","0.095","0.095","0.095","5.56%"
"2018-09-13","0.090","0.090","0.090","0.090","0.00%"
"2018-09-12","0.090","0.090","0.090","0.090","-1.42%"
"2018-09-11","0.091","0.091","0.091","0.091","-1.30%"
"2018-09-10","0.093","0.093","0.093","0.093","2.78%"
"2018-09-07","0.090","0.090","0.090","0.090","4.41%"
"2018-09-06","0.086","0.086","0.086","0.086","-8.10%"
"2018-09-05","0.094","0.094","0.094","0.094","-5.06%"
"2018-09-04","0.099","0.099","0.099","0.099","2.60%"
"2018-09-03","0.096","0.096","0.096","0.096","5.48%"
"2018-08-31","0.091","0.091","0.091","0.091","2.82%"
"2018-08-30","0.089","0.089","0.089","0.089","1.49%"
"2018-08-29","0.087","0.087","0.087","0.087","0.00%"
"2018-08-28","0.087","0.087","0.087","0.087","2.94%"
"2018-08-27","0.085","0.085","0.085","0.085","1.43%"
"2018-08-24","0.084","0.084","0.084","0.084","0.00%"
"2018-08-23","0.084","0.084","0.084","0.084","-6.89%"
"2018-08-22","0.090","0.090","0.090","0.090","-2.70%"
"2018-08-21","0.093","0.093","0.093","0.093","10.38%"
"2018-08-20","0.084","0.084","0.084","0.084","-2.78%"
"2018-08-17","0.086","0.086","0.086","0.086","-9.26%"
"2018-08-16","0.095","0.095","0.095","0.095","8.57%"
"2018-08-15","0.087","0.087","0.087","0.087","-7.89%"
"2018-08-14","0.095","0.095","0.095","0.095","10.21%"
"2018-08-13","0.086","0.086","0.086","0.086","1.41%"
"2018-08-10","0.085","0.085","0.085","0.085","-10.53%"
"2018-08-09","0.095","0.095","0.095","0.095","1.28%"
"2018-08-08","0.094","0.094","0.094","0.094","-5.06%"
"2018-08-07","0.099","0.099","0.099","0.099","12.91%"
"2018-08-06","0.087","0.087","0.087","0.087","-2.78%"
"2018-08-03","0.090","0.090","0.090","0.090","-10.00%"
"2018-08-02","0.100","0.100","0.100","0.100","-8.09%"
"2018-08-01","0.109","0.109","0.109","0.109","42.60%"
"2018-07-31","0.076","0.076","0.076","0.076","-11.48%"
"2018-07-30","0.086","0.086","0.086","0.086","9.39%"
"2018-07-27","0.079","0.079","0.079","0.079","8.69%"
"2018-07-26","0.072","0.072","0.072","0.072","7.41%"
"2018-07-25","0.068","0.068","0.068","0.068","-3.57%"
"2018-07-24","0.070","0.070","0.070","0.070","-15.15%"
"2018-07-23","0.083","0.083","0.083","0.083","-7.09%"
"2018-07-20","0.089","0.089","0.089","0.089","44.86%"
"2018-07-19","0.061","0.061","0.061","0.061","-7.54%"
"2018-07-18","0.066","0.066","0.066","0.066","2.00%"
"2018-07-17","0.065","0.065","0.065","0.065","-1.96%"
"2018-07-16","0.066","0.066","0.066","0.066","3.92%"
"2018-07-13","0.064","0.064","0.064","0.064","2.08%"
"2018-07-12","0.063","0.063","0.063","0.063","-2.04%"
"2018-07-11","0.064","0.064","0.064","0.064","4.08%"
"2018-07-10","0.061","0.061","0.061","0.061","21.15%"
"2018-07-09","0.051","0.051","0.051","0.051","-15.67%"
"2018-07-06","0.060","0.060","0.060","0.060","0.00%"
"2018-07-05","0.060","0.060","0.060","0.060","-2.12%"
"2018-07-04","0.061","0.061","0.061","0.061","-1.92%"
"2018-07-03","0.063","0.063","0.063","0.063","1.96%"
"2018-07-02","0.061","0.061","0.061","0.061","-5.69%"
"2018-06-29","0.065","0.065","0.065","0.065","-3.70%"
"2018-06-28","0.068","0.068","0.068","0.068","-1.89%"
"2018-06-27","0.069","0.069","0.069","0.069","-5.10%"
"2018-06-26","0.072","0.072","0.072","0.072","9.35%"
"2018-06-25","0.066","0.066","0.066","0.066","-5.29%"
"2018-06-22","0.070","0.070","0.070","0.070","-1.69%"
"2018-06-21","0.071","0.071","0.071","0.071","0.00%"
"2018-06-20","0.071","0.071","0.071","0.071","1.71%"
"2018-06-19","0.070","0.070","0.070","0.070","-6.67%"
"2018-06-18","0.075","0.075","0.075","0.075","5.34%"
"2018-06-15","0.071","0.071","0.071","0.071","-6.68%"
"2018-06-14","0.076","0.076","0.076","0.076","-1.55%"
"2018-06-13","0.078","0.078","0.078","0.078","-4.67%"
"2018-06-12","0.081","0.081","0.081","0.081","0.00%"
"2018-06-11","0.081","0.081","0.081","0.081","1.62%"
"2018-06-08","0.080","0.080","0.080","0.080","0.00%"
"2018-06-07","0.080","0.080","0.080","0.080","-5.88%"
"2018-06-06","0.085","0.085","0.085","0.085","7.87%"
"2018-06-05","0.079","0.079","0.079","0.079","0.00%"