"日付","終値","始値","高値","安値","変化率 %"
"2026-02-18","1.598","1.588","1.605","1.556","-0.57%"
"2026-02-17","1.607","1.626","1.645","1.596","-2.31%"
"2026-02-16","1.645","1.645","1.677","1.640","-1.08%"
"2026-02-13","1.663","1.641","1.698","1.654","0.36%"
"2026-02-12","1.657","1.645","1.713","1.653","-1.72%"
"2026-02-11","1.686","1.634","1.688","1.647","0.18%"
"2026-02-10","1.683","1.687","1.713","1.660","-0.82%"
"2026-02-09","1.697","1.662","1.736","1.673","1.07%"
"2026-02-06","1.679","1.637","1.702","1.612","1.70%"
"2026-02-05","1.651","1.648","1.692","1.649","-0.78%"
"2026-02-04","1.664","1.659","1.697","1.654","-0.24%"
"2026-02-03","1.668","1.644","1.698","1.642","0.48%"
"2026-02-02","1.660","1.635","1.681","1.633","0.91%"
"2026-01-30","1.645","1.652","1.676","1.633","-1.02%"
"2026-01-29","1.662","1.662","1.689","1.651","-0.60%"
"2026-01-28","1.672","1.675","1.717","1.649","-1.12%"
"2026-01-27","1.691","1.651","1.720","1.664","1.56%"
"2026-01-26","1.665","1.655","1.690","1.633","0.30%"
"2026-01-23","1.660","1.608","1.684","1.617","2.47%"
"2026-01-22","1.620","1.649","1.669","1.619","-2.76%"
"2026-01-21","1.666","1.655","1.693","1.646","-0.77%"
"2026-01-20","1.679","1.648","1.718","1.659","0.72%"
"2026-01-19","1.667","1.612","1.685","1.622","2.46%"
"2026-01-16","1.627","1.601","1.643","1.606","0.62%"
"2026-01-15","1.617","1.584","1.630","1.584","1.44%"
"2026-01-14","1.594","1.602","1.637","1.587","-1.30%"
"2026-01-13","1.615","1.593","1.638","1.582","3.06%"
"2026-01-12","1.567","1.602","1.632","1.561","-1.51%"
"2026-01-09","1.591","1.521","1.629","1.540","2.65%"
"2026-01-08","1.550","1.557","1.577","1.535","-1.52%"
"2026-01-07","1.574","1.579","1.611","1.570","-1.81%"
"2026-01-06","1.603","1.580","1.625","1.580","0.25%"
"2026-01-05","1.599","1.551","1.624","1.560","1.14%"
"2026-01-02","1.581","1.581","1.581","1.581","0.00%"
"2026-01-01","1.581","1.581","1.581","1.581","0.00%"
"2025-12-31","1.581","1.581","1.581","1.581","0.00%"
"2025-12-30","1.581","1.508","1.586","1.522","3.20%"
"2025-12-29","1.532","1.477","1.554","1.507","0.52%"
"2025-12-26","1.524","1.509","1.534","1.512","-0.07%"
"2025-12-25","1.525","1.479","1.530","1.484","2.28%"
"2025-12-24","1.491","1.482","1.532","1.481","-0.67%"
"2025-12-23","1.501","1.511","1.546","1.484","-1.70%"
"2025-12-22","1.527","1.486","1.571","1.489","1.87%"
"2025-12-19","1.499","1.431","1.517","1.442","3.74%"
"2025-12-18","1.445","1.431","1.474","1.438","-0.62%"
"2025-12-17","1.454","1.426","1.477","1.436","0.35%"
"2025-12-16","1.449","1.422","1.466","1.428","-2.23%"
"2025-12-15","1.482","1.420","1.482","1.421","3.56%"
"2025-12-12","1.431","1.405","1.456","1.407","0.92%"
"2025-12-11","1.418","1.408","1.443","1.406","-1.12%"
"2025-12-10","1.434","1.423","1.460","1.426","-0.07%"
"2025-12-09","1.435","1.434","1.465","1.426","-0.83%"
"2025-12-08","1.447","1.419","1.478","1.433","0.84%"
"2025-12-05","1.435","1.393","1.456","1.399","1.77%"
"2025-12-04","1.410","1.371","1.435","1.382","1.95%"
"2025-12-03","1.383","1.357","1.408","1.369","0.36%"
"2025-12-02","1.378","1.360","1.401","1.361","0.07%"
"2025-12-01","1.377","1.313","1.397","1.322","3.77%"
"2025-11-28","1.327","1.289","1.346","1.309","0.68%"
"2025-11-27","1.318","1.303","1.336","1.307","0.00%"
"2025-11-26","1.318","1.302","1.343","1.309","-0.15%"
"2025-11-25","1.320","1.281","1.333","1.285","2.48%"
"2025-11-24","1.288","1.254","1.296","1.279","-0.54%"
"2025-11-21","1.295","1.290","1.314","1.277","-1.07%"
"2025-11-20","1.309","1.265","1.336","1.264","2.35%"
"2025-11-19","1.279","1.220","1.289","1.241","1.59%"
"2025-11-18","1.259","1.239","1.272","1.234","0.72%"
"2025-11-17","1.250","1.227","1.275","1.241","0.40%"
"2025-11-14","1.245","1.234","1.269","1.225","-0.24%"
"2025-11-13","1.248","1.225","1.264","1.231","0.16%"
"2025-11-12","1.246","1.228","1.264","1.235","0.48%"
"2025-11-11","1.240","1.240","1.268","1.236","-1.51%"
"2025-11-10","1.259","1.222","1.284","1.243","1.04%"
"2025-11-07","1.246","1.220","1.266","1.229","1.14%"
"2025-11-06","1.232","1.223","1.264","1.225","-0.81%"
"2025-11-05","1.242","1.227","1.257","1.217","0.24%"
"2025-11-04","1.239","1.226","1.260","1.231","0.24%"
"2025-11-03","1.236","1.209","1.246","1.230","0.57%"
"2025-10-31","1.229","1.204","1.248","1.213","0.82%"
"2025-10-30","1.219","1.207","1.253","1.211","-2.40%"
"2025-10-29","1.249","1.197","1.254","1.207","3.48%"
"2025-10-28","1.207","1.207","1.239","1.201","-1.39%"
"2025-10-27","1.224","1.206","1.255","1.221","0.00%"
"2025-10-24","1.224","1.216","1.245","1.212","-0.41%"
"2025-10-23","1.229","1.181","1.247","1.198","2.42%"
"2025-10-22","1.200","1.209","1.231","1.192","-1.64%"
"2025-10-21","1.220","1.207","1.243","1.207","-0.89%"
"2025-10-20","1.231","1.184","1.249","1.190","2.50%"
"2025-10-17","1.201","1.181","1.214","1.163","1.44%"
"2025-10-16","1.184","1.164","1.223","1.170","0.77%"
"2025-10-15","1.175","1.139","1.196","1.152","1.91%"
"2025-10-14","1.153","1.178","1.198","1.148","-3.43%"
"2025-10-13","1.194","1.168","1.201","1.147","1.88%"
"2025-10-10","1.172","1.219","1.236","1.167","-4.79%"
"2025-10-09","1.231","1.218","1.251","1.217","-0.24%"
"2025-10-08","1.234","1.204","1.253","1.218","1.23%"
"2025-10-07","1.219","1.206","1.243","1.210","-0.57%"
"2025-10-06","1.226","1.226","1.256","1.182","-1.53%"
"2025-10-03","1.245","1.236","1.261","1.231","-0.08%"
"2025-10-02","1.246","1.228","1.272","1.232","-0.40%"
"2025-10-01","1.251","1.229","1.272","1.235","0.32%"
"2025-09-30","1.247","1.229","1.268","1.225","0.56%"
"2025-09-29","1.240","1.214","1.259","1.216","1.39%"
"2025-09-26","1.223","1.215","1.258","1.217","-1.45%"
"2025-09-25","1.241","1.219","1.266","1.226","0.24%"
"2025-09-24","1.238","1.200","1.249","1.211","0.90%"
"2025-09-23","1.227","1.212","1.227","1.227","0.90%"
"2025-09-22","1.216","1.180","1.245","1.193","1.67%"
"2025-09-19","1.196","1.138","1.219","1.157","1.87%"
"2025-09-18","1.174","1.140","1.190","1.143","1.73%"
"2025-09-17","1.154","1.134","1.171","1.141","0.00%"
"2025-09-16","1.154","1.130","1.186","1.130","-0.35%"
"2025-09-15","1.158","1.126","1.166","1.150","1.31%"
"2025-09-12","1.143","1.106","1.163","1.119","2.33%"
"2025-09-11","1.117","1.095","1.143","1.103","1.36%"
"2025-09-10","1.102","1.104","1.137","1.100","-1.25%"
"2025-09-09","1.116","1.075","1.140","1.076","2.76%"
"2025-09-08","1.086","1.064","1.116","1.082","-1.45%"
"2025-09-05","1.102","1.103","1.128","1.093","-1.25%"
"2025-09-04","1.116","1.122","1.159","1.110","-3.54%"
"2025-09-03","1.157","1.137","1.171","1.139","0.26%"
"2025-09-02","1.154","1.136","1.172","1.136","-0.94%"
"2025-09-01","1.165","1.122","1.180","1.133","1.30%"
"2025-08-29","1.150","1.129","1.159","1.146","-0.86%"
"2025-08-28","1.160","1.135","1.168","1.159","-0.51%"
"2025-08-27","1.166","1.146","1.176","1.166","-1.02%"
"2025-08-26","1.178","1.128","1.181","1.158","1.99%"
"2025-08-25","1.155","1.125","1.155","1.155","0.00%"
"2025-08-22","1.155","1.119","1.156","1.148","0.96%"
"2025-08-21","1.144","1.101","1.145","1.131","1.24%"
"2025-08-20","1.130","1.100","1.143","1.130","0.09%"
"2025-08-19","1.129","1.086","1.136","1.116","1.26%"
"2025-08-18","1.115","1.084","1.115","1.106","0.09%"
"2025-08-15","1.114","1.074","1.114","1.104","0.81%"
"2025-08-14","1.105","1.018","1.105","1.047","5.64%"
"2025-08-13","1.046","1.025","1.060","1.046","-0.76%"
"2025-08-12","1.054","1.013","1.056","1.036","0.96%"
"2025-08-11","1.044","1.014","1.044","1.044","0.00%"
"2025-08-08","1.044","0.991","1.044","1.021","2.05%"
"2025-08-07","1.023","1.010","1.040","1.020","-1.73%"
"2025-08-06","1.041","0.985","1.043","1.015","2.66%"
"2025-08-05","1.014","0.985","1.015","1.004","-0.20%"
"2025-08-04","1.016","0.991","1.026","1.006","-0.49%"
"2025-08-01","1.021","1.058","1.088","1.020","-6.24%"
"2025-07-31","1.089","1.065","1.095","1.078","-0.64%"
"2025-07-30","1.096","1.059","1.096","1.086","0.55%"
"2025-07-29","1.090","1.070","1.103","1.090","1.87%"
"2025-07-28","1.070","1.070","1.070","1.063","5.16%"
"2025-07-11","1.018","0.993","1.019","1.018","2.26%"
"2025-07-10","0.995","0.994","0.995","0.990","0.00%"
"2025-07-09","0.995","0.974","0.996","0.976","2.31%"
"2025-07-08","0.973","0.954","0.973","0.955","1.83%"
"2025-07-07","0.955","0.942","0.956","0.942","1.33%"
"2025-07-04","0.942","0.965","0.965","0.940","-2.58%"
"2025-07-03","0.967","0.955","0.967","0.947","1.44%"
"2025-07-02","0.954","0.944","0.954","0.944","1.20%"
"2025-07-01","0.942","0.941","0.942","0.934","0.00%"
"2025-06-30","0.942","0.945","0.950","0.942","-0.26%"
"2025-06-27","0.945","0.933","0.945","0.931","1.47%"
"2025-06-26","0.931","0.918","0.933","0.918","1.64%"
"2025-06-25","0.916","0.925","0.925","0.904","-1.08%"
"2025-06-24","0.926","0.924","0.929","0.919","0.14%"
"2025-06-23","0.925","0.923","0.929","0.919","0.27%"
"2025-06-20","0.923","0.909","0.923","0.904","1.65%"
"2025-06-19","0.908","0.919","0.920","0.908","-1.36%"
"2025-06-18","0.920","0.947","0.952","0.920","-3.04%"
"2025-06-17","0.949","0.960","0.978","0.940","-0.91%"
"2025-06-16","0.957","0.954","0.978","0.954","0.39%"
"2025-06-13","0.954","0.946","0.954","0.921","0.93%"
"2025-06-12","0.945","0.959","0.964","0.945","-1.56%"
"2025-06-11","0.960","0.974","0.974","0.960","-1.54%"
"2025-06-10","0.975","0.980","0.980","0.974","-0.39%"
"2025-06-09","0.979","0.971","0.984","0.971","0.77%"
"2025-06-06","0.971","0.969","0.971","0.957","0.13%"
"2025-06-05","0.970","0.980","0.980","0.955","-1.15%"
"2025-06-04","0.981","0.974","0.988","0.975","0.90%"
"2025-06-03","0.973","0.978","0.978","0.966","-0.64%"
"2025-06-02","0.979","0.966","0.980","0.966","1.29%"
"2025-05-30","0.966","0.952","0.966","0.952","1.58%"
"2025-05-29","0.951","0.979","0.980","0.951","-2.93%"
"2025-05-28","0.980","0.950","0.985","0.951","3.29%"
"2025-05-27","0.949","0.942","0.949","0.933","0.53%"
"2025-05-26","0.944","0.944","0.944","0.944","0.00%"
"2025-05-23","0.944","0.978","4.306","0.942","-3.58%"
"2025-05-22","0.979","0.970","0.986","0.964","1.03%"
"2025-05-21","0.969","0.970","0.969","0.951","-0.26%"
"2025-05-20","0.971","0.952","0.971","0.950","1.83%"
"2025-05-19","0.954","0.949","0.962","0.945","0.53%"
"2025-05-16","0.949","0.939","0.949","0.928","0.94%"
"2025-05-15","0.940","0.957","0.957","0.940","-1.96%"
"2025-05-14","0.959","0.934","0.959","0.926","2.55%"
"2025-05-13","0.935","0.911","0.940","0.911","2.75%"
"2025-05-12","0.910","0.836","0.916","0.836","8.81%"
"2025-05-09","0.836","0.820","0.842","0.820","2.14%"
"2025-05-08","0.819","0.804","0.827","0.804","2.03%"
"2025-05-07","0.803","0.791","0.808","0.791","1.58%"
"2025-05-05","0.790","0.790","0.790","0.790","0.00%"
"2025-05-02","0.790","0.780","0.790","0.772","1.11%"
"2025-05-01","0.781","0.808","0.806","0.770","-3.10%"
"2025-04-30","0.806","0.835","0.835","0.806","-3.59%"
"2025-04-28","0.836","0.851","0.851","0.826","-1.76%"
"2025-04-25","0.851","0.816","0.853","0.816","4.61%"
"2025-04-24","0.814","0.849","0.849","0.805","-4.26%"
"2025-04-23","0.850","0.791","0.853","0.791","7.26%"
"2025-04-22","0.793","0.793","0.796","0.790","0.15%"
"2025-04-21","0.791","0.791","0.791","0.791","0.00%"
"2025-04-17","0.791","0.756","0.798","0.756","4.81%"
"2025-04-16","0.755","0.830","0.827","0.739","-9.04%"
"2025-04-15","0.830","0.754","0.835","0.754","9.74%"
"2025-04-14","0.756","0.734","0.764","0.734","3.60%"
"2025-04-11","0.730","0.799","0.799","0.699","-8.75%"
"2025-04-10","0.800","0.702","0.821","0.702","14.07%"
"2025-04-09","0.701","0.829","0.829","0.700","-15.64%"
"2025-04-08","0.831","0.734","0.869","0.735","13.67%"
"2025-04-07","0.731","0.767","0.767","0.689","-4.41%"
"2025-04-04","0.765","0.940","0.942","0.715","-18.51%"
"2025-04-03","0.939","1.059","1.059","0.928","-11.43%"
"2025-04-02","1.060","1.075","1.075","1.053","-1.51%"
"2025-04-01","1.076","1.081","1.084","1.071","-0.23%"
"2025-03-31","1.079","1.126","1.126","1.070","-4.22%"
"2025-03-28","1.126","1.154","1.154","1.122","-2.59%"
"2025-03-27","1.156","1.166","1.165","1.149","-0.96%"
"2025-03-26","1.168","1.159","1.169","1.159","0.97%"
"2025-03-25","1.156","1.136","1.164","1.136","1.88%"
"2025-03-24","1.135","1.100","1.135","1.101","3.18%"
"2025-03-21","1.100","1.110","1.112","1.100","-0.78%"
"2025-03-19","1.109","1.081","1.110","1.077","2.42%"
"2025-03-18","1.082","1.065","1.084","1.065","1.76%"
"2025-03-17","1.064","1.070","1.070","1.060","-0.58%"
"2025-03-14","1.070","1.102","1.102","1.065","-2.84%"
"2025-03-13","1.101","1.075","1.111","1.075","2.80%"
"2025-03-12","1.071","1.079","1.079","1.063","-1.15%"
"2025-03-11","1.084","1.111","1.111","1.067","-2.58%"
"2025-03-10","1.112","1.074","1.125","1.074","3.60%"
"2025-03-07","1.074","1.090","1.090","1.074","-1.71%"
"2025-03-06","1.092","1.090","1.111","1.091","0.34%"
"2025-03-05","1.089","1.044","1.089","1.044","4.44%"
"2025-03-04","1.043","1.061","1.063","1.043","-1.88%"
"2025-03-03","1.063","1.030","1.079","1.030","3.16%"
"2025-02-28","1.030","1.053","1.053","1.021","-2.26%"
"2025-02-27","1.054","1.018","1.064","1.018","3.69%"
"2025-02-26","1.016","1.004","1.025","1.005","1.38%"
"2025-02-25","1.003","1.038","1.038","1.003","-3.49%"
"2025-02-24","1.039","1.039","1.039","1.039","0.00%"
"2025-02-21","1.039","1.092","1.092","1.039","-5.03%"
"2025-02-20","1.094","1.100","1.100","1.079","-0.68%"
"2025-02-19","1.101","1.096","1.110","1.087","0.35%"
"2025-02-18","1.097","1.081","1.101","1.082","1.62%"
"2025-02-17","1.080","1.051","1.080","1.051","2.73%"
"2025-02-14","1.051","1.026","1.051","1.026","2.57%"
"2025-02-13","1.025","1.056","1.056","1.025","-3.07%"
"2025-02-12","1.058","1.020","1.058","1.025","3.93%"
"2025-02-11","1.018","1.018","1.018","1.018","0.00%"
"2025-02-10","1.018","1.036","1.036","1.018","-1.80%"
"2025-02-07","1.036","1.004","1.036","1.004","3.36%"
"2025-02-06","1.003","0.980","1.003","0.986","2.16%"
"2025-02-05","0.981","0.974","0.986","0.975","0.90%"
"2025-02-04","0.973","0.947","0.985","0.947","2.91%"
"2025-02-03","0.945","0.955","0.955","0.940","-1.05%"
"2025-01-31","0.955","0.930","0.956","0.952","2.82%"
"2025-01-30","0.929","0.910","0.935","0.910","1.92%"
"2025-01-29","0.911","0.914","0.914","0.908","-0.55%"
"2025-01-28","0.916","0.916","0.920","0.909","-0.13%"
"2025-01-27","0.918","0.949","0.949","0.904","-3.30%"
"2025-01-24","0.949","0.926","0.954","0.926","2.57%"
"2025-01-23","0.925","0.910","0.925","0.910","1.78%"
"2025-01-22","0.909","0.900","0.918","0.900","1.11%"
"2025-01-21","0.899","0.895","0.904","0.896","0.56%"
"2025-01-20","0.894","0.904","0.904","0.894","-1.11%"
"2025-01-17","0.904","0.905","0.905","0.900","-0.28%"
"2025-01-16","0.906","0.902","0.906","0.899","0.28%"
"2025-01-15","0.904","0.913","0.931","0.904","-0.82%"
"2025-01-14","0.911","0.913","0.915","0.906","-0.27%"
"2025-01-13","0.914","0.914","0.914","0.914","0.00%"
"2025-01-10","0.914","0.875","0.914","0.875","4.73%"
"2025-01-09","0.873","0.894","0.894","0.873","-2.66%"
"2025-01-08","0.896","0.880","0.905","0.880","1.99%"
"2025-01-07","0.879","0.870","0.879","0.870","1.15%"
"2025-01-06","0.869","0.832","0.877","0.834","4.36%"
"2025-01-03","0.832","0.832","0.832","0.832","0.00%"
"2025-01-02","0.832","0.832","0.832","0.832","0.00%"
"2025-01-01","0.832","0.832","0.832","0.832","0.00%"
"2024-12-31","0.832","0.832","0.832","0.832","0.00%"
"2024-12-30","0.832","0.854","0.854","0.832","-2.49%"
"2024-12-27","0.854","0.816","0.854","0.816","4.44%"
"2024-12-25","0.817","0.817","0.817","0.817","-0.16%"
"2024-12-24","0.819","0.810","0.819","0.815","1.40%"
"2024-12-23","0.808","0.788","0.808","0.789","2.54%"
"2024-12-20","0.788","0.801","0.801","0.788","-2.17%"
"2024-12-19","0.805","0.815","0.814","0.795","-1.38%"
"2024-12-18","0.816","0.819","0.819","0.813","-0.45%"
"2024-12-17","0.820","0.816","0.829","0.819","0.61%"
"2024-12-16","0.815","0.798","0.815","0.799","2.19%"
"2024-12-13","0.798","0.799","0.799","0.791","-0.47%"
"2024-12-12","0.801","0.814","0.813","0.800","-1.68%"
"2024-12-11","0.815","0.821","0.821","0.815","-0.91%"
"2024-12-10","0.822","0.810","0.822","0.810","1.69%"
"2024-12-09","0.809","0.805","0.809","0.801","0.47%"
"2024-12-06","0.805","0.829","0.829","0.805","-3.30%"
"2024-12-05","0.832","0.816","0.834","0.817","1.83%"
"2024-12-04","0.817","0.831","0.831","0.817","-1.80%"
"2024-12-03","0.832","0.851","0.851","0.827","-2.35%"
"2024-12-02","0.853","0.824","0.855","0.825","3.48%"
"2024-11-29","0.824","0.824","0.824","0.824","-0.15%"
"2024-11-28","0.825","0.829","0.831","0.825","-0.60%"
"2024-11-27","0.830","0.839","0.846","0.830","-0.75%"
"2024-11-26","0.836","0.831","0.837","0.831","0.76%"
"2024-11-25","0.830","0.827","0.836","0.829","0.30%"
"2024-11-22","0.827","0.840","0.840","0.827","-1.64%"
"2024-11-21","0.841","0.824","0.845","0.824","1.98%"
"2024-11-20","0.825","0.801","0.826","0.803","2.80%"
"2024-11-19","0.803","0.826","0.826","0.803","-3.02%"
"2024-11-18","0.827","0.827","0.829","0.820","0.00%"
"2024-11-15","0.827","0.809","0.827","0.809","2.48%"
"2024-11-14","0.808","0.795","0.808","0.796","1.89%"
"2024-11-13","0.793","0.780","0.798","0.780","1.76%"
"2024-11-12","0.779","0.762","0.779","0.762","2.47%"
"2024-11-11","0.760","0.749","0.760","0.749","1.50%"
"2024-11-08","0.749","0.748","0.759","0.749","0.33%"
"2024-11-07","0.746","0.750","0.759","0.746","-0.16%"
"2024-11-06","0.748","0.689","0.748","0.692","8.33%"
"2024-11-05","0.690","0.706","0.705","0.684","-2.13%"
"2024-11-04","0.705","0.705","0.705","0.705","0.00%"
"2024-11-01","0.705","0.709","0.709","0.700","-0.70%"
"2024-10-31","0.710","0.699","0.710","0.699","1.79%"
"2024-10-30","0.697","0.719","0.719","0.694","-3.29%"
"2024-10-29","0.721","0.706","0.723","0.706","2.30%"
"2024-10-28","0.705","0.684","0.710","0.685","3.10%"
"2024-10-25","0.684","0.696","0.695","0.679","-1.61%"
"2024-10-24","0.695","0.696","0.715","0.692","-2.97%"
"2024-10-23","0.716","0.711","0.717","0.711","0.89%"
"2024-10-22","0.710","0.711","0.719","0.706","0.17%"
"2024-10-21","0.709","0.716","0.716","0.699","-1.05%"
"2024-10-18","0.716","0.716","0.725","0.716","0.35%"
"2024-10-17","0.714","0.685","0.714","0.685","4.39%"
"2024-10-16","0.684","0.694","0.695","0.684","-1.61%"
"2024-10-15","0.695","0.686","0.704","0.688","1.46%"
"2024-10-14","0.685","0.686","0.686","0.685","0.00%"
"2024-10-11","0.685","0.690","0.689","0.681","-0.55%"
"2024-10-10","0.689","0.690","0.696","0.670","3.19%"
"2024-10-09","0.668","0.669","0.669","0.665","0.00%"
"2024-10-08","0.668","0.678","0.678","0.659","-1.66%"
"2024-10-07","0.679","0.640","0.683","0.641","6.06%"
"2024-10-04","0.640","0.609","0.640","0.609","5.35%"
"2024-10-03","0.608","0.601","0.608","0.598","0.83%"
"2024-10-02","0.603","0.610","0.609","0.595","-1.44%"
"2024-10-01","0.611","0.636","0.636","0.610","-4.11%"
"2024-09-30","0.637","0.634","0.639","0.630","0.58%"
"2024-09-27","0.634","0.589","0.635","0.569","7.42%"
"2024-09-26","0.590","0.598","0.598","0.590","-2.07%"
"2024-09-25","0.603","0.594","0.603","0.594","1.69%"
"2024-09-24","0.592","0.626","0.626","0.592","-5.58%"
"2024-09-23","0.627","0.627","0.627","0.627","0.00%"
"2024-09-20","0.627","0.635","0.635","0.620","-0.60%"
"2024-09-19","0.631","0.621","0.636","0.621","1.82%"
"2024-09-18","0.620","0.624","0.624","0.615","-0.80%"
"2024-09-17","0.625","0.642","0.639","0.618","-2.92%"
"2024-09-16","0.644","0.644","0.644","0.644","0.00%"
"2024-09-13","0.644","0.644","0.644","0.631","0.39%"
"2024-09-12","0.641","0.627","0.641","0.627","2.40%"
"2024-09-11","0.626","0.644","0.644","0.624","-2.90%"
"2024-09-10","0.645","0.645","0.654","0.645","0.19%"
"2024-09-09","0.644","0.616","0.647","0.644","4.46%"
"2024-09-06","0.616","0.625","0.624","0.611","-1.60%"
"2024-09-05","0.626","0.624","0.627","0.621","0.21%"
"2024-09-04","0.625","0.655","0.652","0.624","-4.77%"
"2024-09-03","0.656","0.651","0.665","0.652","0.97%"
"2024-09-02","0.650","0.642","0.650","0.642","1.17%"
"2024-08-30","0.642","0.634","0.642","0.634","1.58%"
"2024-08-29","0.632","0.641","0.639","0.631","-1.37%"
"2024-08-28","0.641","0.641","0.642","0.635","1.58%"
"2024-08-27","0.631","0.632","0.632","0.627","0.61%"
"2024-08-26","0.627","0.629","0.627","0.627","-0.21%"
"2024-08-23","0.629","0.629","0.637","0.627","0.21%"
"2024-08-22","0.627","0.613","0.627","0.613","2.65%"
"2024-08-21","0.611","0.629","0.629","0.610","-2.97%"
"2024-08-20","0.630","0.632","0.634","0.630","-0.60%"
"2024-08-19","0.634","0.614","0.636","0.614","3.26%"
"2024-08-16","0.614","0.613","0.618","0.611","0.41%"
"2024-08-15","0.611","0.570","0.611","0.570","7.95%"
"2024-08-14","0.566","0.566","0.574","0.558","-0.44%"
"2024-08-13","0.569","0.574","0.579","0.569","-0.65%"
"2024-08-12","0.572","0.574","0.574","0.572","0.00%"
"2024-08-09","0.572","0.599","0.599","0.571","-4.58%"
"2024-08-08","0.600","0.586","0.600","0.561","2.13%"
"2024-08-07","0.587","0.579","0.595","0.564","1.07%"
"2024-08-06","0.581","0.581","0.589","0.569","0.43%"
"2024-08-05","0.579","0.646","0.646","0.524","-10.44%"
"2024-08-02","0.646","0.750","0.750","0.646","-13.98%"
"2024-08-01","0.751","0.764","0.770","0.751","-1.47%"
"2024-07-31","0.762","0.686","0.766","0.686","11.31%"
"2024-07-30","0.685","0.694","0.692","0.676","-1.44%"
"2024-07-29","0.695","0.694","0.706","0.681","-1.60%"
"2024-07-26","0.706","0.720","0.720","0.706","-2.07%"
"2024-07-25","0.721","0.723","0.728","0.709","0.00%"
"2024-07-24","0.721","0.697","0.721","0.697","3.58%"
"2024-07-23","0.696","0.697","0.697","0.692","-0.36%"
"2024-07-22","0.699","0.685","0.699","0.685","2.01%"
"2024-07-19","0.685","0.685","0.685","0.685","-0.55%"
"2024-07-18","0.689","0.683","0.690","0.683","1.10%"
"2024-07-17","0.681","0.670","0.686","0.670","1.49%"
"2024-07-16","0.671","0.689","0.689","0.665","-2.71%"
"2024-07-15","0.690","0.690","0.690","0.690","0.00%"
"2024-07-12","0.690","0.695","0.695","0.683","-0.90%"
"2024-07-11","0.696","0.723","0.723","0.695","-3.80%"
"2024-07-10","0.724","0.725","0.725","0.720","-0.33%"
"2024-07-09","0.726","0.724","0.726","0.719","0.17%"
"2024-07-08","0.725","0.712","0.729","0.712","1.75%"
"2024-07-05","0.712","0.724","0.723","0.710","-1.72%"
"2024-07-04","0.725","0.724","0.734","0.724","-1.20%"
"2024-07-03","0.734","0.735","0.756","0.734","-3.13%"
"2024-07-02","0.757","0.749","0.760","0.748","1.34%"
"2024-07-01","0.748","0.720","0.748","0.721","3.82%"
"2024-06-28","0.720","0.717","0.720","0.711","0.17%"
"2024-06-27","0.719","0.696","0.725","0.697","3.05%"
"2024-06-26","0.697","0.696","0.697","0.671","4.10%"
"2024-06-25","0.670","0.666","0.670","0.666","0.37%"
"2024-06-24","0.668","0.652","0.668","0.652","2.30%"
"2024-06-21","0.652","0.641","0.658","0.641","1.95%"
"2024-06-20","0.640","0.635","0.641","0.635","0.98%"
"2024-06-19","0.634","0.642","0.645","0.632","-1.55%"
"2024-06-18","0.644","0.639","0.644","0.639","0.59%"
"2024-06-17","0.640","0.639","0.640","0.630","0.19%"
"2024-06-14","0.639","0.685","0.685","0.639","-6.92%"
"2024-06-13","0.686","0.676","0.686","0.676","1.67%"
"2024-06-12","0.675","0.715","0.715","0.669","-5.77%"
"2024-06-11","0.716","0.731","0.731","0.716","-2.21%"
"2024-06-10","0.733","0.717","0.735","0.717","2.09%"
"2024-06-07","0.717","0.684","0.717","0.678","4.74%"
"2024-06-06","0.685","0.695","0.695","0.665","-2.14%"
"2024-06-05","0.700","0.714","0.715","0.700","-2.10%"
"2024-06-04","0.715","0.714","0.760","0.712","-6.08%"
"2024-06-03","0.761","0.770","0.770","0.760","-1.13%"
"2024-05-31","0.770","0.760","0.774","0.762","1.48%"
"2024-05-30","0.759","0.760","0.769","0.752","-0.16%"
"2024-05-29","0.760","0.759","0.764","0.733","4.28%"
"2024-05-28","0.729","0.715","0.733","0.716","2.10%"
"2024-05-27","0.714","0.714","0.714","0.714","0.00%"
"2024-05-24","0.714","0.707","0.716","0.709","1.06%"
"2024-05-23","0.706","0.709","0.707","0.699","-0.17%"
"2024-05-22","0.707","0.709","0.711","0.695","1.97%"
"2024-05-21","0.694","0.699","0.699","0.694","-0.53%"
"2024-05-20","0.697","0.684","0.697","0.684","2.00%"
"2024-05-17","0.684","0.669","0.684","0.670","2.44%"
"2024-05-16","0.668","0.680","0.680","0.655","-2.03%"
"2024-05-15","0.681","0.689","0.690","0.681","-1.26%"
"2024-05-14","0.690","0.679","0.694","0.679","1.85%"
"2024-05-13","0.678","0.659","0.681","0.659","2.85%"
"2024-05-10","0.659","0.659","0.659","0.652","-0.20%"
"2024-05-09","0.660","0.647","0.661","0.649","2.12%"
"2024-05-08","0.646","0.614","0.646","0.614","5.52%"
"2024-05-07","0.613","0.647","0.647","0.611","-5.59%"
"2024-05-06","0.649","0.649","0.649","0.649","0.00%"
"2024-05-03","0.649","0.649","0.649","0.649","0.00%"
"2024-05-02","0.649","0.640","0.650","0.640","1.57%"
"2024-05-01","0.639","0.640","0.646","0.639","-1.16%"
"2024-04-30","0.646","0.647","0.647","0.632","-0.19%"
"2024-04-29","0.647","0.647","0.647","0.647","0.00%"
"2024-04-26","0.647","0.679","0.679","0.645","-4.78%"
"2024-04-25","0.680","0.664","0.680","0.659","2.06%"
"2024-04-24","0.666","0.654","0.666","0.652","2.11%"
"2024-04-23","0.652","0.655","0.665","0.651","-0.20%"
"2024-04-22","0.654","0.635","0.665","0.635","2.96%"
"2024-04-19","0.635","0.650","0.650","0.624","-2.31%"
"2024-04-18","0.650","0.656","0.656","0.644","-1.14%"
"2024-04-17","0.658","0.664","0.673","0.658","-0.75%"
"2024-04-16","0.663","0.649","0.664","0.649","2.32%"
"2024-04-15","0.647","0.635","0.647","0.635","1.97%"
"2024-04-12","0.635","0.649","0.649","0.634","-2.31%"
"2024-04-11","0.650","0.614","0.659","0.613","6.12%"
"2024-04-10","0.613","0.590","0.613","0.590","4.03%"
"2024-04-09","0.589","0.586","0.594","0.586","0.65%"
"2024-04-08","0.585","0.572","0.586","0.572","2.40%"
"2024-04-05","0.571","0.572","0.572","0.564","1.56%"
"2024-04-04","0.563","0.566","0.569","0.561","-0.23%"
"2024-04-03","0.564","0.560","0.564","0.555","0.45%"
"2024-04-02","0.561","0.545","0.567","0.545","3.22%"
"2024-04-01","0.544","0.545","0.544","0.544","-0.22%"
"2024-03-29","0.545","0.545","0.545","0.545","0.00%"
"2024-03-28","0.545","0.551","0.551","0.540","-1.36%"
"2024-03-27","0.553","0.565","0.565","0.553","-1.78%"
"2024-03-26","0.563","0.575","0.576","0.558","-2.39%"
"2024-03-25","0.576","0.571","0.576","0.570","0.88%"
"2024-03-22","0.571","0.577","0.585","0.569","-0.64%"
"2024-03-21","0.575","0.543","0.575","0.543","6.23%"
"2024-03-20","0.541","0.541","0.541","0.541","0.00%"
"2024-03-19","0.541","0.530","0.546","0.034","1.88%"
"2024-03-18","0.531","0.544","0.544","0.520","-2.30%"
"2024-03-17","0.544","0.544","0.544","0.544","0.00%"
"2024-03-15","0.544","0.551","0.551","0.536","-1.57%"
"2024-03-14","0.553","0.540","0.554","0.534","2.07%"
"2024-03-13","0.541","0.535","0.541","0.530","0.71%"
"2024-03-12","0.538","0.549","0.548","0.535","-2.27%"
"2024-03-11","0.550","0.554","0.554","0.545","-0.69%"
"2024-03-10","0.554","0.554","0.554","0.554","0.00%"
"2024-03-09","0.554","0.554","0.554","0.554","0.00%"
"2024-03-08","0.554","0.549","0.554","0.538","0.45%"
"2024-03-07","0.551","0.521","0.553","0.521","6.02%"
"2024-03-06","0.520","0.520","0.524","0.520","-0.25%"
"2024-03-05","0.521","0.540","0.540","0.521","-3.69%"
"2024-03-04","0.541","0.545","0.545","0.539","-0.68%"
"2024-03-03","0.545","0.545","0.545","0.545","-0.24%"
"2024-03-01","0.546","0.545","0.555","0.545","-1.80%"
"2024-02-29","0.556","0.549","0.565","0.549","1.61%"
"2024-02-28","0.548","0.549","0.549","0.545","0.00%"
"2024-02-27","0.548","0.543","0.548","0.541","1.15%"
"2024-02-26","0.541","0.563","0.563","0.536","-3.77%"
"2024-02-25","0.563","0.563","0.563","0.563","0.21%"
"2024-02-23","0.561","0.561","0.561","0.561","0.00%"
"2024-02-22","0.561","0.567","0.566","0.560","-1.32%"
"2024-02-21","0.569","0.572","0.572","0.566","-0.87%"
"2024-02-20","0.574","0.575","0.577","0.574","0.00%"
"2024-02-19","0.574","0.584","0.584","0.574","-1.71%"
"2024-02-18","0.584","0.584","0.584","0.584","0.00%"
"2024-02-16","0.584","0.570","0.591","0.570","2.64%"
"2024-02-15","0.569","0.592","0.592","0.566","-4.21%"
"2024-02-14","0.594","0.590","0.598","0.590","1.07%"
"2024-02-13","0.587","0.572","0.605","0.565","2.39%"
"2024-02-12","0.574","0.574","0.574","0.574","0.00%"
"2024-02-11","0.574","0.574","0.574","0.574","0.00%"
"2024-02-09","0.574","0.566","0.574","0.566","1.77%"
"2024-02-08","0.564","0.561","0.564","0.551","0.23%"
"2024-02-07","0.563","0.558","0.569","0.558","0.21%"
"2024-02-06","0.561","0.575","0.575","0.558","-2.60%"
"2024-02-05","0.576","0.558","0.576","0.558","3.37%"
"2024-02-04","0.558","0.558","0.558","0.558","0.00%"
"2024-02-03","0.558","0.558","0.558","0.558","0.00%"
"2024-02-02","0.558","0.527","0.558","0.519","5.43%"
"2024-02-01","0.529","0.550","0.550","0.527","-4.08%"
"2024-01-31","0.551","0.559","0.563","0.551","-0.90%"
"2024-01-30","0.556","0.549","0.556","0.549","1.15%"
"2024-01-29","0.550","0.546","0.556","0.546","0.68%"
"2024-01-28","0.546","0.546","0.546","0.546","0.00%"
"2024-01-27","0.546","0.546","0.546","0.546","0.00%"
"2024-01-26","0.546","0.575","0.575","0.544","-5.21%"
"2024-01-25","0.576","0.563","0.580","0.563","2.67%"
"2024-01-24","0.561","0.525","0.561","0.526","7.16%"
"2024-01-23","0.524","0.485","0.529","0.485","7.71%"
"2024-01-22","0.486","0.504","0.504","0.486","-3.47%"
"2024-01-21","0.504","0.504","0.504","0.504","0.00%"
"2024-01-20","0.504","0.504","0.504","0.504","0.00%"
"2024-01-19","0.504","0.493","0.505","0.494","2.54%"
"2024-01-18","0.491","0.458","0.496","0.458","8.26%"
"2024-01-17","0.454","0.442","0.459","0.444","2.83%"
"2024-01-16","0.441","0.414","0.442","0.414","6.98%"
"2024-01-15","0.412","0.420","0.420","0.412","-1.79%"
"2024-01-14","0.420","0.420","0.420","0.420","0.00%"
"2024-01-12","0.420","0.439","0.439","0.420","-4.00%"
"2024-01-11","0.438","0.451","0.451","0.433","-3.59%"
"2024-01-10","0.454","0.460","0.460","0.451","-1.63%"
"2024-01-09","0.461","0.471","0.471","0.461","-2.37%"
"2024-01-08","0.472","0.472","0.472","0.472","0.00%"
"2024-01-05","0.472","0.472","0.472","0.472","-3.33%"
"2024-01-04","0.489","0.489","0.489","0.489","-2.73%"
"2024-01-03","0.502","0.502","0.502","0.502","0.00%"
"2024-01-02","0.502","0.502","0.502","0.502","0.00%"
"2024-01-01","0.502","0.502","0.502","0.502","0.00%"
"2023-12-31","0.502","0.502","0.502","0.502","0.00%"
"2023-12-29","0.502","0.488","0.504","0.488","3.61%"
"2023-12-28","0.485","0.484","0.485","0.476","0.00%"
"2023-12-27","0.485","0.516","0.516","0.485","-6.28%"
"2023-12-26","0.517","0.517","0.517","0.517","0.00%"
"2023-12-25","0.517","0.519","0.517","0.517","-0.25%"
"2023-12-24","0.519","0.519","0.519","0.519","0.00%"
"2023-12-22","0.519","0.501","0.522","0.501","3.24%"
"2023-12-21","0.502","0.474","0.502","0.474","6.35%"
"2023-12-20","0.472","0.495","0.495","0.466","-4.80%"
"2023-12-19","0.496","0.524","0.524","0.485","-12.16%"
"2023-12-18","0.565","0.576","0.576","0.558","-1.96%"
"2023-12-17","0.576","0.576","0.576","0.576","0.00%"
"2023-12-15","0.576","0.544","0.584","0.544","6.23%"
"2023-12-14","0.543","0.561","0.561","0.525","-3.56%"
"2023-12-13","0.563","0.579","0.579","0.555","-3.02%"
"2023-12-12","0.580","0.626","0.626","0.556","-7.57%"
"2023-12-11","0.627","0.656","0.656","0.625","-4.39%"
"2023-12-10","0.656","0.656","0.656","0.656","0.00%"
"2023-12-08","0.656","0.629","0.663","0.629","4.59%"
"2023-12-07","0.627","0.507","0.652","0.507","23.04%"
"2023-12-06","0.510","0.530","0.530","0.510","-4.01%"
"2023-12-05","0.531","0.565","0.565","0.531","-6.18%"
"2023-12-04","0.566","0.569","0.569","0.553","-0.44%"
"2023-12-03","0.569","0.569","0.569","0.569","0.00%"
"2023-12-01","0.569","0.565","0.581","0.566","0.89%"
"2023-11-30","0.564","0.533","0.564","0.515","5.64%"
"2023-11-29","0.534","0.606","0.606","0.530","-12.69%"
"2023-11-28","0.611","0.619","0.618","0.604","-1.40%"
"2023-11-27","0.620","0.634","0.634","0.620","-2.18%"
"2023-11-26","0.634","0.634","0.634","0.634","0.00%"
"2023-11-24","0.634","0.599","0.639","0.606","7.88%"
"2023-11-23","0.587","0.587","0.587","0.587","0.00%"
"2023-11-22","0.587","0.569","0.591","0.569","3.98%"
"2023-11-21","0.565","0.589","0.589","0.563","-6.22%"
"2023-11-20","0.603","0.591","0.606","0.591","1.89%"
"2023-11-19","0.591","0.591","0.591","0.591","0.00%"
"2023-11-18","0.591","0.591","0.591","0.591","0.00%"
"2023-11-17","0.591","0.618","0.618","0.589","-5.39%"
"2023-11-16","0.625","0.639","0.639","0.625","-2.34%"
"2023-11-15","0.640","0.666","0.666","0.637","-4.12%"
"2023-11-14","0.668","0.709","0.709","0.668","-6.49%"
"2023-11-13","0.714","0.690","0.715","0.690","3.45%"
"2023-11-12","0.690","0.690","0.690","0.690","0.00%"
"2023-11-11","0.690","0.690","0.690","0.690","0.00%"
"2023-11-10","0.690","0.679","0.695","0.679","1.85%"
"2023-11-09","0.678","0.674","0.678","0.670","0.37%"
"2023-11-08","0.675","0.700","0.702","0.675","-3.75%"
"2023-11-07","0.701","0.650","0.702","0.654","1.08%"
"2023-11-06","0.694","0.650","0.715","0.638","6.74%"
"2023-11-05","0.650","0.714","0.714","0.650","-8.94%"
"2023-11-04","0.714","0.678","0.714","0.678","5.36%"
"2023-11-03","0.678","0.678","0.678","0.678","-5.09%"
"2023-11-02","0.714","0.716","0.750","0.675","-4.67%"
"2023-11-01","0.749","0.716","0.759","0.689","3.28%"
"2023-10-31","0.725","0.687","0.748","0.656","10.69%"
"2023-10-30","0.655","0.654","0.730","0.643","-4.03%"
"2023-10-29","0.683","0.683","0.683","0.683","6.23%"
"2023-10-28","0.642","0.642","0.642","0.642","-5.86%"
"2023-10-27","0.683","0.640","0.684","0.632","6.54%"
"2023-10-26","0.641","0.640","0.685","0.632","2.91%"
"2023-10-25","0.623","0.666","0.666","0.614","0.50%"
"2023-10-24","0.619","0.620","0.664","0.606","-2.75%"
"2023-10-23","0.637","0.666","0.674","0.623","1.50%"
"2023-10-22","0.627","0.656","0.656","0.618","-4.39%"
"2023-10-20","0.656","0.629","0.668","0.611","4.27%"
"2023-10-19","0.629","0.629","0.670","0.610","-1.47%"
"2023-10-18","0.639","0.640","0.640","0.593","11.95%"
"2023-10-17","0.571","0.571","0.621","0.551","-3.09%"
"2023-10-16","0.589","0.550","0.589","0.546","8.28%"
"2023-10-15","0.544","0.575","0.575","0.541","-0.91%"
"2023-10-14","0.549","0.549","0.549","0.549","-4.56%"
"2023-10-13","0.575","0.563","0.584","0.549","6.86%"
"2023-10-12","0.538","0.539","0.582","0.535","-7.43%"
"2023-10-11","0.581","0.566","0.606","0.536","-4.31%"
"2023-10-10","0.608","0.567","0.623","0.551","-2.61%"
"2023-10-09","0.624","0.624","0.624","0.563","0.00%"
"2023-10-08","0.624","0.624","0.624","0.624","6.52%"
"2023-10-07","0.586","0.586","0.586","0.586","-6.12%"
"2023-10-06","0.624","0.598","0.636","0.582","3.01%"
"2023-10-05","0.606","0.603","0.646","0.599","-0.82%"
"2023-10-04","0.611","0.596","0.661","0.596","4.48%"
"2023-10-03","0.584","0.596","0.627","0.573","-0.95%"
"2023-10-02","0.590","0.583","0.629","0.583","1.39%"
"2023-10-01","0.582","0.608","0.608","0.573","-4.21%"
"2023-09-30","0.608","0.608","0.608","0.608","0.00%"
"2023-09-29","0.608","0.567","0.614","0.566","-1.22%"
"2023-09-28","0.615","0.560","0.615","0.559","4.68%"
"2023-09-27","0.587","0.544","0.587","0.541","1.29%"
"2023-09-26","0.580","0.547","0.584","0.544","0.00%"
"2023-09-25","0.580","0.548","0.580","0.533","6.05%"
"2023-09-24","0.547","0.546","0.579","0.546","0.24%"
"2023-09-23","0.546","0.546","0.546","0.546","-5.74%"
"2023-09-22","0.579","0.556","0.595","0.536","4.51%"
"2023-09-21","0.554","0.538","0.596","0.538","4.37%"
"2023-09-20","0.531","0.529","0.565","0.528","0.70%"
"2023-09-19","0.527","0.523","0.566","0.523","0.84%"
"2023-09-18","0.522","0.522","0.558","0.522","-6.28%"
"2023-09-17","0.558","0.558","0.558","0.558","0.00%"
"2023-09-15","0.558","0.524","0.558","0.515","-0.68%"
"2023-09-14","0.561","0.514","0.564","0.507","7.82%"
"2023-09-13","0.521","0.511","0.556","0.508","-4.27%"
"2023-09-12","0.544","0.508","0.546","0.508","8.63%"
"2023-09-11","0.501","0.484","0.536","0.471","3.34%"
"2023-09-10","0.484","0.471","0.484","0.449","2.78%"
"2023-09-08","0.471","0.444","0.475","0.439","5.46%"
"2023-09-07","0.447","0.449","0.479","0.443","0.86%"
"2023-09-06","0.443","0.454","0.477","0.442","-7.46%"
"2023-09-05","0.479","0.448","0.479","0.444","1.87%"
"2023-09-04","0.470","0.443","0.470","0.441","5.76%"
"2023-09-03","0.444","0.465","0.465","0.433","-4.43%"
"2023-09-01","0.465","0.434","0.465","0.431","-0.53%"
"2023-08-31","0.468","0.442","0.475","0.436","5.34%"
"2023-08-30","0.444","0.439","0.475","0.438","-5.33%"
"2023-08-29","0.469","0.433","0.477","0.431","5.49%"
"2023-08-28","0.444","0.448","0.479","0.434","-0.56%"
"2023-08-27","0.447","0.444","0.479","0.444","-6.66%"
"2023-08-25","0.479","0.445","0.485","0.439","-1.54%"
"2023-08-24","0.486","0.447","0.486","0.436","7.16%"
"2023-08-23","0.454","0.456","0.499","0.448","-6.68%"
"2023-08-22","0.486","0.458","0.494","0.454","0.00%"
"2023-08-21","0.486","0.442","0.488","0.441","10.20%"
"2023-08-20","0.441","0.471","0.471","0.441","-6.37%"
"2023-08-18","0.471","0.451","0.488","0.438","3.58%"
"2023-08-17","0.455","0.438","0.494","0.438","4.89%"
"2023-08-16","0.434","0.438","0.470","0.434","-7.96%"
"2023-08-15","0.471","0.430","0.476","0.424","1.35%"
"2023-08-14","0.465","0.419","0.465","0.419","11.03%"
"2023-08-13","0.419","0.438","0.438","0.400","-4.27%"
"2023-08-11","0.438","0.438","0.438","0.438","0.00%"
"2023-08-10","0.438","0.398","0.438","0.397","2.94%"
"2023-08-09","0.425","0.399","0.438","0.384","4.29%"
"2023-08-08","0.407","0.420","0.450","0.398","-8.18%"
"2023-08-07","0.444","0.413","0.452","0.403","7.74%"
"2023-08-06","0.412","0.428","0.452","0.411","-3.65%"
"2023-08-05","0.428","0.428","0.428","0.428","-5.52%"
"2023-08-04","0.452","0.431","0.461","0.423","5.38%"
"2023-08-03","0.429","0.406","0.469","0.406","-3.24%"
"2023-08-02","0.444","0.377","0.447","0.377","7.25%"
"2023-08-01","0.414","0.376","0.414","0.367","10.52%"
"2023-07-31","0.374","0.360","0.410","0.360","4.17%"
"2023-07-30","0.359","0.374","0.374","0.348","-3.85%"
"2023-07-29","0.374","0.374","0.374","0.374","0.00%"
"2023-07-28","0.374","0.338","0.379","0.317","21.05%"
"2023-07-27","0.309","0.287","0.339","0.273","9.54%"
"2023-07-26","0.282","0.283","0.310","0.277","-0.88%"
"2023-07-25","0.284","0.286","0.311","0.281","-7.90%"
"2023-07-24","0.309","0.282","0.314","0.279","9.78%"
"2023-07-23","0.281","0.303","0.303","0.267","-7.01%"
"2023-07-21","0.303","0.326","0.341","0.258","-2.83%"
"2023-07-20","0.311","0.309","0.345","0.299","-9.11%"
"2023-07-19","0.343","0.317","0.346","0.310","-0.72%"
"2023-07-18","0.345","0.338","0.369","0.316","0.73%"
"2023-07-17","0.343","0.361","0.361","0.334","-5.20%"
"2023-07-16","0.361","0.361","0.361","0.361","0.00%"
"2023-07-14","0.361","0.327","0.371","0.324","4.33%"
"2023-07-13","0.346","0.322","0.346","0.311","5.74%"
"2023-07-12","0.327","0.309","0.360","0.306","-3.34%"
"2023-07-11","0.339","0.313","0.341","0.301","7.15%"
"2023-07-10","0.316","0.307","0.350","0.283","2.83%"
"2023-07-09","0.308","0.321","0.321","0.295","-4.30%"
"2023-07-08","0.321","0.321","0.321","0.321","0.00%"
"2023-07-07","0.321","0.272","0.326","0.272","9.85%"
"2023-07-06","0.292","0.245","0.292","0.243","23.78%"
"2023-07-05","0.236","0.247","0.269","0.236","-12.48%"
"2023-07-04","0.270","0.255","0.276","0.243","6.93%"
"2023-07-03","0.252","0.254","0.282","0.249","-1.21%"
"2023-07-02","0.256","0.280","0.280","0.256","-1.24%"
"2023-07-01","0.259","0.259","0.259","0.259","-7.57%"
"2023-06-30","0.280","0.246","0.286","0.246","1.82%"
"2023-06-29","0.275","0.238","0.275","0.238","1.36%"
"2023-06-28","0.271","0.237","0.273","0.237","4.83%"
"2023-06-27","0.259","0.214","0.259","0.214","20.71%"
"2023-06-26","0.214","0.229","0.254","0.212","-15.49%"
"2023-06-25","0.254","0.254","0.254","0.254","0.00%"
"2023-06-23","0.254","0.242","0.266","0.224","-5.16%"
"2023-06-22","0.268","0.241","0.268","0.233","11.46%"
"2023-06-21","0.240","0.240","0.269","0.236","-11.11%"
"2023-06-20","0.270","0.254","0.282","0.239","-4.86%"
"2023-06-19","0.284","0.261","0.292","0.251","8.11%"
"2023-06-18","0.262","0.292","0.292","0.262","0.00%"
"2023-06-17","0.262","0.262","0.262","0.262","-10.26%"
"2023-06-16","0.292","0.282","0.299","0.255","-2.50%"
"2023-06-15","0.300","0.271","0.306","0.266","2.56%"
"2023-06-14","0.292","0.278","0.300","0.271","-1.68%"
"2023-06-13","0.298","0.274","0.300","0.261","-1.65%"
"2023-06-12","0.303","0.276","0.306","0.270","9.25%"
"2023-06-11","0.277","0.278","0.306","0.277","-0.43%"
"2023-06-09","0.278","0.280","0.313","0.277","-10.66%"
"2023-06-08","0.311","0.283","0.316","0.275","12.95%"
"2023-06-07","0.276","0.273","0.306","0.269","-9.64%"
"2023-06-06","0.305","0.283","0.314","0.271","-3.17%"
"2023-06-05","0.315","0.279","0.317","0.279","13.27%"
"2023-06-04","0.278","0.269","0.304","0.269","-8.46%"
"2023-06-02","0.304","0.271","0.304","0.268","9.24%"
"2023-06-01","0.278","0.285","0.316","0.272","-12.41%"
"2023-05-31","0.317","0.284","0.317","0.278","8.99%"
"2023-05-30","0.291","0.289","0.322","0.284","-2.08%"
"2023-05-29","0.298","0.296","0.324","0.287","0.85%"
"2023-05-28","0.295","0.291","0.325","0.291","-9.23%"
"2023-05-26","0.325","0.311","0.334","0.290","9.69%"
"2023-05-25","0.296","0.285","0.329","0.284","4.66%"
"2023-05-24","0.283","0.281","0.316","0.279","0.00%"
"2023-05-23","0.283","0.273","0.315","0.269","-6.04%"
"2023-05-22","0.301","0.276","0.305","0.266","9.05%"
"2023-05-21","0.276","0.305","0.305","0.276","-9.41%"
"2023-05-19","0.305","0.284","0.311","0.276","0.00%"
"2023-05-18","0.305","0.255","0.305","0.255","22.29%"
"2023-05-17","0.249","0.268","0.296","0.244","-16.87%"
"2023-05-16","0.300","0.279","0.308","0.262","-3.23%"
"2023-05-15","0.310","0.261","0.310","0.261","19.23%"
"2023-05-14","0.260","0.254","0.287","0.254","-9.57%"
"2023-05-13","0.287","0.287","0.287","0.287","0.00%"
"2023-05-12","0.287","0.258","0.287","0.241","9.77%"
"2023-05-11","0.262","0.269","0.300","0.256","-13.42%"
"2023-05-10","0.303","0.282","0.315","0.270","-4.72%"
"2023-05-09","0.317","0.282","0.319","0.282","4.10%"
"2023-05-08","0.305","0.278","0.308","0.273","9.40%"
"2023-05-07","0.279","0.284","0.303","0.279","-1.76%"
"2023-05-06","0.284","0.284","0.284","0.284","-6.18%"
"2023-05-05","0.303","0.303","0.303","0.303","0.00%"
"2023-05-04","0.303","0.303","0.303","0.303","0.00%"
"2023-05-03","0.303","0.303","0.303","0.303","0.00%"
"2023-05-02","0.303","0.281","0.319","0.279","9.76%"
"2023-05-01","0.276","0.266","0.294","0.264","4.00%"
"2023-04-30","0.265","0.259","0.294","0.259","-9.40%"
"2023-04-29","0.292","0.292","0.292","0.292","0.00%"
"2023-04-28","0.292","0.315","0.336","0.261","-3.11%"
"2023-04-27","0.302","0.292","0.338","0.291","3.89%"
"2023-04-26","0.291","0.284","0.327","0.284","-3.55%"
"2023-04-25","0.301","0.302","0.336","0.284","0.00%"
"2023-04-24","0.301","0.316","0.344","0.300","-4.71%"
"2023-04-23","0.316","0.311","0.344","0.311","-8.03%"
"2023-04-21","0.344","0.316","0.352","0.304","-2.83%"
"2023-04-20","0.354","0.322","0.368","0.314","-4.07%"
"2023-04-19","0.369","0.324","0.373","0.322","2.44%"
"2023-04-18","0.360","0.334","0.369","0.324","-2.70%"
"2023-04-17","0.370","0.326","0.374","0.326","14.06%"
"2023-04-16","0.324","0.355","0.355","0.313","-8.62%"
"2023-04-14","0.355","0.308","0.355","0.308","15.45%"
"2023-04-13","0.308","0.300","0.343","0.239","0.62%"
"2023-04-12","0.306","0.316","0.343","0.299","0.20%"
"2023-04-11","0.305","0.316","0.359","0.299","-6.15%"
"2023-04-10","0.325","0.330","0.360","0.316","-0.76%"
"2023-04-09","0.327","0.323","0.360","0.323","1.14%"
"2023-04-08","0.324","0.324","0.324","0.324","0.00%"
"2023-04-07","0.324","0.322","0.329","0.317","-10.06%"
"2023-04-06","0.360","0.323","0.365","0.318","8.89%"
"2023-04-05","0.331","0.315","0.373","0.314","1.32%"
"2023-04-04","0.326","0.311","0.365","0.310","-8.08%"
"2023-04-03","0.355","0.319","0.361","0.311","11.60%"
"2023-04-02","0.318","0.355","0.355","0.316","0.79%"
"2023-04-01","0.316","0.316","0.316","0.316","-11.10%"
"2023-03-31","0.355","0.311","0.361","0.302","16.62%"
"2023-03-30","0.304","0.302","0.345","0.292","-4.13%"
"2023-03-29","0.317","0.287","0.331","0.273","-1.95%"
"2023-03-28","0.324","0.300","0.330","0.281","-0.37%"
"2023-03-27","0.325","0.262","0.325","0.261","23.81%"
"2023-03-26","0.262","0.291","0.291","0.248","-9.89%"
"2023-03-24","0.291","0.310","0.310","0.246","7.37%"
"2023-03-23","0.271","0.331","0.331","0.264","-17.79%"
"2023-03-22","0.330","0.280","0.335","0.259","50.41%"
"2023-03-21","0.219","0.219","0.289","0.219","-19.13%"
"2023-03-20","0.271","0.262","0.308","0.217","2.84%"
"2023-03-19","0.264","0.308","0.308","0.261","-14.21%"
"2023-03-17","0.308","0.282","0.326","0.271","21.49%"
"2023-03-16","0.253","0.228","0.304","0.226","-1.71%"
"2023-03-15","0.257","0.282","0.354","0.218","5.36%"
"2023-03-14","0.244","0.243","0.308","0.199","-26.36%"
"2023-03-13","0.332","0.456","0.456","0.237","-17.42%"
"2023-03-12","0.402","0.455","0.455","0.402","-5.17%"
"2023-03-11","0.424","0.424","0.424","0.424","-7.12%"
"2023-03-10","0.456","0.459","0.517","0.404","-12.25%"
"2023-03-09","0.520","0.439","0.529","0.437","18.18%"
"2023-03-08","0.440","0.444","0.486","0.438","-9.28%"
"2023-03-07","0.485","0.442","0.486","0.430","11.34%"
"2023-03-06","0.436","0.436","0.485","0.435","0.41%"
"2023-03-05","0.434","0.479","0.479","0.434","-9.40%"
"2023-03-03","0.479","0.442","0.489","0.433","-2.05%"
"2023-03-02","0.489","0.439","0.493","0.436","12.37%"
"2023-03-01","0.435","0.485","0.488","0.422","-1.56%"
"2023-02-28","0.442","0.505","0.505","0.434","-3.81%"
"2023-02-27","0.459","0.464","0.510","0.454","-0.54%"
"2023-02-26","0.462","0.510","0.510","0.459","-9.43%"
"2023-02-25","0.510","0.510","0.510","0.510","0.00%"
"2023-02-24","0.510","0.473","0.525","0.459","5.96%"
"2023-02-23","0.481","0.481","0.481","0.475","0.00%"
"2023-02-22","0.481","0.489","0.526","0.475","0.92%"
"2023-02-21","0.477","0.466","0.527","0.466","2.56%"
"2023-02-20","0.465","0.459","0.514","0.457","1.51%"
"2023-02-19","0.458","0.514","0.514","0.458","-10.84%"
"2023-02-17","0.514","0.461","0.519","0.460","12.92%"
"2023-02-16","0.455","0.460","0.504","0.454","-9.90%"
"2023-02-15","0.505","0.459","0.505","0.446","1.00%"
"2023-02-14","0.500","0.464","0.514","0.447","-2.91%"
"2023-02-13","0.515","0.494","0.536","0.463","4.44%"
"2023-02-12","0.493","0.536","0.536","0.493","-8.06%"
"2023-02-10","0.536","0.475","0.548","0.475","14.11%"
"2023-02-09","0.470","0.459","0.514","0.459","-7.17%"
"2023-02-08","0.506","0.459","0.506","0.456","10.21%"
"2023-02-07","0.459","0.472","0.509","0.459","-9.26%"
"2023-02-06","0.506","0.451","0.506","0.451","12.36%"
"2023-02-05","0.451","0.499","0.499","0.443","-9.66%"
"2023-02-03","0.499","0.437","0.499","0.437","2.85%"
"2023-02-02","0.485","0.442","0.496","0.437","5.87%"
"2023-02-01","0.458","0.461","0.509","0.441","-9.29%"
"2023-01-31","0.505","0.474","0.515","0.452","-2.19%"
"2023-01-30","0.516","0.474","0.516","0.464","8.26%"
"2023-01-29","0.477","0.514","0.514","0.477","-7.18%"
"2023-01-28","0.514","0.514","0.514","0.514","5.52%"
"2023-01-27","0.487","0.452","0.515","0.449","4.42%"
"2023-01-26","0.466","0.438","0.469","0.431","7.05%"
"2023-01-25","0.436","0.417","0.468","0.416","-3.48%"
"2023-01-24","0.451","0.411","0.452","0.409","0.56%"
"2023-01-23","0.449","0.414","0.450","0.393","8.80%"
"2023-01-22","0.412","0.446","0.446","0.409","1.23%"
"2023-01-21","0.407","0.407","0.407","0.407","-8.69%"
"2023-01-20","0.446","0.418","0.447","0.388","-0.27%"
"2023-01-19","0.447","0.435","0.476","0.384","-1.39%"
"2023-01-18","0.454","0.524","0.535","0.394","-18.79%"
"2023-01-17","0.559","0.543","0.577","0.513","-3.46%"
"2023-01-16","0.579","0.592","0.640","0.530","-2.21%"
"2023-01-15","0.592","0.592","0.640","0.591","-0.10%"
"2023-01-14","0.592","0.592","0.592","0.592","-7.42%"
"2023-01-13","0.640","0.603","0.653","0.584","-0.39%"
"2023-01-12","0.642","0.550","0.647","0.550","21.23%"
"2023-01-11","0.530","0.538","0.589","0.521","-10.37%"
"2023-01-10","0.591","0.506","0.594","0.503","7.74%"
"2023-01-09","0.549","0.511","0.549","0.504","0.00%"
"2023-01-08","0.549","0.549","0.549","0.549","-0.22%"
"2023-01-06","0.550","0.559","0.598","0.506","-8.15%"
"2023-01-05","0.599","0.609","0.644","0.558","-7.16%"
"2023-01-04","0.645","0.594","0.647","0.592","9.54%"
"2023-01-03","0.589","0.589","0.595","0.589","-6.36%"
"2023-01-02","0.629","0.629","0.629","0.629","0.00%"
"2023-01-01","0.629","0.629","0.629","0.629","0.00%"
"2022-12-30","0.629","0.581","0.629","0.581","2.03%"
"2022-12-29","0.616","0.567","0.621","0.565","2.92%"
"2022-12-28","0.599","0.551","0.599","0.551","9.49%"
"2022-12-27","0.547","0.536","0.554","0.536","2.47%"
"2022-12-26","0.534","0.529","0.569","0.512","0.70%"
"2022-12-25","0.530","0.531","0.569","0.530","-0.36%"
"2022-12-23","0.532","0.506","0.575","0.506","6.91%"
"2022-12-22","0.498","0.526","0.549","0.493","-9.55%"
"2022-12-21","0.550","0.472","0.574","0.472","10.82%"
"2022-12-20","0.496","0.368","0.523","0.361","27.26%"
"2022-12-19","0.390","0.358","0.390","0.358","8.70%"
"2022-12-18","0.359","0.346","0.363","0.346","-1.02%"
"2022-12-16","0.363","0.353","0.370","0.346","-2.37%"
"2022-12-15","0.371","0.332","0.371","0.332","14.67%"
"2022-12-14","0.324","0.318","0.347","0.318","-3.72%"
"2022-12-13","0.336","0.336","0.350","0.319","-4.95%"
"2022-12-12","0.354","0.341","0.354","0.332","4.06%"
"2022-12-11","0.340","0.331","0.341","0.331","2.84%"
"2022-12-10","0.331","0.331","0.331","0.331","-3.47%"
"2022-12-09","0.343","0.336","0.356","0.327","-4.20%"
"2022-12-08","0.357","0.325","0.360","0.323","4.96%"
"2022-12-07","0.341","0.346","0.371","0.326","-7.95%"
"2022-12-06","0.370","0.333","0.379","0.332","4.58%"
"2022-12-05","0.354","0.316","0.354","0.316","0.71%"
"2022-12-04","0.351","0.351","0.351","0.351","0.37%"
"2022-12-02","0.350","0.309","0.351","0.307","2.19%"
"2022-12-01","0.343","0.314","0.347","0.306","-1.81%"
"2022-11-30","0.349","0.314","0.349","0.314","13.88%"
"2022-11-29","0.306","0.330","0.335","0.303","-6.84%"
"2022-11-28","0.329","0.329","0.329","0.304","-0.36%"
"2022-11-27","0.330","0.330","0.330","0.330","0.00%"
"2022-11-25","0.330","0.284","0.330","0.284","9.53%"
"2022-11-24","0.301","0.271","0.301","0.268","9.05%"
"2022-11-23","0.276","0.276","0.276","0.271","-7.53%"
"2022-11-22","0.299","0.272","0.299","0.272","3.46%"
"2022-11-21","0.289","0.269","0.290","0.266","6.96%"
"2022-11-20","0.270","0.285","0.285","0.268","-5.26%"
"2022-11-18","0.285","0.256","0.289","0.255","8.57%"
"2022-11-17","0.262","0.233","0.262","0.233","1.94%"
"2022-11-16","0.257","0.243","0.271","0.233","4.29%"
"2022-11-15","0.247","0.260","0.285","0.243","-13.76%"
"2022-11-14","0.286","0.249","0.295","0.249","6.51%"
"2022-11-13","0.269","0.247","0.269","0.247","8.87%"
"2022-11-12","0.247","0.247","0.247","0.247","-8.15%"
"2022-11-11","0.269","0.237","0.298","0.236","-10.04%"
"2022-11-10","0.299","0.286","0.322","0.236","-7.72%"
"2022-11-09","0.324","0.306","0.343","0.286","-5.82%"
"2022-11-08","0.344","0.324","0.350","0.305","5.98%"
"2022-11-07","0.324","0.329","0.361","0.321","-1.70%"
"2022-11-06","0.330","0.331","0.361","0.330","-0.18%"
"2022-11-04","0.331","0.301","0.363","0.301","17.82%"
"2022-11-03","0.281","0.282","0.299","0.282","-9.86%"
"2022-11-02","0.311","0.278","0.314","0.277","2.47%"
"2022-11-01","0.304","0.266","0.304","0.265","13.32%"
"2022-10-31","0.268","0.261","0.296","0.254","2.37%"
"2022-10-30","0.262","0.256","0.284","0.256","2.46%"
"2022-10-29","0.256","0.256","0.256","0.256","-9.94%"
"2022-10-28","0.284","0.249","0.287","0.239","7.34%"
"2022-10-27","0.264","0.279","0.313","0.247","-7.03%"
"2022-10-26","0.284","0.302","0.335","0.271","-16.96%"
"2022-10-25","0.343","0.347","0.368","0.304","-1.27%"
"2022-10-24","0.347","0.360","0.398","0.334","-4.14%"
"2022-10-23","0.362","0.398","0.398","0.362","-8.96%"
"2022-10-21","0.398","0.328","0.403","0.328","11.56%"
"2022-10-20","0.356","0.314","0.357","0.314","5.17%"
"2022-10-19","0.339","0.309","0.341","0.302","0.00%"
"2022-10-18","0.339","0.303","0.340","0.303","11.30%"
"2022-10-17","0.304","0.286","0.340","0.286","7.03%"
"2022-10-16","0.284","0.278","0.311","0.278","2.27%"
"2022-10-15","0.278","0.278","0.278","0.278","-10.66%"
"2022-10-14","0.311","0.282","0.320","0.271","-3.11%"
"2022-10-13","0.321","0.280","0.325","0.277","15.78%"
"2022-10-12","0.278","0.278","0.310","0.272","0.69%"
"2022-10-11","0.276","0.272","0.310","0.246","5.76%"
"2022-10-10","0.261","0.289","0.289","0.261","-9.76%"
"2022-10-09","0.289","0.289","0.289","0.289","10.82%"
"2022-10-07","0.261","0.262","0.290","0.255","-7.75%"
"2022-10-06","0.282","0.249","0.282","0.244","3.67%"
"2022-10-05","0.273","0.241","0.274","0.235","16.25%"
"2022-10-04","0.234","0.244","0.282","0.233","-17.75%"
"2022-10-03","0.285","0.273","0.303","0.243","3.64%"
"2022-10-02","0.275","0.300","0.300","0.274","1.14%"
"2022-10-01","0.272","0.272","0.272","0.272","0.00%"
"2022-09-30","0.272","0.286","0.316","0.272","-14.36%"
"2022-09-29","0.317","0.281","0.327","0.278","1.60%"
"2022-09-28","0.313","0.311","0.344","0.279","-5.30%"
"2022-09-27","0.330","0.303","0.354","0.299","13.29%"
"2022-09-26","0.291","0.258","0.325","0.258","13.66%"
"2022-09-25","0.256","0.275","0.275","0.230","12.02%"
"2022-09-24","0.229","0.229","0.229","0.229","0.00%"
"2022-09-23","0.229","0.229","0.229","0.229","-16.80%"
"2022-09-22","0.275","0.267","0.303","0.228","3.54%"
"2022-09-21","0.266","0.288","0.321","0.258","-17.64%"
"2022-09-20","0.322","0.262","0.322","0.256","10.71%"
"2022-09-19","0.291","0.291","0.291","0.261","0.00%"
"2022-09-18","0.291","0.291","0.291","0.291","11.78%"
"2022-09-16","0.261","0.245","0.294","0.244","-6.93%"
"2022-09-15","0.280","0.231","0.331","0.229","3.70%"
"2022-09-14","0.270","0.234","0.276","0.226","5.88%"
"2022-09-13","0.255","0.222","0.255","0.211","0.00%"
"2022-09-12","0.255","0.235","0.265","0.223","9.07%"
"2022-09-11","0.234","0.265","0.265","0.234","-11.77%"
"2022-09-09","0.265","0.249","0.275","0.235","-4.09%"
"2022-09-08","0.276","0.242","0.284","0.231","11.91%"
"2022-09-07","0.247","0.252","0.292","0.239","-7.70%"
"2022-09-06","0.268","0.208","0.268","0.204","9.18%"
"2022-09-05","0.245","0.211","0.245","0.204","15.29%"
"2022-09-04","0.213","0.245","0.245","0.211","-13.27%"
"2022-09-03","0.245","0.245","0.245","0.245","0.00%"
"2022-09-02","0.245","0.207","0.254","0.206","20.27%"
"2022-09-01","0.204","0.194","0.236","0.194","8.64%"
"2022-08-31","0.188","0.186","0.224","0.185","0.32%"
"2022-08-30","0.187","0.203","0.226","0.186","-11.55%"
"2022-08-29","0.211","0.190","0.211","0.189","13.85%"
"2022-08-28","0.186","0.210","0.210","0.179","4.56%"
"2022-08-27","0.177","0.177","0.177","0.177","-15.48%"
"2022-08-26","0.210","0.172","0.213","0.168","0.00%"
"2022-08-25","0.210","0.188","0.211","0.169","19.12%"
"2022-08-24","0.176","0.174","0.205","0.167","-8.42%"
"2022-08-23","0.192","0.180","0.194","0.163","11.98%"
"2022-08-22","0.172","0.166","0.198","0.166","3.37%"
"2022-08-21","0.166","0.186","0.186","0.157","-10.74%"
"2022-08-20","0.186","0.186","0.186","0.186","0.00%"
"2022-08-19","0.186","0.143","0.186","0.141","15.50%"
"2022-08-18","0.161","0.146","0.168","0.140","-3.01%"
"2022-08-17","0.166","0.140","0.169","0.136","4.72%"
"2022-08-16","0.159","0.134","0.159","0.131","2.45%"
"2022-08-15","0.155","0.139","0.165","0.132","11.19%"
"2022-08-14","0.139","0.165","0.165","0.139","-4.26%"
"2022-08-12","0.146","0.138","0.169","0.136","-1.29%"
"2022-08-11","0.147","0.132","0.137","0.132","0.00%"
"2022-08-10","0.147","0.114","0.154","0.113","10.24%"
"2022-08-09","0.134","0.112","0.135","0.111","16.96%"
"2022-08-08","0.114","0.120","0.141","0.114","-4.19%"
"2022-08-07","0.119","0.111","0.141","0.110","8.55%"
"2022-08-05","0.110","0.104","0.141","0.103","-1.17%"
"2022-08-04","0.111","0.111","0.135","0.103","-17.56%"
"2022-08-03","0.135","0.114","0.138","0.110","35.00%"
"2022-08-02","0.100","0.106","0.129","0.099","-25.93%"
"2022-08-01","0.135","0.122","0.141","0.106","11.29%"
"2022-07-31","0.121","0.140","0.140","0.121","0.58%"
"2022-07-30","0.121","0.121","0.121","0.121","-13.86%"
"2022-07-29","0.140","0.116","0.153","0.109","-8.97%"
"2022-07-28","0.154","0.140","0.175","0.117","8.39%"
"2022-07-27","0.142","0.134","0.179","0.134","-15.28%"
"2022-07-26","0.168","0.140","0.172","0.134","-2.22%"
"2022-07-25","0.171","0.127","0.177","0.121","34.99%"
"2022-07-24","0.127","0.160","0.160","0.127","-20.69%"
"2022-07-22","0.160","0.174","0.219","0.139","-28.09%"
"2022-07-21","0.222","0.198","0.233","0.174","14.10%"
"2022-07-20","0.195","0.205","0.233","0.195","-16.60%"
"2022-07-19","0.234","0.195","0.235","0.193","2.19%"
"2022-07-18","0.229","0.229","0.229","0.193","0.00%"
"2022-07-17","0.229","0.229","0.229","0.229","0.00%"
"2022-07-15","0.229","0.207","0.237","0.192","-4.19%"
"2022-07-14","0.239","0.189","0.243","0.186","27.36%"
"2022-07-13","0.188","0.185","0.226","0.184","4.52%"
"2022-07-12","0.179","0.192","0.224","0.179","-20.27%"
"2022-07-11","0.225","0.194","0.236","0.192","16.52%"
"2022-07-10","0.193","0.220","0.220","0.186","-11.75%"
"2022-07-08","0.219","0.174","0.220","0.174","8.69%"
"2022-07-07","0.201","0.166","0.201","0.150","25.81%"
"2022-07-06","0.160","0.172","0.203","0.160","-8.26%"
"2022-07-05","0.174","0.191","0.221","0.174","-6.03%"
"2022-07-04","0.186","0.174","0.225","0.169","6.06%"
"2022-07-03","0.175","0.215","0.215","0.175","-18.60%"
"2022-07-01","0.215","0.200","0.239","0.190","-10.90%"
"2022-06-30","0.241","0.227","0.262","0.202","5.19%"
"2022-06-29","0.229","0.237","0.274","0.224","-3.65%"
"2022-06-28","0.238","0.233","0.275","0.229","-8.88%"
"2022-06-27","0.261","0.208","0.264","0.199","26.29%"
"2022-06-26","0.207","0.234","0.234","0.203","-11.51%"
"2022-06-24","0.234","0.218","0.257","0.195","-9.66%"
"2022-06-23","0.259","0.261","0.299","0.219","-3.25%"
"2022-06-22","0.268","0.268","0.309","0.262","3.12%"
"2022-06-21","0.259","0.273","0.306","0.259","-14.95%"
"2022-06-20","0.305","0.264","0.310","0.262","14.28%"
"2022-06-19","0.267","0.310","0.310","0.266","-3.16%"
"2022-06-18","0.276","0.276","0.276","0.276","-11.10%"
"2022-06-17","0.310","0.338","0.387","0.269","-20.27%"
"2022-06-16","0.389","0.314","0.401","0.288","8.18%"
"2022-06-15","0.359","0.299","0.411","0.296","0.53%"
"2022-06-14","0.357","0.298","0.357","0.298","20.65%"
"2022-06-13","0.296","0.198","0.296","0.192","48.67%"
"2022-06-12","0.199","0.226","0.226","0.183","-11.93%"
"2022-06-10","0.226","0.167","0.226","0.167","9.06%"
"2022-06-09","0.207","0.158","0.207","0.154","33.96%"
"2022-06-08","0.155","0.143","0.184","0.143","-6.86%"
"2022-06-07","0.166","0.140","0.174","0.140","19.99%"
"2022-06-06","0.139","0.139","0.175","0.133","0.43%"
"2022-06-05","0.138","0.175","0.175","0.132","5.26%"
"2022-06-04","0.131","0.131","0.131","0.131","0.00%"
"2022-06-03","0.131","0.146","0.147","0.125","-11.06%"
"2022-06-02","0.147","0.157","0.159","0.141","-5.57%"
"2022-06-01","0.156","0.166","0.183","0.154","-14.47%"
"2022-05-31","0.183","0.150","0.184","0.149","10.61%"
"2022-05-30","0.165","0.141","0.168","0.141","17.94%"
"2022-05-29","0.140","0.143","0.143","0.139","-9.74%"
"2022-05-28","0.155","0.144","0.155","0.144","0.00%"
"2022-05-27","0.155","0.150","0.160","0.139","6.09%"
"2022-05-26","0.146","0.132","0.165","0.131","-1.81%"
"2022-05-25","0.149","0.138","0.155","0.127","-5.52%"
"2022-05-24","0.157","0.162","0.183","0.138","-3.37%"
"2022-05-23","0.163","0.164","0.186","0.160","0.00%"
"2022-05-22","0.163","0.186","0.186","0.163","-12.51%"
"2022-05-21","0.186","0.167","0.186","0.167","0.00%"
"2022-05-20","0.186","0.179","0.198","0.164","-6.29%"
"2022-05-19","0.199","0.179","0.203","0.176","9.35%"
"2022-05-18","0.182","0.187","0.207","0.173","-0.98%"
"2022-05-17","0.184","0.180","0.209","0.179","-0.38%"
"2022-05-16","0.184","0.185","0.209","0.179","-0.97%"
"2022-05-15","0.186","0.209","0.209","0.185","0.65%"
"2022-05-14","0.185","0.185","0.185","0.185","-11.45%"
"2022-05-13","0.209","0.184","0.209","0.180","0.63%"
"2022-05-12","0.207","0.199","0.229","0.185","3.18%"
"2022-05-11","0.201","0.204","0.233","0.200","-3.92%"
"2022-05-10","0.209","0.206","0.233","0.200","-2.88%"
"2022-05-09","0.215","0.206","0.237","0.206","5.53%"
"2022-05-08","0.204","0.216","0.216","0.203","-5.59%"
"2022-05-07","0.216","0.200","0.216","0.200","0.00%"
"2022-05-06","0.216","0.192","0.216","0.189","11.61%"
"2022-05-05","0.194","0.184","0.192","0.184","0.00%"
"2022-05-04","0.194","0.194","0.194","0.194","0.00%"
"2022-05-03","0.194","0.194","0.194","0.194","5.56%"
"2022-05-02","0.184","0.186","0.196","0.182","0.00%"
"2022-05-01","0.184","0.180","0.196","0.180","-6.47%"
"2022-04-30","0.196","0.196","0.196","0.196","0.00%"
"2022-04-29","0.196","0.196","0.196","0.196","0.00%"
"2022-04-28","0.196","0.194","0.196","0.172","1.71%"
"2022-04-27","0.193","0.187","0.204","0.184","0.63%"
"2022-04-26","0.192","0.196","0.209","0.185","-3.42%"
"2022-04-25","0.199","0.206","0.220","0.195","-4.52%"
"2022-04-24","0.208","0.220","0.220","0.207","-5.45%"
"2022-04-23","0.220","0.211","0.220","0.211","0.00%"
"2022-04-22","0.220","0.219","0.230","0.208","-4.89%"
"2022-04-21","0.231","0.190","0.231","0.186","20.59%"
"2022-04-20","0.192","0.192","0.205","0.189","1.59%"
"2022-04-19","0.189","0.178","0.191","0.174","5.71%"
"2022-04-18","0.179","0.184","0.184","0.177","-3.41%"
"2022-04-17","0.185","0.177","0.185","0.177","4.17%"
"2022-04-16","0.177","0.177","0.177","0.177","-3.32%"
"2022-04-15","0.184","0.178","0.184","0.177","3.44%"
"2022-04-14","0.177","0.186","0.190","0.167","-7.21%"
"2022-04-13","0.191","0.184","0.196","0.184","-0.88%"
"2022-04-12","0.193","0.184","0.198","0.184","0.89%"
"2022-04-11","0.191","0.178","0.194","0.177","6.99%"
"2022-04-10","0.179","0.179","0.179","0.179","0.00%"
"2022-04-09","0.179","0.177","0.179","0.177","0.00%"
"2022-04-08","0.179","0.174","0.181","0.168","0.73%"
"2022-04-07","0.177","0.170","0.180","0.169","0.00%"
"2022-04-06","0.177","0.165","0.185","0.164","13.65%"
"2022-04-05","0.156","0.144","0.166","0.141","4.91%"
"2022-04-04","0.149","0.157","0.164","0.146","-5.52%"
"2022-04-03","0.157","0.164","0.164","0.157","-0.82%"
"2022-04-01","0.159","0.121","0.164","0.121","25.73%"
"2022-03-31","0.126","0.174","0.181","0.118","-29.83%"
"2022-03-30","0.180","0.189","0.215","0.160","-16.28%"
"2022-03-29","0.215","0.187","0.216","0.181","13.16%"
"2022-03-28","0.190","0.165","0.200","0.162","16.49%"
"2022-03-27","0.163","0.164","0.164","0.157","-0.43%"
"2022-03-26","0.164","0.157","0.164","0.157","-4.38%"
"2022-03-25","0.171","0.154","0.176","0.151","6.27%"
"2022-03-24","0.161","0.145","0.162","0.143","13.12%"
"2022-03-23","0.142","0.142","0.157","0.141","-5.69%"
"2022-03-22","0.151","0.136","0.168","0.127","17.31%"
"2022-03-21","0.129","0.125","0.136","0.125","3.04%"
"2022-03-20","0.125","0.125","0.125","0.125","0.00%"
"2022-03-19","0.125","0.128","0.128","0.125","0.00%"
"2022-03-18","0.125","0.124","0.136","0.123","-3.85%"
"2022-03-17","0.130","0.124","0.138","0.121","3.50%"
"2022-03-16","0.126","0.119","0.139","0.113","4.67%"
"2022-03-15","0.120","0.117","0.126","0.113","-6.76%"
"2022-03-14","0.129","0.109","0.132","0.097","18.29%"
"2022-03-13","0.109","0.097","0.109","0.097","11.59%"
"2022-03-12","0.097","0.104","0.104","0.097","-15.22%"
"2022-03-11","0.115","0.101","0.117","0.097","2.22%"
"2022-03-10","0.112","0.086","0.112","0.085","32.35%"
"2022-03-09","0.085","0.092","0.101","0.083","1.43%"
"2022-03-08","0.084","0.082","0.101","0.071","8.13%"
"2022-03-07","0.078","0.068","0.091","0.066","12.65%"
"2022-03-06","0.069","0.071","0.080","0.066","-3.37%"
"2022-03-05","0.071","0.071","0.071","0.071","0.00%"
"2022-03-04","0.071","0.085","0.099","0.068","-25.99%"
"2022-03-03","0.096","0.071","0.101","0.070","16.75%"
"2022-03-02","0.082","0.074","0.084","0.056","7.99%"
"2022-03-01","0.076","0.096","0.104","0.070","-29.02%"
"2022-02-28","0.108","0.117","0.125","0.096","-3.93%"
"2022-02-27","0.112","0.115","0.119","0.112","-5.81%"
"2022-02-26","0.119","0.119","0.119","0.119","-5.04%"
"2022-02-25","0.125","0.102","0.129","0.101","23.49%"
"2022-02-24","0.101","0.112","0.114","0.096","-6.89%"
"2022-02-23","0.109","0.111","0.114","0.111","0.00%"
"2022-02-22","0.109","0.124","0.124","0.101","-17.20%"
"2022-02-21","0.131","0.129","0.136","0.119","4.62%"
"2022-02-20","0.126","0.130","0.133","0.126","-3.38%"
"2022-02-19","0.130","0.130","0.130","0.130","0.00%"
"2022-02-18","0.130","0.136","0.144","0.130","-11.92%"
"2022-02-17","0.148","0.140","0.155","0.136","4.53%"
"2022-02-16","0.141","0.135","0.149","0.134","-4.34%"
"2022-02-15","0.148","0.128","0.149","0.125","8.29%"
"2022-02-14","0.136","0.117","0.136","0.115","-5.22%"
"2022-02-11","0.144","0.139","0.144","0.139","4.51%"
"2022-02-10","0.138","0.118","0.140","0.113","15.82%"
"2022-02-09","0.119","0.138","0.138","0.112","-13.22%"
"2022-02-08","0.137","0.134","0.149","0.134","1.33%"
"2022-02-07","0.135","0.110","0.138","0.016","22.15%"
"2022-02-06","0.111","0.016","0.114","0.016","578.53%"
"2022-02-05","0.016","0.104","0.104","0.016","-87.08%"
"2022-02-04","0.126","0.092","0.127","0.092","26.33%"
"2022-02-03","0.100","0.080","0.100","0.077","17.67%"
"2022-02-02","0.085","0.085","0.086","0.082","-10.54%"
"2022-02-01","0.095","0.094","0.096","0.091","11.78%"
"2022-01-31","0.085","0.085","0.085","0.085","0.00%"
"2022-01-28","0.085","0.084","0.087","0.084","3.03%"
"2022-01-27","0.082","0.082","0.084","0.080","40.14%"
"2022-01-26","0.059","0.059","0.074","0.059","-15.76%"
"2022-01-25","0.070","0.070","0.072","0.059","328.22%"
"2022-01-24","0.016","0.016","0.016","0.016","0.00%"
"2022-01-23","0.016","0.016","0.016","0.016","-72.28%"
"2022-01-22","0.059","0.059","0.059","0.059","-14.29%"
"2022-01-21","0.069","0.069","0.070","0.069","-9.74%"
"2022-01-20","0.076","0.059","0.076","0.059","6.89%"
"2022-01-19","0.071","0.067","0.076","0.059","-3.27%"
"2022-01-18","0.073","0.071","0.075","0.059","350.92%"
"2022-01-17","0.016","0.016","0.016","0.016","0.00%"
"2022-01-16","0.016","0.016","0.016","0.016","-77.82%"
"2022-01-14","0.073","0.071","0.075","0.070","37.38%"
"2022-01-13","0.054","0.059","0.059","0.051","-9.01%"
"2022-01-12","0.059","0.051","0.059","0.051","-3.61%"
"2022-01-11","0.061","0.059","0.062","0.059","-3.79%"
"2022-01-10","0.063","0.063","0.063","0.059","0.00%"
"2022-01-07","0.063","0.044","0.080","0.044","30.99%"
"2022-01-06","0.048","0.040","0.048","0.040","30.11%"
"2022-01-05","0.037","0.023","0.043","0.023","0.00%"
"2022-01-04","0.037","0.034","0.037","0.022","128.22%"
"2022-01-03","0.016","0.016","0.022","0.016","0.00%"
"2022-01-02","0.016","0.016","0.016","0.016","0.00%"
"2022-01-01","0.016","0.016","0.016","0.016","0.00%"
"2021-12-31","0.016","0.016","0.016","0.016","0.00%"
"2021-12-30","0.016","0.013","0.023","0.005","36.97%"
"2021-12-29","0.012","0.010","0.012","0.001","12.26%"
"2021-12-28","0.011","0.007","0.011","0.007","53.62%"
"2021-12-27","0.007","0.010","0.010","-0.001","-21.59%"
"2021-12-26","0.009","-0.001","0.009","-0.001","-776.92%"
"2021-12-25","-0.001","-0.001","-0.001","-0.001","-113.83%"
"2021-12-24","0.009","0.009","0.011","0.009","-823.08%"
"2021-12-23","-0.001","0.008","0.009","-0.001","-117.33%"
"2021-12-22","0.007","0.002","0.009","-0.005","-219.05%"
"2021-12-21","-0.006","-0.004","0.001","-0.011","-54.35%"
"2021-12-20","-0.014","-0.013","-0.004","-0.015","176.00%"
"2021-12-19","-0.005","-0.013","-0.005","-0.013","-60.00%"
"2021-12-18","-0.013","-0.013","-0.013","-0.013","98.41%"
"2021-12-17","-0.006","-0.006","-0.002","-0.013","0.00%"
"2021-12-16","-0.006","-0.002","-0.002","-0.013","65.79%"
"2021-12-15","-0.004","-0.001","-0.001","-0.014","52.00%"
"2021-12-14","-0.002","-0.004","-0.001","-0.013","-50.00%"
"2021-12-13","-0.005","0.001","0.001","-0.013","-933.33%"
"2021-12-12","0.001","-0.006","0.002","-0.006","-109.52%"
"2021-12-11","-0.006","0.002","0.002","-0.006","-584.62%"
"2021-12-10","0.001","-0.001","0.020","-0.011","-126.00%"
"2021-12-09","-0.005","0.002","0.011","-0.013","-484.62%"
"2021-12-08","0.001","0.002","0.002","-0.014","-200.00%"
"2021-12-07","-0.001","-0.001","0.003","-0.014","-79.37%"
"2021-12-06","-0.006","-0.006","-0.001","-0.015","43.18%"
"2021-12-05","-0.004","-0.013","-0.002","-0.013","15.79%"
"2021-12-03","-0.004","-0.002","0.001","-0.013","192.31%"
"2021-12-02","-0.001","-0.002","0.002","-0.013","-74.00%"
"2021-12-01","-0.005","0.002","0.003","-0.014","-60.00%"
"2021-11-30","-0.013","0.007","0.007","-0.014","-242.05%"
"2021-11-29","0.009","0.011","0.011","-0.002","-12.00%"
"2021-11-28","0.010","-0.001","0.011","-0.001","-869.23%"
"2021-11-27","-0.001","0.008","0.008","-0.001","-114.77%"
"2021-11-26","0.009","0.016","0.016","-0.002","-46.01%"
"2021-11-25","0.016","0.016","0.018","0.014","-13.30%"
"2021-11-24","0.019","0.019","0.021","0.002","15.34%"
"2021-11-23","0.016","0.014","0.019","0.011","30.40%"
"2021-11-22","0.013","0.010","0.014","0.001","10.62%"
"2021-11-21","0.011","0.002","0.016","0.002","352.00%"
"2021-11-20","0.002","0.002","0.002","0.002","0.00%"
"2021-11-19","0.002","0.016","0.017","0.002","-85.71%"
"2021-11-18","0.018","0.015","0.021","0.006","26.81%"
"2021-11-17","0.014","0.018","0.021","0.005","10.40%"
"2021-11-16","0.013","0.017","0.019","0.004","0.00%"
"2021-11-15","0.013","0.017","0.018","0.002","-28.57%"
"2021-11-14","0.018","0.009","0.018","0.009","98.86%"
"2021-11-13","0.009","0.018","0.018","0.009","-49.71%"
"2021-11-12","0.018","0.011","0.021","0.002","600.00%"
"2021-11-11","0.002","0.011","0.014","-0.006","-50.00%"
"2021-11-10","0.005","0.006","0.011","-0.009","100.00%"
"2021-11-09","0.002","0.006","0.007","-0.004","-150.00%"
"2021-11-08","-0.005","-0.001","0.005","-0.010","733.33%"
"2021-11-07","-0.001","-0.009","0.001","-0.009","-93.18%"
"2021-11-06","-0.009","-0.009","-0.009","-0.009","0.00%"
"2021-11-05","-0.009","0.015","0.016","-0.009","-217.33%"
"2021-11-04","0.007","0.025","0.025","0.006","-66.67%"
"2021-11-03","0.023","0.024","0.026","0.023","0.00%"
"2021-11-02","0.023","0.031","0.032","0.014","-33.43%"
"2021-11-01","0.034","0.032","0.038","0.020","5.96%"
"2021-10-31","0.032","0.031","0.032","0.031","-5.62%"
"2021-10-29","0.034","0.034","0.037","0.023","0.00%"
"2021-10-28","0.034","0.031","0.034","0.019","0.00%"
"2021-10-27","0.034","0.038","0.041","0.024","-14.21%"
"2021-10-26","0.039","0.037","0.040","0.026","49.81%"
"2021-10-25","0.026","0.032","0.038","0.026","-17.55%"
"2021-10-24","0.032","0.029","0.032","0.029","-1.85%"
"2021-10-22","0.032","0.036","0.037","0.025","0.00%"
"2021-10-21","0.032","0.032","0.039","0.021","12.85%"
"2021-10-20","0.029","0.032","0.037","0.021","0.00%"
"2021-10-19","0.029","0.027","0.032","0.018","0.00%"
"2021-10-18","0.029","0.021","0.043","0.010","188.00%"
"2021-10-17","0.010","0.019","0.019","0.010","-46.81%"
"2021-10-16","0.019","0.019","0.019","0.019","15.34%"
"2021-10-15","0.016","0.018","0.019","0.009","18.12%"
"2021-10-14","0.014","0.021","0.021","0.007","-35.21%"
"2021-10-13","0.021","0.023","0.027","0.011","-14.80%"
"2021-10-12","0.025","0.027","0.031","0.013","-13.19%"
"2021-10-11","0.029","0.021","0.030","0.007","284.00%"
"2021-10-10","0.007","0.007","0.007","0.007","-63.59%"
"2021-10-09","0.021","0.021","0.021","0.021","-3.29%"
"2021-10-08","0.021","0.018","0.021","0.006","-1,738.46%"
"2021-10-07","-0.001","0.014","0.018","-0.002","-109.42%"
"2021-10-06","0.014","0.013","0.041","-0.002","56.82%"
"2021-10-05","0.009","0.002","0.013","-0.004","-200.00%"
"2021-10-04","-0.009","0.001","0.002","-0.011","-563.16%"
"2021-10-03","0.002","0.004","0.004","-0.007","-125.33%"
"2021-10-02","-0.007","0.004","0.004","-0.007","-250.00%"
"2021-10-01","0.005","0.006","0.007","-0.009","-33.33%"
"2021-09-30","0.007","0.008","0.013","-0.005","-400.00%"
"2021-09-29","-0.002","0.017","0.020","-0.002","-116.67%"
"2021-09-28","0.015","0.004","0.020","-0.002","383.87%"
"2021-09-27","0.003","0.002","0.003","-0.010","24.00%"
"2021-09-26","0.002","-0.010","0.002","-0.010","-125.00%"
"2021-09-25","-0.010","-0.010","-0.010","-0.010","669.23%"
"2021-09-24","-0.001","-0.005","0.001","-0.023","-92.57%"
"2021-09-23","-0.018","-0.013","-0.005","-0.018","7.36%"
"2021-09-22","-0.016","-0.011","-0.011","-0.024","63.00%"
"2021-09-21","-0.010","-0.010","-0.007","-0.021","33.33%"
"2021-09-20","-0.007","-0.019","-0.006","-0.019","-60.11%"
"2021-09-19","-0.019","-0.019","-0.019","-0.019","276.00%"
"2021-09-18","-0.005","-0.005","-0.005","-0.005","-33.33%"
"2021-09-17","-0.007","-0.007","-0.005","-0.019","0.00%"
"2021-09-16","-0.007","-0.014","-0.001","-0.025","-50.00%"
"2021-09-15","-0.015","-0.011","-0.011","-0.026","20.00%"
"2021-09-14","-0.013","-0.016","-0.009","-0.025","-13.19%"
"2021-09-13","-0.014","-0.008","-0.001","-0.026","92.00%"
"2021-09-12","-0.007","-0.011","-0.007","-0.023","-25.00%"
"2021-09-10","-0.010","-0.018","-0.009","-0.031","-38.65%"
"2021-09-09","-0.016","-0.021","-0.016","-0.030","-23.47%"
"2021-09-08","-0.021","-0.018","-0.018","-0.032","6.50%"
"2021-09-07","-0.020","-0.021","-0.019","-0.035","0.00%"
"2021-09-06","-0.020","-0.024","-0.002","-0.038","-21.87%"
"2021-09-05","-0.026","-0.038","-0.025","-0.038","-6.91%"
"2021-09-04","-0.027","-0.027","-0.027","-0.027","0.00%"
"2021-09-03","-0.027","-0.034","-0.026","-0.043","-21.43%"
"2021-09-02","-0.035","-0.036","-0.033","-0.044","-3.58%"
"2021-09-01","-0.036","-0.036","-0.034","-0.050","-6.44%"
"2021-08-31","-0.039","-0.043","-0.034","-0.052","-6.05%"
"2021-08-30","-0.041","-0.042","-0.038","-0.049","-2.82%"
"2021-08-29","-0.043","-0.049","-0.039","-0.049","11.55%"
"2021-08-28","-0.038","-0.038","-0.038","-0.038","1.60%"
"2021-08-27","-0.038","-0.039","-0.038","-0.049","-3.35%"
"2021-08-26","-0.039","-0.038","-0.036","-0.052","6.89%"
"2021-08-25","-0.036","-0.041","-0.036","-0.052","-12.11%"
"2021-08-24","-0.041","-0.047","-0.039","-0.054","-9.43%"
"2021-08-23","-0.046","-0.046","-0.044","-0.059","-2.77%"
"2021-08-22","-0.047","-0.059","-0.046","-0.059","-3.89%"
"2021-08-21","-0.049","-0.049","-0.049","-0.049","8.44%"
"2021-08-20","-0.045","-0.045","-0.044","-0.059","1.35%"
"2021-08-19","-0.044","-0.044","-0.041","-0.055","4.47%"
"2021-08-18","-0.043","-0.045","-0.041","-0.054","0.00%"
"2021-08-17","-0.043","-0.043","-0.035","-0.055","2.91%"
"2021-08-16","-0.041","-0.044","-0.038","-0.056","-5.71%"
"2021-08-15","-0.044","-0.050","-0.041","-0.050","-12.40%"
"2021-08-14","-0.050","-0.050","-0.050","-0.050","0.00%"
"2021-08-13","-0.050","-0.041","-0.041","-0.051","28.87%"
"2021-08-12","-0.039","-0.039","-0.038","-0.055","6.89%"
"2021-08-11","-0.036","-0.041","-0.027","-0.051","-3.20%"
"2021-08-10","-0.038","-0.042","-0.038","-0.056","-14.38%"
"2021-08-09","-0.044","-0.056","-0.042","-0.056","-22.20%"
"2021-08-08","-0.056","-0.056","-0.056","-0.056","13.97%"
"2021-08-07","-0.049","-0.049","-0.049","-0.049","-12.26%"
"2021-08-06","-0.056","-0.051","-0.041","-0.061","15.37%"
"2021-08-05","-0.049","-0.054","-0.049","-0.066","-11.27%"
"2021-08-04","-0.055","-0.056","-0.053","-0.071","2.23%"
"2021-08-03","-0.054","-0.050","-0.050","-0.065","10.25%"
"2021-08-02","-0.049","-0.046","-0.046","-0.059","4.05%"
"2021-08-01","-0.047","-0.058","-0.047","-0.058","4.22%"
"2021-07-30","-0.045","-0.048","-0.045","-0.049","-5.26%"
"2021-07-29","-0.047","-0.049","-0.046","-0.059","-5.00%"
"2021-07-28","-0.050","-0.049","-0.035","-0.061","14.16%"
"2021-07-27","-0.044","-0.048","-0.034","-0.059","12.89%"
"2021-07-26","-0.039","-0.052","-0.038","-0.065","-25.24%"
"2021-07-25","-0.052","-0.065","-0.052","-0.065","-3.53%"
"2021-07-24","-0.054","-0.054","-0.054","-0.054","30.27%"
"2021-07-23","-0.041","-0.041","-0.041","-0.041","0.00%"
"2021-07-22","-0.041","-0.041","-0.041","-0.041","-10.80%"
"2021-07-21","-0.046","-0.059","-0.036","-0.070","-9.75%"
"2021-07-20","-0.051","-0.060","-0.047","-0.071","10.80%"
"2021-07-19","-0.046","-0.057","-0.043","-0.070","-19.48%"
"2021-07-18","-0.058","-0.065","-0.051","-0.065","15.00%"
"2021-07-17","-0.050","-0.050","-0.050","-0.050","11.11%"
"2021-07-16","-0.045","-0.055","-0.035","-0.065","8.96%"
"2021-07-15","-0.041","-0.049","-0.038","-0.065","10.13%"
"2021-07-14","-0.038","-0.043","-0.035","-0.059","3.31%"
"2021-07-13","-0.036","-0.043","-0.027","-0.055","45.20%"
"2021-07-12","-0.025","-0.035","-0.025","-0.052","-29.78%"
"2021-07-11","-0.036","-0.046","-0.035","-0.046","-6.56%"
"2021-07-10","-0.038","-0.038","-0.038","-0.038","27.00%"
"2021-07-09","-0.030","-0.041","-0.026","-0.055","-4.15%"
"2021-07-08","-0.031","-0.037","-0.031","-0.063","13.82%"
"2021-07-07","-0.027","-0.036","-0.023","-0.050","0.00%"
"2021-07-06","-0.027","-0.028","-0.018","-0.045","46.28%"
"2021-07-05","-0.019","-0.034","-0.016","-0.045","-45.35%"
"2021-07-04","-0.034","-0.041","-0.032","-0.041","44.54%"
"2021-07-02","-0.024","-0.030","-0.016","-0.043","-4.80%"
"2021-07-01","-0.025","-0.027","-0.021","-0.045","5.04%"
"2021-06-30","-0.024","-0.026","-0.015","-0.039","110.62%"
"2021-06-29","-0.011","-0.028","-0.009","-0.038","-39.89%"
"2021-06-28","-0.019","-0.029","-0.014","-0.041","-34.72%"
"2021-06-27","-0.029","-0.041","-0.027","-0.041","64.57%"
"2021-06-25","-0.018","-0.030","-0.016","-0.043","0.00%"
"2021-06-24","-0.018","-0.023","-0.016","-0.039","7.36%"
"2021-06-23","-0.016","-0.026","-0.016","-0.040","-27.56%"
"2021-06-22","-0.023","-0.027","-0.015","-0.043","5.63%"
"2021-06-21","-0.021","-0.027","-0.016","-0.047","-34.46%"
"2021-06-20","-0.032","-0.024","-0.024","-0.040","-18.75%"
"2021-06-19","-0.040","-0.024","-0.024","-0.040","68.07%"
"2021-06-18","-0.024","-0.031","-0.011","-0.040","0.00%"
"2021-06-17","-0.024","-0.020","-0.009","-0.044","-9.51%"
"2021-06-16","-0.026","-0.029","-0.024","-0.046","23.47%"
"2021-06-15","-0.021","-0.031","-0.021","-0.047","-14.80%"
"2021-06-14","-0.025","-0.034","-0.025","-0.052","-34.38%"
"2021-06-13","-0.038","-0.038","-0.038","-0.052","1.60%"
"2021-06-12","-0.038","-0.038","-0.038","-0.038","19.81%"
"2021-06-11","-0.031","-0.034","-0.027","-0.054","19.01%"
"2021-06-10","-0.026","-0.031","-0.015","-0.045","50.29%"
"2021-06-09","-0.018","-0.019","-0.014","-0.040","26.81%"
"2021-06-08","-0.014","-0.013","-0.009","-0.032","-49.82%"
"2021-06-07","-0.027","-0.013","-0.006","-0.027","57.14%"
"2021-06-06","-0.018","-0.009","-0.009","-0.027","26.81%"
"2021-06-05","-0.014","-0.009","-0.009","-0.014","22.12%"
"2021-06-04","-0.011","-0.007","-0.001","-0.027","769.23%"
"2021-06-03","-0.001","-0.010","-0.001","-0.024","-74.00%"
"2021-06-02","-0.005","-0.007","-0.001","-0.021","284.62%"
"2021-06-01","-0.001","-0.007","-0.001","-0.023","-82.67%"
"2021-05-31","-0.007","-0.010","-0.006","-0.023","-47.92%"
"2021-05-30","-0.014","-0.006","-0.006","-0.023","27.43%"
"2021-05-29","-0.011","-0.006","-0.006","-0.011","79.37%"
"2021-05-28","-0.006","-0.010","-0.001","-0.026","152.00%"
"2021-05-27","-0.002","-0.014","-0.002","-0.029","-75.00%"
"2021-05-26","-0.010","-0.013","-0.005","-0.027","-11.50%"
"2021-05-25","-0.011","-0.011","-0.005","-0.027","79.37%"
"2021-05-24","-0.006","-0.010","-0.004","-0.025","-58.00%"
"2021-05-23","-0.015","-0.007","-0.007","-0.023","100.00%"
"2021-05-22","-0.007","-0.007","-0.007","-0.007","97.37%"
"2021-05-21","-0.004","-0.009","-0.001","-0.024","-24.00%"
"2021-05-20","-0.005","-0.007","-0.001","-0.024","-20.63%"
"2021-05-19","-0.006","-0.010","0.001","-0.025","65.79%"
"2021-05-18","-0.004","-0.010","-0.002","-0.026","-24.00%"
"2021-05-17","-0.005","-0.018","-0.004","-0.027","-70.41%"
"2021-05-16","-0.017","-0.010","-0.010","-0.025","12.67%"
"2021-05-15","-0.015","-0.010","-0.010","-0.015","138.10%"
"2021-05-14","-0.006","-0.009","-0.004","-0.026","65.79%"
"2021-05-13","-0.004","-0.009","0.002","-0.021","192.31%"
"2021-05-12","-0.001","-0.017","-0.001","-0.030","-65.79%"
"2021-05-11","-0.004","-0.013","-0.004","-0.031","-69.60%"
"2021-05-10","-0.013","-0.015","-0.006","-0.030","-39.32%"
"2021-05-09","-0.021","-0.015","-0.015","-0.030","37.33%"
"2021-05-08","-0.015","-0.015","-0.015","-0.015","50.00%"
"2021-05-07","-0.010","-0.013","-0.006","-0.031","-20.00%"
"2021-05-06","-0.013","-0.018","-0.005","-0.030","150.00%"
"2021-05-05","-0.005","-0.005","-0.005","-0.005","0.00%"
"2021-05-04","-0.005","-0.005","-0.005","-0.005","0.00%"
"2021-05-03","-0.005","-0.025","-0.005","-0.025","-80.00%"
"2021-05-02","-0.025","-0.009","-0.009","-0.025","47.93%"
"2021-05-01","-0.017","-0.009","-0.009","-0.017","168.25%"
"2021-04-30","-0.006","-0.013","-0.001","-0.026","-49.60%"
"2021-04-29","-0.013","-0.013","-0.013","-0.013","42.05%"
"2021-04-28","-0.009","-0.013","-0.001","-0.030","0.00%"
"2021-04-27","-0.009","-0.015","-0.007","-0.031","-22.12%"
"2021-04-26","-0.011","-0.020","-0.009","-0.035","-67.71%"
"2021-04-25","-0.035","-0.020","-0.020","-0.035","75.00%"
"2021-04-24","-0.020","-0.020","-0.020","-0.020","33.33%"
"2021-04-23","-0.015","-0.024","-0.011","-0.035","20.00%"
"2021-04-22","-0.013","-0.021","-0.013","-0.036","10.62%"
"2021-04-21","-0.011","-0.021","-0.009","-0.036","-24.67%"
"2021-04-20","-0.015","-0.016","-0.004","-0.030","32.74%"
"2021-04-19","-0.011","-0.013","-0.007","-0.031","-30.67%"
"2021-04-18","-0.016","-0.011","-0.011","-0.026","-38.02%"
"2021-04-17","-0.026","-0.011","-0.011","-0.026","198.86%"
"2021-04-16","-0.009","-0.015","-0.005","-0.026","-36.23%"
"2021-04-15","-0.014","-0.013","-0.004","-0.027","263.16%"
"2021-04-14","-0.004","-0.015","-0.002","-0.029","-62.00%"
"2021-04-13","-0.010","-0.007","-0.001","-0.023","669.23%"
"2021-04-12","-0.001","-0.010","-0.001","-0.025","-91.33%"
"2021-04-11","-0.015","-0.010","-0.010","-0.025","50.00%"
"2021-04-10","-0.010","-0.010","-0.010","-0.010","33.33%"
"2021-04-09","-0.007","-0.019","-0.001","-0.030","-45.65%"
"2021-04-08","-0.014","-0.014","-0.004","-0.031","22.12%"
"2021-04-07","-0.011","-0.013","-0.006","-0.031","50.67%"
"2021-04-06","-0.007","-0.002","0.001","-0.026","200.00%"
"2021-04-05","-0.002","-0.001","0.004","-0.015","-55.36%"
"2021-04-04","-0.006","-0.015","-0.004","-0.015","0.00%"
"2021-04-03","-0.006","-0.006","-0.006","-0.006","-247.37%"
"2021-04-02","0.004","-0.001","0.009","-0.011","192.31%"
"2021-04-01","0.001","-0.004","0.016","-0.015","-200.00%"
"2021-03-31","-0.001","-0.018","0.013","-0.026","-88.50%"
"2021-03-30","-0.011","-0.020","-0.002","-0.034","-30.67%"
"2021-03-29","-0.016","-0.018","-0.011","-0.039","-31.51%"
"2021-03-28","-0.024","-0.019","-0.019","-0.034","26.60%"
"2021-03-27","-0.019","-0.019","-0.019","-0.019","7.43%"
"2021-03-26","-0.018","-0.023","-0.011","-0.038","-17.84%"
"2021-03-25","-0.021","-0.025","-0.016","-0.040","-5.33%"
"2021-03-24","-0.023","-0.030","-0.016","-0.043","0.00%"
"2021-03-23","-0.023","-0.023","-0.016","-0.038","28.57%"
"2021-03-22","-0.018","-0.020","-0.010","-0.036","-31.64%"
"2021-03-21","-0.026","-0.015","-0.015","-0.027","70.67%"
"2021-03-20","-0.015","-0.015","-0.015","-0.015","0.00%"
"2021-03-19","-0.015","-0.026","0.013","-0.032","50.00%"
"2021-03-18","-0.010","-0.023","-0.004","-0.038","-33.33%"
"2021-03-17","-0.015","-0.026","-0.013","-0.039","-29.58%"
"2021-03-16","-0.021","-0.026","-0.014","-0.041","21.71%"
"2021-03-15","-0.018","-0.013","-0.010","-0.036","26.81%"
"2021-03-14","-0.014","-0.009","-0.009","-0.021","56.82%"
"2021-03-13","-0.009","-0.009","-0.009","-0.009","-331.58%"
"2021-03-12","0.004","-0.019","0.009","-0.026","-150.67%"
"2021-03-11","-0.007","0.001","0.004","-0.035","-676.92%"
"2021-03-10","0.001","-0.002","0.018","-0.019","-85.23%"
"2021-03-09","0.009","0.010","0.011","-0.016","-41.33%"
"2021-03-08","0.015","-0.017","0.018","-0.031","-185.71%"
"2021-03-07","-0.018","-0.023","-0.017","-0.031","-37.72%"
"2021-03-06","-0.028","-0.023","-0.023","-0.028","462.00%"
"2021-03-05","-0.005","0.013","0.013","-0.044","-231.58%"
"2021-03-04","0.004","0.005","0.011","-0.018","-49.33%"
"2021-03-03","0.007","-0.016","0.016","-0.021","-200.00%"
"2021-03-02","-0.007","0.002","0.005","-0.025","-219.05%"
"2021-03-01","0.006","0.007","0.021","-0.014","-22.22%"
"2021-02-28","0.008","0.015","0.015","0.001","-31.93%"
"2021-02-27","0.012","0.015","0.015","0.012","-54.75%"
"2021-02-26","0.026","0.032","0.038","-0.002","0.00%"
"2021-02-25","0.026","0.004","0.030","-0.016","1,923.08%"
"2021-02-24","0.001","0.002","0.014","-0.019","-79.37%"
"2021-02-23","0.006","0.006","0.006","-0.006","384.62%"
"2021-02-22","0.001","0.002","0.010","-0.016","-129.55%"
"2021-02-21","-0.004","-0.005","-0.004","-0.016","-73.01%"
"2021-02-20","-0.016","-0.005","-0.005","-0.016","-285.23%"
"2021-02-19","0.009","-0.011","0.009","-0.024","-177.88%"
"2021-02-18","-0.011","-0.020","-0.002","-0.031","0.00%"
"2021-02-17","-0.011","-0.026","-0.005","-0.038","-39.89%"
"2021-02-16","-0.019","-0.031","-0.019","-0.046","-34.72%"
"2021-02-15","-0.029","-0.039","-0.024","-0.058","-35.14%"
"2021-02-14","-0.044","-0.045","-0.043","-0.058","-22.78%"
"2021-02-13","-0.058","-0.045","-0.045","-0.058","70.12%"
"2021-02-12","-0.034","-0.041","-0.031","-0.061","-44.86%"
"2021-02-11","-0.061","-0.043","-0.041","-0.061","57.99%"
"2021-02-10","-0.039","-0.040","-0.029","-0.059","3.47%"
"2021-02-09","-0.038","-0.040","-0.031","-0.055","0.00%"
"2021-02-08","-0.038","-0.044","-0.030","-0.055","-23.16%"
"2021-02-07","-0.049","-0.047","-0.047","-0.051","2.74%"
"2021-02-06","-0.047","-0.047","-0.047","-0.047","15.01%"
"2021-02-05","-0.041","-0.052","-0.035","-0.063","0.00%"
"2021-02-04","-0.041","-0.050","-0.040","-0.064","-2.82%"
"2021-02-03","-0.043","-0.058","-0.041","-0.069","-10.53%"
"2021-02-02","-0.047","-0.055","-0.046","-0.070","-9.52%"
"2021-02-01","-0.052","-0.055","-0.049","-0.071","-11.62%"
"2021-01-31","-0.059","-0.055","-0.055","-0.070","8.00%"
"2021-01-30","-0.055","-0.055","-0.055","-0.055","7.21%"
"2021-01-29","-0.051","-0.063","-0.046","-0.074","-2.29%"
"2021-01-28","-0.052","-0.063","-0.052","-0.078","-31.19%"
"2021-01-27","-0.076","-0.068","-0.052","-0.078","19.59%"
"2021-01-26","-0.064","-0.065","-0.060","-0.084","-1.85%"
"2021-01-25","-0.065","-0.070","-0.059","-0.085","-7.93%"
"2021-01-24","-0.071","-0.063","-0.063","-0.080","12.96%"
"2021-01-23","-0.063","-0.063","-0.063","-0.063","1.96%"
"2021-01-22","-0.061","-0.065","-0.056","-0.081","-22.21%"
"2021-01-21","-0.079","-0.069","-0.058","-0.084","31.33%"
"2021-01-20","-0.060","-0.058","-0.058","-0.083","14.29%"
"2021-01-19","-0.052","-0.050","-0.047","-0.072","10.53%"
"2021-01-18","-0.047","-0.045","-0.043","-0.070","-2.66%"
"2021-01-17","-0.049","-0.055","-0.047","-0.070","-11.27%"
"2021-01-16","-0.055","-0.055","-0.055","-0.055","7.21%"
"2021-01-15","-0.051","-0.058","-0.047","-0.071","-6.73%"
"2021-01-14","-0.055","-0.060","-0.050","-0.074","0.00%"
"2021-01-13","-0.055","-0.063","-0.051","-0.075","22.22%"
"2021-01-12","-0.045","-0.050","-0.044","-0.071","-32.13%"
"2021-01-11","-0.066","-0.066","-0.054","-0.066","0.00%"
"2021-01-10","-0.066","-0.055","-0.055","-0.066","0.00%"
"2021-01-09","-0.066","-0.055","-0.055","-0.066","39.58%"
"2021-01-08","-0.047","-0.050","-0.045","-0.070","2.59%"
"2021-01-07","-0.046","-0.055","-0.044","-0.070","-9.75%"
"2021-01-06","-0.051","-0.063","-0.047","-0.075","-8.88%"
"2021-01-05","-0.056","-0.059","-0.055","-0.078","0.00%"
"2021-01-04","-0.056","-0.058","-0.047","-0.074","-7.10%"
"2021-01-03","-0.061","-0.055","-0.055","-0.069","10.18%"
"2021-01-02","-0.055","-0.055","-0.055","-0.055","15.79%"
"2021-01-01","-0.047","-0.047","-0.047","-0.047","0.00%"
"2020-12-31","-0.047","-0.047","-0.047","-0.047","-7.41%"
"2020-12-30","-0.051","-0.055","-0.045","-0.069","0.00%"
"2020-12-29","-0.051","-0.060","-0.047","-0.075","-6.73%"
"2020-12-28","-0.055","-0.058","-0.050","-0.076","-11.15%"
"2020-12-27","-0.062","-0.058","-0.058","-0.076","7.65%"
"2020-12-26","-0.058","-0.058","-0.058","-0.058","15.00%"
"2020-12-25","-0.050","-0.063","-0.049","-0.068","-14.97%"
"2020-12-24","-0.059","-0.061","-0.049","-0.078","4.44%"
"2020-12-23","-0.056","-0.068","-0.051","-0.081","-9.92%"
"2020-12-22","-0.063","-0.066","-0.059","-0.081","8.70%"
"2020-12-21","-0.058","-0.063","-0.058","-0.084","-13.27%"
"2020-12-20","-0.066","-0.063","-0.063","-0.078","6.08%"
"2020-12-19","-0.063","-0.063","-0.063","-0.063","11.01%"
"2020-12-18","-0.056","-0.063","-0.055","-0.079","2.36%"
"2020-12-17","-0.055","-0.065","-0.055","-0.076","-6.46%"
"2020-12-16","-0.059","-0.063","-0.055","-0.079","2.26%"
"2020-12-15","-0.058","-0.066","-0.056","-0.078","-2.21%"
"2020-12-14","-0.059","-0.063","-0.054","-0.081","-10.37%"
"2020-12-13","-0.066","-0.063","-0.063","-0.081","-1.06%"
"2020-12-12","-0.066","-0.063","-0.063","-0.066","6.08%"
"2020-12-11","-0.063","-0.060","-0.055","-0.081","16.17%"
"2020-12-10","-0.054","-0.056","-0.049","-0.074","4.87%"
"2020-12-09","-0.051","-0.056","-0.049","-0.063","0.00%"
"2020-12-08","-0.051","-0.055","-0.050","-0.072","2.60%"
"2020-12-07","-0.050","-0.049","-0.039","-0.070","-8.09%"
"2020-12-06","-0.054","-0.051","-0.051","-0.063","6.04%"
"2020-12-05","-0.051","-0.051","-0.051","-0.051","32.22%"
"2020-12-04","-0.039","-0.052","-0.039","-0.066","-18.32%"
"2020-12-03","-0.047","-0.052","-0.043","-0.066","-29.63%"
"2020-12-02","-0.068","-0.052","-0.044","-0.069","58.82%"
"2020-12-01","-0.043","-0.052","-0.043","-0.074","-10.53%"
"2020-11-30","-0.047","-0.056","-0.044","-0.071","-22.51%"
"2020-11-29","-0.061","-0.056","-0.056","-0.071","0.00%"
"2020-11-28","-0.061","-0.056","-0.056","-0.061","13.94%"
"2020-11-27","-0.054","-0.064","-0.050","-0.072","-4.44%"
"2020-11-26","-0.056","-0.060","-0.050","-0.075","7.24%"
"2020-11-25","-0.052","-0.058","-0.051","-0.078","0.00%"
"2020-11-24","-0.052","-0.063","-0.051","-0.076","-14.36%"
"2020-11-23","-0.061","-0.081","-0.061","-0.081","-3.92%"
"2020-11-22","-0.064","-0.064","-0.064","-0.064","-7.27%"
"2020-11-21","-0.069","-0.064","-0.064","-0.069","17.01%"
"2020-11-20","-0.059","-0.064","-0.055","-0.081","-13.66%"
"2020-11-19","-0.068","-0.060","-0.054","-0.078","23.82%"
"2020-11-18","-0.055","-0.059","-0.054","-0.076","-24.14%"
"2020-11-17","-0.072","-0.055","-0.051","-0.074","38.10%"
"2020-11-16","-0.052","-0.058","-0.041","-0.072","-16.00%"
"2020-11-15","-0.063","-0.058","-0.058","-0.063","8.70%"
"2020-11-14","-0.058","-0.058","-0.058","-0.058","4.55%"
"2020-11-13","-0.055","-0.059","-0.050","-0.075","4.76%"
"2020-11-12","-0.052","-0.052","-0.047","-0.071","19.86%"
"2020-11-11","-0.044","-0.049","-0.041","-0.065","3.06%"
"2020-11-10","-0.043","-0.050","-0.031","-0.065","13.33%"
"2020-11-09","-0.038","-0.058","-0.035","-0.080","-41.77%"
"2020-11-08","-0.064","-0.063","-0.063","-0.070","-8.00%"
"2020-11-07","-0.070","-0.063","-0.063","-0.070","43.44%"
"2020-11-06","-0.049","-0.065","-0.046","-0.080","-15.13%"
"2020-11-05","-0.058","-0.066","-0.054","-0.084","-11.54%"
"2020-11-04","-0.065","-0.045","-0.039","-0.075","57.38%"
"2020-11-03","-0.041","-0.041","-0.041","-0.046","-2.82%"
"2020-11-02","-0.043","-0.049","-0.040","-0.064","-21.00%"
"2020-11-01","-0.054","-0.050","-0.050","-0.061","7.60%"
"2020-10-31","-0.050","-0.050","-0.050","-0.050","25.00%"
"2020-10-30","-0.040","-0.052","-0.038","-0.064","-22.03%"
"2020-10-29","-0.051","-0.061","-0.047","-0.074","-8.88%"
"2020-10-28","-0.056","-0.060","-0.054","-0.076","-4.25%"
"2020-10-27","-0.059","-0.059","-0.045","-0.079","20.49%"
"2020-10-26","-0.049","-0.052","-0.044","-0.070","-13.32%"
"2020-10-25","-0.056","-0.047","-0.047","-0.063","18.53%"
"2020-10-24","-0.047","-0.047","-0.047","-0.047","11.76%"
"2020-10-23","-0.043","-0.047","-0.038","-0.063","0.00%"
"2020-10-22","-0.043","-0.054","-0.043","-0.070","-17.15%"
"2020-10-21","-0.051","-0.063","-0.045","-0.072","-14.50%"
"2020-10-20","-0.060","-0.060","-0.056","-0.080","4.35%"
"2020-10-19","-0.058","-0.063","-0.054","-0.078","-14.81%"
"2020-10-18","-0.068","-0.064","-0.064","-0.079","5.80%"
"2020-10-17","-0.064","-0.064","-0.064","-0.064","10.96%"
"2020-10-16","-0.058","-0.061","-0.055","-0.081","-2.21%"
"2020-10-15","-0.059","-0.055","-0.051","-0.084","20.49%"
"2020-10-14","-0.049","-0.056","-0.045","-0.072","-7.05%"
"2020-10-13","-0.052","-0.052","-0.045","-0.071","16.67%"
"2020-10-12","-0.045","-0.055","-0.044","-0.070","-23.47%"
"2020-10-11","-0.059","-0.051","-0.051","-0.068","14.62%"
"2020-10-10","-0.051","-0.051","-0.051","-0.051","17.12%"
"2020-10-09","-0.044","-0.052","-0.041","-0.070","-10.25%"
"2020-10-08","-0.049","-0.047","-0.045","-0.068","22.00%"
"2020-10-07","-0.040","-0.050","-0.040","-0.065","0.00%"
"2020-10-06","-0.040","-0.054","-0.039","-0.065","-43.82%"
"2020-10-05","-0.071","-0.063","-0.050","-0.079","2.59%"
"2020-10-04","-0.069","-0.066","-0.066","-0.079","-4.28%"
"2020-10-03","-0.072","-0.066","-0.066","-0.072","9.35%"
"2020-10-02","-0.066","-0.063","-0.059","-0.084","15.30%"
"2020-10-01","-0.058","-0.068","-0.051","-0.079","-14.81%"
"2020-09-30","-0.068","-0.071","-0.060","-0.086","0.00%"
"2020-09-29","-0.068","-0.068","-0.063","-0.089","8.00%"
"2020-09-28","-0.063","-0.074","-0.058","-0.089","-18.09%"
"2020-09-27","-0.076","-0.071","-0.071","-0.089","7.01%"
"2020-09-26","-0.071","-0.071","-0.071","-0.071","9.69%"
"2020-09-25","-0.065","-0.075","-0.064","-0.090","-8.71%"
"2020-09-24","-0.071","-0.072","-0.066","-0.090","3.49%"
"2020-09-23","-0.069","-0.065","-0.064","-0.089","25.09%"
"2020-09-22","-0.055","-0.069","-0.069","-0.069","0.00%"
"2020-09-21","-0.055","-0.078","-0.055","-0.078","-29.03%"
"2020-09-20","-0.078","-0.063","-0.063","-0.078","0.00%"
"2020-09-19","-0.078","-0.063","-0.063","-0.078","31.80%"
"2020-09-18","-0.059","-0.064","-0.056","-0.069","4.44%"
"2020-09-17","-0.056","-0.058","-0.055","-0.076","2.36%"
"2020-09-16","-0.055","-0.065","-0.051","-0.081","-29.03%"
"2020-09-15","-0.078","-0.060","-0.055","-0.080","31.80%"
"2020-09-14","-0.059","-0.060","-0.052","-0.078","-21.60%"
"2020-09-13","-0.075","-0.059","-0.059","-0.075","27.55%"
"2020-09-12","-0.059","-0.059","-0.059","-0.059","0.00%"
"2020-09-11","-0.059","-0.058","-0.046","-0.074","30.67%"
"2020-09-10","-0.045","-0.055","-0.043","-0.072","0.00%"
"2020-09-09","-0.045","-0.058","-0.044","-0.072","-40.00%"
"2020-09-08","-0.075","-0.047","-0.044","-0.075","81.60%"
"2020-09-07","-0.041","-0.040","-0.035","-0.061","-15.37%"
"2020-09-06","-0.049","-0.046","-0.046","-0.058","-15.13%"
"2020-09-05","-0.058","-0.046","-0.046","-0.058","43.75%"
"2020-09-04","-0.040","-0.050","-0.040","-0.063","-8.68%"
"2020-09-03","-0.044","-0.045","-0.039","-0.066","3.06%"
"2020-09-02","-0.043","-0.043","-0.034","-0.059","6.25%"
"2020-09-01","-0.040","-0.038","-0.025","-0.054","23.08%"
"2020-08-31","-0.032","-0.036","-0.025","-0.054","-17.51%"
"2020-08-30","-0.039","-0.032","-0.032","-0.039","-26.77%"
"2020-08-29","-0.054","-0.032","-0.032","-0.054","79.33%"
"2020-08-28","-0.030","-0.030","-0.018","-0.054","20.00%"
"2020-08-27","-0.025","-0.040","-0.023","-0.061","-9.09%"
"2020-08-26","-0.027","-0.043","-0.025","-0.054","-26.67%"
"2020-08-25","-0.038","-0.046","-0.031","-0.063","-16.67%"
"2020-08-24","-0.045","-0.047","-0.043","-0.066","-5.26%"
"2020-08-23","-0.047","-0.047","-0.047","-0.047","-25.55%"
"2020-08-22","-0.064","-0.047","-0.047","-0.064","50.12%"
"2020-08-21","-0.043","-0.051","-0.039","-0.066","-2.97%"
"2020-08-20","-0.044","-0.050","-0.038","-0.065","-7.79%"
"2020-08-19","-0.047","-0.052","-0.046","-0.056","2.59%"
"2020-08-18","-0.046","-0.044","-0.041","-0.052","15.75%"
"2020-08-17","-0.040","-0.041","-0.031","-0.059","-5.88%"
"2020-08-16","-0.043","-0.038","-0.038","-0.043","-24.51%"
"2020-08-15","-0.056","-0.038","-0.038","-0.056","45.10%"
"2020-08-14","-0.039","-0.038","-0.026","-0.061","34.72%"
"2020-08-13","-0.029","-0.045","-0.026","-0.064","35.21%"
"2020-08-12","-0.021","-0.049","-0.021","-0.059","-39.14%"
"2020-08-11","-0.035","-0.060","-0.030","-0.071","-48.15%"
"2020-08-10","-0.068","-0.081","-0.041","-0.081","-1.89%"
"2020-08-09","-0.069","-0.069","-0.069","-0.069","-15.38%"
"2020-08-08","-0.081","-0.069","-0.069","-0.081","85.62%"
"2020-08-07","-0.044","-0.068","-0.044","-0.085","-29.92%"
"2020-08-06","-0.063","-0.068","-0.058","-0.086","6.29%"
"2020-08-05","-0.059","-0.078","-0.056","-0.089","-17.42%"
"2020-08-04","-0.071","-0.066","-0.059","-0.096","26.47%"
"2020-08-03","-0.056","-0.070","-0.051","-0.085","-20.25%"
"2020-08-02","-0.071","-0.075","-0.071","-0.075","-16.94%"
"2020-08-01","-0.085","-0.075","-0.075","-0.085","47.83%"
"2020-07-31","-0.058","-0.075","-0.056","-0.093","-6.20%"
"2020-07-30","-0.061","-0.070","-0.059","-0.090","0.00%"
"2020-07-29","-0.061","-0.072","-0.058","-0.086","4.25%"
"2020-07-28","-0.059","-0.069","-0.055","-0.085","-4.08%"
"2020-07-27","-0.061","-0.070","-0.056","-0.086","-7.54%"
"2020-07-26","-0.066","-0.070","-0.066","-0.070","-22.00%"
"2020-07-25","-0.085","-0.070","-0.070","-0.085","25.93%"
"2020-07-24","-0.068","-0.056","-0.056","-0.068","19.89%"
"2020-07-23","-0.056","-0.056","-0.056","-0.056","-16.59%"
"2020-07-22","-0.068","-0.072","-0.055","-0.086","5.80%"
"2020-07-21","-0.064","-0.065","-0.058","-0.090","16.00%"
"2020-07-20","-0.055","-0.068","-0.051","-0.085","-17.04%"
"2020-07-19","-0.066","-0.071","-0.065","-0.071","-22.00%"
"2020-07-18","-0.085","-0.071","-0.071","-0.085","57.99%"
"2020-07-17","-0.054","-0.070","-0.054","-0.087","-6.43%"
"2020-07-16","-0.058","-0.063","-0.055","-0.094","4.55%"
"2020-07-15","-0.055","-0.053","-0.047","-0.079","10.00%"
"2020-07-14","-0.050","-0.053","-0.044","-0.076","33.33%"
"2020-07-13","-0.038","-0.061","-0.036","-0.071","-54.55%"
"2020-07-12","-0.083","-0.070","-0.070","-0.083","0.00%"
"2020-07-11","-0.083","-0.070","-0.070","-0.083","50.00%"
"2020-07-10","-0.055","-0.068","-0.055","-0.085","-4.35%"
"2020-07-09","-0.058","-0.058","-0.046","-0.081","31.28%"
"2020-07-08","-0.044","-0.052","-0.043","-0.079","16.80%"
"2020-07-07","-0.038","-0.045","-0.036","-0.066","19.81%"
"2020-07-06","-0.031","-0.045","-0.029","-0.063","-30.44%"
"2020-07-05","-0.045","-0.050","-0.045","-0.050","-28.00%"
"2020-07-04","-0.063","-0.050","-0.050","-0.063","72.18%"
"2020-07-03","-0.036","-0.039","-0.035","-0.065","-3.20%"
"2020-07-02","-0.038","-0.032","-0.021","-0.056","66.67%"
"2020-07-01","-0.023","-0.036","-0.021","-0.054","-21.87%"
"2020-06-30","-0.029","-0.045","-0.021","-0.059","-25.77%"
"2020-06-29","-0.039","-0.055","-0.034","-0.069","-26.10%"
"2020-06-28","-0.052","-0.051","-0.051","-0.052","-22.22%"
"2020-06-27","-0.068","-0.051","-0.051","-0.068","58.82%"
"2020-06-26","-0.043","-0.050","-0.038","-0.068","-38.23%"
"2020-06-25","-0.069","-0.051","-0.035","-0.069","66.59%"
"2020-06-24","-0.041","-0.045","-0.034","-0.065","6.44%"
"2020-06-23","-0.039","-0.050","-0.035","-0.068","-42.52%"
"2020-06-22","-0.068","-0.050","-0.035","-0.068","73.97%"
"2020-06-19","-0.039","-0.039","-0.039","-0.039","3.47%"
"2020-06-18","-0.038","-0.038","-0.038","-0.038","0.00%"
"2020-06-17","-0.038","-0.038","-0.038","-0.038","-25.00%"
"2020-06-16","-0.050","-0.050","-0.050","-0.050","-11.19%"
"2020-06-15","-0.056","-0.056","-0.056","-0.056","7.24%"
"2020-06-12","-0.052","-0.052","-0.052","-0.052","-10.71%"
"2020-06-11","-0.059","-0.059","-0.059","-0.059","51.55%"
"2020-06-10","-0.039","-0.039","-0.039","-0.039","-6.05%"
"2020-06-09","-0.041","-0.041","-0.041","-0.041","93.90%"
"2020-06-08","-0.021","-0.021","-0.021","-0.021","-1,738.46%"
"2020-06-05","0.001","0.001","0.001","0.001","-104.15%"
"2020-06-04","-0.031","-0.031","-0.031","-0.031","-19.33%"
"2020-06-03","-0.039","-0.039","-0.039","-0.039","-26.10%"
"2020-06-02","-0.052","-0.052","-0.052","-0.052","27.12%"
"2020-06-01","-0.041","-0.041","-0.041","-0.041","-24.91%"
"2020-05-29","-0.055","-0.055","-0.055","-0.055","-2.31%"
"2020-05-28","-0.056","-0.056","-0.056","-0.056","-6.17%"
"2020-05-27","-0.060","-0.060","-0.060","-0.060","6.57%"
"2020-05-26","-0.056","-0.056","-0.056","-0.056","7.24%"
"2020-05-25","-0.052","-0.052","-0.052","-0.052","-19.23%"
"2020-05-22","-0.065","-0.065","-0.065","-0.065","4.00%"
"2020-05-21","-0.063","-0.063","-0.063","-0.063","4.17%"
"2020-05-20","-0.060","-0.060","-0.060","-0.060","6.57%"
"2020-05-19","-0.056","-0.056","-0.056","-0.056","0.00%"
"2020-05-18","-0.056","-0.056","-0.056","-0.056","-13.38%"
"2020-05-15","-0.065","-0.065","-0.065","-0.065","0.00%"
"2020-05-14","-0.065","-0.065","-0.065","-0.065","1.88%"
"2020-05-13","-0.064","-0.064","-0.064","-0.064","13.32%"
"2020-05-12","-0.056","-0.056","-0.056","-0.056","15.37%"
"2020-05-11","-0.049","-0.049","-0.049","-0.049","-17.01%"
"2020-05-08","-0.059","-0.059","-0.059","-0.059","-14.53%"
"2020-05-07","-0.069","-0.069","-0.069","-0.069","12.23%"
"2020-05-06","-0.061","-0.061","-0.061","-0.061","0.00%"
"2020-05-05","-0.061","-0.061","-0.061","-0.061","0.00%"
"2020-05-04","-0.061","-0.061","-0.061","-0.061","0.00%"
"2020-05-01","-0.061","-0.061","-0.061","-0.061","-28.89%"
"2020-04-30","-0.086","-0.086","-0.086","-0.086","11.23%"
"2020-04-29","-0.078","-0.078","-0.078","-0.078","0.00%"
"2020-04-28","-0.078","-0.078","-0.078","-0.078","0.00%"
"2020-04-27","-0.078","-0.078","-0.078","-0.078","8.85%"
"2020-04-24","-0.071","-0.071","-0.071","-0.071","11.60%"
"2020-04-23","-0.064","-0.064","-0.064","-0.064","21.52%"
"2020-04-22","-0.052","-0.052","-0.052","-0.052","-12.50%"
"2020-04-21","-0.060","-0.060","-0.060","-0.060","45.28%"
"2020-04-20","-0.041","-0.041","-0.041","-0.041","-19.49%"
"2020-04-17","-0.051","-0.051","-0.051","-0.051","-8.88%"
"2020-04-16","-0.056","-0.056","-0.056","-0.056","-6.17%"
"2020-04-15","-0.060","-0.060","-0.060","-0.060","22.95%"
"2020-04-14","-0.049","-0.049","-0.049","-0.049","22.00%"
"2020-04-13","-0.040","-0.040","-0.040","-0.040","-22.03%"
"2020-04-10","-0.051","-0.051","-0.051","-0.051","57.85%"
"2020-04-09","-0.032","-0.032","-0.032","-0.032","23.57%"
"2020-04-08","-0.026","-0.026","-0.026","-0.026","10.50%"
"2020-04-07","-0.024","-0.024","-0.024","-0.024","-44.00%"
"2020-04-06","-0.043","-0.043","-0.043","-0.043","-30.67%"
"2020-04-03","-0.061","-0.061","-0.061","-0.061","0.00%"
"2020-04-02","-0.061","-0.061","-0.061","-0.061","0.00%"
"2020-04-01","-0.061","-0.061","-0.061","-0.061","-16.94%"
"2020-03-31","-0.074","-0.074","-0.074","-0.074","37.17%"
"2020-03-30","-0.054","-0.054","-0.054","-0.054","-8.50%"
"2020-03-27","-0.059","-0.059","-0.059","-0.059","-17.42%"
"2020-03-26","-0.071","-0.071","-0.071","-0.071","62.56%"
"2020-03-25","-0.044","-0.044","-0.044","-0.044","-14.62%"
"2020-03-24","-0.051","-0.051","-0.051","-0.051","-14.50%"
"2020-03-23","-0.060","-0.060","-0.060","-0.060","-1,678.95%"
"2020-03-20","0.004","0.004","0.004","0.004","0.00%"
"2020-03-19","0.004","0.004","0.004","0.004","-252.00%"
"2020-03-18","-0.002","-0.002","-0.002","-0.002","-95.83%"
"2020-03-17","-0.060","-0.060","-0.060","-0.060","-26.20%"
"2020-03-16","-0.081","-0.081","-0.081","-0.081","-33.63%"
"2020-03-13","-0.123","-0.123","-0.123","-0.123","-19.67%"
"2020-03-12","-0.153","-0.153","-0.153","-0.153","-19.74%"
"2020-03-11","-0.190","-0.190","-0.190","-0.190","-4.43%"
"2020-03-10","-0.199","-0.199","-0.199","-0.199","-27.39%"
"2020-03-09","-0.274","-0.274","-0.274","-0.274","19.67%"
"2020-03-06","-0.229","-0.229","-0.229","-0.229","22.81%"
"2020-03-05","-0.186","-0.186","-0.186","-0.186","0.70%"
"2020-03-04","-0.185","-0.185","-0.185","-0.185","19.35%"
"2020-03-03","-0.155","-0.155","-0.155","-0.155","-8.18%"
"2020-03-02","-0.169","-0.169","-0.169","-0.169","-6.89%"
"2020-02-28","-0.181","-0.181","-0.181","-0.181","23.92%"
"2020-02-27","-0.146","-0.146","-0.146","-0.146","19.43%"
"2020-02-26","-0.123","-0.123","-0.123","-0.123","-11.74%"
"2020-02-25","-0.139","-0.139","-0.139","-0.139","50.05%"
"2020-02-24","-0.093","-0.093","-0.093","-0.093","4.17%"
"2020-02-21","-0.089","-0.089","-0.089","-0.089","4.47%"
"2020-02-20","-0.085","-0.085","-0.085","-0.085","25.93%"
"2020-02-19","-0.068","-0.068","-0.068","-0.068","-14.34%"
"2020-02-18","-0.079","-0.079","-0.079","-0.079","79.91%"
"2020-02-17","-0.044","-0.044","-0.044","-0.044","6.05%"
"2020-02-14","-0.041","-0.041","-0.041","-0.041","3.25%"
"2020-02-13","-0.040","-0.040","-0.040","-0.040","-5.88%"
"2020-02-12","-0.043","-0.043","-0.043","-0.043","-30.67%"
"2020-02-11","-0.061","-0.061","-0.061","-0.061","2.17%"
"2020-02-10","-0.060","-0.060","-0.060","-0.060","22.95%"
"2020-02-07","-0.049","-0.049","-0.049","-0.049","44.38%"
"2020-02-06","-0.034","-0.034","-0.034","-0.034","7.99%"
"2020-02-05","-0.031","-0.031","-0.031","-0.031","-37.40%"
"2020-02-04","-0.050","-0.050","-0.050","-0.050","-32.25%"
"2020-02-03","-0.074","-0.074","-0.074","-0.074","7.27%"
"2020-01-31","-0.069","-0.069","-0.069","-0.069","40.98%"
"2020-01-30","-0.049","-0.049","-0.049","-0.049","50.15%"
"2020-01-29","-0.032","-0.032","-0.032","-0.032","30.00%"
"2020-01-28","-0.025","-0.025","-0.025","-0.025","-33.33%"
"2020-01-27","-0.038","-0.038","-0.038","-0.038","66.67%"
"2020-01-24","-0.023","-0.023","-0.023","-0.023","-10.00%"
"2020-01-23","-0.025","-0.025","-0.025","-0.025","-1,100.00%"
"2020-01-22","0.002","0.002","0.002","0.002","0.00%"
"2020-01-21","0.002","0.002","0.002","0.002","-75.00%"
"2020-01-20","0.010","0.010","0.010","0.010","100.00%"
"2020-01-17","0.005","0.005","0.005","0.005","-71.43%"
"2020-01-16","0.018","0.018","0.018","0.018","98.86%"
"2020-01-15","0.009","0.009","0.009","0.009","-29.60%"
"2020-01-14","0.013","0.013","0.013","0.013","98.41%"
"2020-01-13","0.006","0.006","0.006","0.006","152.00%"
"2020-01-10","0.002","0.002","0.002","0.002","-83.33%"
"2020-01-09","0.015","0.015","0.015","0.015","50.00%"
"2020-01-08","0.010","0.010","0.010","0.010","100.00%"
"2020-01-07","0.005","0.005","0.005","0.005","0.00%"
"2020-01-06","0.005","0.005","0.005","0.005","-200.00%"
"2020-01-03","-0.005","-0.005","-0.005","-0.005","0.00%"
"2020-01-02","-0.005","-0.005","-0.005","-0.005","0.00%"
"2020-01-01","-0.005","-0.005","-0.005","-0.005","0.00%"
"2019-12-31","-0.005","-0.005","-0.005","-0.005","-130.67%"
"2019-12-30","0.016","0.016","0.016","0.016","-13.30%"
"2019-12-27","0.019","0.019","0.019","0.019","15.34%"
"2019-12-26","0.016","0.016","0.016","0.016","44.25%"
"2019-12-25","0.011","0.011","0.011","0.011","-65.23%"
"2019-12-24","0.032","0.032","0.032","0.032","135.51%"
"2019-12-23","0.014","0.014","0.014","0.014","-42.02%"
"2019-12-20","0.024","0.024","0.024","0.024","170.45%"
"2019-12-19","0.009","0.009","0.009","0.009","131.58%"
"2019-12-18","0.004","0.004","0.004","0.004","192.31%"
"2019-12-17","0.001","0.001","0.001","0.001","-134.21%"
"2019-12-16","-0.004","-0.004","-0.004","-0.004","-82.16%"
"2019-12-13","-0.021","-0.021","-0.021","-0.021","-952.00%"
"2019-12-12","0.002","0.002","0.002","0.002","-114.29%"
"2019-12-11","-0.018","-0.018","-0.018","-0.018","16.67%"
"2019-12-10","-0.015","-0.015","-0.015","-0.015","20.00%"
"2019-12-09","-0.013","-0.013","-0.013","-0.013","66.67%"
"2019-12-06","-0.007","-0.007","-0.007","-0.007","-72.73%"
"2019-12-05","-0.027","-0.027","-0.027","-0.027","22.22%"
"2019-12-04","-0.023","-0.023","-0.023","-0.023","-68.40%"
"2019-12-03","-0.071","-0.071","-0.071","-0.071","147.22%"
"2019-12-02","-0.029","-0.029","-0.029","-0.029","-42.40%"
"2019-11-29","-0.050","-0.050","-0.050","-0.050","-18.43%"
"2019-11-28","-0.061","-0.061","-0.061","-0.061","-13.90%"
"2019-11-27","-0.071","-0.071","-0.071","-0.071","5.48%"
"2019-11-26","-0.068","-0.068","-0.068","-0.068","5.80%"
"2019-11-25","-0.064","-0.064","-0.064","-0.064","6.33%"
"2019-11-22","-0.060","-0.060","-0.060","-0.060","-2.12%"
"2019-11-21","-0.061","-0.061","-0.061","-0.061","-1.92%"
"2019-11-20","-0.063","-0.063","-0.063","-0.063","11.01%"
"2019-11-19","-0.056","-0.056","-0.056","-0.056","-8.16%"
"2019-11-18","-0.061","-0.061","-0.061","-0.061","16.76%"
"2019-11-15","-0.052","-0.052","-0.052","-0.052","-20.81%"
"2019-11-14","-0.066","-0.066","-0.066","-0.066","43.20%"
"2019-11-13","-0.046","-0.046","-0.046","-0.046","23.47%"
"2019-11-12","-0.038","-0.038","-0.038","-0.038","15.38%"
"2019-11-11","-0.032","-0.032","-0.032","-0.032","23.57%"
"2019-11-08","-0.026","-0.026","-0.026","-0.026","198.86%"
"2019-11-07","-0.009","-0.009","-0.009","-0.009","-88.65%"
"2019-11-06","-0.078","-0.078","-0.078","-0.078","-10.09%"
"2019-11-05","-0.086","-0.086","-0.086","-0.086","-34.35%"
"2019-11-04","-0.131","-0.131","-0.131","-0.131","1.94%"
"2019-11-01","-0.129","-0.129","-0.129","-0.129","4.04%"
"2019-10-31","-0.124","-0.124","-0.124","-0.124","31.98%"
"2019-10-30","-0.094","-0.094","-0.094","-0.094","0.00%"
"2019-10-29","-0.094","-0.094","-0.094","-0.094","0.00%"
"2019-10-28","-0.094","-0.094","-0.094","-0.094","-14.73%"
"2019-10-25","-0.110","-0.110","-0.110","-0.110","-12.00%"
"2019-10-24","-0.125","-0.125","-0.125","-0.125","-3.85%"
"2019-10-23","-0.130","-0.130","-0.130","-0.130","-0.99%"
"2019-10-22","-0.131","-0.131","-0.131","-0.131","12.90%"
"2019-10-21","-0.116","-0.116","-0.116","-0.116","-8.78%"
"2019-10-18","-0.127","-0.127","-0.127","-0.127","-1.01%"
"2019-10-17","-0.129","-0.129","-0.129","-0.129","-0.92%"
"2019-10-16","-0.130","-0.130","-0.130","-0.130","1.96%"
"2019-10-15","-0.127","-0.127","-0.127","-0.127","-19.05%"
"2019-10-14","-0.157","-0.157","-0.157","-0.157","22.28%"
"2019-10-11","-0.129","-0.129","-0.129","-0.129","-15.54%"
"2019-10-10","-0.153","-0.153","-0.153","-0.153","-6.15%"
"2019-10-09","-0.162","-0.162","-0.162","-0.162","-12.16%"
"2019-10-08","-0.185","-0.185","-0.185","-0.185","-0.70%"
"2019-10-07","-0.186","-0.186","-0.186","-0.186","7.25%"
"2019-10-04","-0.174","-0.174","-0.174","-0.174","-8.00%"
"2019-10-03","-0.189","-0.189","-0.189","-0.189","18.89%"
"2019-10-02","-0.159","-0.159","-0.159","-0.159","-5.19%"
"2019-10-01","-0.168","-0.168","-0.168","-0.168","1.52%"
"2019-09-30","-0.165","-0.165","-0.165","-0.165","-7.04%"
"2019-09-27","-0.177","-0.177","-0.177","-0.177","-4.72%"
"2019-09-26","-0.186","-0.186","-0.186","-0.186","4.19%"
"2019-09-25","-0.179","-0.179","-0.179","-0.179","-2.72%"
"2019-09-24","-0.184","-0.184","-0.184","-0.184","2.11%"
"2019-09-23","-0.180","-0.180","-0.180","-0.180","8.24%"
"2019-09-20","-0.166","-0.166","-0.166","-0.166","8.13%"
"2019-09-19","-0.154","-0.154","-0.154","-0.154","14.95%"
"2019-09-18","-0.134","-0.134","-0.134","-0.134","22.98%"
"2019-09-17","-0.109","-0.109","-0.109","-0.109","74.08%"
"2019-09-16","-0.063","-0.063","-0.063","-0.063","-19.35%"
"2019-09-13","-0.078","-0.078","-0.078","-0.078","-35.42%"
"2019-09-12","-0.120","-0.120","-0.120","-0.120","-7.69%"
"2019-09-11","-0.130","-0.130","-0.130","-0.130","-11.86%"
"2019-09-10","-0.147","-0.147","-0.147","-0.147","-4.10%"
"2019-09-09","-0.154","-0.154","-0.154","-0.154","-0.77%"
"2019-09-06","-0.155","-0.155","-0.155","-0.155","0.00%"
"2019-09-05","-0.155","-0.155","-0.155","-0.155","-15.67%"
"2019-09-04","-0.184","-0.184","-0.184","-0.184","-3.92%"
"2019-09-03","-0.191","-0.191","-0.191","-0.191","2.03%"
"2019-09-02","-0.188","-0.188","-0.188","-0.188","11.94%"
"2019-08-30","-0.168","-0.168","-0.168","-0.168","-4.99%"
"2019-08-29","-0.176","-0.176","-0.176","-0.176","-5.97%"
"2019-08-28","-0.188","-0.188","-0.188","-0.188","-3.25%"
"2019-08-27","-0.194","-0.194","-0.194","-0.194","2.00%"
"2019-08-26","-0.190","-0.190","-0.190","-0.190","4.80%"
"2019-08-23","-0.181","-0.181","-0.181","-0.181","5.84%"
"2019-08-22","-0.171","-0.171","-0.171","-0.171","0.00%"
"2019-08-21","-0.171","-0.171","-0.171","-0.171","0.00%"
"2019-08-20","-0.171","-0.171","-0.171","-0.171","0.00%"
"2019-08-19","-0.171","-0.171","-0.171","-0.171","-0.70%"
"2019-08-16","-0.172","-0.172","-0.172","-0.172","-8.63%"
"2019-08-15","-0.189","-0.189","-0.189","-0.189","3.45%"
"2019-08-14","-0.183","-0.183","-0.183","-0.183","1.39%"
"2019-08-13","-0.180","-0.180","-0.180","-0.180","6.64%"
"2019-08-12","-0.169","-0.169","-0.169","-0.169","-2.14%"
"2019-08-09","-0.172","-0.172","-0.172","-0.172","11.29%"
"2019-08-08","-0.155","-0.155","-0.155","-0.155","-1.59%"
"2019-08-07","-0.157","-0.157","-0.157","-0.157","15.55%"
"2019-08-06","-0.136","-0.136","-0.136","-0.136","-9.13%"
"2019-08-05","-0.150","-0.150","-0.150","-0.150","20.00%"
"2019-08-02","-0.125","-0.125","-0.125","-0.125","20.42%"
"2019-08-01","-0.104","-0.104","-0.104","-0.104","-9.74%"
"2019-07-31","-0.115","-0.115","-0.115","-0.115","2.22%"
"2019-07-30","-0.112","-0.112","-0.112","-0.112","5.83%"
"2019-07-29","-0.106","-0.106","-0.106","-0.106","1.24%"
"2019-07-26","-0.105","-0.105","-0.105","-0.105","0.00%"
"2019-07-25","-0.105","-0.105","-0.105","-0.105","-1.22%"
"2019-07-24","-0.106","-0.106","-0.106","-0.106","-1.12%"
"2019-07-23","-0.108","-0.108","-0.108","-0.108","-5.54%"
"2019-07-22","-0.114","-0.114","-0.114","-0.114","5.86%"
"2019-07-19","-0.108","-0.108","-0.108","-0.108","11.63%"
"2019-07-18","-0.096","-0.096","-0.096","-0.096","2.67%"
"2019-07-17","-0.094","-0.094","-0.094","-0.094","11.93%"
"2019-07-16","-0.084","-0.084","-0.084","-0.084","-14.05%"
"2019-07-15","-0.097","-0.097","-0.097","-0.097","5.41%"
"2019-07-12","-0.093","-0.093","-0.093","-0.093","4.17%"
"2019-07-11","-0.089","-0.089","-0.089","-0.089","-8.92%"
"2019-07-10","-0.097","-0.097","-0.097","-0.097","-8.28%"
"2019-07-09","-0.106","-0.106","-0.106","-0.106","-5.51%"
"2019-07-08","-0.112","-0.112","-0.112","-0.112","-5.30%"
"2019-07-05","-0.119","-0.119","-0.119","-0.119","-5.94%"
"2019-07-04","-0.126","-0.126","-0.126","-0.126","1.04%"
"2019-07-03","-0.125","-0.125","-0.125","-0.125","6.38%"
"2019-07-02","-0.117","-0.117","-0.117","-0.117","-1.09%"
"2019-07-01","-0.119","-0.119","-0.119","-0.119","-4.96%"
"2019-06-28","-0.125","-0.125","-0.125","-0.125","6.38%"
"2019-06-27","-0.117","-0.117","-0.117","-0.117","5.57%"
"2019-06-26","-0.111","-0.111","-0.111","-0.111","-15.23%"
"2019-06-25","-0.131","-0.131","-0.131","-0.131","0.00%"
"2019-06-24","-0.131","-0.131","-0.131","-0.131","-2.74%"
"2019-06-21","-0.135","-0.135","-0.135","-0.135","0.00%"
"2019-06-20","-0.135","-0.135","-0.135","-0.135","17.39%"
"2019-06-19","-0.115","-0.115","-0.115","-0.115","1.05%"
"2019-06-18","-0.114","-0.114","-0.114","-0.114","16.72%"
"2019-06-17","-0.097","-0.097","-0.097","-0.097","-1.32%"
"2019-06-14","-0.099","-0.099","-0.099","-0.099","5.33%"
"2019-06-13","-0.094","-0.094","-0.094","-0.094","0.00%"
"2019-06-12","-0.094","-0.094","-0.094","-0.094","8.82%"
"2019-06-11","-0.086","-0.086","-0.086","-0.086","-5.59%"
"2019-06-10","-0.091","-0.091","-0.091","-0.091","-6.36%"
"2019-06-07","-0.097","-0.097","-0.097","-0.097","5.41%"
"2019-06-06","-0.093","-0.093","-0.093","-0.093","-10.89%"
"2019-06-05","-0.104","-0.104","-0.104","-0.104","53.78%"
"2019-06-04","-0.068","-0.068","-0.068","-0.068","0.00%"
"2019-06-03","-0.068","-0.068","-0.068","-0.068","25.46%"
"2019-05-31","-0.054","-0.054","-0.054","-0.054","19.56%"
"2019-05-30","-0.045","-0.045","-0.045","-0.045","-12.28%"
"2019-05-29","-0.051","-0.051","-0.051","-0.051","20.71%"
"2019-05-28","-0.043","-0.043","-0.043","-0.043","-2.97%"
"2019-05-27","-0.044","-0.044","-0.044","-0.044","16.80%"
"2019-05-24","-0.038","-0.038","-0.038","-0.038","3.31%"
"2019-05-23","-0.036","-0.036","-0.036","-0.036","26.04%"
"2019-05-22","-0.029","-0.029","-0.029","-0.029","35.21%"
"2019-05-21","-0.021","-0.021","-0.021","-0.021","13.30%"
"2019-05-20","-0.019","-0.019","-0.019","-0.019","-31.64%"
"2019-05-17","-0.027","-0.027","-0.027","-0.027","-12.14%"
"2019-05-16","-0.031","-0.031","-0.031","-0.031","19.01%"
"2019-05-15","-0.026","-0.026","-0.026","-0.026","5.20%"
"2019-05-14","-0.025","-0.025","-0.025","-0.025","-13.19%"
"2019-05-13","-0.029","-0.029","-0.029","-0.029","15.20%"
"2019-05-10","-0.025","-0.025","-0.025","-0.025","5.04%"
"2019-05-09","-0.024","-0.024","-0.024","-0.024","5.78%"
"2019-05-08","-0.023","-0.023","-0.023","-0.023","-5.46%"
"2019-05-07","-0.024","-0.024","-0.024","-0.024","-9.51%"
"2019-05-06","-0.026","-0.026","-0.026","-0.026","0.00%"
"2019-05-03","-0.026","-0.026","-0.026","-0.026","0.00%"
"2019-05-02","-0.026","-0.026","-0.026","-0.026","0.00%"
"2019-05-01","-0.026","-0.026","-0.026","-0.026","0.00%"
"2019-04-30","-0.026","-0.026","-0.026","-0.026","0.00%"
"2019-04-29","-0.026","-0.026","-0.026","-0.026","0.00%"
"2019-04-26","-0.026","-0.026","-0.026","-0.026","75.33%"
"2019-04-25","-0.015","-0.015","-0.015","-0.015","-20.21%"
"2019-04-24","-0.019","-0.019","-0.019","-0.019","50.40%"
"2019-04-23","-0.013","-0.013","-0.013","-0.013","228.95%"
"2019-04-22","-0.004","-0.004","-0.004","-0.004","-24.00%"
"2019-04-19","-0.005","-0.005","-0.005","-0.005","-50.00%"
"2019-04-18","-0.010","-0.010","-0.010","-0.010","-869.23%"
"2019-04-17","0.001","0.001","0.001","0.001","0.00%"
"2019-04-16","0.001","0.001","0.001","0.001","-126.00%"
"2019-04-15","-0.005","-0.005","-0.005","-0.005","-43.18%"
"2019-04-12","-0.009","-0.009","-0.009","-0.009","-68.00%"
"2019-04-11","-0.027","-0.027","-0.027","-0.027","-18.64%"
"2019-04-10","-0.034","-0.034","-0.034","-0.034","4.00%"
"2019-04-09","-0.032","-0.032","-0.032","-0.032","23.57%"
"2019-04-08","-0.026","-0.026","-0.026","-0.026","16.89%"
"2019-04-05","-0.023","-0.023","-0.023","-0.023","-18.18%"
"2019-04-04","-0.027","-0.027","-0.027","-0.027","-31.25%"
"2019-04-03","-0.040","-0.040","-0.040","-0.040","-15.79%"
"2019-04-02","-0.047","-0.047","-0.047","-0.047","-5.00%"
"2019-04-01","-0.050","-0.050","-0.050","-0.050","-2.53%"
"2019-03-29","-0.051","-0.051","-0.051","-0.051","5.12%"
"2019-03-28","-0.049","-0.049","-0.049","-0.049","2.74%"
"2019-03-27","-0.047","-0.047","-0.047","-0.047","15.01%"
"2019-03-26","-0.041","-0.041","-0.041","-0.041","-21.33%"
"2019-03-25","-0.052","-0.052","-0.052","-0.052","-2.42%"
"2019-03-22","-0.054","-0.054","-0.054","-0.054","43.47%"
"2019-03-21","-0.038","-0.038","-0.038","-0.038","19.81%"
"2019-03-20","-0.031","-0.031","-0.031","-0.031","-10.57%"
"2019-03-19","-0.035","-0.035","-0.035","-0.035","0.00%"
"2019-03-18","-0.035","-0.035","-0.035","-0.035","-6.67%"
"2019-03-15","-0.038","-0.038","-0.038","-0.038","7.14%"
"2019-03-14","-0.035","-0.035","-0.035","-0.035","3.55%"
"2019-03-13","-0.034","-0.034","-0.034","-0.034","17.36%"
"2019-03-12","-0.029","-0.029","-0.029","-0.029","4.73%"
"2019-03-11","-0.027","-0.027","-0.027","-0.027","-4.51%"
"2019-03-08","-0.029","-0.029","-0.029","-0.029","0.00%"
"2019-03-07","-0.029","-0.029","-0.029","-0.029","53.19%"
"2019-03-06","-0.019","-0.019","-0.019","-0.019","150.67%"
"2019-03-05","-0.007","-0.007","-0.007","-0.007","-64.79%"
"2019-03-04","-0.021","-0.021","-0.021","-0.021","70.40%"
"2019-03-01","-0.013","-0.013","-0.013","-0.013","-16.67%"
"2019-02-28","-0.015","-0.015","-0.015","-0.015","-36.97%"
"2019-02-27","-0.024","-0.024","-0.024","-0.024","-9.51%"
"2019-02-26","-0.026","-0.026","-0.026","-0.026","23.47%"
"2019-02-25","-0.021","-0.021","-0.021","-0.021","-29.00%"
"2019-02-22","-0.030","-0.030","-0.030","-0.030","20.00%"
"2019-02-21","-0.025","-0.025","-0.025","-0.025","-9.09%"
"2019-02-20","-0.027","-0.027","-0.027","-0.027","4.56%"
"2019-02-19","-0.026","-0.026","-0.026","-0.026","50.29%"
"2019-02-18","-0.018","-0.018","-0.018","-0.018","-6.91%"
"2019-02-15","-0.019","-0.019","-0.019","-0.019","25.33%"
"2019-02-14","-0.015","-0.015","-0.015","-0.015","100.00%"
"2019-02-13","-0.007","-0.007","-0.007","-0.007","-33.63%"
"2019-02-12","-0.011","-0.011","-0.011","-0.011","-49.78%"
"2019-02-11","-0.023","-0.023","-0.023","-0.023","0.00%"
"2019-02-08","-0.023","-0.023","-0.023","-0.023","80.00%"
"2019-02-07","-0.013","-0.013","-0.013","-0.013","-23.31%"
"2019-02-06","-0.016","-0.016","-0.016","-0.016","8.67%"
"2019-02-05","-0.015","-0.015","-0.015","-0.015","-7.98%"
"2019-02-04","-0.016","-0.016","-0.016","-0.016","-13.30%"
"2019-02-01","-0.019","-0.019","-0.019","-0.019","7.43%"
"2019-01-31","-0.018","-0.018","-0.018","-0.018","250.00%"
"2019-01-30","-0.005","-0.005","-0.005","-0.005","-43.18%"
"2019-01-29","-0.009","-0.009","-0.009","-0.009","-46.01%"
"2019-01-28","-0.016","-0.016","-0.016","-0.016","30.40%"
"2019-01-25","-0.013","-0.013","-0.013","-0.013","10.62%"
"2019-01-24","-0.011","-0.011","-0.011","-0.011","79.37%"
"2019-01-23","-0.006","-0.006","-0.006","-0.006","0.00%"
"2019-01-22","-0.006","-0.006","-0.006","-0.006","-28.41%"
"2019-01-21","-0.009","-0.009","-0.009","-0.009","252.00%"
"2019-01-18","-0.002","-0.002","-0.002","-0.002","-34.21%"
"2019-01-17","-0.004","-0.004","-0.004","-0.004","-392.31%"
"2019-01-16","0.001","0.001","0.001","0.001","-79.37%"
"2019-01-15","0.006","0.006","0.006","0.006","-16.00%"
"2019-01-14","0.007","0.007","0.007","0.007","0.00%"
"2019-01-11","0.007","0.007","0.007","0.007","-33.63%"
"2019-01-10","0.011","0.011","0.011","0.011","-49.78%"
"2019-01-09","0.023","0.023","0.023","0.023","38.04%"
"2019-01-08","0.016","0.016","0.016","0.016","63.00%"
"2019-01-07","0.010","0.010","0.010","0.010","-20.00%"
"2019-01-04","0.013","0.013","0.013","0.013","228.95%"
"2019-01-03","0.004","0.004","0.004","0.004","0.00%"
"2019-01-02","0.004","0.004","0.004","0.004","-72.46%"
"2019-01-01","0.014","0.014","0.014","0.014","0.00%"
"2018-12-31","0.014","0.014","0.014","0.014","84.00%"
"2018-12-28","0.007","0.007","0.007","0.007","-53.99%"
"2018-12-27","0.016","0.016","0.016","0.016","-6.86%"
"2018-12-26","0.018","0.018","0.018","0.018","-1,446.15%"
"2018-12-25","-0.001","-0.001","-0.001","-0.001","-106.10%"
"2018-12-24","0.021","0.021","0.021","0.021","-10.50%"
"2018-12-21","0.024","0.024","0.024","0.024","170.45%"
"2018-12-20","0.009","0.009","0.009","0.009","-12.00%"
"2018-12-19","0.010","0.010","0.010","0.010","-27.54%"
"2018-12-18","0.014","0.014","0.014","0.014","-47.53%"
"2018-12-17","0.026","0.026","0.026","0.026","31.50%"
"2018-12-14","0.020","0.020","0.020","0.020","-46.67%"
"2018-12-13","0.038","0.038","0.038","0.038","-3.35%"
"2018-12-12","0.039","0.039","0.039","0.039","23.96%"
"2018-12-11","0.031","0.031","0.031","0.031","56.50%"
"2018-12-10","0.020","0.020","0.020","0.020","-36.10%"
"2018-12-07","0.031","0.031","0.031","0.031","-10.57%"
"2018-12-06","0.035","0.035","0.035","0.035","-20.09%"
"2018-12-05","0.044","0.044","0.044","0.044","12.89%"
"2018-12-04","0.039","0.039","0.039","0.039","-27.88%"
"2018-12-03","0.054","0.054","0.054","0.054","-13.92%"
"2018-11-30","0.063","0.063","0.063","0.063","8.70%"
"2018-11-29","0.058","0.058","0.058","0.058","-30.30%"
"2018-11-28","0.083","0.083","0.083","0.083","8.13%"
"2018-11-27","0.076","0.076","0.076","0.076","-4.62%"
"2018-11-26","0.080","0.080","0.080","0.080","-4.53%"
"2018-11-23","0.084","0.084","0.084","0.084","0.00%"
"2018-11-22","0.084","0.084","0.084","0.084","4.75%"
"2018-11-21","0.080","0.080","0.080","0.080","-4.53%"
"2018-11-20","0.084","0.084","0.084","0.084","9.83%"
"2018-11-19","0.076","0.076","0.076","0.076","-10.24%"
"2018-11-16","0.085","0.085","0.085","0.085","1.43%"
"2018-11-15","0.084","0.084","0.084","0.084","-11.79%"
"2018-11-14","0.095","0.095","0.095","0.095","-2.56%"
"2018-11-13","0.097","0.097","0.097","0.097","2.63%"
"2018-11-12","0.095","0.095","0.095","0.095","-1.35%"
"2018-11-09","0.096","0.096","0.096","0.096","-8.29%"
"2018-11-08","0.105","0.105","0.105","0.105","0.00%"
"2018-11-07","0.105","0.105","0.105","0.105","-3.49%"
"2018-11-06","0.109","0.109","0.109","0.109","4.82%"
"2018-11-05","0.104","0.104","0.104","0.104","-6.74%"
"2018-11-02","0.111","0.111","0.111","0.111","2.30%"
"2018-11-01","0.109","0.109","0.109","0.109","-6.45%"
"2018-10-31","0.116","0.116","0.116","0.116","6.89%"
"2018-10-30","0.109","0.109","0.109","0.109","3.62%"
"2018-10-29","0.105","0.105","0.105","0.105","-2.33%"
"2018-10-26","0.108","0.108","0.108","0.108","-9.51%"
"2018-10-25","0.119","0.119","0.119","0.119","-1.00%"
"2018-10-24","0.120","0.120","0.120","0.120","-6.83%"
"2018-10-23","0.129","0.129","0.129","0.129","-4.59%"
"2018-10-22","0.135","0.135","0.135","0.135","0.00%"
"2018-10-19","0.135","0.135","0.135","0.135","-2.74%"
"2018-10-18","0.139","0.139","0.139","0.139","0.95%"
"2018-10-17","0.138","0.138","0.138","0.138","-2.62%"
"2018-10-16","0.141","0.141","0.141","0.141","6.57%"
"2018-10-15","0.132","0.132","0.132","0.132","-3.64%"
"2018-10-12","0.138","0.138","0.138","0.138","0.00%"
"2018-10-11","0.138","0.138","0.138","0.138","-5.17%"
"2018-10-10","0.145","0.145","0.145","0.145","0.00%"
"2018-10-09","0.145","0.145","0.145","0.145","-2.55%"
"2018-10-08","0.149","0.149","0.149","0.149","0.00%"
"2018-10-05","0.149","0.149","0.149","0.149","0.00%"
"2018-10-04","0.149","0.149","0.149","0.149","9.17%"
"2018-10-03","0.136","0.136","0.136","0.136","1.87%"
"2018-10-02","0.134","0.134","0.134","0.134","-5.24%"
"2018-10-01","0.141","0.141","0.141","0.141","3.60%"
"2018-09-28","0.136","0.136","0.136","0.136","3.81%"
"2018-09-27","0.131","0.131","0.131","0.131","-4.51%"
"2018-09-26","0.138","0.138","0.138","0.138","-2.62%"
"2018-09-25","0.141","0.141","0.141","0.141","4.59%"
"2018-09-24","0.135","0.135","0.135","0.135","-1.82%"
"2018-09-21","0.138","0.138","0.138","0.138","4.72%"
"2018-09-20","0.131","0.131","0.131","0.131","-4.51%"
"2018-09-19","0.138","0.138","0.138","0.138","1.85%"
"2018-09-18","0.135","0.135","0.135","0.135","2.82%"
"2018-09-17","0.131","0.131","0.131","0.131","3.96%"
"2018-09-14","0.126","0.126","0.126","0.126","4.12%"
"2018-09-13","0.121","0.121","0.121","0.121","1.08%"
"2018-09-12","0.120","0.120","0.120","0.120","-2.04%"
"2018-09-11","0.123","0.123","0.123","0.123","0.00%"
"2018-09-10","0.123","0.123","0.123","0.123","0.00%"
"2018-09-07","0.123","0.123","0.123","0.123","5.33%"
"2018-09-06","0.116","0.116","0.116","0.116","-6.96%"
"2018-09-05","0.125","0.125","0.125","0.125","-4.80%"
"2018-09-04","0.131","0.131","0.131","0.131","1.94%"
"2018-09-03","0.129","0.129","0.129","0.129","5.14%"
"2018-08-31","0.123","0.123","0.123","0.123","3.11%"
"2018-08-30","0.119","0.119","0.119","0.119","1.11%"
"2018-08-29","0.117","0.117","0.117","0.117","1.03%"
"2018-08-28","0.116","0.116","0.116","0.116","12.04%"
"2018-08-27","0.104","0.104","0.104","0.104","-8.79%"
"2018-08-24","0.114","0.114","0.114","0.114","0.00%"
"2018-08-23","0.114","0.114","0.114","0.114","-5.17%"
"2018-08-22","0.120","0.120","0.120","0.120","-1.07%"
"2018-08-21","0.121","0.121","0.121","0.121","6.59%"
"2018-08-20","0.114","0.114","0.114","0.114","-2.15%"
"2018-08-17","0.116","0.116","0.116","0.116","-6.96%"
"2018-08-16","0.125","0.125","0.125","0.125","6.38%"
"2018-08-15","0.117","0.117","0.117","0.117","-6.97%"
"2018-08-14","0.126","0.126","0.126","0.126","7.49%"
"2018-08-13","0.117","0.117","0.117","0.117","2.17%"
"2018-08-10","0.115","0.115","0.115","0.115","-9.80%"
"2018-08-09","0.127","0.127","0.127","0.127","0.00%"
"2018-08-08","0.127","0.127","0.127","0.127","-1.92%"
"2018-08-07","0.130","0.130","0.130","0.130","8.33%"
"2018-08-06","0.120","0.120","0.120","0.120","-3.07%"
"2018-08-03","0.124","0.124","0.124","0.124","-7.47%"
"2018-08-02","0.134","0.134","0.134","0.134","-6.95%"
"2018-08-01","0.144","0.144","0.144","0.144","38.54%"
"2018-07-31","0.104","0.104","0.104","0.104","-9.74%"
"2018-07-30","0.115","0.115","0.115","0.115","6.98%"
"2018-07-27","0.108","0.108","0.108","0.108","7.50%"
"2018-07-26","0.100","0.100","0.100","0.100","8.11%"
"2018-07-25","0.093","0.093","0.093","0.093","-5.13%"
"2018-07-24","0.097","0.097","0.097","0.097","-10.39%"
"2018-07-23","0.109","0.109","0.109","0.109","-6.45%"
"2018-07-20","0.116","0.116","0.116","0.116","43.05%"
"2018-07-19","0.081","0.081","0.081","0.081","-7.09%"
"2018-07-18","0.087","0.087","0.087","0.087","1.51%"
"2018-07-17","0.086","0.086","0.086","0.086","-1.49%"
"2018-07-16","0.087","0.087","0.087","0.087","2.94%"
"2018-07-13","0.085","0.085","0.085","0.085","1.43%"
"2018-07-12","0.084","0.084","0.084","0.084","-2.78%"
"2018-07-11","0.086","0.086","0.086","0.086","4.48%"
"2018-07-10","0.083","0.083","0.083","0.083","15.87%"
"2018-07-09","0.071","0.071","0.071","0.071","-11.00%"
"2018-07-06","0.080","0.080","0.080","0.080","-1.60%"
"2018-07-05","0.081","0.081","0.081","0.081","-1.45%"
"2018-07-04","0.083","0.083","0.083","0.083","-1.55%"
"2018-07-03","0.084","0.084","0.084","0.084","1.58%"
"2018-07-02","0.083","0.083","0.083","0.083","-5.71%"
"2018-06-29","0.087","0.087","0.087","0.087","-1.46%"
"2018-06-28","0.089","0.089","0.089","0.089","-1.33%"
"2018-06-27","0.090","0.090","0.090","0.090","0.00%"
"2018-06-26","0.090","0.090","0.090","0.090","2.86%"
"2018-06-25","0.087","0.087","0.087","0.087","-4.16%"
"2018-06-22","0.091","0.091","0.091","0.091","-1.30%"
"2018-06-21","0.093","0.093","0.093","0.093","0.00%"
"2018-06-20","0.093","0.093","0.093","0.093","1.31%"
"2018-06-19","0.091","0.091","0.091","0.091","-6.36%"
"2018-06-18","0.097","0.097","0.097","0.097","3.94%"
"2018-06-15","0.094","0.094","0.094","0.094","-6.20%"
"2018-06-14","0.100","0.100","0.100","0.100","-1.28%"
"2018-06-13","0.101","0.101","0.101","0.101","-3.52%"
"2018-06-12","0.105","0.105","0.105","0.105","0.00%"
"2018-06-11","0.105","0.105","0.105","0.105","2.44%"
"2018-06-08","0.102","0.102","0.102","0.102","-1.25%"
"2018-06-07","0.104","0.104","0.104","0.104","-3.44%"
"2018-06-06","0.108","0.108","0.108","0.108","6.12%"
"2018-06-05","0.101","0.101","0.101","0.101","-1.17%"