"日付","終値","始値","高値","安値","変化率 %"
"2026-02-18","1.745","1.731","1.758","1.694","-0.06%"
"2026-02-17","1.746","1.781","1.799","1.740","-3.11%"
"2026-02-16","1.802","1.792","1.828","1.790","-0.39%"
"2026-02-13","1.809","1.792","1.851","1.798","-0.11%"
"2026-02-12","1.811","1.801","1.864","1.802","-1.47%"
"2026-02-11","1.838","1.788","1.841","1.803","-0.11%"
"2026-02-10","1.840","1.845","1.873","1.812","-1.29%"
"2026-02-09","1.864","1.823","1.899","1.831","1.64%"
"2026-02-06","1.834","1.791","1.859","1.762","1.61%"
"2026-02-05","1.805","1.808","1.851","1.803","-1.26%"
"2026-02-04","1.828","1.813","1.864","1.816","-0.16%"
"2026-02-03","1.831","1.805","1.862","1.805","0.55%"
"2026-02-02","1.821","1.807","1.852","1.794","0.50%"
"2026-01-30","1.812","1.816","1.843","1.799","-0.88%"
"2026-01-29","1.828","1.825","1.858","1.814","-0.27%"
"2026-01-28","1.833","1.844","1.882","1.811","-1.29%"
"2026-01-27","1.857","1.811","1.891","1.824","1.98%"
"2026-01-26","1.821","1.828","1.858","1.797","-0.49%"
"2026-01-23","1.830","1.785","1.861","1.795","1.84%"
"2026-01-22","1.797","1.838","1.855","1.794","-2.71%"
"2026-01-21","1.847","1.862","1.890","1.831","-1.55%"
"2026-01-20","1.876","1.819","1.923","1.835","1.74%"
"2026-01-19","1.844","1.783","1.872","1.787","2.67%"
"2026-01-16","1.796","1.764","1.816","1.771","1.13%"
"2026-01-15","1.776","1.759","1.802","1.747","1.02%"
"2026-01-14","1.758","1.771","1.809","1.757","-1.29%"
"2026-01-13","1.781","1.751","1.812","1.743","1.14%"
"2026-01-12","1.761","1.758","1.794","1.719","0.80%"
"2026-01-09","1.747","1.683","1.794","1.700","2.04%"
"2026-01-08","1.712","1.719","1.738","1.693","-1.44%"
"2026-01-07","1.737","1.736","1.776","1.729","-1.36%"
"2026-01-06","1.761","1.736","1.790","1.733","0.57%"
"2026-01-05","1.751","1.696","1.783","1.708","1.10%"
"2026-01-02","1.732","1.732","1.732","1.732","0.00%"
"2026-01-01","1.732","1.732","1.732","1.732","0.00%"
"2025-12-31","1.732","1.732","1.732","1.732","0.00%"
"2025-12-30","1.732","1.660","1.732","1.673","3.03%"
"2025-12-29","1.681","1.640","1.707","1.664","0.48%"
"2025-12-26","1.673","1.666","1.686","1.668","-0.42%"
"2025-12-25","1.680","1.646","1.685","1.637","1.88%"
"2025-12-24","1.649","1.642","1.698","1.640","-0.24%"
"2025-12-23","1.653","1.674","1.709","1.642","-2.02%"
"2025-12-22","1.687","1.644","1.735","1.650","1.93%"
"2025-12-19","1.655","1.592","1.676","1.602","3.05%"
"2025-12-18","1.606","1.587","1.636","1.597","-0.68%"
"2025-12-17","1.617","1.581","1.645","1.594","0.87%"
"2025-12-16","1.603","1.581","1.626","1.585","-2.20%"
"2025-12-15","1.639","1.576","1.639","1.577","3.28%"
"2025-12-12","1.587","1.562","1.613","1.561","1.02%"
"2025-12-11","1.571","1.554","1.597","1.557","-0.82%"
"2025-12-10","1.584","1.580","1.611","1.575","-0.19%"
"2025-12-09","1.587","1.592","1.621","1.575","-1.00%"
"2025-12-08","1.603","1.581","1.639","1.585","0.75%"
"2025-12-05","1.591","1.552","1.611","1.560","1.21%"
"2025-12-04","1.572","1.522","1.597","1.534","2.68%"
"2025-12-03","1.531","1.514","1.566","1.521","0.39%"
"2025-12-02","1.525","1.504","1.555","1.507","0.20%"
"2025-12-01","1.522","1.463","1.549","1.464","3.75%"
"2025-11-28","1.467","1.428","1.492","1.448","0.76%"
"2025-11-27","1.456","1.442","1.473","1.446","0.14%"
"2025-11-26","1.454","1.432","1.486","1.447","-0.27%"
"2025-11-25","1.458","1.417","1.475","1.425","2.17%"
"2025-11-24","1.427","1.399","1.429","1.423","-0.07%"
"2025-11-21","1.428","1.429","1.454","1.420","-1.65%"
"2025-11-20","1.452","1.406","1.487","1.408","1.82%"
"2025-11-19","1.426","1.365","1.435","1.385","2.00%"
"2025-11-18","1.398","1.379","1.416","1.379","0.43%"
"2025-11-17","1.392","1.360","1.415","1.375","1.24%"
"2025-11-14","1.375","1.360","1.401","1.356","-0.22%"
"2025-11-13","1.378","1.353","1.397","1.361","0.44%"
"2025-11-12","1.372","1.355","1.391","1.362","0.29%"
"2025-11-11","1.368","1.361","1.400","1.367","-1.37%"
"2025-11-10","1.387","1.348","1.413","1.367","1.46%"
"2025-11-07","1.367","1.346","1.392","1.354","0.81%"
"2025-11-06","1.356","1.346","1.391","1.348","-0.37%"
"2025-11-05","1.361","1.347","1.379","1.338","0.07%"
"2025-11-04","1.360","1.332","1.383","1.349","0.74%"
"2025-11-03","1.350","1.335","1.371","1.350","-0.37%"
"2025-10-31","1.355","1.319","1.371","1.332","0.97%"
"2025-10-30","1.342","1.320","1.370","1.328","-1.47%"
"2025-10-29","1.362","1.317","1.371","1.325","2.56%"
"2025-10-28","1.328","1.330","1.359","1.319","-1.56%"
"2025-10-27","1.349","1.326","1.377","1.342","0.22%"
"2025-10-24","1.346","1.329","1.366","1.331","-0.22%"
"2025-10-23","1.349","1.307","1.367","1.313","2.27%"
"2025-10-22","1.319","1.330","1.354","1.313","-1.42%"
"2025-10-21","1.338","1.328","1.364","1.326","-0.52%"
"2025-10-20","1.345","1.303","1.368","1.308","2.28%"
"2025-10-17","1.315","1.311","1.341","1.279","1.00%"
"2025-10-16","1.302","1.284","1.341","1.295","0.00%"
"2025-10-15","1.302","1.269","1.322","1.281","1.80%"
"2025-10-14","1.279","1.295","1.331","1.277","0.39%"
"2025-10-13","1.274","1.292","1.323","1.270","-2.08%"
"2025-10-10","1.301","1.352","1.382","1.298","-4.41%"
"2025-10-09","1.361","1.348","1.379","1.345","0.00%"
"2025-10-08","1.361","1.338","1.383","1.350","0.52%"
"2025-10-07","1.354","1.351","1.380","1.343","-0.81%"
"2025-10-06","1.365","1.350","1.383","1.320","-0.07%"
"2025-10-03","1.366","1.356","1.386","1.355","-0.73%"
"2025-10-02","1.376","1.349","1.397","1.353","0.22%"
"2025-10-01","1.373","1.350","1.396","1.353","0.51%"
"2025-09-30","1.366","1.339","1.386","1.338","1.41%"
"2025-09-29","1.347","1.332","1.374","1.331","0.52%"
"2025-09-26","1.340","1.339","1.373","1.332","-0.89%"
"2025-09-25","1.352","1.330","1.378","1.335","0.37%"
"2025-09-24","1.347","1.328","1.360","1.324","0.75%"
"2025-09-23","1.337","1.322","1.337","1.337","0.22%"
"2025-09-22","1.334","1.297","1.359","1.308","1.91%"
"2025-09-19","1.309","1.254","1.336","1.275","1.55%"
"2025-09-18","1.289","1.258","1.307","1.260","1.02%"
"2025-09-17","1.276","1.258","1.289","1.257","0.31%"
"2025-09-16","1.272","1.284","1.304","1.247","0.87%"
"2025-09-15","1.261","1.245","1.281","1.256","-0.39%"
"2025-09-12","1.266","1.225","1.281","1.240","2.01%"
"2025-09-11","1.241","1.213","1.264","1.222","1.39%"
"2025-09-10","1.224","1.228","1.251","1.219","-1.69%"
"2025-09-09","1.245","1.201","1.262","1.200","2.13%"
"2025-09-08","1.219","1.199","1.245","1.210","-0.81%"
"2025-09-05","1.229","1.231","1.256","1.221","-1.13%"
"2025-09-04","1.243","1.259","1.296","1.239","-3.49%"
"2025-09-03","1.288","1.266","1.310","1.273","0.70%"
"2025-09-02","1.279","1.273","1.307","1.260","-0.70%"
"2025-09-01","1.288","1.249","1.306","1.258","0.94%"
"2025-08-29","1.276","1.254","1.284","1.273","-0.70%"
"2025-08-28","1.285","1.263","1.294","1.284","-0.70%"
"2025-08-27","1.294","1.273","1.303","1.294","-0.77%"
"2025-08-26","1.304","1.251","1.309","1.281","1.95%"
"2025-08-25","1.279","1.249","1.279","1.279","0.00%"
"2025-08-22","1.279","1.243","1.280","1.270","0.87%"
"2025-08-21","1.268","1.224","1.270","1.254","1.20%"
"2025-08-20","1.253","1.224","1.266","1.253","0.00%"
"2025-08-19","1.253","1.208","1.260","1.238","1.38%"
"2025-08-18","1.236","1.204","1.236","1.226","0.16%"
"2025-08-15","1.234","1.191","1.234","1.221","0.90%"
"2025-08-14","1.223","1.135","1.223","1.165","5.07%"
"2025-08-13","1.164","1.144","1.179","1.164","-0.68%"
"2025-08-12","1.172","1.129","1.175","1.155","1.21%"
"2025-08-11","1.158","1.128","1.158","1.158","0.00%"
"2025-08-08","1.158","1.109","1.158","1.139","1.76%"
"2025-08-07","1.138","1.128","1.158","1.135","-1.81%"
"2025-08-06","1.159","1.106","1.160","1.136","2.11%"
"2025-08-05","1.135","1.110","1.140","1.123","-0.53%"
"2025-08-04","1.141","1.116","1.153","1.131","-0.44%"
"2025-08-01","1.146","1.181","1.211","1.145","-5.52%"
"2025-07-31","1.213","1.191","1.221","1.201","-0.82%"
"2025-07-30","1.223","1.184","1.223","1.211","0.82%"
"2025-07-29","1.213","1.189","1.224","1.213","2.15%"
"2025-07-28","1.188","1.216","1.188","1.181","3.94%"
"2025-07-11","1.143","1.119","1.144","1.143","2.24%"
"2025-07-10","1.117","1.117","1.117","1.112","-0.12%"
"2025-07-09","1.119","1.100","1.120","1.100","1.59%"
"2025-07-08","1.101","1.076","1.101","1.082","2.21%"
"2025-07-07","1.077","1.058","1.079","1.058","1.89%"
"2025-07-04","1.058","1.084","1.080","1.055","-2.31%"
"2025-07-03","1.082","1.067","1.082","1.064","1.52%"
"2025-07-02","1.066","1.054","1.066","1.054","1.31%"
"2025-07-01","1.053","1.053","1.053","1.044","-0.12%"
"2025-06-30","1.054","1.059","1.064","1.054","-0.47%"
"2025-06-27","1.059","1.045","1.059","1.043","1.44%"
"2025-06-26","1.044","1.029","1.044","1.029","1.59%"
"2025-06-25","1.028","1.040","1.040","1.014","-1.33%"
"2025-06-24","1.041","1.038","1.044","1.033","0.24%"
"2025-06-23","1.039","1.034","1.043","1.033","0.48%"
"2025-06-20","1.034","1.026","1.034","1.019","0.86%"
"2025-06-19","1.025","1.038","1.038","1.025","-1.33%"
"2025-06-18","1.039","1.067","1.074","1.039","-2.58%"
"2025-06-17","1.066","1.071","1.096","1.059","-0.23%"
"2025-06-16","1.069","1.065","1.092","1.066","0.36%"
"2025-06-13","1.065","1.055","1.065","1.030","0.24%"
"2025-06-12","1.063","1.081","1.085","1.063","-1.62%"
"2025-06-11","1.080","1.094","1.095","1.079","-1.37%"
"2025-06-10","1.095","1.094","1.101","1.094","0.23%"
"2025-06-09","1.092","1.085","1.100","1.085","0.69%"
"2025-06-06","1.085","1.085","1.085","1.069","0.11%"
"2025-06-05","1.084","1.104","1.102","1.072","-1.92%"
"2025-06-04","1.105","1.087","1.111","1.089","1.49%"
"2025-06-03","1.089","1.096","1.096","1.082","-0.79%"
"2025-06-02","1.097","1.082","1.100","1.084","1.39%"
"2025-05-30","1.082","1.074","1.082","1.072","0.93%"
"2025-05-29","1.072","1.096","1.101","1.072","-2.28%"
"2025-05-28","1.097","1.061","1.104","1.063","3.54%"
"2025-05-27","1.060","1.072","1.071","1.043","-1.29%"
"2025-05-26","1.074","1.074","1.074","1.074","0.00%"
"2025-05-23","1.074","1.119","3.696","1.072","-4.13%"
"2025-05-22","1.120","1.102","1.128","1.104","1.70%"
"2025-05-21","1.101","1.099","1.101","1.082","0.12%"
"2025-05-20","1.100","1.079","1.100","1.079","1.85%"
"2025-05-19","1.080","1.069","1.089","1.067","1.05%"
"2025-05-16","1.069","1.061","1.069","1.046","0.59%"
"2025-05-15","1.063","1.081","1.081","1.063","-1.62%"
"2025-05-14","1.080","1.055","1.080","1.048","2.49%"
"2025-05-13","1.054","1.028","1.059","1.028","2.68%"
"2025-05-12","1.026","0.954","1.039","0.954","7.60%"
"2025-05-09","0.954","0.933","0.960","0.933","2.42%"
"2025-05-08","0.931","0.915","0.941","0.916","1.92%"
"2025-05-07","0.914","0.892","0.919","0.892","2.52%"
"2025-05-05","0.891","0.891","0.891","0.891","0.00%"
"2025-05-02","0.891","0.876","0.891","0.876","1.57%"
"2025-05-01","0.877","0.900","0.900","0.866","-2.64%"
"2025-04-30","0.901","0.931","0.931","0.901","-3.35%"
"2025-04-28","0.933","0.957","0.956","0.921","-2.61%"
"2025-04-25","0.957","0.915","0.959","0.914","4.78%"
"2025-04-24","0.914","0.947","0.947","0.905","-3.69%"
"2025-04-23","0.949","0.891","0.951","0.891","6.31%"
"2025-04-22","0.892","0.892","0.896","0.890","0.13%"
"2025-04-21","0.891","0.892","0.891","0.891","-0.13%"
"2025-04-17","0.892","0.856","0.899","0.856","4.39%"
"2025-04-16","0.855","0.946","0.944","0.839","-9.65%"
"2025-04-15","0.946","0.877","0.951","0.879","7.53%"
"2025-04-14","0.880","0.851","0.887","0.851","3.83%"
"2025-04-11","0.848","0.908","0.908","0.815","-6.75%"
"2025-04-10","0.909","0.811","0.935","0.813","12.20%"
"2025-04-09","0.810","0.916","0.915","0.809","-11.84%"
"2025-04-08","0.919","0.808","0.949","0.809","13.43%"
"2025-04-07","0.810","0.848","0.848","0.760","-4.14%"
"2025-04-04","0.845","1.025","1.025","0.798","-17.46%"
"2025-04-03","1.024","1.160","1.160","1.016","-11.83%"
"2025-04-02","1.161","1.176","1.178","1.154","-1.38%"
"2025-04-01","1.178","1.180","1.186","1.171","0.00%"
"2025-03-31","1.178","1.225","1.225","1.169","-3.88%"
"2025-03-28","1.225","1.259","1.259","1.221","-2.58%"
"2025-03-27","1.258","1.271","1.271","1.250","-1.18%"
"2025-03-26","1.273","1.264","1.274","1.263","0.89%"
"2025-03-25","1.261","1.242","1.268","1.244","1.61%"
"2025-03-24","1.241","1.205","1.241","1.206","3.01%"
"2025-03-21","1.205","1.222","1.222","1.205","-1.33%"
"2025-03-19","1.221","1.197","1.222","1.192","1.88%"
"2025-03-18","1.199","1.184","1.200","1.185","1.38%"
"2025-03-17","1.183","1.186","1.186","1.179","-0.32%"
"2025-03-14","1.186","1.211","1.211","1.179","-2.16%"
"2025-03-13","1.212","1.188","1.224","1.188","2.42%"
"2025-03-12","1.184","1.194","1.194","1.174","-1.25%"
"2025-03-11","1.199","1.217","1.217","1.180","-1.74%"
"2025-03-10","1.220","1.181","1.235","1.181","3.28%"
"2025-03-07","1.181","1.200","1.199","1.181","-1.76%"
"2025-03-06","1.202","1.196","1.221","1.196","0.63%"
"2025-03-05","1.195","1.144","1.195","1.149","4.60%"
"2025-03-04","1.143","1.164","1.164","1.143","-1.93%"
"2025-03-03","1.165","1.128","1.179","1.128","3.33%"
"2025-02-28","1.128","1.153","1.151","1.119","-2.28%"
"2025-02-27","1.154","1.112","1.164","1.114","3.59%"
"2025-02-26","1.114","1.099","1.124","1.099","1.49%"
"2025-02-25","1.097","1.143","1.143","1.097","-4.05%"
"2025-02-24","1.144","1.144","1.144","1.144","0.00%"
"2025-02-21","1.144","1.199","1.199","1.144","-4.68%"
"2025-02-20","1.200","1.205","1.205","1.184","-0.52%"
"2025-02-19","1.206","1.197","1.215","1.192","0.63%"
"2025-02-18","1.199","1.180","1.202","1.180","1.70%"
"2025-02-17","1.179","1.153","1.179","1.153","2.28%"
"2025-02-14","1.153","1.129","1.153","1.129","2.22%"
"2025-02-13","1.128","1.156","1.156","1.128","-2.59%"
"2025-02-12","1.158","1.105","1.158","1.105","4.99%"
"2025-02-11","1.102","1.102","1.102","1.102","0.00%"
"2025-02-10","1.102","1.115","1.116","1.102","-1.12%"
"2025-02-07","1.115","1.086","1.115","1.086","2.76%"
"2025-02-06","1.085","1.074","1.085","1.070","0.93%"
"2025-02-05","1.075","1.070","1.080","1.069","0.58%"
"2025-02-04","1.069","1.036","1.079","1.036","3.39%"
"2025-02-03","1.034","1.045","1.045","1.029","-1.07%"
"2025-01-31","1.045","1.021","1.046","1.041","2.57%"
"2025-01-30","1.019","1.005","1.026","1.005","1.49%"
"2025-01-29","1.004","1.009","1.009","1.000","-0.74%"
"2025-01-28","1.011","1.008","1.015","1.004","0.25%"
"2025-01-27","1.009","1.040","1.040","0.995","-3.00%"
"2025-01-24","1.040","1.020","1.046","1.020","2.08%"
"2025-01-23","1.019","1.003","1.019","1.003","1.75%"
"2025-01-22","1.001","0.995","1.011","0.995","0.75%"
"2025-01-21","0.994","0.991","0.999","0.993","0.38%"
"2025-01-20","0.990","0.999","0.999","0.990","-0.88%"
"2025-01-17","0.999","1.004","1.004","0.995","-0.62%"
"2025-01-16","1.005","1.010","1.009","0.994","-0.62%"
"2025-01-15","1.011","1.023","1.039","1.011","-0.98%"
"2025-01-14","1.021","1.020","1.025","1.016","0.25%"
"2025-01-13","1.019","1.019","1.019","1.019","0.00%"
"2025-01-10","1.019","0.978","1.019","0.979","4.49%"
"2025-01-09","0.975","0.996","0.996","0.975","-2.38%"
"2025-01-08","0.999","0.978","1.008","0.979","2.30%"
"2025-01-07","0.976","0.969","0.976","0.969","0.91%"
"2025-01-06","0.967","0.928","0.976","0.929","4.31%"
"2025-01-03","0.928","0.928","0.928","0.928","0.00%"
"2025-01-02","0.928","0.928","0.928","0.928","0.00%"
"2025-01-01","0.928","0.928","0.928","0.928","0.00%"
"2024-12-31","0.928","0.928","0.928","0.928","0.00%"
"2024-12-30","0.928","0.950","0.950","0.928","-2.37%"
"2024-12-27","0.950","0.908","0.950","0.909","4.40%"
"2024-12-26","0.910","0.910","0.910","0.910","0.00%"
"2024-12-25","0.910","0.910","0.910","0.910","0.00%"
"2024-12-24","0.910","0.902","0.910","0.902","1.11%"
"2024-12-23","0.900","0.882","0.900","0.884","1.98%"
"2024-12-20","0.882","0.902","0.902","0.882","-2.63%"
"2024-12-19","0.906","0.909","0.909","0.889","-0.41%"
"2024-12-18","0.910","0.914","0.914","0.906","-0.55%"
"2024-12-17","0.915","0.913","0.925","0.915","0.41%"
"2024-12-16","0.911","0.891","0.911","0.891","2.24%"
"2024-12-13","0.891","0.890","0.891","0.884","-0.13%"
"2024-12-12","0.892","0.906","0.906","0.891","-1.65%"
"2024-12-11","0.908","0.914","0.914","0.908","-0.55%"
"2024-12-10","0.913","0.897","0.913","0.897","1.81%"
"2024-12-09","0.896","0.891","0.896","0.887","0.56%"
"2024-12-06","0.891","0.919","0.919","0.891","-3.38%"
"2024-12-05","0.923","0.904","0.924","0.904","2.22%"
"2024-12-04","0.902","0.915","0.914","0.902","-1.51%"
"2024-12-03","0.916","0.936","0.936","0.911","-2.26%"
"2024-12-02","0.938","0.909","0.940","0.909","3.16%"
"2024-11-29","0.909","0.911","0.911","0.909","-0.41%"
"2024-11-28","0.913","0.918","0.920","0.913","-0.69%"
"2024-11-27","0.919","0.930","0.936","0.919","-0.94%"
"2024-11-26","0.928","0.923","0.929","0.921","0.67%"
"2024-11-25","0.921","0.921","0.929","0.921","0.00%"
"2024-11-22","0.921","0.936","0.936","0.921","-1.73%"
"2024-11-21","0.938","0.926","0.941","0.924","1.48%"
"2024-11-20","0.924","0.899","0.925","0.899","2.93%"
"2024-11-19","0.897","0.928","0.926","0.897","-3.11%"
"2024-11-18","0.926","0.928","0.929","0.919","-0.13%"
"2024-11-15","0.928","0.909","0.928","0.909","2.20%"
"2024-11-14","0.908","0.894","0.908","0.894","1.82%"
"2024-11-13","0.891","0.875","0.897","0.875","2.00%"
"2024-11-12","0.874","0.858","0.875","0.859","2.20%"
"2024-11-11","0.855","0.845","0.855","0.845","1.18%"
"2024-11-08","0.845","0.845","0.856","0.845","0.14%"
"2024-11-07","0.844","0.848","0.855","0.844","-0.14%"
"2024-11-06","0.845","0.790","0.845","0.790","7.47%"
"2024-11-05","0.786","0.801","0.801","0.779","-2.02%"
"2024-11-04","0.803","0.803","0.803","0.803","0.00%"
"2024-11-01","0.803","0.813","0.813","0.796","-1.39%"
"2024-10-31","0.814","0.809","0.814","0.806","0.78%"
"2024-10-30","0.808","0.832","0.832","0.804","-3.29%"
"2024-10-29","0.835","0.817","0.836","0.817","2.29%"
"2024-10-28","0.816","0.790","0.816","0.816","3.33%"
"2024-10-25","0.790","0.800","0.800","0.785","-1.41%"
"2024-10-24","0.801","0.826","0.824","0.799","-3.17%"
"2024-10-23","0.827","0.826","0.829","0.820","1.06%"
"2024-10-22","0.819","0.821","0.829","0.815","0.00%"
"2024-10-21","0.819","0.827","0.827","0.808","-1.05%"
"2024-10-18","0.827","0.822","0.837","0.824","0.75%"
"2024-10-17","0.821","0.822","0.822","0.798","4.29%"
"2024-10-16","0.788","0.798","0.799","0.788","-1.41%"
"2024-10-15","0.799","0.798","0.809","0.793","1.28%"
"2024-10-14","0.789","0.790","0.790","0.789","0.00%"
"2024-10-11","0.789","0.789","0.789","0.784","-0.16%"
"2024-10-10","0.790","0.767","0.800","0.767","3.09%"
"2024-10-09","0.766","0.767","0.767","0.765","0.00%"
"2024-10-08","0.766","0.771","0.770","0.756","-0.80%"
"2024-10-07","0.772","0.744","0.777","0.756","3.86%"
"2024-10-04","0.744","0.710","0.744","0.710","4.94%"
"2024-10-03","0.709","0.701","0.709","0.696","0.90%"
"2024-10-02","0.702","0.709","0.707","0.695","-1.06%"
"2024-10-01","0.710","0.734","0.733","0.709","-3.40%"
"2024-09-30","0.735","0.738","0.738","0.730","-0.34%"
"2024-09-27","0.738","0.694","0.739","0.670","6.12%"
"2024-09-26","0.695","0.702","0.702","0.695","-1.77%"
"2024-09-25","0.707","0.702","0.707","0.701","0.88%"
"2024-09-24","0.701","0.731","0.731","0.700","-4.26%"
"2024-09-23","0.733","0.733","0.733","0.733","0.00%"
"2024-09-20","0.733","0.740","0.741","0.724","-0.68%"
"2024-09-19","0.738","0.723","0.743","0.723","2.26%"
"2024-09-18","0.721","0.720","0.721","0.714","0.00%"
"2024-09-17","0.721","0.741","0.738","0.714","-2.87%"
"2024-09-16","0.743","0.743","0.743","0.743","0.00%"
"2024-09-13","0.743","0.743","0.743","0.730","-0.17%"
"2024-09-12","0.744","0.729","0.744","0.730","1.54%"
"2024-09-11","0.733","0.746","0.746","0.724","-2.01%"
"2024-09-10","0.748","0.746","0.757","0.746","0.34%"
"2024-09-09","0.745","0.714","0.750","0.745","4.37%"
"2024-09-06","0.714","0.725","0.724","0.709","-1.71%"
"2024-09-05","0.726","0.728","0.729","0.721","-0.36%"
"2024-09-04","0.729","0.762","0.760","0.729","-4.58%"
"2024-09-03","0.764","0.764","0.775","0.764","0.17%"
"2024-09-02","0.762","0.754","0.762","0.754","1.15%"
"2024-08-30","0.754","0.745","0.754","0.745","1.34%"
"2024-08-29","0.744","0.749","0.748","0.741","-0.67%"
"2024-08-28","0.749","0.749","0.751","0.740","1.35%"
"2024-08-27","0.739","0.731","0.739","0.731","1.21%"
"2024-08-26","0.730","0.730","0.730","0.730","0.00%"
"2024-08-23","0.730","0.735","0.745","0.729","-0.52%"
"2024-08-22","0.734","0.735","0.735","0.717","2.44%"
"2024-08-21","0.716","0.736","0.736","0.716","-2.87%"
"2024-08-20","0.738","0.743","0.744","0.738","-0.85%"
"2024-08-19","0.744","0.715","0.744","0.715","4.03%"
"2024-08-16","0.715","0.720","0.720","0.710","-0.35%"
"2024-08-15","0.717","0.661","0.717","0.668","8.50%"
"2024-08-14","0.661","0.661","0.676","0.654","-1.67%"
"2024-08-13","0.673","0.686","0.685","0.673","-1.82%"
"2024-08-12","0.685","0.686","0.686","0.685","0.00%"
"2024-08-09","0.685","0.717","0.717","0.684","-4.70%"
"2024-08-08","0.719","0.721","0.721","0.681","-0.51%"
"2024-08-07","0.723","0.705","0.731","0.691","2.12%"
"2024-08-06","0.707","0.690","0.715","0.690","2.91%"
"2024-08-05","0.688","0.746","0.746","0.627","-7.88%"
"2024-08-02","0.746","0.849","0.849","0.746","-12.20%"
"2024-08-01","0.850","0.871","0.873","0.850","-2.58%"
"2024-07-31","0.873","0.810","0.877","0.810","7.88%"
"2024-07-30","0.809","0.810","0.809","0.798","-0.31%"
"2024-07-29","0.811","0.810","0.826","0.796","-1.82%"
"2024-07-26","0.826","0.842","0.841","0.826","-2.07%"
"2024-07-25","0.844","0.853","0.853","0.831","-1.17%"
"2024-07-24","0.854","0.834","0.854","0.835","2.25%"
"2024-07-23","0.835","0.834","0.840","0.830","-0.75%"
"2024-07-22","0.841","0.829","0.841","0.829","1.51%"
"2024-07-19","0.829","0.829","0.829","0.829","-0.30%"
"2024-07-18","0.831","0.826","0.832","0.826","0.76%"
"2024-07-17","0.825","0.815","0.829","0.811","1.07%"
"2024-07-16","0.816","0.837","0.837","0.809","-2.68%"
"2024-07-15","0.839","0.839","0.839","0.839","0.00%"
"2024-07-12","0.839","0.848","0.846","0.830","-0.89%"
"2024-07-11","0.846","0.848","0.875","0.845","-3.42%"
"2024-07-10","0.876","0.877","0.877","0.870","-0.28%"
"2024-07-09","0.879","0.876","0.879","0.869","0.15%"
"2024-07-08","0.877","0.866","0.882","0.866","1.29%"
"2024-07-05","0.866","0.877","0.877","0.861","-1.42%"
"2024-07-04","0.879","0.885","0.887","0.879","-0.57%"
"2024-07-03","0.884","0.885","0.906","0.884","-2.75%"
"2024-07-02","0.909","0.900","0.911","0.900","1.11%"
"2024-07-01","0.899","0.873","0.899","0.873","3.01%"
"2024-06-28","0.873","0.871","0.873","0.863","0.29%"
"2024-06-27","0.870","0.871","0.876","0.850","2.20%"
"2024-06-26","0.851","0.849","0.853","0.820","3.82%"
"2024-06-25","0.820","0.819","0.820","0.814","0.92%"
"2024-06-24","0.813","0.796","0.813","0.796","2.03%"
"2024-06-21","0.796","0.788","0.803","0.788","1.27%"
"2024-06-20","0.786","0.777","0.789","0.777","1.29%"
"2024-06-19","0.776","0.786","0.790","0.774","-1.42%"
"2024-06-18","0.788","0.783","0.788","0.783","0.79%"
"2024-06-17","0.781","0.777","0.781","0.771","0.49%"
"2024-06-14","0.777","0.832","0.831","0.777","-6.47%"
"2024-06-13","0.831","0.832","0.832","0.824","1.22%"
"2024-06-12","0.821","0.865","0.865","0.815","-5.19%"
"2024-06-11","0.866","0.879","0.879","0.866","-1.56%"
"2024-06-10","0.880","0.864","0.885","0.864","1.88%"
"2024-06-07","0.864","0.830","0.864","0.821","4.39%"
"2024-06-06","0.827","0.841","0.841","0.808","-2.07%"
"2024-06-05","0.845","0.856","0.863","0.845","-1.61%"
"2024-06-04","0.859","0.909","0.908","0.858","-5.63%"
"2024-06-03","0.910","0.920","0.920","0.906","-1.09%"
"2024-05-31","0.920","0.910","0.925","0.910","1.23%"
"2024-05-30","0.909","0.916","0.921","0.904","-0.95%"
"2024-05-29","0.918","0.884","0.921","0.885","4.11%"
"2024-05-28","0.881","0.866","0.887","0.868","1.88%"
"2024-05-27","0.865","0.865","0.865","0.865","0.00%"
"2024-05-24","0.865","0.856","0.868","0.856","1.17%"
"2024-05-23","0.855","0.859","0.859","0.846","-0.58%"
"2024-05-22","0.860","0.841","0.864","0.841","2.38%"
"2024-05-21","0.840","0.846","0.848","0.840","-0.88%"
"2024-05-20","0.848","0.846","0.848","0.834","1.80%"
"2024-05-17","0.832","0.815","0.832","0.816","2.30%"
"2024-05-16","0.814","0.834","0.830","0.799","-2.40%"
"2024-05-15","0.834","0.834","0.842","0.832","-1.19%"
"2024-05-14","0.844","0.831","0.850","0.832","1.50%"
"2024-05-13","0.831","0.831","0.836","0.808","2.95%"
"2024-05-10","0.808","0.813","0.813","0.803","-0.77%"
"2024-05-09","0.814","0.800","0.815","0.800","1.88%"
"2024-05-08","0.799","0.764","0.799","0.764","4.76%"
"2024-05-07","0.762","0.803","0.803","0.761","-5.14%"
"2024-05-06","0.804","0.804","0.804","0.804","0.00%"
"2024-05-03","0.804","0.804","0.804","0.804","0.00%"
"2024-05-02","0.804","0.798","0.805","0.794","0.94%"
"2024-05-01","0.796","0.804","0.804","0.796","-1.08%"
"2024-04-30","0.805","0.808","0.806","0.786","0.00%"
"2024-04-29","0.805","0.808","0.808","0.805","0.00%"
"2024-04-26","0.805","0.840","0.840","0.803","-4.31%"
"2024-04-25","0.841","0.824","0.841","0.817","1.82%"
"2024-04-24","0.826","0.811","0.826","0.810","2.01%"
"2024-04-23","0.810","0.809","0.824","0.809","0.31%"
"2024-04-22","0.808","0.785","0.820","0.785","2.87%"
"2024-04-19","0.785","0.801","0.801","0.771","-2.18%"
"2024-04-18","0.803","0.810","0.809","0.794","-1.08%"
"2024-04-17","0.811","0.819","0.825","0.811","-0.76%"
"2024-04-16","0.817","0.803","0.819","0.803","2.19%"
"2024-04-15","0.800","0.785","0.800","0.785","1.91%"
"2024-04-12","0.785","0.800","0.801","0.784","-2.03%"
"2024-04-11","0.801","0.762","0.811","0.762","5.95%"
"2024-04-10","0.756","0.736","0.756","0.736","2.90%"
"2024-04-09","0.735","0.733","0.741","0.733","0.51%"
"2024-04-08","0.731","0.716","0.733","0.716","2.28%"
"2024-04-05","0.715","0.716","0.716","0.710","1.06%"
"2024-04-04","0.707","0.709","0.716","0.706","-0.53%"
"2024-04-03","0.711","0.710","0.711","0.700","0.35%"
"2024-04-02","0.709","0.685","0.715","0.685","3.66%"
"2024-04-01","0.684","0.685","0.684","0.684","-0.18%"
"2024-03-29","0.685","0.685","0.685","0.685","0.00%"
"2024-03-28","0.685","0.691","0.691","0.680","-1.08%"
"2024-03-27","0.692","0.710","0.710","0.692","-2.30%"
"2024-03-26","0.709","0.717","0.716","0.704","-1.39%"
"2024-03-25","0.719","0.714","0.719","0.714","0.70%"
"2024-03-22","0.714","0.724","0.729","0.711","-1.20%"
"2024-03-21","0.723","0.695","0.723","0.695","4.14%"
"2024-03-20","0.694","0.694","0.694","0.694","0.00%"
"2024-03-19","0.694","0.685","0.699","0.683","1.09%"
"2024-03-18","0.686","0.709","0.709","0.679","-3.17%"
"2024-03-17","0.709","0.709","0.709","0.709","0.00%"
"2024-03-15","0.709","0.719","0.717","0.701","-1.56%"
"2024-03-14","0.720","0.705","0.721","0.700","1.94%"
"2024-03-13","0.706","0.702","0.706","0.692","0.36%"
"2024-03-12","0.704","0.714","0.714","0.700","-1.57%"
"2024-03-11","0.715","0.711","0.719","0.710","0.52%"
"2024-03-10","0.711","0.711","0.711","0.711","0.00%"
"2024-03-09","0.711","0.711","0.711","0.711","0.00%"
"2024-03-08","0.711","0.706","0.711","0.691","0.35%"
"2024-03-07","0.709","0.670","0.709","0.671","5.98%"
"2024-03-06","0.669","0.673","0.676","0.669","-0.74%"
"2024-03-05","0.674","0.700","0.700","0.674","-3.92%"
"2024-03-04","0.701","0.704","0.704","0.699","-0.36%"
"2024-03-03","0.704","0.704","0.704","0.704","-0.35%"
"2024-03-01","0.706","0.704","0.714","0.704","-0.87%"
"2024-02-29","0.712","0.706","0.724","0.706","1.06%"
"2024-02-28","0.705","0.705","0.707","0.702","-0.18%"
"2024-02-27","0.706","0.699","0.706","0.699","1.26%"
"2024-02-26","0.697","0.726","0.726","0.692","-3.95%"
"2024-02-25","0.726","0.726","0.726","0.726","0.17%"
"2024-02-23","0.725","0.725","0.725","0.725","0.00%"
"2024-02-22","0.725","0.733","0.733","0.724","-0.86%"
"2024-02-21","0.731","0.738","0.738","0.729","-1.02%"
"2024-02-20","0.739","0.744","0.745","0.739","-0.50%"
"2024-02-19","0.743","0.755","0.755","0.743","-1.66%"
"2024-02-18","0.755","0.755","0.755","0.755","0.00%"
"2024-02-16","0.755","0.740","0.762","0.740","2.19%"
"2024-02-15","0.739","0.765","0.765","0.734","-3.59%"
"2024-02-14","0.766","0.767","0.770","0.765","0.17%"
"2024-02-13","0.765","0.745","0.776","0.735","2.85%"
"2024-02-12","0.744","0.744","0.744","0.744","0.00%"
"2024-02-11","0.744","0.744","0.744","0.744","0.00%"
"2024-02-09","0.744","0.736","0.745","0.736","1.36%"
"2024-02-08","0.734","0.734","0.734","0.723","-0.16%"
"2024-02-07","0.735","0.733","0.743","0.730","-0.18%"
"2024-02-06","0.736","0.752","0.752","0.733","-2.32%"
"2024-02-05","0.754","0.731","0.754","0.731","3.08%"
"2024-02-04","0.731","0.731","0.731","0.731","0.00%"
"2024-02-03","0.731","0.731","0.731","0.731","0.00%"
"2024-02-02","0.731","0.700","0.731","0.686","4.28%"
"2024-02-01","0.701","0.731","0.731","0.700","-4.26%"
"2024-01-31","0.733","0.739","0.746","0.733","-0.52%"
"2024-01-30","0.736","0.730","0.736","0.729","0.68%"
"2024-01-29","0.731","0.726","0.739","0.726","0.70%"
"2024-01-28","0.726","0.726","0.726","0.726","0.00%"
"2024-01-27","0.726","0.726","0.726","0.726","0.00%"
"2024-01-26","0.726","0.759","0.759","0.723","-4.45%"
"2024-01-25","0.760","0.741","0.764","0.741","2.70%"
"2024-01-24","0.740","0.702","0.740","0.702","5.52%"
"2024-01-23","0.701","0.665","0.706","0.665","5.86%"
"2024-01-22","0.663","0.683","0.683","0.663","-2.93%"
"2024-01-21","0.683","0.683","0.683","0.683","0.00%"
"2024-01-20","0.683","0.683","0.683","0.683","0.00%"
"2024-01-19","0.683","0.665","0.685","0.665","2.83%"
"2024-01-18","0.664","0.623","0.669","0.624","7.26%"
"2024-01-17","0.619","0.608","0.624","0.608","2.06%"
"2024-01-16","0.606","0.574","0.608","0.574","5.44%"
"2024-01-15","0.575","0.584","0.585","0.575","-1.51%"
"2024-01-14","0.584","0.584","0.584","0.584","0.00%"
"2024-01-12","0.584","0.609","0.610","0.584","-3.90%"
"2024-01-11","0.608","0.625","0.625","0.601","-3.39%"
"2024-01-10","0.629","0.634","0.636","0.626","-0.58%"
"2024-01-09","0.632","0.641","0.641","0.632","-1.56%"
"2024-01-08","0.642","0.642","0.642","0.642","0.00%"
"2024-01-05","0.642","0.642","0.642","0.642","-2.46%"
"2024-01-04","0.659","0.659","0.659","0.659","-2.60%"
"2024-01-03","0.676","0.676","0.676","0.676","0.00%"
"2024-01-02","0.676","0.676","0.676","0.676","0.00%"
"2024-01-01","0.676","0.676","0.676","0.676","0.00%"
"2023-12-31","0.676","0.676","0.676","0.676","0.00%"
"2023-12-29","0.676","0.656","0.678","0.656","3.44%"
"2023-12-28","0.654","0.654","0.654","0.644","-0.18%"
"2023-12-27","0.655","0.676","0.676","0.655","-3.32%"
"2023-12-26","0.678","0.678","0.678","0.678","-0.19%"
"2023-12-25","0.679","0.679","0.679","0.679","0.00%"
"2023-12-24","0.679","0.679","0.679","0.679","0.00%"
"2023-12-22","0.679","0.658","0.683","0.658","3.43%"
"2023-12-21","0.656","0.627","0.656","0.627","4.79%"
"2023-12-20","0.626","0.644","0.644","0.616","-2.90%"
"2023-12-19","0.645","0.679","0.679","0.644","-11.34%"
"2023-12-18","0.728","0.739","0.739","0.719","-1.53%"
"2023-12-17","0.739","0.739","0.739","0.739","0.00%"
"2023-12-15","0.739","0.709","0.751","0.707","4.42%"
"2023-12-14","0.707","0.735","0.735","0.688","-3.58%"
"2023-12-13","0.734","0.757","0.757","0.726","-3.29%"
"2023-12-12","0.759","0.808","0.806","0.733","-6.18%"
"2023-12-11","0.809","0.841","0.841","0.805","-3.86%"
"2023-12-10","0.841","0.841","0.841","0.841","0.00%"
"2023-12-08","0.841","0.808","0.846","0.808","4.34%"
"2023-12-07","0.806","0.827","0.827","0.801","18.78%"
"2023-12-06","0.679","0.704","0.704","0.679","-3.72%"
"2023-12-05","0.705","0.749","0.749","0.705","-6.00%"
"2023-12-04","0.750","0.751","0.751","0.735","-0.17%"
"2023-12-03","0.751","0.751","0.751","0.751","0.00%"
"2023-12-01","0.751","0.744","0.765","0.744","1.19%"
"2023-11-30","0.743","0.711","0.743","0.690","4.21%"
"2023-11-29","0.712","0.793","0.790","0.709","-10.66%"
"2023-11-28","0.798","0.805","0.805","0.790","-1.09%"
"2023-11-27","0.806","0.817","0.817","0.806","-1.37%"
"2023-11-26","0.817","0.817","0.817","0.817","0.00%"
"2023-11-24","0.817","0.780","0.824","0.780","6.17%"
"2023-11-23","0.770","0.770","0.770","0.770","0.00%"
"2023-11-22","0.770","0.738","0.771","0.738","4.58%"
"2023-11-21","0.736","0.767","0.767","0.734","-5.60%"
"2023-11-20","0.780","0.769","0.785","0.769","1.46%"
"2023-11-19","0.769","0.769","0.769","0.769","0.00%"
"2023-11-18","0.769","0.769","0.769","0.769","0.00%"
"2023-11-17","0.769","0.801","0.801","0.765","-4.65%"
"2023-11-16","0.806","0.822","0.822","0.806","-2.12%"
"2023-11-15","0.824","0.850","0.850","0.820","-3.23%"
"2023-11-14","0.851","0.904","0.904","0.851","-6.33%"
"2023-11-13","0.909","0.881","0.910","0.881","3.12%"
"2023-11-12","0.881","0.881","0.881","0.881","0.00%"
"2023-11-11","0.881","0.881","0.881","0.881","0.00%"
"2023-11-10","0.881","0.864","0.887","0.864","2.18%"
"2023-11-09","0.863","0.860","0.863","0.855","0.14%"
"2023-11-08","0.861","0.895","0.895","0.861","-3.90%"
"2023-11-07","0.896","0.846","0.899","0.852","5.83%"
"2023-11-06","0.847","0.846","0.920","0.834","-0.07%"
"2023-11-05","0.848","0.919","0.919","0.848","-7.76%"
"2023-11-04","0.919","0.882","0.919","0.882","4.18%"
"2023-11-03","0.882","0.882","0.882","0.882","-4.02%"
"2023-11-02","0.919","0.926","0.956","0.877","-4.04%"
"2023-11-01","0.957","0.926","0.971","0.904","1.59%"
"2023-10-31","0.942","0.903","0.965","0.871","8.02%"
"2023-10-30","0.873","0.873","0.951","0.863","-3.20%"
"2023-10-29","0.901","0.901","0.901","0.901","4.57%"
"2023-10-28","0.862","0.862","0.862","0.862","-4.37%"
"2023-10-27","0.901","0.894","0.904","0.849","5.18%"
"2023-10-26","0.857","0.894","0.904","0.850","2.62%"
"2023-10-25","0.835","0.836","0.881","0.825","0.91%"
"2023-10-24","0.827","0.829","0.877","0.811","-2.36%"
"2023-10-23","0.848","0.880","0.887","0.831","1.50%"
"2023-10-22","0.835","0.856","0.856","0.820","-2.49%"
"2023-10-20","0.856","0.876","0.875","0.813","2.55%"
"2023-10-19","0.835","0.876","0.876","0.809","-0.45%"
"2023-10-18","0.839","0.799","0.839","0.791","1.98%"
"2023-10-17","0.822","0.770","0.822","0.743","5.11%"
"2023-10-16","0.783","0.741","0.783","0.733","6.91%"
"2023-10-15","0.732","0.767","0.767","0.731","-1.17%"
"2023-10-14","0.741","0.741","0.741","0.741","-3.50%"
"2023-10-13","0.767","0.757","0.779","0.739","5.59%"
"2023-10-12","0.727","0.727","0.776","0.724","-6.21%"
"2023-10-11","0.775","0.762","0.810","0.726","-4.47%"
"2023-10-10","0.811","0.763","0.830","0.744","-2.41%"
"2023-10-09","0.831","0.831","0.831","0.764","0.00%"
"2023-10-08","0.831","0.831","0.831","0.831","5.31%"
"2023-10-07","0.789","0.789","0.789","0.789","-5.04%"
"2023-10-06","0.831","0.799","0.842","0.786","2.71%"
"2023-10-05","0.809","0.799","0.850","0.796","-0.07%"
"2023-10-04","0.810","0.789","0.865","0.789","-1.38%"
"2023-10-03","0.821","0.789","0.824","0.763","4.96%"
"2023-10-02","0.783","0.771","0.826","0.771","1.70%"
"2023-10-01","0.769","0.795","0.795","0.759","-3.22%"
"2023-09-30","0.795","0.795","0.795","0.795","0.00%"
"2023-09-29","0.795","0.748","0.801","0.748","5.56%"
"2023-09-28","0.753","0.737","0.803","0.736","-1.56%"
"2023-09-27","0.765","0.716","0.765","0.715","1.32%"
"2023-09-26","0.755","0.717","0.760","0.717","0.49%"
"2023-09-25","0.751","0.714","0.751","0.701","0.51%"
"2023-09-24","0.748","0.712","0.748","0.712","4.91%"
"2023-09-23","0.712","0.712","0.712","0.712","-4.68%"
"2023-09-22","0.748","0.726","0.766","0.706","3.37%"
"2023-09-21","0.723","0.712","0.767","0.712","-1.12%"
"2023-09-20","0.731","0.701","0.740","0.700","-0.84%"
"2023-09-19","0.738","0.694","0.738","0.694","6.50%"
"2023-09-18","0.692","0.692","0.728","0.692","-4.81%"
"2023-09-17","0.728","0.728","0.728","0.728","0.00%"
"2023-09-15","0.728","0.699","0.731","0.686","-1.02%"
"2023-09-14","0.735","0.686","0.738","0.677","5.85%"
"2023-09-13","0.694","0.687","0.729","0.683","-3.56%"
"2023-09-12","0.720","0.684","0.723","0.684","1.41%"
"2023-09-11","0.710","0.673","0.716","0.654","5.58%"
"2023-09-10","0.673","0.654","0.673","0.632","2.86%"
"2023-09-08","0.654","0.626","0.659","0.619","-0.74%"
"2023-09-07","0.659","0.633","0.663","0.623","5.29%"
"2023-09-06","0.626","0.637","0.660","0.623","-5.74%"
"2023-09-05","0.664","0.631","0.664","0.627","1.72%"
"2023-09-04","0.652","0.623","0.652","0.620","4.50%"
"2023-09-03","0.624","0.644","0.644","0.609","-3.01%"
"2023-09-01","0.644","0.616","0.650","0.608","-1.15%"
"2023-08-31","0.651","0.624","0.659","0.617","4.21%"
"2023-08-30","0.625","0.618","0.658","0.618","0.50%"
"2023-08-29","0.622","0.611","0.659","0.609","-0.59%"
"2023-08-28","0.626","0.629","0.660","0.612","-0.40%"
"2023-08-27","0.628","0.624","0.661","0.624","-5.02%"
"2023-08-25","0.661","0.625","0.665","0.620","-0.75%"
"2023-08-24","0.666","0.629","0.666","0.614","4.62%"
"2023-08-23","0.637","0.637","0.685","0.630","-5.64%"
"2023-08-22","0.675","0.643","0.681","0.637","6.20%"
"2023-08-21","0.636","0.622","0.675","0.622","2.42%"
"2023-08-20","0.621","0.616","0.651","0.616","-4.71%"
"2023-08-18","0.651","0.633","0.674","0.616","2.26%"
"2023-08-17","0.637","0.619","0.678","0.619","3.88%"
"2023-08-16","0.613","0.620","0.659","0.613","-2.29%"
"2023-08-15","0.627","0.614","0.665","0.605","-3.65%"
"2023-08-14","0.651","0.605","0.651","0.605","7.87%"
"2023-08-13","0.604","0.619","0.619","0.578","-2.42%"
"2023-08-11","0.619","0.619","0.619","0.619","0.00%"
"2023-08-10","0.619","0.576","0.619","0.574","2.93%"
"2023-08-09","0.601","0.576","0.619","0.558","2.44%"
"2023-08-08","0.587","0.605","0.634","0.576","-1.56%"
"2023-08-07","0.596","0.593","0.637","0.586","0.62%"
"2023-08-06","0.592","0.611","0.637","0.592","-2.96%"
"2023-08-05","0.611","0.611","0.611","0.611","-4.22%"
"2023-08-04","0.637","0.611","0.647","0.606","4.41%"
"2023-08-03","0.611","0.591","0.651","0.591","5.49%"
"2023-08-02","0.579","0.561","0.631","0.561","-3.34%"
"2023-08-01","0.599","0.563","0.599","0.549","6.68%"
"2023-07-31","0.561","0.549","0.600","0.549","2.41%"
"2023-07-30","0.548","0.558","0.558","0.532","-1.69%"
"2023-07-29","0.558","0.558","0.558","0.558","0.00%"
"2023-07-28","0.558","0.509","0.564","0.465","19.56%"
"2023-07-27","0.466","0.442","0.508","0.426","6.73%"
"2023-07-26","0.437","0.443","0.472","0.431","-7.79%"
"2023-07-25","0.474","0.442","0.474","0.441","1.61%"
"2023-07-24","0.466","0.437","0.474","0.434","6.88%"
"2023-07-23","0.436","0.454","0.455","0.411","-3.86%"
"2023-07-21","0.454","0.500","0.516","0.407","-5.58%"
"2023-07-20","0.481","0.479","0.519","0.466","0.13%"
"2023-07-19","0.480","0.490","0.520","0.479","-7.92%"
"2023-07-18","0.521","0.516","0.549","0.488","-0.34%"
"2023-07-17","0.523","0.541","0.541","0.514","-3.36%"
"2023-07-16","0.541","0.541","0.541","0.541","0.00%"
"2023-07-14","0.541","0.504","0.554","0.501","10.74%"
"2023-07-13","0.489","0.494","0.522","0.484","-2.98%"
"2023-07-12","0.504","0.472","0.540","0.469","-0.24%"
"2023-07-11","0.505","0.477","0.507","0.463","-0.26%"
"2023-07-10","0.506","0.464","0.517","0.464","9.47%"
"2023-07-09","0.463","0.444","0.472","0.444","-2.12%"
"2023-07-08","0.472","0.472","0.472","0.472","0.00%"
"2023-07-07","0.472","0.418","0.476","0.418","8.62%"
"2023-07-06","0.435","0.388","0.435","0.385","15.05%"
"2023-07-05","0.378","0.389","0.415","0.377","-9.18%"
"2023-07-04","0.416","0.401","0.424","0.386","-2.62%"
"2023-07-03","0.428","0.403","0.431","0.393","6.05%"
"2023-07-02","0.403","0.428","0.428","0.403","-0.93%"
"2023-07-01","0.407","0.407","0.407","0.407","-4.82%"
"2023-06-30","0.428","0.389","0.435","0.389","0.87%"
"2023-06-29","0.424","0.383","0.424","0.381","1.51%"
"2023-06-28","0.417","0.383","0.420","0.383","3.73%"
"2023-06-27","0.403","0.354","0.403","0.354","13.38%"
"2023-06-26","0.355","0.372","0.400","0.354","-11.25%"
"2023-06-25","0.400","0.400","0.400","0.400","0.00%"
"2023-06-23","0.400","0.390","0.412","0.369","-3.33%"
"2023-06-22","0.414","0.388","0.415","0.378","6.79%"
"2023-06-21","0.387","0.389","0.417","0.384","-1.75%"
"2023-06-20","0.394","0.409","0.440","0.387","-10.63%"
"2023-06-19","0.441","0.414","0.449","0.406","6.18%"
"2023-06-18","0.416","0.449","0.449","0.415","0.00%"
"2023-06-17","0.416","0.416","0.416","0.416","-7.40%"
"2023-06-16","0.449","0.440","0.460","0.412","4.52%"
"2023-06-15","0.429","0.426","0.466","0.420","-4.04%"
"2023-06-14","0.447","0.433","0.456","0.427","-1.10%"
"2023-06-13","0.452","0.429","0.456","0.414","5.23%"
"2023-06-12","0.430","0.429","0.461","0.421","-0.14%"
"2023-06-11","0.431","0.432","0.461","0.431","-0.30%"
"2023-06-09","0.432","0.433","0.469","0.431","-7.38%"
"2023-06-08","0.466","0.436","0.472","0.428","9.56%"
"2023-06-07","0.426","0.424","0.458","0.418","0.42%"
"2023-06-06","0.424","0.439","0.468","0.423","-9.83%"
"2023-06-05","0.470","0.434","0.474","0.434","8.52%"
"2023-06-04","0.433","0.423","0.458","0.423","-5.33%"
"2023-06-02","0.458","0.424","0.458","0.421","0.00%"
"2023-06-01","0.458","0.442","0.475","0.425","-3.68%"
"2023-05-31","0.475","0.436","0.476","0.431","0.25%"
"2023-05-30","0.474","0.441","0.480","0.436","4.71%"
"2023-05-29","0.452","0.446","0.475","0.442","1.55%"
"2023-05-28","0.446","0.475","0.475","0.443","-6.19%"
"2023-05-26","0.475","0.466","0.485","0.439","-2.32%"
"2023-05-25","0.486","0.431","0.486","0.431","13.59%"
"2023-05-24","0.428","0.423","0.465","0.423","-7.20%"
"2023-05-23","0.461","0.415","0.461","0.411","12.68%"
"2023-05-22","0.409","0.416","0.446","0.404","-1.94%"
"2023-05-21","0.417","0.446","0.446","0.417","-6.97%"
"2023-05-19","0.449","0.426","0.452","0.416","0.29%"
"2023-05-18","0.447","0.393","0.447","0.393","16.23%"
"2023-05-17","0.385","0.411","0.439","0.379","-11.76%"
"2023-05-16","0.436","0.422","0.450","0.404","-3.58%"
"2023-05-15","0.452","0.404","0.452","0.404","12.26%"
"2023-05-14","0.403","0.426","0.426","0.396","-5.44%"
"2023-05-13","0.426","0.426","0.426","0.426","0.00%"
"2023-05-12","0.426","0.401","0.426","0.378","5.10%"
"2023-05-11","0.406","0.416","0.447","0.399","-9.36%"
"2023-05-10","0.447","0.434","0.465","0.417","-4.28%"
"2023-05-09","0.468","0.434","0.469","0.434","9.51%"
"2023-05-08","0.427","0.428","0.458","0.423","-0.58%"
"2023-05-07","0.429","0.435","0.451","0.429","-1.29%"
"2023-05-06","0.435","0.435","0.435","0.435","-3.33%"
"2023-05-05","0.450","0.450","0.450","0.450","0.00%"
"2023-05-04","0.450","0.450","0.450","0.450","0.00%"
"2023-05-03","0.450","0.450","0.450","0.450","0.00%"
"2023-05-02","0.450","0.436","0.474","0.434","5.12%"
"2023-05-01","0.428","0.416","0.440","0.414","3.31%"
"2023-04-30","0.414","0.407","0.440","0.407","-5.82%"
"2023-04-29","0.440","0.440","0.440","0.440","0.00%"
"2023-04-28","0.440","0.479","0.496","0.409","-4.62%"
"2023-04-27","0.461","0.450","0.500","0.449","2.95%"
"2023-04-26","0.448","0.444","0.491","0.444","-9.71%"
"2023-04-25","0.496","0.469","0.504","0.445","5.87%"
"2023-04-24","0.469","0.484","0.510","0.468","-2.96%"
"2023-04-23","0.483","0.478","0.510","0.478","-5.27%"
"2023-04-21","0.510","0.483","0.517","0.471","-1.70%"
"2023-04-20","0.519","0.492","0.534","0.482","-3.69%"
"2023-04-19","0.539","0.494","0.544","0.493","1.39%"
"2023-04-18","0.531","0.507","0.541","0.496","5.08%"
"2023-04-17","0.506","0.494","0.548","0.494","2.39%"
"2023-04-16","0.494","0.479","0.520","0.479","-5.04%"
"2023-04-14","0.520","0.474","0.520","0.474","3.48%"
"2023-04-13","0.502","0.464","0.507","0.425","6.48%"
"2023-04-12","0.472","0.481","0.509","0.463","-6.79%"
"2023-04-11","0.506","0.478","0.520","0.461","3.33%"
"2023-04-10","0.490","0.493","0.521","0.479","0.00%"
"2023-04-09","0.490","0.484","0.521","0.484","1.16%"
"2023-04-08","0.484","0.484","0.484","0.484","0.00%"
"2023-04-07","0.484","0.486","0.496","0.478","1.04%"
"2023-04-06","0.479","0.489","0.529","0.479","-3.41%"
"2023-04-05","0.496","0.480","0.538","0.476","0.65%"
"2023-04-04","0.493","0.462","0.530","0.462","-2.36%"
"2023-04-03","0.505","0.468","0.512","0.461","8.16%"
"2023-04-02","0.467","0.501","0.501","0.465","0.54%"
"2023-04-01","0.464","0.464","0.464","0.464","-7.36%"
"2023-03-31","0.501","0.452","0.509","0.442","3.62%"
"2023-03-30","0.484","0.446","0.485","0.431","6.92%"
"2023-03-29","0.452","0.435","0.470","0.414","-3.99%"
"2023-03-28","0.471","0.455","0.479","0.432","-1.05%"
"2023-03-27","0.476","0.407","0.476","0.406","16.34%"
"2023-03-26","0.409","0.433","0.433","0.391","-4.79%"
"2023-03-24","0.430","0.412","0.458","0.391","2.07%"
"2023-03-23","0.421","0.415","0.481","0.411","-5.20%"
"2023-03-22","0.444","0.426","0.490","0.411","23.44%"
"2023-03-21","0.360","0.360","0.429","0.360","-12.47%"
"2023-03-20","0.411","0.400","0.450","0.357","2.34%"
"2023-03-19","0.402","0.441","0.450","0.402","-10.69%"
"2023-03-17","0.450","0.431","0.472","0.417","13.04%"
"2023-03-16","0.398","0.368","0.450","0.368","-0.18%"
"2023-03-15","0.399","0.433","0.510","0.368","2.92%"
"2023-03-14","0.387","0.387","0.454","0.336","-14.61%"
"2023-03-13","0.454","0.583","0.637","0.387","-22.27%"
"2023-03-12","0.584","0.637","0.637","0.584","-4.39%"
"2023-03-11","0.611","0.611","0.611","0.611","-4.41%"
"2023-03-10","0.639","0.661","0.721","0.592","-11.74%"
"2023-03-09","0.724","0.684","0.734","0.639","12.65%"
"2023-03-08","0.642","0.646","0.688","0.640","-6.20%"
"2023-03-07","0.685","0.641","0.685","0.631","0.54%"
"2023-03-06","0.681","0.631","0.681","0.631","8.14%"
"2023-03-05","0.630","0.673","0.673","0.630","-6.32%"
"2023-03-03","0.673","0.681","0.681","0.629","-1.10%"
"2023-03-02","0.680","0.678","0.686","0.627","8.80%"
"2023-03-01","0.625","0.621","0.676","0.608","-7.06%"
"2023-02-28","0.673","0.647","0.692","0.621","2.97%"
"2023-02-27","0.653","0.700","0.700","0.648","-0.38%"
"2023-02-26","0.656","0.701","0.701","0.654","-6.52%"
"2023-02-25","0.701","0.701","0.701","0.701","0.00%"
"2023-02-24","0.701","0.671","0.720","0.652","3.13%"
"2023-02-23","0.680","0.680","0.680","0.673","0.00%"
"2023-02-22","0.680","0.687","0.721","0.674","-5.88%"
"2023-02-21","0.723","0.659","0.723","0.659","9.79%"
"2023-02-20","0.658","0.646","0.702","0.645","1.73%"
"2023-02-19","0.647","0.702","0.702","0.647","-7.91%"
"2023-02-17","0.702","0.652","0.707","0.651","1.44%"
"2023-02-16","0.692","0.690","0.692","0.644","0.17%"
"2023-02-15","0.691","0.683","0.691","0.633","1.10%"
"2023-02-14","0.684","0.652","0.701","0.633","-2.66%"
"2023-02-13","0.702","0.684","0.725","0.652","2.73%"
"2023-02-12","0.684","0.688","0.725","0.684","-5.68%"
"2023-02-10","0.725","0.664","0.738","0.664","10.07%"
"2023-02-09","0.659","0.649","0.700","0.649","-4.88%"
"2023-02-08","0.692","0.689","0.692","0.642","0.36%"
"2023-02-07","0.690","0.658","0.694","0.647","-0.19%"
"2023-02-06","0.691","0.638","0.691","0.638","8.44%"
"2023-02-05","0.637","0.685","0.685","0.630","-6.93%"
"2023-02-03","0.685","0.621","0.685","0.621","2.42%"
"2023-02-02","0.669","0.627","0.684","0.622","3.19%"
"2023-02-01","0.648","0.656","0.697","0.627","-7.08%"
"2023-01-31","0.697","0.669","0.710","0.649","-1.94%"
"2023-01-30","0.711","0.668","0.711","0.656","6.35%"
"2023-01-29","0.669","0.707","0.707","0.669","-5.47%"
"2023-01-28","0.707","0.707","0.707","0.707","3.85%"
"2023-01-27","0.681","0.636","0.709","0.634","5.22%"
"2023-01-26","0.647","0.625","0.656","0.618","3.92%"
"2023-01-25","0.623","0.596","0.652","0.594","-1.69%"
"2023-01-24","0.634","0.579","0.635","0.579","2.01%"
"2023-01-23","0.621","0.582","0.623","0.561","6.88%"
"2023-01-22","0.581","0.616","0.616","0.574","1.31%"
"2023-01-21","0.574","0.574","0.574","0.574","-6.90%"
"2023-01-20","0.616","0.592","0.623","0.553","-1.00%"
"2023-01-19","0.623","0.660","0.660","0.567","-5.87%"
"2023-01-18","0.661","0.723","0.759","0.572","-12.70%"
"2023-01-17","0.757","0.753","0.791","0.718","-4.11%"
"2023-01-16","0.790","0.801","0.849","0.743","-1.48%"
"2023-01-15","0.802","0.803","0.849","0.802","-0.15%"
"2023-01-14","0.803","0.803","0.803","0.803","-5.38%"
"2023-01-13","0.849","0.796","0.853","0.791","2.41%"
"2023-01-12","0.829","0.732","0.834","0.732","11.05%"
"2023-01-11","0.746","0.717","0.764","0.701","-2.44%"
"2023-01-10","0.765","0.681","0.767","0.679","5.69%"
"2023-01-09","0.724","0.690","0.724","0.682","0.00%"
"2023-01-08","0.724","0.724","0.724","0.724","-0.33%"
"2023-01-06","0.726","0.719","0.755","0.684","1.03%"
"2023-01-05","0.719","0.764","0.794","0.719","-9.73%"
"2023-01-04","0.796","0.750","0.799","0.748","7.33%"
"2023-01-03","0.742","0.743","0.749","0.742","-5.04%"
"2023-01-02","0.781","0.781","0.781","0.781","0.00%"
"2023-01-01","0.781","0.781","0.781","0.781","0.00%"
"2022-12-30","0.781","0.728","0.781","0.728","2.47%"
"2022-12-29","0.762","0.709","0.766","0.709","3.04%"
"2022-12-28","0.740","0.691","0.740","0.691","7.54%"
"2022-12-27","0.688","0.673","0.693","0.673","2.89%"
"2022-12-26","0.669","0.662","0.700","0.645","0.95%"
"2022-12-25","0.663","0.664","0.700","0.663","-0.29%"
"2022-12-23","0.664","0.631","0.705","0.631","6.83%"
"2022-12-22","0.622","0.642","0.664","0.615","-6.48%"
"2022-12-21","0.665","0.619","0.691","0.619","4.31%"
"2022-12-20","0.637","0.507","0.675","0.499","25.91%"
"2022-12-19","0.506","0.494","0.529","0.494","2.41%"
"2022-12-18","0.494","0.480","0.494","0.480","-0.12%"
"2022-12-16","0.495","0.483","0.501","0.480","2.32%"
"2022-12-15","0.484","0.463","0.500","0.463","7.06%"
"2022-12-14","0.452","0.447","0.474","0.446","-2.29%"
"2022-12-13","0.463","0.470","0.482","0.448","-4.89%"
"2022-12-12","0.486","0.476","0.486","0.465","2.64%"
"2022-12-11","0.474","0.463","0.474","0.463","2.44%"
"2022-12-10","0.463","0.463","0.463","0.463","-1.60%"
"2022-12-09","0.470","0.469","0.494","0.459","-5.05%"
"2022-12-08","0.495","0.457","0.495","0.456","-0.26%"
"2022-12-07","0.496","0.486","0.509","0.458","-2.21%"
"2022-12-06","0.507","0.469","0.519","0.469","3.57%"
"2022-12-05","0.490","0.448","0.490","0.448","0.00%"
"2022-12-04","0.490","0.490","0.490","0.490","0.25%"
"2022-12-02","0.489","0.439","0.490","0.438","2.09%"
"2022-12-01","0.479","0.447","0.485","0.438","-1.54%"
"2022-11-30","0.486","0.447","0.486","0.447","4.85%"
"2022-11-29","0.464","0.444","0.466","0.433","0.54%"
"2022-11-28","0.461","0.431","0.461","0.431","0.83%"
"2022-11-27","0.458","0.458","0.458","0.458","0.00%"
"2022-11-25","0.458","0.406","0.458","0.406","8.28%"
"2022-11-24","0.423","0.392","0.423","0.388","6.29%"
"2022-11-23","0.398","0.398","0.398","0.393","-5.36%"
"2022-11-22","0.420","0.394","0.420","0.394","2.74%"
"2022-11-21","0.409","0.391","0.410","0.387","4.47%"
"2022-11-20","0.391","0.405","0.405","0.391","-3.38%"
"2022-11-18","0.405","0.376","0.410","0.375","5.52%"
"2022-11-17","0.384","0.357","0.384","0.357","0.00%"
"2022-11-16","0.384","0.368","0.399","0.357","-2.54%"
"2022-11-15","0.394","0.391","0.420","0.369","-6.53%"
"2022-11-14","0.421","0.376","0.430","0.376","5.32%"
"2022-11-13","0.400","0.400","0.400","0.400","6.50%"
"2022-11-12","0.376","0.376","0.376","0.376","-6.10%"
"2022-11-11","0.400","0.364","0.431","0.361","-7.51%"
"2022-11-10","0.433","0.421","0.461","0.363","-6.49%"
"2022-11-09","0.463","0.449","0.490","0.422","-5.86%"
"2022-11-08","0.491","0.468","0.500","0.450","4.80%"
"2022-11-07","0.469","0.475","0.509","0.464","-7.86%"
"2022-11-06","0.509","0.476","0.509","0.476","6.82%"
"2022-11-04","0.476","0.446","0.510","0.446","13.05%"
"2022-11-03","0.421","0.425","0.445","0.425","-7.16%"
"2022-11-02","0.454","0.416","0.456","0.414","2.25%"
"2022-11-01","0.444","0.398","0.444","0.398","10.95%"
"2022-10-31","0.400","0.392","0.429","0.384","1.76%"
"2022-10-30","0.393","0.414","0.414","0.387","1.60%"
"2022-10-29","0.387","0.387","0.387","0.387","-6.50%"
"2022-10-28","0.414","0.379","0.420","0.364","4.26%"
"2022-10-27","0.397","0.411","0.446","0.378","-5.07%"
"2022-10-26","0.418","0.441","0.480","0.399","-13.13%"
"2022-10-25","0.481","0.492","0.511","0.443","-2.04%"
"2022-10-24","0.491","0.502","0.540","0.477","-2.35%"
"2022-10-23","0.503","0.540","0.540","0.503","-6.83%"
"2022-10-21","0.540","0.466","0.545","0.466","9.09%"
"2022-10-20","0.495","0.450","0.499","0.450","4.47%"
"2022-10-19","0.474","0.439","0.476","0.432","1.07%"
"2022-10-18","0.469","0.430","0.470","0.430","8.54%"
"2022-10-17","0.432","0.412","0.468","0.412","5.01%"
"2022-10-16","0.411","0.404","0.439","0.404","1.86%"
"2022-10-15","0.404","0.404","0.404","0.404","-7.98%"
"2022-10-14","0.439","0.410","0.447","0.394","-2.23%"
"2022-10-13","0.449","0.404","0.452","0.403","11.84%"
"2022-10-12","0.401","0.399","0.436","0.393","1.59%"
"2022-10-11","0.395","0.394","0.431","0.376","4.64%"
"2022-10-10","0.377","0.406","0.406","0.377","-7.09%"
"2022-10-09","0.406","0.406","0.406","0.406","7.63%"
"2022-10-07","0.377","0.376","0.407","0.372","-4.74%"
"2022-10-06","0.396","0.361","0.396","0.356","2.94%"
"2022-10-05","0.385","0.349","0.385","0.343","3.69%"
"2022-10-04","0.371","0.355","0.394","0.339","-6.59%"
"2022-10-03","0.398","0.386","0.417","0.353","2.42%"
"2022-10-02","0.388","0.414","0.414","0.387","0.96%"
"2022-10-01","0.384","0.384","0.384","0.384","-7.10%"
"2022-09-30","0.414","0.405","0.439","0.386","-5.95%"
"2022-09-29","0.440","0.402","0.450","0.398","0.43%"
"2022-09-28","0.438","0.434","0.471","0.401","-3.46%"
"2022-09-27","0.454","0.428","0.475","0.421","2.83%"
"2022-09-26","0.441","0.376","0.447","0.376","18.85%"
"2022-09-25","0.371","0.387","0.387","0.341","9.82%"
"2022-09-24","0.338","0.338","0.338","0.338","0.00%"
"2022-09-23","0.338","0.338","0.338","0.338","-12.75%"
"2022-09-22","0.387","0.386","0.424","0.338","0.81%"
"2022-09-21","0.384","0.409","0.442","0.376","-13.38%"
"2022-09-20","0.444","0.373","0.444","0.366","19.53%"
"2022-09-19","0.371","0.403","0.403","0.371","-7.75%"
"2022-09-18","0.403","0.403","0.403","0.403","8.61%"
"2022-09-16","0.371","0.349","0.405","0.349","4.01%"
"2022-09-15","0.356","0.332","0.387","0.329","-4.35%"
"2022-09-14","0.373","0.332","0.381","0.324","5.67%"
"2022-09-13","0.352","0.327","0.356","0.308","-1.40%"
"2022-09-12","0.357","0.339","0.370","0.327","5.74%"
"2022-09-11","0.338","0.370","0.370","0.338","-8.62%"
"2022-09-09","0.370","0.356","0.382","0.341","-3.90%"
"2022-09-08","0.385","0.345","0.389","0.333","9.22%"
"2022-09-07","0.352","0.355","0.398","0.346","-4.08%"
"2022-09-06","0.368","0.306","0.368","0.301","6.89%"
"2022-09-05","0.344","0.311","0.345","0.301","10.23%"
"2022-09-04","0.312","0.345","0.345","0.312","-9.59%"
"2022-09-03","0.345","0.345","0.345","0.345","0.00%"
"2022-09-02","0.345","0.305","0.356","0.304","14.50%"
"2022-09-01","0.301","0.291","0.334","0.290","7.38%"
"2022-08-31","0.281","0.281","0.317","0.279","-0.25%"
"2022-08-30","0.281","0.301","0.320","0.281","-9.64%"
"2022-08-29","0.311","0.287","0.311","0.287","10.66%"
"2022-08-28","0.281","0.271","0.301","0.271","3.69%"
"2022-08-27","0.271","0.271","0.271","0.271","-9.96%"
"2022-08-26","0.301","0.264","0.304","0.261","-0.40%"
"2022-08-25","0.303","0.282","0.306","0.263","1.68%"
"2022-08-24","0.298","0.264","0.298","0.258","6.25%"
"2022-08-23","0.280","0.270","0.281","0.252","7.16%"
"2022-08-22","0.261","0.246","0.281","0.246","6.09%"
"2022-08-21","0.246","0.261","0.261","0.234","-5.74%"
"2022-08-20","0.261","0.261","0.261","0.261","0.00%"
"2022-08-19","0.261","0.214","0.261","0.214","13.61%"
"2022-08-18","0.230","0.214","0.237","0.209","-0.56%"
"2022-08-17","0.231","0.207","0.233","0.201","2.80%"
"2022-08-16","0.225","0.201","0.225","0.198","7.45%"
"2022-08-15","0.209","0.208","0.233","0.200","0.29%"
"2022-08-14","0.209","0.233","0.233","0.209","-10.69%"
"2022-08-12","0.234","0.211","0.237","0.206","9.35%"
"2022-08-11","0.214","0.202","0.209","0.202","0.00%"
"2022-08-10","0.214","0.186","0.222","0.186","4.29%"
"2022-08-09","0.205","0.189","0.207","0.184","7.89%"
"2022-08-08","0.190","0.199","0.216","0.190","-4.09%"
"2022-08-07","0.198","0.216","0.216","0.187","6.73%"
"2022-08-05","0.186","0.183","0.216","0.181","-12.16%"
"2022-08-04","0.211","0.192","0.214","0.182","-2.31%"
"2022-08-03","0.216","0.196","0.216","0.191","6.81%"
"2022-08-02","0.203","0.186","0.206","0.177","-6.38%"
"2022-08-01","0.216","0.205","0.222","0.185","5.82%"
"2022-07-31","0.204","0.219","0.219","0.204","0.34%"
"2022-07-30","0.204","0.204","0.204","0.204","-6.90%"
"2022-07-29","0.219","0.199","0.236","0.196","-7.87%"
"2022-07-28","0.237","0.221","0.257","0.201","6.74%"
"2022-07-27","0.222","0.213","0.257","0.213","-7.79%"
"2022-07-26","0.241","0.218","0.251","0.213","-1.51%"
"2022-07-25","0.245","0.201","0.252","0.191","22.50%"
"2022-07-24","0.200","0.234","0.234","0.200","-15.36%"
"2022-07-22","0.236","0.263","0.308","0.214","-23.77%"
"2022-07-21","0.310","0.290","0.324","0.265","7.83%"
"2022-07-20","0.287","0.298","0.320","0.287","-10.16%"
"2022-07-19","0.320","0.281","0.321","0.281","3.63%"
"2022-07-18","0.309","0.309","0.309","0.280","0.00%"
"2022-07-17","0.309","0.309","0.309","0.309","0.00%"
"2022-07-15","0.309","0.303","0.327","0.279","-6.42%"
"2022-07-14","0.330","0.288","0.334","0.284","15.02%"
"2022-07-13","0.287","0.283","0.325","0.282","-6.33%"
"2022-07-12","0.306","0.297","0.325","0.277","-1.00%"
"2022-07-11","0.309","0.301","0.340","0.298","3.55%"
"2022-07-10","0.299","0.324","0.324","0.291","-7.35%"
"2022-07-08","0.322","0.278","0.324","0.278","7.93%"
"2022-07-07","0.299","0.273","0.299","0.252","13.01%"
"2022-07-06","0.264","0.284","0.311","0.264","-15.72%"
"2022-07-05","0.314","0.308","0.338","0.286","-7.41%"
"2022-07-04","0.339","0.286","0.340","0.282","18.09%"
"2022-07-03","0.287","0.329","0.329","0.287","-12.74%"
"2022-07-01","0.329","0.316","0.356","0.308","-8.67%"
"2022-06-30","0.360","0.343","0.381","0.318","3.03%"
"2022-06-29","0.349","0.361","0.398","0.344","-3.29%"
"2022-06-28","0.361","0.352","0.399","0.349","-4.29%"
"2022-06-27","0.377","0.322","0.380","0.313","17.75%"
"2022-06-26","0.321","0.346","0.346","0.314","-7.42%"
"2022-06-24","0.346","0.326","0.357","0.306","-3.48%"
"2022-06-23","0.359","0.366","0.404","0.326","-4.17%"
"2022-06-22","0.374","0.377","0.420","0.366","-10.06%"
"2022-06-21","0.416","0.381","0.416","0.366","11.19%"
"2022-06-20","0.374","0.368","0.417","0.366","1.03%"
"2022-06-19","0.371","0.417","0.417","0.371","-2.96%"
"2022-06-18","0.382","0.382","0.382","0.382","-8.53%"
"2022-06-17","0.417","0.449","0.501","0.374","-16.92%"
"2022-06-16","0.502","0.417","0.520","0.393","7.62%"
"2022-06-15","0.467","0.403","0.524","0.397","-0.93%"
"2022-06-14","0.471","0.414","0.471","0.414","14.25%"
"2022-06-13","0.412","0.297","0.412","0.287","38.38%"
"2022-06-12","0.298","0.329","0.329","0.278","-9.34%"
"2022-06-10","0.329","0.266","0.329","0.266","5.62%"
"2022-06-09","0.311","0.257","0.311","0.252","22.70%"
"2022-06-08","0.254","0.239","0.285","0.239","-3.83%"
"2022-06-07","0.264","0.239","0.274","0.239","11.97%"
"2022-06-06","0.236","0.236","0.268","0.232","0.00%"
"2022-06-05","0.236","0.268","0.268","0.229","3.29%"
"2022-06-04","0.228","0.228","0.228","0.228","0.00%"
"2022-06-03","0.228","0.242","0.243","0.223","-6.17%"
"2022-06-02","0.243","0.248","0.249","0.236","-1.30%"
"2022-06-01","0.246","0.257","0.275","0.244","-10.04%"
"2022-05-31","0.274","0.236","0.276","0.236","8.44%"
"2022-05-30","0.252","0.224","0.255","0.224","13.18%"
"2022-05-29","0.223","0.227","0.227","0.222","-7.54%"
"2022-05-28","0.241","0.228","0.241","0.228","0.00%"
"2022-05-27","0.241","0.237","0.246","0.223","-2.51%"
"2022-05-26","0.248","0.211","0.252","0.209","17.52%"
"2022-05-25","0.211","0.214","0.233","0.204","-9.92%"
"2022-05-24","0.234","0.248","0.266","0.214","-6.03%"
"2022-05-23","0.249","0.248","0.273","0.243","0.53%"
"2022-05-22","0.248","0.273","0.273","0.248","-9.17%"
"2022-05-21","0.273","0.252","0.273","0.252","0.00%"
"2022-05-20","0.273","0.267","0.285","0.250","-4.82%"
"2022-05-19","0.286","0.266","0.291","0.264","5.30%"
"2022-05-18","0.272","0.278","0.298","0.263","-9.00%"
"2022-05-17","0.299","0.269","0.299","0.269","2.15%"
"2022-05-16","0.292","0.276","0.299","0.268","5.63%"
"2022-05-15","0.277","0.299","0.299","0.276","0.47%"
"2022-05-14","0.276","0.276","0.276","0.276","-7.76%"
"2022-05-13","0.299","0.274","0.300","0.268","0.00%"
"2022-05-12","0.299","0.291","0.322","0.274","1.94%"
"2022-05-11","0.293","0.295","0.325","0.292","-8.41%"
"2022-05-10","0.320","0.299","0.327","0.293","-2.68%"
"2022-05-09","0.329","0.300","0.331","0.299","10.30%"
"2022-05-08","0.298","0.311","0.311","0.294","-4.24%"
"2022-05-07","0.311","0.292","0.311","0.292","0.00%"
"2022-05-06","0.311","0.286","0.311","0.283","8.28%"
"2022-05-05","0.287","0.277","0.286","0.277","0.00%"
"2022-05-04","0.287","0.287","0.287","0.287","0.00%"
"2022-05-03","0.287","0.287","0.287","0.287","4.55%"
"2022-05-02","0.275","0.278","0.287","0.274","-0.22%"
"2022-05-01","0.276","0.287","0.287","0.270","-4.14%"
"2022-04-30","0.287","0.287","0.287","0.287","0.00%"
"2022-04-29","0.287","0.287","0.287","0.287","0.00%"
"2022-04-28","0.287","0.287","0.291","0.261","0.21%"
"2022-04-27","0.287","0.280","0.300","0.278","0.00%"
"2022-04-26","0.287","0.292","0.308","0.279","-4.78%"
"2022-04-25","0.301","0.308","0.324","0.291","-2.21%"
"2022-04-24","0.308","0.324","0.324","0.308","-4.85%"
"2022-04-23","0.324","0.312","0.324","0.312","0.00%"
"2022-04-22","0.324","0.324","0.338","0.309","-4.43%"
"2022-04-21","0.339","0.286","0.339","0.281","16.59%"
"2022-04-20","0.291","0.287","0.306","0.284","1.96%"
"2022-04-19","0.285","0.269","0.286","0.264","5.56%"
"2022-04-18","0.270","0.277","0.277","0.269","-2.70%"
"2022-04-17","0.278","0.269","0.278","0.269","3.24%"
"2022-04-16","0.269","0.269","0.269","0.269","-2.71%"
"2022-04-15","0.276","0.269","0.276","0.268","2.79%"
"2022-04-14","0.269","0.276","0.282","0.256","-5.29%"
"2022-04-13","0.284","0.274","0.291","0.273","-0.63%"
"2022-04-12","0.286","0.271","0.292","0.271","2.70%"
"2022-04-11","0.278","0.264","0.285","0.263","3.96%"
"2022-04-10","0.268","0.268","0.268","0.268","0.00%"
"2022-04-09","0.268","0.263","0.268","0.263","0.00%"
"2022-04-08","0.268","0.258","0.271","0.250","0.94%"
"2022-04-07","0.265","0.252","0.268","0.251","0.95%"
"2022-04-06","0.262","0.241","0.273","0.241","8.25%"
"2022-04-05","0.243","0.216","0.244","0.213","7.78%"
"2022-04-04","0.225","0.230","0.240","0.217","-2.43%"
"2022-04-03","0.231","0.240","0.240","0.231","-0.56%"
"2022-04-01","0.232","0.183","0.240","0.183","21.22%"
"2022-03-31","0.191","0.252","0.262","0.181","-27.48%"
"2022-03-30","0.264","0.270","0.308","0.236","-11.89%"
"2022-03-29","0.299","0.271","0.309","0.271","7.39%"
"2022-03-28","0.279","0.241","0.290","0.240","16.46%"
"2022-03-27","0.239","0.241","0.241","0.231","-0.79%"
"2022-03-26","0.241","0.230","0.241","0.230","-2.03%"
"2022-03-25","0.246","0.222","0.248","0.221","8.26%"
"2022-03-24","0.228","0.209","0.234","0.207","5.23%"
"2022-03-23","0.216","0.206","0.220","0.205","1.79%"
"2022-03-22","0.212","0.199","0.229","0.188","9.60%"
"2022-03-21","0.194","0.185","0.199","0.185","4.76%"
"2022-03-20","0.185","0.185","0.185","0.185","0.00%"
"2022-03-19","0.185","0.189","0.189","0.185","0.00%"
"2022-03-18","0.185","0.186","0.195","0.185","-3.29%"
"2022-03-17","0.191","0.184","0.201","0.183","2.35%"
"2022-03-16","0.187","0.176","0.199","0.173","4.53%"
"2022-03-15","0.179","0.178","0.184","0.172","-3.35%"
"2022-03-14","0.185","0.155","0.191","0.155","10.05%"
"2022-03-13","0.168","0.154","0.168","0.154","9.30%"
"2022-03-12","0.154","0.161","0.161","0.154","-10.22%"
"2022-03-11","0.171","0.159","0.174","0.154","2.27%"
"2022-03-10","0.168","0.151","0.168","0.145","18.63%"
"2022-03-09","0.141","0.139","0.154","0.138","2.69%"
"2022-03-08","0.138","0.130","0.155","0.124","4.72%"
"2022-03-07","0.131","0.123","0.140","0.116","12.32%"
"2022-03-06","0.117","0.121","0.132","0.116","-3.63%"
"2022-03-05","0.121","0.121","0.121","0.121","-0.98%"
"2022-03-04","0.123","0.140","0.153","0.117","-18.98%"
"2022-03-03","0.151","0.134","0.155","0.123","15.24%"
"2022-03-02","0.131","0.125","0.133","0.102","1.86%"
"2022-03-01","0.129","0.151","0.157","0.123","-20.15%"
"2022-02-28","0.161","0.169","0.181","0.151","-4.78%"
"2022-02-27","0.169","0.173","0.175","0.169","-3.20%"
"2022-02-26","0.175","0.175","0.175","0.175","-3.47%"
"2022-02-25","0.181","0.155","0.188","0.154","17.88%"
"2022-02-24","0.154","0.164","0.172","0.149","-6.79%"
"2022-02-23","0.165","0.166","0.171","0.166","0.00%"
"2022-02-22","0.165","0.176","0.181","0.150","-11.72%"
"2022-02-21","0.187","0.184","0.194","0.177","2.08%"
"2022-02-20","0.183","0.196","0.196","0.183","-4.29%"
"2022-02-19","0.191","0.191","0.191","0.191","0.00%"
"2022-02-18","0.191","0.195","0.206","0.191","-7.32%"
"2022-02-17","0.206","0.199","0.215","0.194","0.00%"
"2022-02-16","0.206","0.192","0.206","0.191","1.23%"
"2022-02-15","0.204","0.185","0.205","0.181","6.53%"
"2022-02-14","0.191","0.171","0.191","0.168","-1.29%"
"2022-02-11","0.194","0.189","0.194","0.189","3.30%"
"2022-02-10","0.188","0.171","0.195","0.166","10.29%"
"2022-02-09","0.170","0.191","0.191","0.164","-16.08%"
"2022-02-08","0.203","0.188","0.203","0.188","9.51%"
"2022-02-07","0.185","0.160","0.188","0.044","15.26%"
"2022-02-06","0.161","0.044","0.164","0.044","266.67%"
"2022-02-05","0.044","0.153","0.153","0.044","-74.61%"
"2022-02-04","0.172","0.141","0.174","0.141","21.14%"
"2022-02-03","0.142","0.125","0.142","0.122","12.93%"
"2022-02-02","0.126","0.129","0.130","0.125","-9.02%"
"2022-02-01","0.139","0.139","0.141","0.135","10.97%"
"2022-01-31","0.125","0.125","0.125","0.125","0.00%"
"2022-01-28","0.125","0.122","0.129","0.122","3.14%"
"2022-01-27","0.121","0.121","0.122","0.120","23.45%"
"2022-01-26","0.098","0.098","0.109","0.098","-8.57%"
"2022-01-25","0.107","0.110","0.110","0.098","144.98%"
"2022-01-24","0.044","0.044","0.044","0.044","0.00%"
"2022-01-23","0.044","0.044","0.044","0.044","-55.35%"
"2022-01-22","0.098","0.098","0.098","0.098","-6.39%"
"2022-01-21","0.105","0.106","0.107","0.105","-8.71%"
"2022-01-20","0.115","0.098","0.115","0.098","4.55%"
"2022-01-19","0.110","0.105","0.115","0.098","-2.14%"
"2022-01-18","0.112","0.108","0.113","0.098","156.16%"
"2022-01-17","0.044","0.044","0.044","0.044","0.00%"
"2022-01-16","0.044","0.044","0.044","0.044","-60.54%"
"2022-01-14","0.111","0.108","0.113","0.107","20.39%"
"2022-01-13","0.092","0.098","0.098","0.089","1.32%"
"2022-01-12","0.091","0.087","0.098","0.087","-9.90%"
"2022-01-11","0.101","0.101","0.101","0.101","-3.53%"
"2022-01-10","0.105","0.105","0.105","0.105","0.00%"
"2022-01-07","0.105","0.079","0.105","0.079","21.89%"
"2022-01-06","0.086","0.073","0.086","0.073","23.24%"
"2022-01-05","0.070","0.049","0.072","0.049","3.72%"
"2022-01-04","0.067","0.064","0.067","0.048","45.14%"
"2022-01-03","0.046","0.044","0.048","0.044","5.71%"
"2022-01-02","0.044","0.044","0.044","0.044","0.00%"
"2022-01-01","0.044","0.044","0.044","0.044","-5.40%"
"2021-12-31","0.046","0.046","0.046","0.046","0.00%"
"2021-12-30","0.046","0.039","0.049","0.031","27.55%"
"2021-12-29","0.036","0.035","0.039","0.024","3.71%"
"2021-12-28","0.035","0.030","0.035","0.030","14.38%"
"2021-12-27","0.031","0.034","0.034","0.023","-7.55%"
"2021-12-26","0.033","0.023","0.033","0.023","47.11%"
"2021-12-25","0.023","0.023","0.023","0.023","0.00%"
"2021-12-24","0.023","0.032","0.035","0.023","5.63%"
"2021-12-23","0.021","0.031","0.034","0.021","-39.14%"
"2021-12-22","0.035","0.026","0.036","0.015","33.08%"
"2021-12-21","0.026","0.017","0.026","0.009","317.46%"
"2021-12-20","0.006","0.009","0.016","0.006","-61.35%"
"2021-12-19","0.016","0.009","0.016","0.009","85.23%"
"2021-12-18","0.009","0.009","0.009","0.009","-49.71%"
"2021-12-17","0.018","0.016","0.020","0.009","16.67%"
"2021-12-16","0.015","0.020","0.021","0.007","-25.00%"
"2021-12-15","0.020","0.022","0.022","0.009","-6.10%"
"2021-12-14","0.021","0.018","0.023","0.010","13.30%"
"2021-12-13","0.019","0.023","0.025","0.010","-21.01%"
"2021-12-12","0.024","0.018","0.025","0.018","36.00%"
"2021-12-11","0.018","0.026","0.026","0.018","-30.00%"
"2021-12-10","0.025","0.020","0.027","0.011","66.67%"
"2021-12-09","0.015","0.023","0.024","0.009","-33.33%"
"2021-12-08","0.023","0.026","0.026","0.007","0.00%"
"2021-12-07","0.023","0.020","0.027","0.009","38.04%"
"2021-12-06","0.016","0.016","0.020","0.007","-3.55%"
"2021-12-05","0.017","0.011","0.020","0.011","-15.50%"
"2021-12-03","0.020","0.023","0.038","0.011","-15.97%"
"2021-12-02","0.024","0.022","0.027","0.013","-13.45%"
"2021-12-01","0.027","0.027","0.030","0.010","143.36%"
"2021-11-30","0.011","0.034","0.034","0.010","-67.71%"
"2021-11-29","0.035","0.038","0.038","0.025","-5.15%"
"2021-11-28","0.037","0.027","0.037","0.027","34.18%"
"2021-11-27","0.027","0.034","0.034","0.027","-18.64%"
"2021-11-26","0.034","0.043","0.043","0.024","-27.00%"
"2021-11-25","0.046","0.046","0.046","0.042","-7.40%"
"2021-11-24","0.050","0.047","0.051","0.027","14.16%"
"2021-11-23","0.044","0.040","0.045","0.036","12.89%"
"2021-11-22","0.039","0.037","0.040","0.026","1.84%"
"2021-11-21","0.038","0.029","0.043","0.029","32.29%"
"2021-11-20","0.029","0.029","0.029","0.029","0.00%"
"2021-11-19","0.029","0.043","0.045","0.029","-37.80%"
"2021-11-18","0.046","0.043","0.049","0.035","5.71%"
"2021-11-17","0.044","0.046","0.051","0.034","3.06%"
"2021-11-16","0.043","0.044","0.046","0.029","6.25%"
"2021-11-15","0.040","0.044","0.046","0.027","-9.91%"
"2021-11-14","0.044","0.036","0.044","0.036","22.31%"
"2021-11-13","0.036","0.044","0.044","0.036","-19.33%"
"2021-11-12","0.045","0.038","0.049","0.030","56.25%"
"2021-11-11","0.029","0.039","0.043","0.027","-14.79%"
"2021-11-10","0.034","0.032","0.039","0.019","7.99%"
"2021-11-09","0.031","0.031","0.034","0.023","46.95%"
"2021-11-08","0.021","0.024","0.032","0.016","-14.80%"
"2021-11-07","0.025","0.018","0.026","0.018","42.86%"
"2021-11-06","0.018","0.018","0.018","0.018","0.00%"
"2021-11-05","0.018","0.038","0.038","0.018","-46.15%"
"2021-11-04","0.032","0.049","0.049","0.031","-33.40%"
"2021-11-03","0.049","0.050","0.050","0.049","0.00%"
"2021-11-02","0.049","0.054","0.056","0.039","-20.39%"
"2021-11-01","0.061","0.059","0.064","0.045","4.25%"
"2021-10-31","0.059","0.058","0.059","0.058","-5.92%"
"2021-10-29","0.063","0.063","0.065","0.050","-2.04%"
"2021-10-28","0.064","0.059","0.064","0.049","-1.85%"
"2021-10-27","0.065","0.071","0.076","0.058","-10.34%"
"2021-10-26","0.072","0.069","0.081","0.061","18.27%"
"2021-10-25","0.061","0.064","0.072","0.061","-3.92%"
"2021-10-24","0.064","0.064","0.064","0.064","-3.77%"
"2021-10-22","0.066","0.069","0.069","0.059","2.00%"
"2021-10-21","0.065","0.063","0.070","0.056","4.00%"
"2021-10-20","0.063","0.064","0.069","0.055","0.00%"
"2021-10-19","0.063","0.059","0.063","0.051","0.00%"
"2021-10-18","0.063","0.052","0.078","0.041","51.33%"
"2021-10-17","0.041","0.049","0.049","0.041","-16.40%"
"2021-10-16","0.049","0.049","0.049","0.049","4.00%"
"2021-10-15","0.047","0.045","0.050","0.040","8.45%"
"2021-10-14","0.044","0.051","0.051","0.039","-16.57%"
"2021-10-13","0.052","0.053","0.061","0.045","-10.71%"
"2021-10-12","0.059","0.061","0.065","0.047","-5.92%"
"2021-10-11","0.063","0.051","0.064","0.043","47.06%"
"2021-10-10","0.043","0.043","0.043","0.043","-15.00%"
"2021-10-09","0.050","0.050","0.050","0.050","-9.09%"
"2021-10-08","0.055","0.045","0.055","0.040","37.50%"
"2021-10-07","0.040","0.044","0.044","0.026","-5.88%"
"2021-10-06","0.043","0.041","0.050","0.026","19.38%"
"2021-10-05","0.036","0.026","0.040","0.025","103.43%"
"2021-10-04","0.018","0.024","0.029","0.016","-31.64%"
"2021-10-03","0.026","0.029","0.029","0.019","36.17%"
"2021-10-02","0.019","0.029","0.029","0.019","-39.94%"
"2021-10-01","0.031","0.032","0.032","0.016","-10.57%"
"2021-09-30","0.035","0.037","0.043","0.023","-3.58%"
"2021-09-29","0.036","0.047","0.050","0.024","-23.58%"
"2021-09-28","0.047","0.028","0.049","0.024","51.76%"
"2021-09-27","0.031","0.027","0.031","0.015","13.82%"
"2021-09-26","0.027","0.016","0.027","0.016","68.71%"
"2021-09-25","0.016","0.016","0.016","0.016","-38.02%"
"2021-09-24","0.026","0.018","0.029","-0.001","426.00%"
"2021-09-23","0.005","0.009","0.018","0.005","-20.63%"
"2021-09-22","0.006","0.010","0.010","-0.002","-54.35%"
"2021-09-21","0.014","0.013","0.016","0.001","-26.60%"
"2021-09-20","0.019","0.006","0.019","0.006","198.41%"
"2021-09-19","0.006","0.006","0.006","0.006","-67.53%"
"2021-09-18","0.019","0.019","0.019","0.019","3.19%"
"2021-09-17","0.019","0.017","0.020","0.006","7.43%"
"2021-09-16","0.018","0.008","0.024","-0.002","98.86%"
"2021-09-15","0.009","0.010","0.010","-0.004","-22.12%"
"2021-09-14","0.011","0.006","0.016","-0.002","50.67%"
"2021-09-13","0.007","0.012","0.012","-0.004","-40.00%"
"2021-09-12","0.013","0.009","0.013","0.009","0.00%"
"2021-09-10","0.013","0.003","0.014","-0.007","66.67%"
"2021-09-09","0.007","0.002","0.007","-0.006","200.00%"
"2021-09-08","0.002","0.005","0.006","-0.009","-50.00%"
"2021-09-07","0.005","0.002","0.009","-0.011","31.58%"
"2021-09-06","0.004","-0.002","0.004","-0.015","-200.00%"
"2021-09-05","-0.004","-0.015","-0.003","-0.015","-32.14%"
"2021-09-04","-0.006","-0.006","-0.006","-0.006","12.00%"
"2021-09-03","-0.005","-0.015","-0.004","-0.020","-66.67%"
"2021-09-02","-0.015","-0.018","-0.014","-0.023","-7.98%"
"2021-09-01","-0.016","-0.018","-0.015","-0.031","-18.50%"
"2021-08-31","-0.020","-0.026","-0.017","-0.034","-20.00%"
"2021-08-30","-0.025","-0.026","-0.020","-0.030","-4.94%"
"2021-08-29","-0.026","-0.030","-0.021","-0.030","27.67%"
"2021-08-28","-0.021","-0.021","-0.021","-0.021","3.00%"
"2021-08-27","-0.020","-0.024","-0.020","-0.031","-15.97%"
"2021-08-26","-0.024","-0.020","-0.018","-0.036","11.74%"
"2021-08-25","-0.021","-0.026","-0.021","-0.036","-22.55%"
"2021-08-24","-0.027","-0.032","-0.026","-0.039","-12.14%"
"2021-08-23","-0.031","-0.032","-0.030","-0.045","-3.69%"
"2021-08-22","-0.032","-0.045","-0.032","-0.045","-7.14%"
"2021-08-21","-0.035","-0.035","-0.035","-0.035","3.55%"
"2021-08-20","-0.034","-0.030","-0.030","-0.045","14.97%"
"2021-08-19","-0.029","-0.028","-0.024","-0.039","6.91%"
"2021-08-18","-0.027","-0.029","-0.026","-0.039","0.00%"
"2021-08-17","-0.027","-0.026","-0.024","-0.039","10.00%"
"2021-08-16","-0.025","-0.027","-0.020","-0.039","-4.94%"
"2021-08-15","-0.026","-0.021","-0.021","-0.031","27.67%"
"2021-08-14","-0.021","-0.031","-0.021","-0.031","-34.19%"
"2021-08-13","-0.031","-0.021","-0.021","-0.032","56.50%"
"2021-08-12","-0.020","-0.019","-0.019","-0.036","22.70%"
"2021-08-11","-0.016","-0.022","-0.007","-0.031","-13.30%"
"2021-08-10","-0.019","-0.024","-0.019","-0.038","-34.72%"
"2021-08-09","-0.029","-0.038","-0.024","-0.038","-23.20%"
"2021-08-08","-0.038","-0.038","-0.038","-0.038","13.29%"
"2021-08-07","-0.033","-0.033","-0.033","-0.033","-11.73%"
"2021-08-06","-0.038","-0.034","-0.024","-0.045","10.95%"
"2021-08-05","-0.034","-0.038","-0.034","-0.051","-18.16%"
"2021-08-04","-0.041","-0.041","-0.039","-0.056","6.44%"
"2021-08-03","-0.039","-0.034","-0.034","-0.050","19.38%"
"2021-08-02","-0.032","-0.029","-0.029","-0.043","8.33%"
"2021-08-01","-0.030","-0.041","-0.030","-0.041","0.00%"
"2021-07-30","-0.030","-0.031","-0.028","-0.041","0.00%"
"2021-07-29","-0.030","-0.032","-0.029","-0.043","-7.69%"
"2021-07-28","-0.032","-0.031","-0.018","-0.044","30.00%"
"2021-07-27","-0.025","-0.031","-0.015","-0.043","11.11%"
"2021-07-26","-0.023","-0.037","-0.021","-0.049","-38.02%"
"2021-07-25","-0.036","-0.049","-0.036","-0.049","-6.44%"
"2021-07-24","-0.039","-0.039","-0.039","-0.039","55.20%"
"2021-07-23","-0.025","-0.025","-0.025","-0.025","0.00%"
"2021-07-22","-0.025","-0.025","-0.025","-0.025","-16.67%"
"2021-07-21","-0.030","-0.047","-0.021","-0.058","-22.68%"
"2021-07-20","-0.039","-0.047","-0.035","-0.059","14.79%"
"2021-07-19","-0.034","-0.042","-0.030","-0.056","-20.47%"
"2021-07-18","-0.043","-0.050","-0.034","-0.050","30.77%"
"2021-07-17","-0.032","-0.032","-0.032","-0.032","12.85%"
"2021-07-16","-0.029","-0.041","-0.019","-0.050","9.51%"
"2021-07-15","-0.026","-0.032","-0.021","-0.050","39.89%"
"2021-07-14","-0.019","-0.023","-0.018","-0.043","7.43%"
"2021-07-13","-0.018","-0.024","-0.009","-0.036","177.78%"
"2021-07-12","-0.006","-0.016","-0.006","-0.034","-61.35%"
"2021-07-11","-0.016","-0.026","-0.016","-0.026","-18.50%"
"2021-07-10","-0.020","-0.020","-0.020","-0.020","76.99%"
"2021-07-09","-0.011","-0.024","-0.007","-0.043","-30.67%"
"2021-07-08","-0.016","-0.018","-0.015","-0.050","85.23%"
"2021-07-07","-0.009","-0.016","-0.002","-0.031","0.00%"
"2021-07-06","-0.009","-0.006","0.005","-0.025","-331.58%"
"2021-07-05","0.004","-0.011","0.005","-0.024","-131.93%"
"2021-07-04","-0.012","-0.019","-0.009","-0.019","815.38%"
"2021-07-02","-0.001","-0.005","0.006","-0.020","-200.00%"
"2021-07-01","0.001","0.002","0.007","-0.019","-79.37%"
"2021-06-30","0.006","0.005","0.015","-0.010","-68.50%"
"2021-06-29","0.020","0.001","0.023","-0.010","127.27%"
"2021-06-28","0.009","0.001","0.016","-0.014","1,366.67%"
"2021-06-27","0.001","-0.014","0.001","-0.014","-94.00%"
"2021-06-25","0.010","-0.001","0.011","-0.015","-11.50%"
"2021-06-24","0.011","0.007","0.013","-0.010","-18.12%"
"2021-06-23","0.014","0.002","0.014","-0.010","84.00%"
"2021-06-22","0.007","0.005","0.015","-0.013","-33.63%"
"2021-06-21","0.011","0.004","0.015","-0.019","-969.23%"
"2021-06-20","-0.001","0.009","0.009","-0.007","-82.67%"
"2021-06-19","-0.007","0.009","0.009","-0.007","-185.23%"
"2021-06-18","0.009","-0.001","0.021","-0.009","17.33%"
"2021-06-17","0.007","0.014","0.021","-0.013","97.37%"
"2021-06-16","0.004","-0.004","0.009","-0.015","-49.33%"
"2021-06-15","0.007","-0.001","0.007","-0.021","200.00%"
"2021-06-14","0.002","-0.005","0.002","-0.026","-128.41%"
"2021-06-13","-0.009","-0.011","-0.009","-0.026","-22.12%"
"2021-06-12","-0.011","-0.011","-0.011","-0.011","126.00%"
"2021-06-11","-0.005","-0.005","-0.001","-0.029","-179.37%"
"2021-06-10","0.006","0.006","0.018","-0.014","-68.50%"
"2021-06-09","0.020","0.021","0.024","-0.002","-23.95%"
"2021-06-08","0.026","0.027","0.031","0.007","110.40%"
"2021-06-07","0.013","0.027","0.035","0.013","-45.89%"
"2021-06-06","0.023","0.032","0.032","0.013","-17.79%"
"2021-06-05","0.028","0.032","0.032","0.028","-6.33%"
"2021-06-04","0.030","0.035","0.043","0.013","-27.36%"
"2021-06-03","0.041","0.030","0.041","0.018","13.77%"
"2021-06-02","0.036","0.032","0.041","0.018","-12.11%"
"2021-06-01","0.041","0.032","0.041","0.019","27.08%"
"2021-05-31","0.032","0.030","0.035","0.019","30.00%"
"2021-05-30","0.025","0.032","0.032","0.019","-11.03%"
"2021-05-29","0.028","0.032","0.032","0.028","-13.54%"
"2021-05-28","0.032","0.029","0.040","0.013","-7.14%"
"2021-05-27","0.035","0.026","0.035","0.010","21.53%"
"2021-05-26","0.029","0.027","0.034","0.013","0.00%"
"2021-05-25","0.029","0.030","0.035","0.014","-14.79%"
"2021-05-24","0.034","0.031","0.036","0.016","35.20%"
"2021-05-23","0.025","0.034","0.034","0.019","-26.04%"
"2021-05-22","0.034","0.034","0.034","0.034","-6.89%"
"2021-05-21","0.036","0.032","0.039","0.018","0.00%"
"2021-05-20","0.036","0.034","0.040","0.018","3.71%"
"2021-05-19","0.035","0.031","0.043","0.016","-6.67%"
"2021-05-18","0.038","0.031","0.039","0.015","3.31%"
"2021-05-17","0.036","0.024","0.038","0.013","48.77%"
"2021-05-16","0.024","0.031","0.031","0.016","-7.22%"
"2021-05-15","0.026","0.031","0.031","0.026","-24.86%"
"2021-05-14","0.035","0.032","0.038","0.015","-9.79%"
"2021-05-13","0.039","0.035","0.045","0.021","-3.00%"
"2021-05-12","0.040","0.024","0.040","0.011","6.67%"
"2021-05-11","0.038","0.029","0.038","0.009","25.00%"
"2021-05-10","0.030","0.026","0.036","0.011","40.85%"
"2021-05-09","0.021","0.026","0.026","0.011","-19.01%"
"2021-05-08","0.026","0.026","0.026","0.026","-12.33%"
"2021-05-07","0.030","0.030","0.035","0.010","0.00%"
"2021-05-06","0.030","0.025","0.038","0.013","-25.00%"
"2021-05-05","0.040","0.040","0.040","0.040","0.00%"
"2021-05-04","0.040","0.040","0.040","0.040","0.00%"
"2021-05-03","0.040","0.020","0.040","0.020","100.00%"
"2021-05-02","0.020","0.036","0.036","0.020","-23.95%"
"2021-05-01","0.026","0.036","0.036","0.026","-32.22%"
"2021-04-30","0.039","0.032","0.044","0.018","23.96%"
"2021-04-29","0.031","0.031","0.031","0.031","-10.57%"
"2021-04-28","0.035","0.030","0.043","0.011","7.69%"
"2021-04-27","0.032","0.025","0.034","0.010","8.33%"
"2021-04-26","0.030","0.019","0.032","0.004","689.47%"
"2021-04-25","0.004","0.019","0.019","0.004","-79.79%"
"2021-04-24","0.019","0.019","0.019","0.019","-21.01%"
"2021-04-23","0.024","0.015","0.027","0.004","-4.80%"
"2021-04-22","0.025","0.019","0.025","0.002","-16.67%"
"2021-04-21","0.030","0.021","0.031","0.004","4.17%"
"2021-04-20","0.029","0.026","0.039","0.011","-7.99%"
"2021-04-19","0.031","0.031","0.035","0.011","13.82%"
"2021-04-18","0.027","0.032","0.032","0.018","57.14%"
"2021-04-17","0.018","0.032","0.032","0.018","-50.00%"
"2021-04-16","0.035","0.027","0.039","0.018","16.67%"
"2021-04-15","0.030","0.031","0.040","0.016","-25.00%"
"2021-04-14","0.040","0.030","0.041","0.015","10.19%"
"2021-04-13","0.036","0.040","0.046","0.024","-23.58%"
"2021-04-12","0.047","0.038","0.049","0.023","46.15%"
"2021-04-11","0.032","0.038","0.038","0.023","-13.33%"
"2021-04-10","0.038","0.038","0.038","0.038","-6.25%"
"2021-04-09","0.040","0.027","0.046","0.016","23.08%"
"2021-04-08","0.032","0.032","0.041","0.015","-7.14%"
"2021-04-07","0.035","0.035","0.040","0.015","-15.25%"
"2021-04-06","0.041","0.047","0.050","0.023","-13.05%"
"2021-04-05","0.047","0.052","0.055","0.038","2.59%"
"2021-04-04","0.046","0.050","0.050","0.038","0.00%"
"2021-04-03","0.046","0.050","0.050","0.046","-7.40%"
"2021-04-02","0.050","0.050","0.060","0.040","-4.76%"
"2021-04-01","0.052","0.047","0.068","0.038","2.34%"
"2021-03-31","0.051","0.027","0.061","0.019","51.78%"
"2021-03-30","0.034","0.023","0.043","0.007","28.52%"
"2021-03-29","0.026","0.025","0.030","0.001","35.57%"
"2021-03-28","0.019","0.023","0.023","0.009","-13.78%"
"2021-03-27","0.023","0.023","0.023","0.023","-10.00%"
"2021-03-26","0.025","0.021","0.031","0.004","5.04%"
"2021-03-25","0.024","0.018","0.027","0.002","11.74%"
"2021-03-24","0.021","0.013","0.027","-0.001","-5.33%"
"2021-03-23","0.023","0.026","0.031","0.009","-28.12%"
"2021-03-22","0.031","0.034","0.039","0.010","8.68%"
"2021-03-21","0.029","0.043","0.043","0.027","-32.24%"
"2021-03-20","0.043","0.043","0.043","0.043","0.00%"
"2021-03-19","0.043","0.030","0.069","0.023","-10.53%"
"2021-03-18","0.047","0.030","0.052","0.018","22.42%"
"2021-03-17","0.039","0.029","0.041","0.015","6.89%"
"2021-03-16","0.036","0.031","0.043","0.015","-6.44%"
"2021-03-15","0.039","0.045","0.046","0.021","-13.78%"
"2021-03-14","0.045","0.050","0.050","0.038","-10.00%"
"2021-03-13","0.050","0.050","0.050","0.050","-21.63%"
"2021-03-12","0.064","0.034","0.068","0.024","45.66%"
"2021-03-11","0.044","0.059","0.060","0.015","-23.83%"
"2021-03-10","0.058","0.050","0.074","0.036","-8.00%"
"2021-03-09","0.063","0.064","0.065","0.036","-9.16%"
"2021-03-08","0.069","0.035","0.072","0.018","100.00%"
"2021-03-07","0.034","0.025","0.034","0.018","72.00%"
"2021-03-06","0.020","0.025","0.025","0.020","-56.80%"
"2021-03-05","0.046","0.068","0.068","0.002","-19.48%"
"2021-03-04","0.058","0.058","0.066","0.035","-4.17%"
"2021-03-03","0.060","0.035","0.066","0.027","36.99%"
"2021-03-02","0.044","0.058","0.058","0.025","-28.55%"
"2021-03-01","0.061","0.064","0.076","0.040","-4.81%"
"2021-02-28","0.064","0.074","0.074","0.060","-6.40%"
"2021-02-27","0.069","0.074","0.074","0.069","-17.90%"
"2021-02-26","0.084","0.089","0.095","0.056","1.58%"
"2021-02-25","0.083","0.055","0.086","0.036","60.82%"
"2021-02-24","0.051","0.051","0.064","0.032","-8.88%"
"2021-02-23","0.056","0.056","0.056","0.043","9.75%"
"2021-02-22","0.051","0.050","0.060","0.034","17.12%"
"2021-02-21","0.044","0.043","0.045","0.034","29.59%"
"2021-02-20","0.034","0.043","0.043","0.034","-39.96%"
"2021-02-19","0.056","0.038","0.056","0.025","60.86%"
"2021-02-18","0.035","0.031","0.044","0.016","-6.67%"
"2021-02-17","0.038","0.022","0.044","0.009","36.36%"
"2021-02-16","0.027","0.013","0.029","-0.001","68.71%"
"2021-02-15","0.016","0.004","0.021","-0.016","-2,816.67%"
"2021-02-14","-0.001","-0.002","-0.001","-0.016","-96.32%"
"2021-02-13","-0.016","-0.002","-0.002","-0.016","-285.23%"
"2021-02-12","0.009","-0.001","0.011","-0.020","-776.92%"
"2021-02-11","-0.001","-0.001","0.001","-0.007","-152.00%"
"2021-02-10","0.002","-0.001","0.013","-0.019","-116.67%"
"2021-02-09","-0.015","-0.001","0.009","-0.016","-700.00%"
"2021-02-08","0.002","-0.005","0.010","-0.023","-122.12%"
"2021-02-07","-0.011","-0.010","-0.010","-0.023","13.00%"
"2021-02-06","-0.010","-0.010","-0.010","-0.010","300.00%"
"2021-02-05","-0.002","-0.015","0.004","-0.025","-50.00%"
"2021-02-04","-0.005","-0.015","-0.004","-0.027","-20.63%"
"2021-02-03","-0.006","-0.016","-0.005","-0.031","-44.25%"
"2021-02-02","-0.011","-0.021","-0.010","-0.034","-35.43%"
"2021-02-01","-0.018","-0.020","-0.014","-0.038","-33.46%"
"2021-01-31","-0.026","-0.021","-0.021","-0.036","23.47%"
"2021-01-30","-0.021","-0.021","-0.021","-0.021","21.71%"
"2021-01-29","-0.018","-0.027","-0.014","-0.046","-26.47%"
"2021-01-28","-0.024","-0.031","-0.024","-0.050","-48.60%"
"2021-01-27","-0.046","-0.035","-0.021","-0.046","47.92%"
"2021-01-26","-0.031","-0.032","-0.027","-0.051","-3.69%"
"2021-01-25","-0.032","-0.038","-0.025","-0.052","-14.70%"
"2021-01-24","-0.038","-0.029","-0.029","-0.046","32.29%"
"2021-01-23","-0.029","-0.029","-0.029","-0.029","0.00%"
"2021-01-22","-0.029","-0.030","-0.024","-0.047","-34.25%"
"2021-01-21","-0.044","-0.035","-0.025","-0.050","66.54%"
"2021-01-20","-0.026","-0.024","-0.024","-0.047","39.89%"
"2021-01-19","-0.019","-0.018","-0.016","-0.039","15.34%"
"2021-01-18","-0.016","-0.013","-0.011","-0.044","-6.86%"
"2021-01-17","-0.018","-0.029","-0.016","-0.044","-39.24%"
"2021-01-16","-0.029","-0.029","-0.029","-0.029","15.20%"
"2021-01-15","-0.025","-0.030","-0.021","-0.045","-13.19%"
"2021-01-14","-0.029","-0.035","-0.023","-0.047","0.00%"
"2021-01-13","-0.029","-0.038","-0.025","-0.049","53.19%"
"2021-01-12","-0.019","-0.021","-0.018","-0.045","-51.55%"
"2021-01-11","-0.039","-0.039","-0.026","-0.039","0.00%"
"2021-01-10","-0.039","-0.027","-0.027","-0.039","0.00%"
"2021-01-09","-0.039","-0.027","-0.027","-0.039","82.16%"
"2021-01-08","-0.021","-0.021","-0.019","-0.044","13.30%"
"2021-01-07","-0.019","-0.029","-0.016","-0.045","-28.52%"
"2021-01-06","-0.026","-0.040","-0.023","-0.047","-22.19%"
"2021-01-05","-0.034","-0.035","-0.034","-0.054","7.99%"
"2021-01-04","-0.031","-0.031","-0.023","-0.047","-12.08%"
"2021-01-03","-0.036","-0.027","-0.027","-0.043","29.45%"
"2021-01-02","-0.027","-0.027","-0.027","-0.027","22.22%"
"2021-01-01","-0.023","-0.023","-0.023","-0.023","0.00%"
"2020-12-31","-0.023","-0.023","-0.023","-0.023","-14.45%"
"2020-12-30","-0.026","-0.036","-0.021","-0.043","0.00%"
"2020-12-29","-0.026","-0.035","-0.023","-0.051","-12.33%"
"2020-12-28","-0.030","-0.032","-0.026","-0.052","-20.00%"
"2020-12-27","-0.038","-0.032","-0.032","-0.052","15.38%"
"2020-12-26","-0.032","-0.032","-0.032","-0.032","23.57%"
"2020-12-25","-0.026","-0.038","-0.025","-0.044","-24.86%"
"2020-12-24","-0.035","-0.038","-0.024","-0.054","11.82%"
"2020-12-23","-0.031","-0.046","-0.029","-0.059","-24.21%"
"2020-12-22","-0.041","-0.045","-0.038","-0.061","-32.63%"
"2020-12-21","-0.061","-0.040","-0.036","-0.063","36.22%"
"2020-12-20","-0.045","-0.041","-0.041","-0.056","8.96%"
"2020-12-19","-0.041","-0.041","-0.041","-0.041","18.00%"
"2020-12-18","-0.035","-0.043","-0.034","-0.059","3.55%"
"2020-12-17","-0.034","-0.046","-0.034","-0.056","-12.89%"
"2020-12-16","-0.039","-0.043","-0.035","-0.059","3.47%"
"2020-12-15","-0.038","-0.043","-0.036","-0.059","3.31%"
"2020-12-14","-0.036","-0.041","-0.031","-0.061","-17.12%"
"2020-12-13","-0.044","-0.041","-0.041","-0.061","-1.35%"
"2020-12-12","-0.044","-0.041","-0.041","-0.044","11.00%"
"2020-12-11","-0.040","-0.038","-0.032","-0.061","27.80%"
"2020-12-10","-0.031","-0.035","-0.027","-0.052","13.82%"
"2020-12-09","-0.027","-0.036","-0.025","-0.051","-8.33%"
"2020-12-08","-0.030","-0.032","-0.029","-0.052","14.07%"
"2020-12-07","-0.026","-0.025","-0.014","-0.047","-12.33%"
"2020-12-06","-0.030","-0.029","-0.029","-0.039","4.17%"
"2020-12-05","-0.029","-0.029","-0.029","-0.029","108.70%"
"2020-12-04","-0.014","-0.030","-0.014","-0.045","-38.67%"
"2020-12-03","-0.023","-0.034","-0.018","-0.043","-47.06%"
"2020-12-02","-0.043","-0.030","-0.021","-0.045","142.86%"
"2020-12-01","-0.018","-0.034","-0.018","-0.051","-26.47%"
"2020-11-30","-0.024","-0.035","-0.021","-0.050","-37.53%"
"2020-11-29","-0.038","-0.035","-0.035","-0.050","-1.80%"
"2020-11-28","-0.039","-0.035","-0.035","-0.039","23.96%"
"2020-11-27","-0.031","-0.043","-0.027","-0.051","-7.40%"
"2020-11-26","-0.034","-0.038","-0.027","-0.054","12.67%"
"2020-11-25","-0.030","-0.035","-0.029","-0.056","0.00%"
"2020-11-24","-0.030","-0.043","-0.029","-0.055","-27.36%"
"2020-11-23","-0.041","-0.063","-0.041","-0.063","-33.92%"
"2020-11-22","-0.063","-0.063","-0.063","-0.063","29.94%"
"2020-11-21","-0.048","-0.045","-0.045","-0.048","23.97%"
"2020-11-20","-0.039","-0.045","-0.035","-0.063","-16.20%"
"2020-11-19","-0.046","-0.039","-0.032","-0.058","42.46%"
"2020-11-18","-0.032","-0.035","-0.031","-0.056","-35.00%"
"2020-11-17","-0.050","-0.031","-0.026","-0.051","81.82%"
"2020-11-16","-0.027","-0.034","-0.016","-0.050","-26.67%"
"2020-11-15","-0.038","-0.035","-0.035","-0.038","7.14%"
"2020-11-14","-0.035","-0.035","-0.035","-0.035","16.67%"
"2020-11-13","-0.030","-0.035","-0.025","-0.052","9.09%"
"2020-11-12","-0.027","-0.029","-0.021","-0.047","57.14%"
"2020-11-11","-0.018","-0.024","-0.014","-0.041","26.81%"
"2020-11-10","-0.014","-0.026","-0.004","-0.039","38.00%"
"2020-11-09","-0.010","-0.036","-0.007","-0.058","-75.00%"
"2020-11-08","-0.040","-0.043","-0.040","-0.046","-13.61%"
"2020-11-07","-0.046","-0.043","-0.043","-0.046","94.54%"
"2020-11-06","-0.024","-0.045","-0.021","-0.061","-26.77%"
"2020-11-05","-0.032","-0.043","-0.029","-0.064","-10.47%"
"2020-11-04","-0.036","-0.015","-0.010","-0.051","190.40%"
"2020-11-03","-0.013","-0.013","-0.013","-0.023","-9.42%"
"2020-11-02","-0.014","-0.023","-0.011","-0.038","-47.53%"
"2020-11-01","-0.026","-0.025","-0.025","-0.035","5.20%"
"2020-10-31","-0.025","-0.025","-0.025","-0.025","100.00%"
"2020-10-30","-0.013","-0.029","-0.010","-0.039","-52.47%"
"2020-10-29","-0.026","-0.036","-0.023","-0.051","-15.97%"
"2020-10-28","-0.031","-0.038","-0.029","-0.054","-7.40%"
"2020-10-27","-0.034","-0.033","-0.021","-0.056","50.22%"
"2020-10-26","-0.023","-0.027","-0.018","-0.045","-25.00%"
"2020-10-25","-0.030","-0.020","-0.020","-0.036","50.00%"
"2020-10-24","-0.020","-0.020","-0.020","-0.020","33.33%"
"2020-10-23","-0.015","-0.026","-0.010","-0.038","-14.29%"
"2020-10-22","-0.018","-0.030","-0.018","-0.046","-33.46%"
"2020-10-21","-0.026","-0.040","-0.023","-0.054","-27.55%"
"2020-10-20","-0.036","-0.038","-0.032","-0.059","7.40%"
"2020-10-19","-0.034","-0.039","-0.030","-0.054","-22.83%"
"2020-10-18","-0.044","-0.043","-0.043","-0.058","3.06%"
"2020-10-17","-0.043","-0.043","-0.043","-0.043","25.74%"
"2020-10-16","-0.034","-0.038","-0.031","-0.061","-3.43%"
"2020-10-15","-0.035","-0.029","-0.026","-0.061","55.56%"
"2020-10-14","-0.023","-0.031","-0.018","-0.047","-18.18%"
"2020-10-13","-0.027","-0.027","-0.019","-0.046","29.11%"
"2020-10-12","-0.021","-0.030","-0.019","-0.045","-39.14%"
"2020-10-11","-0.035","-0.027","-0.027","-0.044","27.27%"
"2020-10-10","-0.027","-0.027","-0.027","-0.027","46.28%"
"2020-10-09","-0.019","-0.027","-0.016","-0.046","-24.80%"
"2020-10-08","-0.025","-0.023","-0.020","-0.044","66.67%"
"2020-10-07","-0.015","-0.025","-0.015","-0.040","0.00%"
"2020-10-06","-0.015","-0.030","-0.013","-0.040","-67.60%"
"2020-10-05","-0.046","-0.040","-0.026","-0.056","0.00%"
"2020-10-04","-0.046","-0.044","-0.044","-0.056","-7.40%"
"2020-10-03","-0.050","-0.044","-0.044","-0.050","-18.43%"
"2020-10-02","-0.061","-0.040","-0.036","-0.061","81.36%"
"2020-10-01","-0.034","-0.044","-0.027","-0.055","-24.89%"
"2020-09-30","-0.045","-0.050","-0.039","-0.064","-2.81%"
"2020-09-29","-0.046","-0.046","-0.041","-0.068","12.11%"
"2020-09-28","-0.041","-0.055","-0.036","-0.070","-28.17%"
"2020-09-27","-0.058","-0.052","-0.052","-0.070","9.52%"
"2020-09-26","-0.052","-0.052","-0.052","-0.052","13.39%"
"2020-09-25","-0.046","-0.058","-0.045","-0.071","-11.81%"
"2020-09-24","-0.052","-0.055","-0.047","-0.074","5.00%"
"2020-09-23","-0.050","-0.045","-0.044","-0.071","42.86%"
"2020-09-22","-0.035","-0.049","-0.049","-0.049","0.00%"
"2020-09-21","-0.035","-0.059","-0.035","-0.059","-40.48%"
"2020-09-20","-0.059","-0.043","-0.043","-0.059","0.00%"
"2020-09-19","-0.059","-0.043","-0.043","-0.059","51.55%"
"2020-09-18","-0.039","-0.046","-0.038","-0.061","3.47%"
"2020-09-17","-0.038","-0.040","-0.036","-0.059","-3.35%"
"2020-09-16","-0.039","-0.047","-0.035","-0.064","-16.20%"
"2020-09-15","-0.046","-0.043","-0.036","-0.063","15.75%"
"2020-09-14","-0.040","-0.040","-0.034","-0.061","-28.95%"
"2020-09-13","-0.056","-0.039","-0.039","-0.056","45.10%"
"2020-09-12","-0.039","-0.039","-0.039","-0.039","0.00%"
"2020-09-11","-0.039","-0.035","-0.026","-0.055","72.44%"
"2020-09-10","-0.023","-0.035","-0.019","-0.051","-10.00%"
"2020-09-09","-0.025","-0.038","-0.024","-0.052","-54.55%"
"2020-09-08","-0.055","-0.026","-0.021","-0.055","192.55%"
"2020-09-07","-0.019","-0.015","-0.013","-0.040","-11.74%"
"2020-09-06","-0.021","-0.024","-0.021","-0.034","-36.98%"
"2020-09-05","-0.034","-0.024","-0.024","-0.034","93.14%"
"2020-09-04","-0.018","-0.027","-0.018","-0.041","-17.84%"
"2020-09-03","-0.021","-0.021","-0.016","-0.044","21.71%"
"2020-09-02","-0.018","-0.018","-0.009","-0.034","26.81%"
"2020-09-01","-0.014","-0.011","-0.001","-0.029","176.00%"
"2020-08-31","-0.005","-0.010","0.001","-0.029","-63.77%"
"2020-08-30","-0.014","-0.005","-0.005","-0.014","-52.08%"
"2020-08-29","-0.029","-0.005","-0.005","-0.029","476.00%"
"2020-08-28","-0.005","-0.004","0.007","-0.029","-484.62%"
"2020-08-27","0.001","-0.018","0.002","-0.039","-134.21%"
"2020-08-26","-0.004","-0.024","-0.001","-0.029","-66.37%"
"2020-08-25","-0.011","-0.024","-0.007","-0.040","-52.52%"
"2020-08-24","-0.024","-0.027","-0.021","-0.045","-13.45%"
"2020-08-23","-0.027","-0.027","-0.027","-0.027","-35.29%"
"2020-08-22","-0.043","-0.027","-0.027","-0.043","126.06%"
"2020-08-21","-0.019","-0.032","-0.016","-0.047","-11.74%"
"2020-08-20","-0.021","-0.030","-0.015","-0.046","-19.01%"
"2020-08-19","-0.026","-0.030","-0.024","-0.047","5.20%"
"2020-08-18","-0.025","-0.021","-0.019","-0.031","53.37%"
"2020-08-17","-0.016","-0.019","-0.006","-0.036","-18.50%"
"2020-08-16","-0.020","-0.015","-0.015","-0.020","-42.86%"
"2020-08-15","-0.035","-0.015","-0.015","-0.035","114.72%"
"2020-08-14","-0.016","-0.015","-0.002","-0.039","117.33%"
"2020-08-13","-0.007","-0.025","-0.005","-0.047","-400.00%"
"2020-08-12","0.002","-0.028","0.004","-0.044","-118.12%"
"2020-08-11","-0.014","-0.044","-0.009","-0.055","-72.06%"
"2020-08-10","-0.049","-0.068","-0.039","-0.068","-10.18%"
"2020-08-09","-0.055","-0.055","-0.055","-0.055","-18.52%"
"2020-08-08","-0.068","-0.055","-0.055","-0.068","156.65%"
"2020-08-07","-0.026","-0.049","-0.026","-0.072","-39.95%"
"2020-08-06","-0.044","-0.055","-0.039","-0.074","6.05%"
"2020-08-05","-0.041","-0.068","-0.040","-0.078","-24.91%"
"2020-08-04","-0.055","-0.052","-0.043","-0.078","46.67%"
"2020-08-03","-0.038","-0.049","-0.032","-0.071","-25.00%"
"2020-08-02","-0.050","-0.063","-0.050","-0.063","-29.78%"
"2020-08-01","-0.071","-0.063","-0.063","-0.071","83.51%"
"2020-07-31","-0.039","-0.063","-0.038","-0.080","-8.71%"
"2020-07-30","-0.043","-0.055","-0.039","-0.075","0.00%"
"2020-07-29","-0.043","-0.058","-0.039","-0.072","9.54%"
"2020-07-28","-0.039","-0.054","-0.035","-0.071","-3.00%"
"2020-07-27","-0.040","-0.055","-0.035","-0.071","-12.28%"
"2020-07-26","-0.046","-0.055","-0.046","-0.055","-35.96%"
"2020-07-25","-0.071","-0.055","-0.055","-0.071","49.89%"
"2020-07-24","-0.047","-0.038","-0.038","-0.047","26.67%"
"2020-07-23","-0.038","-0.038","-0.038","-0.038","-21.05%"
"2020-07-22","-0.047","-0.058","-0.036","-0.071","5.56%"
"2020-07-21","-0.045","-0.050","-0.039","-0.074","33.14%"
"2020-07-20","-0.034","-0.052","-0.031","-0.070","-25.88%"
"2020-07-19","-0.046","-0.058","-0.044","-0.058","-34.86%"
"2020-07-18","-0.070","-0.058","-0.052","-0.070","100.00%"
"2020-07-17","-0.035","-0.051","-0.035","-0.074","-9.79%"
"2020-07-16","-0.039","-0.045","-0.034","-0.072","19.38%"
"2020-07-15","-0.032","-0.029","-0.023","-0.061","18.18%"
"2020-07-14","-0.027","-0.030","-0.021","-0.059","120.00%"
"2020-07-13","-0.013","-0.044","-0.011","-0.052","-81.15%"
"2020-07-12","-0.066","-0.055","-0.055","-0.066","0.00%"
"2020-07-11","-0.066","-0.055","-0.055","-0.066","89.43%"
"2020-07-10","-0.035","-0.052","-0.035","-0.070","3.55%"
"2020-07-09","-0.034","-0.034","-0.024","-0.058","58.69%"
"2020-07-08","-0.021","-0.027","-0.021","-0.059","70.40%"
"2020-07-07","-0.013","-0.025","-0.011","-0.045","150.00%"
"2020-07-06","-0.005","-0.024","-0.002","-0.041","-73.40%"
"2020-07-05","-0.019","-0.029","-0.019","-0.029","-54.48%"
"2020-07-04","-0.041","-0.029","-0.029","-0.041","313.00%"
"2020-07-03","-0.010","-0.013","-0.010","-0.044","13.64%"
"2020-07-02","-0.009","-0.007","0.007","-0.034","-276.00%"
"2020-07-01","0.005","-0.015","0.007","-0.030","-300.00%"
"2020-06-30","-0.002","-0.021","0.004","-0.041","-83.33%"
"2020-06-29","-0.015","-0.039","-0.013","-0.052","-52.98%"
"2020-06-28","-0.032","-0.035","-0.030","-0.035","-37.82%"
"2020-06-27","-0.051","-0.035","-0.035","-0.051","140.85%"
"2020-06-26","-0.021","-0.032","-0.016","-0.050","13.30%"
"2020-06-25","-0.019","-0.035","-0.013","-0.049","7.43%"
"2020-06-24","-0.018","-0.026","-0.010","-0.046","16.67%"
"2020-06-23","-0.015","-0.031","-0.011","-0.050","-20.21%"
"2020-06-22","-0.019","-0.032","-0.011","-0.049","15.34%"
"2020-06-19","-0.016","-0.016","-0.016","-0.016","18.12%"
"2020-06-18","-0.014","-0.014","-0.014","-0.014","0.00%"
"2020-06-17","-0.014","-0.014","-0.014","-0.014","-42.02%"
"2020-06-16","-0.024","-0.024","-0.024","-0.024","-32.00%"
"2020-06-15","-0.035","-0.035","-0.035","-0.035","16.67%"
"2020-06-12","-0.030","-0.030","-0.030","-0.030","-20.00%"
"2020-06-11","-0.038","-0.038","-0.038","-0.038","200.00%"
"2020-06-10","-0.013","-0.013","-0.013","-0.013","-28.57%"
"2020-06-09","-0.018","-0.018","-0.018","-0.018","-275.00%"
"2020-06-08","0.010","0.010","0.010","0.010","-73.33%"
"2020-06-05","0.038","0.038","0.038","0.038","2,784.62%"
"2020-06-04","0.001","0.001","0.001","0.001","-111.50%"
"2020-06-03","-0.011","-0.011","-0.011","-0.011","-57.03%"
"2020-06-02","-0.026","-0.026","-0.026","-0.026","90.58%"
"2020-06-01","-0.014","-0.014","-0.014","-0.014","-55.91%"
"2020-05-29","-0.031","-0.031","-0.031","-0.031","-10.57%"
"2020-05-28","-0.035","-0.035","-0.035","-0.035","-12.50%"
"2020-05-27","-0.040","-0.040","-0.040","-0.040","10.19%"
"2020-05-26","-0.036","-0.036","-0.036","-0.036","15.97%"
"2020-05-25","-0.031","-0.031","-0.031","-0.031","-30.44%"
"2020-05-22","-0.045","-0.045","-0.045","-0.045","8.96%"
"2020-05-21","-0.041","-0.041","-0.041","-0.041","6.44%"
"2020-05-20","-0.039","-0.039","-0.039","-0.039","14.79%"
"2020-05-19","-0.034","-0.034","-0.034","-0.034","-6.89%"
"2020-05-18","-0.036","-0.036","-0.036","-0.036","-17.12%"
"2020-05-15","-0.044","-0.044","-0.044","-0.044","0.00%"
"2020-05-14","-0.044","-0.044","-0.044","-0.044","6.05%"
"2020-05-13","-0.041","-0.041","-0.041","-0.041","18.00%"
"2020-05-12","-0.035","-0.035","-0.035","-0.035","40.00%"
"2020-05-11","-0.025","-0.025","-0.025","-0.025","-33.33%"
"2020-05-08","-0.038","-0.038","-0.038","-0.038","-21.05%"
"2020-05-07","-0.047","-0.047","-0.047","-0.047","-45.71%"
"2020-05-06","-0.087","-0.087","-0.087","-0.087","0.00%"
"2020-05-05","-0.087","-0.087","-0.087","-0.087","0.00%"
"2020-05-04","-0.087","-0.087","-0.087","-0.087","105.88%"
"2020-05-01","-0.043","-0.043","-0.043","-0.043","-35.90%"
"2020-04-30","-0.066","-0.066","-0.066","-0.066","10.50%"
"2020-04-29","-0.060","-0.060","-0.060","-0.060","0.00%"
"2020-04-28","-0.060","-0.060","-0.060","-0.060","2.04%"
"2020-04-27","-0.059","-0.059","-0.059","-0.059","4.44%"
"2020-04-24","-0.056","-0.056","-0.056","-0.056","9.75%"
"2020-04-23","-0.051","-0.051","-0.051","-0.051","41.32%"
"2020-04-22","-0.036","-0.036","-0.036","-0.036","-12.11%"
"2020-04-21","-0.041","-0.041","-0.041","-0.041","119.68%"
"2020-04-20","-0.019","-0.019","-0.019","-0.019","-37.33%"
"2020-04-17","-0.030","-0.030","-0.030","-0.030","-14.29%"
"2020-04-16","-0.035","-0.035","-0.035","-0.035","-15.25%"
"2020-04-15","-0.041","-0.041","-0.041","-0.041","57.03%"
"2020-04-14","-0.026","-0.026","-0.026","-0.026","50.29%"
"2020-04-13","-0.018","-0.018","-0.018","-0.018","-36.36%"
"2020-04-10","-0.027","-0.027","-0.027","-0.027","175.00%"
"2020-04-09","-0.010","-0.010","-0.010","-0.010","300.00%"
"2020-04-08","-0.002","-0.002","-0.002","-0.002","0.00%"
"2020-04-07","-0.002","-0.002","-0.002","-0.002","-89.50%"
"2020-04-06","-0.024","-0.024","-0.024","-0.024","-45.66%"
"2020-04-03","-0.044","-0.044","-0.044","-0.044","-7.79%"
"2020-04-02","-0.047","-0.047","-0.047","-0.047","11.76%"
"2020-04-01","-0.043","-0.043","-0.043","-0.043","-21.00%"
"2020-03-31","-0.054","-0.054","-0.054","-0.054","65.54%"
"2020-03-30","-0.032","-0.032","-0.032","-0.032","-13.33%"
"2020-03-27","-0.038","-0.038","-0.038","-0.038","-19.01%"
"2020-03-26","-0.046","-0.046","-0.046","-0.046","208.67%"
"2020-03-25","-0.015","-0.015","-0.015","-0.015","-36.97%"
"2020-03-24","-0.024","-0.024","-0.024","-0.024","-29.59%"
"2020-03-23","-0.034","-0.034","-0.034","-0.034","-212.67%"
"2020-03-20","0.030","0.030","0.030","0.030","-11.24%"
"2020-03-19","0.034","0.034","0.034","0.034","22.91%"
"2020-03-18","0.027","0.027","0.027","0.027","-168.75%"
"2020-03-17","-0.040","-0.040","-0.040","-0.040","-27.27%"
"2020-03-16","-0.055","-0.055","-0.055","-0.055","-44.33%"
"2020-03-13","-0.099","-0.099","-0.099","-0.099","-24.00%"
"2020-03-12","-0.130","-0.130","-0.130","-0.130","-21.21%"
"2020-03-11","-0.165","-0.165","-0.165","-0.165","-2.25%"
"2020-03-10","-0.169","-0.169","-0.169","-0.169","-33.15%"
"2020-03-09","-0.252","-0.252","-0.252","-0.252","19.50%"
"2020-03-06","-0.211","-0.211","-0.211","-0.211","33.06%"
"2020-03-05","-0.159","-0.159","-0.159","-0.159","-1.55%"
"2020-03-04","-0.161","-0.161","-0.161","-0.161","21.74%"
"2020-03-03","-0.132","-0.132","-0.132","-0.132","-9.43%"
"2020-03-02","-0.146","-0.146","-0.146","-0.146","-12.66%"
"2020-02-28","-0.168","-0.168","-0.168","-0.168","30.05%"
"2020-02-27","-0.129","-0.129","-0.129","-0.129","28.80%"
"2020-02-26","-0.100","-0.100","-0.100","-0.100","-16.67%"
"2020-02-25","-0.120","-0.120","-0.120","-0.120","62.60%"
"2020-02-24","-0.074","-0.074","-0.074","-0.074","9.33%"
"2020-02-21","-0.068","-0.068","-0.068","-0.068","1.81%"
"2020-02-20","-0.066","-0.066","-0.066","-0.066","60.53%"
"2020-02-19","-0.041","-0.041","-0.041","-0.041","-28.17%"
"2020-02-18","-0.058","-0.058","-0.058","-0.058","169.95%"
"2020-02-17","-0.021","-0.021","-0.021","-0.021","30.67%"
"2020-02-14","-0.016","-0.016","-0.016","-0.016","18.12%"
"2020-02-13","-0.014","-0.014","-0.014","-0.014","-26.60%"
"2020-02-12","-0.019","-0.019","-0.019","-0.019","-54.48%"
"2020-02-11","-0.041","-0.041","-0.041","-0.041","3.25%"
"2020-02-10","-0.040","-0.040","-0.040","-0.040","52.09%"
"2020-02-07","-0.026","-0.026","-0.026","-0.026","198.86%"
"2020-02-06","-0.009","-0.009","-0.009","-0.009","39.68%"
"2020-02-05","-0.006","-0.006","-0.006","-0.006","-77.09%"
"2020-02-04","-0.027","-0.027","-0.027","-0.027","-47.62%"
"2020-02-03","-0.052","-0.052","-0.052","-0.052","5.00%"
"2020-01-31","-0.050","-0.050","-0.050","-0.050","47.93%"
"2020-01-30","-0.034","-0.034","-0.034","-0.034","125.33%"
"2020-01-29","-0.015","-0.015","-0.015","-0.015","100.00%"
"2020-01-28","-0.007","-0.007","-0.007","-0.007","-60.11%"
"2020-01-27","-0.019","-0.019","-0.019","-0.019","-1,546.15%"
"2020-01-24","0.001","0.001","0.001","0.001","-200.00%"
"2020-01-23","-0.001","-0.001","-0.001","-0.001","-104.33%"
"2020-01-22","0.030","0.030","0.030","0.030","0.00%"
"2020-01-21","0.030","0.030","0.030","0.030","-27.36%"
"2020-01-20","0.041","0.041","0.041","0.041","13.77%"
"2020-01-17","0.036","0.036","0.036","0.036","-27.40%"
"2020-01-16","0.050","0.050","0.050","0.050","25.00%"
"2020-01-15","0.040","0.040","0.040","0.040","-8.68%"
"2020-01-14","0.044","0.044","0.044","0.044","20.66%"
"2020-01-13","0.036","0.036","0.036","0.036","3.71%"
"2020-01-10","0.035","0.035","0.035","0.035","-22.22%"
"2020-01-09","0.045","0.045","0.045","0.045","12.50%"
"2020-01-08","0.040","0.040","0.040","0.040","23.08%"
"2020-01-07","0.032","0.032","0.032","0.032","-3.85%"
"2020-01-06","0.034","0.034","0.034","0.034","17.36%"
"2020-01-03","0.029","0.029","0.029","0.029","0.00%"
"2020-01-02","0.029","0.029","0.029","0.029","0.00%"
"2020-01-01","0.029","0.029","0.029","0.029","0.00%"
"2019-12-31","0.029","0.029","0.029","0.029","-37.80%"
"2019-12-30","0.046","0.046","0.046","0.046","-5.12%"
"2019-12-27","0.049","0.049","0.049","0.049","-2.40%"
"2019-12-26","0.050","0.050","0.050","0.050","17.65%"
"2019-12-25","0.043","0.043","0.043","0.043","-37.04%"
"2019-12-24","0.068","0.068","0.068","0.068","42.11%"
"2019-12-23","0.047","0.047","0.047","0.047","-11.71%"
"2019-12-20","0.054","0.054","0.054","0.054","48.21%"
"2019-12-19","0.036","0.036","0.036","0.036","7.40%"
"2019-12-18","0.034","0.034","0.034","0.034","7.99%"
"2019-12-17","0.031","0.031","0.031","0.031","13.82%"
"2019-12-16","0.027","0.027","0.027","0.027","212.50%"
"2019-12-13","0.009","0.009","0.009","0.009","-76.53%"
"2019-12-12","0.038","0.038","0.038","0.038","171.74%"
"2019-12-11","0.014","0.014","0.014","0.014","-21.14%"
"2019-12-10","0.018","0.018","0.018","0.018","-26.47%"
"2019-12-09","0.024","0.024","0.024","0.024","-23.96%"
"2019-12-06","0.031","0.031","0.031","0.031","255.68%"
"2019-12-05","0.009","0.009","0.009","0.009","-41.33%"
"2019-12-04","0.015","0.015","0.015","0.015","-142.86%"
"2019-12-03","-0.035","-0.035","-0.035","-0.035","-566.67%"
"2019-12-02","0.007","0.007","0.007","0.007","-146.01%"
"2019-11-29","-0.016","-0.016","-0.016","-0.016","-40.73%"
"2019-11-28","-0.027","-0.027","-0.027","-0.027","-26.67%"
"2019-11-27","-0.038","-0.038","-0.038","-0.038","10.95%"
"2019-11-26","-0.034","-0.034","-0.034","-0.034","22.91%"
"2019-11-25","-0.027","-0.027","-0.027","-0.027","10.00%"
"2019-11-22","-0.025","-0.025","-0.025","-0.025","-9.09%"
"2019-11-21","-0.027","-0.027","-0.027","-0.027","0.00%"
"2019-11-20","-0.027","-0.027","-0.027","-0.027","29.11%"
"2019-11-19","-0.021","-0.021","-0.021","-0.021","-14.80%"
"2019-11-18","-0.025","-0.025","-0.025","-0.025","81.16%"
"2019-11-15","-0.014","-0.014","-0.014","-0.014","-52.08%"
"2019-11-14","-0.029","-0.029","-0.029","-0.029","657.89%"
"2019-11-13","-0.004","-0.004","-0.004","-0.004","-115.20%"
"2019-11-12","0.025","0.025","0.025","0.025","233.33%"
"2019-11-11","0.007","0.007","0.007","0.007","-53.99%"
"2019-11-08","0.016","0.016","0.016","0.016","-40.73%"
"2019-11-07","0.027","0.027","0.027","0.027","-166.59%"
"2019-11-06","-0.041","-0.041","-0.041","-0.041","-17.40%"
"2019-11-05","-0.050","-0.050","-0.050","-0.050","-48.72%"
"2019-11-04","-0.097","-0.097","-0.097","-0.097","2.63%"
"2019-11-01","-0.095","-0.095","-0.095","-0.095","8.57%"
"2019-10-31","-0.087","-0.087","-0.087","-0.087","48.81%"
"2019-10-30","-0.059","-0.059","-0.059","-0.059","4.44%"
"2019-10-29","-0.056","-0.056","-0.056","-0.056","0.00%"
"2019-10-28","-0.056","-0.056","-0.056","-0.056","-22.34%"
"2019-10-25","-0.072","-0.072","-0.072","-0.072","-15.89%"
"2019-10-24","-0.086","-0.086","-0.086","-0.086","-5.59%"
"2019-10-23","-0.091","-0.091","-0.091","-0.091","1.44%"
"2019-10-22","-0.090","-0.090","-0.090","-0.090","20.00%"
"2019-10-21","-0.075","-0.075","-0.075","-0.075","-11.76%"
"2019-10-18","-0.085","-0.085","-0.085","-0.085","-4.28%"
"2019-10-17","-0.089","-0.089","-0.089","-0.089","-1.33%"
"2019-10-16","-0.090","-0.090","-0.090","-0.090","5.88%"
"2019-10-15","-0.085","-0.085","-0.085","-0.085","-6.90%"
"2019-10-14","-0.091","-0.091","-0.091","-0.091","5.92%"
"2019-10-11","-0.086","-0.086","-0.086","-0.086","-21.64%"
"2019-10-10","-0.110","-0.110","-0.110","-0.110","-10.20%"
"2019-10-09","-0.123","-0.123","-0.123","-0.123","-16.27%"
"2019-10-08","-0.146","-0.146","-0.146","-0.146","0.00%"
"2019-10-07","-0.146","-0.146","-0.146","-0.146","8.37%"
"2019-10-04","-0.135","-0.135","-0.135","-0.135","-8.47%"
"2019-10-03","-0.147","-0.147","-0.147","-0.147","31.11%"
"2019-10-02","-0.112","-0.112","-0.112","-0.112","-4.26%"
"2019-10-01","-0.117","-0.117","-0.117","-0.117","-4.08%"
"2019-09-30","-0.123","-0.123","-0.123","-0.123","-12.50%"
"2019-09-27","-0.140","-0.140","-0.140","-0.140","-7.47%"
"2019-09-26","-0.151","-0.151","-0.151","-0.151","3.42%"
"2019-09-25","-0.146","-0.146","-0.146","-0.146","-4.07%"
"2019-09-24","-0.153","-0.153","-0.153","-0.153","5.17%"
"2019-09-23","-0.145","-0.145","-0.145","-0.145","10.43%"
"2019-09-20","-0.131","-0.131","-0.131","-0.131","11.74%"
"2019-09-19","-0.117","-0.117","-0.117","-0.117","20.51%"
"2019-09-18","-0.097","-0.097","-0.097","-0.097","47.06%"
"2019-09-17","-0.066","-0.066","-0.066","-0.066","211.27%"
"2019-09-16","-0.021","-0.021","-0.021","-0.021","-41.32%"
"2019-09-13","-0.036","-0.036","-0.036","-0.036","-57.89%"
"2019-09-12","-0.086","-0.086","-0.086","-0.086","-11.59%"
"2019-09-11","-0.097","-0.097","-0.097","-0.097","-17.93%"
"2019-09-10","-0.119","-0.119","-0.119","-0.119","-7.76%"
"2019-09-09","-0.129","-0.129","-0.129","-0.129","-1.90%"
"2019-09-06","-0.131","-0.131","-0.131","-0.131","-3.67%"
"2019-09-05","-0.136","-0.136","-0.136","-0.136","-18.63%"
"2019-09-04","-0.168","-0.168","-0.168","-0.168","-4.99%"
"2019-09-03","-0.176","-0.176","-0.176","-0.176","4.44%"
"2019-09-02","-0.169","-0.169","-0.169","-0.169","12.53%"
"2019-08-30","-0.150","-0.150","-0.150","-0.150","-5.54%"
"2019-08-29","-0.159","-0.159","-0.159","-0.159","-5.92%"
"2019-08-28","-0.169","-0.169","-0.169","-0.169","-3.54%"
"2019-08-27","-0.175","-0.175","-0.175","-0.175","2.16%"
"2019-08-26","-0.171","-0.171","-0.171","-0.171","8.76%"
"2019-08-23","-0.157","-0.157","-0.157","-0.157","5.00%"
"2019-08-22","-0.150","-0.150","-0.150","-0.150","2.53%"
"2019-08-21","-0.146","-0.146","-0.146","-0.146","0.00%"
"2019-08-20","-0.146","-0.146","-0.146","-0.146","1.74%"
"2019-08-19","-0.144","-0.144","-0.144","-0.144","0.00%"
"2019-08-16","-0.144","-0.144","-0.144","-0.144","-11.51%"
"2019-08-15","-0.162","-0.162","-0.162","-0.162","3.17%"
"2019-08-14","-0.157","-0.157","-0.157","-0.157","3.28%"
"2019-08-13","-0.153","-0.153","-0.153","-0.153","8.93%"
"2019-08-12","-0.140","-0.140","-0.140","-0.140","-2.64%"
"2019-08-09","-0.144","-0.144","-0.144","-0.144","16.16%"
"2019-08-08","-0.124","-0.124","-0.124","-0.124","-4.77%"
"2019-08-07","-0.130","-0.130","-0.130","-0.130","20.93%"
"2019-08-06","-0.108","-0.108","-0.108","-0.108","-11.38%"
"2019-08-05","-0.121","-0.121","-0.121","-0.121","27.68%"
"2019-08-02","-0.095","-0.095","-0.095","-0.095","35.71%"
"2019-08-01","-0.070","-0.070","-0.070","-0.070","-13.90%"
"2019-07-31","-0.081","-0.081","-0.081","-0.081","3.17%"
"2019-07-30","-0.079","-0.079","-0.079","-0.079","12.57%"
"2019-07-29","-0.070","-0.070","-0.070","-0.070","1.74%"
"2019-07-26","-0.069","-0.069","-0.069","-0.069","1.93%"
"2019-07-25","-0.068","-0.068","-0.068","-0.068","-5.20%"
"2019-07-24","-0.071","-0.071","-0.071","-0.071","0.00%"
"2019-07-23","-0.071","-0.071","-0.071","-0.071","-6.68%"
"2019-07-22","-0.076","-0.076","-0.076","-0.076","9.00%"
"2019-07-19","-0.070","-0.070","-0.070","-0.070","16.67%"
"2019-07-18","-0.060","-0.060","-0.060","-0.060","6.57%"
"2019-07-17","-0.056","-0.056","-0.056","-0.056","36.32%"
"2019-07-16","-0.041","-0.041","-0.041","-0.041","-29.76%"
"2019-07-15","-0.059","-0.059","-0.059","-0.059","9.29%"
"2019-07-12","-0.054","-0.054","-0.054","-0.054","2.48%"
"2019-07-11","-0.052","-0.052","-0.052","-0.052","-16.00%"
"2019-07-10","-0.063","-0.063","-0.063","-0.063","-12.22%"
"2019-07-09","-0.071","-0.071","-0.071","-0.071","-5.07%"
"2019-07-08","-0.075","-0.075","-0.075","-0.075","-4.82%"
"2019-07-05","-0.079","-0.079","-0.079","-0.079","-11.26%"
"2019-07-04","-0.089","-0.089","-0.089","-0.089","3.02%"
"2019-07-03","-0.086","-0.086","-0.086","-0.086","16.80%"
"2019-07-02","-0.074","-0.074","-0.074","-0.074","1.79%"
"2019-07-01","-0.072","-0.072","-0.072","-0.072","-10.82%"
"2019-06-28","-0.081","-0.081","-0.081","-0.081","14.19%"
"2019-06-27","-0.071","-0.071","-0.071","-0.071","7.39%"
"2019-06-26","-0.066","-0.066","-0.066","-0.066","-24.23%"
"2019-06-25","-0.087","-0.087","-0.087","-0.087","1.51%"
"2019-06-24","-0.086","-0.086","-0.086","-0.086","2.86%"
"2019-06-21","-0.084","-0.084","-0.084","-0.084","-10.66%"
"2019-06-20","-0.094","-0.094","-0.094","-0.094","34.00%"
"2019-06-19","-0.070","-0.070","-0.070","-0.070","-3.45%"
"2019-06-18","-0.072","-0.072","-0.072","-0.072","34.76%"
"2019-06-17","-0.054","-0.054","-0.054","-0.054","-4.44%"
"2019-06-14","-0.056","-0.056","-0.056","-0.056","15.37%"
"2019-06-13","-0.049","-0.049","-0.049","-0.049","0.00%"
"2019-06-12","-0.049","-0.049","-0.049","-0.049","18.16%"
"2019-06-11","-0.041","-0.041","-0.041","-0.041","-13.05%"
"2019-06-10","-0.047","-0.047","-0.047","-0.047","-11.71%"
"2019-06-07","-0.054","-0.054","-0.054","-0.054","13.26%"
"2019-06-06","-0.047","-0.047","-0.047","-0.047","-11.71%"
"2019-06-05","-0.054","-0.054","-0.054","-0.054","139.11%"
"2019-06-04","-0.023","-0.023","-0.023","-0.023","-12.11%"
"2019-06-03","-0.026","-0.026","-0.026","-0.026","85.51%"
"2019-05-31","-0.014","-0.014","-0.014","-0.014","263.16%"
"2019-05-30","-0.004","-0.004","-0.004","-0.004","-72.46%"
"2019-05-29","-0.014","-0.014","-0.014","-0.014","119.05%"
"2019-05-28","-0.006","-0.006","-0.006","-0.006","65.79%"
"2019-05-27","-0.004","-0.004","-0.004","-0.004","-252.00%"
"2019-05-24","0.002","0.002","0.002","0.002","0.00%"
"2019-05-23","0.002","0.002","0.002","0.002","-80.00%"
"2019-05-22","0.013","0.013","0.013","0.013","-44.44%"
"2019-05-21","0.023","0.023","0.023","0.023","-10.00%"
"2019-05-20","0.025","0.025","0.025","0.025","53.37%"
"2019-05-17","0.016","0.016","0.016","0.016","30.40%"
"2019-05-16","0.013","0.013","0.013","0.013","-28.57%"
"2019-05-15","0.018","0.018","0.018","0.018","-17.84%"
"2019-05-14","0.021","0.021","0.021","0.021","30.67%"
"2019-05-13","0.016","0.016","0.016","0.016","-18.50%"
"2019-05-10","0.020","0.020","0.020","0.020","-6.10%"
"2019-05-09","0.021","0.021","0.021","0.021","-5.33%"
"2019-05-08","0.023","0.023","0.023","0.023","38.04%"
"2019-05-07","0.016","0.016","0.016","0.016","-23.47%"
"2019-05-06","0.021","0.021","0.021","0.021","0.00%"
"2019-05-03","0.021","0.021","0.021","0.021","0.00%"
"2019-05-02","0.021","0.021","0.021","0.021","0.00%"
"2019-05-01","0.021","0.021","0.021","0.021","0.00%"
"2019-04-30","0.021","0.021","0.021","0.021","0.00%"
"2019-04-29","0.021","0.021","0.021","0.021","0.00%"
"2019-04-26","0.021","0.021","0.021","0.021","-39.14%"
"2019-04-25","0.035","0.035","0.035","0.035","21.53%"
"2019-04-24","0.029","0.029","0.029","0.029","-20.66%"
"2019-04-23","0.036","0.036","0.036","0.036","-21.60%"
"2019-04-22","0.046","0.046","0.046","0.046","2.89%"
"2019-04-19","0.045","0.045","0.045","0.045","12.50%"
"2019-04-18","0.040","0.040","0.040","0.040","-23.81%"
"2019-04-17","0.052","0.052","0.052","0.052","5.00%"
"2019-04-16","0.050","0.050","0.050","0.050","7.99%"
"2019-04-15","0.046","0.046","0.046","0.046","15.75%"
"2019-04-12","0.040","0.040","0.040","0.040","128.57%"
"2019-04-11","0.018","0.018","0.018","0.018","54.87%"
"2019-04-10","0.011","0.011","0.011","0.011","-9.60%"
"2019-04-09","0.013","0.013","0.013","0.013","-33.51%"
"2019-04-08","0.019","0.019","0.019","0.019","-21.01%"
"2019-04-05","0.024","0.024","0.024","0.024","26.60%"
"2019-04-04","0.019","0.019","0.019","0.019","150.67%"
"2019-04-03","0.007","0.007","0.007","0.007","476.92%"
"2019-04-02","0.001","0.001","0.001","0.001","-152.00%"
"2019-04-01","-0.002","-0.002","-0.002","-0.002","0.00%"
"2019-03-29","-0.002","-0.002","-0.002","-0.002","-60.32%"
"2019-03-28","-0.006","-0.006","-0.006","-0.006","26.00%"
"2019-03-27","-0.005","-0.005","-0.005","-0.005","-231.58%"
"2019-03-26","0.004","0.004","0.004","0.004","-130.40%"
"2019-03-25","-0.013","-0.013","-0.013","-0.013","10.62%"
"2019-03-22","-0.011","-0.011","-0.011","-0.011","-279.37%"
"2019-03-21","0.006","0.006","0.006","0.006","-58.00%"
"2019-03-20","0.015","0.015","0.015","0.015","32.74%"
"2019-03-19","0.011","0.011","0.011","0.011","-18.12%"
"2019-03-18","0.014","0.014","0.014","0.014","38.00%"
"2019-03-15","0.010","0.010","0.010","0.010","-33.33%"
"2019-03-14","0.015","0.015","0.015","0.015","0.00%"
"2019-03-13","0.015","0.015","0.015","0.015","-29.58%"
"2019-03-12","0.021","0.021","0.021","0.021","-10.50%"
"2019-03-11","0.024","0.024","0.024","0.024","11.74%"
"2019-03-08","0.021","0.021","0.021","0.021","-10.50%"
"2019-03-07","0.024","0.024","0.024","0.024","-32.00%"
"2019-03-06","0.035","0.035","0.035","0.035","-31.77%"
"2019-03-05","0.051","0.051","0.051","0.051","36.80%"
"2019-03-04","0.038","0.038","0.038","0.038","-23.16%"
"2019-03-01","0.049","0.049","0.049","0.049","8.44%"
"2019-02-28","0.045","0.045","0.045","0.045","38.46%"
"2019-02-27","0.032","0.032","0.032","0.032","30.00%"
"2019-02-26","0.025","0.025","0.025","0.025","-9.09%"
"2019-02-25","0.027","0.027","0.027","0.027","57.14%"
"2019-02-22","0.018","0.018","0.018","0.018","-26.47%"
"2019-02-21","0.024","0.024","0.024","0.024","11.74%"
"2019-02-20","0.021","0.021","0.021","0.021","6.50%"
"2019-02-19","0.020","0.020","0.020","0.020","-36.10%"
"2019-02-18","0.031","0.031","0.031","0.031","8.68%"
"2019-02-15","0.029","0.029","0.029","0.029","-4.00%"
"2019-02-14","0.030","0.030","0.030","0.030","-27.36%"
"2019-02-13","0.041","0.041","0.041","0.041","18.00%"
"2019-02-12","0.035","0.035","0.035","0.035","75.00%"
"2019-02-11","0.020","0.020","0.020","0.020","0.00%"
"2019-02-08","0.020","0.020","0.020","0.020","-38.46%"
"2019-02-07","0.032","0.032","0.032","0.032","18.18%"
"2019-02-06","0.027","0.027","0.027","0.027","-4.51%"
"2019-02-05","0.029","0.029","0.029","0.029","0.00%"
"2019-02-04","0.029","0.029","0.029","0.029","9.51%"
"2019-02-01","0.026","0.026","0.026","0.026","0.00%"
"2019-01-31","0.026","0.026","0.026","0.026","-36.32%"
"2019-01-30","0.041","0.041","0.041","0.041","13.77%"
"2019-01-29","0.036","0.036","0.036","0.036","21.00%"
"2019-01-28","0.030","0.030","0.030","0.030","-11.24%"
"2019-01-25","0.034","0.034","0.034","0.034","-6.89%"
"2019-01-24","0.036","0.036","0.036","0.036","-12.11%"
"2019-01-23","0.041","0.041","0.041","0.041","-5.71%"
"2019-01-22","0.044","0.044","0.044","0.044","-2.67%"
"2019-01-21","0.045","0.045","0.045","0.045","-12.28%"
"2019-01-18","0.051","0.051","0.051","0.051","17.12%"
"2019-01-17","0.044","0.044","0.044","0.044","-10.25%"
"2019-01-16","0.049","0.049","0.049","0.049","-9.29%"
"2019-01-15","0.054","0.054","0.054","0.054","-2.18%"
"2019-01-14","0.055","0.055","0.055","0.055","0.00%"
"2019-01-11","0.055","0.055","0.055","0.055","-6.46%"
"2019-01-10","0.059","0.059","0.059","0.059","-17.42%"
"2019-01-09","0.071","0.071","0.071","0.071","7.39%"
"2019-01-08","0.066","0.066","0.066","0.066","20.55%"
"2019-01-07","0.055","0.055","0.055","0.055","-4.35%"
"2019-01-04","0.058","0.058","0.058","0.058","15.00%"
"2019-01-03","0.050","0.050","0.050","0.050","0.00%"
"2019-01-02","0.050","0.050","0.050","0.050","-14.97%"
"2019-01-01","0.059","0.059","0.059","0.059","0.00%"
"2018-12-31","0.059","0.059","0.059","0.059","12.00%"
"2018-12-28","0.052","0.052","0.052","0.052","-16.00%"
"2018-12-27","0.063","0.063","0.063","0.063","-5.73%"
"2018-12-26","0.066","0.066","0.066","0.066","35.86%"
"2018-12-25","0.049","0.049","0.049","0.049","-30.29%"
"2018-12-24","0.070","0.070","0.070","0.070","-3.45%"
"2018-12-21","0.072","0.072","0.072","0.072","34.76%"
"2018-12-20","0.054","0.054","0.054","0.054","-8.50%"
"2018-12-19","0.059","0.059","0.059","0.059","-7.84%"
"2018-12-18","0.064","0.064","0.064","0.064","-20.25%"
"2018-12-17","0.080","0.080","0.080","0.080","10.34%"
"2018-12-14","0.072","0.072","0.072","0.072","-21.62%"
"2018-12-13","0.093","0.093","0.093","0.093","-2.63%"
"2018-12-12","0.095","0.095","0.095","0.095","13.37%"
"2018-12-11","0.084","0.084","0.084","0.084","24.15%"
"2018-12-10","0.068","0.068","0.068","0.068","-21.69%"
"2018-12-07","0.086","0.086","0.086","0.086","0.00%"
"2018-12-06","0.086","0.086","0.086","0.086","-13.80%"
"2018-12-05","0.100","0.100","0.100","0.100","2.56%"
"2018-12-04","0.097","0.097","0.097","0.097","-14.32%"
"2018-12-03","0.114","0.114","0.114","0.114","-6.18%"
"2018-11-30","0.121","0.121","0.121","0.121","7.82%"
"2018-11-29","0.112","0.112","0.112","0.112","-23.10%"
"2018-11-28","0.146","0.146","0.146","0.146","6.40%"
"2018-11-27","0.138","0.138","0.138","0.138","-2.62%"
"2018-11-26","0.141","0.141","0.141","0.141","-4.27%"
"2018-11-23","0.147","0.147","0.147","0.147","0.00%"
"2018-11-22","0.147","0.147","0.147","0.147","2.57%"
"2018-11-21","0.144","0.144","0.144","0.144","-2.51%"
"2018-11-20","0.147","0.147","0.147","0.147","5.36%"
"2018-11-19","0.140","0.140","0.140","0.140","-7.47%"
"2018-11-16","0.151","0.151","0.151","0.151","0.87%"
"2018-11-15","0.150","0.150","0.150","0.150","-8.42%"
"2018-11-14","0.164","0.164","0.164","0.164","-2.96%"
"2018-11-13","0.169","0.169","0.169","0.169","0.78%"
"2018-11-12","0.168","0.168","0.168","0.168","-2.22%"
"2018-11-09","0.171","0.171","0.171","0.171","-4.19%"
"2018-11-08","0.179","0.179","0.179","0.179","0.00%"
"2018-11-07","0.179","0.179","0.179","0.179","-1.38%"
"2018-11-06","0.181","0.181","0.181","0.181","2.84%"
"2018-11-05","0.176","0.176","0.176","0.176","-4.08%"
"2018-11-02","0.184","0.184","0.184","0.184","2.11%"
"2018-11-01","0.180","0.180","0.180","0.180","-4.66%"
"2018-10-31","0.189","0.189","0.189","0.189","4.89%"
"2018-10-30","0.180","0.180","0.180","0.180","2.86%"
"2018-10-29","0.175","0.175","0.175","0.175","0.75%"
"2018-10-26","0.174","0.174","0.174","0.174","-8.58%"
"2018-10-25","0.190","0.190","0.190","0.190","-1.30%"
"2018-10-24","0.192","0.192","0.192","0.192","-6.10%"
"2018-10-23","0.205","0.205","0.205","0.205","-4.65%"
"2018-10-22","0.215","0.215","0.215","0.215","0.56%"
"2018-10-19","0.214","0.214","0.214","0.214","-1.70%"
"2018-10-18","0.218","0.218","0.218","0.218","1.16%"
"2018-10-17","0.215","0.215","0.215","0.215","-2.27%"
"2018-10-16","0.220","0.220","0.220","0.220","4.76%"
"2018-10-15","0.210","0.210","0.210","0.210","-2.33%"
"2018-10-12","0.215","0.215","0.215","0.215","-0.60%"
"2018-10-11","0.216","0.216","0.216","0.216","-4.42%"
"2018-10-10","0.226","0.226","0.226","0.226","0.00%"
"2018-10-09","0.226","0.226","0.226","0.226","-1.09%"
"2018-10-08","0.229","0.229","0.229","0.229","0.00%"
"2018-10-05","0.229","0.229","0.229","0.229","-1.08%"
"2018-10-04","0.231","0.231","0.231","0.231","7.58%"
"2018-10-03","0.215","0.215","0.215","0.215","1.18%"
"2018-10-02","0.213","0.213","0.213","0.213","-4.49%"
"2018-10-01","0.222","0.222","0.222","0.222","3.49%"
"2018-09-28","0.215","0.215","0.215","0.215","2.97%"
"2018-09-27","0.209","0.209","0.209","0.209","-3.47%"
"2018-09-26","0.216","0.216","0.216","0.216","-2.26%"
"2018-09-25","0.221","0.221","0.221","0.221","3.51%"
"2018-09-24","0.214","0.214","0.214","0.214","-1.16%"
"2018-09-21","0.216","0.216","0.216","0.216","4.24%"
"2018-09-20","0.207","0.207","0.207","0.207","-3.49%"
"2018-09-19","0.215","0.215","0.215","0.215","1.75%"
"2018-09-18","0.211","0.211","0.211","0.211","1.83%"
"2018-09-17","0.207","0.207","0.207","0.207","2.47%"
"2018-09-14","0.203","0.203","0.203","0.203","4.49%"
"2018-09-13","0.194","0.194","0.194","0.194","0.68%"
"2018-09-12","0.192","0.192","0.192","0.192","-1.28%"
"2018-09-11","0.195","0.195","0.195","0.195","0.00%"
"2018-09-10","0.195","0.195","0.195","0.195","-0.66%"
"2018-09-07","0.196","0.196","0.196","0.196","4.69%"
"2018-09-06","0.188","0.188","0.188","0.188","-5.68%"
"2018-09-05","0.199","0.199","0.199","0.199","-3.64%"
"2018-09-04","0.206","0.206","0.206","0.206","1.28%"
"2018-09-03","0.204","0.204","0.204","0.204","3.77%"
"2018-08-31","0.196","0.196","0.196","0.196","2.61%"
"2018-08-30","0.191","0.191","0.191","0.191","0.68%"
"2018-08-29","0.190","0.190","0.190","0.190","1.33%"
"2018-08-28","0.188","0.188","0.188","0.188","7.94%"
"2018-08-27","0.174","0.174","0.174","0.174","-6.11%"
"2018-08-24","0.185","0.185","0.185","0.185","0.00%"
"2018-08-23","0.185","0.185","0.185","0.185","-3.29%"
"2018-08-22","0.191","0.191","0.191","0.191","0.00%"
"2018-08-21","0.191","0.191","0.191","0.191","3.41%"
"2018-08-20","0.185","0.185","0.185","0.185","-2.01%"
"2018-08-17","0.189","0.189","0.189","0.189","-4.41%"
"2018-08-16","0.198","0.198","0.198","0.198","3.95%"
"2018-08-15","0.190","0.190","0.190","0.190","-5.61%"
"2018-08-14","0.201","0.201","0.201","0.201","5.23%"
"2018-08-13","0.191","0.191","0.191","0.191","1.32%"
"2018-08-10","0.189","0.189","0.189","0.189","-7.90%"
"2018-08-09","0.205","0.205","0.205","0.205","0.00%"
"2018-08-08","0.205","0.205","0.205","0.205","-1.20%"
"2018-08-07","0.207","0.207","0.207","0.207","7.07%"
"2018-08-06","0.194","0.194","0.194","0.194","-1.87%"
"2018-08-03","0.198","0.198","0.198","0.198","-7.62%"
"2018-08-02","0.214","0.214","0.214","0.214","-4.98%"
"2018-08-01","0.225","0.225","0.225","0.225","30.43%"
"2018-07-31","0.172","0.172","0.172","0.172","-9.83%"
"2018-07-30","0.191","0.191","0.191","0.191","5.52%"
"2018-07-27","0.181","0.181","0.181","0.181","5.10%"
"2018-07-26","0.172","0.172","0.172","0.172","6.15%"
"2018-07-25","0.162","0.162","0.162","0.162","-2.29%"
"2018-07-24","0.166","0.166","0.166","0.166","-6.99%"
"2018-07-23","0.179","0.179","0.179","0.179","-1.38%"
"2018-07-20","0.181","0.181","0.181","0.181","31.85%"
"2018-07-19","0.138","0.138","0.138","0.138","-4.38%"
"2018-07-18","0.144","0.144","0.144","0.144","0.91%"
"2018-07-17","0.142","0.142","0.142","0.142","0.00%"
"2018-07-16","0.142","0.142","0.142","0.142","1.79%"
"2018-07-13","0.140","0.140","0.140","0.140","1.82%"
"2018-07-12","0.138","0.138","0.138","0.138","-1.79%"
"2018-07-11","0.140","0.140","0.140","0.140","1.82%"
"2018-07-10","0.138","0.138","0.138","0.138","10.00%"
"2018-07-09","0.125","0.125","0.125","0.125","-5.66%"
"2018-07-06","0.132","0.132","0.132","0.132","-1.85%"
"2018-07-05","0.135","0.135","0.135","0.135","-1.82%"
"2018-07-04","0.138","0.138","0.138","0.138","-0.94%"
"2018-07-03","0.139","0.139","0.139","0.139","1.83%"
"2018-07-02","0.136","0.136","0.136","0.136","-5.22%"
"2018-06-29","0.144","0.144","0.144","0.144","0.00%"
"2018-06-28","0.144","0.144","0.144","0.144","-0.83%"
"2018-06-27","0.145","0.145","0.145","0.145","0.00%"
"2018-06-26","0.145","0.145","0.145","0.145","1.75%"
"2018-06-25","0.142","0.142","0.142","0.142","-2.60%"
"2018-06-22","0.146","0.146","0.146","0.146","-0.81%"
"2018-06-21","0.147","0.147","0.147","0.147","0.00%"
"2018-06-20","0.147","0.147","0.147","0.147","0.82%"
"2018-06-19","0.146","0.146","0.146","0.146","-4.88%"
"2018-06-18","0.154","0.154","0.154","0.154","2.53%"
"2018-06-15","0.150","0.150","0.150","0.150","-4.76%"
"2018-06-14","0.157","0.157","0.157","0.157","-0.82%"
"2018-06-13","0.159","0.159","0.159","0.159","-3.05%"
"2018-06-12","0.164","0.164","0.164","0.164","0.80%"
"2018-06-11","0.162","0.162","0.162","0.162","3.17%"
"2018-06-08","0.157","0.157","0.157","0.157","-2.36%"
"2018-06-07","0.161","0.161","0.161","0.161","-2.24%"
"2018-06-06","0.165","0.165","0.165","0.165","4.76%"
"2018-06-05","0.157","0.157","0.157","0.157","-1.56%"