"日付","終値","始値","高値","安値","変化率 %"
"2026-02-18","2.805","2.810","2.831","2.774","-0.99%"
"2026-02-17","2.833","2.884","2.899","2.816","-2.44%"
"2026-02-16","2.904","2.842","2.933","2.845","1.75%"
"2026-02-13","2.854","2.827","2.905","2.835","0.21%"
"2026-02-12","2.848","2.900","2.924","2.846","-2.90%"
"2026-02-11","2.933","2.887","2.933","2.902","0.14%"
"2026-02-10","2.929","2.950","2.977","2.906","-1.28%"
"2026-02-09","2.967","2.976","3.016","2.958","-0.47%"
"2026-02-06","2.981","2.936","3.008","2.892","1.02%"
"2026-02-05","2.951","2.986","3.019","2.949","-1.83%"
"2026-02-04","3.006","3.003","3.050","2.992","-0.40%"
"2026-02-03","3.018","3.009","3.055","3.004","-0.07%"
"2026-02-02","3.020","3.001","3.055","2.984","0.37%"
"2026-01-30","3.009","3.011","3.041","2.991","-0.23%"
"2026-01-29","3.016","3.024","3.056","3.005","-0.76%"
"2026-01-28","3.039","3.035","3.079","3.015","-0.30%"
"2026-01-27","3.048","3.004","3.086","3.016","1.13%"
"2026-01-26","3.014","3.037","3.067","2.982","-0.89%"
"2026-01-23","3.041","3.027","3.081","3.024","0.16%"
"2026-01-22","3.036","3.076","3.096","3.023","-1.62%"
"2026-01-21","3.086","3.151","3.178","3.061","-2.93%"
"2026-01-20","3.179","2.995","3.219","3.013","5.26%"
"2026-01-19","3.020","2.949","3.048","2.945","2.30%"
"2026-01-16","2.952","2.935","2.978","2.918","0.27%"
"2026-01-15","2.944","2.936","2.969","2.924","-0.17%"
"2026-01-14","2.949","2.955","3.001","2.940","-0.54%"
"2026-01-13","2.965","2.922","3.006","2.912","0.82%"
"2026-01-12","2.941","2.943","2.976","2.939","0.62%"
"2026-01-09","2.923","2.883","2.976","2.883","0.24%"
"2026-01-08","2.916","2.910","2.938","2.897","-0.24%"
"2026-01-07","2.923","2.919","2.970","2.921","-0.44%"
"2026-01-06","2.936","2.888","2.963","2.904","0.58%"
"2026-01-05","2.919","2.874","2.952","2.886","0.52%"
"2026-01-02","2.904","2.904","2.904","2.904","0.00%"
"2026-01-01","2.904","2.904","2.904","2.904","0.00%"
"2025-12-31","2.904","2.904","2.904","2.904","0.00%"
"2025-12-30","2.904","2.863","2.912","2.875","0.94%"
"2025-12-29","2.877","2.861","2.906","2.857","0.45%"
"2025-12-26","2.864","2.854","2.886","2.858","-0.14%"
"2025-12-25","2.868","2.837","2.880","2.837","0.17%"
"2025-12-24","2.863","2.865","2.918","2.857","-0.59%"
"2025-12-23","2.880","2.872","2.914","2.863","-0.21%"
"2025-12-22","2.886","2.873","2.934","2.873","0.14%"
"2025-12-19","2.882","2.830","2.906","2.839","1.23%"
"2025-12-18","2.847","2.822","2.875","2.823","0.49%"
"2025-12-17","2.833","2.806","2.860","2.802","0.18%"
"2025-12-16","2.828","2.813","2.855","2.805","-1.36%"
"2025-12-15","2.867","2.809","2.869","2.794","2.17%"
"2025-12-12","2.806","2.804","2.840","2.794","-0.50%"
"2025-12-11","2.820","2.793","2.841","2.786","-0.04%"
"2025-12-10","2.821","2.808","2.854","2.811","0.07%"
"2025-12-09","2.819","2.829","2.857","2.807","-0.63%"
"2025-12-08","2.837","2.788","2.877","2.790","1.50%"
"2025-12-05","2.795","2.792","2.825","2.771","-0.57%"
"2025-12-04","2.811","2.790","2.843","2.784","0.21%"
"2025-12-03","2.805","2.769","2.839","2.775","0.79%"
"2025-12-02","2.783","2.768","2.817","2.765","-0.22%"
"2025-12-01","2.789","2.738","2.817","2.740","1.60%"
"2025-11-28","2.745","2.709","2.771","2.717","0.66%"
"2025-11-27","2.727","2.693","2.747","2.688","0.85%"
"2025-11-26","2.704","2.702","2.740","2.700","-0.55%"
"2025-11-25","2.719","2.685","2.738","2.677","0.70%"
"2025-11-24","2.700","2.674","2.706","2.700","0.19%"
"2025-11-21","2.695","2.728","2.744","2.683","-1.61%"
"2025-11-20","2.739","2.731","2.780","2.729","-0.36%"
"2025-11-19","2.749","2.716","2.764","2.689","0.66%"
"2025-11-18","2.731","2.652","2.743","2.666","2.36%"
"2025-11-17","2.668","2.603","2.700","2.621","1.68%"
"2025-11-14","2.624","2.594","2.657","2.596","0.46%"
"2025-11-13","2.612","2.573","2.637","2.581","0.85%"
"2025-11-12","2.590","2.568","2.619","2.571","0.19%"
"2025-11-11","2.585","2.558","2.614","2.568","0.23%"
"2025-11-10","2.579","2.528","2.607","2.546","1.26%"
"2025-11-07","2.547","2.519","2.574","2.524","0.51%"
"2025-11-06","2.534","2.530","2.567","2.526","-0.47%"
"2025-11-05","2.546","2.524","2.565","2.521","0.16%"
"2025-11-04","2.542","2.515","2.567","2.526","0.47%"
"2025-11-03","2.530","2.513","2.548","2.529","0.04%"
"2025-10-31","2.529","2.492","2.546","2.504","0.28%"
"2025-10-30","2.522","2.516","2.551","2.500","-0.47%"
"2025-10-29","2.534","2.500","2.545","2.503","0.88%"
"2025-10-28","2.512","2.519","2.551","2.502","-0.87%"
"2025-10-27","2.534","2.523","2.566","2.526","-0.16%"
"2025-10-24","2.538","2.523","2.558","2.522","-0.35%"
"2025-10-23","2.547","2.515","2.569","2.520","0.51%"
"2025-10-22","2.534","2.517","2.564","2.515","0.24%"
"2025-10-21","2.528","2.512","2.558","2.500","-0.04%"
"2025-10-20","2.529","2.504","2.554","2.499","0.08%"
"2025-10-17","2.527","2.490","2.537","2.478","1.20%"
"2025-10-16","2.497","2.517","2.547","2.492","-1.15%"
"2025-10-15","2.526","2.524","2.561","2.517","-0.55%"
"2025-10-14","2.540","2.546","2.584","2.534","1.07%"
"2025-10-13","2.513","2.546","2.578","2.513","-1.06%"
"2025-10-10","2.540","2.586","2.610","2.536","-2.31%"
"2025-10-09","2.600","2.561","2.624","2.561","0.78%"
"2025-10-08","2.580","2.592","2.617","2.568","-1.07%"
"2025-10-07","2.608","2.634","2.664","2.574","-1.32%"
"2025-10-06","2.643","2.519","2.663","2.491","4.63%"
"2025-10-03","2.526","2.517","2.550","2.513","-0.36%"
"2025-10-02","2.535","2.508","2.563","2.508","0.16%"
"2025-10-01","2.531","2.495","2.556","2.498","0.60%"
"2025-09-30","2.516","2.488","2.537","2.466","1.17%"
"2025-09-29","2.487","2.498","2.530","2.477","-0.36%"
"2025-09-26","2.496","2.476","2.531","2.466","0.65%"
"2025-09-25","2.480","2.486","2.514","2.455","-1.04%"
"2025-09-24","2.506","2.509","2.530","2.483","-0.59%"
"2025-09-23","2.521","2.503","2.521","2.518","0.28%"
"2025-09-22","2.514","2.505","2.548","2.507","-0.08%"
"2025-09-19","2.516","2.494","2.549","2.503","-0.98%"
"2025-09-18","2.541","2.533","2.568","2.511","-0.12%"
"2025-09-17","2.544","2.541","2.576","2.533","-0.66%"
"2025-09-16","2.561","2.560","2.594","2.520","0.47%"
"2025-09-15","2.549","2.516","2.558","2.539","0.35%"
"2025-09-12","2.540","2.526","2.557","2.525","-0.20%"
"2025-09-11","2.545","2.518","2.557","2.524","0.63%"
"2025-09-10","2.529","2.560","2.578","2.524","-1.60%"
"2025-09-09","2.570","2.546","2.589","2.534","0.19%"
"2025-09-08","2.565","2.500","2.591","2.523","0.87%"
"2025-09-05","2.543","2.536","2.567","2.528","-0.43%"
"2025-09-04","2.554","2.584","2.622","2.548","-2.30%"
"2025-09-03","2.614","2.573","2.634","2.587","0.69%"
"2025-09-02","2.596","2.559","2.612","2.556","0.78%"
"2025-09-01","2.576","2.517","2.589","2.537","1.18%"
"2025-08-29","2.546","2.538","2.568","2.544","-0.90%"
"2025-08-28","2.569","2.565","2.595","2.568","-1.04%"
"2025-08-27","2.596","2.569","2.605","2.596","-0.15%"
"2025-08-26","2.600","2.541","2.614","2.571","1.21%"
"2025-08-25","2.569","2.539","2.569","2.569","0.00%"
"2025-08-22","2.569","2.538","2.570","2.559","0.23%"
"2025-08-21","2.563","2.529","2.564","2.558","0.20%"
"2025-08-20","2.558","2.506","2.574","2.536","0.91%"
"2025-08-19","2.535","2.489","2.543","2.519","0.60%"
"2025-08-18","2.520","2.480","2.520","2.506","0.40%"
"2025-08-15","2.510","2.474","2.510","2.497","0.20%"
"2025-08-14","2.505","2.426","2.505","2.456","2.04%"
"2025-08-13","2.455","2.440","2.470","2.455","-0.65%"
"2025-08-12","2.471","2.419","2.474","2.449","0.94%"
"2025-08-11","2.448","2.418","2.448","2.448","0.00%"
"2025-08-08","2.448","2.408","2.448","2.436","0.49%"
"2025-08-07","2.436","2.408","2.448","2.434","0.04%"
"2025-08-06","2.435","2.398","2.441","2.428","0.37%"
"2025-08-05","2.426","2.415","2.445","2.414","-0.82%"
"2025-08-04","2.446","2.394","2.466","2.424","0.91%"
"2025-08-01","2.424","2.429","2.478","2.414","-1.46%"
"2025-07-31","2.460","2.438","2.469","2.450","-0.36%"
"2025-07-30","2.469","2.413","2.469","2.443","1.02%"
"2025-07-29","2.444","2.410","2.459","2.440","1.41%"
"2025-07-28","2.410","2.410","2.410","2.404","0.89%"
"2025-07-11","2.389","2.390","2.390","2.389","-0.15%"
"2025-07-10","2.392","2.394","2.394","2.386","-0.10%"
"2025-07-09","2.395","2.390","2.398","2.374","0.15%"
"2025-07-08","2.391","2.385","2.392","2.382","2.96%"
"2025-07-07","2.322","2.270","2.324","2.270","2.31%"
"2025-07-04","2.270","2.284","2.283","2.269","-0.71%"
"2025-07-03","2.286","2.251","2.289","2.251","1.61%"
"2025-07-02","2.250","2.240","2.250","2.239","0.50%"
"2025-07-01","2.239","2.239","2.239","2.230","-0.05%"
"2025-06-30","2.240","2.239","2.250","2.239","0.05%"
"2025-06-27","2.239","2.224","2.239","2.220","0.73%"
"2025-06-26","2.223","2.204","2.223","2.204","0.91%"
"2025-06-25","2.203","2.214","2.214","2.189","-0.56%"
"2025-06-24","2.215","2.214","2.217","2.206","0.00%"
"2025-06-23","2.215","2.190","2.223","2.190","1.14%"
"2025-06-20","2.190","2.213","2.234","2.176","-0.96%"
"2025-06-19","2.211","2.209","2.229","2.209","0.06%"
"2025-06-18","2.210","2.219","2.243","2.210","-0.34%"
"2025-06-17","2.217","2.204","2.239","2.205","0.74%"
"2025-06-16","2.201","2.220","2.226","2.201","-0.84%"
"2025-06-13","2.220","2.220","2.220","2.185","-0.34%"
"2025-06-12","2.227","2.243","2.259","2.227","-0.62%"
"2025-06-11","2.241","2.249","2.259","2.241","-0.39%"
"2025-06-10","2.250","2.188","2.256","2.188","2.92%"
"2025-06-09","2.186","2.180","2.227","2.180","0.28%"
"2025-06-06","2.180","2.199","2.200","2.164","-0.91%"
"2025-06-05","2.200","2.245","2.245","2.191","-2.06%"
"2025-06-04","2.246","2.215","2.254","2.215","1.47%"
"2025-06-03","2.214","2.206","2.216","2.206","0.40%"
"2025-06-02","2.205","2.206","2.207","2.197","-0.06%"
"2025-05-30","2.206","2.191","2.210","2.191","0.74%"
"2025-05-29","2.190","2.176","2.221","2.178","0.75%"
"2025-05-28","2.174","2.145","2.197","2.145","1.40%"
"2025-05-27","2.144","2.254","2.254","2.101","-4.93%"
"2025-05-26","2.255","2.255","2.255","2.255","0.00%"
"2025-05-23","2.255","2.361","2.967","2.255","-4.55%"
"2025-05-22","2.362","2.309","2.371","2.309","2.38%"
"2025-05-21","2.307","2.263","2.307","2.263","1.93%"
"2025-05-20","2.264","2.172","2.274","2.172","4.26%"
"2025-05-19","2.171","2.160","2.181","2.160","0.52%"
"2025-05-16","2.160","2.188","2.188","2.135","-1.32%"
"2025-05-15","2.189","2.193","2.201","2.184","-0.23%"
"2025-05-14","2.194","2.140","2.194","2.140","2.57%"
"2025-05-13","2.139","2.156","2.156","2.124","-0.75%"
"2025-05-12","2.155","2.110","2.191","2.110","2.13%"
"2025-05-09","2.110","2.055","2.116","2.056","2.74%"
"2025-05-08","2.054","2.031","2.064","2.034","1.17%"
"2025-05-07","2.030","1.971","2.035","1.971","3.05%"
"2025-05-05","1.970","1.970","1.970","1.970","0.00%"
"2025-05-02","1.970","1.936","1.970","1.936","1.68%"
"2025-05-01","1.938","1.940","1.960","1.926","-0.07%"
"2025-04-30","1.939","1.972","1.972","1.939","-1.77%"
"2025-04-28","1.974","2.003","2.001","1.966","-1.43%"
"2025-04-25","2.003","1.965","2.004","1.965","2.04%"
"2025-04-24","1.962","1.967","1.967","1.949","-0.19%"
"2025-04-23","1.966","1.951","1.969","1.925","0.71%"
"2025-04-22","1.952","1.919","1.965","1.919","1.83%"
"2025-04-21","1.918","1.918","1.918","1.918","-0.07%"
"2025-04-17","1.919","1.911","1.925","1.898","0.46%"
"2025-04-16","1.910","2.019","2.017","1.891","-5.51%"
"2025-04-15","2.021","2.094","2.100","1.999","-3.58%"
"2025-04-14","2.096","2.046","2.104","2.046","2.44%"
"2025-04-11","2.046","1.923","2.079","1.923","6.51%"
"2025-04-10","1.921","1.875","1.995","1.876","2.53%"
"2025-04-09","1.874","1.759","1.914","1.759","6.39%"
"2025-04-08","1.761","1.634","1.793","1.635","7.97%"
"2025-04-07","1.631","1.669","1.669","1.584","-2.10%"
"2025-04-04","1.666","1.674","1.734","1.625","-9.19%"
"2025-04-03","1.835","1.960","1.960","1.827","-6.44%"
"2025-04-02","1.961","2.000","2.000","1.951","-2.00%"
"2025-04-01","2.001","2.006","2.015","1.994","-0.12%"
"2025-03-31","2.004","2.030","2.030","1.994","-1.29%"
"2025-03-28","2.030","2.066","2.066","2.025","-1.88%"
"2025-03-27","2.069","2.099","2.099","2.057","-1.49%"
"2025-03-26","2.100","2.095","2.101","2.088","0.18%"
"2025-03-25","2.096","2.091","2.105","2.091","0.30%"
"2025-03-24","2.090","2.055","2.090","2.055","1.70%"
"2025-03-21","2.055","2.098","2.098","2.055","-1.97%"
"2025-03-19","2.096","2.074","2.098","2.070","1.03%"
"2025-03-18","2.075","2.053","2.076","2.053","1.16%"
"2025-03-17","2.051","2.035","2.051","2.035","0.80%"
"2025-03-14","2.035","2.047","2.047","2.024","-0.67%"
"2025-03-13","2.049","2.039","2.065","2.039","0.68%"
"2025-03-12","2.035","2.051","2.051","2.023","-1.04%"
"2025-03-11","2.056","2.059","2.059","2.037","-0.24%"
"2025-03-10","2.061","2.027","2.078","2.027","1.66%"
"2025-03-07","2.027","2.045","2.044","2.026","-0.98%"
"2025-03-06","2.047","2.021","2.068","2.021","1.36%"
"2025-03-05","2.020","1.947","2.020","1.952","3.79%"
"2025-03-04","1.946","1.977","1.977","1.946","-1.64%"
"2025-03-03","1.979","1.949","1.992","1.950","1.54%"
"2025-02-28","1.949","1.959","1.957","1.938","-0.57%"
"2025-02-27","1.960","1.930","1.971","1.931","1.49%"
"2025-02-26","1.931","1.910","1.940","1.910","1.18%"
"2025-02-25","1.909","1.945","1.946","1.909","-1.80%"
"2025-02-24","1.944","1.944","1.944","1.944","0.00%"
"2025-02-21","1.944","1.981","1.980","1.944","-1.83%"
"2025-02-20","1.980","2.001","2.001","1.961","-1.12%"
"2025-02-19","2.003","2.004","2.013","1.989","-0.12%"
"2025-02-18","2.005","1.979","2.010","1.979","1.39%"
"2025-02-17","1.977","1.962","1.977","1.964","0.76%"
"2025-02-14","1.962","1.935","1.962","1.935","1.48%"
"2025-02-13","1.934","1.947","1.947","1.934","-0.64%"
"2025-02-12","1.946","1.896","1.946","1.896","2.77%"
"2025-02-11","1.894","1.894","1.894","1.894","0.00%"
"2025-02-10","1.894","1.911","1.911","1.894","-0.92%"
"2025-02-07","1.911","1.893","1.911","1.889","1.06%"
"2025-02-06","1.891","1.910","1.893","1.880","-1.05%"
"2025-02-05","1.911","1.911","1.914","1.904","0.07%"
"2025-02-04","1.910","1.878","1.921","1.878","1.87%"
"2025-02-03","1.875","1.874","1.879","1.869","0.06%"
"2025-01-31","1.874","1.861","1.875","1.867","0.81%"
"2025-01-30","1.859","1.847","1.867","1.847","0.68%"
"2025-01-29","1.846","1.864","1.864","1.837","-1.07%"
"2025-01-28","1.866","1.861","1.871","1.857","0.34%"
"2025-01-27","1.860","1.890","1.890","1.841","-1.59%"
"2025-01-24","1.890","1.885","1.898","1.883","0.20%"
"2025-01-23","1.886","1.867","1.888","1.867","1.07%"
"2025-01-22","1.866","1.888","1.888","1.862","-1.06%"
"2025-01-21","1.886","1.888","1.893","1.885","-0.13%"
"2025-01-20","1.889","1.909","1.909","1.889","-1.05%"
"2025-01-17","1.909","1.940","1.940","1.909","-1.67%"
"2025-01-16","1.941","1.955","1.955","1.931","-0.77%"
"2025-01-15","1.956","1.972","1.985","1.954","-0.76%"
"2025-01-14","1.971","1.975","1.975","1.964","-0.13%"
"2025-01-13","1.974","1.974","1.974","1.974","0.00%"
"2025-01-10","1.974","1.931","1.974","1.931","2.33%"
"2025-01-09","1.929","1.957","1.954","1.929","-1.59%"
"2025-01-08","1.960","1.933","1.965","1.933","1.49%"
"2025-01-07","1.931","1.924","1.931","1.923","0.33%"
"2025-01-06","1.925","1.889","1.934","1.889","1.92%"
"2025-01-03","1.889","1.889","1.889","1.889","0.00%"
"2025-01-02","1.889","1.889","1.889","1.889","0.00%"
"2025-01-01","1.889","1.889","1.889","1.889","0.00%"
"2024-12-31","1.889","1.889","1.889","1.889","0.00%"
"2024-12-30","1.889","1.909","1.909","1.888","-1.05%"
"2024-12-27","1.909","1.855","1.909","1.856","2.83%"
"2024-12-26","1.856","1.856","1.856","1.856","0.00%"
"2024-12-25","1.856","1.856","1.856","1.856","0.00%"
"2024-12-24","1.856","1.850","1.857","1.852","0.41%"
"2024-12-23","1.849","1.829","1.849","1.829","1.09%"
"2024-12-20","1.829","1.839","1.837","1.829","-0.74%"
"2024-12-19","1.842","1.835","1.842","1.813","0.34%"
"2024-12-18","1.836","1.841","1.840","1.832","-0.34%"
"2024-12-17","1.842","1.842","1.854","1.842","0.07%"
"2024-12-16","1.841","1.821","1.842","1.821","1.10%"
"2024-12-13","1.821","1.803","1.821","1.803","1.11%"
"2024-12-12","1.801","1.825","1.825","1.799","-1.37%"
"2024-12-11","1.826","1.839","1.839","1.826","-0.74%"
"2024-12-10","1.840","1.835","1.840","1.829","0.20%"
"2024-12-09","1.836","1.829","1.836","1.821","0.41%"
"2024-12-06","1.829","1.869","1.869","1.827","-2.40%"
"2024-12-05","1.874","1.854","1.875","1.854","1.15%"
"2024-12-04","1.852","1.842","1.859","1.842","0.47%"
"2024-12-03","1.844","1.857","1.857","1.835","-0.81%"
"2024-12-02","1.859","1.837","1.862","1.837","1.16%"
"2024-11-29","1.837","1.846","1.845","1.835","-0.54%"
"2024-11-28","1.847","1.854","1.856","1.847","-0.27%"
"2024-11-27","1.852","1.856","1.870","1.852","-0.07%"
"2024-11-26","1.854","1.844","1.855","1.844","0.61%"
"2024-11-25","1.842","1.845","1.852","1.842","-0.14%"
"2024-11-22","1.845","1.851","1.859","1.845","-0.40%"
"2024-11-21","1.852","1.859","1.860","1.849","-0.20%"
"2024-11-20","1.856","1.830","1.861","1.830","1.50%"
"2024-11-19","1.829","1.861","1.861","1.829","-1.81%"
"2024-11-18","1.862","1.865","1.866","1.856","-0.13%"
"2024-11-15","1.865","1.856","1.865","1.856","0.54%"
"2024-11-14","1.855","1.831","1.857","1.831","1.43%"
"2024-11-13","1.829","1.819","1.836","1.819","0.62%"
"2024-11-12","1.817","1.808","1.819","1.809","0.69%"
"2024-11-11","1.805","1.788","1.805","1.788","0.98%"
"2024-11-08","1.788","1.784","1.800","1.784","0.28%"
"2024-11-07","1.783","1.781","1.795","1.783","0.21%"
"2024-11-06","1.779","1.744","1.779","1.747","2.08%"
"2024-11-05","1.742","1.756","1.753","1.735","-0.71%"
"2024-11-04","1.755","1.755","1.755","1.755","0.00%"
"2024-11-01","1.755","1.771","1.771","1.747","-0.99%"
"2024-10-31","1.773","1.775","1.779","1.764","-0.21%"
"2024-10-30","1.776","1.788","1.788","1.771","-0.77%"
"2024-10-29","1.790","1.776","1.793","1.776","0.85%"
"2024-10-28","1.775","1.717","1.775","1.770","3.35%"
"2024-10-25","1.717","1.732","1.732","1.711","-0.94%"
"2024-10-24","1.734","1.753","1.751","1.731","-1.14%"
"2024-10-23","1.754","1.740","1.755","1.740","0.86%"
"2024-10-22","1.739","1.745","1.750","1.735","-0.21%"
"2024-10-21","1.742","1.735","1.742","1.729","0.43%"
"2024-10-18","1.735","1.729","1.747","1.729","0.43%"
"2024-10-17","1.727","1.701","1.727","1.701","1.62%"
"2024-10-16","1.700","1.705","1.719","1.700","-0.37%"
"2024-10-15","1.706","1.705","1.717","1.697","0.67%"
"2024-10-14","1.695","1.696","1.696","1.695","0.00%"
"2024-10-11","1.695","1.690","1.695","1.690","0.30%"
"2024-10-10","1.690","1.653","1.701","1.653","2.34%"
"2024-10-09","1.651","1.646","1.654","1.646","0.38%"
"2024-10-08","1.645","1.644","1.648","1.635","0.00%"
"2024-10-07","1.645","1.626","1.653","1.631","1.15%"
"2024-10-04","1.626","1.601","1.626","1.592","1.64%"
"2024-10-03","1.600","1.596","1.600","1.591","0.16%"
"2024-10-02","1.597","1.606","1.606","1.589","-0.62%"
"2024-10-01","1.607","1.625","1.625","1.606","-1.16%"
"2024-09-30","1.626","1.631","1.631","1.619","-0.31%"
"2024-09-27","1.631","1.631","1.669","1.616","-0.07%"
"2024-09-26","1.633","1.619","1.640","1.619","0.54%"
"2024-09-25","1.624","1.635","1.635","1.616","-0.76%"
"2024-09-24","1.636","1.625","1.644","1.625","0.61%"
"2024-09-23","1.626","1.626","1.626","1.626","0.00%"
"2024-09-20","1.626","1.634","1.639","1.619","-0.31%"
"2024-09-19","1.631","1.596","1.648","1.596","2.28%"
"2024-09-18","1.595","1.577","1.595","1.577","1.19%"
"2024-09-17","1.576","1.597","1.594","1.569","-1.40%"
"2024-09-16","1.599","1.599","1.599","1.599","0.00%"
"2024-09-13","1.599","1.599","1.599","1.585","0.23%"
"2024-09-12","1.595","1.572","1.597","1.574","1.19%"
"2024-09-11","1.576","1.584","1.584","1.567","-0.55%"
"2024-09-10","1.585","1.579","1.595","1.579","0.48%"
"2024-09-09","1.577","1.549","1.585","1.577","1.85%"
"2024-09-06","1.549","1.563","1.563","1.541","-0.96%"
"2024-09-05","1.564","1.571","1.571","1.559","-0.55%"
"2024-09-04","1.572","1.610","1.610","1.572","-2.41%"
"2024-09-03","1.611","1.628","1.629","1.611","-1.07%"
"2024-09-02","1.629","1.622","1.629","1.622","0.39%"
"2024-08-30","1.622","1.596","1.622","1.596","0.78%"
"2024-08-29","1.610","1.596","1.612","1.580","1.58%"
"2024-08-28","1.585","1.595","1.604","1.566","0.39%"
"2024-08-27","1.579","1.565","1.579","1.564","1.04%"
"2024-08-26","1.563","1.563","1.569","1.551","0.00%"
"2024-08-23","1.563","1.560","1.584","1.561","-0.95%"
"2024-08-22","1.577","1.560","1.579","1.550","0.55%"
"2024-08-21","1.569","1.560","1.582","1.553","-1.26%"
"2024-08-20","1.589","1.589","1.601","1.570","-0.39%"
"2024-08-19","1.595","1.579","1.600","1.545","3.24%"
"2024-08-16","1.545","1.501","1.553","1.530","-0.16%"
"2024-08-15","1.548","1.501","1.555","1.481","4.12%"
"2024-08-14","1.486","1.482","1.516","1.472","-1.89%"
"2024-08-13","1.515","1.525","1.548","1.511","-0.58%"
"2024-08-12","1.524","1.531","1.531","1.523","0.00%"
"2024-08-09","1.524","1.539","1.576","1.510","-3.56%"
"2024-08-08","1.580","1.539","1.670","1.539","-3.51%"
"2024-08-07","1.638","1.624","1.648","1.500","7.46%"
"2024-08-06","1.524","1.514","1.569","1.464","4.81%"
"2024-08-05","1.454","1.413","1.505","1.375","-3.32%"
"2024-08-02","1.504","1.625","1.609","1.503","-6.38%"
"2024-08-01","1.606","1.625","1.659","1.587","-3.23%"
"2024-07-31","1.660","1.644","1.681","1.607","1.29%"
"2024-07-30","1.639","1.610","1.675","1.610","0.39%"
"2024-07-29","1.633","1.617","1.653","1.611","-1.21%"
"2024-07-26","1.653","1.661","1.680","1.643","-1.71%"
"2024-07-25","1.681","1.661","1.706","1.654","-1.53%"
"2024-07-24","1.707","1.690","1.710","1.679","0.81%"
"2024-07-23","1.694","1.681","1.710","1.676","-0.95%"
"2024-07-22","1.710","1.697","1.711","1.666","1.18%"
"2024-07-19","1.690","1.673","1.690","1.659","-0.22%"
"2024-07-18","1.694","1.673","1.705","1.670","-0.59%"
"2024-07-17","1.704","1.705","1.707","1.660","0.08%"
"2024-07-16","1.702","1.675","1.714","1.666","-1.24%"
"2024-07-15","1.724","1.704","1.724","1.700","0.00%"
"2024-07-12","1.724","1.731","1.726","1.692","-0.14%"
"2024-07-11","1.726","1.731","1.756","1.711","-1.78%"
"2024-07-10","1.758","1.734","1.763","1.732","-0.14%"
"2024-07-09","1.760","1.740","1.760","1.615","0.14%"
"2024-07-08","1.758","1.742","1.763","1.739","0.29%"
"2024-07-05","1.753","1.741","1.759","1.726","-0.43%"
"2024-07-04","1.760","1.741","1.768","1.737","-0.14%"
"2024-07-03","1.763","1.764","1.785","1.736","-1.33%"
"2024-07-02","1.786","1.768","1.789","1.745","1.06%"
"2024-07-01","1.768","1.745","1.768","1.737","1.73%"
"2024-06-28","1.737","1.739","1.750","1.720","-0.14%"
"2024-06-27","1.740","1.739","1.754","1.726","0.87%"
"2024-06-26","1.725","1.724","1.731","1.689","1.77%"
"2024-06-25","1.695","1.688","1.695","1.679","0.59%"
"2024-06-24","1.685","1.680","1.688","1.655","1.81%"
"2024-06-21","1.655","1.643","1.666","1.646","0.61%"
"2024-06-20","1.645","1.643","1.663","1.625","1.23%"
"2024-06-19","1.625","1.620","1.654","1.620","-1.59%"
"2024-06-18","1.651","1.649","1.651","1.628","1.00%"
"2024-06-17","1.635","1.619","1.635","1.614","0.07%"
"2024-06-14","1.634","1.675","1.694","1.611","-3.61%"
"2024-06-13","1.695","1.675","1.695","1.653","0.59%"
"2024-06-12","1.685","1.695","1.732","1.679","-2.88%"
"2024-06-11","1.735","1.724","1.749","1.712","-0.65%"
"2024-06-10","1.746","1.737","1.754","1.715","1.01%"
"2024-06-07","1.729","1.668","1.729","1.660","2.30%"
"2024-06-06","1.690","1.668","1.727","1.656","-2.39%"
"2024-06-05","1.731","1.729","1.750","1.692","-0.21%"
"2024-06-04","1.735","1.725","1.790","1.717","-3.21%"
"2024-06-03","1.793","1.775","1.804","1.760","-0.55%"
"2024-05-31","1.803","1.773","1.808","1.773","0.91%"
"2024-05-30","1.786","1.773","1.817","1.764","-0.97%"
"2024-05-29","1.804","1.785","1.806","1.773","1.91%"
"2024-05-28","1.770","1.751","1.775","1.750","0.93%"
"2024-05-27","1.754","1.754","1.764","1.741","-0.50%"
"2024-05-24","1.763","1.739","1.765","1.734","0.14%"
"2024-05-23","1.760","1.739","1.765","1.734","-0.36%"
"2024-05-22","1.766","1.754","1.773","1.716","2.25%"
"2024-05-21","1.727","1.717","1.750","1.715","-1.36%"
"2024-05-20","1.751","1.729","1.751","1.724","0.65%"
"2024-05-17","1.740","1.689","1.740","1.699","1.23%"
"2024-05-16","1.719","1.689","1.729","1.678","1.40%"
"2024-05-15","1.695","1.711","1.741","1.695","-2.59%"
"2024-05-14","1.740","1.721","1.749","1.717","1.16%"
"2024-05-13","1.720","1.714","1.739","1.694","0.44%"
"2024-05-10","1.712","1.689","1.719","1.678","0.22%"
"2024-05-09","1.709","1.689","1.712","1.679","1.71%"
"2024-05-08","1.680","1.665","1.697","1.641","1.44%"
"2024-05-07","1.656","1.661","1.707","1.655","0.00%"
"2024-05-06","1.656","1.709","1.709","1.656","-3.00%"
"2024-05-03","1.707","1.707","1.707","1.707","0.00%"
"2024-05-02","1.707","1.666","1.709","1.655","1.26%"
"2024-05-01","1.686","1.666","1.700","1.646","-0.44%"
"2024-04-30","1.694","1.649","1.694","1.636","0.89%"
"2024-04-29","1.679","1.681","1.681","1.640","0.00%"
"2024-04-26","1.679","1.726","1.725","1.648","-2.82%"
"2024-04-25","1.727","1.726","1.727","1.665","0.73%"
"2024-04-24","1.715","1.673","1.715","1.663","0.88%"
"2024-04-23","1.700","1.699","1.717","1.650","1.34%"
"2024-04-22","1.678","1.659","1.691","1.634","1.43%"
"2024-04-19","1.654","1.655","1.675","1.594","-1.34%"
"2024-04-18","1.676","1.641","1.689","1.635","-0.81%"
"2024-04-17","1.690","1.668","1.706","1.661","-0.73%"
"2024-04-16","1.702","1.701","1.704","1.654","0.59%"
"2024-04-15","1.692","1.691","1.692","1.640","1.42%"
"2024-04-12","1.669","1.678","1.694","1.639","-1.55%"
"2024-04-11","1.695","1.678","1.706","1.615","5.36%"
"2024-04-10","1.609","1.575","1.620","1.571","1.09%"
"2024-04-09","1.591","1.574","1.597","1.558","0.56%"
"2024-04-08","1.582","1.563","1.584","1.550","1.61%"
"2024-04-05","1.558","1.550","1.565","1.530","-0.40%"
"2024-04-04","1.564","1.550","1.574","1.544","-0.32%"
"2024-04-03","1.569","1.548","1.569","1.539","0.24%"
"2024-04-02","1.565","1.544","1.571","1.501","3.73%"
"2024-04-01","1.509","1.509","1.526","1.499","0.41%"
"2024-03-29","1.503","1.471","1.503","1.462","0.25%"
"2024-03-28","1.499","1.471","1.505","1.462","-0.66%"
"2024-03-27","1.509","1.492","1.524","1.487","-1.15%"
"2024-03-26","1.526","1.497","1.533","1.497","-0.49%"
"2024-03-25","1.534","1.504","1.534","1.484","1.41%"
"2024-03-22","1.513","1.495","1.526","1.499","-0.41%"
"2024-03-21","1.519","1.495","1.519","1.484","1.25%"
"2024-03-20","1.500","1.485","1.490","1.480","0.00%"
"2024-03-19","1.500","1.496","1.509","1.464","-0.42%"
"2024-03-18","1.506","1.496","1.545","1.374","-1.47%"
"2024-03-17","1.529","1.545","1.545","1.523","-1.06%"
"2024-03-15","1.545","1.526","1.558","1.521","-0.89%"
"2024-03-14","1.559","1.526","1.560","1.510","2.05%"
"2024-03-13","1.528","1.503","1.530","1.494","-0.25%"
"2024-03-12","1.531","1.515","1.535","1.511","-0.32%"
"2024-03-11","1.536","1.523","1.540","1.510","1.57%"
"2024-03-10","1.513","1.519","1.519","1.489","-0.41%"
"2024-03-09","1.519","1.519","1.519","1.519","0.00%"
"2024-03-08","1.519","1.482","1.519","1.475","0.92%"
"2024-03-07","1.505","1.482","1.505","1.455","2.38%"
"2024-03-06","1.470","1.460","1.476","1.445","-0.17%"
"2024-03-05","1.472","1.464","1.510","1.457","-2.57%"
"2024-03-04","1.511","1.487","1.513","1.460","3.43%"
"2024-03-03","1.461","1.496","1.496","1.461","-2.51%"
"2024-03-01","1.499","1.496","1.506","1.472","-0.58%"
"2024-02-29","1.508","1.490","1.524","1.465","2.38%"
"2024-02-28","1.472","1.472","1.504","1.464","-0.84%"
"2024-02-27","1.485","1.457","1.485","1.454","0.51%"
"2024-02-26","1.477","1.444","1.516","1.444","0.00%"
"2024-02-25","1.477","1.516","1.516","1.477","-0.59%"
"2024-02-23","1.486","1.486","1.486","1.486","0.00%"
"2024-02-22","1.486","1.489","1.519","1.479","-2.22%"
"2024-02-21","1.520","1.489","1.525","1.486","-0.49%"
"2024-02-20","1.528","1.504","1.558","1.501","-2.01%"
"2024-02-19","1.559","1.531","1.571","1.531","1.22%"
"2024-02-18","1.540","1.571","1.571","1.538","-1.99%"
"2024-02-16","1.571","1.544","1.579","1.529","0.00%"
"2024-02-15","1.571","1.544","1.585","1.526","-0.95%"
"2024-02-14","1.586","1.560","1.600","1.543","-1.01%"
"2024-02-13","1.602","1.538","1.604","1.536","2.07%"
"2024-02-12","1.570","1.543","1.570","1.540","0.00%"
"2024-02-11","1.570","1.570","1.570","1.570","0.00%"
"2024-02-09","1.570","1.523","1.571","1.523","0.72%"
"2024-02-08","1.559","1.523","1.559","1.513","0.00%"
"2024-02-07","1.559","1.533","1.567","1.519","-0.24%"
"2024-02-06","1.563","1.541","1.586","1.529","-1.57%"
"2024-02-05","1.587","1.546","1.587","1.538","3.00%"
"2024-02-04","1.541","1.567","1.567","1.492","-1.68%"
"2024-02-03","1.567","1.567","1.567","1.567","0.00%"
"2024-02-02","1.567","1.514","1.567","1.486","1.70%"
"2024-02-01","1.541","1.514","1.592","1.503","-2.91%"
"2024-01-31","1.587","1.566","1.600","1.564","-0.16%"
"2024-01-30","1.590","1.553","1.596","1.551","-0.47%"
"2024-01-29","1.597","1.566","1.606","1.551","0.87%"
"2024-01-28","1.584","1.584","1.584","1.550","0.00%"
"2024-01-27","1.584","1.584","1.584","1.584","0.00%"
"2024-01-26","1.584","1.587","1.610","1.544","-1.71%"
"2024-01-25","1.611","1.587","1.616","1.541","2.87%"
"2024-01-24","1.566","1.534","1.589","1.528","2.37%"
"2024-01-23","1.530","1.504","1.548","1.457","0.33%"
"2024-01-22","1.525","1.504","1.541","1.482","0.99%"
"2024-01-21","1.510","1.541","1.541","1.510","-2.03%"
"2024-01-20","1.541","1.541","1.541","1.541","0.00%"
"2024-01-19","1.541","1.451","1.544","1.455","4.32%"
"2024-01-18","1.477","1.451","1.486","1.398","4.97%"
"2024-01-17","1.408","1.376","1.408","1.376","1.81%"
"2024-01-16","1.383","1.365","1.384","1.355","1.93%"
"2024-01-15","1.356","1.383","1.383","1.337","-0.64%"
"2024-01-14","1.365","1.383","1.383","1.365","-1.27%"
"2024-01-12","1.383","1.372","1.403","1.371","-1.34%"
"2024-01-11","1.401","1.413","1.423","1.371","-1.14%"
"2024-01-10","1.418","1.408","1.425","1.386","-0.62%"
"2024-01-09","1.426","1.431","1.435","1.405","-0.52%"
"2024-01-08","1.434","1.434","1.434","1.431","0.00%"
"2024-01-05","1.434","1.434","1.434","1.434","-1.29%"
"2024-01-04","1.452","1.452","1.452","1.452","-0.60%"
"2024-01-03","1.461","1.461","1.461","1.461","0.00%"
"2024-01-02","1.461","1.461","1.461","1.461","0.00%"
"2024-01-01","1.461","1.461","1.461","1.461","0.00%"
"2023-12-31","1.461","1.461","1.461","1.461","0.00%"
"2023-12-29","1.461","1.421","1.462","1.424","2.82%"
"2023-12-28","1.421","1.421","1.438","1.398","0.88%"
"2023-12-27","1.409","1.408","1.420","1.396","-1.22%"
"2023-12-26","1.426","1.426","1.429","1.411","1.42%"
"2023-12-25","1.406","1.406","1.410","1.350","0.80%"
"2023-12-24","1.395","1.410","1.410","1.395","-1.06%"
"2023-12-22","1.410","1.364","1.414","1.379","2.36%"
"2023-12-21","1.378","1.364","1.388","1.326","2.61%"
"2023-12-20","1.342","1.316","1.366","1.306","-1.83%"
"2023-12-19","1.367","1.350","1.444","1.327","-6.26%"
"2023-12-18","1.459","1.423","1.467","1.423","0.70%"
"2023-12-17","1.449","1.467","1.467","1.438","-1.28%"
"2023-12-15","1.467","1.423","1.484","1.428","0.34%"
"2023-12-14","1.462","1.423","1.501","1.394","-2.75%"
"2023-12-13","1.504","1.476","1.558","1.416","-3.60%"
"2023-12-12","1.560","1.521","1.602","1.499","-2.80%"
"2023-12-11","1.605","1.572","1.639","1.567","-0.77%"
"2023-12-10","1.617","1.639","1.639","1.581","-1.30%"
"2023-12-08","1.639","1.541","1.643","1.549","4.38%"
"2023-12-07","1.570","1.541","1.591","1.445","7.07%"
"2023-12-06","1.466","1.433","1.518","1.421","-3.62%"
"2023-12-05","1.521","1.494","1.567","1.460","-3.03%"
"2023-12-04","1.569","1.519","1.569","1.476","5.74%"
"2023-12-03","1.484","1.558","1.558","1.484","-4.74%"
"2023-12-01","1.558","1.506","1.571","1.514","-0.24%"
"2023-11-30","1.561","1.506","1.561","1.434","3.23%"
"2023-11-29","1.513","1.480","1.600","1.475","-5.84%"
"2023-11-28","1.606","1.566","1.609","1.543","0.31%"
"2023-11-27","1.601","1.571","1.614","1.554","2.16%"
"2023-11-26","1.567","1.607","1.607","1.566","-2.49%"
"2023-11-24","1.607","1.523","1.616","1.529","2.47%"
"2023-11-23","1.569","1.523","1.533","1.523","0.00%"
"2023-11-22","1.569","1.470","1.570","1.467","4.15%"
"2023-11-21","1.506","1.470","1.549","1.456","-3.98%"
"2023-11-20","1.569","1.528","1.575","1.506","1.96%"
"2023-11-19","1.539","1.564","1.564","1.510","-1.61%"
"2023-11-18","1.564","1.564","1.564","1.564","0.00%"
"2023-11-17","1.564","1.566","1.594","1.499","-2.34%"
"2023-11-16","1.601","1.566","1.622","1.540","-0.69%"
"2023-11-15","1.612","1.556","1.628","1.516","-1.07%"
"2023-11-14","1.630","1.611","1.695","1.561","-4.12%"
"2023-11-13","1.700","1.648","1.701","1.617","5.19%"
"2023-11-12","1.616","1.656","1.656","1.606","-2.42%"
"2023-11-11","1.656","1.656","1.656","1.656","0.00%"
"2023-11-10","1.656","1.572","1.664","1.590","1.84%"
"2023-11-09","1.626","1.572","1.661","1.570","-2.18%"
"2023-11-08","1.663","1.617","1.707","1.589","-2.71%"
"2023-11-07","1.709","1.653","1.719","1.644","-0.65%"
"2023-11-06","1.720","1.658","1.759","1.651","0.88%"
"2023-11-05","1.705","1.759","1.759","1.670","-3.06%"
"2023-11-04","1.759","1.759","1.759","1.759","0.83%"
"2023-11-03","1.744","1.744","1.744","1.744","-0.82%"
"2023-11-02","1.759","1.760","1.803","1.707","-2.49%"
"2023-11-01","1.804","1.760","1.821","1.734","0.63%"
"2023-10-31","1.793","1.734","1.826","1.704","-1.92%"
"2023-10-30","1.827","1.731","1.827","1.712","6.72%"
"2023-10-29","1.712","1.768","1.768","1.704","-2.18%"
"2023-10-28","1.751","1.751","1.751","1.751","-0.96%"
"2023-10-27","1.768","1.700","1.770","1.694","1.00%"
"2023-10-26","1.750","1.700","1.763","1.692","-0.22%"
"2023-10-25","1.754","1.689","1.770","1.683","-0.92%"
"2023-10-24","1.770","1.710","1.775","1.692","-0.49%"
"2023-10-23","1.779","1.730","1.786","1.707","3.72%"
"2023-10-22","1.715","1.737","1.737","1.688","-1.29%"
"2023-10-20","1.737","1.692","1.751","1.675","-0.50%"
"2023-10-19","1.746","1.692","1.747","1.640","2.80%"
"2023-10-18","1.699","1.643","1.710","1.634","-0.59%"
"2023-10-17","1.709","1.644","1.709","1.576","4.91%"
"2023-10-16","1.629","1.569","1.629","1.549","2.80%"
"2023-10-15","1.584","1.599","1.599","1.545","-0.66%"
"2023-10-14","1.595","1.595","1.595","1.595","-0.23%"
"2023-10-13","1.599","1.567","1.614","1.550","0.00%"
"2023-10-12","1.599","1.536","1.605","1.524","-0.47%"
"2023-10-11","1.606","1.609","1.671","1.539","-4.03%"
"2023-10-10","1.674","1.605","1.692","1.579","-1.18%"
"2023-10-09","1.694","1.694","1.694","1.606","0.00%"
"2023-10-08","1.694","1.694","1.694","1.694","1.16%"
"2023-10-07","1.674","1.674","1.674","1.674","-1.15%"
"2023-10-06","1.694","1.639","1.696","1.628","-0.22%"
"2023-10-05","1.697","1.600","1.706","1.594","2.64%"
"2023-10-04","1.654","1.580","1.689","1.580","1.93%"
"2023-10-03","1.622","1.551","1.622","1.536","0.86%"
"2023-10-02","1.609","1.525","1.609","1.525","3.04%"
"2023-10-01","1.561","1.563","1.563","1.510","-0.08%"
"2023-09-30","1.563","1.563","1.563","1.563","0.00%"
"2023-09-29","1.563","1.487","1.570","1.486","-0.40%"
"2023-09-28","1.569","1.481","1.569","1.481","2.54%"
"2023-09-27","1.530","1.457","1.534","1.455","0.99%"
"2023-09-26","1.515","1.474","1.521","1.455","-0.49%"
"2023-09-25","1.523","1.456","1.523","1.449","4.64%"
"2023-09-24","1.455","1.508","1.508","1.454","-2.51%"
"2023-09-23","1.492","1.492","1.492","1.492","-1.00%"
"2023-09-22","1.508","1.456","1.606","1.442","-0.99%"
"2023-09-21","1.523","1.470","1.523","1.447","1.33%"
"2023-09-20","1.503","1.459","1.520","1.454","-1.07%"
"2023-09-19","1.519","1.486","1.520","1.446","1.25%"
"2023-09-18","1.500","1.485","1.500","1.442","0.00%"
"2023-09-17","1.500","1.500","1.500","1.500","0.00%"
"2023-09-15","1.500","1.457","1.513","1.434","-1.07%"
"2023-09-14","1.516","1.474","1.519","1.411","2.20%"
"2023-09-13","1.484","1.510","1.524","1.431","-2.71%"
"2023-09-12","1.525","1.470","1.533","1.461","0.41%"
"2023-09-11","1.519","1.474","1.529","1.455","2.97%"
"2023-09-10","1.475","1.470","1.513","1.423","0.34%"
"2023-09-08","1.470","1.408","1.475","1.399","0.25%"
"2023-09-07","1.466","1.409","1.470","1.393","0.34%"
"2023-09-06","1.461","1.421","1.470","1.399","-0.68%"
"2023-09-05","1.471","1.408","1.471","1.408","1.20%"
"2023-09-04","1.454","1.398","1.455","1.395","1.09%"
"2023-09-03","1.438","1.441","1.441","1.383","-0.22%"
"2023-09-01","1.441","1.439","1.456","1.379","-1.20%"
"2023-08-31","1.459","1.447","1.472","1.396","0.61%"
"2023-08-30","1.450","1.436","1.466","1.403","-0.68%"
"2023-08-29","1.460","1.385","1.470","1.385","1.30%"
"2023-08-28","1.441","1.408","1.464","1.388","-0.26%"
"2023-08-27","1.445","1.464","1.464","1.401","-1.28%"
"2023-08-25","1.464","1.408","1.475","1.393","-0.85%"
"2023-08-24","1.476","1.399","1.476","1.384","1.55%"
"2023-08-23","1.454","1.404","1.487","1.398","-1.19%"
"2023-08-22","1.471","1.458","1.482","1.404","-0.25%"
"2023-08-21","1.475","1.380","1.476","1.380","3.92%"
"2023-08-20","1.419","1.435","1.435","1.372","-1.09%"
"2023-08-18","1.435","1.441","1.475","1.371","-2.88%"
"2023-08-17","1.477","1.386","1.481","1.327","6.01%"
"2023-08-16","1.394","1.351","1.416","1.331","-1.67%"
"2023-08-15","1.418","1.377","1.423","1.320","1.25%"
"2023-08-14","1.400","1.363","1.400","1.324","5.56%"
"2023-08-13","1.326","1.359","1.362","1.288","3.01%"
"2023-08-11","1.288","1.288","1.288","1.288","-5.24%"
"2023-08-10","1.359","1.318","1.359","1.276","2.16%"
"2023-08-09","1.330","1.331","1.359","1.249","-0.84%"
"2023-08-08","1.341","1.362","1.416","1.289","-5.46%"
"2023-08-07","1.419","1.378","1.421","1.334","3.04%"
"2023-08-06","1.377","1.398","1.410","1.335","-1.52%"
"2023-08-05","1.398","1.398","1.398","1.398","-0.84%"
"2023-08-04","1.410","1.344","1.439","1.344","2.22%"
"2023-08-03","1.379","1.317","1.414","1.305","-0.22%"
"2023-08-02","1.383","1.289","1.386","1.284","1.65%"
"2023-08-01","1.360","1.260","1.360","1.253","4.57%"
"2023-07-31","1.301","1.210","1.330","1.210","4.21%"
"2023-07-30","1.248","1.249","1.249","1.185","-0.06%"
"2023-07-29","1.249","1.249","1.249","1.249","0.00%"
"2023-07-28","1.249","1.160","1.255","1.117","9.66%"
"2023-07-27","1.139","1.095","1.206","1.063","-0.97%"
"2023-07-26","1.150","1.102","1.161","1.081","0.38%"
"2023-07-25","1.146","1.087","1.164","1.086","0.60%"
"2023-07-24","1.139","1.079","1.153","1.069","1.40%"
"2023-07-23","1.123","1.128","1.128","1.051","-0.39%"
"2023-07-21","1.128","1.168","1.209","1.038","-6.92%"
"2023-07-20","1.211","1.139","1.211","1.120","0.21%"
"2023-07-19","1.209","1.192","1.216","1.139","-0.71%"
"2023-07-18","1.217","1.149","1.244","1.146","0.72%"
"2023-07-17","1.209","1.209","1.209","1.150","0.00%"
"2023-07-16","1.209","1.159","1.209","1.159","0.00%"
"2023-07-14","1.209","1.136","1.224","1.121","3.93%"
"2023-07-13","1.163","1.121","1.185","1.101","-1.33%"
"2023-07-12","1.179","1.138","1.202","1.087","2.28%"
"2023-07-11","1.153","1.100","1.160","1.091","-0.33%"
"2023-07-10","1.156","1.090","1.168","1.086","6.45%"
"2023-07-09","1.086","1.119","1.129","1.063","-2.91%"
"2023-07-08","1.119","1.119","1.119","1.119","0.00%"
"2023-07-07","1.119","1.077","1.124","1.030","4.19%"
"2023-07-06","1.074","1.009","1.076","1.001","3.00%"
"2023-07-05","1.043","1.061","1.070","0.996","-2.69%"
"2023-07-04","1.071","1.024","1.079","1.005","-0.58%"
"2023-07-03","1.077","1.064","1.082","1.011","1.12%"
"2023-07-02","1.066","1.074","1.074","1.020","-0.41%"
"2023-07-01","1.070","1.070","1.070","1.070","-0.35%"
"2023-06-30","1.074","1.003","1.085","1.003","0.83%"
"2023-06-29","1.065","0.994","1.065","0.984","2.16%"
"2023-06-28","1.043","1.047","1.060","0.991","-0.60%"
"2023-06-27","1.049","1.013","1.049","0.969","2.32%"
"2023-06-26","1.025","0.988","1.045","0.961","4.06%"
"2023-06-25","0.985","1.045","1.045","0.985","-5.74%"
"2023-06-23","1.045","1.008","1.053","0.986","0.36%"
"2023-06-22","1.041","0.993","1.054","0.985","0.18%"
"2023-06-21","1.039","0.986","1.049","0.978","-0.54%"
"2023-06-20","1.045","1.058","1.069","0.984","-2.34%"
"2023-06-19","1.070","1.063","1.076","1.006","5.68%"
"2023-06-18","1.013","1.076","1.076","1.013","-4.88%"
"2023-06-17","1.064","1.064","1.064","1.064","-1.11%"
"2023-06-16","1.076","1.083","1.100","1.001","-1.03%"
"2023-06-15","1.087","1.026","1.094","1.023","0.93%"
"2023-06-14","1.077","1.039","1.090","1.025","-0.58%"
"2023-06-13","1.084","1.038","1.092","1.016","-0.91%"
"2023-06-12","1.094","1.076","1.095","1.019","6.45%"
"2023-06-11","1.028","1.078","1.089","1.028","-5.63%"
"2023-06-09","1.089","1.079","1.099","1.034","-0.34%"
"2023-06-08","1.092","1.039","1.099","1.024","2.22%"
"2023-06-07","1.069","1.026","1.082","1.013","-1.49%"
"2023-06-06","1.085","1.094","1.100","1.023","-1.59%"
"2023-06-05","1.102","1.055","1.108","1.045","0.46%"
"2023-06-04","1.097","1.084","1.100","1.039","-0.23%"
"2023-06-02","1.100","1.074","1.100","1.031","0.69%"
"2023-06-01","1.092","1.091","1.111","1.034","-1.13%"
"2023-05-31","1.105","1.029","1.105","1.023","0.79%"
"2023-05-30","1.096","1.087","1.105","1.030","3.91%"
"2023-05-29","1.055","1.049","1.102","1.040","-3.55%"
"2023-05-28","1.094","1.099","1.099","1.044","-0.45%"
"2023-05-26","1.099","1.128","1.160","1.041","-0.40%"
"2023-05-25","1.103","1.031","1.130","1.029","2.85%"
"2023-05-24","1.072","1.015","1.089","1.014","-0.23%"
"2023-05-23","1.075","1.043","1.075","0.986","2.38%"
"2023-05-22","1.050","0.999","1.054","0.983","0.30%"
"2023-05-21","1.047","1.054","1.054","1.000","-1.00%"
"2023-05-19","1.058","1.011","1.060","0.999","-0.36%"
"2023-05-18","1.061","1.028","1.061","0.983","4.05%"
"2023-05-17","1.020","1.068","1.071","0.962","-5.12%"
"2023-05-16","1.075","1.025","1.076","1.011","5.01%"
"2023-05-15","1.024","1.054","1.076","1.010","0.99%"
"2023-05-14","1.014","1.054","1.054","1.003","-3.81%"
"2023-05-13","1.054","1.054","1.054","1.054","0.00%"
"2023-05-12","1.054","1.026","1.054","0.946","2.31%"
"2023-05-11","1.030","1.019","1.070","0.976","-4.08%"
"2023-05-10","1.074","1.044","1.094","1.019","-2.05%"
"2023-05-09","1.096","1.089","1.096","1.044","1.27%"
"2023-05-08","1.082","1.078","1.087","1.030","0.29%"
"2023-05-07","1.079","1.086","1.086","1.039","-0.57%"
"2023-05-06","1.086","1.086","1.086","1.086","1.10%"
"2023-05-05","1.074","1.074","1.074","1.074","0.00%"
"2023-05-04","1.074","1.074","1.074","1.074","0.00%"
"2023-05-03","1.074","1.074","1.074","1.074","-0.11%"
"2023-05-02","1.075","1.086","1.104","1.041","-0.23%"
"2023-05-01","1.077","1.010","1.084","1.006","2.74%"
"2023-04-30","1.049","1.039","1.049","0.991","0.12%"
"2023-04-29","1.048","1.048","1.048","1.048","0.00%"
"2023-04-28","1.048","1.107","1.170","0.991","-7.71%"
"2023-04-27","1.135","1.075","1.153","1.067","1.85%"
"2023-04-26","1.114","1.111","1.130","1.061","-1.93%"
"2023-04-25","1.136","1.112","1.166","1.065","-2.46%"
"2023-04-24","1.165","1.157","1.170","1.092","0.75%"
"2023-04-23","1.156","1.155","1.156","1.102","0.11%"
"2023-04-21","1.155","1.101","1.161","1.087","-0.11%"
"2023-04-20","1.156","1.077","1.159","1.067","0.87%"
"2023-04-19","1.146","1.097","1.153","1.079","-0.32%"
"2023-04-18","1.150","1.120","1.174","1.096","-2.13%"
"2023-04-17","1.175","1.100","1.179","1.100","6.94%"
"2023-04-16","1.099","1.143","1.143","1.082","-3.83%"
"2023-04-14","1.143","1.064","1.143","1.061","3.16%"
"2023-04-13","1.107","1.065","1.121","1.056","-1.34%"
"2023-04-12","1.122","1.104","1.143","1.064","-1.75%"
"2023-04-11","1.143","1.065","1.143","1.055","6.03%"
"2023-04-10","1.077","1.081","1.135","1.067","-3.42%"
"2023-04-09","1.116","1.135","1.135","1.071","0.73%"
"2023-04-08","1.107","1.107","1.107","1.107","3.39%"
"2023-04-07","1.071","1.082","1.142","1.054","-4.52%"
"2023-04-06","1.122","1.149","1.153","1.077","-3.18%"
"2023-04-05","1.159","1.143","1.173","1.092","0.22%"
"2023-04-04","1.156","1.066","1.168","1.066","3.12%"
"2023-04-03","1.121","1.054","1.130","1.054","2.40%"
"2023-04-02","1.095","1.096","1.096","1.045","0.17%"
"2023-04-01","1.093","1.093","1.093","1.093","-0.29%"
"2023-03-31","1.096","1.038","1.106","1.005","1.86%"
"2023-03-30","1.076","1.033","1.096","0.996","2.50%"
"2023-03-29","1.050","1.045","1.096","0.994","-4.33%"
"2023-03-28","1.097","1.138","1.179","1.039","-6.50%"
"2023-03-27","1.174","1.085","1.180","1.079","8.06%"
"2023-03-26","1.086","1.120","1.128","1.069","-2.70%"
"2023-03-24","1.116","1.087","1.151","1.069","-0.83%"
"2023-03-23","1.126","1.123","1.169","1.074","-4.11%"
"2023-03-22","1.174","1.086","1.180","1.076","6.95%"
"2023-03-21","1.097","1.018","1.131","1.018","0.00%"
"2023-03-20","1.097","1.102","1.143","1.008","0.28%"
"2023-03-19","1.094","1.104","1.141","1.051","-0.85%"
"2023-03-17","1.104","1.124","1.150","1.061","0.57%"
"2023-03-16","1.097","0.957","1.145","0.957","10.99%"
"2023-03-15","0.989","1.043","1.160","0.962","0.25%"
"2023-03-14","0.986","0.986","1.043","0.880","-4.13%"
"2023-03-13","1.029","1.175","1.251","0.940","-15.54%"
"2023-03-12","1.218","1.251","1.265","1.176","-3.85%"
"2023-03-11","1.267","1.267","1.267","1.267","1.25%"
"2023-03-10","1.251","1.293","1.330","1.170","-6.09%"
"2023-03-09","1.332","1.293","1.342","1.247","2.99%"
"2023-03-08","1.294","1.240","1.308","1.240","0.39%"
"2023-03-07","1.289","1.270","1.289","1.216","0.98%"
"2023-03-06","1.276","1.215","1.276","1.214","1.70%"
"2023-03-05","1.255","1.265","1.265","1.211","-0.79%"
"2023-03-03","1.265","1.261","1.269","1.204","0.20%"
"2023-03-02","1.263","1.186","1.269","1.186","3.53%"
"2023-03-01","1.219","1.158","1.240","1.129","0.62%"
"2023-02-28","1.212","1.278","1.278","1.160","-5.09%"
"2023-02-27","1.277","1.246","1.293","1.224","-0.58%"
"2023-02-26","1.284","1.293","1.293","1.239","-0.63%"
"2023-02-25","1.293","1.293","1.293","1.293","0.09%"
"2023-02-24","1.291","1.242","1.294","1.224","-0.58%"
"2023-02-23","1.299","1.299","1.299","1.244","0.00%"
"2023-02-22","1.299","1.339","1.344","1.293","-2.81%"
"2023-02-21","1.336","1.325","1.341","1.311","0.94%"
"2023-02-20","1.324","1.314","1.331","1.313","0.67%"
"2023-02-19","1.315","1.329","1.331","1.313","-1.04%"
"2023-02-17","1.329","1.316","1.335","1.313","0.76%"
"2023-02-16","1.319","1.318","1.327","1.308","0.10%"
"2023-02-15","1.317","1.307","1.319","1.291","0.86%"
"2023-02-14","1.306","1.309","1.319","1.286","-1.04%"
"2023-02-13","1.320","1.365","1.373","1.308","-3.16%"
"2023-02-12","1.363","1.369","1.371","1.363","-0.60%"
"2023-02-10","1.371","1.342","1.385","1.337","2.62%"
"2023-02-09","1.336","1.336","1.341","1.331","-0.65%"
"2023-02-08","1.345","1.337","1.345","1.329","-0.10%"
"2023-02-07","1.346","1.344","1.350","1.334","0.75%"
"2023-02-06","1.336","1.334","1.352","1.324","0.19%"
"2023-02-05","1.334","1.350","1.350","1.326","-1.20%"
"2023-02-03","1.350","1.309","1.350","1.304","2.47%"
"2023-02-02","1.317","1.339","1.357","1.307","-3.57%"
"2023-02-01","1.366","1.384","1.389","1.337","-1.49%"
"2023-01-31","1.387","1.426","1.433","1.385","-3.27%"
"2023-01-30","1.434","1.381","1.434","1.367","3.76%"
"2023-01-29","1.382","1.389","1.396","1.382","-0.50%"
"2023-01-28","1.389","1.389","1.389","1.389","-0.67%"
"2023-01-27","1.398","1.347","1.407","1.327","5.61%"
"2023-01-26","1.324","1.326","1.352","1.297","0.67%"
"2023-01-25","1.315","1.299","1.324","1.289","0.47%"
"2023-01-24","1.309","1.337","1.349","1.301","-2.87%"
"2023-01-23","1.347","1.331","1.349","1.307","1.32%"
"2023-01-22","1.330","1.331","1.331","1.325","0.52%"
"2023-01-21","1.323","1.323","1.323","1.323","-0.62%"
"2023-01-20","1.331","1.331","1.339","1.294","0.48%"
"2023-01-19","1.325","1.318","1.349","1.303","0.28%"
"2023-01-18","1.321","1.316","1.349","1.217","0.10%"
"2023-01-17","1.320","1.342","1.352","1.313","-1.31%"
"2023-01-16","1.337","1.384","1.386","1.299","-3.56%"
"2023-01-15","1.387","1.386","1.387","1.386","-0.04%"
"2023-01-14","1.388","1.388","1.388","1.388","0.09%"
"2023-01-13","1.386","1.458","1.476","1.378","-4.64%"
"2023-01-12","1.454","1.396","1.465","1.373","6.02%"
"2023-01-11","1.371","1.404","1.409","1.369","-2.74%"
"2023-01-10","1.410","1.332","1.414","1.328","5.52%"
"2023-01-09","1.336","1.341","1.341","1.331","0.00%"
"2023-01-08","1.336","1.336","1.336","1.336","0.00%"
"2023-01-06","1.336","1.337","1.346","1.325","0.75%"
"2023-01-05","1.326","1.371","1.376","1.321","-2.38%"
"2023-01-04","1.359","1.370","1.378","1.351","-0.37%"
"2023-01-03","1.364","1.366","1.369","1.366","0.00%"
"2023-01-02","1.364","1.364","1.364","1.364","0.00%"
"2023-01-01","1.364","1.364","1.364","1.364","0.00%"
"2022-12-30","1.364","1.357","1.377","1.350","0.55%"
"2022-12-29","1.356","1.321","1.367","1.320","2.65%"
"2022-12-28","1.321","1.308","1.341","1.270","1.34%"
"2022-12-27","1.304","1.266","1.309","1.266","3.32%"
"2022-12-26","1.262","1.266","1.266","1.239","-0.39%"
"2022-12-25","1.267","1.265","1.267","1.265","-0.09%"
"2022-12-23","1.268","1.265","1.315","1.251","1.65%"
"2022-12-22","1.247","1.214","1.268","1.195","4.28%"
"2022-12-21","1.196","1.289","1.330","1.194","-6.99%"
"2022-12-20","1.286","1.257","1.433","1.244","2.58%"
"2022-12-19","1.254","1.234","1.268","1.206","1.52%"
"2022-12-18","1.235","1.206","1.235","1.206","2.38%"
"2022-12-16","1.206","1.199","1.225","1.191","0.58%"
"2022-12-15","1.199","1.179","1.202","1.164","2.79%"
"2022-12-14","1.167","1.166","1.178","1.149","1.47%"
"2022-12-13","1.150","1.205","1.205","1.150","-3.56%"
"2022-12-12","1.192","1.198","1.207","1.155","-0.26%"
"2022-12-11","1.196","1.155","1.196","1.155","1.11%"
"2022-12-10","1.183","1.183","1.183","1.183","2.38%"
"2022-12-09","1.155","1.201","1.215","1.155","-3.95%"
"2022-12-08","1.202","1.197","1.222","1.183","-1.43%"
"2022-12-07","1.220","1.236","1.241","1.198","-0.92%"
"2022-12-06","1.231","1.248","1.259","1.230","-1.00%"
"2022-12-05","1.244","1.246","1.265","1.235","-1.68%"
"2022-12-04","1.265","1.265","1.265","1.265","0.09%"
"2022-12-02","1.264","1.249","1.267","1.232","0.10%"
"2022-12-01","1.263","1.251","1.269","1.242","-0.59%"
"2022-11-30","1.270","1.263","1.274","1.252","0.99%"
"2022-11-29","1.258","1.264","1.283","1.240","0.10%"
"2022-11-28","1.256","1.254","1.271","1.244","0.00%"
"2022-11-27","1.256","1.256","1.256","1.256","0.00%"
"2022-11-25","1.256","1.227","1.258","1.219","3.19%"
"2022-11-24","1.217","1.220","1.226","1.208","-0.77%"
"2022-11-23","1.227","1.227","1.227","1.221","0.57%"
"2022-11-22","1.220","1.225","1.237","1.211","0.62%"
"2022-11-21","1.212","1.211","1.231","1.195","0.00%"
"2022-11-20","1.212","1.195","1.212","1.195","1.46%"
"2022-11-18","1.195","1.192","1.210","1.191","0.42%"
"2022-11-17","1.190","1.203","1.209","1.180","-1.35%"
"2022-11-16","1.206","1.222","1.231","1.204","-1.03%"
"2022-11-15","1.219","1.251","1.261","1.219","-2.69%"
"2022-11-14","1.253","1.217","1.271","1.211","3.40%"
"2022-11-13","1.211","1.211","1.211","1.211","-0.26%"
"2022-11-12","1.214","1.214","1.214","1.214","0.26%"
"2022-11-11","1.211","1.207","1.251","1.202","-3.29%"
"2022-11-10","1.253","1.275","1.291","1.207","-2.53%"
"2022-11-09","1.285","1.334","1.348","1.274","-4.38%"
"2022-11-08","1.344","1.334","1.359","1.331","0.85%"
"2022-11-07","1.332","1.337","1.341","1.322","-0.42%"
"2022-11-06","1.338","1.339","1.339","1.336","-0.05%"
"2022-11-04","1.339","1.327","1.373","1.298","3.18%"
"2022-11-03","1.298","1.299","1.326","1.299","0.00%"
"2022-11-02","1.298","1.281","1.309","1.279","1.46%"
"2022-11-01","1.279","1.232","1.283","1.232","3.60%"
"2022-10-31","1.234","1.228","1.239","1.173","0.41%"
"2022-10-30","1.229","1.223","1.229","1.220","0.52%"
"2022-10-29","1.223","1.223","1.223","1.223","0.25%"
"2022-10-28","1.220","1.249","1.260","1.197","-3.27%"
"2022-10-27","1.261","1.291","1.309","1.251","-3.44%"
"2022-10-26","1.306","1.324","1.341","1.240","-2.70%"
"2022-10-25","1.342","1.423","1.459","1.327","-3.76%"
"2022-10-24","1.395","1.369","1.424","1.361","1.73%"
"2022-10-23","1.371","1.385","1.385","1.371","-0.99%"
"2022-10-21","1.385","1.320","1.390","1.320","4.82%"
"2022-10-20","1.321","1.303","1.324","1.298","1.54%"
"2022-10-19","1.301","1.293","1.304","1.283","0.49%"
"2022-10-18","1.295","1.279","1.308","1.273","1.37%"
"2022-10-17","1.278","1.241","1.284","1.241","3.02%"
"2022-10-16","1.240","1.231","1.256","1.231","0.71%"
"2022-10-15","1.231","1.231","1.231","1.231","-1.99%"
"2022-10-14","1.256","1.254","1.271","1.225","-0.59%"
"2022-10-13","1.264","1.240","1.264","1.240","2.13%"
"2022-10-12","1.237","1.213","1.247","1.207","3.23%"
"2022-10-11","1.199","1.187","1.214","1.170","2.68%"
"2022-10-10","1.168","1.168","1.184","1.160","0.00%"
"2022-10-09","1.168","1.168","1.168","1.168","0.70%"
"2022-10-07","1.159","1.165","1.168","1.153","-0.16%"
"2022-10-06","1.161","1.159","1.171","1.147","0.21%"
"2022-10-05","1.159","1.128","1.161","1.119","3.34%"
"2022-10-04","1.121","1.107","1.144","1.101","-0.88%"
"2022-10-03","1.131","1.148","1.164","1.109","-1.52%"
"2022-10-02","1.149","1.150","1.150","1.146","0.38%"
"2022-10-01","1.144","1.144","1.144","1.144","0.00%"
"2022-09-30","1.144","1.202","1.219","1.144","-5.33%"
"2022-09-29","1.209","1.209","1.230","1.178","-1.83%"
"2022-09-28","1.231","1.231","1.256","1.209","1.34%"
"2022-09-27","1.215","1.214","1.241","1.195","1.67%"
"2022-09-26","1.195","1.151","1.212","1.134","4.19%"
"2022-09-25","1.147","1.134","1.148","1.109","3.56%"
"2022-09-24","1.107","1.107","1.107","1.107","-2.32%"
"2022-09-23","1.134","1.134","1.134","1.134","0.00%"
"2022-09-22","1.134","1.160","1.175","1.095","-2.16%"
"2022-09-21","1.159","1.189","1.202","1.149","-3.74%"
"2022-09-20","1.204","1.141","1.204","1.131","5.83%"
"2022-09-19","1.138","1.138","1.142","1.138","0.00%"
"2022-09-18","1.138","1.138","1.138","1.138","0.00%"
"2022-09-16","1.138","1.108","1.140","1.107","2.02%"
"2022-09-15","1.115","1.037","1.118","1.034","5.81%"
"2022-09-14","1.054","1.081","1.109","1.022","-2.20%"
"2022-09-13","1.077","1.108","1.108","1.044","-2.71%"
"2022-09-12","1.107","1.138","1.143","1.105","-2.69%"
"2022-09-11","1.138","1.143","1.149","1.138","-0.39%"
"2022-09-09","1.143","1.161","1.164","1.143","-1.83%"
"2022-09-08","1.164","1.134","1.168","1.108","1.81%"
"2022-09-07","1.143","1.133","1.167","1.111","2.98%"
"2022-09-06","1.110","1.084","1.132","1.071","1.95%"
"2022-09-05","1.089","1.086","1.089","1.079","0.06%"
"2022-09-04","1.088","1.087","1.094","1.087","0.06%"
"2022-09-03","1.087","1.087","1.087","1.087","0.00%"
"2022-09-02","1.087","1.077","1.100","1.065","2.17%"
"2022-09-01","1.064","1.033","1.079","1.024","4.10%"
"2022-08-31","1.023","1.029","1.033","1.019","-0.67%"
"2022-08-30","1.029","1.056","1.057","1.003","-3.62%"
"2022-08-29","1.068","1.019","1.068","0.991","5.55%"
"2022-08-28","1.012","0.993","1.012","0.991","1.31%"
"2022-08-27","0.999","0.999","0.999","0.999","0.63%"
"2022-08-26","0.993","0.989","1.003","0.977","-0.25%"
"2022-08-25","0.995","1.015","1.036","0.988","-0.88%"
"2022-08-24","1.004","1.000","1.014","0.983","1.91%"
"2022-08-23","0.985","0.991","1.006","0.965","0.32%"
"2022-08-22","0.982","0.961","0.992","0.940","2.28%"
"2022-08-21","0.960","0.942","0.961","0.940","2.13%"
"2022-08-20","0.940","0.940","0.940","0.940","0.00%"
"2022-08-19","0.940","0.937","0.941","0.914","2.03%"
"2022-08-18","0.921","0.931","0.941","0.905","0.14%"
"2022-08-17","0.920","0.933","0.934","0.905","-0.87%"
"2022-08-16","0.928","0.938","0.939","0.910","0.34%"
"2022-08-15","0.925","0.942","0.942","0.925","-1.92%"
"2022-08-14","0.943","0.935","0.951","0.935","-1.05%"
"2022-08-12","0.953","0.956","0.961","0.926","1.06%"
"2022-08-11","0.943","0.944","0.954","0.943","1.96%"
"2022-08-10","0.925","0.957","0.959","0.925","-1.99%"
"2022-08-09","0.944","0.974","0.974","0.942","-3.26%"
"2022-08-08","0.976","0.996","1.003","0.964","-2.01%"
"2022-08-07","0.996","0.983","0.996","0.981","1.33%"
"2022-08-05","0.983","0.989","1.001","0.962","-0.64%"
"2022-08-04","0.989","1.006","1.006","0.983","-1.00%"
"2022-08-03","0.999","0.996","1.017","0.971","3.24%"
"2022-08-02","0.967","1.004","1.010","0.959","-3.01%"
"2022-08-01","0.998","1.013","1.021","0.990","-1.42%"
"2022-07-31","1.012","0.990","1.012","0.990","0.06%"
"2022-07-30","1.011","1.011","1.011","1.011","2.15%"
"2022-07-29","0.990","0.977","1.011","0.971","1.54%"
"2022-07-28","0.975","0.969","1.008","0.959","0.45%"
"2022-07-27","0.971","0.971","0.978","0.952","1.76%"
"2022-07-26","0.954","1.006","1.019","0.954","-3.30%"
"2022-07-25","0.986","0.985","1.005","0.971","0.19%"
"2022-07-24","0.984","0.976","1.000","0.976","0.57%"
"2022-07-22","0.979","1.043","1.050","0.976","-7.12%"
"2022-07-21","1.054","1.074","1.075","1.043","-1.69%"
"2022-07-20","1.072","1.075","1.081","1.056","1.60%"
"2022-07-19","1.055","1.019","1.074","1.005","5.10%"
"2022-07-18","1.004","1.004","1.019","1.004","0.00%"
"2022-07-17","1.004","1.004","1.004","1.004","0.00%"
"2022-07-15","1.004","1.089","1.089","1.003","-6.52%"
"2022-07-14","1.074","1.092","1.092","1.058","-1.60%"
"2022-07-13","1.091","1.087","1.096","1.069","2.23%"
"2022-07-12","1.067","1.094","1.104","1.066","-1.16%"
"2022-07-11","1.080","1.090","1.109","1.080","-0.86%"
"2022-07-10","1.089","1.081","1.089","1.080","0.75%"
"2022-07-08","1.081","1.081","1.104","1.067","1.53%"
"2022-07-07","1.065","1.057","1.080","1.034","1.97%"
"2022-07-06","1.044","1.044","1.059","1.036","1.03%"
"2022-07-05","1.034","1.039","1.076","1.034","0.00%"
"2022-07-04","1.034","1.001","1.041","0.996","3.12%"
"2022-07-03","1.003","1.031","1.031","1.003","-0.38%"
"2022-07-01","1.006","1.036","1.046","1.006","-3.99%"
"2022-06-30","1.048","1.056","1.069","1.038","-1.59%"
"2022-06-29","1.065","1.077","1.090","1.061","-1.22%"
"2022-06-28","1.078","1.058","1.091","1.045","2.92%"
"2022-06-27","1.048","1.011","1.059","0.993","3.71%"
"2022-06-26","1.010","1.003","1.010","0.993","1.76%"
"2022-06-24","0.993","0.996","1.019","0.979","-0.88%"
"2022-06-23","1.001","1.033","1.034","0.981","-3.26%"
"2022-06-22","1.035","1.058","1.069","1.031","-2.94%"
"2022-06-21","1.066","1.058","1.070","1.046","-0.11%"
"2022-06-20","1.067","1.032","1.067","1.030","3.20%"
"2022-06-19","1.034","1.061","1.061","1.034","-1.25%"
"2022-06-18","1.048","1.048","1.048","1.048","-1.30%"
"2022-06-17","1.061","1.077","1.114","0.995","-4.82%"
"2022-06-16","1.115","1.038","1.133","1.006","1.83%"
"2022-06-15","1.095","1.008","1.130","0.991","-2.01%"
"2022-06-14","1.117","1.121","1.125","1.076","-0.22%"
"2022-06-13","1.120","0.984","1.120","0.981","13.69%"
"2022-06-12","0.985","0.996","0.996","0.959","-1.12%"
"2022-06-10","0.996","0.963","0.999","0.946","0.38%"
"2022-06-09","0.993","0.945","0.993","0.943","5.36%"
"2022-06-08","0.942","0.912","0.961","0.912","1.69%"
"2022-06-07","0.926","0.904","0.939","0.904","2.63%"
"2022-06-06","0.903","0.913","0.923","0.898","-1.10%"
"2022-06-05","0.913","0.923","0.923","0.905","0.96%"
"2022-06-04","0.904","0.904","0.904","0.904","0.00%"
"2022-06-03","0.904","0.925","0.936","0.899","-2.43%"
"2022-06-02","0.926","0.916","0.933","0.916","1.23%"
"2022-06-01","0.915","0.906","0.925","0.903","0.28%"
"2022-05-31","0.913","0.876","0.915","0.875","3.25%"
"2022-05-30","0.884","0.854","0.886","0.854","3.57%"
"2022-05-29","0.853","0.858","0.858","0.853","-1.64%"
"2022-05-28","0.868","0.859","0.868","0.859","0.00%"
"2022-05-27","0.868","0.880","0.882","0.853","-0.80%"
"2022-05-26","0.874","0.825","0.892","0.823","6.71%"
"2022-05-25","0.820","0.819","0.825","0.808","-0.82%"
"2022-05-24","0.826","0.859","0.869","0.820","-4.01%"
"2022-05-23","0.861","0.862","0.879","0.854","-0.21%"
"2022-05-22","0.863","0.869","0.879","0.863","-1.84%"
"2022-05-21","0.879","0.869","0.879","0.869","0.00%"
"2022-05-20","0.879","0.883","0.894","0.860","-1.95%"
"2022-05-19","0.896","0.888","0.909","0.878","0.06%"
"2022-05-18","0.896","0.906","0.915","0.886","-2.24%"
"2022-05-17","0.916","0.884","0.916","0.884","2.23%"
"2022-05-16","0.896","0.890","0.904","0.880","0.70%"
"2022-05-15","0.890","0.891","0.904","0.890","0.00%"
"2022-05-14","0.890","0.890","0.890","0.890","-1.52%"
"2022-05-13","0.904","0.885","0.906","0.875","-0.28%"
"2022-05-12","0.906","0.896","0.926","0.886","0.97%"
"2022-05-11","0.898","0.890","0.931","0.888","-0.36%"
"2022-05-10","0.901","0.894","0.928","0.879","-0.62%"
"2022-05-09","0.906","0.892","0.925","0.891","1.55%"
"2022-05-08","0.893","0.885","0.906","0.885","-1.51%"
"2022-05-07","0.906","0.885","0.906","0.885","0.00%"
"2022-05-06","0.906","0.863","0.906","0.860","6.61%"
"2022-05-05","0.850","0.851","0.862","0.850","-2.01%"
"2022-05-04","0.868","0.868","0.868","0.868","0.00%"
"2022-05-03","0.868","0.854","0.868","0.854","2.05%"
"2022-05-02","0.850","0.843","0.859","0.843","0.96%"
"2022-05-01","0.842","0.834","0.853","0.834","-1.23%"
"2022-04-30","0.853","0.853","0.853","0.853","0.00%"
"2022-04-29","0.853","0.853","0.853","0.853","0.00%"
"2022-04-28","0.853","0.851","0.855","0.806","0.28%"
"2022-04-27","0.850","0.848","0.864","0.843","-0.67%"
"2022-04-26","0.856","0.864","0.880","0.844","-1.29%"
"2022-04-25","0.867","0.880","0.904","0.861","-1.63%"
"2022-04-24","0.881","0.904","0.904","0.880","-2.48%"
"2022-04-23","0.904","0.885","0.904","0.885","0.00%"
"2022-04-22","0.904","0.913","0.928","0.883","-2.69%"
"2022-04-21","0.929","0.874","0.929","0.860","5.38%"
"2022-04-20","0.881","0.874","0.906","0.866","0.87%"
"2022-04-19","0.874","0.846","0.874","0.839","3.24%"
"2022-04-18","0.846","0.850","0.854","0.836","-0.44%"
"2022-04-17","0.850","0.836","0.850","0.836","1.65%"
"2022-04-16","0.836","0.836","0.836","0.836","-1.48%"
"2022-04-15","0.849","0.837","0.849","0.829","1.51%"
"2022-04-14","0.836","0.850","0.863","0.822","-3.26%"
"2022-04-13","0.864","0.851","0.874","0.851","-1.21%"
"2022-04-12","0.875","0.864","0.889","0.853","-1.26%"
"2022-04-11","0.886","0.847","0.889","0.846","2.90%"
"2022-04-10","0.861","0.847","0.861","0.846","0.00%"
"2022-04-09","0.861","0.846","0.861","0.846","0.00%"
"2022-04-08","0.861","0.857","0.869","0.833","-0.86%"
"2022-04-07","0.869","0.846","0.875","0.844","0.50%"
"2022-04-06","0.864","0.835","0.879","0.835","2.76%"
"2022-04-05","0.841","0.806","0.842","0.796","2.91%"
"2022-04-04","0.817","0.799","0.821","0.791","2.17%"
"2022-04-03","0.800","0.813","0.813","0.800","-0.16%"
"2022-04-01","0.801","0.711","0.813","0.711","9.41%"
"2022-03-31","0.733","0.861","0.880","0.709","-15.76%"
"2022-03-30","0.869","0.910","0.975","0.822","-11.05%"
"2022-03-29","0.978","0.926","0.996","0.911","2.36%"
"2022-03-28","0.955","0.850","0.967","0.850","12.83%"
"2022-03-27","0.846","0.868","0.868","0.836","-2.43%"
"2022-03-26","0.868","0.835","0.868","0.835","1.46%"
"2022-03-25","0.855","0.809","0.868","0.806","5.56%"
"2022-03-24","0.810","0.791","0.816","0.784","1.25%"
"2022-03-23","0.800","0.785","0.805","0.785","1.43%"
"2022-03-22","0.789","0.775","0.791","0.764","3.44%"
"2022-03-21","0.762","0.760","0.774","0.760","0.33%"
"2022-03-20","0.760","0.760","0.760","0.760","0.00%"
"2022-03-19","0.760","0.761","0.761","0.760","0.00%"
"2022-03-18","0.760","0.762","0.770","0.759","-1.47%"
"2022-03-17","0.771","0.768","0.777","0.759","0.00%"
"2022-03-16","0.771","0.753","0.781","0.750","2.00%"
"2022-03-15","0.756","0.741","0.762","0.736","0.50%"
"2022-03-14","0.752","0.741","0.752","0.720","1.58%"
"2022-03-13","0.741","0.725","0.741","0.725","2.18%"
"2022-03-12","0.725","0.730","0.730","0.725","-1.20%"
"2022-03-11","0.734","0.739","0.739","0.683","0.00%"
"2022-03-10","0.734","0.720","0.741","0.702","4.25%"
"2022-03-09","0.704","0.727","0.729","0.700","-1.22%"
"2022-03-08","0.712","0.689","0.726","0.685","4.20%"
"2022-03-07","0.684","0.671","0.695","0.668","1.85%"
"2022-03-06","0.671","0.676","0.692","0.666","-0.72%"
"2022-03-05","0.676","0.676","0.676","0.676","-0.18%"
"2022-03-04","0.678","0.732","0.732","0.676","-6.71%"
"2022-03-03","0.726","0.718","0.736","0.695","1.75%"
"2022-03-02","0.714","0.692","0.718","0.670","0.17%"
"2022-03-01","0.712","0.729","0.749","0.690","-3.72%"
"2022-02-28","0.740","0.756","0.771","0.725","-2.25%"
"2022-02-27","0.757","0.761","0.761","0.757","-0.24%"
"2022-02-26","0.759","0.759","0.759","0.759","-1.62%"
"2022-02-25","0.771","0.739","0.780","0.720","7.50%"
"2022-02-24","0.717","0.736","0.756","0.711","0.52%"
"2022-02-23","0.714","0.723","0.736","0.723","0.00%"
"2022-02-22","0.714","0.739","0.744","0.701","-6.40%"
"2022-02-21","0.763","0.766","0.783","0.741","-0.25%"
"2022-02-20","0.765","0.783","0.794","0.764","-2.30%"
"2022-02-19","0.783","0.783","0.783","0.783","0.00%"
"2022-02-18","0.783","0.813","0.822","0.783","-5.73%"
"2022-02-17","0.830","0.790","0.838","0.774","4.73%"
"2022-02-16","0.793","0.768","0.795","0.761","2.26%"
"2022-02-15","0.775","0.751","0.776","0.738","2.49%"
"2022-02-14","0.756","0.730","0.756","0.702","7.66%"
"2022-02-12","0.702","0.702","0.702","0.702","-4.27%"
"2022-02-11","0.734","0.729","0.734","0.729","0.85%"
"2022-02-10","0.728","0.699","0.740","0.694","4.68%"
"2022-02-09","0.695","0.729","0.729","0.690","-4.28%"
"2022-02-08","0.726","0.726","0.771","0.726","1.74%"
"2022-02-07","0.714","0.666","0.726","0.526","6.94%"
"2022-02-06","0.668","0.526","0.673","0.526","26.83%"
"2022-02-05","0.526","0.660","0.660","0.526","-22.60%"
"2022-02-04","0.680","0.652","0.680","0.652","5.44%"
"2022-02-03","0.645","0.636","0.651","0.628","1.98%"
"2022-02-02","0.632","0.640","0.642","0.632","-0.78%"
"2022-02-01","0.637","0.640","0.644","0.634","5.16%"
"2022-01-31","0.606","0.606","0.606","0.606","0.00%"
"2022-01-28","0.606","0.601","0.611","0.601","1.03%"
"2022-01-27","0.600","0.597","0.602","0.597","-0.84%"
"2022-01-26","0.605","0.605","0.605","0.579","4.56%"
"2022-01-25","0.579","0.579","0.605","0.576","1.10%"
"2022-01-24","0.572","0.526","0.572","0.526","8.74%"
"2022-01-23","0.526","0.526","0.526","0.526","-13.01%"
"2022-01-22","0.605","0.605","0.605","0.605","4.56%"
"2022-01-21","0.579","0.581","0.582","0.579","-2.31%"
"2022-01-20","0.592","0.605","0.605","0.589","2.37%"
"2022-01-19","0.579","0.568","0.605","0.568","-0.41%"
"2022-01-18","0.581","0.576","0.605","0.576","10.39%"
"2022-01-17","0.526","0.526","0.526","0.526","0.00%"
"2022-01-16","0.526","0.526","0.526","0.526","-10.19%"
"2022-01-14","0.586","0.585","0.589","0.584","2.41%"
"2022-01-13","0.572","0.605","0.605","0.570","-1.09%"
"2022-01-12","0.578","0.575","0.605","0.575","-2.12%"
"2022-01-11","0.591","0.605","0.605","0.589","12.29%"
"2022-01-10","0.526","0.526","0.526","0.526","-13.68%"
"2022-01-07","0.610","0.585","0.610","0.555","3.18%"
"2022-01-06","0.591","0.567","0.592","0.567","5.35%"
"2022-01-05","0.561","0.537","0.567","0.537","1.34%"
"2022-01-04","0.553","0.552","0.553","0.514","2.03%"
"2022-01-03","0.543","0.526","0.543","0.526","3.08%"
"2022-01-02","0.526","0.526","0.526","0.526","0.00%"
"2022-01-01","0.526","0.526","0.526","0.526","-2.99%"
"2021-12-31","0.543","0.543","0.543","0.543","0.00%"
"2021-12-30","0.543","0.521","0.543","0.510","4.71%"
"2021-12-29","0.518","0.515","0.522","0.489","0.48%"
"2021-12-28","0.516","0.510","0.516","0.510","0.98%"
"2021-12-27","0.511","0.516","0.518","0.488","-0.74%"
"2021-12-26","0.514","0.488","0.515","0.488","5.52%"
"2021-12-25","0.488","0.488","0.488","0.488","0.00%"
"2021-12-24","0.488","0.511","0.517","0.488","0.25%"
"2021-12-23","0.486","0.506","0.514","0.482","-4.89%"
"2021-12-22","0.511","0.504","0.514","0.474","0.99%"
"2021-12-21","0.506","0.494","0.506","0.465","9.47%"
"2021-12-20","0.463","0.468","0.494","0.463","-6.57%"
"2021-12-19","0.495","0.468","0.495","0.468","5.88%"
"2021-12-18","0.468","0.468","0.468","0.468","-6.03%"
"2021-12-17","0.498","0.495","0.500","0.466","1.02%"
"2021-12-16","0.493","0.504","0.505","0.465","-2.24%"
"2021-12-15","0.504","0.503","0.506","0.472","0.26%"
"2021-12-14","0.502","0.498","0.504","0.472","0.74%"
"2021-12-13","0.499","0.504","0.506","0.471","-1.23%"
"2021-12-12","0.505","0.476","0.506","0.476","6.03%"
"2021-12-11","0.476","0.507","0.507","0.476","-5.46%"
"2021-12-10","0.504","0.500","0.507","0.468","2.03%"
"2021-12-09","0.494","0.500","0.504","0.464","-1.98%"
"2021-12-08","0.504","0.496","0.504","0.463","1.27%"
"2021-12-07","0.498","0.485","0.499","0.456","3.65%"
"2021-12-06","0.480","0.482","0.485","0.447","-0.64%"
"2021-12-05","0.483","0.459","0.487","0.459","-0.66%"
"2021-12-03","0.486","0.506","0.506","0.459","-3.22%"
"2021-12-02","0.502","0.504","0.510","0.471","-1.24%"
"2021-12-01","0.509","0.514","0.517","0.476","6.00%"
"2021-11-30","0.480","0.527","0.530","0.476","-9.66%"
"2021-11-29","0.531","0.529","0.531","0.505","0.61%"
"2021-11-28","0.528","0.505","0.528","0.505","4.57%"
"2021-11-27","0.505","0.524","0.524","0.505","-3.35%"
"2021-11-26","0.522","0.534","0.538","0.501","-3.24%"
"2021-11-25","0.540","0.540","0.541","0.517","-0.24%"
"2021-11-24","0.541","0.538","0.543","0.505","0.48%"
"2021-11-23","0.539","0.533","0.539","0.527","1.39%"
"2021-11-22","0.531","0.531","0.533","0.504","-0.11%"
"2021-11-21","0.532","0.509","0.537","0.509","4.54%"
"2021-11-20","0.509","0.509","0.509","0.509","0.00%"
"2021-11-19","0.509","0.531","0.540","0.509","-5.34%"
"2021-11-18","0.538","0.521","0.539","0.506","2.13%"
"2021-11-17","0.526","0.524","0.534","0.499","1.21%"
"2021-11-16","0.520","0.517","0.524","0.485","1.70%"
"2021-11-15","0.511","0.517","0.517","0.484","-1.31%"
"2021-11-14","0.518","0.491","0.518","0.491","5.45%"
"2021-11-13","0.491","0.518","0.518","0.491","-5.06%"
"2021-11-12","0.517","0.512","0.521","0.488","6.42%"
"2021-11-11","0.486","0.509","0.513","0.475","-2.25%"
"2021-11-10","0.498","0.503","0.508","0.465","-0.50%"
"2021-11-09","0.500","0.511","0.511","0.472","4.43%"
"2021-11-08","0.479","0.494","0.511","0.470","-3.16%"
"2021-11-07","0.494","0.471","0.496","0.471","4.90%"
"2021-11-06","0.471","0.471","0.471","0.471","0.00%"
"2021-11-05","0.471","0.479","0.502","0.461","2.72%"
"2021-11-04","0.459","0.488","0.489","0.459","-5.65%"
"2021-11-03","0.486","0.488","0.489","0.486","0.00%"
"2021-11-02","0.486","0.493","0.498","0.464","-3.22%"
"2021-11-01","0.502","0.511","0.513","0.474","-1.47%"
"2021-10-31","0.510","0.509","0.510","0.509","-0.49%"
"2021-10-29","0.512","0.536","0.537","0.488","-3.54%"
"2021-10-28","0.531","0.535","0.543","0.510","-2.30%"
"2021-10-27","0.544","0.553","0.556","0.534","-1.57%"
"2021-10-26","0.553","0.558","0.566","0.549","-0.90%"
"2021-10-25","0.558","0.554","0.564","0.551","0.80%"
"2021-10-24","0.553","0.560","0.560","0.553","-0.58%"
"2021-10-22","0.556","0.566","0.566","0.553","-0.22%"
"2021-10-21","0.558","0.559","0.568","0.554","-0.68%"
"2021-10-20","0.561","0.561","0.572","0.556","1.14%"
"2021-10-19","0.555","0.556","0.559","0.546","-0.23%"
"2021-10-18","0.556","0.538","0.574","0.524","6.20%"
"2021-10-17","0.524","0.536","0.536","0.524","-2.20%"
"2021-10-16","0.536","0.536","0.536","0.536","0.11%"
"2021-10-15","0.535","0.526","0.538","0.517","2.14%"
"2021-10-14","0.524","0.538","0.538","0.516","-3.23%"
"2021-10-13","0.541","0.544","0.550","0.526","-1.37%"
"2021-10-12","0.549","0.552","0.555","0.533","-0.67%"
"2021-10-11","0.553","0.535","0.555","0.519","6.50%"
"2021-10-10","0.519","0.519","0.519","0.519","-2.92%"
"2021-10-09","0.534","0.534","0.534","0.534","-0.11%"
"2021-10-08","0.535","0.521","0.535","0.516","5.15%"
"2021-10-07","0.509","0.523","0.523","0.493","-2.40%"
"2021-10-06","0.521","0.516","0.530","0.496","2.34%"
"2021-10-05","0.509","0.493","0.515","0.493","5.58%"
"2021-10-04","0.482","0.489","0.500","0.477","-1.65%"
"2021-10-03","0.491","0.494","0.494","0.477","2.74%"
"2021-10-02","0.477","0.494","0.494","0.477","-3.30%"
"2021-10-01","0.494","0.506","0.506","0.475","-2.70%"
"2021-09-30","0.507","0.516","0.518","0.488","-1.23%"
"2021-09-29","0.514","0.538","0.538","0.495","-4.20%"
"2021-09-28","0.536","0.501","0.538","0.490","5.67%"
"2021-09-27","0.507","0.495","0.507","0.479","2.40%"
"2021-09-26","0.496","0.479","0.496","0.479","3.51%"
"2021-09-25","0.479","0.479","0.479","0.479","-3.27%"
"2021-09-24","0.495","0.480","0.498","0.451","6.73%"
"2021-09-23","0.464","0.468","0.479","0.464","-0.26%"
"2021-09-22","0.465","0.475","0.475","0.449","-2.62%"
"2021-09-21","0.477","0.480","0.482","0.461","-3.30%"
"2021-09-20","0.494","0.471","0.494","0.471","4.77%"
"2021-09-19","0.471","0.471","0.471","0.471","-3.58%"
"2021-09-18","0.489","0.489","0.489","0.489","-1.01%"
"2021-09-17","0.494","0.483","0.495","0.465","1.29%"
"2021-09-16","0.488","0.469","0.491","0.450","4.28%"
"2021-09-15","0.468","0.471","0.471","0.446","-1.33%"
"2021-09-14","0.474","0.459","0.479","0.444","2.87%"
"2021-09-13","0.461","0.463","0.475","0.442","-0.54%"
"2021-09-12","0.463","0.459","0.463","0.445","-0.15%"
"2021-09-10","0.464","0.453","0.465","0.435","0.54%"
"2021-09-09","0.461","0.469","0.470","0.436","-1.85%"
"2021-09-08","0.470","0.476","0.477","0.450","-1.32%"
"2021-09-07","0.476","0.472","0.480","0.447","-0.25%"
"2021-09-06","0.477","0.457","0.481","0.435","4.81%"
"2021-09-05","0.456","0.435","0.456","0.435","0.55%"
"2021-09-04","0.453","0.453","0.453","0.453","-0.42%"
"2021-09-03","0.455","0.434","0.456","0.420","4.60%"
"2021-09-02","0.435","0.436","0.439","0.416","-0.87%"
"2021-09-01","0.439","0.432","0.444","0.407","0.87%"
"2021-08-31","0.435","0.421","0.435","0.405","2.64%"
"2021-08-30","0.424","0.421","0.429","0.409","0.31%"
"2021-08-29","0.423","0.409","0.429","0.409","-1.61%"
"2021-08-28","0.429","0.429","0.429","0.429","0.14%"
"2021-08-27","0.429","0.424","0.431","0.404","1.18%"
"2021-08-26","0.424","0.429","0.438","0.399","-0.59%"
"2021-08-25","0.426","0.420","0.428","0.398","2.11%"
"2021-08-24","0.417","0.412","0.420","0.395","0.89%"
"2021-08-23","0.414","0.412","0.415","0.387","0.61%"
"2021-08-22","0.411","0.387","0.411","0.387","0.61%"
"2021-08-21","0.409","0.409","0.409","0.409","0.00%"
"2021-08-20","0.409","0.418","0.434","0.387","-2.39%"
"2021-08-19","0.419","0.421","0.429","0.398","-0.29%"
"2021-08-18","0.420","0.421","0.434","0.401","0.00%"
"2021-08-17","0.420","0.426","0.434","0.400","-1.48%"
"2021-08-16","0.426","0.423","0.429","0.405","0.59%"
"2021-08-15","0.424","0.431","0.431","0.412","-1.58%"
"2021-08-14","0.431","0.412","0.431","0.412","0.73%"
"2021-08-13","0.428","0.431","0.431","0.411","0.00%"
"2021-08-12","0.428","0.433","0.433","0.410","-0.88%"
"2021-08-11","0.431","0.432","0.440","0.416","0.00%"
"2021-08-10","0.431","0.430","0.431","0.409","2.08%"
"2021-08-09","0.423","0.407","0.429","0.407","3.68%"
"2021-08-08","0.407","0.407","0.407","0.407","-2.84%"
"2021-08-07","0.419","0.419","0.419","0.419","2.92%"
"2021-08-06","0.407","0.418","0.424","0.400","-1.81%"
"2021-08-05","0.415","0.406","0.419","0.387","3.75%"
"2021-08-04","0.400","0.407","0.407","0.382","-2.15%"
"2021-08-03","0.409","0.414","0.414","0.394","-2.08%"
"2021-08-02","0.417","0.421","0.421","0.401","-0.74%"
"2021-08-01","0.421","0.403","0.421","0.403","0.43%"
"2021-07-30","0.419","0.421","0.426","0.403","-0.29%"
"2021-07-29","0.420","0.420","0.423","0.405","-0.31%"
"2021-07-28","0.421","0.431","0.436","0.403","-3.70%"
"2021-07-27","0.438","0.412","0.450","0.407","3.85%"
"2021-07-26","0.421","0.396","0.423","0.373","6.31%"
"2021-07-25","0.396","0.373","0.396","0.373","0.97%"
"2021-07-24","0.393","0.393","0.393","0.393","-3.40%"
"2021-07-23","0.406","0.406","0.406","0.406","0.00%"
"2021-07-22","0.406","0.406","0.406","0.406","1.25%"
"2021-07-21","0.401","0.359","0.411","0.354","8.81%"
"2021-07-20","0.369","0.374","0.374","0.336","-5.75%"
"2021-07-19","0.391","0.390","0.399","0.351","0.18%"
"2021-07-18","0.391","0.373","0.402","0.373","-3.10%"
"2021-07-17","0.403","0.403","0.403","0.403","-1.08%"
"2021-07-16","0.407","0.393","0.416","0.373","-0.61%"
"2021-07-15","0.410","0.428","0.428","0.374","-7.09%"
"2021-07-14","0.441","0.438","0.446","0.409","0.00%"
"2021-07-13","0.441","0.437","0.450","0.414","-2.48%"
"2021-07-12","0.452","0.447","0.452","0.416","1.39%"
"2021-07-11","0.446","0.423","0.446","0.423","1.87%"
"2021-07-10","0.438","0.438","0.438","0.438","-2.38%"
"2021-07-09","0.449","0.435","0.454","0.404","3.17%"
"2021-07-08","0.435","0.466","0.468","0.396","-7.94%"
"2021-07-07","0.472","0.463","0.480","0.446","0.00%"
"2021-07-06","0.472","0.476","0.491","0.450","-2.34%"
"2021-07-05","0.484","0.459","0.484","0.441","5.61%"
"2021-07-04","0.458","0.447","0.460","0.447","-2.01%"
"2021-07-02","0.468","0.472","0.479","0.446","-2.09%"
"2021-07-01","0.477","0.482","0.488","0.454","-2.31%"
"2021-06-30","0.489","0.484","0.498","0.465","-2.49%"
"2021-06-29","0.501","0.474","0.502","0.460","3.36%"
"2021-06-28","0.485","0.472","0.494","0.451","2.65%"
"2021-06-27","0.472","0.451","0.474","0.451","-2.07%"
"2021-06-25","0.482","0.466","0.484","0.449","1.30%"
"2021-06-24","0.476","0.469","0.479","0.445","-0.52%"
"2021-06-23","0.479","0.466","0.479","0.440","0.27%"
"2021-06-22","0.477","0.472","0.485","0.445","-0.52%"
"2021-06-21","0.480","0.471","0.484","0.440","1.72%"
"2021-06-20","0.472","0.459","0.478","0.459","2.86%"
"2021-06-19","0.459","0.459","0.459","0.459","-5.40%"
"2021-06-18","0.485","0.478","0.498","0.458","-1.52%"
"2021-06-17","0.493","0.494","0.507","0.458","1.03%"
"2021-06-16","0.488","0.469","0.495","0.445","1.04%"
"2021-06-15","0.482","0.464","0.482","0.433","2.66%"
"2021-06-14","0.470","0.465","0.470","0.431","0.95%"
"2021-06-13","0.466","0.434","0.466","0.434","-0.41%"
"2021-06-11","0.468","0.462","0.474","0.430","-2.87%"
"2021-06-10","0.481","0.485","0.493","0.451","-3.26%"
"2021-06-09","0.498","0.507","0.507","0.471","-3.40%"
"2021-06-08","0.515","0.517","0.522","0.490","3.25%"
"2021-06-07","0.499","0.517","0.531","0.499","-3.73%"
"2021-06-06","0.518","0.501","0.524","0.501","-1.20%"
"2021-06-05","0.524","0.524","0.524","0.524","-0.59%"
"2021-06-04","0.527","0.527","0.541","0.501","-1.64%"
"2021-06-03","0.536","0.517","0.536","0.502","1.42%"
"2021-06-02","0.529","0.516","0.534","0.498","0.00%"
"2021-06-01","0.529","0.514","0.529","0.494","2.42%"
"2021-05-31","0.516","0.509","0.516","0.493","1.61%"
"2021-05-30","0.508","0.493","0.511","0.493","-0.63%"
"2021-05-29","0.511","0.511","0.511","0.511","-0.97%"
"2021-05-28","0.516","0.505","0.525","0.482","0.49%"
"2021-05-27","0.514","0.501","0.514","0.480","0.49%"
"2021-05-26","0.511","0.507","0.520","0.485","-0.97%"
"2021-05-25","0.516","0.509","0.524","0.491","-0.71%"
"2021-05-24","0.520","0.505","0.522","0.493","2.85%"
"2021-05-23","0.506","0.493","0.507","0.493","-2.30%"
"2021-05-21","0.517","0.498","0.520","0.488","1.47%"
"2021-05-20","0.510","0.500","0.514","0.482","0.49%"
"2021-05-19","0.507","0.502","0.515","0.481","-1.70%"
"2021-05-18","0.516","0.506","0.517","0.484","0.25%"
"2021-05-17","0.515","0.506","0.516","0.482","1.60%"
"2021-05-16","0.507","0.489","0.508","0.489","-0.37%"
"2021-05-15","0.509","0.509","0.509","0.509","-1.68%"
"2021-05-14","0.517","0.511","0.520","0.488","-0.96%"
"2021-05-13","0.522","0.511","0.529","0.493","0.48%"
"2021-05-12","0.520","0.507","0.520","0.481","0.48%"
"2021-05-11","0.517","0.514","0.517","0.481","-0.48%"
"2021-05-10","0.520","0.514","0.529","0.495","1.21%"
"2021-05-09","0.514","0.495","0.514","0.495","-1.44%"
"2021-05-07","0.521","0.517","0.529","0.495","-0.70%"
"2021-05-06","0.525","0.518","0.533","0.500","-2.11%"
"2021-05-05","0.536","0.536","0.536","0.536","0.00%"
"2021-05-04","0.536","0.536","0.536","0.536","0.00%"
"2021-05-03","0.536","0.509","0.536","0.509","5.40%"
"2021-05-02","0.509","0.509","0.509","0.509","-2.04%"
"2021-05-01","0.519","0.519","0.519","0.519","-2.92%"
"2021-04-30","0.535","0.520","0.539","0.504","1.90%"
"2021-04-29","0.525","0.525","0.525","0.525","-0.72%"
"2021-04-28","0.529","0.510","0.538","0.491","1.69%"
"2021-04-27","0.520","0.503","0.521","0.489","0.97%"
"2021-04-26","0.515","0.494","0.517","0.474","8.70%"
"2021-04-25","0.474","0.474","0.474","0.474","-5.49%"
"2021-04-23","0.501","0.491","0.506","0.474","-0.73%"
"2021-04-22","0.505","0.499","0.505","0.475","-1.71%"
"2021-04-21","0.514","0.507","0.515","0.475","-0.71%"
"2021-04-20","0.517","0.515","0.531","0.493","-1.20%"
"2021-04-19","0.524","0.521","0.527","0.498","0.36%"
"2021-04-18","0.522","0.505","0.522","0.505","3.35%"
"2021-04-17","0.505","0.522","0.522","0.505","-4.27%"
"2021-04-16","0.527","0.521","0.531","0.502","-0.47%"
"2021-04-15","0.530","0.526","0.539","0.506","-1.40%"
"2021-04-14","0.538","0.539","0.539","0.507","-2.50%"
"2021-04-13","0.551","0.556","0.561","0.530","-2.65%"
"2021-04-12","0.566","0.555","0.567","0.536","2.15%"
"2021-04-11","0.554","0.536","0.554","0.536","-1.00%"
"2021-04-09","0.560","0.539","0.566","0.526","2.04%"
"2021-04-08","0.549","0.546","0.560","0.525","0.46%"
"2021-04-07","0.546","0.549","0.551","0.519","-2.67%"
"2021-04-06","0.561","0.570","0.570","0.524","-1.85%"
"2021-04-05","0.572","0.571","0.579","0.541","-0.10%"
"2021-04-04","0.572","0.571","0.572","0.571","0.21%"
"2021-04-03","0.571","0.571","0.571","0.571","-1.30%"
"2021-04-02","0.579","0.558","0.584","0.551","2.21%"
"2021-04-01","0.566","0.553","0.577","0.531","1.80%"
"2021-03-31","0.556","0.509","0.565","0.494","7.75%"
"2021-03-30","0.516","0.494","0.525","0.468","2.75%"
"2021-03-29","0.502","0.504","0.506","0.450","-0.26%"
"2021-03-28","0.504","0.486","0.504","0.486","-0.73%"
"2021-03-26","0.507","0.498","0.514","0.480","0.50%"
"2021-03-25","0.505","0.504","0.512","0.477","-1.46%"
"2021-03-24","0.512","0.499","0.519","0.476","-0.74%"
"2021-03-23","0.516","0.533","0.533","0.495","-5.06%"
"2021-03-22","0.544","0.564","0.564","0.515","-3.65%"
"2021-03-21","0.564","0.558","0.572","0.558","-2.27%"
"2021-03-19","0.577","0.558","0.604","0.552","0.43%"
"2021-03-18","0.575","0.541","0.580","0.530","3.14%"
"2021-03-17","0.558","0.539","0.560","0.522","1.36%"
"2021-03-16","0.550","0.544","0.554","0.515","0.00%"
"2021-03-15","0.550","0.540","0.558","0.521","1.74%"
"2021-03-14","0.541","0.522","0.542","0.522","-2.82%"
"2021-03-12","0.556","0.507","0.560","0.495","6.98%"
"2021-03-11","0.520","0.552","0.554","0.476","-5.45%"
"2021-03-10","0.550","0.529","0.565","0.504","0.92%"
"2021-03-09","0.545","0.558","0.559","0.502","-2.68%"
"2021-03-08","0.560","0.515","0.572","0.491","8.99%"
"2021-03-07","0.514","0.491","0.514","0.491","4.73%"
"2021-03-06","0.491","0.491","0.491","0.491","-5.65%"
"2021-03-05","0.520","0.558","0.564","0.454","-5.25%"
"2021-03-04","0.549","0.517","0.559","0.498","5.03%"
"2021-03-03","0.522","0.514","0.529","0.469","0.00%"
"2021-03-02","0.522","0.541","0.541","0.485","-5.65%"
"2021-03-01","0.554","0.581","0.581","0.520","-4.73%"
"2021-02-28","0.581","0.563","0.585","0.563","-0.73%"
"2021-02-27","0.586","0.586","0.586","0.586","-2.40%"
"2021-02-26","0.600","0.609","0.616","0.559","-2.04%"
"2021-02-25","0.613","0.569","0.615","0.546","6.28%"
"2021-02-24","0.576","0.549","0.587","0.527","2.45%"
"2021-02-23","0.563","0.563","0.563","0.547","0.90%"
"2021-02-22","0.558","0.541","0.565","0.521","2.88%"
"2021-02-21","0.542","0.514","0.543","0.514","5.47%"
"2021-02-20","0.514","0.514","0.514","0.514","-7.42%"
"2021-02-19","0.555","0.539","0.555","0.505","2.78%"
"2021-02-18","0.540","0.540","0.549","0.505","-2.26%"
"2021-02-17","0.553","0.540","0.561","0.509","2.07%"
"2021-02-16","0.541","0.532","0.543","0.491","-0.22%"
"2021-02-15","0.543","0.509","0.546","0.489","6.62%"
"2021-02-14","0.509","0.503","0.509","0.503","-1.45%"
"2021-02-12","0.516","0.490","0.519","0.465","4.30%"
"2021-02-11","0.495","0.495","0.501","0.489","-0.76%"
"2021-02-10","0.499","0.499","0.511","0.468","-1.48%"
"2021-02-09","0.506","0.497","0.512","0.470","-0.73%"
"2021-02-08","0.510","0.485","0.517","0.463","5.96%"
"2021-02-07","0.481","0.473","0.481","0.473","-0.76%"
"2021-02-05","0.485","0.469","0.491","0.468","0.00%"
"2021-02-04","0.485","0.483","0.486","0.428","-2.02%"
"2021-02-03","0.495","0.490","0.496","0.478","-0.50%"
"2021-02-02","0.498","0.484","0.499","0.484","0.24%"
"2021-02-01","0.496","0.481","0.500","0.479","3.12%"
"2021-01-31","0.481","0.482","0.482","0.481","-1.53%"
"2021-01-29","0.489","0.461","0.493","0.461","4.56%"
"2021-01-28","0.468","0.465","0.469","0.456","-1.33%"
"2021-01-27","0.474","0.452","0.479","0.416","2.71%"
"2021-01-26","0.461","0.447","0.465","0.443","0.83%"
"2021-01-25","0.458","0.450","0.466","0.447","1.80%"
"2021-01-24","0.449","0.451","0.451","0.449","-2.05%"
"2021-01-22","0.459","0.450","0.464","0.449","0.28%"
"2021-01-21","0.458","0.454","0.461","0.444","-2.14%"
"2021-01-20","0.468","0.456","0.474","0.417","0.00%"
"2021-01-19","0.468","0.462","0.470","0.405","0.26%"
"2021-01-18","0.466","0.463","0.474","0.412","1.37%"
"2021-01-17","0.460","0.436","0.461","0.436","4.24%"
"2021-01-15","0.441","0.425","0.445","0.423","1.73%"
"2021-01-14","0.434","0.412","0.440","0.376","2.36%"
"2021-01-13","0.424","0.421","0.428","0.364","-3.97%"
"2021-01-12","0.441","0.451","0.461","0.375","-3.29%"
"2021-01-11","0.456","0.445","0.451","0.445","0.00%"
"2021-01-08","0.456","0.439","0.459","0.396","2.24%"
"2021-01-07","0.446","0.417","0.449","0.381","5.31%"
"2021-01-06","0.424","0.398","0.428","0.360","3.67%"
"2021-01-05","0.409","0.406","0.412","0.397","-1.21%"
"2021-01-04","0.414","0.407","0.423","0.404","1.40%"
"2021-01-03","0.408","0.409","0.409","0.408","-3.13%"
"2021-01-01","0.421","0.421","0.421","0.421","0.00%"
"2020-12-31","0.421","0.421","0.421","0.421","0.91%"
"2020-12-30","0.417","0.409","0.424","0.409","-0.31%"
"2020-12-29","0.419","0.395","0.423","0.344","8.78%"
"2020-12-28","0.385","0.393","0.404","0.385","-2.06%"
"2020-12-27","0.393","0.394","0.394","0.393","-0.48%"
"2020-12-25","0.395","0.375","0.396","0.375","2.25%"
"2020-12-24","0.386","0.377","0.391","0.376","20.72%"
"2020-12-23","0.320","0.359","0.385","0.315","-13.23%"
"2020-12-22","0.369","0.354","0.373","0.354","0.00%"
"2020-12-21","0.369","0.346","0.369","0.346","6.71%"
"2020-12-20","0.346","0.345","0.346","0.345","-2.65%"
"2020-12-18","0.355","0.340","0.356","0.340","0.34%"
"2020-12-17","0.354","0.338","0.354","0.338","1.43%"
"2020-12-16","0.349","0.347","0.351","0.284","-2.10%"
"2020-12-15","0.356","0.352","0.357","0.346","-1.38%"
"2020-12-14","0.361","0.344","0.366","0.305","4.72%"
"2020-12-13","0.345","0.344","0.345","0.344","0.17%"
"2020-12-12","0.344","0.344","0.344","0.344","-0.89%"
"2020-12-11","0.347","0.339","0.355","0.329","-0.71%"
"2020-12-10","0.350","0.344","0.354","0.286","-1.77%"
"2020-12-09","0.356","0.342","0.359","0.338","1.42%"
"2020-12-08","0.351","0.349","0.352","0.335","-2.09%"
"2020-12-07","0.359","0.356","0.374","0.349","0.90%"
"2020-12-06","0.356","0.355","0.356","0.355","-4.87%"
"2020-12-04","0.374","0.354","0.374","0.344","2.75%"
"2020-12-03","0.364","0.351","0.369","0.349","-0.33%"
"2020-12-02","0.365","0.349","0.366","0.349","0.00%"
"2020-12-01","0.365","0.356","0.365","0.343","0.00%"
"2020-11-30","0.365","0.353","0.368","0.353","3.17%"
"2020-11-29","0.354","0.354","0.354","0.354","0.20%"
"2020-11-28","0.353","0.353","0.353","0.353","-1.92%"
"2020-11-27","0.360","0.351","0.365","0.341","0.00%"
"2020-11-26","0.360","0.351","0.366","0.351","0.00%"
"2020-11-25","0.360","0.351","0.361","0.348","0.00%"
"2020-11-24","0.360","0.338","0.361","0.295","5.11%"
"2020-11-23","0.343","0.343","0.343","0.337","1.84%"
"2020-11-21","0.336","0.336","0.336","0.336","-2.52%"
"2020-11-20","0.345","0.342","0.349","0.282","0.17%"
"2020-11-19","0.344","0.349","0.360","0.342","-3.34%"
"2020-11-18","0.356","0.368","0.368","0.303","-5.29%"
"2020-11-17","0.376","0.375","0.382","0.369","-1.65%"
"2020-11-16","0.382","0.374","0.394","0.373","2.16%"
"2020-11-15","0.374","0.374","0.374","0.374","-1.81%"
"2020-11-13","0.381","0.371","0.387","0.361","-0.31%"
"2020-11-12","0.382","0.379","0.389","0.368","-3.16%"
"2020-11-11","0.395","0.387","0.399","0.379","-2.18%"
"2020-11-10","0.404","0.383","0.412","0.346","-1.22%"
"2020-11-09","0.409","0.364","0.411","0.305","12.37%"
"2020-11-08","0.364","0.362","0.364","0.362","-3.30%"
"2020-11-06","0.376","0.337","0.379","0.337","6.72%"
"2020-11-05","0.352","0.368","0.371","0.281","-6.30%"
"2020-11-04","0.376","0.401","0.403","0.366","-6.53%"
"2020-11-03","0.403","0.403","0.403","0.398","0.30%"
"2020-11-02","0.401","0.389","0.404","0.387","2.90%"
"2020-11-01","0.390","0.387","0.390","0.387","-3.70%"
"2020-10-30","0.405","0.384","0.407","0.380","4.52%"
"2020-10-29","0.387","0.393","0.394","0.376","-1.60%"
"2020-10-28","0.394","0.391","0.400","0.380","-2.16%"
"2020-10-27","0.403","0.406","0.416","0.393","-3.89%"
"2020-10-26","0.419","0.409","0.424","0.375","2.30%"
"2020-10-25","0.409","0.415","0.415","0.409","-3.10%"
"2020-10-23","0.423","0.409","0.429","0.377","2.72%"
"2020-10-22","0.411","0.381","0.412","0.360","5.79%"
"2020-10-21","0.389","0.372","0.395","0.344","2.99%"
"2020-10-20","0.377","0.387","0.387","0.340","-5.03%"
"2020-10-19","0.398","0.382","0.401","0.354","2.74%"
"2020-10-18","0.387","0.385","0.387","0.384","0.49%"
"2020-10-16","0.385","0.396","0.398","0.341","-1.61%"
"2020-10-15","0.391","0.401","0.420","0.356","-4.86%"
"2020-10-14","0.411","0.387","0.420","0.368","4.44%"
"2020-10-13","0.394","0.374","0.401","0.356","1.94%"
"2020-10-12","0.386","0.364","0.387","0.335","5.84%"
"2020-10-11","0.365","0.368","0.368","0.365","-4.27%"
"2020-10-09","0.381","0.361","0.384","0.336","3.39%"
"2020-10-08","0.369","0.373","0.377","0.330","-4.21%"
"2020-10-07","0.385","0.373","0.385","0.338","-0.98%"
"2020-10-06","0.389","0.363","0.391","0.341","5.80%"
"2020-10-05","0.368","0.346","0.369","0.316","6.71%"
"2020-10-04","0.344","0.344","0.344","0.344","1.29%"
"2020-10-03","0.340","0.340","0.340","0.340","-2.16%"
"2020-10-02","0.347","0.343","0.351","0.303","-1.78%"
"2020-10-01","0.354","0.339","0.361","0.336","2.91%"
"2020-09-30","0.344","0.329","0.346","0.292","2.23%"
"2020-09-29","0.336","0.333","0.346","0.330","-2.52%"
"2020-09-28","0.345","0.318","0.350","0.299","8.46%"
"2020-09-27","0.318","0.319","0.319","0.318","-3.61%"
"2020-09-25","0.330","0.302","0.331","0.282","6.45%"
"2020-09-24","0.310","0.303","0.314","0.261","-0.80%"
"2020-09-23","0.313","0.313","0.319","0.271","-5.67%"
"2020-09-22","0.331","0.314","0.314","0.314","0.00%"
"2020-09-21","0.331","0.331","0.331","0.331","1.16%"
"2020-09-18","0.327","0.308","0.329","0.278","1.93%"
"2020-09-17","0.321","0.309","0.322","0.275","2.42%"
"2020-09-16","0.314","0.298","0.317","0.268","0.38%"
"2020-09-15","0.313","0.306","0.313","0.261","0.39%"
"2020-09-14","0.311","0.309","0.317","0.268","-1.17%"
"2020-09-11","0.315","0.326","0.328","0.273","-9.04%"
"2020-09-10","0.346","0.334","0.350","0.294","0.73%"
"2020-09-09","0.344","0.324","0.345","0.291","1.48%"
"2020-09-08","0.339","0.336","0.346","0.284","-3.56%"
"2020-09-07","0.351","0.356","0.359","0.308","-0.71%"
"2020-09-06","0.354","0.310","0.354","0.310","14.13%"
"2020-09-05","0.310","0.310","0.310","0.310","-10.79%"
"2020-09-04","0.347","0.343","0.347","0.300","-1.42%"
"2020-09-03","0.352","0.346","0.357","0.306","-2.44%"
"2020-09-02","0.361","0.362","0.371","0.326","-4.29%"
"2020-09-01","0.377","0.362","0.384","0.335","1.18%"
"2020-08-31","0.373","0.380","0.390","0.366","-1.66%"
"2020-08-30","0.379","0.380","0.380","0.379","-1.79%"
"2020-08-28","0.386","0.374","0.406","0.344","4.04%"
"2020-08-27","0.371","0.347","0.377","0.319","1.03%"
"2020-08-26","0.368","0.333","0.371","0.315","6.89%"
"2020-08-25","0.344","0.324","0.347","0.296","3.77%"
"2020-08-24","0.331","0.329","0.333","0.289","-3.64%"
"2020-08-21","0.344","0.326","0.347","0.301","1.48%"
"2020-08-20","0.339","0.324","0.346","0.298","3.45%"
"2020-08-19","0.327","0.335","0.335","0.280","-5.07%"
"2020-08-18","0.345","0.346","0.346","0.304","-1.43%"
"2020-08-17","0.350","0.348","0.364","0.317","1.07%"
"2020-08-16","0.346","0.347","0.347","0.346","0.38%"
"2020-08-14","0.345","0.341","0.364","0.304","1.08%"
"2020-08-13","0.341","0.317","0.344","0.278","-3.86%"
"2020-08-12","0.355","0.293","0.356","0.265","17.36%"
"2020-08-11","0.303","0.270","0.308","0.230","16.89%"
"2020-08-10","0.259","0.285","0.285","0.259","-8.39%"
"2020-08-07","0.282","0.256","0.282","0.251","8.11%"
"2020-08-06","0.261","0.257","0.269","0.254","-1.40%"
"2020-08-05","0.265","0.244","0.266","0.191","3.92%"
"2020-08-04","0.255","0.261","0.269","0.201","-6.01%"
"2020-08-03","0.271","0.260","0.276","0.260","4.59%"
"2020-08-02","0.259","0.247","0.259","0.247","-1.18%"
"2020-07-31","0.262","0.261","0.264","0.179","-4.55%"
"2020-07-30","0.275","0.275","0.280","0.262","-2.24%"
"2020-07-29","0.281","0.291","0.291","0.210","-6.23%"
"2020-07-28","0.300","0.303","0.309","0.291","-2.85%"
"2020-07-27","0.309","0.309","0.315","0.303","1.05%"
"2020-07-26","0.306","0.306","0.306","0.306","0.59%"
"2020-07-24","0.304","0.315","0.315","0.304","-3.56%"
"2020-07-23","0.315","0.315","0.315","0.315","3.69%"
"2020-07-22","0.304","0.308","0.319","0.296","-2.00%"
"2020-07-21","0.310","0.327","0.329","0.255","-7.46%"
"2020-07-20","0.335","0.314","0.338","0.275","6.99%"
"2020-07-19","0.313","0.306","0.315","0.305","2.66%"
"2020-07-18","0.305","0.305","0.305","0.305","-5.81%"
"2020-07-17","0.324","0.316","0.326","0.257","-0.77%"
"2020-07-16","0.326","0.334","0.344","0.319","-4.73%"
"2020-07-15","0.343","0.334","0.354","0.333","1.09%"
"2020-07-14","0.339","0.331","0.341","0.327","-4.56%"
"2020-07-13","0.355","0.310","0.356","0.282","13.60%"
"2020-07-10","0.313","0.298","0.313","0.298","0.81%"
"2020-07-09","0.310","0.316","0.320","0.299","-6.43%"
"2020-07-08","0.331","0.339","0.339","0.259","-6.36%"
"2020-07-07","0.354","0.344","0.355","0.285","-0.70%"
"2020-07-06","0.356","0.348","0.359","0.345","2.53%"
"2020-07-05","0.347","0.343","0.347","0.343","-1.42%"
"2020-07-03","0.352","0.363","0.363","0.284","-3.11%"
"2020-07-02","0.364","0.373","0.395","0.335","-3.30%"
"2020-07-01","0.376","0.345","0.380","0.298","10.65%"
"2020-06-30","0.340","0.309","0.344","0.309","8.80%"
"2020-06-29","0.313","0.296","0.315","0.296","5.93%"
"2020-06-28","0.295","0.302","0.302","0.295","-5.24%"
"2020-06-26","0.311","0.304","0.317","0.302","0.00%"
"2020-06-25","0.311","0.313","0.321","0.299","-4.22%"
"2020-06-24","0.325","0.315","0.333","0.312","0.78%"
"2020-06-23","0.322","0.314","0.326","0.304","0.37%"
"2020-06-22","0.321","0.316","0.330","0.314","-1.89%"
"2020-06-19","0.327","0.327","0.327","0.327","-3.34%"
"2020-06-18","0.339","0.339","0.339","0.339","-2.17%"
"2020-06-17","0.346","0.346","0.346","0.346","6.95%"
"2020-06-16","0.324","0.324","0.324","0.324","6.58%"
"2020-06-15","0.304","0.304","0.304","0.304","-4.71%"
"2020-06-12","0.319","0.319","0.319","0.319","4.52%"
"2020-06-11","0.305","0.305","0.305","0.305","-10.29%"
"2020-06-10","0.340","0.340","0.340","0.340","-1.45%"
"2020-06-09","0.345","0.345","0.345","0.345","-16.63%"
"2020-06-08","0.414","0.414","0.414","0.414","0.00%"
"2020-06-05","0.414","0.414","0.414","0.414","16.14%"
"2020-06-04","0.356","0.356","0.356","0.356","2.53%"
"2020-06-03","0.347","0.347","0.347","0.347","8.15%"
"2020-06-02","0.321","0.321","0.321","0.321","-2.64%"
"2020-06-01","0.330","0.330","0.330","0.330","18.36%"
"2020-05-29","0.279","0.279","0.279","0.279","5.21%"
"2020-05-28","0.265","0.265","0.265","0.265","4.95%"
"2020-05-27","0.252","0.252","0.252","0.252","-1.48%"
"2020-05-26","0.256","0.256","0.256","0.256","2.03%"
"2020-05-25","0.251","0.251","0.251","0.251","13.51%"
"2020-05-22","0.221","0.221","0.221","0.221","-9.23%"
"2020-05-21","0.244","0.244","0.244","0.244","-6.70%"
"2020-05-20","0.261","0.261","0.261","0.261","-6.68%"
"2020-05-19","0.280","0.280","0.280","0.280","1.82%"
"2020-05-18","0.275","0.275","0.275","0.275","4.25%"
"2020-05-15","0.264","0.264","0.264","0.264","3.98%"
"2020-05-14","0.254","0.254","0.254","0.254","-2.91%"
"2020-05-13","0.261","0.261","0.261","0.261","-3.69%"
"2020-05-12","0.271","0.271","0.271","0.271","-6.87%"
"2020-05-11","0.291","0.291","0.291","0.291","6.39%"
"2020-05-08","0.274","0.274","0.274","0.274","5.80%"
"2020-05-07","0.259","0.259","0.259","0.259","0.98%"
"2020-05-06","0.256","0.256","0.256","0.256","0.00%"
"2020-05-05","0.256","0.256","0.256","0.256","0.00%"
"2020-05-04","0.256","0.256","0.256","0.256","0.00%"
"2020-05-01","0.256","0.256","0.256","0.256","5.13%"
"2020-04-30","0.244","0.244","0.244","0.244","1.04%"
"2020-04-29","0.241","0.241","0.241","0.241","0.00%"
"2020-04-28","0.241","0.241","0.241","0.241","1.05%"
"2020-04-27","0.239","0.239","0.239","0.239","4.97%"
"2020-04-24","0.228","0.228","0.228","0.228","2.25%"
"2020-04-23","0.222","0.222","0.222","0.222","-16.45%"
"2020-04-22","0.266","0.266","0.266","0.266","-8.96%"
"2020-04-21","0.292","0.292","0.292","0.292","-10.36%"
"2020-04-20","0.326","0.326","0.326","0.326","1.56%"
"2020-04-17","0.321","0.321","0.321","0.321","12.22%"
"2020-04-16","0.286","0.286","0.286","0.286","3.17%"
"2020-04-15","0.278","0.278","0.278","0.278","-0.89%"
"2020-04-14","0.280","0.280","0.280","0.280","8.19%"
"2020-04-13","0.259","0.259","0.259","0.259","2.50%"
"2020-04-10","0.252","0.252","0.252","0.252","0.52%"
"2020-04-09","0.251","0.251","0.251","0.251","11.64%"
"2020-04-08","0.225","0.225","0.225","0.225","5.88%"
"2020-04-07","0.213","0.213","0.213","0.213","19.72%"
"2020-04-06","0.177","0.177","0.177","0.177","10.94%"
"2020-04-03","0.160","0.160","0.160","0.160","-0.81%"
"2020-04-02","0.161","0.161","0.161","0.161","-14.57%"
"2020-04-01","0.189","0.189","0.189","0.189","4.89%"
"2020-03-31","0.180","0.180","0.180","0.180","-11.63%"
"2020-03-30","0.204","0.204","0.204","0.204","-2.44%"
"2020-03-27","0.209","0.209","0.209","0.209","-9.22%"
"2020-03-26","0.230","0.230","0.230","0.230","-6.62%"
"2020-03-25","0.246","0.246","0.246","0.246","12.57%"
"2020-03-24","0.219","0.219","0.219","0.219","20.68%"
"2020-03-23","0.181","0.181","0.181","0.181","-33.17%"
"2020-03-20","0.271","0.271","0.271","0.271","-1.35%"
"2020-03-19","0.275","0.275","0.275","0.275","-6.78%"
"2020-03-18","0.295","0.295","0.295","0.295","286.63%"
"2020-03-17","0.076","0.076","0.076","0.076","-24.68%"
"2020-03-16","0.101","0.101","0.101","0.101","575.33%"
"2020-03-13","0.015","0.015","0.015","0.015","-90.77%"
"2020-03-12","0.162","0.162","0.162","0.162","12.07%"
"2020-03-11","0.145","0.145","0.145","0.145","1.75%"
"2020-03-10","0.142","0.142","0.142","0.142","177.78%"
"2020-03-09","0.051","0.051","0.051","0.051","-61.66%"
"2020-03-06","0.134","0.134","0.134","0.134","-34.73%"
"2020-03-05","0.205","0.205","0.205","0.205","8.58%"
"2020-03-04","0.189","0.189","0.189","0.189","-7.31%"
"2020-03-03","0.204","0.204","0.204","0.204","19.82%"
"2020-03-02","0.170","0.170","0.170","0.170","22.48%"
"2020-02-28","0.139","0.139","0.139","0.139","-26.48%"
"2020-02-27","0.189","0.189","0.189","0.189","-10.10%"
"2020-02-26","0.210","0.210","0.210","0.210","12.00%"
"2020-02-25","0.188","0.188","0.188","0.188","-20.21%"
"2020-02-24","0.235","0.235","0.235","0.235","-2.61%"
"2020-02-21","0.241","0.241","0.241","0.241","-1.51%"
"2020-02-20","0.245","0.245","0.245","0.245","-12.90%"
"2020-02-19","0.281","0.281","0.281","0.281","9.75%"
"2020-02-18","0.256","0.256","0.256","0.256","-15.27%"
"2020-02-17","0.303","0.303","0.303","0.303","-4.33%"
"2020-02-14","0.316","0.316","0.316","0.316","-1.19%"
"2020-02-13","0.320","0.320","0.320","0.320","2.40%"
"2020-02-12","0.313","0.313","0.313","0.313","8.21%"
"2020-02-11","0.289","0.289","0.289","0.289","0.00%"
"2020-02-10","0.289","0.289","0.289","0.289","-6.48%"
"2020-02-07","0.309","0.309","0.309","0.309","-9.18%"
"2020-02-06","0.340","0.340","0.340","0.340","-3.22%"
"2020-02-05","0.351","0.351","0.351","0.351","8.09%"
"2020-02-04","0.325","0.325","0.325","0.325","4.84%"
"2020-02-03","0.310","0.310","0.310","0.310","2.04%"
"2020-01-31","0.304","0.304","0.304","0.304","2.12%"
"2020-01-30","0.298","0.298","0.298","0.298","-5.56%"
"2020-01-29","0.315","0.315","0.315","0.315","-4.55%"
"2020-01-28","0.330","0.330","0.330","0.330","2.71%"
"2020-01-27","0.321","0.321","0.321","0.321","-10.45%"
"2020-01-24","0.359","0.359","0.359","0.359","0.70%"
"2020-01-23","0.356","0.356","0.356","0.356","-10.36%"
"2020-01-22","0.398","0.398","0.398","0.398","-0.95%"
"2020-01-21","0.401","0.401","0.401","0.401","-5.86%"
"2020-01-20","0.426","0.426","0.426","0.426","2.72%"
"2020-01-17","0.415","0.415","0.415","0.415","-2.92%"
"2020-01-16","0.428","0.428","0.428","0.428","3.64%"
"2020-01-15","0.412","0.412","0.412","0.412","0.29%"
"2020-01-14","0.411","0.411","0.411","0.411","1.86%"
"2020-01-13","0.404","0.404","0.404","0.404","4.21%"
"2020-01-10","0.387","0.387","0.387","0.387","-4.04%"
"2020-01-09","0.404","0.404","0.404","0.404","4.21%"
"2020-01-08","0.387","0.387","0.387","0.387","-3.13%"
"2020-01-07","0.400","0.400","0.400","0.400","1.57%"
"2020-01-06","0.394","0.394","0.394","0.394","-2.16%"
"2020-01-03","0.403","0.403","0.403","0.403","0.00%"
"2020-01-02","0.403","0.403","0.403","0.403","0.00%"
"2020-01-01","0.403","0.403","0.403","0.403","0.00%"
"2019-12-31","0.403","0.403","0.403","0.403","-3.01%"
"2019-12-30","0.415","0.415","0.415","0.415","-0.60%"
"2019-12-27","0.417","0.417","0.417","0.417","3.09%"
"2019-12-26","0.405","0.405","0.405","0.405","3.34%"
"2019-12-25","0.392","0.392","0.392","0.392","-7.24%"
"2019-12-24","0.423","0.423","0.423","0.423","1.20%"
"2019-12-23","0.417","0.417","0.417","0.417","-1.76%"
"2019-12-20","0.425","0.425","0.425","0.425","7.92%"
"2019-12-19","0.394","0.394","0.394","0.394","-0.93%"
"2019-12-18","0.398","0.398","0.398","0.398","2.24%"
"2019-12-17","0.389","0.389","0.389","0.389","-2.19%"
"2019-12-16","0.398","0.398","0.398","0.398","2.58%"
"2019-12-13","0.387","0.387","0.387","0.387","-8.02%"
"2019-12-12","0.421","0.421","0.421","0.421","8.36%"
"2019-12-11","0.389","0.389","0.389","0.389","-2.19%"
"2019-12-10","0.398","0.398","0.398","0.398","-4.52%"
"2019-12-09","0.416","0.416","0.416","0.416","-2.92%"
"2019-12-06","0.429","0.429","0.429","0.429","7.87%"
"2019-12-05","0.398","0.398","0.398","0.398","-4.52%"
"2019-12-04","0.416","0.416","0.416","0.416","14.84%"
"2019-12-03","0.363","0.363","0.363","0.363","-9.67%"
"2019-12-02","0.401","0.401","0.401","0.401","5.97%"
"2019-11-29","0.379","0.379","0.379","0.379","5.55%"
"2019-11-28","0.359","0.359","0.359","0.359","3.25%"
"2019-11-27","0.347","0.347","0.347","0.347","-2.11%"
"2019-11-26","0.355","0.355","0.355","0.355","-5.33%"
"2019-11-25","0.375","0.375","0.375","0.375","1.00%"
"2019-11-22","0.371","0.371","0.371","0.371","3.14%"
"2019-11-21","0.360","0.360","0.360","0.360","-4.64%"
"2019-11-20","0.377","0.377","0.377","0.377","-3.82%"
"2019-11-19","0.393","0.393","0.393","0.393","1.29%"
"2019-11-18","0.387","0.387","0.387","0.387","-3.44%"
"2019-11-15","0.401","0.401","0.401","0.401","4.56%"
"2019-11-14","0.384","0.384","0.384","0.384","-7.25%"
"2019-11-13","0.414","0.414","0.414","0.414","-5.95%"
"2019-11-12","0.440","0.440","0.440","0.440","3.82%"
"2019-11-11","0.424","0.424","0.424","0.424","0.31%"
"2019-11-08","0.423","0.423","0.423","0.423","2.42%"
"2019-11-07","0.412","0.412","0.412","0.412","17.86%"
"2019-11-06","0.350","0.350","0.350","0.350","2.55%"
"2019-11-05","0.341","0.341","0.341","0.341","17.69%"
"2019-11-04","0.290","0.290","0.290","0.290","-0.85%"
"2019-11-01","0.292","0.292","0.292","0.292","-2.50%"
"2019-10-31","0.300","0.300","0.300","0.300","-13.99%"
"2019-10-30","0.349","0.349","0.349","0.349","-4.44%"
"2019-10-29","0.365","0.365","0.365","0.365","2.10%"
"2019-10-28","0.357","0.357","0.357","0.357","0.70%"
"2019-10-25","0.355","0.355","0.355","0.355","1.05%"
"2019-10-24","0.351","0.351","0.351","0.351","-1.04%"
"2019-10-23","0.355","0.355","0.355","0.355","-2.07%"
"2019-10-22","0.363","0.363","0.363","0.363","-4.61%"
"2019-10-21","0.380","0.380","0.380","0.380","5.91%"
"2019-10-18","0.359","0.359","0.359","0.359","4.76%"
"2019-10-17","0.343","0.343","0.343","0.343","0.00%"
"2019-10-16","0.343","0.343","0.343","0.343","-1.10%"
"2019-10-15","0.346","0.346","0.346","0.346","-1.42%"
"2019-10-14","0.351","0.351","0.351","0.351","-1.40%"
"2019-10-11","0.356","0.356","0.356","0.356","6.74%"
"2019-10-10","0.334","0.334","0.334","0.334","1.15%"
"2019-10-09","0.330","0.330","0.330","0.330","7.32%"
"2019-10-08","0.308","0.308","0.308","0.308","-0.42%"
"2019-10-07","0.309","0.309","0.309","0.309","-0.80%"
"2019-10-04","0.311","0.311","0.311","0.311","5.53%"
"2019-10-03","0.295","0.295","0.295","0.295","-14.81%"
"2019-10-02","0.346","0.346","0.346","0.346","1.85%"
"2019-10-01","0.340","0.340","0.340","0.340","-1.82%"
"2019-09-30","0.346","0.346","0.346","0.346","17.87%"
"2019-09-27","0.294","0.294","0.294","0.294","-1.67%"
"2019-09-26","0.299","0.299","0.299","0.299","-9.81%"
"2019-09-25","0.331","0.331","0.331","0.331","7.74%"
"2019-09-24","0.308","0.308","0.308","0.308","-0.81%"
"2019-09-23","0.310","0.310","0.310","0.310","-4.26%"
"2019-09-20","0.324","0.324","0.324","0.324","1.19%"
"2019-09-19","0.320","0.320","0.320","0.320","4.92%"
"2019-09-18","0.305","0.305","0.305","0.305","-6.87%"
"2019-09-17","0.327","0.327","0.327","0.327","-12.39%"
"2019-09-16","0.374","0.374","0.374","0.374","4.18%"
"2019-09-13","0.359","0.359","0.359","0.359","20.08%"
"2019-09-12","0.299","0.299","0.299","0.299","10.14%"
"2019-09-11","0.271","0.271","0.271","0.271","5.36%"
"2019-09-10","0.257","0.257","0.257","0.257","10.75%"
"2019-09-09","0.233","0.233","0.233","0.233","3.89%"
"2019-09-06","0.224","0.224","0.224","0.224","55.63%"
"2019-09-05","0.144","0.144","0.144","0.144","32.17%"
"2019-09-04","0.109","0.109","0.109","0.109","11.59%"
"2019-09-03","0.097","0.097","0.097","0.097","-32.76%"
"2019-09-02","0.145","0.145","0.145","0.145","-11.48%"
"2019-08-30","0.164","0.164","0.164","0.164","1.55%"
"2019-08-29","0.161","0.161","0.161","0.161","0.00%"
"2019-08-28","0.161","0.161","0.161","0.161","5.77%"
"2019-08-27","0.153","0.153","0.153","0.153","-2.43%"
"2019-08-26","0.156","0.156","0.156","0.156","-16.64%"
"2019-08-23","0.188","0.188","0.188","0.188","-1.32%"
"2019-08-22","0.190","0.190","0.190","0.190","1.33%"
"2019-08-21","0.188","0.188","0.188","0.188","0.64%"
"2019-08-20","0.186","0.186","0.186","0.186","-10.22%"
"2019-08-19","0.207","0.207","0.207","0.207","8.47%"
"2019-08-16","0.191","0.191","0.191","0.191","19.56%"
"2019-08-15","0.160","0.160","0.160","0.160","-12.95%"
"2019-08-14","0.184","0.184","0.184","0.184","-3.92%"
"2019-08-13","0.191","0.191","0.191","0.191","-15.47%"
"2019-08-12","0.226","0.226","0.226","0.226","2.86%"
"2019-08-09","0.220","0.220","0.220","0.220","-17.76%"
"2019-08-08","0.268","0.268","0.268","0.268","0.94%"
"2019-08-07","0.265","0.265","0.265","0.265","-13.11%"
"2019-08-06","0.305","0.305","0.305","0.305","8.43%"
"2019-08-05","0.281","0.281","0.281","0.281","-14.11%"
"2019-08-02","0.327","0.327","0.327","0.327","-11.49%"
"2019-08-01","0.370","0.370","0.370","0.370","1.70%"
"2019-07-31","0.364","0.364","0.364","0.364","-2.02%"
"2019-07-30","0.371","0.371","0.371","0.371","-2.93%"
"2019-07-29","0.382","0.382","0.382","0.382","1.32%"
"2019-07-26","0.377","0.377","0.377","0.377","0.99%"
"2019-07-25","0.374","0.374","0.374","0.374","0.00%"
"2019-07-24","0.374","0.374","0.374","0.374","-2.91%"
"2019-07-23","0.385","0.385","0.385","0.385","0.00%"
"2019-07-22","0.385","0.385","0.385","0.385","-0.65%"
"2019-07-19","0.387","0.387","0.387","0.387","-0.33%"
"2019-07-18","0.389","0.389","0.389","0.389","-1.27%"
"2019-07-17","0.394","0.394","0.394","0.394","-5.40%"
"2019-07-16","0.416","0.416","0.416","0.416","4.07%"
"2019-07-15","0.400","0.400","0.400","0.400","-1.23%"
"2019-07-12","0.405","0.405","0.405","0.405","2.53%"
"2019-07-11","0.395","0.395","0.395","0.395","0.30%"
"2019-07-10","0.394","0.394","0.394","0.394","5.72%"
"2019-07-09","0.373","0.373","0.373","0.373","-0.98%"
"2019-07-08","0.376","0.376","0.376","0.376","0.32%"
"2019-07-05","0.375","0.375","0.375","0.375","3.08%"
"2019-07-04","0.364","0.364","0.364","0.364","-5.51%"
"2019-07-03","0.385","0.385","0.385","0.385","-8.33%"
"2019-07-02","0.420","0.420","0.420","0.420","-0.31%"
"2019-07-01","0.421","0.421","0.421","0.421","5.32%"
"2019-06-28","0.400","0.400","0.400","0.400","-5.06%"
"2019-06-27","0.421","0.421","0.421","0.421","1.81%"
"2019-06-26","0.414","0.414","0.414","0.414","9.62%"
"2019-06-25","0.377","0.377","0.377","0.377","-1.00%"
"2019-06-24","0.381","0.381","0.381","0.381","0.34%"
"2019-06-21","0.380","0.380","0.380","0.380","15.15%"
"2019-06-20","0.330","0.330","0.330","0.330","-11.41%"
"2019-06-19","0.373","0.373","0.373","0.373","1.69%"
"2019-06-18","0.366","0.366","0.366","0.366","-7.85%"
"2019-06-17","0.398","0.398","0.398","0.398","0.63%"
"2019-06-14","0.395","0.395","0.395","0.395","-4.24%"
"2019-06-13","0.412","0.412","0.412","0.412","9.27%"
"2019-06-12","0.377","0.377","0.377","0.377","-7.36%"
"2019-06-11","0.407","0.407","0.407","0.407","0.62%"
"2019-06-10","0.405","0.405","0.405","0.405","-2.41%"
"2019-06-07","0.415","0.415","0.415","0.415","-5.14%"
"2019-06-06","0.438","0.438","0.438","0.438","-1.13%"
"2019-06-05","0.442","0.442","0.442","0.442","-7.33%"
"2019-06-04","0.477","0.477","0.477","0.477","-2.55%"
"2019-06-03","0.490","0.490","0.490","0.490","-1.51%"
"2019-05-31","0.498","0.498","0.498","0.498","-3.17%"
"2019-05-30","0.514","0.514","0.514","0.514","3.53%"
"2019-05-29","0.496","0.496","0.496","0.496","-3.41%"
"2019-05-28","0.514","0.514","0.514","0.514","-1.67%"
"2019-05-27","0.522","0.522","0.522","0.522","-0.72%"
"2019-05-24","0.526","0.526","0.526","0.526","-0.94%"
"2019-05-23","0.531","0.531","0.531","0.531","-1.61%"
"2019-05-22","0.540","0.540","0.540","0.540","-3.79%"
"2019-05-21","0.561","0.561","0.561","0.561","-0.65%"
"2019-05-20","0.565","0.565","0.565","0.565","3.20%"
"2019-05-17","0.548","0.548","0.548","0.548","2.09%"
"2019-05-16","0.536","0.536","0.536","0.536","-2.49%"
"2019-05-15","0.550","0.550","0.550","0.550","-1.79%"
"2019-05-14","0.560","0.560","0.560","0.560","-0.44%"
"2019-05-13","0.563","0.563","0.563","0.563","-0.23%"
"2019-05-10","0.564","0.564","0.564","0.564","0.00%"
"2019-05-09","0.564","0.564","0.564","0.564","0.45%"
"2019-05-08","0.561","0.561","0.561","0.561","-0.44%"
"2019-05-07","0.564","0.564","0.564","0.564","-2.79%"
"2019-05-06","0.580","0.580","0.580","0.580","0.00%"
"2019-05-03","0.580","0.580","0.580","0.580","0.00%"
"2019-05-02","0.580","0.580","0.580","0.580","0.00%"
"2019-05-01","0.580","0.580","0.580","0.580","0.00%"
"2019-04-30","0.580","0.580","0.580","0.580","0.00%"
"2019-04-29","0.580","0.580","0.580","0.580","0.00%"
"2019-04-26","0.580","0.580","0.580","0.580","-3.73%"
"2019-04-25","0.603","0.603","0.603","0.603","5.00%"
"2019-04-24","0.574","0.574","0.574","0.574","-1.91%"
"2019-04-23","0.585","0.585","0.585","0.585","-3.11%"
"2019-04-22","0.604","0.604","0.604","0.604","3.87%"
"2019-04-19","0.581","0.581","0.581","0.581","0.87%"
"2019-04-18","0.576","0.576","0.576","0.576","-3.34%"
"2019-04-17","0.596","0.596","0.596","0.596","3.90%"
"2019-04-16","0.574","0.574","0.574","0.574","-0.86%"
"2019-04-15","0.579","0.579","0.579","0.579","2.21%"
"2019-04-12","0.566","0.566","0.566","0.566","5.12%"
"2019-04-11","0.539","0.539","0.539","0.539","0.00%"
"2019-04-10","0.539","0.539","0.539","0.539","-0.48%"
"2019-04-09","0.541","0.541","0.541","0.541","-0.68%"
"2019-04-08","0.545","0.545","0.545","0.545","-3.11%"
"2019-04-05","0.563","0.563","0.563","0.563","2.27%"
"2019-04-04","0.550","0.550","0.550","0.550","1.85%"
"2019-04-03","0.540","0.540","0.540","0.540","-1.37%"
"2019-04-02","0.548","0.548","0.548","0.548","-1.14%"
"2019-04-01","0.554","0.554","0.554","0.554","2.80%"
"2019-03-29","0.539","0.539","0.539","0.539","-0.24%"
"2019-03-28","0.540","0.540","0.540","0.540","-0.92%"
"2019-03-27","0.545","0.545","0.545","0.545","-3.76%"
"2019-03-26","0.566","0.566","0.566","0.566","8.63%"
"2019-03-25","0.521","0.521","0.521","0.521","-4.14%"
"2019-03-22","0.544","0.544","0.544","0.544","-7.83%"
"2019-03-21","0.590","0.590","0.590","0.590","-1.47%"
"2019-03-20","0.599","0.599","0.599","0.599","1.27%"
"2019-03-19","0.591","0.591","0.591","0.591","-2.47%"
"2019-03-18","0.606","0.606","0.606","0.606","1.05%"
"2019-03-15","0.600","0.600","0.600","0.600","0.00%"
"2019-03-14","0.600","0.600","0.600","0.600","-0.20%"
"2019-03-13","0.601","0.601","0.601","0.601","-2.24%"
"2019-03-12","0.615","0.615","0.615","0.615","0.61%"
"2019-03-11","0.611","0.611","0.611","0.611","0.41%"
"2019-03-08","0.609","0.609","0.609","0.609","-2.79%"
"2019-03-07","0.626","0.626","0.626","0.626","-3.84%"
"2019-03-06","0.651","0.651","0.651","0.651","-4.22%"
"2019-03-05","0.680","0.680","0.680","0.680","0.92%"
"2019-03-04","0.674","0.674","0.674","0.674","1.71%"
"2019-03-01","0.663","0.663","0.663","0.663","0.76%"
"2019-02-28","0.658","0.658","0.658","0.658","3.14%"
"2019-02-27","0.637","0.637","0.637","0.637","2.20%"
"2019-02-26","0.624","0.624","0.624","0.624","1.84%"
"2019-02-25","0.613","0.613","0.613","0.613","1.24%"
"2019-02-22","0.605","0.605","0.605","0.605","-0.62%"
"2019-02-21","0.609","0.609","0.609","0.609","-1.81%"
"2019-02-20","0.620","0.620","0.620","0.620","-1.20%"
"2019-02-19","0.627","0.627","0.627","0.627","-2.71%"
"2019-02-18","0.645","0.645","0.645","0.645","0.39%"
"2019-02-15","0.642","0.642","0.642","0.642","-0.97%"
"2019-02-14","0.649","0.649","0.649","0.649","-2.24%"
"2019-02-13","0.664","0.664","0.664","0.664","2.69%"
"2019-02-12","0.646","0.646","0.646","0.646","3.19%"
"2019-02-11","0.626","0.626","0.626","0.626","0.00%"
"2019-02-08","0.626","0.626","0.626","0.626","-3.27%"
"2019-02-07","0.647","0.647","0.647","0.647","2.78%"
"2019-02-06","0.630","0.630","0.630","0.630","0.00%"
"2019-02-05","0.630","0.630","0.630","0.630","-1.18%"
"2019-02-04","0.637","0.637","0.637","0.637","-0.20%"
"2019-02-01","0.639","0.639","0.639","0.639","-2.29%"
"2019-01-31","0.654","0.654","0.654","0.654","-3.68%"
"2019-01-30","0.679","0.679","0.679","0.679","1.12%"
"2019-01-29","0.671","0.671","0.671","0.671","0.75%"
"2019-01-28","0.666","0.666","0.666","0.666","-0.37%"
"2019-01-25","0.669","0.669","0.669","0.669","-1.28%"
"2019-01-24","0.678","0.678","0.678","0.678","-1.28%"
"2019-01-23","0.686","0.686","0.686","0.686","-1.61%"
"2019-01-22","0.697","0.697","0.697","0.697","-1.94%"
"2019-01-21","0.711","0.711","0.711","0.711","0.71%"
"2019-01-18","0.706","0.706","0.706","0.706","2.17%"
"2019-01-17","0.691","0.691","0.691","0.691","0.19%"
"2019-01-16","0.690","0.690","0.690","0.690","0.54%"
"2019-01-15","0.686","0.686","0.686","0.686","0.56%"
"2019-01-14","0.683","0.683","0.683","0.683","0.00%"
"2019-01-11","0.683","0.683","0.683","0.683","-1.98%"
"2019-01-10","0.696","0.696","0.696","0.696","-1.93%"
"2019-01-09","0.710","0.710","0.710","0.710","1.43%"
"2019-01-08","0.700","0.700","0.700","0.700","2.00%"
"2019-01-07","0.686","0.686","0.686","0.686","1.86%"
"2019-01-04","0.674","0.674","0.674","0.674","-4.26%"
"2019-01-03","0.704","0.704","0.704","0.704","0.00%"
"2019-01-02","0.704","0.704","0.704","0.704","-1.40%"
"2019-01-01","0.714","0.714","0.714","0.714","0.00%"
"2018-12-31","0.714","0.714","0.714","0.714","0.89%"
"2018-12-28","0.707","0.707","0.707","0.707","-1.74%"
"2018-12-27","0.720","0.720","0.720","0.720","-2.37%"
"2018-12-26","0.738","0.738","0.738","0.738","2.43%"
"2018-12-25","0.720","0.720","0.720","0.720","-2.87%"
"2018-12-24","0.741","0.741","0.741","0.741","-0.34%"
"2018-12-21","0.744","0.744","0.744","0.744","5.13%"
"2018-12-20","0.707","0.707","0.707","0.707","-7.37%"
"2018-12-19","0.764","0.764","0.764","0.764","-1.45%"
"2018-12-18","0.775","0.775","0.775","0.775","-2.82%"
"2018-12-17","0.798","0.798","0.798","0.798","2.24%"
"2018-12-14","0.780","0.780","0.780","0.780","-3.11%"
"2018-12-13","0.805","0.805","0.805","0.805","0.00%"
"2018-12-12","0.805","0.805","0.805","0.805","1.58%"
"2018-12-11","0.793","0.793","0.793","0.793","1.43%"
"2018-12-10","0.781","0.781","0.781","0.781","-3.70%"
"2018-12-07","0.811","0.811","0.811","0.811","1.25%"
"2018-12-06","0.801","0.801","0.801","0.801","-0.62%"
"2018-12-05","0.806","0.806","0.806","0.806","0.79%"
"2018-12-04","0.800","0.800","0.800","0.800","-4.19%"
"2018-12-03","0.835","0.835","0.835","0.835","0.14%"
"2018-11-30","0.834","0.834","0.834","0.834","1.99%"
"2018-11-29","0.817","0.817","0.817","0.817","-5.22%"
"2018-11-28","0.863","0.863","0.863","0.863","2.22%"
"2018-11-27","0.844","0.844","0.844","0.844","-0.88%"
"2018-11-26","0.851","0.851","0.851","0.851","-1.45%"
"2018-11-23","0.864","0.864","0.864","0.864","0.00%"
"2018-11-22","0.864","0.864","0.864","0.864","0.44%"
"2018-11-21","0.860","0.860","0.860","0.860","-1.58%"
"2018-11-20","0.874","0.874","0.874","0.874","1.75%"
"2018-11-19","0.859","0.859","0.859","0.859","-2.55%"
"2018-11-16","0.881","0.881","0.881","0.881","0.43%"
"2018-11-15","0.877","0.877","0.877","0.877","-1.82%"
"2018-11-14","0.894","0.894","0.894","0.894","-1.24%"
"2018-11-13","0.905","0.905","0.905","0.905","-1.36%"
"2018-11-12","0.918","0.918","0.918","0.918","-0.41%"
"2018-11-09","0.921","0.921","0.921","0.921","-0.94%"
"2018-11-08","0.930","0.930","0.930","0.930","0.81%"
"2018-11-07","0.923","0.923","0.923","0.923","0.40%"
"2018-11-06","0.919","0.919","0.919","0.919","1.25%"
"2018-11-05","0.908","0.908","0.908","0.908","-0.27%"
"2018-11-02","0.910","0.910","0.910","0.910","2.10%"
"2018-11-01","0.891","0.891","0.891","0.891","-2.86%"
"2018-10-31","0.918","0.918","0.918","0.918","2.80%"
"2018-10-30","0.892","0.892","0.892","0.892","0.98%"
"2018-10-29","0.884","0.884","0.884","0.884","0.86%"
"2018-10-26","0.876","0.876","0.876","0.876","-2.23%"
"2018-10-25","0.896","0.896","0.896","0.896","-1.10%"
"2018-10-24","0.906","0.906","0.906","0.906","-2.42%"
"2018-10-23","0.929","0.929","0.929","0.929","-1.85%"
"2018-10-22","0.946","0.946","0.946","0.946","0.67%"
"2018-10-19","0.940","0.940","0.940","0.940","-0.14%"
"2018-10-18","0.941","0.941","0.941","0.941","0.27%"
"2018-10-17","0.939","0.939","0.939","0.939","-0.66%"
"2018-10-16","0.945","0.945","0.945","0.945","1.20%"
"2018-10-15","0.934","0.934","0.934","0.934","0.27%"
"2018-10-12","0.931","0.931","0.931","0.931","0.54%"
"2018-10-11","0.926","0.926","0.926","0.926","-2.11%"
"2018-10-10","0.946","0.946","0.946","0.946","0.14%"
"2018-10-09","0.945","0.945","0.945","0.945","-0.66%"
"2018-10-08","0.951","0.951","0.951","0.951","0.00%"
"2018-10-05","0.951","0.951","0.951","0.951","-0.39%"
"2018-10-04","0.955","0.955","0.955","0.955","3.38%"
"2018-10-03","0.924","0.924","0.924","0.924","0.41%"
"2018-10-02","0.920","0.920","0.920","0.920","-1.60%"
"2018-10-01","0.935","0.935","0.935","0.935","1.49%"
"2018-09-28","0.921","0.921","0.921","0.921","2.08%"
"2018-09-27","0.902","0.902","0.902","0.902","-2.31%"
"2018-09-26","0.924","0.924","0.924","0.924","-0.81%"
"2018-09-25","0.931","0.931","0.931","0.931","1.09%"
"2018-09-24","0.921","0.921","0.921","0.921","-0.27%"
"2018-09-21","0.924","0.924","0.924","0.924","3.22%"
"2018-09-20","0.895","0.895","0.895","0.895","-0.70%"
"2018-09-19","0.901","0.901","0.901","0.901","0.42%"
"2018-09-18","0.897","0.897","0.897","0.897","0.70%"
"2018-09-17","0.891","0.891","0.891","0.891","0.56%"
"2018-09-14","0.886","0.886","0.886","0.886","1.58%"
"2018-09-13","0.873","0.873","0.873","0.873","0.29%"
"2018-09-12","0.870","0.870","0.870","0.870","0.00%"
"2018-09-11","0.870","0.870","0.870","0.870","-0.72%"
"2018-09-10","0.876","0.876","0.876","0.876","0.00%"
"2018-09-07","0.876","0.876","0.876","0.876","0.86%"
"2018-09-06","0.869","0.869","0.869","0.869","-1.70%"
"2018-09-05","0.884","0.884","0.884","0.884","-1.53%"
"2018-09-04","0.897","0.897","0.897","0.897","0.13%"
"2018-09-03","0.896","0.896","0.896","0.896","0.56%"
"2018-08-31","0.891","0.891","0.891","0.891","0.43%"
"2018-08-30","0.887","0.887","0.887","0.887","0.42%"
"2018-08-29","0.884","0.884","0.884","0.884","0.86%"
"2018-08-28","0.876","0.876","0.876","0.876","2.19%"
"2018-08-27","0.858","0.858","0.858","0.858","-2.15%"
"2018-08-24","0.876","0.876","0.876","0.876","-0.28%"
"2018-08-23","0.879","0.879","0.879","0.879","-0.85%"
"2018-08-22","0.886","0.886","0.886","0.886","1.00%"
"2018-08-21","0.877","0.877","0.877","0.877","-0.85%"
"2018-08-20","0.885","0.885","0.885","0.885","-0.43%"
"2018-08-17","0.889","0.889","0.889","0.889","-0.41%"
"2018-08-16","0.892","0.892","0.892","0.892","0.85%"
"2018-08-15","0.885","0.885","0.885","0.885","-0.43%"
"2018-08-14","0.889","0.889","0.889","0.889","2.16%"
"2018-08-13","0.870","0.870","0.870","0.870","-0.43%"
"2018-08-10","0.874","0.874","0.874","0.874","-2.24%"
"2018-08-09","0.894","0.894","0.894","0.894","-0.96%"
"2018-08-08","0.902","0.902","0.902","0.902","0.13%"
"2018-08-07","0.901","0.901","0.901","0.901","2.56%"
"2018-08-06","0.879","0.879","0.879","0.879","-0.28%"
"2018-08-03","0.881","0.881","0.881","0.881","-1.67%"
"2018-08-02","0.896","0.896","0.896","0.896","-0.55%"
"2018-08-01","0.901","0.901","0.901","0.901","7.62%"
"2018-07-31","0.837","0.837","0.837","0.837","-7.08%"
"2018-07-30","0.901","0.901","0.901","0.901","2.42%"
"2018-07-27","0.880","0.880","0.880","0.880","2.33%"
"2018-07-26","0.860","0.860","0.860","0.860","2.69%"
"2018-07-25","0.837","0.837","0.837","0.837","-3.18%"
"2018-07-24","0.865","0.865","0.865","0.865","3.12%"
"2018-07-23","0.839","0.839","0.839","0.839","5.84%"
"2018-07-20","0.793","0.793","0.793","0.793","7.09%"
"2018-07-19","0.740","0.740","0.740","0.740","-0.84%"
"2018-07-18","0.746","0.746","0.746","0.746","0.85%"
"2018-07-17","0.740","0.740","0.740","0.740","-0.34%"
"2018-07-16","0.743","0.743","0.743","0.743","0.34%"
"2018-07-13","0.740","0.740","0.740","0.740","0.50%"
"2018-07-12","0.736","0.736","0.736","0.736","-0.34%"
"2018-07-11","0.739","0.739","0.739","0.739","1.03%"
"2018-07-10","0.731","0.731","0.731","0.731","1.74%"
"2018-07-09","0.719","0.719","0.719","0.719","-1.53%"
"2018-07-06","0.730","0.730","0.730","0.730","-0.68%"
"2018-07-05","0.735","0.735","0.735","0.735","-1.51%"
"2018-07-04","0.746","0.746","0.746","0.746","-0.82%"
"2018-07-03","0.752","0.752","0.752","0.752","0.49%"
"2018-07-02","0.749","0.749","0.749","0.749","-1.32%"
"2018-06-29","0.759","0.759","0.759","0.759","0.17%"
"2018-06-28","0.757","0.757","0.757","0.757","-0.50%"
"2018-06-27","0.761","0.761","0.761","0.761","-0.48%"
"2018-06-26","0.765","0.765","0.765","0.765","0.49%"
"2018-06-25","0.761","0.761","0.761","0.761","-0.48%"
"2018-06-22","0.765","0.765","0.765","0.765","-0.33%"
"2018-06-21","0.767","0.767","0.767","0.767","0.16%"
"2018-06-20","0.766","0.766","0.766","0.766","0.33%"
"2018-06-19","0.764","0.764","0.764","0.764","-1.76%"
"2018-06-18","0.777","0.777","0.777","0.777","0.32%"
"2018-06-15","0.775","0.775","0.775","0.775","-1.11%"
"2018-06-14","0.784","0.784","0.784","0.784","0.15%"
"2018-06-13","0.783","0.783","0.783","0.783","-0.32%"
"2018-06-12","0.785","0.785","0.785","0.785","0.64%"
"2018-06-11","0.780","0.780","0.780","0.780","0.97%"
"2018-06-08","0.772","0.772","0.772","0.772","-0.96%"
"2018-06-07","0.780","0.780","0.780","0.780","-1.27%"
"2018-06-06","0.790","0.790","0.790","0.790","1.28%"
"2018-06-05","0.780","0.780","0.780","0.780","-0.95%"