"日付","終値","始値","高値","安値","変化率 %"
"2026-02-18","2.311","2.299","2.323","2.257","-0.31%"
"2026-02-17","2.318","2.360","2.377","2.308","-2.69%"
"2026-02-16","2.382","2.352","2.411","2.356","0.72%"
"2026-02-13","2.365","2.349","2.415","2.356","-0.08%"
"2026-02-12","2.367","2.379","2.424","2.360","-1.99%"
"2026-02-11","2.415","2.372","2.417","2.385","-0.08%"
"2026-02-10","2.417","2.433","2.456","2.389","-1.15%"
"2026-02-09","2.445","2.422","2.497","2.424","0.58%"
"2026-02-06","2.431","2.385","2.456","2.345","1.38%"
"2026-02-05","2.398","2.419","2.451","2.398","-1.36%"
"2026-02-04","2.431","2.431","2.479","2.425","-0.57%"
"2026-02-03","2.445","2.426","2.481","2.424","0.20%"
"2026-02-02","2.440","2.427","2.477","2.413","0.33%"
"2026-01-30","2.432","2.433","2.466","2.418","-0.73%"
"2026-01-29","2.450","2.450","2.482","2.433","-0.41%"
"2026-01-28","2.460","2.461","2.504","2.435","-0.57%"
"2026-01-27","2.474","2.428","2.512","2.440","1.56%"
"2026-01-26","2.436","2.458","2.490","2.411","-1.02%"
"2026-01-23","2.461","2.438","2.494","2.436","0.29%"
"2026-01-22","2.454","2.496","2.512","2.446","-2.15%"
"2026-01-21","2.508","2.547","2.573","2.487","-2.11%"
"2026-01-20","2.562","2.448","2.615","2.455","4.23%"
"2026-01-19","2.458","2.384","2.495","2.385","2.85%"
"2026-01-16","2.390","2.368","2.417","2.368","0.63%"
"2026-01-15","2.375","2.359","2.411","2.356","0.21%"
"2026-01-14","2.370","2.374","2.423","2.364","-0.88%"
"2026-01-13","2.391","2.339","2.426","2.334","1.66%"
"2026-01-12","2.352","2.363","2.396","2.336","0.30%"
"2026-01-09","2.345","2.308","2.396","2.303","1.08%"
"2026-01-08","2.320","2.314","2.346","2.302","-0.60%"
"2026-01-07","2.334","2.330","2.376","2.330","-0.60%"
"2026-01-06","2.348","2.323","2.383","2.324","0.69%"
"2026-01-05","2.332","2.288","2.372","2.294","0.60%"
"2026-01-02","2.318","2.318","2.318","2.318","0.00%"
"2026-01-01","2.318","2.318","2.318","2.318","0.00%"
"2025-12-31","2.318","2.318","2.318","2.318","0.00%"
"2025-12-30","2.318","2.259","2.321","2.273","1.80%"
"2025-12-29","2.277","2.257","2.307","2.268","0.35%"
"2025-12-26","2.269","2.255","2.288","2.266","-0.44%"
"2025-12-25","2.279","2.234","2.286","2.241","0.93%"
"2025-12-24","2.258","2.249","2.309","2.249","-0.18%"
"2025-12-23","2.262","2.273","2.318","2.251","-1.31%"
"2025-12-22","2.292","2.262","2.343","2.263","1.33%"
"2025-12-19","2.262","2.214","2.289","2.218","1.85%"
"2025-12-18","2.221","2.193","2.256","2.212","-0.05%"
"2025-12-17","2.222","2.189","2.253","2.196","0.45%"
"2025-12-16","2.212","2.189","2.235","2.192","-1.65%"
"2025-12-15","2.249","2.188","2.249","2.180","2.69%"
"2025-12-12","2.190","2.174","2.218","2.167","0.32%"
"2025-12-11","2.183","2.165","2.212","2.161","-0.27%"
"2025-12-10","2.189","2.187","2.223","2.183","-0.23%"
"2025-12-09","2.194","2.202","2.226","2.185","-0.90%"
"2025-12-08","2.214","2.182","2.251","2.183","1.05%"
"2025-12-05","2.191","2.162","2.212","2.164","0.60%"
"2025-12-04","2.178","2.133","2.208","2.144","1.63%"
"2025-12-03","2.143","2.110","2.175","2.122","0.56%"
"2025-12-02","2.131","2.111","2.159","2.106","0.33%"
"2025-12-01","2.124","2.070","2.155","2.069","2.46%"
"2025-11-28","2.073","2.037","2.096","2.048","0.97%"
"2025-11-27","2.053","2.028","2.078","2.036","0.24%"
"2025-11-26","2.048","2.042","2.080","2.038","-0.34%"
"2025-11-25","2.055","2.015","2.069","2.021","1.43%"
"2025-11-24","2.026","1.996","2.035","2.018","-0.25%"
"2025-11-21","2.031","2.040","2.062","2.014","-1.50%"
"2025-11-20","2.062","2.038","2.107","2.037","0.34%"
"2025-11-19","2.055","1.995","2.067","2.008","1.18%"
"2025-11-18","2.031","1.980","2.051","1.995","1.91%"
"2025-11-17","1.993","1.948","2.023","1.967","1.22%"
"2025-11-14","1.969","1.943","1.995","1.947","0.41%"
"2025-11-13","1.961","1.925","1.984","1.936","1.03%"
"2025-11-12","1.941","1.929","1.971","1.931","0.05%"
"2025-11-11","1.940","1.921","1.969","1.934","-0.36%"
"2025-11-10","1.947","1.908","1.979","1.922","1.46%"
"2025-11-07","1.919","1.904","1.947","1.903","0.42%"
"2025-11-06","1.911","1.907","1.947","1.901","-0.42%"
"2025-11-05","1.919","1.899","1.936","1.892","0.00%"
"2025-11-04","1.919","1.903","1.944","1.910","0.58%"
"2025-11-03","1.908","1.896","1.926","1.903","-0.16%"
"2025-10-31","1.911","1.880","1.932","1.886","0.79%"
"2025-10-30","1.896","1.903","1.929","1.887","-1.30%"
"2025-10-29","1.921","1.872","1.928","1.884","1.75%"
"2025-10-28","1.888","1.893","1.922","1.880","-1.05%"
"2025-10-27","1.908","1.894","1.946","1.905","-0.26%"
"2025-10-24","1.913","1.907","1.937","1.897","-0.05%"
"2025-10-23","1.914","1.876","1.939","1.887","1.06%"
"2025-10-22","1.894","1.884","1.926","1.883","-0.47%"
"2025-10-21","1.903","1.884","1.930","1.880","-0.21%"
"2025-10-20","1.907","1.874","1.931","1.869","1.17%"
"2025-10-17","1.885","1.861","1.899","1.851","0.86%"
"2025-10-16","1.869","1.867","1.911","1.868","-0.85%"
"2025-10-15","1.885","1.873","1.913","1.876","0.16%"
"2025-10-14","1.882","1.897","1.928","1.877","0.48%"
"2025-10-13","1.873","1.897","1.928","1.873","-1.11%"
"2025-10-10","1.894","1.943","1.973","1.892","-2.77%"
"2025-10-09","1.948","1.921","1.977","1.926","0.41%"
"2025-10-08","1.940","1.938","1.973","1.935","-0.56%"
"2025-10-07","1.951","1.959","1.984","1.935","-1.22%"
"2025-10-06","1.975","1.905","1.993","1.886","3.03%"
"2025-10-03","1.917","1.906","1.939","1.906","-0.05%"
"2025-10-02","1.918","1.894","1.948","1.897","0.00%"
"2025-10-01","1.918","1.882","1.943","1.890","0.84%"
"2025-09-30","1.902","1.879","1.924","1.866","1.01%"
"2025-09-29","1.883","1.870","1.908","1.871","0.21%"
"2025-09-26","1.879","1.868","1.915","1.866","0.21%"
"2025-09-25","1.875","1.871","1.905","1.860","-0.64%"
"2025-09-24","1.887","1.878","1.903","1.868","-0.21%"
"2025-09-23","1.891","1.876","1.891","1.891","0.16%"
"2025-09-22","1.888","1.865","1.913","1.877","0.75%"
"2025-09-19","1.874","1.842","1.906","1.859","-0.11%"
"2025-09-18","1.876","1.854","1.902","1.846","0.32%"
"2025-09-17","1.870","1.863","1.892","1.855","-0.27%"
"2025-09-16","1.875","1.894","1.914","1.848","0.21%"
"2025-09-15","1.871","1.849","1.883","1.867","0.43%"
"2025-09-12","1.863","1.831","1.887","1.846","0.98%"
"2025-09-11","1.845","1.819","1.872","1.827","0.71%"
"2025-09-10","1.832","1.850","1.868","1.827","-1.56%"
"2025-09-09","1.861","1.825","1.882","1.823","0.81%"
"2025-09-08","1.846","1.813","1.873","1.827","0.00%"
"2025-09-05","1.846","1.842","1.872","1.836","-0.59%"
"2025-09-04","1.857","1.898","1.913","1.854","-2.77%"
"2025-09-03","1.910","1.885","1.933","1.895","0.53%"
"2025-09-02","1.900","1.872","1.925","1.872","0.32%"
"2025-09-01","1.894","1.849","1.913","1.863","0.85%"
"2025-08-29","1.878","1.863","1.893","1.875","-0.84%"
"2025-08-28","1.894","1.878","1.908","1.893","-0.79%"
"2025-08-27","1.909","1.884","1.918","1.909","-0.31%"
"2025-08-26","1.915","1.861","1.922","1.891","1.38%"
"2025-08-25","1.889","1.859","1.889","1.889","0.00%"
"2025-08-22","1.889","1.855","1.890","1.879","0.48%"
"2025-08-21","1.880","1.840","1.881","1.870","0.59%"
"2025-08-20","1.869","1.831","1.883","1.861","0.48%"
"2025-08-19","1.860","1.816","1.868","1.846","0.81%"
"2025-08-18","1.845","1.808","1.845","1.831","0.38%"
"2025-08-15","1.838","1.795","1.838","1.825","0.66%"
"2025-08-14","1.826","1.744","1.826","1.774","2.99%"
"2025-08-13","1.773","1.756","1.788","1.773","-0.84%"
"2025-08-12","1.788","1.741","1.790","1.770","1.02%"
"2025-08-11","1.770","1.740","1.770","1.770","0.00%"
"2025-08-08","1.770","1.720","1.770","1.750","1.09%"
"2025-08-07","1.751","1.729","1.761","1.745","-0.51%"
"2025-08-06","1.760","1.716","1.763","1.746","0.86%"
"2025-08-05","1.745","1.731","1.761","1.733","-1.02%"
"2025-08-04","1.763","1.724","1.778","1.753","0.51%"
"2025-08-01","1.754","1.780","1.816","1.751","-3.15%"
"2025-07-31","1.811","1.794","1.824","1.801","-0.77%"
"2025-07-30","1.825","1.778","1.825","1.808","1.05%"
"2025-07-29","1.806","1.775","1.820","1.805","1.82%"
"2025-07-28","1.774","1.804","1.774","1.769","1.43%"
"2025-07-11","1.749","1.730","1.750","1.749","0.94%"
"2025-07-10","1.732","1.735","1.735","1.727","-0.22%"
"2025-07-09","1.736","1.724","1.737","1.715","0.66%"
"2025-07-08","1.725","1.709","1.725","1.709","2.75%"
"2025-07-07","1.679","1.648","1.681","1.648","1.90%"
"2025-07-04","1.648","1.668","1.668","1.646","-1.35%"
"2025-07-03","1.670","1.643","1.670","1.641","1.75%"
"2025-07-02","1.641","1.626","1.641","1.626","1.00%"
"2025-07-01","1.625","1.628","1.628","1.616","-0.23%"
"2025-06-30","1.629","1.631","1.639","1.629","-0.15%"
"2025-06-27","1.631","1.614","1.631","1.612","1.01%"
"2025-06-26","1.615","1.600","1.615","1.601","1.02%"
"2025-06-25","1.599","1.615","1.615","1.585","-1.09%"
"2025-06-24","1.616","1.611","1.620","1.607","0.24%"
"2025-06-23","1.612","1.601","1.617","1.601","0.70%"
"2025-06-20","1.601","1.609","1.621","1.586","-0.39%"
"2025-06-19","1.607","1.617","1.625","1.607","-0.70%"
"2025-06-18","1.619","1.641","1.654","1.619","-1.29%"
"2025-06-17","1.640","1.636","1.666","1.633","0.38%"
"2025-06-16","1.634","1.638","1.659","1.634","-0.23%"
"2025-06-13","1.638","1.635","1.638","1.604","-0.30%"
"2025-06-12","1.643","1.656","1.670","1.643","-0.76%"
"2025-06-11","1.655","1.669","1.669","1.655","-0.90%"
"2025-06-10","1.670","1.641","1.675","1.641","1.83%"
"2025-06-09","1.640","1.635","1.660","1.635","0.31%"
"2025-06-06","1.635","1.641","1.641","1.619","-0.46%"
"2025-06-05","1.643","1.675","1.675","1.634","-2.02%"
"2025-06-04","1.676","1.651","1.685","1.651","1.59%"
"2025-06-03","1.650","1.651","1.651","1.641","-0.15%"
"2025-06-02","1.653","1.644","1.655","1.644","0.53%"
"2025-05-30","1.644","1.633","1.644","1.630","0.77%"
"2025-05-29","1.631","1.639","1.664","1.631","-0.53%"
"2025-05-28","1.640","1.599","1.654","1.599","2.66%"
"2025-05-27","1.597","1.669","1.669","1.571","-4.34%"
"2025-05-26","1.670","1.670","1.670","1.670","0.00%"
"2025-05-23","1.670","1.737","2.993","1.669","-3.96%"
"2025-05-22","1.739","1.702","1.747","1.702","2.20%"
"2025-05-21","1.701","1.674","1.701","1.674","1.57%"
"2025-05-20","1.675","1.626","1.680","1.628","3.08%"
"2025-05-19","1.625","1.615","1.635","1.612","0.62%"
"2025-05-16","1.615","1.624","1.624","1.590","-0.62%"
"2025-05-15","1.625","1.635","1.638","1.625","-0.69%"
"2025-05-14","1.636","1.597","1.636","1.597","2.51%"
"2025-05-13","1.596","1.585","1.600","1.582","0.79%"
"2025-05-12","1.584","1.520","1.610","1.520","4.20%"
"2025-05-09","1.520","1.481","1.526","1.481","2.70%"
"2025-05-08","1.480","1.460","1.490","1.460","1.45%"
"2025-05-07","1.459","1.421","1.464","1.421","2.73%"
"2025-05-05","1.420","1.420","1.420","1.420","0.00%"
"2025-05-02","1.420","1.398","1.420","1.398","1.52%"
"2025-05-01","1.399","1.415","1.419","1.388","-1.06%"
"2025-04-30","1.414","1.446","1.445","1.414","-2.33%"
"2025-04-28","1.447","1.482","1.482","1.439","-2.36%"
"2025-04-25","1.482","1.447","1.484","1.449","2.60%"
"2025-04-24","1.445","1.466","1.464","1.433","-1.53%"
"2025-04-23","1.467","1.426","1.470","1.426","2.80%"
"2025-04-22","1.428","1.423","1.434","1.424","0.44%"
"2025-04-21","1.421","1.421","1.421","1.421","0.00%"
"2025-04-17","1.421","1.399","1.428","1.400","1.51%"
"2025-04-16","1.400","1.514","1.511","1.381","-7.67%"
"2025-04-15","1.516","1.514","1.520","1.486","0.00%"
"2025-04-14","1.516","1.464","1.524","1.464","3.86%"
"2025-04-11","1.460","1.433","1.506","1.423","2.01%"
"2025-04-10","1.431","1.352","1.476","1.352","5.92%"
"2025-04-09","1.351","1.352","1.389","1.345","-0.27%"
"2025-04-08","1.355","1.231","1.386","1.231","10.27%"
"2025-04-07","1.229","1.275","1.275","1.181","-3.43%"
"2025-04-04","1.273","1.254","1.337","1.229","-12.09%"
"2025-04-03","1.447","1.586","1.586","1.440","-8.82%"
"2025-04-02","1.587","1.611","1.614","1.579","-1.55%"
"2025-04-01","1.612","1.615","1.626","1.605","0.00%"
"2025-03-31","1.612","1.653","1.653","1.604","-2.42%"
"2025-03-28","1.653","1.684","1.684","1.650","-2.00%"
"2025-03-27","1.686","1.704","1.702","1.678","-1.10%"
"2025-03-26","1.705","1.701","1.706","1.692","0.36%"
"2025-03-25","1.699","1.690","1.707","1.690","0.59%"
"2025-03-24","1.689","1.654","1.689","1.654","2.12%"
"2025-03-21","1.654","1.688","1.688","1.654","-1.93%"
"2025-03-19","1.686","1.661","1.688","1.658","1.35%"
"2025-03-18","1.664","1.646","1.665","1.646","0.99%"
"2025-03-17","1.648","1.643","1.648","1.643","0.30%"
"2025-03-14","1.643","1.658","1.658","1.634","-0.98%"
"2025-03-13","1.659","1.640","1.674","1.640","1.38%"
"2025-03-12","1.636","1.643","1.643","1.625","-0.68%"
"2025-03-11","1.648","1.658","1.651","1.629","-0.75%"
"2025-03-10","1.660","1.619","1.675","1.619","2.55%"
"2025-03-07","1.619","1.640","1.639","1.619","-1.44%"
"2025-03-06","1.643","1.624","1.663","1.624","1.23%"
"2025-03-05","1.622","1.559","1.622","1.564","4.17%"
"2025-03-04","1.558","1.580","1.580","1.558","-1.51%"
"2025-03-03","1.581","1.543","1.595","1.543","2.52%"
"2025-02-28","1.543","1.561","1.560","1.533","-1.28%"
"2025-02-27","1.563","1.529","1.574","1.530","2.12%"
"2025-02-26","1.530","1.509","1.539","1.510","1.49%"
"2025-02-25","1.508","1.556","1.555","1.508","-3.05%"
"2025-02-24","1.555","1.555","1.555","1.555","0.00%"
"2025-02-21","1.555","1.602","1.601","1.555","-3.04%"
"2025-02-20","1.604","1.614","1.614","1.584","-0.69%"
"2025-02-19","1.615","1.609","1.625","1.601","0.31%"
"2025-02-18","1.610","1.585","1.615","1.585","1.65%"
"2025-02-17","1.584","1.564","1.584","1.565","1.28%"
"2025-02-14","1.564","1.533","1.564","1.533","2.12%"
"2025-02-13","1.531","1.550","1.550","1.531","-1.29%"
"2025-02-12","1.551","1.492","1.551","1.497","4.11%"
"2025-02-11","1.490","1.490","1.490","1.490","0.00%"
"2025-02-10","1.490","1.505","1.505","1.490","-1.00%"
"2025-02-07","1.505","1.484","1.505","1.482","1.52%"
"2025-02-06","1.482","1.486","1.484","1.470","-0.34%"
"2025-02-05","1.487","1.485","1.491","1.480","0.26%"
"2025-02-04","1.484","1.447","1.495","1.447","2.68%"
"2025-02-03","1.445","1.449","1.449","1.439","-0.26%"
"2025-01-31","1.449","1.428","1.450","1.444","1.67%"
"2025-01-30","1.425","1.418","1.433","1.418","0.61%"
"2025-01-29","1.416","1.424","1.424","1.408","-0.70%"
"2025-01-28","1.426","1.419","1.431","1.418","0.62%"
"2025-01-27","1.418","1.449","1.449","1.399","-2.16%"
"2025-01-24","1.449","1.439","1.456","1.439","0.79%"
"2025-01-23","1.438","1.423","1.438","1.423","1.15%"
"2025-01-22","1.421","1.429","1.431","1.418","-0.44%"
"2025-01-21","1.428","1.426","1.434","1.426","0.18%"
"2025-01-20","1.425","1.439","1.439","1.425","-0.96%"
"2025-01-17","1.439","1.455","1.454","1.438","-1.20%"
"2025-01-16","1.456","1.472","1.472","1.447","-1.18%"
"2025-01-15","1.474","1.485","1.503","1.471","-0.67%"
"2025-01-14","1.484","1.485","1.487","1.479","0.00%"
"2025-01-13","1.484","1.484","1.484","1.484","0.00%"
"2025-01-10","1.484","1.442","1.484","1.444","3.03%"
"2025-01-09","1.440","1.461","1.461","1.440","-1.63%"
"2025-01-08","1.464","1.438","1.469","1.438","1.91%"
"2025-01-07","1.436","1.429","1.436","1.429","0.62%"
"2025-01-06","1.428","1.386","1.436","1.388","2.97%"
"2025-01-03","1.386","1.386","1.386","1.386","0.00%"
"2025-01-02","1.386","1.386","1.386","1.386","0.00%"
"2025-01-01","1.386","1.386","1.386","1.386","0.00%"
"2024-12-31","1.386","1.386","1.386","1.386","0.00%"
"2024-12-30","1.386","1.410","1.410","1.385","-1.68%"
"2024-12-27","1.410","1.361","1.410","1.361","3.49%"
"2024-12-25","1.362","1.362","1.362","1.362","-0.10%"
"2024-12-24","1.364","1.357","1.365","1.360","0.55%"
"2024-12-23","1.356","1.337","1.356","1.339","1.41%"
"2024-12-20","1.337","1.364","1.360","1.337","-1.83%"
"2024-12-19","1.362","1.364","1.364","1.339","-0.18%"
"2024-12-18","1.365","1.369","1.367","1.361","-0.36%"
"2024-12-17","1.370","1.369","1.381","1.369","0.18%"
"2024-12-16","1.367","1.349","1.369","1.349","1.39%"
"2024-12-13","1.349","1.339","1.349","1.336","0.65%"
"2024-12-12","1.340","1.359","1.357","1.337","-1.47%"
"2024-12-11","1.360","1.366","1.367","1.360","-0.55%"
"2024-12-10","1.367","1.359","1.367","1.357","0.74%"
"2024-12-09","1.357","1.346","1.357","1.342","0.83%"
"2024-12-06","1.346","1.378","1.375","1.345","-2.53%"
"2024-12-05","1.381","1.364","1.383","1.364","1.38%"
"2024-12-04","1.362","1.369","1.369","1.362","-0.55%"
"2024-12-03","1.370","1.389","1.389","1.365","-1.44%"
"2024-12-02","1.390","1.364","1.393","1.364","1.92%"
"2024-11-29","1.364","1.369","1.367","1.361","-0.45%"
"2024-11-28","1.370","1.378","1.379","1.370","-0.64%"
"2024-11-27","1.379","1.386","1.396","1.379","-0.36%"
"2024-11-26","1.384","1.376","1.385","1.376","0.64%"
"2024-11-25","1.375","1.378","1.385","1.375","-0.18%"
"2024-11-22","1.378","1.394","1.394","1.378","-1.25%"
"2024-11-21","1.395","1.390","1.401","1.388","0.54%"
"2024-11-20","1.388","1.360","1.391","1.360","2.12%"
"2024-11-19","1.359","1.393","1.393","1.359","-2.52%"
"2024-11-18","1.394","1.394","1.396","1.386","0.00%"
"2024-11-15","1.394","1.376","1.394","1.376","1.37%"
"2024-11-14","1.375","1.359","1.376","1.359","1.38%"
"2024-11-13","1.356","1.341","1.362","1.341","1.22%"
"2024-11-12","1.340","1.325","1.340","1.325","1.32%"
"2024-11-11","1.322","1.311","1.322","1.311","0.85%"
"2024-11-08","1.311","1.308","1.322","1.309","0.38%"
"2024-11-07","1.306","1.313","1.319","1.306","-0.28%"
"2024-11-06","1.310","1.259","1.310","1.263","4.17%"
"2024-11-05","1.258","1.271","1.271","1.250","-0.98%"
"2024-11-04","1.270","1.270","1.270","1.270","0.00%"
"2024-11-01","1.270","1.288","1.288","1.263","-1.46%"
"2024-10-31","1.289","1.288","1.291","1.280","0.00%"
"2024-10-30","1.289","1.309","1.309","1.284","-1.72%"
"2024-10-29","1.311","1.294","1.314","1.294","1.45%"
"2024-10-28","1.293","1.258","1.293","1.291","2.78%"
"2024-10-25","1.258","1.269","1.269","1.253","-0.98%"
"2024-10-24","1.270","1.295","1.295","1.268","-2.02%"
"2024-10-23","1.296","1.285","1.298","1.285","0.97%"
"2024-10-22","1.284","1.290","1.295","1.280","-0.29%"
"2024-10-21","1.288","1.289","1.289","1.274","-0.10%"
"2024-10-18","1.289","1.284","1.301","1.284","0.49%"
"2024-10-17","1.283","1.249","1.283","1.258","2.81%"
"2024-10-16","1.247","1.259","1.263","1.247","-0.80%"
"2024-10-15","1.258","1.249","1.268","1.249","0.80%"
"2024-10-14","1.247","1.247","1.247","1.247","0.00%"
"2024-10-11","1.247","1.244","1.247","1.244","0.10%"
"2024-10-10","1.246","1.216","1.258","1.216","2.58%"
"2024-10-09","1.215","1.214","1.217","1.214","0.00%"
"2024-10-08","1.215","1.214","1.217","1.202","0.00%"
"2024-10-07","1.215","1.195","1.222","1.200","1.89%"
"2024-10-04","1.192","1.195","1.195","1.164","2.58%"
"2024-10-03","1.163","1.156","1.163","1.151","0.43%"
"2024-10-02","1.158","1.165","1.165","1.150","-0.75%"
"2024-10-01","1.166","1.188","1.188","1.165","-1.89%"
"2024-09-30","1.189","1.194","1.194","1.183","-0.42%"
"2024-09-27","1.194","1.169","1.202","1.146","2.03%"
"2024-09-26","1.170","1.168","1.178","1.168","-0.21%"
"2024-09-25","1.173","1.176","1.176","1.166","-0.42%"
"2024-09-24","1.178","1.189","1.189","1.173","-1.05%"
"2024-09-23","1.190","1.190","1.190","1.190","0.00%"
"2024-09-20","1.190","1.200","1.204","1.183","-0.63%"
"2024-09-19","1.197","1.171","1.209","1.171","2.35%"
"2024-09-18","1.170","1.161","1.170","1.159","0.86%"
"2024-09-17","1.160","1.183","1.183","1.153","-2.01%"
"2024-09-16","1.184","1.184","1.184","1.184","0.00%"
"2024-09-13","1.184","1.184","1.185","1.171","-0.21%"
"2024-09-12","1.186","1.165","1.186","1.165","1.83%"
"2024-09-11","1.165","1.184","1.183","1.160","-1.69%"
"2024-09-10","1.185","1.184","1.195","1.179","0.64%"
"2024-09-09","1.178","1.146","1.186","1.178","2.39%"
"2024-09-06","1.150","1.146","1.160","1.139","-1.08%"
"2024-09-05","1.163","1.169","1.169","1.158","-0.64%"
"2024-09-04","1.170","1.206","1.206","1.170","-3.11%"
"2024-09-03","1.207","1.217","1.225","1.207","-0.72%"
"2024-09-02","1.216","1.207","1.216","1.209","0.73%"
"2024-08-30","1.207","1.183","1.207","1.185","0.94%"
"2024-08-29","1.196","1.183","1.199","1.178","0.95%"
"2024-08-28","1.185","1.195","1.199","1.168","0.42%"
"2024-08-27","1.180","1.166","1.180","1.165","1.62%"
"2024-08-26","1.161","1.161","1.168","1.153","-0.54%"
"2024-08-23","1.168","1.158","1.188","1.165","-0.85%"
"2024-08-22","1.178","1.158","1.178","1.141","1.51%"
"2024-08-21","1.160","1.161","1.176","1.144","-2.01%"
"2024-08-20","1.184","1.180","1.194","1.165","-0.84%"
"2024-08-19","1.194","1.192","1.194","1.148","4.03%"
"2024-08-16","1.148","1.105","1.154","1.139","-0.11%"
"2024-08-15","1.149","1.105","1.159","1.081","5.64%"
"2024-08-14","1.087","1.084","1.114","1.076","-2.36%"
"2024-08-13","1.114","1.121","1.141","1.109","-1.55%"
"2024-08-12","1.131","1.134","1.134","1.125","0.00%"
"2024-08-09","1.131","1.135","1.178","1.130","-4.03%"
"2024-08-08","1.179","1.135","1.231","1.134","-2.68%"
"2024-08-07","1.211","1.210","1.221","1.111","5.44%"
"2024-08-06","1.149","1.136","1.186","1.100","4.67%"
"2024-08-05","1.097","1.054","1.150","1.016","-4.57%"
"2024-08-02","1.150","1.264","1.247","1.149","-7.91%"
"2024-08-01","1.249","1.264","1.291","1.226","-3.38%"
"2024-07-31","1.293","1.278","1.304","1.240","2.88%"
"2024-07-30","1.256","1.229","1.294","1.229","0.50%"
"2024-07-29","1.250","1.236","1.271","1.230","-1.68%"
"2024-07-26","1.271","1.273","1.293","1.259","-1.74%"
"2024-07-25","1.294","1.273","1.314","1.266","-1.61%"
"2024-07-24","1.315","1.296","1.316","1.286","0.77%"
"2024-07-23","1.305","1.290","1.315","1.285","-0.76%"
"2024-07-22","1.315","1.303","1.316","1.279","0.96%"
"2024-07-19","1.303","1.285","1.303","1.273","-0.29%"
"2024-07-18","1.306","1.285","1.311","1.281","0.00%"
"2024-07-17","1.306","1.283","1.310","1.260","0.38%"
"2024-07-16","1.301","1.274","1.315","1.265","-1.79%"
"2024-07-15","1.325","1.306","1.325","1.303","0.00%"
"2024-07-12","1.325","1.336","1.330","1.296","-0.47%"
"2024-07-11","1.331","1.336","1.359","1.316","-2.20%"
"2024-07-10","1.361","1.337","1.365","1.336","-0.18%"
"2024-07-09","1.364","1.344","1.364","1.220","0.10%"
"2024-07-08","1.362","1.347","1.367","1.339","0.74%"
"2024-07-05","1.352","1.347","1.365","1.326","-1.01%"
"2024-07-04","1.366","1.347","1.375","1.344","-0.27%"
"2024-07-03","1.370","1.372","1.391","1.342","-1.71%"
"2024-07-02","1.394","1.376","1.396","1.357","1.00%"
"2024-07-01","1.380","1.357","1.380","1.350","2.03%"
"2024-06-28","1.352","1.350","1.359","1.332","0.28%"
"2024-06-27","1.349","1.350","1.360","1.332","1.22%"
"2024-06-26","1.332","1.331","1.337","1.293","2.40%"
"2024-06-25","1.301","1.291","1.301","1.285","0.58%"
"2024-06-24","1.294","1.285","1.294","1.270","1.87%"
"2024-06-21","1.270","1.256","1.281","1.264","0.59%"
"2024-06-20","1.263","1.256","1.276","1.242","1.30%"
"2024-06-19","1.246","1.237","1.266","1.237","-1.48%"
"2024-06-18","1.265","1.259","1.265","1.244","0.80%"
"2024-06-17","1.255","1.235","1.255","1.231","0.40%"
"2024-06-14","1.250","1.290","1.310","1.232","-4.67%"
"2024-06-13","1.311","1.290","1.311","1.268","0.77%"
"2024-06-12","1.301","1.310","1.349","1.295","-3.61%"
"2024-06-11","1.350","1.339","1.364","1.327","-1.01%"
"2024-06-10","1.364","1.354","1.370","1.334","1.30%"
"2024-06-07","1.346","1.288","1.346","1.281","2.67%"
"2024-06-06","1.311","1.288","1.330","1.274","-1.69%"
"2024-06-05","1.334","1.330","1.351","1.306","-0.74%"
"2024-06-04","1.344","1.334","1.398","1.326","-3.93%"
"2024-06-03","1.399","1.380","1.410","1.365","-0.71%"
"2024-05-31","1.409","1.381","1.414","1.380","0.90%"
"2024-05-30","1.396","1.381","1.428","1.372","-1.41%"
"2024-05-29","1.416","1.415","1.420","1.383","2.72%"
"2024-05-28","1.379","1.357","1.383","1.351","1.76%"
"2024-05-27","1.355","1.355","1.361","1.339","-0.46%"
"2024-05-24","1.361","1.331","1.364","1.331","0.55%"
"2024-05-23","1.354","1.331","1.355","1.325","-0.09%"
"2024-05-22","1.355","1.356","1.360","1.317","2.07%"
"2024-05-21","1.327","1.316","1.340","1.314","-1.03%"
"2024-05-20","1.341","1.319","1.341","1.315","0.85%"
"2024-05-17","1.330","1.278","1.330","1.289","1.62%"
"2024-05-16","1.309","1.278","1.326","1.273","1.26%"
"2024-05-15","1.293","1.309","1.341","1.293","-2.36%"
"2024-05-14","1.324","1.324","1.349","1.320","0.47%"
"2024-05-13","1.317","1.311","1.335","1.286","0.96%"
"2024-05-10","1.305","1.286","1.313","1.278","1.86%"
"2024-05-09","1.281","1.286","1.310","1.276","0.49%"
"2024-05-08","1.275","1.260","1.293","1.230","0.99%"
"2024-05-07","1.263","1.246","1.301","1.240","1.00%"
"2024-05-06","1.250","1.275","1.303","1.250","-4.03%"
"2024-05-02","1.303","1.268","1.305","1.255","1.06%"
"2024-05-01","1.289","1.268","1.300","1.247","-0.77%"
"2024-04-30","1.299","1.253","1.299","1.245","0.49%"
"2024-04-29","1.293","1.295","1.295","1.253","0.00%"
"2024-04-26","1.293","1.288","1.331","1.260","-3.00%"
"2024-04-25","1.332","1.288","1.332","1.271","1.23%"
"2024-04-24","1.316","1.274","1.316","1.268","1.35%"
"2024-04-23","1.299","1.281","1.315","1.260","0.78%"
"2024-04-22","1.289","1.269","1.303","1.242","2.08%"
"2024-04-19","1.263","1.250","1.284","1.209","-1.75%"
"2024-04-18","1.285","1.250","1.296","1.247","-0.96%"
"2024-04-17","1.298","1.274","1.314","1.268","-0.86%"
"2024-04-16","1.309","1.270","1.310","1.258","1.07%"
"2024-04-15","1.295","1.255","1.295","1.244","1.57%"
"2024-04-12","1.275","1.274","1.293","1.241","-1.35%"
"2024-04-11","1.293","1.274","1.304","1.227","5.83%"
"2024-04-10","1.221","1.186","1.231","1.184","1.35%"
"2024-04-09","1.205","1.185","1.212","1.171","0.42%"
"2024-04-08","1.200","1.178","1.201","1.166","1.80%"
"2024-04-05","1.179","1.178","1.181","1.153","0.00%"
"2024-04-04","1.179","1.178","1.189","1.156","-0.21%"
"2024-04-03","1.181","1.183","1.183","1.149","0.32%"
"2024-04-02","1.178","1.153","1.184","1.126","3.86%"
"2024-04-01","1.134","1.134","1.151","1.133","0.55%"
"2024-03-29","1.128","1.110","1.136","1.101","-0.88%"
"2024-03-28","1.138","1.110","1.143","1.104","-0.66%"
"2024-03-27","1.145","1.129","1.165","1.128","-1.83%"
"2024-03-26","1.166","1.138","1.174","1.138","-0.53%"
"2024-03-25","1.173","1.145","1.173","1.134","0.86%"
"2024-03-22","1.163","1.151","1.179","1.151","-1.06%"
"2024-03-21","1.175","1.151","1.175","1.143","1.84%"
"2024-03-20","1.154","1.138","1.143","1.133","0.00%"
"2024-03-19","1.154","1.146","1.160","1.120","-0.22%"
"2024-03-18","1.156","1.146","1.191","1.130","-1.59%"
"2024-03-17","1.175","1.191","1.191","1.169","-1.37%"
"2024-03-15","1.191","1.173","1.205","1.168","-1.24%"
"2024-03-14","1.206","1.173","1.207","1.161","2.12%"
"2024-03-13","1.181","1.155","1.181","1.146","0.11%"
"2024-03-12","1.180","1.163","1.183","1.158","-0.32%"
"2024-03-11","1.184","1.169","1.188","1.160","2.05%"
"2024-03-10","1.160","1.170","1.170","1.138","-0.85%"
"2024-03-09","1.170","1.170","1.170","1.170","0.00%"
"2024-03-08","1.170","1.138","1.170","1.130","0.65%"
"2024-03-07","1.163","1.138","1.163","1.107","3.67%"
"2024-03-06","1.121","1.111","1.131","1.099","-0.77%"
"2024-03-05","1.130","1.121","1.164","1.115","-3.00%"
"2024-03-04","1.165","1.141","1.166","1.122","3.68%"
"2024-03-03","1.124","1.159","1.159","1.124","-3.23%"
"2024-03-01","1.161","1.159","1.165","1.136","-0.33%"
"2024-02-29","1.165","1.149","1.181","1.128","2.64%"
"2024-02-28","1.135","1.135","1.165","1.130","-2.05%"
"2024-02-27","1.159","1.130","1.159","1.128","0.77%"
"2024-02-26","1.150","1.119","1.190","1.119","-0.22%"
"2024-02-25","1.153","1.189","1.189","1.153","-0.75%"
"2024-02-23","1.161","1.161","1.161","1.161","0.00%"
"2024-02-22","1.161","1.165","1.191","1.151","-2.73%"
"2024-02-21","1.194","1.165","1.202","1.165","-0.83%"
"2024-02-20","1.204","1.181","1.219","1.179","-1.43%"
"2024-02-19","1.221","1.194","1.234","1.192","1.56%"
"2024-02-18","1.202","1.234","1.234","1.200","-2.53%"
"2024-02-16","1.234","1.197","1.241","1.196","0.71%"
"2024-02-15","1.225","1.197","1.249","1.186","-2.00%"
"2024-02-14","1.250","1.225","1.260","1.205","-0.99%"
"2024-02-13","1.263","1.200","1.265","1.197","2.74%"
"2024-02-12","1.229","1.204","1.229","1.201","0.00%"
"2024-02-11","1.229","1.229","1.229","1.229","0.00%"
"2024-02-09","1.229","1.185","1.230","1.186","0.82%"
"2024-02-08","1.219","1.185","1.219","1.176","0.00%"
"2024-02-07","1.219","1.195","1.229","1.181","-0.30%"
"2024-02-06","1.222","1.202","1.246","1.190","-2.00%"
"2024-02-05","1.247","1.209","1.247","1.197","3.96%"
"2024-02-04","1.200","1.224","1.224","1.151","-1.94%"
"2024-02-02","1.224","1.170","1.224","1.144","2.40%"
"2024-02-01","1.195","1.170","1.236","1.159","-3.43%"
"2024-01-31","1.237","1.217","1.251","1.215","-0.10%"
"2024-01-30","1.239","1.202","1.239","1.201","-0.10%"
"2024-01-29","1.240","1.210","1.247","1.199","0.81%"
"2024-01-28","1.230","1.230","1.230","1.197","0.00%"
"2024-01-27","1.230","1.230","1.230","1.230","0.00%"
"2024-01-26","1.230","1.239","1.260","1.194","-2.48%"
"2024-01-25","1.261","1.239","1.266","1.196","2.96%"
"2024-01-24","1.225","1.194","1.236","1.186","3.48%"
"2024-01-23","1.184","1.160","1.194","1.109","2.27%"
"2024-01-22","1.158","1.139","1.179","1.121","0.65%"
"2024-01-21","1.150","1.179","1.179","1.150","-2.44%"
"2024-01-20","1.179","1.179","1.179","1.179","0.00%"
"2024-01-19","1.179","1.117","1.181","1.117","3.29%"
"2024-01-18","1.141","1.117","1.150","1.075","5.31%"
"2024-01-17","1.084","1.054","1.085","1.054","1.53%"
"2024-01-16","1.067","1.051","1.069","1.035","3.26%"
"2024-01-15","1.034","1.050","1.051","1.018","-0.12%"
"2024-01-14","1.035","1.050","1.050","1.035","-1.43%"
"2024-01-12","1.050","1.050","1.081","1.041","-2.67%"
"2024-01-11","1.079","1.091","1.095","1.049","-1.60%"
"2024-01-10","1.096","1.081","1.104","1.067","-0.22%"
"2024-01-09","1.099","1.102","1.109","1.079","-1.02%"
"2024-01-08","1.110","1.110","1.110","1.102","0.00%"
"2024-01-05","1.110","1.110","1.110","1.110","-1.23%"
"2024-01-04","1.124","1.124","1.124","1.124","-1.64%"
"2024-01-03","1.143","1.143","1.143","1.143","0.00%"
"2024-01-02","1.143","1.143","1.143","1.143","0.00%"
"2024-01-01","1.143","1.143","1.143","1.143","0.00%"
"2023-12-31","1.143","1.143","1.143","1.143","0.00%"
"2023-12-29","1.143","1.097","1.144","1.107","3.39%"
"2023-12-28","1.105","1.097","1.114","1.091","-0.57%"
"2023-12-27","1.111","1.102","1.122","1.091","-1.10%"
"2023-12-26","1.124","1.124","1.126","1.110","1.58%"
"2023-12-25","1.106","1.106","1.120","1.071","0.45%"
"2023-12-24","1.101","1.120","1.120","1.101","-1.68%"
"2023-12-22","1.120","1.075","1.124","1.091","2.52%"
"2023-12-21","1.092","1.075","1.099","1.044","3.07%"
"2023-12-20","1.060","1.031","1.089","1.025","-2.75%"
"2023-12-19","1.090","1.070","1.166","1.048","-7.92%"
"2023-12-18","1.184","1.145","1.196","1.145","0.65%"
"2023-12-17","1.176","1.196","1.196","1.165","-1.68%"
"2023-12-15","1.196","1.136","1.214","1.161","1.60%"
"2023-12-14","1.178","1.136","1.216","1.109","-3.09%"
"2023-12-13","1.215","1.186","1.258","1.126","-3.48%"
"2023-12-12","1.259","1.217","1.305","1.199","-3.72%"
"2023-12-11","1.308","1.273","1.341","1.268","-0.85%"
"2023-12-10","1.319","1.341","1.341","1.283","-1.68%"
"2023-12-08","1.341","1.256","1.341","1.264","4.07%"
"2023-12-07","1.289","1.256","1.308","1.151","10.63%"
"2023-12-06","1.165","1.130","1.199","1.119","-2.92%"
"2023-12-05","1.200","1.175","1.253","1.145","-4.29%"
"2023-12-04","1.254","1.202","1.254","1.168","6.71%"
"2023-12-03","1.175","1.250","1.250","1.175","-6.00%"
"2023-12-01","1.250","1.189","1.264","1.207","0.40%"
"2023-11-30","1.245","1.189","1.245","1.129","3.21%"
"2023-11-29","1.206","1.174","1.295","1.169","-7.30%"
"2023-11-28","1.301","1.260","1.304","1.236","0.00%"
"2023-11-27","1.301","1.268","1.313","1.250","2.57%"
"2023-11-26","1.269","1.311","1.311","1.268","-3.25%"
"2023-11-24","1.311","1.214","1.319","1.220","3.96%"
"2023-11-23","1.261","1.214","1.224","1.214","0.00%"
"2023-11-22","1.261","1.175","1.263","1.173","4.02%"
"2023-11-21","1.212","1.175","1.258","1.160","-4.34%"
"2023-11-20","1.268","1.222","1.273","1.204","2.84%"
"2023-11-19","1.232","1.259","1.259","1.204","-2.09%"
"2023-11-18","1.259","1.259","1.259","1.259","0.00%"
"2023-11-17","1.259","1.261","1.291","1.191","-3.08%"
"2023-11-16","1.299","1.261","1.316","1.235","-1.14%"
"2023-11-15","1.314","1.256","1.336","1.229","-1.87%"
"2023-11-14","1.339","1.319","1.406","1.269","-5.05%"
"2023-11-13","1.410","1.356","1.411","1.332","5.92%"
"2023-11-12","1.331","1.372","1.372","1.321","-3.01%"
"2023-11-11","1.372","1.372","1.372","1.372","0.00%"
"2023-11-10","1.372","1.295","1.380","1.313","1.67%"
"2023-11-09","1.350","1.295","1.364","1.291","-1.28%"
"2023-11-08","1.367","1.321","1.410","1.299","-2.93%"
"2023-11-07","1.409","1.355","1.418","1.346","-0.53%"
"2023-11-06","1.416","1.356","1.452","1.346","1.67%"
"2023-11-05","1.393","1.451","1.451","1.367","-4.01%"
"2023-11-04","1.451","1.433","1.451","1.433","1.27%"
"2023-11-03","1.433","1.433","1.433","1.433","-1.25%"
"2023-11-02","1.451","1.455","1.494","1.401","-2.92%"
"2023-11-01","1.495","1.455","1.513","1.429","0.50%"
"2023-10-31","1.487","1.461","1.510","1.401","2.98%"
"2023-10-30","1.444","1.418","1.511","1.400","3.27%"
"2023-10-29","1.399","1.451","1.451","1.390","-2.15%"
"2023-10-28","1.429","1.429","1.429","1.429","-1.51%"
"2023-10-27","1.451","1.390","1.454","1.385","0.96%"
"2023-10-26","1.438","1.390","1.450","1.383","2.77%"
"2023-10-25","1.399","1.431","1.431","1.361","-2.01%"
"2023-10-24","1.428","1.402","1.436","1.354","-0.79%"
"2023-10-23","1.439","1.391","1.446","1.370","4.64%"
"2023-10-22","1.375","1.398","1.398","1.350","-1.61%"
"2023-10-20","1.398","1.361","1.414","1.339","0.72%"
"2023-10-19","1.388","1.361","1.416","1.319","1.46%"
"2023-10-18","1.367","1.311","1.367","1.305","0.37%"
"2023-10-17","1.362","1.298","1.362","1.250","4.61%"
"2023-10-16","1.303","1.242","1.303","1.229","3.42%"
"2023-10-15","1.259","1.279","1.279","1.225","-0.88%"
"2023-10-14","1.271","1.271","1.271","1.271","-0.64%"
"2023-10-13","1.279","1.253","1.294","1.234","-0.58%"
"2023-10-12","1.286","1.220","1.288","1.214","-0.20%"
"2023-10-11","1.289","1.275","1.339","1.221","-3.82%"
"2023-10-10","1.340","1.274","1.362","1.249","-1.75%"
"2023-10-09","1.364","1.364","1.364","1.275","0.00%"
"2023-10-08","1.364","1.364","1.364","1.364","2.16%"
"2023-10-07","1.335","1.335","1.335","1.335","-2.11%"
"2023-10-06","1.364","1.311","1.370","1.299","-0.55%"
"2023-10-05","1.371","1.293","1.379","1.286","2.72%"
"2023-10-04","1.335","1.280","1.376","1.280","1.04%"
"2023-10-03","1.321","1.265","1.321","1.245","0.10%"
"2023-10-02","1.320","1.242","1.320","1.242","3.94%"
"2023-10-01","1.270","1.280","1.280","1.229","-0.78%"
"2023-09-30","1.280","1.280","1.280","1.280","0.00%"
"2023-09-29","1.280","1.210","1.288","1.209","2.45%"
"2023-09-28","1.249","1.231","1.289","1.199","0.25%"
"2023-09-27","1.246","1.176","1.247","1.174","1.12%"
"2023-09-26","1.232","1.185","1.239","1.175","0.00%"
"2023-09-25","1.232","1.173","1.232","1.160","5.23%"
"2023-09-24","1.171","1.222","1.222","1.170","-2.35%"
"2023-09-23","1.199","1.199","1.199","1.199","-1.89%"
"2023-09-22","1.222","1.180","1.313","1.163","-1.61%"
"2023-09-21","1.242","1.215","1.244","1.173","2.26%"
"2023-09-20","1.215","1.173","1.230","1.168","-1.12%"
"2023-09-19","1.229","1.195","1.229","1.164","1.03%"
"2023-09-18","1.216","1.194","1.216","1.163","0.00%"
"2023-09-17","1.216","1.216","1.216","1.216","0.00%"
"2023-09-15","1.216","1.173","1.220","1.154","-0.91%"
"2023-09-14","1.227","1.186","1.230","1.141","2.72%"
"2023-09-13","1.195","1.205","1.225","1.153","-2.65%"
"2023-09-12","1.227","1.170","1.230","1.165","0.92%"
"2023-09-11","1.216","1.171","1.225","1.158","3.74%"
"2023-09-10","1.173","1.164","1.202","1.120","0.75%"
"2023-09-08","1.164","1.111","1.169","1.104","1.47%"
"2023-09-07","1.147","1.116","1.171","1.104","0.44%"
"2023-09-06","1.142","1.124","1.170","1.106","-2.50%"
"2023-09-05","1.171","1.111","1.171","1.111","1.40%"
"2023-09-04","1.155","1.100","1.155","1.100","1.71%"
"2023-09-03","1.136","1.141","1.141","1.085","-0.50%"
"2023-09-01","1.141","1.133","1.150","1.081","-1.30%"
"2023-08-31","1.156","1.141","1.165","1.096","1.15%"
"2023-08-30","1.143","1.130","1.165","1.101","0.60%"
"2023-08-29","1.136","1.089","1.164","1.087","-0.22%"
"2023-08-28","1.139","1.110","1.163","1.091","-0.32%"
"2023-08-27","1.143","1.164","1.164","1.104","-1.83%"
"2023-08-25","1.164","1.111","1.173","1.099","-0.85%"
"2023-08-24","1.174","1.102","1.174","1.094","2.18%"
"2023-08-23","1.149","1.112","1.186","1.104","-2.23%"
"2023-08-22","1.175","1.153","1.183","1.112","0.00%"
"2023-08-21","1.175","1.089","1.176","1.089","5.02%"
"2023-08-20","1.119","1.139","1.139","1.081","-1.76%"
"2023-08-18","1.139","1.136","1.171","1.081","-2.87%"
"2023-08-17","1.173","1.106","1.176","1.066","6.65%"
"2023-08-16","1.099","1.077","1.139","1.064","-1.45%"
"2023-08-15","1.116","1.098","1.145","1.054","-1.06%"
"2023-08-14","1.128","1.088","1.128","1.056","6.50%"
"2023-08-13","1.059","1.089","1.089","1.021","3.67%"
"2023-08-11","1.021","1.021","1.021","1.021","-6.21%"
"2023-08-10","1.089","1.019","1.089","1.018","2.11%"
"2023-08-09","1.066","1.059","1.092","0.993","-0.35%"
"2023-08-08","1.070","1.077","1.126","1.025","-2.73%"
"2023-08-07","1.100","1.092","1.130","1.055","0.80%"
"2023-08-06","1.091","1.111","1.129","1.060","-3.32%"
"2023-08-04","1.129","1.072","1.148","1.072","-0.33%"
"2023-08-03","1.133","1.054","1.140","1.046","5.71%"
"2023-08-02","1.071","1.023","1.116","1.021","-1.49%"
"2023-08-01","1.087","1.013","1.087","1.005","4.19%"
"2023-07-31","1.044","0.980","1.077","0.980","3.09%"
"2023-07-30","1.013","1.014","1.014","0.956","-0.13%"
"2023-07-29","1.014","1.014","1.014","1.014","0.00%"
"2023-07-28","1.014","0.923","1.020","0.891","13.27%"
"2023-07-27","0.895","0.885","0.959","0.825","1.84%"
"2023-07-26","0.879","0.856","0.911","0.837","-3.69%"
"2023-07-25","0.913","0.854","0.913","0.850","1.52%"
"2023-07-24","0.899","0.844","0.910","0.835","2.21%"
"2023-07-23","0.879","0.885","0.885","0.816","-0.63%"
"2023-07-21","0.885","0.928","0.962","0.803","-8.29%"
"2023-07-20","0.965","0.899","0.965","0.882","3.55%"
"2023-07-19","0.932","0.947","0.973","0.899","-4.30%"
"2023-07-18","0.974","0.929","1.000","0.909","-1.02%"
"2023-07-17","0.984","0.984","0.984","0.930","0.00%"
"2023-07-16","0.984","0.939","0.984","0.939","0.00%"
"2023-07-14","0.984","0.918","0.999","0.909","4.79%"
"2023-07-13","0.939","0.905","0.962","0.891","-1.57%"
"2023-07-12","0.954","0.913","0.980","0.873","1.87%"
"2023-07-11","0.936","0.882","0.939","0.871","0.00%"
"2023-07-10","0.936","0.865","0.947","0.864","8.72%"
"2023-07-09","0.861","0.891","0.894","0.837","-3.38%"
"2023-07-08","0.891","0.891","0.891","0.891","0.00%"
"2023-07-07","0.891","0.842","0.897","0.808","5.32%"
"2023-07-06","0.846","0.777","0.846","0.771","5.62%"
"2023-07-05","0.801","0.814","0.827","0.766","-3.46%"
"2023-07-04","0.830","0.793","0.839","0.774","-1.48%"
"2023-07-03","0.842","0.825","0.845","0.781","1.96%"
"2023-07-02","0.826","0.839","0.839","0.790","-0.52%"
"2023-07-01","0.831","0.831","0.831","0.831","-0.98%"
"2023-06-30","0.839","0.772","0.848","0.772","1.06%"
"2023-06-29","0.830","0.767","0.830","0.761","0.61%"
"2023-06-28","0.825","0.806","0.829","0.765","4.02%"
"2023-06-27","0.793","0.772","0.815","0.739","0.23%"
"2023-06-26","0.791","0.755","0.809","0.733","5.16%"
"2023-06-25","0.752","0.809","0.809","0.752","-4.90%"
"2023-06-23","0.791","0.775","0.816","0.754","-1.32%"
"2023-06-22","0.802","0.766","0.817","0.757","0.00%"
"2023-06-21","0.802","0.765","0.819","0.757","-2.21%"
"2023-06-20","0.820","0.824","0.842","0.764","-2.82%"
"2023-06-19","0.844","0.831","0.850","0.785","6.81%"
"2023-06-18","0.790","0.850","0.850","0.790","-4.97%"
"2023-06-17","0.831","0.831","0.831","0.831","-2.20%"
"2023-06-16","0.850","0.857","0.864","0.785","-1.73%"
"2023-06-15","0.865","0.805","0.871","0.799","1.47%"
"2023-06-14","0.853","0.815","0.861","0.804","-0.58%"
"2023-06-13","0.858","0.811","0.863","0.794","1.18%"
"2023-06-12","0.848","0.842","0.865","0.796","5.28%"
"2023-06-11","0.805","0.846","0.863","0.805","-4.80%"
"2023-06-09","0.846","0.846","0.873","0.811","-2.39%"
"2023-06-08","0.866","0.816","0.873","0.805","3.51%"
"2023-06-07","0.837","0.801","0.856","0.794","-2.27%"
"2023-06-06","0.856","0.858","0.870","0.799","-1.72%"
"2023-06-05","0.871","0.821","0.876","0.817","2.05%"
"2023-06-04","0.854","0.840","0.863","0.805","-1.01%"
"2023-06-02","0.863","0.839","0.863","0.804","0.14%"
"2023-06-01","0.861","0.859","0.876","0.806","-1.85%"
"2023-05-31","0.877","0.847","0.877","0.805","2.03%"
"2023-05-30","0.860","0.855","0.879","0.810","3.15%"
"2023-05-29","0.834","0.824","0.869","0.819","-2.64%"
"2023-05-28","0.856","0.869","0.869","0.819","-1.44%"
"2023-05-26","0.869","0.882","0.909","0.816","1.32%"
"2023-05-25","0.858","0.801","0.887","0.801","3.15%"
"2023-05-24","0.831","0.789","0.855","0.788","-1.62%"
"2023-05-23","0.845","0.810","0.845","0.767","3.05%"
"2023-05-22","0.820","0.775","0.826","0.760","1.07%"
"2023-05-21","0.811","0.826","0.826","0.776","-2.25%"
"2023-05-19","0.830","0.790","0.832","0.776","-0.46%"
"2023-05-18","0.834","0.791","0.834","0.757","6.39%"
"2023-05-17","0.784","0.824","0.835","0.741","-6.42%"
"2023-05-16","0.837","0.798","0.842","0.777","5.19%"
"2023-05-15","0.796","0.814","0.844","0.783","1.92%"
"2023-05-14","0.781","0.819","0.819","0.771","-4.59%"
"2023-05-13","0.819","0.819","0.819","0.819","0.00%"
"2023-05-12","0.819","0.799","0.819","0.734","1.64%"
"2023-05-11","0.806","0.790","0.839","0.760","-3.38%"
"2023-05-10","0.834","0.814","0.858","0.790","-3.47%"
"2023-05-09","0.864","0.849","0.865","0.815","1.47%"
"2023-05-08","0.851","0.839","0.854","0.801","1.27%"
"2023-05-07","0.841","0.847","0.847","0.810","-0.74%"
"2023-05-06","0.847","0.847","0.847","0.847","0.37%"
"2023-05-05","0.844","0.844","0.844","0.844","0.00%"
"2023-05-04","0.844","0.844","0.844","0.844","0.00%"
"2023-05-03","0.844","0.844","0.844","0.844","-0.14%"
"2023-05-02","0.845","0.851","0.873","0.813","0.23%"
"2023-05-01","0.843","0.791","0.850","0.789","2.58%"
"2023-04-30","0.822","0.813","0.829","0.775","-0.83%"
"2023-04-29","0.829","0.829","0.829","0.829","0.00%"
"2023-04-28","0.829","0.877","0.928","0.775","-7.01%"
"2023-04-27","0.891","0.849","0.914","0.841","1.64%"
"2023-04-26","0.877","0.876","0.908","0.837","-3.77%"
"2023-04-25","0.911","0.879","0.930","0.841","-2.15%"
"2023-04-24","0.931","0.921","0.935","0.871","1.16%"
"2023-04-23","0.921","0.930","0.930","0.879","-1.01%"
"2023-04-21","0.930","0.880","0.936","0.868","-0.41%"
"2023-04-20","0.934","0.877","0.940","0.870","-1.19%"
"2023-04-19","0.945","0.890","0.951","0.879","0.39%"
"2023-04-18","0.941","0.908","0.957","0.890","-1.83%"
"2023-04-17","0.959","0.886","0.962","0.886","8.34%"
"2023-04-16","0.885","0.929","0.929","0.870","-4.72%"
"2023-04-14","0.929","0.858","0.929","0.856","3.05%"
"2023-04-13","0.901","0.851","0.906","0.850","0.99%"
"2023-04-12","0.892","0.874","0.916","0.850","-2.19%"
"2023-04-11","0.913","0.856","0.919","0.839","5.04%"
"2023-04-10","0.869","0.874","0.921","0.859","-3.75%"
"2023-04-09","0.902","0.921","0.921","0.864","0.97%"
"2023-04-08","0.894","0.894","0.894","0.894","3.49%"
"2023-04-07","0.864","0.870","0.919","0.853","-6.25%"
"2023-04-06","0.921","0.911","0.931","0.865","0.00%"
"2023-04-05","0.921","0.905","0.942","0.863","0.27%"
"2023-04-04","0.919","0.842","0.936","0.842","2.23%"
"2023-04-03","0.899","0.839","0.908","0.836","3.01%"
"2023-04-02","0.873","0.881","0.881","0.830","0.29%"
"2023-04-01","0.870","0.870","0.870","0.870","-1.28%"
"2023-03-31","0.881","0.826","0.890","0.798","1.88%"
"2023-03-30","0.865","0.824","0.869","0.791","2.98%"
"2023-03-29","0.840","0.832","0.884","0.785","-5.08%"
"2023-03-28","0.885","0.884","0.920","0.829","-3.68%"
"2023-03-27","0.919","0.830","0.919","0.824","10.54%"
"2023-03-26","0.831","0.861","0.862","0.813","-3.07%"
"2023-03-24","0.858","0.839","0.900","0.813","-2.35%"
"2023-03-23","0.878","0.876","0.933","0.837","-6.22%"
"2023-03-22","0.936","0.853","0.942","0.842","15.32%"
"2023-03-21","0.812","0.812","0.887","0.784","-5.19%"
"2023-03-20","0.856","0.819","0.891","0.777","0.59%"
"2023-03-19","0.851","0.877","0.899","0.821","-2.99%"
"2023-03-17","0.877","0.879","0.916","0.837","3.77%"
"2023-03-16","0.846","0.746","0.885","0.746","8.76%"
"2023-03-15","0.777","0.851","0.939","0.750","-2.58%"
"2023-03-14","0.798","0.793","0.855","0.702","-5.42%"
"2023-03-13","0.844","0.995","1.064","0.757","-17.73%"
"2023-03-12","1.026","1.064","1.064","0.996","-3.47%"
"2023-03-11","1.063","1.063","1.063","1.063","-0.12%"
"2023-03-10","1.064","1.164","1.164","1.003","-8.69%"
"2023-03-09","1.165","1.107","1.175","1.072","5.13%"
"2023-03-08","1.108","1.077","1.131","1.075","-1.50%"
"2023-03-07","1.125","1.097","1.125","1.060","0.67%"
"2023-03-06","1.117","1.054","1.117","1.054","3.23%"
"2023-03-05","1.082","1.106","1.106","1.050","-2.15%"
"2023-03-04","1.106","1.106","1.106","1.106","0.00%"
"2023-03-03","1.106","1.049","1.109","1.048","0.12%"
"2023-03-02","1.105","1.036","1.111","1.036","4.19%"
"2023-03-01","1.061","1.018","1.091","0.994","0.06%"
"2023-02-28","1.060","1.063","1.117","1.019","-0.93%"
"2023-02-27","1.070","1.077","1.128","1.064","-3.06%"
"2023-02-26","1.104","1.128","1.128","1.070","-2.00%"
"2023-02-24","1.126","1.089","1.144","1.067","-0.27%"
"2023-02-23","1.129","1.129","1.129","1.090","0.00%"
"2023-02-22","1.129","1.145","1.156","1.127","-2.33%"
"2023-02-21","1.156","1.121","1.156","1.117","3.24%"
"2023-02-20","1.120","1.106","1.139","1.105","1.18%"
"2023-02-19","1.107","1.138","1.138","1.105","-2.69%"
"2023-02-17","1.138","1.112","1.144","1.107","3.12%"
"2023-02-16","1.103","1.112","1.128","1.103","-2.16%"
"2023-02-15","1.128","1.101","1.128","1.090","0.78%"
"2023-02-14","1.119","1.111","1.135","1.089","-1.64%"
"2023-02-13","1.138","1.170","1.170","1.109","-0.92%"
"2023-02-12","1.148","1.169","1.169","1.148","-1.77%"
"2023-02-10","1.169","1.124","1.183","1.124","4.53%"
"2023-02-09","1.118","1.112","1.140","1.110","-1.60%"
"2023-02-08","1.136","1.109","1.136","1.103","2.31%"
"2023-02-07","1.111","1.124","1.141","1.111","0.23%"
"2023-02-06","1.108","1.108","1.136","1.104","0.05%"
"2023-02-05","1.107","1.136","1.136","1.100","-2.53%"
"2023-02-03","1.136","1.090","1.136","1.085","1.56%"
"2023-02-02","1.119","1.109","1.149","1.087","-1.26%"
"2023-02-01","1.133","1.148","1.171","1.107","-1.52%"
"2023-01-31","1.151","1.172","1.194","1.149","-3.82%"
"2023-01-30","1.196","1.153","1.196","1.135","3.68%"
"2023-01-29","1.154","1.179","1.179","1.154","-1.28%"
"2023-01-27","1.169","1.116","1.183","1.111","5.17%"
"2023-01-26","1.111","1.097","1.122","1.083","1.54%"
"2023-01-25","1.094","1.056","1.106","1.051","1.45%"
"2023-01-24","1.079","1.051","1.087","1.049","0.12%"
"2023-01-23","1.077","1.049","1.079","1.027","2.74%"
"2023-01-22","1.049","1.065","1.065","1.044","0.66%"
"2023-01-21","1.042","1.065","1.065","1.042","-2.17%"
"2023-01-20","1.065","1.066","1.077","1.023","-1.28%"
"2023-01-19","1.079","1.081","1.105","1.048","-2.59%"
"2023-01-18","1.107","1.163","1.176","1.027","-5.85%"
"2023-01-17","1.176","1.191","1.205","1.158","-2.49%"
"2023-01-16","1.206","1.232","1.255","1.163","-2.28%"
"2023-01-15","1.234","1.255","1.255","1.234","-0.15%"
"2023-01-14","1.236","1.236","1.236","1.236","-1.49%"
"2023-01-13","1.255","1.229","1.279","1.222","1.31%"
"2023-01-12","1.239","1.148","1.247","1.140","8.78%"
"2023-01-11","1.139","1.133","1.159","1.115","-1.83%"
"2023-01-10","1.160","1.079","1.164","1.075","5.45%"
"2023-01-09","1.100","1.088","1.100","1.078","0.00%"
"2023-01-08","1.100","1.100","1.100","1.100","0.00%"
"2023-01-06","1.100","1.096","1.110","1.081","-0.68%"
"2023-01-05","1.107","1.128","1.134","1.092","-2.53%"
"2023-01-04","1.136","1.119","1.139","1.112","2.37%"
"2023-01-03","1.110","1.111","1.117","1.110","-1.77%"
"2023-01-02","1.130","1.130","1.130","1.130","0.00%"
"2023-01-01","1.130","1.130","1.130","1.130","0.00%"
"2022-12-30","1.130","1.102","1.130","1.102","1.12%"
"2022-12-29","1.117","1.074","1.125","1.074","2.87%"
"2022-12-28","1.086","1.054","1.094","1.038","3.40%"
"2022-12-27","1.051","1.025","1.056","1.025","2.87%"
"2022-12-26","1.021","1.017","1.033","0.996","0.37%"
"2022-12-25","1.018","1.019","1.033","1.018","-0.19%"
"2022-12-23","1.019","0.987","1.038","0.984","3.76%"
"2022-12-22","0.983","0.971","0.989","0.959","1.03%"
"2022-12-21","0.973","0.996","1.032","0.970","-2.99%"
"2022-12-20","1.003","0.917","1.099","0.908","9.49%"
"2022-12-19","0.916","0.897","0.926","0.881","2.02%"
"2022-12-18","0.897","0.881","0.897","0.881","1.84%"
"2022-12-16","0.881","0.876","0.891","0.876","0.57%"
"2022-12-15","0.876","0.852","0.877","0.850","4.32%"
"2022-12-14","0.840","0.839","0.851","0.834","0.60%"
"2022-12-13","0.835","0.868","0.868","0.835","-4.02%"
"2022-12-12","0.870","0.868","0.871","0.840","0.36%"
"2022-12-11","0.867","0.840","0.867","0.840","1.53%"
"2022-12-10","0.854","0.854","0.854","0.854","1.64%"
"2022-12-09","0.840","0.866","0.880","0.840","-4.69%"
"2022-12-08","0.881","0.856","0.881","0.853","0.22%"
"2022-12-07","0.879","0.892","0.897","0.857","-2.16%"
"2022-12-06","0.899","0.885","0.914","0.880","0.71%"
"2022-12-05","0.892","0.870","0.900","0.870","-0.83%"
"2022-12-04","0.900","0.900","0.900","0.900","0.00%"
"2022-12-02","0.900","0.863","0.900","0.861","1.41%"
"2022-12-01","0.887","0.871","0.896","0.863","-1.11%"
"2022-11-30","0.897","0.874","0.897","0.873","1.99%"
"2022-11-29","0.880","0.866","0.887","0.859","1.15%"
"2022-11-28","0.870","0.851","0.870","0.851","0.58%"
"2022-11-27","0.865","0.865","0.865","0.865","0.00%"
"2022-11-25","0.865","0.824","0.865","0.824","4.68%"
"2022-11-24","0.826","0.812","0.826","0.808","0.84%"
"2022-11-23","0.819","0.819","0.819","0.814","-0.68%"
"2022-11-22","0.825","0.818","0.826","0.816","0.92%"
"2022-11-21","0.817","0.813","0.823","0.810","0.45%"
"2022-11-20","0.814","0.810","0.814","0.810","0.47%"
"2022-11-18","0.810","0.796","0.816","0.796","1.40%"
"2022-11-17","0.799","0.789","0.801","0.784","-0.77%"
"2022-11-16","0.805","0.806","0.820","0.792","-1.83%"
"2022-11-15","0.820","0.836","0.854","0.806","-4.09%"
"2022-11-14","0.855","0.811","0.864","0.811","4.10%"
"2022-11-13","0.821","0.821","0.821","0.821","1.40%"
"2022-11-12","0.810","0.810","0.810","0.810","-1.38%"
"2022-11-11","0.821","0.799","0.858","0.794","-4.37%"
"2022-11-10","0.859","0.866","0.892","0.799","-4.04%"
"2022-11-09","0.895","0.909","0.939","0.866","-4.79%"
"2022-11-08","0.940","0.921","0.951","0.911","0.80%"
"2022-11-07","0.933","0.932","0.947","0.918","0.00%"
"2022-11-06","0.933","0.933","0.947","0.933","-0.06%"
"2022-11-04","0.933","0.907","0.952","0.895","6.41%"
"2022-11-03","0.877","0.878","0.906","0.878","-2.02%"
"2022-11-02","0.895","0.867","0.897","0.865","1.55%"
"2022-11-01","0.881","0.834","0.881","0.834","5.31%"
"2022-10-31","0.837","0.830","0.853","0.779","0.76%"
"2022-10-30","0.831","0.824","0.836","0.824","0.75%"
"2022-10-29","0.824","0.824","0.824","0.824","-1.42%"
"2022-10-28","0.836","0.826","0.856","0.796","-1.90%"
"2022-10-27","0.853","0.863","0.892","0.827","-2.64%"
"2022-10-26","0.876","0.899","0.924","0.836","-5.85%"
"2022-10-25","0.930","0.970","0.991","0.901","-3.00%"
"2022-10-24","0.959","0.950","0.976","0.934","0.86%"
"2022-10-23","0.951","0.976","0.976","0.951","-2.63%"
"2022-10-21","0.976","0.904","0.981","0.904","6.12%"
"2022-10-20","0.920","0.880","0.924","0.880","3.08%"
"2022-10-19","0.892","0.864","0.895","0.859","1.27%"
"2022-10-18","0.881","0.848","0.882","0.846","3.99%"
"2022-10-17","0.848","0.823","0.868","0.823","3.11%"
"2022-10-16","0.822","0.813","0.840","0.813","1.08%"
"2022-10-15","0.813","0.813","0.813","0.813","-3.20%"
"2022-10-14","0.840","0.824","0.849","0.805","-1.18%"
"2022-10-13","0.850","0.811","0.850","0.811","5.19%"
"2022-10-12","0.808","0.797","0.831","0.789","2.37%"
"2022-10-11","0.789","0.785","0.813","0.781","1.36%"
"2022-10-10","0.779","0.779","0.784","0.762","0.00%"
"2022-10-09","0.779","0.779","0.779","0.779","2.22%"
"2022-10-07","0.762","0.761","0.780","0.755","-1.05%"
"2022-10-06","0.770","0.748","0.770","0.741","1.81%"
"2022-10-05","0.756","0.728","0.756","0.721","2.90%"
"2022-10-04","0.735","0.728","0.761","0.717","-4.08%"
"2022-10-03","0.766","0.766","0.788","0.729","-0.33%"
"2022-10-02","0.769","0.784","0.784","0.767","0.58%"
"2022-10-01","0.764","0.764","0.764","0.764","-0.08%"
"2022-09-30","0.765","0.800","0.822","0.764","-7.14%"
"2022-09-29","0.824","0.801","0.835","0.785","-2.08%"
"2022-09-28","0.841","0.831","0.861","0.800","1.20%"
"2022-09-27","0.831","0.818","0.856","0.812","2.00%"
"2022-09-26","0.815","0.758","0.822","0.756","7.68%"
"2022-09-25","0.757","0.756","0.757","0.717","5.67%"
"2022-09-24","0.716","0.716","0.716","0.716","0.00%"
"2022-09-23","0.716","0.716","0.716","0.716","-5.29%"
"2022-09-22","0.756","0.772","0.801","0.712","-1.86%"
"2022-09-21","0.771","0.794","0.821","0.761","-6.31%"
"2022-09-20","0.822","0.746","0.822","0.736","7.87%"
"2022-09-19","0.762","0.762","0.762","0.744","0.00%"
"2022-09-18","0.762","0.762","0.762","0.762","2.61%"
"2022-09-16","0.743","0.712","0.765","0.712","0.42%"
"2022-09-15","0.740","0.672","0.740","0.669","5.34%"
"2022-09-14","0.702","0.688","0.714","0.659","0.53%"
"2022-09-13","0.699","0.695","0.711","0.657","-1.92%"
"2022-09-12","0.712","0.715","0.736","0.696","-0.27%"
"2022-09-11","0.714","0.736","0.736","0.714","-2.97%"
"2022-09-09","0.736","0.736","0.751","0.721","-2.80%"
"2022-09-08","0.757","0.718","0.760","0.702","4.12%"
"2022-09-07","0.728","0.724","0.764","0.719","1.39%"
"2022-09-06","0.717","0.675","0.723","0.666","3.24%"
"2022-09-05","0.695","0.679","0.695","0.670","2.30%"
"2022-09-04","0.679","0.694","0.694","0.679","-2.08%"
"2022-09-03","0.694","0.694","0.694","0.694","0.00%"
"2022-09-02","0.694","0.678","0.706","0.676","3.85%"
"2022-09-01","0.668","0.649","0.686","0.649","4.59%"
"2022-08-31","0.639","0.642","0.658","0.636","-0.67%"
"2022-08-30","0.643","0.669","0.671","0.642","-5.61%"
"2022-08-29","0.681","0.644","0.681","0.634","7.07%"
"2022-08-28","0.636","0.634","0.636","0.625","2.12%"
"2022-08-27","0.623","0.623","0.623","0.623","-1.69%"
"2022-08-26","0.634","0.618","0.636","0.609","0.40%"
"2022-08-25","0.631","0.634","0.649","0.614","-0.39%"
"2022-08-24","0.634","0.614","0.634","0.607","3.68%"
"2022-08-23","0.611","0.617","0.623","0.603","0.63%"
"2022-08-22","0.608","0.589","0.618","0.582","3.30%"
"2022-08-21","0.588","0.582","0.589","0.572","0.96%"
"2022-08-19","0.582","0.556","0.582","0.549","5.66%"
"2022-08-18","0.551","0.549","0.560","0.541","0.46%"
"2022-08-17","0.549","0.549","0.551","0.536","0.00%"
"2022-08-16","0.549","0.548","0.551","0.538","0.00%"
"2022-08-15","0.549","0.558","0.563","0.548","-1.67%"
"2022-08-14","0.558","0.563","0.567","0.558","-1.76%"
"2022-08-12","0.568","0.567","0.572","0.551","3.29%"
"2022-08-11","0.550","0.558","0.565","0.558","0.00%"
"2022-08-10","0.550","0.550","0.563","0.549","-0.24%"
"2022-08-09","0.551","0.559","0.561","0.548","-1.66%"
"2022-08-08","0.561","0.577","0.583","0.561","-2.83%"
"2022-08-07","0.577","0.577","0.577","0.562","2.91%"
"2022-08-05","0.561","0.565","0.577","0.552","-2.50%"
"2022-08-04","0.575","0.576","0.582","0.564","-1.71%"
"2022-08-03","0.585","0.579","0.586","0.567","3.54%"
"2022-08-02","0.565","0.578","0.581","0.556","-4.45%"
"2022-08-01","0.591","0.598","0.601","0.577","-0.94%"
"2022-07-31","0.597","0.590","0.597","0.590","0.12%"
"2022-07-30","0.596","0.596","0.596","0.596","1.05%"
"2022-07-29","0.590","0.582","0.601","0.581","-1.67%"
"2022-07-28","0.600","0.588","0.621","0.579","1.69%"
"2022-07-27","0.590","0.581","0.603","0.579","1.06%"
"2022-07-26","0.584","0.596","0.606","0.581","-2.89%"
"2022-07-25","0.601","0.574","0.609","0.562","4.90%"
"2022-07-24","0.573","0.586","0.590","0.573","-3.68%"
"2022-07-22","0.595","0.647","0.671","0.586","-11.69%"
"2022-07-21","0.674","0.675","0.690","0.648","0.19%"
"2022-07-20","0.673","0.680","0.685","0.673","-0.93%"
"2022-07-19","0.679","0.646","0.680","0.646","5.24%"
"2022-07-18","0.645","0.645","0.646","0.645","0.00%"
"2022-07-17","0.645","0.645","0.645","0.645","0.00%"
"2022-07-15","0.645","0.696","0.697","0.642","-7.86%"
"2022-07-14","0.700","0.690","0.704","0.678","1.54%"
"2022-07-13","0.689","0.683","0.711","0.679","2.04%"
"2022-07-12","0.676","0.697","0.705","0.676","-4.85%"
"2022-07-11","0.710","0.699","0.721","0.697","1.70%"
"2022-07-10","0.698","0.706","0.706","0.688","-0.81%"
"2022-07-08","0.704","0.679","0.707","0.679","3.12%"
"2022-07-07","0.683","0.666","0.683","0.645","4.20%"
"2022-07-06","0.655","0.670","0.683","0.655","-2.69%"
"2022-07-05","0.673","0.688","0.711","0.672","-1.20%"
"2022-07-04","0.681","0.654","0.705","0.650","3.92%"
"2022-07-03","0.656","0.684","0.684","0.656","-4.12%"
"2022-07-01","0.684","0.689","0.720","0.681","-2.58%"
"2022-06-30","0.702","0.710","0.740","0.690","-2.51%"
"2022-06-29","0.720","0.731","0.757","0.714","-1.63%"
"2022-06-28","0.732","0.717","0.759","0.716","3.45%"
"2022-06-27","0.707","0.678","0.724","0.673","4.52%"
"2022-06-26","0.677","0.669","0.680","0.669","-0.46%"
"2022-06-24","0.680","0.670","0.681","0.656","0.65%"
"2022-06-23","0.676","0.711","0.726","0.668","-6.32%"
"2022-06-22","0.721","0.732","0.761","0.712","0.17%"
"2022-06-21","0.720","0.736","0.760","0.719","-1.21%"
"2022-06-20","0.729","0.716","0.759","0.714","1.39%"
"2022-06-19","0.719","0.755","0.755","0.719","-1.87%"
"2022-06-18","0.733","0.733","0.733","0.733","-2.98%"
"2022-06-17","0.755","0.784","0.825","0.701","-8.63%"
"2022-06-16","0.826","0.734","0.844","0.708","4.42%"
"2022-06-15","0.791","0.721","0.839","0.711","-1.56%"
"2022-06-14","0.804","0.771","0.804","0.762","4.39%"
"2022-06-13","0.770","0.642","0.770","0.641","19.73%"
"2022-06-12","0.643","0.661","0.661","0.617","-2.75%"
"2022-06-10","0.661","0.613","0.661","0.605","1.93%"
"2022-06-09","0.649","0.601","0.649","0.597","8.48%"
"2022-06-08","0.598","0.575","0.624","0.575","3.23%"
"2022-06-07","0.579","0.567","0.604","0.567","2.31%"
"2022-06-06","0.566","0.571","0.585","0.563","-0.75%"
"2022-06-05","0.571","0.584","0.584","0.563","1.55%"
"2022-06-04","0.562","0.562","0.562","0.562","0.00%"
"2022-06-03","0.562","0.577","0.585","0.557","-2.92%"
"2022-06-02","0.579","0.573","0.582","0.569","1.21%"
"2022-06-01","0.572","0.573","0.585","0.566","1.22%"
"2022-05-31","0.565","0.545","0.581","0.545","4.38%"
"2022-05-30","0.541","0.529","0.556","0.529","2.62%"
"2022-05-29","0.527","0.533","0.533","0.527","-2.31%"
"2022-05-28","0.540","0.534","0.540","0.534","0.00%"
"2022-05-27","0.540","0.549","0.551","0.527","-0.70%"
"2022-05-26","0.544","0.506","0.561","0.504","7.81%"
"2022-05-25","0.504","0.503","0.512","0.495","-1.83%"
"2022-05-24","0.514","0.547","0.558","0.504","-6.16%"
"2022-05-23","0.548","0.547","0.566","0.542","-0.11%"
"2022-05-22","0.548","0.555","0.566","0.548","-3.21%"
"2022-05-21","0.566","0.554","0.566","0.554","0.00%"
"2022-05-20","0.566","0.570","0.585","0.550","-0.11%"
"2022-05-19","0.567","0.571","0.594","0.567","-2.16%"
"2022-05-18","0.579","0.585","0.598","0.570","0.10%"
"2022-05-17","0.579","0.567","0.598","0.567","0.77%"
"2022-05-16","0.574","0.578","0.594","0.567","-0.64%"
"2022-05-15","0.578","0.579","0.594","0.578","0.00%"
"2022-05-14","0.578","0.578","0.578","0.578","-2.64%"
"2022-05-13","0.594","0.574","0.596","0.566","2.49%"
"2022-05-12","0.579","0.591","0.624","0.574","-2.21%"
"2022-05-11","0.592","0.594","0.626","0.591","-1.97%"
"2022-05-10","0.604","0.599","0.630","0.589","-1.13%"
"2022-05-09","0.611","0.598","0.631","0.597","2.09%"
"2022-05-08","0.599","0.591","0.613","0.591","-2.24%"
"2022-05-07","0.613","0.591","0.613","0.591","0.00%"
"2022-05-06","0.613","0.579","0.613","0.575","8.16%"
"2022-05-05","0.566","0.567","0.578","0.566","-3.00%"
"2022-05-04","0.584","0.584","0.584","0.584","0.00%"
"2022-05-03","0.584","0.576","0.584","0.576","3.09%"
"2022-05-02","0.566","0.566","0.575","0.566","0.34%"
"2022-05-01","0.564","0.556","0.575","0.556","-1.84%"
"2022-04-30","0.575","0.575","0.575","0.575","0.00%"
"2022-04-29","0.575","0.575","0.575","0.575","0.00%"
"2022-04-28","0.575","0.579","0.579","0.538","-0.54%"
"2022-04-27","0.578","0.571","0.589","0.568","-0.12%"
"2022-04-26","0.579","0.589","0.601","0.570","-2.21%"
"2022-04-25","0.592","0.607","0.625","0.586","-2.57%"
"2022-04-24","0.608","0.612","0.625","0.607","-2.80%"
"2022-04-23","0.625","0.611","0.625","0.611","0.00%"
"2022-04-22","0.625","0.626","0.641","0.609","0.71%"
"2022-04-21","0.621","0.581","0.642","0.574","5.40%"
"2022-04-20","0.589","0.579","0.605","0.576","4.68%"
"2022-04-19","0.563","0.554","0.577","0.548","1.46%"
"2022-04-18","0.554","0.561","0.562","0.545","-1.33%"
"2022-04-17","0.562","0.545","0.562","0.545","3.10%"
"2022-04-16","0.545","0.545","0.545","0.545","-2.78%"
"2022-04-15","0.561","0.550","0.561","0.545","2.86%"
"2022-04-14","0.545","0.562","0.565","0.535","-4.80%"
"2022-04-13","0.572","0.553","0.577","0.553","0.00%"
"2022-04-12","0.572","0.555","0.584","0.555","1.33%"
"2022-04-11","0.565","0.542","0.576","0.541","2.95%"
"2022-04-10","0.549","0.542","0.549","0.541","1.39%"
"2022-04-09","0.541","0.541","0.541","0.541","-1.37%"
"2022-04-08","0.549","0.542","0.551","0.527","1.87%"
"2022-04-07","0.539","0.534","0.554","0.532","-1.50%"
"2022-04-06","0.547","0.513","0.559","0.513","8.84%"
"2022-04-05","0.502","0.484","0.516","0.479","3.33%"
"2022-04-04","0.486","0.493","0.504","0.485","-1.52%"
"2022-04-03","0.494","0.496","0.504","0.494","-0.24%"
"2022-04-01","0.495","0.428","0.504","0.428","12.99%"
"2022-03-31","0.438","0.536","0.549","0.421","-19.70%"
"2022-03-30","0.546","0.566","0.620","0.511","-10.38%"
"2022-03-29","0.609","0.576","0.626","0.566","5.99%"
"2022-03-28","0.574","0.521","0.608","0.521","10.72%"
"2022-03-27","0.519","0.507","0.525","0.507","-1.18%"
"2022-03-26","0.525","0.507","0.525","0.507","-0.25%"
"2022-03-25","0.526","0.489","0.526","0.486","9.21%"
"2022-03-24","0.482","0.469","0.491","0.466","3.50%"
"2022-03-23","0.466","0.464","0.481","0.463","0.80%"
"2022-03-22","0.462","0.458","0.485","0.439","4.08%"
"2022-03-21","0.444","0.436","0.456","0.436","1.72%"
"2022-03-20","0.436","0.436","0.436","0.436","0.00%"
"2022-03-19","0.436","0.444","0.444","0.436","0.00%"
"2022-03-18","0.436","0.442","0.450","0.436","-1.69%"
"2022-03-17","0.444","0.444","0.456","0.438","-0.83%"
"2022-03-16","0.447","0.434","0.458","0.431","4.07%"
"2022-03-15","0.430","0.431","0.441","0.421","-1.98%"
"2022-03-14","0.439","0.423","0.442","0.399","3.98%"
"2022-03-13","0.422","0.399","0.422","0.399","5.79%"
"2022-03-12","0.399","0.412","0.412","0.399","-5.05%"
"2022-03-11","0.420","0.419","0.423","0.399","0.91%"
"2022-03-10","0.416","0.403","0.421","0.386","5.21%"
"2022-03-09","0.396","0.403","0.405","0.380","1.44%"
"2022-03-08","0.390","0.377","0.405","0.368","5.58%"
"2022-03-07","0.369","0.356","0.382","0.354","3.68%"
"2022-03-06","0.356","0.357","0.376","0.353","-0.70%"
"2022-03-04","0.359","0.405","0.405","0.357","-10.30%"
"2022-03-03","0.400","0.389","0.406","0.365","3.57%"
"2022-03-02","0.386","0.371","0.389","0.344","0.31%"
"2022-03-01","0.385","0.405","0.416","0.370","-6.23%"
"2022-02-28","0.411","0.426","0.440","0.386","-3.82%"
"2022-02-27","0.427","0.431","0.431","0.426","0.14%"
"2022-02-26","0.426","0.426","0.426","0.426","-3.14%"
"2022-02-25","0.440","0.396","0.449","0.396","8.00%"
"2022-02-24","0.407","0.419","0.429","0.389","0.00%"
"2022-02-23","0.407","0.425","0.425","0.407","1.54%"
"2022-02-22","0.401","0.426","0.429","0.390","-9.60%"
"2022-02-21","0.444","0.443","0.450","0.428","0.32%"
"2022-02-20","0.442","0.450","0.462","0.442","-1.67%"
"2022-02-19","0.450","0.450","0.450","0.450","0.00%"
"2022-02-18","0.450","0.466","0.480","0.450","-6.52%"
"2022-02-17","0.481","0.460","0.489","0.447","3.79%"
"2022-02-16","0.464","0.451","0.468","0.444","2.63%"
"2022-02-15","0.452","0.438","0.459","0.424","2.40%"
"2022-02-14","0.441","0.420","0.441","0.400","6.34%"
"2022-02-13","0.415","0.416","0.416","0.415","-4.07%"
"2022-02-11","0.433","0.428","0.433","0.428","1.48%"
"2022-02-10","0.426","0.406","0.438","0.400","7.25%"
"2022-02-09","0.398","0.428","0.428","0.398","-6.60%"
"2022-02-08","0.426","0.426","0.462","0.426","3.96%"
"2022-02-07","0.409","0.377","0.426","0.224","8.11%"
"2022-02-06","0.379","0.371","0.384","0.224","69.21%"
"2022-02-05","0.224","0.371","0.371","0.224","-42.98%"
"2022-02-04","0.393","0.357","0.393","0.357","16.50%"
"2022-02-03","0.337","0.338","0.357","0.335","0.60%"
"2022-02-02","0.335","0.340","0.342","0.335","-3.24%"
"2022-02-01","0.346","0.347","0.350","0.341","6.13%"
"2022-01-31","0.326","0.326","0.326","0.326","0.00%"
"2022-01-28","0.326","0.321","0.330","0.321","1.94%"
"2022-01-27","0.320","0.319","0.322","0.319","6.42%"
"2022-01-26","0.301","0.301","0.301","0.301","0.00%"
"2022-01-25","0.301","0.301","0.304","0.299","2.14%"
"2022-01-24","0.295","0.224","0.295","0.224","-1.93%"
"2022-01-22","0.301","0.301","0.301","0.301","0.67%"
"2022-01-21","0.299","0.301","0.302","0.299","-4.39%"
"2022-01-20","0.312","0.301","0.312","0.301","2.87%"
"2022-01-19","0.304","0.297","0.309","0.297","-1.17%"
"2022-01-18","0.307","0.301","0.307","0.301","-2.04%"
"2022-01-17","0.314","0.307","0.315","0.307","2.05%"
"2022-01-14","0.307","0.305","0.310","0.303","6.08%"
"2022-01-13","0.290","0.301","0.301","0.287","0.00%"
"2022-01-12","0.290","0.286","0.301","0.286","-3.75%"
"2022-01-11","0.301","0.301","0.302","0.299","34.50%"
"2022-01-10","0.224","0.224","0.224","0.224","-27.15%"
"2022-01-07","0.307","0.280","0.307","0.255","7.45%"
"2022-01-06","0.286","0.266","0.286","0.266","9.58%"
"2022-01-05","0.261","0.236","0.266","0.236","1.91%"
"2022-01-04","0.256","0.254","0.256","0.236","7.20%"
"2022-01-03","0.239","0.250","0.250","0.224","-4.48%"
"2022-01-02","0.250","0.224","0.250","0.224","11.71%"
"2022-01-01","0.224","0.250","0.250","0.224","-6.28%"
"2021-12-31","0.239","0.239","0.239","0.239","0.00%"
"2021-12-30","0.239","0.223","0.240","0.209","8.84%"
"2021-12-29","0.219","0.218","0.250","0.191","0.60%"
"2021-12-28","0.218","0.213","0.218","0.213","2.35%"
"2021-12-27","0.213","0.216","0.217","0.190","-0.61%"
"2021-12-26","0.214","0.190","0.214","0.190","12.84%"
"2021-12-25","0.190","0.190","0.190","0.190","0.00%"
"2021-12-24","0.190","0.213","0.216","0.190","0.64%"
"2021-12-23","0.189","0.212","0.216","0.189","-12.71%"
"2021-12-22","0.216","0.204","0.219","0.180","3.59%"
"2021-12-21","0.209","0.196","0.209","0.171","23.70%"
"2021-12-20","0.169","0.172","0.196","0.169","-14.27%"
"2021-12-19","0.197","0.172","0.197","0.172","14.14%"
"2021-12-18","0.172","0.172","0.172","0.172","-13.23%"
"2021-12-17","0.199","0.197","0.201","0.171","1.95%"
"2021-12-16","0.195","0.203","0.204","0.170","-4.27%"
"2021-12-15","0.204","0.204","0.205","0.175","0.00%"
"2021-12-14","0.204","0.199","0.205","0.175","1.19%"
"2021-12-13","0.201","0.206","0.209","0.176","-2.71%"
"2021-12-12","0.207","0.183","0.208","0.183","13.37%"
"2021-12-11","0.183","0.209","0.209","0.183","-12.05%"
"2021-12-10","0.207","0.202","0.210","0.174","5.71%"
"2021-12-09","0.196","0.206","0.222","0.171","-4.85%"
"2021-12-08","0.206","0.205","0.207","0.169","1.28%"
"2021-12-07","0.204","0.198","0.209","0.171","5.11%"
"2021-12-06","0.194","0.192","0.198","0.166","0.36%"
"2021-12-05","0.193","0.174","0.197","0.174","-2.23%"
"2021-12-03","0.198","0.203","0.203","0.174","-2.47%"
"2021-12-02","0.203","0.200","0.207","0.177","-1.84%"
"2021-12-01","0.206","0.209","0.209","0.176","16.23%"
"2021-11-30","0.177","0.218","0.218","0.176","-19.32%"
"2021-11-29","0.220","0.221","0.221","0.199","-0.27%"
"2021-11-28","0.221","0.200","0.221","0.200","10.30%"
"2021-11-27","0.200","0.217","0.217","0.200","-6.98%"
"2021-11-26","0.215","0.228","0.229","0.196","-7.05%"
"2021-11-25","0.231","0.233","0.234","0.226","-1.57%"
"2021-11-24","0.235","0.232","0.236","0.201","1.60%"
"2021-11-23","0.231","0.225","0.231","0.222","3.35%"
"2021-11-22","0.224","0.222","0.225","0.200","0.00%"
"2021-11-21","0.224","0.205","0.229","0.205","9.17%"
"2021-11-20","0.205","0.205","0.205","0.205","0.00%"
"2021-11-19","0.205","0.227","0.233","0.205","-11.83%"
"2021-11-18","0.233","0.225","0.234","0.207","2.74%"
"2021-11-17","0.226","0.227","0.229","0.204","1.12%"
"2021-11-16","0.224","0.222","0.227","0.192","3.47%"
"2021-11-15","0.216","0.221","0.224","0.191","-2.52%"
"2021-11-14","0.222","0.199","0.222","0.199","11.62%"
"2021-11-13","0.199","0.222","0.222","0.199","-11.17%"
"2021-11-12","0.224","0.216","0.226","0.191","17.79%"
"2021-11-11","0.190","0.219","0.222","0.188","-9.52%"
"2021-11-10","0.210","0.213","0.218","0.177","0.57%"
"2021-11-09","0.209","0.215","0.215","0.185","11.36%"
"2021-11-08","0.188","0.203","0.214","0.183","-7.95%"
"2021-11-07","0.204","0.184","0.205","0.184","10.83%"
"2021-11-06","0.184","0.184","0.184","0.184","0.00%"
"2021-11-05","0.184","0.209","0.213","0.184","-3.26%"
"2021-11-04","0.190","0.220","0.220","0.190","-13.16%"
"2021-11-03","0.219","0.220","0.221","0.219","0.00%"
"2021-11-02","0.219","0.229","0.230","0.198","-6.89%"
"2021-11-01","0.235","0.243","0.245","0.210","-2.85%"
"2021-10-31","0.242","0.241","0.242","0.241","-0.25%"
"2021-10-29","0.243","0.257","0.257","0.221","-3.96%"
"2021-10-28","0.252","0.252","0.258","0.231","-3.37%"
"2021-10-27","0.261","0.268","0.273","0.250","-2.79%"
"2021-10-26","0.269","0.268","0.273","0.259","3.38%"
"2021-10-25","0.260","0.261","0.270","0.259","-0.23%"
"2021-10-24","0.261","0.262","0.262","0.261","-1.21%"
"2021-10-22","0.264","0.269","0.269","0.256","0.96%"
"2021-10-21","0.261","0.260","0.270","0.256","0.00%"
"2021-10-20","0.261","0.262","0.269","0.250","0.97%"
"2021-10-19","0.259","0.258","0.261","0.248","-0.46%"
"2021-10-18","0.260","0.245","0.275","0.230","13.04%"
"2021-10-17","0.230","0.243","0.243","0.230","-5.39%"
"2021-10-16","0.243","0.243","0.243","0.243","0.75%"
"2021-10-15","0.241","0.234","0.244","0.225","3.21%"
"2021-10-14","0.234","0.244","0.244","0.224","-5.54%"
"2021-10-13","0.248","0.249","0.256","0.233","-2.94%"
"2021-10-12","0.255","0.257","0.261","0.236","-0.97%"
"2021-10-11","0.257","0.242","0.260","0.225","14.44%"
"2021-10-10","0.225","0.225","0.225","0.225","-6.76%"
"2021-10-09","0.241","0.241","0.241","0.241","-0.49%"
"2021-10-08","0.243","0.233","0.243","0.222","8.99%"
"2021-10-07","0.222","0.232","0.232","0.205","-3.80%"
"2021-10-06","0.231","0.227","0.239","0.204","5.14%"
"2021-10-05","0.220","0.208","0.226","0.203","14.29%"
"2021-10-04","0.192","0.204","0.210","0.188","-6.37%"
"2021-10-03","0.206","0.209","0.209","0.192","6.81%"
"2021-10-02","0.192","0.209","0.209","0.192","-8.33%"
"2021-10-01","0.210","0.217","0.217","0.190","-4.55%"
"2021-09-30","0.220","0.224","0.229","0.199","-1.12%"
"2021-09-29","0.222","0.241","0.241","0.203","-7.29%"
"2021-09-28","0.240","0.212","0.241","0.199","10.34%"
"2021-09-27","0.218","0.210","0.218","0.190","3.28%"
"2021-09-26","0.211","0.191","0.211","0.191","0.29%"
"2021-09-24","0.210","0.199","0.213","0.171","15.07%"
"2021-09-23","0.183","0.187","0.198","0.183","-0.71%"
"2021-09-22","0.184","0.191","0.191","0.166","-5.16%"
"2021-09-21","0.194","0.194","0.198","0.174","-5.46%"
"2021-09-20","0.205","0.183","0.205","0.183","12.33%"
"2021-09-19","0.183","0.183","0.183","0.183","-9.88%"
"2021-09-18","0.203","0.203","0.203","0.203","-1.22%"
"2021-09-17","0.205","0.199","0.206","0.179","1.84%"
"2021-09-16","0.201","0.188","0.206","0.168","7.36%"
"2021-09-15","0.188","0.190","0.190","0.165","-3.25%"
"2021-09-14","0.194","0.184","0.199","0.168","4.42%"
"2021-09-13","0.186","0.188","0.200","0.166","-1.69%"
"2021-09-12","0.189","0.185","0.189","0.170","0.00%"
"2021-09-10","0.189","0.179","0.190","0.160","2.05%"
"2021-09-09","0.185","0.187","0.188","0.161","-2.01%"
"2021-09-08","0.189","0.192","0.193","0.168","-1.92%"
"2021-09-07","0.192","0.188","0.196","0.164","0.00%"
"2021-09-06","0.192","0.177","0.198","0.155","9.19%"
"2021-09-05","0.176","0.155","0.177","0.155","1.50%"
"2021-09-04","0.174","0.174","0.174","0.174","-1.47%"
"2021-09-03","0.176","0.160","0.177","0.144","9.30%"
"2021-09-02","0.161","0.156","0.162","0.142","0.00%"
"2021-09-01","0.161","0.153","0.161","0.130","4.88%"
"2021-08-31","0.154","0.141","0.154","0.127","6.07%"
"2021-08-30","0.145","0.141","0.150","0.130","2.18%"
"2021-08-29","0.142","0.130","0.148","0.130","-4.64%"
"2021-08-28","0.149","0.149","0.149","0.149","-0.80%"
"2021-08-27","0.150","0.144","0.150","0.126","4.31%"
"2021-08-26","0.144","0.148","0.154","0.121","-2.51%"
"2021-08-25","0.147","0.141","0.147","0.120","6.81%"
"2021-08-24","0.138","0.132","0.141","0.116","3.21%"
"2021-08-23","0.134","0.132","0.135","0.109","1.90%"
"2021-08-22","0.131","0.109","0.131","0.109","1.94%"
"2021-08-21","0.129","0.129","0.129","0.129","-0.92%"
"2021-08-20","0.130","0.136","0.136","0.109","-4.62%"
"2021-08-19","0.136","0.138","0.144","0.117","-1.80%"
"2021-08-18","0.139","0.138","0.141","0.120","-0.86%"
"2021-08-17","0.140","0.142","0.156","0.119","-3.45%"
"2021-08-16","0.145","0.140","0.149","0.120","3.13%"
"2021-08-15","0.141","0.147","0.147","0.130","-4.68%"
"2021-08-14","0.147","0.130","0.147","0.130","0.00%"
"2021-08-13","0.147","0.147","0.150","0.129","-0.87%"
"2021-08-12","0.149","0.149","0.149","0.127","-3.25%"
"2021-08-11","0.154","0.148","0.162","0.131","2.53%"
"2021-08-10","0.150","0.146","0.150","0.125","6.23%"
"2021-08-09","0.141","0.124","0.142","0.124","14.05%"
"2021-08-08","0.124","0.124","0.124","0.124","0.00%"
"2021-08-06","0.124","0.134","0.144","0.117","-6.57%"
"2021-08-05","0.132","0.126","0.135","0.106","8.16%"
"2021-08-04","0.123","0.126","0.126","0.101","-4.89%"
"2021-08-03","0.129","0.134","0.134","0.112","-7.20%"
"2021-08-02","0.139","0.139","0.141","0.119","0.00%"
"2021-08-01","0.139","0.120","0.139","0.120","-0.86%"
"2021-07-30","0.140","0.139","0.144","0.120","-0.85%"
"2021-07-29","0.141","0.141","0.142","0.121","0.00%"
"2021-07-28","0.141","0.144","0.157","0.121","-7.41%"
"2021-07-27","0.153","0.139","0.162","0.121","1.67%"
"2021-07-26","0.150","0.128","0.151","0.105","16.46%"
"2021-07-25","0.129","0.105","0.129","0.105","3.04%"
"2021-07-24","0.125","0.125","0.125","0.125","-9.94%"
"2021-07-23","0.139","0.139","0.139","0.139","0.00%"
"2021-07-22","0.139","0.139","0.139","0.139","3.74%"
"2021-07-21","0.134","0.106","0.144","0.093","15.05%"
"2021-07-20","0.116","0.108","0.120","0.085","-7.92%"
"2021-07-19","0.126","0.120","0.131","0.091","4.73%"
"2021-07-18","0.121","0.105","0.132","0.105","-9.39%"
"2021-07-17","0.133","0.133","0.133","0.133","-3.20%"
"2021-07-16","0.138","0.123","0.146","0.105","-0.94%"
"2021-07-15","0.139","0.142","0.145","0.105","-11.20%"
"2021-07-14","0.156","0.153","0.160","0.124","-1.57%"
"2021-07-13","0.159","0.153","0.168","0.131","-6.59%"
"2021-07-12","0.170","0.164","0.170","0.134","4.23%"
"2021-07-11","0.163","0.141","0.163","0.141","3.56%"
"2021-07-10","0.157","0.157","0.157","0.157","-5.97%"
"2021-07-09","0.168","0.152","0.171","0.125","8.91%"
"2021-07-08","0.154","0.169","0.169","0.111","-12.76%"
"2021-07-07","0.176","0.172","0.184","0.146","-2.76%"
"2021-07-06","0.181","0.185","0.195","0.155","-5.82%"
"2021-07-05","0.192","0.179","0.194","0.155","8.09%"
"2021-07-04","0.178","0.162","0.180","0.162","-5.67%"
"2021-07-02","0.189","0.189","0.199","0.161","-3.18%"
"2021-07-01","0.195","0.199","0.205","0.168","-5.48%"
"2021-06-30","0.206","0.201","0.215","0.179","-5.71%"
"2021-06-29","0.219","0.196","0.220","0.179","6.06%"
"2021-06-28","0.206","0.196","0.213","0.171","5.09%"
"2021-06-27","0.196","0.171","0.198","0.171","-3.63%"
"2021-06-25","0.204","0.196","0.206","0.170","-1.26%"
"2021-06-24","0.206","0.199","0.209","0.175","-1.76%"
"2021-06-23","0.210","0.195","0.210","0.174","1.79%"
"2021-06-22","0.206","0.199","0.214","0.176","-1.20%"
"2021-06-21","0.209","0.199","0.213","0.169","4.40%"
"2021-06-20","0.200","0.185","0.204","0.185","8.11%"
"2021-06-19","0.185","0.185","0.185","0.185","-12.45%"
"2021-06-18","0.211","0.203","0.224","0.184","-1.72%"
"2021-06-17","0.215","0.215","0.230","0.180","2.97%"
"2021-06-16","0.209","0.199","0.216","0.175","-0.57%"
"2021-06-15","0.210","0.200","0.210","0.168","3.70%"
"2021-06-14","0.203","0.196","0.203","0.166","3.16%"
"2021-06-13","0.196","0.190","0.196","0.166","3.32%"
"2021-06-12","0.190","0.190","0.190","0.190","-4.43%"
"2021-06-11","0.199","0.200","0.203","0.162","-7.02%"
"2021-06-10","0.214","0.222","0.225","0.185","-8.55%"
"2021-06-09","0.234","0.245","0.245","0.204","-5.54%"
"2021-06-08","0.248","0.254","0.255","0.220","8.79%"
"2021-06-07","0.228","0.252","0.260","0.228","-7.86%"
"2021-06-06","0.247","0.260","0.260","0.229","-2.45%"
"2021-06-05","0.253","0.260","0.260","0.253","-0.75%"
"2021-06-04","0.255","0.262","0.268","0.229","-3.77%"
"2021-06-03","0.265","0.255","0.265","0.234","2.40%"
"2021-06-02","0.259","0.256","0.264","0.231","-1.41%"
"2021-06-01","0.262","0.252","0.262","0.229","3.96%"
"2021-05-31","0.252","0.248","0.254","0.228","3.57%"
"2021-05-30","0.244","0.252","0.252","0.228","-1.26%"
"2021-05-29","0.247","0.252","0.252","0.247","-1.24%"
"2021-05-28","0.250","0.249","0.259","0.220","-0.48%"
"2021-05-27","0.251","0.246","0.251","0.216","1.49%"
"2021-05-26","0.248","0.250","0.255","0.222","-1.47%"
"2021-05-25","0.251","0.254","0.259","0.226","-1.99%"
"2021-05-24","0.256","0.254","0.259","0.230","4.36%"
"2021-05-23","0.246","0.256","0.256","0.231","-4.17%"
"2021-05-22","0.256","0.256","0.256","0.256","-0.97%"
"2021-05-21","0.259","0.252","0.261","0.229","0.98%"
"2021-05-20","0.256","0.254","0.260","0.228","1.02%"
"2021-05-19","0.254","0.254","0.261","0.225","-2.42%"
"2021-05-18","0.260","0.256","0.261","0.228","0.46%"
"2021-05-17","0.259","0.249","0.260","0.226","3.77%"
"2021-05-16","0.249","0.256","0.256","0.231","-0.72%"
"2021-05-15","0.251","0.256","0.256","0.251","-3.38%"
"2021-05-14","0.260","0.259","0.262","0.231","-1.89%"
"2021-05-13","0.265","0.261","0.271","0.236","0.45%"
"2021-05-12","0.264","0.249","0.264","0.224","1.46%"
"2021-05-11","0.260","0.256","0.260","0.221","0.97%"
"2021-05-10","0.257","0.254","0.265","0.229","3.25%"
"2021-05-09","0.249","0.254","0.254","0.229","-1.73%"
"2021-05-08","0.254","0.254","0.254","0.254","-1.93%"
"2021-05-07","0.259","0.260","0.264","0.229","-0.46%"
"2021-05-06","0.260","0.255","0.268","0.233","-4.59%"
"2021-05-05","0.273","0.273","0.273","0.273","0.00%"
"2021-05-04","0.273","0.273","0.273","0.273","0.00%"
"2021-05-03","0.273","0.241","0.273","0.241","12.93%"
"2021-05-02","0.241","0.268","0.268","0.241","-5.85%"
"2021-05-01","0.256","0.268","0.268","0.256","-5.53%"
"2021-04-30","0.271","0.262","0.275","0.236","3.83%"
"2021-04-29","0.261","0.261","0.261","0.261","-1.40%"
"2021-04-28","0.265","0.257","0.274","0.228","17.10%"
"2021-04-27","0.226","0.251","0.260","0.226","-11.25%"
"2021-04-26","0.255","0.240","0.257","0.215","18.60%"
"2021-04-25","0.215","0.240","0.240","0.215","-10.42%"
"2021-04-24","0.240","0.240","0.240","0.240","-2.04%"
"2021-04-23","0.245","0.237","0.250","0.215","-1.01%"
"2021-04-22","0.248","0.245","0.248","0.215","-3.43%"
"2021-04-21","0.256","0.248","0.257","0.218","-0.47%"
"2021-04-20","0.257","0.256","0.270","0.230","-1.90%"
"2021-04-19","0.262","0.265","0.266","0.231","1.20%"
"2021-04-18","0.259","0.265","0.265","0.240","8.08%"
"2021-04-17","0.240","0.265","0.265","0.240","-9.88%"
"2021-04-16","0.266","0.262","0.270","0.239","0.49%"
"2021-04-15","0.265","0.268","0.274","0.240","-3.64%"
"2021-04-14","0.275","0.271","0.276","0.240","-1.79%"
"2021-04-13","0.280","0.286","0.290","0.256","-4.70%"
"2021-04-12","0.294","0.285","0.295","0.260","4.93%"
"2021-04-11","0.280","0.285","0.285","0.260","-1.75%"
"2021-04-10","0.285","0.285","0.285","0.285","-0.87%"
"2021-04-09","0.287","0.274","0.294","0.252","3.60%"
"2021-04-08","0.278","0.278","0.289","0.251","0.00%"
"2021-04-07","0.278","0.281","0.285","0.248","-3.91%"
"2021-04-06","0.289","0.299","0.299","0.257","-3.35%"
"2021-04-05","0.299","0.303","0.305","0.275","0.64%"
"2021-04-04","0.297","0.300","0.300","0.275","0.00%"
"2021-04-03","0.297","0.300","0.300","0.297","-1.03%"
"2021-04-02","0.300","0.296","0.310","0.284","0.40%"
"2021-04-01","0.299","0.292","0.313","0.273","0.44%"
"2021-03-31","0.298","0.256","0.305","0.243","11.21%"
"2021-03-30","0.268","0.249","0.276","0.222","4.37%"
"2021-03-29","0.256","0.256","0.260","0.213","1.26%"
"2021-03-28","0.253","0.255","0.255","0.231","-0.75%"
"2021-03-27","0.255","0.255","0.255","0.255","-0.51%"
"2021-03-26","0.256","0.255","0.262","0.226","-0.97%"
"2021-03-25","0.259","0.254","0.262","0.228","0.00%"
"2021-03-24","0.259","0.251","0.265","0.224","-1.90%"
"2021-03-23","0.264","0.279","0.279","0.239","-7.05%"
"2021-03-22","0.284","0.298","0.298","0.252","-3.17%"
"2021-03-21","0.293","0.308","0.308","0.281","-4.68%"
"2021-03-20","0.308","0.308","0.308","0.308","0.00%"
"2021-03-19","0.308","0.292","0.334","0.276","-1.22%"
"2021-03-18","0.311","0.290","0.316","0.270","4.18%"
"2021-03-17","0.299","0.287","0.301","0.264","0.44%"
"2021-03-16","0.298","0.291","0.301","0.264","0.00%"
"2021-03-15","0.298","0.300","0.309","0.270","-0.83%"
"2021-03-14","0.300","0.305","0.305","0.282","-1.64%"
"2021-03-13","0.305","0.305","0.305","0.305","-3.94%"
"2021-03-12","0.317","0.279","0.321","0.264","9.48%"
"2021-03-11","0.290","0.314","0.315","0.250","-6.45%"
"2021-03-10","0.310","0.295","0.325","0.273","-0.42%"
"2021-03-09","0.311","0.316","0.317","0.271","-3.11%"
"2021-03-08","0.321","0.277","0.326","0.261","16.29%"
"2021-03-07","0.276","0.259","0.276","0.243","8.10%"
"2021-03-06","0.256","0.259","0.259","0.256","-9.94%"
"2021-03-05","0.284","0.313","0.316","0.225","-5.02%"
"2021-03-04","0.299","0.287","0.312","0.264","1.70%"
"2021-03-03","0.294","0.273","0.300","0.246","4.00%"
"2021-03-02","0.282","0.298","0.298","0.250","-7.77%"
"2021-03-01","0.306","0.318","0.322","0.271","-3.92%"
"2021-02-28","0.319","0.327","0.327","0.304","-1.33%"
"2021-02-27","0.323","0.327","0.327","0.323","-4.63%"
"2021-02-26","0.339","0.347","0.355","0.300","-0.73%"
"2021-02-25","0.341","0.310","0.344","0.285","11.43%"
"2021-02-24","0.306","0.296","0.319","0.273","1.26%"
"2021-02-23","0.303","0.303","0.303","0.289","1.68%"
"2021-02-22","0.298","0.290","0.306","0.268","4.61%"
"2021-02-21","0.284","0.280","0.286","0.262","1.57%"
"2021-02-20","0.280","0.280","0.280","0.280","-5.50%"
"2021-02-19","0.296","0.280","0.296","0.254","7.24%"
"2021-02-18","0.276","0.276","0.285","0.248","-2.64%"
"2021-02-17","0.284","0.266","0.291","0.248","5.11%"
"2021-02-16","0.270","0.255","0.271","0.228","2.35%"
"2021-02-15","0.264","0.235","0.268","0.205","11.64%"
"2021-02-14","0.236","0.228","0.236","0.205","15.27%"
"2021-02-13","0.205","0.228","0.228","0.205","-15.91%"
"2021-02-12","0.244","0.228","0.246","0.200","6.00%"
"2021-02-11","0.230","0.230","0.233","0.222","-1.63%"
"2021-02-10","0.234","0.228","0.245","0.198","14.05%"
"2021-02-09","0.205","0.226","0.241","0.204","-13.68%"
"2021-02-08","0.237","0.218","0.245","0.204","8.55%"
"2021-02-07","0.219","0.210","0.219","0.190","4.19%"
"2021-02-06","0.210","0.210","0.210","0.210","-6.17%"
"2021-02-05","0.224","0.203","0.230","0.184","0.58%"
"2021-02-04","0.222","0.210","0.222","0.183","-0.58%"
"2021-02-03","0.224","0.212","0.225","0.180","1.13%"
"2021-02-02","0.221","0.204","0.222","0.181","2.93%"
"2021-02-01","0.215","0.200","0.219","0.170","6.49%"
"2021-01-31","0.202","0.198","0.203","0.172","2.23%"
"2021-01-30","0.198","0.198","0.198","0.198","-5.95%"
"2021-01-29","0.210","0.190","0.214","0.165","6.98%"
"2021-01-28","0.196","0.185","0.196","0.154","-1.85%"
"2021-01-27","0.200","0.180","0.204","0.157","3.90%"
"2021-01-26","0.192","0.183","0.196","0.153","0.63%"
"2021-01-25","0.191","0.185","0.199","0.154","3.07%"
"2021-01-24","0.186","0.184","0.186","0.157","0.98%"
"2021-01-23","0.184","0.184","0.184","0.184","-4.52%"
"2021-01-22","0.192","0.181","0.198","0.156","19.34%"
"2021-01-21","0.161","0.177","0.194","0.151","-18.33%"
"2021-01-20","0.198","0.190","0.203","0.159","-1.89%"
"2021-01-19","0.201","0.192","0.204","0.159","0.65%"
"2021-01-18","0.200","0.191","0.206","0.164","3.20%"
"2021-01-17","0.194","0.168","0.195","0.142","15.70%"
"2021-01-16","0.168","0.168","0.168","0.168","-6.94%"
"2021-01-15","0.180","0.164","0.184","0.142","2.86%"
"2021-01-14","0.175","0.157","0.180","0.135","1.45%"
"2021-01-13","0.172","0.159","0.176","0.134","-6.76%"
"2021-01-12","0.185","0.179","0.189","0.139","-2.63%"
"2021-01-11","0.190","0.150","0.190","0.150","26.67%"
"2021-01-10","0.150","0.172","0.172","0.150","0.00%"
"2021-01-09","0.150","0.172","0.172","0.150","-20.55%"
"2021-01-08","0.189","0.172","0.191","0.145","1.34%"
"2021-01-07","0.186","0.156","0.189","0.138","9.59%"
"2021-01-06","0.170","0.144","0.174","0.125","5.39%"
"2021-01-05","0.161","0.149","0.162","0.119","-2.24%"
"2021-01-04","0.165","0.153","0.174","0.125","2.74%"
"2021-01-03","0.161","0.155","0.162","0.130","3.61%"
"2021-01-02","0.155","0.155","0.155","0.155","-11.43%"
"2021-01-01","0.175","0.175","0.175","0.175","0.00%"
"2020-12-31","0.175","0.175","0.175","0.175","2.16%"
"2020-12-30","0.171","0.154","0.177","0.153","0.76%"
"2020-12-29","0.170","0.142","0.174","0.117","9.68%"
"2020-12-28","0.155","0.145","0.161","0.144","1.24%"
"2020-12-27","0.153","0.145","0.153","0.111","5.59%"
"2020-12-26","0.145","0.145","0.145","0.145","-10.11%"
"2020-12-25","0.161","0.135","0.162","0.134","5.77%"
"2020-12-24","0.153","0.143","0.161","0.110","-0.85%"
"2020-12-23","0.154","0.123","0.156","0.101","8.92%"
"2020-12-22","0.141","0.124","0.146","0.099","-2.62%"
"2020-12-21","0.145","0.124","0.145","0.097","10.43%"
"2020-12-20","0.131","0.123","0.131","0.097","7.18%"
"2020-12-19","0.123","0.123","0.123","0.123","-13.24%"
"2020-12-18","0.141","0.120","0.142","0.094","-0.91%"
"2020-12-17","0.142","0.116","0.142","0.094","3.64%"
"2020-12-16","0.138","0.123","0.141","0.094","-1.79%"
"2020-12-15","0.140","0.127","0.141","0.097","-2.64%"
"2020-12-14","0.144","0.127","0.149","0.097","6.52%"
"2020-12-13","0.135","0.127","0.135","0.097","0.45%"
"2020-12-12","0.134","0.127","0.134","0.127","-3.17%"
"2020-12-11","0.139","0.125","0.146","0.100","-3.48%"
"2020-12-10","0.144","0.130","0.147","0.100","-4.13%"
"2020-12-09","0.150","0.126","0.153","0.104","3.45%"
"2020-12-08","0.145","0.132","0.146","0.100","-4.16%"
"2020-12-07","0.151","0.140","0.153","0.106","2.16%"
"2020-12-06","0.148","0.136","0.148","0.117","8.66%"
"2020-12-05","0.136","0.136","0.136","0.136","-18.04%"
"2020-12-04","0.166","0.145","0.166","0.110","7.29%"
"2020-12-03","0.155","0.135","0.160","0.112","-1.59%"
"2020-12-02","0.157","0.135","0.159","0.110","-0.82%"
"2020-12-01","0.159","0.135","0.159","0.100","3.25%"
"2020-11-30","0.154","0.132","0.156","0.108","8.92%"
"2020-11-29","0.141","0.132","0.141","0.108","0.43%"
"2020-11-28","0.141","0.132","0.141","0.132","-4.68%"
"2020-11-27","0.147","0.137","0.151","0.106","0.82%"
"2020-11-26","0.146","0.129","0.153","0.104","-1.68%"
"2020-11-25","0.149","0.130","0.150","0.101","0.00%"
"2020-11-24","0.149","0.119","0.150","0.104","10.22%"
"2020-11-23","0.135","0.089","0.135","0.089","52.03%"
"2020-11-22","0.089","0.116","0.116","0.089","-30.02%"
"2020-11-21","0.127","0.116","0.127","0.116","-7.71%"
"2020-11-20","0.138","0.123","0.141","0.091","4.25%"
"2020-11-19","0.132","0.130","0.146","0.101","-10.58%"
"2020-11-18","0.147","0.138","0.149","0.101","-4.10%"
"2020-11-17","0.154","0.142","0.159","0.115","-2.35%"
"2020-11-16","0.157","0.141","0.169","0.114","7.66%"
"2020-11-15","0.146","0.140","0.146","0.114","4.50%"
"2020-11-14","0.140","0.140","0.140","0.140","-9.68%"
"2020-11-13","0.155","0.146","0.160","0.111","-2.39%"
"2020-11-12","0.159","0.146","0.165","0.120","-7.30%"
"2020-11-11","0.171","0.155","0.175","0.129","-3.49%"
"2020-11-10","0.177","0.151","0.188","0.130","-4.72%"
"2020-11-09","0.186","0.135","0.189","0.102","28.48%"
"2020-11-08","0.145","0.129","0.145","0.116","24.68%"
"2020-11-07","0.116","0.129","0.129","0.116","-27.31%"
"2020-11-06","0.160","0.123","0.162","0.093","10.34%"
"2020-11-05","0.145","0.146","0.149","0.090","-5.72%"
"2020-11-04","0.154","0.179","0.181","0.117","-14.56%"
"2020-11-03","0.180","0.180","0.180","0.176","0.67%"
"2020-11-02","0.179","0.159","0.181","0.135","6.75%"
"2020-11-01","0.168","0.156","0.168","0.134","7.17%"
"2020-10-31","0.156","0.156","0.156","0.156","-13.79%"
"2020-10-30","0.181","0.150","0.184","0.149","10.68%"
"2020-10-29","0.164","0.159","0.168","0.116","0.00%"
"2020-10-28","0.164","0.147","0.166","0.119","0.00%"
"2020-10-27","0.164","0.165","0.177","0.134","-7.72%"
"2020-10-26","0.177","0.162","0.183","0.139","5.15%"
"2020-10-25","0.169","0.170","0.174","0.145","-0.71%"
"2020-10-24","0.170","0.170","0.170","0.170","-8.11%"
"2020-10-23","0.185","0.168","0.190","0.144","3.47%"
"2020-10-22","0.179","0.154","0.179","0.130","8.36%"
"2020-10-21","0.165","0.140","0.172","0.124","8.20%"
"2020-10-20","0.153","0.150","0.156","0.114","-5.46%"
"2020-10-19","0.161","0.148","0.165","0.123","7.53%"
"2020-10-18","0.150","0.142","0.150","0.116","5.26%"
"2020-10-17","0.142","0.142","0.142","0.142","-8.06%"
"2020-10-16","0.155","0.151","0.161","0.115","-0.83%"
"2020-10-15","0.156","0.161","0.174","0.119","-9.39%"
"2020-10-14","0.172","0.155","0.180","0.132","5.31%"
"2020-10-13","0.164","0.151","0.171","0.134","-0.73%"
"2020-10-12","0.165","0.146","0.166","0.124","10.89%"
"2020-10-11","0.149","0.150","0.151","0.124","-0.80%"
"2020-10-10","0.150","0.150","0.150","0.150","-9.09%"
"2020-10-09","0.165","0.147","0.168","0.125","4.76%"
"2020-10-08","0.157","0.157","0.161","0.123","-8.06%"
"2020-10-07","0.171","0.156","0.171","0.129","-0.70%"
"2020-10-06","0.172","0.150","0.175","0.130","8.63%"
"2020-10-05","0.159","0.132","0.160","0.106","16.51%"
"2020-10-04","0.136","0.129","0.136","0.106","3.34%"
"2020-10-03","0.132","0.129","0.132","0.129","2.41%"
"2020-10-02","0.129","0.132","0.144","0.101","-11.96%"
"2020-10-01","0.146","0.127","0.154","0.108","17.04%"
"2020-09-30","0.125","0.117","0.140","0.095","-4.80%"
"2020-09-29","0.131","0.125","0.138","0.093","-4.51%"
"2020-09-28","0.138","0.111","0.142","0.100","16.43%"
"2020-09-27","0.118","0.114","0.119","0.085","3.78%"
"2020-09-26","0.114","0.114","0.114","0.114","-11.65%"
"2020-09-25","0.129","0.102","0.130","0.080","9.62%"
"2020-09-24","0.117","0.105","0.121","0.076","-1.09%"
"2020-09-23","0.119","0.119","0.126","0.081","-13.60%"
"2020-09-22","0.138","0.123","0.123","0.123","0.00%"
"2020-09-21","0.138","0.095","0.138","0.095","44.74%"
"2020-09-20","0.095","0.121","0.121","0.095","0.00%"
"2020-09-19","0.095","0.121","0.121","0.095","-29.00%"
"2020-09-18","0.134","0.117","0.135","0.095","0.98%"
"2020-09-17","0.132","0.121","0.134","0.095","1.92%"
"2020-09-16","0.130","0.112","0.134","0.090","14.24%"
"2020-09-15","0.114","0.117","0.132","0.087","-11.65%"
"2020-09-14","0.129","0.124","0.135","0.093","32.10%"
"2020-09-13","0.097","0.125","0.125","0.097","-22.00%"
"2020-09-12","0.125","0.125","0.125","0.125","-5.66%"
"2020-09-11","0.132","0.132","0.145","0.097","-13.85%"
"2020-09-10","0.154","0.136","0.156","0.106","1.65%"
"2020-09-09","0.151","0.132","0.153","0.106","0.87%"
"2020-09-08","0.150","0.144","0.156","0.110","-7.01%"
"2020-09-07","0.161","0.160","0.168","0.121","0.00%"
"2020-09-06","0.161","0.147","0.161","0.127","26.51%"
"2020-09-05","0.127","0.147","0.147","0.127","-20.31%"
"2020-09-04","0.160","0.145","0.160","0.119","0.00%"
"2020-09-03","0.160","0.153","0.165","0.123","-4.48%"
"2020-09-02","0.168","0.160","0.175","0.135","-2.22%"
"2020-09-01","0.171","0.166","0.185","0.141","-0.70%"
"2020-08-31","0.172","0.172","0.184","0.144","-0.69%"
"2020-08-30","0.174","0.177","0.177","0.174","20.79%"
"2020-08-29","0.144","0.177","0.177","0.144","-20.68%"
"2020-08-28","0.181","0.176","0.198","0.144","2.14%"
"2020-08-27","0.177","0.155","0.179","0.121","2.19%"
"2020-08-26","0.174","0.149","0.176","0.131","7.69%"
"2020-08-25","0.161","0.140","0.165","0.112","9.36%"
"2020-08-24","0.147","0.139","0.149","0.108","4.46%"
"2020-08-23","0.141","0.139","0.141","0.139","22.78%"
"2020-08-22","0.115","0.139","0.139","0.115","-25.81%"
"2020-08-21","0.155","0.134","0.159","0.112","0.78%"
"2020-08-20","0.154","0.132","0.160","0.109","6.07%"
"2020-08-19","0.145","0.145","0.146","0.108","3.57%"
"2020-08-18","0.140","0.156","0.156","0.114","-12.50%"
"2020-08-17","0.160","0.157","0.170","0.125","2.37%"
"2020-08-16","0.156","0.150","0.157","0.150","27.59%"
"2020-08-15","0.123","0.150","0.150","0.123","-22.86%"
"2020-08-14","0.159","0.147","0.175","0.126","-2.28%"
"2020-08-13","0.162","0.132","0.165","0.102","-7.14%"
"2020-08-12","0.175","0.133","0.176","0.109","19.62%"
"2020-08-11","0.146","0.117","0.153","0.079","38.54%"
"2020-08-10","0.106","0.061","0.119","0.061","28.00%"
"2020-08-09","0.083","0.083","0.083","0.083","34.58%"
"2020-08-08","0.061","0.083","0.083","0.061","-52.41%"
"2020-08-07","0.129","0.105","0.129","0.059","17.09%"
"2020-08-06","0.110","0.085","0.116","0.059","-4.35%"
"2020-08-05","0.115","0.070","0.116","0.051","13.52%"
"2020-08-04","0.101","0.085","0.114","0.078","-14.73%"
"2020-08-03","0.119","0.109","0.124","0.061","11.13%"
"2020-08-02","0.107","0.072","0.107","0.072","94.36%"
"2020-08-01","0.055","0.072","0.072","0.055","-52.17%"
"2020-07-31","0.115","0.078","0.116","0.045","-1.12%"
"2020-07-30","0.116","0.086","0.119","0.055","-2.10%"
"2020-07-29","0.119","0.090","0.123","0.060","-7.76%"
"2020-07-28","0.129","0.100","0.134","0.071","-0.92%"
"2020-07-27","0.130","0.101","0.135","0.076","3.50%"
"2020-07-26","0.126","0.101","0.126","0.101","67.47%"
"2020-07-25","0.075","0.101","0.101","0.075","-39.42%"
"2020-07-24","0.124","0.135","0.135","0.124","-8.30%"
"2020-07-23","0.135","0.135","0.135","0.135","9.05%"
"2020-07-22","0.124","0.100","0.136","0.095","-1.98%"
"2020-07-21","0.126","0.116","0.139","0.076","-13.67%"
"2020-07-20","0.146","0.110","0.149","0.080","12.54%"
"2020-07-19","0.130","0.102","0.132","0.102","62.50%"
"2020-07-18","0.080","0.102","0.122","0.080","-42.86%"
"2020-07-17","0.140","0.129","0.140","0.078","0.86%"
"2020-07-16","0.139","0.123","0.147","0.091","-8.98%"
"2020-07-15","0.153","0.151","0.162","0.096","-1.61%"
"2020-07-14","0.155","0.149","0.159","0.101","-8.82%"
"2020-07-13","0.170","0.115","0.171","0.104","109.10%"
"2020-07-12","0.081","0.102","0.102","0.081","0.00%"
"2020-07-11","0.081","0.102","0.102","0.081","-40.87%"
"2020-07-10","0.138","0.126","0.138","0.079","0.00%"
"2020-07-09","0.138","0.140","0.147","0.086","-11.29%"
"2020-07-08","0.155","0.154","0.156","0.090","-8.18%"
"2020-07-07","0.169","0.140","0.171","0.111","-4.25%"
"2020-07-06","0.176","0.142","0.179","0.121","7.24%"
"2020-07-05","0.164","0.136","0.164","0.136","44.46%"
"2020-07-04","0.114","0.136","0.136","0.114","-33.57%"
"2020-07-03","0.171","0.174","0.174","0.112","-1.38%"
"2020-07-02","0.174","0.165","0.200","0.131","-9.20%"
"2020-07-01","0.191","0.153","0.194","0.131","10.90%"
"2020-06-30","0.172","0.149","0.176","0.123","14.01%"
"2020-06-29","0.151","0.114","0.154","0.087","12.57%"
"2020-06-28","0.134","0.117","0.138","0.117","49.33%"
"2020-06-27","0.090","0.117","0.117","0.090","-38.98%"
"2020-06-26","0.147","0.120","0.153","0.091","-0.87%"
"2020-06-25","0.149","0.144","0.157","0.093","-4.00%"
"2020-06-24","0.155","0.150","0.162","0.100","-0.83%"
"2020-06-23","0.156","0.147","0.160","0.096","0.84%"
"2020-06-22","0.155","0.126","0.162","0.099","-1.59%"
"2020-06-19","0.157","0.157","0.157","0.157","-3.85%"
"2020-06-18","0.164","0.164","0.164","0.164","-2.96%"
"2020-06-17","0.169","0.169","0.169","0.169","10.69%"
"2020-06-16","0.153","0.153","0.153","0.153","10.91%"
"2020-06-15","0.138","0.138","0.138","0.138","-6.78%"
"2020-06-12","0.147","0.147","0.147","0.147","7.27%"
"2020-06-11","0.138","0.138","0.138","0.138","-18.54%"
"2020-06-10","0.169","0.169","0.169","0.169","0.78%"
"2020-06-09","0.168","0.168","0.168","0.168","-21.18%"
"2020-06-08","0.213","0.213","0.213","0.213","-7.61%"
"2020-06-05","0.230","0.230","0.230","0.230","25.14%"
"2020-06-04","0.184","0.184","0.184","0.184","5.81%"
"2020-06-03","0.174","0.174","0.174","0.174","12.94%"
"2020-06-02","0.154","0.154","0.154","0.154","-6.79%"
"2020-06-01","0.165","0.165","0.165","0.165","23.32%"
"2020-05-29","0.134","0.134","0.134","0.134","5.94%"
"2020-05-28","0.126","0.126","0.126","0.126","7.49%"
"2020-05-27","0.117","0.117","0.117","0.117","-3.13%"
"2020-05-26","0.121","0.121","0.121","0.121","-2.96%"
"2020-05-25","0.125","0.125","0.125","0.125","19.05%"
"2020-05-22","0.105","0.105","0.105","0.105","-10.64%"
"2020-05-21","0.117","0.117","0.117","0.117","-6.00%"
"2020-05-20","0.125","0.125","0.125","0.125","-8.29%"
"2020-05-19","0.136","0.136","0.136","0.136","1.87%"
"2020-05-18","0.134","0.134","0.134","0.134","7.04%"
"2020-05-15","0.125","0.125","0.125","0.125","3.05%"
"2020-05-14","0.121","0.121","0.121","0.121","-2.02%"
"2020-05-13","0.124","0.124","0.124","0.124","-6.57%"
"2020-05-12","0.132","0.132","0.132","0.132","-10.95%"
"2020-05-11","0.149","0.149","0.149","0.149","11.21%"
"2020-05-08","0.134","0.134","0.134","0.134","9.22%"
"2020-05-07","0.123","0.123","0.123","0.123","179.68%"
"2020-05-06","0.044","0.044","0.044","0.044","0.00%"
"2020-05-05","0.044","0.044","0.044","0.044","0.00%"
"2020-05-04","0.044","0.044","0.044","0.044","-64.62%"
"2020-05-01","0.124","0.124","0.124","0.124","19.27%"
"2020-04-30","0.104","0.104","0.104","0.104","-3.44%"
"2020-04-29","0.108","0.108","0.108","0.108","0.00%"
"2020-04-28","0.108","0.108","0.108","0.108","0.00%"
"2020-04-27","0.108","0.108","0.108","0.108","4.88%"
"2020-04-24","0.102","0.102","0.102","0.102","0.00%"
"2020-04-23","0.102","0.102","0.102","0.102","-20.42%"
"2020-04-22","0.129","0.129","0.129","0.129","-5.50%"
"2020-04-21","0.136","0.136","0.136","0.136","-16.12%"
"2020-04-20","0.162","0.162","0.162","0.162","5.66%"
"2020-04-17","0.154","0.154","0.154","0.154","14.95%"
"2020-04-16","0.134","0.134","0.134","0.134","7.04%"
"2020-04-15","0.125","0.125","0.125","0.125","-9.94%"
"2020-04-14","0.139","0.139","0.139","0.139","1.83%"
"2020-04-13","0.136","0.136","0.136","0.136","60.35%"
"2020-04-10","0.085","0.085","0.085","0.085","-39.80%"
"2020-04-09","0.141","0.141","0.141","0.141","3.60%"
"2020-04-08","0.136","0.136","0.136","0.136","1.87%"
"2020-04-07","0.134","0.134","0.134","0.134","27.43%"
"2020-04-06","0.105","0.105","0.105","0.105","23.53%"
"2020-04-03","0.085","0.085","0.085","0.085","6.25%"
"2020-04-02","0.080","0.080","0.080","0.080","-14.71%"
"2020-04-01","0.094","0.094","0.094","0.094","11.93%"
"2020-03-31","0.084","0.084","0.084","0.084","-23.82%"
"2020-03-30","0.110","0.110","0.110","0.110","3.48%"
"2020-03-27","0.106","0.106","0.106","0.106","-4.49%"
"2020-03-26","0.111","0.111","0.111","0.111","-19.05%"
"2020-03-25","0.138","0.138","0.138","0.138","18.23%"
"2020-03-24","0.116","0.116","0.116","0.116","16.30%"
"2020-03-23","0.100","0.100","0.100","0.100","-43.66%"
"2020-03-20","0.177","0.177","0.177","0.177","-2.10%"
"2020-03-19","0.181","0.181","0.181","0.181","-1.36%"
"2020-03-18","0.184","0.184","0.184","0.184","241.64%"
"2020-03-17","0.054","0.054","0.054","0.054","-10.33%"
"2020-03-16","0.060","0.060","0.060","0.060","-1,300.00%"
"2020-03-13","-0.005","-0.005","-0.005","-0.005","-121.01%"
"2020-03-12","0.024","0.024","0.024","0.024","-726.32%"
"2020-03-11","-0.004","-0.004","-0.004","-0.004","0.00%"
"2020-03-10","-0.004","-0.004","-0.004","-0.004","-95.89%"
"2020-03-09","-0.093","-0.093","-0.093","-0.093","117.65%"
"2020-03-06","-0.043","-0.043","-0.043","-0.043","-278.57%"
"2020-03-05","0.024","0.024","0.024","0.024","58.67%"
"2020-03-04","0.015","0.015","0.015","0.015","-58.68%"
"2020-03-03","0.036","0.036","0.036","0.036","163.04%"
"2020-03-02","0.014","0.014","0.014","0.014","-210.40%"
"2020-02-28","-0.013","-0.013","-0.013","-0.013","-143.40%"
"2020-02-27","0.029","0.029","0.029","0.029","-47.64%"
"2020-02-26","0.055","0.055","0.055","0.055","69.23%"
"2020-02-25","0.032","0.032","0.032","0.032","-60.02%"
"2020-02-24","0.081","0.081","0.081","0.081","-7.09%"
"2020-02-21","0.087","0.087","0.087","0.087","-1.46%"
"2020-02-20","0.089","0.089","0.089","0.089","-26.00%"
"2020-02-19","0.120","0.120","0.120","0.120","20.00%"
"2020-02-18","0.100","0.100","0.100","0.100","-29.18%"
"2020-02-17","0.141","0.141","0.141","0.141","-5.11%"
"2020-02-14","0.149","0.149","0.149","0.149","-3.25%"
"2020-02-13","0.154","0.154","0.154","0.154","6.07%"
"2020-02-12","0.145","0.145","0.145","0.145","20.83%"
"2020-02-11","0.120","0.120","0.120","0.120","-1.07%"
"2020-02-10","0.121","0.121","0.121","0.121","-11.01%"
"2020-02-07","0.136","0.136","0.136","0.136","-16.12%"
"2020-02-06","0.162","0.162","0.162","0.162","-2.29%"
"2020-02-05","0.166","0.166","0.166","0.166","16.70%"
"2020-02-04","0.142","0.142","0.142","0.142","17.48%"
"2020-02-03","0.121","0.121","0.121","0.121","1.08%"
"2020-01-31","0.120","0.120","0.120","0.120","-4.00%"
"2020-01-30","0.125","0.125","0.125","0.125","-13.79%"
"2020-01-29","0.145","0.145","0.145","0.145","-7.94%"
"2020-01-28","0.157","0.157","0.157","0.157","8.62%"
"2020-01-27","0.145","0.145","0.145","0.145","-16.52%"
"2020-01-24","0.174","0.174","0.174","0.174","1.40%"
"2020-01-23","0.171","0.171","0.171","0.171","-17.45%"
"2020-01-22","0.207","0.207","0.207","0.207","-0.62%"
"2020-01-21","0.209","0.209","0.209","0.209","-7.20%"
"2020-01-20","0.225","0.225","0.225","0.225","2.83%"
"2020-01-17","0.219","0.219","0.219","0.219","-5.89%"
"2020-01-16","0.233","0.233","0.233","0.233","5.68%"
"2020-01-15","0.220","0.220","0.220","0.220","-0.59%"
"2020-01-14","0.221","0.221","0.221","0.221","4.14%"
"2020-01-13","0.213","0.213","0.213","0.213","-3.98%"
"2020-01-10","0.221","0.221","0.221","0.221","1.75%"
"2020-01-09","0.218","0.218","0.218","0.218","4.82%"
"2020-01-08","0.207","0.207","0.207","0.207","-1.19%"
"2020-01-07","0.210","0.210","0.210","0.210","1.20%"
"2020-01-06","0.207","0.207","0.207","0.207","1.87%"
"2020-01-03","0.204","0.204","0.204","0.204","0.00%"
"2020-01-02","0.204","0.204","0.204","0.204","0.00%"
"2020-01-01","0.204","0.204","0.204","0.204","0.00%"
"2019-12-31","0.204","0.204","0.204","0.204","-9.47%"
"2019-12-30","0.225","0.225","0.225","0.225","-1.10%"
"2019-12-27","0.228","0.228","0.228","0.228","-3.19%"
"2019-12-26","0.235","0.235","0.235","0.235","5.00%"
"2019-12-25","0.224","0.224","0.224","0.224","-11.82%"
"2019-12-24","0.254","0.254","0.254","0.254","14.69%"
"2019-12-23","0.221","0.221","0.221","0.221","-4.82%"
"2019-12-20","0.233","0.233","0.233","0.233","10.03%"
"2019-12-19","0.211","0.211","0.211","0.211","0.00%"
"2019-12-18","0.211","0.211","0.211","0.211","1.20%"
"2019-12-17","0.209","0.209","0.209","0.209","-1.18%"
"2019-12-16","0.211","0.211","0.211","0.211","7.64%"
"2019-12-13","0.196","0.196","0.196","0.196","-13.26%"
"2019-12-12","0.226","0.226","0.226","0.226","13.83%"
"2019-12-11","0.199","0.199","0.199","0.199","-3.02%"
"2019-12-10","0.205","0.205","0.205","0.205","-6.82%"
"2019-12-09","0.220","0.220","0.220","0.220","-4.35%"
"2019-12-06","0.230","0.230","0.230","0.230","12.91%"
"2019-12-05","0.204","0.204","0.204","0.204","-5.83%"
"2019-12-04","0.216","0.216","0.216","0.216","29.13%"
"2019-12-03","0.168","0.168","0.168","0.168","-19.28%"
"2019-12-02","0.207","0.207","0.207","0.207","14.45%"
"2019-11-29","0.181","0.181","0.181","0.181","8.24%"
"2019-11-28","0.168","0.168","0.168","0.168","6.35%"
"2019-11-27","0.157","0.157","0.157","0.157","-3.85%"
"2019-11-26","0.164","0.164","0.164","0.164","-6.40%"
"2019-11-25","0.175","0.175","0.175","0.175","-1.41%"
"2019-11-22","0.177","0.177","0.177","0.177","4.41%"
"2019-11-21","0.170","0.170","0.170","0.170","-4.23%"
"2019-11-20","0.177","0.177","0.177","0.177","-5.99%"
"2019-11-19","0.189","0.189","0.189","0.189","3.45%"
"2019-11-18","0.183","0.183","0.183","0.183","-6.41%"
"2019-11-15","0.195","0.195","0.195","0.195","9.86%"
"2019-11-14","0.177","0.177","0.177","0.177","-13.41%"
"2019-11-13","0.205","0.205","0.205","0.205","-12.77%"
"2019-11-12","0.235","0.235","0.235","0.235","8.05%"
"2019-11-11","0.218","0.218","0.218","0.218","-2.25%"
"2019-11-08","0.222","0.222","0.222","0.222","-1.11%"
"2019-11-07","0.225","0.225","0.225","0.225","38.46%"
"2019-11-06","0.162","0.162","0.162","0.162","6.56%"
"2019-11-05","0.153","0.153","0.153","0.153","43.46%"
"2019-11-04","0.106","0.106","0.106","0.106","-2.30%"
"2019-11-01","0.109","0.109","0.109","0.109","-6.45%"
"2019-10-31","0.116","0.116","0.116","0.116","-24.38%"
"2019-10-30","0.154","0.154","0.154","0.154","-5.35%"
"2019-10-29","0.162","0.162","0.162","0.162","0.74%"
"2019-10-28","0.161","0.161","0.161","0.161","6.61%"
"2019-10-25","0.151","0.151","0.151","0.151","8.07%"
"2019-10-24","0.140","0.140","0.140","0.140","1.82%"
"2019-10-23","0.138","0.138","0.138","0.138","-2.62%"
"2019-10-22","0.141","0.141","0.141","0.141","-11.08%"
"2019-10-21","0.159","0.159","0.159","0.159","12.46%"
"2019-10-18","0.141","0.141","0.141","0.141","3.60%"
"2019-10-17","0.136","0.136","0.136","0.136","1.87%"
"2019-10-16","0.134","0.134","0.134","0.134","-3.60%"
"2019-10-15","0.139","0.139","0.139","0.139","0.00%"
"2019-10-14","0.139","0.139","0.139","0.139","-3.48%"
"2019-10-11","0.144","0.144","0.144","0.144","21.04%"
"2019-10-10","0.119","0.119","0.119","0.119","8.00%"
"2019-10-09","0.110","0.110","0.110","0.110","27.61%"
"2019-10-08","0.086","0.086","0.086","0.086","0.00%"
"2019-10-07","0.086","0.086","0.086","0.086","-9.26%"
"2019-10-04","0.095","0.095","0.095","0.095","11.76%"
"2019-10-03","0.085","0.085","0.085","0.085","-32.00%"
"2019-10-02","0.125","0.125","0.125","0.125","4.17%"
"2019-10-01","0.120","0.120","0.120","0.120","3.18%"
"2019-09-30","0.116","0.116","0.116","0.116","45.38%"
"2019-09-27","0.080","0.080","0.080","0.080","6.67%"
"2019-09-26","0.075","0.075","0.075","0.075","-11.76%"
"2019-09-25","0.085","0.085","0.085","0.085","17.24%"
"2019-09-24","0.072","0.072","0.072","0.072","-9.38%"
"2019-09-23","0.080","0.080","0.080","0.080","-14.71%"
"2019-09-20","0.094","0.094","0.094","0.094","-7.40%"
"2019-09-19","0.101","0.101","0.101","0.101","-8.98%"
"2019-09-18","0.111","0.111","0.111","0.111","-19.05%"
"2019-09-17","0.138","0.138","0.138","0.138","-25.19%"
"2019-09-16","0.184","0.184","0.184","0.184","8.89%"
"2019-09-13","0.169","0.169","0.169","0.169","46.78%"
"2019-09-12","0.115","0.115","0.115","0.115","21.05%"
"2019-09-11","0.095","0.095","0.095","0.095","33.43%"
"2019-09-10","0.071","0.071","0.071","0.071","16.15%"
"2019-09-09","0.061","0.061","0.061","0.061","0.00%"
"2019-09-06","0.061","0.061","0.061","0.061","157.56%"
"2019-09-05","0.024","0.024","0.024","0.024","-310.62%"
"2019-09-04","-0.011","-0.011","-0.011","-0.011","-46.95%"
"2019-09-03","-0.021","-0.021","-0.021","-0.021","-660.53%"
"2019-09-02","0.004","0.004","0.004","0.004","-83.11%"
"2019-08-30","0.023","0.023","0.023","0.023","38.04%"
"2019-08-29","0.016","0.016","0.016","0.016","63.00%"
"2019-08-28","0.010","0.010","0.010","0.010","100.00%"
"2019-08-27","0.005","0.005","0.005","0.005","-33.33%"
"2019-08-26","0.007","0.007","0.007","0.007","-75.00%"
"2019-08-23","0.030","0.030","0.030","0.030","-14.29%"
"2019-08-22","0.035","0.035","0.035","0.035","-6.67%"
"2019-08-21","0.038","0.038","0.038","0.038","0.00%"
"2019-08-20","0.038","0.038","0.038","0.038","-21.05%"
"2019-08-19","0.047","0.047","0.047","0.047","22.42%"
"2019-08-16","0.039","0.039","0.039","0.039","106.38%"
"2019-08-15","0.019","0.019","0.019","0.019","-34.72%"
"2019-08-14","0.029","0.029","0.029","0.029","-17.71%"
"2019-08-13","0.035","0.035","0.035","0.035","-39.13%"
"2019-08-12","0.058","0.058","0.058","0.058","9.52%"
"2019-08-09","0.052","0.052","0.052","0.052","-36.36%"
"2019-08-08","0.083","0.083","0.083","0.083","8.13%"
"2019-08-07","0.076","0.076","0.076","0.076","-29.02%"
"2019-08-06","0.108","0.108","0.108","0.108","26.47%"
"2019-08-05","0.085","0.085","0.085","0.085","-31.34%"
"2019-08-02","0.124","0.124","0.124","0.124","-20.13%"
"2019-08-01","0.155","0.155","0.155","0.155","6.90%"
"2019-07-31","0.145","0.145","0.145","0.145","-3.33%"
"2019-07-30","0.150","0.150","0.150","0.150","-7.01%"
"2019-07-29","0.161","0.161","0.161","0.161","0.00%"
"2019-07-26","0.161","0.161","0.161","0.161","0.81%"
"2019-07-25","0.160","0.160","0.160","0.160","2.37%"
"2019-07-24","0.156","0.156","0.156","0.156","-3.10%"
"2019-07-23","0.161","0.161","0.161","0.161","2.41%"
"2019-07-22","0.157","0.157","0.157","0.157","-3.08%"
"2019-07-19","0.162","0.162","0.162","0.162","-4.41%"
"2019-07-18","0.170","0.170","0.170","0.170","-2.86%"
"2019-07-17","0.175","0.175","0.175","0.175","-9.70%"
"2019-07-16","0.194","0.194","0.194","0.194","9.93%"
"2019-07-15","0.176","0.176","0.176","0.176","-2.76%"
"2019-07-12","0.181","0.181","0.181","0.181","1.40%"
"2019-07-11","0.179","0.179","0.179","0.179","3.65%"
"2019-07-10","0.172","0.172","0.172","0.172","9.52%"
"2019-07-09","0.157","0.157","0.157","0.157","0.77%"
"2019-07-08","0.156","0.156","0.156","0.156","0.00%"
"2019-07-05","0.156","0.156","0.156","0.156","5.97%"
"2019-07-04","0.147","0.147","0.147","0.147","-8.56%"
"2019-07-03","0.161","0.161","0.161","0.161","-11.62%"
"2019-07-02","0.183","0.183","0.183","0.183","-1.35%"
"2019-07-01","0.185","0.185","0.185","0.185","8.00%"
"2019-06-28","0.171","0.171","0.171","0.171","-8.64%"
"2019-06-27","0.188","0.188","0.188","0.188","-0.69%"
"2019-06-26","0.189","0.189","0.189","0.189","16.18%"
"2019-06-25","0.162","0.162","0.162","0.162","-0.79%"
"2019-06-24","0.164","0.164","0.164","0.164","0.00%"
"2019-06-21","0.164","0.164","0.164","0.164","19.13%"
"2019-06-20","0.138","0.138","0.138","0.138","-19.12%"
"2019-06-19","0.170","0.170","0.170","0.170","3.79%"
"2019-06-18","0.164","0.164","0.164","0.164","-12.64%"
"2019-06-17","0.188","0.188","0.188","0.188","-0.69%"
"2019-06-14","0.189","0.189","0.189","0.189","-5.60%"
"2019-06-13","0.200","0.200","0.200","0.200","5.93%"
"2019-06-12","0.189","0.189","0.189","0.189","-5.03%"
"2019-06-11","0.199","0.199","0.199","0.199","6.03%"
"2019-06-10","0.188","0.188","0.188","0.188","0.64%"
"2019-06-07","0.186","0.186","0.186","0.186","-5.09%"
"2019-06-06","0.196","0.196","0.196","0.196","0.67%"
"2019-06-05","0.195","0.195","0.195","0.195","-13.83%"
"2019-06-04","0.226","0.226","0.226","0.226","0.00%"
"2019-06-03","0.226","0.226","0.226","0.226","-3.70%"
"2019-05-31","0.235","0.235","0.235","0.235","-5.05%"
"2019-05-30","0.248","0.248","0.248","0.248","6.45%"
"2019-05-29","0.233","0.233","0.233","0.233","-5.60%"
"2019-05-28","0.246","0.246","0.246","0.246","-1.95%"
"2019-05-27","0.251","0.251","0.251","0.251","-1.99%"
"2019-05-24","0.256","0.256","0.256","0.256","-1.42%"
"2019-05-23","0.260","0.260","0.260","0.260","-3.70%"
"2019-05-22","0.270","0.270","0.270","0.270","-5.69%"
"2019-05-21","0.286","0.286","0.286","0.286","-0.87%"
"2019-05-20","0.289","0.289","0.289","0.289","4.52%"
"2019-05-17","0.276","0.276","0.276","0.276","1.84%"
"2019-05-16","0.271","0.271","0.271","0.271","-3.11%"
"2019-05-15","0.280","0.280","0.280","0.280","-2.61%"
"2019-05-14","0.287","0.287","0.287","0.287","0.88%"
"2019-05-13","0.285","0.285","0.285","0.285","-0.87%"
"2019-05-10","0.287","0.287","0.287","0.287","-0.45%"
"2019-05-09","0.289","0.289","0.289","0.289","0.45%"
"2019-05-08","0.287","0.287","0.287","0.287","0.88%"
"2019-05-07","0.285","0.285","0.285","0.285","-3.00%"
"2019-05-06","0.294","0.294","0.294","0.294","0.00%"
"2019-05-03","0.294","0.294","0.294","0.294","0.00%"
"2019-05-02","0.294","0.294","0.294","0.294","0.00%"
"2019-05-01","0.294","0.294","0.294","0.294","0.00%"
"2019-04-30","0.294","0.294","0.294","0.294","0.00%"
"2019-04-29","0.294","0.294","0.294","0.294","0.00%"
"2019-04-26","0.294","0.294","0.294","0.294","-5.98%"
"2019-04-25","0.313","0.313","0.313","0.313","5.47%"
"2019-04-24","0.296","0.296","0.296","0.296","-2.85%"
"2019-04-23","0.305","0.305","0.305","0.305","-4.33%"
"2019-04-22","0.319","0.319","0.319","0.319","1.63%"
"2019-04-19","0.314","0.314","0.314","0.314","1.59%"
"2019-04-18","0.309","0.309","0.309","0.309","-4.98%"
"2019-04-17","0.325","0.325","0.325","0.325","3.60%"
"2019-04-16","0.314","0.314","0.314","0.314","-0.79%"
"2019-04-15","0.316","0.316","0.316","0.316","2.83%"
"2019-04-12","0.308","0.308","0.308","0.308","9.31%"
"2019-04-11","0.281","0.281","0.281","0.281","1.37%"
"2019-04-10","0.278","0.278","0.278","0.278","-0.89%"
"2019-04-09","0.280","0.280","0.280","0.280","-2.20%"
"2019-04-08","0.286","0.286","0.286","0.286","-3.37%"
"2019-04-05","0.296","0.296","0.296","0.296","2.60%"
"2019-04-04","0.289","0.289","0.289","0.289","4.52%"
"2019-04-03","0.276","0.276","0.276","0.276","1.39%"
"2019-04-02","0.273","0.273","0.273","0.273","-0.47%"
"2019-04-01","0.274","0.274","0.274","0.274","2.36%"
"2019-03-29","0.268","0.268","0.268","0.268","1.90%"
"2019-03-28","0.262","0.262","0.262","0.262","-1.87%"
"2019-03-27","0.268","0.268","0.268","0.268","-5.31%"
"2019-03-26","0.282","0.282","0.282","0.282","12.46%"
"2019-03-25","0.251","0.251","0.251","0.251","-5.21%"
"2019-03-22","0.265","0.265","0.265","0.265","-10.56%"
"2019-03-21","0.296","0.296","0.296","0.296","-2.85%"
"2019-03-20","0.305","0.305","0.305","0.305","1.67%"
"2019-03-19","0.300","0.300","0.300","0.300","-2.85%"
"2019-03-18","0.309","0.309","0.309","0.309","1.25%"
"2019-03-15","0.305","0.305","0.305","0.305","-1.23%"
"2019-03-14","0.309","0.309","0.309","0.309","0.00%"
"2019-03-13","0.309","0.309","0.309","0.309","-2.74%"
"2019-03-12","0.317","0.317","0.317","0.317","0.00%"
"2019-03-11","0.317","0.317","0.317","0.317","0.79%"
"2019-03-08","0.315","0.315","0.315","0.315","-2.72%"
"2019-03-07","0.324","0.324","0.324","0.324","-5.46%"
"2019-03-06","0.343","0.343","0.343","0.343","-5.85%"
"2019-03-05","0.364","0.364","0.364","0.364","1.39%"
"2019-03-04","0.359","0.359","0.359","0.359","1.07%"
"2019-03-01","0.355","0.355","0.355","0.355","0.71%"
"2019-02-28","0.352","0.352","0.352","0.352","5.60%"
"2019-02-27","0.334","0.334","0.334","0.334","3.50%"
"2019-02-26","0.322","0.322","0.322","0.322","1.16%"
"2019-02-25","0.319","0.319","0.319","0.319","3.24%"
"2019-02-22","0.309","0.309","0.309","0.309","-1.56%"
"2019-02-21","0.314","0.314","0.314","0.314","-1.20%"
"2019-02-20","0.317","0.317","0.317","0.317","-0.41%"
"2019-02-19","0.319","0.319","0.319","0.319","-4.49%"
"2019-02-18","0.334","0.334","0.334","0.334","0.75%"
"2019-02-15","0.331","0.331","0.331","0.331","0.39%"
"2019-02-14","0.330","0.330","0.330","0.330","-4.35%"
"2019-02-13","0.345","0.345","0.345","0.345","3.36%"
"2019-02-12","0.334","0.334","0.334","0.334","5.97%"
"2019-02-11","0.315","0.315","0.315","0.315","0.00%"
"2019-02-08","0.315","0.315","0.315","0.315","-5.26%"
"2019-02-07","0.333","0.333","0.333","0.333","3.49%"
"2019-02-06","0.321","0.321","0.321","0.321","0.00%"
"2019-02-05","0.321","0.321","0.321","0.321","-1.14%"
"2019-02-04","0.325","0.325","0.325","0.325","0.37%"
"2019-02-01","0.324","0.324","0.324","0.324","-1.13%"
"2019-01-31","0.327","0.327","0.327","0.327","-5.76%"
"2019-01-30","0.347","0.347","0.347","0.347","1.82%"
"2019-01-29","0.341","0.341","0.341","0.341","1.49%"
"2019-01-28","0.336","0.336","0.336","0.336","-0.36%"
"2019-01-25","0.338","0.338","0.338","0.338","-1.83%"
"2019-01-24","0.344","0.344","0.344","0.344","-1.77%"
"2019-01-23","0.350","0.350","0.350","0.350","-1.77%"
"2019-01-22","0.356","0.356","0.356","0.356","-2.06%"
"2019-01-21","0.364","0.364","0.364","0.364","-0.68%"
"2019-01-18","0.366","0.366","0.366","0.366","3.91%"
"2019-01-17","0.352","0.352","0.352","0.352","-0.37%"
"2019-01-16","0.354","0.354","0.354","0.354","-0.34%"
"2019-01-15","0.355","0.355","0.355","0.355","0.71%"
"2019-01-14","0.352","0.352","0.352","0.352","0.00%"
"2019-01-11","0.352","0.352","0.352","0.352","-2.76%"
"2019-01-10","0.363","0.363","0.363","0.363","-3.64%"
"2019-01-09","0.376","0.376","0.376","0.376","2.01%"
"2019-01-08","0.369","0.369","0.369","0.369","3.89%"
"2019-01-07","0.355","0.355","0.355","0.355","1.05%"
"2019-01-04","0.351","0.351","0.351","0.351","-2.42%"
"2019-01-03","0.360","0.360","0.360","0.360","0.00%"
"2019-01-02","0.360","0.360","0.360","0.360","-2.39%"
"2019-01-01","0.369","0.369","0.369","0.369","0.00%"
"2018-12-31","0.369","0.369","0.369","0.369","1.74%"
"2018-12-28","0.363","0.363","0.363","0.363","-3.02%"
"2018-12-27","0.374","0.374","0.374","0.374","-2.61%"
"2018-12-26","0.384","0.384","0.384","0.384","4.78%"
"2018-12-25","0.366","0.366","0.366","0.366","-5.47%"
"2018-12-24","0.387","0.387","0.387","0.387","-0.64%"
"2018-12-21","0.390","0.390","0.390","0.390","6.85%"
"2018-12-20","0.365","0.365","0.365","0.365","-6.41%"
"2018-12-19","0.390","0.390","0.390","0.390","-1.59%"
"2018-12-18","0.396","0.396","0.396","0.396","-4.23%"
"2018-12-17","0.414","0.414","0.414","0.414","3.76%"
"2018-12-14","0.399","0.399","0.399","0.399","-5.61%"
"2018-12-13","0.423","0.423","0.423","0.423","0.00%"
"2018-12-12","0.423","0.423","0.423","0.423","3.05%"
"2018-12-11","0.410","0.410","0.410","0.410","3.80%"
"2018-12-10","0.395","0.395","0.395","0.395","-5.68%"
"2018-12-07","0.419","0.419","0.419","0.419","0.31%"
"2018-12-06","0.417","0.417","0.417","0.417","-2.34%"
"2018-12-05","0.428","0.428","0.428","0.428","0.28%"
"2018-12-04","0.426","0.426","0.426","0.426","-5.27%"
"2018-12-03","0.450","0.450","0.450","0.450","-0.84%"
"2018-11-30","0.454","0.454","0.454","0.454","2.83%"
"2018-11-29","0.441","0.441","0.441","0.441","-9.01%"
"2018-11-28","0.485","0.485","0.485","0.485","2.91%"
"2018-11-27","0.471","0.471","0.471","0.471","-1.30%"
"2018-11-26","0.477","0.477","0.477","0.477","-2.05%"
"2018-11-23","0.488","0.488","0.488","0.488","0.00%"
"2018-11-22","0.488","0.488","0.488","0.488","0.76%"
"2018-11-21","0.484","0.484","0.484","0.484","-1.27%"
"2018-11-20","0.490","0.490","0.490","0.490","1.81%"
"2018-11-19","0.481","0.481","0.481","0.481","-3.51%"
"2018-11-16","0.499","0.499","0.499","0.499","0.50%"
"2018-11-15","0.496","0.496","0.496","0.496","-3.16%"
"2018-11-14","0.512","0.512","0.512","0.512","-2.16%"
"2018-11-13","0.524","0.524","0.524","0.524","-0.95%"
"2018-11-12","0.529","0.529","0.529","0.529","-0.69%"
"2018-11-09","0.533","0.533","0.533","0.533","-1.63%"
"2018-11-08","0.541","0.541","0.541","0.541","0.93%"
"2018-11-07","0.536","0.536","0.536","0.536","-0.22%"
"2018-11-06","0.538","0.538","0.538","0.538","1.65%"
"2018-11-05","0.529","0.529","0.529","0.529","-0.92%"
"2018-11-02","0.534","0.534","0.534","0.534","1.89%"
"2018-11-01","0.524","0.524","0.524","0.524","-2.77%"
"2018-10-31","0.539","0.539","0.539","0.539","3.10%"
"2018-10-30","0.522","0.522","0.522","0.522","1.46%"
"2018-10-29","0.515","0.515","0.515","0.515","1.22%"
"2018-10-26","0.509","0.509","0.509","0.509","-4.00%"
"2018-10-25","0.530","0.530","0.530","0.530","-1.17%"
"2018-10-24","0.536","0.536","0.536","0.536","-3.37%"
"2018-10-23","0.555","0.555","0.555","0.555","-2.20%"
"2018-10-22","0.567","0.567","0.567","0.567","0.66%"
"2018-10-19","0.564","0.564","0.564","0.564","-0.88%"
"2018-10-18","0.569","0.569","0.569","0.569","0.89%"
"2018-10-17","0.564","0.564","0.564","0.564","-0.88%"
"2018-10-16","0.569","0.569","0.569","0.569","2.25%"
"2018-10-15","0.556","0.556","0.556","0.556","-0.89%"
"2018-10-12","0.561","0.561","0.561","0.561","0.23%"
"2018-10-11","0.560","0.560","0.560","0.560","-2.61%"
"2018-10-10","0.575","0.575","0.575","0.575","0.44%"
"2018-10-09","0.572","0.572","0.572","0.572","-0.43%"
"2018-10-08","0.575","0.575","0.575","0.575","0.00%"
"2018-10-05","0.575","0.575","0.575","0.575","-0.66%"
"2018-10-04","0.579","0.579","0.579","0.579","4.76%"
"2018-10-03","0.553","0.553","0.553","0.553","0.00%"
"2018-10-02","0.553","0.553","0.553","0.553","-1.78%"
"2018-10-01","0.563","0.563","0.563","0.563","1.81%"
"2018-09-28","0.553","0.553","0.553","0.553","1.60%"
"2018-09-27","0.544","0.544","0.544","0.544","-2.25%"
"2018-09-26","0.556","0.556","0.556","0.556","-1.33%"
"2018-09-25","0.564","0.564","0.564","0.564","1.59%"
"2018-09-24","0.555","0.555","0.555","0.555","-0.45%"
"2018-09-21","0.558","0.558","0.558","0.558","3.24%"
"2018-09-20","0.540","0.540","0.540","0.540","-1.60%"
"2018-09-19","0.549","0.549","0.549","0.549","0.92%"
"2018-09-18","0.544","0.544","0.544","0.544","0.95%"
"2018-09-17","0.539","0.539","0.539","0.539","0.94%"
"2018-09-14","0.534","0.534","0.534","0.534","2.38%"
"2018-09-13","0.521","0.521","0.521","0.521","0.25%"
"2018-09-12","0.520","0.520","0.520","0.520","-0.48%"
"2018-09-11","0.522","0.522","0.522","0.522","-0.25%"
"2018-09-10","0.524","0.524","0.524","0.524","0.00%"
"2018-09-07","0.524","0.524","0.524","0.524","1.45%"
"2018-09-06","0.516","0.516","0.516","0.516","-2.58%"
"2018-09-05","0.530","0.530","0.530","0.530","-2.09%"
"2018-09-04","0.541","0.541","0.541","0.541","0.48%"
"2018-09-03","0.539","0.539","0.539","0.539","1.16%"
"2018-08-31","0.533","0.533","0.533","0.533","0.95%"
"2018-08-30","0.527","0.527","0.527","0.527","0.71%"
"2018-08-29","0.524","0.524","0.524","0.524","0.73%"
"2018-08-28","0.520","0.520","0.520","0.520","3.22%"
"2018-08-27","0.504","0.504","0.504","0.504","-2.89%"
"2018-08-24","0.519","0.519","0.519","0.519","0.00%"
"2018-08-23","0.519","0.519","0.519","0.519","-1.43%"
"2018-08-22","0.526","0.526","0.526","0.526","0.73%"
"2018-08-21","0.522","0.522","0.522","0.522","0.00%"
"2018-08-20","0.522","0.522","0.522","0.522","-0.95%"
"2018-08-17","0.527","0.527","0.527","0.527","-0.94%"
"2018-08-16","0.533","0.533","0.533","0.533","1.43%"
"2018-08-15","0.525","0.525","0.525","0.525","-1.63%"
"2018-08-14","0.534","0.534","0.534","0.534","2.63%"
"2018-08-13","0.520","0.520","0.520","0.520","-0.25%"
"2018-08-10","0.521","0.521","0.521","0.521","-3.91%"
"2018-08-09","0.543","0.543","0.543","0.543","-0.70%"
"2018-08-08","0.546","0.546","0.546","0.546","-0.46%"
"2018-08-07","0.549","0.549","0.549","0.549","3.78%"
"2018-08-06","0.529","0.529","0.529","0.529","-0.69%"
"2018-08-03","0.533","0.533","0.533","0.533","-0.11%"
"2018-08-02","0.533","0.533","0.533","0.533","0.00%"
"2018-08-01","0.533","0.533","0.533","0.533","7.96%"
"2018-07-31","0.494","0.494","0.494","0.494","-5.04%"
"2018-07-30","0.520","0.520","0.520","0.520","-0.48%"
"2018-07-27","0.522","0.522","0.522","0.522","3.47%"
"2018-07-26","0.505","0.505","0.505","0.505","4.12%"
"2018-07-25","0.485","0.485","0.485","0.485","-2.28%"
"2018-07-24","0.496","0.496","0.496","0.496","0.51%"
"2018-07-23","0.494","0.494","0.494","0.494","5.06%"
"2018-07-20","0.470","0.470","0.470","0.470","11.24%"
"2018-07-19","0.423","0.423","0.423","0.423","-1.74%"
"2018-07-18","0.430","0.430","0.430","0.430","0.87%"
"2018-07-17","0.426","0.426","0.426","0.426","-0.28%"
"2018-07-16","0.428","0.428","0.428","0.428","0.59%"
"2018-07-13","0.425","0.425","0.425","0.425","0.88%"
"2018-07-12","0.421","0.421","0.421","0.421","-0.59%"
"2018-07-11","0.424","0.424","0.424","0.424","0.90%"
"2018-07-10","0.420","0.420","0.420","0.420","3.37%"
"2018-07-09","0.406","0.406","0.406","0.406","-2.10%"
"2018-07-06","0.415","0.415","0.415","0.415","-0.91%"
"2018-07-05","0.419","0.419","0.419","0.419","-1.18%"
"2018-07-04","0.424","0.424","0.424","0.424","-0.59%"
"2018-07-03","0.426","0.426","0.426","0.426","0.90%"
"2018-07-02","0.423","0.423","0.423","0.423","-2.04%"
"2018-06-29","0.431","0.431","0.431","0.431","0.00%"
"2018-06-28","0.431","0.431","0.431","0.431","-0.58%"
"2018-06-27","0.434","0.434","0.434","0.434","-0.28%"
"2018-06-26","0.435","0.435","0.435","0.435","0.58%"
"2018-06-25","0.433","0.433","0.433","0.433","-0.87%"
"2018-06-22","0.436","0.436","0.436","0.436","-0.27%"
"2018-06-21","0.438","0.438","0.438","0.438","0.00%"
"2018-06-20","0.438","0.438","0.438","0.438","0.57%"
"2018-06-19","0.435","0.435","0.435","0.435","-2.53%"
"2018-06-18","0.446","0.446","0.446","0.446","0.86%"
"2018-06-15","0.442","0.442","0.442","0.442","-1.67%"
"2018-06-14","0.450","0.450","0.450","0.450","-0.29%"
"2018-06-13","0.451","0.451","0.451","0.451","-1.10%"
"2018-06-12","0.456","0.456","0.456","0.456","0.55%"
"2018-06-11","0.454","0.454","0.454","0.454","1.41%"
"2018-06-08","0.447","0.447","0.447","0.447","-1.10%"
"2018-06-07","0.452","0.452","0.452","0.452","-1.37%"
"2018-06-06","0.459","0.459","0.459","0.459","1.96%"
"2018-06-05","0.450","0.450","0.450","0.450","-1.10%"