"日付","終値","始値","高値","安値","変化率 %"
"2026-02-18","1.061","1.058","1.071","1.049","-0.96%"
"2026-02-17","1.071","1.054","1.095","1.065","-0.65%"
"2026-02-16","1.078","1.072","1.114","1.078","-2.36%"
"2026-02-13","1.104","1.099","1.124","1.098","-1.16%"
"2026-02-12","1.117","1.098","1.132","1.101","0.81%"
"2026-02-11","1.108","1.096","1.119","1.107","-0.89%"
"2026-02-10","1.118","1.089","1.128","1.101","0.27%"
"2026-02-09","1.115","1.075","1.129","1.095","1.18%"
"2026-02-06","1.102","1.067","1.113","1.072","1.19%"
"2026-02-05","1.089","1.074","1.107","1.081","0.55%"
"2026-02-04","1.083","1.073","1.103","1.073","-0.09%"
"2026-02-03","1.084","1.047","1.103","1.063","0.37%"
"2026-02-02","1.080","1.028","1.085","1.048","1.69%"
"2026-01-30","1.062","1.051","1.073","1.044","0.28%"
"2026-01-29","1.059","1.034","1.074","1.049","0.19%"
"2026-01-28","1.057","1.069","1.092","1.047","-2.58%"
"2026-01-27","1.085","1.066","1.096","1.070","0.37%"
"2026-01-26","1.081","1.032","1.099","1.048","1.98%"
"2026-01-23","1.060","1.020","1.081","1.031","2.02%"
"2026-01-22","1.039","1.033","1.057","1.028","-1.33%"
"2026-01-21","1.053","1.013","1.061","1.021","2.23%"
"2026-01-20","1.030","1.010","1.044","1.006","0.68%"
"2026-01-19","1.023","0.988","1.035","1.005","0.89%"
"2026-01-16","1.014","0.988","1.027","0.998","1.30%"
"2026-01-15","1.001","0.971","1.014","0.977","1.73%"
"2026-01-14","0.984","0.959","1.000","0.971","0.72%"
"2026-01-13","0.977","0.963","0.989","0.958","2.09%"
"2026-01-12","0.957","0.948","0.982","0.957","-0.62%"
"2026-01-09","0.963","0.932","0.976","0.946","1.80%"
"2026-01-08","0.946","0.950","0.970","0.940","-1.25%"
"2026-01-07","0.958","0.950","0.981","0.951","-1.64%"
"2026-01-06","0.974","0.947","0.983","0.959","-0.10%"
"2026-01-05","0.975","0.942","0.989","0.960","0.41%"
"2026-01-02","0.971","0.971","0.971","0.971","0.00%"
"2026-01-01","0.971","0.971","0.971","0.971","0.00%"
"2025-12-31","0.971","0.971","0.971","0.971","0.00%"
"2025-12-30","0.971","0.932","0.979","0.949","2.00%"
"2025-12-29","0.952","0.906","0.968","0.935","-0.21%"
"2025-12-26","0.954","0.925","0.955","0.940","0.74%"
"2025-12-25","0.947","0.914","0.953","0.924","1.72%"
"2025-12-24","0.931","0.910","0.949","0.914","1.09%"
"2025-12-23","0.921","0.912","0.941","0.915","-1.07%"
"2025-12-22","0.931","0.908","0.959","0.927","-0.75%"
"2025-12-19","0.938","0.893","0.948","0.910","1.85%"
"2025-12-18","0.921","0.888","0.929","0.907","1.10%"
"2025-12-17","0.911","0.880","0.926","0.897","0.44%"
"2025-12-16","0.907","0.888","0.915","0.894","1.00%"
"2025-12-15","0.898","0.874","0.912","0.890","0.00%"
"2025-12-12","0.898","0.863","0.911","0.882","0.79%"
"2025-12-11","0.891","0.876","0.903","0.880","-0.67%"
"2025-12-10","0.897","0.870","0.915","0.884","-0.11%"
"2025-12-09","0.898","0.869","0.911","0.881","0.22%"
"2025-12-08","0.896","0.865","0.908","0.883","0.67%"
"2025-12-05","0.890","0.846","0.904","0.865","1.37%"
"2025-12-04","0.878","0.847","0.886","0.851","2.81%"
"2025-12-03","0.854","0.838","0.871","0.849","-0.47%"
"2025-12-02","0.858","0.848","0.871","0.845","-1.04%"
"2025-12-01","0.867","0.809","0.876","0.831","3.34%"
"2025-11-28","0.839","0.818","0.849","0.827","0.72%"
"2025-11-27","0.833","0.826","0.849","0.827","-0.36%"
"2025-11-26","0.836","0.819","0.856","0.821","0.97%"
"2025-11-25","0.828","0.797","0.843","0.795","1.60%"
"2025-11-24","0.815","0.750","0.815","0.778","0.37%"
"2025-11-21","0.812","0.806","0.829","0.780","-1.46%"
"2025-11-20","0.824","0.772","0.835","0.790","3.91%"
"2025-11-19","0.793","0.768","0.807","0.776","1.54%"
"2025-11-18","0.781","0.782","0.805","0.772","-0.89%"
"2025-11-17","0.788","0.772","0.811","0.786","-1.62%"
"2025-11-14","0.801","0.775","0.813","0.789","0.00%"
"2025-11-13","0.801","0.789","0.811","0.790","-0.12%"
"2025-11-12","0.802","0.785","0.816","0.793","-0.12%"
"2025-11-11","0.803","0.795","0.823","0.797","-0.99%"
"2025-11-10","0.811","0.786","0.831","0.805","-0.37%"
"2025-11-07","0.814","0.796","0.827","0.805","-0.37%"
"2025-11-06","0.817","0.788","0.828","0.807","0.49%"
"2025-11-05","0.813","0.803","0.825","0.801","-0.37%"
"2025-11-04","0.816","0.786","0.829","0.806","1.12%"
"2025-11-03","0.807","0.782","0.819","0.802","-0.37%"
"2025-10-31","0.810","0.779","0.822","0.793","0.50%"
"2025-10-30","0.806","0.794","0.834","0.800","-1.59%"
"2025-10-29","0.819","0.790","0.837","0.808","1.74%"
"2025-10-28","0.805","0.799","0.825","0.801","-0.86%"
"2025-10-27","0.812","0.785","0.827","0.804","0.12%"
"2025-10-24","0.811","0.798","0.824","0.802","-0.61%"
"2025-10-23","0.816","0.777","0.823","0.798","2.13%"
"2025-10-22","0.799","0.799","0.823","0.797","-0.87%"
"2025-10-21","0.806","0.806","0.828","0.798","-1.83%"
"2025-10-20","0.821","0.760","0.830","0.782","4.32%"
"2025-10-17","0.787","0.769","0.806","0.767","-1.75%"
"2025-10-16","0.801","0.750","0.811","0.769","3.35%"
"2025-10-15","0.775","0.743","0.789","0.755","1.71%"
"2025-10-14","0.762","0.755","0.788","0.748","-2.56%"
"2025-10-13","0.782","0.752","0.791","0.775","-0.64%"
"2025-10-10","0.787","0.787","0.810","0.773","-1.75%"
"2025-10-09","0.801","0.784","0.823","0.793","-0.74%"
"2025-10-08","0.807","0.776","0.821","0.796","1.25%"
"2025-10-07","0.797","0.771","0.814","0.789","0.25%"
"2025-10-06","0.795","0.795","0.829","0.749","-3.64%"
"2025-10-03","0.825","0.819","0.842","0.813","-0.60%"
"2025-10-02","0.830","0.805","0.843","0.818","0.00%"
"2025-10-01","0.830","0.813","0.853","0.826","-1.89%"
"2025-09-30","0.846","0.817","0.855","0.828","1.68%"
"2025-09-29","0.832","0.793","0.843","0.811","1.46%"
"2025-09-26","0.820","0.800","0.839","0.812","-0.61%"
"2025-09-25","0.825","0.787","0.838","0.810","1.23%"
"2025-09-24","0.815","0.799","0.831","0.809","-0.61%"
"2025-09-23","0.820","0.813","0.828","0.815","-0.36%"
"2025-09-22","0.823","0.779","0.835","0.802","1.60%"
"2025-09-19","0.810","0.755","0.827","0.776","2.66%"
"2025-09-18","0.789","0.750","0.797","0.770","1.94%"
"2025-09-17","0.774","0.746","0.789","0.766","0.65%"
"2025-09-16","0.769","0.750","0.786","0.760","0.26%"
"2025-09-15","0.767","0.742","0.785","0.765","-1.03%"
"2025-09-12","0.775","0.748","0.785","0.757","1.71%"
"2025-09-11","0.762","0.735","0.777","0.752","0.26%"
"2025-09-10","0.760","0.737","0.777","0.751","-0.39%"
"2025-09-09","0.763","0.717","0.778","0.720","4.95%"
"2025-09-08","0.727","0.700","0.742","0.712","-1.89%"
"2025-09-05","0.741","0.715","0.752","0.728","0.27%"
"2025-09-04","0.739","0.724","0.762","0.733","-2.12%"
"2025-09-03","0.755","0.734","0.767","0.741","0.40%"
"2025-09-02","0.752","0.749","0.786","0.747","-2.59%"
"2025-09-01","0.772","0.742","0.785","0.761","0.26%"
"2025-08-29","0.770","0.739","0.773","0.769","0.26%"
"2025-08-28","0.768","0.740","0.771","0.768","-0.39%"
"2025-08-27","0.771","0.751","0.783","0.770","-1.53%"
"2025-08-26","0.783","0.749","0.785","0.779","0.38%"
"2025-08-25","0.780","0.751","0.781","0.780","-0.13%"
"2025-08-22","0.781","0.739","0.781","0.769","1.96%"
"2025-08-21","0.766","0.728","0.766","0.758","1.32%"
"2025-08-20","0.756","0.729","0.763","0.756","-0.26%"
"2025-08-19","0.758","0.716","0.760","0.746","1.20%"
"2025-08-18","0.749","0.724","0.756","0.745","-0.66%"
"2025-08-15","0.754","0.714","0.754","0.744","1.21%"
"2025-08-14","0.745","0.686","0.745","0.716","4.20%"
"2025-08-13","0.715","0.688","0.718","0.715","-0.14%"
"2025-08-12","0.716","0.680","0.716","0.710","0.99%"
"2025-08-11","0.709","0.679","0.709","0.709","0.00%"
"2025-08-08","0.709","0.674","0.710","0.704","0.85%"
"2025-08-07","0.703","0.683","0.713","0.703","-1.54%"
"2025-08-06","0.714","0.663","0.719","0.693","3.33%"
"2025-08-05","0.691","0.659","0.691","0.689","0.14%"
"2025-08-04","0.690","0.663","0.695","0.689","-0.43%"
"2025-08-01","0.693","0.701","0.731","0.693","-5.33%"
"2025-07-31","0.732","0.708","0.738","0.730","-0.54%"
"2025-07-30","0.736","0.704","0.736","0.732","0.14%"
"2025-07-29","0.735","0.709","0.740","0.735","3.52%"
"2025-07-28","0.710","0.729","0.711","0.710","5.76%"
"2025-07-11","0.671","0.651","0.671","0.671","3.28%"
"2025-07-10","0.650","0.644","0.650","0.644","1.17%"
"2025-07-09","0.642","0.626","0.645","0.626","2.80%"
"2025-07-08","0.625","0.623","0.625","0.616","0.19%"
"2025-07-07","0.624","0.630","0.631","0.624","-0.98%"
"2025-07-04","0.630","0.646","0.645","0.630","-2.70%"
"2025-07-03","0.647","0.646","0.647","0.636","0.39%"
"2025-07-02","0.645","0.644","0.645","0.640","0.00%"
"2025-07-01","0.645","0.644","0.646","0.644","0.39%"
"2025-06-30","0.642","0.645","0.645","0.642","-0.39%"
"2025-06-27","0.645","0.640","0.646","0.639","0.58%"
"2025-06-26","0.641","0.637","0.641","0.637","0.39%"
"2025-06-25","0.639","0.632","0.680","0.629","0.79%"
"2025-06-24","0.634","0.630","0.634","0.629","0.40%"
"2025-06-23","0.631","0.630","0.634","0.630","0.21%"
"2025-06-20","0.630","0.620","0.630","0.623","1.81%"
"2025-06-19","0.619","0.621","0.624","0.616","-0.59%"
"2025-06-18","0.623","0.629","0.631","0.623","-1.19%"
"2025-06-17","0.630","0.651","0.655","0.629","-3.45%"
"2025-06-16","0.652","0.640","0.658","0.640","1.95%"
"2025-06-13","0.640","0.632","0.640","0.624","1.38%"
"2025-06-12","0.631","0.634","0.636","0.631","-0.58%"
"2025-06-11","0.635","0.646","0.645","0.634","-1.93%"
"2025-06-10","0.647","0.656","0.656","0.647","-1.70%"
"2025-06-09","0.659","0.659","0.661","0.658","0.00%"
"2025-06-06","0.659","0.651","0.659","0.652","1.53%"
"2025-06-05","0.649","0.658","0.655","0.649","-1.50%"
"2025-06-04","0.659","0.654","0.659","0.656","0.56%"
"2025-06-03","0.655","0.654","0.655","0.651","0.00%"
"2025-06-02","0.655","0.646","0.655","0.647","1.35%"
"2025-05-30","0.646","0.649","0.649","0.645","-0.19%"
"2025-05-29","0.647","0.647","0.651","0.647","-0.38%"
"2025-05-28","0.650","0.640","0.655","0.640","1.75%"
"2025-05-27","0.639","0.621","0.639","0.621","3.03%"
"2025-05-26","0.620","0.620","0.620","0.620","0.00%"
"2025-05-23","0.620","0.632","0.632","0.619","-2.18%"
"2025-05-22","0.634","0.631","0.636","0.629","0.80%"
"2025-05-21","0.629","0.632","0.632","0.627","-0.79%"
"2025-05-20","0.634","0.640","0.639","0.631","-1.17%"
"2025-05-19","0.641","0.629","0.641","0.630","1.99%"
"2025-05-16","0.629","0.636","0.637","0.627","-1.36%"
"2025-05-15","0.637","0.639","0.640","0.637","0.00%"
"2025-05-14","0.637","0.640","0.640","0.631","-0.59%"
"2025-05-13","0.641","0.636","0.646","0.637","0.60%"
"2025-05-12","0.637","0.592","0.637","0.592","7.59%"
"2025-05-09","0.592","0.586","0.594","0.586","1.28%"
"2025-05-08","0.585","0.584","0.585","0.580","0.43%"
"2025-05-07","0.582","0.580","0.584","0.576","0.21%"
"2025-05-05","0.581","0.581","0.581","0.581","0.00%"
"2025-05-02","0.581","0.582","0.581","0.570","-0.43%"
"2025-05-01","0.584","0.623","0.621","0.580","-6.04%"
"2025-04-30","0.621","0.632","0.632","0.621","-1.97%"
"2025-04-28","0.634","0.637","0.637","0.627","-0.58%"
"2025-04-25","0.637","0.624","0.639","0.625","2.41%"
"2025-04-24","0.623","0.635","0.634","0.616","-1.97%"
"2025-04-23","0.635","0.614","0.635","0.615","3.25%"
"2025-04-22","0.615","0.606","0.616","0.606","1.65%"
"2025-04-21","0.605","0.605","0.605","0.605","-0.21%"
"2025-04-17","0.606","0.586","0.611","0.586","3.64%"
"2025-04-16","0.585","0.626","0.625","0.576","-6.02%"
"2025-04-15","0.623","0.599","0.623","0.599","4.18%"
"2025-04-14","0.598","0.565","0.600","0.566","5.75%"
"2025-04-11","0.565","0.605","0.605","0.556","-6.81%"
"2025-04-10","0.606","0.525","0.609","0.526","15.75%"
"2025-04-09","0.524","0.618","0.616","0.524","-15.52%"
"2025-04-08","0.620","0.576","0.621","0.575","8.30%"
"2025-04-07","0.572","0.584","0.584","0.545","-1.94%"
"2025-04-04","0.584","0.664","0.664","0.553","-12.21%"
"2025-04-03","0.665","0.724","0.721","0.664","-8.28%"
"2025-04-02","0.725","0.729","0.728","0.723","-0.86%"
"2025-04-01","0.731","0.731","0.734","0.730","0.18%"
"2025-03-31","0.730","0.740","0.740","0.724","-1.35%"
"2025-03-28","0.740","0.751","0.751","0.739","-1.66%"
"2025-03-27","0.752","0.755","0.755","0.751","-0.50%"
"2025-03-26","0.756","0.746","0.759","0.746","1.52%"
"2025-03-25","0.745","0.735","0.748","0.735","1.18%"
"2025-03-24","0.736","0.728","0.738","0.729","1.21%"
"2025-03-21","0.728","0.730","0.730","0.728","0.00%"
"2025-03-19","0.728","0.707","0.728","0.707","2.64%"
"2025-03-18","0.709","0.691","0.709","0.691","2.16%"
"2025-03-17","0.694","0.701","0.702","0.694","-1.07%"
"2025-03-14","0.701","0.721","0.721","0.699","-3.11%"
"2025-03-13","0.724","0.710","0.726","0.710","2.12%"
"2025-03-12","0.709","0.709","0.709","0.701","-0.17%"
"2025-03-11","0.710","0.723","0.723","0.697","-2.07%"
"2025-03-10","0.725","0.719","0.731","0.720","0.86%"
"2025-03-07","0.719","0.706","0.719","0.709","1.60%"
"2025-03-06","0.707","0.705","0.714","0.702","0.71%"
"2025-03-05","0.702","0.695","0.702","0.694","0.89%"
"2025-03-04","0.696","0.712","0.711","0.696","-2.45%"
"2025-03-03","0.714","0.697","0.714","0.700","2.34%"
"2025-02-28","0.697","0.706","0.706","0.690","-1.41%"
"2025-02-27","0.707","0.688","0.712","0.689","2.54%"
"2025-02-26","0.690","0.689","0.695","0.688","0.36%"
"2025-02-25","0.688","0.705","0.704","0.688","-2.14%"
"2025-02-24","0.702","0.702","0.702","0.702","0.00%"
"2025-02-21","0.702","0.719","0.719","0.702","-2.43%"
"2025-02-20","0.720","0.719","0.721","0.714","0.00%"
"2025-02-19","0.720","0.717","0.724","0.715","0.17%"
"2025-02-18","0.719","0.716","0.721","0.717","0.53%"
"2025-02-17","0.715","0.702","0.715","0.704","1.78%"
"2025-02-14","0.702","0.686","0.702","0.686","2.73%"
"2025-02-13","0.684","0.700","0.688","0.684","-2.50%"
"2025-02-12","0.701","0.686","0.701","0.680","2.01%"
"2025-02-11","0.688","0.688","0.688","0.688","0.00%"
"2025-02-10","0.688","0.699","0.700","0.685","-1.62%"
"2025-02-07","0.699","0.684","0.700","0.684","2.39%"
"2025-02-06","0.683","0.670","0.683","0.675","1.67%"
"2025-02-05","0.671","0.668","0.673","0.668","0.75%"
"2025-02-04","0.666","0.655","0.670","0.658","1.91%"
"2025-02-03","0.654","0.659","0.660","0.652","-0.74%"
"2025-01-31","0.659","0.644","0.660","0.659","2.52%"
"2025-01-30","0.642","0.627","0.645","0.627","1.98%"
"2025-01-29","0.630","0.625","0.630","0.625","0.99%"
"2025-01-28","0.624","0.624","0.625","0.619","0.21%"
"2025-01-27","0.623","0.634","0.635","0.616","-1.78%"
"2025-01-24","0.634","0.623","0.636","0.623","2.01%"
"2025-01-23","0.621","0.611","0.621","0.613","1.44%"
"2025-01-22","0.613","0.606","0.616","0.608","1.24%"
"2025-01-21","0.605","0.604","0.606","0.604","0.41%"
"2025-01-20","0.603","0.603","0.605","0.601","0.00%"
"2025-01-17","0.603","0.600","0.603","0.600","0.22%"
"2025-01-16","0.601","0.585","0.601","0.586","2.11%"
"2025-01-15","0.589","0.579","0.604","0.579","1.96%"
"2025-01-14","0.577","0.582","0.581","0.576","-0.43%"
"2025-01-13","0.580","0.580","0.580","0.580","0.00%"
"2025-01-10","0.580","0.558","0.581","0.555","3.79%"
"2025-01-09","0.559","0.575","0.574","0.559","-3.24%"
"2025-01-08","0.577","0.570","0.577","0.570","1.53%"
"2025-01-07","0.569","0.569","0.569","0.569","0.23%"
"2025-01-06","0.567","0.544","0.569","0.549","4.36%"
"2025-01-03","0.544","0.544","0.544","0.544","0.00%"
"2025-01-02","0.544","0.544","0.544","0.544","0.00%"
"2025-01-01","0.544","0.544","0.544","0.544","0.00%"
"2024-12-31","0.544","0.544","0.544","0.544","0.00%"
"2024-12-30","0.544","0.553","0.555","0.544","-1.57%"
"2024-12-27","0.553","0.541","0.553","0.541","0.91%"
"2024-12-25","0.548","0.548","0.548","0.548","-0.45%"
"2024-12-24","0.550","0.545","0.550","0.548","0.68%"
"2024-12-23","0.546","0.527","0.546","0.534","3.56%"
"2024-12-20","0.527","0.530","0.530","0.527","-0.72%"
"2024-12-19","0.531","0.549","0.543","0.526","-3.63%"
"2024-12-18","0.551","0.550","0.551","0.549","-0.22%"
"2024-12-17","0.553","0.544","0.555","0.544","1.84%"
"2024-12-16","0.543","0.533","0.543","0.534","1.88%"
"2024-12-13","0.533","0.535","0.535","0.531","-0.71%"
"2024-12-12","0.536","0.539","0.538","0.536","-0.92%"
"2024-12-11","0.541","0.548","0.546","0.540","-1.58%"
"2024-12-10","0.550","0.543","0.550","0.543","1.85%"
"2024-12-09","0.540","0.550","0.553","0.538","-1.82%"
"2024-12-06","0.550","0.561","0.561","0.549","-2.22%"
"2024-12-05","0.563","0.558","0.563","0.559","0.45%"
"2024-12-04","0.560","0.580","0.580","0.560","-3.66%"
"2024-12-03","0.581","0.594","0.594","0.581","-2.30%"
"2024-12-02","0.595","0.576","0.598","0.579","3.24%"
"2024-11-29","0.576","0.574","0.577","0.574","0.66%"
"2024-11-28","0.572","0.579","0.577","0.572","-1.51%"
"2024-11-27","0.581","0.581","0.586","0.581","0.22%"
"2024-11-26","0.580","0.577","0.580","0.577","0.64%"
"2024-11-25","0.576","0.569","0.576","0.571","1.32%"
"2024-11-22","0.569","0.566","0.574","0.566","0.67%"
"2024-11-21","0.565","0.544","0.566","0.544","3.42%"
"2024-11-20","0.546","0.536","0.546","0.536","2.11%"
"2024-11-19","0.535","0.541","0.541","0.535","-1.38%"
"2024-11-18","0.543","0.543","0.544","0.541","0.00%"
"2024-11-15","0.543","0.530","0.543","0.531","2.59%"
"2024-11-14","0.529","0.522","0.529","0.524","0.72%"
"2024-11-13","0.525","0.520","0.527","0.520","1.20%"
"2024-11-12","0.519","0.515","0.520","0.515","0.97%"
"2024-11-11","0.514","0.507","0.514","0.509","1.24%"
"2024-11-08","0.507","0.505","0.509","0.506","0.73%"
"2024-11-07","0.504","0.502","0.515","0.504","0.50%"
"2024-11-06","0.501","0.460","0.501","0.463","8.67%"
"2024-11-05","0.461","0.472","0.471","0.460","-2.12%"
"2024-11-04","0.471","0.471","0.471","0.471","0.00%"
"2024-11-01","0.471","0.465","0.471","0.465","1.62%"
"2024-10-31","0.464","0.445","0.464","0.447","3.92%"
"2024-10-30","0.446","0.452","0.451","0.444","-1.65%"
"2024-10-29","0.454","0.442","0.454","0.444","2.83%"
"2024-10-28","0.441","0.439","0.442","0.440","0.57%"
"2024-10-25","0.439","0.444","0.444","0.439","-1.39%"
"2024-10-24","0.445","0.445","0.446","0.445","-0.56%"
"2024-10-23","0.447","0.445","0.449","0.445","0.56%"
"2024-10-22","0.445","0.441","0.449","0.441","1.14%"
"2024-10-21","0.440","0.446","0.447","0.436","-1.41%"
"2024-10-18","0.446","0.442","0.449","0.442","1.13%"
"2024-10-17","0.441","0.428","0.441","0.428","3.52%"
"2024-10-16","0.426","0.433","0.431","0.426","-1.73%"
"2024-10-15","0.434","0.433","0.434","0.428","2.07%"
"2024-10-14","0.425","0.426","0.426","0.425","0.00%"
"2024-10-11","0.425","0.421","0.425","0.423","1.19%"
"2024-10-10","0.420","0.421","0.426","0.412","1.50%"
"2024-10-09","0.414","0.412","0.414","0.412","0.32%"
"2024-10-08","0.412","0.411","0.423","0.409","-2.94%"
"2024-10-07","0.425","0.385","0.430","0.387","10.39%"
"2024-10-04","0.385","0.361","0.385","0.363","6.94%"
"2024-10-03","0.360","0.364","0.363","0.356","-1.37%"
"2024-10-02","0.365","0.364","0.376","0.359","-3.31%"
"2024-10-01","0.377","0.391","0.391","0.377","-3.82%"
"2024-09-30","0.393","0.381","0.394","0.382","2.94%"
"2024-09-27","0.381","0.347","0.384","0.336","9.32%"
"2024-09-26","0.349","0.354","0.354","0.349","-1.75%"
"2024-09-25","0.355","0.345","0.355","0.345","3.26%"
"2024-09-24","0.344","0.376","0.375","0.344","-8.32%"
"2024-09-23","0.375","0.376","0.376","0.375","0.00%"
"2024-09-20","0.375","0.382","0.386","0.375","-1.65%"
"2024-09-19","0.381","0.382","0.382","0.379","0.00%"
"2024-09-18","0.381","0.380","0.387","0.379","-2.23%"
"2024-09-17","0.390","0.389","0.394","0.389","-0.64%"
"2024-09-16","0.393","0.395","0.395","0.393","0.00%"
"2024-09-13","0.393","0.393","0.393","0.390","0.64%"
"2024-09-12","0.390","0.384","0.390","0.384","1.96%"
"2024-09-11","0.382","0.386","0.385","0.380","-1.29%"
"2024-09-10","0.387","0.386","0.390","0.386","0.31%"
"2024-09-09","0.386","0.369","0.386","0.386","4.75%"
"2024-09-06","0.369","0.371","0.370","0.366","-0.99%"
"2024-09-05","0.373","0.369","0.373","0.369","1.36%"
"2024-09-04","0.368","0.379","0.377","0.368","-3.29%"
"2024-09-03","0.380","0.379","0.384","0.376","1.66%"
"2024-09-02","0.374","0.375","0.375","0.373","0.67%"
"2024-08-30","0.371","0.338","0.371","0.341","2.77%"
"2024-08-29","0.361","0.338","0.373","0.338","-3.34%"
"2024-08-28","0.374","0.374","0.374","0.344","1.71%"
"2024-08-27","0.368","0.340","0.369","0.339","8.50%"
"2024-08-26","0.339","0.339","0.370","0.336","-8.46%"
"2024-08-23","0.370","0.334","0.373","0.340","2.41%"
"2024-08-22","0.361","0.334","0.361","0.329","1.40%"
"2024-08-21","0.356","0.357","0.364","0.330","4.79%"
"2024-08-20","0.340","0.340","0.366","0.336","-7.81%"
"2024-08-19","0.369","0.368","0.373","0.343","8.47%"
"2024-08-16","0.340","0.320","0.369","0.339","-3.22%"
"2024-08-15","0.351","0.320","0.351","0.315","2.93%"
"2024-08-14","0.341","0.316","0.343","0.308","0.38%"
"2024-08-13","0.340","0.316","0.354","0.314","-4.23%"
"2024-08-12","0.355","0.330","0.355","0.329","0.00%"
"2024-08-09","0.355","0.325","0.361","0.330","-1.06%"
"2024-08-08","0.359","0.325","0.365","0.308","5.13%"
"2024-08-07","0.341","0.316","0.343","0.286","3.80%"
"2024-08-06","0.329","0.303","0.335","0.296","-1.11%"
"2024-08-05","0.333","0.291","0.368","0.290","-9.52%"
"2024-08-02","0.368","0.404","0.423","0.363","-13.28%"
"2024-08-01","0.424","0.404","0.431","0.393","-0.59%"
"2024-07-31","0.426","0.428","0.428","0.333","28.67%"
"2024-07-30","0.331","0.330","0.359","0.304","-7.02%"
"2024-07-29","0.356","0.355","0.361","0.330","-1.03%"
"2024-07-26","0.360","0.334","0.363","0.331","0.33%"
"2024-07-25","0.359","0.334","0.361","0.327","5.53%"
"2024-07-24","0.340","0.341","0.341","0.295","7.53%"
"2024-07-23","0.316","0.292","0.317","0.291","0.80%"
"2024-07-22","0.314","0.290","0.314","0.284","10.57%"
"2024-07-19","0.284","0.284","0.285","0.281","-7.74%"
"2024-07-18","0.308","0.284","0.309","0.282","1.65%"
"2024-07-17","0.303","0.304","0.304","0.265","3.84%"
"2024-07-16","0.291","0.290","0.292","0.264","-0.41%"
"2024-07-15","0.292","0.294","0.294","0.269","0.00%"
"2024-07-12","0.292","0.282","0.294","0.269","0.86%"
"2024-07-11","0.290","0.282","0.308","0.276","-4.92%"
"2024-07-10","0.305","0.306","0.306","0.281","7.96%"
"2024-07-09","0.282","0.282","0.305","0.279","-7.01%"
"2024-07-08","0.304","0.303","0.305","0.275","2.53%"
"2024-07-05","0.296","0.274","0.296","0.271","8.26%"
"2024-07-04","0.274","0.274","0.298","0.273","-7.22%"
"2024-07-03","0.295","0.299","0.305","0.274","-3.69%"
"2024-07-02","0.306","0.285","0.310","0.281","-1.61%"
"2024-07-01","0.311","0.285","0.311","0.282","10.19%"
"2024-06-28","0.282","0.292","0.309","0.280","-8.87%"
"2024-06-27","0.310","0.292","0.311","0.279","6.90%"
"2024-06-26","0.290","0.286","0.290","0.260","3.09%"
"2024-06-25","0.281","0.280","0.282","0.257","-0.88%"
"2024-06-24","0.284","0.261","0.286","0.259","3.20%"
"2024-06-21","0.275","0.261","0.275","0.246","5.77%"
"2024-06-20","0.260","0.261","0.261","0.237","8.92%"
"2024-06-19","0.239","0.239","0.262","0.237","-9.92%"
"2024-06-18","0.265","0.264","0.269","0.241","-1.85%"
"2024-06-17","0.270","0.244","0.279","0.240","-3.16%"
"2024-06-14","0.279","0.291","0.290","0.237","-3.86%"
"2024-06-13","0.290","0.291","0.291","0.259","0.87%"
"2024-06-12","0.287","0.271","0.306","0.266","-6.90%"
"2024-06-11","0.309","0.308","0.313","0.282","-1.18%"
"2024-06-10","0.313","0.290","0.316","0.280","1.63%"
"2024-06-07","0.308","0.286","0.308","0.264","7.89%"
"2024-06-06","0.285","0.286","0.305","0.255","-6.95%"
"2024-06-05","0.306","0.286","0.314","0.280","-3.13%"
"2024-06-04","0.316","0.315","0.336","0.291","-6.31%"
"2024-06-03","0.338","0.313","0.341","0.308","-0.74%"
"2024-05-31","0.340","0.334","0.343","0.311","2.26%"
"2024-05-30","0.333","0.334","0.335","0.306","0.36%"
"2024-05-29","0.331","0.327","0.333","0.296","4.35%"
"2024-05-28","0.317","0.319","0.319","0.289","9.98%"
"2024-05-27","0.289","0.289","0.310","0.286","-7.26%"
"2024-05-24","0.311","0.310","0.313","0.284","0.81%"
"2024-05-23","0.309","0.310","0.310","0.282","-0.39%"
"2024-05-22","0.310","0.311","0.311","0.281","2.04%"
"2024-05-21","0.304","0.281","0.308","0.280","-0.39%"
"2024-05-20","0.305","0.304","0.306","0.275","2.07%"
"2024-05-17","0.299","0.265","0.300","0.269","11.70%"
"2024-05-16","0.268","0.265","0.295","0.261","0.00%"
"2024-05-15","0.268","0.296","0.298","0.268","-8.55%"
"2024-05-14","0.292","0.270","0.295","0.265","10.92%"
"2024-05-13","0.264","0.287","0.289","0.252","-2.80%"
"2024-05-10","0.271","0.249","0.275","0.245","10.19%"
"2024-05-09","0.246","0.249","0.276","0.240","-4.87%"
"2024-05-08","0.259","0.260","0.260","0.226","4.02%"
"2024-05-07","0.249","0.226","0.256","0.225","-3.86%"
"2024-05-06","0.259","0.257","0.259","0.230","0.00%"
"2024-05-03","0.259","0.259","0.259","0.259","0.00%"
"2024-05-02","0.259","0.254","0.259","0.224","2.50%"
"2024-05-01","0.252","0.254","0.255","0.225","-0.98%"
"2024-04-30","0.255","0.228","0.255","0.225","0.51%"
"2024-04-29","0.254","0.229","0.254","0.228","0.00%"
"2024-04-26","0.254","0.241","0.275","0.229","-8.18%"
"2024-04-25","0.276","0.241","0.276","0.236","5.26%"
"2024-04-24","0.262","0.235","0.262","0.235","1.43%"
"2024-04-23","0.259","0.257","0.262","0.234","0.50%"
"2024-04-22","0.257","0.239","0.264","0.230","1.50%"
"2024-04-19","0.254","0.264","0.262","0.224","-3.35%"
"2024-04-18","0.262","0.264","0.264","0.235","-1.87%"
"2024-04-17","0.268","0.266","0.271","0.241","0.94%"
"2024-04-16","0.265","0.262","0.266","0.233","2.91%"
"2024-04-15","0.257","0.259","0.259","0.224","1.50%"
"2024-04-12","0.254","0.259","0.257","0.222","-1.48%"
"2024-04-11","0.257","0.259","0.262","0.230","8.97%"
"2024-04-10","0.236","0.207","0.236","0.201","5.02%"
"2024-04-09","0.225","0.224","0.226","0.194","1.67%"
"2024-04-08","0.221","0.195","0.221","0.192","2.31%"
"2024-04-05","0.216","0.213","0.216","0.186","2.37%"
"2024-04-04","0.211","0.213","0.213","0.183","0.62%"
"2024-04-03","0.210","0.184","0.210","0.183","-0.62%"
"2024-04-02","0.211","0.210","0.215","0.181","17.39%"
"2024-04-01","0.180","0.180","0.213","0.180","-3.33%"
"2024-03-29","0.186","0.185","0.213","0.184","-12.91%"
"2024-03-28","0.214","0.185","0.214","0.183","-0.56%"
"2024-03-27","0.215","0.188","0.218","0.186","-0.60%"
"2024-03-26","0.216","0.189","0.221","0.189","-2.79%"
"2024-03-25","0.222","0.194","0.228","0.194","-2.20%"
"2024-03-22","0.228","0.195","0.230","0.200","3.41%"
"2024-03-21","0.220","0.195","0.221","0.181","13.52%"
"2024-03-20","0.194","0.170","0.180","0.170","0.00%"
"2024-03-19","0.194","0.156","0.195","0.154","8.39%"
"2024-03-18","0.179","0.156","0.183","0.153","-2.72%"
"2024-03-17","0.184","0.184","0.184","0.159","0.00%"
"2024-03-15","0.184","0.160","0.192","0.151","-3.92%"
"2024-03-14","0.191","0.160","0.192","0.159","2.03%"
"2024-03-13","0.188","0.164","0.188","0.161","2.74%"
"2024-03-12","0.183","0.160","0.190","0.160","-4.60%"
"2024-03-11","0.191","0.168","0.195","0.165","12.53%"
"2024-03-10","0.170","0.195","0.195","0.165","-12.82%"
"2024-03-09","0.195","0.195","0.195","0.195","0.00%"
"2024-03-08","0.195","0.169","0.195","0.164","1.30%"
"2024-03-07","0.192","0.169","0.192","0.160","21.30%"
"2024-03-06","0.159","0.159","0.183","0.154","-9.31%"
"2024-03-05","0.175","0.153","0.177","0.150","-2.13%"
"2024-03-04","0.179","0.155","0.179","0.149","20.24%"
"2024-03-03","0.149","0.175","0.175","0.149","-15.03%"
"2024-03-01","0.175","0.157","0.181","0.151","-2.78%"
"2024-02-29","0.180","0.157","0.180","0.151","2.10%"
"2024-02-28","0.176","0.154","0.177","0.153","-1.40%"
"2024-02-27","0.179","0.154","0.180","0.153","2.17%"
"2024-02-26","0.175","0.151","0.177","0.150","15.74%"
"2024-02-25","0.151","0.176","0.176","0.151","-14.24%"
"2024-02-23","0.176","0.176","0.176","0.176","0.00%"
"2024-02-22","0.176","0.156","0.177","0.149","-1.40%"
"2024-02-21","0.179","0.156","0.179","0.155","0.73%"
"2024-02-20","0.177","0.154","0.177","0.147","2.90%"
"2024-02-19","0.172","0.149","0.172","0.147","1.47%"
"2024-02-18","0.170","0.170","0.170","0.147","0.00%"
"2024-02-16","0.170","0.146","0.175","0.147","0.71%"
"2024-02-15","0.169","0.146","0.180","0.146","-6.89%"
"2024-02-14","0.181","0.157","0.181","0.147","5.84%"
"2024-02-13","0.171","0.141","0.198","0.139","7.06%"
"2024-02-12","0.160","0.140","0.160","0.140","0.00%"
"2024-02-11","0.160","0.160","0.160","0.160","14.29%"
"2024-02-09","0.140","0.131","0.160","0.132","-8.97%"
"2024-02-08","0.154","0.131","0.154","0.127","-0.77%"
"2024-02-07","0.155","0.132","0.156","0.125","2.45%"
"2024-02-06","0.151","0.129","0.160","0.126","-6.20%"
"2024-02-05","0.161","0.131","0.164","0.131","21.74%"
"2024-02-04","0.132","0.162","0.162","0.120","-18.46%"
"2024-02-03","0.162","0.162","0.162","0.162","0.00%"
"2024-02-02","0.162","0.116","0.165","0.112","16.07%"
"2024-02-01","0.140","0.116","0.142","0.114","-2.64%"
"2024-01-31","0.144","0.121","0.146","0.120","-0.83%"
"2024-01-30","0.145","0.116","0.146","0.111","3.57%"
"2024-01-29","0.140","0.116","0.141","0.111","5.66%"
"2024-01-28","0.132","0.132","0.132","0.110","0.00%"
"2024-01-27","0.132","0.132","0.132","0.132","0.00%"
"2024-01-26","0.132","0.120","0.141","0.104","-7.02%"
"2024-01-25","0.142","0.120","0.142","0.105","6.50%"
"2024-01-24","0.134","0.109","0.135","0.106","11.50%"
"2024-01-23","0.120","0.096","0.121","0.075","14.29%"
"2024-01-22","0.105","0.081","0.108","0.080","29.31%"
"2024-01-21","0.081","0.106","0.106","0.081","-23.61%"
"2024-01-20","0.106","0.106","0.106","0.106","0.00%"
"2024-01-19","0.106","0.085","0.106","0.083","25.06%"
"2024-01-18","0.085","0.085","0.108","0.079","-13.97%"
"2024-01-17","0.099","0.075","0.102","0.075","5.33%"
"2024-01-16","0.094","0.071","0.095","0.061","19.04%"
"2024-01-15","0.079","0.056","0.081","0.055","43.27%"
"2024-01-14","0.055","0.079","0.079","0.055","-30.20%"
"2024-01-12","0.079","0.052","0.079","0.051","0.00%"
"2024-01-11","0.079","0.083","0.083","0.054","-5.97%"
"2024-01-10","0.084","0.063","0.087","0.059","-5.63%"
"2024-01-09","0.089","0.091","0.091","0.061","-1.33%"
"2024-01-08","0.090","0.090","0.090","0.066","0.00%"
"2024-01-05","0.090","0.090","0.090","0.090","-10.00%"
"2024-01-04","0.100","0.100","0.100","0.100","-3.66%"
"2024-01-03","0.104","0.104","0.104","0.104","0.00%"
"2024-01-02","0.104","0.104","0.104","0.104","0.00%"
"2024-01-01","0.104","0.104","0.104","0.104","0.00%"
"2023-12-31","0.104","0.104","0.104","0.104","0.00%"
"2023-12-29","0.104","0.079","0.104","0.079","1.27%"
"2023-12-28","0.102","0.079","0.104","0.074","-2.38%"
"2023-12-27","0.105","0.081","0.126","0.078","9.15%"
"2023-12-26","0.096","0.096","0.127","0.094","5.48%"
"2023-12-25","0.091","0.091","0.129","0.089","-29.19%"
"2023-12-24","0.129","0.129","0.129","0.105","22.67%"
"2023-12-22","0.105","0.104","0.129","0.101","1.25%"
"2023-12-21","0.104","0.104","0.127","0.099","-7.82%"
"2023-12-20","0.112","0.090","0.120","0.090","-7.25%"
"2023-12-19","0.121","0.101","0.134","0.095","-18.48%"
"2023-12-18","0.149","0.124","0.150","0.123","15.62%"
"2023-12-17","0.129","0.150","0.150","0.127","-14.20%"
"2023-12-15","0.150","0.101","0.150","0.106","15.38%"
"2023-12-14","0.130","0.101","0.130","0.094","4.00%"
"2023-12-13","0.125","0.105","0.127","0.094","-2.95%"
"2023-12-12","0.129","0.102","0.132","0.096","-3.74%"
"2023-12-11","0.134","0.111","0.151","0.109","-0.89%"
"2023-12-10","0.135","0.151","0.151","0.124","-10.77%"
"2023-12-08","0.151","0.114","0.153","0.115","14.19%"
"2023-12-07","0.132","0.114","0.145","0.090","29.27%"
"2023-12-06","0.102","0.080","0.105","0.074","3.74%"
"2023-12-05","0.099","0.078","0.109","0.072","-10.18%"
"2023-12-04","0.110","0.085","0.111","0.081","31.42%"
"2023-12-03","0.084","0.111","0.111","0.084","-24.80%"
"2023-12-01","0.111","0.086","0.116","0.090","1.18%"
"2023-11-30","0.110","0.086","0.110","0.066","11.34%"
"2023-11-29","0.099","0.076","0.108","0.074","-9.19%"
"2023-11-28","0.109","0.086","0.112","0.080","-4.39%"
"2023-11-27","0.114","0.093","0.116","0.089","-1.04%"
"2023-11-26","0.115","0.115","0.115","0.093","0.00%"
"2023-11-24","0.115","0.078","0.116","0.081","15.00%"
"2023-11-23","0.100","0.078","0.080","0.078","0.00%"
"2023-11-22","0.100","0.074","0.100","0.076","6.61%"
"2023-11-21","0.094","0.074","0.104","0.072","-10.67%"
"2023-11-20","0.105","0.081","0.108","0.078","31.25%"
"2023-11-19","0.080","0.101","0.101","0.078","-21.03%"
"2023-11-18","0.101","0.101","0.101","0.101","0.00%"
"2023-11-17","0.101","0.094","0.109","0.076","-7.91%"
"2023-11-16","0.110","0.094","0.119","0.089","-8.33%"
"2023-11-15","0.120","0.095","0.125","0.095","-3.07%"
"2023-11-14","0.124","0.111","0.136","0.100","-9.96%"
"2023-11-13","0.138","0.112","0.139","0.110","23.65%"
"2023-11-12","0.111","0.132","0.132","0.109","-16.08%"
"2023-11-11","0.132","0.132","0.132","0.132","0.00%"
"2023-11-10","0.132","0.109","0.134","0.109","-1.85%"
"2023-11-09","0.135","0.109","0.135","0.106","0.00%"
"2023-11-08","0.135","0.114","0.144","0.108","-6.90%"
"2023-11-07","0.145","0.120","0.145","0.083","74.49%"
"2023-11-06","0.083","0.083","0.149","0.081","-29.99%"
"2023-11-05","0.119","0.146","0.146","0.089","-18.87%"
"2023-11-04","0.146","0.092","0.146","0.092","59.19%"
"2023-11-03","0.092","0.092","0.092","0.092","0.00%"
"2023-11-02","0.092","0.131","0.153","0.084","-3.87%"
"2023-11-01","0.096","0.131","0.153","0.082","20.40%"
"2023-10-31","0.079","0.079","0.146","0.078","-0.75%"
"2023-10-30","0.080","0.079","0.147","0.070","-21.95%"
"2023-10-29","0.102","0.124","0.124","0.100","47.69%"
"2023-10-28","0.069","0.069","0.069","0.069","-43.94%"
"2023-10-27","0.124","0.119","0.124","0.066","90.46%"
"2023-10-26","0.065","0.119","0.119","0.062","4.00%"
"2023-10-25","0.063","0.115","0.123","0.059","-13.07%"
"2023-10-24","0.072","0.071","0.125","0.068","-0.83%"
"2023-10-23","0.072","0.101","0.125","0.068","-26.55%"
"2023-10-22","0.099","0.119","0.119","0.067","-16.92%"
"2023-10-20","0.119","0.066","0.121","0.061","79.19%"
"2023-10-19","0.066","0.066","0.119","0.061","9.41%"
"2023-10-18","0.061","0.083","0.108","0.056","24.18%"
"2023-10-17","0.049","0.048","0.097","0.046","7.02%"
"2023-10-16","0.046","0.087","0.089","0.043","7.29%"
"2023-10-15","0.043","0.086","0.086","0.043","-5.56%"
"2023-10-14","0.045","0.045","0.045","0.045","-47.80%"
"2023-10-13","0.086","0.068","0.087","0.044","112.32%"
"2023-10-12","0.041","0.037","0.085","0.037","4.64%"
"2023-10-11","0.039","0.056","0.083","0.038","-8.71%"
"2023-10-10","0.043","0.056","0.086","0.038","-51.43%"
"2023-10-09","0.087","0.087","0.087","0.041","0.00%"
"2023-10-08","0.087","0.087","0.087","0.087","108.83%"
"2023-10-07","0.042","0.042","0.042","0.042","-52.11%"
"2023-10-06","0.087","0.046","0.090","0.041","79.30%"
"2023-10-05","0.049","0.066","0.091","0.045","0.00%"
"2023-10-04","0.049","0.068","0.094","0.046","7.02%"
"2023-10-03","0.046","0.063","0.085","0.044","0.00%"
"2023-10-02","0.046","0.065","0.087","0.046","-28.41%"
"2023-10-01","0.064","0.084","0.085","0.048","-23.99%"
"2023-09-30","0.084","0.084","0.084","0.084","0.00%"
"2023-09-29","0.084","0.066","0.089","0.047","65.61%"
"2023-09-28","0.051","0.069","0.090","0.049","3.69%"
"2023-09-27","0.049","0.049","0.087","0.044","1.46%"
"2023-09-26","0.048","0.069","0.089","0.047","-2.63%"
"2023-09-25","0.049","0.072","0.093","0.046","-2.37%"
"2023-09-24","0.051","0.050","0.093","0.050","1.20%"
"2023-09-23","0.050","0.050","0.050","0.050","-45.24%"
"2023-09-22","0.091","0.056","0.097","0.050","69.70%"
"2023-09-21","0.054","0.069","0.096","0.050","8.91%"
"2023-09-20","0.049","0.070","0.090","0.049","-2.37%"
"2023-09-19","0.051","0.049","0.091","0.049","3.69%"
"2023-09-18","0.049","0.047","0.087","0.047","-43.39%"
"2023-09-17","0.086","0.086","0.086","0.086","0.00%"
"2023-09-15","0.086","0.054","0.095","0.047","55.04%"
"2023-09-14","0.056","0.056","0.097","0.054","-4.30%"
"2023-09-13","0.058","0.065","0.101","0.049","16.20%"
"2023-09-12","0.050","0.064","0.087","0.046","9.65%"
"2023-09-11","0.046","0.021","0.083","0.021","-4.00%"
"2023-09-10","0.047","0.036","0.049","0.014","30.85%"
"2023-09-08","0.036","0.016","0.036","0.011","221.24%"
"2023-09-07","0.011","0.018","0.038","0.011","-5.04%"
"2023-09-06","0.012","0.018","0.038","0.012","-9.16%"
"2023-09-05","0.013","0.019","0.039","0.013","-65.07%"
"2023-09-04","0.038","0.018","0.039","0.013","100.53%"
"2023-09-03","0.019","0.038","0.038","0.016","65.49%"
"2023-09-01","0.011","0.011","0.039","0.011","-13.74%"
"2023-08-31","0.013","0.016","0.040","0.011","10.08%"
"2023-08-30","0.012","0.011","0.038","0.011","5.31%"
"2023-08-29","0.011","0.010","0.038","0.009","0.00%"
"2023-08-28","0.011","0.016","0.036","0.011","-5.04%"
"2023-08-27","0.012","0.036","0.036","0.011","12.26%"
"2023-08-25","0.011","0.015","0.036","0.011","0.00%"
"2023-08-24","0.011","0.011","0.038","0.009","-19.08%"
"2023-08-23","0.013","0.014","0.039","0.011","0.00%"
"2023-08-22","0.013","0.014","0.016","0.013","4.80%"
"2023-08-21","0.013","0.015","0.036","0.010","25.00%"
"2023-08-20","0.010","0.009","0.034","0.009","0.00%"
"2023-08-18","0.010","0.018","0.038","0.009","-27.54%"
"2023-08-17","0.014","0.010","0.039","0.010","70.37%"
"2023-08-16","0.008","0.009","0.032","0.006","8.00%"
"2023-08-15","0.007","0.006","0.034","0.006","-73.96%"
"2023-08-14","0.029","0.011","0.029","0.005","188.00%"
"2023-08-13","0.010","0.024","0.024","0.002","300.00%"
"2023-08-11","0.002","0.002","0.002","0.002","0.00%"
"2023-08-10","0.002","0.002","0.024","0.001","-516.67%"
"2023-08-09","-0.001","0.005","0.025","-0.002","-108.70%"
"2023-08-08","0.007","0.013","0.031","0.005","-26.60%"
"2023-08-07","0.009","0.013","0.069","0.006","-24.80%"
"2023-08-06","0.013","0.015","0.039","0.011","-16.67%"
"2023-08-05","0.015","0.015","0.015","0.015","-60.00%"
"2023-08-04","0.038","0.026","0.045","0.016","82.04%"
"2023-08-03","0.021","0.013","0.051","0.010","-31.33%"
"2023-08-02","0.030","0.001","0.031","0.001","-1,678.95%"
"2023-08-01","-0.002","-0.006","0.020","-0.006","-110.86%"
"2023-07-31","0.018","-0.010","0.019","-0.011","-333.33%"
"2023-07-30","-0.007","0.010","0.011","-0.011","-175.00%"
"2023-07-29","0.010","0.010","0.010","0.010","0.00%"
"2023-07-28","0.010","-0.006","0.011","-0.011","669.23%"
"2023-07-27","0.001","-0.016","0.002","-0.021","-107.98%"
"2023-07-26","-0.016","-0.014","0.005","-0.020","-358.73%"
"2023-07-25","0.006","-0.011","0.006","-0.016","-155.75%"
"2023-07-24","-0.011","-0.008","0.009","-0.014","28.41%"
"2023-07-23","-0.009","0.009","0.009","-0.013","-200.00%"
"2023-07-21","0.009","-0.004","0.011","-0.013","-29.60%"
"2023-07-20","0.013","-0.009","0.014","-0.013","-254.32%"
"2023-07-19","-0.008","-0.011","0.014","-0.011","-313.16%"
"2023-07-18","0.004","-0.007","0.016","-0.018","-72.46%"
"2023-07-17","0.014","0.014","0.014","-0.006","0.00%"
"2023-07-16","0.014","-0.005","0.014","-0.005","0.00%"
"2023-07-14","0.014","-0.006","0.018","-0.010","10.40%"
"2023-07-13","0.013","-0.001","0.015","-0.013","-428.95%"
"2023-07-12","-0.004","0.001","0.020","-0.005","-117.84%"
"2023-07-11","0.021","0.006","0.027","0.001","-29.00%"
"2023-07-10","0.030","0.004","0.030","0.002","500.00%"
"2023-07-09","0.005","0.027","0.027","0.002","-81.82%"
"2023-07-08","0.027","0.027","0.027","0.027","0.00%"
"2023-07-07","0.027","0.006","0.029","0.002","1,347.37%"
"2023-07-06","0.002","-0.005","0.027","-0.005","-130.16%"
"2023-07-05","-0.006","-0.004","0.015","-0.007","-138.65%"
"2023-07-04","0.016","-0.001","0.019","-0.007","-18.50%"
"2023-07-03","0.020","-0.002","0.021","-0.004","1,566.67%"
"2023-07-02","0.001","0.020","0.021","0.001","-300.00%"
"2023-07-01","-0.001","-0.001","-0.001","-0.001","-103.00%"
"2023-06-30","0.020","-0.003","0.021","-0.003","-554.55%"
"2023-06-29","-0.004","-0.006","0.018","-0.006","-12.00%"
"2023-06-28","-0.005","-0.008","0.018","-0.008","-144.25%"
"2023-06-27","0.011","-0.014","0.013","-0.014","-181.88%"
"2023-06-26","-0.014","-0.013","0.009","-0.016","0.00%"
"2023-06-25","-0.014","0.007","0.009","-0.014","10.40%"
"2023-06-23","-0.013","-0.007","0.011","-0.014","54.32%"
"2023-06-22","-0.008","-0.007","0.014","-0.010","17.39%"
"2023-06-21","-0.007","-0.006","0.015","-0.009","9.52%"
"2023-06-20","-0.006","-0.001","0.019","-0.009","103.23%"
"2023-06-19","-0.003","0.001","0.025","-0.003","-224.00%"
"2023-06-18","0.002","0.025","0.025","0.002","92.31%"
"2023-06-17","0.001","0.001","0.001","0.001","-94.80%"
"2023-06-16","0.025","0.005","0.026","0.001","-9.09%"
"2023-06-15","0.027","0.006","0.027","0.001","2,015.38%"
"2023-06-14","0.001","0.007","0.027","0.001","-95.49%"
"2023-06-13","0.029","0.009","0.029","-0.002","1,052.00%"
"2023-06-12","0.002","0.001","0.034","0.001","-75.00%"
"2023-06-11","0.010","0.002","0.034","0.002","426.32%"
"2023-06-09","0.002","0.011","0.034","0.002","-94.38%"
"2023-06-08","0.034","0.014","0.036","0.003","503.57%"
"2023-06-07","0.006","0.002","0.034","0.002","194.74%"
"2023-06-06","0.002","0.004","0.031","0.002","-94.38%"
"2023-06-05","0.034","0.011","0.034","0.004","1,252.00%"
"2023-06-04","0.002","0.001","0.031","0.001","-91.67%"
"2023-06-02","0.030","0.009","0.030","0.001","0.00%"
"2023-06-01","0.030","0.004","0.030","0.004","689.47%"
"2023-05-31","0.004","0.010","0.011","0.001","-13.64%"
"2023-05-30","0.004","0.008","0.041","0.003","-53.19%"
"2023-05-29","0.009","0.021","0.043","0.009","-21.01%"
"2023-05-28","0.012","0.011","0.043","0.011","0.00%"
"2023-05-26","0.012","0.024","0.044","0.011","0.00%"
"2023-05-25","0.012","0.021","0.045","0.010","26.60%"
"2023-05-24","0.009","0.024","0.045","0.007","-79.70%"
"2023-05-23","0.046","0.021","0.046","0.007","2.89%"
"2023-05-22","0.045","0.009","0.045","0.007","112.26%"
"2023-05-21","0.021","0.045","0.045","0.021","0.00%"
"2023-05-19","0.021","0.011","0.049","0.009","-56.56%"
"2023-05-18","0.049","0.024","0.049","0.007","502.47%"
"2023-05-17","0.008","0.012","0.047","0.006","-82.95%"
"2023-05-16","0.047","0.013","0.050","0.012","262.60%"
"2023-05-15","0.013","0.027","0.052","0.012","-50.00%"
"2023-05-14","0.026","0.050","0.050","0.010","-47.60%"
"2023-05-13","0.050","0.050","0.050","0.050","342.48%"
"2023-05-12","0.011","0.011","0.051","0.007","-13.74%"
"2023-05-11","0.013","0.027","0.050","0.010","23.58%"
"2023-05-10","0.011","0.031","0.054","0.009","-23.19%"
"2023-05-09","0.014","0.036","0.056","0.014","-8.00%"
"2023-05-08","0.015","0.034","0.056","0.014","-53.85%"
"2023-05-07","0.032","0.016","0.055","0.016","99.39%"
"2023-05-06","0.016","0.016","0.016","0.016","-69.70%"
"2023-05-05","0.054","0.054","0.054","0.054","0.00%"
"2023-05-04","0.054","0.054","0.054","0.054","0.00%"
"2023-05-03","0.054","0.054","0.054","0.054","0.00%"
"2023-05-02","0.054","0.016","0.055","0.014","53.71%"
"2023-05-01","0.035","0.035","0.056","0.015","3.86%"
"2023-04-30","0.034","0.015","0.056","0.014","-40.14%"
"2023-04-29","0.056","0.056","0.056","0.056","0.00%"
"2023-04-28","0.056","0.022","0.063","0.014","190.21%"
"2023-04-27","0.019","0.019","0.065","0.019","10.86%"
"2023-04-26","0.018","0.035","0.065","0.013","7.36%"
"2023-04-25","0.016","0.012","0.064","0.011","63.00%"
"2023-04-24","0.010","0.036","0.060","0.007","-30.56%"
"2023-04-23","0.014","0.058","0.058","0.014","-74.96%"
"2023-04-21","0.058","0.036","0.060","0.007","283.33%"
"2023-04-20","0.015","0.021","0.070","0.014","-33.33%"
"2023-04-19","0.023","0.021","0.071","0.020","2.74%"
"2023-04-18","0.022","0.049","0.074","0.021","-69.79%"
"2023-04-17","0.072","0.026","0.075","0.026","197.13%"
"2023-04-16","0.024","0.072","0.072","0.023","-66.34%"
"2023-04-14","0.072","0.043","0.072","0.018","328.99%"
"2023-04-13","0.017","0.016","0.064","0.014","0.00%"
"2023-04-12","0.017","0.045","0.066","0.015","-17.96%"
"2023-04-11","0.021","0.052","0.084","0.020","-23.42%"
"2023-04-10","0.027","0.029","0.085","0.025","-6.60%"
"2023-04-09","0.029","0.085","0.085","0.028","-2.04%"
"2023-04-08","0.029","0.029","0.029","0.029","0.00%"
"2023-04-07","0.029","0.058","0.059","0.029","-64.92%"
"2023-04-06","0.084","0.029","0.085","0.029","157.85%"
"2023-04-05","0.032","0.032","0.084","0.030","-7.14%"
"2023-04-04","0.035","0.036","0.086","0.032","-60.00%"
"2023-04-03","0.087","0.068","0.090","0.034","32.18%"
"2023-04-02","0.066","0.090","0.090","0.065","79.40%"
"2023-04-01","0.037","0.037","0.037","0.037","-59.00%"
"2023-03-31","0.090","0.036","0.091","0.034","171.90%"
"2023-03-30","0.033","0.063","0.085","0.031","0.00%"
"2023-03-29","0.033","0.032","0.085","0.028","0.00%"
"2023-03-28","0.033","0.065","0.087","0.031","-3.78%"
"2023-03-27","0.034","0.058","0.089","0.031","-41.40%"
"2023-03-26","0.059","0.031","0.081","0.031","-27.80%"
"2023-03-24","0.081","0.054","0.085","0.030","159.74%"
"2023-03-23","0.031","0.089","0.089","0.029","-64.23%"
"2023-03-22","0.087","0.069","0.089","0.032","29.63%"
"2023-03-21","0.068","0.040","0.064","0.025","0.00%"
"2023-03-20","0.068","0.089","0.089","0.021","120.59%"
"2023-03-19","0.031","0.090","0.090","0.031","-66.00%"
"2023-03-17","0.090","0.080","0.091","0.033","14.21%"
"2023-03-16","0.079","0.035","0.085","0.017","117.08%"
"2023-03-15","0.036","0.050","0.089","0.014","163.04%"
"2023-03-14","0.014","-0.001","0.072","-0.010","-36.99%"
"2023-03-13","0.022","0.036","0.100","-0.013","-42.52%"
"2023-03-12","0.038","0.100","0.100","0.038","-9.07%"
"2023-03-11","0.042","0.042","0.042","0.042","-58.10%"
"2023-03-10","0.100","0.081","0.105","0.036","-10.15%"
"2023-03-09","0.111","0.101","0.117","0.043","165.63%"
"2023-03-08","0.042","0.105","0.105","0.042","-1.41%"
"2023-03-07","0.043","0.109","0.109","0.041","-10.53%"
"2023-03-06","0.047","0.084","0.112","0.047","-44.12%"
"2023-03-05","0.085","0.112","0.112","0.085","67.98%"
"2023-03-03","0.051","0.091","0.116","0.051","-10.12%"
"2023-03-02","0.056","0.120","0.120","0.056","0.00%"
"2023-03-01","0.056","0.057","0.119","0.054","-53.08%"
"2023-02-28","0.120","0.125","0.125","0.056","95.76%"
"2023-02-27","0.061","0.124","0.126","0.058","-34.58%"
"2023-02-26","0.094","0.058","0.123","0.057","-23.51%"
"2023-02-25","0.123","0.123","0.123","0.123","0.00%"
"2023-02-24","0.123","0.058","0.123","0.056","102.15%"
"2023-02-23","0.061","0.060","0.094","0.059","1.00%"
"2023-02-22","0.060","0.124","0.124","0.056","-0.99%"
"2023-02-21","0.061","0.059","0.125","0.057","4.30%"
"2023-02-20","0.058","0.120","0.120","0.056","4.50%"
"2023-02-19","0.056","0.119","0.119","0.056","-1.24%"
"2023-02-17","0.056","0.058","0.121","0.056","0.00%"
"2023-02-16","0.056","0.114","0.116","0.052","4.65%"
"2023-02-15","0.054","0.055","0.115","0.050","3.66%"
"2023-02-14","0.052","0.050","0.112","0.049","-52.82%"
"2023-02-13","0.110","0.131","0.131","0.049","64.42%"
"2023-02-12","0.067","0.129","0.129","0.067","-48.54%"
"2023-02-10","0.130","0.117","0.131","0.056","123.75%"
"2023-02-09","0.058","0.058","0.117","0.057","1.04%"
"2023-02-08","0.058","0.117","0.117","0.058","-2.21%"
"2023-02-07","0.059","0.059","0.119","0.058","2.26%"
"2023-02-06","0.058","0.114","0.119","0.053","9.52%"
"2023-02-05","0.052","0.112","0.112","0.052","-53.33%"
"2023-02-03","0.112","0.051","0.112","0.049","114.29%"
"2023-02-02","0.052","0.052","0.111","0.049","-2.42%"
"2023-02-01","0.054","0.055","0.114","0.051","-53.22%"
"2023-01-31","0.115","0.055","0.116","0.050","0.00%"
"2023-01-30","0.115","0.076","0.115","0.051","100.00%"
"2023-01-29","0.058","0.078","0.078","0.058","-25.81%"
"2023-01-28","0.078","0.078","0.078","0.078","31.80%"
"2023-01-27","0.059","0.062","0.079","0.058","2.26%"
"2023-01-26","0.058","0.061","0.078","0.058","-4.17%"
"2023-01-25","0.060","0.059","0.079","0.057","-3.07%"
"2023-01-24","0.062","0.066","0.085","0.061","-28.19%"
"2023-01-23","0.086","0.074","0.093","0.063","-6.81%"
"2023-01-22","0.093","0.093","0.093","0.093","27.59%"
"2023-01-21","0.072","0.072","0.072","0.072","-21.62%"
"2023-01-20","0.093","0.080","0.097","0.072","-6.38%"
"2023-01-19","0.099","0.066","0.102","0.058","32.80%"
"2023-01-18","0.074","0.076","0.104","0.049","-1.59%"
"2023-01-17","0.076","0.101","0.116","0.074","-35.66%"
"2023-01-16","0.117","0.104","0.180","0.070","13.20%"
"2023-01-15","0.104","0.099","0.180","0.099","5.06%"
"2023-01-14","0.099","0.099","0.099","0.099","-45.11%"
"2023-01-13","0.180","0.136","0.183","0.097","49.25%"
"2023-01-12","0.121","0.165","0.211","0.094","18.35%"
"2023-01-11","0.102","0.102","0.168","0.096","-37.29%"
"2023-01-10","0.162","0.069","0.165","0.069","136.19%"
"2023-01-09","0.069","0.069","0.121","0.069","-43.28%"
"2023-01-08","0.121","0.121","0.121","0.121","0.00%"
"2023-01-06","0.121","0.076","0.123","0.057","58.98%"
"2023-01-05","0.076","0.102","0.154","0.076","-25.56%"
"2023-01-04","0.102","0.078","0.154","0.078","31.24%"
"2023-01-03","0.078","0.078","0.078","0.078","-39.92%"
"2023-01-02","0.130","0.130","0.130","0.130","0.00%"
"2023-01-01","0.130","0.130","0.130","0.130","67.74%"
"2022-12-30","0.078","0.098","0.149","0.076","-20.02%"
"2022-12-29","0.097","0.103","0.155","0.097","-4.34%"
"2022-12-28","0.101","0.116","0.166","0.101","-12.37%"
"2022-12-27","0.116","0.112","0.118","0.112","5.67%"
"2022-12-26","0.109","0.113","0.168","0.108","-34.69%"
"2022-12-25","0.168","0.114","0.168","0.114","0.00%"
"2022-12-23","0.168","0.100","0.168","0.099","17.54%"
"2022-12-22","0.142","0.108","0.151","0.085","32.56%"
"2022-12-21","0.108","0.087","0.157","0.087","26.47%"
"2022-12-20","0.085","0.047","0.121","0.047","74.18%"
"2022-12-19","0.049","0.042","0.083","0.041","14.82%"
"2022-12-18","0.043","0.071","0.071","0.041","6.25%"
"2022-12-16","0.040","0.041","0.075","0.039","-47.58%"
"2022-12-15","0.076","0.036","0.076","0.036","114.33%"
"2022-12-14","0.036","0.037","0.069","0.035","-8.25%"
"2022-12-13","0.039","0.038","0.068","0.038","1.84%"
"2022-12-12","0.038","0.040","0.071","0.038","-6.16%"
"2022-12-11","0.041","0.039","0.071","0.039","4.64%"
"2022-12-10","0.039","0.039","0.039","0.039","0.00%"
"2022-12-09","0.039","0.039","0.072","0.038","-45.51%"
"2022-12-08","0.071","0.038","0.071","0.037","75.37%"
"2022-12-07","0.041","0.040","0.071","0.039","-3.10%"
"2022-12-06","0.042","0.039","0.071","0.039","11.73%"
"2022-12-05","0.038","0.035","0.065","0.035","-41.22%"
"2022-12-04","0.064","0.064","0.064","0.064","0.00%"
"2022-12-02","0.064","0.036","0.066","0.035","75.76%"
"2022-12-01","0.036","0.035","0.037","0.034","-46.22%"
"2022-11-30","0.068","0.036","0.068","0.035","92.86%"
"2022-11-29","0.035","0.038","0.065","0.034","-3.58%"
"2022-11-28","0.036","0.037","0.068","0.036","-3.20%"
"2022-11-27","0.038","0.038","0.068","0.038","-44.44%"
"2022-11-25","0.068","0.064","0.068","0.035","3.85%"
"2022-11-24","0.065","0.068","0.068","0.034","92.31%"
"2022-11-23","0.034","0.034","0.034","0.033","-49.02%"
"2022-11-22","0.066","0.034","0.066","0.034","104.00%"
"2022-11-21","0.032","0.031","0.061","0.031","6.21%"
"2022-11-20","0.031","0.061","0.061","0.030","-50.08%"
"2022-11-18","0.061","0.026","0.061","0.026","179.91%"
"2022-11-17","0.022","0.018","0.052","0.018","29.59%"
"2022-11-16","0.017","0.017","0.046","0.017","-64.42%"
"2022-11-15","0.047","0.020","0.049","0.018","-5.00%"
"2022-11-14","0.050","0.021","0.052","0.020","5.26%"
"2022-11-13","0.047","0.047","0.047","0.047","144.85%"
"2022-11-12","0.019","0.019","0.019","0.019","-59.16%"
"2022-11-11","0.047","0.054","0.054","0.019","69.04%"
"2022-11-10","0.028","0.064","0.064","0.018","-6.33%"
"2022-11-09","0.030","0.031","0.070","0.027","-12.79%"
"2022-11-08","0.034","0.035","0.071","0.032","-51.69%"
"2022-11-07","0.071","0.033","0.072","0.033","5.48%"
"2022-11-06","0.068","0.034","0.068","0.034","96.22%"
"2022-11-04","0.034","0.056","0.068","0.026","48.92%"
"2022-11-03","0.023","0.023","0.026","0.023","-59.83%"
"2022-11-02","0.058","0.021","0.059","0.021","196.39%"
"2022-11-01","0.019","0.058","0.058","0.018","-3.00%"
"2022-10-31","0.020","0.020","0.056","0.020","-6.10%"
"2022-10-30","0.021","0.020","0.054","0.020","9.79%"
"2022-10-29","0.019","0.019","0.019","0.019","0.00%"
"2022-10-28","0.019","0.017","0.054","0.015","0.00%"
"2022-10-27","0.019","0.026","0.063","0.018","-29.45%"
"2022-10-26","0.027","0.031","0.069","0.026","-60.71%"
"2022-10-25","0.070","0.038","0.078","0.031","-11.17%"
"2022-10-24","0.079","0.043","0.085","0.038","85.41%"
"2022-10-23","0.043","0.085","0.085","0.043","-50.00%"
"2022-10-21","0.085","0.032","0.086","0.032","23.55%"
"2022-10-20","0.069","0.030","0.070","0.029","144.84%"
"2022-10-19","0.028","0.027","0.066","0.027","-56.77%"
"2022-10-18","0.065","0.026","0.066","0.025","4.00%"
"2022-10-17","0.063","0.027","0.063","0.025","144.14%"
"2022-10-16","0.026","0.025","0.060","0.024","2.40%"
"2022-10-15","0.025","0.025","0.025","0.025","0.00%"
"2022-10-14","0.025","0.028","0.066","0.024","-62.96%"
"2022-10-13","0.068","0.029","0.069","0.027","140.21%"
"2022-10-12","0.028","0.029","0.069","0.027","-4.42%"
"2022-10-11","0.029","0.029","0.071","0.027","20.49%"
"2022-10-10","0.024","0.065","0.065","0.024","-62.46%"
"2022-10-09","0.065","0.065","0.065","0.065","0.00%"
"2022-10-07","0.065","0.027","0.065","0.024","8.33%"
"2022-10-06","0.060","0.023","0.060","0.023","11.52%"
"2022-10-05","0.054","0.021","0.054","0.019","186.17%"
"2022-10-04","0.019","0.023","0.054","0.019","-63.35%"
"2022-10-03","0.051","0.032","0.065","0.022","-17.92%"
"2022-10-02","0.063","0.032","0.063","0.032","95.92%"
"2022-10-01","0.032","0.032","0.032","0.032","-48.96%"
"2022-09-30","0.063","0.030","0.068","0.030","-9.16%"
"2022-09-29","0.069","0.031","0.071","0.029","89.53%"
"2022-09-28","0.036","0.036","0.075","0.026","-52.42%"
"2022-09-27","0.076","0.036","0.080","0.036","3.39%"
"2022-09-26","0.074","0.027","0.074","0.027","188.28%"
"2022-09-25","0.026","0.065","0.065","0.024","10.82%"
"2022-09-24","0.023","0.023","0.023","0.023","0.00%"
"2022-09-23","0.023","0.023","0.023","0.023","-64.46%"
"2022-09-22","0.065","0.032","0.075","0.021","107.67%"
"2022-09-21","0.031","0.031","0.078","0.028","-56.83%"
"2022-09-20","0.072","0.026","0.074","0.025","183.20%"
"2022-09-19","0.026","0.066","0.066","0.026","-61.39%"
"2022-09-18","0.066","0.066","0.066","0.066","0.00%"
"2022-09-16","0.066","0.023","0.068","0.016","0.00%"
"2022-09-15","0.066","0.023","0.068","0.016","194.67%"
"2022-09-14","0.023","0.023","0.063","0.023","-61.73%"
"2022-09-13","0.059","0.018","0.059","0.017","2.26%"
"2022-09-12","0.058","0.059","0.059","0.019","187.50%"
"2022-09-11","0.020","0.059","0.059","0.020","-65.99%"
"2022-09-09","0.059","0.021","0.060","0.019","185.44%"
"2022-09-08","0.021","0.021","0.064","0.019","-8.44%"
"2022-09-07","0.023","0.025","0.065","0.021","-62.50%"
"2022-09-06","0.060","0.015","0.060","0.014","316.67%"
"2022-09-05","0.014","0.015","0.052","0.014","-7.69%"
"2022-09-04","0.016","0.052","0.052","0.016","-70.29%"
"2022-09-03","0.052","0.052","0.052","0.052","0.00%"
"2022-09-02","0.052","0.014","0.054","0.014","264.58%"
"2022-09-01","0.014","0.012","0.052","0.012","35.85%"
"2022-08-31","0.011","0.011","0.049","0.010","0.00%"
"2022-08-30","0.011","0.013","0.047","0.010","-32.05%"
"2022-08-29","0.016","0.012","0.046","0.012","38.05%"
"2022-08-28","0.011","0.046","0.046","0.011","13.00%"
"2022-08-27","0.010","0.010","0.010","0.010","0.00%"
"2022-08-26","0.010","0.007","0.046","0.007","23.46%"
"2022-08-25","0.008","0.009","0.046","0.007","17.39%"
"2022-08-24","0.007","0.009","0.049","0.004","-14.81%"
"2022-08-23","0.008","0.009","0.051","0.007","8.00%"
"2022-08-22","0.007","0.010","0.051","0.006","-14.77%"
"2022-08-21","0.009","0.049","0.049","0.009","-81.97%"
"2022-08-20","0.049","0.049","0.049","0.049","0.00%"
"2022-08-19","0.049","0.004","0.049","0.004","2.74%"
"2022-08-18","0.047","0.006","0.049","0.004","850.00%"
"2022-08-17","0.005","-0.001","0.046","-0.001","-933.33%"
"2022-08-16","-0.001","-0.003","0.039","-0.003","-76.00%"
"2022-08-15","-0.002","-0.002","0.036","-0.004","-106.89%"
"2022-08-14","0.036","0.036","0.036","0.036","-2,010.53%"
"2022-08-12","-0.002","-0.002","0.038","-0.002","-50.00%"
"2022-08-11","-0.004","-0.004","-0.004","-0.004","0.00%"
"2022-08-10","-0.004","-0.010","0.035","-0.010","-114.45%"
"2022-08-09","0.026","-0.012","0.026","-0.012","-332.74%"
"2022-08-08","-0.011","-0.012","0.024","-0.012","0.00%"
"2022-08-07","-0.011","0.024","0.024","-0.011","-18.12%"
"2022-08-05","-0.014","-0.014","0.024","-0.014","0.00%"
"2022-08-04","-0.014","-0.013","0.021","-0.015","10.40%"
"2022-08-03","-0.013","-0.013","0.021","-0.014","-155.56%"
"2022-08-02","0.023","-0.014","0.024","-0.015","-280.00%"
"2022-08-01","-0.013","-0.011","0.026","-0.014","-147.53%"
"2022-07-31","0.026","0.026","0.026","0.026","-348.11%"
"2022-07-30","-0.011","-0.011","-0.011","-0.011","0.00%"
"2022-07-29","-0.011","-0.009","0.027","-0.013","-136.81%"
"2022-07-28","0.029","-0.002","0.034","-0.009","-857.89%"
"2022-07-27","-0.004","-0.002","0.035","-0.006","22.58%"
"2022-07-26","-0.003","-0.002","0.039","-0.005","63.16%"
"2022-07-25","-0.002","0.001","0.040","-0.004","216.67%"
"2022-07-24","-0.001","0.039","0.039","-0.001","-101.55%"
"2022-07-22","0.039","0.006","0.049","0.001","-22.40%"
"2022-07-21","0.050","0.011","0.051","0.007","320.17%"
"2022-07-20","0.012","0.013","0.051","0.011","0.00%"
"2022-07-19","0.012","0.011","0.054","0.010","5.31%"
"2022-07-18","0.011","0.052","0.054","0.011","-78.48%"
"2022-07-17","0.052","0.052","0.052","0.052","0.00%"
"2022-07-15","0.052","0.004","0.055","0.004","733.33%"
"2022-07-14","0.006","0.013","0.049","0.002","-47.06%"
"2022-07-13","0.012","0.011","0.043","0.011","26.60%"
"2022-07-12","0.009","0.011","0.040","0.009","-37.33%"
"2022-07-11","0.015","0.014","0.045","0.011","14.50%"
"2022-07-10","0.013","0.040","0.040","0.011","31.00%"
"2022-07-08","0.010","0.001","0.041","-0.024","-63.64%"
"2022-07-07","0.027","-0.004","0.027","-0.007","-591.07%"
"2022-07-06","-0.006","0.001","0.030","-0.006","-530.77%"
"2022-07-05","0.001","0.003","0.034","-0.024","-105.33%"
"2022-07-04","-0.024","-0.001","0.032","-0.024","-4,166.67%"
"2022-07-03","0.001","0.030","0.030","-0.001","-98.00%"
"2022-07-01","0.030","0.011","0.040","-0.024","-27.36%"
"2022-06-30","0.041","0.019","0.050","0.011","106.50%"
"2022-06-29","0.020","0.022","0.054","0.019","-11.11%"
"2022-06-28","0.023","0.023","0.055","0.022","-57.14%"
"2022-06-27","0.052","0.018","0.054","0.016","170.62%"
"2022-06-26","0.019","0.049","0.049","0.019","7.18%"
"2022-06-24","0.018","0.016","0.049","0.015","-6.70%"
"2022-06-23","0.019","0.028","0.058","0.017","-36.60%"
"2022-06-22","0.031","0.029","0.063","0.029","11.27%"
"2022-06-21","0.027","0.029","0.063","0.027","-56.00%"
"2022-06-20","0.063","0.032","0.063","0.027","104.25%"
"2022-06-19","0.031","0.063","0.063","0.031","-4.08%"
"2022-06-18","0.032","0.032","0.032","0.032","-48.96%"
"2022-06-17","0.063","0.064","0.101","0.027","-39.79%"
"2022-06-16","0.104","0.061","0.108","0.032","43.17%"
"2022-06-15","0.072","0.044","0.108","0.044","-14.71%"
"2022-06-14","0.085","0.051","0.085","0.051","70.00%"
"2022-06-13","0.050","0.002","0.050","-0.024","2,531.58%"
"2022-06-12","0.002","0.027","0.027","-0.002","-93.09%"
"2022-06-10","0.027","-0.014","0.030","-0.014","83.33%"
"2022-06-09","0.015","-0.022","0.015","-0.022","200.00%"
"2022-06-08","0.005","-0.026","0.005","-0.026","-119.01%"
"2022-06-07","-0.026","-0.031","0.001","-0.031","-15.97%"
"2022-06-06","-0.031","-0.031","0.014","-0.032","-1.88%"
"2022-06-05","-0.032","0.014","0.014","-0.032","-3.63%"
"2022-06-04","-0.033","-0.033","-0.033","-0.033","0.00%"
"2022-06-03","-0.033","-0.021","-0.021","-0.034","65.50%"
"2022-06-02","-0.020","-0.016","-0.016","-0.021","28.21%"
"2022-06-01","-0.016","-0.013","0.015","-0.016","-195.71%"
"2022-05-31","0.016","-0.014","0.016","-0.014","30.40%"
"2022-05-30","0.013","0.011","0.013","-0.016","10.62%"
"2022-05-28","0.011","-0.017","0.011","-0.017","-166.86%"
"2022-05-27","-0.017","-0.016","-0.016","-0.017","-249.56%"
"2022-05-26","0.011","-0.019","0.011","-0.019","-158.25%"
"2022-05-25","-0.019","-0.018","0.010","-0.021","-255.20%"
"2022-05-24","0.013","0.013","0.013","-0.017","-180.13%"
"2022-05-23","-0.016","0.015","0.015","-0.016","-204.00%"
"2022-05-22","0.015","0.015","0.015","0.015","0.00%"
"2022-05-21","0.015","-0.014","0.015","-0.014","-204.17%"
"2022-05-20","-0.014","-0.013","0.015","-0.016","-182.29%"
"2022-05-19","0.018","-0.013","0.018","-0.013","16.67%"
"2022-05-18","0.015","0.015","0.016","-0.013","-226.05%"
"2022-05-17","-0.012","-0.013","0.015","-0.013","-9.16%"
"2022-05-16","-0.013","-0.013","0.015","-0.014","0.00%"
"2022-05-15","-0.013","0.014","0.014","-0.013","0.00%"
"2022-05-14","-0.013","-0.013","-0.013","-0.013","-194.93%"
"2022-05-13","0.014","-0.014","0.014","-0.014","10.40%"
"2022-05-12","0.013","-0.012","0.016","-0.014","-28.57%"
"2022-05-11","0.018","-0.009","0.041","-0.011","-333.33%"
"2022-05-10","-0.007","-0.008","0.021","-0.009","19.05%"
"2022-05-09","-0.006","-0.008","0.023","-0.008","-28.41%"
"2022-05-08","-0.009","0.018","0.018","-0.010","-150.29%"
"2022-05-07","0.018","-0.011","0.018","-0.011","0.00%"
"2022-05-06","0.018","-0.007","0.018","-0.009","-6.91%"
"2022-05-05","0.019","-0.007","-0.006","-0.007","0.00%"
"2022-05-04","0.019","0.019","0.019","0.019","0.00%"
"2022-05-03","0.019","0.019","0.019","0.019","-350.67%"
"2022-05-02","-0.007","-0.007","0.020","-0.007","-137.50%"
"2022-05-01","0.020","0.020","0.020","0.020","0.00%"
"2022-04-30","0.020","0.020","0.020","0.020","0.00%"
"2022-04-29","0.020","0.020","0.020","0.020","0.00%"
"2022-04-28","0.020","-0.004","0.021","-0.009","-626.32%"
"2022-04-27","-0.004","-0.004","-0.004","-0.006","22.58%"
"2022-04-26","-0.003","-0.002","0.025","-0.004","-112.40%"
"2022-04-25","0.025","-0.004","0.026","-0.004","11.11%"
"2022-04-24","0.023","0.023","0.023","0.023","0.00%"
"2022-04-23","0.023","-0.003","0.023","-0.003","0.00%"
"2022-04-22","0.023","-0.001","0.029","-0.024","0.00%"
"2022-04-21","0.023","-0.009","0.023","-0.010","-377.78%"
"2022-04-20","-0.008","-0.012","0.019","-0.012","-43.75%"
"2022-04-19","-0.014","-0.014","0.010","-0.014","4.35%"
"2022-04-18","-0.014","-0.012","0.011","-0.014","-222.12%"
"2022-04-17","0.011","0.011","0.011","0.011","0.00%"
"2022-04-16","0.011","0.011","0.011","0.011","-200.00%"
"2022-04-15","-0.011","-0.011","-0.011","-0.012","-200.00%"
"2022-04-14","0.011","-0.001","0.024","-0.014","769.23%"
"2022-04-13","0.001","-0.024","0.029","-0.024","-95.67%"
"2022-04-12","0.030","0.006","0.031","-0.024","435.71%"
"2022-04-11","0.006","0.004","0.030","0.004","-123.53%"
"2022-04-10","-0.024","0.027","0.027","-0.024","-186.55%"
"2022-04-09","0.027","-0.024","0.027","-0.024","-215.55%"
"2022-04-08","-0.024","0.004","0.027","-0.024","-182.64%"
"2022-04-07","0.029","0.006","0.029","0.004","476.00%"
"2022-04-06","0.005","0.005","0.032","0.004","163.16%"
"2022-04-05","0.002","0.001","0.034","-0.024","46.15%"
"2022-04-04","0.001","0.002","0.027","0.001","-105.46%"
"2022-04-03","-0.024","0.027","0.027","-0.024","0.00%"
"2022-04-01","-0.024","-0.001","0.029","-0.024","-200.00%"
"2022-03-31","0.024","0.006","0.030","-0.024","193.83%"
"2022-03-30","0.008","0.006","0.036","-0.024","-23.58%"
"2022-03-29","0.011","0.004","0.036","0.004","-59.70%"
"2022-03-28","0.026","0.021","0.029","-0.024","-4,483.33%"
"2022-03-27","-0.001","0.021","0.021","-0.001","-102.82%"
"2022-03-26","0.021","-0.002","0.021","-0.002","0.00%"
"2022-03-25","0.021","-0.001","0.023","-0.002","6.50%"
"2022-03-24","0.020","-0.004","0.020","-0.004","-6.10%"
"2022-03-23","0.021","0.019","0.021","-0.004","-480.36%"
"2022-03-22","-0.006","-0.006","0.020","-0.007","-129.79%"
"2022-03-21","0.019","0.019","0.019","0.019","0.00%"
"2022-03-20","0.019","0.019","0.019","0.019","0.00%"
"2022-03-19","0.019","-0.007","0.019","-0.007","-350.67%"
"2022-03-18","-0.007","0.019","0.019","-0.009","0.00%"
"2022-03-17","-0.007","-0.007","-0.007","-0.007","8.70%"
"2022-03-16","-0.007","0.018","0.018","-0.008","-14.81%"
"2022-03-15","-0.008","0.018","0.019","-0.010","8.00%"
"2022-03-14","-0.007","-0.006","0.018","-0.008","33.93%"
"2022-03-13","-0.006","0.018","0.018","-0.006","-132.00%"
"2022-03-12","0.018","-0.007","0.018","-0.007","-353.62%"
"2022-03-11","-0.007","-0.006","0.018","-0.007","-136.70%"
"2022-03-10","0.019","-0.007","0.019","-0.009","-332.10%"
"2022-03-09","-0.008","0.016","0.018","-0.009","-7.95%"
"2022-03-08","-0.009","0.018","0.018","-0.010","-12.00%"
"2022-03-07","-0.010","-0.012","0.016","-0.012","-11.50%"
"2022-03-06","-0.011","0.015","0.015","-0.011","-175.33%"
"2022-03-05","0.015","0.015","0.015","0.015","0.00%"
"2022-03-04","0.015","-0.009","0.018","-0.011","-7.98%"
"2022-03-03","0.016","-0.010","0.016","-0.010","18.12%"
"2022-03-02","0.014","-0.013","0.014","-0.017","-284.00%"
"2022-03-01","-0.007","0.021","0.021","-0.013","50.00%"
"2022-02-28","-0.005","-0.003","0.023","-0.006","31.58%"
"2022-02-27","-0.004","-0.003","0.023","-0.004","-116.89%"
"2022-02-26","0.023","0.023","0.023","0.023","-825.81%"
"2022-02-25","-0.003","-0.004","0.023","-0.004","-115.50%"
"2022-02-24","0.020","-0.004","0.020","-0.006","-554.55%"
"2022-02-23","-0.004","-0.004","-0.003","-0.004","15.79%"
"2022-02-22","-0.004","-0.004","0.020","-0.006","52.00%"
"2022-02-21","-0.002","-0.001","0.024","-0.004","92.31%"
"2022-02-20","-0.001","0.024","0.024","-0.001","-105.46%"
"2022-02-19","0.024","0.024","0.024","0.024","0.00%"
"2022-02-18","0.024","0.025","0.025","0.001","1,152.63%"
"2022-02-17","0.002","0.026","0.026","-0.001","216.67%"
"2022-02-16","0.001","0.001","0.025","0.001","-97.72%"
"2022-02-15","0.026","-0.001","0.026","-0.001","23.47%"
"2022-02-14","0.021","-0.002","0.021","-0.005","0.00%"
"2022-02-11","0.021","0.021","0.021","0.021","0.00%"
"2022-02-10","0.021","-0.002","0.021","-0.004","-660.53%"
"2022-02-09","-0.004","0.001","0.001","-0.004","-84.03%"
"2022-02-08","-0.024","0.001","0.007","-0.024","-4,066.67%"
"2022-02-07","0.001","-0.007","0.001","-0.009","-109.52%"
"2022-02-06","-0.006","-0.009","-0.006","-0.009","-32.98%"
"2022-02-05","-0.009","-0.009","-0.009","-0.009","0.00%"
"2022-02-04","-0.009","-0.014","-0.009","-0.014","-42.33%"
"2022-02-03","-0.016","-0.017","-0.014","-0.017","85.23%"
"2022-02-02","-0.009","-0.009","-0.009","-0.009","0.00%"
"2022-02-01","-0.009","-0.009","-0.009","-0.009","0.00%"
"2022-01-31","-0.009","-0.009","-0.009","-0.009","0.00%"
"2022-01-30","-0.009","-0.009","-0.009","-0.009","0.00%"
"2022-01-29","-0.009","-0.009","-0.009","-0.009","0.00%"
"2022-01-28","-0.009","-0.009","-0.009","-0.009","0.00%"
"2022-01-27","-0.009","-0.009","-0.009","-0.009","0.00%"
"2022-01-26","-0.009","-0.009","-0.009","-0.009","0.00%"
"2022-01-25","-0.009","-0.009","-0.009","-0.009","0.00%"
"2022-01-24","-0.009","-0.009","-0.009","-0.009","-227.54%"
"2022-01-22","0.007","0.007","0.007","0.007","0.00%"
"2022-01-21","0.007","0.007","0.007","0.007","0.00%"
"2022-01-20","0.007","0.007","0.007","0.007","0.00%"
"2022-01-19","0.007","0.007","0.007","0.007","-178.41%"
"2022-01-18","-0.009","-0.009","-0.009","-0.009","0.00%"
"2022-01-17","-0.009","-0.009","-0.009","-0.009","0.00%"
"2022-01-16","-0.009","-0.009","-0.009","-0.009","0.00%"
"2022-01-15","-0.009","-0.009","-0.009","-0.009","-227.54%"
"2022-01-14","0.007","0.007","0.007","0.007","0.00%"
"2022-01-13","0.007","0.007","0.007","0.007","0.00%"
"2022-01-12","0.007","0.007","0.007","0.007","0.00%"
"2022-01-11","0.007","0.007","0.007","0.007","0.00%"
"2022-01-10","0.007","0.007","0.007","0.007","0.00%"
"2022-01-07","0.007","0.007","0.007","0.007","9.52%"
"2022-01-06","0.006","0.006","0.007","0.005","43.18%"
"2022-01-05","0.004","-0.032","0.013","-0.032","-150.00%"
"2022-01-04","-0.009","-0.032","-0.032","-0.032","0.00%"
"2022-01-03","-0.009","-0.009","-0.009","-0.009","0.00%"
"2022-01-02","-0.009","-0.009","-0.009","-0.009","0.00%"
"2022-01-01","-0.009","-0.009","-0.009","-0.009","0.00%"
"2021-12-31","-0.009","-0.009","-0.009","-0.009","0.00%"
"2021-12-30","-0.009","-0.034","-0.009","-0.043","-74.86%"
"2021-12-29","-0.035","-0.044","-0.035","-0.044","0.00%"
"2021-12-28","-0.035","-0.035","-0.035","-0.035","0.00%"
"2021-12-27","-0.035","-0.034","-0.034","-0.035","3.55%"
"2021-12-26","-0.034","-0.034","-0.034","-0.034","2.11%"
"2021-12-24","-0.033","-0.033","-0.033","-0.033","-2.07%"
"2021-12-23","-0.034","-0.034","-0.033","-0.034","-22.83%"
"2021-12-22","-0.044","-0.044","-0.044","-0.044","0.00%"
"2021-12-21","-0.044","-0.049","-0.044","-0.049","7.88%"
"2021-12-20","-0.041","-0.050","-0.041","-0.051","0.00%"
"2021-12-19","-0.041","-0.050","-0.041","-0.050","-18.80%"
"2021-12-18","-0.050","-0.050","-0.050","-0.050","0.00%"
"2021-12-17","-0.050","-0.041","-0.041","-0.051","0.00%"
"2021-12-16","-0.050","-0.041","-0.041","-0.050","33.33%"
"2021-12-15","-0.038","-0.037","-0.037","-0.047","-4.82%"
"2021-12-14","-0.039","-0.039","-0.038","-0.039","-21.20%"
"2021-12-13","-0.050","-0.037","-0.037","-0.050","33.33%"
"2021-12-12","-0.038","-0.047","-0.038","-0.047","-21.05%"
"2021-12-11","-0.047","-0.037","-0.037","-0.047","0.00%"
"2021-12-10","-0.047","-0.037","-0.037","-0.047","30.85%"
"2021-12-09","-0.036","-0.045","-0.036","-0.045","-1.63%"
"2021-12-08","-0.037","-0.036","-0.036","-0.037","-20.30%"
"2021-12-07","-0.046","-0.036","-0.035","-0.046","27.55%"
"2021-12-06","-0.036","-0.038","-0.036","-0.047","-6.44%"
"2021-12-03","-0.039","-0.038","-0.038","-0.039","1.84%"
"2021-12-02","-0.038","-0.039","-0.037","-0.039","3.25%"
"2021-12-01","-0.037","-0.039","-0.037","-0.039","-28.07%"
"2021-11-30","-0.051","-0.036","-0.036","-0.051","10.80%"
"2021-11-29","-0.046","-0.036","-0.036","-0.046","2.89%"
"2021-11-28","-0.045","-0.045","-0.045","-0.045","0.00%"
"2021-11-27","-0.045","-0.035","-0.035","-0.045","0.00%"
"2021-11-26","-0.045","-0.035","-0.035","-0.046","28.57%"
"2021-11-25","-0.035","-0.034","-0.034","-0.035","0.00%"
"2021-11-24","-0.035","-0.034","-0.034","-0.046","-3.58%"
"2021-11-23","-0.036","-0.036","-0.035","-0.036","0.00%"
"2021-11-22","-0.036","-0.038","-0.036","-0.047","-3.20%"
"2021-11-21","-0.038","-0.046","-0.037","-0.046","-19.01%"
"2021-11-20","-0.046","-0.046","-0.046","-0.046","27.55%"
"2021-11-19","-0.036","-0.036","-0.036","-0.046","3.71%"
"2021-11-18","-0.035","-0.034","-0.034","-0.045","-22.22%"
"2021-11-17","-0.045","-0.044","-0.034","-0.045","30.81%"
"2021-11-16","-0.034","-0.031","-0.031","-0.035","-19.06%"
"2021-11-15","-0.043","-0.041","-0.041","-0.043","28.40%"
"2021-11-14","-0.033","-0.033","-0.033","-0.033","1.85%"
"2021-11-13","-0.032","-0.032","-0.032","-0.032","0.00%"
"2021-11-12","-0.032","-0.035","-0.032","-0.044","-27.78%"
"2021-11-11","-0.045","-0.037","-0.036","-0.046","-16.36%"
"2021-11-10","-0.054","-0.042","-0.038","-0.054","28.40%"
"2021-11-09","-0.042","-0.039","-0.039","-0.043","-16.20%"
"2021-11-08","-0.050","-0.039","-0.039","-0.050","26.90%"
"2021-11-07","-0.039","-0.049","-0.039","-0.049","-19.26%"
"2021-11-06","-0.049","-0.049","-0.049","-0.049","0.00%"
"2021-11-05","-0.049","-0.033","-0.033","-0.049","62.67%"
"2021-11-04","-0.030","-0.030","-0.030","-0.032","-25.00%"
"2021-11-03","-0.040","-0.040","-0.040","-0.040","0.00%"
"2021-11-02","-0.040","-0.030","-0.029","-0.040","6.67%"
"2021-11-01","-0.038","-0.030","-0.029","-0.040","25.00%"
"2021-10-31","-0.030","-0.031","-0.030","-0.031","-4.15%"
"2021-10-29","-0.031","-0.031","-0.031","-0.040","-3.69%"
"2021-10-28","-0.032","-0.032","-0.031","-0.034","-21.31%"
"2021-10-27","-0.041","-0.033","-0.033","-0.041","24.77%"
"2021-10-26","-0.033","-0.041","-0.033","-0.041","-22.12%"
"2021-10-25","-0.043","-0.034","-0.034","-0.043","0.00%"
"2021-10-24","-0.043","-0.043","-0.043","-0.043","0.00%"
"2021-10-22","-0.043","-0.034","-0.034","-0.044","17.08%"
"2021-10-21","-0.036","-0.036","-0.034","-0.045","1.97%"
"2021-10-20","-0.036","-0.044","-0.035","-0.044","-1.93%"
"2021-10-19","-0.036","-0.036","-0.035","-0.036","3.71%"
"2021-10-18","-0.035","-0.035","-0.035","-0.045","-3.58%"
"2021-10-17","-0.036","-0.037","-0.036","-0.041","-1.63%"
"2021-10-16","-0.037","-0.037","-0.037","-0.037","-10.65%"
"2021-10-15","-0.041","-0.038","-0.038","-0.043","-5.71%"
"2021-10-14","-0.044","-0.034","-0.034","-0.044","62.83%"
"2021-10-13","-0.027","-0.027","-0.027","-0.034","5.08%"
"2021-10-12","-0.026","-0.023","-0.023","-0.027","7.56%"
"2021-10-11","-0.024","-0.024","-0.024","-0.024","0.00%"
"2021-10-10","-0.024","-0.024","-0.024","-0.024","0.00%"
"2021-10-09","-0.024","-0.024","-0.024","-0.024","0.00%"
"2021-10-08","-0.024","-0.024","-0.024","-0.024","0.00%"
"2021-10-07","-0.024","-0.024","-0.024","-0.035","-32.00%"
"2021-10-06","-0.035","-0.025","-0.023","-0.035","30.11%"
"2021-10-05","-0.027","-0.028","-0.026","-0.038","-6.60%"
"2021-10-04","-0.029","-0.028","-0.028","-0.029","4.73%"
"2021-10-03","-0.027","-0.029","-0.027","-0.029","-4.51%"
"2021-10-02","-0.029","-0.029","-0.029","-0.029","0.00%"
"2021-10-01","-0.029","-0.029","-0.029","-0.030","0.00%"
"2021-09-30","-0.029","-0.031","-0.028","-0.041","-5.88%"
"2021-09-29","-0.031","-0.030","-0.030","-0.040","4.08%"
"2021-09-28","-0.029","-0.029","-0.029","-0.039","-26.50%"
"2021-09-27","-0.040","-0.041","-0.030","-0.041","27.80%"
"2021-09-26","-0.031","-0.041","-0.031","-0.041","-24.21%"
"2021-09-25","-0.041","-0.041","-0.041","-0.041","0.00%"
"2021-09-24","-0.041","-0.033","-0.031","-0.043","16.01%"
"2021-09-23","-0.036","-0.036","-0.034","-0.036","-20.89%"
"2021-09-22","-0.045","-0.036","-0.036","-0.045","20.00%"
"2021-09-21","-0.038","-0.038","-0.036","-0.038","-23.16%"
"2021-09-20","-0.049","-0.049","-0.038","-0.049","0.00%"
"2021-09-19","-0.049","-0.049","-0.049","-0.049","30.13%"
"2021-09-18","-0.038","-0.038","-0.038","-0.038","0.00%"
"2021-09-17","-0.038","-0.038","-0.038","-0.050","-7.64%"
"2021-09-16","-0.041","-0.052","-0.039","-0.052","-7.31%"
"2021-09-15","-0.044","-0.041","-0.041","-0.054","-5.40%"
"2021-09-14","-0.046","-0.047","-0.041","-0.055","2.89%"
"2021-09-13","-0.045","-0.043","-0.043","-0.055","7.40%"
"2021-09-12","-0.042","-0.043","-0.042","-0.050","-16.20%"
"2021-09-10","-0.050","-0.045","-0.043","-0.056","7.99%"
"2021-09-09","-0.046","-0.051","-0.046","-0.059","-24.47%"
"2021-09-08","-0.061","-0.052","-0.051","-0.061","-1.92%"
"2021-09-07","-0.063","-0.053","-0.052","-0.064","0.00%"
"2021-09-06","-0.063","-0.054","-0.052","-0.064","-2.04%"
"2021-09-05","-0.064","-0.064","-0.064","-0.064","16.00%"
"2021-09-04","-0.055","-0.055","-0.055","-0.055","0.00%"
"2021-09-03","-0.055","-0.055","-0.055","-0.056","-13.79%"
"2021-09-02","-0.064","-0.055","-0.054","-0.064","18.59%"
"2021-09-01","-0.054","-0.054","-0.054","-0.054","-4.44%"
"2021-08-31","-0.056","-0.056","-0.055","-0.065","2.36%"
"2021-08-30","-0.055","-0.063","-0.054","-0.063","-12.00%"
"2021-08-29","-0.063","-0.063","-0.063","-0.063","16.17%"
"2021-08-28","-0.054","-0.054","-0.054","-0.054","0.00%"
"2021-08-27","-0.054","-0.054","-0.054","-0.054","2.48%"
"2021-08-26","-0.052","-0.052","-0.052","-0.054","0.00%"
"2021-08-25","-0.052","-0.063","-0.051","-0.063","5.00%"
"2021-08-24","-0.050","-0.059","-0.050","-0.059","0.00%"
"2021-08-23","-0.050","-0.059","-0.050","-0.059","-14.97%"
"2021-08-22","-0.059","-0.059","-0.059","-0.059","17.60%"
"2021-08-21","-0.050","-0.050","-0.050","-0.050","0.00%"
"2021-08-20","-0.050","-0.050","-0.050","-0.050","0.00%"
"2021-08-19","-0.050","-0.049","-0.049","-0.050","1.21%"
"2021-08-18","-0.049","-0.049","-0.049","-0.050","-1.20%"
"2021-08-17","-0.050","-0.048","-0.048","-0.050","-14.97%"
"2021-08-16","-0.059","-0.049","-0.049","-0.059","2.26%"
"2021-08-15","-0.058","-0.047","-0.047","-0.058","21.05%"
"2021-08-14","-0.047","-0.058","-0.047","-0.058","0.00%"
"2021-08-13","-0.047","-0.047","-0.047","-0.047","-17.39%"
"2021-08-12","-0.058","-0.048","-0.048","-0.058","17.83%"
"2021-08-11","-0.049","-0.050","-0.048","-0.059","-20.39%"
"2021-08-10","-0.061","-0.051","-0.051","-0.061","-1.92%"
"2021-08-09","-0.063","-0.063","-0.052","-0.063","0.00%"
"2021-08-08","-0.063","-0.052","-0.052","-0.063","19.05%"
"2021-08-07","-0.052","-0.052","-0.052","-0.052","0.00%"
"2021-08-06","-0.052","-0.053","-0.052","-0.063","-17.71%"
"2021-08-05","-0.064","-0.055","-0.054","-0.065","13.32%"
"2021-08-04","-0.056","-0.056","-0.056","-0.056","1.26%"
"2021-08-03","-0.056","-0.056","-0.056","-0.056","-16.14%"
"2021-08-02","-0.066","-0.065","-0.054","-0.066","2.00%"
"2021-08-01","-0.065","-0.065","-0.065","-0.065","18.18%"
"2021-07-30","-0.055","-0.055","-0.055","-0.055","-15.38%"
"2021-07-29","-0.065","-0.055","-0.055","-0.065","15.45%"
"2021-07-28","-0.056","-0.057","-0.056","-0.057","0.00%"
"2021-07-27","-0.056","-0.056","-0.056","-0.066","-11.76%"
"2021-07-26","-0.064","-0.054","-0.054","-0.065","17.28%"
"2021-07-25","-0.054","-0.065","-0.054","-0.065","-1.09%"
"2021-07-24","-0.055","-0.055","-0.055","-0.055","-15.38%"
"2021-07-23","-0.065","-0.065","-0.065","-0.065","0.00%"
"2021-07-22","-0.065","-0.065","-0.065","-0.065","0.00%"
"2021-07-21","-0.065","-0.056","-0.055","-0.065","15.45%"
"2021-07-20","-0.056","-0.056","-0.056","-0.056","-16.59%"
"2021-07-19","-0.068","-0.057","-0.057","-0.068","17.39%"
"2021-07-18","-0.058","-0.066","-0.058","-0.066","1.05%"
"2021-07-17","-0.057","-0.057","-0.057","-0.057","-14.18%"
"2021-07-16","-0.066","-0.057","-0.056","-0.066","17.76%"
"2021-07-15","-0.056","-0.052","-0.052","-0.066","-8.16%"
"2021-07-14","-0.061","-0.052","-0.052","-0.061","18.11%"
"2021-07-13","-0.052","-0.051","-0.050","-0.061","3.80%"
"2021-07-12","-0.050","-0.049","-0.049","-0.059","2.46%"
"2021-07-11","-0.049","-0.059","-0.048","-0.059","-1.21%"
"2021-07-10","-0.049","-0.049","-0.049","-0.049","0.00%"
"2021-07-09","-0.049","-0.049","-0.049","-0.059","-3.70%"
"2021-07-08","-0.051","-0.049","-0.049","-0.052","5.12%"
"2021-07-07","-0.049","-0.049","-0.049","-0.049","0.00%"
"2021-07-06","-0.049","-0.059","-0.048","-0.059","2.74%"
"2021-07-05","-0.047","-0.047","-0.047","-0.058","-19.22%"
"2021-07-02","-0.059","-0.050","-0.046","-0.068","-17.42%"
"2021-07-01","-0.071","-0.073","-0.064","-0.083","-5.82%"
"2021-06-30","-0.076","-0.075","-0.072","-0.085","6.18%"
"2021-06-29","-0.071","-0.071","-0.071","-0.081","1.71%"
"2021-06-28","-0.070","-0.072","-0.070","-0.072","-2.64%"
"2021-06-27","-0.072","-0.072","-0.072","-0.072","6.52%"
"2021-06-25","-0.068","-0.068","-0.068","-0.072","1.81%"
"2021-06-24","-0.066","-0.064","-0.064","-0.072","3.92%"
"2021-06-23","-0.064","-0.065","-0.064","-0.071","-1.85%"
"2021-06-22","-0.065","-0.066","-0.065","-0.071","-3.70%"
"2021-06-21","-0.068","-0.066","-0.066","-0.072","1.81%"
"2021-06-20","-0.066","-0.066","-0.066","-0.066","0.00%"
"2021-06-19","-0.066","-0.066","-0.066","-0.066","0.00%"
"2021-06-18","-0.066","-0.068","-0.066","-0.072","-1.78%"
"2021-06-17","-0.068","-0.065","-0.065","-0.072","-1.89%"
"2021-06-16","-0.069","-0.068","-0.068","-0.074","1.93%"
"2021-06-15","-0.068","-0.069","-0.068","-0.073","-1.89%"
"2021-06-14","-0.069","-0.070","-0.069","-0.074","-1.71%"
"2021-06-13","-0.070","-0.070","-0.070","-0.070","0.00%"
"2021-06-12","-0.070","-0.070","-0.070","-0.070","0.00%"
"2021-06-11","-0.070","-0.071","-0.068","-0.076","1.74%"
"2021-06-10","-0.069","-0.069","-0.068","-0.075","1.93%"
"2021-06-09","-0.068","-0.068","-0.066","-0.074","1.81%"
"2021-06-08","-0.066","-0.071","-0.065","-0.072","2.00%"
"2021-06-07","-0.065","-0.065","-0.064","-0.070","-7.14%"
"2021-06-06","-0.070","-0.065","-0.065","-0.071","-0.85%"
"2021-06-05","-0.071","-0.065","-0.065","-0.071","8.62%"
"2021-06-04","-0.065","-0.065","-0.065","-0.071","1.88%"
"2021-06-03","-0.064","-0.065","-0.064","-0.071","2.08%"
"2021-06-02","-0.063","-0.063","-0.063","-0.070","0.00%"
"2021-06-01","-0.063","-0.064","-0.063","-0.068","-2.04%"
"2021-05-31","-0.064","-0.063","-0.063","-0.069","-4.63%"
"2021-05-30","-0.067","-0.059","-0.059","-0.067","4.86%"
"2021-05-29","-0.064","-0.059","-0.059","-0.064","8.50%"
"2021-05-28","-0.059","-0.060","-0.059","-0.064","-2.00%"
"2021-05-27","-0.060","-0.060","-0.059","-0.066","2.04%"
"2021-05-26","-0.059","-0.060","-0.059","-0.065","-2.00%"
"2021-05-25","-0.060","-0.060","-0.060","-0.065","2.04%"
"2021-05-24","-0.059","-0.059","-0.058","-0.065","-6.81%"
"2021-05-23","-0.063","-0.058","-0.058","-0.063","9.74%"
"2021-05-22","-0.058","-0.058","-0.058","-0.058","0.00%"
"2021-05-21","-0.058","-0.058","-0.058","-0.063","0.00%"
"2021-05-20","-0.058","-0.058","-0.058","-0.064","0.00%"
"2021-05-19","-0.058","-0.059","-0.056","-0.063","-2.21%"
"2021-05-18","-0.059","-0.058","-0.058","-0.063","2.26%"
"2021-05-17","-0.058","-0.058","-0.058","-0.064","-8.87%"
"2021-05-16","-0.063","-0.058","-0.058","-0.063","0.96%"
"2021-05-15","-0.063","-0.058","-0.058","-0.063","8.70%"
"2021-05-14","-0.058","-0.058","-0.056","-0.063","2.13%"
"2021-05-13","-0.056","-0.058","-0.056","-0.063","-4.25%"
"2021-05-12","-0.059","-0.059","-0.058","-0.063","0.00%"
"2021-05-11","-0.059","-0.059","-0.058","-0.060","0.00%"
"2021-05-10","-0.059","-0.060","-0.059","-0.064","-2.00%"
"2021-05-09","-0.060","-0.060","-0.060","-0.060","0.00%"
"2021-05-08","-0.060","-0.060","-0.060","-0.060","0.00%"
"2021-05-07","-0.060","-0.061","-0.060","-0.067","-2.12%"
"2021-05-06","-0.061","-0.064","-0.061","-0.068","-1.92%"
"2021-05-05","-0.063","-0.063","-0.063","-0.063","0.00%"
"2021-05-04","-0.063","-0.063","-0.063","-0.063","0.00%"
"2021-05-03","-0.063","-0.063","-0.063","-0.063","0.00%"
"2021-05-02","-0.063","-0.063","-0.063","-0.063","-7.41%"
"2021-05-01","-0.068","-0.063","-0.063","-0.068","8.00%"
"2021-04-30","-0.063","-0.063","-0.061","-0.068","0.00%"
"2021-04-29","-0.063","-0.063","-0.063","-0.063","0.00%"
"2021-04-28","-0.063","-0.063","-0.063","-0.067","0.00%"
"2021-04-27","-0.063","-0.063","-0.063","-0.068","0.00%"
"2021-04-26","-0.063","-0.063","-0.061","-0.063","0.00%"
"2021-04-25","-0.063","-0.063","-0.063","-0.063","0.00%"
"2021-04-24","-0.063","-0.063","-0.063","-0.063","0.00%"
"2021-04-23","-0.063","-0.064","-0.063","-0.068","-2.04%"
"2021-04-22","-0.064","-0.064","-0.064","-0.069","0.00%"
"2021-04-21","-0.064","-0.060","-0.060","-0.069","4.08%"
"2021-04-20","-0.061","-0.061","-0.061","-0.066","0.00%"
"2021-04-19","-0.061","-0.060","-0.060","-0.066","-5.69%"
"2021-04-18","-0.065","-0.060","-0.060","-0.066","-0.91%"
"2021-04-17","-0.066","-0.060","-0.060","-0.066","9.33%"
"2021-04-16","-0.060","-0.059","-0.059","-0.066","2.04%"
"2021-04-15","-0.059","-0.058","-0.058","-0.064","2.26%"
"2021-04-14","-0.058","-0.063","-0.058","-0.064","0.00%"
"2021-04-13","-0.058","-0.056","-0.056","-0.064","0.00%"
"2021-04-12","-0.058","-0.058","-0.058","-0.064","-8.87%"
"2021-04-11","-0.063","-0.058","-0.058","-0.063","9.74%"
"2021-04-10","-0.058","-0.058","-0.058","-0.058","-8.00%"
"2021-04-09","-0.063","-0.058","-0.058","-0.063","8.70%"
"2021-04-08","-0.058","-0.059","-0.058","-0.063","-2.21%"
"2021-04-07","-0.059","-0.058","-0.058","-0.063","6.91%"
"2021-04-06","-0.055","-0.060","-0.055","-0.066","-10.28%"
"2021-04-05","-0.061","-0.061","-0.060","-0.066","-6.55%"
"2021-04-04","-0.066","-0.061","-0.061","-0.066","0.00%"
"2021-04-03","-0.066","-0.061","-0.061","-0.066","7.01%"
"2021-04-02","-0.061","-0.060","-0.060","-0.066","4.25%"
"2021-04-01","-0.059","-0.059","-0.055","-0.064","-2.00%"
"2021-03-31","-0.060","-0.060","-0.060","-0.066","0.00%"
"2021-03-30","-0.060","-0.061","-0.060","-0.066","-2.12%"
"2021-03-29","-0.061","-0.060","-0.060","-0.068","2.17%"
"2021-03-28","-0.060","-0.060","-0.060","-0.060","0.00%"
"2021-03-27","-0.060","-0.060","-0.060","-0.060","0.00%"
"2021-03-26","-0.060","-0.063","-0.060","-0.067","-4.00%"
"2021-03-25","-0.063","-0.064","-0.063","-0.069","-2.04%"
"2021-03-24","-0.064","-0.064","-0.063","-0.069","0.00%"
"2021-03-23","-0.064","-0.064","-0.063","-0.069","2.08%"
"2021-03-22","-0.063","-0.068","-0.063","-0.072","-13.79%"
"2021-03-21","-0.072","-0.068","-0.068","-0.072","7.41%"
"2021-03-20","-0.068","-0.068","-0.068","-0.068","0.00%"
"2021-03-19","-0.068","-0.072","-0.065","-0.078","-5.33%"
"2021-03-18","-0.071","-0.070","-0.068","-0.078","1.86%"
"2021-03-17","-0.070","-0.070","-0.070","-0.076","-1.82%"
"2021-03-16","-0.071","-0.069","-0.068","-0.076","3.63%"
"2021-03-15","-0.069","-0.069","-0.068","-0.074","-6.78%"
"2021-03-14","-0.074","-0.069","-0.069","-0.074","7.27%"
"2021-03-13","-0.069","-0.069","-0.069","-0.069","0.00%"
"2021-03-12","-0.069","-0.066","-0.065","-0.074","1.93%"
"2021-03-11","-0.068","-0.065","-0.063","-0.072","3.85%"
"2021-03-10","-0.065","-0.061","-0.060","-0.071","8.33%"
"2021-03-09","-0.060","-0.056","-0.056","-0.066","6.57%"
"2021-03-08","-0.056","-0.065","-0.056","-0.071","-20.93%"
"2021-03-07","-0.071","-0.069","-0.069","-0.072","-2.60%"
"2021-03-06","-0.073","-0.069","-0.069","-0.073","6.25%"
"2021-03-05","-0.069","-0.060","-0.060","-0.075","5.85%"
"2021-03-04","-0.065","-0.060","-0.060","-0.066","8.33%"
"2021-03-03","-0.060","-0.065","-0.060","-0.069","-9.50%"
"2021-03-02","-0.066","-0.066","-0.065","-0.072","2.00%"
"2021-03-01","-0.065","-0.063","-0.061","-0.075","-2.84%"
"2021-02-28","-0.067","-0.061","-0.061","-0.067","0.90%"
"2021-02-27","-0.066","-0.061","-0.061","-0.066","8.16%"
"2021-02-26","-0.061","-0.055","-0.054","-0.066","6.61%"
"2021-02-25","-0.058","-0.056","-0.055","-0.063","2.13%"
"2021-02-24","-0.056","-0.055","-0.055","-0.063","2.36%"
"2021-02-23","-0.055","-0.061","-0.061","-0.061","0.00%"
"2021-02-22","-0.055","-0.058","-0.054","-0.063","-13.79%"
"2021-02-21","-0.064","-0.060","-0.060","-0.064","6.33%"
"2021-02-20","-0.060","-0.060","-0.060","-0.060","0.00%"
"2021-02-19","-0.060","-0.061","-0.058","-0.066","-5.96%"
"2021-02-18","-0.064","-0.065","-0.063","-0.071","-1.85%"
"2021-02-17","-0.065","-0.072","-0.065","-0.072","-7.14%"
"2021-02-16","-0.070","-0.071","-0.068","-0.076","0.00%"
"2021-02-15","-0.070","-0.075","-0.070","-0.084","-12.50%"
"2021-02-14","-0.080","-0.076","-0.076","-0.081","4.85%"
"2021-02-13","-0.076","-0.076","-0.076","-0.076","0.00%"
"2021-02-12","-0.076","-0.075","-0.075","-0.084","5.24%"
"2021-02-11","-0.072","-0.077","-0.077","-0.080","0.00%"
"2021-02-10","-0.072","-0.074","-0.071","-0.078","-3.33%"
"2021-02-09","-0.075","-0.075","-0.074","-0.081","1.63%"
"2021-02-08","-0.074","-0.076","-0.074","-0.081","-9.23%"
"2021-02-07","-0.081","-0.080","-0.080","-0.084","1.62%"
"2021-02-06","-0.080","-0.080","-0.080","-0.080","-12.38%"
"2021-02-05","-0.091","-0.081","-0.079","-0.091","19.66%"
"2021-02-04","-0.076","-0.078","-0.076","-0.086","-4.62%"
"2021-02-03","-0.080","-0.086","-0.079","-0.086","-3.03%"
"2021-02-02","-0.083","-0.083","-0.083","-0.089","-1.55%"
"2021-02-01","-0.084","-0.083","-0.081","-0.089","-4.23%"
"2021-01-31","-0.087","-0.083","-0.083","-0.087","6.06%"
"2021-01-30","-0.083","-0.083","-0.083","-0.083","0.00%"
"2021-01-29","-0.083","-0.081","-0.080","-0.088","1.48%"
"2021-01-28","-0.081","-0.081","-0.080","-0.087","1.62%"
"2021-01-27","-0.080","-0.086","-0.080","-0.091","-7.30%"
"2021-01-26","-0.086","-0.087","-0.086","-0.093","-1.37%"
"2021-01-25","-0.087","-0.085","-0.085","-0.093","-2.78%"
"2021-01-24","-0.090","-0.083","-0.083","-0.090","9.09%"
"2021-01-23","-0.083","-0.083","-0.083","-0.083","0.00%"
"2021-01-22","-0.083","-0.084","-0.081","-0.089","-2.94%"
"2021-01-21","-0.085","-0.085","-0.083","-0.091","4.55%"
"2021-01-20","-0.081","-0.078","-0.078","-0.088","4.90%"
"2021-01-19","-0.078","-0.072","-0.072","-0.083","6.90%"
"2021-01-18","-0.072","-0.070","-0.070","-0.079","-4.10%"
"2021-01-17","-0.076","-0.072","-0.072","-0.078","4.28%"
"2021-01-16","-0.072","-0.072","-0.072","-0.072","0.00%"
"2021-01-15","-0.072","-0.072","-0.072","-0.078","-1.76%"
"2021-01-14","-0.074","-0.072","-0.072","-0.079","1.79%"
"2021-01-13","-0.072","-0.071","-0.071","-0.078","3.57%"
"2021-01-12","-0.070","-0.070","-0.069","-0.077","-1.82%"
"2021-01-11","-0.071","-0.076","-0.076","-0.076","0.00%"
"2021-01-10","-0.071","-0.071","-0.071","-0.071","0.00%"
"2021-01-09","-0.071","-0.071","-0.071","-0.071","0.00%"
"2021-01-08","-0.071","-0.069","-0.069","-0.076","3.63%"
"2021-01-07","-0.069","-0.069","-0.068","-0.074","-1.71%"
"2021-01-06","-0.070","-0.070","-0.069","-0.075","-1.82%"
"2021-01-05","-0.071","-0.070","-0.070","-0.076","1.86%"
"2021-01-04","-0.070","-0.068","-0.068","-0.075","-5.15%"
"2021-01-03","-0.074","-0.066","-0.066","-0.074","11.31%"
"2021-01-02","-0.066","-0.066","-0.066","-0.066","0.00%"
"2021-01-01","-0.066","-0.066","-0.066","-0.066","0.00%"
"2020-12-31","-0.066","-0.066","-0.066","-0.066","0.00%"
"2020-12-30","-0.066","-0.066","-0.066","-0.066","-5.29%"
"2020-12-29","-0.070","-0.070","-0.070","-0.075","-1.82%"
"2020-12-28","-0.071","-0.069","-0.069","-0.076","-3.39%"
"2020-12-27","-0.074","-0.069","-0.069","-0.074","7.27%"
"2020-12-26","-0.069","-0.069","-0.069","-0.069","0.00%"
"2020-12-25","-0.069","-0.070","-0.068","-0.075","-1.71%"
"2020-12-24","-0.070","-0.071","-0.070","-0.076","-3.45%"
"2020-12-23","-0.072","-0.072","-0.072","-0.078","0.00%"
"2020-12-22","-0.072","-0.071","-0.071","-0.079","1.68%"
"2020-12-21","-0.071","-0.069","-0.069","-0.076","3.63%"
"2020-12-20","-0.069","-0.069","-0.069","-0.069","0.00%"
"2020-12-19","-0.069","-0.069","-0.069","-0.069","0.00%"
"2020-12-18","-0.069","-0.068","-0.068","-0.074","1.93%"
"2020-12-17","-0.068","-0.069","-0.068","-0.072","0.00%"
"2020-12-16","-0.068","-0.066","-0.066","-0.073","-6.90%"
"2020-12-15","-0.072","-0.069","-0.068","-0.072","5.38%"
"2020-12-14","-0.069","-0.069","-0.069","-0.073","0.00%"
"2020-12-13","-0.069","-0.069","-0.069","-0.069","-6.78%"
"2020-12-12","-0.074","-0.069","-0.069","-0.074","7.27%"
"2020-12-11","-0.069","-0.069","-0.068","-0.075","0.00%"
"2020-12-10","-0.069","-0.069","-0.068","-0.074","0.00%"
"2020-12-09","-0.069","-0.066","-0.066","-0.074","3.77%"
"2020-12-08","-0.066","-0.065","-0.065","-0.072","2.00%"
"2020-12-07","-0.065","-0.065","-0.065","-0.070","-6.34%"
"2020-12-06","-0.069","-0.065","-0.065","-0.070","6.77%"
"2020-12-05","-0.065","-0.065","-0.065","-0.065","0.00%"
"2020-12-04","-0.065","-0.065","-0.065","-0.070","0.00%"
"2020-12-03","-0.065","-0.066","-0.065","-0.071","0.00%"
"2020-12-02","-0.065","-0.068","-0.065","-0.071","-3.70%"
"2020-12-01","-0.068","-0.065","-0.065","-0.072","3.85%"
"2020-11-30","-0.065","-0.065","-0.065","-0.071","-7.14%"
"2020-11-29","-0.070","-0.065","-0.065","-0.070","-0.85%"
"2020-11-28","-0.071","-0.065","-0.065","-0.071","8.62%"
"2020-11-27","-0.065","-0.072","-0.065","-0.072","-1.96%"
"2020-11-26","-0.066","-0.068","-0.066","-0.072","-1.78%"
"2020-11-25","-0.068","-0.065","-0.065","-0.072","3.85%"
"2020-11-24","-0.065","-0.068","-0.065","-0.071","-3.70%"
"2020-11-23","-0.068","-0.073","-0.072","-0.073","0.00%"
"2020-11-22","-0.068","-0.068","-0.068","-0.068","-6.90%"
"2020-11-21","-0.072","-0.068","-0.068","-0.072","7.41%"
"2020-11-20","-0.068","-0.068","-0.068","-0.073","-6.90%"
"2020-11-19","-0.072","-0.068","-0.068","-0.074","7.41%"
"2020-11-18","-0.068","-0.068","-0.066","-0.072","0.00%"
"2020-11-17","-0.068","-0.068","-0.068","-0.074","0.00%"
"2020-11-16","-0.068","-0.068","-0.068","-0.073","-8.54%"
"2020-11-15","-0.074","-0.068","-0.068","-0.074","9.33%"
"2020-11-14","-0.068","-0.068","-0.068","-0.068","0.00%"
"2020-11-13","-0.068","-0.068","-0.068","-0.075","-1.89%"
"2020-11-12","-0.069","-0.066","-0.066","-0.074","3.77%"
"2020-11-11","-0.066","-0.069","-0.064","-0.072","6.08%"
"2020-11-10","-0.063","-0.065","-0.063","-0.070","-19.35%"
"2020-11-09","-0.078","-0.074","-0.068","-0.080","4.17%"
"2020-11-08","-0.074","-0.070","-0.070","-0.076","6.29%"
"2020-11-07","-0.070","-0.070","-0.070","-0.070","0.00%"
"2020-11-06","-0.070","-0.071","-0.070","-0.078","-3.45%"
"2020-11-05","-0.072","-0.070","-0.070","-0.077","3.57%"
"2020-11-04","-0.070","-0.063","-0.063","-0.075","7.69%"
"2020-11-03","-0.065","-0.070","-0.069","-0.070","0.00%"
"2020-11-02","-0.065","-0.066","-0.065","-0.072","-8.71%"
"2020-11-01","-0.071","-0.068","-0.068","-0.071","5.48%"
"2020-10-31","-0.068","-0.068","-0.068","-0.068","0.00%"
"2020-10-30","-0.068","-0.068","-0.066","-0.072","0.00%"
"2020-10-29","-0.068","-0.068","-0.068","-0.073","-3.57%"
"2020-10-28","-0.070","-0.070","-0.069","-0.074","5.58%"
"2020-10-27","-0.066","-0.065","-0.065","-0.074","2.00%"
"2020-10-26","-0.065","-0.063","-0.063","-0.070","-5.52%"
"2020-10-25","-0.069","-0.061","-0.061","-0.069","12.23%"
"2020-10-24","-0.061","-0.061","-0.061","-0.061","0.00%"
"2020-10-23","-0.061","-0.063","-0.060","-0.068","-3.92%"
"2020-10-22","-0.064","-0.064","-0.063","-0.069","-1.85%"
"2020-10-21","-0.065","-0.068","-0.063","-0.072","-5.52%"
"2020-10-20","-0.069","-0.069","-0.069","-0.074","0.00%"
"2020-10-19","-0.069","-0.070","-0.069","-0.074","-8.27%"
"2020-10-18","-0.075","-0.070","-0.070","-0.075","7.14%"
"2020-10-17","-0.070","-0.070","-0.070","-0.070","0.00%"
"2020-10-16","-0.070","-0.070","-0.069","-0.075","0.00%"
"2020-10-15","-0.070","-0.068","-0.068","-0.076","5.58%"
"2020-10-14","-0.066","-0.065","-0.065","-0.072","2.00%"
"2020-10-13","-0.065","-0.063","-0.063","-0.071","4.00%"
"2020-10-12","-0.063","-0.063","-0.063","-0.068","-5.73%"
"2020-10-11","-0.066","-0.060","-0.060","-0.066","10.50%"
"2020-10-10","-0.060","-0.060","-0.060","-0.060","0.00%"
"2020-10-09","-0.060","-0.059","-0.059","-0.065","4.35%"
"2020-10-08","-0.058","-0.062","-0.056","-0.064","2.13%"
"2020-10-07","-0.056","-0.056","-0.055","-0.063","-2.09%"
"2020-10-06","-0.058","-0.060","-0.056","-0.066","-8.00%"
"2020-10-05","-0.063","-0.065","-0.063","-0.069","-9.94%"
"2020-10-04","-0.069","-0.065","-0.065","-0.071","-2.53%"
"2020-10-03","-0.071","-0.065","-0.065","-0.071","9.54%"
"2020-10-02","-0.065","-0.065","-0.065","-0.072","4.00%"
"2020-10-01","-0.063","-0.068","-0.063","-0.072","-7.41%"
"2020-09-30","-0.068","-0.066","-0.066","-0.074","3.85%"
"2020-09-29","-0.065","-0.063","-0.063","-0.072","6.04%"
"2020-09-28","-0.061","-0.061","-0.060","-0.067","-7.54%"
"2020-09-27","-0.066","-0.060","-0.060","-0.066","10.50%"
"2020-09-26","-0.060","-0.060","-0.060","-0.060","0.00%"
"2020-09-25","-0.060","-0.063","-0.060","-0.068","-4.00%"
"2020-09-24","-0.063","-0.061","-0.061","-0.071","6.29%"
"2020-09-23","-0.059","-0.058","-0.056","-0.069","9.29%"
"2020-09-22","-0.054","-0.061","-0.061","-0.061","0.00%"
"2020-09-21","-0.054","-0.054","-0.054","-0.054","0.00%"
"2020-09-20","-0.054","-0.054","-0.054","-0.054","0.00%"
"2020-09-19","-0.054","-0.054","-0.054","-0.054","0.00%"
"2020-09-18","-0.054","-0.055","-0.052","-0.059","-2.18%"
"2020-09-17","-0.055","-0.052","-0.052","-0.059","-18.52%"
"2020-09-16","-0.068","-0.063","-0.058","-0.068","8.00%"
"2020-09-15","-0.063","-0.060","-0.060","-0.067","4.17%"
"2020-09-14","-0.060","-0.060","-0.060","-0.065","2.04%"
"2020-09-13","-0.059","-0.059","-0.059","-0.059","0.00%"
"2020-09-12","-0.059","-0.059","-0.059","-0.059","0.00%"
"2020-09-11","-0.059","-0.059","-0.058","-0.064","2.26%"
"2020-09-10","-0.058","-0.055","-0.055","-0.064","4.55%"
"2020-09-09","-0.055","-0.056","-0.055","-0.061","0.00%"
"2020-09-08","-0.055","-0.051","-0.051","-0.061","10.00%"
"2020-09-07","-0.050","-0.050","-0.050","-0.056","-9.09%"
"2020-09-06","-0.055","-0.052","-0.052","-0.057","4.76%"
"2020-09-05","-0.052","-0.052","-0.052","-0.052","0.00%"
"2020-09-04","-0.052","-0.054","-0.051","-0.058","2.34%"
"2020-09-03","-0.051","-0.050","-0.050","-0.058","5.12%"
"2020-09-02","-0.049","-0.049","-0.047","-0.056","0.00%"
"2020-09-01","-0.049","-0.047","-0.047","-0.055","5.40%"
"2020-08-31","-0.046","-0.045","-0.045","-0.052","-9.75%"
"2020-08-30","-0.051","-0.045","-0.045","-0.051","14.00%"
"2020-08-29","-0.045","-0.045","-0.045","-0.045","0.00%"
"2020-08-28","-0.045","-0.044","-0.043","-0.050","0.00%"
"2020-08-27","-0.045","-0.044","-0.044","-0.051","2.74%"
"2020-08-26","-0.044","-0.047","-0.041","-0.052","-7.79%"
"2020-08-25","-0.047","-0.046","-0.046","-0.054","0.00%"
"2020-08-24","-0.047","-0.047","-0.047","-0.053","0.00%"
"2020-08-23","-0.047","-0.047","-0.047","-0.047","0.00%"
"2020-08-22","-0.047","-0.047","-0.047","-0.047","0.00%"
"2020-08-21","-0.047","-0.047","-0.046","-0.052","2.59%"
"2020-08-20","-0.046","-0.047","-0.046","-0.053","-5.12%"
"2020-08-19","-0.049","-0.051","-0.046","-0.054","8.44%"
"2020-08-18","-0.045","-0.046","-0.043","-0.061","33.14%"
"2020-08-17","-0.034","-0.032","-0.032","-0.046","4.00%"
"2020-08-16","-0.032","-0.032","-0.032","-0.032","0.00%"
"2020-08-15","-0.032","-0.032","-0.032","-0.032","0.00%"
"2020-08-14","-0.032","-0.032","-0.031","-0.039","-7.14%"
"2020-08-13","-0.035","-0.038","-0.035","-0.043","-9.79%"
"2020-08-12","-0.039","-0.040","-0.039","-0.046","-6.05%"
"2020-08-11","-0.041","-0.045","-0.040","-0.050","-22.22%"
"2020-08-10","-0.053","-0.053","-0.052","-0.053","11.79%"
"2020-08-09","-0.047","-0.047","-0.047","-0.047","-10.55%"
"2020-08-08","-0.053","-0.047","-0.047","-0.053","11.79%"
"2020-08-07","-0.047","-0.049","-0.047","-0.054","0.00%"
"2020-08-06","-0.047","-0.047","-0.047","-0.054","0.00%"
"2020-08-05","-0.047","-0.050","-0.047","-0.053","0.00%"
"2020-08-04","-0.047","-0.047","-0.046","-0.054","0.00%"
"2020-08-03","-0.047","-0.054","-0.047","-0.054","-13.64%"
"2020-08-02","-0.055","-0.050","-0.050","-0.056","10.00%"
"2020-08-01","-0.050","-0.050","-0.050","-0.050","0.00%"
"2020-07-31","-0.050","-0.052","-0.050","-0.058","-2.53%"
"2020-07-30","-0.051","-0.050","-0.050","-0.056","2.60%"
"2020-07-29","-0.050","-0.052","-0.050","-0.057","2.46%"
"2020-07-28","-0.049","-0.050","-0.049","-0.056","2.74%"
"2020-07-27","-0.047","-0.050","-0.047","-0.054","-12.68%"
"2020-07-26","-0.054","-0.050","-0.050","-0.054","8.80%"
"2020-07-25","-0.050","-0.050","-0.050","-0.050","-9.09%"
"2020-07-24","-0.055","-0.055","-0.055","-0.055","10.00%"
"2020-07-23","-0.050","-0.050","-0.050","-0.050","0.00%"
"2020-07-22","-0.050","-0.052","-0.049","-0.056","-2.53%"
"2020-07-21","-0.051","-0.050","-0.050","-0.056","2.60%"
"2020-07-20","-0.050","-0.050","-0.050","-0.056","-11.19%"
"2020-07-19","-0.056","-0.052","-0.052","-0.057","-2.09%"
"2020-07-18","-0.058","-0.052","-0.052","-0.058","9.52%"
"2020-07-17","-0.052","-0.052","-0.050","-0.058","0.00%"
"2020-07-16","-0.052","-0.049","-0.049","-0.058","10.53%"
"2020-07-15","-0.047","-0.045","-0.044","-0.054","5.56%"
"2020-07-14","-0.045","-0.045","-0.044","-0.049","0.00%"
"2020-07-13","-0.045","-0.049","-0.044","-0.054","-14.29%"
"2020-07-12","-0.052","-0.052","-0.052","-0.052","0.00%"
"2020-07-11","-0.052","-0.052","-0.052","-0.052","0.00%"
"2020-07-10","-0.052","-0.052","-0.051","-0.058","5.00%"
"2020-07-09","-0.050","-0.050","-0.047","-0.058","-2.53%"
"2020-07-08","-0.051","-0.052","-0.047","-0.056","20.71%"
"2020-07-07","-0.043","-0.044","-0.038","-0.052","13.33%"
"2020-07-06","-0.038","-0.039","-0.038","-0.044","-14.38%"
"2020-07-05","-0.044","-0.040","-0.040","-0.045","9.50%"
"2020-07-04","-0.040","-0.040","-0.040","-0.040","0.00%"
"2020-07-03","-0.040","-0.035","-0.035","-0.045","14.29%"
"2020-07-02","-0.035","-0.032","-0.032","-0.043","3.55%"
"2020-07-01","-0.034","-0.032","-0.032","-0.039","7.99%"
"2020-06-30","-0.031","-0.032","-0.031","-0.039","-10.57%"
"2020-06-29","-0.035","-0.032","-0.031","-0.039","-6.67%"
"2020-06-28","-0.038","-0.031","-0.031","-0.038","19.81%"
"2020-06-27","-0.031","-0.031","-0.031","-0.031","0.00%"
"2020-06-26","-0.031","-0.032","-0.031","-0.038","-3.69%"
"2020-06-25","-0.032","-0.032","-0.032","-0.038","0.00%"
"2020-06-24","-0.032","-0.032","-0.032","-0.038","0.00%"
"2020-06-23","-0.032","-0.031","-0.031","-0.039","3.83%"
"2020-06-22","-0.031","-0.032","-0.031","-0.037","0.00%"
"2020-06-19","-0.031","-0.031","-0.031","-0.031","-3.69%"
"2020-06-18","-0.032","-0.032","-0.032","-0.032","-7.14%"
"2020-06-17","-0.035","-0.035","-0.035","-0.035","3.55%"
"2020-06-16","-0.034","-0.034","-0.034","-0.034","-9.87%"
"2020-06-15","-0.038","-0.038","-0.038","-0.038","7.14%"
"2020-06-12","-0.035","-0.035","-0.035","-0.035","3.55%"
"2020-06-11","-0.034","-0.034","-0.034","-0.034","4.00%"
"2020-06-10","-0.032","-0.032","-0.032","-0.032","0.00%"
"2020-06-09","-0.032","-0.032","-0.032","-0.032","23.57%"
"2020-06-08","-0.026","-0.026","-0.026","-0.026","0.00%"
"2020-06-05","-0.026","-0.026","-0.026","-0.026","-19.08%"
"2020-06-04","-0.032","-0.032","-0.032","-0.032","-3.85%"
"2020-06-03","-0.034","-0.034","-0.034","-0.034","7.99%"
"2020-06-02","-0.031","-0.031","-0.031","-0.031","8.68%"
"2020-06-01","-0.029","-0.029","-0.029","-0.029","-17.71%"
"2020-05-29","-0.035","-0.035","-0.035","-0.035","0.00%"
"2020-05-28","-0.035","-0.035","-0.035","-0.035","21.53%"
"2020-05-27","-0.029","-0.029","-0.029","-0.029","-7.99%"
"2020-05-26","-0.031","-0.031","-0.031","-0.031","0.00%"
"2020-05-25","-0.031","-0.031","-0.031","-0.031","-3.69%"
"2020-05-22","-0.032","-0.032","-0.032","-0.032","0.00%"
"2020-05-21","-0.032","-0.032","-0.032","-0.032","-8.71%"
"2020-05-20","-0.036","-0.036","-0.036","-0.036","9.54%"
"2020-05-19","-0.032","-0.032","-0.032","-0.032","-3.85%"
"2020-05-18","-0.034","-0.034","-0.034","-0.034","-3.43%"
"2020-05-15","-0.035","-0.035","-0.035","-0.035","-3.58%"
"2020-05-14","-0.036","-0.036","-0.036","-0.036","-3.20%"
"2020-05-13","-0.038","-0.038","-0.038","-0.038","15.38%"
"2020-05-12","-0.032","-0.032","-0.032","-0.032","0.00%"
"2020-05-11","-0.032","-0.032","-0.032","-0.032","-3.85%"
"2020-05-08","-0.034","-0.034","-0.034","-0.034","-3.43%"
"2020-05-07","-0.035","-0.035","-0.035","-0.035","-6.67%"
"2020-05-06","-0.038","-0.038","-0.038","-0.038","0.00%"
"2020-05-05","-0.038","-0.038","-0.038","-0.038","0.00%"
"2020-05-04","-0.038","-0.038","-0.038","-0.038","0.00%"
"2020-05-01","-0.038","-0.038","-0.038","-0.038","-11.76%"
"2020-04-30","-0.043","-0.043","-0.043","-0.043","17.08%"
"2020-04-29","-0.036","-0.036","-0.036","-0.036","0.00%"
"2020-04-28","-0.036","-0.036","-0.036","-0.036","0.00%"
"2020-04-27","-0.036","-0.036","-0.036","-0.036","45.20%"
"2020-04-24","-0.025","-0.025","-0.025","-0.025","184.09%"
"2020-04-23","-0.009","-0.009","-0.009","-0.009","-56.00%"
"2020-04-22","-0.020","-0.020","-0.020","-0.020","-11.11%"
"2020-04-21","-0.023","-0.023","-0.023","-0.023","0.00%"
"2020-04-20","-0.023","-0.023","-0.023","-0.023","-5.46%"
"2020-04-17","-0.024","-0.024","-0.024","-0.024","-13.45%"
"2020-04-16","-0.027","-0.027","-0.027","-0.027","0.00%"
"2020-04-15","-0.027","-0.027","-0.027","-0.027","-12.14%"
"2020-04-14","-0.031","-0.031","-0.031","-0.031","-16.53%"
"2020-04-13","-0.038","-0.038","-0.038","-0.038","-6.25%"
"2020-04-10","-0.040","-0.040","-0.040","-0.040","45.45%"
"2020-04-09","-0.027","-0.027","-0.027","-0.027","10.00%"
"2020-04-08","-0.025","-0.025","-0.025","-0.025","25.00%"
"2020-04-07","-0.020","-0.020","-0.020","-0.020","6.38%"
"2020-04-06","-0.019","-0.019","-0.019","-0.019","-31.64%"
"2020-04-03","-0.027","-0.027","-0.027","-0.027","-18.64%"
"2020-04-02","-0.034","-0.034","-0.034","-0.034","-6.89%"
"2020-04-01","-0.036","-0.036","-0.036","-0.036","-9.25%"
"2020-03-31","-0.040","-0.040","-0.040","-0.040","-15.79%"
"2020-03-30","-0.047","-0.047","-0.047","-0.047","0.00%"
"2020-03-27","-0.047","-0.047","-0.047","-0.047","-42.42%"
"2020-03-26","-0.083","-0.083","-0.083","-0.083","11.79%"
"2020-03-25","-0.074","-0.074","-0.074","-0.074","-10.55%"
"2020-03-24","-0.083","-0.083","-0.083","-0.083","15.71%"
"2020-03-23","-0.071","-0.071","-0.071","-0.071","9.69%"
"2020-03-20","-0.065","-0.065","-0.065","-0.065","0.00%"
"2020-03-19","-0.065","-0.065","-0.065","-0.065","73.33%"
"2020-03-18","-0.038","-0.038","-0.038","-0.038","-56.50%"
"2020-03-17","-0.086","-0.086","-0.086","-0.086","-16.96%"
"2020-03-16","-0.104","-0.104","-0.104","-0.104","-33.03%"
"2020-03-13","-0.155","-0.155","-0.155","-0.155","-6.79%"
"2020-03-12","-0.166","-0.166","-0.166","-0.166","2.34%"
"2020-03-11","-0.162","-0.162","-0.162","-0.162","-13.33%"
"2020-03-10","-0.188","-0.188","-0.188","-0.188","-12.79%"
"2020-03-09","-0.215","-0.215","-0.215","-0.215","21.13%"
"2020-03-06","-0.177","-0.177","-0.177","-0.177","21.33%"
"2020-03-05","-0.146","-0.146","-0.146","-0.146","0.00%"
"2020-03-04","-0.146","-0.146","-0.146","-0.146","39.33%"
"2020-03-03","-0.105","-0.105","-0.105","-0.105","-8.70%"
"2020-03-02","-0.115","-0.115","-0.115","-0.115","2.22%"
"2020-02-28","-0.112","-0.112","-0.112","-0.112","40.62%"
"2020-02-27","-0.080","-0.080","-0.080","-0.080","6.67%"
"2020-02-26","-0.075","-0.075","-0.075","-0.075","3.45%"
"2020-02-25","-0.072","-0.072","-0.072","-0.072","48.57%"
"2020-02-24","-0.049","-0.049","-0.049","-0.049","0.00%"
"2020-02-21","-0.049","-0.049","-0.049","-0.049","5.40%"
"2020-02-20","-0.046","-0.046","-0.046","-0.046","-15.82%"
"2020-02-19","-0.055","-0.055","-0.055","-0.055","12.70%"
"2020-02-18","-0.049","-0.049","-0.049","-0.049","39.43%"
"2020-02-17","-0.035","-0.035","-0.035","-0.035","11.82%"
"2020-02-14","-0.031","-0.031","-0.031","-0.031","-7.40%"
"2020-02-13","-0.034","-0.034","-0.034","-0.034","4.00%"
"2020-02-12","-0.032","-0.032","-0.032","-0.032","-13.33%"
"2020-02-11","-0.038","-0.038","-0.038","-0.038","0.00%"
"2020-02-10","-0.038","-0.038","-0.038","-0.038","10.95%"
"2020-02-07","-0.034","-0.034","-0.034","-0.034","93.14%"
"2020-02-06","-0.018","-0.018","-0.018","-0.018","-12.50%"
"2020-02-05","-0.020","-0.020","-0.020","-0.020","-15.97%"
"2020-02-04","-0.024","-0.024","-0.024","-0.024","-33.15%"
"2020-02-03","-0.036","-0.036","-0.036","-0.036","67.14%"
"2020-01-31","-0.021","-0.021","-0.021","-0.021","70.40%"
"2020-01-30","-0.013","-0.013","-0.013","-0.013","66.67%"
"2020-01-29","-0.007","-0.007","-0.007","-0.007","0.00%"
"2020-01-28","-0.007","-0.007","-0.007","-0.007","19.05%"
"2020-01-27","-0.006","-0.006","-0.006","-0.006","26.00%"
"2020-01-24","-0.005","-0.005","-0.005","-0.005","-20.63%"
"2020-01-23","-0.006","-0.006","-0.006","-0.006","26.00%"
"2020-01-22","-0.005","-0.005","-0.005","-0.005","-20.63%"
"2020-01-21","-0.006","-0.006","-0.006","-0.006","0.00%"
"2020-01-20","-0.006","-0.006","-0.006","-0.006","-37.00%"
"2020-01-17","-0.010","-0.010","-0.010","-0.010","33.33%"
"2020-01-16","-0.007","-0.007","-0.007","-0.007","-25.00%"
"2020-01-15","-0.010","-0.010","-0.010","-0.010","13.64%"
"2020-01-14","-0.009","-0.009","-0.009","-0.009","-22.12%"
"2020-01-13","-0.011","-0.011","-0.011","-0.011","13.00%"
"2020-01-10","-0.010","-0.010","-0.010","-0.010","0.00%"
"2020-01-09","-0.010","-0.010","-0.010","-0.010","-27.54%"
"2020-01-08","-0.014","-0.014","-0.014","-0.014","-15.34%"
"2020-01-07","-0.016","-0.016","-0.016","-0.016","18.12%"
"2020-01-06","-0.014","-0.014","-0.014","-0.014","176.00%"
"2020-01-03","-0.005","-0.005","-0.005","-0.005","0.00%"
"2020-01-02","-0.005","-0.005","-0.005","-0.005","0.00%"
"2020-01-01","-0.005","-0.005","-0.005","-0.005","0.00%"
"2019-12-31","-0.005","-0.005","-0.005","-0.005","100.00%"
"2019-12-30","-0.002","-0.002","-0.002","-0.002","-292.31%"
"2019-12-27","0.001","0.001","0.001","0.001","0.00%"
"2019-12-26","0.001","0.001","0.001","0.001","-152.00%"
"2019-12-25","-0.002","-0.002","-0.002","-0.002","-150.00%"
"2019-12-24","0.005","0.005","0.005","0.005","-20.63%"
"2019-12-23","0.006","0.006","0.006","0.006","-16.00%"
"2019-12-20","0.007","0.007","0.007","0.007","-200.00%"
"2019-12-19","-0.007","-0.007","-0.007","-0.007","-53.99%"
"2019-12-18","-0.016","-0.016","-0.016","-0.016","0.00%"
"2019-12-17","-0.016","-0.016","-0.016","-0.016","-23.47%"
"2019-12-16","-0.021","-0.021","-0.021","-0.021","-19.01%"
"2019-12-13","-0.026","-0.026","-0.026","-0.026","0.00%"
"2019-12-12","-0.026","-0.026","-0.026","-0.026","0.00%"
"2019-12-11","-0.026","-0.026","-0.026","-0.026","-24.86%"
"2019-12-10","-0.035","-0.035","-0.035","-0.035","33.08%"
"2019-12-09","-0.026","-0.026","-0.026","-0.026","-24.86%"
"2019-12-06","-0.035","-0.035","-0.035","-0.035","3.55%"
"2019-12-05","-0.034","-0.034","-0.034","-0.034","-3.43%"
"2019-12-04","-0.035","-0.035","-0.035","-0.035","3.55%"
"2019-12-03","-0.034","-0.034","-0.034","-0.034","4.00%"
"2019-12-02","-0.032","-0.032","-0.032","-0.032","-16.24%"
"2019-11-29","-0.039","-0.039","-0.039","-0.039","-11.42%"
"2019-11-28","-0.044","-0.044","-0.044","-0.044","-12.40%"
"2019-11-27","-0.050","-0.050","-0.050","-0.050","-4.76%"
"2019-11-26","-0.052","-0.052","-0.052","-0.052","-2.42%"
"2019-11-25","-0.054","-0.054","-0.054","-0.054","2.48%"
"2019-11-22","-0.052","-0.052","-0.052","-0.052","-10.71%"
"2019-11-21","-0.059","-0.059","-0.059","-0.059","-2.00%"
"2019-11-20","-0.060","-0.060","-0.060","-0.060","14.29%"
"2019-11-19","-0.052","-0.052","-0.052","-0.052","0.00%"
"2019-11-18","-0.052","-0.052","-0.052","-0.052","5.00%"
"2019-11-15","-0.050","-0.050","-0.050","-0.050","-9.09%"
"2019-11-14","-0.055","-0.055","-0.055","-0.055","10.00%"
"2019-11-13","-0.050","-0.050","-0.050","-0.050","28.87%"
"2019-11-12","-0.039","-0.039","-0.039","-0.039","-18.32%"
"2019-11-11","-0.047","-0.047","-0.047","-0.047","18.75%"
"2019-11-08","-0.040","-0.040","-0.040","-0.040","-28.95%"
"2019-11-07","-0.056","-0.056","-0.056","-0.056","-20.93%"
"2019-11-06","-0.071","-0.071","-0.071","-0.071","-11.00%"
"2019-11-05","-0.080","-0.080","-0.080","-0.080","-25.58%"
"2019-11-04","-0.108","-0.108","-0.108","-0.108","0.00%"
"2019-11-01","-0.108","-0.108","-0.108","-0.108","10.26%"
"2019-10-31","-0.097","-0.097","-0.097","-0.097","18.18%"
"2019-10-30","-0.083","-0.083","-0.083","-0.083","3.13%"
"2019-10-29","-0.080","-0.080","-0.080","-0.080","-20.00%"
"2019-10-28","-0.100","-0.100","-0.100","-0.100","0.00%"
"2019-10-25","-0.100","-0.100","-0.100","-0.100","-10.15%"
"2019-10-24","-0.111","-0.111","-0.111","-0.111","-2.20%"
"2019-10-23","-0.114","-0.114","-0.114","-0.114","-1.04%"
"2019-10-22","-0.115","-0.115","-0.115","-0.115","3.32%"
"2019-10-21","-0.111","-0.111","-0.111","-0.111","0.00%"
"2019-10-18","-0.111","-0.111","-0.111","-0.111","-6.31%"
"2019-10-17","-0.119","-0.119","-0.119","-0.119","13.14%"
"2019-10-16","-0.105","-0.105","-0.105","-0.105","-10.64%"
"2019-10-15","-0.117","-0.117","-0.117","-0.117","1.03%"
"2019-10-14","-0.116","-0.116","-0.116","-0.116","0.00%"
"2019-10-11","-0.116","-0.116","-0.116","-0.116","-5.06%"
"2019-10-10","-0.123","-0.123","-0.123","-0.123","-4.89%"
"2019-10-09","-0.129","-0.129","-0.129","-0.129","-1.90%"
"2019-10-08","-0.131","-0.131","-0.131","-0.131","-4.51%"
"2019-10-07","-0.138","-0.138","-0.138","-0.138","6.75%"
"2019-10-04","-0.129","-0.129","-0.129","-0.129","4.04%"
"2019-10-03","-0.124","-0.124","-0.124","-0.124","6.45%"
"2019-10-02","-0.116","-0.116","-0.116","-0.116","4.49%"
"2019-10-01","-0.111","-0.111","-0.111","-0.111","-8.24%"
"2019-09-30","-0.121","-0.121","-0.121","-0.121","-2.96%"
"2019-09-27","-0.125","-0.125","-0.125","-0.125","-1.03%"
"2019-09-26","-0.126","-0.126","-0.126","-0.126","0.00%"
"2019-09-25","-0.126","-0.126","-0.126","-0.126","7.49%"
"2019-09-24","-0.117","-0.117","-0.117","-0.117","1.03%"
"2019-09-23","-0.116","-0.116","-0.116","-0.116","0.00%"
"2019-09-20","-0.116","-0.116","-0.116","-0.116","4.49%"
"2019-09-19","-0.111","-0.111","-0.111","-0.111","12.65%"
"2019-09-18","-0.099","-0.099","-0.099","-0.099","5.33%"
"2019-09-17","-0.094","-0.094","-0.094","-0.094","1.41%"
"2019-09-16","-0.093","-0.093","-0.093","-0.093","5.71%"
"2019-09-13","-0.087","-0.087","-0.087","-0.087","-12.50%"
"2019-09-12","-0.100","-0.100","-0.100","-0.100","-1.28%"
"2019-09-11","-0.101","-0.101","-0.101","-0.101","-1.17%"
"2019-09-10","-0.102","-0.102","-0.102","-0.102","-1.25%"
"2019-09-09","-0.104","-0.104","-0.104","-0.104","5.06%"
"2019-09-06","-0.099","-0.099","-0.099","-0.099","0.00%"
"2019-09-05","-0.099","-0.099","-0.099","-0.099","-3.61%"
"2019-09-04","-0.102","-0.102","-0.102","-0.102","-1.25%"
"2019-09-03","-0.104","-0.104","-0.104","-0.104","3.80%"
"2019-09-02","-0.100","-0.100","-0.100","-0.100","-1.28%"
"2019-08-30","-0.101","-0.101","-0.101","-0.101","-3.52%"
"2019-08-29","-0.105","-0.105","-0.105","-0.105","0.00%"
"2019-08-28","-0.105","-0.105","-0.105","-0.105","1.16%"
"2019-08-27","-0.104","-0.104","-0.104","-0.104","-3.44%"
"2019-08-26","-0.108","-0.108","-0.108","-0.108","11.63%"
"2019-08-23","-0.096","-0.096","-0.096","-0.096","-2.53%"
"2019-08-22","-0.099","-0.099","-0.099","-0.099","0.00%"
"2019-08-21","-0.099","-0.099","-0.099","-0.099","-5.90%"
"2019-08-20","-0.105","-0.105","-0.105","-0.105","1.16%"
"2019-08-19","-0.104","-0.104","-0.104","-0.104","-3.44%"
"2019-08-16","-0.108","-0.108","-0.108","-0.108","-2.27%"
"2019-08-15","-0.110","-0.110","-0.110","-0.110","4.76%"
"2019-08-14","-0.105","-0.105","-0.105","-0.105","-5.66%"
"2019-08-13","-0.111","-0.111","-0.111","-0.111","7.23%"
"2019-08-12","-0.104","-0.104","-0.104","-0.104","0.00%"
"2019-08-09","-0.104","-0.104","-0.104","-0.104","13.69%"
"2019-08-08","-0.091","-0.091","-0.091","-0.091","0.00%"
"2019-08-07","-0.091","-0.091","-0.091","-0.091","7.41%"
"2019-08-06","-0.085","-0.085","-0.085","-0.085","-4.28%"
"2019-08-05","-0.089","-0.089","-0.089","-0.089","11.00%"
"2019-08-02","-0.080","-0.080","-0.080","-0.080","18.52%"
"2019-08-01","-0.068","-0.068","-0.068","-0.068","-16.97%"
"2019-07-31","-0.081","-0.081","-0.081","-0.081","-1.45%"
"2019-07-30","-0.083","-0.083","-0.083","-0.083","1.48%"
"2019-07-29","-0.081","-0.081","-0.081","-0.081","0.00%"
"2019-07-26","-0.081","-0.081","-0.081","-0.081","-1.45%"
"2019-07-25","-0.083","-0.083","-0.083","-0.083","-1.55%"
"2019-07-24","-0.084","-0.084","-0.084","-0.084","0.00%"
"2019-07-23","-0.084","-0.084","-0.084","-0.084","0.00%"
"2019-07-22","-0.084","-0.084","-0.084","-0.084","0.00%"
"2019-07-19","-0.084","-0.084","-0.084","-0.084","3.08%"
"2019-07-18","-0.081","-0.081","-0.081","-0.081","8.40%"
"2019-07-17","-0.075","-0.075","-0.075","-0.075","-1.70%"
"2019-07-16","-0.076","-0.076","-0.076","-0.076","5.24%"
"2019-07-15","-0.072","-0.072","-0.072","-0.072","0.00%"
"2019-07-12","-0.072","-0.072","-0.072","-0.072","-3.33%"
"2019-07-11","-0.075","-0.075","-0.075","-0.075","11.11%"
"2019-07-10","-0.068","-0.068","-0.068","-0.068","-11.53%"
"2019-07-09","-0.076","-0.076","-0.076","-0.076","-4.62%"
"2019-07-08","-0.080","-0.080","-0.080","-0.080","-7.30%"
"2019-07-05","-0.086","-0.086","-0.086","-0.086","1.53%"
"2019-07-04","-0.085","-0.085","-0.085","-0.085","7.87%"
"2019-07-03","-0.079","-0.079","-0.079","-0.079","0.00%"
"2019-07-02","-0.079","-0.079","-0.079","-0.079","0.00%"
"2019-07-01","-0.079","-0.079","-0.079","-0.079","-5.97%"
"2019-06-28","-0.084","-0.084","-0.084","-0.084","9.83%"
"2019-06-27","-0.076","-0.076","-0.076","-0.076","5.24%"
"2019-06-26","-0.072","-0.072","-0.072","-0.072","-6.45%"
"2019-06-25","-0.078","-0.078","-0.078","-0.078","0.00%"
"2019-06-24","-0.078","-0.078","-0.078","-0.078","-10.09%"
"2019-06-21","-0.086","-0.086","-0.086","-0.086","7.75%"
"2019-06-20","-0.080","-0.080","-0.080","-0.080","23.08%"
"2019-06-19","-0.065","-0.065","-0.065","-0.065","23.81%"
"2019-06-18","-0.052","-0.052","-0.052","-0.052","2.34%"
"2019-06-17","-0.051","-0.051","-0.051","-0.051","-2.29%"
"2019-06-14","-0.052","-0.052","-0.052","-0.052","5.00%"
"2019-06-13","-0.050","-0.050","-0.050","-0.050","11.11%"
"2019-06-12","-0.045","-0.045","-0.045","-0.045","5.88%"
"2019-06-11","-0.043","-0.043","-0.043","-0.043","-12.91%"
"2019-06-10","-0.049","-0.049","-0.049","-0.049","18.16%"
"2019-06-07","-0.041","-0.041","-0.041","-0.041","0.00%"
"2019-06-06","-0.041","-0.041","-0.041","-0.041","-24.91%"
"2019-06-05","-0.055","-0.055","-0.055","-0.055","20.61%"
"2019-06-04","-0.046","-0.046","-0.046","-0.046","25.62%"
"2019-06-03","-0.036","-0.036","-0.036","-0.036","32.00%"
"2019-05-31","-0.027","-0.027","-0.027","-0.027","15.55%"
"2019-05-30","-0.024","-0.024","-0.024","-0.024","-4.80%"
"2019-05-29","-0.025","-0.025","-0.025","-0.025","11.11%"
"2019-05-28","-0.023","-0.023","-0.023","-0.023","0.00%"
"2019-05-27","-0.023","-0.023","-0.023","-0.023","-5.46%"
"2019-05-24","-0.024","-0.024","-0.024","-0.024","5.78%"
"2019-05-23","-0.023","-0.023","-0.023","-0.023","5.63%"
"2019-05-22","-0.021","-0.021","-0.021","-0.021","0.00%"
"2019-05-21","-0.021","-0.021","-0.021","-0.021","-5.33%"
"2019-05-20","-0.023","-0.023","-0.023","-0.023","-5.46%"
"2019-05-17","-0.024","-0.024","-0.024","-0.024","-4.80%"
"2019-05-16","-0.025","-0.025","-0.025","-0.025","0.00%"
"2019-05-15","-0.025","-0.025","-0.025","-0.025","11.11%"
"2019-05-14","-0.023","-0.023","-0.023","-0.023","5.63%"
"2019-05-13","-0.021","-0.021","-0.021","-0.021","0.00%"
"2019-05-10","-0.021","-0.021","-0.021","-0.021","0.00%"
"2019-05-09","-0.021","-0.021","-0.021","-0.021","0.00%"
"2019-05-08","-0.021","-0.021","-0.021","-0.021","6.50%"
"2019-05-07","-0.020","-0.020","-0.020","-0.020","0.00%"
"2019-05-06","-0.020","-0.020","-0.020","-0.020","0.00%"
"2019-05-03","-0.020","-0.020","-0.020","-0.020","0.00%"
"2019-05-02","-0.020","-0.020","-0.020","-0.020","0.00%"
"2019-05-01","-0.020","-0.020","-0.020","-0.020","0.00%"
"2019-04-30","-0.020","-0.020","-0.020","-0.020","0.00%"
"2019-04-29","-0.020","-0.020","-0.020","-0.020","0.00%"
"2019-04-26","-0.020","-0.020","-0.020","-0.020","-6.10%"
"2019-04-25","-0.021","-0.021","-0.021","-0.021","0.00%"
"2019-04-24","-0.021","-0.021","-0.021","-0.021","6.50%"
"2019-04-23","-0.020","-0.020","-0.020","-0.020","6.38%"
"2019-04-22","-0.019","-0.019","-0.019","-0.019","-6.00%"
"2019-04-19","-0.020","-0.020","-0.020","-0.020","-11.11%"
"2019-04-18","-0.023","-0.023","-0.023","-0.023","19.68%"
"2019-04-17","-0.019","-0.019","-0.019","-0.019","-16.44%"
"2019-04-16","-0.023","-0.023","-0.023","-0.023","-5.46%"
"2019-04-15","-0.024","-0.024","-0.024","-0.024","-4.80%"
"2019-04-12","-0.025","-0.025","-0.025","-0.025","-4.94%"
"2019-04-11","-0.026","-0.026","-0.026","-0.026","0.00%"
"2019-04-10","-0.026","-0.026","-0.026","-0.026","5.20%"
"2019-04-09","-0.025","-0.025","-0.025","-0.025","5.04%"
"2019-04-08","-0.024","-0.024","-0.024","-0.024","5.78%"
"2019-04-05","-0.023","-0.023","-0.023","-0.023","-14.45%"
"2019-04-04","-0.026","-0.026","-0.026","-0.026","-8.68%"
"2019-04-03","-0.029","-0.029","-0.029","-0.029","0.00%"
"2019-04-02","-0.029","-0.029","-0.029","-0.029","-7.99%"
"2019-04-01","-0.031","-0.031","-0.031","-0.031","0.00%"
"2019-03-29","-0.031","-0.031","-0.031","-0.031","-3.69%"
"2019-03-28","-0.032","-0.032","-0.032","-0.032","30.00%"
"2019-03-27","-0.025","-0.025","-0.025","-0.025","0.00%"
"2019-03-26","-0.025","-0.025","-0.025","-0.025","0.00%"
"2019-03-25","-0.025","-0.025","-0.025","-0.025","0.00%"
"2019-03-22","-0.025","-0.025","-0.025","-0.025","5.04%"
"2019-03-21","-0.024","-0.024","-0.024","-0.024","0.00%"
"2019-03-20","-0.024","-0.024","-0.024","-0.024","0.00%"
"2019-03-19","-0.024","-0.024","-0.024","-0.024","-4.80%"
"2019-03-18","-0.025","-0.025","-0.025","-0.025","11.11%"
"2019-03-15","-0.023","-0.023","-0.023","-0.023","-10.00%"
"2019-03-14","-0.025","-0.025","-0.025","-0.025","0.00%"
"2019-03-13","-0.025","-0.025","-0.025","-0.025","11.11%"
"2019-03-12","-0.023","-0.023","-0.023","-0.023","0.00%"
"2019-03-11","-0.023","-0.023","-0.023","-0.023","-5.46%"
"2019-03-08","-0.024","-0.024","-0.024","-0.024","19.00%"
"2019-03-07","-0.020","-0.020","-0.020","-0.020","6.38%"
"2019-03-06","-0.019","-0.019","-0.019","-0.019","15.34%"
"2019-03-05","-0.016","-0.016","-0.016","-0.016","-6.86%"
"2019-03-04","-0.018","-0.018","-0.018","-0.018","-12.50%"
"2019-03-01","-0.020","-0.020","-0.020","-0.020","-11.11%"
"2019-02-28","-0.023","-0.023","-0.023","-0.023","-5.46%"
"2019-02-27","-0.024","-0.024","-0.024","-0.024","-4.80%"
"2019-02-26","-0.025","-0.025","-0.025","-0.025","11.11%"
"2019-02-25","-0.023","-0.023","-0.023","-0.023","0.00%"
"2019-02-22","-0.023","-0.023","-0.023","-0.023","0.00%"
"2019-02-21","-0.023","-0.023","-0.023","-0.023","-10.00%"
"2019-02-20","-0.025","-0.025","-0.025","-0.025","5.04%"
"2019-02-19","-0.024","-0.024","-0.024","-0.024","-17.36%"
"2019-02-18","-0.029","-0.029","-0.029","-0.029","28.00%"
"2019-02-15","-0.023","-0.023","-0.023","-0.023","12.50%"
"2019-02-14","-0.020","-0.020","-0.020","-0.020","0.00%"
"2019-02-13","-0.020","-0.020","-0.020","-0.020","-15.97%"
"2019-02-12","-0.024","-0.024","-0.024","-0.024","-13.45%"
"2019-02-11","-0.027","-0.027","-0.027","-0.027","0.00%"
"2019-02-08","-0.027","-0.027","-0.027","-0.027","22.22%"
"2019-02-07","-0.023","-0.023","-0.023","-0.023","0.00%"
"2019-02-06","-0.023","-0.023","-0.023","-0.023","0.00%"
"2019-02-05","-0.023","-0.023","-0.023","-0.023","-10.00%"
"2019-02-04","-0.025","-0.025","-0.025","-0.025","-9.09%"
"2019-02-01","-0.027","-0.027","-0.027","-0.027","15.55%"
"2019-01-31","-0.024","-0.024","-0.024","-0.024","5.78%"
"2019-01-30","-0.023","-0.023","-0.023","-0.023","0.00%"
"2019-01-29","-0.023","-0.023","-0.023","-0.023","-14.45%"
"2019-01-28","-0.026","-0.026","-0.026","-0.026","0.00%"
"2019-01-25","-0.026","-0.026","-0.026","-0.026","10.50%"
"2019-01-24","-0.024","-0.024","-0.024","-0.024","11.74%"
"2019-01-23","-0.021","-0.021","-0.021","-0.021","6.50%"
"2019-01-22","-0.020","-0.020","-0.020","-0.020","-20.00%"
"2019-01-21","-0.025","-0.025","-0.025","-0.025","17.37%"
"2019-01-18","-0.021","-0.021","-0.021","-0.021","30.67%"
"2019-01-17","-0.016","-0.016","-0.016","-0.016","30.40%"
"2019-01-16","-0.013","-0.013","-0.013","-0.013","25.00%"
"2019-01-15","-0.010","-0.010","-0.010","-0.010","13.64%"
"2019-01-14","-0.009","-0.009","-0.009","-0.009","0.00%"
"2019-01-11","-0.009","-0.009","-0.009","-0.009","-12.00%"
"2019-01-10","-0.010","-0.010","-0.010","-0.010","13.64%"
"2019-01-09","-0.009","-0.009","-0.009","-0.009","-12.00%"
"2019-01-08","-0.010","-0.010","-0.010","-0.010","0.00%"
"2019-01-07","-0.010","-0.010","-0.010","-0.010","0.00%"
"2019-01-04","-0.010","-0.010","-0.010","-0.010","-11.50%"
"2019-01-03","-0.011","-0.011","-0.011","-0.011","0.00%"
"2019-01-02","-0.011","-0.011","-0.011","-0.011","0.00%"
"2019-01-01","-0.011","-0.011","-0.011","-0.011","0.00%"
"2018-12-31","-0.011","-0.011","-0.011","-0.011","79.37%"
"2018-12-28","-0.006","-0.006","-0.006","-0.006","0.00%"
"2018-12-27","-0.006","-0.006","-0.006","-0.006","-16.00%"
"2018-12-26","-0.007","-0.007","-0.007","-0.007","-33.63%"
"2018-12-25","-0.011","-0.011","-0.011","-0.011","79.37%"
"2018-12-24","-0.006","-0.006","-0.006","-0.006","-16.00%"
"2018-12-21","-0.007","-0.007","-0.007","-0.007","-57.14%"
"2018-12-20","-0.018","-0.018","-0.018","-0.018","16.67%"
"2018-12-19","-0.015","-0.015","-0.015","-0.015","0.00%"
"2018-12-18","-0.015","-0.015","-0.015","-0.015","8.70%"
"2018-12-17","-0.014","-0.014","-0.014","-0.014","-8.00%"
"2018-12-14","-0.015","-0.015","-0.015","-0.015","8.70%"
"2018-12-13","-0.014","-0.014","-0.014","-0.014","-8.00%"
"2018-12-12","-0.015","-0.015","-0.015","-0.015","-14.29%"
"2018-12-11","-0.018","-0.018","-0.018","-0.018","-17.84%"
"2018-12-10","-0.021","-0.021","-0.021","-0.021","6.50%"
"2018-12-07","-0.020","-0.020","-0.020","-0.020","6.38%"
"2018-12-06","-0.019","-0.019","-0.019","-0.019","25.33%"
"2018-12-05","-0.015","-0.015","-0.015","-0.015","20.00%"
"2018-12-04","-0.013","-0.013","-0.013","-0.013","66.67%"
"2018-12-03","-0.007","-0.007","-0.007","-0.007","50.00%"
"2018-11-30","-0.005","-0.005","-0.005","-0.005","-20.63%"
"2018-11-29","-0.006","-0.006","-0.006","-0.006","-352.00%"
"2018-11-28","0.002","0.002","0.002","0.002","0.00%"
"2018-11-27","0.002","0.002","0.002","0.002","0.00%"
"2018-11-26","0.002","0.002","0.002","0.002","0.00%"
"2018-11-23","0.002","0.002","0.002","0.002","0.00%"
"2018-11-22","0.002","0.002","0.002","0.002","0.00%"
"2018-11-21","0.002","0.002","0.002","0.002","-50.00%"
"2018-11-20","0.005","0.005","0.005","0.005","31.58%"
"2018-11-19","0.004","0.004","0.004","0.004","-24.00%"
"2018-11-16","0.005","0.005","0.005","0.005","0.00%"
"2018-11-15","0.005","0.005","0.005","0.005","-20.63%"
"2018-11-14","0.006","0.006","0.006","0.006","26.00%"
"2018-11-13","0.005","0.005","0.005","0.005","0.00%"
"2018-11-12","0.005","0.005","0.005","0.005","31.58%"
"2018-11-09","0.004","0.004","0.004","0.004","-39.68%"
"2018-11-08","0.006","0.006","0.006","0.006","-16.00%"
"2018-11-07","0.007","0.007","0.007","0.007","-14.77%"
"2018-11-06","0.009","0.009","0.009","0.009","17.33%"
"2018-11-05","0.007","0.007","0.007","0.007","-25.00%"
"2018-11-02","0.010","0.010","0.010","0.010","-20.00%"
"2018-11-01","0.013","0.013","0.013","0.013","-9.42%"
"2018-10-31","0.014","0.014","0.014","0.014","10.40%"
"2018-10-30","0.013","0.013","0.013","0.013","0.00%"
"2018-10-29","0.013","0.013","0.013","0.013","0.00%"
"2018-10-26","0.013","0.013","0.013","0.013","-9.42%"
"2018-10-25","0.014","0.014","0.014","0.014","0.00%"
"2018-10-24","0.014","0.014","0.014","0.014","-8.00%"
"2018-10-23","0.015","0.015","0.015","0.015","0.00%"
"2018-10-22","0.015","0.015","0.015","0.015","8.70%"
"2018-10-19","0.014","0.014","0.014","0.014","-8.00%"
"2018-10-18","0.015","0.015","0.015","0.015","-7.98%"
"2018-10-17","0.016","0.016","0.016","0.016","0.00%"
"2018-10-16","0.016","0.016","0.016","0.016","44.25%"
"2018-10-15","0.011","0.011","0.011","0.011","-18.12%"
"2018-10-12","0.014","0.014","0.014","0.014","-8.00%"
"2018-10-11","0.015","0.015","0.015","0.015","-7.98%"
"2018-10-10","0.016","0.016","0.016","0.016","-13.30%"
"2018-10-09","0.019","0.019","0.019","0.019","25.33%"
"2018-10-08","0.015","0.015","0.015","0.015","0.00%"
"2018-10-05","0.015","0.015","0.015","0.015","-25.00%"
"2018-10-04","0.020","0.020","0.020","0.020","6.38%"
"2018-10-03","0.019","0.019","0.019","0.019","-6.00%"
"2018-10-02","0.020","0.020","0.020","0.020","0.00%"
"2018-10-01","0.020","0.020","0.020","0.020","6.38%"
"2018-09-28","0.019","0.019","0.019","0.019","7.43%"
"2018-09-27","0.018","0.018","0.018","0.018","-17.84%"
"2018-09-26","0.021","0.021","0.021","0.021","0.00%"
"2018-09-25","0.021","0.021","0.021","0.021","30.67%"
"2018-09-24","0.016","0.016","0.016","0.016","-23.47%"
"2018-09-21","0.021","0.021","0.021","0.021","6.50%"
"2018-09-20","0.020","0.020","0.020","0.020","0.00%"
"2018-09-19","0.020","0.020","0.020","0.020","0.00%"
"2018-09-18","0.020","0.020","0.020","0.020","6.38%"
"2018-09-17","0.019","0.019","0.019","0.019","0.00%"
"2018-09-14","0.019","0.019","0.019","0.019","0.00%"
"2018-09-13","0.019","0.019","0.019","0.019","0.00%"
"2018-09-12","0.019","0.019","0.019","0.019","7.43%"
"2018-09-11","0.018","0.018","0.018","0.018","-6.91%"
"2018-09-10","0.019","0.019","0.019","0.019","0.00%"
"2018-09-07","0.019","0.019","0.019","0.019","0.00%"
"2018-09-06","0.019","0.019","0.019","0.019","0.00%"
"2018-09-05","0.019","0.019","0.019","0.019","-6.00%"
"2018-09-04","0.020","0.020","0.020","0.020","0.00%"
"2018-09-03","0.020","0.020","0.020","0.020","0.00%"
"2018-08-31","0.020","0.020","0.020","0.020","0.00%"
"2018-08-30","0.020","0.020","0.020","0.020","6.38%"
"2018-08-29","0.019","0.019","0.019","0.019","0.00%"
"2018-08-28","0.019","0.019","0.019","0.019","0.00%"
"2018-08-27","0.019","0.019","0.019","0.019","0.00%"
"2018-08-24","0.019","0.019","0.019","0.019","7.43%"
"2018-08-23","0.018","0.018","0.018","0.018","0.00%"
"2018-08-22","0.018","0.018","0.018","0.018","7.36%"
"2018-08-21","0.016","0.016","0.016","0.016","0.00%"
"2018-08-20","0.016","0.016","0.016","0.016","-13.30%"
"2018-08-17","0.019","0.019","0.019","0.019","-6.00%"
"2018-08-16","0.020","0.020","0.020","0.020","6.38%"
"2018-08-15","0.019","0.019","0.019","0.019","25.33%"
"2018-08-14","0.015","0.015","0.015","0.015","8.70%"
"2018-08-13","0.014","0.014","0.014","0.014","10.40%"
"2018-08-10","0.013","0.013","0.013","0.013","0.00%"
"2018-08-09","0.013","0.013","0.013","0.013","0.00%"
"2018-08-08","0.013","0.013","0.013","0.013","0.00%"
"2018-08-07","0.013","0.013","0.013","0.013","-9.42%"
"2018-08-06","0.014","0.014","0.014","0.014","0.00%"
"2018-08-03","0.014","0.014","0.014","0.014","-8.00%"
"2018-08-02","0.015","0.015","0.015","0.015","0.00%"
"2018-08-01","0.015","0.015","0.015","0.015","32.74%"
"2018-07-31","0.011","0.011","0.011","0.011","-18.12%"
"2018-07-30","0.014","0.014","0.014","0.014","0.00%"
"2018-07-27","0.014","0.014","0.014","0.014","10.40%"
"2018-07-26","0.013","0.013","0.013","0.013","10.62%"
"2018-07-25","0.011","0.011","0.011","0.011","0.00%"
"2018-07-24","0.011","0.011","0.011","0.011","-18.12%"
"2018-07-23","0.014","0.014","0.014","0.014","56.82%"
"2018-07-20","0.009","0.009","0.009","0.009","0.00%"
"2018-07-19","0.009","0.009","0.009","0.009","-12.00%"
"2018-07-18","0.010","0.010","0.010","0.010","33.33%"
"2018-07-17","0.007","0.007","0.007","0.007","294.74%"
"2018-07-16","0.002","0.002","0.002","0.002","-74.67%"
"2018-07-13","0.007","0.007","0.007","0.007","0.00%"
"2018-07-12","0.007","0.007","0.007","0.007","-14.77%"
"2018-07-11","0.009","0.009","0.009","0.009","131.58%"
"2018-07-10","0.004","0.004","0.004","0.004","-392.31%"
"2018-07-09","-0.001","-0.001","-0.001","-0.001","-134.21%"
"2018-07-06","0.004","0.004","0.004","0.004","-24.00%"
"2018-07-05","0.005","0.005","0.005","0.005","31.58%"
"2018-07-04","0.004","0.004","0.004","0.004","0.00%"
"2018-07-03","0.004","0.004","0.004","0.004","-24.00%"
"2018-07-02","0.005","0.005","0.005","0.005","-20.63%"
"2018-06-29","0.006","0.006","0.006","0.006","-16.00%"
"2018-06-28","0.007","0.007","0.007","0.007","-25.00%"
"2018-06-27","0.010","0.010","0.010","0.010","-11.50%"
"2018-06-26","0.011","0.011","0.011","0.011","50.67%"
"2018-06-25","0.007","0.007","0.007","0.007","-40.00%"
"2018-06-22","0.013","0.013","0.013","0.013","0.00%"
"2018-06-21","0.013","0.013","0.013","0.013","-9.42%"
"2018-06-20","0.014","0.014","0.014","0.014","10.40%"
"2018-06-19","0.013","0.013","0.013","0.013","-16.67%"
"2018-06-18","0.015","0.015","0.015","0.015","0.00%"
"2018-06-15","0.015","0.015","0.015","0.015","-7.98%"
"2018-06-14","0.016","0.016","0.016","0.016","-6.86%"
"2018-06-13","0.018","0.018","0.018","0.018","0.00%"
"2018-06-12","0.018","0.018","0.018","0.018","7.36%"
"2018-06-11","0.016","0.016","0.016","0.016","-6.86%"
"2018-06-08","0.018","0.018","0.018","0.018","-6.91%"
"2018-06-07","0.019","0.019","0.019","0.019","-6.00%"
"2018-06-06","0.020","0.020","0.020","0.020","6.38%"
"2018-06-05","0.019","0.019","0.019","0.019","0.00%"