"日付","終値","始値","高値","安値","変化率 %"
"2026-02-18","1.8239","1.8036","1.8317","1.7654","0.21%"
"2026-02-17","1.8200","1.8559","1.8745","1.8133","-2.88%"
"2026-02-16","1.8740","1.8629","1.9057","1.8675","-0.58%"
"2026-02-13","1.8850","1.8669","1.9248","1.8730","0.00%"
"2026-02-12","1.8850","1.8799","1.9407","1.8730","-1.70%"
"2026-02-11","1.9176","1.8689","1.9186","1.8840","0.08%"
"2026-02-10","1.9160","1.9219","1.9510","1.8900","-1.08%"
"2026-02-09","1.9370","1.8994","1.9793","1.9059","1.04%"
"2026-02-06","1.9170","1.8749","1.9355","1.8351","1.97%"
"2026-02-05","1.8800","1.8769","1.9277","1.8800","-1.42%"
"2026-02-04","1.9070","1.8989","1.9403","1.8938","0.00%"
"2026-02-03","1.9070","1.8769","1.9455","1.8830","0.05%"
"2026-02-02","1.9060","1.8907","1.9338","1.8730","0.85%"
"2026-01-30","1.8900","1.8949","1.9247","1.8783","-0.71%"
"2026-01-29","1.9035","1.9029","1.9385","1.8945","-0.76%"
"2026-01-28","1.9180","1.9259","1.9670","1.8923","-1.08%"
"2026-01-27","1.9390","1.8889","1.9698","1.9021","1.86%"
"2026-01-26","1.9035","1.9107","1.9408","1.8749","-0.60%"
"2026-01-23","1.9150","1.8729","1.9430","1.8776","1.59%"
"2026-01-22","1.8850","1.9249","1.9408","1.8808","-2.53%"
"2026-01-21","1.9340","1.9589","1.9850","1.9155","-2.08%"
"2026-01-20","1.9750","1.9079","2.0231","1.9164","2.60%"
"2026-01-19","1.9250","1.8602","1.9528","1.8654","2.67%"
"2026-01-16","1.8750","1.8449","1.8920","1.8499","0.97%"
"2026-01-15","1.8570","1.8419","1.8845","1.8263","1.09%"
"2026-01-14","1.8370","1.8415","1.8930","1.8340","-1.40%"
"2026-01-13","1.8630","1.8289","1.8923","1.8192","1.42%"
"2026-01-12","1.8370","1.8397","1.8698","1.8370","0.60%"
"2026-01-09","1.8260","1.7600","1.8693","1.7758","2.07%"
"2026-01-08","1.7890","1.7909","1.8139","1.7728","-1.38%"
"2026-01-07","1.8140","1.8119","1.8528","1.8080","-0.98%"
"2026-01-06","1.8320","1.8020","1.8610","1.8083","0.55%"
"2026-01-05","1.8220","1.7694","1.8595","1.7799","1.19%"
"2026-01-02","1.8005","1.8005","1.8005","1.8005","0.00%"
"2026-01-01","1.8005","1.8005","1.8005","1.8005","0.00%"
"2025-12-31","1.8005","1.8005","1.8005","1.8005","0.00%"
"2025-12-30","1.8005","1.7349","1.8093","1.7473","2.71%"
"2025-12-29","1.7530","1.7182","1.7808","1.7407","0.40%"
"2025-12-26","1.7460","1.7379","1.7606","1.7435","-0.57%"
"2025-12-25","1.7560","1.7049","1.7605","1.7152","1.71%"
"2025-12-24","1.7265","1.7179","1.7745","1.7172","-0.35%"
"2025-12-23","1.7325","1.7519","1.7898","1.7180","-1.81%"
"2025-12-22","1.7645","1.7232","1.8119","1.7270","1.94%"
"2025-12-19","1.7310","1.6739","1.7593","1.6786","2.91%"
"2025-12-18","1.6820","1.6645","1.7095","1.6732","-0.53%"
"2025-12-17","1.6910","1.6559","1.7203","1.6683","0.77%"
"2025-12-16","1.6780","1.6569","1.7007","1.6628","-2.19%"
"2025-12-15","1.7155","1.6529","1.7155","1.6504","3.28%"
"2025-12-12","1.6610","1.6359","1.6870","1.6359","0.91%"
"2025-12-11","1.6460","1.6364","1.6730","1.6296","-0.36%"
"2025-12-10","1.6520","1.6549","1.6843","1.6485","-0.66%"
"2025-12-09","1.6630","1.6689","1.6973","1.6480","-0.78%"
"2025-12-08","1.6760","1.6519","1.7133","1.6595","0.78%"
"2025-12-05","1.6630","1.6304","1.6895","1.6378","1.03%"
"2025-12-04","1.6460","1.5919","1.6768","1.6064","2.43%"
"2025-12-03","1.6070","1.5779","1.6420","1.5910","0.69%"
"2025-12-02","1.5960","1.5759","1.6243","1.5776","0.22%"
"2025-12-01","1.5925","1.5289","1.6208","1.5338","3.27%"
"2025-11-28","1.5420","1.4965","1.5585","1.5139","1.05%"
"2025-11-27","1.5260","1.5049","1.5425","1.5110","0.07%"
"2025-11-26","1.5250","1.4954","1.5500","1.5136","-0.07%"
"2025-11-25","1.5260","1.4714","1.5398","1.4878","2.28%"
"2025-11-24","1.4920","1.4639","1.4940","1.4920","-0.40%"
"2025-11-21","1.4980","1.5009","1.5260","1.4845","-1.64%"
"2025-11-20","1.5230","1.4809","1.5575","1.4800","1.87%"
"2025-11-19","1.4950","1.4348","1.5078","1.4549","1.49%"
"2025-11-18","1.4730","1.4419","1.4878","1.4508","1.20%"
"2025-11-17","1.4555","1.4292","1.4855","1.4414","0.87%"
"2025-11-14","1.4430","1.4269","1.4680","1.4236","0.07%"
"2025-11-13","1.4420","1.4175","1.4623","1.4251","0.63%"
"2025-11-12","1.4330","1.4249","1.4593","1.4272","0.00%"
"2025-11-11","1.4330","1.4419","1.4670","1.4320","-0.97%"
"2025-11-10","1.4470","1.4147","1.4805","1.4287","1.33%"
"2025-11-07","1.4280","1.4085","1.4535","1.4145","0.88%"
"2025-11-06","1.4155","1.4089","1.4543","1.4101","-0.81%"
"2025-11-05","1.4270","1.4059","1.4417","1.3999","0.63%"
"2025-11-04","1.4180","1.4009","1.4453","1.4120","0.00%"
"2025-11-03","1.4180","1.3982","1.4337","1.4152","0.14%"
"2025-10-31","1.4160","1.3859","1.4340","1.3957","0.85%"
"2025-10-30","1.4040","1.3999","1.4337","1.3910","-1.68%"
"2025-10-29","1.4280","1.3719","1.4344","1.3847","3.03%"
"2025-10-28","1.3860","1.3999","1.4259","1.3803","-1.56%"
"2025-10-27","1.4080","1.3909","1.4418","1.4035","0.07%"
"2025-10-24","1.4070","1.3949","1.4252","1.3940","0.07%"
"2025-10-23","1.4060","1.3719","1.4318","1.3768","1.52%"
"2025-10-22","1.3850","1.3899","1.4162","1.3771","-1.14%"
"2025-10-21","1.4010","1.3949","1.4280","1.3870","-0.57%"
"2025-10-20","1.4090","1.3614","1.4292","1.3657","2.10%"
"2025-10-17","1.3800","1.3589","1.3919","1.3436","1.17%"
"2025-10-16","1.3640","1.3413","1.4068","1.3602","-0.37%"
"2025-10-15","1.3690","1.3349","1.3868","1.3485","1.11%"
"2025-10-14","1.3540","1.3694","1.3930","1.3455","-1.24%"
"2025-10-13","1.3710","1.3619","1.3960","1.3710","0.26%"
"2025-10-10","1.3675","1.4079","1.4297","1.3650","-3.97%"
"2025-10-09","1.4240","1.4109","1.4457","1.4105","0.00%"
"2025-10-08","1.4240","1.4099","1.4509","1.4167","0.07%"
"2025-10-07","1.4230","1.4008","1.4480","1.4133","-0.77%"
"2025-10-06","1.4340","1.4132","1.4500","1.3902","0.07%"
"2025-10-03","1.4330","1.4259","1.4514","1.4179","-0.42%"
"2025-10-02","1.4390","1.4107","1.4618","1.4151","0.28%"
"2025-10-01","1.4350","1.4039","1.4580","1.4143","0.99%"
"2025-09-30","1.4210","1.3999","1.4448","1.3960","0.71%"
"2025-09-29","1.4110","1.3867","1.4343","1.3922","0.79%"
"2025-09-26","1.4000","1.3860","1.4324","1.3909","-0.78%"
"2025-09-25","1.4110","1.3819","1.4358","1.3930","0.75%"
"2025-09-24","1.4005","1.3819","1.4180","1.3818","0.25%"
"2025-09-23","1.3970","1.3819","1.3970","1.3965","0.32%"
"2025-09-22","1.3925","1.3597","1.4167","1.3689","1.72%"
"2025-09-19","1.3690","1.3169","1.3993","1.3345","1.11%"
"2025-09-18","1.3540","1.3127","1.3707","1.3239","1.50%"
"2025-09-17","1.3340","1.3134","1.3538","1.3200","0.00%"
"2025-09-16","1.3340","1.3169","1.3569","1.3140","0.15%"
"2025-09-15","1.3320","1.3117","1.3484","1.3274","0.08%"
"2025-09-12","1.3310","1.2877","1.3464","1.3044","2.15%"
"2025-09-11","1.3030","1.2767","1.3298","1.2864","1.02%"
"2025-09-10","1.2898","1.2949","1.3185","1.2855","-1.39%"
"2025-09-09","1.3080","1.2669","1.3305","1.2670","1.95%"
"2025-09-08","1.2830","1.2669","1.3139","1.2761","-1.00%"
"2025-09-05","1.2960","1.2969","1.3235","1.2882","-1.14%"
"2025-09-04","1.3110","1.3419","1.3570","1.3066","-3.42%"
"2025-09-03","1.3574","1.3409","1.3808","1.3415","0.36%"
"2025-09-02","1.3525","1.3409","1.3755","1.3264","-0.29%"
"2025-09-01","1.3565","1.3102","1.3768","1.3222","1.13%"
"2025-08-29","1.3413","1.3213","1.3513","1.3375","-0.83%"
"2025-08-28","1.3525","1.3288","1.3613","1.3513","-0.55%"
"2025-08-27","1.3600","1.3400","1.3700","1.3600","-0.64%"
"2025-08-26","1.3688","1.3163","1.3750","1.3463","1.86%"
"2025-08-25","1.3438","1.3150","1.3450","1.3438","-0.09%"
"2025-08-22","1.3450","1.3100","1.3463","1.3350","0.94%"
"2025-08-21","1.3325","1.2900","1.3350","1.3200","1.04%"
"2025-08-20","1.3188","1.2913","1.3350","1.3188","-0.09%"
"2025-08-19","1.3200","1.2713","1.3275","1.3013","1.34%"
"2025-08-18","1.3025","1.2700","1.3025","1.2925","0.19%"
"2025-08-15","1.3000","1.2588","1.3000","1.2888","0.97%"
"2025-08-14","1.2875","1.1988","1.2875","1.2288","4.89%"
"2025-08-13","1.2275","1.2088","1.2425","1.2275","-0.81%"
"2025-08-12","1.2375","1.1938","1.2400","1.2200","1.23%"
"2025-08-11","1.2225","1.1925","1.2225","1.2225","0.00%"
"2025-08-08","1.2225","1.1750","1.2225","1.2050","1.55%"
"2025-08-07","1.2038","1.1900","1.2200","1.2013","-1.43%"
"2025-08-06","1.2213","1.1700","1.2238","1.2000","1.88%"
"2025-08-05","1.1988","1.1763","1.2063","1.1863","-0.72%"
"2025-08-04","1.2075","1.1825","1.2188","1.1975","-0.41%"
"2025-08-01","1.2125","1.2475","1.2775","1.2113","-5.00%"
"2025-07-31","1.2763","1.2563","1.2863","1.2650","-0.87%"
"2025-07-30","1.2875","1.2450","1.2875","1.2750","0.88%"
"2025-07-29","1.2763","1.2513","1.2888","1.2763","2.10%"
"2025-07-28","1.2500","1.2800","1.2500","1.2438","3.41%"
"2025-07-11","1.2088","1.1825","1.2100","1.2088","2.01%"
"2025-07-10","1.1850","1.1850","1.1850","1.1800","-0.11%"
"2025-07-09","1.1863","1.1700","1.1875","1.1675","1.29%"
"2025-07-08","1.1712","1.1525","1.1712","1.1525","2.40%"
"2025-07-07","1.1438","1.1225","1.1463","1.1225","1.90%"
"2025-07-04","1.1225","1.1450","1.1450","1.1200","-2.18%"
"2025-07-03","1.1475","1.1300","1.1475","1.1288","1.66%"
"2025-07-02","1.1288","1.1125","1.1288","1.1125","1.57%"
"2025-07-01","1.1113","1.1150","1.1150","1.1025","-0.45%"
"2025-06-30","1.1163","1.1213","1.1263","1.1163","-0.45%"
"2025-06-27","1.1213","1.1050","1.1213","1.1050","1.36%"
"2025-06-26","1.1063","1.0925","1.1063","1.0925","1.37%"
"2025-06-25","1.0913","1.1025","1.1025","1.0763","-1.13%"
"2025-06-24","1.1038","1.1013","1.1063","1.0950","0.12%"
"2025-06-23","1.1025","1.0963","1.1063","1.0963","0.57%"
"2025-06-20","1.0963","1.0888","1.0975","1.0825","0.81%"
"2025-06-19","1.0875","1.1025","1.1025","1.0875","-1.48%"
"2025-06-18","1.1038","1.1313","1.1388","1.1038","-2.32%"
"2025-06-17","1.1300","1.1325","1.1588","1.1225","0.00%"
"2025-06-16","1.1300","1.1275","1.1538","1.1275","0.22%"
"2025-06-13","1.1275","1.1188","1.1275","1.0925","0.11%"
"2025-06-12","1.1263","1.1463","1.1500","1.1263","-1.63%"
"2025-06-11","1.1450","1.1563","1.1563","1.1438","-1.08%"
"2025-06-10","1.1575","1.1538","1.1638","1.1538","0.43%"
"2025-06-09","1.1525","1.1450","1.1612","1.1450","0.66%"
"2025-06-06","1.1450","1.1450","1.1450","1.1300","-0.11%"
"2025-06-05","1.1463","1.1675","1.1663","1.1350","-1.93%"
"2025-06-04","1.1688","1.1525","1.1763","1.1538","1.52%"
"2025-06-03","1.1513","1.1600","1.1600","1.1438","-0.85%"
"2025-06-02","1.1612","1.1463","1.1638","1.1463","1.30%"
"2025-05-30","1.1463","1.1388","1.1475","1.1363","0.77%"
"2025-05-29","1.1375","1.1588","1.1663","1.1375","-1.94%"
"2025-05-28","1.1600","1.1225","1.1663","1.1225","3.45%"
"2025-05-27","1.1213","1.1400","1.1400","1.1025","-1.75%"
"2025-05-26","1.1413","1.1425","1.1413","1.1413","-0.11%"
"2025-05-23","1.1425","1.1925","3.4950","1.1413","-4.30%"
"2025-05-22","1.1938","1.1725","1.2013","1.1738","1.93%"
"2025-05-21","1.1712","1.1675","1.1712","1.1513","0.21%"
"2025-05-20","1.1688","1.1463","1.1688","1.1463","2.08%"
"2025-05-19","1.1450","1.1338","1.1538","1.1325","0.99%"
"2025-05-16","1.1338","1.1288","1.1338","1.1113","0.34%"
"2025-05-15","1.1300","1.1450","1.1475","1.1300","-1.42%"
"2025-05-14","1.1463","1.1188","1.1463","1.1138","2.58%"
"2025-05-13","1.1175","1.0925","1.1225","1.0925","2.40%"
"2025-05-12","1.0913","1.0175","1.1050","1.0175","7.25%"
"2025-05-09","1.0175","0.9925","1.0238","0.9938","2.64%"
"2025-05-08","0.9913","0.9750","1.0013","0.9775","1.80%"
"2025-05-07","0.9738","0.9513","0.9788","0.9513","2.51%"
"2025-05-05","0.9500","0.9500","0.9500","0.9500","0.00%"
"2025-05-02","0.9500","0.9313","0.9500","0.9313","1.88%"
"2025-05-01","0.9325","0.9550","0.9550","0.9213","-2.49%"
"2025-04-30","0.9563","0.9863","0.9863","0.9563","-3.16%"
"2025-04-28","0.9875","1.0150","1.0150","0.9763","-2.71%"
"2025-04-25","1.0150","0.9750","1.0163","0.9750","4.37%"
"2025-04-24","0.9725","1.0038","1.0038","0.9625","-3.23%"
"2025-04-23","1.0050","0.9500","1.0075","0.9500","5.64%"
"2025-04-22","0.9513","0.9525","0.9550","0.9488","0.00%"
"2025-04-21","0.9513","0.9513","0.9513","0.9513","-0.13%"
"2025-04-17","0.9525","0.9150","0.9588","0.9163","3.95%"
"2025-04-16","0.9163","1.0125","1.0113","0.8988","-9.50%"
"2025-04-15","1.0125","0.9525","1.0175","0.9525","6.02%"
"2025-04-14","0.9550","0.9213","0.9625","0.9213","4.09%"
"2025-04-11","0.9175","0.9688","0.9688","0.8850","-5.41%"
"2025-04-10","0.9700","0.8700","0.9975","0.8700","11.65%"
"2025-04-09","0.8688","0.9663","0.9663","0.0288","-10.32%"
"2025-04-08","0.9688","0.8525","0.9988","0.8538","13.98%"
"2025-04-07","0.8500","0.8913","0.8925","0.8050","-4.37%"
"2025-04-04","0.8888","1.0750","0.9550","0.8463","-17.23%"
"2025-04-03","1.0738","1.2138","1.2138","1.0663","-11.62%"
"2025-04-02","1.2150","1.2300","1.2337","1.2075","-1.32%"
"2025-04-01","1.2313","1.2300","1.2413","1.2250","0.00%"
"2025-03-31","1.2313","1.2788","1.2788","1.2213","-3.71%"
"2025-03-28","1.2788","1.3088","1.3088","1.2750","-2.48%"
"2025-03-27","1.3113","1.3250","1.3238","1.3038","-1.13%"
"2025-03-26","1.3263","1.3175","1.3275","1.3163","0.86%"
"2025-03-25","1.3150","1.2988","1.3213","1.3000","1.35%"
"2025-03-24","1.2975","1.2600","1.2975","1.2613","2.98%"
"2025-03-21","1.2600","1.2813","1.2825","1.2600","-1.56%"
"2025-03-19","1.2800","1.2575","1.2813","1.2525","1.68%"
"2025-03-18","1.2588","1.2450","1.2600","1.2450","1.21%"
"2025-03-17","1.2438","1.2463","1.2463","1.2400","-0.20%"
"2025-03-14","1.2463","1.2700","1.2700","1.2388","-1.97%"
"2025-03-13","1.2713","1.2450","1.2825","1.2450","2.42%"
"2025-03-12","1.2413","1.2513","1.2513","1.2313","-1.19%"
"2025-03-11","1.2563","1.2750","1.2750","1.2375","-1.66%"
"2025-03-10","1.2775","1.2375","1.2913","1.2375","3.23%"
"2025-03-07","1.2375","1.2575","1.2575","1.2375","-1.79%"
"2025-03-06","1.2600","1.2500","1.2800","1.2513","0.90%"
"2025-03-05","1.2488","1.1975","1.2488","1.1975","4.39%"
"2025-03-04","1.1963","1.2175","1.2163","1.1963","-1.85%"
"2025-03-03","1.2188","1.1775","1.2325","1.1775","3.51%"
"2025-02-28","1.1775","1.2025","1.2025","1.1688","-2.18%"
"2025-02-27","1.2038","1.1650","1.2138","1.1650","3.44%"
"2025-02-26","1.1638","1.1488","1.1738","1.1488","1.42%"
"2025-02-25","1.1475","1.1938","1.1938","1.1475","-3.97%"
"2025-02-24","1.1950","1.1950","1.1950","1.1950","0.00%"
"2025-02-21","1.1950","1.2500","1.2500","1.1950","-4.50%"
"2025-02-20","1.2513","1.2575","1.2563","1.2337","-0.60%"
"2025-02-19","1.2588","1.2500","1.2675","1.2450","0.60%"
"2025-02-18","1.2513","1.2313","1.2550","1.2313","1.73%"
"2025-02-17","1.2300","1.2038","1.2300","1.2038","2.18%"
"2025-02-14","1.2038","1.1813","1.2050","1.1813","2.02%"
"2025-02-13","1.1800","1.2063","1.2063","1.1800","-2.28%"
"2025-02-12","1.2075","1.1513","1.2075","1.1563","5.11%"
"2025-02-11","1.1488","1.1488","1.1488","1.1488","0.00%"
"2025-02-10","1.1488","1.1612","1.1612","1.1488","-1.07%"
"2025-02-07","1.1612","1.1350","1.1612","1.1350","2.42%"
"2025-02-06","1.1338","1.1225","1.1338","1.1175","0.89%"
"2025-02-05","1.1238","1.1213","1.1288","1.1175","0.34%"
"2025-02-04","1.1200","1.0863","1.1300","1.0900","3.34%"
"2025-02-03","1.0838","1.0950","1.0950","1.0788","-1.02%"
"2025-01-31","1.0950","1.0713","1.0963","1.0900","2.58%"
"2025-01-30","1.0675","1.0525","1.0750","1.0525","1.30%"
"2025-01-29","1.0538","1.0613","1.0613","1.0500","-0.94%"
"2025-01-28","1.0638","1.0588","1.0675","1.0563","0.36%"
"2025-01-27","1.0600","1.0900","1.0900","1.0462","-2.75%"
"2025-01-24","1.0900","1.0700","1.0963","1.0725","1.98%"
"2025-01-23","1.0688","1.0525","1.0688","1.0525","1.66%"
"2025-01-22","1.0513","1.0450","1.0613","1.0450","0.72%"
"2025-01-21","1.0438","1.0425","1.0488","1.0425","0.24%"
"2025-01-20","1.0413","1.0488","1.0500","1.0413","-0.72%"
"2025-01-17","1.0488","1.0563","1.0563","1.0450","-0.82%"
"2025-01-16","1.0575","1.0650","1.0650","1.0462","-0.83%"
"2025-01-15","1.0663","1.0775","1.0950","1.0663","-0.93%"
"2025-01-14","1.0763","1.0750","1.0825","1.0713","0.23%"
"2025-01-13","1.0738","1.0738","1.0738","1.0738","0.00%"
"2025-01-10","1.0738","1.0338","1.0738","1.0338","4.12%"
"2025-01-09","1.0313","1.0488","1.0488","1.0313","-1.90%"
"2025-01-08","1.0513","1.0288","1.0600","1.0300","2.32%"
"2025-01-07","1.0275","1.0213","1.0275","1.0213","0.74%"
"2025-01-06","1.0200","0.9788","1.0288","0.9800","4.21%"
"2025-01-03","0.9788","0.9788","0.9788","0.9788","0.00%"
"2025-01-02","0.9788","0.9788","0.9788","0.9788","0.00%"
"2025-01-01","0.9788","0.9788","0.9788","0.9788","0.00%"
"2024-12-31","0.9788","0.9788","0.9788","0.9788","0.00%"
"2024-12-30","0.9788","1.0013","1.0013","0.9788","-2.25%"
"2024-12-27","1.0013","0.9588","1.0013","0.9588","4.30%"
"2024-12-25","0.9600","0.9600","0.9600","0.9600","-0.14%"
"2024-12-24","0.9613","0.9513","0.9613","0.9588","1.19%"
"2024-12-23","0.9500","0.9338","0.9500","0.9350","1.73%"
"2024-12-20","0.9338","0.9588","0.9538","0.9338","-2.48%"
"2024-12-19","0.9575","0.9600","0.9600","0.9388","-0.52%"
"2024-12-18","0.9625","0.9663","0.9663","0.9588","-0.52%"
"2024-12-17","0.9675","0.9650","0.9763","0.9650","0.38%"
"2024-12-16","0.9638","0.9425","0.9638","0.9438","2.26%"
"2024-12-13","0.9425","0.9400","0.9425","0.9350","0.00%"
"2024-12-12","0.9425","0.9588","0.9575","0.9413","-1.82%"
"2024-12-11","0.9600","0.9650","0.9650","0.9600","-0.39%"
"2024-12-10","0.9638","0.9500","0.9638","0.9500","1.58%"
"2024-12-09","0.9488","0.9400","0.9488","0.9375","0.94%"
"2024-12-06","0.9400","0.9688","0.9688","0.9400","-3.34%"
"2024-12-05","0.9725","0.9513","0.9738","0.9525","2.10%"
"2024-12-04","0.9525","0.9638","0.9638","0.9525","-1.30%"
"2024-12-03","0.9650","0.9863","0.9863","0.9600","-2.28%"
"2024-12-02","0.9875","0.9588","0.9900","0.9600","2.99%"
"2024-11-29","0.9588","0.9625","0.9625","0.9588","-0.52%"
"2024-11-28","0.9638","0.9688","0.9713","0.9638","-0.64%"
"2024-11-27","0.9700","0.9825","0.9875","0.9700","-1.02%"
"2024-11-26","0.9800","0.9725","0.9813","0.9725","0.64%"
"2024-11-25","0.9738","0.9750","0.9813","0.9738","-0.12%"
"2024-11-22","0.9750","0.9913","0.9913","0.9750","-1.76%"
"2024-11-21","0.9925","0.9788","0.9975","0.9788","1.28%"
"2024-11-20","0.9800","0.9550","0.9813","0.9550","2.75%"
"2024-11-19","0.9538","0.9825","0.9825","0.9538","-3.05%"
"2024-11-18","0.9838","0.9838","0.9850","0.9763","0.00%"
"2024-11-15","0.9838","0.9650","0.9838","0.9663","2.08%"
"2024-11-14","0.9638","0.9463","0.9638","0.9500","1.72%"
"2024-11-13","0.9475","0.9300","0.9538","0.9300","2.01%"
"2024-11-12","0.9288","0.9138","0.9288","0.9150","2.07%"
"2024-11-11","0.9100","0.9000","0.9100","0.9000","1.11%"
"2024-11-08","0.9000","0.9000","0.9113","0.9000","0.13%"
"2024-11-07","0.8988","0.9025","0.9100","0.8988","-0.13%"
"2024-11-06","0.9000","0.8463","0.9000","0.8513","6.82%"
"2024-11-05","0.8425","0.8575","0.8563","0.8350","-1.61%"
"2024-11-04","0.8563","0.8563","0.8563","0.8563","0.00%"
"2024-11-01","0.8563","0.8675","0.8663","0.8500","-1.44%"
"2024-10-31","0.8688","0.8650","0.8688","0.8613","0.29%"
"2024-10-30","0.8663","0.8900","0.8900","0.8625","-2.94%"
"2024-10-29","0.8925","0.8750","0.8938","0.8750","2.14%"
"2024-10-28","0.8738","0.8488","0.8738","0.8725","2.95%"
"2024-10-25","0.8488","0.8588","0.8588","0.8438","-1.30%"
"2024-10-24","0.8600","0.8850","0.8838","0.8575","-2.97%"
"2024-10-23","0.8863","0.8800","0.8875","0.8813","0.85%"
"2024-10-22","0.8788","0.8813","0.8888","0.8750","0.00%"
"2024-10-21","0.8788","0.8875","0.8875","0.8675","-0.98%"
"2024-10-18","0.8875","0.8825","0.8988","0.8825","0.70%"
"2024-10-17","0.8813","0.8463","0.8813","0.8463","4.30%"
"2024-10-16","0.8450","0.8563","0.8563","0.8450","-1.46%"
"2024-10-15","0.8575","0.8488","0.8675","0.8500","1.18%"
"2024-10-14","0.8475","0.8475","0.8475","0.8475","0.00%"
"2024-10-11","0.8475","0.8475","0.8475","0.8425","-0.15%"
"2024-10-10","0.8488","0.8250","0.8588","0.8250","3.03%"
"2024-10-09","0.8238","0.8250","0.8250","0.8225","0.00%"
"2024-10-08","0.8238","0.8288","0.8288","0.8138","-0.75%"
"2024-10-07","0.8300","0.8013","0.8350","0.8075","3.58%"
"2024-10-04","0.8013","0.7675","0.8013","0.7675","4.57%"
"2024-10-03","0.7663","0.7588","0.7663","0.7538","0.83%"
"2024-10-02","0.7600","0.7650","0.7638","0.7513","-0.82%"
"2024-10-01","0.7663","0.7913","0.7913","0.7650","-3.31%"
"2024-09-30","0.7925","0.7950","0.7963","0.7875","-0.31%"
"2024-09-27","0.7950","0.7525","0.7963","0.7300","5.47%"
"2024-09-26","0.7538","0.7600","0.7613","0.7538","-1.46%"
"2024-09-25","0.7650","0.7638","0.7650","0.7600","0.33%"
"2024-09-24","0.7625","0.7925","0.7900","0.7600","-3.64%"
"2024-09-23","0.7913","0.7925","0.7925","0.7913","0.00%"
"2024-09-20","0.7913","0.7988","0.8013","0.7825","-0.63%"
"2024-09-19","0.7963","0.7800","0.8025","0.7800","2.25%"
"2024-09-18","0.7788","0.7763","0.7788","0.7713","0.17%"
"2024-09-17","0.7775","0.8013","0.7963","0.7700","-2.81%"
"2024-09-16","0.8000","0.8013","0.8013","0.8000","0.00%"
"2024-09-13","0.8000","0.8000","0.8013","0.7875","-0.31%"
"2024-09-12","0.8025","0.7863","0.8025","0.7863","1.58%"
"2024-09-11","0.7900","0.8063","0.8063","0.7813","-2.17%"
"2024-09-10","0.8075","0.8063","0.8175","0.8075","0.31%"
"2024-09-09","0.8050","0.7700","0.8100","0.8050","4.55%"
"2024-09-06","0.7700","0.7825","0.7813","0.7650","-1.75%"
"2024-09-05","0.7837","0.7875","0.7863","0.7788","-0.63%"
"2024-09-04","0.7887","0.7875","0.8250","0.7875","-4.55%"
"2024-09-03","0.8263","0.8263","0.8375","0.8263","0.16%"
"2024-09-02","0.8250","0.8150","0.8250","0.8163","1.23%"
"2024-08-30","0.8150","0.7712","0.8150","0.7750","1.24%"
"2024-08-29","0.8050","0.7712","0.8075","0.7700","-0.62%"
"2024-08-28","0.8100","0.8100","0.8138","0.7662","1.25%"
"2024-08-27","0.8000","0.7650","0.8000","0.7625","5.61%"
"2024-08-26","0.7575","0.7575","0.7913","0.7500","-4.27%"
"2024-08-23","0.7913","0.7550","0.8050","0.7637","-0.15%"
"2024-08-22","0.7925","0.7550","0.7925","0.7362","2.26%"
"2024-08-21","0.7750","0.7763","0.7900","0.7387","-2.82%"
"2024-08-20","0.7975","0.7700","0.8038","0.7575","-0.93%"
"2024-08-19","0.8050","0.8038","0.8050","0.7550","4.21%"
"2024-08-16","0.7725","0.7112","0.7775","0.7450","-0.32%"
"2024-08-15","0.7750","0.7112","0.7750","0.6887","7.82%"
"2024-08-14","0.7188","0.6912","0.7313","0.6837","-1.87%"
"2024-08-13","0.7325","0.7175","0.7475","0.7050","-2.18%"
"2024-08-12","0.7488","0.7312","0.7488","0.7237","0.00%"
"2024-08-09","0.7488","0.7237","0.7825","0.7312","-4.45%"
"2024-08-08","0.7837","0.7237","0.7900","0.7212","-0.96%"
"2024-08-07","0.7913","0.7612","0.8000","0.7000","2.77%"
"2024-08-06","0.7700","0.7412","0.7975","0.7387","3.52%"
"2024-08-05","0.7438","0.6875","0.8013","0.6625","-7.18%"
"2024-08-02","0.8013","0.8912","0.9025","0.8013","-11.34%"
"2024-08-01","0.9038","0.8912","0.9275","0.8537","-2.69%"
"2024-07-31","0.9288","0.8950","0.9350","0.8525","6.60%"
"2024-07-30","0.8713","0.8275","0.8900","0.8275","0.00%"
"2024-07-29","0.8713","0.8387","0.8875","0.8312","-1.83%"
"2024-07-26","0.8875","0.8662","0.9050","0.8550","-2.07%"
"2024-07-25","0.9063","0.8662","0.9175","0.8600","-1.36%"
"2024-07-24","0.9188","0.8800","0.9188","0.8712","1.66%"
"2024-07-23","0.9038","0.8700","0.9113","0.8675","-0.95%"
"2024-07-22","0.9125","0.8800","0.9125","0.8587","1.39%"
"2024-07-19","0.9000","0.8650","0.9000","0.8537","-0.28%"
"2024-07-18","0.9025","0.8650","0.9038","0.8612","0.69%"
"2024-07-17","0.8963","0.8562","0.9000","0.8312","0.84%"
"2024-07-16","0.8888","0.8450","0.9025","0.8362","-2.60%"
"2024-07-15","0.9125","0.8762","0.9125","0.8725","0.00%"
"2024-07-12","0.9125","0.9075","0.9200","0.8662","-0.96%"
"2024-07-11","0.9213","0.9075","0.9488","0.8887","-3.02%"
"2024-07-10","0.9500","0.9087","0.9513","0.9075","-0.26%"
"2024-07-09","0.9525","0.9150","0.9525","0.7925","0.13%"
"2024-07-08","0.9513","0.9187","0.9563","0.9087","1.20%"
"2024-07-05","0.9400","0.9175","0.9525","0.8975","-1.45%"
"2024-07-04","0.9538","0.9175","0.9625","0.9137","-0.65%"
"2024-07-03","0.9600","0.9425","0.9825","0.9137","-2.54%"
"2024-07-02","0.9850","0.9500","0.9875","0.9337","1.15%"
"2024-07-01","0.9738","0.9312","0.9738","0.9250","2.91%"
"2024-06-28","0.9463","0.9212","0.9463","0.9062","0.14%"
"2024-06-27","0.9450","0.9212","0.9513","0.9075","2.16%"
"2024-06-26","0.9250","0.9238","0.9263","0.8650","3.49%"
"2024-06-25","0.8938","0.8637","0.8938","0.8575","0.85%"
"2024-06-24","0.8863","0.8575","0.8863","0.8550","1.87%"
"2024-06-21","0.8700","0.8337","0.8763","0.8425","1.16%"
"2024-06-20","0.8600","0.8337","0.8625","0.8250","1.32%"
"2024-06-19","0.8488","0.8187","0.8650","0.8187","-1.59%"
"2024-06-18","0.8625","0.8350","0.8625","0.8250","1.02%"
"2024-06-17","0.8538","0.8175","0.8538","0.8137","0.29%"
"2024-06-14","0.8513","0.8662","0.9013","0.8150","-5.81%"
"2024-06-13","0.9038","0.8662","0.9038","0.8450","1.12%"
"2024-06-12","0.8938","0.8837","0.9400","0.8712","-5.05%"
"2024-06-11","0.9413","0.9112","0.9538","0.9000","-1.57%"
"2024-06-10","0.9563","0.9550","0.9613","0.9075","2.14%"
"2024-06-07","0.9363","0.8637","0.9363","0.8575","3.88%"
"2024-06-06","0.9013","0.8637","0.9150","0.8487","-1.90%"
"2024-06-05","0.9188","0.8975","0.9350","0.8800","-1.34%"
"2024-06-04","0.9313","0.9025","0.9838","0.8962","-5.45%"
"2024-06-03","0.9850","0.9475","0.9950","0.9325","-1.01%"
"2024-05-31","0.9950","0.9487","1.0000","0.9487","1.27%"
"2024-05-30","0.9825","0.9487","0.9950","0.9412","-1.14%"
"2024-05-29","0.9938","0.9562","0.9988","0.9450","3.79%"
"2024-05-28","0.9575","0.9200","0.9625","0.9112","4.64%"
"2024-05-27","0.9150","0.9150","0.9388","0.9000","-2.66%"
"2024-05-24","0.9400","0.8912","0.9425","0.8937","1.21%"
"2024-05-23","0.9288","0.8912","0.9338","0.8850","-0.66%"
"2024-05-22","0.9350","0.9363","0.9388","0.8837","2.19%"
"2024-05-21","0.9150","0.8837","0.9238","0.8812","-0.81%"
"2024-05-20","0.9225","0.8812","0.9225","0.8750","1.65%"
"2024-05-17","0.9075","0.8412","0.9075","0.8537","2.10%"
"2024-05-16","0.8888","0.8412","0.9063","0.8362","-2.20%"
"2024-05-15","0.9088","0.8712","0.9213","0.8575","-1.49%"
"2024-05-14","0.9225","0.8850","0.9275","0.8800","1.51%"
"2024-05-13","0.9088","0.8712","0.9138","0.8450","2.83%"
"2024-05-10","0.8838","0.8500","0.8888","0.8387","-0.70%"
"2024-05-09","0.8900","0.8500","0.8925","0.8400","1.85%"
"2024-05-08","0.8738","0.8237","0.8738","0.7925","4.02%"
"2024-05-07","0.8400","0.8050","0.8800","0.8000","-4.69%"
"2024-05-06","0.8813","0.8362","0.8813","0.8150","0.00%"
"2024-05-03","0.8813","0.8813","0.8813","0.8813","0.00%"
"2024-05-02","0.8813","0.8337","0.8825","0.8212","1.01%"
"2024-05-01","0.8725","0.8337","0.8813","0.8150","-1.00%"
"2024-04-30","0.8813","0.8200","0.8838","0.8137","-0.28%"
"2024-04-29","0.8838","0.8850","0.8850","0.8250","0.00%"
"2024-04-26","0.8838","0.8550","0.9163","0.8325","-3.67%"
"2024-04-25","0.9175","0.8550","0.9175","0.8412","1.80%"
"2024-04-24","0.9013","0.8437","0.9013","0.8387","1.69%"
"2024-04-23","0.8863","0.8500","0.9000","0.8350","0.43%"
"2024-04-22","0.8825","0.8437","0.8950","0.8212","2.76%"
"2024-04-19","0.8588","0.8237","0.8750","0.7912","-2.00%"
"2024-04-18","0.8763","0.8237","0.8838","0.8212","-1.13%"
"2024-04-17","0.8863","0.8450","0.9013","0.8387","-0.84%"
"2024-04-16","0.8938","0.8400","0.8950","0.8262","2.00%"
"2024-04-15","0.8763","0.8225","0.8763","0.8137","1.74%"
"2024-04-12","0.8613","0.8425","0.8775","0.8112","-1.99%"
"2024-04-11","0.8788","0.8425","0.8888","0.8087","6.35%"
"2024-04-10","0.8263","0.7725","0.8263","0.7687","2.48%"
"2024-04-09","0.8063","0.7675","0.8125","0.7537","0.47%"
"2024-04-08","0.8025","0.7612","0.8038","0.7512","2.06%"
"2024-04-05","0.7863","0.7437","0.7863","0.7375","0.81%"
"2024-04-04","0.7800","0.7437","0.7887","0.7375","-0.32%"
"2024-04-03","0.7825","0.7375","0.7825","0.7325","0.32%"
"2024-04-02","0.7800","0.7350","0.7863","0.7162","7.96%"
"2024-04-01","0.7225","0.7225","0.7538","0.7212","0.70%"
"2024-03-29","0.7175","0.7087","0.7175","0.7000","-4.97%"
"2024-03-28","0.7550","0.7087","0.7575","0.7012","-0.83%"
"2024-03-27","0.7613","0.7237","0.7800","0.7225","-2.08%"
"2024-03-26","0.7775","0.7312","0.7875","0.7312","-1.42%"
"2024-03-25","0.7887","0.7400","0.7887","0.7350","0.47%"
"2024-03-22","0.7850","0.7487","0.7988","0.7500","-0.80%"
"2024-03-21","0.7913","0.7487","0.7913","0.7325","3.44%"
"2024-03-20","0.7650","0.7275","0.7325","0.7225","0.00%"
"2024-03-19","0.7650","0.7275","0.7700","0.7062","0.66%"
"2024-03-18","0.7600","0.7275","0.7875","0.7150","1.17%"
"2024-03-17","0.7512","0.7875","0.7875","0.7450","-4.61%"
"2024-03-15","0.7875","0.7450","0.7975","0.7412","-1.41%"
"2024-03-14","0.7988","0.7450","0.8000","0.7412","1.76%"
"2024-03-13","0.7850","0.7400","0.7850","0.7325","0.32%"
"2024-03-12","0.7825","0.7450","0.7887","0.7412","-1.11%"
"2024-03-11","0.7913","0.7562","0.7950","0.7487","5.34%"
"2024-03-10","0.7512","0.7837","0.7837","0.7337","-4.15%"
"2024-03-09","0.7837","0.7837","0.7837","0.7837","0.00%"
"2024-03-08","0.7837","0.7400","0.7837","0.7312","0.15%"
"2024-03-07","0.7825","0.7400","0.7825","0.7075","5.56%"
"2024-03-06","0.7413","0.7125","0.7488","0.7025","-1.00%"
"2024-03-05","0.7488","0.7200","0.7738","0.7137","-3.38%"
"2024-03-04","0.7750","0.7387","0.7763","0.7262","6.53%"
"2024-03-03","0.7275","0.7763","0.7763","0.7275","-6.59%"
"2024-03-01","0.7788","0.7763","0.7825","0.7412","-0.63%"
"2024-02-29","0.7837","0.7525","0.7963","0.7300","6.26%"
"2024-02-28","0.7375","0.7375","0.7800","0.7325","-5.14%"
"2024-02-27","0.7775","0.7362","0.7775","0.7337","1.13%"
"2024-02-26","0.7688","0.7262","0.8013","0.7262","2.17%"
"2024-02-25","0.7525","0.8000","0.8000","0.7525","-1.14%"
"2024-02-23","0.7612","0.7612","0.7612","0.7612","0.00%"
"2024-02-22","0.7612","0.7662","0.8038","0.7487","-5.59%"
"2024-02-21","0.8063","0.7662","0.8113","0.7662","-0.76%"
"2024-02-20","0.8125","0.7787","0.8175","0.7762","-0.77%"
"2024-02-19","0.8188","0.7812","0.8325","0.7812","3.65%"
"2024-02-18","0.7900","0.8313","0.8313","0.7875","-4.97%"
"2024-02-16","0.8313","0.7787","0.8400","0.7762","1.84%"
"2024-02-15","0.8163","0.7787","0.8438","0.7712","-3.40%"
"2024-02-14","0.8450","0.8100","0.8488","0.7900","-0.15%"
"2024-02-13","0.8463","0.7825","0.8563","0.7787","2.89%"
"2024-02-12","0.8225","0.7875","0.8225","0.7850","0.00%"
"2024-02-11","0.8225","0.8225","0.8225","0.8225","0.00%"
"2024-02-09","0.8225","0.7700","0.8238","0.7737","1.23%"
"2024-02-08","0.8125","0.7700","0.8125","0.7625","-0.16%"
"2024-02-07","0.8138","0.7800","0.8213","0.7650","-0.15%"
"2024-02-06","0.8150","0.7825","0.8325","0.7712","-2.25%"
"2024-02-05","0.8338","0.7875","0.8338","0.7750","7.24%"
"2024-02-04","0.7775","0.8113","0.8113","0.7337","-4.17%"
"2024-02-02","0.8113","0.7462","0.8113","0.7262","3.84%"
"2024-02-01","0.7813","0.7462","0.8138","0.7362","-4.13%"
"2024-01-31","0.8150","0.7850","0.8288","0.7825","-0.16%"
"2024-01-30","0.8163","0.7700","0.8163","0.7662","0.47%"
"2024-01-29","0.8125","0.7712","0.8200","0.7650","0.77%"
"2024-01-28","0.8063","0.8063","0.8063","0.7637","0.00%"
"2024-01-27","0.8063","0.8063","0.8063","0.8063","0.00%"
"2024-01-26","0.8063","0.8075","0.8413","0.7612","-4.30%"
"2024-01-25","0.8425","0.8075","0.8463","0.7675","2.89%"
"2024-01-24","0.8188","0.7762","0.8188","0.7712","4.64%"
"2024-01-23","0.7825","0.7450","0.7863","0.6887","5.20%"
"2024-01-22","0.7438","0.7100","0.7638","0.6950","3.13%"
"2024-01-21","0.7212","0.7638","0.7638","0.7212","-5.58%"
"2024-01-20","0.7638","0.7638","0.7638","0.7638","0.00%"
"2024-01-19","0.7638","0.7037","0.7663","0.7025","2.87%"
"2024-01-18","0.7425","0.7037","0.7488","0.6725","7.02%"
"2024-01-17","0.6938","0.6550","0.6988","0.6550","1.83%"
"2024-01-16","0.6813","0.6487","0.6825","0.6312","4.82%"
"2024-01-15","0.6500","0.6613","0.6613","0.6100","4.22%"
"2024-01-14","0.6237","0.6613","0.6613","0.6237","-5.69%"
"2024-01-12","0.6613","0.6400","0.6888","0.6300","-3.64%"
"2024-01-11","0.6863","0.6787","0.7038","0.6387","-2.83%"
"2024-01-10","0.7063","0.7088","0.7138","0.6587","-0.52%"
"2024-01-09","0.7100","0.6875","0.7188","0.6675","-1.39%"
"2024-01-08","0.7200","0.7200","0.7200","0.6875","0.00%"
"2024-01-05","0.7200","0.7200","0.7200","0.7200","-2.04%"
"2024-01-04","0.7350","0.7350","0.7350","0.7350","-2.49%"
"2024-01-03","0.7538","0.7538","0.7538","0.7538","0.00%"
"2024-01-02","0.7538","0.7538","0.7538","0.7538","0.00%"
"2024-01-01","0.7538","0.7538","0.7538","0.7538","0.00%"
"2023-12-31","0.7538","0.7538","0.7538","0.7538","0.00%"
"2023-12-29","0.7538","0.6875","0.7550","0.7037","3.26%"
"2023-12-28","0.7300","0.6875","0.7313","0.6812","-0.34%"
"2023-12-27","0.7325","0.6962","0.7500","0.6862","1.74%"
"2023-12-26","0.7200","0.7200","0.7225","0.7087","2.13%"
"2023-12-25","0.7050","0.7050","0.7513","0.6862","-0.70%"
"2023-12-24","0.7100","0.7525","0.7525","0.7100","-5.65%"
"2023-12-22","0.7525","0.6887","0.7563","0.7037","3.25%"
"2023-12-21","0.7288","0.6887","0.7288","0.6662","4.86%"
"2023-12-20","0.6950","0.6500","0.7163","0.6462","-3.14%"
"2023-12-19","0.7175","0.6850","0.7762","0.6650","-10.31%"
"2023-12-18","0.8000","0.7512","0.8113","0.7512","2.56%"
"2023-12-17","0.7800","0.8113","0.8113","0.7687","-3.86%"
"2023-12-15","0.8113","0.7325","0.8275","0.7612","3.52%"
"2023-12-14","0.7837","0.7325","0.8113","0.7075","-3.54%"
"2023-12-13","0.8125","0.7725","0.8363","0.7175","-3.14%"
"2023-12-12","0.8388","0.7900","0.8888","0.7737","-5.75%"
"2023-12-11","0.8900","0.8462","0.9238","0.8425","-0.28%"
"2023-12-10","0.8925","0.9238","0.9238","0.8600","-3.39%"
"2023-12-08","0.9238","0.8437","0.9275","0.8512","4.09%"
"2023-12-07","0.8875","0.8437","0.9075","0.7387","17.16%"
"2023-12-06","0.7575","0.7125","0.7813","0.7025","-3.66%"
"2023-12-05","0.7863","0.7487","0.8325","0.7225","-5.70%"
"2023-12-04","0.8338","0.7750","0.8350","0.7450","10.80%"
"2023-12-03","0.7525","0.8350","0.8350","0.7525","-9.88%"
"2023-12-01","0.8350","0.7625","0.8488","0.7837","1.36%"
"2023-11-30","0.8238","0.7625","0.8238","0.7100","3.78%"
"2023-11-29","0.7938","0.7525","0.8775","0.7487","-10.05%"
"2023-11-28","0.8825","0.8325","0.8888","0.8112","-0.84%"
"2023-11-27","0.8900","0.8462","0.9013","0.8287","4.71%"
"2023-11-26","0.8500","0.9013","0.9013","0.8487","-5.69%"
"2023-11-24","0.9013","0.7950","0.9075","0.8000","5.87%"
"2023-11-23","0.8513","0.7950","0.8037","0.7950","0.00%"
"2023-11-22","0.8513","0.7687","0.8525","0.7662","4.45%"
"2023-11-21","0.8150","0.7687","0.8588","0.7525","-5.23%"
"2023-11-20","0.8600","0.8062","0.8650","0.7900","5.85%"
"2023-11-19","0.8125","0.8475","0.8475","0.7862","-4.13%"
"2023-11-18","0.8475","0.8475","0.8475","0.8475","0.00%"
"2023-11-17","0.8475","0.8400","0.8788","0.7775","-4.38%"
"2023-11-16","0.8863","0.8400","0.9025","0.8162","-1.94%"
"2023-11-15","0.9038","0.8400","0.9288","0.8187","-2.82%"
"2023-11-14","0.9300","0.8987","0.9913","0.8512","-6.30%"
"2023-11-13","0.9925","0.9312","0.9938","0.9150","8.62%"
"2023-11-12","0.9137","0.9625","0.9625","0.9037","-5.07%"
"2023-11-11","0.9625","0.9625","0.9625","0.9625","0.00%"
"2023-11-10","0.9625","0.8812","0.9688","0.9000","1.98%"
"2023-11-09","0.9438","0.8812","0.9438","0.8725","0.00%"
"2023-11-08","0.9438","0.8900","0.9800","0.8737","-3.82%"
"2023-11-07","0.9813","0.9200","0.9838","0.9112","0.26%"
"2023-11-06","0.9788","0.9319","1.0088","0.8987","4.75%"
"2023-11-05","0.9344","1.0088","1.0088","0.9212","-7.38%"
"2023-11-04","1.0088","0.9713","1.0088","0.9713","3.86%"
"2023-11-03","0.9713","0.9713","0.9713","0.9713","-3.72%"
"2023-11-02","1.0088","0.9975","1.0475","0.9475","-3.81%"
"2023-11-01","1.0488","0.9975","1.0625","0.9750","1.33%"
"2023-10-31","1.0350","0.9737","1.0588","0.9450","7.04%"
"2023-10-30","0.9669","0.9487","1.0462","0.9362","3.41%"
"2023-10-29","0.9350","0.9950","0.9950","0.9287","-2.23%"
"2023-10-28","0.9563","0.9563","0.9563","0.9563","-3.89%"
"2023-10-27","0.9950","0.9312","0.9988","0.9237","4.67%"
"2023-10-26","0.9506","0.9312","0.9975","0.9237","2.56%"
"2023-10-25","0.9269","0.9075","0.9738","0.8987","-3.58%"
"2023-10-24","0.9613","0.8975","0.9700","0.8812","2.33%"
"2023-10-23","0.9394","0.9187","0.9788","0.9012","3.38%"
"2023-10-22","0.9087","0.9450","0.9450","0.8912","-3.84%"
"2023-10-20","0.9450","0.9050","0.9625","0.8800","2.29%"
"2023-10-19","0.9238","0.9050","0.9650","0.8737","-0.13%"
"2023-10-18","0.9250","0.8625","0.9250","0.8575","8.11%"
"2023-10-17","0.8556","0.8400","0.9100","0.8075","3.78%"
"2023-10-16","0.8244","0.8012","0.8663","0.7937","1.15%"
"2023-10-15","0.8150","0.8513","0.8513","0.7887","-1.21%"
"2023-10-14","0.8250","0.8250","0.8250","0.8250","-3.09%"
"2023-10-13","0.8513","0.8187","0.8638","0.7975","5.18%"
"2023-10-12","0.8094","0.7862","0.8600","0.7837","-5.61%"
"2023-10-11","0.8575","0.8262","0.8938","0.7875","-4.46%"
"2023-10-10","0.8975","0.8287","0.9175","0.8050","-2.32%"
"2023-10-09","0.9188","0.9188","0.9188","0.8300","0.00%"
"2023-10-08","0.9188","0.9188","0.9188","0.9188","4.85%"
"2023-10-07","0.8763","0.8763","0.8763","0.8763","-4.63%"
"2023-10-06","0.9188","0.8863","0.9300","0.8525","2.44%"
"2023-10-05","0.8969","0.8650","0.9375","0.8587","0.28%"
"2023-10-04","0.8944","0.8550","0.9513","0.8550","-1.17%"
"2023-10-03","0.9050","0.8512","0.9075","0.8250","-0.55%"
"2023-10-02","0.9100","0.8312","0.9100","0.8312","7.06%"
"2023-10-01","0.8500","0.8763","0.8763","0.8187","-3.00%"
"2023-09-30","0.8763","0.8763","0.8763","0.8763","0.00%"
"2023-09-29","0.8763","0.8037","0.8825","0.8025","5.19%"
"2023-09-28","0.8331","0.7912","0.8838","0.7912","-1.12%"
"2023-09-27","0.8425","0.7725","0.8425","0.7700","1.35%"
"2023-09-26","0.8313","0.7762","0.8350","0.7712","0.46%"
"2023-09-25","0.8275","0.7700","0.8275","0.7537","7.65%"
"2023-09-24","0.7687","0.7881","0.8238","0.7675","-2.39%"
"2023-09-23","0.7875","0.7875","0.7875","0.7875","-4.26%"
"2023-09-22","0.8225","0.7787","0.9006","0.7600","-2.37%"
"2023-09-21","0.8425","0.7919","0.8425","0.7687","8.01%"
"2023-09-20","0.7800","0.7600","0.8200","0.7562","-4.74%"
"2023-09-19","0.8188","0.7731","0.8188","0.7537","1.40%"
"2023-09-18","0.8075","0.7725","0.8075","0.7512","0.00%"
"2023-09-17","0.8075","0.8075","0.8075","0.8075","0.00%"
"2023-09-15","0.8075","0.7587","0.8125","0.7425","3.45%"
"2023-09-14","0.7806","0.7650","0.8188","0.7362","0.88%"
"2023-09-13","0.7738","0.7675","0.8088","0.7400","-3.58%"
"2023-09-12","0.8025","0.7437","0.8050","0.7412","1.42%"
"2023-09-11","0.7913","0.7387","0.7988","0.7287","6.93%"
"2023-09-10","0.7400","0.7388","0.7588","0.6900","0.16%"
"2023-09-08","0.7388","0.6862","0.7425","0.6787","3.87%"
"2023-09-07","0.7113","0.6925","0.7463","0.6812","0.45%"
"2023-09-06","0.7081","0.6975","0.7463","0.6825","-5.27%"
"2023-09-05","0.7475","0.6887","0.7475","0.6862","1.70%"
"2023-09-04","0.7350","0.6800","0.7363","0.6775","4.17%"
"2023-09-03","0.7056","0.7250","0.7250","0.6662","-2.68%"
"2023-09-01","0.7250","0.6981","0.7325","0.6625","-1.36%"
"2023-08-31","0.7350","0.6837","0.7425","0.6725","3.98%"
"2023-08-30","0.7069","0.6981","0.7400","0.6762","0.44%"
"2023-08-29","0.7038","0.6675","0.7413","0.6662","-0.44%"
"2023-08-28","0.7069","0.6875","0.7425","0.6700","-0.35%"
"2023-08-27","0.7094","0.7056","0.7425","0.6812","-4.46%"
"2023-08-25","0.7425","0.6850","0.7450","0.6762","-0.51%"
"2023-08-24","0.7463","0.6812","0.7488","0.6700","4.01%"
"2023-08-23","0.7175","0.6925","0.7675","0.6825","-5.28%"
"2023-08-22","0.7575","0.7244","0.7638","0.6925","0.16%"
"2023-08-21","0.7563","0.6787","0.7575","0.6787","8.14%"
"2023-08-20","0.6994","0.6938","0.7313","0.6712","-4.36%"
"2023-08-18","0.7313","0.7125","0.7550","0.6712","-3.31%"
"2023-08-17","0.7563","0.6994","0.7588","0.6762","9.01%"
"2023-08-16","0.6938","0.6775","0.7400","0.6700","-6.41%"
"2023-08-15","0.7413","0.6938","0.7463","0.6587","1.20%"
"2023-08-14","0.7325","0.6850","0.7325","0.6612","10.57%"
"2023-08-13","0.6625","0.6975","0.6975","0.6300","5.16%"
"2023-08-11","0.6300","0.6300","0.6300","0.6300","-9.68%"
"2023-08-10","0.6975","0.6300","0.6975","0.6287","2.38%"
"2023-08-09","0.6813","0.6550","0.6988","0.6100","2.36%"
"2023-08-08","0.6656","0.6625","0.7138","0.6300","-6.58%"
"2023-08-07","0.7125","0.6744","0.7188","0.6437","5.74%"
"2023-08-06","0.6738","0.6913","0.7188","0.6500","-2.53%"
"2023-08-05","0.6913","0.6913","0.6913","0.6913","-3.83%"
"2023-08-04","0.7188","0.6662","0.7300","0.6637","4.08%"
"2023-08-03","0.6906","0.6487","0.7325","0.6487","4.84%"
"2023-08-02","0.6587","0.6187","0.7125","0.6175","-3.32%"
"2023-08-01","0.6813","0.6212","0.6813","0.6050","5.73%"
"2023-07-31","0.6444","0.6050","0.6838","0.6050","2.19%"
"2023-07-30","0.6306","0.6413","0.6413","0.5850","-1.67%"
"2023-07-29","0.6413","0.6413","0.6413","0.6413","0.00%"
"2023-07-28","0.6413","0.5612","0.6475","0.5300","19.05%"
"2023-07-27","0.5387","0.5163","0.5863","0.4700","5.50%"
"2023-07-26","0.5106","0.4925","0.5450","0.4775","-1.58%"
"2023-07-25","0.5188","0.4950","0.5475","0.4413","-3.69%"
"2023-07-24","0.5387","0.4837","0.5475","0.4775","6.02%"
"2023-07-23","0.5081","0.5238","0.5238","0.4575","-3.00%"
"2023-07-21","0.5238","0.5562","0.5950","0.4475","-12.33%"
"2023-07-20","0.5975","0.5312","0.5975","0.5175","7.29%"
"2023-07-19","0.5569","0.5681","0.6012","0.5300","-7.57%"
"2023-07-18","0.6025","0.5687","0.6300","0.5437","-0.22%"
"2023-07-17","0.6038","0.6225","0.6225","0.5700","-3.00%"
"2023-07-16","0.6225","0.5775","0.6225","0.5775","0.00%"
"2023-07-14","0.6225","0.5587","0.6350","0.5537","9.69%"
"2023-07-13","0.5675","0.5475","0.6038","0.5375","-2.79%"
"2023-07-12","0.5838","0.5481","0.6238","0.5200","0.66%"
"2023-07-11","0.5800","0.5262","0.5838","0.5137","-0.43%"
"2023-07-10","0.5825","0.5137","0.5950","0.5137","14.22%"
"2023-07-09","0.5100","0.5150","0.5425","0.4887","-5.99%"
"2023-07-08","0.5425","0.5425","0.5425","0.5425","0.00%"
"2023-07-07","0.5425","0.4894","0.5463","0.4637","7.43%"
"2023-07-06","0.5050","0.4325","0.5050","0.4287","13.00%"
"2023-07-05","0.4469","0.4588","0.4863","0.4225","-8.10%"
"2023-07-04","0.4863","0.4487","0.4963","0.4312","-2.74%"
"2023-07-03","0.5000","0.4725","0.5025","0.4400","5.53%"
"2023-07-02","0.4738","0.4988","0.4988","0.4475","-0.90%"
"2023-07-01","0.4781","0.4781","0.4781","0.4781","-4.15%"
"2023-06-30","0.4988","0.4350","0.5063","0.4350","1.01%"
"2023-06-29","0.4938","0.4287","0.4938","0.4250","1.54%"
"2023-06-28","0.4863","0.4538","0.4913","0.4262","10.05%"
"2023-06-27","0.4419","0.4231","0.4738","0.4000","-2.34%"
"2023-06-26","0.4525","0.4162","0.4713","0.3950","9.38%"
"2023-06-25","0.4137","0.4713","0.4713","0.4137","-12.22%"
"2023-06-23","0.4713","0.4375","0.4825","0.4150","3.86%"
"2023-06-22","0.4538","0.4325","0.4863","0.4225","-0.81%"
"2023-06-21","0.4575","0.4337","0.4888","0.4275","-6.63%"
"2023-06-20","0.4900","0.4806","0.5113","0.4325","-4.63%"
"2023-06-19","0.5138","0.4863","0.5213","0.4525","12.31%"
"2023-06-18","0.4575","0.5213","0.5213","0.4575","-6.04%"
"2023-06-17","0.4869","0.4869","0.4869","0.4869","-6.60%"
"2023-06-16","0.5213","0.5119","0.5313","0.4562","-2.10%"
"2023-06-15","0.5325","0.4675","0.5387","0.4650","2.40%"
"2023-06-14","0.5200","0.4800","0.5288","0.4687","-0.95%"
"2023-06-13","0.5250","0.4762","0.5288","0.4600","-0.94%"
"2023-06-12","0.5300","0.5013","0.5325","0.4650","12.17%"
"2023-06-11","0.4725","0.5031","0.5325","0.4725","-6.08%"
"2023-06-09","0.5031","0.5063","0.5400","0.4787","-6.40%"
"2023-06-08","0.5375","0.4825","0.5438","0.4737","8.59%"
"2023-06-07","0.4950","0.4925","0.5275","0.4637","-6.16%"
"2023-06-06","0.5275","0.5100","0.5400","0.4675","-2.55%"
"2023-06-05","0.5413","0.4825","0.5450","0.4825","7.32%"
"2023-06-04","0.5044","0.4925","0.5275","0.4675","-4.38%"
"2023-06-02","0.5275","0.4938","0.5288","0.4675","4.85%"
"2023-06-01","0.5031","0.5138","0.5450","0.4700","-7.91%"
"2023-05-31","0.5463","0.5056","0.5463","0.4762","0.24%"
"2023-05-30","0.5450","0.5119","0.5500","0.4800","9.00%"
"2023-05-29","0.5000","0.4925","0.5425","0.4887","-2.69%"
"2023-05-28","0.5138","0.5425","0.5425","0.4875","-5.29%"
"2023-05-26","0.5425","0.5137","0.5569","0.4850","5.46%"
"2023-05-25","0.5144","0.4737","0.5550","0.4737","4.17%"
"2023-05-24","0.4938","0.4675","0.5300","0.4650","-5.94%"
"2023-05-23","0.5250","0.4806","0.5250","0.4525","3.69%"
"2023-05-22","0.5063","0.4562","0.5113","0.4437","5.06%"
"2023-05-21","0.4819","0.5113","0.5113","0.4575","-6.21%"
"2023-05-19","0.5138","0.4650","0.5175","0.4575","0.25%"
"2023-05-18","0.5125","0.4556","0.5125","0.4325","14.37%"
"2023-05-17","0.4481","0.4775","0.5050","0.4187","-11.70%"
"2023-05-16","0.5075","0.4662","0.5163","0.4437","9.14%"
"2023-05-15","0.4650","0.4706","0.5175","0.4500","3.63%"
"2023-05-14","0.4487","0.4613","0.4913","0.4387","-8.67%"
"2023-05-13","0.4913","0.4913","0.4913","0.4913","0.00%"
"2023-05-12","0.4913","0.4450","0.4913","0.4175","4.11%"
"2023-05-11","0.4719","0.4587","0.5138","0.4387","-8.60%"
"2023-05-10","0.5163","0.4800","0.5288","0.4587","-3.50%"
"2023-05-09","0.5350","0.5031","0.5363","0.4812","2.39%"
"2023-05-08","0.5225","0.4963","0.5250","0.4675","5.03%"
"2023-05-07","0.4975","0.5044","0.5188","0.4750","-1.37%"
"2023-05-06","0.5044","0.5044","0.5044","0.5044","-2.78%"
"2023-05-05","0.5188","0.5188","0.5188","0.5188","0.00%"
"2023-05-04","0.5188","0.5188","0.5188","0.5188","0.00%"
"2023-05-03","0.5188","0.5188","0.5188","0.5188","0.00%"
"2023-05-02","0.5188","0.5044","0.5438","0.4775","4.28%"
"2023-05-01","0.4975","0.4612","0.5075","0.4575","3.52%"
"2023-04-30","0.4806","0.4725","0.5075","0.4475","-5.30%"
"2023-04-29","0.5075","0.5075","0.5075","0.5075","0.00%"
"2023-04-28","0.5075","0.5494","0.5694","0.4475","-4.35%"
"2023-04-27","0.5306","0.5000","0.5700","0.4950","2.41%"
"2023-04-26","0.5181","0.5156","0.5650","0.4925","-8.70%"
"2023-04-25","0.5675","0.5212","0.5775","0.4950","-1.95%"
"2023-04-24","0.5788","0.5575","0.5838","0.5187","3.93%"
"2023-04-23","0.5569","0.5519","0.5838","0.5262","-4.61%"
"2023-04-21","0.5838","0.5325","0.5913","0.5225","-1.47%"
"2023-04-20","0.5925","0.5650","0.6063","0.5337","-3.47%"
"2023-04-19","0.6138","0.5487","0.6188","0.5412","1.24%"
"2023-04-18","0.6063","0.5625","0.6175","0.5487","-2.02%"
"2023-04-17","0.6188","0.5475","0.6225","0.5475","13.29%"
"2023-04-16","0.5462","0.5938","0.5938","0.5312","-8.02%"
"2023-04-14","0.5938","0.5262","0.5938","0.5250","3.27%"
"2023-04-13","0.5750","0.5356","0.5800","0.5031","5.62%"
"2023-04-12","0.5444","0.5325","0.5813","0.5125","1.17%"
"2023-04-11","0.5381","0.5287","0.5900","0.5075","-0.57%"
"2023-04-10","0.5412","0.5437","0.5925","0.5312","-3.58%"
"2023-04-09","0.5613","0.5550","0.5925","0.5337","1.03%"
"2023-04-08","0.5556","0.5556","0.5556","0.5556","4.10%"
"2023-04-07","0.5337","0.5325","0.5694","0.5262","-3.19%"
"2023-04-06","0.5513","0.5594","0.6012","0.5275","-3.08%"
"2023-04-05","0.5688","0.5519","0.6088","0.5212","0.57%"
"2023-04-04","0.5656","0.5112","0.6012","0.5087","-1.21%"
"2023-04-03","0.5725","0.5150","0.5800","0.5050","7.39%"
"2023-04-02","0.5331","0.5650","0.5650","0.5075","0.47%"
"2023-04-01","0.5306","0.5306","0.5306","0.5306","-6.09%"
"2023-03-31","0.5650","0.5012","0.5725","0.4787","3.67%"
"2023-03-30","0.5450","0.4900","0.5463","0.4700","6.34%"
"2023-03-29","0.5125","0.4812","0.5400","0.4537","-5.32%"
"2023-03-28","0.5413","0.5050","0.5488","0.4787","-1.13%"
"2023-03-27","0.5475","0.4575","0.5475","0.4512","19.36%"
"2023-03-26","0.4587","0.4975","0.4975","0.4425","-7.33%"
"2023-03-24","0.4950","0.5263","0.5263","0.4437","0.90%"
"2023-03-23","0.4906","0.4844","0.5513","0.4575","-4.74%"
"2023-03-22","0.5150","0.4737","0.5625","0.4637","7.56%"
"2023-03-21","0.4788","0.4075","0.4988","0.4075","0.00%"
"2023-03-20","0.4788","0.4450","0.5150","0.4025","6.99%"
"2023-03-19","0.4475","0.5150","0.5150","0.4475","-13.11%"
"2023-03-17","0.5150","0.4787","0.5413","0.4637","10.44%"
"2023-03-16","0.4663","0.3987","0.5188","0.3987","1.08%"
"2023-03-15","0.4613","0.5006","0.5788","0.4012","2.08%"
"2023-03-14","0.4519","0.4494","0.5188","0.3750","-13.31%"
"2023-03-13","0.5213","0.6412","0.7150","0.4312","-21.24%"
"2023-03-12","0.6619","0.7150","0.7150","0.6425","-3.99%"
"2023-03-11","0.6894","0.6894","0.6894","0.6894","-3.58%"
"2023-03-10","0.7150","0.7456","0.8075","0.6475","-11.73%"
"2023-03-09","0.8100","0.7269","0.8200","0.7050","11.25%"
"2023-03-08","0.7281","0.7125","0.7725","0.7062","-5.29%"
"2023-03-07","0.7688","0.7250","0.7688","0.6987","0.65%"
"2023-03-06","0.7638","0.6962","0.7638","0.6950","7.20%"
"2023-03-05","0.7125","0.7538","0.7538","0.6925","-5.48%"
"2023-03-04","0.7538","0.7538","0.7538","0.7538","0.00%"
"2023-03-03","0.7538","0.6975","0.7588","0.6925","-0.66%"
"2023-03-02","0.7588","0.6925","0.7650","0.6887","7.54%"
"2023-03-01","0.7056","0.7006","0.7550","0.6650","-6.23%"
"2023-02-28","0.7525","0.7281","0.7725","0.6825","2.55%"
"2023-02-27","0.7338","0.7200","0.7800","0.7087","-0.24%"
"2023-02-26","0.7356","0.7800","0.7800","0.7125","-5.69%"
"2023-02-24","0.7800","0.8025","0.8025","0.7100","2.46%"
"2023-02-23","0.7613","0.7613","0.7613","0.7350","0.00%"
"2023-02-22","0.7613","0.8013","0.8013","0.7556","-5.13%"
"2023-02-21","0.8025","0.7394","0.8025","0.7394","2.88%"
"2023-02-20","0.7800","0.7262","0.7825","0.7250","7.30%"
"2023-02-19","0.7269","0.7825","0.7825","0.7262","-7.11%"
"2023-02-17","0.7825","0.7331","0.7875","0.7300","1.45%"
"2023-02-16","0.7713","0.7306","0.7713","0.7244","0.17%"
"2023-02-15","0.7700","0.7262","0.7700","0.7131","0.98%"
"2023-02-14","0.7625","0.7344","0.7800","0.7131","-2.56%"
"2023-02-13","0.7825","0.8063","0.8063","0.7331","2.11%"
"2023-02-12","0.7663","0.7713","0.8050","0.7663","-4.81%"
"2023-02-10","0.8050","0.7450","0.8175","0.7450","3.87%"
"2023-02-09","0.7750","0.7288","0.7788","0.7288","0.32%"
"2023-02-08","0.7725","0.7256","0.7725","0.7219","0.48%"
"2023-02-07","0.7688","0.7394","0.7725","0.7262","0.17%"
"2023-02-06","0.7675","0.7181","0.7675","0.7181","6.97%"
"2023-02-05","0.7175","0.7625","0.7625","0.7100","-5.90%"
"2023-02-03","0.7625","0.7006","0.7625","0.7006","1.83%"
"2023-02-02","0.7488","0.7100","0.7650","0.7013","2.58%"
"2023-02-01","0.7300","0.7369","0.7775","0.7075","-6.27%"
"2023-01-31","0.7788","0.7519","0.7900","0.7325","-1.73%"
"2023-01-30","0.7925","0.7506","0.7925","0.6681","5.48%"
"2023-01-29","0.7513","0.7913","0.7913","0.7513","-1.79%"
"2023-01-27","0.7650","0.7163","0.7925","0.7144","5.34%"
"2023-01-26","0.7262","0.7063","0.7375","0.6975","2.92%"
"2023-01-25","0.7056","0.6725","0.7325","0.6681","-0.62%"
"2023-01-24","0.7100","0.6494","0.7113","0.6494","2.33%"
"2023-01-23","0.6938","0.6544","0.6950","0.6306","6.33%"
"2023-01-22","0.6525","0.6900","0.6900","0.6456","1.26%"
"2023-01-21","0.6444","0.6900","0.6900","0.6444","-6.61%"
"2023-01-20","0.6900","0.6675","0.6975","0.5706","-1.26%"
"2023-01-19","0.6988","0.6931","0.7350","0.6444","-5.09%"
"2023-01-18","0.7363","0.8050","0.8188","0.6463","-12.22%"
"2023-01-17","0.8388","0.8375","0.8763","0.7350","-4.14%"
"2023-01-16","0.8750","0.8844","0.9288","0.8250","-1.13%"
"2023-01-15","0.8850","0.8863","0.9288","0.8850","-0.15%"
"2023-01-14","0.8863","0.8863","0.8863","0.8863","-4.58%"
"2023-01-13","0.9288","0.8713","0.9325","0.8663","3.05%"
"2023-01-12","0.9013","0.8063","0.9075","0.8056","15.27%"
"2023-01-11","0.7819","0.7881","0.8325","0.7063","-6.22%"
"2023-01-10","0.8338","0.7513","0.8375","0.7475","9.62%"
"2023-01-09","0.7606","0.7606","0.7913","0.7519","-3.88%"
"2023-01-08","0.7913","0.7913","0.7913","0.7913","-0.31%"
"2023-01-06","0.7938","0.7806","0.8150","0.7550","1.69%"
"2023-01-05","0.7806","0.8219","0.8500","0.7794","-8.43%"
"2023-01-04","0.8525","0.8081","0.8550","0.8063","6.64%"
"2023-01-03","0.7994","0.8000","0.8069","0.7994","-4.55%"
"2023-01-02","0.8375","0.8375","0.8375","0.8375","0.00%"
"2023-01-01","0.8375","0.8375","0.8375","0.8375","0.00%"
"2022-12-30","0.8375","0.7856","0.8375","0.7856","2.45%"
"2022-12-29","0.8175","0.7669","0.8225","0.7669","2.99%"
"2022-12-28","0.7938","0.7494","0.7938","0.7494","6.55%"
"2022-12-27","0.7450","0.7269","0.7506","0.7269","3.03%"
"2022-12-26","0.7231","0.7163","0.7513","0.6988","0.78%"
"2022-12-25","0.7175","0.7188","0.7513","0.7175","-0.26%"
"2022-12-23","0.7194","0.6838","0.7563","0.6838","2.95%"
"2022-12-22","0.6988","0.6906","0.7100","0.6656","-1.76%"
"2022-12-21","0.7113","0.6794","0.7400","0.6794","1.98%"
"2022-12-20","0.6975","0.5688","0.7431","0.5606","17.96%"
"2022-12-19","0.5913","0.5525","0.5913","0.5525","6.91%"
"2022-12-18","0.5531","0.5525","0.5531","0.5413","-0.34%"
"2022-12-16","0.5550","0.5400","0.5600","0.5387","-0.23%"
"2022-12-15","0.5563","0.5181","0.5563","0.5181","9.62%"
"2022-12-14","0.5075","0.5038","0.5288","0.5019","-2.40%"
"2022-12-13","0.5200","0.5275","0.5400","0.5044","-4.38%"
"2022-12-12","0.5438","0.5337","0.5438","0.5219","2.35%"
"2022-12-11","0.5313","0.5194","0.5313","0.5194","2.29%"
"2022-12-10","0.5194","0.5194","0.5194","0.5194","-0.84%"
"2022-12-09","0.5238","0.5275","0.5525","0.5150","-5.42%"
"2022-12-08","0.5538","0.5138","0.5538","0.5119","3.40%"
"2022-12-07","0.5356","0.5438","0.5675","0.5144","-5.42%"
"2022-12-06","0.5663","0.5288","0.5788","0.5281","2.96%"
"2022-12-05","0.5500","0.5081","0.5500","0.5081","0.22%"
"2022-12-04","0.5488","0.5488","0.5488","0.5488","0.24%"
"2022-12-02","0.5475","0.4988","0.5488","0.4975","1.86%"
"2022-12-01","0.5375","0.5075","0.5450","0.4975","-1.61%"
"2022-11-30","0.5463","0.5069","0.5463","0.5069","4.56%"
"2022-11-29","0.5225","0.5031","0.5250","0.4931","0.71%"
"2022-11-28","0.5188","0.4888","0.5188","0.4888","0.74%"
"2022-11-27","0.5150","0.5150","0.5150","0.5150","0.00%"
"2022-11-25","0.5150","0.4638","0.5150","0.4638","7.56%"
"2022-11-24","0.4788","0.4488","0.4788","0.4450","5.23%"
"2022-11-23","0.4550","0.4550","0.4550","0.4500","-4.47%"
"2022-11-22","0.4763","0.4506","0.4763","0.4506","2.14%"
"2022-11-21","0.4663","0.4475","0.4675","0.4444","4.06%"
"2022-11-20","0.4481","0.4613","0.4613","0.4463","-2.86%"
"2022-11-18","0.4613","0.4325","0.4663","0.4325","9.18%"
"2022-11-17","0.4225","0.4156","0.4450","0.4150","-4.80%"
"2022-11-16","0.4438","0.4275","0.4588","0.4163","-2.20%"
"2022-11-15","0.4538","0.4525","0.4825","0.4281","-6.20%"
"2022-11-14","0.4838","0.4375","0.4925","0.4375","5.45%"
"2022-11-13","0.4588","0.4588","0.4588","0.4588","5.33%"
"2022-11-12","0.4356","0.4356","0.4356","0.4356","-5.06%"
"2022-11-11","0.4588","0.4225","0.4913","0.4194","-6.84%"
"2022-11-10","0.4925","0.4838","0.5200","0.4219","-0.63%"
"2022-11-09","0.4956","0.5138","0.5550","0.4831","-10.91%"
"2022-11-08","0.5563","0.5325","0.5650","0.5150","-0.45%"
"2022-11-07","0.5588","0.5413","0.5738","0.4694","3.12%"
"2022-11-06","0.5419","0.5425","0.5738","0.5419","-0.11%"
"2022-11-04","0.5425","0.5125","0.5763","0.5125","11.72%"
"2022-11-03","0.4856","0.4869","0.5119","0.4869","-6.40%"
"2022-11-02","0.5188","0.4794","0.5213","0.4775","2.23%"
"2022-11-01","0.5075","0.4594","0.5075","0.4594","10.02%"
"2022-10-31","0.4613","0.4531","0.4913","0.4444","1.65%"
"2022-10-30","0.4538","0.3875","0.4725","0.3875","1.41%"
"2022-10-29","0.4475","0.4475","0.4475","0.4475","-5.29%"
"2022-10-28","0.4725","0.4394","0.4800","0.4219","-0.53%"
"2022-10-27","0.4750","0.4706","0.5075","0.4381","-1.04%"
"2022-10-26","0.4800","0.5044","0.5450","0.4306","-12.14%"
"2022-10-25","0.5463","0.5581","0.5763","0.5063","-1.67%"
"2022-10-24","0.5556","0.5644","0.6038","0.5406","-1.77%"
"2022-10-23","0.5656","0.6038","0.6038","0.5656","-6.33%"
"2022-10-21","0.6038","0.5275","0.6088","0.5275","14.46%"
"2022-10-20","0.5275","0.5088","0.5613","0.5088","-1.16%"
"2022-10-19","0.5337","0.4975","0.5363","0.4906","0.93%"
"2022-10-18","0.5288","0.4869","0.5300","0.4869","8.34%"
"2022-10-17","0.4881","0.4694","0.5213","0.4694","4.27%"
"2022-10-16","0.4681","0.4600","0.4963","0.4600","1.76%"
"2022-10-15","0.4600","0.4600","0.4600","0.4600","-7.31%"
"2022-10-14","0.4963","0.4656","0.5063","0.4488","-2.21%"
"2022-10-13","0.5075","0.4600","0.5088","0.4581","11.07%"
"2022-10-12","0.4569","0.4538","0.4913","0.4463","1.67%"
"2022-10-11","0.4494","0.4500","0.4863","0.4338","-2.30%"
"2022-10-10","0.4600","0.4600","0.4600","0.4313","0.00%"
"2022-10-09","0.4600","0.4600","0.4600","0.4600","6.83%"
"2022-10-07","0.4306","0.4281","0.4613","0.4244","-4.06%"
"2022-10-06","0.4488","0.4119","0.4488","0.4075","2.86%"
"2022-10-05","0.4363","0.3988","0.4363","0.3925","3.56%"
"2022-10-04","0.4213","0.4050","0.4500","0.3888","-7.41%"
"2022-10-03","0.4550","0.4375","0.4713","0.4038","3.41%"
"2022-10-02","0.4400","0.4350","0.4675","0.4350","1.15%"
"2022-10-01","0.4350","0.4350","0.4350","0.4350","-0.14%"
"2022-09-30","0.4356","0.4600","0.4963","0.4350","-12.44%"
"2022-09-29","0.4975","0.4569","0.5063","0.4519","0.51%"
"2022-09-28","0.4950","0.4919","0.5300","0.4369","-2.94%"
"2022-09-27","0.5100","0.4831","0.5313","0.4750","2.51%"
"2022-09-26","0.4975","0.4250","0.5038","0.4250","17.58%"
"2022-09-25","0.4231","0.4375","0.4375","0.3894","9.02%"
"2022-09-24","0.3881","0.3881","0.3881","0.3881","0.00%"
"2022-09-23","0.3881","0.3881","0.3881","0.3881","-11.29%"
"2022-09-22","0.4375","0.4394","0.4788","0.3881","-0.14%"
"2022-09-21","0.4381","0.4644","0.4975","0.4294","-12.17%"
"2022-09-20","0.4988","0.4238","0.4988","0.4150","10.23%"
"2022-09-19","0.4525","0.4525","0.4525","0.4213","0.00%"
"2022-09-18","0.4525","0.4525","0.4525","0.4525","7.58%"
"2022-09-16","0.4206","0.3975","0.4550","0.3781","-3.31%"
"2022-09-15","0.4350","0.3769","0.4350","0.3738","3.87%"
"2022-09-14","0.4188","0.3775","0.4275","0.3681","4.70%"
"2022-09-13","0.4000","0.3731","0.4050","0.3519","-1.55%"
"2022-09-12","0.4063","0.3869","0.4188","0.3738","5.37%"
"2022-09-11","0.3856","0.4188","0.4188","0.3856","-7.93%"
"2022-09-09","0.4188","0.4044","0.4313","0.3888","-3.46%"
"2022-09-08","0.4338","0.3919","0.4375","0.3787","8.45%"
"2022-09-07","0.4000","0.4031","0.4463","0.3931","-3.03%"
"2022-09-06","0.4125","0.3519","0.4125","0.3463","6.10%"
"2022-09-05","0.3888","0.3569","0.3900","0.3469","8.76%"
"2022-09-04","0.3575","0.3900","0.3900","0.3575","-8.33%"
"2022-09-03","0.3900","0.3900","0.3900","0.3900","0.00%"
"2022-09-02","0.3900","0.3513","0.4013","0.3500","12.42%"
"2022-09-01","0.3469","0.3344","0.3787","0.3344","6.94%"
"2022-08-31","0.3244","0.3250","0.3613","0.3225","-0.37%"
"2022-08-30","0.3256","0.3456","0.3638","0.3244","-8.77%"
"2022-08-29","0.3569","0.3319","0.3569","0.3319","9.82%"
"2022-08-28","0.3250","0.3144","0.3425","0.3144","3.17%"
"2022-08-27","0.3150","0.3150","0.3150","0.3150","-8.03%"
"2022-08-26","0.3425","0.3069","0.3450","0.3038","-0.38%"
"2022-08-25","0.3438","0.3256","0.3488","0.3063","0.73%"
"2022-08-24","0.3413","0.3069","0.3413","0.3006","5.83%"
"2022-08-23","0.3225","0.3125","0.3238","0.2950","6.16%"
"2022-08-22","0.3038","0.2869","0.3225","0.2863","5.67%"
"2022-08-21","0.2875","0.2719","0.3013","0.2719","-4.58%"
"2022-08-19","0.3013","0.2525","0.3013","0.2519","12.09%"
"2022-08-18","0.2688","0.2500","0.2763","0.2463","0.94%"
"2022-08-17","0.2663","0.2438","0.2675","0.2375","1.91%"
"2022-08-16","0.2613","0.2375","0.2613","0.2344","1.95%"
"2022-08-15","0.2563","0.2456","0.2688","0.2369","4.06%"
"2022-08-14","0.2463","0.2688","0.2688","0.2463","-3.18%"
"2022-08-12","0.2544","0.2475","0.2738","0.2425","1.76%"
"2022-08-11","0.2500","0.2394","0.2469","0.2394","0.00%"
"2022-08-10","0.2500","0.2238","0.2600","0.2238","3.09%"
"2022-08-09","0.2425","0.2288","0.2463","0.2225","5.71%"
"2022-08-08","0.2294","0.2394","0.2563","0.2294","-3.94%"
"2022-08-07","0.2388","0.2563","0.2563","0.2281","-6.83%"
"2022-08-05","0.2563","0.2231","0.2563","0.2206","2.03%"
"2022-08-04","0.2512","0.2338","0.2537","0.2225","-1.99%"
"2022-08-03","0.2563","0.2375","0.2563","0.2325","5.69%"
"2022-08-02","0.2425","0.2275","0.2463","0.2175","-3.96%"
"2022-08-01","0.2525","0.2481","0.2650","0.2275","2.02%"
"2022-07-31","0.2475","0.2600","0.2600","0.2475","0.24%"
"2022-07-30","0.2469","0.2469","0.2469","0.2469","-5.04%"
"2022-07-29","0.2600","0.2413","0.2788","0.2394","-7.14%"
"2022-07-28","0.2800","0.2613","0.3000","0.2425","6.42%"
"2022-07-27","0.2631","0.2512","0.2988","0.2506","4.74%"
"2022-07-26","0.2512","0.2556","0.2888","0.2506","-10.70%"
"2022-07-25","0.2813","0.2363","0.2888","0.2269","19.40%"
"2022-07-24","0.2356","0.2700","0.2700","0.2356","-13.54%"
"2022-07-22","0.2725","0.3063","0.3475","0.2512","-22.43%"
"2022-07-21","0.3513","0.3344","0.3650","0.3075","5.85%"
"2022-07-20","0.3319","0.3413","0.3625","0.3319","-8.14%"
"2022-07-19","0.3613","0.3219","0.3625","0.3219","3.97%"
"2022-07-18","0.3475","0.3475","0.3475","0.3200","0.00%"
"2022-07-17","0.3475","0.3475","0.3475","0.3475","0.00%"
"2022-07-15","0.3475","0.3500","0.3700","0.3181","-6.71%"
"2022-07-14","0.3725","0.3356","0.3762","0.3306","11.19%"
"2022-07-13","0.3350","0.3325","0.3725","0.3300","-4.96%"
"2022-07-12","0.3525","0.3469","0.3738","0.3250","-6.00%"
"2022-07-11","0.3750","0.3525","0.3888","0.3475","7.33%"
"2022-07-10","0.3494","0.3713","0.3713","0.3406","-5.57%"
"2022-07-08","0.3700","0.3269","0.3713","0.3269","6.84%"
"2022-07-07","0.3463","0.3238","0.3463","0.3019","10.15%"
"2022-07-06","0.3144","0.3363","0.3638","0.3144","-7.37%"
"2022-07-05","0.3394","0.3619","0.3913","0.3388","-4.39%"
"2022-07-04","0.3550","0.3381","0.3938","0.3338","4.78%"
"2022-07-03","0.3388","0.3813","0.3813","0.3388","-11.15%"
"2022-07-01","0.3813","0.3694","0.4088","0.3613","-7.56%"
"2022-06-30","0.4125","0.3963","0.4350","0.3713","2.33%"
"2022-06-29","0.4031","0.4150","0.4513","0.3969","-3.01%"
"2022-06-28","0.4156","0.4044","0.4525","0.4038","-2.78%"
"2022-06-27","0.4275","0.3713","0.4300","0.3631","15.54%"
"2022-06-26","0.3700","0.3950","0.3950","0.3638","-6.33%"
"2022-06-24","0.3950","0.3738","0.4050","0.3550","-2.78%"
"2022-06-23","0.4063","0.4119","0.4500","0.3725","-3.56%"
"2022-06-22","0.4213","0.4250","0.4675","0.4131","-9.40%"
"2022-06-21","0.4650","0.4306","0.4650","0.4131","0.00%"
"2022-06-20","0.4650","0.4169","0.4650","0.4138","11.22%"
"2022-06-19","0.4181","0.4306","0.4638","0.4181","-2.77%"
"2022-06-18","0.4300","0.4300","0.4300","0.4300","-7.29%"
"2022-06-17","0.4638","0.4956","0.5475","0.4194","-15.49%"
"2022-06-16","0.5488","0.4563","0.5663","0.4350","7.21%"
"2022-06-15","0.5119","0.4475","0.5700","0.4381","-1.08%"
"2022-06-14","0.5175","0.4638","0.5175","0.4638","11.89%"
"2022-06-13","0.4625","0.3425","0.4625","0.3319","34.53%"
"2022-06-12","0.3438","0.3725","0.3725","0.3206","-7.70%"
"2022-06-10","0.3725","0.3100","0.3725","0.3094","4.93%"
"2022-06-09","0.3550","0.3019","0.3550","0.2963","18.81%"
"2022-06-08","0.2988","0.2844","0.3288","0.2844","-3.24%"
"2022-06-07","0.3088","0.2813","0.3200","0.2813","10.29%"
"2022-06-06","0.2800","0.2819","0.3100","0.2769","-0.46%"
"2022-06-05","0.2813","0.3100","0.3100","0.2744","3.00%"
"2022-06-04","0.2731","0.2731","0.2731","0.2731","0.00%"
"2022-06-03","0.2731","0.2869","0.2894","0.2681","-5.21%"
"2022-06-02","0.2881","0.2900","0.2925","0.2800","-0.24%"
"2022-06-01","0.2888","0.2994","0.3162","0.2869","-9.04%"
"2022-05-31","0.3175","0.2763","0.3175","0.2763","8.55%"
"2022-05-30","0.2925","0.2644","0.2950","0.2644","11.17%"
"2022-05-29","0.2631","0.2675","0.2675","0.2625","-6.87%"
"2022-05-28","0.2825","0.2681","0.2825","0.2681","0.00%"
"2022-05-27","0.2825","0.2794","0.2875","0.2625","2.73%"
"2022-05-26","0.2750","0.2506","0.2950","0.2481","10.26%"
"2022-05-25","0.2494","0.2506","0.2688","0.2419","-8.07%"
"2022-05-24","0.2713","0.2875","0.3063","0.2519","-6.25%"
"2022-05-23","0.2894","0.2894","0.3150","0.2838","0.21%"
"2022-05-22","0.2888","0.2950","0.3150","0.2888","-8.32%"
"2022-05-21","0.3150","0.2944","0.3150","0.2944","0.00%"
"2022-05-20","0.3150","0.3081","0.3275","0.2913","-4.20%"
"2022-05-19","0.3288","0.3088","0.3350","0.3063","4.38%"
"2022-05-18","0.3150","0.3213","0.3413","0.3063","-8.03%"
"2022-05-17","0.3425","0.3106","0.3425","0.3106","2.24%"
"2022-05-16","0.3350","0.3194","0.3438","0.3113","4.49%"
"2022-05-15","0.3206","0.3438","0.3438","0.3194","0.38%"
"2022-05-14","0.3194","0.3194","0.3194","0.3194","-7.10%"
"2022-05-13","0.3438","0.3162","0.3450","0.3113","0.73%"
"2022-05-12","0.3413","0.3356","0.3663","0.3175","1.13%"
"2022-05-11","0.3375","0.3394","0.3688","0.3363","-7.86%"
"2022-05-10","0.3663","0.3431","0.3738","0.3375","-2.01%"
"2022-05-09","0.3738","0.3425","0.3762","0.3425","8.95%"
"2022-05-08","0.3431","0.3575","0.3575","0.3375","-4.03%"
"2022-05-07","0.3575","0.3363","0.3575","0.3363","0.00%"
"2022-05-06","0.3575","0.3306","0.3575","0.3275","7.52%"
"2022-05-05","0.3325","0.3219","0.3300","0.3219","0.00%"
"2022-05-04","0.3325","0.3325","0.3325","0.3325","0.00%"
"2022-05-03","0.3325","0.3325","0.3325","0.3325","4.30%"
"2022-05-02","0.3188","0.3213","0.3269","0.3181","-0.19%"
"2022-05-01","0.3194","0.3125","0.3325","0.3125","-3.94%"
"2022-04-30","0.3325","0.3325","0.3325","0.3325","0.00%"
"2022-04-29","0.3325","0.3325","0.3325","0.3325","0.00%"
"2022-04-28","0.3325","0.3331","0.3388","0.3031","0.00%"
"2022-04-27","0.3325","0.3244","0.3475","0.3219","0.18%"
"2022-04-26","0.3319","0.3381","0.3538","0.3238","-4.85%"
"2022-04-25","0.3488","0.3525","0.3725","0.3356","-1.58%"
"2022-04-24","0.3544","0.3588","0.3725","0.3544","-4.86%"
"2022-04-23","0.3725","0.3581","0.3725","0.3581","0.00%"
"2022-04-22","0.3725","0.3713","0.3875","0.3556","-4.19%"
"2022-04-21","0.3888","0.3313","0.3888","0.3263","15.61%"
"2022-04-20","0.3363","0.3319","0.3538","0.3288","1.91%"
"2022-04-19","0.3300","0.3125","0.3306","0.3075","5.40%"
"2022-04-18","0.3131","0.3206","0.3206","0.3113","-2.55%"
"2022-04-17","0.3213","0.3113","0.3213","0.3113","3.21%"
"2022-04-16","0.3113","0.3113","0.3113","0.3113","-2.72%"
"2022-04-15","0.3200","0.3131","0.3200","0.3100","2.79%"
"2022-04-14","0.3113","0.3194","0.3263","0.2988","-4.95%"
"2022-04-13","0.3275","0.3156","0.3350","0.3156","-0.58%"
"2022-04-12","0.3294","0.3125","0.3388","0.3125","0.58%"
"2022-04-11","0.3275","0.3050","0.3300","0.3044","5.20%"
"2022-04-10","0.3113","0.3113","0.3113","0.3113","2.27%"
"2022-04-09","0.3044","0.3044","0.3044","0.3044","-2.22%"
"2022-04-08","0.3113","0.2988","0.3137","0.2894","1.24%"
"2022-04-07","0.3075","0.2913","0.3100","0.2906","1.65%"
"2022-04-06","0.3025","0.2775","0.3150","0.2775","7.54%"
"2022-04-05","0.2813","0.2519","0.2825","0.2475","7.16%"
"2022-04-04","0.2625","0.2656","0.2775","0.2525","-1.43%"
"2022-04-03","0.2663","0.2775","0.2775","0.2663","-0.45%"
"2022-04-01","0.2675","0.2144","0.2775","0.2144","18.89%"
"2022-03-31","0.2250","0.2906","0.3025","0.2119","-24.70%"
"2022-03-30","0.2988","0.3081","0.3525","0.2725","-15.23%"
"2022-03-29","0.3525","0.3119","0.3538","0.3088","8.86%"
"2022-03-28","0.3238","0.2781","0.3350","0.2781","16.94%"
"2022-03-27","0.2769","0.2813","0.2813","0.2681","-1.56%"
"2022-03-26","0.2813","0.2663","0.2813","0.2663","-0.88%"
"2022-03-25","0.2838","0.2569","0.2838","0.2550","8.65%"
"2022-03-24","0.2612","0.2406","0.2625","0.2394","9.70%"
"2022-03-23","0.2381","0.2381","0.2525","0.2375","-2.26%"
"2022-03-22","0.2436","0.2319","0.2613","0.2213","8.27%"
"2022-03-21","0.2250","0.2175","0.2313","0.2175","3.45%"
"2022-03-20","0.2175","0.2175","0.2175","0.2175","0.00%"
"2022-03-19","0.2175","0.2213","0.2213","0.2175","0.00%"
"2022-03-18","0.2175","0.2175","0.2263","0.2169","-2.82%"
"2022-03-17","0.2238","0.2156","0.2275","0.2150","2.29%"
"2022-03-16","0.2188","0.2088","0.2300","0.2050","3.55%"
"2022-03-15","0.2113","0.2106","0.2169","0.2050","-2.27%"
"2022-03-14","0.2162","0.2013","0.2225","0.1875","8.10%"
"2022-03-13","0.2000","0.1875","0.2000","0.1875","6.67%"
"2022-03-12","0.1875","0.1925","0.1925","0.1875","-7.41%"
"2022-03-11","0.2025","0.1956","0.2050","0.1875","2.53%"
"2022-03-10","0.1975","0.1831","0.1975","0.1750","14.49%"
"2022-03-09","0.1725","0.1800","0.1863","0.1688","1.47%"
"2022-03-08","0.1700","0.1644","0.1850","0.1563","6.25%"
"2022-03-07","0.1600","0.1438","0.1687","0.1431","10.80%"
"2022-03-06","0.1444","0.1525","0.1613","0.1431","-6.11%"
"2022-03-04","0.1538","0.1800","0.1800","0.1450","-13.93%"
"2022-03-03","0.1787","0.1631","0.1837","0.1513","10.04%"
"2022-03-02","0.1624","0.1519","0.1637","0.1325","3.11%"
"2022-03-01","0.1575","0.1806","0.1875","0.1513","-17.11%"
"2022-02-28","0.1900","0.1988","0.2113","0.1813","-4.71%"
"2022-02-27","0.1994","0.2031","0.2063","0.1994","-3.34%"
"2022-02-26","0.2063","0.2063","0.2063","0.2063","-2.37%"
"2022-02-25","0.2113","0.1838","0.2188","0.1838","15.78%"
"2022-02-24","0.1825","0.1925","0.2013","0.1775","-4.90%"
"2022-02-23","0.1919","0.1925","0.2000","0.1919","-0.98%"
"2022-02-22","0.1938","0.2050","0.2113","0.1838","-11.47%"
"2022-02-21","0.2189","0.2138","0.2239","0.2063","2.72%"
"2022-02-20","0.2131","0.2225","0.2263","0.2131","-4.22%"
"2022-02-19","0.2225","0.2225","0.2225","0.2225","0.00%"
"2022-02-18","0.2225","0.2250","0.2375","0.2225","-6.36%"
"2022-02-17","0.2376","0.2275","0.2451","0.2231","1.06%"
"2022-02-16","0.2351","0.2219","0.2351","0.2200","1.07%"
"2022-02-15","0.2326","0.2144","0.2338","0.2113","5.68%"
"2022-02-14","0.2201","0.1994","0.2201","0.1950","-0.54%"
"2022-02-11","0.2213","0.2163","0.2213","0.2163","2.88%"
"2022-02-10","0.2151","0.1988","0.2238","0.1938","8.86%"
"2022-02-09","0.1976","0.2188","0.2188","0.1913","-8.90%"
"2022-02-08","0.2169","0.2163","0.2388","0.2163","2.65%"
"2022-02-07","0.2113","0.1850","0.2150","0.0625","13.42%"
"2022-02-06","0.1863","0.0625","0.1906","0.0625","198.08%"
"2022-02-05","0.0625","0.1788","0.1788","0.0625","-68.35%"
"2022-02-04","0.1975","0.1669","0.1987","0.1663","19.77%"
"2022-02-03","0.1649","0.1505","0.1675","0.1467","10.97%"
"2022-02-02","0.1486","0.1536","0.1549","0.1486","-8.50%"
"2022-02-01","0.1624","0.1624","0.1649","0.1586","10.18%"
"2022-01-31","0.1474","0.1474","0.1474","0.1474","0.00%"
"2022-01-28","0.1474","0.1449","0.1511","0.1449","2.65%"
"2022-01-27","0.1436","0.1436","0.1449","0.1424","19.07%"
"2022-01-26","0.1206","0.1206","0.1298","0.1206","-7.09%"
"2022-01-25","0.1298","0.1298","0.1325","0.1206","7.63%"
"2022-01-24","0.1206","0.1206","0.1206","0.1206","0.00%"
"2022-01-22","0.1206","0.1206","0.1206","0.1206","-5.26%"
"2022-01-21","0.1273","0.1286","0.1298","0.1273","-7.28%"
"2022-01-20","0.1373","0.1206","0.1373","0.1206","3.78%"
"2022-01-19","0.1323","0.1273","0.1373","0.1206","-1.78%"
"2022-01-18","0.1347","0.1310","0.1347","0.1206","-3.65%"
"2022-01-17","0.1398","0.1323","0.1411","0.1323","5.67%"
"2022-01-14","0.1323","0.1285","0.1348","0.1285","16.56%"
"2022-01-13","0.1135","0.1206","0.1206","0.1097","1.16%"
"2022-01-12","0.1122","0.1085","0.1206","0.1085","-9.15%"
"2022-01-11","0.1235","0.1235","0.1247","0.1210","97.60%"
"2022-01-10","0.0625","0.0625","0.0625","0.0625","-51.32%"
"2022-01-07","0.1284","0.1013","0.1284","0.0994","21.25%"
"2022-01-06","0.1059","0.0938","0.1069","0.0938","18.06%"
"2022-01-05","0.0897","0.0675","0.0931","0.0675","34.08%"
"2022-01-04","0.0669","0.0550","0.0669","0.0550","-0.89%"
"2022-01-03","0.0675","0.0625","0.0675","0.0625","8.00%"
"2022-01-02","0.0625","0.0625","0.0625","0.0625","0.00%"
"2022-01-01","0.0625","0.0625","0.0625","0.0625","-7.41%"
"2021-12-31","0.0675","0.0675","0.0675","0.0675","0.00%"
"2021-12-30","0.0675","0.0569","0.0688","0.0488","24.08%"
"2021-12-29","0.0544","0.0525","0.0575","0.0400","2.45%"
"2021-12-28","0.0531","0.0481","0.0531","0.0481","8.81%"
"2021-12-27","0.0488","0.0525","0.0525","0.0388","-4.87%"
"2021-12-26","0.0513","0.0388","0.0513","0.0388","32.22%"
"2021-12-25","0.0388","0.0388","0.0388","0.0388","0.00%"
"2021-12-24","0.0388","0.0500","0.0531","0.0388","3.47%"
"2021-12-23","0.0375","0.0494","0.0525","0.0375","-30.30%"
"2021-12-22","0.0538","0.0406","0.0550","0.0338","22.83%"
"2021-12-21","0.0438","0.0338","0.0438","0.0250","105.63%"
"2021-12-20","0.0213","0.0238","0.0338","0.0213","-35.65%"
"2021-12-19","0.0331","0.0238","0.0331","0.0238","39.08%"
"2021-12-18","0.0238","0.0238","0.0238","0.0238","-32.00%"
"2021-12-17","0.0350","0.0338","0.0375","0.0238","7.69%"
"2021-12-16","0.0325","0.0375","0.0381","0.0225","-13.33%"
"2021-12-15","0.0375","0.0394","0.0394","0.0238","-3.35%"
"2021-12-14","0.0388","0.0350","0.0400","0.0250","6.89%"
"2021-12-13","0.0363","0.0413","0.0425","0.0250","-13.37%"
"2021-12-12","0.0419","0.0325","0.0431","0.0325","28.92%"
"2021-12-11","0.0325","0.0438","0.0438","0.0325","-23.53%"
"2021-12-10","0.0425","0.0381","0.0450","0.0275","30.77%"
"2021-12-09","0.0325","0.0413","0.0413","0.0250","-18.75%"
"2021-12-08","0.0400","0.0425","0.0438","0.0225","0.00%"
"2021-12-07","0.0400","0.0363","0.0450","0.0288","18.34%"
"2021-12-06","0.0338","0.0319","0.0363","0.0225","2.11%"
"2021-12-05","0.0331","0.0275","0.0363","0.0275","-11.73%"
"2021-12-03","0.0375","0.0394","0.0400","0.0275","-9.20%"
"2021-12-02","0.0413","0.0388","0.0438","0.0325","-8.22%"
"2021-12-01","0.0450","0.0450","0.0475","0.0313","71.10%"
"2021-11-30","0.0263","0.0513","0.0513","0.0250","-51.12%"
"2021-11-29","0.0538","0.0550","0.0550","0.0425","-1.10%"
"2021-11-28","0.0544","0.0438","0.0544","0.0438","24.20%"
"2021-11-27","0.0438","0.0506","0.0506","0.0438","-14.62%"
"2021-11-26","0.0513","0.0613","0.0613","0.0400","-21.08%"
"2021-11-25","0.0650","0.0644","0.0650","0.0600","-5.52%"
"2021-11-24","0.0688","0.0650","0.0700","0.0463","10.08%"
"2021-11-23","0.0625","0.0588","0.0631","0.0538","8.70%"
"2021-11-22","0.0575","0.0550","0.0588","0.0425","2.13%"
"2021-11-21","0.0563","0.0450","0.0606","0.0450","25.11%"
"2021-11-20","0.0450","0.0450","0.0450","0.0450","0.00%"
"2021-11-19","0.0450","0.0600","0.0638","0.0450","-30.77%"
"2021-11-18","0.0650","0.0613","0.0669","0.0538","4.00%"
"2021-11-17","0.0625","0.0638","0.0700","0.0513","1.96%"
"2021-11-16","0.0613","0.0619","0.0638","0.0475","6.61%"
"2021-11-15","0.0575","0.0613","0.0638","0.0438","-7.11%"
"2021-11-14","0.0619","0.0525","0.0619","0.0525","17.90%"
"2021-11-13","0.0525","0.0619","0.0619","0.0525","-16.00%"
"2021-11-12","0.0625","0.0556","0.0663","0.0463","38.89%"
"2021-11-11","0.0450","0.0575","0.0606","0.0438","-12.28%"
"2021-11-10","0.0513","0.0500","0.0569","0.0350","5.12%"
"2021-11-09","0.0488","0.0494","0.0513","0.0400","25.77%"
"2021-11-08","0.0388","0.0419","0.0500","0.0338","-8.71%"
"2021-11-07","0.0425","0.0350","0.0438","0.0350","21.43%"
"2021-11-06","0.0350","0.0350","0.0350","0.0350","0.00%"
"2021-11-05","0.0350","0.0538","0.0538","0.0350","-30.00%"
"2021-11-04","0.0500","0.0650","0.0650","0.0488","-23.08%"
"2021-11-03","0.0650","0.0663","0.0663","0.0650","0.00%"
"2021-11-02","0.0650","0.0706","0.0725","0.0550","-17.51%"
"2021-11-01","0.0788","0.0769","0.0813","0.0625","3.28%"
"2021-10-31","0.0763","0.0756","0.0763","0.0756","-6.15%"
"2021-10-29","0.0813","0.0825","0.0844","0.0675","-2.98%"
"2021-10-28","0.0838","0.0769","0.0838","0.0675","-1.41%"
"2021-10-27","0.0850","0.0919","0.0963","0.0763","-8.70%"
"2021-10-26","0.0931","0.0894","0.1013","0.0825","12.85%"
"2021-10-25","0.0825","0.0844","0.0925","0.0825","-1.55%"
"2021-10-24","0.0838","0.0850","0.0850","0.0838","-2.78%"
"2021-10-22","0.0862","0.0894","0.0900","0.0800","1.41%"
"2021-10-21","0.0850","0.0825","0.0906","0.0775","3.03%"
"2021-10-20","0.0825","0.0838","0.0894","0.0750","0.00%"
"2021-10-19","0.0825","0.0800","0.0831","0.0712","0.00%"
"2021-10-18","0.0825","0.0700","0.0850","0.0650","32.00%"
"2021-10-17","0.0625","0.0688","0.0688","0.0625","-9.16%"
"2021-10-16","0.0688","0.0688","0.0688","0.0688","1.93%"
"2021-10-15","0.0675","0.0631","0.0700","0.0613","8.00%"
"2021-10-14","0.0625","0.0700","0.0700","0.0600","-13.79%"
"2021-10-13","0.0725","0.0731","0.0813","0.0650","-9.38%"
"2021-10-12","0.0800","0.0813","0.0862","0.0675","-3.03%"
"2021-10-11","0.0825","0.0700","0.0850","0.0700","32.00%"
"2021-10-10","0.0625","0.0625","0.0625","0.0625","-9.94%"
"2021-10-09","0.0694","0.0694","0.0694","0.0694","-4.28%"
"2021-10-08","0.0725","0.0638","0.0725","0.0600","26.09%"
"2021-10-07","0.0575","0.0625","0.0631","0.0450","-8.00%"
"2021-10-06","0.0625","0.0600","0.0700","0.0525","16.17%"
"2021-10-05","0.0538","0.0438","0.0588","0.0431","48.21%"
"2021-10-04","0.0363","0.0413","0.0463","0.0313","-14.59%"
"2021-10-03","0.0425","0.0456","0.0456","0.0363","17.08%"
"2021-10-02","0.0363","0.0456","0.0456","0.0363","-25.61%"
"2021-10-01","0.0488","0.0494","0.0494","0.0338","-7.05%"
"2021-09-30","0.0525","0.0550","0.0613","0.0413","-4.55%"
"2021-09-29","0.0550","0.0669","0.0669","0.0425","-18.52%"
"2021-09-28","0.0675","0.0450","0.0688","0.0450","38.32%"
"2021-09-27","0.0488","0.0438","0.0488","0.0338","9.91%"
"2021-09-26","0.0444","0.0338","0.0444","0.0338","1.37%"
"2021-09-24","0.0438","0.0338","0.0463","0.0263","105.63%"
"2021-09-23","0.0213","0.0244","0.0338","0.0213","-5.33%"
"2021-09-22","0.0225","0.0256","0.0256","0.0138","-28.12%"
"2021-09-21","0.0313","0.0288","0.0338","0.0188","-13.77%"
"2021-09-20","0.0363","0.0250","0.0363","0.0250","45.20%"
"2021-09-19","0.0250","0.0250","0.0250","0.0250","-31.13%"
"2021-09-18","0.0363","0.0363","0.0363","0.0363","0.00%"
"2021-09-17","0.0363","0.0338","0.0375","0.0238","3.71%"
"2021-09-16","0.0350","0.0244","0.0363","0.0150","33.08%"
"2021-09-15","0.0263","0.0256","0.0263","0.0125","-8.68%"
"2021-09-14","0.0288","0.0225","0.0338","0.0150","21.01%"
"2021-09-13","0.0238","0.0269","0.0275","0.0138","-15.30%"
"2021-09-12","0.0281","0.0244","0.0281","0.0175","-2.43%"
"2021-09-10","0.0288","0.0194","0.0300","0.0088","21.01%"
"2021-09-09","0.0238","0.0188","0.0238","0.0100","19.00%"
"2021-09-08","0.0200","0.0225","0.0238","0.0100","-20.00%"
"2021-09-07","0.0250","0.0194","0.0288","0.0075","11.11%"
"2021-09-06","0.0225","0.0144","0.0225","0.0038","71.76%"
"2021-09-05","0.0131","0.0038","0.0138","0.0038","23.58%"
"2021-09-04","0.0106","0.0106","0.0106","0.0106","-23.19%"
"2021-09-03","0.0138","0.0006","0.0150","-0.0038","452.00%"
"2021-09-02","0.0025","-0.0025","0.0038","-0.0063","92.31%"
"2021-09-01","0.0013","-0.0019","0.0013","-0.0150","-134.21%"
"2021-08-31","-0.0038","-0.0113","-0.0013","-0.0175","-56.82%"
"2021-08-30","-0.0088","-0.0106","-0.0025","-0.0138","-22.12%"
"2021-08-29","-0.0113","-0.0138","-0.0063","-0.0138","101.79%"
"2021-08-28","-0.0056","-0.0056","-0.0056","-0.0056","124.00%"
"2021-08-27","-0.0025","-0.0088","-0.0025","-0.0150","-71.59%"
"2021-08-26","-0.0088","-0.0050","-0.0013","-0.0200","131.58%"
"2021-08-25","-0.0038","-0.0113","-0.0038","-0.0213","-70.99%"
"2021-08-24","-0.0131","-0.0188","-0.0113","-0.0238","-25.14%"
"2021-08-23","-0.0175","-0.0181","-0.0150","-0.0300","-6.91%"
"2021-08-22","-0.0188","-0.0300","-0.0188","-0.0300","-11.74%"
"2021-08-21","-0.0213","-0.0213","-0.0213","-0.0213","13.30%"
"2021-08-20","-0.0188","-0.0156","-0.0156","-0.0300","25.33%"
"2021-08-19","-0.0150","-0.0131","-0.0088","-0.0238","20.00%"
"2021-08-18","-0.0125","-0.0138","-0.0100","-0.0213","10.62%"
"2021-08-17","-0.0113","-0.0106","-0.0075","-0.0225","28.41%"
"2021-08-16","-0.0088","-0.0119","-0.0038","-0.0225","-22.12%"
"2021-08-15","-0.0113","-0.0050","-0.0050","-0.0150","126.00%"
"2021-08-14","-0.0050","-0.0150","-0.0050","-0.0150","-66.67%"
"2021-08-13","-0.0150","-0.0050","-0.0050","-0.0163","294.74%"
"2021-08-12","-0.0038","-0.0031","-0.0031","-0.0200","-392.31%"
"2021-08-11","0.0013","-0.0063","0.0088","-0.0150","-152.00%"
"2021-08-10","-0.0025","-0.0081","-0.0025","-0.0213","-80.00%"
"2021-08-09","-0.0125","-0.0213","-0.0088","-0.0213","-41.31%"
"2021-08-08","-0.0213","-0.0213","-0.0213","-0.0213","17.68%"
"2021-08-07","-0.0181","-0.0181","-0.0181","-0.0181","-15.02%"
"2021-08-06","-0.0213","-0.0194","-0.0075","-0.0288","21.71%"
"2021-08-05","-0.0175","-0.0231","-0.0175","-0.0350","-36.36%"
"2021-08-04","-0.0275","-0.0263","-0.0238","-0.0413","10.00%"
"2021-08-03","-0.0250","-0.0194","-0.0194","-0.0363","53.37%"
"2021-08-02","-0.0163","-0.0138","-0.0138","-0.0263","13.19%"
"2021-08-01","-0.0144","-0.0250","-0.0144","-0.0250","4.35%"
"2021-07-30","-0.0138","-0.0150","-0.0119","-0.0250","0.00%"
"2021-07-29","-0.0138","-0.0163","-0.0138","-0.0250","-21.14%"
"2021-07-28","-0.0175","-0.0150","-0.0013","-0.0263","133.33%"
"2021-07-27","-0.0075","-0.0156","0.0025","-0.0156","19.05%"
"2021-07-26","-0.0063","-0.0213","-0.0050","-0.0338","-69.42%"
"2021-07-25","-0.0206","-0.0231","-0.0206","-0.0231","-13.45%"
"2021-07-24","-0.0238","-0.0238","-0.0238","-0.0238","138.00%"
"2021-07-23","-0.0100","-0.0100","-0.0100","-0.0100","0.00%"
"2021-07-22","-0.0100","-0.0100","-0.0100","-0.0100","-33.33%"
"2021-07-21","-0.0150","-0.0331","-0.0050","-0.0363","-40.00%"
"2021-07-20","-0.0250","-0.0331","-0.0213","-0.0375","32.98%"
"2021-07-19","-0.0188","-0.0269","-0.0150","-0.0425","-31.64%"
"2021-07-18","-0.0275","-0.0181","-0.0181","-0.0275","62.72%"
"2021-07-17","-0.0169","-0.0169","-0.0169","-0.0169","35.20%"
"2021-07-16","-0.0125","-0.0250","-0.0025","-0.0338","10.62%"
"2021-07-15","-0.0113","-0.0169","-0.0050","-0.0300","0.00%"
"2021-07-14","-0.0113","-0.0069","-0.0013","-0.0213","769.23%"
"2021-07-13","-0.0013","-0.0081","0.0075","-0.0094","-113.00%"
"2021-07-12","0.0100","0.0013","0.0100","-0.0150","1,566.67%"
"2021-07-11","0.0006","-0.0031","0.0006","-0.0031","-115.79%"
"2021-07-10","-0.0038","-0.0038","-0.0038","-0.0038","-176.00%"
"2021-07-09","0.0050","-0.0094","0.0088","-0.0175","-300.00%"
"2021-07-08","-0.0025","-0.0013","0.0013","-0.0363","-133.33%"
"2021-07-07","0.0075","0.0013","0.0138","-0.0150","-14.77%"
"2021-07-06","0.0088","0.0119","0.0225","-0.0075","-58.69%"
"2021-07-05","0.0213","0.0063","0.0225","-0.0075","280.36%"
"2021-07-04","0.0056","0.0081","0.0081","0.0044","-65.64%"
"2021-07-02","0.0163","0.0131","0.0238","0.0013","-13.30%"
"2021-07-01","0.0188","0.0219","0.0263","0.0013","-28.52%"
"2021-06-30","0.0263","0.0244","0.0350","0.0138","-34.25%"
"2021-06-29","0.0400","0.0200","0.0413","0.0100","38.89%"
"2021-06-28","0.0288","0.0194","0.0363","0.0138","44.00%"
"2021-06-27","0.0200","0.0163","0.0213","0.0163","-30.56%"
"2021-06-25","0.0288","0.0194","0.0300","0.0075","-7.99%"
"2021-06-24","0.0313","0.0275","0.0325","0.0113","-7.40%"
"2021-06-23","0.0338","0.0225","0.0338","0.0100","22.91%"
"2021-06-22","0.0275","0.0250","0.0350","0.0100","-12.14%"
"2021-06-21","0.0313","0.0238","0.0350","0.0013","61.34%"
"2021-06-20","0.0194","0.0288","0.0288","0.0138","40.58%"
"2021-06-19","0.0138","0.0288","0.0288","0.0138","-52.08%"
"2021-06-18","0.0288","0.0194","0.0413","0.0125","0.00%"
"2021-06-17","0.0288","0.0350","0.0475","0.0163","21.01%"
"2021-06-16","0.0238","0.0200","0.0300","0.0131","-13.45%"
"2021-06-15","0.0275","0.0200","0.0275","0.0025","22.22%"
"2021-06-14","0.0225","0.0150","0.0225","0.0075","99.12%"
"2021-06-13","0.0113","0.0088","0.0113","0.0044","28.41%"
"2021-06-12","0.0088","0.0088","0.0088","0.0088","-41.33%"
"2021-06-11","0.0150","0.0150","0.0188","-0.0063","-45.45%"
"2021-06-10","0.0275","0.0300","0.0388","0.0075","-35.29%"
"2021-06-09","0.0425","0.0450","0.0475","0.0250","-15.00%"
"2021-06-08","0.0500","0.0525","0.0550","0.0338","-9.09%"
"2021-06-07","0.0550","0.0525","0.0588","0.0375","17.27%"
"2021-06-06","0.0469","0.0575","0.0575","0.0469","-9.63%"
"2021-06-05","0.0519","0.0575","0.0575","0.0519","-3.53%"
"2021-06-04","0.0538","0.0600","0.0663","0.0438","-17.23%"
"2021-06-03","0.0650","0.0550","0.0650","0.0469","8.33%"
"2021-06-02","0.0600","0.0563","0.0650","0.0438","-7.69%"
"2021-06-01","0.0650","0.0575","0.0650","0.0425","13.04%"
"2021-05-31","0.0575","0.0525","0.0575","0.0425","17.83%"
"2021-05-30","0.0488","0.0575","0.0575","0.0425","-5.97%"
"2021-05-29","0.0519","0.0575","0.0575","0.0519","-7.82%"
"2021-05-28","0.0563","0.0513","0.0638","0.0438","-2.09%"
"2021-05-27","0.0575","0.0488","0.0575","0.0338","12.09%"
"2021-05-26","0.0513","0.0513","0.0575","0.0363","-2.29%"
"2021-05-25","0.0525","0.0538","0.0588","0.0375","-8.70%"
"2021-05-24","0.0575","0.0550","0.0600","0.0400","19.54%"
"2021-05-23","0.0481","0.0575","0.0575","0.0425","-16.35%"
"2021-05-22","0.0575","0.0575","0.0575","0.0575","-4.17%"
"2021-05-21","0.0600","0.0563","0.0625","0.0413","0.00%"
"2021-05-20","0.0600","0.0575","0.0638","0.0438","2.04%"
"2021-05-19","0.0588","0.0550","0.0663","0.0425","-4.08%"
"2021-05-18","0.0613","0.0550","0.0625","0.0413","2.17%"
"2021-05-17","0.0600","0.0475","0.0613","0.0375","24.74%"
"2021-05-16","0.0481","0.0550","0.0550","0.0400","-3.80%"
"2021-05-15","0.0500","0.0550","0.0550","0.0500","-14.97%"
"2021-05-14","0.0588","0.0563","0.0613","0.0400","-7.84%"
"2021-05-13","0.0638","0.0600","0.0700","0.0475","0.00%"
"2021-05-12","0.0638","0.0488","0.0638","0.0444","4.08%"
"2021-05-11","0.0613","0.0538","0.0613","0.0325","11.45%"
"2021-05-10","0.0550","0.0513","0.0613","0.0363","18.79%"
"2021-05-09","0.0463","0.0513","0.0513","0.0363","-9.75%"
"2021-05-08","0.0513","0.0513","0.0513","0.0513","-6.73%"
"2021-05-07","0.0550","0.0550","0.0600","0.0375","0.00%"
"2021-05-06","0.0550","0.0488","0.0625","0.0375","-15.38%"
"2021-05-05","0.0650","0.0650","0.0650","0.0650","0.00%"
"2021-05-04","0.0650","0.0650","0.0650","0.0650","0.00%"
"2021-05-03","0.0650","0.0650","0.0650","0.0650","6.04%"
"2021-05-02","0.0613","0.0613","0.0613","0.0613","21.15%"
"2021-05-01","0.0506","0.0613","0.0613","0.0506","-20.69%"
"2021-04-30","0.0638","0.0575","0.0688","0.0506","13.32%"
"2021-04-29","0.0563","0.0563","0.0563","0.0563","-6.17%"
"2021-04-28","0.0600","0.0550","0.0675","0.0438","4.35%"
"2021-04-27","0.0575","0.0500","0.0588","0.0350","6.88%"
"2021-04-26","0.0538","0.0413","0.0563","0.0325","104.56%"
"2021-04-25","0.0263","0.0413","0.0413","0.0263","-36.32%"
"2021-04-24","0.0413","0.0413","0.0413","0.0413","-10.80%"
"2021-04-23","0.0463","0.0388","0.0513","0.0325","-5.12%"
"2021-04-22","0.0488","0.0438","0.0488","0.0263","-9.29%"
"2021-04-21","0.0538","0.0456","0.0550","0.0275","0.00%"
"2021-04-20","0.0538","0.0513","0.0638","0.0400","-4.44%"
"2021-04-19","0.0563","0.0563","0.0600","0.0375","6.03%"
"2021-04-18","0.0531","0.0575","0.0575","0.0425","24.94%"
"2021-04-17","0.0425","0.0575","0.0575","0.0425","-29.17%"
"2021-04-16","0.0600","0.0550","0.0650","0.0425","6.57%"
"2021-04-15","0.0563","0.0575","0.0663","0.0425","-15.08%"
"2021-04-14","0.0663","0.0563","0.0675","0.0413","6.08%"
"2021-04-13","0.0625","0.0675","0.0725","0.0538","-16.67%"
"2021-04-12","0.0750","0.0650","0.0763","0.0500","25.00%"
"2021-04-11","0.0600","0.0650","0.0650","0.0500","-7.69%"
"2021-04-10","0.0650","0.0650","0.0650","0.0650","-3.70%"
"2021-04-09","0.0675","0.0550","0.0738","0.0463","12.50%"
"2021-04-08","0.0600","0.0600","0.0688","0.0463","-2.12%"
"2021-04-07","0.0613","0.0625","0.0663","0.0438","-10.90%"
"2021-04-06","0.0688","0.0763","0.0775","0.0513","-9.83%"
"2021-04-05","0.0763","0.0800","0.0838","0.0663","1.73%"
"2021-04-04","0.0750","0.0800","0.0800","0.0663","0.00%"
"2021-04-03","0.0750","0.0800","0.0800","0.0750","-6.25%"
"2021-04-02","0.0800","0.0788","0.0888","0.0681","-1.60%"
"2021-04-01","0.0813","0.0756","0.0963","0.0663","3.17%"
"2021-03-31","0.0788","0.0525","0.0888","0.0469","31.33%"
"2021-03-30","0.0600","0.0475","0.0688","0.0413","16.96%"
"2021-03-29","0.0513","0.0500","0.0550","0.0263","12.50%"
"2021-03-28","0.0456","0.0488","0.0488","0.0350","-6.56%"
"2021-03-27","0.0488","0.0488","0.0488","0.0488","-2.40%"
"2021-03-26","0.0500","0.0475","0.0563","0.0300","0.00%"
"2021-03-25","0.0500","0.0438","0.0538","0.0313","5.26%"
"2021-03-24","0.0475","0.0388","0.0538","0.0250","-2.66%"
"2021-03-23","0.0488","0.0538","0.0575","0.0344","-17.01%"
"2021-03-22","0.0588","0.0638","0.0663","0.0388","-1.01%"
"2021-03-21","0.0594","0.0725","0.0725","0.0575","-18.07%"
"2021-03-20","0.0725","0.0725","0.0725","0.0725","0.00%"
"2021-03-19","0.0725","0.0606","0.0913","0.0525","-7.99%"
"2021-03-18","0.0788","0.0600","0.0838","0.0469","14.53%"
"2021-03-17","0.0688","0.0588","0.0712","0.0463","1.93%"
"2021-03-16","0.0675","0.0625","0.0738","0.0463","-3.57%"
"2021-03-15","0.0700","0.0763","0.0775","0.0500","-8.26%"
"2021-03-14","0.0763","0.0813","0.0813","0.0688","-6.15%"
"2021-03-13","0.0813","0.0813","0.0813","0.0813","-13.33%"
"2021-03-12","0.0938","0.0631","0.0975","0.0606","29.38%"
"2021-03-11","0.0725","0.0900","0.0913","0.0513","-17.14%"
"2021-03-10","0.0875","0.0788","0.1038","0.0663","-4.16%"
"2021-03-09","0.0913","0.0950","0.0963","0.0688","-7.59%"
"2021-03-08","0.0988","0.0638","0.1025","0.0631","56.58%"
"2021-03-07","0.0631","0.0525","0.0631","0.0450","32.84%"
"2021-03-06","0.0475","0.0525","0.0525","0.0475","-35.64%"
"2021-03-05","0.0738","0.0975","0.0975","0.0313","-13.18%"
"2021-03-04","0.0850","0.0850","0.0938","0.0675","-2.86%"
"2021-03-03","0.0875","0.0625","0.0938","0.0550","22.89%"
"2021-03-02","0.0712","0.0850","0.0850","0.0575","-20.89%"
"2021-03-01","0.0900","0.0925","0.1050","0.0788","-3.33%"
"2021-02-28","0.0931","0.1025","0.1025","0.0888","-4.51%"
"2021-02-27","0.0975","0.1025","0.1025","0.0975","-14.32%"
"2021-02-26","0.1138","0.1175","0.1250","0.0862","2.25%"
"2021-02-25","0.1113","0.0825","0.1150","0.0725","41.24%"
"2021-02-24","0.0788","0.0788","0.0913","0.0613","-5.97%"
"2021-02-23","0.0838","0.0838","0.0838","0.0706","6.35%"
"2021-02-22","0.0788","0.0775","0.0875","0.0625","11.61%"
"2021-02-21","0.0706","0.0675","0.0719","0.0613","4.59%"
"2021-02-20","0.0675","0.0675","0.0675","0.0675","-18.18%"
"2021-02-19","0.0825","0.0638","0.0825","0.0538","34.58%"
"2021-02-18","0.0613","0.0588","0.0700","0.0438","-5.69%"
"2021-02-17","0.0650","0.0488","0.0712","0.0438","20.82%"
"2021-02-16","0.0538","0.0388","0.0550","0.0338","22.83%"
"2021-02-15","0.0438","0.0288","0.0475","0.0200","75.20%"
"2021-02-14","0.0250","0.0225","0.0250","0.0088","184.09%"
"2021-02-13","0.0088","0.0225","0.0225","0.0088","-73.96%"
"2021-02-12","0.0338","0.0250","0.0363","0.0075","42.02%"
"2021-02-11","0.0238","0.0238","0.0256","0.0169","-13.45%"
"2021-02-10","0.0275","0.0238","0.0375","0.0175","-4.51%"
"2021-02-09","0.0288","0.0225","0.0338","0.0125","4.73%"
"2021-02-08","0.0275","0.0188","0.0350","0.0113","90.97%"
"2021-02-07","0.0144","0.0125","0.0144","0.0013","15.20%"
"2021-02-06","0.0125","0.0125","0.0125","0.0125","-41.31%"
"2021-02-05","0.0213","0.0088","0.0275","-0.0013","13.30%"
"2021-02-04","0.0188","0.0100","0.0200","-0.0038","7.43%"
"2021-02-03","0.0175","0.0013","0.0188","-0.0075","40.00%"
"2021-02-02","0.0125","0.0013","0.0138","-0.0088","150.00%"
"2021-02-01","0.0050","0.0013","0.0088","-0.0050","-213.64%"
"2021-01-31","-0.0044","-0.0031","-0.0031","-0.0044","-215.79%"
"2021-01-29","0.0038","-0.0113","0.0075","-0.0188","-200.00%"
"2021-01-28","-0.0038","-0.0100","-0.0038","-0.0263","0.00%"
"2021-01-27","-0.0038","-0.0125","-0.0013","-0.0238","-62.00%"
"2021-01-26","-0.0100","-0.0113","-0.0063","-0.0300","-11.50%"
"2021-01-25","-0.0113","-0.0156","-0.0038","-0.0263","-30.67%"
"2021-01-24","-0.0163","-0.0075","-0.0075","-0.0163","117.33%"
"2021-01-23","-0.0075","-0.0075","-0.0075","-0.0075","0.00%"
"2021-01-22","-0.0075","-0.0088","-0.0025","-0.0225","-64.79%"
"2021-01-21","-0.0213","-0.0125","-0.0038","-0.0288","460.53%"
"2021-01-20","-0.0038","-0.0025","-0.0013","-0.0225","-392.31%"
"2021-01-19","0.0013","0.0038","0.0050","-0.0175","-74.00%"
"2021-01-18","0.0050","0.0075","0.0100","-0.0113","61.29%"
"2021-01-17","0.0031","-0.0100","0.0044","-0.0250","-131.00%"
"2021-01-16","-0.0100","-0.0100","-0.0100","-0.0100","58.73%"
"2021-01-15","-0.0063","-0.0125","-0.0025","-0.0225","-37.00%"
"2021-01-14","-0.0100","-0.0163","-0.0050","-0.0206","0.00%"
"2021-01-13","-0.0100","-0.0150","-0.0063","-0.0288","-869.23%"
"2021-01-12","0.0013","-0.0025","0.0013","-0.0275","-106.10%"
"2021-01-11","-0.0213","-0.0213","-0.0069","-0.0213","0.00%"
"2021-01-10","-0.0213","-0.0088","-0.0088","-0.0213","0.00%"
"2021-01-09","-0.0213","-0.0088","-0.0088","-0.0213","1,538.46%"
"2021-01-08","-0.0013","-0.0025","0.0013","-0.0250","-200.00%"
"2021-01-07","0.0013","-0.0113","0.0025","-0.0213","-117.33%"
"2021-01-06","-0.0075","-0.0213","-0.0038","-0.0275","-50.00%"
"2021-01-05","-0.0150","-0.0163","-0.0138","-0.0350","20.00%"
"2021-01-04","-0.0125","-0.0125","-0.0038","-0.0288","-28.57%"
"2021-01-03","-0.0175","-0.0100","-0.0100","-0.0250","75.00%"
"2021-01-02","-0.0100","-0.0100","-0.0100","-0.0100","163.16%"
"2021-01-01","-0.0038","-0.0038","-0.0038","-0.0038","0.00%"
"2020-12-31","-0.0038","-0.0038","-0.0038","-0.0038","-49.33%"
"2020-12-30","-0.0075","-0.0125","-0.0013","-0.0175","-14.77%"
"2020-12-29","-0.0088","-0.0188","-0.0050","-0.0288","-29.60%"
"2020-12-28","-0.0125","-0.0150","-0.0088","-0.0219","-33.51%"
"2020-12-27","-0.0188","-0.0150","-0.0150","-0.0188","25.33%"
"2020-12-26","-0.0150","-0.0150","-0.0150","-0.0150","70.45%"
"2020-12-25","-0.0088","-0.0225","-0.0075","-0.0263","-49.71%"
"2020-12-24","-0.0175","-0.0225","-0.0150","-0.0256","-44.09%"
"2020-12-23","-0.0313","-0.0300","-0.0150","-0.0400","31.51%"
"2020-12-22","-0.0238","-0.0275","-0.0213","-0.0338","26.60%"
"2020-12-21","-0.0188","-0.0225","-0.0188","-0.0413","-33.10%"
"2020-12-20","-0.0281","-0.0250","-0.0250","-0.0388","12.40%"
"2020-12-19","-0.0250","-0.0250","-0.0250","-0.0250","42.86%"
"2020-12-18","-0.0175","-0.0263","-0.0163","-0.0388","7.36%"
"2020-12-17","-0.0163","-0.0300","-0.0163","-0.0425","-23.47%"
"2020-12-16","-0.0213","-0.0275","-0.0175","-0.0425","0.00%"
"2020-12-15","-0.0213","-0.0250","-0.0188","-0.0425","13.30%"
"2020-12-14","-0.0188","-0.0250","-0.0138","-0.0400","-28.52%"
"2020-12-13","-0.0263","-0.0250","-0.0250","-0.0269","-2.23%"
"2020-12-12","-0.0269","-0.0250","-0.0250","-0.0269","19.56%"
"2020-12-11","-0.0225","-0.0225","-0.0150","-0.0375","63.04%"
"2020-12-10","-0.0138","-0.0188","-0.0088","-0.0363","38.00%"
"2020-12-09","-0.0100","-0.0200","-0.0075","-0.0325","-20.00%"
"2020-12-08","-0.0125","-0.0150","-0.0113","-0.0363","42.05%"
"2020-12-07","-0.0088","-0.0088","-0.0075","-0.0300","-22.12%"
"2020-12-06","-0.0113","-0.0125","-0.0113","-0.0213","-9.60%"
"2020-12-05","-0.0125","-0.0125","-0.0125","-0.0125","-428.95%"
"2020-12-04","0.0038","-0.0138","0.0038","-0.0188","-176.00%"
"2020-12-03","-0.0050","-0.0125","-0.0013","-0.0263","100.00%"
"2020-12-02","-0.0025","-0.0125","-0.0013","-0.0288","92.31%"
"2020-12-01","-0.0013","-0.0138","-0.0013","-0.0363","-79.37%"
"2020-11-30","-0.0063","-0.0188","-0.0038","-0.0300","-68.50%"
"2020-11-29","-0.0200","-0.0188","-0.0188","-0.0338","-2.91%"
"2020-11-28","-0.0206","-0.0188","-0.0188","-0.0206","49.28%"
"2020-11-27","-0.0138","-0.0244","-0.0100","-0.0281","-15.34%"
"2020-11-26","-0.0163","-0.0225","-0.0100","-0.0350","30.40%"
"2020-11-25","-0.0125","-0.0200","-0.0113","-0.0363","0.00%"
"2020-11-24","-0.0125","-0.0275","-0.0113","-0.0350","-47.48%"
"2020-11-23","-0.0238","-0.0238","-0.0238","-0.0300","-22.22%"
"2020-11-21","-0.0306","-0.0306","-0.0306","-0.0306","43.66%"
"2020-11-20","-0.0213","-0.0288","-0.0175","-0.0438","-26.04%"
"2020-11-19","-0.0288","-0.0225","-0.0150","-0.0313","92.00%"
"2020-11-18","-0.0150","-0.0175","-0.0138","-0.0388","20.00%"
"2020-11-17","-0.0125","-0.0138","-0.0075","-0.0206","42.05%"
"2020-11-16","-0.0088","-0.0150","0.0025","-0.0213","-54.64%"
"2020-11-15","-0.0194","-0.0175","-0.0175","-0.0325","10.86%"
"2020-11-14","-0.0175","-0.0175","-0.0175","-0.0175","54.87%"
"2020-11-13","-0.0113","-0.0175","-0.0063","-0.0313","28.41%"
"2020-11-12","-0.0088","-0.0113","-0.0025","-0.0263","-776.92%"
"2020-11-11","0.0013","-0.0050","0.0050","-0.0188","-79.37%"
"2020-11-10","0.0063","-0.0075","0.0163","-0.0213","-49.60%"
"2020-11-09","0.0125","-0.0200","0.0150","-0.0400","-158.69%"
"2020-11-08","-0.0213","-0.0250","-0.0213","-0.0300","-29.00%"
"2020-11-07","-0.0300","-0.0250","-0.0250","-0.0300","500.00%"
"2020-11-06","-0.0050","-0.0275","-0.0025","-0.0313","-66.67%"
"2020-11-05","-0.0150","-0.0244","-0.0113","-0.0450","-14.29%"
"2020-11-04","-0.0175","0.0056","0.0100","-0.0288","-333.33%"
"2020-11-03","0.0075","0.0075","0.0075","0.0038","19.05%"
"2020-11-02","0.0063","-0.0050","0.0088","-0.0081","-184.00%"
"2020-11-01","-0.0075","-0.0063","-0.0063","-0.0175","19.05%"
"2020-10-31","-0.0063","-0.0063","-0.0063","-0.0063","-184.00%"
"2020-10-30","0.0075","-0.0125","0.0100","-0.0125","-200.00%"
"2020-10-29","-0.0075","-0.0163","-0.0038","-0.0175","-40.00%"
"2020-10-28","-0.0125","-0.0188","-0.0100","-0.0250","-16.67%"
"2020-10-27","-0.0150","-0.0144","-0.0013","-0.0219","500.00%"
"2020-10-26","-0.0025","-0.0088","0.0025","-0.0213","-76.42%"
"2020-10-25","-0.0106","-0.0013","-0.0013","-0.0163","715.38%"
"2020-10-24","-0.0013","-0.0013","-0.0013","-0.0013","-126.00%"
"2020-10-23","0.0050","-0.0069","0.0088","-0.0163","284.62%"
"2020-10-22","0.0013","-0.0125","0.0013","-0.0263","-114.77%"
"2020-10-21","-0.0088","-0.0225","-0.0025","-0.0275","-53.19%"
"2020-10-20","-0.0188","-0.0200","-0.0150","-0.0363","15.34%"
"2020-10-19","-0.0163","-0.0213","-0.0125","-0.0338","-36.33%"
"2020-10-18","-0.0256","-0.0250","-0.0250","-0.0388","2.40%"
"2020-10-17","-0.0250","-0.0250","-0.0250","-0.0250","53.37%"
"2020-10-16","-0.0163","-0.0175","-0.0138","-0.0388","0.00%"
"2020-10-15","-0.0163","-0.0100","-0.0075","-0.0313","328.95%"
"2020-10-14","-0.0038","-0.0125","0.0025","-0.0213","-56.82%"
"2020-10-13","-0.0088","-0.0100","-0.0013","-0.0238","576.92%"
"2020-10-12","-0.0013","-0.0125","-0.0013","-0.0263","-92.02%"
"2020-10-11","-0.0163","-0.0088","-0.0088","-0.0163","85.23%"
"2020-10-10","-0.0088","-0.0088","-0.0088","-0.0088","-776.92%"
"2020-10-09","0.0013","-0.0113","0.0025","-0.0163","-117.33%"
"2020-10-08","-0.0075","-0.0050","-0.0025","-0.0263","-297.37%"
"2020-10-07","0.0038","-0.0075","0.0050","-0.0200","0.00%"
"2020-10-06","0.0038","-0.0100","0.0063","-0.0200","-143.18%"
"2020-10-05","-0.0088","-0.0238","-0.0075","-0.0338","-68.68%"
"2020-10-04","-0.0281","-0.0275","-0.0275","-0.0400","-13.54%"
"2020-10-03","-0.0325","-0.0275","-0.0275","-0.0325","18.18%"
"2020-10-02","-0.0275","-0.0225","-0.0188","-0.0450","68.71%"
"2020-10-01","-0.0163","-0.0263","-0.0100","-0.0313","-43.40%"
"2020-09-30","-0.0288","-0.0350","-0.0213","-0.0450","0.00%"
"2020-09-29","-0.0288","-0.0338","-0.0225","-0.0475","21.01%"
"2020-09-28","-0.0238","-0.0388","-0.0188","-0.0388","-41.38%"
"2020-09-27","-0.0406","-0.0363","-0.0363","-0.0406","11.85%"
"2020-09-26","-0.0363","-0.0363","-0.0363","-0.0363","26.04%"
"2020-09-25","-0.0288","-0.0425","-0.0275","-0.0425","-20.66%"
"2020-09-24","-0.0363","-0.0400","-0.0300","-0.0575","7.40%"
"2020-09-23","-0.0338","-0.0300","-0.0288","-0.0538","93.14%"
"2020-09-22","-0.0175","-0.0325","-0.0325","-0.0331","0.00%"
"2020-09-21","-0.0175","-0.0425","-0.0175","-0.0425","-58.82%"
"2020-09-20","-0.0425","-0.0275","-0.0275","-0.0425","0.00%"
"2020-09-19","-0.0425","-0.0275","-0.0275","-0.0425","99.53%"
"2020-09-18","-0.0213","-0.0313","-0.0188","-0.0350","0.00%"
"2020-09-17","-0.0213","-0.0250","-0.0213","-0.0425","-5.33%"
"2020-09-16","-0.0225","-0.0325","-0.0188","-0.0438","-50.00%"
"2020-09-15","-0.0450","-0.0275","-0.0238","-0.0475","89.08%"
"2020-09-14","-0.0238","-0.0250","-0.0175","-0.0313","5.78%"
"2020-09-13","-0.0225","-0.0225","-0.0225","-0.0225","0.00%"
"2020-09-12","-0.0225","-0.0225","-0.0225","-0.0225","5.63%"
"2020-09-11","-0.0213","-0.0200","-0.0100","-0.0400","326.00%"
"2020-09-10","-0.0050","-0.0175","-0.0013","-0.0350","-43.18%"
"2020-09-09","-0.0088","-0.0200","-0.0075","-0.0363","-22.12%"
"2020-09-08","-0.0113","-0.0100","-0.0038","-0.0275","-969.23%"
"2020-09-07","0.0013","0.0025","0.0063","-0.0175","-152.00%"
"2020-09-06","-0.0025","-0.0075","-0.0025","-0.0163","-84.66%"
"2020-09-05","-0.0163","-0.0075","-0.0075","-0.0163","117.33%"
"2020-09-04","-0.0075","-0.0113","-0.0025","-0.0225","97.37%"
"2020-09-03","-0.0038","-0.0025","0.0013","-0.0225","-392.31%"
"2020-09-02","0.0013","-0.0013","0.0100","-0.0138","-74.00%"
"2020-09-01","0.0050","0.0075","0.0188","-0.0063","-60.00%"
"2020-08-31","0.0125","0.0100","0.0188","0.0025","123.21%"
"2020-08-30","0.0056","0.0138","0.0138","0.0056","-59.42%"
"2020-08-29","0.0138","0.0138","0.0138","0.0138","-8.00%"
"2020-08-28","0.0150","0.0138","0.0300","-0.0013","-20.21%"
"2020-08-27","0.0188","-0.0063","0.0200","-0.0138","25.33%"
"2020-08-26","0.0150","-0.0025","0.0175","-0.0113","138.10%"
"2020-08-25","0.0063","-0.0075","0.0100","-0.0225","-200.00%"
"2020-08-24","-0.0063","-0.0113","-0.0050","-0.0300","-44.25%"
"2020-08-23","-0.0113","-0.0113","-0.0113","-0.0113","-57.03%"
"2020-08-22","-0.0263","-0.0113","-0.0113","-0.0263","952.00%"
"2020-08-21","-0.0025","-0.0163","0.0013","-0.0169","-34.21%"
"2020-08-20","-0.0038","-0.0150","0.0025","-0.0206","-62.00%"
"2020-08-19","-0.0100","-0.0119","-0.0063","-0.0313","0.00%"
"2020-08-18","-0.0100","-0.0038","-0.0013","-0.0250","-869.23%"
"2020-08-17","0.0013","-0.0013","0.0100","-0.0044","-152.00%"
"2020-08-16","-0.0025","-0.0025","-0.0025","-0.0025","-292.31%"
"2020-08-14","0.0013","0.0013","0.0150","-0.0019","-87.00%"
"2020-08-13","0.0100","-0.0100","0.0125","-0.0275","-50.00%"
"2020-08-12","0.0200","-0.0106","0.0200","-0.0200","426.32%"
"2020-08-11","0.0038","-0.0231","0.0088","-0.0375","-111.48%"
"2020-08-10","-0.0331","-0.0538","-0.0219","-0.0538","-22.12%"
"2020-08-09","-0.0425","-0.0425","-0.0425","-0.0425","-21.00%"
"2020-08-08","-0.0538","-0.0425","-0.0425","-0.0538","438.00%"
"2020-08-07","-0.0100","-0.0325","-0.0100","-0.0575","-63.64%"
"2020-08-06","-0.0275","-0.0338","-0.0213","-0.0575","10.00%"
"2020-08-05","-0.0250","-0.0550","-0.0238","-0.0613","-35.57%"
"2020-08-04","-0.0388","-0.0388","-0.0281","-0.0475","82.16%"
"2020-08-03","-0.0213","-0.0313","-0.0163","-0.0525","-34.46%"
"2020-08-02","-0.0325","-0.0488","-0.0325","-0.0488","-43.48%"
"2020-08-01","-0.0575","-0.0488","-0.0488","-0.0575","155.56%"
"2020-07-31","-0.0225","-0.0394","-0.0213","-0.0563","-14.45%"
"2020-07-30","-0.0263","-0.0313","-0.0263","-0.0463","0.00%"
"2020-07-29","-0.0263","-0.0344","-0.0238","-0.0588","23.47%"
"2020-07-28","-0.0213","-0.0388","-0.0213","-0.0525","-5.33%"
"2020-07-27","-0.0225","-0.0400","-0.0213","-0.0400","-18.18%"
"2020-07-26","-0.0275","-0.0400","-0.0275","-0.0400","-31.25%"
"2020-07-25","-0.0400","-0.0400","-0.0400","-0.0400","36.05%"
"2020-07-24","-0.0294","-0.0188","-0.0188","-0.0294","56.38%"
"2020-07-23","-0.0188","-0.0188","-0.0188","-0.0188","-36.05%"
"2020-07-22","-0.0294","-0.0338","-0.0175","-0.0450","11.79%"
"2020-07-21","-0.0263","-0.0238","-0.0213","-0.0575","75.33%"
"2020-07-20","-0.0150","-0.0363","-0.0125","-0.0475","-45.45%"
"2020-07-19","-0.0275","-0.0425","-0.0256","-0.0425","-50.00%"
"2020-07-18","-0.0550","-0.0425","-0.0344","-0.0550","214.29%"
"2020-07-17","-0.0175","-0.0325","-0.0175","-0.0575","-17.84%"
"2020-07-16","-0.0213","-0.0213","-0.0188","-0.0550","70.40%"
"2020-07-15","-0.0125","-0.0100","-0.0050","-0.0438","42.05%"
"2020-07-14","-0.0088","-0.0200","-0.0038","-0.0388","-239.68%"
"2020-07-13","0.0063","-0.0275","0.0075","-0.0275","-112.28%"
"2020-07-12","-0.0513","-0.0400","-0.0400","-0.0513","0.00%"
"2020-07-11","-0.0513","-0.0400","-0.0400","-0.0513","193.14%"
"2020-07-10","-0.0175","-0.0375","-0.0175","-0.0550","7.36%"
"2020-07-09","-0.0163","-0.0163","-0.0088","-0.0325","552.00%"
"2020-07-08","-0.0025","-0.0094","-0.0013","-0.0425","-139.68%"
"2020-07-07","0.0063","0.0013","0.0075","-0.0288","-54.35%"
"2020-07-06","0.0138","-0.0075","0.0163","-0.0188","961.54%"
"2020-07-05","0.0013","-0.0125","0.0013","-0.0125","-105.20%"
"2020-07-04","-0.0250","-0.0125","-0.0125","-0.0250","-384.09%"
"2020-07-03","0.0088","0.0075","0.0088","-0.0275","-22.12%"
"2020-07-02","0.0113","0.0100","0.0263","-0.0025","-54.80%"
"2020-07-01","0.0250","0.0025","0.0275","-0.0075","53.37%"
"2020-06-30","0.0163","-0.0013","0.0213","-0.0238","552.00%"
"2020-06-29","0.0025","-0.0238","0.0050","-0.0375","-117.36%"
"2020-06-28","-0.0144","-0.0200","-0.0119","-0.0200","-28.00%"
"2020-06-27","-0.0200","-0.0200","-0.0200","-0.0200","426.32%"
"2020-06-26","-0.0038","-0.0175","-0.0013","-0.0338","192.31%"
"2020-06-25","-0.0013","-0.0088","0.0050","-0.0325","-200.00%"
"2020-06-24","0.0013","-0.0025","0.0088","-0.0288","-65.79%"
"2020-06-23","0.0038","-0.0063","0.0075","-0.0300","-392.31%"
"2020-06-22","-0.0013","-0.0175","0.0063","-0.0175","-152.00%"
"2020-06-19","0.0025","0.0025","0.0025","0.0025","-50.00%"
"2020-06-18","0.0050","0.0050","0.0050","0.0050","0.00%"
"2020-06-17","0.0050","0.0050","0.0050","0.0050","-231.58%"
"2020-06-16","-0.0038","-0.0038","-0.0038","-0.0038","-78.29%"
"2020-06-15","-0.0175","-0.0175","-0.0175","-0.0175","54.87%"
"2020-06-12","-0.0113","-0.0113","-0.0113","-0.0113","-39.89%"
"2020-06-11","-0.0188","-0.0188","-0.0188","-0.0188","-350.67%"
"2020-06-10","0.0075","0.0075","0.0075","0.0075","476.92%"
"2020-06-09","0.0013","0.0013","0.0013","0.0013","-96.00%"
"2020-06-08","0.0325","0.0325","0.0325","0.0325","-44.73%"
"2020-06-05","0.0588","0.0588","0.0588","0.0588","194.00%"
"2020-06-04","0.0200","0.0200","0.0200","0.0200","127.27%"
"2020-06-03","0.0088","0.0088","0.0088","0.0088","-239.68%"
"2020-06-02","-0.0063","-0.0063","-0.0063","-0.0063","-200.00%"
"2020-06-01","0.0063","0.0063","0.0063","0.0063","-150.40%"
"2020-05-29","-0.0125","-0.0125","-0.0125","-0.0125","-23.31%"
"2020-05-28","-0.0163","-0.0163","-0.0163","-0.0163","-27.56%"
"2020-05-27","-0.0225","-0.0225","-0.0225","-0.0225","19.68%"
"2020-05-26","-0.0188","-0.0188","-0.0188","-0.0188","36.23%"
"2020-05-25","-0.0138","-0.0138","-0.0138","-0.0138","-49.82%"
"2020-05-22","-0.0275","-0.0275","-0.0275","-0.0275","15.55%"
"2020-05-21","-0.0238","-0.0238","-0.0238","-0.0238","11.74%"
"2020-05-20","-0.0213","-0.0213","-0.0213","-0.0213","42.00%"
"2020-05-19","-0.0150","-0.0150","-0.0150","-0.0150","-14.29%"
"2020-05-18","-0.0175","-0.0175","-0.0175","-0.0175","-30.00%"
"2020-05-15","-0.0250","-0.0250","-0.0250","-0.0250","0.00%"
"2020-05-14","-0.0250","-0.0250","-0.0250","-0.0250","11.11%"
"2020-05-13","-0.0225","-0.0225","-0.0225","-0.0225","38.04%"
"2020-05-12","-0.0163","-0.0163","-0.0163","-0.0163","226.00%"
"2020-05-11","-0.0050","-0.0050","-0.0050","-0.0050","-73.40%"
"2020-05-08","-0.0188","-0.0188","-0.0188","-0.0188","-34.72%"
"2020-05-07","-0.0288","-0.0288","-0.0288","-0.0288","-60.98%"
"2020-05-06","-0.0738","-0.0738","-0.0738","-0.0738","0.00%"
"2020-05-05","-0.0738","-0.0738","-0.0738","-0.0738","0.00%"
"2020-05-04","-0.0738","-0.0738","-0.0738","-0.0738","210.08%"
"2020-05-01","-0.0238","-0.0238","-0.0238","-0.0238","-49.89%"
"2020-04-30","-0.0475","-0.0475","-0.0475","-0.0475","11.76%"
"2020-04-29","-0.0425","-0.0425","-0.0425","-0.0425","0.00%"
"2020-04-28","-0.0425","-0.0425","-0.0425","-0.0425","2.91%"
"2020-04-27","-0.0413","-0.0413","-0.0413","-0.0413","6.44%"
"2020-04-24","-0.0388","-0.0388","-0.0388","-0.0388","10.86%"
"2020-04-23","-0.0350","-0.0350","-0.0350","-0.0350","86.17%"
"2020-04-22","-0.0188","-0.0188","-0.0188","-0.0188","-11.74%"
"2020-04-21","-0.0213","-0.0213","-0.0213","-0.0213","-1,738.46%"
"2020-04-20","0.0013","0.0013","0.0013","0.0013","-113.00%"
"2020-04-17","-0.0100","-0.0100","-0.0100","-0.0100","-38.65%"
"2020-04-16","-0.0163","-0.0163","-0.0163","-0.0163","-27.56%"
"2020-04-15","-0.0225","-0.0225","-0.0225","-0.0225","200.00%"
"2020-04-14","-0.0075","-0.0075","-0.0075","-0.0075","-676.92%"
"2020-04-13","0.0013","0.0013","0.0013","0.0013","-103.71%"
"2020-04-10","-0.0350","-0.0350","-0.0350","-0.0350","-450.00%"
"2020-04-09","0.0100","0.0100","0.0100","0.0100","-38.65%"
"2020-04-08","0.0163","0.0163","0.0163","0.0163","0.00%"
"2020-04-07","0.0163","0.0163","0.0163","0.0163","-358.73%"
"2020-04-06","-0.0063","-0.0063","-0.0063","-0.0063","-76.05%"
"2020-04-03","-0.0263","-0.0263","-0.0263","-0.0263","-12.33%"
"2020-04-02","-0.0300","-0.0300","-0.0300","-0.0300","20.00%"
"2020-04-01","-0.0250","-0.0250","-0.0250","-0.0250","-28.57%"
"2020-03-31","-0.0350","-0.0350","-0.0350","-0.0350","153.62%"
"2020-03-30","-0.0138","-0.0138","-0.0138","-0.0138","-21.14%"
"2020-03-27","-0.0175","-0.0175","-0.0175","-0.0175","-30.00%"
"2020-03-26","-0.0250","-0.0250","-0.0250","-0.0250","-496.83%"
"2020-03-25","0.0063","0.0063","0.0063","0.0063","-226.00%"
"2020-03-24","-0.0050","-0.0050","-0.0050","-0.0050","-66.67%"
"2020-03-23","-0.0150","-0.0150","-0.0150","-0.0150","-129.24%"
"2020-03-20","0.0513","0.0513","0.0513","0.0513","-6.73%"
"2020-03-19","0.0550","0.0550","0.0550","0.0550","10.00%"
"2020-03-18","0.0500","0.0500","0.0500","0.0500","-322.22%"
"2020-03-17","-0.0225","-0.0225","-0.0225","-0.0225","-35.71%"
"2020-03-16","-0.0350","-0.0350","-0.0350","-0.0350","-57.58%"
"2020-03-13","-0.0825","-0.0825","-0.0825","-0.0825","-25.88%"
"2020-03-12","-0.1113","-0.1113","-0.1113","-0.1113","-23.24%"
"2020-03-11","-0.1450","-0.1450","-0.1450","-0.1450","-1.69%"
"2020-03-10","-0.1475","-0.1475","-0.1475","-0.1475","-36.91%"
"2020-03-09","-0.2338","-0.2338","-0.2338","-0.2338","21.45%"
"2020-03-06","-0.1925","-0.1925","-0.1925","-0.1925","40.00%"
"2020-03-05","-0.1375","-0.1375","-0.1375","-0.1375","-1.79%"
"2020-03-04","-0.1400","-0.1400","-0.1400","-0.1400","23.02%"
"2020-03-03","-0.1138","-0.1138","-0.1138","-0.1138","-11.65%"
"2020-03-02","-0.1288","-0.1288","-0.1288","-0.1288","-14.87%"
"2020-02-28","-0.1513","-0.1513","-0.1513","-0.1513","35.94%"
"2020-02-27","-0.1113","-0.1113","-0.1113","-0.1113","34.91%"
"2020-02-26","-0.0825","-0.0825","-0.0825","-0.0825","-20.52%"
"2020-02-25","-0.1038","-0.1038","-0.1038","-0.1038","84.37%"
"2020-02-24","-0.0563","-0.0563","-0.0563","-0.0563","12.60%"
"2020-02-21","-0.0500","-0.0500","-0.0500","-0.0500","0.00%"
"2020-02-20","-0.0500","-0.0500","-0.0500","-0.0500","110.08%"
"2020-02-19","-0.0238","-0.0238","-0.0238","-0.0238","-40.50%"
"2020-02-18","-0.0400","-0.0400","-0.0400","-0.0400","1,500.00%"
"2020-02-17","-0.0025","-0.0025","-0.0025","-0.0025","-200.00%"
"2020-02-14","0.0025","0.0025","0.0025","0.0025","-50.00%"
"2020-02-13","0.0050","0.0050","0.0050","0.0050","-484.62%"
"2020-02-12","-0.0013","-0.0013","-0.0013","-0.0013","-94.54%"
"2020-02-11","-0.0238","-0.0238","-0.0238","-0.0238","5.78%"
"2020-02-10","-0.0225","-0.0225","-0.0225","-0.0225","155.68%"
"2020-02-07","-0.0088","-0.0088","-0.0088","-0.0088","-188.00%"
"2020-02-06","0.0100","0.0100","0.0100","0.0100","-20.00%"
"2020-02-05","0.0125","0.0125","0.0125","0.0125","-242.05%"
"2020-02-04","-0.0088","-0.0088","-0.0088","-0.0088","-73.96%"
"2020-02-03","-0.0338","-0.0338","-0.0338","-0.0338","4.00%"
"2020-01-31","-0.0325","-0.0325","-0.0325","-0.0325","99.39%"
"2020-01-30","-0.0163","-0.0163","-0.0163","-0.0163","-752.00%"
"2020-01-29","0.0025","0.0025","0.0025","0.0025","-75.00%"
"2020-01-28","0.0100","0.0100","0.0100","0.0100","-500.00%"
"2020-01-27","-0.0025","-0.0025","-0.0025","-0.0025","-112.50%"
"2020-01-24","0.0200","0.0200","0.0200","0.0200","14.29%"
"2020-01-23","0.0175","0.0175","0.0175","0.0175","-65.00%"
"2020-01-22","0.0500","0.0500","0.0500","0.0500","0.00%"
"2020-01-21","0.0500","0.0500","0.0500","0.0500","-18.43%"
"2020-01-20","0.0613","0.0613","0.0613","0.0613","8.88%"
"2020-01-17","0.0563","0.0563","0.0563","0.0563","-19.57%"
"2020-01-16","0.0700","0.0700","0.0700","0.0700","16.67%"
"2020-01-15","0.0600","0.0600","0.0600","0.0600","-5.96%"
"2020-01-14","0.0638","0.0638","0.0638","0.0638","13.32%"
"2020-01-13","0.0563","0.0563","0.0563","0.0563","-2.09%"
"2020-01-10","0.0575","0.0575","0.0575","0.0575","-9.87%"
"2020-01-09","0.0638","0.0638","0.0638","0.0638","8.50%"
"2020-01-08","0.0588","0.0588","0.0588","0.0588","12.00%"
"2020-01-07","0.0525","0.0525","0.0525","0.0525","0.00%"
"2020-01-06","0.0525","0.0525","0.0525","0.0525","7.58%"
"2020-01-03","0.0488","0.0488","0.0488","0.0488","0.00%"
"2020-01-02","0.0488","0.0488","0.0488","0.0488","0.00%"
"2020-01-01","0.0488","0.0488","0.0488","0.0488","0.00%"
"2019-12-31","0.0488","0.0488","0.0488","0.0488","-26.40%"
"2019-12-30","0.0663","0.0663","0.0663","0.0663","-3.63%"
"2019-12-27","0.0688","0.0688","0.0688","0.0688","-3.51%"
"2019-12-26","0.0713","0.0713","0.0713","0.0713","11.76%"
"2019-12-25","0.0638","0.0638","0.0638","0.0638","-29.11%"
"2019-12-24","0.0900","0.0900","0.0900","0.0900","30.81%"
"2019-12-23","0.0688","0.0688","0.0688","0.0688","-6.78%"
"2019-12-20","0.0738","0.0738","0.0738","0.0738","34.18%"
"2019-12-19","0.0550","0.0550","0.0550","0.0550","4.76%"
"2019-12-18","0.0525","0.0525","0.0525","0.0525","2.34%"
"2019-12-17","0.0513","0.0513","0.0513","0.0513","8.00%"
"2019-12-16","0.0475","0.0475","0.0475","0.0475","58.33%"
"2019-12-13","0.0300","0.0300","0.0300","0.0300","-48.98%"
"2019-12-12","0.0588","0.0588","0.0588","0.0588","73.96%"
"2019-12-11","0.0338","0.0338","0.0338","0.0338","-12.89%"
"2019-12-10","0.0388","0.0388","0.0388","0.0388","-16.20%"
"2019-12-09","0.0463","0.0463","0.0463","0.0463","-15.82%"
"2019-12-06","0.0550","0.0550","0.0550","0.0550","75.72%"
"2019-12-05","0.0313","0.0313","0.0313","0.0313","-19.33%"
"2019-12-04","0.0388","0.0388","0.0388","0.0388","-443.36%"
"2019-12-03","-0.0113","-0.0113","-0.0113","-0.0113","-136.10%"
"2019-12-02","0.0313","0.0313","0.0313","0.0313","396.83%"
"2019-11-29","0.0063","0.0063","0.0063","0.0063","-226.00%"
"2019-11-28","-0.0050","-0.0050","-0.0050","-0.0050","-66.67%"
"2019-11-27","-0.0150","-0.0150","-0.0150","-0.0150","50.00%"
"2019-11-26","-0.0100","-0.0100","-0.0100","-0.0100","163.16%"
"2019-11-25","-0.0038","-0.0038","-0.0038","-0.0038","192.31%"
"2019-11-22","-0.0013","-0.0013","-0.0013","-0.0013","-74.00%"
"2019-11-21","-0.0050","-0.0050","-0.0050","-0.0050","31.58%"
"2019-11-20","-0.0038","-0.0038","-0.0038","-0.0038","-176.00%"
"2019-11-19","0.0050","0.0050","0.0050","0.0050","-484.62%"
"2019-11-18","-0.0013","-0.0013","-0.0013","-0.0013","-111.50%"
"2019-11-15","0.0113","0.0113","0.0113","0.0113","-326.00%"
"2019-11-14","-0.0050","-0.0050","-0.0050","-0.0050","-122.22%"
"2019-11-13","0.0225","0.0225","0.0225","0.0225","-56.14%"
"2019-11-12","0.0513","0.0513","0.0513","0.0513","57.85%"
"2019-11-11","0.0325","0.0325","0.0325","0.0325","-21.31%"
"2019-11-08","0.0413","0.0413","0.0413","0.0413","-19.49%"
"2019-11-07","0.0513","0.0513","0.0513","0.0513","-414.72%"
"2019-11-06","-0.0163","-0.0163","-0.0163","-0.0163","-38.02%"
"2019-11-05","-0.0263","-0.0263","-0.0263","-0.0263","-63.72%"
"2019-11-04","-0.0725","-0.0725","-0.0725","-0.0725","3.57%"
"2019-11-01","-0.0700","-0.0700","-0.0700","-0.0700","12.00%"
"2019-10-31","-0.0625","-0.0625","-0.0625","-0.0625","99.68%"
"2019-10-30","-0.0313","-0.0313","-0.0313","-0.0313","4.33%"
"2019-10-29","-0.0300","-0.0300","-0.0300","-0.0300","0.00%"
"2019-10-28","-0.0300","-0.0300","-0.0300","-0.0300","-35.21%"
"2019-10-25","-0.0463","-0.0463","-0.0463","-0.0463","-21.26%"
"2019-10-24","-0.0588","-0.0588","-0.0588","-0.0588","-7.84%"
"2019-10-23","-0.0638","-0.0638","-0.0638","-0.0638","3.07%"
"2019-10-22","-0.0619","-0.0619","-0.0619","-0.0619","33.69%"
"2019-10-21","-0.0463","-0.0463","-0.0463","-0.0463","-19.48%"
"2019-10-18","-0.0575","-0.0575","-0.0575","-0.0575","-6.20%"
"2019-10-17","-0.0613","-0.0613","-0.0613","-0.0613","-1.92%"
"2019-10-16","-0.0625","-0.0625","-0.0625","-0.0625","8.70%"
"2019-10-15","-0.0575","-0.0575","-0.0575","-0.0575","-8.00%"
"2019-10-14","-0.0625","-0.0625","-0.0625","-0.0625","8.70%"
"2019-10-11","-0.0575","-0.0575","-0.0575","-0.0575","-30.30%"
"2019-10-10","-0.0825","-0.0825","-0.0825","-0.0825","-13.16%"
"2019-10-09","-0.0950","-0.0950","-0.0950","-0.0950","-19.15%"
"2019-10-08","-0.1175","-0.1175","-0.1175","-0.1175","0.00%"
"2019-10-07","-0.1175","-0.1175","-0.1175","-0.1175","9.30%"
"2019-10-04","-0.1075","-0.1075","-0.1075","-0.1075","-9.51%"
"2019-10-03","-0.1188","-0.1188","-0.1188","-0.1188","44.00%"
"2019-10-02","-0.0825","-0.0825","-0.0825","-0.0825","-4.29%"
"2019-10-01","-0.0862","-0.0862","-0.0862","-0.0862","-6.81%"
"2019-09-30","-0.0925","-0.0925","-0.0925","-0.0925","-18.72%"
"2019-09-27","-0.1138","-0.1138","-0.1138","-0.1138","-8.96%"
"2019-09-26","-0.1250","-0.1250","-0.1250","-0.1250","4.17%"
"2019-09-25","-0.1200","-0.1200","-0.1200","-0.1200","-5.88%"
"2019-09-24","-0.1275","-0.1275","-0.1275","-0.1275","7.32%"
"2019-09-23","-0.1188","-0.1188","-0.1188","-0.1188","13.14%"
"2019-09-20","-0.1050","-0.1050","-0.1050","-0.1050","13.51%"
"2019-09-19","-0.0925","-0.0925","-0.0925","-0.0925","27.59%"
"2019-09-18","-0.0725","-0.0725","-0.0725","-0.0725","75.54%"
"2019-09-17","-0.0413","-0.0413","-0.0413","-0.0413","265.49%"
"2019-09-16","-0.0113","-0.0113","-0.0113","-0.0113","0.00%"
"2019-09-13","-0.0113","-0.0113","-0.0113","-0.0113","-82.29%"
"2019-09-12","-0.0638","-0.0638","-0.0638","-0.0638","-14.93%"
"2019-09-11","-0.0750","-0.0750","-0.0750","-0.0750","-22.12%"
"2019-09-10","-0.0963","-0.0963","-0.0963","-0.0963","-11.49%"
"2019-09-09","-0.1088","-0.1088","-0.1088","-0.1088","-1.09%"
"2019-09-06","-0.1100","-0.1100","-0.1100","-0.1100","-6.38%"
"2019-09-05","-0.1175","-0.1175","-0.1175","-0.1175","-21.67%"
"2019-09-04","-0.1500","-0.1500","-0.1500","-0.1500","-5.54%"
"2019-09-03","-0.1588","-0.1588","-0.1588","-0.1588","5.87%"
"2019-09-02","-0.1500","-0.1500","-0.1500","-0.1500","14.24%"
"2019-08-30","-0.1313","-0.1313","-0.1313","-0.1313","-6.21%"
"2019-08-29","-0.1400","-0.1400","-0.1400","-0.1400","-6.67%"
"2019-08-28","-0.1500","-0.1500","-0.1500","-0.1500","-3.23%"
"2019-08-27","-0.1550","-0.1550","-0.1550","-0.1550","2.45%"
"2019-08-26","-0.1513","-0.1513","-0.1513","-0.1513","11.01%"
"2019-08-23","-0.1363","-0.1363","-0.1363","-0.1363","4.85%"
"2019-08-22","-0.1300","-0.1300","-0.1300","-0.1300","4.00%"
"2019-08-21","-0.1250","-0.1250","-0.1250","-0.1250","0.00%"
"2019-08-20","-0.1250","-0.1250","-0.1250","-0.1250","3.05%"
"2019-08-19","-0.1213","-0.1213","-0.1213","-0.1213","-0.98%"
"2019-08-16","-0.1225","-0.1225","-0.1225","-0.1225","-12.50%"
"2019-08-15","-0.1400","-0.1400","-0.1400","-0.1400","3.70%"
"2019-08-14","-0.1350","-0.1350","-0.1350","-0.1350","3.85%"
"2019-08-13","-0.1300","-0.1300","-0.1300","-0.1300","11.78%"
"2019-08-12","-0.1163","-0.1163","-0.1163","-0.1163","-3.08%"
"2019-08-09","-0.1200","-0.1200","-0.1200","-0.1200","20.00%"
"2019-08-08","-0.1000","-0.1000","-0.1000","-0.1000","-5.93%"
"2019-08-07","-0.1063","-0.1063","-0.1063","-0.1063","26.85%"
"2019-08-06","-0.0838","-0.0838","-0.0838","-0.0838","-15.18%"
"2019-08-05","-0.0988","-0.0988","-0.0988","-0.0988","38.76%"
"2019-08-02","-0.0712","-0.0712","-0.0712","-0.0712","58.22%"
"2019-08-01","-0.0450","-0.0450","-0.0450","-0.0450","-20.07%"
"2019-07-31","-0.0563","-0.0563","-0.0563","-0.0563","4.65%"
"2019-07-30","-0.0538","-0.0538","-0.0538","-0.0538","22.83%"
"2019-07-29","-0.0438","-0.0438","-0.0438","-0.0438","0.00%"
"2019-07-26","-0.0438","-0.0438","-0.0438","-0.0438","3.06%"
"2019-07-25","-0.0425","-0.0425","-0.0425","-0.0425","-8.21%"
"2019-07-24","-0.0463","-0.0463","-0.0463","-0.0463","2.89%"
"2019-07-23","-0.0450","-0.0450","-0.0450","-0.0450","-10.00%"
"2019-07-22","-0.0500","-0.0500","-0.0500","-0.0500","14.16%"
"2019-07-19","-0.0438","-0.0438","-0.0438","-0.0438","29.59%"
"2019-07-18","-0.0338","-0.0338","-0.0338","-0.0338","12.67%"
"2019-07-17","-0.0300","-0.0300","-0.0300","-0.0300","117.39%"
"2019-07-16","-0.0138","-0.0138","-0.0138","-0.0138","-55.91%"
"2019-07-15","-0.0313","-0.0313","-0.0313","-0.0313","19.01%"
"2019-07-12","-0.0263","-0.0263","-0.0263","-0.0263","-4.36%"
"2019-07-11","-0.0275","-0.0275","-0.0275","-0.0275","-24.24%"
"2019-07-10","-0.0363","-0.0363","-0.0363","-0.0363","-21.60%"
"2019-07-09","-0.0463","-0.0463","-0.0463","-0.0463","-5.12%"
"2019-07-08","-0.0488","-0.0488","-0.0488","-0.0488","-7.05%"
"2019-07-05","-0.0525","-0.0525","-0.0525","-0.0525","-14.36%"
"2019-07-04","-0.0613","-0.0613","-0.0613","-0.0613","4.25%"
"2019-07-03","-0.0588","-0.0588","-0.0588","-0.0588","30.67%"
"2019-07-02","-0.0450","-0.0450","-0.0450","-0.0450","5.88%"
"2019-07-01","-0.0425","-0.0425","-0.0425","-0.0425","-17.15%"
"2019-06-28","-0.0513","-0.0513","-0.0513","-0.0513","24.21%"
"2019-06-27","-0.0413","-0.0413","-0.0413","-0.0413","13.77%"
"2019-06-26","-0.0363","-0.0363","-0.0363","-0.0363","-36.87%"
"2019-06-25","-0.0575","-0.0575","-0.0575","-0.0575","2.13%"
"2019-06-24","-0.0563","-0.0563","-0.0563","-0.0563","7.24%"
"2019-06-21","-0.0525","-0.0525","-0.0525","-0.0525","-20.81%"
"2019-06-20","-0.0663","-0.0663","-0.0663","-0.0663","65.75%"
"2019-06-19","-0.0400","-0.0400","-0.0400","-0.0400","-8.68%"
"2019-06-18","-0.0438","-0.0438","-0.0438","-0.0438","75.20%"
"2019-06-17","-0.0250","-0.0250","-0.0250","-0.0250","-4.94%"
"2019-06-14","-0.0263","-0.0263","-0.0263","-0.0263","39.89%"
"2019-06-13","-0.0188","-0.0188","-0.0188","-0.0188","0.00%"
"2019-06-12","-0.0188","-0.0188","-0.0188","-0.0188","50.40%"
"2019-06-11","-0.0125","-0.0125","-0.0125","-0.0125","-41.31%"
"2019-06-10","-0.0213","-0.0213","-0.0213","-0.0213","-19.01%"
"2019-06-07","-0.0263","-0.0263","-0.0263","-0.0263","39.89%"
"2019-06-06","-0.0188","-0.0188","-0.0188","-0.0188","-24.80%"
"2019-06-05","-0.0250","-0.0250","-0.0250","-0.0250","-600.00%"
"2019-06-04","0.0050","0.0050","0.0050","0.0050","163.16%"
"2019-06-03","0.0019","0.0019","0.0019","0.0019","-84.80%"
"2019-05-31","0.0125","0.0125","0.0125","0.0125","-47.48%"
"2019-05-30","0.0238","0.0238","0.0238","0.0238","110.62%"
"2019-05-29","0.0113","0.0113","0.0113","0.0113","-43.50%"
"2019-05-28","0.0200","0.0200","0.0200","0.0200","-13.42%"
"2019-05-27","0.0231","0.0231","0.0231","0.0231","-19.79%"
"2019-05-24","0.0288","0.0288","0.0288","0.0288","-4.00%"
"2019-05-23","0.0300","0.0300","0.0300","0.0300","-25.00%"
"2019-05-22","0.0400","0.0400","0.0400","0.0400","-22.03%"
"2019-05-21","0.0513","0.0513","0.0513","0.0513","-4.65%"
"2019-05-20","0.0538","0.0538","0.0538","0.0538","22.83%"
"2019-05-17","0.0438","0.0438","0.0438","0.0438","9.50%"
"2019-05-16","0.0400","0.0400","0.0400","0.0400","-13.61%"
"2019-05-15","0.0463","0.0463","0.0463","0.0463","-7.40%"
"2019-05-14","0.0500","0.0500","0.0500","0.0500","7.99%"
"2019-05-13","0.0463","0.0463","0.0463","0.0463","-5.12%"
"2019-05-10","0.0488","0.0488","0.0488","0.0488","-2.40%"
"2019-05-09","0.0500","0.0500","0.0500","0.0500","-2.53%"
"2019-05-08","0.0513","0.0513","0.0513","0.0513","14.00%"
"2019-05-07","0.0450","0.0450","0.0450","0.0450","-12.28%"
"2019-05-06","0.0513","0.0513","0.0513","0.0513","0.00%"
"2019-05-03","0.0513","0.0513","0.0513","0.0513","0.00%"
"2019-05-02","0.0513","0.0513","0.0513","0.0513","0.00%"
"2019-05-01","0.0513","0.0513","0.0513","0.0513","0.00%"
"2019-04-30","0.0513","0.0513","0.0513","0.0513","0.00%"
"2019-04-29","0.0513","0.0513","0.0513","0.0513","0.00%"
"2019-04-26","0.0513","0.0513","0.0513","0.0513","-22.62%"
"2019-04-25","0.0663","0.0663","0.0663","0.0663","15.30%"
"2019-04-24","0.0575","0.0575","0.0575","0.0575","-11.54%"
"2019-04-23","0.0650","0.0650","0.0650","0.0650","-14.81%"
"2019-04-22","0.0763","0.0763","0.0763","0.0763","1.73%"
"2019-04-19","0.0750","0.0750","0.0750","0.0750","7.14%"
"2019-04-18","0.0700","0.0700","0.0700","0.0700","-15.15%"
"2019-04-17","0.0825","0.0825","0.0825","0.0825","4.70%"
"2019-04-16","0.0788","0.0788","0.0788","0.0788","3.28%"
"2019-04-15","0.0763","0.0763","0.0763","0.0763","9.00%"
"2019-04-12","0.0700","0.0700","0.0700","0.0700","51.19%"
"2019-04-11","0.0463","0.0463","0.0463","0.0463","15.75%"
"2019-04-10","0.0400","0.0400","0.0400","0.0400","-3.15%"
"2019-04-09","0.0413","0.0413","0.0413","0.0413","-15.37%"
"2019-04-08","0.0488","0.0488","0.0488","0.0488","-9.29%"
"2019-04-05","0.0538","0.0538","0.0538","0.0538","10.25%"
"2019-04-04","0.0488","0.0488","0.0488","0.0488","30.13%"
"2019-04-03","0.0375","0.0375","0.0375","0.0375","25.00%"
"2019-04-02","0.0300","0.0300","0.0300","0.0300","9.09%"
"2019-04-01","0.0275","0.0275","0.0275","0.0275","0.00%"
"2019-03-29","0.0275","0.0275","0.0275","0.0275","22.22%"
"2019-03-28","0.0225","0.0225","0.0225","0.0225","-10.00%"
"2019-03-27","0.0250","0.0250","0.0250","0.0250","-26.04%"
"2019-03-26","0.0338","0.0338","0.0338","0.0338","107.36%"
"2019-03-25","0.0163","0.0163","0.0163","0.0163","-13.30%"
"2019-03-22","0.0188","0.0188","0.0188","0.0188","-49.87%"
"2019-03-21","0.0375","0.0375","0.0375","0.0375","-19.01%"
"2019-03-20","0.0463","0.0463","0.0463","0.0463","5.71%"
"2019-03-19","0.0438","0.0438","0.0438","0.0438","-5.40%"
"2019-03-18","0.0463","0.0463","0.0463","0.0463","8.94%"
"2019-03-15","0.0425","0.0425","0.0425","0.0425","-10.53%"
"2019-03-14","0.0475","0.0475","0.0475","0.0475","0.00%"
"2019-03-13","0.0475","0.0475","0.0475","0.0475","-11.71%"
"2019-03-12","0.0538","0.0538","0.0538","0.0538","-4.44%"
"2019-03-11","0.0563","0.0563","0.0563","0.0563","4.65%"
"2019-03-08","0.0538","0.0538","0.0538","0.0538","-6.43%"
"2019-03-07","0.0575","0.0575","0.0575","0.0575","-17.86%"
"2019-03-06","0.0700","0.0700","0.0700","0.0700","-20.00%"
"2019-03-05","0.0875","0.0875","0.0875","0.0875","6.06%"
"2019-03-04","0.0825","0.0825","0.0825","0.0825","-1.55%"
"2019-03-01","0.0838","0.0838","0.0838","0.0838","4.75%"
"2019-02-28","0.0800","0.0800","0.0800","0.0800","23.08%"
"2019-02-27","0.0650","0.0650","0.0650","0.0650","15.45%"
"2019-02-26","0.0563","0.0563","0.0563","0.0563","-4.25%"
"2019-02-25","0.0588","0.0588","0.0588","0.0588","23.79%"
"2019-02-22","0.0475","0.0475","0.0475","0.0475","-13.64%"
"2019-02-21","0.0550","0.0550","0.0550","0.0550","4.76%"
"2019-02-20","0.0525","0.0525","0.0525","0.0525","0.00%"
"2019-02-19","0.0525","0.0525","0.0525","0.0525","-17.71%"
"2019-02-18","0.0638","0.0638","0.0638","0.0638","4.08%"
"2019-02-15","0.0613","0.0613","0.0613","0.0613","2.17%"
"2019-02-14","0.0600","0.0600","0.0600","0.0600","-17.24%"
"2019-02-13","0.0725","0.0725","0.0725","0.0725","9.35%"
"2019-02-12","0.0663","0.0663","0.0663","0.0663","32.60%"
"2019-02-11","0.0500","0.0500","0.0500","0.0500","0.00%"
"2019-02-08","0.0500","0.0500","0.0500","0.0500","-21.63%"
"2019-02-07","0.0638","0.0638","0.0638","0.0638","10.96%"
"2019-02-06","0.0575","0.0575","0.0575","0.0575","-2.21%"
"2019-02-05","0.0588","0.0588","0.0588","0.0588","0.00%"
"2019-02-04","0.0588","0.0588","0.0588","0.0588","2.26%"
"2019-02-01","0.0575","0.0575","0.0575","0.0575","0.00%"
"2019-01-31","0.0575","0.0575","0.0575","0.0575","-20.69%"
"2019-01-30","0.0725","0.0725","0.0725","0.0725","5.38%"
"2019-01-29","0.0688","0.0688","0.0688","0.0688","12.23%"
"2019-01-28","0.0613","0.0613","0.0613","0.0613","-7.54%"
"2019-01-25","0.0663","0.0663","0.0663","0.0663","-3.63%"
"2019-01-24","0.0688","0.0688","0.0688","0.0688","-6.78%"
"2019-01-23","0.0738","0.0738","0.0738","0.0738","-4.77%"
"2019-01-22","0.0775","0.0775","0.0775","0.0775","-3.12%"
"2019-01-21","0.0800","0.0800","0.0800","0.0800","-5.88%"
"2019-01-18","0.0850","0.0850","0.0850","0.0850","11.40%"
"2019-01-17","0.0763","0.0763","0.0763","0.0763","-4.62%"
"2019-01-16","0.0800","0.0800","0.0800","0.0800","-5.88%"
"2019-01-15","0.0850","0.0850","0.0850","0.0850","-1.39%"
"2019-01-14","0.0862","0.0862","0.0862","0.0862","0.00%"
"2019-01-11","0.0862","0.0862","0.0862","0.0862","-5.59%"
"2019-01-10","0.0913","0.0913","0.0913","0.0913","-12.04%"
"2019-01-09","0.1038","0.1038","0.1038","0.1038","6.46%"
"2019-01-08","0.0975","0.0975","0.0975","0.0975","13.11%"
"2019-01-07","0.0862","0.0862","0.0862","0.0862","-1.49%"
"2019-01-04","0.0875","0.0875","0.0875","0.0875","6.06%"
"2019-01-03","0.0825","0.0825","0.0825","0.0825","0.00%"
"2019-01-02","0.0825","0.0825","0.0825","0.0825","-8.33%"
"2019-01-01","0.0900","0.0900","0.0900","0.0900","0.00%"
"2018-12-31","0.0900","0.0900","0.0900","0.0900","7.40%"
"2018-12-28","0.0838","0.0838","0.0838","0.0838","-11.79%"
"2018-12-27","0.0950","0.0950","0.0950","0.0950","-5.00%"
"2018-12-26","0.1000","0.1000","0.1000","0.1000","21.21%"
"2018-12-25","0.0825","0.0825","0.0825","0.0825","-20.52%"
"2018-12-24","0.1038","0.1038","0.1038","0.1038","-2.35%"
"2018-12-21","0.1063","0.1063","0.1063","0.1063","23.32%"
"2018-12-20","0.0862","0.0862","0.0862","0.0862","-8.10%"
"2018-12-19","0.0938","0.0938","0.0938","0.0938","-5.06%"
"2018-12-18","0.0988","0.0988","0.0988","0.0988","-14.09%"
"2018-12-17","0.1150","0.1150","0.1150","0.1150","8.18%"
"2018-12-14","0.1063","0.1063","0.1063","0.1063","-16.63%"
"2018-12-13","0.1275","0.1275","0.1275","0.1275","-1.01%"
"2018-12-12","0.1288","0.1288","0.1288","0.1288","9.62%"
"2018-12-11","0.1175","0.1175","0.1175","0.1175","15.99%"
"2018-12-10","0.1013","0.1013","0.1013","0.1013","-15.58%"
"2018-12-07","0.1200","0.1200","0.1200","0.1200","-1.07%"
"2018-12-06","0.1213","0.1213","0.1213","0.1213","-10.15%"
"2018-12-05","0.1350","0.1350","0.1350","0.1350","1.89%"
"2018-12-04","0.1325","0.1325","0.1325","0.1325","-11.67%"
"2018-12-03","0.1500","0.1500","0.1500","0.1500","-4.03%"
"2018-11-30","0.1563","0.1563","0.1563","0.1563","5.97%"
"2018-11-29","0.1475","0.1475","0.1475","0.1475","-19.75%"
"2018-11-28","0.1838","0.1838","0.1838","0.1838","5.81%"
"2018-11-27","0.1737","0.1737","0.1737","0.1737","-2.14%"
"2018-11-26","0.1775","0.1775","0.1775","0.1775","-4.05%"
"2018-11-23","0.1850","0.1850","0.1850","0.1850","0.00%"
"2018-11-22","0.1850","0.1850","0.1850","0.1850","2.04%"
"2018-11-21","0.1813","0.1813","0.1813","0.1813","-2.00%"
"2018-11-20","0.1850","0.1850","0.1850","0.1850","4.23%"
"2018-11-19","0.1775","0.1775","0.1775","0.1775","-6.58%"
"2018-11-16","0.1900","0.1900","0.1900","0.1900","0.64%"
"2018-11-15","0.1888","0.1888","0.1888","0.1888","-6.77%"
"2018-11-14","0.2025","0.2025","0.2025","0.2025","-3.02%"
"2018-11-13","0.2088","0.2088","0.2088","0.2088","0.00%"
"2018-11-12","0.2088","0.2088","0.2088","0.2088","-1.74%"
"2018-11-09","0.2125","0.2125","0.2125","0.2125","-3.41%"
"2018-11-08","0.2200","0.2200","0.2200","0.2200","0.55%"
"2018-11-07","0.2188","0.2188","0.2188","0.2188","-1.13%"
"2018-11-06","0.2213","0.2213","0.2213","0.2213","2.31%"
"2018-11-05","0.2163","0.2163","0.2163","0.2163","-3.35%"
"2018-11-02","0.2238","0.2238","0.2238","0.2238","2.29%"
"2018-11-01","0.2188","0.2188","0.2188","0.2188","-4.87%"
"2018-10-31","0.2300","0.2300","0.2300","0.2300","4.55%"
"2018-10-30","0.2200","0.2200","0.2200","0.2200","2.90%"
"2018-10-29","0.2138","0.2138","0.2138","0.2138","1.18%"
"2018-10-26","0.2113","0.2113","0.2113","0.2113","-8.13%"
"2018-10-25","0.2300","0.2300","0.2300","0.2300","-1.08%"
"2018-10-24","0.2325","0.2325","0.2325","0.2325","-5.60%"
"2018-10-23","0.2463","0.2463","0.2463","0.2463","-4.35%"
"2018-10-22","0.2575","0.2575","0.2575","0.2575","0.98%"
"2018-10-19","0.2550","0.2550","0.2550","0.2550","-1.92%"
"2018-10-18","0.2600","0.2600","0.2600","0.2600","1.44%"
"2018-10-17","0.2563","0.2563","0.2563","0.2563","-1.91%"
"2018-10-16","0.2613","0.2613","0.2613","0.2613","4.02%"
"2018-10-15","0.2512","0.2512","0.2512","0.2512","-1.99%"
"2018-10-12","0.2563","0.2563","0.2563","0.2563","-0.47%"
"2018-10-11","0.2575","0.2575","0.2575","0.2575","-4.20%"
"2018-10-10","0.2688","0.2688","0.2688","0.2688","0.00%"
"2018-10-09","0.2688","0.2688","0.2688","0.2688","-0.44%"
"2018-10-08","0.2700","0.2700","0.2700","0.2700","0.00%"
"2018-10-05","0.2700","0.2700","0.2700","0.2700","-1.39%"
"2018-10-04","0.2738","0.2738","0.2738","0.2738","7.37%"
"2018-10-03","0.2550","0.2550","0.2550","0.2550","0.51%"
"2018-10-02","0.2537","0.2537","0.2537","0.2537","-3.83%"
"2018-10-01","0.2638","0.2638","0.2638","0.2638","2.93%"
"2018-09-28","0.2563","0.2563","0.2563","0.2563","3.01%"
"2018-09-27","0.2488","0.2488","0.2488","0.2488","-3.38%"
"2018-09-26","0.2575","0.2575","0.2575","0.2575","-1.90%"
"2018-09-25","0.2625","0.2625","0.2625","0.2625","2.94%"
"2018-09-24","0.2550","0.2550","0.2550","0.2550","-0.97%"
"2018-09-21","0.2575","0.2575","0.2575","0.2575","4.04%"
"2018-09-20","0.2475","0.2475","0.2475","0.2475","-2.94%"
"2018-09-19","0.2550","0.2550","0.2550","0.2550","1.51%"
"2018-09-18","0.2512","0.2512","0.2512","0.2512","1.49%"
"2018-09-17","0.2475","0.2475","0.2475","0.2475","2.06%"
"2018-09-14","0.2425","0.2425","0.2425","0.2425","4.30%"
"2018-09-13","0.2325","0.2325","0.2325","0.2325","0.52%"
"2018-09-12","0.2313","0.2313","0.2313","0.2313","-1.07%"
"2018-09-11","0.2338","0.2338","0.2338","0.2338","0.00%"
"2018-09-10","0.2338","0.2338","0.2338","0.2338","-0.51%"
"2018-09-07","0.2350","0.2350","0.2350","0.2350","3.84%"
"2018-09-06","0.2263","0.2263","0.2263","0.2263","-4.72%"
"2018-09-05","0.2375","0.2375","0.2375","0.2375","-3.57%"
"2018-09-04","0.2463","0.2463","0.2463","0.2463","1.03%"
"2018-09-03","0.2438","0.2438","0.2438","0.2438","3.17%"
"2018-08-31","0.2363","0.2363","0.2363","0.2363","2.16%"
"2018-08-30","0.2313","0.2313","0.2313","0.2313","1.09%"
"2018-08-29","0.2288","0.2288","0.2288","0.2288","1.10%"
"2018-08-28","0.2263","0.2263","0.2263","0.2263","6.49%"
"2018-08-27","0.2125","0.2125","0.2125","0.2125","-5.05%"
"2018-08-24","0.2238","0.2238","0.2238","0.2238","0.00%"
"2018-08-23","0.2238","0.2238","0.2238","0.2238","-2.70%"
"2018-08-22","0.2300","0.2300","0.2300","0.2300","0.00%"
"2018-08-21","0.2300","0.2300","0.2300","0.2300","2.77%"
"2018-08-20","0.2238","0.2238","0.2238","0.2238","-2.19%"
"2018-08-17","0.2288","0.2288","0.2288","0.2288","-3.17%"
"2018-08-16","0.2363","0.2363","0.2363","0.2363","2.74%"
"2018-08-15","0.2300","0.2300","0.2300","0.2300","-4.68%"
"2018-08-14","0.2413","0.2413","0.2413","0.2413","4.91%"
"2018-08-13","0.2300","0.2300","0.2300","0.2300","0.52%"
"2018-08-10","0.2288","0.2288","0.2288","0.2288","-6.61%"
"2018-08-09","0.2450","0.2450","0.2450","0.2450","-0.53%"
"2018-08-08","0.2463","0.2463","0.2463","0.2463","-0.48%"
"2018-08-07","0.2475","0.2475","0.2475","0.2475","5.86%"
"2018-08-06","0.2338","0.2338","0.2338","0.2338","-1.56%"
"2018-08-03","0.2375","0.2375","0.2375","0.2375","-6.86%"
"2018-08-02","0.2550","0.2550","0.2550","0.2550","-4.67%"
"2018-08-01","0.2675","0.2675","0.2675","0.2675","27.38%"
"2018-07-31","0.2100","0.2100","0.2100","0.2100","-9.68%"
"2018-07-30","0.2325","0.2325","0.2325","0.2325","4.49%"
"2018-07-27","0.2225","0.2225","0.2225","0.2225","4.71%"
"2018-07-26","0.2125","0.2125","0.2125","0.2125","6.25%"
"2018-07-25","0.2000","0.2000","0.2000","0.2000","-2.44%"
"2018-07-24","0.2050","0.2050","0.2050","0.2050","-4.65%"
"2018-07-23","0.2150","0.2150","0.2150","0.2150","19.44%"
"2018-07-20","0.1800","0.1800","0.1800","0.1800","6.64%"
"2018-07-19","0.1688","0.1688","0.1688","0.1688","-3.54%"
"2018-07-18","0.1750","0.1750","0.1750","0.1750","7.69%"
"2018-07-17","0.1625","0.1625","0.1625","0.1625","-6.45%"
"2018-07-16","0.1737","0.1737","0.1737","0.1737","1.40%"
"2018-07-13","0.1713","0.1713","0.1713","0.1713","1.48%"
"2018-07-12","0.1688","0.1688","0.1688","0.1688","-1.46%"
"2018-07-11","0.1713","0.1713","0.1713","0.1713","1.48%"
"2018-07-10","0.1688","0.1688","0.1688","0.1688","8.48%"
"2018-07-09","0.1556","0.1556","0.1556","0.1556","-4.25%"
"2018-07-06","0.1625","0.1625","0.1625","0.1625","-2.29%"
"2018-07-05","0.1663","0.1663","0.1663","0.1663","-1.48%"
"2018-07-04","0.1688","0.1688","0.1688","0.1688","-0.71%"
"2018-07-03","0.1700","0.1700","0.1700","0.1700","1.49%"
"2018-07-02","0.1675","0.1675","0.1675","0.1675","-4.29%"
"2018-06-29","0.1750","0.1750","0.1750","0.1750","0.00%"
"2018-06-28","0.1750","0.1750","0.1750","0.1750","-0.74%"
"2018-06-27","0.1763","0.1763","0.1763","0.1763","0.00%"
"2018-06-26","0.1763","0.1763","0.1763","0.1763","1.50%"
"2018-06-25","0.1737","0.1737","0.1737","0.1737","-2.14%"
"2018-06-22","0.1775","0.1775","0.1775","0.1775","-0.73%"
"2018-06-21","0.1788","0.1788","0.1788","0.1788","0.00%"
"2018-06-20","0.1788","0.1788","0.1788","0.1788","0.73%"
"2018-06-19","0.1775","0.1775","0.1775","0.1775","-4.05%"
"2018-06-18","0.1850","0.1850","0.1850","0.1850","2.04%"
"2018-06-15","0.1813","0.1813","0.1813","0.1813","-3.97%"
"2018-06-14","0.1888","0.1888","0.1888","0.1888","-1.31%"
"2018-06-13","0.1913","0.1913","0.1913","0.1913","-2.55%"
"2018-06-12","0.1963","0.1963","0.1963","0.1963","1.29%"
"2018-06-11","0.1938","0.1938","0.1938","0.1938","2.65%"
"2018-06-08","0.1888","0.1888","0.1888","0.1888","-1.92%"
"2018-06-07","0.1925","0.1925","0.1925","0.1925","-1.94%"
"2018-06-06","0.1963","0.1963","0.1963","0.1963","3.97%"
"2018-06-05","0.1888","0.1888","0.1888","0.1888","-1.92%"