"日付","終値","始値","高値","安値","変化率 %"
"2026-02-18","1.900","1.879","1.906","1.839","0.00%"
"2026-02-17","1.900","1.932","1.950","1.887","-2.91%"
"2026-02-16","1.957","1.939","1.984","1.943","0.10%"
"2026-02-13","1.955","1.938","2.001","1.948","-0.05%"
"2026-02-12","1.956","1.958","2.014","1.948","-2.00%"
"2026-02-11","1.996","1.945","1.996","1.960","0.30%"
"2026-02-10","1.990","2.004","2.029","1.968","-1.49%"
"2026-02-09","2.020","1.983","2.061","1.986","1.61%"
"2026-02-06","1.988","1.949","2.015","1.912","1.48%"
"2026-02-05","1.959","1.961","2.005","1.956","-1.26%"
"2026-02-04","1.984","1.978","2.022","1.975","-0.40%"
"2026-02-03","1.992","1.961","2.027","1.964","0.35%"
"2026-02-02","1.985","1.968","2.014","1.954","0.71%"
"2026-01-30","1.971","1.975","2.005","1.960","-0.76%"
"2026-01-29","1.986","1.982","2.026","1.979","-0.50%"
"2026-01-28","1.996","2.006","2.045","1.973","-1.19%"
"2026-01-27","2.020","1.968","2.053","1.981","1.92%"
"2026-01-26","1.982","1.991","2.022","1.954","-0.65%"
"2026-01-23","1.995","1.961","2.025","1.963","1.22%"
"2026-01-22","1.971","2.011","2.029","1.965","-2.43%"
"2026-01-21","2.020","2.051","2.077","2.005","-2.18%"
"2026-01-20","2.065","1.994","2.117","2.003","2.84%"
"2026-01-19","2.008","1.942","2.042","1.943","3.08%"
"2026-01-16","1.948","1.923","1.972","1.929","0.62%"
"2026-01-15","1.936","1.907","1.960","1.906","1.04%"
"2026-01-14","1.916","1.929","1.972","1.914","-1.44%"
"2026-01-13","1.944","1.857","1.975","1.876","1.36%"
"2026-01-12","1.918","1.915","1.947","1.890","0.79%"
"2026-01-09","1.903","1.835","1.947","1.855","1.98%"
"2026-01-08","1.866","1.867","1.894","1.850","-1.27%"
"2026-01-07","1.890","1.891","1.932","1.884","-0.89%"
"2026-01-06","1.907","1.878","1.942","1.881","0.63%"
"2026-01-05","1.895","1.847","1.936","1.854","0.96%"
"2026-01-02","1.877","1.877","1.877","1.877","0.00%"
"2026-01-01","1.877","1.877","1.877","1.877","0.00%"
"2025-12-31","1.877","1.877","1.877","1.877","0.00%"
"2025-12-30","1.877","1.809","1.882","1.823","2.68%"
"2025-12-29","1.828","1.798","1.858","1.818","0.11%"
"2025-12-26","1.826","1.812","1.838","1.821","-0.27%"
"2025-12-25","1.831","1.786","1.837","1.792","1.78%"
"2025-12-24","1.799","1.793","1.854","1.793","-0.39%"
"2025-12-23","1.806","1.828","1.868","1.796","-2.06%"
"2025-12-22","1.844","1.804","1.892","1.805","1.88%"
"2025-12-19","1.810","1.752","1.834","1.756","2.49%"
"2025-12-18","1.766","1.746","1.792","1.752","-0.11%"
"2025-12-17","1.768","1.738","1.800","1.747","0.63%"
"2025-12-16","1.757","1.736","1.782","1.740","-1.40%"
"2025-12-15","1.782","1.736","1.791","1.726","2.30%"
"2025-12-12","1.742","1.699","1.766","1.711","1.16%"
"2025-12-11","1.722","1.712","1.750","1.703","-0.35%"
"2025-12-10","1.728","1.730","1.761","1.723","-0.35%"
"2025-12-09","1.734","1.741","1.772","1.725","-1.20%"
"2025-12-08","1.755","1.735","1.791","1.735","0.57%"
"2025-12-05","1.745","1.707","1.768","1.714","1.28%"
"2025-12-04","1.723","1.668","1.756","1.681","2.19%"
"2025-12-03","1.686","1.658","1.716","1.666","1.08%"
"2025-12-02","1.668","1.640","1.695","1.651","0.42%"
"2025-12-01","1.661","1.603","1.692","1.604","3.10%"
"2025-11-28","1.611","1.575","1.631","1.586","1.19%"
"2025-11-27","1.592","1.571","1.614","1.580","0.00%"
"2025-11-26","1.592","1.568","1.621","1.582","0.06%"
"2025-11-25","1.591","1.547","1.610","1.555","1.73%"
"2025-11-24","1.564","1.537","1.567","1.563","-0.19%"
"2025-11-21","1.567","1.578","1.599","1.557","-1.69%"
"2025-11-20","1.594","1.555","1.629","1.554","1.72%"
"2025-11-19","1.567","1.513","1.582","1.530","1.16%"
"2025-11-18","1.549","1.518","1.562","1.525","1.18%"
"2025-11-17","1.531","1.492","1.554","1.512","1.12%"
"2025-11-14","1.514","1.499","1.541","1.494","0.33%"
"2025-11-13","1.509","1.483","1.533","1.492","0.27%"
"2025-11-12","1.505","1.486","1.527","1.493","0.40%"
"2025-11-11","1.499","1.506","1.533","1.499","-1.32%"
"2025-11-10","1.519","1.483","1.547","1.498","1.47%"
"2025-11-07","1.497","1.476","1.520","1.481","1.08%"
"2025-11-06","1.481","1.476","1.521","1.477","-0.80%"
"2025-11-05","1.493","1.473","1.506","1.465","0.40%"
"2025-11-04","1.487","1.459","1.514","1.474","0.20%"
"2025-11-03","1.484","1.460","1.496","1.479","0.13%"
"2025-10-31","1.482","1.452","1.497","1.457","1.09%"
"2025-10-30","1.466","1.458","1.498","1.458","-1.48%"
"2025-10-29","1.488","1.437","1.498","1.450","2.20%"
"2025-10-28","1.456","1.465","1.492","1.444","-1.29%"
"2025-10-27","1.475","1.458","1.508","1.470","0.27%"
"2025-10-24","1.471","1.463","1.497","1.461","-0.07%"
"2025-10-23","1.472","1.433","1.496","1.445","1.66%"
"2025-10-22","1.448","1.454","1.485","1.442","-1.36%"
"2025-10-21","1.468","1.460","1.491","1.451","-0.61%"
"2025-10-20","1.477","1.426","1.497","1.432","2.07%"
"2025-10-17","1.447","1.427","1.460","1.410","0.84%"
"2025-10-16","1.435","1.416","1.471","1.431","-0.14%"
"2025-10-15","1.437","1.413","1.456","1.422","1.34%"
"2025-10-14","1.418","1.447","1.467","1.417","-1.39%"
"2025-10-13","1.438","1.438","1.470","1.438","-0.14%"
"2025-10-10","1.440","1.489","1.519","1.436","-3.61%"
"2025-10-09","1.494","1.482","1.522","1.480","-0.27%"
"2025-10-08","1.498","1.488","1.523","1.488","-0.07%"
"2025-10-07","1.499","1.494","1.523","1.485","-0.79%"
"2025-10-06","1.511","1.484","1.530","1.461","0.80%"
"2025-10-03","1.499","1.487","1.517","1.487","-0.07%"
"2025-10-02","1.500","1.483","1.528","1.477","0.13%"
"2025-10-01","1.498","1.469","1.526","1.476","0.74%"
"2025-09-30","1.487","1.458","1.510","1.457","0.95%"
"2025-09-29","1.473","1.454","1.498","1.452","1.10%"
"2025-09-26","1.457","1.455","1.495","1.454","-0.95%"
"2025-09-25","1.471","1.450","1.496","1.454","0.34%"
"2025-09-24","1.466","1.443","1.478","1.443","0.69%"
"2025-09-23","1.456","1.443","1.458","1.456","-0.07%"
"2025-09-22","1.457","1.422","1.479","1.433","1.53%"
"2025-09-19","1.435","1.380","1.466","1.400","1.20%"
"2025-09-18","1.418","1.388","1.439","1.391","1.29%"
"2025-09-17","1.400","1.390","1.422","1.389","-0.14%"
"2025-09-16","1.402","1.385","1.431","1.382","0.21%"
"2025-09-15","1.399","1.384","1.415","1.399","0.29%"
"2025-09-12","1.395","1.358","1.415","1.373","1.53%"
"2025-09-11","1.374","1.343","1.399","1.356","1.03%"
"2025-09-10","1.360","1.358","1.388","1.353","-1.38%"
"2025-09-09","1.379","1.335","1.401","1.339","1.40%"
"2025-09-08","1.360","1.338","1.387","1.348","-0.58%"
"2025-09-05","1.368","1.372","1.396","1.359","-1.16%"
"2025-09-04","1.384","1.409","1.425","1.376","-3.08%"
"2025-09-03","1.428","1.406","1.451","1.413","0.28%"
"2025-09-02","1.424","1.399","1.446","1.396","0.14%"
"2025-09-01","1.422","1.383","1.448","1.392","0.57%"
"2025-08-29","1.414","1.393","1.422","1.410","-0.70%"
"2025-08-28","1.424","1.400","1.433","1.422","-0.49%"
"2025-08-27","1.431","1.408","1.440","1.431","-0.56%"
"2025-08-26","1.439","1.384","1.446","1.414","1.84%"
"2025-08-25","1.413","1.384","1.414","1.413","-0.07%"
"2025-08-22","1.414","1.379","1.415","1.404","0.71%"
"2025-08-21","1.404","1.360","1.406","1.390","1.08%"
"2025-08-20","1.389","1.360","1.405","1.389","0.00%"
"2025-08-19","1.389","1.343","1.396","1.373","1.31%"
"2025-08-18","1.371","1.339","1.371","1.361","0.15%"
"2025-08-15","1.369","1.326","1.369","1.356","1.03%"
"2025-08-14","1.355","1.268","1.355","1.297","4.55%"
"2025-08-13","1.296","1.278","1.313","1.296","-0.77%"
"2025-08-12","1.306","1.263","1.309","1.289","1.16%"
"2025-08-11","1.291","1.261","1.291","1.291","0.00%"
"2025-08-08","1.291","1.244","1.291","1.274","1.41%"
"2025-08-07","1.273","1.259","1.289","1.270","-1.32%"
"2025-08-06","1.290","1.238","1.293","1.268","1.90%"
"2025-08-05","1.266","1.248","1.278","1.254","-1.02%"
"2025-08-04","1.279","1.254","1.290","1.268","-0.39%"
"2025-08-01","1.284","1.314","1.344","1.281","-4.54%"
"2025-07-31","1.345","1.326","1.356","1.335","-0.96%"
"2025-07-30","1.358","1.315","1.358","1.345","1.04%"
"2025-07-29","1.344","1.318","1.356","1.344","2.10%"
"2025-07-28","1.316","1.346","1.316","1.310","2.73%"
"2025-07-11","1.281","1.254","1.283","1.281","1.99%"
"2025-07-10","1.256","1.256","1.256","1.250","-0.10%"
"2025-07-09","1.258","1.242","1.259","1.237","1.10%"
"2025-07-08","1.244","1.225","1.244","1.225","2.47%"
"2025-07-07","1.214","1.190","1.216","1.190","2.00%"
"2025-07-04","1.190","1.212","1.212","1.188","-2.06%"
"2025-07-03","1.215","1.197","1.215","1.196","1.56%"
"2025-07-02","1.196","1.179","1.196","1.179","1.60%"
"2025-07-01","1.178","1.183","1.181","1.169","-0.32%"
"2025-06-30","1.181","1.186","1.192","1.181","-0.42%"
"2025-06-27","1.186","1.170","1.186","1.170","1.29%"
"2025-06-26","1.171","1.158","1.171","1.158","1.29%"
"2025-06-25","1.156","1.169","1.169","1.143","-1.17%"
"2025-06-24","1.170","1.166","1.173","1.161","0.21%"
"2025-06-23","1.168","1.161","1.171","1.161","0.54%"
"2025-06-20","1.161","1.158","1.165","1.148","0.42%"
"2025-06-19","1.156","1.171","1.171","1.156","-1.38%"
"2025-06-18","1.173","1.200","1.207","1.173","-2.19%"
"2025-06-17","1.199","1.200","1.226","1.191","0.11%"
"2025-06-16","1.197","1.194","1.221","1.194","0.31%"
"2025-06-13","1.194","1.188","1.194","1.159","-0.10%"
"2025-06-12","1.195","1.214","1.217","1.195","-1.44%"
"2025-06-11","1.212","1.222","1.222","1.211","-0.92%"
"2025-06-10","1.224","1.217","1.230","1.217","0.61%"
"2025-06-09","1.216","1.209","1.226","1.209","0.62%"
"2025-06-06","1.209","1.209","1.209","1.194","-0.10%"
"2025-06-05","1.210","1.235","1.234","1.200","-2.13%"
"2025-06-04","1.236","1.219","1.244","1.220","1.54%"
"2025-06-03","1.217","1.227","1.227","1.210","-0.92%"
"2025-06-02","1.229","1.214","1.231","1.214","1.24%"
"2025-05-30","1.214","1.206","1.214","1.204","0.73%"
"2025-05-29","1.205","1.224","1.234","1.205","-1.63%"
"2025-05-28","1.225","1.185","1.232","1.186","3.48%"
"2025-05-27","1.184","1.214","1.214","1.165","-2.57%"
"2025-05-26","1.215","1.215","1.215","1.215","0.00%"
"2025-05-23","1.215","1.270","3.346","1.214","-4.43%"
"2025-05-22","1.271","1.246","1.280","1.247","2.11%"
"2025-05-21","1.245","1.240","1.245","1.225","0.30%"
"2025-05-20","1.241","1.216","1.241","1.217","2.16%"
"2025-05-19","1.215","1.204","1.224","1.202","0.93%"
"2025-05-16","1.204","1.197","1.204","1.180","0.42%"
"2025-05-15","1.199","1.212","1.216","1.199","-1.24%"
"2025-05-14","1.214","1.185","1.214","1.181","2.53%"
"2025-05-13","1.184","1.160","1.189","1.160","2.16%"
"2025-05-12","1.159","1.087","1.175","1.087","6.56%"
"2025-05-09","1.087","1.059","1.094","1.059","2.84%"
"2025-05-08","1.058","1.039","1.069","1.039","1.93%"
"2025-05-07","1.038","1.014","1.043","1.015","2.47%"
"2025-05-05","1.013","1.013","1.013","1.013","0.00%"
"2025-05-02","1.013","0.994","1.013","0.994","1.76%"
"2025-05-01","0.995","1.015","1.015","0.984","-2.10%"
"2025-04-30","1.016","1.046","1.046","1.016","-2.98%"
"2025-04-28","1.048","1.079","1.077","1.036","-2.90%"
"2025-04-25","1.079","1.038","1.080","1.038","4.23%"
"2025-04-24","1.035","1.066","1.066","1.025","-2.82%"
"2025-04-23","1.065","1.015","1.067","1.015","4.79%"
"2025-04-22","1.016","1.015","1.020","1.014","0.25%"
"2025-04-21","1.014","1.014","1.014","1.014","-0.12%"
"2025-04-17","1.015","0.981","1.021","0.981","3.57%"
"2025-04-16","0.980","1.085","1.082","0.964","-9.68%"
"2025-04-15","1.085","1.033","1.090","1.034","4.83%"
"2025-04-14","1.035","0.996","1.043","0.996","4.28%"
"2025-04-11","0.993","1.036","1.036","0.955","-4.11%"
"2025-04-10","1.035","0.936","1.064","0.938","10.70%"
"2025-04-09","0.935","1.023","1.023","0.934","-8.78%"
"2025-04-08","1.025","0.905","1.072","0.905","12.95%"
"2025-04-07","0.908","0.946","0.946","0.856","-3.85%"
"2025-04-04","0.944","1.130","1.130","0.901","-16.29%"
"2025-04-03","1.128","1.270","1.270","1.120","-11.31%"
"2025-04-02","1.271","1.288","1.293","1.264","-1.36%"
"2025-04-01","1.289","1.289","1.299","1.281","0.20%"
"2025-03-31","1.286","1.334","1.334","1.278","-3.57%"
"2025-03-28","1.334","1.364","1.364","1.330","-2.38%"
"2025-03-27","1.366","1.380","1.380","1.359","-1.09%"
"2025-03-26","1.381","1.372","1.383","1.371","0.82%"
"2025-03-25","1.370","1.356","1.376","1.357","1.11%"
"2025-03-24","1.355","1.319","1.355","1.319","2.74%"
"2025-03-21","1.319","1.342","1.342","1.319","-1.68%"
"2025-03-19","1.341","1.320","1.342","1.314","1.51%"
"2025-03-18","1.321","1.305","1.322","1.305","1.15%"
"2025-03-17","1.306","1.309","1.309","1.303","-0.19%"
"2025-03-14","1.309","1.329","1.329","1.301","-1.59%"
"2025-03-13","1.330","1.304","1.341","1.304","2.31%"
"2025-03-12","1.300","1.310","1.310","1.290","-1.14%"
"2025-03-11","1.315","1.330","1.330","1.296","-1.31%"
"2025-03-10","1.332","1.293","1.347","1.293","3.09%"
"2025-03-07","1.293","1.314","1.314","1.293","-1.81%"
"2025-03-06","1.316","1.305","1.336","1.305","0.96%"
"2025-03-05","1.304","1.251","1.304","1.251","4.30%"
"2025-03-04","1.250","1.270","1.270","1.250","-1.68%"
"2025-03-03","1.271","1.229","1.285","1.230","3.46%"
"2025-02-28","1.229","1.256","1.256","1.220","-2.09%"
"2025-02-27","1.255","1.215","1.268","1.217","3.18%"
"2025-02-26","1.216","1.201","1.226","1.202","1.36%"
"2025-02-25","1.200","1.246","1.246","1.200","-3.81%"
"2025-02-24","1.247","1.247","1.247","1.247","0.00%"
"2025-02-21","1.247","1.303","1.303","1.247","-4.32%"
"2025-02-20","1.304","1.310","1.310","1.286","-0.57%"
"2025-02-19","1.311","1.303","1.320","1.298","0.58%"
"2025-02-18","1.304","1.283","1.308","1.283","1.76%"
"2025-02-17","1.281","1.258","1.281","1.258","1.89%"
"2025-02-14","1.258","1.235","1.259","1.236","1.93%"
"2025-02-13","1.234","1.259","1.259","1.234","-2.09%"
"2025-02-12","1.260","1.201","1.260","1.206","5.11%"
"2025-02-11","1.199","1.199","1.199","1.199","0.00%"
"2025-02-10","1.199","1.210","1.210","1.199","-0.93%"
"2025-02-07","1.210","1.185","1.210","1.185","2.21%"
"2025-02-06","1.184","1.174","1.184","1.168","0.75%"
"2025-02-05","1.175","1.174","1.180","1.169","0.21%"
"2025-02-04","1.173","1.138","1.183","1.138","3.30%"
"2025-02-03","1.135","1.144","1.144","1.130","-0.77%"
"2025-01-31","1.144","1.120","1.145","1.139","2.35%"
"2025-01-30","1.117","1.105","1.125","1.105","1.24%"
"2025-01-29","1.104","1.112","1.111","1.100","-1.00%"
"2025-01-28","1.115","1.109","1.119","1.106","0.45%"
"2025-01-27","1.110","1.140","1.140","1.092","-2.63%"
"2025-01-24","1.140","1.125","1.146","1.125","1.44%"
"2025-01-23","1.124","1.104","1.124","1.104","1.93%"
"2025-01-22","1.102","1.097","1.112","1.097","0.57%"
"2025-01-21","1.096","1.095","1.101","1.095","0.23%"
"2025-01-20","1.094","1.101","1.102","1.094","-0.68%"
"2025-01-17","1.101","1.110","1.110","1.097","-0.90%"
"2025-01-16","1.111","1.122","1.121","1.100","-1.11%"
"2025-01-15","1.124","1.135","1.151","1.124","-0.88%"
"2025-01-14","1.134","1.133","1.139","1.129","0.22%"
"2025-01-13","1.131","1.131","1.131","1.131","0.00%"
"2025-01-10","1.131","1.090","1.131","1.090","4.03%"
"2025-01-09","1.087","1.107","1.105","1.087","-1.91%"
"2025-01-08","1.109","1.082","1.117","1.082","2.30%"
"2025-01-07","1.084","1.077","1.084","1.077","0.70%"
"2025-01-06","1.076","1.035","1.085","1.035","3.99%"
"2025-01-03","1.035","1.035","1.035","1.035","0.00%"
"2025-01-02","1.035","1.035","1.035","1.035","0.00%"
"2025-01-01","1.035","1.035","1.035","1.035","0.00%"
"2024-12-31","1.035","1.035","1.035","1.035","0.00%"
"2024-12-30","1.035","1.056","1.056","1.035","-2.02%"
"2024-12-27","1.056","1.011","1.056","1.018","4.19%"
"2024-12-26","1.014","1.014","1.014","1.014","0.00%"
"2024-12-25","1.014","1.014","1.014","1.014","0.00%"
"2024-12-24","1.014","1.006","1.014","1.006","1.00%"
"2024-12-23","1.004","0.989","1.004","0.990","1.52%"
"2024-12-20","0.989","1.008","1.008","0.989","-2.22%"
"2024-12-19","1.011","1.015","1.015","0.993","-0.49%"
"2024-12-18","1.016","1.021","1.020","1.014","-0.61%"
"2024-12-17","1.023","1.020","1.031","1.020","0.36%"
"2024-12-16","1.019","0.998","1.019","0.998","2.14%"
"2024-12-13","0.998","0.995","0.998","0.990","0.00%"
"2024-12-12","0.998","1.013","1.013","0.996","-1.61%"
"2024-12-11","1.014","1.019","1.020","1.014","-0.36%"
"2024-12-10","1.018","1.005","1.018","1.005","1.36%"
"2024-12-09","1.004","0.995","1.004","0.991","0.88%"
"2024-12-06","0.995","1.023","1.023","0.995","-3.05%"
"2024-12-05","1.026","1.008","1.028","1.008","1.99%"
"2024-12-04","1.006","1.018","1.018","1.006","-1.23%"
"2024-12-03","1.019","1.040","1.040","1.015","-2.16%"
"2024-12-02","1.041","1.014","1.044","1.014","2.71%"
"2024-11-29","1.014","1.019","1.018","1.014","-0.61%"
"2024-11-28","1.020","1.025","1.028","1.020","-0.61%"
"2024-11-27","1.026","1.036","1.044","1.026","-0.84%"
"2024-11-26","1.035","1.029","1.036","1.028","0.49%"
"2024-11-25","1.030","1.031","1.038","1.030","-0.13%"
"2024-11-22","1.031","1.048","1.048","1.031","-1.67%"
"2024-11-21","1.049","1.041","1.055","1.039","0.96%"
"2024-11-20","1.039","1.013","1.040","1.014","2.72%"
"2024-11-19","1.011","1.041","1.041","1.011","-2.99%"
"2024-11-18","1.043","1.043","1.044","1.035","0.00%"
"2024-11-15","1.043","1.025","1.043","1.026","1.83%"
"2024-11-14","1.024","1.008","1.024","1.009","1.87%"
"2024-11-13","1.005","0.988","1.011","0.988","1.90%"
"2024-11-12","0.986","0.971","0.986","0.971","1.81%"
"2024-11-11","0.969","0.959","0.969","0.959","1.04%"
"2024-11-08","0.959","0.959","0.971","0.959","0.14%"
"2024-11-07","0.957","0.959","0.969","0.957","0.00%"
"2024-11-06","0.957","0.904","0.957","0.904","6.39%"
"2024-11-05","0.900","0.914","0.914","0.892","-1.64%"
"2024-11-04","0.915","0.915","0.915","0.915","0.00%"
"2024-11-01","0.915","0.929","0.929","0.909","-1.61%"
"2024-10-31","0.930","0.929","0.931","0.923","0.27%"
"2024-10-30","0.928","0.954","0.944","0.925","-2.88%"
"2024-10-29","0.955","0.938","0.956","0.938","2.00%"
"2024-10-28","0.936","0.909","0.936","0.935","3.03%"
"2024-10-25","0.909","0.919","0.919","0.904","-1.22%"
"2024-10-24","0.920","0.947","0.946","0.918","-3.04%"
"2024-10-23","0.949","0.947","0.950","0.942","0.80%"
"2024-10-22","0.941","0.945","0.951","0.938","-0.13%"
"2024-10-21","0.942","0.950","0.950","0.930","-0.79%"
"2024-10-18","0.950","0.944","0.961","0.944","0.92%"
"2024-10-17","0.941","0.906","0.941","0.906","4.01%"
"2024-10-16","0.905","0.918","0.918","0.905","-1.23%"
"2024-10-15","0.916","0.908","0.928","0.908","1.10%"
"2024-10-14","0.906","0.906","0.906","0.906","0.00%"
"2024-10-11","0.906","0.906","0.906","0.901","-0.13%"
"2024-10-10","0.908","0.882","0.919","0.882","2.97%"
"2024-10-09","0.881","0.882","0.882","0.880","0.00%"
"2024-10-08","0.881","0.885","0.884","0.871","-0.56%"
"2024-10-07","0.886","0.863","0.892","0.868","2.76%"
"2024-10-04","0.863","0.827","0.863","0.827","4.38%"
"2024-10-03","0.826","0.819","0.826","0.814","0.77%"
"2024-10-02","0.820","0.825","0.824","0.811","-0.76%"
"2024-10-01","0.826","0.850","0.849","0.825","-2.94%"
"2024-09-30","0.851","0.856","0.856","0.845","-0.58%"
"2024-09-27","0.856","0.815","0.858","0.790","4.90%"
"2024-09-26","0.816","0.821","0.824","0.816","-1.21%"
"2024-09-25","0.826","0.825","0.826","0.821","0.30%"
"2024-09-24","0.824","0.850","0.850","0.820","-3.23%"
"2024-09-23","0.851","0.851","0.851","0.851","0.00%"
"2024-09-20","0.851","0.859","0.863","0.842","-0.58%"
"2024-09-19","0.856","0.839","0.864","0.839","2.24%"
"2024-09-18","0.837","0.834","0.837","0.829","0.30%"
"2024-09-17","0.835","0.858","0.858","0.827","-2.77%"
"2024-09-16","0.859","0.859","0.859","0.859","0.00%"
"2024-09-13","0.859","0.859","0.860","0.846","-0.43%"
"2024-09-12","0.863","0.844","0.863","0.844","1.77%"
"2024-09-11","0.848","0.864","0.864","0.839","-2.02%"
"2024-09-10","0.865","0.863","0.875","0.863","0.43%"
"2024-09-09","0.861","0.827","0.868","0.861","4.40%"
"2024-09-06","0.825","0.827","0.840","0.822","-2.08%"
"2024-09-05","0.842","0.846","0.846","0.837","-0.59%"
"2024-09-04","0.848","0.882","0.880","0.848","-4.11%"
"2024-09-03","0.884","0.887","0.899","0.884","-0.28%"
"2024-09-02","0.886","0.877","0.886","0.877","1.00%"
"2024-08-30","0.877","0.835","0.877","0.839","1.15%"
"2024-08-29","0.868","0.835","0.870","0.834","-0.44%"
"2024-08-28","0.871","0.871","0.875","0.829","1.31%"
"2024-08-27","0.860","0.827","0.860","0.825","4.88%"
"2024-08-26","0.820","0.820","0.851","0.811","-3.68%"
"2024-08-23","0.851","0.854","0.866","0.826","-0.43%"
"2024-08-22","0.855","0.854","0.855","0.799","2.24%"
"2024-08-21","0.836","0.837","0.853","0.801","-2.76%"
"2024-08-20","0.860","0.834","0.866","0.820","-0.58%"
"2024-08-19","0.865","0.827","0.865","0.816","4.05%"
"2024-08-16","0.831","0.771","0.836","0.805","-0.14%"
"2024-08-15","0.832","0.771","0.832","0.749","7.59%"
"2024-08-14","0.774","0.750","0.790","0.743","-2.21%"
"2024-08-13","0.791","0.793","0.810","0.767","-2.31%"
"2024-08-12","0.810","0.811","0.811","0.788","0.00%"
"2024-08-09","0.810","0.791","0.846","0.795","-4.71%"
"2024-08-08","0.850","0.791","0.860","0.789","-1.31%"
"2024-08-07","0.861","0.831","0.870","0.766","3.30%"
"2024-08-06","0.834","0.806","0.859","0.803","4.23%"
"2024-08-05","0.800","0.745","0.854","0.711","-6.30%"
"2024-08-02","0.854","0.947","0.955","0.854","-10.72%"
"2024-08-01","0.956","0.947","0.985","0.910","-3.04%"
"2024-07-31","0.986","0.954","0.993","0.913","5.77%"
"2024-07-30","0.933","0.891","0.955","0.891","0.13%"
"2024-07-29","0.931","0.930","0.949","0.892","-1.84%"
"2024-07-26","0.949","0.929","0.965","0.918","-1.81%"
"2024-07-25","0.966","0.929","0.981","0.923","-1.65%"
"2024-07-24","0.983","0.946","0.983","0.938","1.29%"
"2024-07-23","0.970","0.939","0.978","0.935","-0.90%"
"2024-07-22","0.979","0.949","0.979","0.928","1.17%"
"2024-07-19","0.967","0.935","0.967","0.923","-0.26%"
"2024-07-18","0.970","0.935","0.971","0.931","0.64%"
"2024-07-17","0.964","0.965","0.967","0.901","0.78%"
"2024-07-16","0.956","0.915","0.981","0.906","-2.67%"
"2024-07-15","0.983","0.947","0.983","0.944","0.00%"
"2024-07-12","0.983","0.980","0.991","0.938","-1.01%"
"2024-07-11","0.993","0.980","1.019","0.960","-2.70%"
"2024-07-10","1.020","0.980","1.021","0.979","-0.24%"
"2024-07-09","1.023","0.986","1.023","0.864","0.00%"
"2024-07-08","1.023","0.991","1.028","0.981","1.11%"
"2024-07-05","1.011","0.990","1.024","0.969","-1.34%"
"2024-07-04","1.025","0.990","1.034","0.986","-0.49%"
"2024-07-03","1.030","1.031","1.053","0.985","-2.37%"
"2024-07-02","1.055","1.054","1.058","1.004","1.07%"
"2024-07-01","1.044","1.004","1.044","0.996","2.71%"
"2024-06-28","1.016","0.993","1.016","0.979","0.25%"
"2024-06-27","1.014","0.993","1.020","0.980","2.01%"
"2024-06-26","0.994","0.993","0.995","0.936","3.25%"
"2024-06-25","0.962","0.935","0.962","0.929","0.79%"
"2024-06-24","0.955","0.929","0.955","0.926","2.00%"
"2024-06-21","0.936","0.905","0.944","0.913","0.81%"
"2024-06-20","0.929","0.905","0.931","0.895","1.51%"
"2024-06-19","0.915","0.889","0.931","0.889","-1.61%"
"2024-06-18","0.930","0.906","0.930","0.895","0.94%"
"2024-06-17","0.921","0.887","0.921","0.884","0.27%"
"2024-06-14","0.919","0.973","0.970","0.885","-5.41%"
"2024-06-13","0.971","0.973","0.973","0.915","0.91%"
"2024-06-12","0.962","0.955","1.011","0.942","-4.94%"
"2024-06-11","1.013","0.984","1.025","0.973","-1.34%"
"2024-06-10","1.026","0.999","1.031","0.980","1.87%"
"2024-06-07","1.008","0.971","1.008","0.929","3.87%"
"2024-06-06","0.970","0.971","0.986","0.920","-2.02%"
"2024-06-05","0.990","0.970","1.006","0.951","-1.25%"
"2024-06-04","1.003","0.975","1.051","0.967","-4.87%"
"2024-06-03","1.054","1.019","1.065","1.004","-1.05%"
"2024-05-31","1.065","1.021","1.070","1.020","1.06%"
"2024-05-30","1.054","1.021","1.066","1.013","-1.28%"
"2024-05-29","1.067","1.031","1.071","1.020","3.76%"
"2024-05-28","1.029","0.994","1.034","0.985","4.06%"
"2024-05-27","0.989","0.989","1.009","0.973","-1.99%"
"2024-05-24","1.009","0.998","1.011","0.966","1.00%"
"2024-05-23","0.999","0.998","1.005","0.957","-0.62%"
"2024-05-22","1.005","1.006","1.009","0.956","2.15%"
"2024-05-21","0.984","0.956","0.994","0.954","-0.88%"
"2024-05-20","0.993","0.954","0.993","0.947","1.53%"
"2024-05-17","0.978","0.956","0.978","0.925","2.09%"
"2024-05-16","0.957","0.956","0.978","0.908","-2.18%"
"2024-05-15","0.979","0.944","0.993","0.929","-1.51%"
"2024-05-14","0.994","0.959","0.999","0.954","1.41%"
"2024-05-13","0.980","0.945","0.985","0.919","2.62%"
"2024-05-10","0.955","0.923","0.961","0.911","-0.52%"
"2024-05-09","0.960","0.923","0.962","0.913","1.99%"
"2024-05-08","0.941","0.895","0.941","0.864","3.72%"
"2024-05-07","0.908","0.876","0.947","0.871","-4.35%"
"2024-05-06","0.949","0.908","0.949","0.885","0.00%"
"2024-05-03","0.949","0.949","0.949","0.949","0.00%"
"2024-05-02","0.949","0.905","0.951","0.892","0.80%"
"2024-05-01","0.941","0.905","0.949","0.886","-1.05%"
"2024-04-30","0.951","0.950","0.954","0.884","-0.13%"
"2024-04-29","0.952","0.955","0.955","0.896","0.00%"
"2024-04-26","0.952","0.928","0.988","0.904","-3.67%"
"2024-04-25","0.989","0.928","0.989","0.913","1.94%"
"2024-04-24","0.970","0.971","0.971","0.910","1.57%"
"2024-04-23","0.955","0.954","0.969","0.905","0.39%"
"2024-04-22","0.951","0.914","0.964","0.890","2.98%"
"2024-04-19","0.924","0.925","0.942","0.860","-2.12%"
"2024-04-18","0.944","0.894","0.952","0.891","-1.05%"
"2024-04-17","0.954","0.915","0.970","0.909","-1.16%"
"2024-04-16","0.965","0.964","0.966","0.896","1.71%"
"2024-04-15","0.949","0.894","0.949","0.885","1.88%"
"2024-04-12","0.931","0.950","0.947","0.882","-2.10%"
"2024-04-11","0.951","0.950","0.961","0.877","6.59%"
"2024-04-10","0.892","0.840","0.892","0.837","2.14%"
"2024-04-09","0.874","0.836","0.880","0.822","0.44%"
"2024-04-08","0.870","0.830","0.871","0.820","2.05%"
"2024-04-05","0.853","0.854","0.854","0.806","0.44%"
"2024-04-04","0.849","0.814","0.858","0.808","-0.29%"
"2024-04-03","0.851","0.808","0.851","0.801","0.29%"
"2024-04-02","0.849","0.805","0.855","0.784","7.28%"
"2024-04-01","0.791","0.791","0.819","0.790","0.79%"
"2024-03-29","0.785","0.775","0.785","0.766","-4.13%"
"2024-03-28","0.819","0.775","0.825","0.767","-0.91%"
"2024-03-27","0.826","0.791","0.845","0.790","-2.07%"
"2024-03-26","0.844","0.799","0.851","0.799","-1.02%"
"2024-03-25","0.853","0.806","0.853","0.800","0.73%"
"2024-03-22","0.846","0.815","0.861","0.816","-1.02%"
"2024-03-21","0.855","0.815","0.855","0.800","3.16%"
"2024-03-20","0.829","0.795","0.800","0.790","0.00%"
"2024-03-19","0.829","0.798","0.834","0.775","0.30%"
"2024-03-18","0.826","0.798","0.856","0.671","0.32%"
"2024-03-17","0.824","0.858","0.858","0.817","-3.94%"
"2024-03-15","0.858","0.819","0.868","0.814","-1.44%"
"2024-03-14","0.870","0.819","0.871","0.814","1.75%"
"2024-03-13","0.855","0.811","0.855","0.804","0.29%"
"2024-03-12","0.853","0.817","0.859","0.814","-0.87%"
"2024-03-11","0.860","0.827","0.864","0.820","4.72%"
"2024-03-10","0.821","0.850","0.850","0.803","-3.39%"
"2024-03-09","0.850","0.850","0.850","0.850","0.00%"
"2024-03-08","0.850","0.809","0.850","0.799","0.14%"
"2024-03-07","0.849","0.809","0.849","0.776","5.44%"
"2024-03-06","0.805","0.780","0.813","0.770","-1.08%"
"2024-03-05","0.814","0.789","0.841","0.783","-3.41%"
"2024-03-04","0.842","0.808","0.844","0.794","5.97%"
"2024-03-03","0.795","0.842","0.842","0.795","-5.92%"
"2024-03-01","0.845","0.842","0.848","0.809","-0.59%"
"2024-02-29","0.850","0.820","0.863","0.798","5.59%"
"2024-02-28","0.805","0.805","0.845","0.800","-4.60%"
"2024-02-27","0.844","0.804","0.844","0.801","0.90%"
"2024-02-26","0.836","0.794","0.869","0.794","1.84%"
"2024-02-25","0.821","0.869","0.869","0.821","-1.06%"
"2024-02-23","0.830","0.830","0.830","0.830","0.00%"
"2024-02-22","0.830","0.835","0.874","0.817","-5.14%"
"2024-02-21","0.875","0.835","0.881","0.835","-0.85%"
"2024-02-20","0.882","0.849","0.887","0.846","-0.71%"
"2024-02-19","0.889","0.851","0.902","0.851","3.20%"
"2024-02-18","0.861","0.902","0.902","0.859","-4.58%"
"2024-02-16","0.902","0.850","0.910","0.848","1.69%"
"2024-02-15","0.887","0.850","0.913","0.842","-3.01%"
"2024-02-14","0.915","0.881","0.919","0.861","-0.41%"
"2024-02-13","0.919","0.854","0.926","0.850","2.80%"
"2024-02-12","0.894","0.859","0.894","0.856","0.00%"
"2024-02-11","0.894","0.894","0.894","0.894","0.00%"
"2024-02-09","0.894","0.841","0.895","0.845","1.13%"
"2024-02-08","0.884","0.841","0.885","0.834","-0.28%"
"2024-02-07","0.886","0.853","0.894","0.837","-0.14%"
"2024-02-06","0.887","0.855","0.904","0.844","-1.93%"
"2024-02-05","0.905","0.860","0.905","0.849","6.32%"
"2024-02-04","0.851","0.885","0.885","0.805","-3.82%"
"2024-02-03","0.885","0.885","0.885","0.885","0.00%"
"2024-02-02","0.885","0.819","0.885","0.798","3.65%"
"2024-02-01","0.854","0.819","0.889","0.809","-4.07%"
"2024-01-31","0.890","0.860","0.904","0.858","0.00%"
"2024-01-30","0.890","0.844","0.890","0.840","0.42%"
"2024-01-29","0.886","0.846","0.894","0.839","0.72%"
"2024-01-28","0.880","0.880","0.880","0.837","0.00%"
"2024-01-27","0.880","0.880","0.880","0.880","0.00%"
"2024-01-26","0.880","0.881","0.914","0.835","-3.83%"
"2024-01-25","0.915","0.881","0.919","0.840","2.66%"
"2024-01-24","0.891","0.849","0.891","0.844","4.25%"
"2024-01-23","0.855","0.817","0.859","0.761","4.59%"
"2024-01-22","0.817","0.784","0.837","0.769","2.83%"
"2024-01-21","0.795","0.837","0.837","0.795","-5.07%"
"2024-01-20","0.837","0.837","0.837","0.837","0.00%"
"2024-01-19","0.837","0.775","0.840","0.775","3.08%"
"2024-01-18","0.813","0.775","0.819","0.743","6.56%"
"2024-01-17","0.762","0.724","0.769","0.724","1.49%"
"2024-01-16","0.751","0.719","0.752","0.701","4.35%"
"2024-01-15","0.720","0.731","0.731","0.679","3.79%"
"2024-01-14","0.694","0.731","0.731","0.694","-5.14%"
"2024-01-12","0.731","0.710","0.757","0.700","-3.31%"
"2024-01-11","0.756","0.750","0.772","0.709","-2.58%"
"2024-01-10","0.776","0.740","0.784","0.729","-0.32%"
"2024-01-09","0.779","0.759","0.788","0.738","-1.26%"
"2024-01-08","0.789","0.789","0.789","0.759","0.00%"
"2024-01-05","0.789","0.789","0.789","0.789","-1.57%"
"2024-01-04","0.801","0.801","0.801","0.801","-2.58%"
"2024-01-03","0.822","0.822","0.822","0.822","0.00%"
"2024-01-02","0.822","0.822","0.822","0.822","0.00%"
"2024-01-01","0.822","0.822","0.822","0.822","0.00%"
"2023-12-31","0.822","0.822","0.822","0.822","0.00%"
"2023-12-29","0.822","0.757","0.824","0.774","3.13%"
"2023-12-28","0.798","0.757","0.800","0.751","-0.47%"
"2023-12-27","0.801","0.766","0.816","0.756","1.43%"
"2023-12-26","0.790","0.790","0.793","0.779","2.11%"
"2023-12-25","0.774","0.774","0.817","0.752","-0.32%"
"2023-12-24","0.776","0.817","0.817","0.776","-5.05%"
"2023-12-22","0.817","0.754","0.821","0.770","2.99%"
"2023-12-21","0.794","0.754","0.794","0.730","4.61%"
"2023-12-20","0.759","0.714","0.775","0.709","-2.72%"
"2023-12-19","0.780","0.749","0.842","0.728","-9.96%"
"2023-12-18","0.866","0.817","0.879","0.817","2.22%"
"2023-12-17","0.848","0.879","0.879","0.836","-3.56%"
"2023-12-15","0.879","0.801","0.895","0.831","3.09%"
"2023-12-14","0.853","0.801","0.882","0.776","-3.54%"
"2023-12-13","0.884","0.844","0.911","0.788","-3.15%"
"2023-12-12","0.913","0.864","0.960","0.848","-5.19%"
"2023-12-11","0.962","0.920","0.999","0.916","-0.52%"
"2023-12-10","0.967","0.999","0.999","0.934","-3.13%"
"2023-12-08","0.999","0.916","1.001","0.925","4.04%"
"2023-12-07","0.960","0.916","0.981","0.810","15.83%"
"2023-12-06","0.829","0.784","0.856","0.774","-3.63%"
"2023-12-05","0.860","0.821","0.906","0.794","-5.23%"
"2023-12-04","0.908","0.849","0.909","0.819","9.84%"
"2023-12-03","0.826","0.909","0.909","0.826","-9.09%"
"2023-12-01","0.909","0.835","0.923","0.858","1.11%"
"2023-11-30","0.899","0.835","0.899","0.781","3.61%"
"2023-11-29","0.868","0.825","0.954","0.821","-9.64%"
"2023-11-28","0.960","0.908","0.962","0.885","-0.39%"
"2023-11-27","0.964","0.920","0.976","0.902","4.34%"
"2023-11-26","0.924","0.976","0.976","0.923","-5.39%"
"2023-11-24","0.976","0.868","0.983","0.873","5.68%"
"2023-11-23","0.924","0.868","0.876","0.868","0.00%"
"2023-11-22","0.924","0.837","0.925","0.836","4.38%"
"2023-11-21","0.885","0.837","0.920","0.821","-4.84%"
"2023-11-20","0.930","0.876","0.935","0.859","5.24%"
"2023-11-19","0.884","0.918","0.918","0.856","-3.68%"
"2023-11-18","0.918","0.918","0.918","0.918","0.00%"
"2023-11-17","0.918","0.911","0.952","0.848","-4.18%"
"2023-11-16","0.957","0.911","0.976","0.886","-1.79%"
"2023-11-15","0.975","0.911","1.000","0.889","-2.63%"
"2023-11-14","1.001","0.971","1.063","0.923","-6.10%"
"2023-11-13","1.066","1.005","1.067","0.989","7.98%"
"2023-11-12","0.988","1.038","1.038","0.978","-4.82%"
"2023-11-11","1.038","1.038","1.038","1.038","0.00%"
"2023-11-10","1.038","0.954","1.044","0.973","1.97%"
"2023-11-09","1.018","0.954","1.019","0.946","-0.25%"
"2023-11-08","1.020","0.965","1.059","0.947","-3.77%"
"2023-11-07","1.060","0.996","1.063","0.988","4.95%"
"2023-11-06","1.010","0.990","1.091","0.976","-0.25%"
"2023-11-05","1.013","1.091","1.091","0.999","-7.22%"
"2023-11-04","1.091","1.091","1.091","1.091","3.80%"
"2023-11-03","1.051","1.051","1.051","1.051","-3.67%"
"2023-11-02","1.091","1.079","1.131","1.026","-3.42%"
"2023-11-01","1.130","1.079","1.146","1.054","1.00%"
"2023-10-31","1.119","1.055","1.143","1.026","6.42%"
"2023-10-30","1.051","1.033","1.134","1.020","3.20%"
"2023-10-29","1.019","1.081","1.081","1.011","-2.05%"
"2023-10-28","1.040","1.040","1.040","1.040","-3.82%"
"2023-10-27","1.081","1.015","1.084","1.008","4.53%"
"2023-10-26","1.034","1.015","1.084","1.008","2.36%"
"2023-10-25","1.011","0.990","1.059","0.981","-3.40%"
"2023-10-24","1.046","1.002","1.055","0.962","-1.07%"
"2023-10-23","1.058","1.001","1.064","0.983","6.82%"
"2023-10-22","0.990","1.026","1.026","0.970","-3.54%"
"2023-10-20","1.026","1.003","1.044","0.959","-1.79%"
"2023-10-19","1.045","1.003","1.046","0.951","4.24%"
"2023-10-18","1.003","1.004","1.004","0.935","1.52%"
"2023-10-17","0.988","0.918","0.988","0.882","4.91%"
"2023-10-16","0.941","0.876","0.941","0.868","5.84%"
"2023-10-15","0.889","0.925","0.925","0.864","-1.18%"
"2023-10-14","0.900","0.900","0.900","0.900","-2.70%"
"2023-10-13","0.925","0.894","0.939","0.873","4.74%"
"2023-10-12","0.883","0.860","0.934","0.858","-5.30%"
"2023-10-11","0.933","0.902","0.971","0.861","-4.24%"
"2023-10-10","0.974","0.904","0.995","0.880","-2.26%"
"2023-10-09","0.996","0.996","0.996","0.905","0.00%"
"2023-10-08","0.996","0.996","0.996","0.996","4.53%"
"2023-10-07","0.953","0.953","0.953","0.953","-4.34%"
"2023-10-06","0.996","0.962","1.008","0.929","-1.36%"
"2023-10-05","1.010","0.939","1.016","0.933","4.33%"
"2023-10-04","0.968","0.929","1.026","0.929","3.88%"
"2023-10-03","0.932","0.924","0.980","0.897","-0.73%"
"2023-10-02","0.939","0.904","0.984","0.904","1.83%"
"2023-10-01","0.922","0.949","0.949","0.891","-2.84%"
"2023-09-30","0.949","0.949","0.949","0.949","0.00%"
"2023-09-29","0.949","0.875","0.955","0.874","4.91%"
"2023-09-28","0.904","0.861","0.956","0.861","3.80%"
"2023-09-27","0.871","0.841","0.913","0.839","1.16%"
"2023-09-26","0.861","0.845","0.905","0.840","-3.90%"
"2023-09-25","0.896","0.839","0.896","0.821","7.02%"
"2023-09-24","0.837","0.892","0.892","0.836","-2.12%"
"2023-09-23","0.856","0.856","0.856","0.856","-4.13%"
"2023-09-22","0.892","0.848","0.969","0.829","2.73%"
"2023-09-21","0.869","0.864","0.913","0.839","2.06%"
"2023-09-20","0.851","0.831","0.891","0.827","-4.49%"
"2023-09-19","0.891","0.846","0.891","0.825","5.55%"
"2023-09-18","0.844","0.844","0.881","0.824","-4.19%"
"2023-09-17","0.881","0.881","0.881","0.881","0.00%"
"2023-09-15","0.881","0.831","0.886","0.814","-0.98%"
"2023-09-14","0.890","0.837","0.892","0.808","5.25%"
"2023-09-13","0.846","0.842","0.882","0.813","-3.64%"
"2023-09-12","0.877","0.819","0.880","0.815","1.15%"
"2023-09-11","0.868","0.816","0.875","0.805","6.12%"
"2023-09-10","0.817","0.814","0.837","0.766","0.45%"
"2023-09-08","0.814","0.761","0.819","0.754","3.50%"
"2023-09-07","0.786","0.767","0.821","0.756","0.41%"
"2023-09-06","0.783","0.774","0.821","0.757","-4.79%"
"2023-09-05","0.822","0.764","0.822","0.761","1.54%"
"2023-09-04","0.810","0.755","0.810","0.752","3.77%"
"2023-09-03","0.781","0.799","0.799","0.740","-2.28%"
"2023-09-01","0.799","0.774","0.808","0.736","-1.38%"
"2023-08-31","0.810","0.759","0.817","0.748","3.59%"
"2023-08-30","0.782","0.772","0.815","0.750","-3.17%"
"2023-08-29","0.808","0.741","0.816","0.740","3.35%"
"2023-08-28","0.781","0.761","0.817","0.744","-0.40%"
"2023-08-27","0.784","0.817","0.817","0.755","-4.05%"
"2023-08-25","0.817","0.760","0.821","0.750","6.25%"
"2023-08-24","0.769","0.755","0.822","0.744","-2.77%"
"2023-08-23","0.791","0.766","0.841","0.756","0.09%"
"2023-08-22","0.791","0.796","0.837","0.766","-4.61%"
"2023-08-21","0.829","0.750","0.830","0.750","7.45%"
"2023-08-20","0.771","0.803","0.803","0.743","-3.89%"
"2023-08-18","0.803","0.785","0.827","0.743","-3.31%"
"2023-08-17","0.830","0.772","0.832","0.748","8.41%"
"2023-08-16","0.766","0.750","0.813","0.741","-5.92%"
"2023-08-15","0.814","0.766","0.819","0.730","1.24%"
"2023-08-14","0.804","0.757","0.804","0.733","9.18%"
"2023-08-13","0.736","0.770","0.770","0.701","4.99%"
"2023-08-11","0.701","0.701","0.701","0.701","-8.94%"
"2023-08-10","0.770","0.701","0.770","0.700","2.15%"
"2023-08-09","0.754","0.726","0.771","0.681","2.29%"
"2023-08-08","0.737","0.736","0.788","0.701","-1.75%"
"2023-08-07","0.750","0.746","0.791","0.716","0.59%"
"2023-08-06","0.746","0.764","0.791","0.723","-2.38%"
"2023-08-05","0.764","0.764","0.764","0.764","-3.48%"
"2023-08-04","0.791","0.739","0.804","0.736","3.70%"
"2023-08-03","0.763","0.723","0.805","0.720","4.26%"
"2023-08-02","0.732","0.692","0.785","0.691","-3.23%"
"2023-08-01","0.756","0.695","0.756","0.679","5.13%"
"2023-07-31","0.719","0.680","0.759","0.680","2.04%"
"2023-07-30","0.705","0.716","0.716","0.659","-1.58%"
"2023-07-29","0.716","0.716","0.716","0.716","0.00%"
"2023-07-28","0.716","0.631","0.723","0.600","18.14%"
"2023-07-27","0.606","0.584","0.656","0.536","4.99%"
"2023-07-26","0.577","0.560","0.614","0.545","-1.60%"
"2023-07-25","0.587","0.561","0.616","0.558","2.41%"
"2023-07-24","0.573","0.550","0.616","0.544","-0.23%"
"2023-07-23","0.574","0.591","0.591","0.522","-2.86%"
"2023-07-21","0.591","0.627","0.665","0.510","-11.42%"
"2023-07-20","0.668","0.601","0.668","0.586","6.70%"
"2023-07-19","0.626","0.639","0.673","0.600","-7.15%"
"2023-07-18","0.674","0.639","0.700","0.613","-2.88%"
"2023-07-17","0.694","0.694","0.694","0.640","0.00%"
"2023-07-16","0.694","0.649","0.694","0.649","0.00%"
"2023-07-14","0.694","0.630","0.707","0.624","2.97%"
"2023-07-13","0.674","0.618","0.674","0.608","2.96%"
"2023-07-12","0.654","0.616","0.694","0.589","0.68%"
"2023-07-11","0.650","0.594","0.654","0.581","0.00%"
"2023-07-10","0.650","0.580","0.664","0.580","12.81%"
"2023-07-09","0.576","0.609","0.609","0.554","-5.35%"
"2023-07-08","0.609","0.609","0.609","0.609","0.00%"
"2023-07-07","0.609","0.553","0.613","0.527","7.03%"
"2023-07-06","0.569","0.496","0.569","0.491","11.40%"
"2023-07-05","0.511","0.523","0.549","0.486","-7.38%"
"2023-07-04","0.551","0.514","0.561","0.495","-2.65%"
"2023-07-03","0.566","0.538","0.569","0.504","5.12%"
"2023-07-02","0.539","0.565","0.565","0.512","-0.81%"
"2023-07-01","0.543","0.543","0.543","0.543","-3.88%"
"2023-06-30","0.565","0.499","0.572","0.499","1.11%"
"2023-06-29","0.559","0.493","0.559","0.489","6.82%"
"2023-06-28","0.523","0.519","0.556","0.490","-2.68%"
"2023-06-27","0.538","0.487","0.538","0.464","10.26%"
"2023-06-26","0.488","0.480","0.535","0.458","2.09%"
"2023-06-25","0.477","0.535","0.535","0.477","-10.75%"
"2023-06-23","0.535","0.501","0.545","0.479","3.38%"
"2023-06-22","0.517","0.495","0.549","0.485","-0.60%"
"2023-06-21","0.521","0.496","0.553","0.490","-5.99%"
"2023-06-20","0.554","0.544","0.577","0.495","-4.32%"
"2023-06-19","0.579","0.550","0.586","0.516","11.05%"
"2023-06-18","0.521","0.586","0.586","0.521","-5.34%"
"2023-06-17","0.551","0.551","0.551","0.551","-6.09%"
"2023-06-16","0.586","0.577","0.598","0.520","-2.09%"
"2023-06-15","0.599","0.533","0.605","0.529","2.13%"
"2023-06-14","0.586","0.544","0.595","0.534","5.28%"
"2023-06-13","0.557","0.540","0.594","0.522","-1.54%"
"2023-06-12","0.566","0.564","0.598","0.527","5.48%"
"2023-06-11","0.536","0.566","0.598","0.536","-5.32%"
"2023-06-09","0.566","0.567","0.605","0.543","-6.01%"
"2023-06-08","0.603","0.546","0.609","0.538","8.07%"
"2023-06-07","0.558","0.554","0.591","0.526","0.45%"
"2023-06-06","0.555","0.573","0.605","0.530","-8.46%"
"2023-06-05","0.606","0.546","0.610","0.546","6.72%"
"2023-06-04","0.568","0.555","0.591","0.530","-3.92%"
"2023-06-02","0.591","0.558","0.594","0.530","-0.62%"
"2023-06-01","0.595","0.578","0.610","0.534","-2.67%"
"2023-05-31","0.611","0.568","0.611","0.539","5.29%"
"2023-05-30","0.581","0.574","0.615","0.543","-0.97%"
"2023-05-29","0.586","0.554","0.604","0.551","2.07%"
"2023-05-28","0.574","0.604","0.604","0.549","-4.87%"
"2023-05-26","0.604","0.576","0.621","0.546","-2.22%"
"2023-05-25","0.618","0.534","0.618","0.534","11.50%"
"2023-05-24","0.554","0.526","0.591","0.524","0.34%"
"2023-05-23","0.552","0.539","0.585","0.510","3.64%"
"2023-05-22","0.533","0.515","0.571","0.501","-1.39%"
"2023-05-21","0.540","0.571","0.571","0.516","-5.89%"
"2023-05-19","0.574","0.524","0.576","0.516","0.23%"
"2023-05-18","0.572","0.513","0.572","0.490","13.08%"
"2023-05-17","0.506","0.538","0.565","0.476","-10.78%"
"2023-05-16","0.567","0.525","0.575","0.502","8.36%"
"2023-05-15","0.524","0.531","0.577","0.509","3.19%"
"2023-05-14","0.507","0.550","0.551","0.498","-7.73%"
"2023-05-13","0.550","0.550","0.550","0.550","0.00%"
"2023-05-12","0.550","0.525","0.551","0.475","-0.24%"
"2023-05-11","0.551","0.519","0.576","0.498","-4.54%"
"2023-05-10","0.577","0.541","0.591","0.519","-3.35%"
"2023-05-09","0.598","0.565","0.599","0.543","7.41%"
"2023-05-08","0.556","0.557","0.587","0.529","-0.32%"
"2023-05-07","0.558","0.565","0.581","0.536","-1.22%"
"2023-05-06","0.565","0.565","0.565","0.565","-2.80%"
"2023-05-05","0.581","0.581","0.581","0.581","0.00%"
"2023-05-04","0.581","0.581","0.581","0.581","0.00%"
"2023-05-03","0.581","0.581","0.581","0.581","0.00%"
"2023-05-02","0.581","0.566","0.608","0.539","4.03%"
"2023-05-01","0.559","0.521","0.567","0.517","3.37%"
"2023-04-30","0.541","0.532","0.566","0.506","-4.54%"
"2023-04-29","0.566","0.566","0.566","0.566","0.00%"
"2023-04-28","0.566","0.613","0.634","0.506","-4.63%"
"2023-04-27","0.594","0.563","0.635","0.558","2.27%"
"2023-04-26","0.581","0.579","0.627","0.555","-3.54%"
"2023-04-25","0.602","0.586","0.642","0.558","-6.51%"
"2023-04-24","0.644","0.623","0.649","0.584","3.42%"
"2023-04-23","0.623","0.649","0.649","0.591","-4.05%"
"2023-04-21","0.649","0.596","0.656","0.586","-1.32%"
"2023-04-20","0.658","0.631","0.676","0.598","1.34%"
"2023-04-19","0.649","0.614","0.686","0.606","-3.52%"
"2023-04-18","0.673","0.629","0.685","0.614","-2.01%"
"2023-04-17","0.686","0.611","0.690","0.611","12.51%"
"2023-04-16","0.610","0.659","0.659","0.595","-7.39%"
"2023-04-14","0.659","0.590","0.659","0.589","3.12%"
"2023-04-13","0.639","0.577","0.645","0.572","5.05%"
"2023-04-12","0.608","0.595","0.644","0.576","-4.98%"
"2023-04-11","0.640","0.591","0.655","0.569","6.01%"
"2023-04-10","0.604","0.606","0.658","0.594","-3.22%"
"2023-04-09","0.624","0.616","0.658","0.596","1.12%"
"2023-04-08","0.617","0.617","0.617","0.617","3.47%"
"2023-04-07","0.596","0.596","0.632","0.587","-9.32%"
"2023-04-06","0.658","0.623","0.666","0.591","4.05%"
"2023-04-05","0.632","0.616","0.674","0.585","0.40%"
"2023-04-04","0.629","0.571","0.666","0.569","-0.69%"
"2023-04-03","0.634","0.575","0.642","0.565","6.63%"
"2023-04-02","0.594","0.624","0.624","0.566","0.42%"
"2023-04-01","0.592","0.592","0.592","0.592","-5.11%"
"2023-03-31","0.624","0.559","0.631","0.535","3.54%"
"2023-03-30","0.603","0.549","0.604","0.525","5.24%"
"2023-03-29","0.572","0.544","0.603","0.511","-5.18%"
"2023-03-28","0.604","0.571","0.615","0.543","-1.63%"
"2023-03-27","0.614","0.520","0.614","0.514","17.77%"
"2023-03-26","0.521","0.561","0.561","0.505","-6.73%"
"2023-03-24","0.559","0.525","0.590","0.505","0.68%"
"2023-03-23","0.555","0.549","0.619","0.522","-4.52%"
"2023-03-22","0.581","0.538","0.629","0.527","7.15%"
"2023-03-21","0.543","0.470","0.564","0.470","0.00%"
"2023-03-20","0.543","0.506","0.576","0.465","2.24%"
"2023-03-19","0.531","0.576","0.576","0.509","-7.93%"
"2023-03-17","0.576","0.541","0.604","0.527","9.25%"
"2023-03-16","0.527","0.514","0.581","0.455","2.93%"
"2023-03-15","0.512","0.561","0.640","0.456","0.61%"
"2023-03-14","0.509","0.506","0.576","0.429","-11.79%"
"2023-03-13","0.577","0.709","0.783","0.485","-20.89%"
"2023-03-12","0.730","0.781","0.781","0.710","-3.71%"
"2023-03-11","0.758","0.758","0.758","0.758","-2.97%"
"2023-03-10","0.781","0.819","0.879","0.715","-11.35%"
"2023-03-09","0.881","0.801","0.891","0.779","9.82%"
"2023-03-08","0.803","0.786","0.845","0.780","-4.61%"
"2023-03-07","0.841","0.798","0.841","0.771","0.60%"
"2023-03-06","0.836","0.767","0.836","0.766","6.62%"
"2023-03-05","0.784","0.825","0.825","0.764","-4.92%"
"2023-03-03","0.825","0.767","0.829","0.764","-0.46%"
"2023-03-02","0.829","0.762","0.836","0.759","6.94%"
"2023-03-01","0.775","0.821","0.825","0.733","-5.49%"
"2023-02-28","0.820","0.777","0.842","0.751","1.94%"
"2023-02-27","0.804","0.790","0.850","0.779","-0.15%"
"2023-02-26","0.806","0.850","0.850","0.783","-5.22%"
"2023-02-25","0.850","0.850","0.850","0.850","0.00%"
"2023-02-24","0.850","0.804","0.870","0.780","2.10%"
"2023-02-23","0.832","0.832","0.832","0.805","0.00%"
"2023-02-22","0.832","0.839","0.871","0.826","-4.31%"
"2023-02-21","0.870","0.811","0.870","0.811","7.49%"
"2023-02-20","0.809","0.797","0.851","0.795","1.65%"
"2023-02-19","0.796","0.851","0.851","0.795","-6.46%"
"2023-02-17","0.851","0.851","0.851","0.851","6.91%"
"2023-02-16","0.796","0.801","0.841","0.795","-5.07%"
"2023-02-15","0.839","0.796","0.839","0.784","0.90%"
"2023-02-14","0.831","0.806","0.851","0.784","-2.49%"
"2023-02-13","0.853","0.839","0.876","0.804","1.72%"
"2023-02-12","0.838","0.876","0.876","0.838","-4.36%"
"2023-02-10","0.876","0.815","0.889","0.815","8.35%"
"2023-02-09","0.809","0.799","0.849","0.799","-4.00%"
"2023-02-08","0.842","0.796","0.842","0.793","5.72%"
"2023-02-07","0.797","0.808","0.842","0.797","-4.85%"
"2023-02-06","0.837","0.788","0.837","0.788","6.35%"
"2023-02-05","0.788","0.832","0.832","0.780","-5.41%"
"2023-02-03","0.832","0.772","0.832","0.771","1.67%"
"2023-02-02","0.819","0.780","0.835","0.771","1.95%"
"2023-02-01","0.803","0.810","0.850","0.779","-5.79%"
"2023-01-31","0.853","0.826","0.865","0.807","-1.59%"
"2023-01-30","0.866","0.823","0.866","0.802","5.08%"
"2023-01-29","0.824","0.863","0.863","0.824","-4.42%"
"2023-01-28","0.863","0.863","0.863","0.863","2.91%"
"2023-01-27","0.838","0.788","0.864","0.786","5.25%"
"2023-01-26","0.796","0.778","0.809","0.770","2.67%"
"2023-01-25","0.776","0.741","0.803","0.736","-0.09%"
"2023-01-24","0.776","0.713","0.777","0.713","2.48%"
"2023-01-23","0.757","0.717","0.759","0.694","5.75%"
"2023-01-22","0.716","0.751","0.751","0.709","-4.66%"
"2023-01-20","0.751","0.733","0.760","0.685","-1.14%"
"2023-01-19","0.760","0.758","0.800","0.711","-3.11%"
"2023-01-18","0.784","0.875","0.889","0.710","-13.69%"
"2023-01-17","0.909","0.911","0.946","0.872","-4.08%"
"2023-01-16","0.947","0.957","0.999","0.830","-1.11%"
"2023-01-15","0.958","0.999","0.999","0.958","-0.14%"
"2023-01-14","0.959","0.959","0.959","0.959","-3.94%"
"2023-01-13","0.999","0.939","1.003","0.934","3.36%"
"2023-01-12","0.966","0.871","0.974","0.869","14.27%"
"2023-01-11","0.846","0.851","0.894","0.834","-5.52%"
"2023-01-10","0.895","0.813","0.899","0.808","5.13%"
"2023-01-09","0.851","0.821","0.851","0.812","0.00%"
"2023-01-08","0.851","0.851","0.851","0.851","-0.29%"
"2023-01-06","0.854","0.836","0.869","0.816","-1.86%"
"2023-01-05","0.870","0.874","0.900","0.834","-3.60%"
"2023-01-04","0.902","0.860","0.905","0.858","6.01%"
"2023-01-03","0.851","0.851","0.859","0.851","-4.08%"
"2023-01-02","0.887","0.887","0.887","0.887","0.00%"
"2023-01-01","0.887","0.887","0.887","0.887","0.00%"
"2022-12-30","0.887","0.841","0.887","0.841","1.86%"
"2022-12-29","0.871","0.820","0.876","0.820","2.81%"
"2022-12-28","0.848","0.802","0.848","0.802","6.27%"
"2022-12-27","0.798","0.778","0.803","0.778","2.98%"
"2022-12-26","0.774","0.768","0.803","0.749","0.73%"
"2022-12-25","0.769","0.803","0.803","0.769","-0.16%"
"2022-12-23","0.770","0.733","0.808","0.733","6.49%"
"2022-12-22","0.723","0.734","0.754","0.712","-4.23%"
"2022-12-21","0.755","0.734","0.785","0.734","0.33%"
"2022-12-20","0.752","0.626","0.808","0.618","15.98%"
"2022-12-19","0.649","0.608","0.649","0.608","6.57%"
"2022-12-18","0.609","0.594","0.609","0.594","0.00%"
"2022-12-16","0.609","0.595","0.615","0.594","-0.20%"
"2022-12-15","0.610","0.572","0.610","0.572","8.93%"
"2022-12-14","0.560","0.557","0.581","0.555","-1.75%"
"2022-12-13","0.570","0.582","0.594","0.558","-4.60%"
"2022-12-12","0.598","0.587","0.598","0.576","1.91%"
"2022-12-11","0.586","0.576","0.586","0.575","2.18%"
"2022-12-10","0.574","0.574","0.574","0.574","-0.43%"
"2022-12-09","0.576","0.582","0.609","0.569","-5.52%"
"2022-12-08","0.610","0.569","0.610","0.567","3.16%"
"2022-12-07","0.591","0.600","0.624","0.569","-5.01%"
"2022-12-06","0.623","0.586","0.635","0.584","2.47%"
"2022-12-05","0.608","0.566","0.608","0.566","0.20%"
"2022-12-04","0.606","0.606","0.606","0.606","0.21%"
"2022-12-02","0.605","0.556","0.606","0.554","6.14%"
"2022-12-01","0.570","0.564","0.603","0.554","-5.60%"
"2022-11-30","0.604","0.564","0.604","0.564","9.03%"
"2022-11-29","0.554","0.560","0.582","0.551","0.91%"
"2022-11-28","0.549","0.544","0.575","0.544","-3.94%"
"2022-11-27","0.571","0.544","0.571","0.544","0.00%"
"2022-11-25","0.571","0.519","0.571","0.519","7.05%"
"2022-11-24","0.534","0.504","0.534","0.500","4.52%"
"2022-11-23","0.511","0.511","0.511","0.506","-3.90%"
"2022-11-22","0.531","0.505","0.531","0.505","2.17%"
"2022-11-21","0.520","0.502","0.521","0.499","3.48%"
"2022-11-20","0.502","0.515","0.515","0.502","-2.43%"
"2022-11-18","0.515","0.486","0.520","0.486","3.00%"
"2022-11-17","0.500","0.471","0.500","0.469","-0.26%"
"2022-11-16","0.501","0.484","0.515","0.472","-1.96%"
"2022-11-15","0.511","0.511","0.541","0.484","-5.75%"
"2022-11-14","0.543","0.493","0.551","0.493","5.34%"
"2022-11-13","0.515","0.515","0.515","0.515","4.70%"
"2022-11-12","0.492","0.492","0.492","0.492","-4.49%"
"2022-11-11","0.515","0.478","0.549","0.474","-6.36%"
"2022-11-10","0.550","0.542","0.581","0.477","-5.58%"
"2022-11-09","0.582","0.574","0.616","0.541","-2.30%"
"2022-11-08","0.596","0.593","0.627","0.576","-3.84%"
"2022-11-07","0.620","0.604","0.636","0.590","2.58%"
"2022-11-06","0.604","0.605","0.636","0.604","-5.01%"
"2022-11-04","0.636","0.576","0.639","0.576","16.35%"
"2022-11-03","0.547","0.551","0.574","0.551","-5.51%"
"2022-11-02","0.579","0.540","0.581","0.538","2.21%"
"2022-11-01","0.566","0.518","0.567","0.517","8.90%"
"2022-10-31","0.520","0.511","0.549","0.498","1.58%"
"2022-10-30","0.512","0.457","0.530","0.457","1.25%"
"2022-10-29","0.506","0.506","0.506","0.506","-4.60%"
"2022-10-28","0.530","0.497","0.538","0.477","-0.47%"
"2022-10-27","0.533","0.528","0.566","0.495","-1.04%"
"2022-10-26","0.538","0.563","0.605","0.513","-11.25%"
"2022-10-25","0.606","0.619","0.634","0.566","-1.72%"
"2022-10-24","0.617","0.624","0.663","0.601","-1.20%"
"2022-10-23","0.624","0.663","0.663","0.624","-5.75%"
"2022-10-21","0.663","0.586","0.668","0.586","7.72%"
"2022-10-20","0.615","0.567","0.619","0.567","4.24%"
"2022-10-19","0.590","0.552","0.592","0.545","1.06%"
"2022-10-18","0.584","0.543","0.585","0.543","7.61%"
"2022-10-17","0.543","0.523","0.575","0.523","3.95%"
"2022-10-16","0.522","0.513","0.549","0.513","1.72%"
"2022-10-15","0.513","0.513","0.513","0.513","-6.51%"
"2022-10-14","0.549","0.517","0.560","0.502","-2.23%"
"2022-10-13","0.561","0.512","0.563","0.510","10.06%"
"2022-10-12","0.510","0.506","0.546","0.498","1.88%"
"2022-10-11","0.501","0.502","0.539","0.488","4.16%"
"2022-10-10","0.481","0.511","0.511","0.481","-6.00%"
"2022-10-09","0.511","0.511","0.511","0.511","6.39%"
"2022-10-07","0.481","0.477","0.512","0.474","-3.65%"
"2022-10-06","0.499","0.460","0.499","0.456","3.10%"
"2022-10-05","0.484","0.446","0.484","0.439","10.73%"
"2022-10-04","0.437","0.452","0.498","0.436","-12.62%"
"2022-10-03","0.500","0.486","0.520","0.452","2.29%"
"2022-10-02","0.489","0.516","0.516","0.485","1.03%"
"2022-10-01","0.484","0.484","0.484","0.484","-0.12%"
"2022-09-30","0.484","0.512","0.546","0.484","-11.53%"
"2022-09-29","0.548","0.508","0.558","0.502","-0.24%"
"2022-09-28","0.549","0.544","0.582","0.507","-2.00%"
"2022-09-27","0.560","0.536","0.584","0.526","2.28%"
"2022-09-26","0.548","0.477","0.554","0.477","15.87%"
"2022-09-25","0.472","0.486","0.486","0.436","8.30%"
"2022-09-24","0.436","0.436","0.436","0.436","-10.28%"
"2022-09-23","0.486","0.486","0.486","0.486","0.00%"
"2022-09-22","0.486","0.490","0.530","0.436","-0.51%"
"2022-09-21","0.489","0.513","0.549","0.481","-11.13%"
"2022-09-20","0.550","0.471","0.550","0.461","10.26%"
"2022-09-19","0.499","0.499","0.499","0.468","0.00%"
"2022-09-18","0.499","0.499","0.499","0.499","6.70%"
"2022-09-16","0.468","0.442","0.501","0.441","-2.60%"
"2022-09-15","0.480","0.419","0.481","0.335","4.05%"
"2022-09-14","0.461","0.421","0.470","0.409","3.94%"
"2022-09-13","0.444","0.418","0.451","0.394","-1.92%"
"2022-09-12","0.452","0.432","0.465","0.419","5.09%"
"2022-09-11","0.431","0.465","0.465","0.431","-7.40%"
"2022-09-09","0.465","0.451","0.477","0.435","-3.39%"
"2022-09-08","0.481","0.438","0.485","0.423","8.01%"
"2022-09-07","0.446","0.447","0.494","0.439","-2.34%"
"2022-09-06","0.456","0.396","0.456","0.390","5.50%"
"2022-09-05","0.433","0.401","0.434","0.391","7.77%"
"2022-09-04","0.401","0.434","0.434","0.401","-7.49%"
"2022-09-03","0.434","0.434","0.434","0.434","0.00%"
"2022-09-02","0.434","0.396","0.445","0.394","11.06%"
"2022-09-01","0.391","0.377","0.423","0.377","6.29%"
"2022-08-31","0.368","0.368","0.404","0.365","-0.16%"
"2022-08-30","0.368","0.390","0.406","0.367","-8.27%"
"2022-08-29","0.401","0.377","0.401","0.376","8.64%"
"2022-08-28","0.369","0.385","0.385","0.359","3.33%"
"2022-08-27","0.357","0.357","0.357","0.357","-7.14%"
"2022-08-26","0.385","0.351","0.387","0.347","-0.34%"
"2022-08-25","0.386","0.370","0.393","0.349","0.34%"
"2022-08-24","0.385","0.351","0.385","0.344","5.48%"
"2022-08-23","0.365","0.356","0.366","0.339","5.22%"
"2022-08-22","0.347","0.330","0.365","0.329","4.93%"
"2022-08-21","0.331","0.343","0.343","0.316","-3.47%"
"2022-08-20","0.343","0.343","0.343","0.343","0.00%"
"2022-08-19","0.343","0.293","0.343","0.292","14.89%"
"2022-08-18","0.298","0.287","0.316","0.284","-1.88%"
"2022-08-17","0.304","0.282","0.305","0.275","9.71%"
"2022-08-16","0.277","0.276","0.296","0.273","-6.14%"
"2022-08-15","0.295","0.284","0.308","0.275","3.51%"
"2022-08-14","0.285","0.308","0.308","0.285","-3.00%"
"2022-08-12","0.294","0.289","0.313","0.282","1.31%"
"2022-08-11","0.290","0.278","0.287","0.278","0.00%"
"2022-08-10","0.290","0.265","0.300","0.265","2.18%"
"2022-08-09","0.284","0.271","0.289","0.263","4.38%"
"2022-08-08","0.272","0.283","0.300","0.272","-3.75%"
"2022-08-07","0.282","0.300","0.300","0.270","5.61%"
"2022-08-05","0.268","0.268","0.300","0.263","-3.60%"
"2022-08-04","0.278","0.277","0.299","0.266","-7.50%"
"2022-08-03","0.300","0.282","0.300","0.276","5.26%"
"2022-08-02","0.285","0.272","0.290","0.261","0.21%"
"2022-08-01","0.284","0.294","0.310","0.272","-2.97%"
"2022-07-31","0.293","0.304","0.304","0.293","0.21%"
"2022-07-30","0.292","0.292","0.292","0.292","-3.72%"
"2022-07-29","0.304","0.286","0.322","0.285","-1.01%"
"2022-07-28","0.307","0.305","0.345","0.287","0.00%"
"2022-07-27","0.307","0.294","0.341","0.293","-4.09%"
"2022-07-26","0.320","0.296","0.331","0.293","-0.78%"
"2022-07-25","0.322","0.277","0.330","0.267","16.72%"
"2022-07-24","0.276","0.311","0.311","0.276","-11.58%"
"2022-07-22","0.313","0.351","0.391","0.292","-20.89%"
"2022-07-21","0.395","0.380","0.409","0.352","4.64%"
"2022-07-20","0.377","0.386","0.407","0.377","-7.09%"
"2022-07-19","0.406","0.365","0.407","0.365","4.50%"
"2022-07-18","0.389","0.389","0.389","0.363","0.00%"
"2022-07-17","0.389","0.389","0.389","0.389","0.00%"
"2022-07-15","0.389","0.398","0.416","0.361","-7.16%"
"2022-07-14","0.419","0.385","0.423","0.378","9.12%"
"2022-07-13","0.384","0.381","0.421","0.378","3.03%"
"2022-07-12","0.373","0.395","0.423","0.373","-8.72%"
"2022-07-11","0.408","0.399","0.438","0.396","2.33%"
"2022-07-10","0.399","0.420","0.420","0.389","-4.78%"
"2022-07-08","0.419","0.375","0.420","0.375","13.01%"
"2022-07-07","0.371","0.373","0.395","0.350","1.87%"
"2022-07-06","0.364","0.387","0.414","0.364","-6.72%"
"2022-07-05","0.390","0.414","0.442","0.389","-12.12%"
"2022-07-04","0.444","0.387","0.445","0.383","14.35%"
"2022-07-03","0.388","0.414","0.431","0.388","-10.02%"
"2022-07-01","0.431","0.421","0.461","0.412","-0.58%"
"2022-06-30","0.434","0.447","0.486","0.423","-4.53%"
"2022-06-29","0.454","0.467","0.501","0.448","-2.80%"
"2022-06-28","0.468","0.455","0.502","0.455","5.06%"
"2022-06-27","0.445","0.419","0.479","0.412","6.43%"
"2022-06-26","0.418","0.411","0.441","0.411","-5.26%"
"2022-06-24","0.441","0.419","0.449","0.402","3.69%"
"2022-06-23","0.426","0.457","0.496","0.418","-8.85%"
"2022-06-22","0.467","0.472","0.515","0.458","1.50%"
"2022-06-21","0.460","0.477","0.512","0.459","-2.13%"
"2022-06-20","0.470","0.461","0.511","0.458","1.62%"
"2022-06-19","0.463","0.476","0.510","0.463","-2.63%"
"2022-06-18","0.475","0.475","0.475","0.475","-6.86%"
"2022-06-17","0.510","0.541","0.594","0.462","-10.23%"
"2022-06-16","0.568","0.499","0.613","0.474","2.47%"
"2022-06-15","0.554","0.489","0.613","0.478","-1.44%"
"2022-06-14","0.563","0.510","0.563","0.510","10.55%"
"2022-06-13","0.509","0.387","0.509","0.374","31.30%"
"2022-06-12","0.387","0.362","0.415","0.361","-6.63%"
"2022-06-10","0.415","0.354","0.415","0.352","20.08%"
"2022-06-09","0.346","0.346","0.399","0.340","0.91%"
"2022-06-08","0.343","0.328","0.374","0.328","3.19%"
"2022-06-07","0.332","0.327","0.365","0.327","2.50%"
"2022-06-06","0.324","0.327","0.352","0.321","-0.77%"
"2022-06-05","0.326","0.352","0.352","0.318","2.77%"
"2022-06-04","0.317","0.317","0.317","0.317","0.00%"
"2022-06-03","0.317","0.331","0.334","0.313","-4.34%"
"2022-06-02","0.332","0.333","0.335","0.323","0.18%"
"2022-06-01","0.331","0.341","0.359","0.329","-0.54%"
"2022-05-31","0.333","0.317","0.357","0.317","6.39%"
"2022-05-30","0.313","0.304","0.338","0.304","3.50%"
"2022-05-29","0.303","0.308","0.308","0.303","-6.58%"
"2022-05-28","0.324","0.309","0.324","0.309","0.00%"
"2022-05-27","0.324","0.321","0.329","0.303","2.60%"
"2022-05-26","0.316","0.287","0.339","0.285","10.00%"
"2022-05-25","0.287","0.287","0.306","0.279","-7.09%"
"2022-05-24","0.309","0.327","0.347","0.289","-6.08%"
"2022-05-23","0.329","0.329","0.356","0.323","0.21%"
"2022-05-22","0.328","0.335","0.356","0.328","-7.91%"
"2022-05-21","0.356","0.334","0.356","0.334","0.00%"
"2022-05-20","0.356","0.349","0.370","0.331","2.71%"
"2022-05-19","0.347","0.349","0.376","0.347","-2.64%"
"2022-05-18","0.356","0.363","0.382","0.347","0.00%"
"2022-05-17","0.356","0.351","0.384","0.351","-5.29%"
"2022-05-16","0.376","0.362","0.385","0.352","4.12%"
"2022-05-15","0.361","0.362","0.385","0.361","0.00%"
"2022-05-14","0.361","0.361","0.361","0.361","-6.16%"
"2022-05-13","0.385","0.358","0.387","0.352","5.83%"
"2022-05-12","0.364","0.377","0.410","0.359","-4.11%"
"2022-05-11","0.379","0.381","0.414","0.378","-2.72%"
"2022-05-10","0.390","0.385","0.419","0.379","-1.74%"
"2022-05-09","0.397","0.385","0.421","0.384","2.93%"
"2022-05-08","0.386","0.379","0.401","0.378","-3.91%"
"2022-05-07","0.401","0.378","0.401","0.378","0.00%"
"2022-05-06","0.401","0.373","0.401","0.369","11.47%"
"2022-05-05","0.360","0.361","0.372","0.360","-4.94%"
"2022-05-04","0.379","0.379","0.379","0.379","0.00%"
"2022-05-03","0.379","0.379","0.379","0.379","5.19%"
"2022-05-02","0.360","0.363","0.375","0.359","-0.36%"
"2022-05-01","0.361","0.354","0.375","0.354","-3.65%"
"2022-04-30","0.375","0.375","0.375","0.375","0.00%"
"2022-04-29","0.375","0.375","0.375","0.375","0.00%"
"2022-04-28","0.375","0.376","0.381","0.343","0.00%"
"2022-04-27","0.375","0.367","0.390","0.364","0.16%"
"2022-04-26","0.374","0.381","0.399","0.366","-2.60%"
"2022-04-25","0.384","0.398","0.419","0.379","-3.61%"
"2022-04-24","0.399","0.403","0.419","0.398","-4.78%"
"2022-04-23","0.419","0.403","0.419","0.403","0.00%"
"2022-04-22","0.419","0.417","0.435","0.400","1.53%"
"2022-04-21","0.412","0.374","0.436","0.369","8.38%"
"2022-04-20","0.381","0.374","0.400","0.371","6.08%"
"2022-04-19","0.359","0.353","0.374","0.349","1.41%"
"2022-04-18","0.354","0.362","0.362","0.352","-2.40%"
"2022-04-17","0.363","0.352","0.363","0.352","2.84%"
"2022-04-16","0.352","0.352","0.352","0.352","-2.44%"
"2022-04-15","0.361","0.354","0.361","0.351","2.50%"
"2022-04-14","0.352","0.361","0.368","0.339","-4.88%"
"2022-04-13","0.371","0.356","0.377","0.356","0.00%"
"2022-04-12","0.371","0.352","0.381","0.352","2.57%"
"2022-04-11","0.361","0.344","0.371","0.343","2.85%"
"2022-04-10","0.351","0.344","0.351","0.343","0.00%"
"2022-04-09","0.351","0.343","0.351","0.343","0.00%"
"2022-04-08","0.351","0.338","0.354","0.327","5.05%"
"2022-04-07","0.334","0.330","0.351","0.329","-2.19%"
"2022-04-06","0.342","0.314","0.355","0.314","13.02%"
"2022-04-05","0.303","0.286","0.319","0.282","4.74%"
"2022-04-04","0.289","0.301","0.315","0.287","-4.15%"
"2022-04-03","0.301","0.303","0.315","0.301","-0.40%"
"2022-04-01","0.303","0.246","0.315","0.246","18.03%"
"2022-03-31","0.256","0.327","0.343","0.243","-23.92%"
"2022-03-30","0.337","0.346","0.395","0.309","-11.92%"
"2022-03-29","0.382","0.351","0.398","0.347","9.47%"
"2022-03-28","0.349","0.315","0.380","0.315","11.38%"
"2022-03-27","0.314","0.303","0.321","0.303","-2.37%"
"2022-03-26","0.321","0.303","0.321","0.303","0.41%"
"2022-03-25","0.320","0.292","0.321","0.289","11.77%"
"2022-03-24","0.286","0.274","0.296","0.272","5.80%"
"2022-03-23","0.271","0.271","0.285","0.270","1.16%"
"2022-03-22","0.268","0.264","0.294","0.252","4.37%"
"2022-03-21","0.256","0.250","0.264","0.250","2.52%"
"2022-03-20","0.250","0.250","0.250","0.250","0.00%"
"2022-03-19","0.250","0.253","0.253","0.250","0.00%"
"2022-03-18","0.250","0.249","0.257","0.249","-2.91%"
"2022-03-17","0.257","0.248","0.265","0.248","2.51%"
"2022-03-16","0.251","0.241","0.262","0.237","3.04%"
"2022-03-15","0.244","0.243","0.249","0.237","-1.97%"
"2022-03-14","0.249","0.234","0.255","0.220","7.24%"
"2022-03-13","0.232","0.224","0.232","0.220","5.41%"
"2022-03-12","0.220","0.224","0.224","0.220","-5.90%"
"2022-03-11","0.234","0.228","0.236","0.220","7.79%"
"2022-03-10","0.217","0.216","0.230","0.207","3.88%"
"2022-03-09","0.209","0.212","0.218","0.201","3.42%"
"2022-03-08","0.202","0.194","0.216","0.189","4.88%"
"2022-03-07","0.192","0.172","0.197","0.172","11.21%"
"2022-03-06","0.173","0.193","0.193","0.172","-5.15%"
"2022-03-05","0.183","0.183","0.183","0.183","-0.71%"
"2022-03-04","0.184","0.211","0.211","0.174","-11.93%"
"2022-03-03","0.209","0.194","0.215","0.181","9.15%"
"2022-03-02","0.191","0.179","0.194","0.161","1.97%"
"2022-03-01","0.188","0.210","0.218","0.179","-14.77%"
"2022-02-28","0.220","0.229","0.241","0.192","-4.10%"
"2022-02-27","0.229","0.234","0.236","0.229","-2.92%"
"2022-02-26","0.236","0.236","0.236","0.236","-2.07%"
"2022-02-25","0.241","0.214","0.249","0.214","11.25%"
"2022-02-24","0.217","0.221","0.231","0.206","-1.68%"
"2022-02-23","0.221","0.221","0.229","0.221","-0.85%"
"2022-02-22","0.222","0.235","0.241","0.213","-11.04%"
"2022-02-21","0.250","0.244","0.255","0.236","2.58%"
"2022-02-20","0.244","0.255","0.257","0.244","-4.39%"
"2022-02-19","0.255","0.255","0.255","0.255","0.00%"
"2022-02-18","0.255","0.256","0.269","0.254","-5.17%"
"2022-02-17","0.269","0.258","0.276","0.253","1.43%"
"2022-02-16","0.265","0.253","0.265","0.250","0.95%"
"2022-02-15","0.263","0.245","0.264","0.241","5.00%"
"2022-02-14","0.250","0.229","0.250","0.226","0.00%"
"2022-02-11","0.250","0.245","0.250","0.245","2.58%"
"2022-02-10","0.244","0.228","0.254","0.222","10.82%"
"2022-02-09","0.220","0.248","0.248","0.219","-10.42%"
"2022-02-08","0.246","0.246","0.268","0.246","2.85%"
"2022-02-07","0.239","0.213","0.245","0.084","11.69%"
"2022-02-06","0.214","0.084","0.219","0.084","155.13%"
"2022-02-05","0.084","0.206","0.206","0.084","-62.54%"
"2022-02-04","0.224","0.194","0.225","0.193","17.06%"
"2022-02-03","0.191","0.177","0.195","0.173","10.08%"
"2022-02-02","0.174","0.179","0.181","0.174","-7.36%"
"2022-02-01","0.187","0.187","0.190","0.184","7.95%"
"2022-01-31","0.174","0.174","0.174","0.174","0.00%"
"2022-01-28","0.174","0.169","0.177","0.169","3.70%"
"2022-01-27","0.167","0.167","0.170","0.166","15.45%"
"2022-01-26","0.145","0.145","0.156","0.145","-5.60%"
"2022-01-25","0.154","0.154","0.156","0.145","83.29%"
"2022-01-24","0.084","0.084","0.084","0.084","0.00%"
"2022-01-23","0.084","0.084","0.084","0.084","-42.21%"
"2022-01-22","0.145","0.145","0.145","0.145","-4.04%"
"2022-01-21","0.151","0.152","0.154","0.151","-6.15%"
"2022-01-20","0.161","0.145","0.161","0.145","3.14%"
"2022-01-19","0.156","0.150","0.161","0.145","-1.51%"
"2022-01-18","0.159","0.154","0.159","0.145","89.14%"
"2022-01-17","0.084","0.084","0.084","0.084","0.00%"
"2022-01-16","0.084","0.084","0.084","0.084","-46.28%"
"2022-01-14","0.156","0.154","0.159","0.152","13.70%"
"2022-01-13","0.137","0.145","0.145","0.133","0.88%"
"2022-01-12","0.136","0.132","0.145","0.132","-7.61%"
"2022-01-11","0.147","0.147","0.147","0.147","-4.04%"
"2022-01-10","0.153","0.153","0.153","0.153","0.00%"
"2022-01-07","0.153","0.124","0.153","0.123","18.27%"
"2022-01-06","0.130","0.116","0.130","0.116","16.95%"
"2022-01-05","0.111","0.089","0.116","0.089","3.45%"
"2022-01-04","0.107","0.104","0.107","0.076","19.11%"
"2022-01-03","0.090","0.084","0.090","0.084","7.40%"
"2022-01-02","0.084","0.084","0.084","0.084","0.00%"
"2022-01-01","0.084","0.084","0.084","0.084","-6.89%"
"2021-12-31","0.090","0.090","0.090","0.090","0.00%"
"2021-12-30","0.090","0.076","0.091","0.070","20.00%"
"2021-12-29","0.075","0.074","0.079","0.061","1.63%"
"2021-12-28","0.074","0.069","0.074","0.069","6.34%"
"2021-12-27","0.069","0.072","0.074","0.060","-2.53%"
"2021-12-26","0.071","0.060","0.071","0.060","18.67%"
"2021-12-25","0.060","0.060","0.060","0.060","0.00%"
"2021-12-24","0.060","0.071","0.074","0.060","2.04%"
"2021-12-23","0.059","0.069","0.074","0.059","-21.60%"
"2021-12-22","0.075","0.061","0.076","0.050","15.38%"
"2021-12-21","0.065","0.054","0.065","0.045","57.38%"
"2021-12-20","0.041","0.044","0.055","0.041","-23.23%"
"2021-12-19","0.054","0.044","0.054","0.044","22.83%"
"2021-12-18","0.044","0.044","0.044","0.044","-22.20%"
"2021-12-17","0.056","0.054","0.058","0.043","7.24%"
"2021-12-16","0.052","0.058","0.059","0.041","-10.71%"
"2021-12-15","0.059","0.060","0.060","0.044","-2.00%"
"2021-12-14","0.060","0.055","0.061","0.045","4.35%"
"2021-12-13","0.058","0.062","0.064","0.045","-8.00%"
"2021-12-12","0.063","0.052","0.064","0.052","19.05%"
"2021-12-11","0.052","0.064","0.064","0.052","-17.71%"
"2021-12-10","0.064","0.058","0.066","0.046","21.52%"
"2021-12-09","0.052","0.061","0.062","0.043","-12.50%"
"2021-12-08","0.060","0.063","0.064","0.041","0.00%"
"2021-12-07","0.060","0.056","0.065","0.044","14.29%"
"2021-12-06","0.052","0.052","0.056","0.041","0.00%"
"2021-12-05","0.052","0.046","0.056","0.046","-6.75%"
"2021-12-03","0.056","0.059","0.060","0.046","-6.17%"
"2021-12-02","0.060","0.058","0.064","0.049","-5.96%"
"2021-12-01","0.064","0.064","0.066","0.045","37.80%"
"2021-11-30","0.046","0.071","0.071","0.045","-36.14%"
"2021-11-29","0.072","0.075","0.075","0.063","-2.55%"
"2021-11-28","0.074","0.064","0.074","0.064","16.61%"
"2021-11-27","0.064","0.071","0.071","0.064","-8.86%"
"2021-11-26","0.070","0.081","0.081","0.060","-17.65%"
"2021-11-25","0.085","0.086","0.086","0.080","-4.28%"
"2021-11-24","0.089","0.085","0.090","0.065","7.64%"
"2021-11-23","0.083","0.079","0.083","0.074","6.45%"
"2021-11-22","0.078","0.075","0.079","0.064","1.57%"
"2021-11-21","0.076","0.066","0.081","0.066","15.08%"
"2021-11-20","0.066","0.066","0.066","0.066","0.00%"
"2021-11-19","0.066","0.080","0.084","0.066","-22.00%"
"2021-11-18","0.085","0.082","0.087","0.075","3.03%"
"2021-11-17","0.083","0.084","0.090","0.072","1.48%"
"2021-11-16","0.081","0.081","0.084","0.065","6.55%"
"2021-11-15","0.076","0.081","0.081","0.064","-6.15%"
"2021-11-14","0.081","0.072","0.081","0.072","12.14%"
"2021-11-13","0.072","0.081","0.081","0.072","-10.82%"
"2021-11-12","0.081","0.075","0.085","0.065","27.43%"
"2021-11-11","0.064","0.078","0.081","0.063","-8.86%"
"2021-11-10","0.070","0.070","0.077","0.054","3.70%"
"2021-11-09","0.068","0.069","0.071","0.060","14.80%"
"2021-11-08","0.059","0.061","0.069","0.054","-5.01%"
"2021-11-07","0.062","0.055","0.063","0.055","12.55%"
"2021-11-06","0.055","0.055","0.055","0.055","0.00%"
"2021-11-05","0.055","0.072","0.072","0.055","-20.06%"
"2021-11-04","0.069","0.083","0.083","0.068","-16.61%"
"2021-11-03","0.083","0.084","0.084","0.083","0.00%"
"2021-11-02","0.083","0.089","0.091","0.074","-14.33%"
"2021-11-01","0.096","0.097","0.101","0.081","0.73%"
"2021-10-31","0.096","0.096","0.096","0.096","-3.24%"
"2021-10-29","0.099","0.104","0.105","0.087","-4.82%"
"2021-10-28","0.104","0.097","0.104","0.090","-2.35%"
"2021-10-27","0.106","0.114","0.118","0.097","-7.57%"
"2021-10-26","0.115","0.112","0.123","0.108","6.98%"
"2021-10-25","0.108","0.106","0.114","0.104","2.38%"
"2021-10-24","0.105","0.110","0.110","0.105","-2.33%"
"2021-10-22","0.108","0.111","0.111","0.105","2.38%"
"2021-10-21","0.105","0.104","0.112","0.100","1.16%"
"2021-10-20","0.104","0.106","0.112","0.099","1.27%"
"2021-10-19","0.102","0.102","0.105","0.094","-1.25%"
"2021-10-18","0.104","0.093","0.106","0.085","22.12%"
"2021-10-17","0.085","0.090","0.090","0.085","-5.56%"
"2021-10-16","0.090","0.090","0.090","0.090","2.86%"
"2021-10-15","0.087","0.084","0.090","0.083","6.06%"
"2021-10-14","0.083","0.092","0.092","0.081","-12.05%"
"2021-10-13","0.094","0.095","0.102","0.087","-7.40%"
"2021-10-12","0.101","0.103","0.108","0.090","-2.41%"
"2021-10-11","0.104","0.091","0.106","0.084","23.87%"
"2021-10-10","0.084","0.084","0.084","0.084","-7.51%"
"2021-10-09","0.091","0.091","0.091","0.091","-2.05%"
"2021-10-08","0.093","0.084","0.093","0.081","21.23%"
"2021-10-07","0.076","0.083","0.084","0.065","-7.52%"
"2021-10-06","0.083","0.081","0.090","0.069","10.89%"
"2021-10-05","0.074","0.064","0.079","0.063","32.15%"
"2021-10-04","0.056","0.060","0.065","0.051","-8.16%"
"2021-10-03","0.061","0.064","0.064","0.056","8.88%"
"2021-10-02","0.056","0.064","0.064","0.056","-16.59%"
"2021-10-01","0.068","0.069","0.069","0.054","-6.90%"
"2021-09-30","0.072","0.074","0.081","0.061","-3.33%"
"2021-09-29","0.075","0.088","0.088","0.063","-14.29%"
"2021-09-28","0.087","0.065","0.089","0.063","29.63%"
"2021-09-27","0.068","0.064","0.068","0.054","4.81%"
"2021-09-26","0.064","0.054","0.064","0.054","19.70%"
"2021-09-25","0.054","0.054","0.054","0.054","-13.92%"
"2021-09-24","0.063","0.053","0.065","0.041","56.25%"
"2021-09-23","0.040","0.044","0.054","0.040","-3.15%"
"2021-09-22","0.041","0.045","0.045","0.034","-17.40%"
"2021-09-21","0.050","0.048","0.052","0.039","-11.19%"
"2021-09-20","0.056","0.046","0.056","0.046","21.60%"
"2021-09-19","0.046","0.046","0.046","0.046","-17.76%"
"2021-09-18","0.056","0.056","0.056","0.056","0.00%"
"2021-09-17","0.056","0.053","0.058","0.044","4.65%"
"2021-09-16","0.054","0.044","0.060","0.035","19.56%"
"2021-09-15","0.045","0.044","0.045","0.032","-5.26%"
"2021-09-14","0.047","0.042","0.052","0.035","10.21%"
"2021-09-13","0.043","0.046","0.058","0.034","-8.10%"
"2021-09-12","0.047","0.043","0.047","0.038","-1.26%"
"2021-09-10","0.047","0.038","0.049","0.027","11.76%"
"2021-09-09","0.043","0.039","0.043","0.029","6.25%"
"2021-09-08","0.040","0.043","0.044","0.030","-8.68%"
"2021-09-07","0.044","0.039","0.044","0.027","0.00%"
"2021-09-06","0.044","0.034","0.049","0.023","32.33%"
"2021-09-05","0.033","0.023","0.034","0.023","8.17%"
"2021-09-04","0.031","0.031","0.031","0.031","-9.47%"
"2021-09-03","0.034","0.020","0.035","0.014","50.22%"
"2021-09-02","0.023","0.016","0.024","0.013","12.50%"
"2021-09-01","0.020","0.017","0.021","0.002","22.70%"
"2021-08-31","0.016","0.007","0.018","0.001","85.23%"
"2021-08-30","0.009","0.007","0.015","0.005","27.54%"
"2021-08-29","0.007","0.005","0.013","0.005","-47.33%"
"2021-08-28","0.013","0.013","0.013","0.013","-12.67%"
"2021-08-27","0.015","0.009","0.015","0.002","59.57%"
"2021-08-26","0.009","0.013","0.018","-0.002","-31.88%"
"2021-08-25","0.014","0.007","0.014","-0.004","213.64%"
"2021-08-24","0.004","-0.001","0.007","-0.007","-150.00%"
"2021-08-23","-0.009","-0.001","0.001","-0.014","576.92%"
"2021-08-22","-0.001","-0.014","-0.001","-0.014","-65.79%"
"2021-08-21","-0.004","-0.004","-0.004","-0.004","52.00%"
"2021-08-20","-0.002","0.002","0.002","-0.014","-200.00%"
"2021-08-19","0.002","0.004","0.009","-0.006","-50.00%"
"2021-08-18","0.005","0.004","0.007","-0.004","-20.63%"
"2021-08-17","0.006","0.007","0.021","-0.005","-28.41%"
"2021-08-16","0.009","0.006","0.014","-0.005","27.54%"
"2021-08-15","0.007","0.013","0.013","0.004","-47.33%"
"2021-08-14","0.013","0.004","0.013","0.004","4.80%"
"2021-08-13","0.013","0.013","0.015","0.002","-9.42%"
"2021-08-12","0.014","0.015","0.015","-0.002","-26.60%"
"2021-08-11","0.019","0.013","0.027","0.002","25.33%"
"2021-08-10","0.015","0.011","0.015","-0.004","200.00%"
"2021-08-09","0.005","-0.004","0.010","-0.004","-231.58%"
"2021-08-08","-0.004","-0.004","-0.004","-0.004","0.00%"
"2021-08-06","-0.004","-0.001","0.010","-0.011","192.31%"
"2021-08-05","-0.001","-0.006","-0.001","-0.020","-85.23%"
"2021-08-04","-0.009","-0.009","-0.006","-0.025","39.68%"
"2021-08-03","-0.006","-0.002","-0.002","-0.018","-584.62%"
"2021-08-02","0.001","0.004","0.004","-0.009","-65.79%"
"2021-08-01","0.004","-0.007","0.004","-0.007","0.00%"
"2021-07-30","0.004","0.003","0.007","-0.007","0.00%"
"2021-07-29","0.004","0.002","0.004","-0.007","192.31%"
"2021-07-28","0.001","0.004","0.018","-0.009","-88.50%"
"2021-07-27","0.011","0.002","0.021","-0.004","-9.60%"
"2021-07-26","0.013","-0.004","0.014","-0.016","-503.23%"
"2021-07-25","-0.003","-0.006","-0.003","-0.006","-50.79%"
"2021-07-24","-0.006","-0.006","-0.006","-0.006","-184.00%"
"2021-07-23","0.007","0.007","0.007","0.007","0.00%"
"2021-07-22","0.007","0.007","0.007","0.007","200.00%"
"2021-07-21","0.002","-0.017","0.013","-0.025","-128.41%"
"2021-07-20","-0.009","-0.016","-0.005","-0.029","252.00%"
"2021-07-19","-0.002","-0.009","0.002","-0.026","-75.00%"
"2021-07-18","-0.010","-0.016","0.001","-0.016","-626.32%"
"2021-07-17","0.002","0.002","0.002","0.002","-62.00%"
"2021-07-16","0.005","-0.007","0.015","-0.016","-20.63%"
"2021-07-15","0.006","0.001","0.013","-0.015","-58.00%"
"2021-07-14","0.015","0.012","0.018","-0.007","-14.29%"
"2021-07-13","0.018","0.011","0.026","0.009","-39.24%"
"2021-07-12","0.029","0.020","0.029","0.001","48.45%"
"2021-07-11","0.019","0.009","0.019","0.009","29.33%"
"2021-07-10","0.015","0.015","0.015","0.015","-36.97%"
"2021-07-09","0.024","0.008","0.027","-0.004","72.46%"
"2021-07-08","0.014","0.018","0.019","-0.019","-47.53%"
"2021-07-07","0.026","0.020","0.032","0.004","-8.68%"
"2021-07-06","0.029","0.031","0.043","0.011","-28.00%"
"2021-07-05","0.040","0.026","0.041","0.011","56.25%"
"2021-07-04","0.026","0.019","0.027","0.019","-26.86%"
"2021-07-02","0.035","0.034","0.044","0.018","-12.50%"
"2021-07-01","0.040","0.043","0.047","0.021","-15.79%"
"2021-06-30","0.047","0.046","0.056","0.031","-22.51%"
"2021-06-29","0.061","0.041","0.064","0.031","22.60%"
"2021-06-28","0.050","0.041","0.058","0.026","19.33%"
"2021-06-27","0.042","0.038","0.043","0.038","-16.20%"
"2021-06-25","0.050","0.041","0.051","0.026","-4.76%"
"2021-06-24","0.052","0.049","0.054","0.031","-4.55%"
"2021-06-23","0.055","0.044","0.055","0.031","10.00%"
"2021-06-22","0.050","0.047","0.058","0.029","-4.76%"
"2021-06-21","0.052","0.046","0.056","0.023","25.30%"
"2021-06-20","0.042","0.051","0.051","0.036","15.43%"
"2021-06-19","0.036","0.051","0.051","0.036","-29.24%"
"2021-06-18","0.051","0.042","0.064","0.035","0.00%"
"2021-06-17","0.051","0.058","0.065","0.036","10.80%"
"2021-06-16","0.046","0.041","0.053","0.026","-5.12%"
"2021-06-15","0.049","0.043","0.049","0.020","11.42%"
"2021-06-14","0.044","0.036","0.044","0.015","32.33%"
"2021-06-13","0.033","0.030","0.033","0.015","10.33%"
"2021-06-12","0.030","0.030","0.030","0.030","-17.36%"
"2021-06-11","0.036","0.036","0.040","0.011","-27.40%"
"2021-06-10","0.050","0.052","0.061","0.030","-24.59%"
"2021-06-09","0.066","0.070","0.072","0.045","-11.60%"
"2021-06-08","0.075","0.079","0.080","0.058","17.55%"
"2021-06-07","0.064","0.078","0.085","0.064","-12.00%"
"2021-06-06","0.072","0.083","0.083","0.064","-7.17%"
"2021-06-05","0.078","0.083","0.083","0.078","-2.37%"
"2021-06-04","0.080","0.085","0.093","0.064","-11.11%"
"2021-06-03","0.090","0.080","0.090","0.072","5.88%"
"2021-06-02","0.085","0.081","0.090","0.068","-5.56%"
"2021-06-01","0.090","0.083","0.090","0.068","9.09%"
"2021-05-31","0.083","0.078","0.083","0.068","11.79%"
"2021-05-30","0.074","0.083","0.083","0.068","-4.03%"
"2021-05-29","0.077","0.083","0.083","0.077","-5.41%"
"2021-05-28","0.081","0.076","0.089","0.064","0.00%"
"2021-05-27","0.081","0.074","0.081","0.056","6.55%"
"2021-05-26","0.076","0.076","0.083","0.060","-1.55%"
"2021-05-25","0.078","0.079","0.084","0.063","-6.06%"
"2021-05-24","0.083","0.080","0.085","0.065","11.79%"
"2021-05-23","0.074","0.083","0.083","0.068","-10.55%"
"2021-05-22","0.083","0.083","0.083","0.083","-2.94%"
"2021-05-21","0.085","0.081","0.087","0.066","0.00%"
"2021-05-20","0.085","0.083","0.089","0.066","1.43%"
"2021-05-19","0.084","0.080","0.091","0.065","-2.78%"
"2021-05-18","0.086","0.080","0.087","0.064","1.41%"
"2021-05-17","0.085","0.074","0.086","0.061","14.25%"
"2021-05-16","0.074","0.081","0.081","0.066","-2.49%"
"2021-05-15","0.076","0.081","0.081","0.076","-10.24%"
"2021-05-14","0.085","0.083","0.087","0.065","-5.56%"
"2021-05-13","0.090","0.086","0.096","0.072","0.00%"
"2021-05-12","0.090","0.074","0.090","0.060","4.41%"
"2021-05-11","0.086","0.080","0.086","0.058","6.03%"
"2021-05-10","0.081","0.078","0.087","0.063","12.14%"
"2021-05-09","0.072","0.078","0.078","0.063","-6.45%"
"2021-05-08","0.078","0.078","0.078","0.078","-4.67%"
"2021-05-07","0.081","0.081","0.086","0.061","0.00%"
"2021-05-06","0.081","0.076","0.089","0.064","-12.11%"
"2021-05-05","0.093","0.093","0.093","0.093","0.00%"
"2021-05-04","0.093","0.093","0.093","0.093","0.00%"
"2021-05-03","0.093","0.072","0.093","0.072","27.59%"
"2021-05-02","0.072","0.089","0.089","0.072","-6.45%"
"2021-05-01","0.078","0.089","0.089","0.078","-15.12%"
"2021-04-30","0.091","0.085","0.095","0.068","8.95%"
"2021-04-29","0.084","0.084","0.084","0.084","-4.23%"
"2021-04-28","0.087","0.080","0.095","0.065","4.42%"
"2021-04-27","0.084","0.075","0.085","0.060","4.75%"
"2021-04-26","0.080","0.066","0.083","0.051","55.95%"
"2021-04-25","0.051","0.066","0.066","0.051","-22.62%"
"2021-04-24","0.066","0.066","0.066","0.066","-6.88%"
"2021-04-23","0.071","0.064","0.076","0.051","-3.52%"
"2021-04-22","0.074","0.070","0.074","0.051","-7.75%"
"2021-04-21","0.080","0.072","0.081","0.054","0.00%"
"2021-04-20","0.080","0.078","0.090","0.063","-3.03%"
"2021-04-19","0.083","0.084","0.086","0.064","2.36%"
"2021-04-18","0.081","0.085","0.085","0.070","15.14%"
"2021-04-17","0.070","0.085","0.085","0.070","-20.00%"
"2021-04-16","0.087","0.083","0.091","0.070","4.42%"
"2021-04-15","0.084","0.085","0.094","0.070","-10.66%"
"2021-04-14","0.094","0.085","0.095","0.069","2.74%"
"2021-04-13","0.091","0.096","0.101","0.080","-12.04%"
"2021-04-12","0.104","0.095","0.105","0.080","16.11%"
"2021-04-11","0.089","0.095","0.095","0.080","-5.89%"
"2021-04-10","0.095","0.095","0.095","0.095","-2.56%"
"2021-04-09","0.097","0.084","0.104","0.072","9.80%"
"2021-04-08","0.089","0.089","0.099","0.071","-1.33%"
"2021-04-07","0.090","0.091","0.095","0.071","-7.69%"
"2021-04-06","0.097","0.105","0.106","0.080","-7.14%"
"2021-04-05","0.105","0.110","0.112","0.096","0.57%"
"2021-04-04","0.104","0.108","0.108","0.096","0.00%"
"2021-04-03","0.104","0.108","0.108","0.104","-2.88%"
"2021-04-02","0.108","0.109","0.117","0.097","-3.41%"
"2021-04-01","0.111","0.106","0.126","0.096","2.30%"
"2021-03-31","0.109","0.080","0.117","0.074","24.34%"
"2021-03-30","0.087","0.075","0.096","0.063","11.04%"
"2021-03-29","0.079","0.078","0.083","0.052","7.80%"
"2021-03-28","0.073","0.076","0.076","0.063","-4.19%"
"2021-03-27","0.076","0.076","0.076","0.076","-1.55%"
"2021-03-26","0.078","0.075","0.084","0.058","0.00%"
"2021-03-25","0.078","0.071","0.081","0.056","3.33%"
"2021-03-24","0.075","0.068","0.081","0.052","-3.23%"
"2021-03-23","0.078","0.084","0.086","0.063","-12.73%"
"2021-03-22","0.089","0.095","0.096","0.068","-1.99%"
"2021-03-21","0.091","0.104","0.104","0.089","-12.72%"
"2021-03-20","0.104","0.104","0.104","0.104","-1.14%"
"2021-03-19","0.105","0.093","0.131","0.083","-5.66%"
"2021-03-18","0.111","0.093","0.116","0.078","11.30%"
"2021-03-17","0.100","0.091","0.102","0.076","0.00%"
"2021-03-16","0.100","0.094","0.105","0.078","-1.28%"
"2021-03-15","0.101","0.109","0.110","0.084","-6.29%"
"2021-03-14","0.108","0.114","0.114","0.101","-5.01%"
"2021-03-13","0.114","0.114","0.114","0.114","-9.90%"
"2021-03-12","0.126","0.094","0.130","0.090","21.68%"
"2021-03-11","0.104","0.123","0.124","0.076","-12.63%"
"2021-03-10","0.119","0.110","0.135","0.097","-3.02%"
"2021-03-09","0.123","0.127","0.127","0.097","-6.70%"
"2021-03-08","0.131","0.094","0.134","0.094","41.03%"
"2021-03-07","0.093","0.083","0.093","0.075","21.07%"
"2021-03-06","0.077","0.083","0.083","0.077","-24.98%"
"2021-03-05","0.102","0.127","0.130","0.059","-10.87%"
"2021-03-04","0.115","0.112","0.124","0.094","-1.12%"
"2021-03-03","0.116","0.091","0.123","0.083","16.30%"
"2021-03-02","0.100","0.114","0.115","0.081","-15.82%"
"2021-03-01","0.119","0.123","0.134","0.099","-3.49%"
"2021-02-28","0.123","0.132","0.132","0.119","-3.45%"
"2021-02-27","0.127","0.132","0.132","0.127","-11.34%"
"2021-02-26","0.144","0.150","0.156","0.115","1.84%"
"2021-02-25","0.141","0.112","0.145","0.102","29.78%"
"2021-02-24","0.109","0.108","0.120","0.089","-3.29%"
"2021-02-23","0.112","0.112","0.112","0.099","4.65%"
"2021-02-22","0.108","0.105","0.116","0.090","8.81%"
"2021-02-21","0.099","0.095","0.100","0.089","11.26%"
"2021-02-20","0.089","0.095","0.095","0.089","-19.27%"
"2021-02-19","0.110","0.093","0.110","0.080","23.87%"
"2021-02-18","0.089","0.087","0.097","0.070","-5.33%"
"2021-02-17","0.094","0.078","0.100","0.072","13.70%"
"2021-02-16","0.083","0.068","0.084","0.056","13.79%"
"2021-02-15","0.072","0.055","0.076","0.045","38.10%"
"2021-02-14","0.052","0.047","0.052","0.035","50.00%"
"2021-02-13","0.035","0.047","0.047","0.035","-41.67%"
"2021-02-12","0.060","0.050","0.063","0.031","20.00%"
"2021-02-11","0.050","0.050","0.051","0.043","-7.06%"
"2021-02-10","0.054","0.050","0.064","0.038","-2.18%"
"2021-02-09","0.055","0.049","0.060","0.036","2.23%"
"2021-02-08","0.054","0.045","0.061","0.035","34.50%"
"2021-02-07","0.040","0.039","0.040","0.027","3.09%"
"2021-02-06","0.039","0.039","0.039","0.039","-16.20%"
"2021-02-05","0.046","0.034","0.052","0.024","5.71%"
"2021-02-04","0.044","0.035","0.045","0.021","3.06%"
"2021-02-03","0.043","0.026","0.044","0.016","13.33%"
"2021-02-02","0.038","0.026","0.039","0.013","25.00%"
"2021-02-01","0.030","0.025","0.034","0.009","54.64%"
"2021-01-31","0.019","0.024","0.024","0.009","-18.49%"
"2021-01-30","0.024","0.024","0.024","0.024","-13.45%"
"2021-01-29","0.027","0.011","0.031","0.004","46.28%"
"2021-01-28","0.019","0.014","0.019","-0.006","-6.00%"
"2021-01-27","0.020","0.010","0.024","-0.001","44.93%"
"2021-01-26","0.014","0.013","0.018","-0.006","10.40%"
"2021-01-25","0.013","0.008","0.020","-0.007","66.67%"
"2021-01-24","0.007","0.016","0.016","-0.001","-53.99%"
"2021-01-23","0.016","0.016","0.016","0.016","0.00%"
"2021-01-22","0.016","0.015","0.021","-0.002","552.00%"
"2021-01-21","0.002","0.010","0.020","-0.006","-87.50%"
"2021-01-20","0.020","0.021","0.024","-0.001","-20.00%"
"2021-01-19","0.025","0.027","0.029","0.005","-9.09%"
"2021-01-18","0.027","0.030","0.034","0.006","4.56%"
"2021-01-17","0.026","0.011","0.027","-0.004","132.74%"
"2021-01-16","0.011","0.011","0.011","0.011","-24.67%"
"2021-01-15","0.015","0.010","0.019","-0.004","32.74%"
"2021-01-14","0.011","0.005","0.016","-0.007","0.00%"
"2021-01-13","0.011","0.005","0.015","-0.009","-46.95%"
"2021-01-12","0.021","0.020","0.024","-0.006","-1,738.46%"
"2021-01-11","-0.001","-0.001","0.015","-0.001","-110.40%"
"2021-01-10","0.013","0.013","0.013","0.013","0.00%"
"2021-01-09","0.013","0.013","0.013","0.013","-37.50%"
"2021-01-08","0.020","0.018","0.023","-0.004","-6.10%"
"2021-01-07","0.021","0.009","0.024","-0.005","54.35%"
"2021-01-06","0.014","-0.002","0.018","-0.011","176.00%"
"2021-01-05","0.005","0.002","0.006","-0.018","-33.33%"
"2021-01-04","0.007","0.006","0.016","-0.011","141.94%"
"2021-01-03","0.003","0.009","0.009","-0.006","-64.77%"
"2021-01-02","0.009","0.009","0.009","0.009","-49.71%"
"2021-01-01","0.018","0.018","0.018","0.018","0.00%"
"2020-12-31","0.018","0.018","0.018","0.018","26.81%"
"2020-12-30","0.014","0.006","0.020","0.003","10.40%"
"2020-12-29","0.013","-0.003","0.016","-0.015","66.67%"
"2020-12-28","0.007","0.002","0.011","-0.002","476.92%"
"2020-12-27","0.001","0.002","0.002","-0.018","-48.00%"
"2020-12-26","0.002","0.002","0.002","0.002","-77.88%"
"2020-12-25","0.011","-0.002","0.013","-0.006","352.00%"
"2020-12-24","0.002","-0.002","0.005","-0.019","-60.32%"
"2020-12-23","0.006","-0.013","0.009","-0.026","-226.00%"
"2020-12-22","-0.005","-0.010","-0.001","-0.026","-80.00%"
"2020-12-21","-0.025","-0.005","-0.001","-0.027","165.96%"
"2020-12-20","-0.009","-0.007","-0.007","-0.021","25.33%"
"2020-12-19","-0.007","-0.007","-0.007","-0.007","-676.92%"
"2020-12-18","0.001","-0.009","0.002","-0.025","-48.00%"
"2020-12-17","0.002","-0.013","0.002","-0.025","-200.00%"
"2020-12-16","-0.002","-0.010","0.002","-0.025","92.31%"
"2020-12-15","-0.001","-0.007","-0.001","-0.025","-200.00%"
"2020-12-14","0.001","-0.006","0.006","-0.024","-118.84%"
"2020-12-13","-0.007","-0.006","-0.006","-0.026","0.00%"
"2020-12-12","-0.007","-0.006","-0.006","-0.007","176.00%"
"2020-12-11","-0.002","-0.002","0.005","-0.024","-139.68%"
"2020-12-10","0.006","-0.002","0.010","-0.019","-37.00%"
"2020-12-09","0.010","-0.002","0.013","-0.018","33.33%"
"2020-12-08","0.007","0.002","0.009","-0.019","-33.63%"
"2020-12-07","0.011","0.010","0.013","-0.013","28.41%"
"2020-12-06","0.009","0.006","0.009","-0.002","39.68%"
"2020-12-05","0.006","0.006","0.006","0.006","-73.53%"
"2020-12-04","0.024","0.005","0.024","-0.010","58.67%"
"2020-12-03","0.015","0.005","0.020","-0.007","-14.29%"
"2020-12-02","0.018","0.006","0.019","-0.010","-12.50%"
"2020-12-01","0.020","0.005","0.020","-0.018","44.93%"
"2020-11-30","0.014","-0.001","0.018","-0.015","-192.00%"
"2020-11-29","-0.015","-0.015","-0.015","-0.015","2,400.00%"
"2020-11-28","-0.001","-0.001","-0.001","-0.001","-109.52%"
"2020-11-27","0.006","-0.004","0.010","-0.015","65.79%"
"2020-11-26","0.004","-0.002","0.010","-0.019","-49.33%"
"2020-11-25","0.007","-0.002","0.009","-0.020","0.00%"
"2020-11-24","0.007","-0.009","0.009","-0.018","-297.37%"
"2020-11-23","-0.004","-0.029","-0.004","-0.029","-86.81%"
"2020-11-22","-0.029","-0.011","-0.011","-0.029","154.87%"
"2020-11-21","-0.011","-0.011","-0.011","-0.011","769.23%"
"2020-11-20","-0.001","-0.010","0.002","-0.027","-86.17%"
"2020-11-19","-0.009","-0.004","0.005","-0.023","-288.00%"
"2020-11-18","0.005","0.002","0.006","-0.021","-140.00%"
"2020-11-17","-0.013","0.005","0.013","-0.013","-210.62%"
"2020-11-16","0.011","0.004","0.023","-0.013","769.23%"
"2020-11-15","0.001","0.002","0.002","0.001","-48.00%"
"2020-11-14","0.002","0.002","0.002","0.002","-71.59%"
"2020-11-13","0.009","-0.001","0.014","-0.015","-29.60%"
"2020-11-12","0.013","0.009","0.019","-0.007","-44.44%"
"2020-11-11","0.023","0.015","0.026","0.001","-18.18%"
"2020-11-10","0.027","0.010","0.038","-0.001","-21.43%"
"2020-11-09","0.035","-0.001","0.038","-0.024","-5,933.33%"
"2020-11-08","-0.001","-0.007","-0.001","-0.011","-94.69%"
"2020-11-07","-0.011","-0.007","-0.007","-0.011","-175.33%"
"2020-11-06","0.015","-0.010","0.018","-0.026","200.00%"
"2020-11-05","0.005","-0.004","0.009","-0.030","31.58%"
"2020-11-04","0.004","0.027","0.030","-0.013","-86.81%"
"2020-11-03","0.029","0.029","0.029","0.024","4.73%"
"2020-11-02","0.027","0.015","0.030","0.002","76.28%"
"2020-11-01","0.016","0.014","0.016","0.002","13.04%"
"2020-10-31","0.014","0.014","0.014","0.014","-52.08%"
"2020-10-30","0.029","0.009","0.031","0.007","108.70%"
"2020-10-29","0.014","0.005","0.018","-0.014","56.82%"
"2020-10-28","0.009","0.001","0.011","-0.018","39.68%"
"2020-10-27","0.006","0.007","0.020","-0.006","-66.49%"
"2020-10-26","0.019","0.011","0.024","-0.004","77.36%"
"2020-10-25","0.011","0.019","0.019","0.004","-43.62%"
"2020-10-24","0.019","0.019","0.019","0.019","-28.52%"
"2020-10-23","0.026","0.015","0.030","0.004","16.89%"
"2020-10-22","0.023","0.007","0.023","-0.007","80.00%"
"2020-10-21","0.013","-0.004","0.019","-0.010","400.00%"
"2020-10-20","0.002","-0.002","0.006","-0.019","-50.00%"
"2020-10-19","0.005","-0.002","0.009","-0.018","-189.29%"
"2020-10-18","-0.006","-0.005","-0.005","-0.020","12.00%"
"2020-10-17","-0.005","-0.005","-0.005","-0.005","-200.00%"
"2020-10-16","0.005","0.002","0.007","-0.020","0.00%"
"2020-10-15","0.005","0.010","0.014","-0.023","-71.43%"
"2020-10-14","0.018","0.007","0.024","-0.007","40.00%"
"2020-10-13","0.013","0.010","0.020","-0.004","-33.51%"
"2020-10-12","0.019","0.006","0.020","-0.007","327.27%"
"2020-10-11","0.004","0.010","0.010","-0.006","-56.00%"
"2020-10-10","0.010","0.010","0.010","0.010","-50.00%"
"2020-10-09","0.020","0.007","0.021","-0.006","60.00%"
"2020-10-08","0.013","0.016","0.019","-0.007","-50.00%"
"2020-10-07","0.025","0.009","0.025","-0.002","0.00%"
"2020-10-06","0.025","0.010","0.027","-0.001","100.00%"
"2020-10-05","0.013","-0.006","0.014","-0.021","-266.67%"
"2020-10-04","-0.007","-0.009","-0.007","-0.021","-36.97%"
"2020-10-03","-0.012","-0.009","-0.009","-0.012","35.23%"
"2020-10-02","-0.009","-0.005","0.001","-0.026","-331.58%"
"2020-10-01","0.004","-0.007","0.010","-0.020","-138.00%"
"2020-09-30","-0.010","-0.015","-0.001","-0.029","13.64%"
"2020-09-29","-0.009","-0.011","-0.002","-0.031","131.58%"
"2020-09-28","-0.004","-0.021","0.001","-0.025","-81.00%"
"2020-09-27","-0.020","-0.019","-0.019","-0.036","6.38%"
"2020-09-26","-0.019","-0.019","-0.019","-0.019","88.00%"
"2020-09-25","-0.010","-0.025","-0.009","-0.035","-42.86%"
"2020-09-24","-0.018","-0.023","-0.011","-0.040","16.67%"
"2020-09-23","-0.015","-0.013","-0.010","-0.039","-1,253.85%"
"2020-09-22","0.001","-0.014","-0.014","-0.014","0.00%"
"2020-09-21","0.001","-0.025","0.001","-0.025","-105.20%"
"2020-09-20","-0.025","-0.010","-0.010","-0.025","0.00%"
"2020-09-19","-0.025","-0.010","-0.010","-0.025","900.00%"
"2020-09-18","-0.002","-0.014","-0.001","-0.025","0.00%"
"2020-09-17","-0.002","-0.007","-0.001","-0.025","-34.21%"
"2020-09-16","-0.004","-0.015","-0.001","-0.029","-86.18%"
"2020-09-15","-0.027","-0.010","-0.001","-0.030","450.00%"
"2020-09-14","-0.005","-0.007","0.001","-0.026","-78.99%"
"2020-09-13","-0.024","-0.005","-0.005","-0.024","376.00%"
"2020-09-12","-0.005","-0.005","-0.005","-0.005","100.00%"
"2020-09-11","-0.002","-0.002","0.009","-0.023","-116.67%"
"2020-09-10","0.015","0.001","0.019","-0.018","32.74%"
"2020-09-09","0.011","-0.002","0.013","-0.019","28.41%"
"2020-09-08","0.009","0.009","0.016","-0.018","-56.00%"
"2020-09-07","0.020","0.023","0.026","-0.005","10.50%"
"2020-09-06","0.018","0.013","0.018","0.002","624.00%"
"2020-09-05","0.002","0.013","0.013","0.002","-87.50%"
"2020-09-04","0.020","0.007","0.020","-0.004","14.29%"
"2020-09-03","0.018","0.015","0.023","-0.004","-22.22%"
"2020-09-02","0.023","0.020","0.031","0.006","-14.45%"
"2020-09-01","0.026","0.027","0.040","0.011","-19.08%"
"2020-08-31","0.032","0.030","0.040","0.023","20.82%"
"2020-08-30","0.027","0.034","0.034","0.027","-20.41%"
"2020-08-29","0.034","0.034","0.034","0.034","-6.89%"
"2020-08-28","0.036","0.034","0.050","0.018","-6.44%"
"2020-08-27","0.039","0.019","0.040","-0.002","10.86%"
"2020-08-26","0.035","0.018","0.038","0.009","27.27%"
"2020-08-25","0.027","0.013","0.031","-0.009","99.28%"
"2020-08-24","0.014","0.007","0.015","-0.011","176.00%"
"2020-08-23","0.005","0.007","0.007","0.005","-166.67%"
"2020-08-22","-0.007","0.007","0.007","-0.007","-142.86%"
"2020-08-21","0.018","0.002","0.021","-0.009","7.36%"
"2020-08-20","0.016","0.004","0.023","-0.006","63.00%"
"2020-08-19","0.010","0.007","0.014","-0.014","13.64%"
"2020-08-18","0.009","0.017","0.019","-0.007","-60.89%"
"2020-08-17","0.023","0.019","0.031","0.005","28.57%"
"2020-08-16","0.018","0.019","0.019","0.018","-6.91%"
"2020-08-15","0.019","0.019","0.019","0.019","-11.74%"
"2020-08-14","0.021","0.020","0.036","0.006","-29.00%"
"2020-08-13","0.030","0.010","0.032","-0.013","-27.36%"
"2020-08-12","0.041","0.010","0.041","-0.011","73.53%"
"2020-08-11","0.024","-0.004","0.029","-0.018","-265.28%"
"2020-08-10","-0.014","-0.038","-0.002","-0.038","-42.40%"
"2020-08-09","-0.025","-0.025","-0.025","-0.025","-33.33%"
"2020-08-08","-0.038","-0.025","-0.025","-0.038","-526.14%"
"2020-08-07","0.009","-0.014","0.009","-0.040","-200.00%"
"2020-08-06","-0.009","-0.014","-0.002","-0.040","39.68%"
"2020-08-05","-0.006","-0.039","-0.005","-0.046","-70.42%"
"2020-08-04","-0.021","-0.021","-0.007","-0.045","1,538.46%"
"2020-08-03","-0.001","-0.012","0.004","-0.035","-90.08%"
"2020-08-02","-0.013","-0.032","-0.013","-0.032","-68.28%"
"2020-08-01","-0.041","-0.032","-0.032","-0.041","986.84%"
"2020-07-31","-0.004","-0.021","-0.002","-0.046","-39.68%"
"2020-07-30","-0.006","-0.025","-0.005","-0.043","0.00%"
"2020-07-29","-0.006","-0.014","-0.002","-0.041","384.62%"
"2020-07-28","-0.001","-0.021","0.001","-0.039","-48.00%"
"2020-07-27","-0.002","-0.023","-0.001","-0.038","-63.77%"
"2020-07-26","-0.007","-0.023","-0.007","-0.023","-82.22%"
"2020-07-25","-0.039","-0.023","-0.023","-0.039","340.91%"
"2020-07-24","-0.009","0.001","0.001","-0.009","-776.92%"
"2020-07-23","0.001","0.001","0.001","0.001","-114.77%"
"2020-07-22","-0.009","-0.025","0.002","-0.040","39.68%"
"2020-07-21","-0.006","-0.015","-0.001","-0.040","-200.00%"
"2020-07-20","0.006","-0.018","0.009","-0.038","-191.30%"
"2020-07-19","-0.007","-0.025","-0.005","-0.025","-81.60%"
"2020-07-18","-0.038","-0.025","-0.014","-0.038","-1,600.00%"
"2020-07-17","0.002","-0.013","0.002","-0.040","-292.31%"
"2020-07-16","-0.001","0.001","0.002","-0.038","-114.77%"
"2020-07-15","0.009","0.011","0.016","-0.026","-29.60%"
"2020-07-14","0.013","0.009","0.018","-0.020","-54.55%"
"2020-07-13","0.027","-0.010","0.029","-0.015","-181.36%"
"2020-07-12","-0.034","-0.023","-0.023","-0.034","0.00%"
"2020-07-11","-0.034","-0.023","-0.023","-0.034","-1,452.00%"
"2020-07-10","0.002","-0.020","0.002","-0.036","-34.21%"
"2020-07-09","0.004","0.004","0.011","-0.015","-79.79%"
"2020-07-08","0.019","0.012","0.020","-0.025","-31.64%"
"2020-07-07","0.027","0.023","0.029","-0.010","-21.43%"
"2020-07-06","0.035","0.013","0.038","-0.001","55.56%"
"2020-07-05","0.023","0.006","0.023","0.006","-457.14%"
"2020-07-04","-0.006","0.006","0.006","-0.006","-121.00%"
"2020-07-03","0.030","0.029","0.030","-0.009","-11.24%"
"2020-07-02","0.034","0.030","0.049","0.005","-28.84%"
"2020-07-01","0.047","0.023","0.050","0.007","26.67%"
"2020-06-30","0.038","0.020","0.043","-0.005","66.67%"
"2020-06-29","0.023","-0.006","0.025","-0.020","301.79%"
"2020-06-28","0.006","-0.002","0.008","-0.002","-129.79%"
"2020-06-27","-0.019","-0.002","-0.002","-0.019","-215.34%"
"2020-06-26","0.016","0.013","0.020","-0.018","-13.30%"
"2020-06-25","0.019","0.012","0.025","-0.013","-11.74%"
"2020-06-24","0.021","0.018","0.029","-0.013","-10.50%"
"2020-06-23","0.024","0.004","0.027","-0.015","11.74%"
"2020-06-22","0.021","0.002","0.029","-0.014","-10.50%"
"2020-06-19","0.024","0.024","0.024","0.024","-9.51%"
"2020-06-18","0.026","0.026","0.026","0.026","0.00%"
"2020-06-17","0.026","0.026","0.026","0.026","50.29%"
"2020-06-16","0.018","0.018","0.018","0.018","600.00%"
"2020-06-15","0.002","0.002","0.002","0.002","-75.00%"
"2020-06-12","0.010","0.010","0.010","0.010","300.00%"
"2020-06-11","0.002","0.002","0.002","0.002","-91.32%"
"2020-06-10","0.029","0.029","0.029","0.029","28.00%"
"2020-06-09","0.023","0.023","0.023","0.023","-60.04%"
"2020-06-08","0.056","0.056","0.056","0.056","-31.76%"
"2020-06-05","0.083","0.083","0.083","0.083","94.12%"
"2020-06-04","0.043","0.043","0.043","0.043","35.78%"
"2020-06-03","0.031","0.031","0.031","0.031","108.67%"
"2020-06-02","0.015","0.015","0.015","0.015","-45.45%"
"2020-06-01","0.027","0.027","0.027","0.027","266.67%"
"2020-05-29","0.007","0.007","0.007","0.007","97.37%"
"2020-05-28","0.004","0.004","0.004","0.004","-200.00%"
"2020-05-27","-0.004","-0.004","-0.004","-0.004","192.31%"
"2020-05-26","-0.001","-0.001","-0.001","-0.001","-120.63%"
"2020-05-25","0.006","0.006","0.006","0.006","-171.59%"
"2020-05-22","-0.009","-0.009","-0.009","-0.009","131.58%"
"2020-05-21","-0.004","-0.004","-0.004","-0.004","192.31%"
"2020-05-20","-0.001","-0.001","-0.001","-0.001","-120.63%"
"2020-05-19","0.006","0.006","0.006","0.006","65.79%"
"2020-05-18","0.004","0.004","0.004","0.004","-200.00%"
"2020-05-15","-0.004","-0.004","-0.004","-0.004","0.00%"
"2020-05-14","-0.004","-0.004","-0.004","-0.004","192.31%"
"2020-05-13","-0.001","-0.001","-0.001","-0.001","-126.00%"
"2020-05-12","0.005","0.005","0.005","0.005","-71.43%"
"2020-05-11","0.018","0.018","0.018","0.018","360.53%"
"2020-05-08","0.004","0.004","0.004","0.004","-160.32%"
"2020-05-07","-0.006","-0.006","-0.006","-0.006","-89.04%"
"2020-05-06","-0.058","-0.058","-0.058","-0.058","0.00%"
"2020-05-05","-0.058","-0.058","-0.058","-0.058","0.00%"
"2020-05-04","-0.058","-0.058","-0.058","-0.058","2,200.00%"
"2020-05-01","-0.002","-0.002","-0.002","-0.002","-90.49%"
"2020-04-30","-0.026","-0.026","-0.026","-0.026","23.47%"
"2020-04-29","-0.021","-0.021","-0.021","-0.021","0.00%"
"2020-04-28","-0.021","-0.021","-0.021","-0.021","13.30%"
"2020-04-27","-0.019","-0.019","-0.019","-0.019","0.00%"
"2020-04-24","-0.019","-0.019","-0.019","-0.019","25.33%"
"2020-04-23","-0.015","-0.015","-0.015","-0.015","-700.00%"
"2020-04-22","0.002","0.002","0.002","0.002","92.31%"
"2020-04-21","0.001","0.001","0.001","0.001","-94.54%"
"2020-04-20","0.024","0.024","0.024","0.024","90.40%"
"2020-04-17","0.013","0.013","0.013","0.013","150.00%"
"2020-04-16","0.005","0.005","0.005","0.005","-484.62%"
"2020-04-15","-0.001","-0.001","-0.001","-0.001","-109.42%"
"2020-04-14","0.014","0.014","0.014","0.014","-35.21%"
"2020-04-13","0.021","0.021","0.021","0.021","-221.71%"
"2020-04-10","-0.018","-0.018","-0.018","-0.018","-155.91%"
"2020-04-09","0.031","0.031","0.031","0.031","-13.77%"
"2020-04-08","0.036","0.036","0.036","0.036","-3.20%"
"2020-04-07","0.038","0.038","0.038","0.038","171.74%"
"2020-04-06","0.014","0.014","0.014","0.014","-319.05%"
"2020-04-03","-0.006","-0.006","-0.006","-0.006","-44.25%"
"2020-04-02","-0.011","-0.011","-0.011","-0.011","126.00%"
"2020-04-01","-0.005","-0.005","-0.005","-0.005","-66.67%"
"2020-03-31","-0.015","-0.015","-0.015","-0.015","-300.00%"
"2020-03-30","0.007","0.007","0.007","0.007","50.00%"
"2020-03-27","0.005","0.005","0.005","0.005","-300.00%"
"2020-03-26","-0.002","-0.002","-0.002","-0.002","-108.33%"
"2020-03-25","0.030","0.030","0.030","0.030","84.05%"
"2020-03-24","0.016","0.016","0.016","0.016","158.73%"
"2020-03-23","0.006","0.006","0.006","0.006","-91.60%"
"2020-03-20","0.075","0.075","0.075","0.075","-4.82%"
"2020-03-19","0.079","0.079","0.079","0.079","6.78%"
"2020-03-18","0.074","0.074","0.074","0.074","-2,042.11%"
"2020-03-17","-0.004","-0.004","-0.004","-0.004","-69.60%"
"2020-03-16","-0.013","-0.013","-0.013","-0.013","-80.41%"
"2020-03-13","-0.064","-0.064","-0.064","-0.064","-30.12%"
"2020-03-12","-0.091","-0.091","-0.091","-0.091","-25.47%"
"2020-03-11","-0.123","-0.123","-0.123","-0.123","-1.05%"
"2020-03-10","-0.124","-0.124","-0.124","-0.124","-41.41%"
"2020-03-09","-0.211","-0.211","-0.211","-0.211","22.49%"
"2020-03-06","-0.172","-0.172","-0.172","-0.172","51.58%"
"2020-03-05","-0.114","-0.114","-0.114","-0.114","-2.15%"
"2020-03-04","-0.116","-0.116","-0.116","-0.116","27.38%"
"2020-03-03","-0.091","-0.091","-0.091","-0.091","-16.08%"
"2020-03-02","-0.109","-0.109","-0.109","-0.109","-16.31%"
"2020-02-28","-0.130","-0.130","-0.130","-0.130","42.39%"
"2020-02-27","-0.091","-0.091","-0.091","-0.091","46.08%"
"2020-02-26","-0.063","-0.063","-0.063","-0.063","-25.42%"
"2020-02-25","-0.084","-0.084","-0.084","-0.084","130.85%"
"2020-02-24","-0.036","-0.036","-0.036","-0.036","21.00%"
"2020-02-21","-0.030","-0.030","-0.030","-0.030","0.00%"
"2020-02-20","-0.030","-0.030","-0.030","-0.030","1,100.00%"
"2020-02-19","-0.002","-0.002","-0.002","-0.002","-88.26%"
"2020-02-18","-0.021","-0.021","-0.021","-0.021","-213.30%"
"2020-02-17","0.019","0.019","0.019","0.019","-21.01%"
"2020-02-14","0.024","0.024","0.024","0.024","-9.51%"
"2020-02-13","0.026","0.026","0.026","0.026","31.50%"
"2020-02-12","0.020","0.020","0.020","0.020","-626.32%"
"2020-02-11","-0.004","-0.004","-0.004","-0.004","52.00%"
"2020-02-10","-0.002","-0.002","-0.002","-0.002","-122.12%"
"2020-02-07","0.011","0.011","0.011","0.011","-65.23%"
"2020-02-06","0.032","0.032","0.032","0.032","-7.14%"
"2020-02-05","0.035","0.035","0.035","0.035","180.00%"
"2020-02-04","0.013","0.013","0.013","0.013","-200.00%"
"2020-02-03","-0.013","-0.013","-0.013","-0.013","10.62%"
"2020-01-31","-0.011","-0.011","-0.011","-0.011","-397.37%"
"2020-01-30","0.004","0.004","0.004","0.004","-83.11%"
"2020-01-29","0.023","0.023","0.023","0.023","-25.00%"
"2020-01-28","0.030","0.030","0.030","0.030","71.43%"
"2020-01-27","0.018","0.018","0.018","0.018","-58.82%"
"2020-01-24","0.043","0.043","0.043","0.043","6.25%"
"2020-01-23","0.040","0.040","0.040","0.040","-44.83%"
"2020-01-22","0.072","0.072","0.072","0.072","0.00%"
"2020-01-21","0.072","0.072","0.072","0.072","-14.71%"
"2020-01-20","0.085","0.085","0.085","0.085","6.25%"
"2020-01-17","0.080","0.080","0.080","0.080","-14.71%"
"2020-01-16","0.094","0.094","0.094","0.094","11.93%"
"2020-01-15","0.084","0.084","0.084","0.084","-4.23%"
"2020-01-14","0.087","0.087","0.087","0.087","11.04%"
"2020-01-13","0.079","0.079","0.079","0.079","-1.50%"
"2020-01-10","0.080","0.080","0.080","0.080","-7.19%"
"2020-01-09","0.086","0.086","0.086","0.086","9.39%"
"2020-01-08","0.079","0.079","0.079","0.079","5.07%"
"2020-01-07","0.075","0.075","0.075","0.075","0.00%"
"2020-01-06","0.075","0.075","0.075","0.075","3.45%"
"2020-01-03","0.072","0.072","0.072","0.072","0.00%"
"2020-01-02","0.072","0.072","0.072","0.072","0.00%"
"2020-01-01","0.072","0.072","0.072","0.072","0.00%"
"2019-12-31","0.072","0.072","0.072","0.072","-18.36%"
"2019-12-30","0.089","0.089","0.089","0.089","-2.74%"
"2019-12-27","0.091","0.091","0.091","0.091","-3.89%"
"2019-12-26","0.095","0.095","0.095","0.095","10.08%"
"2019-12-25","0.086","0.086","0.086","0.086","-24.17%"
"2019-12-24","0.114","0.114","0.114","0.114","23.03%"
"2019-12-23","0.093","0.093","0.093","0.093","-3.95%"
"2019-12-20","0.096","0.096","0.096","0.096","24.26%"
"2019-12-19","0.078","0.078","0.078","0.078","3.33%"
"2019-12-18","0.075","0.075","0.075","0.075","1.63%"
"2019-12-17","0.074","0.074","0.074","0.074","3.65%"
"2019-12-16","0.071","0.071","0.071","0.071","29.45%"
"2019-12-13","0.055","0.055","0.055","0.055","-33.33%"
"2019-12-12","0.083","0.083","0.083","0.083","43.48%"
"2019-12-11","0.058","0.058","0.058","0.058","-8.00%"
"2019-12-10","0.063","0.063","0.063","0.063","-13.79%"
"2019-12-09","0.072","0.072","0.072","0.072","-10.82%"
"2019-12-06","0.081","0.081","0.081","0.081","44.40%"
"2019-12-05","0.056","0.056","0.056","0.056","-13.38%"
"2019-12-04","0.065","0.065","0.065","0.065","298.77%"
"2019-12-03","0.016","0.016","0.016","0.016","-71.65%"
"2019-12-02","0.058","0.058","0.058","0.058","76.92%"
"2019-11-29","0.032","0.032","0.032","0.032","52.58%"
"2019-11-28","0.021","0.021","0.021","0.021","88.50%"
"2019-11-27","0.011","0.011","0.011","0.011","-30.67%"
"2019-11-26","0.016","0.016","0.016","0.016","-31.51%"
"2019-11-25","0.024","0.024","0.024","0.024","-9.51%"
"2019-11-22","0.026","0.026","0.026","0.026","23.47%"
"2019-11-21","0.021","0.021","0.021","0.021","-10.50%"
"2019-11-20","0.024","0.024","0.024","0.024","-26.77%"
"2019-11-19","0.032","0.032","0.032","0.032","23.57%"
"2019-11-18","0.026","0.026","0.026","0.026","-32.22%"
"2019-11-15","0.039","0.039","0.039","0.039","72.44%"
"2019-11-14","0.023","0.023","0.023","0.023","-53.89%"
"2019-11-13","0.049","0.049","0.049","0.049","-38.07%"
"2019-11-12","0.079","0.079","0.079","0.079","31.33%"
"2019-11-11","0.060","0.060","0.060","0.060","-12.79%"
"2019-11-08","0.069","0.069","0.069","0.069","-11.23%"
"2019-11-07","0.078","0.078","0.078","0.078","585.84%"
"2019-11-06","0.011","0.011","0.011","0.011","769.23%"
"2019-11-05","0.001","0.001","0.001","0.001","-102.97%"
"2019-11-04","-0.044","-0.044","-0.044","-0.044","6.05%"
"2019-11-01","-0.041","-0.041","-0.041","-0.041","22.19%"
"2019-10-31","-0.034","-0.034","-0.034","-0.034","1,252.00%"
"2019-10-30","-0.002","-0.002","-0.002","-0.002","92.31%"
"2019-10-29","-0.001","-0.001","-0.001","-0.001","-200.00%"
"2019-10-28","0.001","0.001","0.001","0.001","-107.98%"
"2019-10-25","-0.016","-0.016","-0.016","-0.016","-40.73%"
"2019-10-24","-0.027","-0.027","-0.027","-0.027","-15.38%"
"2019-10-23","-0.032","-0.032","-0.032","-0.032","6.21%"
"2019-10-22","-0.031","-0.031","-0.031","-0.031","104.00%"
"2019-10-21","-0.015","-0.015","-0.015","-0.015","-42.97%"
"2019-10-18","-0.026","-0.026","-0.026","-0.026","-12.33%"
"2019-10-17","-0.030","-0.030","-0.030","-0.030","-4.15%"
"2019-10-16","-0.031","-0.031","-0.031","-0.031","19.01%"
"2019-10-15","-0.026","-0.026","-0.026","-0.026","-15.97%"
"2019-10-14","-0.031","-0.031","-0.031","-0.031","19.01%"
"2019-10-11","-0.026","-0.026","-0.026","-0.026","-48.73%"
"2019-10-10","-0.051","-0.051","-0.051","-0.051","-19.59%"
"2019-10-09","-0.064","-0.064","-0.064","-0.064","-25.99%"
"2019-10-08","-0.086","-0.086","-0.086","-0.086","1.41%"
"2019-10-07","-0.085","-0.085","-0.085","-0.085","13.33%"
"2019-10-04","-0.075","-0.075","-0.075","-0.075","-12.99%"
"2019-10-03","-0.086","-0.086","-0.086","-0.086","72.40%"
"2019-10-02","-0.050","-0.050","-0.050","-0.050","-4.76%"
"2019-10-01","-0.052","-0.052","-0.052","-0.052","-12.50%"
"2019-09-30","-0.060","-0.060","-0.060","-0.060","-28.40%"
"2019-09-27","-0.084","-0.084","-0.084","-0.084","-11.79%"
"2019-09-26","-0.095","-0.095","-0.095","-0.095","5.56%"
"2019-09-25","-0.090","-0.090","-0.090","-0.090","-8.91%"
"2019-09-24","-0.099","-0.099","-0.099","-0.099","12.91%"
"2019-09-23","-0.087","-0.087","-0.087","-0.087","18.56%"
"2019-09-20","-0.074","-0.074","-0.074","-0.074","15.67%"
"2019-09-19","-0.064","-0.064","-0.064","-0.064","45.66%"
"2019-09-18","-0.044","-0.044","-0.044","-0.044","217.39%"
"2019-09-17","-0.014","-0.014","-0.014","-0.014","-144.09%"
"2019-09-16","0.031","0.031","0.031","0.031","92.02%"
"2019-09-13","0.016","0.016","0.016","0.016","-144.90%"
"2019-09-12","-0.036","-0.036","-0.036","-0.036","-25.61%"
"2019-09-11","-0.049","-0.049","-0.049","-0.049","-31.46%"
"2019-09-10","-0.071","-0.071","-0.071","-0.071","-15.04%"
"2019-09-09","-0.084","-0.084","-0.084","-0.084","-2.78%"
"2019-09-06","-0.086","-0.086","-0.086","-0.086","-10.49%"
"2019-09-05","-0.096","-0.096","-0.096","-0.096","-25.23%"
"2019-09-04","-0.129","-0.129","-0.129","-0.129","-6.33%"
"2019-09-03","-0.138","-0.138","-0.138","-0.138","8.87%"
"2019-09-02","-0.126","-0.126","-0.126","-0.126","16.08%"
"2019-08-30","-0.109","-0.109","-0.109","-0.109","-6.45%"
"2019-08-29","-0.116","-0.116","-0.116","-0.116","-7.92%"
"2019-08-28","-0.126","-0.126","-0.126","-0.126","-3.81%"
"2019-08-27","-0.131","-0.131","-0.131","-0.131","2.98%"
"2019-08-26","-0.127","-0.127","-0.127","-0.127","14.56%"
"2019-08-23","-0.111","-0.111","-0.111","-0.111","6.00%"
"2019-08-22","-0.105","-0.105","-0.105","-0.105","5.00%"
"2019-08-21","-0.100","-0.100","-0.100","-0.100","0.00%"
"2019-08-20","-0.100","-0.100","-0.100","-0.100","5.26%"
"2019-08-19","-0.095","-0.095","-0.095","-0.095","-1.35%"
"2019-08-16","-0.096","-0.096","-0.096","-0.096","-15.38%"
"2019-08-15","-0.114","-0.114","-0.114","-0.114","3.45%"
"2019-08-14","-0.110","-0.110","-0.110","-0.110","5.97%"
"2019-08-13","-0.104","-0.104","-0.104","-0.104","16.89%"
"2019-08-12","-0.089","-0.089","-0.089","-0.089","-4.00%"
"2019-08-09","-0.093","-0.093","-0.093","-0.093","27.59%"
"2019-08-08","-0.072","-0.072","-0.072","-0.072","-9.38%"
"2019-08-07","-0.080","-0.080","-0.080","-0.080","42.10%"
"2019-08-06","-0.056","-0.056","-0.056","-0.056","-22.34%"
"2019-08-05","-0.072","-0.072","-0.072","-0.072","65.53%"
"2019-08-02","-0.044","-0.044","-0.044","-0.044","168.71%"
"2019-08-01","-0.016","-0.016","-0.016","-0.016","-40.73%"
"2019-07-31","-0.027","-0.027","-0.027","-0.027","10.00%"
"2019-07-30","-0.025","-0.025","-0.025","-0.025","66.67%"
"2019-07-29","-0.015","-0.015","-0.015","-0.015","8.70%"
"2019-07-26","-0.014","-0.014","-0.014","-0.014","0.00%"
"2019-07-25","-0.014","-0.014","-0.014","-0.014","-21.14%"
"2019-07-24","-0.018","-0.018","-0.018","-0.018","7.36%"
"2019-07-23","-0.016","-0.016","-0.016","-0.016","-13.30%"
"2019-07-22","-0.019","-0.019","-0.019","-0.019","25.33%"
"2019-07-19","-0.015","-0.015","-0.015","-0.015","200.00%"
"2019-07-18","-0.005","-0.005","-0.005","-0.005","284.62%"
"2019-07-17","-0.001","-0.001","-0.001","-0.001","-107.98%"
"2019-07-16","0.016","0.016","0.016","0.016","-1,353.85%"
"2019-07-15","-0.001","-0.001","-0.001","-0.001","-134.21%"
"2019-07-12","0.004","0.004","0.004","0.004","192.31%"
"2019-07-11","0.001","0.001","0.001","0.001","-120.63%"
"2019-07-10","-0.006","-0.006","-0.006","-0.006","-64.00%"
"2019-07-09","-0.018","-0.018","-0.018","-0.018","-17.84%"
"2019-07-08","-0.021","-0.021","-0.021","-0.021","-5.33%"
"2019-07-05","-0.023","-0.023","-0.023","-0.023","-28.12%"
"2019-07-04","-0.031","-0.031","-0.031","-0.031","13.82%"
"2019-07-03","-0.027","-0.027","-0.027","-0.027","120.00%"
"2019-07-02","-0.013","-0.013","-0.013","-0.013","42.05%"
"2019-07-01","-0.009","-0.009","-0.009","-0.009","-53.19%"
"2019-06-28","-0.019","-0.019","-0.019","-0.019","150.67%"
"2019-06-27","-0.007","-0.007","-0.007","-0.007","200.00%"
"2019-06-26","-0.002","-0.002","-0.002","-0.002","-90.00%"
"2019-06-25","-0.025","-0.025","-0.025","-0.025","5.04%"
"2019-06-24","-0.024","-0.024","-0.024","-0.024","11.74%"
"2019-06-21","-0.021","-0.021","-0.021","-0.021","-36.98%"
"2019-06-20","-0.034","-0.034","-0.034","-0.034","350.67%"
"2019-06-19","-0.007","-0.007","-0.007","-0.007","-40.00%"
"2019-06-18","-0.013","-0.013","-0.013","-0.013","-266.67%"
"2019-06-17","0.007","0.007","0.007","0.007","19.05%"
"2019-06-14","0.006","0.006","0.006","0.006","-54.35%"
"2019-06-13","0.014","0.014","0.014","0.014","22.12%"
"2019-06-12","0.011","0.011","0.011","0.011","-39.89%"
"2019-06-11","0.019","0.019","0.019","0.019","88.00%"
"2019-06-10","0.010","0.010","0.010","0.010","100.00%"
"2019-06-07","0.005","0.005","0.005","0.005","-55.75%"
"2019-06-06","0.011","0.011","0.011","0.011","50.67%"
"2019-06-05","0.007","0.007","0.007","0.007","-79.34%"
"2019-06-04","0.036","0.036","0.036","0.036","11.69%"
"2019-06-03","0.032","0.032","0.032","0.032","-23.53%"
"2019-05-31","0.043","0.043","0.043","0.043","-21.00%"
"2019-05-30","0.054","0.054","0.054","0.054","34.50%"
"2019-05-29","0.040","0.040","0.040","0.040","-20.00%"
"2019-05-28","0.050","0.050","0.050","0.050","-5.84%"
"2019-05-27","0.053","0.053","0.053","0.053","-9.69%"
"2019-05-24","0.059","0.059","0.059","0.059","-2.00%"
"2019-05-23","0.060","0.060","0.060","0.060","-14.29%"
"2019-05-22","0.070","0.070","0.070","0.070","-15.15%"
"2019-05-21","0.083","0.083","0.083","0.083","-2.94%"
"2019-05-20","0.085","0.085","0.085","0.085","13.33%"
"2019-05-17","0.075","0.075","0.075","0.075","5.34%"
"2019-05-16","0.071","0.071","0.071","0.071","-8.13%"
"2019-05-15","0.078","0.078","0.078","0.078","-6.06%"
"2019-05-14","0.083","0.083","0.083","0.083","4.70%"
"2019-05-13","0.079","0.079","0.079","0.079","-3.08%"
"2019-05-10","0.081","0.081","0.081","0.081","-1.45%"
"2019-05-09","0.083","0.083","0.083","0.083","-1.55%"
"2019-05-08","0.084","0.084","0.084","0.084","9.83%"
"2019-05-07","0.076","0.076","0.076","0.076","-8.95%"
"2019-05-06","0.084","0.084","0.084","0.084","0.00%"
"2019-05-03","0.084","0.084","0.084","0.084","0.00%"
"2019-05-02","0.084","0.084","0.084","0.084","0.00%"
"2019-05-01","0.084","0.084","0.084","0.084","0.00%"
"2019-04-30","0.084","0.084","0.084","0.084","0.00%"
"2019-04-29","0.084","0.084","0.084","0.084","0.00%"
"2019-04-26","0.084","0.084","0.084","0.084","-15.18%"
"2019-04-25","0.099","0.099","0.099","0.099","9.78%"
"2019-04-24","0.090","0.090","0.090","0.090","-7.69%"
"2019-04-23","0.097","0.097","0.097","0.097","-10.39%"
"2019-04-22","0.109","0.109","0.109","0.109","1.21%"
"2019-04-19","0.108","0.108","0.108","0.108","4.88%"
"2019-04-18","0.102","0.102","0.102","0.102","-11.87%"
"2019-04-17","0.116","0.116","0.116","0.116","4.49%"
"2019-04-16","0.111","0.111","0.111","0.111","2.30%"
"2019-04-15","0.109","0.109","0.109","0.109","6.15%"
"2019-04-12","0.102","0.102","0.102","0.102","30.08%"
"2019-04-11","0.079","0.079","0.079","0.079","8.69%"
"2019-04-10","0.072","0.072","0.072","0.072","-1.76%"
"2019-04-09","0.074","0.074","0.074","0.074","-9.23%"
"2019-04-08","0.081","0.081","0.081","0.081","-5.68%"
"2019-04-05","0.086","0.086","0.086","0.086","6.03%"
"2019-04-04","0.081","0.081","0.081","0.081","14.19%"
"2019-04-03","0.071","0.071","0.071","0.071","11.60%"
"2019-04-02","0.064","0.064","0.064","0.064","4.08%"
"2019-04-01","0.061","0.061","0.061","0.061","2.17%"
"2019-03-29","0.060","0.060","0.060","0.060","9.09%"
"2019-03-28","0.055","0.055","0.055","0.055","-6.46%"
"2019-03-27","0.059","0.059","0.059","0.059","-12.89%"
"2019-03-26","0.068","0.068","0.068","0.068","42.11%"
"2019-03-25","0.047","0.047","0.047","0.047","-9.52%"
"2019-03-22","0.052","0.052","0.052","0.052","-28.86%"
"2019-03-21","0.074","0.074","0.074","0.074","-10.55%"
"2019-03-20","0.083","0.083","0.083","0.083","3.13%"
"2019-03-19","0.080","0.080","0.080","0.080","-3.03%"
"2019-03-18","0.083","0.083","0.083","0.083","4.70%"
"2019-03-15","0.079","0.079","0.079","0.079","-5.97%"
"2019-03-14","0.084","0.084","0.084","0.084","0.00%"
"2019-03-13","0.084","0.084","0.084","0.084","-5.63%"
"2019-03-12","0.089","0.089","0.089","0.089","-4.00%"
"2019-03-11","0.093","0.093","0.093","0.093","2.78%"
"2019-03-08","0.090","0.090","0.090","0.090","-4.05%"
"2019-03-07","0.094","0.094","0.094","0.094","-12.74%"
"2019-03-06","0.108","0.108","0.108","0.108","-14.89%"
"2019-03-05","0.126","0.126","0.126","0.126","4.12%"
"2019-03-04","0.121","0.121","0.121","0.121","0.00%"
"2019-03-01","0.121","0.121","0.121","0.121","2.10%"
"2019-02-28","0.119","0.119","0.119","0.119","15.90%"
"2019-02-27","0.102","0.102","0.102","0.102","10.81%"
"2019-02-26","0.093","0.093","0.093","0.093","-1.39%"
"2019-02-25","0.094","0.094","0.094","0.094","13.70%"
"2019-02-22","0.083","0.083","0.083","0.083","-8.33%"
"2019-02-21","0.090","0.090","0.090","0.090","1.35%"
"2019-02-20","0.089","0.089","0.089","0.089","0.00%"
"2019-02-19","0.089","0.089","0.089","0.089","-11.20%"
"2019-02-18","0.100","0.100","0.100","0.100","2.56%"
"2019-02-15","0.097","0.097","0.097","0.097","0.00%"
"2019-02-14","0.097","0.097","0.097","0.097","-11.36%"
"2019-02-13","0.110","0.110","0.110","0.110","7.32%"
"2019-02-12","0.102","0.102","0.102","0.102","18.91%"
"2019-02-11","0.086","0.086","0.086","0.086","0.00%"
"2019-02-08","0.086","0.086","0.086","0.086","-13.80%"
"2019-02-07","0.100","0.100","0.100","0.100","8.11%"
"2019-02-06","0.093","0.093","0.093","0.093","-1.39%"
"2019-02-05","0.094","0.094","0.094","0.094","-1.26%"
"2019-02-04","0.095","0.095","0.095","0.095","2.70%"
"2019-02-01","0.093","0.093","0.093","0.093","-1.39%"
"2019-01-31","0.094","0.094","0.094","0.094","-14.73%"
"2019-01-30","0.110","0.110","0.110","0.110","4.76%"
"2019-01-29","0.105","0.105","0.105","0.105","6.28%"
"2019-01-28","0.099","0.099","0.099","0.099","-3.61%"
"2019-01-25","0.102","0.102","0.102","0.102","-3.57%"
"2019-01-24","0.106","0.106","0.106","0.106","-4.49%"
"2019-01-23","0.111","0.111","0.111","0.111","-3.22%"
"2019-01-22","0.115","0.115","0.115","0.115","-3.20%"
"2019-01-21","0.119","0.119","0.119","0.119","-4.04%"
"2019-01-18","0.124","0.124","0.124","0.124","10.04%"
"2019-01-17","0.112","0.112","0.112","0.112","-3.27%"
"2019-01-16","0.116","0.116","0.116","0.116","-4.12%"
"2019-01-15","0.121","0.121","0.121","0.121","-0.98%"
"2019-01-14","0.123","0.123","0.123","0.123","0.00%"
"2019-01-11","0.123","0.123","0.123","0.123","-3.92%"
"2019-01-10","0.127","0.127","0.127","0.127","-8.93%"
"2019-01-09","0.140","0.140","0.140","0.140","4.63%"
"2019-01-08","0.134","0.134","0.134","0.134","10.31%"
"2019-01-07","0.121","0.121","0.121","0.121","0.00%"
"2019-01-04","0.121","0.121","0.121","0.121","2.10%"
"2019-01-03","0.119","0.119","0.119","0.119","0.00%"
"2019-01-02","0.119","0.119","0.119","0.119","-5.94%"
"2019-01-01","0.126","0.126","0.126","0.126","0.00%"
"2018-12-31","0.126","0.126","0.126","0.126","5.25%"
"2018-12-28","0.120","0.120","0.120","0.120","-8.61%"
"2018-12-27","0.131","0.131","0.131","0.131","-4.51%"
"2018-12-26","0.138","0.138","0.138","0.138","14.58%"
"2018-12-25","0.120","0.120","0.120","0.120","-15.01%"
"2018-12-24","0.141","0.141","0.141","0.141","-1.81%"
"2018-12-21","0.144","0.144","0.144","0.144","16.16%"
"2018-12-20","0.124","0.124","0.124","0.124","-6.57%"
"2018-12-19","0.132","0.132","0.132","0.132","-3.64%"
"2018-12-18","0.138","0.138","0.138","0.138","-11.29%"
"2018-12-17","0.155","0.155","0.155","0.155","7.79%"
"2018-12-14","0.144","0.144","0.144","0.144","-13.53%"
"2018-12-13","0.166","0.166","0.166","0.166","0.00%"
"2018-12-12","0.166","0.166","0.166","0.166","7.29%"
"2018-12-11","0.155","0.155","0.155","0.155","11.67%"
"2018-12-10","0.139","0.139","0.139","0.139","-11.87%"
"2018-12-07","0.157","0.157","0.157","0.157","-1.56%"
"2018-12-06","0.160","0.160","0.160","0.160","-7.25%"
"2018-12-05","0.172","0.172","0.172","0.172","0.70%"
"2018-12-04","0.171","0.171","0.171","0.171","-9.27%"
"2018-12-03","0.189","0.189","0.189","0.189","-3.18%"
"2018-11-30","0.195","0.195","0.195","0.195","5.41%"
"2018-11-29","0.185","0.185","0.185","0.185","-17.34%"
"2018-11-28","0.224","0.224","0.224","0.224","5.32%"
"2018-11-27","0.213","0.213","0.213","0.213","-1.76%"
"2018-11-26","0.216","0.216","0.216","0.216","-3.87%"
"2018-11-23","0.225","0.225","0.225","0.225","0.00%"
"2018-11-22","0.225","0.225","0.225","0.225","1.67%"
"2018-11-21","0.221","0.221","0.221","0.221","-1.64%"
"2018-11-20","0.225","0.225","0.225","0.225","3.45%"
"2018-11-19","0.218","0.218","0.218","0.218","-5.97%"
"2018-11-16","0.231","0.231","0.231","0.231","1.09%"
"2018-11-15","0.229","0.229","0.229","0.229","-6.15%"
"2018-11-14","0.244","0.244","0.244","0.244","-2.48%"
"2018-11-13","0.250","0.250","0.250","0.250","-0.48%"
"2018-11-12","0.251","0.251","0.251","0.251","-1.49%"
"2018-11-09","0.255","0.255","0.255","0.255","-2.86%"
"2018-11-08","0.262","0.262","0.262","0.262","0.46%"
"2018-11-07","0.261","0.261","0.261","0.261","-0.95%"
"2018-11-06","0.264","0.264","0.264","0.264","2.45%"
"2018-11-05","0.257","0.257","0.257","0.257","-2.83%"
"2018-11-02","0.265","0.265","0.265","0.265","1.92%"
"2018-11-01","0.260","0.260","0.260","0.260","-4.17%"
"2018-10-31","0.271","0.271","0.271","0.271","3.83%"
"2018-10-30","0.261","0.261","0.261","0.261","2.47%"
"2018-10-29","0.255","0.255","0.255","0.255","1.51%"
"2018-10-26","0.251","0.251","0.251","0.251","-7.41%"
"2018-10-25","0.271","0.271","0.271","0.271","-0.91%"
"2018-10-24","0.274","0.274","0.274","0.274","-5.19%"
"2018-10-23","0.289","0.289","0.289","0.289","-3.73%"
"2018-10-22","0.300","0.300","0.300","0.300","0.84%"
"2018-10-19","0.298","0.298","0.298","0.298","-1.65%"
"2018-10-18","0.303","0.303","0.303","0.303","1.24%"
"2018-10-17","0.299","0.299","0.299","0.299","-1.65%"
"2018-10-16","0.304","0.304","0.304","0.304","3.86%"
"2018-10-15","0.292","0.292","0.292","0.292","-2.11%"
"2018-10-12","0.299","0.299","0.299","0.299","0.00%"
"2018-10-11","0.299","0.299","0.299","0.299","-4.02%"
"2018-10-10","0.311","0.311","0.311","0.311","0.00%"
"2018-10-09","0.311","0.311","0.311","0.311","-0.38%"
"2018-10-08","0.313","0.313","0.313","0.313","0.00%"
"2018-10-05","0.313","0.313","0.313","0.313","-1.17%"
"2018-10-04","0.316","0.316","0.316","0.316","6.72%"
"2018-10-03","0.296","0.296","0.296","0.296","0.44%"
"2018-10-02","0.295","0.295","0.295","0.295","-3.28%"
"2018-10-01","0.305","0.305","0.305","0.305","2.52%"
"2018-09-28","0.298","0.298","0.298","0.298","2.59%"
"2018-09-27","0.290","0.290","0.290","0.290","-2.95%"
"2018-09-26","0.299","0.299","0.299","0.299","-1.65%"
"2018-09-25","0.304","0.304","0.304","0.304","2.53%"
"2018-09-24","0.296","0.296","0.296","0.296","-0.84%"
"2018-09-21","0.299","0.299","0.299","0.299","3.93%"
"2018-09-20","0.287","0.287","0.287","0.287","-2.97%"
"2018-09-19","0.296","0.296","0.296","0.296","1.30%"
"2018-09-18","0.292","0.292","0.292","0.292","1.74%"
"2018-09-17","0.287","0.287","0.287","0.287","1.77%"
"2018-09-14","0.282","0.282","0.282","0.282","3.67%"
"2018-09-13","0.273","0.273","0.273","0.273","0.44%"
"2018-09-12","0.271","0.271","0.271","0.271","-0.91%"
"2018-09-11","0.274","0.274","0.274","0.274","0.00%"
"2018-09-10","0.274","0.274","0.274","0.274","-0.44%"
"2018-09-07","0.275","0.275","0.275","0.275","3.27%"
"2018-09-06","0.266","0.266","0.266","0.266","-4.04%"
"2018-09-05","0.278","0.278","0.278","0.278","-3.07%"
"2018-09-04","0.286","0.286","0.286","0.286","0.88%"
"2018-09-03","0.284","0.284","0.284","0.284","2.71%"
"2018-08-31","0.276","0.276","0.276","0.276","1.84%"
"2018-08-30","0.271","0.271","0.271","0.271","0.93%"
"2018-08-29","0.269","0.269","0.269","0.269","0.94%"
"2018-08-28","0.266","0.266","0.266","0.266","5.72%"
"2018-08-27","0.252","0.252","0.252","0.252","-4.51%"
"2018-08-24","0.264","0.264","0.264","0.264","0.00%"
"2018-08-23","0.264","0.264","0.264","0.264","-2.30%"
"2018-08-22","0.270","0.270","0.270","0.270","0.45%"
"2018-08-21","0.269","0.269","0.269","0.269","1.90%"
"2018-08-20","0.264","0.264","0.264","0.264","-1.86%"
"2018-08-17","0.269","0.269","0.269","0.269","-2.71%"
"2018-08-16","0.276","0.276","0.276","0.276","2.33%"
"2018-08-15","0.270","0.270","0.270","0.270","-4.02%"
"2018-08-14","0.281","0.281","0.281","0.281","4.19%"
"2018-08-13","0.270","0.270","0.270","0.270","0.45%"
"2018-08-10","0.269","0.269","0.269","0.269","-6.11%"
"2018-08-09","0.286","0.286","0.286","0.286","-0.42%"
"2018-08-08","0.287","0.287","0.287","0.287","-0.45%"
"2018-08-07","0.289","0.289","0.289","0.289","5.48%"
"2018-08-06","0.274","0.274","0.274","0.274","-1.79%"
"2018-08-03","0.279","0.279","0.279","0.279","-5.91%"
"2018-08-02","0.296","0.296","0.296","0.296","-4.42%"
"2018-08-01","0.310","0.310","0.310","0.310","24.60%"
"2018-07-31","0.249","0.249","0.249","0.249","-2.43%"
"2018-07-30","0.255","0.255","0.255","0.255","0.99%"
"2018-07-27","0.252","0.252","0.252","0.252","3.57%"
"2018-07-26","0.244","0.244","0.244","0.244","2.09%"
"2018-07-25","0.239","0.239","0.239","0.239","-2.53%"
"2018-07-24","0.245","0.245","0.245","0.245","-2.97%"
"2018-07-23","0.252","0.252","0.252","0.252","2.02%"
"2018-07-20","0.248","0.248","0.248","0.248","22.95%"
"2018-07-19","0.201","0.201","0.201","0.201","-3.59%"
"2018-07-18","0.209","0.209","0.209","0.209","1.21%"
"2018-07-17","0.206","0.206","0.206","0.206","0.00%"
"2018-07-16","0.206","0.206","0.206","0.206","1.28%"
"2018-07-13","0.204","0.204","0.204","0.204","1.19%"
"2018-07-12","0.201","0.201","0.201","0.201","-1.18%"
"2018-07-11","0.204","0.204","0.204","0.204","1.19%"
"2018-07-10","0.201","0.201","0.201","0.201","7.36%"
"2018-07-09","0.188","0.188","0.188","0.188","-3.85%"
"2018-07-06","0.195","0.195","0.195","0.195","-1.91%"
"2018-07-05","0.199","0.199","0.199","0.199","-1.24%"
"2018-07-04","0.201","0.201","0.201","0.201","-0.59%"
"2018-07-03","0.203","0.203","0.203","0.203","1.25%"
"2018-07-02","0.200","0.200","0.200","0.200","-3.61%"
"2018-06-29","0.207","0.207","0.207","0.207","0.00%"
"2018-06-28","0.207","0.207","0.207","0.207","-0.62%"
"2018-06-27","0.209","0.209","0.209","0.209","0.00%"
"2018-06-26","0.209","0.209","0.209","0.209","1.21%"
"2018-06-25","0.206","0.206","0.206","0.206","-1.76%"
"2018-06-22","0.210","0.210","0.210","0.210","-0.62%"
"2018-06-21","0.211","0.211","0.211","0.211","0.00%"
"2018-06-20","0.211","0.211","0.211","0.211","0.62%"
"2018-06-19","0.210","0.210","0.210","0.210","-4.02%"
"2018-06-18","0.219","0.219","0.219","0.219","1.77%"
"2018-06-15","0.215","0.215","0.215","0.215","-3.37%"
"2018-06-14","0.222","0.222","0.222","0.222","-1.11%"
"2018-06-13","0.225","0.225","0.225","0.225","-2.17%"
"2018-06-12","0.230","0.230","0.230","0.230","1.10%"
"2018-06-11","0.228","0.228","0.228","0.228","2.80%"
"2018-06-08","0.221","0.221","0.221","0.221","-2.21%"
"2018-06-07","0.226","0.226","0.226","0.226","-1.61%"
"2018-06-06","0.230","0.230","0.230","0.230","3.37%"
"2018-06-05","0.222","0.222","0.222","0.222","-1.68%"