term,日付,終値,始値,高値,安値,変化率 %
8Y,2026-02-01,1.8254,1.8907,1.9793,1.7825,-3.42%
8Y,2026-01-01,1.89,1.7704,2.0231,1.7728,4.97%
8Y,2025-12-01,1.8005,1.5289,1.8119,1.5338,16.76%
8Y,2025-11-01,1.542,1.3982,1.5618,1.3999,8.90%
8Y,2025-10-01,1.416,1.4039,1.4618,1.3436,-0.35%
8Y,2025-09-01,1.421,1.3102,1.4448,1.267,5.94%
8Y,2025-08-01,1.3413,1.2475,1.375,1.1863,5.09%
8Y,2025-07-01,1.2763,1.115,1.3213,1.1325,11.34%
8Y,2025-06-01,1.1463,1.1463,1.2063,1.1063,-2.55%
8Y,2025-05-01,1.1763,0.955,1.2313,0.9513,23.01%
8Y,2025-04-01,0.9563,1.2325,1.2413,0.0288,-22.33%
8Y,2025-03-01,1.2313,1.1775,1.3275,1.1775,4.57%
8Y,2025-02-01,1.1775,1.095,1.2675,1.0788,7.53%
8Y,2025-01-01,1.095,0.9788,1.0963,0.9788,11.87%
8Y,2024-12-01,0.9788,0.96,1.0013,0.9338,2.09%
8Y,2024-11-01,0.9588,0.8663,0.9975,0.835,10.36%
8Y,2024-10-01,0.8688,0.7913,0.8988,0.7513,9.63%
8Y,2024-09-01,0.7925,0.8163,0.8375,0.73,-2.76%
8Y,2024-08-01,0.815,0.8987,0.9275,0.6625,-12.25%
8Y,2024-07-01,0.9288,0.9337,0.9875,0.7925,-1.85%
8Y,2024-06-01,0.9463,0.955,0.995,0.8137,-4.89%
8Y,2024-05-01,0.995,0.835,1.0,0.7925,12.90%
8Y,2024-04-01,0.8813,0.7212,0.9175,0.7162,22.83%
8Y,2024-03-01,0.7175,0.7487,0.8,0.7,-8.45%
8Y,2024-02-01,0.7837,0.79,0.8563,0.7262,-3.84%
8Y,2024-01-01,0.815,0.7538,0.8463,0.61,8.12%
8Y,2023-12-01,0.7538,0.7862,0.9275,0.6462,-8.50%
8Y,2023-11-01,0.8238,0.9975,1.0625,0.71,-20.41%
8Y,2023-10-01,1.035,0.8763,1.0588,0.7837,18.11%
8Y,2023-09-01,0.8763,0.6737,0.9006,0.6625,19.22%
8Y,2023-08-01,0.735,0.6225,0.7675,0.605,14.06%
8Y,2023-07-01,0.6444,0.4781,0.6838,0.4225,29.19%
8Y,2023-06-01,0.4988,0.5138,0.545,0.395,-8.69%
8Y,2023-05-01,0.5463,0.4781,0.5569,0.4175,7.65%
8Y,2023-04-01,0.5075,0.5306,0.6225,0.4475,-10.18%
8Y,2023-03-01,0.565,0.6837,0.82,0.375,-24.92%
8Y,2023-02-01,0.7525,0.7369,0.8175,0.685,-3.38%
8Y,2023-01-01,0.7788,0.8375,0.9325,0.5706,-7.01%
8Y,2022-12-01,0.8375,0.5081,0.8375,0.4975,53.30%
8Y,2022-11-01,0.5463,0.4613,0.5763,0.415,18.43%
8Y,2022-10-01,0.4613,0.435,0.6088,0.3875,5.90%
8Y,2022-09-01,0.4356,0.3344,0.5313,0.3344,34.28%
8Y,2022-08-01,0.3244,0.2481,0.3638,0.2175,24.77%
8Y,2022-07-01,0.26,0.3725,0.4088,0.2269,-36.97%
8Y,2022-06-01,0.4125,0.2988,0.57,0.2681,29.92%
8Y,2022-05-01,0.3175,0.3125,0.3762,0.2419,-4.51%
8Y,2022-04-01,0.3325,0.2144,0.3888,0.2144,47.78%
8Y,2022-03-01,0.225,0.1806,0.3538,0.1325,18.42%
8Y,2022-02-01,0.19,0.1624,0.2451,0.0625,28.90%
8Y,2022-01-01,0.1474,0.0625,0.1511,0.055,118.37%
8Y,2021-12-01,0.0675,0.045,0.0688,0.0213,156.65%
8Y,2021-11-01,0.0263,0.0769,0.0813,0.025,-67.65%
8Y,2021-10-01,0.0813,0.0494,0.1013,0.0313,54.86%
8Y,2021-09-01,0.0525,-0.0019,0.0688,-0.015,"-1,481.58%"
8Y,2021-08-01,-0.0038,-0.025,0.0088,-0.0413,-72.46%
8Y,2021-07-01,-0.0138,0.0213,0.0263,-0.0425,-152.47%
8Y,2021-06-01,0.0263,0.0525,0.0663,-0.0063,-54.26%
8Y,2021-05-01,0.0575,0.0613,0.07,0.0325,-9.87%
8Y,2021-04-01,0.0638,0.0756,0.0963,0.0263,-19.04%
8Y,2021-03-01,0.0788,0.0931,0.105,0.025,-30.76%
8Y,2021-02-01,0.1138,-0.0044,0.125,-0.0088,"2,894.74%"
8Y,2021-01-01,0.0038,-0.0038,0.01,-0.035,-200.00%
8Y,2020-12-01,-0.0038,-0.0138,0.0038,-0.0425,-39.68%
8Y,2020-11-01,-0.0063,-0.0063,0.0163,-0.045,-184.00%
8Y,2020-10-01,0.0075,-0.0263,0.01,-0.045,-126.04%
8Y,2020-09-01,-0.0288,0.0075,0.0188,-0.0575,-330.40%
8Y,2020-08-01,0.0125,-0.0488,0.03,-0.0613,-155.56%
8Y,2020-07-01,-0.0225,0.01,0.0275,-0.0588,-238.04%
8Y,2020-06-01,0.0163,-0.045,0.0625,-0.0588,-230.40%
8Y,2020-05-01,-0.0125,-0.0738,-0.0738,-0.0738,-73.68%
8Y,2020-04-01,-0.0475,-0.025,-0.025,-0.025,35.71%
8Y,2020-03-01,-0.035,-0.1138,-0.1138,-0.1138,-76.87%
8Y,2020-02-01,-0.1513,-0.0088,-0.0088,-0.0088,365.54%
8Y,2020-01-01,-0.0325,0.0488,0.0488,0.0488,-166.60%
8Y,2019-12-01,0.0488,0.0313,0.0313,0.0313,674.60%
8Y,2019-11-01,0.0063,-0.0725,-0.0725,-0.0725,-110.08%
8Y,2019-10-01,-0.0625,-0.1188,-0.1188,-0.1188,-32.43%
8Y,2019-09-01,-0.0925,-0.1588,-0.1588,-0.1588,-29.55%
8Y,2019-08-01,-0.1313,-0.0988,-0.0988,-0.0988,133.21%
8Y,2019-07-01,-0.0563,-0.0425,-0.0425,-0.0425,9.75%
8Y,2019-06-01,-0.0513,0.0019,0.0019,0.0019,-510.40%
8Y,2019-05-01,0.0125,0.0513,0.0513,0.0513,-75.63%
8Y,2019-04-01,0.0513,0.0375,0.0375,0.0375,86.55%
8Y,2019-03-01,0.0275,0.0838,0.0838,0.0838,-65.62%
8Y,2019-02-01,0.08,0.0575,0.0575,0.0575,39.13%
8Y,2019-01-01,0.0575,0.0825,0.0825,0.0825,-36.11%
8Y,2018-12-01,0.09,0.1213,0.1213,0.1213,-42.42%
8Y,2018-11-01,0.1563,0.2188,0.2188,0.2188,-32.04%
8Y,2018-10-01,0.23,0.2638,0.2638,0.2638,-10.26%
8Y,2018-09-01,0.2563,0.2463,0.2463,0.2463,8.46%
8Y,2018-08-01,0.2363,0.2375,0.2375,0.2375,12.52%
8Y,2018-07-01,0.21,0.1675,0.1675,0.1675,20.00%
8Y,2018-06-01,0.175,0.1925,0.1925,0.1925,-4.11%
8Y,2018-05-01,0.1825,0.1825,0.1825,0.1825,1.73%
8Y,2018-04-01,0.1794,0.1794,0.1794,0.1794,-3.03%
8Y,2018-03-01,0.185,0.185,0.185,0.185,-3.90%
8Y,2018-02-01,0.1925,0.1925,0.1925,0.1925,-9.41%
8Y,2018-01-01,0.2125,0.2125,0.2125,0.2125,16.44%
8Y,2017-12-01,0.1825,0.1825,0.1825,0.1825,0.66%
8Y,2017-11-01,0.1813,0.1813,0.1813,0.1813,-2.00%
8Y,2017-10-01,0.185,0.185,0.185,0.185,-3.29%
8Y,2017-09-01,0.1913,0.1913,0.1913,0.1913,47.15%
8Y,2017-08-01,0.13,0.13,0.13,0.13,-30.22%
8Y,2017-07-01,0.1863,0.1863,0.1863,0.1863,0.70%
8Y,2017-06-01,0.185,0.185,0.185,0.185,15.63%
8Y,2017-05-01,0.16,0.16,0.16,0.16,21.86%
8Y,2017-04-01,0.1313,0.1313,0.1313,0.1313,-27.58%
8Y,2017-03-01,0.1813,0.1813,0.1813,0.1813,16.97%
8Y,2017-02-01,0.155,0.155,0.155,0.155,-11.43%
8Y,2017-01-01,0.175,0.175,0.175,0.175,23.94%
8Y,2016-12-01,0.1412,0.1412,0.1412,0.1412,2.69%
8Y,2016-11-01,0.1375,0.1375,0.1375,0.1375,587.50%
8Y,2016-10-01,0.02,0.02,0.02,0.02,-161.54%
8Y,2016-09-01,-0.0325,-0.0325,-0.0325,-0.0325,"-2,600.00%"
8Y,2016-08-01,0.0013,0.0013,0.0013,0.0013,-101.83%
8Y,2016-07-01,-0.0712,-0.0712,-0.0712,-0.0712,-32.19%
8Y,2016-06-01,-0.105,-0.105,-0.105,-0.105,-940.00%
8Y,2016-05-01,0.0125,0.0125,0.0125,0.0125,-73.68%
8Y,2016-04-01,0.0475,0.0475,0.0475,0.0475,-2.66%
8Y,2016-03-01,0.0488,0.0488,0.0488,0.0488,"1,184.21%"
8Y,2016-02-01,0.0038,0.0038,0.0038,0.0038,-97.51%
8Y,2016-01-01,0.1525,0.1525,0.1525,0.1525,-49.39%
8Y,2015-12-01,0.3013,0.3013,0.3013,0.3013,-2.43%
8Y,2015-11-01,0.3088,0.3088,0.3088,0.3088,-11.14%
8Y,2015-10-01,0.3475,0.3475,0.3475,0.3475,-4.48%
8Y,2015-09-01,0.3638,0.3638,0.3638,0.3638,-10.72%
8Y,2015-08-01,0.4075,0.4075,0.4075,0.4075,-3.85%
8Y,2015-07-01,0.4238,0.4238,0.4238,0.4238,-12.62%
8Y,2015-06-01,0.485,0.485,0.485,0.485,13.11%
8Y,2015-05-01,0.4288,0.4288,0.4288,0.4288,-0.86%
8Y,2015-04-01,0.4325,0.4325,0.4325,0.4325,-2.81%
8Y,2015-03-01,0.445,0.445,0.445,0.445,18.29%
8Y,2015-02-01,0.3762,0.3762,0.3762,0.3762,6.72%
8Y,2015-01-01,0.3525,0.3525,0.3525,0.3525,-4.08%
8Y,2014-12-01,0.3675,0.3675,0.3675,0.3675,-12.25%
8Y,2014-11-01,0.4188,0.4188,0.4188,0.4188,-1.46%
8Y,2014-10-01,0.425,0.425,0.425,0.425,-10.05%
8Y,2014-09-01,0.4725,0.4725,0.4725,0.4725,6.78%
8Y,2014-08-01,0.4425,0.4425,0.4425,0.4425,-4.84%
8Y,2014-07-01,0.465,0.465,0.465,0.465,-9.06%
8Y,2014-06-01,0.5113,0.5113,0.5113,0.5113,-7.04%
8Y,2014-05-01,0.55,0.55,0.55,0.55,-6.38%
8Y,2014-04-01,0.5875,0.5875,0.5875,0.5875,-4.08%
8Y,2014-03-01,0.6125,0.6125,0.6125,0.6125,4.92%
8Y,2014-02-01,0.5838,0.5838,0.5838,0.5838,-2.89%
8Y,2014-01-01,0.6012,0.6012,0.6012,0.6012,-14.72%
8Y,2013-12-01,0.705,0.705,0.705,0.705,20.51%
8Y,2013-11-01,0.585,0.585,0.585,0.585,4.00%
8Y,2013-10-01,0.5625,0.5625,0.5625,0.5625,-14.77%
8Y,2013-09-01,0.66,0.66,0.66,0.66,-6.78%
8Y,2013-08-01,0.708,0.708,0.708,0.708,-6.53%
8Y,2013-07-01,0.7575,0.7575,0.7575,0.7575,-5.02%
8Y,2013-06-01,0.7975,0.7975,0.7975,0.7975,-5.21%
8Y,2013-05-01,0.8413,0.8413,0.8413,0.8413,46.31%
8Y,2013-04-01,0.575,0.575,0.575,0.575,15.28%
8Y,2013-03-01,0.4988,0.4988,0.4988,0.4988,-3.89%
8Y,2013-02-01,0.519,0.519,0.519,0.519,-7.16%
8Y,2013-01-01,0.559,0.559,0.559,0.559,-5.09%
8Y,2012-12-01,0.589,0.589,0.589,0.589,15.26%
8Y,2012-11-01,0.511,0.511,0.511,0.511,-8.54%
8Y,2012-10-01,0.5587,0.5587,0.5587,0.5587,0.67%
8Y,2012-09-01,0.555,0.555,0.555,0.555,-6.72%
8Y,2012-08-01,0.595,0.595,0.595,0.595,6.25%
8Y,2012-07-01,0.56,0.56,0.56,0.56,-10.59%
8Y,2012-06-01,0.6263,0.6263,0.6263,0.6263,-2.14%
8Y,2012-05-01,0.64,0.64,0.64,0.64,-7.91%
8Y,2012-04-01,0.695,0.695,0.695,0.695,-12.16%
8Y,2012-03-01,0.7912,0.7912,0.7912,0.7912,6.20%
8Y,2012-02-01,0.745,0.745,0.745,0.745,1.36%
8Y,2012-01-01,0.735,0.735,0.735,0.735,-2.39%
8Y,2011-12-01,0.753,0.753,0.753,0.753,-11.15%
8Y,2011-11-01,0.8475,0.8475,0.8475,0.8475,8.14%
8Y,2011-10-01,0.7837,0.7837,0.7837,0.7837,0.00%
8Y,2011-09-01,0.7837,0.7837,0.7837,0.7837,0.80%
8Y,2011-08-01,0.7775,0.7775,0.7775,0.7775,-4.89%
8Y,2011-07-01,0.8175,0.8175,0.8175,0.8175,-9.97%
8Y,2011-06-01,0.908,0.908,0.908,0.908,-2.89%
8Y,2011-05-01,0.935,0.935,0.935,0.935,-2.74%
8Y,2011-04-01,0.9613,0.9613,0.9613,0.9613,-5.87%
8Y,2011-03-01,1.0213,1.0213,1.0213,1.0213,-4.64%
8Y,2011-02-01,1.071,1.071,1.071,1.071,6.36%
8Y,2011-01-01,1.007,1.007,1.007,1.007,9.69%
8Y,2010-12-01,0.918,0.918,0.918,0.918,-5.85%
8Y,2010-11-01,0.975,0.975,0.975,0.975,29.14%
8Y,2010-10-01,0.755,0.755,0.755,0.755,-1.95%
8Y,2010-09-01,0.77,0.77,0.77,0.77,-3.89%
8Y,2010-08-01,0.8012,0.8012,0.8012,0.8012,-8.75%
8Y,2010-07-01,0.878,0.878,0.878,0.878,-4.36%
8Y,2010-06-01,0.918,0.918,0.918,0.918,-13.07%
4Y,2026-02-01,1.522,1.544,1.648,1.491,-1.89%
4Y,2026-01-01,1.551,1.461,1.629,1.443,4.02%
4Y,2025-12-01,1.491,1.231,1.501,1.244,19.57%
4Y,2025-11-01,1.247,1.144,1.27,1.154,6.67%
4Y,2025-10-01,1.169,1.171,1.209,1.084,-1.76%
4Y,2025-09-01,1.19,1.059,1.21,1.018,9.17%
4Y,2025-08-01,1.09,0.999,1.118,0.949,6.03%
4Y,2025-07-01,1.028,0.893,1.074,0.915,11.26%
4Y,2025-06-01,0.924,0.91,0.961,0.883,-1.70%
4Y,2025-05-01,0.94,0.764,0.959,0.758,22.88%
4Y,2025-04-01,0.765,1.031,1.035,0.644,-25.73%
4Y,2025-03-01,1.03,0.984,1.114,0.984,4.83%
4Y,2025-02-01,0.983,0.911,1.053,0.9,7.81%
4Y,2025-01-01,0.911,0.791,0.915,0.791,15.16%
4Y,2024-12-01,0.791,0.788,0.819,0.749,0.48%
4Y,2024-11-01,0.788,0.664,0.806,0.644,18.42%
4Y,2024-10-01,0.665,0.595,0.673,0.551,11.54%
4Y,2024-09-01,0.596,0.594,0.615,0.524,0.40%
4Y,2024-08-01,0.594,0.716,0.724,0.481,-16.81%
4Y,2024-07-01,0.714,0.646,0.715,0.598,10.44%
4Y,2024-06-01,0.646,0.696,0.696,0.563,-7.18%
4Y,2024-05-01,0.696,0.575,0.7,0.545,21.35%
4Y,2024-04-01,0.574,0.479,0.604,0.479,19.84%
4Y,2024-03-01,0.479,0.476,0.514,0.446,0.27%
4Y,2024-02-01,0.477,0.458,0.52,0.434,4.08%
4Y,2024-01-01,0.459,0.416,0.486,0.336,10.21%
4Y,2023-12-01,0.416,0.471,0.586,0.39,-11.43%
4Y,2023-11-01,0.47,0.577,0.646,0.426,-22.95%
4Y,2023-10-01,0.61,0.509,0.632,0.435,19.89%
4Y,2023-09-01,0.509,0.351,0.517,0.347,33.89%
4Y,2023-08-01,0.38,0.289,0.407,0.284,31.90%
4Y,2023-07-01,0.288,0.199,0.32,0.18,29.48%
4Y,2023-06-01,0.222,0.218,0.249,0.157,-10.57%
4Y,2023-05-01,0.249,0.2,0.266,0.183,7.57%
4Y,2023-04-01,0.231,0.251,0.3,0.148,-20.24%
4Y,2023-03-01,0.29,0.351,0.431,0.143,-18.61%
4Y,2023-02-01,0.356,0.372,0.459,0.351,-14.41%
4Y,2023-01-01,0.416,0.534,0.556,0.304,-22.00%
4Y,2022-12-01,0.534,0.262,0.539,0.254,80.92%
4Y,2022-11-01,0.295,0.216,0.3,0.185,35.63%
4Y,2022-10-01,0.218,0.224,0.333,0.188,-3.07%
4Y,2022-09-01,0.224,0.156,0.289,0.156,48.31%
4Y,2022-08-01,0.151,0.094,0.186,0.073,30.09%
4Y,2022-07-01,0.116,0.164,0.2,0.083,-41.11%
4Y,2022-06-01,0.198,0.128,0.355,0.086,35.00%
4Y,2022-05-01,0.146,0.141,0.195,0.094,-6.40%
4Y,2022-04-01,0.156,0.093,0.184,0.093,56.30%
4Y,2022-03-01,0.1,0.074,0.174,0.039,16.01%
4Y,2022-02-01,0.086,0.077,0.126,0.005,"1,624.00%"
4Y,2022-01-01,0.005,0.005,0.07,0.005,-33.33%
4Y,2021-12-01,0.007,-0.007,0.014,-0.023,-175.00%
4Y,2021-11-01,-0.01,0.023,0.028,-0.021,-142.02%
4Y,2021-10-01,0.024,-0.001,0.035,-0.019,"-1,930.77%"
4Y,2021-09-01,-0.001,-0.039,0.01,-0.051,-96.85%
4Y,2021-08-01,-0.041,-0.059,-0.032,-0.071,-13.05%
4Y,2021-07-01,-0.047,-0.037,-0.021,-0.07,46.15%
4Y,2021-06-01,-0.032,-0.027,-0.016,-0.061,36.55%
4Y,2021-05-01,-0.024,-0.026,-0.015,-0.046,0.00%
4Y,2021-04-01,-0.024,-0.025,-0.005,-0.051,11.74%
4Y,2021-03-01,-0.021,-0.017,-0.002,-0.065,"1,538.46%"
4Y,2021-02-01,-0.001,-0.072,0.01,-0.084,-97.96%
4Y,2021-01-01,-0.064,-0.055,-0.052,-0.097,16.00%
4Y,2020-12-01,-0.055,-0.061,-0.047,-0.09,-2.31%
4Y,2020-11-01,-0.056,-0.06,-0.041,-0.09,12.60%
4Y,2020-10-01,-0.05,-0.074,-0.047,-0.09,-32.25%
4Y,2020-09-01,-0.074,-0.045,-0.032,-0.096,78.69%
4Y,2020-08-01,-0.041,-0.076,-0.026,-0.089,-32.63%
4Y,2020-07-01,-0.061,-0.043,-0.027,-0.093,75.14%
4Y,2020-06-01,-0.035,-0.071,-0.007,-0.087,-40.48%
4Y,2020-05-01,-0.059,-0.095,-0.095,-0.095,-33.78%
4Y,2020-04-01,-0.089,-0.063,-0.063,-0.063,16.38%
4Y,2020-03-01,-0.076,-0.157,-0.157,-0.157,-57.33%
4Y,2020-02-01,-0.179,-0.038,-0.038,-0.038,155.43%
4Y,2020-01-01,-0.07,-0.015,-0.015,-0.015,366.67%
4Y,2019-12-01,-0.015,-0.081,-0.081,-0.081,-74.49%
4Y,2019-11-01,-0.059,-0.136,-0.136,-0.136,-56.05%
4Y,2019-10-01,-0.134,-0.17,-0.17,-0.17,-26.20%
4Y,2019-09-01,-0.181,-0.189,-0.189,-0.189,8.24%
4Y,2019-08-01,-0.168,-0.154,-0.154,-0.154,36.73%
4Y,2019-07-01,-0.123,-0.131,-0.131,-0.131,-9.26%
4Y,2019-06-01,-0.135,-0.078,-0.078,-0.078,107.69%
4Y,2019-05-01,-0.065,-0.039,-0.039,-0.039,67.53%
4Y,2019-04-01,-0.039,-0.041,-0.041,-0.041,-40.31%
4Y,2019-03-01,-0.065,-0.029,-0.029,-0.029,92.31%
4Y,2019-02-01,-0.034,-0.03,-0.03,-0.03,17.36%
4Y,2019-01-01,-0.029,-0.008,-0.008,-0.008,"-1,252.00%"
4Y,2018-12-01,0.002,0.021,0.021,0.021,-93.75%
4Y,2018-11-01,0.04,0.081,0.081,0.081,-53.60%
4Y,2018-10-01,0.086,0.102,0.102,0.102,-15.90%
4Y,2018-09-01,0.102,0.096,0.096,0.096,12.27%
4Y,2018-08-01,0.091,0.109,0.109,0.109,19.66%
4Y,2018-07-01,0.076,0.061,0.061,0.061,17.38%
4Y,2018-06-01,0.065,0.085,0.085,0.085,-13.33%
4Y,2018-05-01,0.075,0.075,0.075,0.075,7.14%
4Y,2018-04-01,0.07,0.07,0.07,0.07,-9.68%
4Y,2018-03-01,0.078,0.078,0.078,0.078,-3.12%
4Y,2018-02-01,0.08,0.08,0.08,0.08,-11.11%
4Y,2018-01-01,0.09,0.09,0.09,0.09,28.57%
4Y,2017-12-01,0.07,0.07,0.07,0.07,1.74%
4Y,2017-11-01,0.069,0.069,0.069,0.069,-1.71%
4Y,2017-10-01,0.07,0.07,0.07,0.07,9.72%
4Y,2017-09-01,0.064,0.064,0.064,0.064,88.76%
4Y,2017-08-01,0.034,0.034,0.034,0.034,-54.20%
4Y,2017-07-01,0.074,0.074,0.074,0.074,1.79%
4Y,2017-06-01,0.072,0.072,0.072,0.072,23.30%
4Y,2017-05-01,0.059,0.059,0.059,0.059,73.96%
4Y,2017-04-01,0.034,0.034,0.034,0.034,-51.71%
4Y,2017-03-01,0.07,0.07,0.07,0.07,55.56%
4Y,2017-02-01,0.045,0.045,0.045,0.045,-32.13%
4Y,2017-01-01,0.066,0.066,0.066,0.066,65.75%
4Y,2016-12-01,0.04,0.04,0.04,0.04,-23.81%
4Y,2016-11-01,0.052,0.052,0.052,0.052,-219.86%
4Y,2016-10-01,-0.044,-0.044,-0.044,-0.044,-63.50%
4Y,2016-09-01,-0.12,-0.12,-0.12,-0.12,24.61%
4Y,2016-08-01,-0.096,-0.096,-0.096,-0.096,-25.23%
4Y,2016-07-01,-0.129,-0.129,-0.129,-0.129,-27.96%
4Y,2016-06-01,-0.179,-0.179,-0.179,-0.179,33.63%
4Y,2016-05-01,-0.134,-0.134,-0.134,-0.134,16.35%
4Y,2016-04-01,-0.115,-0.115,-0.115,-0.115,-3.20%
4Y,2016-03-01,-0.119,-0.119,-0.119,-0.119,-34.00%
4Y,2016-02-01,-0.18,-0.18,-0.18,-0.18,"1,100.00%"
4Y,2016-01-01,-0.015,-0.015,-0.015,-0.015,-112.24%
4Y,2015-12-01,0.123,0.123,0.123,0.123,13.95%
4Y,2015-11-01,0.108,0.108,0.108,0.108,-18.13%
4Y,2015-10-01,0.131,0.131,0.131,0.131,-5.40%
4Y,2015-09-01,0.139,0.139,0.139,0.139,-13.95%
4Y,2015-08-01,0.161,0.161,0.161,0.161,-11.62%
4Y,2015-07-01,0.183,0.183,0.183,0.183,-14.12%
4Y,2015-06-01,0.213,0.213,0.213,0.213,15.61%
4Y,2015-05-01,0.184,0.184,0.184,0.184,-9.77%
4Y,2015-04-01,0.204,0.204,0.204,0.204,-5.26%
4Y,2015-03-01,0.215,0.215,0.215,0.215,25.51%
4Y,2015-02-01,0.171,0.171,0.171,0.171,6.20%
4Y,2015-01-01,0.161,0.161,0.161,0.161,0.00%
4Y,2014-12-01,0.161,0.161,0.161,0.161,-7.83%
4Y,2014-11-01,0.175,0.175,0.175,0.175,-2.13%
4Y,2014-10-01,0.179,0.179,0.179,0.179,-12.22%
4Y,2014-09-01,0.204,0.204,0.204,0.204,-1.26%
4Y,2014-08-01,0.206,0.206,0.206,0.206,7.17%
4Y,2014-07-01,0.192,0.192,0.192,0.192,-6.10%
4Y,2014-06-01,0.205,0.205,0.205,0.205,-16.33%
4Y,2014-05-01,0.245,0.245,0.245,0.245,-2.00%
4Y,2014-04-01,0.25,0.25,0.25,0.25,0.00%
4Y,2014-03-01,0.25,0.25,0.25,0.25,1.50%
4Y,2014-02-01,0.246,0.246,0.246,0.246,-2.92%
4Y,2014-01-01,0.254,0.254,0.254,0.254,-12.91%
4Y,2013-12-01,0.291,0.291,0.291,0.291,14.82%
4Y,2013-11-01,0.254,0.254,0.254,0.254,-3.35%
4Y,2013-10-01,0.262,0.262,0.262,0.262,-18.93%
4Y,2013-09-01,0.324,0.324,0.324,0.324,-7.49%
4Y,2013-08-01,0.35,0.35,0.35,0.35,1.80%
4Y,2013-07-01,0.344,0.344,0.344,0.344,-9.53%
4Y,2013-06-01,0.38,0.38,0.38,0.38,-11.11%
4Y,2013-05-01,0.428,0.428,0.428,0.428,27.12%
4Y,2013-04-01,0.336,0.336,0.336,0.336,35.17%
4Y,2013-03-01,0.249,0.249,0.249,0.249,8.17%
4Y,2013-02-01,0.23,0.23,0.23,0.23,0.00%
4Y,2013-01-01,0.23,0.23,0.23,0.23,1.77%
4Y,2012-12-01,0.226,0.226,0.226,0.226,-7.00%
4Y,2012-11-01,0.243,0.243,0.243,0.243,-8.30%
4Y,2012-10-01,0.265,0.265,0.265,0.265,-5.36%
4Y,2012-09-01,0.28,0.28,0.28,0.28,-10.54%
4Y,2012-08-01,0.313,0.313,0.313,0.313,5.21%
4Y,2012-07-01,0.298,0.298,0.298,0.298,-15.29%
4Y,2012-06-01,0.351,0.351,0.351,0.351,-4.12%
4Y,2012-05-01,0.366,0.366,0.366,0.366,0.36%
4Y,2012-04-01,0.365,0.365,0.365,0.365,-10.43%
4Y,2012-03-01,0.407,0.407,0.407,0.407,6.40%
4Y,2012-02-01,0.383,0.383,0.383,0.383,-2.54%
4Y,2012-01-01,0.393,0.393,0.393,0.393,-3.56%
4Y,2011-12-01,0.407,0.407,0.407,0.407,-13.52%
4Y,2011-11-01,0.471,0.471,0.471,0.471,18.15%
4Y,2011-10-01,0.399,0.399,0.399,0.399,-2.13%
4Y,2011-09-01,0.407,0.407,0.407,0.407,7.95%
4Y,2011-08-01,0.377,0.377,0.377,0.377,-8.20%
4Y,2011-07-01,0.411,0.411,0.411,0.411,-12.51%
4Y,2011-06-01,0.47,0.47,0.47,0.47,1.08%
4Y,2011-05-01,0.465,0.465,0.465,0.465,-0.81%
4Y,2011-04-01,0.469,0.469,0.469,0.469,-8.31%
4Y,2011-03-01,0.511,0.511,0.511,0.511,-11.23%
4Y,2011-02-01,0.576,0.576,0.576,0.576,7.87%
4Y,2011-01-01,0.534,0.534,0.534,0.534,14.10%
4Y,2010-12-01,0.468,0.468,0.468,0.468,-5.84%
4Y,2010-11-01,0.497,0.497,0.497,0.497,20.05%
4Y,2010-10-01,0.414,0.414,0.414,0.414,-2.13%
4Y,2010-09-01,0.423,0.423,0.423,0.423,-5.20%
4Y,2010-08-01,0.446,0.446,0.446,0.446,-11.64%
4Y,2010-07-01,0.505,0.505,0.505,0.505,-5.61%
4Y,2010-06-01,0.535,0.535,0.535,0.535,-9.93%
15Y,2026-02-01,2.309,2.427,2.497,2.281,-5.08%
15Y,2026-01-01,2.432,2.288,2.615,2.294,4.92%
15Y,2025-12-01,2.318,2.07,2.343,2.069,11.82%
15Y,2025-11-01,2.073,1.896,2.107,1.892,8.48%
15Y,2025-10-01,1.911,1.882,1.993,1.851,0.47%
15Y,2025-09-01,1.902,1.849,1.933,1.823,1.28%
15Y,2025-08-01,1.878,1.78,1.922,1.733,3.70%
15Y,2025-07-01,1.811,1.628,1.865,1.646,9.16%
15Y,2025-06-01,1.659,1.644,1.715,1.615,-0.90%
15Y,2025-05-01,1.674,1.415,1.778,1.418,18.40%
15Y,2025-04-01,1.414,1.615,1.626,1.181,-12.32%
15Y,2025-03-01,1.612,1.543,1.707,1.543,4.54%
15Y,2025-02-01,1.543,1.449,1.625,1.439,6.47%
15Y,2025-01-01,1.449,1.386,1.503,1.386,4.51%
15Y,2024-12-01,1.386,1.364,1.41,1.336,1.65%
15Y,2024-11-01,1.364,1.288,1.401,1.25,5.82%
15Y,2024-10-01,1.289,1.188,1.314,1.15,8.41%
15Y,2024-09-01,1.189,1.209,1.225,1.139,-1.55%
15Y,2024-08-01,1.207,1.281,1.291,1.016,-6.58%
15Y,2024-07-01,1.293,1.362,1.396,1.22,-4.44%
15Y,2024-06-01,1.352,1.389,1.41,1.231,-4.00%
15Y,2024-05-01,1.409,1.268,1.428,1.23,8.47%
15Y,2024-04-01,1.299,1.133,1.332,1.126,15.19%
15Y,2024-03-01,1.128,1.145,1.207,1.099,-3.22%
15Y,2024-02-01,1.165,1.226,1.265,1.119,-5.86%
15Y,2024-01-01,1.237,1.143,1.266,1.018,8.32%
15Y,2023-12-01,1.143,1.214,1.341,1.025,-8.23%
15Y,2023-11-01,1.245,1.465,1.513,1.129,-16.30%
15Y,2023-10-01,1.487,1.28,1.511,1.214,16.21%
15Y,2023-09-01,1.28,1.097,1.313,1.081,10.70%
15Y,2023-08-01,1.156,1.014,1.186,0.993,10.78%
15Y,2023-07-01,1.044,0.831,1.077,0.766,24.44%
15Y,2023-06-01,0.839,0.859,0.876,0.733,-4.41%
15Y,2023-05-01,0.877,0.817,0.909,0.734,5.88%
15Y,2023-04-01,0.829,0.87,0.962,0.775,-5.96%
15Y,2023-03-01,0.881,1.02,1.175,0.702,-16.86%
15Y,2023-02-01,1.06,1.148,1.183,1.021,-7.87%
15Y,2023-01-01,1.151,1.13,1.279,1.023,1.82%
15Y,2022-12-01,1.13,0.873,1.13,0.834,25.91%
15Y,2022-11-01,0.897,0.836,0.952,0.784,7.24%
15Y,2022-10-01,0.837,0.764,0.991,0.717,9.40%
15Y,2022-09-01,0.765,0.649,0.861,0.649,19.76%
15Y,2022-08-01,0.639,0.598,0.681,0.536,8.27%
15Y,2022-07-01,0.59,0.691,0.721,0.562,-15.94%
15Y,2022-06-01,0.702,0.573,0.844,0.557,24.23%
15Y,2022-05-01,0.565,0.556,0.631,0.495,-1.74%
15Y,2022-04-01,0.575,0.428,0.642,0.428,31.25%
15Y,2022-03-01,0.438,0.405,0.626,0.344,6.70%
15Y,2022-02-01,0.411,0.347,0.489,0.224,25.91%
15Y,2022-01-01,0.326,0.25,0.33,0.224,36.56%
15Y,2021-12-01,0.239,0.209,0.25,0.166,34.54%
15Y,2021-11-01,0.177,0.243,0.245,0.176,-26.80%
15Y,2021-10-01,0.243,0.217,0.275,0.188,10.23%
15Y,2021-09-01,0.22,0.153,0.241,0.13,43.04%
15Y,2021-08-01,0.154,0.12,0.162,0.101,9.86%
15Y,2021-07-01,0.14,0.199,0.205,0.085,-32.14%
15Y,2021-06-01,0.206,0.248,0.268,0.162,-18.30%
15Y,2021-05-01,0.252,0.268,0.273,0.216,-6.93%
15Y,2021-04-01,0.271,0.292,0.313,0.215,-8.81%
15Y,2021-03-01,0.298,0.319,0.334,0.213,-12.19%
15Y,2021-02-01,0.339,0.202,0.355,0.17,61.33%
15Y,2021-01-01,0.21,0.175,0.214,0.119,20.00%
15Y,2020-12-01,0.175,0.135,0.177,0.094,13.78%
15Y,2020-11-01,0.154,0.156,0.189,0.089,-15.17%
15Y,2020-10-01,0.181,0.127,0.19,0.101,45.04%
15Y,2020-09-01,0.125,0.166,0.185,0.076,-27.54%
15Y,2020-08-01,0.172,0.072,0.198,0.051,50.00%
15Y,2020-07-01,0.115,0.168,0.2,0.045,-33.33%
15Y,2020-06-01,0.172,0.083,0.234,0.056,28.92%
15Y,2020-05-01,0.134,0.124,0.124,0.124,28.90%
15Y,2020-04-01,0.104,0.094,0.094,0.094,23.87%
15Y,2020-03-01,0.084,0.014,0.014,0.014,-770.40%
15Y,2020-02-01,-0.013,0.121,0.121,0.121,-110.42%
15Y,2020-01-01,0.12,0.204,0.204,0.204,-41.09%
15Y,2019-12-01,0.204,0.207,0.207,0.207,12.36%
15Y,2019-11-01,0.181,0.109,0.109,0.109,55.89%
15Y,2019-10-01,0.116,0.12,0.12,0.12,0.00%
15Y,2019-09-01,0.116,0.004,0.004,0.004,416.89%
15Y,2019-08-01,0.023,0.085,0.085,0.085,-84.48%
15Y,2019-07-01,0.145,0.185,0.185,0.185,-15.35%
15Y,2019-06-01,0.171,0.226,0.226,0.226,-27.11%
15Y,2019-05-01,0.235,0.294,0.294,0.294,-20.01%
15Y,2019-04-01,0.294,0.274,0.274,0.274,9.83%
15Y,2019-03-01,0.268,0.355,0.355,0.355,-24.11%
15Y,2019-02-01,0.352,0.324,0.324,0.324,7.63%
15Y,2019-01-01,0.327,0.36,0.36,0.36,-11.20%
15Y,2018-12-01,0.369,0.45,0.45,0.45,-18.73%
15Y,2018-11-01,0.454,0.534,0.534,0.534,-15.76%
15Y,2018-10-01,0.539,0.553,0.553,0.553,-2.50%
15Y,2018-09-01,0.553,0.541,0.541,0.541,3.76%
15Y,2018-08-01,0.533,0.533,0.533,0.533,7.84%
15Y,2018-07-01,0.494,0.423,0.423,0.423,14.49%
15Y,2018-06-01,0.431,0.45,0.45,0.45,-2.27%
15Y,2018-05-01,0.441,0.441,0.441,0.441,-0.27%
15Y,2018-04-01,0.442,0.442,0.442,0.442,-0.85%
15Y,2018-03-01,0.446,0.446,0.446,0.446,-2.45%
15Y,2018-02-01,0.458,0.458,0.458,0.458,-7.58%
15Y,2018-01-01,0.495,0.495,0.495,0.495,6.45%
15Y,2017-12-01,0.465,0.465,0.465,0.465,0.00%
15Y,2017-11-01,0.465,0.465,0.465,0.465,-0.53%
15Y,2017-10-01,0.468,0.468,0.468,0.468,-4.10%
15Y,2017-09-01,0.488,0.488,0.488,0.488,19.63%
15Y,2017-08-01,0.407,0.407,0.407,0.407,-11.41%
15Y,2017-07-01,0.46,0.46,0.46,0.46,0.81%
15Y,2017-06-01,0.456,0.456,0.456,0.456,5.80%
15Y,2017-05-01,0.431,0.431,0.431,0.431,3.31%
15Y,2017-04-01,0.417,0.417,0.417,0.417,-12.35%
15Y,2017-03-01,0.476,0.476,0.476,0.476,1.88%
15Y,2017-02-01,0.468,0.468,0.468,0.468,-0.53%
15Y,2017-01-01,0.47,0.47,0.47,0.47,8.34%
15Y,2016-12-01,0.434,0.434,0.434,0.434,13.41%
15Y,2016-11-01,0.382,0.382,0.382,0.382,49.24%
15Y,2016-10-01,0.256,0.256,0.256,0.256,16.50%
15Y,2016-09-01,0.22,0.22,0.22,0.22,-5.38%
15Y,2016-08-01,0.233,0.233,0.233,0.233,89.80%
15Y,2016-07-01,0.123,0.123,0.123,0.123,164.58%
15Y,2016-06-01,0.046,0.046,0.046,0.046,-82.53%
15Y,2016-05-01,0.265,0.265,0.265,0.265,-17.52%
15Y,2016-04-01,0.321,0.321,0.321,0.321,-5.50%
15Y,2016-03-01,0.34,0.34,0.34,0.34,-12.26%
15Y,2016-02-01,0.387,0.387,0.387,0.387,-32.61%
15Y,2016-01-01,0.575,0.575,0.575,0.575,-21.77%
15Y,2015-12-01,0.735,0.735,0.735,0.735,-5.62%
15Y,2015-11-01,0.779,0.779,0.779,0.779,-5.31%
15Y,2015-10-01,0.822,0.822,0.822,0.822,-3.38%
15Y,2015-09-01,0.851,0.851,0.851,0.851,-5.93%
15Y,2015-08-01,0.905,0.905,0.905,0.905,-2.04%
15Y,2015-07-01,0.924,0.924,0.924,0.924,-5.38%
15Y,2015-06-01,0.976,0.976,0.976,0.976,4.83%
15Y,2015-05-01,0.931,0.931,0.931,0.931,5.53%
15Y,2015-04-01,0.882,0.882,0.882,0.882,0.28%
15Y,2015-03-01,0.88,0.88,0.88,0.88,2.17%
15Y,2015-02-01,0.861,0.861,0.861,0.861,9.21%
15Y,2015-01-01,0.789,0.789,0.789,0.789,-8.02%
15Y,2014-12-01,0.858,0.858,0.858,0.858,-10.44%
15Y,2014-11-01,0.957,0.957,0.957,0.957,-2.43%
15Y,2014-10-01,0.981,0.981,0.981,0.981,-8.07%
15Y,2014-09-01,1.067,1.067,1.067,1.067,4.15%
15Y,2014-08-01,1.025,1.025,1.025,1.025,-6.93%
15Y,2014-07-01,1.101,1.101,1.101,1.101,-4.03%
15Y,2014-06-01,1.148,1.148,1.148,1.148,-3.16%
15Y,2014-05-01,1.185,1.185,1.185,1.185,-4.24%
15Y,2014-04-01,1.237,1.237,1.237,1.237,-3.32%
15Y,2014-03-01,1.28,1.28,1.28,1.28,2.09%
15Y,2014-02-01,1.254,1.254,1.254,1.254,-0.10%
15Y,2014-01-01,1.255,1.255,1.255,1.255,-8.39%
15Y,2013-12-01,1.37,1.37,1.37,1.37,11.05%
15Y,2013-11-01,1.234,1.234,1.234,1.234,2.91%
15Y,2013-10-01,1.199,1.199,1.199,1.199,-8.75%
15Y,2013-09-01,1.314,1.314,1.314,1.314,-3.57%
15Y,2013-08-01,1.362,1.362,1.362,1.362,-5.71%
15Y,2013-07-01,1.445,1.445,1.445,1.445,3.86%
15Y,2013-06-01,1.391,1.391,1.391,1.391,-3.72%
15Y,2013-05-01,1.445,1.445,1.445,1.445,24.03%
15Y,2013-04-01,1.165,1.165,1.165,1.165,7.49%
15Y,2013-03-01,1.084,1.084,1.084,1.084,-8.25%
15Y,2013-02-01,1.181,1.181,1.181,1.181,-10.76%
15Y,2013-01-01,1.324,1.324,1.324,1.324,-2.04%
15Y,2012-12-01,1.351,1.351,1.351,1.351,13.67%
15Y,2012-11-01,1.189,1.189,1.189,1.189,-4.80%
15Y,2012-10-01,1.249,1.249,1.249,1.249,3.20%
15Y,2012-09-01,1.21,1.21,1.21,1.21,-2.62%
15Y,2012-08-01,1.242,1.242,1.242,1.242,3.65%
15Y,2012-07-01,1.199,1.199,1.199,1.199,-6.16%
15Y,2012-06-01,1.278,1.278,1.278,1.278,1.19%
15Y,2012-05-01,1.263,1.263,1.263,1.263,-7.51%
15Y,2012-04-01,1.365,1.365,1.365,1.365,-8.08%
15Y,2012-03-01,1.485,1.485,1.485,1.485,3.40%
15Y,2012-02-01,1.436,1.436,1.436,1.436,3.05%
15Y,2012-01-01,1.394,1.394,1.394,1.394,2.86%
15Y,2011-12-01,1.355,1.355,1.355,1.355,-9.97%
15Y,2011-11-01,1.505,1.505,1.505,1.505,3.08%
15Y,2011-10-01,1.46,1.46,1.46,1.46,1.39%
15Y,2011-09-01,1.44,1.44,1.44,1.44,-2.79%
15Y,2011-08-01,1.481,1.481,1.481,1.481,-2.78%
15Y,2011-07-01,1.524,1.524,1.524,1.524,-5.58%
15Y,2011-06-01,1.614,1.614,1.614,1.614,-2.72%
15Y,2011-05-01,1.659,1.659,1.659,1.659,-6.23%
15Y,2011-04-01,1.769,1.769,1.769,1.769,0.00%
15Y,2011-03-01,1.769,1.769,1.769,1.769,0.00%
15Y,2011-02-01,1.769,1.769,1.769,1.769,4.18%
15Y,2011-01-01,1.698,1.698,1.698,1.698,7.13%
15Y,2010-12-01,1.585,1.585,1.585,1.585,-5.99%
15Y,2010-11-01,1.686,1.686,1.686,1.686,14.15%
15Y,2010-10-01,1.477,1.477,1.477,1.477,1.86%
15Y,2010-09-01,1.45,1.45,1.45,1.45,0.00%
15Y,2010-08-01,1.45,1.45,1.45,1.45,-5.29%
15Y,2010-07-01,1.531,1.531,1.531,1.531,-4.07%
15Y,2010-06-01,1.596,1.596,1.596,1.596,-10.89%
5Y,2026-02-01,1.594,1.635,1.736,1.572,-3.08%
5Y,2026-01-01,1.645,1.551,1.723,1.535,4.05%
5Y,2025-12-01,1.581,1.313,1.586,1.322,19.14%
5Y,2025-11-01,1.327,1.209,1.346,1.217,7.97%
5Y,2025-10-01,1.229,1.229,1.272,1.146,-1.44%
5Y,2025-09-01,1.247,1.122,1.268,1.076,8.43%
5Y,2025-08-01,1.15,1.058,1.181,1.004,5.60%
5Y,2025-07-01,1.089,0.941,1.134,0.964,12.04%
5Y,2025-06-01,0.972,0.966,1.018,0.934,-2.41%
5Y,2025-05-01,0.996,0.808,1.016,0.8,23.53%
5Y,2025-04-01,0.806,1.081,1.084,0.689,-25.26%
5Y,2025-03-01,1.079,1.03,1.169,1.03,4.74%
5Y,2025-02-01,1.03,0.955,1.11,0.94,7.85%
5Y,2025-01-01,0.955,0.832,0.956,0.832,14.71%
5Y,2024-12-01,0.832,0.825,0.855,0.788,1.06%
5Y,2024-11-01,0.824,0.709,0.846,0.684,16.03%
5Y,2024-10-01,0.71,0.636,0.725,0.595,11.37%
5Y,2024-09-01,0.637,0.642,0.665,0.569,-0.78%
5Y,2024-08-01,0.642,0.764,0.77,0.524,-15.74%
5Y,2024-07-01,0.762,0.721,0.766,0.665,5.90%
5Y,2024-06-01,0.72,0.77,0.77,0.63,-6.49%
5Y,2024-05-01,0.77,0.646,0.774,0.611,19.14%
5Y,2024-04-01,0.646,0.544,0.68,0.544,18.59%
5Y,2024-03-01,0.545,0.555,0.585,0.034,-2.03%
5Y,2024-02-01,0.556,0.55,0.605,0.519,0.91%
5Y,2024-01-01,0.551,0.502,0.58,0.412,9.71%
5Y,2023-12-01,0.502,0.566,0.663,0.466,-10.87%
5Y,2023-11-01,0.564,0.691,0.759,0.515,-22.23%
5Y,2023-10-01,0.725,0.608,0.748,0.535,19.34%
5Y,2023-09-01,0.608,0.436,0.615,0.431,29.95%
5Y,2023-08-01,0.468,0.376,0.499,0.367,24.87%
5Y,2023-07-01,0.374,0.259,0.41,0.236,33.71%
5Y,2023-06-01,0.28,0.285,0.317,0.212,-11.81%
5Y,2023-05-01,0.317,0.264,0.334,0.241,8.55%
5Y,2023-04-01,0.292,0.316,0.374,0.239,-17.61%
5Y,2023-03-01,0.355,0.436,0.529,0.199,-19.67%
5Y,2023-02-01,0.442,0.461,0.548,0.437,-12.50%
5Y,2023-01-01,0.505,0.629,0.653,0.384,-19.69%
5Y,2022-12-01,0.629,0.315,0.629,0.306,80.28%
5Y,2022-11-01,0.349,0.266,0.363,0.233,30.10%
5Y,2022-10-01,0.268,0.272,0.403,0.233,-1.40%
5Y,2022-09-01,0.272,0.194,0.354,0.194,45.01%
5Y,2022-08-01,0.188,0.122,0.226,0.099,33.93%
5Y,2022-07-01,0.14,0.203,0.243,0.109,-41.98%
5Y,2022-06-01,0.241,0.166,0.411,0.125,32.22%
5Y,2022-05-01,0.183,0.18,0.237,0.127,-7.03%
5Y,2022-04-01,0.196,0.121,0.231,0.121,55.42%
5Y,2022-03-01,0.126,0.096,0.216,0.056,17.49%
5Y,2022-02-01,0.108,0.094,0.155,0.016,26.62%
5Y,2022-01-01,0.085,0.016,0.087,0.016,420.86%
5Y,2021-12-01,0.016,0.002,0.023,-0.015,-230.40%
5Y,2021-11-01,-0.013,0.032,0.038,-0.014,-136.98%
5Y,2021-10-01,0.034,0.006,0.043,-0.011,350.67%
5Y,2021-09-01,0.007,-0.036,0.02,-0.05,-119.33%
5Y,2021-08-01,-0.039,-0.058,-0.027,-0.071,-13.78%
5Y,2021-07-01,-0.045,-0.027,-0.016,-0.071,89.08%
5Y,2021-06-01,-0.024,-0.011,-0.001,-0.054,217.33%
5Y,2021-05-01,-0.007,-0.009,0.002,-0.031,19.05%
5Y,2021-04-01,-0.006,-0.004,0.016,-0.036,384.62%
5Y,2021-03-01,-0.001,0.008,0.021,-0.044,-104.94%
5Y,2021-02-01,0.026,-0.059,0.038,-0.071,-151.27%
5Y,2021-01-01,-0.051,-0.047,-0.043,-0.085,8.00%
5Y,2020-12-01,-0.047,-0.052,-0.039,-0.084,0.00%
5Y,2020-11-01,-0.047,-0.05,-0.031,-0.084,18.75%
5Y,2020-10-01,-0.04,-0.068,-0.038,-0.084,-40.74%
5Y,2020-09-01,-0.068,-0.038,-0.025,-0.09,107.69%
5Y,2020-08-01,-0.032,-0.075,-0.018,-0.096,-43.48%
5Y,2020-07-01,-0.058,-0.036,-0.021,-0.094,99.65%
5Y,2020-06-01,-0.029,-0.071,0.004,-0.086,-47.64%
5Y,2020-05-01,-0.055,-0.061,-0.061,-0.061,-36.19%
5Y,2020-04-01,-0.086,-0.061,-0.061,-0.061,16.80%
5Y,2020-03-01,-0.074,-0.155,-0.155,-0.155,-59.29%
5Y,2020-02-01,-0.181,-0.034,-0.034,-0.034,163.52%
5Y,2020-01-01,-0.069,-0.005,-0.005,-0.005,"1,276.00%"
5Y,2019-12-01,-0.005,-0.029,-0.029,-0.029,-90.00%
5Y,2019-11-01,-0.05,-0.086,-0.086,-0.086,-59.61%
5Y,2019-10-01,-0.124,-0.185,-0.185,-0.185,-24.97%
5Y,2019-09-01,-0.165,-0.184,-0.184,-0.184,-1.49%
5Y,2019-08-01,-0.168,-0.169,-0.169,-0.169,45.65%
5Y,2019-07-01,-0.115,-0.119,-0.119,-0.119,-8.00%
5Y,2019-06-01,-0.125,-0.068,-0.068,-0.068,132.34%
5Y,2019-05-01,-0.054,-0.026,-0.026,-0.026,104.56%
5Y,2019-04-01,-0.026,-0.05,-0.05,-0.05,-48.73%
5Y,2019-03-01,-0.051,-0.013,-0.013,-0.013,242.00%
5Y,2019-02-01,-0.015,-0.019,-0.019,-0.019,-14.29%
5Y,2019-01-01,-0.018,0.014,0.014,0.014,-226.81%
5Y,2018-12-01,0.014,0.039,0.039,0.039,-77.92%
5Y,2018-11-01,0.063,0.109,0.109,0.109,-46.26%
5Y,2018-10-01,0.116,0.134,0.134,0.134,-14.67%
5Y,2018-09-01,0.136,0.131,0.131,0.131,11.27%
5Y,2018-08-01,0.123,0.134,0.134,0.134,18.02%
5Y,2018-07-01,0.104,0.081,0.081,0.081,18.63%
5Y,2018-06-01,0.087,0.101,0.101,0.101,-10.26%
5Y,2018-05-01,0.097,0.097,0.097,0.097,5.41%
5Y,2018-04-01,0.093,0.093,0.093,0.093,-6.38%
5Y,2018-03-01,0.099,0.099,0.099,0.099,-4.82%
5Y,2018-02-01,0.104,0.104,0.104,0.104,-10.75%
5Y,2018-01-01,0.116,0.116,0.116,0.116,25.73%
5Y,2017-12-01,0.093,0.093,0.093,0.093,-1.39%
5Y,2017-11-01,0.094,0.094,0.094,0.094,-2.60%
5Y,2017-10-01,0.096,0.096,0.096,0.096,5.48%
5Y,2017-09-01,0.091,0.091,0.091,0.091,69.70%
5Y,2017-08-01,0.054,0.054,0.054,0.054,-46.20%
5Y,2017-07-01,0.1,0.1,0.1,0.1,3.84%
5Y,2017-06-01,0.096,0.096,0.096,0.096,20.38%
5Y,2017-05-01,0.08,0.08,0.08,0.08,52.38%
5Y,2017-04-01,0.052,0.052,0.052,0.052,-44.03%
5Y,2017-03-01,0.094,0.094,0.094,0.094,36.34%
5Y,2017-02-01,0.069,0.069,0.069,0.069,-23.56%
5Y,2017-01-01,0.09,0.09,0.09,0.09,46.82%
5Y,2016-12-01,0.061,0.061,0.061,0.061,-12.43%
5Y,2016-11-01,0.07,0.07,0.07,0.07,-300.00%
5Y,2016-10-01,-0.035,-0.035,-0.035,-0.035,-67.44%
5Y,2016-09-01,-0.108,-0.108,-0.108,-0.108,36.42%
5Y,2016-08-01,-0.079,-0.079,-0.079,-0.079,-36.35%
5Y,2016-07-01,-0.124,-0.124,-0.124,-0.124,-26.09%
5Y,2016-06-01,-0.168,-0.168,-0.168,-0.168,63.41%
5Y,2016-05-01,-0.102,-0.102,-0.102,-0.102,32.26%
5Y,2016-04-01,-0.078,-0.078,-0.078,-0.078,-7.52%
5Y,2016-03-01,-0.084,-0.084,-0.084,-0.084,-40.14%
5Y,2016-02-01,-0.14,-0.14,-0.14,-0.14,"-1,114.49%"
5Y,2016-01-01,0.014,0.014,0.014,0.014,-91.31%
5Y,2015-12-01,0.159,0.159,0.159,0.159,8.54%
5Y,2015-11-01,0.146,0.146,0.146,0.146,-15.77%
5Y,2015-10-01,0.174,0.174,0.174,0.174,-6.76%
5Y,2015-09-01,0.186,0.186,0.186,0.186,-12.33%
5Y,2015-08-01,0.213,0.213,0.213,0.213,-9.11%
5Y,2015-07-01,0.234,0.234,0.234,0.234,-14.98%
5Y,2015-06-01,0.275,0.275,0.275,0.275,17.02%
5Y,2015-05-01,0.235,0.235,0.235,0.235,-6.45%
5Y,2015-04-01,0.251,0.251,0.251,0.251,-5.67%
5Y,2015-03-01,0.266,0.266,0.266,0.266,25.32%
5Y,2015-02-01,0.213,0.213,0.213,0.213,4.94%
5Y,2015-01-01,0.203,0.203,0.203,0.203,1.25%
5Y,2014-12-01,0.2,0.2,0.2,0.2,-9.09%
5Y,2014-11-01,0.22,0.22,0.22,0.22,-1.12%
5Y,2014-10-01,0.222,0.222,0.222,0.222,-11.88%
5Y,2014-09-01,0.252,0.252,0.252,0.252,1.49%
5Y,2014-08-01,0.249,0.249,0.249,0.249,4.76%
5Y,2014-07-01,0.237,0.237,0.237,0.237,-8.23%
5Y,2014-06-01,0.259,0.259,0.259,0.259,-14.81%
5Y,2014-05-01,0.304,0.304,0.304,0.304,-3.92%
5Y,2014-04-01,0.316,0.316,0.316,0.316,-1.59%
5Y,2014-03-01,0.321,0.321,0.321,0.321,4.49%
5Y,2014-02-01,0.308,0.308,0.308,0.308,-3.54%
5Y,2014-01-01,0.319,0.319,0.319,0.319,-15.55%
5Y,2013-12-01,0.377,0.377,0.377,0.377,17.49%
5Y,2013-11-01,0.321,0.321,0.321,0.321,-4.09%
5Y,2013-10-01,0.335,0.335,0.335,0.335,-14.39%
5Y,2013-09-01,0.391,0.391,0.391,0.391,-6.39%
5Y,2013-08-01,0.418,0.418,0.418,0.418,-2.22%
5Y,2013-07-01,0.428,0.428,0.428,0.428,-10.47%
5Y,2013-06-01,0.477,0.477,0.477,0.477,-9.70%
5Y,2013-05-01,0.529,0.529,0.529,0.529,40.08%
5Y,2013-04-01,0.377,0.377,0.377,0.377,30.71%
5Y,2013-03-01,0.289,0.289,0.289,0.289,6.18%
5Y,2013-02-01,0.272,0.272,0.272,0.272,-2.51%
5Y,2013-01-01,0.279,0.279,0.279,0.279,-2.45%
5Y,2012-12-01,0.286,0.286,0.286,0.286,3.25%
5Y,2012-11-01,0.277,0.277,0.277,0.277,-10.30%
5Y,2012-10-01,0.309,0.309,0.309,0.309,-3.50%
5Y,2012-09-01,0.32,0.32,0.32,0.32,-10.36%
5Y,2012-08-01,0.357,0.357,0.357,0.357,5.00%
5Y,2012-07-01,0.34,0.34,0.34,0.34,-13.11%
5Y,2012-06-01,0.391,0.391,0.391,0.391,-3.69%
5Y,2012-05-01,0.406,0.406,0.406,0.406,-2.10%
5Y,2012-04-01,0.415,0.415,0.415,0.415,-12.39%
5Y,2012-03-01,0.474,0.474,0.474,0.474,6.93%
5Y,2012-02-01,0.443,0.443,0.443,0.443,-1.12%
5Y,2012-01-01,0.448,0.448,0.448,0.448,-3.14%
5Y,2011-12-01,0.463,0.463,0.463,0.463,-13.55%
5Y,2011-11-01,0.535,0.535,0.535,0.535,15.05%
5Y,2011-10-01,0.465,0.465,0.465,0.465,-1.59%
5Y,2011-09-01,0.472,0.472,0.472,0.472,6.18%
5Y,2011-08-01,0.445,0.445,0.445,0.445,-7.29%
5Y,2011-07-01,0.48,0.48,0.48,0.48,-12.73%
5Y,2011-06-01,0.55,0.55,0.55,0.55,-1.11%
5Y,2011-05-01,0.556,0.556,0.556,0.556,-1.78%
5Y,2011-04-01,0.566,0.566,0.566,0.566,-7.72%
5Y,2011-03-01,0.614,0.614,0.614,0.614,-9.48%
5Y,2011-02-01,0.678,0.678,0.678,0.678,7.79%
5Y,2011-01-01,0.629,0.629,0.629,0.629,13.33%
5Y,2010-12-01,0.555,0.555,0.555,0.555,-6.09%
5Y,2010-11-01,0.591,0.591,0.591,0.591,26.28%
5Y,2010-10-01,0.468,0.468,0.468,0.468,-2.50%
5Y,2010-09-01,0.48,0.48,0.48,0.48,-4.48%
5Y,2010-08-01,0.502,0.502,0.502,0.502,-11.84%
5Y,2010-07-01,0.57,0.57,0.57,0.57,-5.63%
5Y,2010-06-01,0.604,0.604,0.604,0.604,-11.31%
9Y,2026-02-01,1.901,1.968,2.061,1.856,-3.57%
9Y,2026-01-01,1.971,1.847,2.117,1.85,5.01%
9Y,2025-12-01,1.877,1.603,1.892,1.604,16.51%
9Y,2025-11-01,1.611,1.46,1.635,1.465,8.70%
9Y,2025-10-01,1.482,1.469,1.53,1.41,-0.34%
9Y,2025-09-01,1.487,1.383,1.51,1.339,5.16%
9Y,2025-08-01,1.414,1.314,1.446,1.254,5.13%
9Y,2025-07-01,1.345,1.183,1.389,1.199,11.07%
9Y,2025-06-01,1.211,1.214,1.274,1.172,-2.65%
9Y,2025-05-01,1.244,1.015,1.31,1.014,22.40%
9Y,2025-04-01,1.016,1.289,1.299,0.856,-20.98%
9Y,2025-03-01,1.286,1.23,1.383,1.23,4.67%
9Y,2025-02-01,1.229,1.144,1.32,1.13,7.43%
9Y,2025-01-01,1.144,1.035,1.151,1.035,10.51%
9Y,2024-12-01,1.035,1.014,1.056,0.989,2.09%
9Y,2024-11-01,1.014,0.929,1.055,0.892,9.01%
9Y,2024-10-01,0.93,0.849,0.961,0.811,9.24%
9Y,2024-09-01,0.851,0.877,0.899,0.79,-2.99%
9Y,2024-08-01,0.877,0.957,0.985,0.711,-11.03%
9Y,2024-07-01,0.986,1.008,1.058,0.864,-2.95%
9Y,2024-06-01,1.016,1.028,1.065,0.884,-4.57%
9Y,2024-05-01,1.065,0.906,1.071,0.864,11.95%
9Y,2024-04-01,0.951,0.79,0.989,0.784,21.18%
9Y,2024-03-01,0.785,0.816,0.871,0.671,-7.65%
9Y,2024-02-01,0.85,0.865,0.926,0.794,-4.49%
9Y,2024-01-01,0.89,0.822,0.919,0.679,8.21%
9Y,2023-12-01,0.822,0.86,1.001,0.709,-8.49%
9Y,2023-11-01,0.899,1.117,1.146,0.781,-19.66%
9Y,2023-10-01,1.119,0.949,1.143,0.858,17.92%
9Y,2023-09-01,0.949,0.749,0.969,0.736,17.14%
9Y,2023-08-01,0.81,0.696,0.841,0.679,12.59%
9Y,2023-07-01,0.719,0.543,0.759,0.486,27.33%
9Y,2023-06-01,0.565,0.578,0.61,0.458,-7.57%
9Y,2023-05-01,0.611,0.537,0.621,0.475,7.95%
9Y,2023-04-01,0.566,0.592,0.69,0.506,-9.22%
9Y,2023-03-01,0.624,0.752,0.891,0.429,-23.93%
9Y,2023-02-01,0.82,0.81,0.889,0.754,-3.81%
9Y,2023-01-01,0.853,0.887,1.003,0.685,-3.94%
9Y,2022-12-01,0.887,0.566,0.887,0.554,46.99%
9Y,2022-11-01,0.604,0.519,0.639,0.469,16.12%
9Y,2022-10-01,0.52,0.484,0.668,0.436,7.35%
9Y,2022-09-01,0.484,0.377,0.584,0.335,31.81%
9Y,2022-08-01,0.368,0.294,0.406,0.261,20.97%
9Y,2022-07-01,0.304,0.423,0.461,0.267,-29.97%
9Y,2022-06-01,0.434,0.341,0.613,0.313,30.23%
9Y,2022-05-01,0.333,0.354,0.421,0.279,-11.17%
9Y,2022-04-01,0.375,0.246,0.436,0.246,46.31%
9Y,2022-03-01,0.256,0.21,0.398,0.161,16.50%
9Y,2022-02-01,0.22,0.187,0.276,0.084,26.73%
9Y,2022-01-01,0.174,0.084,0.177,0.076,92.89%
9Y,2021-12-01,0.09,0.064,0.091,0.041,94.38%
9Y,2021-11-01,0.046,0.097,0.101,0.045,-53.14%
9Y,2021-10-01,0.099,0.069,0.123,0.051,36.28%
9Y,2021-09-01,0.072,0.017,0.089,0.002,344.79%
9Y,2021-08-01,0.016,-0.007,0.027,-0.025,328.95%
9Y,2021-07-01,0.004,0.043,0.047,-0.029,-92.00%
9Y,2021-06-01,0.047,0.078,0.093,0.011,-42.42%
9Y,2021-05-01,0.083,0.089,0.096,0.056,-9.64%
9Y,2021-04-01,0.091,0.106,0.126,0.051,-16.08%
9Y,2021-03-01,0.109,0.123,0.135,0.052,-24.34%
9Y,2021-02-01,0.144,0.019,0.156,0.009,422.91%
9Y,2021-01-01,0.027,0.018,0.034,-0.018,57.14%
9Y,2020-12-01,0.018,0.005,0.024,-0.027,26.81%
9Y,2020-11-01,0.014,0.014,0.038,-0.03,-52.08%
9Y,2020-10-01,0.029,-0.007,0.031,-0.026,-388.00%
9Y,2020-09-01,-0.01,0.027,0.04,-0.04,-130.77%
9Y,2020-08-01,0.032,-0.032,0.05,-0.046,-955.26%
9Y,2020-07-01,-0.004,0.031,0.05,-0.046,-110.13%
9Y,2020-06-01,0.038,-0.03,0.086,-0.041,400.00%
9Y,2020-05-01,0.007,-0.006,-0.006,-0.006,-128.52%
9Y,2020-04-01,-0.026,0.036,0.036,0.036,75.33%
9Y,2020-03-01,-0.015,-0.116,-0.116,-0.116,-88.46%
9Y,2020-02-01,-0.13,-0.013,-0.013,-0.013,"1,050.44%"
9Y,2020-01-01,-0.011,0.075,0.075,0.075,-115.59%
9Y,2019-12-01,0.072,0.065,0.065,0.065,123.08%
9Y,2019-11-01,0.032,0.011,0.011,0.011,-196.15%
9Y,2019-10-01,-0.034,-0.052,-0.052,-0.052,-43.67%
9Y,2019-09-01,-0.06,-0.126,-0.126,-0.126,-44.85%
9Y,2019-08-01,-0.109,-0.044,-0.044,-0.044,295.64%
9Y,2019-07-01,-0.027,-0.013,-0.013,-0.013,46.28%
9Y,2019-06-01,-0.019,0.007,0.007,0.007,-144.24%
9Y,2019-05-01,0.043,0.084,0.084,0.084,-49.28%
9Y,2019-04-01,0.084,0.061,0.061,0.061,39.67%
9Y,2019-03-01,0.06,0.121,0.121,0.121,-49.49%
9Y,2019-02-01,0.119,0.093,0.093,0.093,26.65%
9Y,2019-01-01,0.094,0.121,0.121,0.121,-25.73%
9Y,2018-12-01,0.126,0.157,0.157,0.157,-35.23%
9Y,2018-11-01,0.195,0.265,0.265,0.265,-28.12%
9Y,2018-10-01,0.271,0.295,0.295,0.295,-8.81%
9Y,2018-09-01,0.298,0.284,0.284,0.284,7.67%
9Y,2018-08-01,0.276,0.31,0.31,0.31,11.05%
9Y,2018-07-01,0.249,0.203,0.203,0.203,19.90%
9Y,2018-06-01,0.207,0.222,0.222,0.222,-3.49%
9Y,2018-05-01,0.215,0.215,0.215,0.215,1.46%
9Y,2018-04-01,0.212,0.212,0.212,0.212,-2.57%
9Y,2018-03-01,0.218,0.218,0.218,0.218,-3.89%
9Y,2018-02-01,0.226,0.226,0.226,0.226,-4.72%
9Y,2018-01-01,0.237,0.237,0.237,0.237,9.80%
9Y,2017-12-01,0.216,0.216,0.216,0.216,0.60%
9Y,2017-11-01,0.215,0.215,0.215,0.215,-0.60%
9Y,2017-10-01,0.216,0.216,0.216,0.216,-5.46%
9Y,2017-09-01,0.229,0.229,0.229,0.229,43.00%
9Y,2017-08-01,0.16,0.16,0.16,0.16,-26.44%
9Y,2017-07-01,0.218,0.218,0.218,0.218,0.00%
9Y,2017-06-01,0.218,0.218,0.218,0.218,13.70%
9Y,2017-05-01,0.191,0.191,0.191,0.191,15.94%
9Y,2017-04-01,0.165,0.165,0.165,0.165,-23.72%
9Y,2017-03-01,0.216,0.216,0.216,0.216,14.57%
9Y,2017-02-01,0.189,0.189,0.189,0.189,-9.01%
9Y,2017-01-01,0.207,0.207,0.207,0.207,19.46%
9Y,2016-12-01,0.174,0.174,0.174,0.174,6.04%
9Y,2016-11-01,0.164,0.164,0.164,0.164,253.78%
9Y,2016-10-01,0.046,0.046,0.046,0.046,"-3,661.54%"
9Y,2016-09-01,-0.001,-0.001,-0.001,-0.001,-104.15%
9Y,2016-08-01,0.031,0.031,0.031,0.031,-169.56%
9Y,2016-07-01,-0.045,-0.045,-0.045,-0.045,-45.45%
9Y,2016-06-01,-0.083,-0.083,-0.083,-0.083,-269.06%
9Y,2016-05-01,0.049,0.049,0.049,0.049,-41.77%
9Y,2016-04-01,0.084,0.084,0.084,0.084,-9.41%
9Y,2016-03-01,0.093,0.093,0.093,0.093,68.18%
9Y,2016-02-01,0.055,0.055,0.055,0.055,-73.17%
9Y,2016-01-01,0.205,0.205,0.205,0.205,-42.46%
9Y,2015-12-01,0.356,0.356,0.356,0.356,-4.04%
9Y,2015-11-01,0.371,0.371,0.371,0.371,-9.73%
9Y,2015-10-01,0.411,0.411,0.411,0.411,-4.08%
9Y,2015-09-01,0.429,0.429,0.429,0.429,-10.44%
9Y,2015-08-01,0.479,0.479,0.479,0.479,-2.78%
9Y,2015-07-01,0.493,0.493,0.493,0.493,-11.07%
9Y,2015-06-01,0.554,0.554,0.554,0.554,11.32%
9Y,2015-05-01,0.498,0.498,0.498,0.498,0.75%
9Y,2015-04-01,0.494,0.494,0.494,0.494,-2.22%
9Y,2015-03-01,0.505,0.505,0.505,0.505,15.09%
9Y,2015-02-01,0.439,0.439,0.439,0.439,7.68%
9Y,2015-01-01,0.407,0.407,0.407,0.407,-5.52%
9Y,2014-12-01,0.431,0.431,0.431,0.431,-12.43%
9Y,2014-11-01,0.493,0.493,0.493,0.493,-1.76%
9Y,2014-10-01,0.501,0.501,0.501,0.501,-9.68%
9Y,2014-09-01,0.555,0.555,0.555,0.555,6.46%
9Y,2014-08-01,0.521,0.521,0.521,0.521,-5.87%
9Y,2014-07-01,0.554,0.554,0.554,0.554,-8.28%
9Y,2014-06-01,0.604,0.604,0.604,0.604,-5.85%
9Y,2014-05-01,0.641,0.641,0.641,0.641,-6.04%
9Y,2014-04-01,0.683,0.683,0.683,0.683,-4.38%
9Y,2014-03-01,0.714,0.714,0.714,0.714,3.83%
9Y,2014-02-01,0.688,0.688,0.688,0.688,-2.32%
9Y,2014-01-01,0.704,0.704,0.704,0.704,-13.11%
9Y,2013-12-01,0.81,0.81,0.81,0.81,19.56%
9Y,2013-11-01,0.678,0.678,0.678,0.678,6.47%
9Y,2013-10-01,0.636,0.636,0.636,0.636,-16.06%
9Y,2013-09-01,0.758,0.758,0.758,0.758,-6.42%
9Y,2013-08-01,0.81,0.81,0.81,0.81,-6.23%
9Y,2013-07-01,0.864,0.864,0.864,0.864,-3.75%
9Y,2013-06-01,0.897,0.897,0.897,0.897,-4.27%
9Y,2013-05-01,0.938,0.938,0.938,0.938,43.68%
9Y,2013-04-01,0.652,0.652,0.652,0.652,11.54%
9Y,2013-03-01,0.585,0.585,0.585,0.585,-5.65%
9Y,2013-02-01,0.62,0.62,0.62,0.62,-7.32%
9Y,2013-01-01,0.669,0.669,0.669,0.669,-4.70%
9Y,2012-12-01,0.702,0.702,0.702,0.702,13.96%
9Y,2012-11-01,0.616,0.616,0.616,0.616,-7.02%
9Y,2012-10-01,0.663,0.663,0.663,0.663,1.15%
9Y,2012-09-01,0.655,0.655,0.655,0.655,-5.76%
9Y,2012-08-01,0.695,0.695,0.695,0.695,5.70%
9Y,2012-07-01,0.658,0.658,0.658,0.658,-9.46%
9Y,2012-06-01,0.726,0.726,0.726,0.726,-1.69%
9Y,2012-05-01,0.739,0.739,0.739,0.739,-8.46%
9Y,2012-04-01,0.807,0.807,0.807,0.807,-11.32%
9Y,2012-03-01,0.91,0.91,0.91,0.91,5.20%
9Y,2012-02-01,0.865,0.865,0.865,0.865,2.00%
9Y,2012-01-01,0.848,0.848,0.848,0.848,2.94%
9Y,2011-12-01,0.824,0.824,0.824,0.824,-14.53%
9Y,2011-11-01,0.964,0.964,0.964,0.964,6.64%
9Y,2011-10-01,0.904,0.904,0.904,0.904,0.28%
9Y,2011-09-01,0.901,0.901,0.901,0.901,-0.13%
9Y,2011-08-01,0.902,0.902,0.902,0.902,-4.38%
9Y,2011-07-01,0.944,0.944,0.944,0.944,-8.81%
9Y,2011-06-01,1.035,1.035,1.035,1.035,-2.93%
9Y,2011-05-01,1.066,1.066,1.066,1.066,-11.00%
9Y,2011-04-01,1.198,1.198,1.198,1.198,3.17%
9Y,2011-03-01,1.161,1.161,1.161,1.161,-3.07%
9Y,2011-02-01,1.198,1.198,1.198,1.198,5.64%
9Y,2011-01-01,1.134,1.134,1.134,1.134,9.04%
9Y,2010-12-01,1.04,1.04,1.04,1.04,-5.97%
9Y,2010-11-01,1.106,1.106,1.106,1.106,25.82%
9Y,2010-10-01,0.879,0.879,0.879,0.879,-1.57%
9Y,2010-09-01,0.893,0.893,0.893,0.893,-3.06%
9Y,2010-08-01,0.921,0.921,0.921,0.921,-7.70%
9Y,2010-07-01,0.998,0.998,0.998,0.998,-4.22%
9Y,2010-06-01,1.042,1.042,1.042,1.042,-12.73%
2Y,2026-02-01,1.27,1.271,1.378,1.264,-1.60%
2Y,2026-01-01,1.291,1.192,1.351,1.166,5.65%
2Y,2025-12-01,1.222,1.002,1.225,1.016,19.80%
2Y,2025-11-01,1.02,0.955,1.042,0.92,4.51%
2Y,2025-10-01,0.976,0.994,1.028,0.909,-3.84%
2Y,2025-09-01,1.015,0.897,1.032,0.858,9.61%
2Y,2025-08-01,0.926,0.844,0.946,0.811,5.83%
2Y,2025-07-01,0.875,0.765,0.915,0.775,10.20%
2Y,2025-06-01,0.794,0.774,0.821,0.758,-1.24%
2Y,2025-05-01,0.804,0.686,0.814,0.67,16.95%
2Y,2025-04-01,0.688,0.881,0.884,0.571,-21.99%
2Y,2025-03-01,0.881,0.848,0.935,0.846,3.99%
2Y,2025-02-01,0.848,0.794,0.89,0.785,6.94%
2Y,2025-01-01,0.793,0.675,0.795,0.675,17.41%
2Y,2024-12-01,0.675,0.69,0.716,0.642,-2.00%
2Y,2024-11-01,0.689,0.563,0.701,0.55,22.72%
2Y,2024-10-01,0.561,0.491,0.561,0.451,13.97%
2Y,2024-09-01,0.493,0.479,0.5,0.423,2.86%
2Y,2024-08-01,0.479,0.543,0.577,0.354,-15.63%
2Y,2024-07-01,0.567,0.441,0.569,0.391,24.04%
2Y,2024-06-01,0.458,0.468,0.504,0.366,-9.19%
2Y,2024-05-01,0.504,0.365,0.506,0.352,24.40%
2Y,2024-04-01,0.405,0.301,0.428,0.295,35.00%
2Y,2024-03-01,0.3,0.301,0.355,0.254,0.00%
2Y,2024-02-01,0.3,0.237,0.331,0.222,12.65%
2Y,2024-01-01,0.266,0.236,0.278,0.147,12.70%
2Y,2023-12-01,0.236,0.222,0.321,0.181,-6.86%
2Y,2023-11-01,0.254,0.327,0.36,0.179,-12.70%
2Y,2023-10-01,0.291,0.254,0.344,0.189,14.54%
2Y,2023-09-01,0.254,0.139,0.266,0.138,64.31%
2Y,2023-08-01,0.154,0.116,0.188,0.104,32.76%
2Y,2023-07-01,0.116,0.086,0.136,0.06,13.46%
2Y,2023-06-01,0.102,0.089,0.114,0.043,-9.93%
2Y,2023-05-01,0.114,0.086,0.129,0.068,-5.17%
2Y,2023-04-01,0.12,0.135,0.171,0.084,-29.41%
2Y,2023-03-01,0.17,0.184,0.237,0.063,-26.88%
2Y,2023-02-01,0.233,0.187,0.259,0.173,0.52%
2Y,2023-01-01,0.231,0.29,0.339,0.153,-20.24%
2Y,2022-12-01,0.29,0.142,0.322,0.138,70.59%
2Y,2022-11-01,0.17,0.135,0.17,0.092,56.25%
2Y,2022-10-01,0.109,0.117,0.194,0.037,-7.40%
2Y,2022-09-01,0.117,0.078,0.164,0.078,54.00%
2Y,2022-08-01,0.076,0.038,0.106,0.028,22.08%
2Y,2022-07-01,0.063,0.082,0.12,0.032,-42.56%
2Y,2022-06-01,0.109,0.051,0.22,-0.007,55.43%
2Y,2022-05-01,0.07,0.063,0.101,0.031,-12.50%
2Y,2022-04-01,0.08,0.048,0.091,0.047,42.10%
2Y,2022-03-01,0.056,0.039,0.091,-0.007,50.13%
2Y,2022-02-01,0.038,0.011,0.064,-0.007,231.86%
2Y,2022-01-01,0.011,-0.006,0.014,-0.013,-279.37%
2Y,2021-12-01,-0.006,-0.022,-0.006,-0.032,-81.36%
2Y,2021-11-01,-0.034,0.001,0.002,-0.034,238.00%
2Y,2021-10-01,-0.01,-0.013,-0.001,-0.026,-15.97%
2Y,2021-09-01,-0.012,-0.041,-0.011,-0.05,-76.80%
2Y,2021-08-01,-0.051,-0.059,-0.039,-0.059,6.65%
2Y,2021-07-01,-0.048,-0.051,-0.038,-0.061,-8.38%
2Y,2021-06-01,-0.052,-0.041,-0.041,-0.059,27.12%
2Y,2021-05-01,-0.041,-0.045,-0.039,-0.052,-8.22%
2Y,2021-04-01,-0.045,-0.043,-0.041,-0.057,0.00%
2Y,2021-03-01,-0.045,-0.054,-0.035,-0.075,-5.26%
2Y,2021-02-01,-0.047,-0.08,-0.035,-0.083,-36.67%
2Y,2021-01-01,-0.075,-0.066,-0.065,-0.094,13.12%
2Y,2020-12-01,-0.066,-0.065,-0.063,-0.08,2.00%
2Y,2020-11-01,-0.065,-0.065,-0.06,-0.081,0.00%
2Y,2020-10-01,-0.065,-0.072,-0.056,-0.078,-10.34%
2Y,2020-09-01,-0.072,-0.047,-0.047,-0.081,56.59%
2Y,2020-08-01,-0.046,-0.063,-0.036,-0.067,-25.92%
2Y,2020-07-01,-0.063,-0.038,-0.035,-0.069,66.67%
2Y,2020-06-01,-0.038,-0.052,-0.035,-0.06,-28.57%
2Y,2020-05-01,-0.052,-0.06,-0.06,-0.06,-22.22%
2Y,2020-04-01,-0.068,-0.056,-0.056,-0.056,22.73%
2Y,2020-03-01,-0.055,-0.155,-0.155,-0.155,-67.16%
2Y,2020-02-01,-0.168,-0.045,-0.045,-0.045,148.15%
2Y,2020-01-01,-0.068,-0.005,-0.005,-0.005,"1,250.00%"
2Y,2019-12-01,-0.005,-0.044,-0.044,-0.044,-91.67%
2Y,2019-11-01,-0.06,-0.15,-0.15,-0.15,-51.53%
2Y,2019-10-01,-0.124,-0.144,-0.144,-0.144,-23.82%
2Y,2019-09-01,-0.162,-0.147,-0.147,-0.147,10.17%
2Y,2019-08-01,-0.147,-0.112,-0.112,-0.112,32.52%
2Y,2019-07-01,-0.111,-0.114,-0.114,-0.114,-6.31%
2Y,2019-06-01,-0.119,-0.064,-0.064,-0.064,116.00%
2Y,2019-05-01,-0.055,-0.036,-0.036,-0.036,51.52%
2Y,2019-04-01,-0.036,-0.058,-0.058,-0.058,-39.50%
2Y,2019-03-01,-0.06,-0.039,-0.039,-0.039,45.28%
2Y,2019-02-01,-0.041,-0.036,-0.036,-0.036,31.95%
2Y,2019-01-01,-0.031,-0.013,-0.013,-0.013,150.40%
2Y,2018-12-01,-0.013,-0.013,-0.013,-0.013,-266.67%
2Y,2018-11-01,0.007,0.029,0.029,0.029,-73.96%
2Y,2018-10-01,0.029,0.041,0.041,0.041,-34.25%
2Y,2018-09-01,0.044,0.038,0.038,0.038,6.05%
2Y,2018-08-01,0.041,0.039,0.039,0.039,27.08%
2Y,2018-07-01,0.032,0.025,0.025,0.025,18.18%
2Y,2018-06-01,0.027,0.041,0.041,0.041,-24.24%
2Y,2018-05-01,0.036,0.036,0.036,0.036,7.40%
2Y,2018-04-01,0.034,0.034,0.034,0.034,-6.89%
2Y,2018-03-01,0.036,0.036,0.036,0.036,0.00%
2Y,2018-02-01,0.036,0.036,0.036,0.036,-3.20%
2Y,2018-01-01,0.038,0.038,0.038,0.038,15.38%
2Y,2017-12-01,0.032,0.032,0.032,0.032,44.44%
2Y,2017-11-01,0.023,0.023,0.023,0.023,12.50%
2Y,2017-10-01,0.02,0.02,0.02,0.02,14.29%
2Y,2017-09-01,0.018,0.018,0.018,0.018,"1,246.15%"
2Y,2017-08-01,0.001,0.001,0.001,0.001,-94.80%
2Y,2017-07-01,0.025,0.025,0.025,0.025,-16.67%
2Y,2017-06-01,0.03,0.03,0.03,0.03,4.17%
2Y,2017-05-01,0.029,0.029,0.029,0.029,154.87%
2Y,2017-04-01,0.011,0.011,0.011,0.011,-69.87%
2Y,2017-03-01,0.038,0.038,0.038,0.038,114.29%
2Y,2017-02-01,0.018,0.018,0.018,0.018,-51.79%
2Y,2017-01-01,0.036,0.036,0.036,0.036,384.00%
2Y,2016-12-01,0.007,0.007,0.007,0.007,-60.11%
2Y,2016-11-01,0.019,0.019,0.019,0.019,-148.45%
2Y,2016-10-01,-0.039,-0.039,-0.039,-0.039,-65.14%
2Y,2016-09-01,-0.111,-0.111,-0.111,-0.111,15.58%
2Y,2016-08-01,-0.096,-0.096,-0.096,-0.096,-6.05%
2Y,2016-07-01,-0.102,-0.102,-0.102,-0.102,-29.31%
2Y,2016-06-01,-0.145,-0.145,-0.145,-0.145,2.62%
2Y,2016-05-01,-0.141,-0.141,-0.141,-0.141,9.70%
2Y,2016-04-01,-0.129,-0.129,-0.129,-0.129,5.14%
2Y,2016-03-01,-0.123,-0.123,-0.123,-0.123,-33.78%
2Y,2016-02-01,-0.185,-0.185,-0.185,-0.185,722.22%
2Y,2016-01-01,-0.023,-0.023,-0.023,-0.023,-125.34%
2Y,2015-12-01,0.089,0.089,0.089,0.089,5.97%
2Y,2015-11-01,0.084,0.084,0.084,0.084,-2.78%
2Y,2015-10-01,0.086,0.086,0.086,0.086,-9.26%
2Y,2015-09-01,0.095,0.095,0.095,0.095,-13.64%
2Y,2015-08-01,0.11,0.11,0.11,0.11,-14.06%
2Y,2015-07-01,0.128,0.128,0.128,0.128,-10.49%
2Y,2015-06-01,0.143,0.143,0.143,0.143,5.93%
2Y,2015-05-01,0.135,0.135,0.135,0.135,0.90%
2Y,2015-04-01,0.134,0.134,0.134,0.134,-13.68%
2Y,2015-03-01,0.155,0.155,0.155,0.155,29.17%
2Y,2015-02-01,0.12,0.12,0.12,0.12,0.00%
2Y,2015-01-01,0.12,0.12,0.12,0.12,-3.07%
2Y,2014-12-01,0.124,0.124,0.124,0.124,-5.71%
2Y,2014-11-01,0.131,0.131,0.131,0.131,-8.69%
2Y,2014-10-01,0.144,0.144,0.144,0.144,-9.45%
2Y,2014-09-01,0.159,0.159,0.159,0.159,-6.59%
2Y,2014-08-01,0.17,0.17,0.17,0.17,8.77%
2Y,2014-07-01,0.156,0.156,0.156,0.156,-3.10%
2Y,2014-06-01,0.161,0.161,0.161,0.161,-10.39%
2Y,2014-05-01,0.18,0.18,0.18,0.18,1.41%
2Y,2014-04-01,0.177,0.177,0.177,0.177,0.68%
2Y,2014-03-01,0.176,0.176,0.176,0.176,-5.97%
2Y,2014-02-01,0.188,0.188,0.188,0.188,0.64%
2Y,2014-01-01,0.186,0.186,0.186,0.186,-2.61%
2Y,2013-12-01,0.191,0.191,0.191,0.191,2.68%
2Y,2013-11-01,0.186,0.186,0.186,0.186,-5.67%
2Y,2013-10-01,0.198,0.198,0.198,0.198,-15.96%
2Y,2013-09-01,0.235,0.235,0.235,0.235,-8.74%
2Y,2013-08-01,0.257,0.257,0.257,0.257,6.19%
2Y,2013-07-01,0.243,0.243,0.243,0.243,-9.35%
2Y,2013-06-01,0.268,0.268,0.268,0.268,-4.05%
2Y,2013-05-01,0.279,0.279,0.279,0.279,9.89%
2Y,2013-04-01,0.254,0.254,0.254,0.254,18.00%
2Y,2013-03-01,0.215,0.215,0.215,0.215,3.61%
2Y,2013-02-01,0.207,0.207,0.207,0.207,1.87%
2Y,2013-01-01,0.204,0.204,0.204,0.204,-2.54%
2Y,2012-12-01,0.209,0.209,0.209,0.209,-9.13%
2Y,2012-11-01,0.23,0.23,0.23,0.23,-6.12%
2Y,2012-10-01,0.245,0.245,0.245,0.245,-5.77%
2Y,2012-09-01,0.26,0.26,0.26,0.26,-10.34%
2Y,2012-08-01,0.29,0.29,0.29,0.29,2.65%
2Y,2012-07-01,0.282,0.282,0.282,0.282,-12.40%
2Y,2012-06-01,0.322,0.322,0.322,0.322,-3.73%
2Y,2012-05-01,0.335,0.335,0.335,0.335,1.52%
2Y,2012-04-01,0.33,0.33,0.33,0.33,-2.60%
2Y,2012-03-01,0.339,0.339,0.339,0.339,1.89%
2Y,2012-02-01,0.333,0.333,0.333,0.333,-3.96%
2Y,2012-01-01,0.346,0.346,0.346,0.346,-4.50%
2Y,2011-12-01,0.363,0.363,0.363,0.363,-10.49%
2Y,2011-11-01,0.405,0.405,0.405,0.405,20.90%
2Y,2011-10-01,0.335,0.335,0.335,0.335,-1.12%
2Y,2011-09-01,0.339,0.339,0.339,0.339,5.88%
2Y,2011-08-01,0.32,0.32,0.32,0.32,-9.22%
2Y,2011-07-01,0.352,0.352,0.352,0.352,-6.62%
2Y,2011-06-01,0.377,0.377,0.377,0.377,4.86%
2Y,2011-05-01,0.36,0.36,0.36,0.36,2.86%
2Y,2011-04-01,0.35,0.35,0.35,0.35,-8.18%
2Y,2011-03-01,0.381,0.381,0.381,0.381,-9.88%
2Y,2011-02-01,0.423,0.423,0.423,0.423,6.28%
2Y,2011-01-01,0.398,0.398,0.398,0.398,7.57%
2Y,2010-12-01,0.37,0.37,0.37,0.37,-3.14%
2Y,2010-11-01,0.382,0.382,0.382,0.382,2.69%
2Y,2010-10-01,0.372,0.372,0.372,0.372,-2.41%
2Y,2010-09-01,0.381,0.381,0.381,0.381,-3.49%
2Y,2010-08-01,0.395,0.395,0.395,0.395,-8.42%
2Y,2010-07-01,0.431,0.431,0.431,0.431,-5.83%
2Y,2010-06-01,0.458,0.458,0.458,0.458,-5.18%
12Y,2026-02-01,2.113,2.214,2.29,2.079,-4.34%
12Y,2026-01-01,2.209,2.078,2.385,2.08,4.79%
12Y,2025-12-01,2.108,1.83,2.125,1.832,14.69%
12Y,2025-11-01,1.838,1.68,1.868,1.679,8.76%
12Y,2025-10-01,1.69,1.68,1.765,1.628,0.18%
12Y,2025-09-01,1.687,1.612,1.713,1.575,2.62%
12Y,2025-08-01,1.644,1.545,1.681,1.489,4.31%
12Y,2025-07-01,1.576,1.404,1.623,1.42,9.83%
12Y,2025-06-01,1.435,1.43,1.498,1.393,-1.71%
12Y,2025-05-01,1.46,1.216,1.549,1.219,19.92%
12Y,2025-04-01,1.217,1.456,1.47,1.024,-16.25%
12Y,2025-03-01,1.454,1.393,1.55,1.393,4.49%
12Y,2025-02-01,1.391,1.296,1.48,1.285,7.34%
12Y,2025-01-01,1.296,1.205,1.326,1.205,7.57%
12Y,2024-12-01,1.205,1.183,1.229,1.156,1.90%
12Y,2024-11-01,1.183,1.11,1.226,1.07,6.41%
12Y,2024-10-01,1.111,1.016,1.138,0.981,9.08%
12Y,2024-09-01,1.019,1.049,1.069,0.967,-2.86%
12Y,2024-08-01,1.049,1.125,1.144,0.868,-8.40%
12Y,2024-07-01,1.145,1.195,1.236,1.053,-3.78%
12Y,2024-06-01,1.19,1.217,1.246,1.066,-4.42%
12Y,2024-05-01,1.245,1.094,1.256,1.054,9.93%
12Y,2024-04-01,1.133,0.967,1.17,0.961,17.66%
12Y,2024-03-01,0.962,0.986,1.053,0.938,-5.17%
12Y,2024-02-01,1.015,1.055,1.106,0.961,-5.58%
12Y,2024-01-01,1.075,0.983,1.102,0.855,9.41%
12Y,2023-12-01,0.983,1.085,1.186,0.869,-9.35%
12Y,2023-11-01,1.084,1.292,1.345,0.965,-15.91%
12Y,2023-10-01,1.289,1.125,1.342,1.045,14.56%
12Y,2023-09-01,1.125,0.935,1.154,0.921,12.78%
12Y,2023-08-01,0.998,0.871,1.026,0.851,10.60%
12Y,2023-07-01,0.902,0.703,0.935,0.637,26.35%
12Y,2023-06-01,0.714,0.735,0.755,0.605,-5.62%
12Y,2023-05-01,0.756,0.689,0.781,0.611,7.08%
12Y,2023-04-01,0.706,0.741,0.836,0.647,-7.07%
12Y,2023-03-01,0.76,0.901,1.053,0.571,-19.26%
12Y,2023-02-01,0.941,0.998,1.048,0.902,-5.87%
12Y,2023-01-01,1.0,1.014,1.209,0.859,-1.36%
12Y,2022-12-01,1.014,0.726,1.014,0.704,34.49%
12Y,2022-11-01,0.754,0.683,0.8,0.631,10.35%
12Y,2022-10-01,0.683,0.626,0.825,0.576,8.96%
12Y,2022-09-01,0.627,0.512,0.719,0.512,25.23%
12Y,2022-08-01,0.501,0.445,0.541,0.403,13.44%
12Y,2022-07-01,0.441,0.566,0.596,0.411,-26.30%
12Y,2022-06-01,0.599,0.462,0.728,0.441,28.09%
12Y,2022-05-01,0.468,0.477,0.529,0.389,-2.09%
12Y,2022-04-01,0.477,0.334,0.545,0.334,39.42%
12Y,2022-03-01,0.343,0.304,0.509,0.244,9.18%
12Y,2022-02-01,0.314,0.278,0.379,0.145,26.80%
12Y,2022-01-01,0.247,0.145,0.251,0.142,55.79%
12Y,2021-12-01,0.159,0.131,0.16,0.094,56.76%
12Y,2021-11-01,0.101,0.165,0.168,0.099,-38.61%
12Y,2021-10-01,0.165,0.138,0.191,0.11,17.86%
12Y,2021-09-01,0.14,0.079,0.16,0.056,77.66%
12Y,2021-08-01,0.079,0.046,0.09,0.027,18.85%
12Y,2021-07-01,0.066,0.116,0.12,0.018,-45.88%
12Y,2021-06-01,0.123,0.16,0.177,0.078,-25.76%
12Y,2021-05-01,0.165,0.177,0.181,0.129,-8.33%
12Y,2021-04-01,0.18,0.199,0.22,0.126,-12.20%
12Y,2021-03-01,0.205,0.22,0.234,0.126,-14.58%
12Y,2021-02-01,0.24,0.104,0.255,0.081,113.33%
12Y,2021-01-01,0.112,0.091,0.116,0.041,23.22%
12Y,2020-12-01,0.091,0.068,0.094,0.025,12.30%
12Y,2020-11-01,0.081,0.08,0.11,0.021,-19.74%
12Y,2020-10-01,0.101,0.056,0.106,0.029,88.29%
12Y,2020-09-01,0.054,0.094,0.109,0.011,-46.20%
12Y,2020-08-01,0.1,0.018,0.119,-0.001,81.82%
12Y,2020-07-01,0.055,0.098,0.123,-0.007,-47.62%
12Y,2020-06-01,0.105,0.025,0.16,0.007,44.83%
12Y,2020-05-01,0.072,0.061,0.061,0.061,86.86%
12Y,2020-04-01,0.039,0.045,0.045,0.045,-8.71%
12Y,2020-03-01,0.043,-0.045,-0.045,-0.045,-160.71%
12Y,2020-02-01,-0.07,0.055,0.055,0.055,-227.27%
12Y,2020-01-01,0.055,0.134,0.134,0.134,-58.89%
12Y,2019-12-01,0.134,0.135,0.135,0.135,22.98%
12Y,2019-11-01,0.109,0.039,0.039,0.039,134.99%
12Y,2019-10-01,0.046,0.039,0.039,0.039,42.46%
12Y,2019-09-01,0.032,-0.076,-0.076,-0.076,-178.69%
12Y,2019-08-01,-0.041,0.07,0.07,0.07,-170.24%
12Y,2019-07-01,0.059,0.071,0.071,0.071,-26.50%
12Y,2019-06-01,0.08,0.097,0.097,0.097,-41.82%
12Y,2019-05-01,0.138,0.189,0.189,0.189,-27.17%
12Y,2019-04-01,0.189,0.169,0.169,0.169,14.42%
12Y,2019-03-01,0.165,0.244,0.244,0.244,-30.90%
12Y,2019-02-01,0.239,0.21,0.21,0.21,12.38%
12Y,2019-01-01,0.213,0.24,0.24,0.24,-14.14%
12Y,2018-12-01,0.248,0.317,0.317,0.317,-23.56%
12Y,2018-11-01,0.324,0.393,0.393,0.393,-20.31%
12Y,2018-10-01,0.406,0.426,0.426,0.426,-4.96%
12Y,2018-09-01,0.428,0.415,0.415,0.415,5.22%
12Y,2018-08-01,0.406,0.426,0.426,0.426,8.69%
12Y,2018-07-01,0.374,0.314,0.314,0.314,17.25%
12Y,2018-06-01,0.319,0.335,0.335,0.335,-2.66%
12Y,2018-05-01,0.327,0.327,0.327,0.327,0.77%
12Y,2018-04-01,0.325,0.325,0.325,0.325,-1.52%
12Y,2018-03-01,0.33,0.33,0.33,0.33,-2.94%
12Y,2018-02-01,0.34,0.34,0.34,0.34,-7.48%
12Y,2018-01-01,0.368,0.368,0.368,0.368,9.28%
12Y,2017-12-01,0.336,0.336,0.336,0.336,0.75%
12Y,2017-11-01,0.334,0.334,0.334,0.334,0.00%
12Y,2017-10-01,0.334,0.334,0.334,0.334,-5.65%
12Y,2017-09-01,0.354,0.354,0.354,0.354,28.65%
12Y,2017-08-01,0.275,0.275,0.275,0.275,-16.67%
12Y,2017-07-01,0.33,0.33,0.33,0.33,0.36%
12Y,2017-06-01,0.329,0.329,0.329,0.329,8.23%
12Y,2017-05-01,0.304,0.304,0.304,0.304,6.60%
12Y,2017-04-01,0.285,0.285,0.285,0.285,-15.56%
12Y,2017-03-01,0.338,0.338,0.338,0.338,4.65%
12Y,2017-02-01,0.322,0.322,0.322,0.322,-1.16%
12Y,2017-01-01,0.326,0.326,0.326,0.326,12.52%
12Y,2016-12-01,0.29,0.29,0.29,0.29,10.98%
12Y,2016-11-01,0.261,0.261,0.261,0.261,80.21%
12Y,2016-10-01,0.145,0.145,0.145,0.145,30.28%
12Y,2016-09-01,0.111,0.111,0.111,0.111,-15.23%
12Y,2016-08-01,0.131,0.131,0.131,0.131,288.46%
12Y,2016-07-01,0.034,0.034,0.034,0.034,-307.36%
12Y,2016-06-01,-0.016,-0.016,-0.016,-0.016,-110.43%
12Y,2016-05-01,0.156,0.156,0.156,0.156,-28.95%
12Y,2016-04-01,0.22,0.22,0.22,0.22,-0.59%
12Y,2016-03-01,0.221,0.221,0.221,0.221,3.51%
12Y,2016-02-01,0.214,0.214,0.214,0.214,-44.10%
12Y,2016-01-01,0.382,0.382,0.382,0.382,-28.84%
12Y,2015-12-01,0.538,0.538,0.538,0.538,-5.92%
12Y,2015-11-01,0.571,0.571,0.571,0.571,-7.11%
12Y,2015-10-01,0.615,0.615,0.615,0.615,-3.73%
12Y,2015-09-01,0.639,0.639,0.639,0.639,-7.75%
12Y,2015-08-01,0.692,0.692,0.692,0.692,-2.30%
12Y,2015-07-01,0.709,0.709,0.709,0.709,-7.35%
12Y,2015-06-01,0.765,0.765,0.765,0.765,7.37%
12Y,2015-05-01,0.712,0.712,0.712,0.712,4.01%
12Y,2015-04-01,0.685,0.685,0.685,0.685,-0.91%
12Y,2015-03-01,0.691,0.691,0.691,0.691,7.18%
12Y,2015-02-01,0.645,0.645,0.645,0.645,9.32%
12Y,2015-01-01,0.59,0.59,0.59,0.59,-9.06%
12Y,2014-12-01,0.649,0.649,0.649,0.649,-10.66%
12Y,2014-11-01,0.726,0.726,0.726,0.726,-2.20%
12Y,2014-10-01,0.743,0.743,0.743,0.743,-8.62%
12Y,2014-09-01,0.813,0.813,0.813,0.813,5.52%
12Y,2014-08-01,0.77,0.77,0.77,0.77,-7.93%
12Y,2014-07-01,0.836,0.836,0.836,0.836,-5.37%
12Y,2014-06-01,0.884,0.884,0.884,0.884,-3.81%
12Y,2014-05-01,0.919,0.919,0.919,0.919,-5.65%
12Y,2014-04-01,0.974,0.974,0.974,0.974,-3.82%
12Y,2014-03-01,1.013,1.013,1.013,1.013,2.53%
12Y,2014-02-01,0.988,0.988,0.988,0.988,-2.13%
12Y,2014-01-01,1.009,1.009,1.009,1.009,-9.21%
12Y,2013-12-01,1.111,1.111,1.111,1.111,16.06%
12Y,2013-11-01,0.957,0.957,0.957,0.957,3.23%
12Y,2013-10-01,0.928,0.928,0.928,0.928,-11.24%
12Y,2013-09-01,1.045,1.045,1.045,1.045,-4.13%
12Y,2013-08-01,1.09,1.09,1.09,1.09,-7.43%
12Y,2013-07-01,1.178,1.178,1.178,1.178,0.00%
12Y,2013-06-01,1.178,1.178,1.178,1.178,-2.18%
12Y,2013-05-01,1.204,1.204,1.204,1.204,33.39%
12Y,2013-04-01,0.902,0.902,0.902,0.902,6.18%
12Y,2013-03-01,0.85,0.85,0.85,0.85,-3.68%
12Y,2013-02-01,0.882,0.882,0.882,0.882,-11.97%
12Y,2013-01-01,1.003,1.003,1.003,1.003,-4.52%
12Y,2012-12-01,1.05,1.05,1.05,1.05,11.55%
12Y,2012-11-01,0.941,0.941,0.941,0.941,-3.21%
12Y,2012-10-01,0.973,0.973,0.973,0.973,2.10%
12Y,2012-09-01,0.952,0.952,0.952,0.952,-3.54%
12Y,2012-08-01,0.988,0.988,0.988,0.988,5.05%
12Y,2012-07-01,0.94,0.94,0.94,0.94,-8.41%
12Y,2012-06-01,1.026,1.026,1.026,1.026,0.49%
12Y,2012-05-01,1.021,1.021,1.021,1.021,-8.40%
12Y,2012-04-01,1.115,1.115,1.115,1.115,-9.72%
12Y,2012-03-01,1.235,1.235,1.235,1.235,3.89%
12Y,2012-02-01,1.189,1.189,1.189,1.189,3.04%
12Y,2012-01-01,1.154,1.154,1.154,1.154,3.13%
12Y,2011-12-01,1.119,1.119,1.119,1.119,-11.82%
12Y,2011-11-01,1.269,1.269,1.269,1.269,3.99%
12Y,2011-10-01,1.22,1.22,1.22,1.22,0.93%
12Y,2011-09-01,1.209,1.209,1.209,1.209,-2.02%
12Y,2011-08-01,1.234,1.234,1.234,1.234,-3.34%
12Y,2011-07-01,1.276,1.276,1.276,1.276,-6.50%
12Y,2011-06-01,1.365,1.365,1.365,1.365,-3.02%
12Y,2011-05-01,1.408,1.408,1.408,1.408,-7.89%
12Y,2011-04-01,1.528,1.528,1.528,1.528,0.77%
12Y,2011-03-01,1.516,1.516,1.516,1.516,-0.77%
12Y,2011-02-01,1.528,1.528,1.528,1.528,4.44%
12Y,2011-01-01,1.463,1.463,1.463,1.463,8.13%
12Y,2010-12-01,1.353,1.353,1.353,1.353,-6.37%
12Y,2010-11-01,1.445,1.445,1.445,1.445,18.44%
12Y,2010-10-01,1.22,1.22,1.22,1.22,0.16%
12Y,2010-09-01,1.218,1.218,1.218,1.218,-1.18%
12Y,2010-08-01,1.232,1.232,1.232,1.232,-5.92%
12Y,2010-07-01,1.31,1.31,1.31,1.31,-4.38%
12Y,2010-06-01,1.37,1.37,1.37,1.37,-11.84%
25Y,2026-02-01,2.725,2.902,2.956,2.707,-6.30%
25Y,2026-01-01,2.908,2.764,3.113,2.781,4.08%
25Y,2025-12-01,2.794,2.619,2.828,2.616,6.44%
25Y,2025-11-01,2.625,2.395,2.659,2.403,8.79%
25Y,2025-10-01,2.413,2.386,2.535,2.36,0.37%
25Y,2025-09-01,2.404,2.389,2.5,2.343,-0.78%
25Y,2025-08-01,2.423,2.308,2.483,2.285,3.59%
25Y,2025-07-01,2.339,2.126,2.421,2.146,8.44%
25Y,2025-06-01,2.157,2.104,2.185,2.098,1.08%
25Y,2025-05-01,2.134,1.849,2.28,1.861,15.51%
25Y,2025-04-01,1.847,1.945,2.011,1.52,-4.89%
25Y,2025-03-01,1.942,1.878,2.043,1.878,3.46%
25Y,2025-02-01,1.878,1.799,1.946,1.793,4.38%
25Y,2025-01-01,1.799,1.796,1.9,1.76,0.14%
25Y,2024-12-01,1.796,1.756,1.82,1.72,2.35%
25Y,2024-11-01,1.755,1.686,1.788,1.65,4.00%
25Y,2024-10-01,1.688,1.554,1.707,1.516,8.43%
25Y,2024-09-01,1.556,1.558,1.591,1.477,-0.08%
25Y,2024-08-01,1.558,1.605,1.605,1.332,-3.04%
25Y,2024-07-01,1.606,1.68,1.729,1.569,-4.39%
25Y,2024-06-01,1.68,1.744,1.744,1.566,-3.59%
25Y,2024-05-01,1.742,1.639,1.75,1.611,6.49%
25Y,2024-04-01,1.636,1.446,1.669,1.446,13.14%
25Y,2024-03-01,1.446,1.457,1.514,1.42,-0.94%
25Y,2024-02-01,1.46,1.544,1.563,1.43,-5.50%
25Y,2024-01-01,1.545,1.431,1.577,1.322,7.94%
25Y,2023-12-01,1.431,1.53,1.616,1.308,-6.38%
25Y,2023-11-01,1.529,1.754,1.801,1.467,-13.75%
25Y,2023-10-01,1.773,1.544,1.806,1.53,14.81%
25Y,2023-09-01,1.544,1.413,1.583,1.393,7.77%
25Y,2023-08-01,1.433,1.288,1.464,1.274,11.53%
25Y,2023-07-01,1.284,1.053,1.316,1.025,21.59%
25Y,2023-06-01,1.056,1.076,1.094,0.991,-3.09%
25Y,2023-05-01,1.09,1.032,1.142,0.981,5.31%
25Y,2023-04-01,1.035,1.081,1.169,1.026,-4.61%
25Y,2023-03-01,1.085,1.217,1.351,0.926,-12.24%
25Y,2023-02-01,1.236,1.381,1.391,1.218,-10.61%
25Y,2023-01-01,1.383,1.344,1.469,1.224,2.92%
25Y,2022-12-01,1.344,1.186,1.379,1.101,11.29%
25Y,2022-11-01,1.207,1.168,1.298,1.11,3.31%
25Y,2022-10-01,1.169,1.077,1.377,1.034,8.47%
25Y,2022-09-01,1.077,0.961,1.184,0.954,13.42%
25Y,2022-08-01,0.95,0.934,0.998,0.836,3.83%
25Y,2022-07-01,0.915,0.969,1.034,0.884,-7.23%
25Y,2022-06-01,0.986,0.835,1.074,0.828,16.89%
25Y,2022-05-01,0.844,0.774,0.865,0.742,6.63%
25Y,2022-04-01,0.791,0.646,0.869,0.646,18.76%
25Y,2022-03-01,0.666,0.653,0.914,0.591,0.57%
25Y,2022-02-01,0.663,0.565,0.758,0.447,23.85%
25Y,2022-01-01,0.535,0.447,0.539,0.447,15.33%
25Y,2021-12-01,0.464,0.431,0.464,0.374,16.30%
25Y,2021-11-01,0.399,0.447,0.464,0.393,-11.14%
25Y,2021-10-01,0.449,0.434,0.501,0.404,3.17%
25Y,2021-09-01,0.435,0.361,0.464,0.339,19.57%
25Y,2021-08-01,0.364,0.33,0.368,0.31,4.69%
25Y,2021-07-01,0.347,0.416,0.421,0.274,-17.75%
25Y,2021-06-01,0.423,0.456,0.482,0.369,-7.91%
25Y,2021-05-01,0.459,0.464,0.48,0.423,-4.18%
25Y,2021-04-01,0.479,0.496,0.524,0.419,-4.24%
25Y,2021-03-01,0.5,0.527,0.544,0.399,-8.48%
25Y,2021-02-01,0.546,0.421,0.56,0.379,27.40%
25Y,2021-01-01,0.429,0.363,0.433,0.309,18.29%
25Y,2020-12-01,0.363,0.308,0.365,0.243,14.64%
25Y,2020-11-01,0.316,0.34,0.365,0.24,-11.25%
25Y,2020-10-01,0.356,0.293,0.374,0.26,19.24%
25Y,2020-09-01,0.299,0.323,0.343,0.222,-9.62%
25Y,2020-08-01,0.331,0.222,0.361,0.164,41.40%
25Y,2020-07-01,0.234,0.305,0.355,0.153,-23.97%
25Y,2020-06-01,0.308,0.243,0.384,0.183,23.00%
25Y,2020-05-01,0.25,0.231,0.231,0.231,15.58%
25Y,2020-04-01,0.216,0.166,0.166,0.166,37.33%
25Y,2020-03-01,0.157,0.136,0.136,0.136,48.17%
25Y,2020-02-01,0.106,0.269,0.269,0.269,-59.70%
25Y,2020-01-01,0.264,0.361,0.361,0.361,-26.99%
25Y,2019-12-01,0.361,0.359,0.359,0.359,7.85%
25Y,2019-11-01,0.335,0.251,0.251,0.251,29.44%
25Y,2019-10-01,0.259,0.289,0.289,0.289,-11.52%
25Y,2019-09-01,0.292,0.116,0.116,0.116,116.67%
25Y,2019-08-01,0.135,0.246,0.246,0.246,-58.14%
25Y,2019-07-01,0.322,0.376,0.376,0.376,-9.79%
25Y,2019-06-01,0.357,0.44,0.44,0.44,-20.34%
25Y,2019-05-01,0.449,0.525,0.525,0.525,-14.51%
25Y,2019-04-01,0.525,0.498,0.498,0.498,7.14%
25Y,2019-03-01,0.49,0.62,0.62,0.62,-18.50%
25Y,2019-02-01,0.601,0.577,0.577,0.577,1.90%
25Y,2019-01-01,0.59,0.637,0.637,0.637,-8.71%
25Y,2018-12-01,0.646,0.759,0.759,0.759,-14.83%
25Y,2018-11-01,0.759,0.82,0.82,0.82,-9.93%
25Y,2018-10-01,0.842,0.858,0.858,0.858,-0.45%
25Y,2018-09-01,0.846,0.826,0.826,0.826,3.21%
25Y,2018-08-01,0.82,0.835,0.835,0.835,6.31%
25Y,2018-07-01,0.771,0.685,0.685,0.685,11.17%
25Y,2018-06-01,0.694,0.723,0.723,0.723,-1.59%
25Y,2018-05-01,0.705,0.705,0.705,0.705,-1.58%
25Y,2018-04-01,0.716,0.716,0.716,0.716,-0.17%
25Y,2018-03-01,0.717,0.717,0.717,0.717,-1.20%
25Y,2018-02-01,0.726,0.726,0.726,0.726,-8.37%
25Y,2018-01-01,0.793,0.793,0.793,0.793,3.59%
25Y,2017-12-01,0.765,0.765,0.765,0.765,-1.77%
25Y,2017-11-01,0.779,0.779,0.779,0.779,-1.42%
25Y,2017-10-01,0.79,0.79,0.79,0.79,2.42%
25Y,2017-09-01,0.771,0.771,0.771,0.771,6.39%
25Y,2017-08-01,0.725,0.725,0.725,0.725,-4.61%
25Y,2017-07-01,0.76,0.76,0.76,0.76,2.18%
25Y,2017-06-01,0.744,0.744,0.744,0.744,3.48%
25Y,2017-05-01,0.719,0.719,0.719,0.719,3.23%
25Y,2017-04-01,0.696,0.696,0.696,0.696,-9.28%
25Y,2017-03-01,0.767,0.767,0.767,0.767,-0.97%
25Y,2017-02-01,0.775,0.775,0.775,0.775,-0.49%
25Y,2017-01-01,0.779,0.779,0.779,0.779,5.41%
25Y,2016-12-01,0.739,0.739,0.739,0.739,17.03%
25Y,2016-11-01,0.631,0.631,0.631,0.631,31.52%
25Y,2016-10-01,0.48,0.48,0.48,0.48,16.00%
25Y,2016-09-01,0.414,0.414,0.414,0.414,-0.29%
25Y,2016-08-01,0.415,0.415,0.415,0.415,66.00%
25Y,2016-07-01,0.25,0.25,0.25,0.25,78.57%
25Y,2016-06-01,0.14,0.14,0.14,0.14,-71.28%
25Y,2016-05-01,0.488,0.488,0.488,0.488,-14.17%
25Y,2016-04-01,0.568,0.568,0.568,0.568,1.88%
25Y,2016-03-01,0.558,0.558,0.558,0.558,-25.67%
25Y,2016-02-01,0.75,0.75,0.75,0.75,-23.37%
25Y,2016-01-01,0.979,0.979,0.979,0.979,-13.58%
25Y,2015-12-01,1.133,1.133,1.133,1.133,-4.93%
25Y,2015-11-01,1.191,1.191,1.191,1.191,-3.54%
25Y,2015-10-01,1.235,1.235,1.235,1.235,-2.66%
25Y,2015-09-01,1.269,1.269,1.269,1.269,-4.78%
25Y,2015-08-01,1.332,1.332,1.332,1.332,-1.39%
25Y,2015-07-01,1.351,1.351,1.351,1.351,-3.05%
25Y,2015-06-01,1.394,1.394,1.394,1.394,1.92%
25Y,2015-05-01,1.367,1.367,1.367,1.367,6.52%
25Y,2015-04-01,1.284,1.284,1.284,1.284,0.59%
25Y,2015-03-01,1.276,1.276,1.276,1.276,-1.54%
25Y,2015-02-01,1.296,1.296,1.296,1.296,8.02%
25Y,2015-01-01,1.2,1.2,1.2,1.2,-4.86%
25Y,2014-12-01,1.261,1.261,1.261,1.261,-10.39%
25Y,2014-11-01,1.408,1.408,1.408,1.408,-2.85%
25Y,2014-10-01,1.449,1.449,1.449,1.449,-7.28%
25Y,2014-09-01,1.563,1.563,1.563,1.563,2.38%
25Y,2014-08-01,1.526,1.526,1.526,1.526,-4.08%
25Y,2014-07-01,1.591,1.591,1.591,1.591,-2.75%
25Y,2014-06-01,1.636,1.636,1.636,1.636,-1.73%
25Y,2014-05-01,1.665,1.665,1.665,1.665,-2.49%
25Y,2014-04-01,1.707,1.707,1.707,1.707,-2.22%
25Y,2014-03-01,1.746,1.746,1.746,1.746,2.12%
25Y,2014-02-01,1.71,1.71,1.71,1.71,-0.64%
25Y,2014-01-01,1.721,1.721,1.721,1.721,-5.89%
25Y,2013-12-01,1.829,1.829,1.829,1.829,6.87%
25Y,2013-11-01,1.711,1.711,1.711,1.711,2.78%
25Y,2013-10-01,1.665,1.665,1.665,1.665,-5.93%
25Y,2013-09-01,1.77,1.77,1.77,1.77,-2.75%
25Y,2013-08-01,1.82,1.82,1.82,1.82,-3.51%
25Y,2013-07-01,1.886,1.886,1.886,1.886,4.79%
25Y,2013-06-01,1.8,1.8,1.8,1.8,-2.70%
25Y,2013-05-01,1.85,1.85,1.85,1.85,15.18%
25Y,2013-04-01,1.606,1.606,1.606,1.606,-0.70%
25Y,2013-03-01,1.617,1.617,1.617,1.617,-3.50%
25Y,2013-02-01,1.676,1.676,1.676,1.676,-10.72%
25Y,2013-01-01,1.878,1.878,1.878,1.878,1.90%
25Y,2012-12-01,1.842,1.842,1.842,1.842,7.28%
25Y,2012-11-01,1.717,1.717,1.717,1.717,2.77%
25Y,2012-10-01,1.671,1.671,1.671,1.671,5.19%
25Y,2012-09-01,1.589,1.589,1.589,1.589,-2.31%
25Y,2012-08-01,1.626,1.626,1.626,1.626,4.58%
25Y,2012-07-01,1.555,1.555,1.555,1.555,-6.25%
25Y,2012-06-01,1.659,1.659,1.659,1.659,4.49%
25Y,2012-05-01,1.587,1.587,1.587,1.587,-8.70%
25Y,2012-04-01,1.739,1.739,1.739,1.739,-5.89%
25Y,2012-03-01,1.847,1.847,1.847,1.847,3.07%
25Y,2012-02-01,1.793,1.793,1.793,1.793,3.69%
25Y,2012-01-01,1.729,1.729,1.729,1.729,4.22%
25Y,2011-12-01,1.659,1.659,1.659,1.659,-8.73%
25Y,2011-11-01,1.817,1.817,1.817,1.817,1.54%
25Y,2011-10-01,1.79,1.79,1.79,1.79,2.58%
25Y,2011-09-01,1.745,1.745,1.745,1.745,-3.92%
25Y,2011-08-01,1.816,1.816,1.816,1.816,-2.87%
25Y,2011-07-01,1.87,1.87,1.87,1.87,-4.35%
25Y,2011-06-01,1.955,1.955,1.955,1.955,-2.49%
25Y,2011-05-01,2.005,2.005,2.005,2.005,-3.79%
25Y,2011-04-01,2.084,2.084,2.084,2.084,-1.35%
25Y,2011-03-01,2.112,2.112,2.112,2.112,1.37%
25Y,2011-02-01,2.084,2.084,2.084,2.084,3.73%
25Y,2011-01-01,2.009,2.009,2.009,2.009,6.98%
25Y,2010-12-01,1.878,1.878,1.878,1.878,-6.38%
25Y,2010-11-01,2.006,2.006,2.006,2.006,9.02%
25Y,2010-10-01,1.84,1.84,1.84,1.84,3.49%
25Y,2010-09-01,1.778,1.778,1.778,1.778,0.95%
25Y,2010-08-01,1.761,1.761,1.761,1.761,-4.18%
25Y,2010-07-01,1.838,1.838,1.838,1.838,-3.67%
25Y,2010-06-01,1.908,1.908,1.908,1.908,-9.27%
3Y,2026-02-01,1.408,1.434,1.535,1.395,-2.46%
3Y,2026-01-01,1.444,1.355,1.512,1.327,4.26%
3Y,2025-12-01,1.385,1.132,1.39,1.15,19.71%
3Y,2025-11-01,1.157,1.064,1.173,1.069,6.34%
3Y,2025-10-01,1.088,1.102,1.135,1.005,-3.03%
3Y,2025-09-01,1.122,0.993,1.136,0.953,9.57%
3Y,2025-08-01,1.024,0.93,1.045,0.89,6.56%
3Y,2025-07-01,0.961,0.838,1.006,0.857,10.59%
3Y,2025-06-01,0.869,0.853,0.903,0.829,-1.59%
3Y,2025-05-01,0.883,0.725,0.896,0.719,21.59%
3Y,2025-04-01,0.726,0.973,0.975,0.605,-25.23%
3Y,2025-03-01,0.971,0.931,1.044,0.931,4.30%
3Y,2025-02-01,0.931,0.869,0.988,0.855,7.19%
3Y,2025-01-01,0.869,0.748,0.871,0.748,16.23%
3Y,2024-12-01,0.748,0.749,0.777,0.707,0.00%
3Y,2024-11-01,0.748,0.62,0.764,0.604,20.80%
3Y,2024-10-01,0.619,0.549,0.619,0.507,12.24%
3Y,2024-09-01,0.551,0.545,0.566,0.48,1.16%
3Y,2024-08-01,0.545,0.658,0.668,0.43,-16.79%
3Y,2024-07-01,0.655,0.567,0.656,0.522,15.93%
3Y,2024-06-01,0.565,0.618,0.618,0.49,-8.32%
3Y,2024-05-01,0.616,0.5,0.619,0.479,22.94%
3Y,2024-04-01,0.501,0.411,0.529,0.411,21.53%
3Y,2024-03-01,0.412,0.398,0.445,0.373,4.09%
3Y,2024-02-01,0.396,0.364,0.431,0.347,8.58%
3Y,2024-01-01,0.365,0.333,0.389,0.26,9.77%
3Y,2023-12-01,0.333,0.373,0.458,0.314,-10.14%
3Y,2023-11-01,0.37,0.484,0.522,0.333,-23.71%
3Y,2023-10-01,0.485,0.395,0.502,0.326,22.78%
3Y,2023-09-01,0.395,0.262,0.403,0.258,36.77%
3Y,2023-08-01,0.289,0.209,0.308,0.206,38.78%
3Y,2023-07-01,0.208,0.148,0.235,0.132,24.24%
3Y,2023-06-01,0.168,0.157,0.185,0.111,-10.09%
3Y,2023-05-01,0.186,0.148,0.205,0.134,4.96%
3Y,2023-04-01,0.177,0.197,0.237,0.144,-24.47%
3Y,2023-03-01,0.235,0.273,0.339,0.098,-15.32%
3Y,2023-02-01,0.278,0.289,0.365,0.269,-16.87%
3Y,2023-01-01,0.334,0.431,0.635,0.222,-22.61%
3Y,2022-12-01,0.431,0.213,0.446,0.204,78.74%
3Y,2022-11-01,0.241,0.168,0.243,0.139,41.94%
3Y,2022-10-01,0.17,0.178,0.271,0.126,-4.55%
3Y,2022-09-01,0.178,0.122,0.234,0.12,51.57%
3Y,2022-08-01,0.117,0.069,0.15,0.052,32.32%
3Y,2022-07-01,0.089,0.127,0.166,0.059,-32.37%
3Y,2022-06-01,0.131,0.093,0.296,0.055,19.36%
3Y,2022-05-01,0.11,0.106,0.154,0.065,-10.20%
3Y,2022-04-01,0.123,0.073,0.142,0.072,70.38%
3Y,2022-03-01,0.072,0.056,0.135,0.027,6.52%
3Y,2022-02-01,0.068,0.057,0.101,-0.001,32.09%
3Y,2022-01-01,0.051,-0.001,0.052,-0.002,"-2,144.00%"
3Y,2021-12-01,-0.002,-0.014,0.007,-0.025,-81.88%
3Y,2021-11-01,-0.014,0.014,0.021,-0.026,-184.66%
3Y,2021-10-01,0.016,-0.007,0.018,-0.023,-391.07%
3Y,2021-09-01,-0.006,-0.039,-0.001,-0.05,-86.44%
3Y,2021-08-01,-0.041,-0.059,-0.036,-0.07,-10.80%
3Y,2021-07-01,-0.046,-0.043,-0.025,-0.068,27.55%
3Y,2021-06-01,-0.036,-0.038,-0.027,-0.064,7.40%
3Y,2021-05-01,-0.034,-0.039,-0.026,-0.056,-12.89%
3Y,2021-04-01,-0.039,-0.039,-0.029,-0.061,19.38%
3Y,2021-03-01,-0.032,-0.039,-0.023,-0.078,-29.81%
3Y,2021-02-01,-0.046,-0.079,-0.013,-0.091,-47.86%
3Y,2021-01-01,-0.089,-0.063,-0.061,-0.104,42.08%
3Y,2020-12-01,-0.063,-0.065,-0.055,-0.091,-3.85%
3Y,2020-11-01,-0.065,-0.065,-0.052,-0.091,0.00%
3Y,2020-10-01,-0.065,-0.075,-0.052,-0.091,-13.33%
3Y,2020-09-01,-0.075,-0.047,-0.045,-0.094,61.99%
3Y,2020-08-01,-0.046,-0.071,-0.035,-0.089,-27.43%
3Y,2020-07-01,-0.064,-0.043,-0.032,-0.09,10.96%
3Y,2020-06-01,-0.058,-0.066,-0.023,-0.083,-28.12%
3Y,2020-05-01,-0.08,-0.087,-0.087,-0.087,-16.93%
3Y,2020-04-01,-0.096,-0.061,-0.061,-0.061,60.50%
3Y,2020-03-01,-0.06,-0.154,-0.154,-0.154,-64.97%
3Y,2020-02-01,-0.171,-0.04,-0.04,-0.04,158.37%
3Y,2020-01-01,-0.066,-0.02,-0.02,-0.02,231.50%
3Y,2019-12-01,-0.02,-0.085,-0.085,-0.085,-76.13%
3Y,2019-11-01,-0.084,-0.161,-0.161,-0.161,-44.61%
3Y,2019-10-01,-0.151,-0.166,-0.166,-0.166,-15.38%
3Y,2019-09-01,-0.179,-0.154,-0.154,-0.154,10.03%
3Y,2019-08-01,-0.162,-0.153,-0.153,-0.153,36.78%
3Y,2019-07-01,-0.119,-0.13,-0.13,-0.13,-7.76%
3Y,2019-06-01,-0.129,-0.111,-0.111,-0.111,87.21%
3Y,2019-05-01,-0.069,-0.039,-0.039,-0.039,77.32%
3Y,2019-04-01,-0.039,-0.054,-0.054,-0.054,-48.27%
3Y,2019-03-01,-0.075,-0.039,-0.039,-0.039,87.50%
3Y,2019-02-01,-0.04,-0.032,-0.032,-0.032,18.34%
3Y,2019-01-01,-0.034,-0.013,-0.013,-0.013,789.47%
3Y,2018-12-01,-0.004,0.021,0.021,0.021,-115.97%
3Y,2018-11-01,0.024,0.055,0.055,0.055,-60.33%
3Y,2018-10-01,0.06,0.076,0.076,0.076,-20.00%
3Y,2018-09-01,0.075,0.068,0.068,0.068,13.12%
3Y,2018-08-01,0.066,0.064,0.064,0.064,20.55%
3Y,2018-07-01,0.055,0.044,0.044,0.044,15.79%
3Y,2018-06-01,0.047,0.06,0.06,0.06,-13.64%
3Y,2018-05-01,0.055,0.055,0.055,0.055,7.21%
3Y,2018-04-01,0.051,0.051,0.051,0.051,-6.73%
3Y,2018-03-01,0.055,0.055,0.055,0.055,-10.28%
3Y,2018-02-01,0.061,0.061,0.061,0.061,-10.90%
3Y,2018-01-01,0.069,0.069,0.069,0.069,37.60%
3Y,2017-12-01,0.05,0.05,0.05,0.05,-2.53%
3Y,2017-11-01,0.051,0.051,0.051,0.051,14.00%
3Y,2017-10-01,0.045,0.045,0.045,0.045,15.98%
3Y,2017-09-01,0.039,0.039,0.039,0.039,138.04%
3Y,2017-08-01,0.016,0.016,0.016,0.016,-67.40%
3Y,2017-07-01,0.05,0.05,0.05,0.05,-4.76%
3Y,2017-06-01,0.052,0.052,0.052,0.052,23.53%
3Y,2017-05-01,0.043,0.043,0.043,0.043,126.06%
3Y,2017-04-01,0.019,0.019,0.019,0.019,-63.35%
3Y,2017-03-01,0.051,0.051,0.051,0.051,86.55%
3Y,2017-02-01,0.027,0.027,0.027,0.027,-42.11%
3Y,2017-01-01,0.047,0.047,0.047,0.047,99.58%
3Y,2016-12-01,0.024,0.024,0.024,0.024,-36.53%
3Y,2016-11-01,0.038,0.038,0.038,0.038,-183.33%
3Y,2016-10-01,-0.045,-0.045,-0.045,-0.045,-62.90%
3Y,2016-09-01,-0.121,-0.121,-0.121,-0.121,14.11%
3Y,2016-08-01,-0.106,-0.106,-0.106,-0.106,-12.37%
3Y,2016-07-01,-0.121,-0.121,-0.121,-0.121,-31.20%
3Y,2016-06-01,-0.176,-0.176,-0.176,-0.176,18.48%
3Y,2016-05-01,-0.149,-0.149,-0.149,-0.149,8.22%
3Y,2016-04-01,-0.138,-0.138,-0.138,-0.138,0.88%
3Y,2016-03-01,-0.136,-0.136,-0.136,-0.136,-31.85%
3Y,2016-02-01,-0.2,-0.2,-0.2,-0.2,538.98%
3Y,2016-01-01,-0.031,-0.031,-0.031,-0.031,-130.54%
3Y,2015-12-01,0.102,0.102,0.102,0.102,18.91%
3Y,2015-11-01,0.086,0.086,0.086,0.086,-18.91%
3Y,2015-10-01,0.106,0.106,0.106,0.106,-1.12%
3Y,2015-09-01,0.108,0.108,0.108,0.108,-14.00%
3Y,2015-08-01,0.125,0.125,0.125,0.125,-14.56%
3Y,2015-07-01,0.146,0.146,0.146,0.146,-11.33%
3Y,2015-06-01,0.165,0.165,0.165,0.165,10.89%
3Y,2015-05-01,0.149,0.149,0.149,0.149,-9.82%
3Y,2015-04-01,0.165,0.165,0.165,0.165,-5.71%
3Y,2015-03-01,0.175,0.175,0.175,0.175,22.81%
3Y,2015-02-01,0.142,0.142,0.142,0.142,7.55%
3Y,2015-01-01,0.132,0.132,0.132,0.132,-1.85%
3Y,2014-12-01,0.135,0.135,0.135,0.135,-6.90%
3Y,2014-11-01,0.145,0.145,0.145,0.145,-5.72%
3Y,2014-10-01,0.154,0.154,0.154,0.154,-10.84%
3Y,2014-09-01,0.172,0.172,0.172,0.172,-4.85%
3Y,2014-08-01,0.181,0.181,0.181,0.181,9.88%
3Y,2014-07-01,0.165,0.165,0.165,0.165,-5.01%
3Y,2014-06-01,0.174,0.174,0.174,0.174,-14.73%
3Y,2014-05-01,0.204,0.204,0.204,0.204,0.59%
3Y,2014-04-01,0.203,0.203,0.203,0.203,1.25%
3Y,2014-03-01,0.2,0.2,0.2,0.2,-2.44%
3Y,2014-02-01,0.205,0.205,0.205,0.205,-1.82%
3Y,2014-01-01,0.209,0.209,0.209,0.209,-8.22%
3Y,2013-12-01,0.228,0.228,0.228,0.228,9.64%
3Y,2013-11-01,0.207,0.207,0.207,0.207,-6.74%
3Y,2013-10-01,0.222,0.222,0.222,0.222,-18.35%
3Y,2013-09-01,0.273,0.273,0.273,0.273,-8.40%
3Y,2013-08-01,0.298,0.298,0.298,0.298,5.31%
3Y,2013-07-01,0.282,0.282,0.282,0.282,-6.61%
3Y,2013-06-01,0.303,0.303,0.303,0.303,-11.37%
3Y,2013-05-01,0.341,0.341,0.341,0.341,17.69%
3Y,2013-04-01,0.29,0.29,0.29,0.29,29.58%
3Y,2013-03-01,0.224,0.224,0.224,0.224,7.08%
3Y,2013-02-01,0.209,0.209,0.209,0.209,1.46%
3Y,2013-01-01,0.206,0.206,0.206,0.206,6.19%
3Y,2012-12-01,0.194,0.194,0.194,0.194,-16.02%
3Y,2012-11-01,0.231,0.231,0.231,0.231,-5.71%
3Y,2012-10-01,0.245,0.245,0.245,0.245,-5.77%
3Y,2012-09-01,0.26,0.26,0.26,0.26,-9.72%
3Y,2012-08-01,0.288,0.288,0.288,0.288,1.52%
3Y,2012-07-01,0.284,0.284,0.284,0.284,-14.03%
3Y,2012-06-01,0.33,0.33,0.33,0.33,-3.31%
3Y,2012-05-01,0.341,0.341,0.341,0.341,0.38%
3Y,2012-04-01,0.34,0.34,0.34,0.34,-6.21%
3Y,2012-03-01,0.363,0.363,0.363,0.363,5.07%
3Y,2012-02-01,0.345,0.345,0.345,0.345,-5.48%
3Y,2012-01-01,0.365,0.365,0.365,0.365,-4.70%
3Y,2011-12-01,0.383,0.383,0.383,0.383,-10.93%
3Y,2011-11-01,0.43,0.43,0.43,0.43,20.28%
3Y,2011-10-01,0.357,0.357,0.357,0.357,-1.73%
3Y,2011-09-01,0.364,0.364,0.364,0.364,7.79%
3Y,2011-08-01,0.338,0.338,0.338,0.338,-8.49%
3Y,2011-07-01,0.369,0.369,0.369,0.369,-10.85%
3Y,2011-06-01,0.414,0.414,0.414,0.414,3.74%
3Y,2011-05-01,0.399,0.399,0.399,0.399,0.63%
3Y,2011-04-01,0.396,0.396,0.396,0.396,-8.64%
3Y,2011-03-01,0.434,0.434,0.434,0.434,-12.36%
3Y,2011-02-01,0.495,0.495,0.495,0.495,7.84%
3Y,2011-01-01,0.459,0.459,0.459,0.459,10.60%
3Y,2010-12-01,0.415,0.415,0.415,0.415,-3.94%
3Y,2010-11-01,0.432,0.432,0.432,0.432,12.50%
3Y,2010-10-01,0.384,0.384,0.384,0.384,-1.54%
3Y,2010-09-01,0.39,0.39,0.39,0.39,-5.73%
3Y,2010-08-01,0.414,0.414,0.414,0.414,-10.84%
3Y,2010-07-01,0.464,0.464,0.464,0.464,-4.72%
3Y,2010-06-01,0.487,0.487,0.487,0.487,-7.94%
10Y,2026-02-01,1.978,2.049,2.138,1.933,-3.64%
10Y,2026-01-01,2.053,1.923,2.21,1.929,5.07%
10Y,2025-12-01,1.954,1.678,1.97,1.678,16.10%
10Y,2025-11-01,1.683,1.532,1.712,1.535,8.86%
10Y,2025-10-01,1.546,1.538,1.606,1.48,-0.51%
10Y,2025-09-01,1.554,1.454,1.574,1.415,4.58%
10Y,2025-08-01,1.486,1.389,1.52,1.329,4.65%
10Y,2025-07-01,1.42,1.253,1.464,1.27,10.59%
10Y,2025-06-01,1.284,1.288,1.349,1.243,-2.58%
10Y,2025-05-01,1.318,1.08,1.389,1.08,21.89%
10Y,2025-04-01,1.081,1.346,1.359,0.913,-19.53%
10Y,2025-03-01,1.344,1.285,1.441,1.285,4.58%
10Y,2025-02-01,1.285,1.199,1.378,1.186,7.19%
10Y,2025-01-01,1.199,1.095,1.212,1.095,9.48%
10Y,2024-12-01,1.095,1.071,1.116,1.046,2.21%
10Y,2024-11-01,1.071,0.994,1.116,0.955,7.67%
10Y,2024-10-01,0.995,0.911,1.025,0.874,9.04%
10Y,2024-09-01,0.913,0.944,0.964,0.855,-3.18%
10Y,2024-08-01,0.942,1.019,1.043,0.769,-9.70%
10Y,2024-07-01,1.044,1.08,1.126,0.935,-3.58%
10Y,2024-06-01,1.082,1.099,1.134,0.952,-4.52%
10Y,2024-05-01,1.134,0.976,1.144,0.935,11.16%
10Y,2024-04-01,1.02,0.858,1.058,0.851,19.65%
10Y,2024-03-01,0.853,0.881,0.94,0.831,-6.32%
10Y,2024-02-01,0.91,0.96,0.996,0.858,-5.09%
10Y,2024-01-01,0.959,0.886,0.989,0.746,8.18%
10Y,2023-12-01,0.886,0.971,1.072,0.769,-8.63%
10Y,2023-11-01,0.97,1.158,1.222,0.85,-19.00%
10Y,2023-10-01,1.197,1.018,1.22,0.928,17.69%
10Y,2023-09-01,1.018,0.819,1.034,0.806,15.30%
10Y,2023-08-01,0.882,0.765,0.913,0.748,12.15%
10Y,2023-07-01,0.787,0.603,0.83,0.545,25.90%
10Y,2023-06-01,0.625,0.637,0.67,0.516,-6.90%
10Y,2023-05-01,0.671,0.592,0.682,0.529,8.05%
10Y,2023-04-01,0.621,0.651,0.749,0.56,-8.97%
10Y,2023-03-01,0.683,0.814,0.96,0.482,-19.05%
10Y,2023-02-01,0.843,0.88,0.954,0.815,-8.36%
10Y,2023-01-01,0.92,0.936,1.067,0.744,-1.74%
10Y,2022-12-01,0.936,0.623,0.936,0.608,41.33%
10Y,2022-11-01,0.663,0.576,0.701,0.524,14.96%
10Y,2022-10-01,0.576,0.533,0.725,0.482,8.10%
10Y,2022-09-01,0.533,0.422,0.634,0.422,29.61%
10Y,2022-08-01,0.411,0.341,0.449,0.307,17.08%
10Y,2022-07-01,0.351,0.474,0.512,0.311,-31.96%
10Y,2022-06-01,0.516,0.382,0.659,0.357,29.46%
10Y,2022-05-01,0.399,0.393,0.464,0.316,-4.20%
10Y,2022-04-01,0.416,0.277,0.48,0.277,43.55%
10Y,2022-03-01,0.29,0.241,0.44,0.191,15.45%
10Y,2022-02-01,0.251,0.214,0.309,0.106,136.31%
10Y,2022-01-01,0.106,0.106,0.202,0.106,-5.51%
10Y,2021-12-01,0.112,0.086,0.114,0.061,69.68%
10Y,2021-11-01,0.066,0.12,0.122,0.064,-44.75%
10Y,2021-10-01,0.12,0.091,0.146,0.072,27.93%
10Y,2021-09-01,0.094,0.038,0.114,0.024,158.40%
10Y,2021-08-01,0.036,0.013,0.047,-0.005,52.52%
10Y,2021-07-01,0.024,0.067,0.071,-0.013,-67.17%
10Y,2021-06-01,0.072,0.105,0.121,0.035,-34.09%
10Y,2021-05-01,0.11,0.119,0.125,0.084,-9.32%
10Y,2021-04-01,0.121,0.138,0.159,0.08,-14.88%
10Y,2021-03-01,0.142,0.156,0.17,0.083,-19.17%
10Y,2021-02-01,0.176,0.046,0.19,0.032,220.55%
10Y,2021-01-01,0.055,0.041,0.06,0.005,33.17%
10Y,2020-12-01,0.041,0.025,0.046,-0.006,13.77%
10Y,2020-11-01,0.036,0.036,0.061,-0.01,-30.86%
10Y,2020-10-01,0.052,0.013,0.055,-0.005,425.00%
10Y,2020-09-01,0.01,0.047,0.061,-0.02,-81.41%
10Y,2020-08-01,0.054,-0.018,0.074,-0.032,230.06%
10Y,2020-07-01,0.016,0.053,0.074,-0.034,-72.83%
10Y,2020-06-01,0.06,-0.013,0.111,-0.023,108.33%
10Y,2020-05-01,0.029,0.019,0.019,0.019,-676.00%
10Y,2020-04-01,-0.005,0.016,0.016,0.016,-200.00%
10Y,2020-03-01,0.005,-0.086,-0.086,-0.086,-104.65%
10Y,2020-02-01,-0.108,0.01,0.01,0.01,"-1,175.00%"
10Y,2020-01-01,0.01,0.096,0.096,0.096,-89.62%
10Y,2019-12-01,0.096,0.044,0.044,0.044,63.78%
10Y,2019-11-01,0.059,-0.013,-0.013,-0.013,"-1,276.00%"
10Y,2019-10-01,-0.005,-0.016,-0.016,-0.016,-81.82%
10Y,2019-09-01,-0.027,-0.102,-0.102,-0.102,-67.65%
10Y,2019-08-01,-0.085,0.013,0.013,0.013,"-6,638.46%"
10Y,2019-07-01,0.001,0.025,0.025,0.025,-91.33%
10Y,2019-06-01,0.015,0.065,0.065,0.065,-79.67%
10Y,2019-05-01,0.074,0.117,0.117,0.117,-37.19%
10Y,2019-04-01,0.117,0.099,0.099,0.099,23.68%
10Y,2019-03-01,0.095,0.16,0.16,0.16,-40.18%
10Y,2019-02-01,0.159,0.134,0.134,0.134,19.85%
10Y,2019-01-01,0.132,0.166,0.166,0.166,-20.32%
10Y,2018-12-01,0.166,0.23,0.23,0.23,-29.62%
10Y,2018-11-01,0.236,0.303,0.303,0.303,-24.98%
10Y,2018-10-01,0.315,0.349,0.349,0.349,-7.35%
10Y,2018-09-01,0.34,0.326,0.326,0.326,6.65%
10Y,2018-08-01,0.319,0.32,0.32,0.32,9.93%
10Y,2018-07-01,0.29,0.237,0.237,0.237,19.59%
10Y,2018-06-01,0.243,0.266,0.266,0.266,-3.46%
10Y,2018-05-01,0.251,0.251,0.251,0.251,1.49%
10Y,2018-04-01,0.248,0.248,0.248,0.248,-1.98%
10Y,2018-03-01,0.252,0.252,0.252,0.252,-3.81%
10Y,2018-02-01,0.262,0.262,0.262,0.262,-7.89%
10Y,2018-01-01,0.285,0.285,0.285,0.285,12.87%
10Y,2017-12-01,0.252,0.252,0.252,0.252,0.52%
10Y,2017-11-01,0.251,0.251,0.251,0.251,0.00%
10Y,2017-10-01,0.251,0.251,0.251,0.251,-6.55%
10Y,2017-09-01,0.269,0.269,0.269,0.269,38.70%
10Y,2017-08-01,0.194,0.194,0.194,0.194,-22.85%
10Y,2017-07-01,0.251,0.251,0.251,0.251,0.00%
10Y,2017-06-01,0.251,0.251,0.251,0.251,11.64%
10Y,2017-05-01,0.225,0.225,0.225,0.225,11.77%
10Y,2017-04-01,0.201,0.201,0.201,0.201,-20.28%
10Y,2017-03-01,0.252,0.252,0.252,0.252,12.22%
10Y,2017-02-01,0.225,0.225,0.225,0.225,-8.16%
10Y,2017-01-01,0.245,0.245,0.245,0.245,17.34%
10Y,2016-12-01,0.209,0.209,0.209,0.209,8.47%
10Y,2016-11-01,0.192,0.192,0.192,0.192,152.29%
10Y,2016-10-01,0.076,0.076,0.076,0.076,118.00%
10Y,2016-09-01,0.035,0.035,0.035,0.035,-45.14%
10Y,2016-08-01,0.064,0.064,0.064,0.064,-491.41%
10Y,2016-07-01,-0.016,-0.016,-0.016,-0.016,-72.83%
10Y,2016-06-01,-0.06,-0.06,-0.06,-0.06,-171.60%
10Y,2016-05-01,0.084,0.084,0.084,0.084,-30.17%
10Y,2016-04-01,0.12,0.12,0.12,0.12,-11.96%
10Y,2016-03-01,0.136,0.136,0.136,0.136,26.79%
10Y,2016-02-01,0.108,0.108,0.108,0.108,-58.65%
10Y,2016-01-01,0.26,0.26,0.26,0.26,-37.17%
10Y,2015-12-01,0.414,0.414,0.414,0.414,-5.16%
10Y,2015-11-01,0.436,0.436,0.436,0.436,-8.63%
10Y,2015-10-01,0.477,0.477,0.477,0.477,-4.02%
10Y,2015-09-01,0.498,0.498,0.498,0.498,-9.55%
10Y,2015-08-01,0.55,0.55,0.55,0.55,-2.45%
10Y,2015-07-01,0.564,0.564,0.564,0.564,-9.62%
10Y,2015-06-01,0.624,0.624,0.624,0.624,9.92%
10Y,2015-05-01,0.567,0.567,0.567,0.567,2.01%
10Y,2015-04-01,0.556,0.556,0.556,0.556,-1.77%
10Y,2015-03-01,0.566,0.566,0.566,0.566,12.41%
10Y,2015-02-01,0.504,0.504,0.504,0.504,8.34%
10Y,2015-01-01,0.465,0.465,0.465,0.465,-6.31%
10Y,2014-12-01,0.496,0.496,0.496,0.496,-12.36%
10Y,2014-11-01,0.566,0.566,0.566,0.566,-2.36%
10Y,2014-10-01,0.58,0.58,0.58,0.58,-9.38%
10Y,2014-09-01,0.64,0.64,0.64,0.64,6.22%
10Y,2014-08-01,0.603,0.603,0.603,0.603,-6.42%
10Y,2014-07-01,0.644,0.644,0.644,0.644,-7.70%
10Y,2014-06-01,0.697,0.697,0.697,0.697,-4.95%
10Y,2014-05-01,0.734,0.734,0.734,0.734,-5.78%
10Y,2014-04-01,0.779,0.779,0.779,0.779,-4.44%
10Y,2014-03-01,0.815,0.815,0.815,0.815,3.16%
10Y,2014-02-01,0.79,0.79,0.79,0.79,-1.56%
10Y,2014-01-01,0.803,0.803,0.803,0.803,-11.94%
10Y,2013-12-01,0.911,0.911,0.911,0.911,18.35%
10Y,2013-11-01,0.77,0.77,0.77,0.77,6.03%
10Y,2013-10-01,0.726,0.726,0.726,0.726,-15.06%
10Y,2013-09-01,0.855,0.855,0.855,0.855,-6.04%
10Y,2013-08-01,0.91,0.91,0.91,0.91,-5.83%
10Y,2013-07-01,0.966,0.966,0.966,0.966,-2.64%
10Y,2013-06-01,0.993,0.993,0.993,0.993,-3.53%
10Y,2013-05-01,1.029,1.029,1.029,1.029,40.45%
10Y,2013-04-01,0.733,0.733,0.733,0.733,8.31%
10Y,2013-03-01,0.676,0.676,0.676,0.676,-6.59%
10Y,2013-02-01,0.724,0.724,0.724,0.724,-7.06%
10Y,2013-01-01,0.779,0.779,0.779,0.779,-4.65%
10Y,2012-12-01,0.817,0.817,0.817,0.817,12.69%
10Y,2012-11-01,0.725,0.725,0.725,0.725,-5.54%
10Y,2012-10-01,0.767,0.767,0.767,0.767,1.66%
10Y,2012-09-01,0.755,0.755,0.755,0.755,-5.39%
10Y,2012-08-01,0.798,0.798,0.798,0.798,5.70%
10Y,2012-07-01,0.755,0.755,0.755,0.755,-8.90%
10Y,2012-06-01,0.829,0.829,0.829,0.829,-1.04%
10Y,2012-05-01,0.837,0.837,0.837,0.837,-8.97%
10Y,2012-04-01,0.92,0.92,0.92,0.92,-10.24%
10Y,2012-03-01,1.025,1.025,1.025,1.025,4.59%
10Y,2012-02-01,0.98,0.98,0.98,0.98,2.83%
10Y,2012-01-01,0.953,0.953,0.953,0.953,-2.06%
10Y,2011-12-01,0.973,0.973,0.973,0.973,-9.39%
10Y,2011-11-01,1.074,1.074,1.074,1.074,5.41%
10Y,2011-10-01,1.019,1.019,1.019,1.019,0.61%
10Y,2011-09-01,1.013,1.013,1.013,1.013,-0.86%
10Y,2011-08-01,1.021,1.021,1.021,1.021,-4.00%
10Y,2011-07-01,1.064,1.064,1.064,1.064,-7.90%
10Y,2011-06-01,1.155,1.155,1.155,1.155,-2.94%
10Y,2011-05-01,1.19,1.19,1.19,1.19,-2.66%
10Y,2011-04-01,1.222,1.222,1.222,1.222,-5.32%
10Y,2011-03-01,1.291,1.291,1.291,1.291,-1.88%
10Y,2011-02-01,1.316,1.316,1.316,1.316,4.94%
10Y,2011-01-01,1.254,1.254,1.254,1.254,8.76%
10Y,2010-12-01,1.153,1.153,1.153,1.153,-6.26%
10Y,2010-11-01,1.23,1.23,1.23,1.23,23.00%
10Y,2010-10-01,1.0,1.0,1.0,1.0,-0.99%
10Y,2010-09-01,1.01,1.01,1.01,1.01,-2.65%
10Y,2010-08-01,1.038,1.038,1.038,1.038,-6.70%
10Y,2010-07-01,1.112,1.112,1.112,1.112,-4.22%
10Y,2010-06-01,1.161,1.161,1.161,1.161,-12.31%
30Y,2026-02-01,2.803,3.001,3.055,2.788,-6.85%
30Y,2026-01-01,3.009,2.874,3.219,2.883,3.62%
30Y,2025-12-01,2.904,2.738,2.934,2.74,5.79%
30Y,2025-11-01,2.745,2.513,2.78,2.521,8.54%
30Y,2025-10-01,2.529,2.495,2.664,2.478,0.52%
30Y,2025-09-01,2.516,2.517,2.634,2.455,-1.18%
30Y,2025-08-01,2.546,2.429,2.614,2.414,3.50%
30Y,2025-07-01,2.46,2.239,2.551,2.26,8.37%
30Y,2025-06-01,2.27,2.206,2.289,2.194,1.52%
30Y,2025-05-01,2.236,1.94,2.401,1.956,15.33%
30Y,2025-04-01,1.939,2.006,2.104,1.584,-3.24%
30Y,2025-03-01,2.004,1.95,2.105,1.946,2.82%
30Y,2025-02-01,1.949,1.874,2.013,1.869,4.00%
30Y,2025-01-01,1.874,1.889,1.985,1.837,-0.79%
30Y,2024-12-01,1.889,1.837,1.909,1.799,2.79%
30Y,2024-11-01,1.837,1.771,1.87,1.735,3.67%
30Y,2024-10-01,1.773,1.625,1.793,1.589,8.99%
30Y,2024-09-01,1.626,1.622,1.669,1.541,0.23%
30Y,2024-08-01,1.622,1.648,1.67,1.375,-2.26%
30Y,2024-07-01,1.66,1.75,1.789,1.607,-4.46%
30Y,2024-06-01,1.737,1.783,1.804,1.611,-3.61%
30Y,2024-05-01,1.803,1.664,1.817,1.641,6.42%
30Y,2024-04-01,1.694,1.508,1.727,1.499,12.73%
30Y,2024-03-01,1.503,1.486,1.56,1.374,-0.33%
30Y,2024-02-01,1.508,1.584,1.604,1.444,-5.04%
30Y,2024-01-01,1.587,1.461,1.616,1.337,8.64%
30Y,2023-12-01,1.461,1.531,1.643,1.306,-6.40%
30Y,2023-11-01,1.561,1.774,1.821,1.434,-12.90%
30Y,2023-10-01,1.793,1.563,1.827,1.51,14.72%
30Y,2023-09-01,1.563,1.398,1.606,1.379,7.11%
30Y,2023-08-01,1.459,1.263,1.487,1.249,12.16%
30Y,2023-07-01,1.301,1.07,1.33,0.996,21.12%
30Y,2023-06-01,1.074,1.091,1.111,0.961,-2.82%
30Y,2023-05-01,1.105,1.044,1.16,0.946,5.49%
30Y,2023-04-01,1.048,1.093,1.179,0.991,-4.45%
30Y,2023-03-01,1.096,1.163,1.342,0.88,-9.54%
30Y,2023-02-01,1.212,1.384,1.389,1.164,-12.62%
30Y,2023-01-01,1.387,1.364,1.476,1.217,1.69%
30Y,2022-12-01,1.364,1.252,1.433,1.149,7.39%
30Y,2022-11-01,1.27,1.234,1.373,1.18,2.88%
30Y,2022-10-01,1.234,1.144,1.459,1.101,7.86%
30Y,2022-09-01,1.144,1.033,1.256,1.022,11.92%
30Y,2022-08-01,1.023,1.013,1.068,0.905,3.28%
30Y,2022-07-01,0.99,1.039,1.109,0.952,-5.54%
30Y,2022-06-01,1.048,0.906,1.133,0.898,14.86%
30Y,2022-05-01,0.913,0.834,0.931,0.808,7.04%
30Y,2022-04-01,0.853,0.711,0.929,0.711,16.38%
30Y,2022-03-01,0.733,0.729,0.996,0.666,-1.01%
30Y,2022-02-01,0.74,0.64,0.838,0.526,22.09%
30Y,2022-01-01,0.606,0.526,0.611,0.514,11.72%
30Y,2021-12-01,0.543,0.514,0.543,0.447,13.02%
30Y,2021-11-01,0.48,0.511,0.543,0.459,-6.34%
30Y,2021-10-01,0.512,0.506,0.574,0.475,0.99%
30Y,2021-09-01,0.507,0.432,0.538,0.407,16.67%
30Y,2021-08-01,0.435,0.403,0.44,0.382,3.87%
30Y,2021-07-01,0.419,0.482,0.491,0.336,-14.32%
30Y,2021-06-01,0.489,0.512,0.541,0.43,-5.33%
30Y,2021-05-01,0.516,0.519,0.536,0.48,-3.50%
30Y,2021-04-01,0.535,0.553,0.584,0.474,-3.83%
30Y,2021-03-01,0.556,0.581,0.604,0.45,-7.28%
30Y,2021-02-01,0.6,0.482,0.616,0.428,22.75%
30Y,2021-01-01,0.489,0.421,0.493,0.36,16.02%
30Y,2020-12-01,0.421,0.356,0.424,0.284,15.42%
30Y,2020-11-01,0.365,0.387,0.412,0.281,-9.88%
30Y,2020-10-01,0.405,0.339,0.429,0.303,17.80%
30Y,2020-09-01,0.344,0.362,0.384,0.261,-7.85%
30Y,2020-08-01,0.373,0.247,0.406,0.191,42.13%
30Y,2020-07-01,0.262,0.338,0.395,0.179,-22.79%
30Y,2020-06-01,0.34,0.27,0.423,0.222,21.95%
30Y,2020-05-01,0.279,0.256,0.256,0.256,14.36%
30Y,2020-04-01,0.244,0.189,0.189,0.189,35.44%
30Y,2020-03-01,0.18,0.204,0.204,0.204,29.68%
30Y,2020-02-01,0.139,0.325,0.325,0.325,-54.31%
30Y,2020-01-01,0.304,0.403,0.403,0.403,-24.52%
30Y,2019-12-01,0.403,0.398,0.398,0.398,6.28%
30Y,2019-11-01,0.379,0.341,0.341,0.341,26.23%
30Y,2019-10-01,0.3,0.34,0.34,0.34,-13.37%
30Y,2019-09-01,0.346,0.097,0.097,0.097,111.42%
30Y,2019-08-01,0.164,0.305,0.305,0.305,-54.98%
30Y,2019-07-01,0.364,0.375,0.375,0.375,-9.05%
30Y,2019-06-01,0.4,0.442,0.442,0.442,-19.60%
30Y,2019-05-01,0.498,0.58,0.58,0.58,-14.22%
30Y,2019-04-01,0.58,0.554,0.554,0.554,7.67%
30Y,2019-03-01,0.539,0.651,0.651,0.651,-18.07%
30Y,2019-02-01,0.658,0.637,0.637,0.637,0.57%
30Y,2019-01-01,0.654,0.674,0.674,0.674,-8.41%
30Y,2018-12-01,0.714,0.801,0.801,0.801,-14.39%
30Y,2018-11-01,0.834,0.91,0.91,0.91,-9.12%
30Y,2018-10-01,0.918,0.935,0.935,0.935,-0.41%
30Y,2018-09-01,0.921,0.87,0.87,0.87,3.37%
30Y,2018-08-01,0.891,0.901,0.901,0.901,6.42%
30Y,2018-07-01,0.837,0.749,0.749,0.749,10.37%
30Y,2018-06-01,0.759,0.788,0.788,0.788,-1.30%
30Y,2018-05-01,0.769,0.769,0.769,0.769,-1.75%
30Y,2018-04-01,0.783,0.783,0.783,0.783,0.00%
30Y,2018-03-01,0.783,0.783,0.783,0.783,-0.79%
30Y,2018-02-01,0.789,0.789,0.789,0.789,-8.69%
30Y,2018-01-01,0.864,0.864,0.864,0.864,2.83%
30Y,2017-12-01,0.84,0.84,0.84,0.84,-1.90%
30Y,2017-11-01,0.856,0.856,0.856,0.856,-1.57%
30Y,2017-10-01,0.87,0.87,0.87,0.87,1.75%
30Y,2017-09-01,0.855,0.855,0.855,0.855,6.54%
30Y,2017-08-01,0.803,0.803,0.803,0.803,-3.46%
30Y,2017-07-01,0.831,0.831,0.831,0.831,3.10%
30Y,2017-06-01,0.806,0.806,0.806,0.806,3.70%
30Y,2017-05-01,0.777,0.777,0.777,0.777,3.67%
30Y,2017-04-01,0.75,0.75,0.75,0.75,-8.40%
30Y,2017-03-01,0.819,0.819,0.819,0.819,-1.35%
30Y,2017-02-01,0.83,0.83,0.83,0.83,-0.75%
30Y,2017-01-01,0.836,0.836,0.836,0.836,4.37%
30Y,2016-12-01,0.801,0.801,0.801,0.801,17.84%
30Y,2016-11-01,0.68,0.68,0.68,0.68,30.44%
30Y,2016-10-01,0.521,0.521,0.521,0.521,17.81%
30Y,2016-09-01,0.442,0.442,0.442,0.442,0.57%
30Y,2016-08-01,0.44,0.44,0.44,0.44,67.62%
30Y,2016-07-01,0.262,0.262,0.262,0.262,72.13%
30Y,2016-06-01,0.153,0.153,0.153,0.153,-71.36%
30Y,2016-05-01,0.533,0.533,0.533,0.533,-12.70%
30Y,2016-04-01,0.61,0.61,0.61,0.61,3.61%
30Y,2016-03-01,0.589,0.589,0.589,0.589,-27.98%
30Y,2016-02-01,0.817,0.817,0.817,0.817,-22.70%
30Y,2016-01-01,1.058,1.058,1.058,1.058,-12.33%
30Y,2015-12-01,1.206,1.206,1.206,1.206,-5.02%
30Y,2015-11-01,1.27,1.27,1.27,1.27,-3.33%
30Y,2015-10-01,1.314,1.314,1.314,1.314,-2.50%
30Y,2015-09-01,1.347,1.347,1.347,1.347,-5.03%
30Y,2015-08-01,1.419,1.419,1.419,1.419,-1.04%
30Y,2015-07-01,1.434,1.434,1.434,1.434,-2.71%
30Y,2015-06-01,1.474,1.474,1.474,1.474,1.46%
30Y,2015-05-01,1.452,1.452,1.452,1.452,7.00%
30Y,2015-04-01,1.357,1.357,1.357,1.357,0.65%
30Y,2015-03-01,1.349,1.349,1.349,1.349,-2.18%
30Y,2015-02-01,1.379,1.379,1.379,1.379,7.93%
30Y,2015-01-01,1.278,1.278,1.278,1.278,-3.86%
30Y,2014-12-01,1.329,1.329,1.329,1.329,-10.67%
30Y,2014-11-01,1.487,1.487,1.487,1.487,-3.17%
30Y,2014-10-01,1.536,1.536,1.536,1.536,-7.32%
30Y,2014-09-01,1.658,1.658,1.658,1.658,1.92%
30Y,2014-08-01,1.626,1.626,1.626,1.626,-3.77%
30Y,2014-07-01,1.69,1.69,1.69,1.69,-2.38%
30Y,2014-06-01,1.731,1.731,1.731,1.731,-1.14%
30Y,2014-05-01,1.751,1.751,1.751,1.751,-2.10%
30Y,2014-04-01,1.789,1.789,1.789,1.789,-1.99%
30Y,2014-03-01,1.825,1.825,1.825,1.825,2.24%
30Y,2014-02-01,1.785,1.785,1.785,1.785,-0.50%
30Y,2014-01-01,1.794,1.794,1.794,1.794,-5.52%
30Y,2013-12-01,1.899,1.899,1.899,1.899,6.45%
30Y,2013-11-01,1.784,1.784,1.784,1.784,3.11%
30Y,2013-10-01,1.73,1.73,1.73,1.73,-5.98%
30Y,2013-09-01,1.84,1.84,1.84,1.84,-2.19%
30Y,2013-08-01,1.881,1.881,1.881,1.881,-3.46%
30Y,2013-07-01,1.949,1.949,1.949,1.949,0.13%
30Y,2013-06-01,1.946,1.946,1.946,1.946,1.83%
30Y,2013-05-01,1.911,1.911,1.911,1.911,10.16%
30Y,2013-04-01,1.735,1.735,1.735,1.735,2.36%
30Y,2013-03-01,1.695,1.695,1.695,1.695,-3.00%
30Y,2013-02-01,1.747,1.747,1.747,1.747,-11.24%
30Y,2013-01-01,1.969,1.969,1.969,1.969,2.61%
30Y,2012-12-01,1.919,1.919,1.919,1.919,10.27%
30Y,2012-11-01,1.74,1.74,1.74,1.74,0.14%
30Y,2012-10-01,1.737,1.737,1.737,1.737,6.11%
30Y,2012-09-01,1.638,1.638,1.638,1.638,-2.17%
30Y,2012-08-01,1.674,1.674,1.674,1.674,4.77%
30Y,2012-07-01,1.597,1.597,1.597,1.597,-6.51%
30Y,2012-06-01,1.709,1.709,1.709,1.709,5.40%
30Y,2012-05-01,1.621,1.621,1.621,1.621,-9.49%
30Y,2012-04-01,1.791,1.791,1.791,1.791,-5.54%
30Y,2012-03-01,1.896,1.896,1.896,1.896,2.99%
30Y,2012-02-01,1.841,1.841,1.841,1.841,4.03%
30Y,2012-01-01,1.77,1.77,1.77,1.77,4.73%
30Y,2011-12-01,1.69,1.69,1.69,1.69,-8.59%
30Y,2011-11-01,1.849,1.849,1.849,1.849,1.09%
30Y,2011-10-01,1.829,1.829,1.829,1.829,2.96%
30Y,2011-09-01,1.776,1.776,1.776,1.776,-4.37%
30Y,2011-08-01,1.857,1.857,1.857,1.857,-3.07%
30Y,2011-07-01,1.916,1.916,1.916,1.916,-4.33%
30Y,2011-06-01,2.003,2.003,2.003,2.003,-2.29%
30Y,2011-05-01,2.05,2.05,2.05,2.05,-3.03%
30Y,2011-04-01,2.114,2.114,2.114,2.114,-1.85%
30Y,2011-03-01,2.154,2.154,2.154,2.154,1.88%
30Y,2011-02-01,2.114,2.114,2.114,2.114,3.48%
30Y,2011-01-01,2.043,2.043,2.043,2.043,7.81%
30Y,2010-12-01,1.895,1.895,1.895,1.895,-7.15%
30Y,2010-11-01,2.041,2.041,2.041,2.041,7.99%
30Y,2010-10-01,1.89,1.89,1.89,1.89,3.85%
30Y,2010-09-01,1.82,1.82,1.82,1.82,1.11%
30Y,2010-08-01,1.8,1.8,1.8,1.8,-3.79%
30Y,2010-07-01,1.871,1.871,1.871,1.871,-3.61%
30Y,2010-06-01,1.941,1.941,1.941,1.941,-9.17%
1Y,2026-02-01,1.07,1.028,1.132,1.048,0.74%
1Y,2026-01-01,1.062,0.956,1.099,0.94,9.37%
1Y,2025-12-01,0.971,0.809,0.979,0.831,15.73%
1Y,2025-11-01,0.839,0.782,0.856,0.771,3.58%
1Y,2025-10-01,0.81,0.813,0.853,0.748,-4.26%
1Y,2025-09-01,0.846,0.742,0.855,0.712,9.87%
1Y,2025-08-01,0.77,0.701,0.785,0.689,5.19%
1Y,2025-07-01,0.732,0.644,0.766,0.646,8.77%
1Y,2025-06-01,0.673,0.646,0.71,0.646,-0.44%
1Y,2025-05-01,0.676,0.623,0.685,0.6,8.80%
1Y,2025-04-01,0.621,0.733,0.734,0.524,-14.89%
1Y,2025-03-01,0.73,0.7,0.759,0.691,4.66%
1Y,2025-02-01,0.697,0.66,0.724,0.652,5.89%
1Y,2025-01-01,0.659,0.544,0.66,0.544,21.13%
1Y,2024-12-01,0.544,0.579,0.598,0.526,-5.64%
1Y,2024-11-01,0.576,0.465,0.586,0.46,24.26%
1Y,2024-10-01,0.464,0.391,0.464,0.356,18.17%
1Y,2024-09-01,0.393,0.373,0.395,0.336,5.71%
1Y,2024-08-01,0.371,0.406,0.431,0.286,-12.90%
1Y,2024-07-01,0.426,0.289,0.428,0.264,50.90%
1Y,2024-06-01,0.282,0.314,0.341,0.237,-16.91%
1Y,2024-05-01,0.34,0.23,0.343,0.224,33.33%
1Y,2024-04-01,0.255,0.185,0.276,0.18,36.95%
1Y,2024-03-01,0.186,0.181,0.23,0.149,3.44%
1Y,2024-02-01,0.18,0.142,0.198,0.112,25.17%
1Y,2024-01-01,0.144,0.104,0.146,0.051,38.54%
1Y,2023-12-01,0.104,0.112,0.153,0.072,-5.64%
1Y,2023-11-01,0.11,0.132,0.153,0.066,38.54%
1Y,2023-10-01,0.079,0.084,0.147,0.037,-5.25%
1Y,2023-09-01,0.084,0.016,0.101,0.011,539.69%
1Y,2023-08-01,0.013,-0.006,0.069,-0.006,-25.14%
1Y,2023-07-01,0.018,-0.001,0.03,-0.021,-12.50%
1Y,2023-06-01,0.02,0.004,0.036,-0.016,426.32%
1Y,2023-05-01,0.004,0.035,0.056,0.001,-93.25%
1Y,2023-04-01,0.056,0.037,0.09,0.007,-37.44%
1Y,2023-03-01,0.09,0.057,0.12,-0.013,-25.00%
1Y,2023-02-01,0.12,0.055,0.131,0.049,4.35%
1Y,2023-01-01,0.115,0.13,0.211,0.049,48.39%
1Y,2022-12-01,0.078,0.035,0.168,0.034,14.81%
1Y,2022-11-01,0.068,0.058,0.072,0.017,237.50%
1Y,2022-10-01,0.02,0.032,0.086,0.015,-68.00%
1Y,2022-09-01,0.063,0.012,0.08,0.012,489.62%
1Y,2022-08-01,0.011,-0.011,0.051,-0.015,-200.00%
1Y,2022-07-01,-0.011,0.011,0.055,-0.024,-125.67%
1Y,2022-06-01,0.041,-0.013,0.108,-0.034,153.37%
1Y,2022-05-01,0.016,0.02,0.041,-0.021,-18.50%
1Y,2022-04-01,0.02,-0.001,0.034,-0.024,-15.97%
1Y,2022-03-01,0.024,0.021,0.036,-0.024,-576.00%
1Y,2022-02-01,-0.005,-0.009,0.026,-0.024,-43.18%
1Y,2022-01-01,-0.009,-0.009,0.013,-0.032,0.00%
1Y,2021-12-01,-0.009,-0.039,-0.009,-0.051,-82.85%
1Y,2021-11-01,-0.051,-0.03,-0.029,-0.054,63.90%
1Y,2021-10-01,-0.031,-0.029,-0.023,-0.045,8.68%
1Y,2021-09-01,-0.029,-0.054,-0.028,-0.064,-48.85%
1Y,2021-08-01,-0.056,-0.065,-0.047,-0.066,2.36%
1Y,2021-07-01,-0.055,-0.074,-0.046,-0.083,-27.25%
1Y,2021-06-01,-0.076,-0.064,-0.063,-0.085,18.50%
1Y,2021-05-01,-0.064,-0.063,-0.056,-0.069,2.08%
1Y,2021-04-01,-0.063,-0.059,-0.055,-0.069,4.17%
1Y,2021-03-01,-0.06,-0.063,-0.056,-0.078,-2.12%
1Y,2021-02-01,-0.061,-0.087,-0.054,-0.091,-25.70%
1Y,2021-01-01,-0.083,-0.066,-0.066,-0.093,24.43%
1Y,2020-12-01,-0.066,-0.065,-0.065,-0.079,2.00%
1Y,2020-11-01,-0.065,-0.068,-0.063,-0.08,-3.70%
1Y,2020-10-01,-0.068,-0.068,-0.055,-0.076,0.00%
1Y,2020-09-01,-0.068,-0.047,-0.047,-0.074,45.79%
1Y,2020-08-01,-0.046,-0.05,-0.031,-0.061,-7.40%
1Y,2020-07-01,-0.05,-0.032,-0.032,-0.058,59.74%
1Y,2020-06-01,-0.031,-0.031,-0.025,-0.044,-10.57%
1Y,2020-05-01,-0.035,-0.038,-0.038,-0.038,-17.65%
1Y,2020-04-01,-0.043,-0.036,-0.036,-0.036,6.25%
1Y,2020-03-01,-0.04,-0.105,-0.105,-0.105,-64.44%
1Y,2020-02-01,-0.112,-0.024,-0.024,-0.024,428.17%
1Y,2020-01-01,-0.021,-0.005,-0.005,-0.005,326.00%
1Y,2019-12-01,-0.005,-0.034,-0.034,-0.034,-87.11%
1Y,2019-11-01,-0.039,-0.108,-0.108,-0.108,-60.21%
1Y,2019-10-01,-0.097,-0.111,-0.111,-0.111,-19.62%
1Y,2019-09-01,-0.121,-0.1,-0.1,-0.1,19.74%
1Y,2019-08-01,-0.101,-0.068,-0.068,-0.068,24.60%
1Y,2019-07-01,-0.081,-0.079,-0.079,-0.079,-2.98%
1Y,2019-06-01,-0.084,-0.046,-0.046,-0.046,204.73%
1Y,2019-05-01,-0.027,-0.02,-0.02,-0.02,37.50%
1Y,2019-04-01,-0.02,-0.029,-0.029,-0.029,-36.10%
1Y,2019-03-01,-0.031,-0.02,-0.02,-0.02,39.11%
1Y,2019-02-01,-0.023,-0.027,-0.027,-0.027,-5.46%
1Y,2019-01-01,-0.024,-0.011,-0.011,-0.011,110.62%
1Y,2018-12-01,-0.011,-0.013,-0.013,-0.013,126.00%
1Y,2018-11-01,-0.005,0.01,0.01,0.01,-136.23%
1Y,2018-10-01,0.014,0.02,0.02,0.02,-26.60%
1Y,2018-09-01,0.019,0.02,0.02,0.02,-6.00%
1Y,2018-08-01,0.02,0.015,0.015,0.015,76.99%
1Y,2018-07-01,0.011,0.005,0.005,0.005,79.37%
1Y,2018-06-01,0.006,0.019,0.019,0.019,-64.00%
1Y,2018-05-01,0.018,0.018,0.018,0.018,54.87%
1Y,2018-04-01,0.011,0.011,0.011,0.011,-30.67%
1Y,2018-03-01,0.016,0.016,0.016,0.016,117.33%
1Y,2018-02-01,0.007,0.007,0.007,0.007,-42.75%
1Y,2018-01-01,0.013,0.013,0.013,0.013,15.93%
1Y,2017-12-01,0.011,0.011,0.011,0.011,197.37%
1Y,2017-11-01,0.004,0.004,0.004,0.004,-252.00%
1Y,2017-10-01,-0.002,-0.002,-0.002,-0.002,-34.21%
1Y,2017-09-01,-0.004,-0.004,-0.004,-0.004,-66.37%
1Y,2017-08-01,-0.011,-0.011,-0.011,-0.011,-279.37%
1Y,2017-07-01,0.006,0.006,0.006,0.006,-61.35%
1Y,2017-06-01,0.016,0.016,0.016,0.016,-6.86%
1Y,2017-05-01,0.018,0.018,0.018,0.018,54.87%
1Y,2017-04-01,0.011,0.011,0.011,0.011,-63.90%
1Y,2017-03-01,0.031,0.031,0.031,0.031,176.99%
1Y,2017-02-01,0.011,0.011,0.011,0.011,-46.95%
1Y,2017-01-01,0.021,0.021,0.021,0.021,460.53%
1Y,2016-12-01,0.004,0.004,0.004,0.004,-24.00%
1Y,2016-11-01,0.005,0.005,0.005,0.005,-133.33%
1Y,2016-10-01,-0.015,-0.015,-0.015,-0.015,-73.91%
1Y,2016-09-01,-0.058,-0.058,-0.058,-0.058,0.00%
1Y,2016-08-01,-0.058,-0.058,-0.058,-0.058,-13.27%
1Y,2016-07-01,-0.066,-0.066,-0.066,-0.066,-22.00%
1Y,2016-06-01,-0.085,-0.085,-0.085,-0.085,4.55%
1Y,2016-05-01,-0.081,-0.081,-0.081,-0.081,18.17%
1Y,2016-04-01,-0.069,-0.069,-0.069,-0.069,17.01%
1Y,2016-03-01,-0.059,-0.059,-0.059,-0.059,-43.35%
1Y,2016-02-01,-0.104,-0.104,-0.104,-0.104,"1,976.00%"
1Y,2016-01-01,-0.005,-0.005,-0.005,-0.005,-105.33%
1Y,2015-12-01,0.094,0.094,0.094,0.094,2.74%
1Y,2015-11-01,0.091,0.091,0.091,0.091,-3.89%
1Y,2015-10-01,0.095,0.095,0.095,0.095,-7.32%
1Y,2015-09-01,0.102,0.102,0.102,0.102,-7.91%
1Y,2015-08-01,0.111,0.111,0.111,0.111,-6.31%
1Y,2015-07-01,0.119,0.119,0.119,0.119,-8.62%
1Y,2015-06-01,0.13,0.13,0.13,0.13,1.96%
1Y,2015-05-01,0.127,0.127,0.127,0.127,0.95%
1Y,2015-04-01,0.126,0.126,0.126,0.126,-4.68%
1Y,2015-03-01,0.132,0.132,0.132,0.132,11.53%
1Y,2015-02-01,0.119,0.119,0.119,0.119,-3.02%
1Y,2015-01-01,0.123,0.123,0.123,0.123,-1.05%
1Y,2014-12-01,0.124,0.124,0.124,0.124,-4.77%
1Y,2014-11-01,0.13,0.13,0.13,0.13,-9.60%
1Y,2014-10-01,0.144,0.144,0.144,0.144,-6.50%
1Y,2014-09-01,0.154,0.154,0.154,0.154,-8.89%
1Y,2014-08-01,0.169,0.169,0.169,0.169,6.30%
1Y,2014-07-01,0.159,0.159,0.159,0.159,0.83%
1Y,2014-06-01,0.157,0.157,0.157,0.157,-8.06%
1Y,2014-05-01,0.171,0.171,0.171,0.171,0.00%
1Y,2014-04-01,0.171,0.171,0.171,0.171,-2.11%
1Y,2014-03-01,0.175,0.175,0.175,0.175,-2.78%
1Y,2014-02-01,0.18,0.18,0.18,0.18,-2.70%
1Y,2014-01-01,0.185,0.185,0.185,0.185,-0.70%
1Y,2013-12-01,0.186,0.186,0.186,0.186,0.70%
1Y,2013-11-01,0.185,0.185,0.185,0.185,-3.29%
1Y,2013-10-01,0.191,0.191,0.191,0.191,-11.02%
1Y,2013-09-01,0.215,0.215,0.215,0.215,-1.74%
1Y,2013-08-01,0.219,0.219,0.219,0.219,0.00%
1Y,2013-07-01,0.219,0.219,0.219,0.219,-7.87%
1Y,2013-06-01,0.237,0.237,0.237,0.237,1.06%
1Y,2013-05-01,0.235,0.235,0.235,0.235,-1.59%
1Y,2013-04-01,0.239,0.239,0.239,0.239,6.13%
1Y,2013-03-01,0.225,0.225,0.225,0.225,0.54%
1Y,2013-02-01,0.224,0.224,0.224,0.224,-1.63%
1Y,2013-01-01,0.228,0.228,0.228,0.228,-1.09%
1Y,2012-12-01,0.23,0.23,0.23,0.23,-11.94%
1Y,2012-11-01,0.261,0.261,0.261,0.261,-3.72%
1Y,2012-10-01,0.271,0.271,0.271,0.271,-6.45%
1Y,2012-09-01,0.29,0.29,0.29,0.29,-5.54%
1Y,2012-08-01,0.307,0.307,0.307,0.307,1.49%
1Y,2012-07-01,0.303,0.303,0.303,0.303,-6.92%
1Y,2012-06-01,0.325,0.325,0.325,0.325,-2.99%
1Y,2012-05-01,0.335,0.335,0.335,0.335,2.29%
1Y,2012-04-01,0.327,0.327,0.327,0.327,-1.50%
1Y,2012-03-01,0.333,0.333,0.333,0.333,1.13%
1Y,2012-02-01,0.329,0.329,0.329,0.329,-2.23%
1Y,2012-01-01,0.336,0.336,0.336,0.336,-4.24%
1Y,2011-12-01,0.351,0.351,0.351,0.351,-2.80%
1Y,2011-11-01,0.361,0.361,0.361,0.361,9.88%
1Y,2011-10-01,0.329,0.329,0.329,0.329,-0.36%
1Y,2011-09-01,0.33,0.33,0.33,0.33,-4.01%
1Y,2011-08-01,0.344,0.344,0.344,0.344,0.00%
1Y,2011-07-01,0.344,0.344,0.344,0.344,-2.47%
1Y,2011-06-01,0.352,0.352,0.352,0.352,2.92%
1Y,2011-05-01,0.343,0.343,0.343,0.343,-5.65%
1Y,2011-04-01,0.363,0.363,0.363,0.363,4.85%
1Y,2011-03-01,0.346,0.346,0.346,0.346,-4.63%
1Y,2011-02-01,0.363,0.363,0.363,0.363,2.63%
1Y,2011-01-01,0.354,0.354,0.354,0.354,4.03%
1Y,2010-12-01,0.34,0.34,0.34,0.34,-6.59%
1Y,2010-11-01,0.364,0.364,0.364,0.364,-4.21%
1Y,2010-10-01,0.38,0.38,0.38,0.38,-4.28%
1Y,2010-09-01,0.397,0.397,0.397,0.397,-1.00%
1Y,2010-08-01,0.401,0.401,0.401,0.401,-6.31%
1Y,2010-07-01,0.428,0.428,0.428,0.428,-4.25%
1Y,2010-06-01,0.447,0.447,0.447,0.447,-2.61%
20Y,2026-02-01,2.583,2.727,2.774,2.553,-5.21%
20Y,2026-01-01,2.725,2.58,2.927,2.595,4.41%
20Y,2025-12-01,2.61,2.407,2.641,2.406,8.21%
20Y,2025-11-01,2.412,2.2,2.442,2.203,8.70%
20Y,2025-10-01,2.219,2.188,2.324,2.164,0.73%
20Y,2025-09-01,2.203,2.178,2.285,2.155,-0.36%
20Y,2025-08-01,2.211,2.108,2.266,2.074,3.37%
20Y,2025-07-01,2.139,1.941,2.21,1.96,8.58%
20Y,2025-06-01,1.97,1.935,2.011,1.914,0.25%
20Y,2025-05-01,1.965,1.69,2.094,1.699,16.35%
20Y,2025-04-01,1.689,1.831,1.84,1.401,-7.59%
20Y,2025-03-01,1.827,1.755,1.923,1.755,4.20%
20Y,2025-02-01,1.754,1.668,1.83,1.661,5.18%
20Y,2025-01-01,1.668,1.644,1.751,1.624,1.44%
20Y,2024-12-01,1.644,1.612,1.666,1.58,1.94%
20Y,2024-11-01,1.612,1.539,1.644,1.503,4.71%
20Y,2024-10-01,1.54,1.419,1.564,1.381,8.36%
20Y,2024-09-01,1.421,1.433,1.45,1.357,-0.79%
20Y,2024-08-01,1.433,1.492,1.495,1.221,-4.10%
20Y,2024-07-01,1.494,1.586,1.612,1.445,-4.48%
20Y,2024-06-01,1.564,1.616,1.626,1.451,-3.84%
20Y,2024-05-01,1.626,1.499,1.655,1.466,6.99%
20Y,2024-04-01,1.52,1.351,1.554,1.339,12.91%
20Y,2024-03-01,1.346,1.36,1.423,1.308,-0.92%
20Y,2024-02-01,1.359,1.447,1.464,1.319,-5.89%
20Y,2024-01-01,1.444,1.341,1.479,1.224,7.64%
20Y,2023-12-01,1.341,1.423,1.55,1.219,-7.02%
20Y,2023-11-01,1.442,1.676,1.721,1.334,-14.84%
20Y,2023-10-01,1.694,1.469,1.722,1.423,15.32%
20Y,2023-09-01,1.469,1.299,1.507,1.28,8.70%
20Y,2023-08-01,1.351,1.194,1.385,1.166,10.48%
20Y,2023-07-01,1.223,0.991,1.254,0.929,23.07%
20Y,2023-06-01,0.994,1.017,1.032,0.894,-3.64%
20Y,2023-05-01,1.031,0.976,1.077,0.889,5.50%
20Y,2023-04-01,0.978,1.028,1.117,0.933,-5.33%
20Y,2023-03-01,1.033,1.155,1.317,0.855,-13.51%
20Y,2023-02-01,1.194,1.329,1.344,1.156,-10.33%
20Y,2023-01-01,1.331,1.283,1.421,1.194,3.81%
20Y,2022-12-01,1.283,1.071,1.283,1.006,17.12%
20Y,2022-11-01,1.095,1.043,1.17,0.99,4.91%
20Y,2022-10-01,1.044,0.961,1.242,0.918,8.51%
20Y,2022-09-01,0.962,0.844,1.061,0.837,15.46%
20Y,2022-08-01,0.833,0.808,0.881,0.721,4.79%
20Y,2022-07-01,0.795,0.863,0.917,0.769,-10.55%
20Y,2022-06-01,0.889,0.733,0.981,0.724,19.90%
20Y,2022-05-01,0.741,0.684,0.77,0.644,5.52%
20Y,2022-04-01,0.702,0.553,0.78,0.553,22.97%
20Y,2022-03-01,0.571,0.549,0.801,0.488,2.24%
20Y,2022-02-01,0.559,0.47,0.649,0.35,59.66%
20Y,2022-01-01,0.35,0.375,0.446,0.35,-4.45%
20Y,2021-12-01,0.366,0.331,0.366,0.282,22.59%
20Y,2021-11-01,0.299,0.358,0.363,0.296,-17.00%
20Y,2021-10-01,0.36,0.338,0.404,0.306,5.88%
20Y,2021-09-01,0.34,0.268,0.366,0.244,26.49%
20Y,2021-08-01,0.269,0.234,0.274,0.214,6.46%
20Y,2021-07-01,0.252,0.321,0.326,0.188,-22.90%
20Y,2021-06-01,0.327,0.37,0.394,0.28,-12.39%
20Y,2021-05-01,0.374,0.39,0.395,0.338,-5.08%
20Y,2021-04-01,0.394,0.412,0.436,0.334,-5.68%
20Y,2021-03-01,0.417,0.442,0.461,0.321,-9.73%
20Y,2021-02-01,0.463,0.333,0.481,0.298,35.51%
20Y,2021-01-01,0.341,0.285,0.345,0.221,19.75%
20Y,2020-12-01,0.285,0.222,0.287,0.181,15.15%
20Y,2020-11-01,0.248,0.255,0.291,0.175,-13.16%
20Y,2020-10-01,0.285,0.221,0.299,0.195,31.03%
20Y,2020-09-01,0.218,0.262,0.282,0.164,-18.69%
20Y,2020-08-01,0.268,0.14,0.299,0.12,42.67%
20Y,2020-07-01,0.188,0.252,0.298,0.109,-26.84%
20Y,2020-06-01,0.256,0.151,0.327,0.15,23.52%
20Y,2020-05-01,0.207,0.196,0.196,0.196,15.28%
20Y,2020-04-01,0.18,0.119,0.119,0.119,41.18%
20Y,2020-03-01,0.127,0.115,0.115,0.115,121.74%
20Y,2020-02-01,0.058,0.21,0.21,0.21,-71.95%
20Y,2020-01-01,0.205,0.301,0.301,0.301,-31.96%
20Y,2019-12-01,0.301,0.296,0.296,0.296,11.06%
20Y,2019-11-01,0.271,0.191,0.191,0.191,35.65%
20Y,2019-10-01,0.2,0.221,0.221,0.221,-9.62%
20Y,2019-09-01,0.221,0.074,0.074,0.074,139.24%
20Y,2019-08-01,0.093,0.229,0.229,0.229,-63.73%
20Y,2019-07-01,0.255,0.257,0.257,0.257,-11.70%
20Y,2019-06-01,0.289,0.352,0.352,0.352,-21.69%
20Y,2019-05-01,0.369,0.438,0.438,0.438,-15.70%
20Y,2019-04-01,0.438,0.414,0.414,0.414,7.68%
20Y,2019-03-01,0.406,0.498,0.498,0.498,-19.94%
20Y,2019-02-01,0.507,0.476,0.476,0.476,4.10%
20Y,2019-01-01,0.488,0.531,0.531,0.531,-9.50%
20Y,2018-12-01,0.539,0.609,0.609,0.609,-15.67%
20Y,2018-11-01,0.639,0.706,0.706,0.706,-11.89%
20Y,2018-10-01,0.725,0.74,0.74,0.74,-0.86%
20Y,2018-09-01,0.731,0.715,0.715,0.715,3.17%
20Y,2018-08-01,0.709,0.712,0.712,0.712,6.80%
20Y,2018-07-01,0.664,0.576,0.576,0.576,12.24%
20Y,2018-06-01,0.591,0.623,0.623,0.623,-1.86%
20Y,2018-05-01,0.603,0.603,0.603,0.603,-1.23%
20Y,2018-04-01,0.61,0.61,0.61,0.61,-0.41%
20Y,2018-03-01,0.613,0.613,0.613,0.613,-1.81%
20Y,2018-02-01,0.624,0.624,0.624,0.624,-7.76%
20Y,2018-01-01,0.676,0.676,0.676,0.676,-8.92%
20Y,2017-12-01,0.743,0.743,0.743,0.743,2.94%
20Y,2017-11-01,0.721,0.721,0.721,0.721,-0.17%
20Y,2017-10-01,0.723,0.723,0.723,0.723,4.71%
20Y,2017-09-01,0.69,0.69,0.69,0.69,14.52%
20Y,2017-08-01,0.603,0.603,0.603,0.603,-6.78%
20Y,2017-07-01,0.646,0.646,0.646,0.646,1.57%
20Y,2017-06-01,0.636,0.636,0.636,0.636,3.67%
20Y,2017-05-01,0.614,0.614,0.614,0.614,2.73%
20Y,2017-04-01,0.598,0.598,0.598,0.598,-10.49%
20Y,2017-03-01,0.668,0.668,0.668,0.668,-0.37%
20Y,2017-02-01,0.67,0.67,0.67,0.67,-0.37%
20Y,2017-01-01,0.673,0.673,0.673,0.673,5.91%
20Y,2016-12-01,0.635,0.635,0.635,0.635,16.24%
20Y,2016-11-01,0.546,0.546,0.546,0.546,34.89%
20Y,2016-10-01,0.405,0.405,0.405,0.405,14.89%
20Y,2016-09-01,0.352,0.352,0.352,0.352,-2.76%
20Y,2016-08-01,0.363,0.363,0.363,0.363,68.60%
20Y,2016-07-01,0.215,0.215,0.215,0.215,91.11%
20Y,2016-06-01,0.112,0.112,0.112,0.112,-72.65%
20Y,2016-05-01,0.411,0.411,0.411,0.411,-15.72%
20Y,2016-04-01,0.488,0.488,0.488,0.488,0.35%
20Y,2016-03-01,0.486,0.486,0.486,0.486,-21.56%
20Y,2016-02-01,0.62,0.62,0.62,0.62,-25.86%
20Y,2016-01-01,0.836,0.836,0.836,0.836,-15.85%
20Y,2015-12-01,0.994,0.994,0.994,0.994,-5.01%
20Y,2015-11-01,1.046,1.046,1.046,1.046,-4.02%
20Y,2015-10-01,1.09,1.09,1.09,1.09,-2.90%
20Y,2015-09-01,1.122,1.122,1.122,1.122,-4.78%
20Y,2015-08-01,1.179,1.179,1.179,1.179,-1.67%
20Y,2015-07-01,1.199,1.199,1.199,1.199,-3.62%
20Y,2015-06-01,1.244,1.244,1.244,1.244,2.68%
20Y,2015-05-01,1.211,1.211,1.211,1.211,6.25%
20Y,2015-04-01,1.14,1.14,1.14,1.14,0.44%
20Y,2015-03-01,1.135,1.135,1.135,1.135,-0.77%
20Y,2015-02-01,1.144,1.144,1.144,1.144,8.28%
20Y,2015-01-01,1.056,1.056,1.056,1.056,-6.01%
20Y,2014-12-01,1.124,1.124,1.124,1.124,-10.37%
20Y,2014-11-01,1.254,1.254,1.254,1.254,-2.52%
20Y,2014-10-01,1.286,1.286,1.286,1.286,-7.63%
20Y,2014-09-01,1.393,1.393,1.393,1.393,3.05%
20Y,2014-08-01,1.351,1.351,1.351,1.351,-4.92%
20Y,2014-07-01,1.421,1.421,1.421,1.421,-3.16%
20Y,2014-06-01,1.467,1.467,1.467,1.467,-2.41%
20Y,2014-05-01,1.504,1.504,1.504,1.504,-3.06%
20Y,2014-04-01,1.551,1.551,1.551,1.551,-2.59%
20Y,2014-03-01,1.592,1.592,1.592,1.592,2.16%
20Y,2014-02-01,1.559,1.559,1.559,1.559,-0.78%
20Y,2014-01-01,1.571,1.571,1.571,1.571,-6.42%
20Y,2013-12-01,1.679,1.679,1.679,1.679,7.70%
20Y,2013-11-01,1.559,1.559,1.559,1.559,3.57%
20Y,2013-10-01,1.505,1.505,1.505,1.505,-7.24%
20Y,2013-09-01,1.622,1.622,1.622,1.622,-2.70%
20Y,2013-08-01,1.668,1.668,1.668,1.668,-4.51%
20Y,2013-07-01,1.746,1.746,1.746,1.746,3.87%
20Y,2013-06-01,1.681,1.681,1.681,1.681,-2.11%
20Y,2013-05-01,1.717,1.717,1.717,1.717,17.73%
20Y,2013-04-01,1.459,1.459,1.459,1.459,3.28%
20Y,2013-03-01,1.413,1.413,1.413,1.413,-7.61%
20Y,2013-02-01,1.529,1.529,1.529,1.529,-9.81%
20Y,2013-01-01,1.695,1.695,1.695,1.695,0.52%
20Y,2012-12-01,1.686,1.686,1.686,1.686,11.04%
20Y,2012-11-01,1.519,1.519,1.519,1.519,-1.63%
20Y,2012-10-01,1.544,1.544,1.544,1.544,4.31%
20Y,2012-09-01,1.48,1.48,1.48,1.48,-2.31%
20Y,2012-08-01,1.515,1.515,1.515,1.515,4.12%
20Y,2012-07-01,1.455,1.455,1.455,1.455,-5.83%
20Y,2012-06-01,1.545,1.545,1.545,1.545,3.25%
20Y,2012-05-01,1.496,1.496,1.496,1.496,-7.78%
20Y,2012-04-01,1.622,1.622,1.622,1.622,-6.75%
20Y,2012-03-01,1.74,1.74,1.74,1.74,3.03%
20Y,2012-02-01,1.689,1.689,1.689,1.689,3.29%
20Y,2012-01-01,1.635,1.635,1.635,1.635,2.99%
20Y,2011-12-01,1.587,1.587,1.587,1.587,-8.63%
20Y,2011-11-01,1.737,1.737,1.737,1.737,2.13%
20Y,2011-10-01,1.701,1.701,1.701,1.701,2.25%
20Y,2011-09-01,1.664,1.664,1.664,1.664,-3.62%
20Y,2011-08-01,1.726,1.726,1.726,1.726,-2.54%
20Y,2011-07-01,1.771,1.771,1.771,1.771,-4.67%
20Y,2011-06-01,1.858,1.858,1.858,1.858,-2.60%
20Y,2011-05-01,1.908,1.908,1.908,1.908,-4.72%
20Y,2011-04-01,2.002,2.002,2.002,2.002,-0.70%
20Y,2011-03-01,2.016,2.016,2.016,2.016,0.71%
20Y,2011-02-01,2.002,2.002,2.002,2.002,3.73%
20Y,2011-01-01,1.93,1.93,1.93,1.93,6.75%
20Y,2010-12-01,1.808,1.808,1.808,1.808,-5.88%
20Y,2010-11-01,1.921,1.921,1.921,1.921,10.21%
20Y,2010-10-01,1.743,1.743,1.743,1.743,3.14%
20Y,2010-09-01,1.69,1.69,1.69,1.69,0.90%
20Y,2010-08-01,1.675,1.675,1.675,1.675,-4.83%
20Y,2010-07-01,1.76,1.76,1.76,1.76,-3.77%
20Y,2010-06-01,1.829,1.829,1.829,1.829,-9.50%
6Y,2026-02-01,1.669,1.723,1.817,1.642,-3.39%
6Y,2026-01-01,1.728,1.622,1.827,1.615,4.60%
6Y,2025-12-01,1.652,1.384,1.659,1.393,18.17%
6Y,2025-11-01,1.398,1.272,1.418,1.275,8.54%
6Y,2025-10-01,1.288,1.286,1.332,1.21,-1.15%
6Y,2025-09-01,1.303,1.177,1.323,1.133,7.78%
6Y,2025-08-01,1.209,1.118,1.241,1.059,5.50%
6Y,2025-07-01,1.146,0.996,1.191,1.016,11.80%
6Y,2025-06-01,1.025,1.023,1.076,0.988,-2.66%
6Y,2025-05-01,1.053,0.85,1.084,0.846,23.69%
6Y,2025-04-01,0.851,1.13,1.134,0.72,-24.42%
6Y,2025-03-01,1.126,1.077,1.22,1.077,4.65%
6Y,2025-02-01,1.076,0.998,1.163,0.983,7.90%
6Y,2025-01-01,0.998,0.876,0.999,0.876,13.83%
6Y,2024-12-01,0.876,0.864,0.897,0.832,1.45%
6Y,2024-11-01,0.864,0.756,0.89,0.729,13.84%
6Y,2024-10-01,0.759,0.683,0.779,0.641,10.97%
6Y,2024-09-01,0.684,0.694,0.717,0.616,-1.26%
6Y,2024-08-01,0.692,0.781,0.819,0.551,-15.03%
6Y,2024-07-01,0.815,0.775,0.834,0.637,2.84%
6Y,2024-06-01,0.793,0.799,0.844,0.665,-5.93%
6Y,2024-05-01,0.842,0.675,0.848,0.639,16.61%
6Y,2024-04-01,0.723,0.574,0.757,0.571,26.75%
6Y,2024-03-01,0.57,0.595,0.654,0.442,-10.24%
6Y,2024-02-01,0.635,0.616,0.69,0.563,-1.17%
6Y,2024-01-01,0.642,0.589,0.671,0.452,9.12%
6Y,2023-12-01,0.589,0.618,0.754,0.501,-9.94%
6Y,2023-11-01,0.654,0.801,0.865,0.545,-21.59%
6Y,2023-10-01,0.834,0.704,0.856,0.611,18.47%
6Y,2023-09-01,0.704,0.501,0.711,0.494,26.24%
6Y,2023-08-01,0.558,0.444,0.591,0.431,19.40%
6Y,2023-07-01,0.467,0.331,0.504,0.281,32.45%
6Y,2023-06-01,0.352,0.362,0.394,0.254,-10.49%
6Y,2023-05-01,0.394,0.319,0.409,0.284,8.25%
6Y,2023-04-01,0.364,0.389,0.46,0.306,-14.90%
6Y,2023-03-01,0.428,0.511,0.631,0.246,-20.29%
6Y,2023-02-01,0.536,0.559,0.642,0.512,-10.99%
6Y,2023-01-01,0.603,0.71,0.754,0.472,-15.14%
6Y,2022-12-01,0.71,0.381,0.71,0.371,70.55%
6Y,2022-11-01,0.416,0.331,0.434,0.294,25.20%
6Y,2022-10-01,0.333,0.327,0.472,0.285,-6.34%
6Y,2022-09-01,0.355,0.241,0.42,0.24,52.69%
6Y,2022-08-01,0.233,0.161,0.271,0.136,30.99%
6Y,2022-07-01,0.177,0.259,0.298,0.151,-33.35%
6Y,2022-06-01,0.266,0.209,0.468,0.172,29.90%
6Y,2022-05-01,0.205,0.224,0.284,0.164,-14.58%
6Y,2022-04-01,0.24,0.152,0.284,0.152,49.44%
6Y,2022-03-01,0.161,0.123,0.262,0.078,25.96%
6Y,2022-02-01,0.127,0.115,0.185,0.029,23.07%
6Y,2022-01-01,0.104,0.029,0.107,0.02,230.99%
6Y,2021-12-01,0.031,0.013,0.034,-0.006,"-1,352.00%"
6Y,2021-11-01,-0.002,0.044,0.049,-0.004,-105.40%
6Y,2021-10-01,0.046,0.018,0.063,0.001,131.50%
6Y,2021-09-01,0.02,-0.029,0.031,-0.043,-163.90%
6Y,2021-08-01,-0.031,-0.051,-0.02,-0.065,-25.30%
6Y,2021-07-01,-0.042,-0.015,-0.007,-0.066,319.00%
6Y,2021-06-01,-0.01,0.007,0.02,-0.041,-188.50%
6Y,2021-05-01,0.011,0.013,0.023,-0.013,-24.67%
6Y,2021-04-01,0.015,0.02,0.04,-0.019,-36.97%
6Y,2021-03-01,0.024,0.035,0.047,-0.024,-55.76%
6Y,2021-02-01,0.054,-0.045,0.065,-0.056,-248.21%
6Y,2021-01-01,-0.036,-0.038,-0.029,-0.07,-3.20%
6Y,2020-12-01,-0.038,-0.043,-0.027,-0.071,0.00%
6Y,2020-11-01,-0.038,-0.04,-0.021,-0.074,30.21%
6Y,2020-10-01,-0.029,-0.058,-0.026,-0.075,-51.02%
6Y,2020-09-01,-0.059,-0.026,-0.015,-0.085,176.06%
6Y,2020-08-01,-0.021,-0.071,-0.009,-0.08,-57.40%
6Y,2020-07-01,-0.05,-0.025,-0.009,-0.083,185.71%
6Y,2020-06-01,-0.018,-0.068,0.02,-0.075,-61.11%
6Y,2020-05-01,-0.045,-0.094,-0.094,-0.094,-42.89%
6Y,2020-04-01,-0.079,-0.058,-0.058,-0.058,18.85%
6Y,2020-03-01,-0.066,-0.159,-0.159,-0.159,-62.39%
6Y,2020-02-01,-0.176,-0.065,-0.065,-0.065,187.60%
6Y,2020-01-01,-0.061,0.01,0.01,0.01,-713.00%
6Y,2019-12-01,0.01,-0.013,-0.013,-0.013,-128.57%
6Y,2019-11-01,-0.035,-0.116,-0.116,-0.116,-67.44%
6Y,2019-10-01,-0.108,-0.145,-0.145,-0.145,-26.52%
6Y,2019-09-01,-0.146,-0.181,-0.181,-0.181,-9.30%
6Y,2019-08-01,-0.161,-0.112,-0.112,-0.112,59.23%
6Y,2019-07-01,-0.101,-0.109,-0.109,-0.109,-4.70%
6Y,2019-06-01,-0.106,-0.081,-0.081,-0.081,192.84%
6Y,2019-05-01,-0.036,-0.005,-0.005,-0.005,626.00%
6Y,2019-04-01,-0.005,-0.03,-0.03,-0.03,-83.33%
6Y,2019-03-01,-0.03,0.015,0.015,0.015,-340.00%
6Y,2019-02-01,0.013,0.001,0.001,0.001,861.54%
6Y,2019-01-01,0.001,0.024,0.024,0.024,-96.00%
6Y,2018-12-01,0.032,0.07,0.07,0.07,-63.89%
6Y,2018-11-01,0.09,0.142,0.142,0.142,-40.00%
6Y,2018-10-01,0.15,0.18,0.18,0.18,-13.64%
6Y,2018-09-01,0.174,0.161,0.161,0.161,10.29%
6Y,2018-08-01,0.157,0.183,0.183,0.183,15.55%
6Y,2018-07-01,0.136,0.11,0.11,0.11,19.77%
6Y,2018-06-01,0.114,0.13,0.13,0.13,-8.08%
6Y,2018-05-01,0.124,0.124,0.124,0.124,4.21%
6Y,2018-04-01,0.119,0.119,0.119,0.119,-4.96%
6Y,2018-03-01,0.125,0.125,0.125,0.125,-4.80%
6Y,2018-02-01,0.131,0.131,0.131,0.131,-3.67%
6Y,2018-01-01,0.136,0.136,0.136,0.136,13.58%
6Y,2017-12-01,0.12,0.12,0.12,0.12,-1.07%
6Y,2017-11-01,0.121,0.121,0.121,0.121,-2.96%
6Y,2017-10-01,0.125,0.125,0.125,0.125,3.05%
6Y,2017-09-01,0.121,0.121,0.121,0.121,58.98%
6Y,2017-08-01,0.076,0.076,0.076,0.076,-40.16%
6Y,2017-07-01,0.127,0.127,0.127,0.127,2.99%
6Y,2017-06-01,0.124,0.124,0.124,0.124,19.27%
6Y,2017-05-01,0.104,0.104,0.104,0.104,38.40%
6Y,2017-04-01,0.075,0.075,0.075,0.075,-37.50%
6Y,2017-03-01,0.12,0.12,0.12,0.12,26.32%
6Y,2017-02-01,0.095,0.095,0.095,0.095,-17.39%
6Y,2017-01-01,0.115,0.115,0.115,0.115,35.29%
6Y,2016-12-01,0.085,0.085,0.085,0.085,-5.56%
6Y,2016-11-01,0.09,0.09,0.09,0.09,-522.54%
6Y,2016-10-01,-0.021,-0.021,-0.021,-0.021,-76.01%
6Y,2016-09-01,-0.089,-0.089,-0.089,-0.089,61.45%
6Y,2016-08-01,-0.055,-0.055,-0.055,-0.055,-51.11%
6Y,2016-07-01,-0.112,-0.112,-0.112,-0.112,-25.00%
6Y,2016-06-01,-0.15,-0.15,-0.15,-0.15,135.11%
6Y,2016-05-01,-0.064,-0.064,-0.064,-0.064,82.29%
6Y,2016-04-01,-0.035,-0.035,-0.035,-0.035,-12.50%
6Y,2016-03-01,-0.04,-0.04,-0.04,-0.04,-57.36%
6Y,2016-02-01,-0.094,-0.094,-0.094,-0.094,-266.61%
6Y,2016-01-01,0.056,0.056,0.056,0.056,-72.03%
6Y,2015-12-01,0.201,0.201,0.201,0.201,3.23%
6Y,2015-11-01,0.195,0.195,0.195,0.195,-14.29%
6Y,2015-10-01,0.228,0.228,0.228,0.228,-6.19%
6Y,2015-09-01,0.243,0.243,0.243,0.243,-11.43%
6Y,2015-08-01,0.274,0.274,0.274,0.274,-6.39%
6Y,2015-07-01,0.292,0.292,0.292,0.292,-14.92%
6Y,2015-06-01,0.344,0.344,0.344,0.344,16.03%
6Y,2015-05-01,0.296,0.296,0.296,0.296,-4.42%
6Y,2015-04-01,0.31,0.31,0.31,0.31,-4.62%
6Y,2015-03-01,0.325,0.325,0.325,0.325,24.38%
6Y,2015-02-01,0.261,0.261,0.261,0.261,5.02%
6Y,2015-01-01,0.249,0.249,0.249,0.249,0.00%
6Y,2014-12-01,0.249,0.249,0.249,0.249,-10.76%
6Y,2014-11-01,0.279,0.279,0.279,0.279,-0.89%
6Y,2014-10-01,0.281,0.281,0.281,0.281,-11.40%
6Y,2014-09-01,0.317,0.317,0.317,0.317,4.96%
6Y,2014-08-01,0.303,0.303,0.303,0.303,0.40%
6Y,2014-07-01,0.301,0.301,0.301,0.301,-9.38%
6Y,2014-06-01,0.333,0.333,0.333,0.333,-11.92%
6Y,2014-05-01,0.377,0.377,0.377,0.377,-5.34%
6Y,2014-04-01,0.399,0.399,0.399,0.399,-2.73%
6Y,2014-03-01,0.41,0.41,0.41,0.41,5.45%
6Y,2014-02-01,0.389,0.389,0.389,0.389,-3.40%
6Y,2014-01-01,0.403,0.403,0.403,0.403,-16.58%
6Y,2013-12-01,0.482,0.482,0.482,0.482,19.88%
6Y,2013-11-01,0.403,0.403,0.403,0.403,3.87%
6Y,2013-10-01,0.387,0.387,0.387,0.387,-18.42%
6Y,2013-09-01,0.475,0.475,0.475,0.475,-5.94%
6Y,2013-08-01,0.505,0.505,0.505,0.505,-5.16%
6Y,2013-07-01,0.533,0.533,0.533,0.533,-8.97%
6Y,2013-06-01,0.585,0.585,0.585,0.585,-7.87%
6Y,2013-05-01,0.635,0.635,0.635,0.635,45.98%
6Y,2013-04-01,0.435,0.435,0.435,0.435,26.09%
6Y,2013-03-01,0.345,0.345,0.345,0.345,2.37%
6Y,2013-02-01,0.337,0.337,0.337,0.337,-5.34%
6Y,2013-01-01,0.356,0.356,0.356,0.356,-4.04%
6Y,2012-12-01,0.371,0.371,0.371,0.371,10.75%
6Y,2012-11-01,0.335,0.335,0.335,0.335,-10.95%
6Y,2012-10-01,0.376,0.376,0.376,0.376,-1.65%
6Y,2012-09-01,0.382,0.382,0.382,0.382,-9.14%
6Y,2012-08-01,0.421,0.421,0.421,0.421,6.58%
6Y,2012-07-01,0.395,0.395,0.395,0.395,-12.71%
6Y,2012-06-01,0.452,0.452,0.452,0.452,-2.69%
6Y,2012-05-01,0.465,0.465,0.465,0.465,-5.10%
6Y,2012-04-01,0.49,0.49,0.49,0.49,-13.09%
6Y,2012-03-01,0.564,0.564,0.564,0.564,7.39%
6Y,2012-02-01,0.525,0.525,0.525,0.525,0.38%
6Y,2012-01-01,0.523,0.523,0.523,0.523,-3.68%
6Y,2011-12-01,0.543,0.543,0.543,0.543,-12.94%
6Y,2011-11-01,0.624,0.624,0.624,0.624,12.64%
6Y,2011-10-01,0.554,0.554,0.554,0.554,-1.13%
6Y,2011-09-01,0.56,0.56,0.56,0.56,3.95%
6Y,2011-08-01,0.539,0.539,0.539,0.539,-6.52%
6Y,2011-07-01,0.576,0.576,0.576,0.576,-12.19%
6Y,2011-06-01,0.656,0.656,0.656,0.656,-2.22%
6Y,2011-05-01,0.671,0.671,0.671,0.671,-2.91%
6Y,2011-04-01,0.691,0.691,0.691,0.691,-6.42%
6Y,2011-03-01,0.739,0.739,0.739,0.739,-7.89%
6Y,2011-02-01,0.802,0.802,0.802,0.802,7.80%
6Y,2011-01-01,0.744,0.744,0.744,0.744,11.88%
6Y,2010-12-01,0.665,0.665,0.665,0.665,-5.94%
6Y,2010-11-01,0.707,0.707,0.707,0.707,29.96%
6Y,2010-10-01,0.544,0.544,0.544,0.544,-2.51%
6Y,2010-09-01,0.558,0.558,0.558,0.558,-4.62%
6Y,2010-08-01,0.585,0.585,0.585,0.585,-10.82%
6Y,2010-07-01,0.656,0.656,0.656,0.656,-5.34%
6Y,2010-06-01,0.693,0.693,0.693,0.693,-12.39%
7Y,2026-02-01,1.743,1.807,1.899,1.713,-3.79%
7Y,2026-01-01,1.812,1.702,1.923,1.693,4.62%
7Y,2025-12-01,1.732,1.463,1.736,1.464,18.06%
7Y,2025-11-01,1.467,1.335,1.493,1.338,8.27%
7Y,2025-10-01,1.355,1.35,1.397,1.27,-0.81%
7Y,2025-09-01,1.366,1.249,1.386,1.2,7.05%
7Y,2025-08-01,1.276,1.181,1.309,1.123,5.19%
7Y,2025-07-01,1.213,1.053,1.256,1.074,11.90%
7Y,2025-06-01,1.084,1.083,1.141,1.044,-2.61%
7Y,2025-05-01,1.113,0.9,1.158,0.896,23.49%
7Y,2025-04-01,0.901,1.18,1.186,0.76,-23.46%
7Y,2025-03-01,1.178,1.128,1.274,1.128,4.43%
7Y,2025-02-01,1.128,1.045,1.215,1.029,7.89%
7Y,2025-01-01,1.045,0.928,1.046,0.928,12.67%
7Y,2024-12-01,0.928,0.909,0.95,0.882,2.06%
7Y,2024-11-01,0.909,0.813,0.941,0.779,11.67%
7Y,2024-10-01,0.814,0.733,0.837,0.695,10.72%
7Y,2024-09-01,0.735,0.754,0.775,0.67,-2.49%
7Y,2024-08-01,0.754,0.871,0.873,0.627,-13.60%
7Y,2024-07-01,0.873,0.873,0.911,0.796,0.00%
7Y,2024-06-01,0.873,0.92,0.92,0.771,-5.16%
7Y,2024-05-01,0.92,0.804,0.925,0.761,14.29%
7Y,2024-04-01,0.805,0.684,0.841,0.684,17.52%
7Y,2024-03-01,0.685,0.714,0.729,0.669,-3.86%
7Y,2024-02-01,0.712,0.731,0.776,0.686,-2.73%
7Y,2024-01-01,0.733,0.676,0.764,0.574,8.31%
7Y,2023-12-01,0.676,0.744,0.846,0.616,-8.92%
7Y,2023-11-01,0.743,0.905,0.971,0.69,-21.22%
7Y,2023-10-01,0.942,0.795,0.965,0.724,18.55%
7Y,2023-09-01,0.795,0.617,0.803,0.608,22.06%
7Y,2023-08-01,0.651,0.563,0.685,0.549,16.03%
7Y,2023-07-01,0.561,0.407,0.6,0.377,31.30%
7Y,2023-06-01,0.428,0.442,0.475,0.354,-10.00%
7Y,2023-05-01,0.475,0.413,0.486,0.378,7.95%
7Y,2023-04-01,0.44,0.464,0.548,0.407,-12.23%
7Y,2023-03-01,0.501,0.624,0.734,0.336,-25.46%
7Y,2023-02-01,0.673,0.656,0.738,0.621,-3.58%
7Y,2023-01-01,0.697,0.781,0.853,0.553,-10.73%
7Y,2022-12-01,0.781,0.448,0.781,0.438,60.66%
7Y,2022-11-01,0.486,0.398,0.51,0.357,21.57%
7Y,2022-10-01,0.4,0.384,0.545,0.339,-3.33%
7Y,2022-09-01,0.414,0.291,0.475,0.29,47.47%
7Y,2022-08-01,0.281,0.205,0.32,0.177,28.24%
7Y,2022-07-01,0.219,0.319,0.356,0.191,-39.22%
7Y,2022-06-01,0.36,0.256,0.524,0.223,31.48%
7Y,2022-05-01,0.274,0.287,0.331,0.204,-4.77%
7Y,2022-04-01,0.287,0.183,0.339,0.183,50.29%
7Y,2022-03-01,0.191,0.151,0.309,0.102,18.60%
7Y,2022-02-01,0.161,0.139,0.215,0.044,29.14%
7Y,2022-01-01,0.125,0.044,0.129,0.044,169.76%
7Y,2021-12-01,0.046,0.027,0.049,0.006,309.73%
7Y,2021-11-01,0.011,0.059,0.064,0.01,-81.92%
7Y,2021-10-01,0.063,0.032,0.081,0.016,78.57%
7Y,2021-09-01,0.035,-0.018,0.05,-0.031,-275.00%
7Y,2021-08-01,-0.02,-0.041,-0.007,-0.056,-33.33%
7Y,2021-07-01,-0.03,0.002,0.007,-0.059,-576.19%
7Y,2021-06-01,0.006,0.029,0.043,-0.029,-80.62%
7Y,2021-05-01,0.032,0.036,0.045,0.009,-16.24%
7Y,2021-04-01,0.039,0.047,0.068,0.002,-24.37%
7Y,2021-03-01,0.051,0.064,0.076,-0.001,-38.78%
7Y,2021-02-01,0.084,-0.026,0.095,-0.038,-578.86%
7Y,2021-01-01,-0.018,-0.023,-0.011,-0.054,-22.22%
7Y,2020-12-01,-0.023,-0.034,-0.014,-0.063,-5.46%
7Y,2020-11-01,-0.024,-0.025,-0.004,-0.064,90.40%
7Y,2020-10-01,-0.013,-0.044,-0.01,-0.061,-72.22%
7Y,2020-09-01,-0.045,-0.011,-0.001,-0.074,800.00%
7Y,2020-08-01,-0.005,-0.063,0.007,-0.078,-87.11%
7Y,2020-07-01,-0.039,-0.01,0.007,-0.08,"1,452.00%"
7Y,2020-06-01,-0.002,-0.059,0.041,-0.074,-92.01%
7Y,2020-05-01,-0.031,-0.087,-0.087,-0.087,-52.79%
7Y,2020-04-01,-0.066,-0.044,-0.044,-0.044,23.23%
7Y,2020-03-01,-0.054,-0.161,-0.161,-0.161,-67.88%
7Y,2020-02-01,-0.168,-0.009,-0.009,-0.009,235.00%
7Y,2020-01-01,-0.05,0.029,0.029,0.029,-273.61%
7Y,2019-12-01,0.029,-0.035,-0.035,-0.035,-276.69%
7Y,2019-11-01,-0.016,-0.097,-0.097,-0.097,-81.37%
7Y,2019-10-01,-0.087,-0.112,-0.112,-0.112,-28.57%
7Y,2019-09-01,-0.123,-0.169,-0.169,-0.169,-18.33%
7Y,2019-08-01,-0.15,-0.095,-0.095,-0.095,84.50%
7Y,2019-07-01,-0.081,-0.072,-0.072,-0.072,0.00%
7Y,2019-06-01,-0.081,-0.047,-0.047,-0.047,489.13%
7Y,2019-05-01,-0.014,0.021,0.021,0.021,-164.79%
7Y,2019-04-01,0.021,-0.002,-0.002,-0.002,-952.00%
7Y,2019-03-01,-0.002,0.049,0.049,0.049,-105.56%
7Y,2019-02-01,0.045,0.029,0.029,0.029,71.10%
7Y,2019-01-01,0.026,0.05,0.05,0.05,-55.27%
7Y,2018-12-01,0.059,0.086,0.086,0.086,-51.53%
7Y,2018-11-01,0.121,0.18,0.18,0.18,-35.75%
7Y,2018-10-01,0.189,0.222,0.222,0.222,-12.19%
7Y,2018-09-01,0.215,0.204,0.204,0.204,9.53%
7Y,2018-08-01,0.196,0.198,0.198,0.198,13.80%
7Y,2018-07-01,0.172,0.135,0.135,0.135,19.96%
7Y,2018-06-01,0.144,0.16,0.16,0.16,-4.96%
7Y,2018-05-01,0.151,0.151,0.151,0.151,2.16%
7Y,2018-04-01,0.148,0.148,0.148,0.148,3.93%
7Y,2018-03-01,0.142,0.142,0.142,0.142,-11.66%
7Y,2018-02-01,0.161,0.161,0.161,0.161,-9.79%
7Y,2018-01-01,0.179,0.179,0.179,0.179,1.42%
7Y,2017-12-01,0.176,0.176,0.176,0.176,17.53%
7Y,2017-11-01,0.15,0.15,0.15,0.15,-2.47%
7Y,2017-10-01,0.154,0.154,0.154,0.154,-0.77%
7Y,2017-09-01,0.155,0.155,0.155,0.155,53.01%
7Y,2017-08-01,0.101,0.101,0.101,0.101,-35.19%
7Y,2017-07-01,0.156,0.156,0.156,0.156,1.63%
7Y,2017-06-01,0.154,0.154,0.154,0.154,18.31%
7Y,2017-05-01,0.13,0.13,0.13,0.13,31.58%
7Y,2017-04-01,0.099,0.099,0.099,0.099,-33.02%
7Y,2017-03-01,0.147,0.147,0.147,0.147,19.14%
7Y,2017-02-01,0.124,0.124,0.124,0.124,-13.91%
7Y,2017-01-01,0.144,0.144,0.144,0.144,29.20%
7Y,2016-12-01,0.111,0.111,0.111,0.111,0.00%
7Y,2016-11-01,0.111,0.111,0.111,0.111,"-3,028.95%"
7Y,2016-10-01,-0.004,-0.004,-0.004,-0.004,-94.04%
7Y,2016-09-01,-0.064,-0.064,-0.064,-0.064,132.00%
7Y,2016-08-01,-0.027,-0.027,-0.027,-0.027,-71.05%
7Y,2016-07-01,-0.095,-0.095,-0.095,-0.095,-26.24%
7Y,2016-06-01,-0.129,-0.129,-0.129,-0.129,415.20%
7Y,2016-05-01,-0.025,-0.025,-0.025,-0.025,-384.09%
7Y,2016-04-01,0.009,0.009,0.009,0.009,76.00%
7Y,2016-03-01,0.005,0.005,0.005,0.005,-111.11%
7Y,2016-02-01,-0.045,-0.045,-0.045,-0.045,-143.90%
7Y,2016-01-01,0.102,0.102,0.102,0.102,-58.80%
7Y,2015-12-01,0.249,0.249,0.249,0.249,-0.48%
7Y,2015-11-01,0.25,0.25,0.25,0.25,-12.68%
7Y,2015-10-01,0.286,0.286,0.286,0.286,-4.98%
7Y,2015-09-01,0.301,0.301,0.301,0.301,-11.07%
7Y,2015-08-01,0.339,0.339,0.339,0.339,-4.91%
7Y,2015-07-01,0.356,0.356,0.356,0.356,-14.14%
7Y,2015-06-01,0.415,0.415,0.415,0.415,14.86%
7Y,2015-05-01,0.361,0.361,0.361,0.361,-2.69%
7Y,2015-04-01,0.371,0.371,0.371,0.371,-3.56%
7Y,2015-03-01,0.385,0.385,0.385,0.385,21.76%
7Y,2015-02-01,0.316,0.316,0.316,0.316,5.82%
7Y,2015-01-01,0.299,0.299,0.299,0.299,-2.45%
7Y,2014-12-01,0.306,0.306,0.306,0.306,-11.55%
7Y,2014-11-01,0.346,0.346,0.346,0.346,-1.76%
7Y,2014-10-01,0.352,0.352,0.352,0.352,-10.19%
7Y,2014-09-01,0.393,0.393,0.393,0.393,6.43%
7Y,2014-08-01,0.369,0.369,0.369,0.369,-2.95%
7Y,2014-07-01,0.38,0.38,0.38,0.38,-9.26%
7Y,2014-06-01,0.419,0.419,0.419,0.419,-9.21%
7Y,2014-05-01,0.461,0.461,0.461,0.461,-6.34%
7Y,2014-04-01,0.493,0.493,0.493,0.493,-3.68%
7Y,2014-03-01,0.511,0.511,0.511,0.511,5.68%
7Y,2014-02-01,0.484,0.484,0.484,0.484,-3.24%
7Y,2014-01-01,0.5,0.5,0.5,0.5,-16.14%
7Y,2013-12-01,0.596,0.596,0.596,0.596,21.06%
7Y,2013-11-01,0.493,0.493,0.493,0.493,5.91%
7Y,2013-10-01,0.465,0.465,0.465,0.465,-17.70%
7Y,2013-09-01,0.565,0.565,0.565,0.565,-6.61%
7Y,2013-08-01,0.605,0.605,0.605,0.605,-6.56%
7Y,2013-07-01,0.647,0.647,0.647,0.647,-9.92%
7Y,2013-06-01,0.719,0.719,0.719,0.719,-2.86%
7Y,2013-05-01,0.74,0.74,0.74,0.74,47.26%
7Y,2013-04-01,0.502,0.502,0.502,0.502,20.36%
7Y,2013-03-01,0.417,0.417,0.417,0.417,-1.30%
7Y,2013-02-01,0.423,0.423,0.423,0.423,-6.83%
7Y,2013-01-01,0.454,0.454,0.454,0.454,-4.62%
7Y,2012-12-01,0.476,0.476,0.476,0.476,14.70%
7Y,2012-11-01,0.415,0.415,0.415,0.415,-10.27%
7Y,2012-10-01,0.463,0.463,0.463,0.463,0.00%
7Y,2012-09-01,0.463,0.463,0.463,0.463,-7.87%
7Y,2012-08-01,0.502,0.502,0.502,0.502,4.15%
7Y,2012-07-01,0.482,0.482,0.482,0.482,-9.48%
7Y,2012-06-01,0.533,0.533,0.533,0.533,-2.51%
7Y,2012-05-01,0.546,0.546,0.546,0.546,-6.63%
7Y,2012-04-01,0.585,0.585,0.585,0.585,-13.17%
7Y,2012-03-01,0.674,0.674,0.674,0.674,6.94%
7Y,2012-02-01,0.63,0.63,0.63,0.63,1.12%
7Y,2012-01-01,0.623,0.623,0.623,0.623,-3.11%
7Y,2011-12-01,0.643,0.643,0.643,0.643,-12.06%
7Y,2011-11-01,0.731,0.731,0.731,0.731,10.17%
7Y,2011-10-01,0.664,0.664,0.664,0.664,-0.38%
7Y,2011-09-01,0.666,0.666,0.666,0.666,2.29%
7Y,2011-08-01,0.651,0.651,0.651,0.651,-5.61%
7Y,2011-07-01,0.69,0.69,0.69,0.69,-11.54%
7Y,2011-06-01,0.78,0.78,0.78,0.78,-2.65%
7Y,2011-05-01,0.801,0.801,0.801,0.801,-2.45%
7Y,2011-04-01,0.821,0.821,0.821,0.821,-6.54%
7Y,2011-03-01,0.879,0.879,0.879,0.879,-6.21%
7Y,2011-02-01,0.937,0.937,0.937,0.937,7.21%
7Y,2011-01-01,0.874,0.874,0.874,0.874,10.21%
7Y,2010-12-01,0.793,0.793,0.793,0.793,-5.60%
7Y,2010-11-01,0.84,0.84,0.84,0.84,30.84%
7Y,2010-10-01,0.642,0.642,0.642,0.642,-2.43%
7Y,2010-09-01,0.658,0.658,0.658,0.658,-4.29%
7Y,2010-08-01,0.688,0.688,0.688,0.688,-9.66%
7Y,2010-07-01,0.761,0.761,0.761,0.761,-4.88%
7Y,2010-06-01,0.8,0.8,0.8,0.8,-13.04%
